Timestamp,Sample,Ciclo,Fase,TIVA Voltage (V),TIVA Voltage w/FPB(V),KEITHLEY Voltage (V),TIVA Temp (C),Alicat Presion (kPA),Alicat Setpoint (kPA),Setpoint Enviado (kPA)
15:29:29,1,1,subida,-0.007394,-0.007393,-0.007391,15.470000,0.0,0.001,0.0
15:29:29,2,1,subida,-0.007394,-0.007393,-0.007388,15.470000,0.0,0.001,0.0
15:29:29,3,1,subida,-0.007393,-0.007393,-0.007390,15.470000,0.0,0.001,0.0
15:29:29,4,1,subida,-0.007394,-0.007393,-0.007390,15.470000,0.0,0.001,0.0
15:29:29,5,1,subida,-0.007395,-0.007393,-0.007390,15.470000,0.0,0.0,0.0
15:29:29,6,1,subida,-0.007395,-0.007393,-0.007390,15.470000,0.0,0.001,0.0
15:29:29,7,1,subida,-0.007394,-0.007393,-0.007390,15.470000,0.0,0.001,0.0
15:29:29,8,1,subida,-0.007394,-0.007393,-0.007390,15.470000,0.0,0.001,0.0
15:29:29,9,1,subida,-0.007393,-0.007393,-0.007389,15.470000,0.0,0.001,0.0
15:29:29,10,1,subida,-0.007394,-0.007393,-0.007390,15.470000,0.0,0.001,0.0
15:29:29,11,1,subida,-0.007395,-0.007394,-0.007389,15.470000,0.0,0.001,0.0
15:29:29,12,1,subida,-0.007395,-0.007394,-0.007388,15.470000,0.0,0.001,0.0
15:29:29,13,1,subida,-0.007395,-0.007394,-0.007389,15.470000,0.0,0.001,0.0
15:29:29,14,1,subida,-0.007395,-0.007394,-0.007391,15.470000,0.0,0.001,0.0
15:29:29,15,1,subida,-0.007394,-0.007394,-0.007389,15.470000,0.0,0.001,0.0
15:29:30,16,1,subida,-0.007394,-0.007394,-0.007390,15.470000,0.0,0.0,0.0
15:29:30,17,1,subida,-0.007395,-0.007394,-0.007392,15.470000,0.0,0.001,0.0
15:29:30,18,1,subida,-0.007395,-0.007394,-0.007388,15.470000,0.0,0.001,0.0
15:29:30,19,1,subida,-0.007395,-0.007394,-0.007389,15.470000,0.0,0.0,0.0
15:29:30,20,1,subida,-0.007394,-0.007394,-0.007389,15.470000,0.0,0.001,0.0
15:29:30,21,1,subida,-0.007394,-0.007394,-0.007391,15.470000,0.0,0.0,0.0
15:29:30,22,1,subida,-0.007393,-0.007394,-0.007393,15.470000,0.0,0.0,0.0
15:29:30,23,1,subida,-0.007392,-0.007394,-0.007392,15.470000,0.0,0.0,0.0
15:29:30,24,1,subida,-0.007392,-0.007394,-0.007391,15.470000,0.0,0.001,0.0
15:29:30,25,1,subida,-0.007393,-0.007394,-0.007389,15.470000,0.0,0.001,0.0
15:29:30,26,1,subida,-0.007393,-0.007394,-0.007388,15.470000,0.0,0.001,0.0
15:29:30,27,1,subida,-0.007393,-0.007394,-0.007388,15.470000,0.0,0.0,0.0
15:29:30,28,1,subida,-0.007393,-0.007393,-0.007389,15.470000,0.0,0.001,0.0
15:29:30,29,1,subida,-0.007392,-0.007393,-0.007387,15.470000,0.0,0.0,0.0
15:29:30,30,1,subida,-0.007392,-0.007393,-0.007388,15.470000,0.0,0.001,0.0
15:29:30,31,1,subida,-0.007394,-0.007393,-0.007387,15.470000,0.001,0.0,0.0
15:29:31,32,1,subida,-0.007394,-0.007393,-0.007389,15.470000,0.0,0.001,0.0
15:29:31,33,1,subida,-0.007393,-0.007393,-0.007389,15.470000,0.001,0.0,0.0
15:29:31,34,1,subida,-0.007393,-0.007393,-0.007387,15.470000,0.0,0.001,0.0
15:29:31,35,1,subida,-0.007391,-0.007393,-0.007386,15.470000,0.0,0.001,0.0
15:29:31,36,1,subida,-0.007391,-0.007393,-0.007387,15.470000,0.0,0.0,0.0
15:29:31,37,1,subida,-0.007392,-0.007393,-0.007387,15.470000,0.0,0.001,0.0
15:29:31,38,1,subida,-0.007393,-0.007393,-0.007387,15.470000,0.0,0.001,0.0
15:29:31,39,1,subida,-0.007393,-0.007393,-0.007387,15.470000,0.0,0.001,0.0
15:29:31,40,1,subida,-0.007393,-0.007393,-0.007388,15.470000,0.0,0.001,0.0
15:29:31,41,1,subida,-0.007392,-0.007393,-0.007387,15.470000,0.0,0.0,0.0
15:29:31,42,1,subida,-0.007391,-0.007393,-0.007388,15.470000,0.0,0.0,0.0
15:29:31,43,1,subida,-0.007391,-0.007392,-0.007388,15.470000,0.0,0.001,0.0
15:29:31,44,1,subida,-0.007392,-0.007392,-0.007387,15.470000,0.0,0.001,0.0
15:29:31,45,1,subida,-0.007393,-0.007393,-0.007386,15.470000,0.0,0.001,0.0
15:29:31,46,1,subida,-0.007392,-0.007392,-0.007388,15.470000,0.0,0.001,0.0
15:29:31,47,1,subida,-0.007392,-0.007392,-0.007386,15.470000,0.0,0.001,0.0
15:29:31,48,1,subida,-0.007393,-0.007393,-0.007388,15.470000,0.0,0.001,0.0
15:29:31,49,1,subida,-0.007395,-0.007393,-0.007387,15.470000,0.0,0.0,0.0
15:29:31,50,1,subida,-0.007396,-0.007393,-0.007389,15.470000,0.0,0.001,0.0
15:29:31,51,1,subida,-0.007395,-0.007393,-0.007391,15.470000,0.0,0.0,0.0
15:29:32,52,1,subida,-0.007393,-0.007393,-0.007389,15.470000,0.0,0.001,0.0
15:29:32,53,1,subida,-0.007392,-0.007393,-0.007387,15.470000,0.0,0.0,0.0
15:29:32,54,1,subida,-0.007390,-0.007393,-0.007387,15.470000,0.0,0.001,0.0
15:29:32,55,1,subida,-0.007390,-0.007393,-0.007391,15.470000,0.0,0.001,0.0
15:29:32,56,1,subida,-0.007391,-0.007392,-0.007390,15.470000,0.0,0.001,0.0
15:29:32,57,1,subida,-0.007390,-0.007392,-0.007391,15.470000,0.001,0.0,0.0
15:29:32,58,1,subida,-0.007390,-0.007392,-0.007390,15.470000,0.0,0.001,0.0
15:29:32,59,1,subida,-0.007390,-0.007392,-0.007388,15.470000,0.0,0.0,0.0
15:29:32,60,1,subida,-0.007391,-0.007392,-0.007390,15.470000,0.0,0.001,0.0
15:29:32,61,1,subida,-0.007391,-0.007392,-0.007386,15.470000,0.0,0.0,0.0
15:29:32,62,1,subida,-0.007390,-0.007391,-0.007387,15.470000,0.0,0.0,0.0
15:29:32,63,1,subida,-0.007389,-0.007391,-0.007388,15.470000,0.0,0.0,0.0
15:29:32,64,1,subida,-0.007389,-0.007391,-0.007386,15.470000,0.0,0.001,0.0
15:29:32,65,1,subida,-0.007389,-0.007391,-0.007385,15.470000,0.0,0.001,0.0
15:29:32,66,1,subida,-0.007389,-0.007391,-0.007388,15.470000,0.0,0.001,0.0
15:29:32,67,1,subida,-0.007389,-0.007390,-0.007388,15.470000,0.0,0.001,0.0
15:29:32,68,1,subida,-0.007390,-0.007390,-0.007389,15.470000,0.0,0.001,0.0
15:29:32,69,1,subida,-0.007390,-0.007390,-0.007391,15.470000,0.0,0.0,0.0
15:29:32,70,1,subida,-0.007390,-0.007390,-0.007391,15.470000,0.0,0.001,0.0
15:29:32,71,1,subida,-0.007390,-0.007390,-0.007392,15.470000,0.0,0.0,0.0
15:29:33,72,1,subida,-0.007389,-0.007390,-0.007391,15.470000,0.0,0.001,0.0
15:29:33,73,1,subida,-0.007389,-0.007390,-0.007391,15.470000,0.0,0.0,0.0
15:29:33,74,1,subida,-0.007389,-0.007390,-0.007389,15.470000,0.001,0.0,0.0
15:29:33,75,1,subida,-0.007389,-0.007390,-0.007388,15.470000,0.0,0.001,0.0
15:29:33,76,1,subida,-0.007389,-0.007390,-0.007388,15.470000,0.0,0.0,0.0
15:29:33,77,1,subida,-0.007390,-0.007390,-0.007388,15.470000,0.0,0.0,0.0
15:29:33,78,1,subida,-0.007392,-0.007390,-0.007387,15.470000,0.0,0.001,0.0
15:29:33,79,1,subida,-0.007392,-0.007390,-0.007387,15.470000,0.0,0.001,0.0
15:29:33,80,1,subida,-0.007390,-0.007390,-0.007386,15.470000,0.0,0.001,0.0
15:29:33,81,1,subida,-0.007390,-0.007390,-0.007383,15.470000,0.0,0.001,0.0
15:29:33,82,1,subida,-0.007391,-0.007390,-0.007386,15.470000,0.0,0.001,0.0
15:29:33,83,1,subida,-0.007393,-0.007390,-0.007385,15.470000,0.0,0.001,0.0
15:29:33,84,1,subida,-0.007393,-0.007391,-0.007383,15.470000,0.0,0.0,0.0
15:29:33,85,1,subida,-0.007392,-0.007391,-0.007386,15.470000,0.0,0.001,0.0
15:29:33,86,1,subida,-0.007391,-0.007391,-0.007388,15.470000,0.0,0.001,0.0
15:29:33,87,1,subida,-0.007390,-0.007391,-0.007385,15.470000,0.0,0.001,0.0
15:29:33,88,1,subida,-0.007391,-0.007391,-0.007386,15.470000,0.0,0.001,0.0
15:29:34,89,1,subida,-0.007390,-0.007391,-0.007387,15.470000,0.0,0.001,0.0
15:29:34,90,1,subida,-0.007389,-0.007391,-0.007385,15.470000,0.0,0.001,0.0
15:29:34,91,1,subida,-0.007389,-0.007390,-0.007385,15.470000,0.0,0.001,0.0
15:29:34,92,1,subida,-0.007389,-0.007390,-0.007389,15.470000,0.0,0.001,0.0
15:29:34,93,1,subida,-0.007388,-0.007390,-0.007389,15.470000,0.0,0.001,0.0
15:29:34,94,1,subida,-0.007388,-0.007390,-0.007388,15.470000,0.0,0.001,0.0
15:29:34,95,1,subida,-0.007390,-0.007390,-0.007388,15.470000,0.0,0.001,0.0
15:29:34,96,1,subida,-0.007392,-0.007390,-0.007387,15.470000,0.0,0.001,0.0
15:29:34,97,1,subida,-0.007393,-0.007390,-0.007390,15.470000,0.0,0.001,0.0
15:29:34,98,1,subida,-0.007393,-0.007391,-0.007389,15.470000,0.001,0.0,0.0
15:29:34,99,1,subida,-0.007393,-0.007391,-0.007388,15.470000,0.0,0.001,0.0
15:29:34,100,1,subida,-0.007393,-0.007391,-0.007388,15.470000,0.0,0.001,0.0
15:29:34,101,1,subida,-0.007391,-0.007391,-0.007388,15.470000,0.0,0.001,0.0
15:29:34,102,1,subida,-0.007391,-0.007391,-0.007386,15.470000,0.0,0.001,0.0
15:29:34,103,1,subida,-0.007390,-0.007391,-0.007387,15.470000,0.0,0.001,0.0
15:29:34,104,1,subida,-0.007390,-0.007391,-0.007390,15.470000,0.0,0.001,0.0
15:29:35,105,1,subida,-0.007389,-0.007391,-0.007391,15.470000,0.0,0.001,0.0
15:29:35,106,1,subida,-0.007389,-0.007391,-0.007391,15.470000,0.001,0.0,0.0
15:29:35,107,1,subida,-0.007388,-0.007390,-0.007390,15.470000,0.0,0.001,0.0
15:29:35,108,1,subida,-0.007387,-0.007390,-0.007390,15.470000,0.0,0.0,0.0
15:29:35,109,1,subida,-0.007388,-0.007390,-0.007391,15.470000,0.0,0.001,0.0
15:29:35,110,1,subida,-0.007388,-0.007390,-0.007391,15.470000,0.0,0.001,0.0
15:29:35,111,1,subida,-0.007388,-0.007389,-0.007391,15.470000,0.0,0.001,0.0
15:29:35,112,1,subida,-0.007387,-0.007389,-0.007392,15.470000,0.0,0.001,0.0
15:29:35,113,1,subida,-0.007387,-0.007389,-0.007391,15.470000,0.0,0.0,0.0
15:29:35,114,1,subida,-0.007389,-0.007389,-0.007393,15.470000,0.0,0.001,0.0
15:29:35,115,1,subida,-0.007390,-0.007389,-0.007394,15.470000,0.0,0.001,0.0
15:29:35,116,1,subida,-0.007388,-0.007389,-0.007392,15.470000,0.0,0.001,0.0
15:29:35,117,1,subida,-0.007387,-0.007389,-0.007390,15.470000,0.0,0.001,0.0
15:29:35,118,1,subida,-0.007387,-0.007389,-0.007388,15.470000,0.0,0.001,0.0
15:29:35,119,1,subida,-0.007389,-0.007389,-0.007387,15.470000,0.0,0.0,0.0
15:29:35,120,1,subida,-0.007389,-0.007389,-0.007387,15.470000,0.0,0.0,0.0
15:29:35,121,1,subida,-0.007388,-0.007389,-0.007388,15.470000,0.0,0.001,0.0
15:29:35,122,1,subida,-0.007388,-0.007389,-0.007389,15.470000,0.0,0.001,0.0
15:29:35,123,1,subida,-0.007390,-0.007389,-0.007389,15.470000,0.0,0.0,0.0
15:29:36,124,1,subida,-0.007391,-0.007389,-0.007390,15.470000,0.0,0.001,0.0
15:29:36,125,1,subida,-0.007390,-0.007389,-0.007391,15.470000,0.0,0.001,0.0
15:29:36,126,1,subida,-0.007390,-0.007389,-0.007390,15.470000,0.0,0.0,0.0
15:29:36,127,1,subida,-0.007389,-0.007389,-0.007389,15.470000,0.0,0.0,0.0
15:29:36,128,1,subida,-0.007391,-0.007389,-0.007390,15.470000,0.0,0.001,0.0
15:29:36,129,1,subida,-0.007392,-0.007390,-0.007388,15.470000,0.0,0.001,0.0
15:29:36,130,1,subida,-0.007392,-0.007390,-0.007391,15.470000,0.0,0.001,0.0
15:29:36,131,1,subida,-0.007391,-0.007390,-0.007391,15.470000,0.0,0.0,0.0
15:29:36,132,1,subida,-0.007390,-0.007390,-0.007391,15.470000,0.0,0.001,0.0
15:29:36,133,1,subida,-0.007391,-0.007390,-0.007392,15.470000,0.0,0.001,0.0
15:29:36,134,1,subida,-0.007390,-0.007390,-0.007390,15.470000,0.0,0.001,0.0
15:29:36,135,1,subida,-0.007389,-0.007390,-0.007390,15.470000,0.0,0.0,0.0
15:29:36,136,1,subida,-0.007390,-0.007390,-0.007387,15.470000,0.0,0.0,0.0
15:29:36,137,1,subida,-0.007391,-0.007390,-0.007387,15.470000,0.0,0.001,0.0
15:29:36,138,1,subida,-0.007392,-0.007390,-0.007388,15.470000,0.0,0.0,0.0
15:29:36,139,1,subida,-0.007393,-0.007390,-0.007391,15.470000,0.0,0.001,0.0
15:29:36,140,1,subida,-0.007393,-0.007391,-0.007389,15.470000,0.0,0.0,0.0
15:29:36,141,1,subida,-0.007392,-0.007391,-0.007389,15.470000,0.0,0.001,0.0
15:29:37,142,1,subida,-0.007392,-0.007391,-0.007391,15.470000,0.0,0.001,0.0
15:29:37,143,1,subida,-0.007392,-0.007391,-0.007391,15.470000,0.0,0.001,0.0
15:29:37,144,1,subida,-0.007393,-0.007391,-0.007390,15.470000,0.0,0.001,0.0
15:29:37,145,1,subida,-0.007393,-0.007391,-0.007390,15.470000,0.0,0.0,0.0
15:29:37,146,1,subida,-0.007394,-0.007392,-0.007389,15.470000,0.0,0.001,0.0
15:29:37,147,1,subida,-0.007394,-0.007392,-0.007390,15.470000,0.0,0.0,0.0
15:29:37,148,1,subida,-0.007395,-0.007392,-0.007389,15.470000,0.0,0.001,0.0
15:29:37,149,1,subida,-0.007396,-0.007392,-0.007389,15.470000,0.001,0.0,0.0
15:29:37,150,1,subida,-0.007395,-0.007393,-0.007390,15.470000,0.0,0.001,0.0
15:29:37,151,1,subida,-0.007394,-0.007393,-0.007389,15.470000,0.0,0.001,0.0
15:29:37,152,1,subida,-0.007392,-0.007393,-0.007390,15.470000,0.0,0.001,0.0
15:29:37,153,1,subida,-0.007390,-0.007393,-0.007389,15.470000,0.0,0.001,0.0
15:29:37,154,1,subida,-0.007390,-0.007392,-0.007388,15.470000,0.0,0.001,0.0
15:29:37,155,1,subida,-0.007390,-0.007392,-0.007390,15.470000,0.0,0.001,0.0
15:29:37,156,1,subida,-0.007391,-0.007392,-0.007390,15.470000,0.0,0.001,0.0
15:29:37,157,1,subida,-0.007391,-0.007392,-0.007389,15.470000,0.0,0.001,0.0
15:29:37,158,1,subida,-0.007391,-0.007392,-0.007389,15.470000,0.0,0.001,0.0
15:29:37,159,1,subida,-0.007392,-0.007392,-0.007388,15.470000,0.0,0.001,0.0
15:29:37,160,1,subida,-0.007393,-0.007392,-0.007390,15.470000,0.0,0.001,0.0
15:29:37,161,1,subida,-0.007392,-0.007392,-0.007392,15.470000,0.0,0.001,0.0
15:29:38,162,1,subida,-0.007392,-0.007392,-0.007391,15.470000,0.0,0.001,0.0
15:29:38,163,1,subida,-0.007392,-0.007392,-0.007391,15.470000,0.0,0.001,0.0
15:29:38,164,1,subida,-0.007391,-0.007392,-0.007390,15.470000,0.0,0.001,0.0
15:29:38,165,1,subida,-0.007392,-0.007392,-0.007390,15.470000,0.0,0.001,0.0
15:29:38,166,1,subida,-0.007393,-0.007392,-0.007390,15.470000,0.0,0.0,0.0
15:29:38,167,1,subida,-0.007393,-0.007392,-0.007389,15.470000,0.0,0.0,0.0
15:29:38,168,1,subida,-0.007393,-0.007392,-0.007390,15.470000,0.0,0.001,0.0
15:29:38,169,1,subida,-0.007393,-0.007392,-0.007391,15.470000,0.0,0.0,0.0
15:29:38,170,1,subida,-0.007391,-0.007392,-0.007390,15.470000,0.0,0.001,0.0
15:29:38,171,1,subida,-0.007390,-0.007392,-0.007390,15.470000,0.0,0.001,0.0
15:29:38,172,1,subida,-0.007391,-0.007392,-0.007390,15.470000,0.001,0.0,0.0
15:29:38,173,1,subida,-0.007392,-0.007392,-0.007389,15.470000,0.0,0.001,0.0
15:29:38,174,1,subida,-0.007393,-0.007392,-0.007389,15.470000,0.0,0.001,0.0
15:29:38,175,1,subida,-0.007392,-0.007392,-0.007388,15.470000,0.0,0.001,0.0
15:29:38,176,1,subida,-0.007392,-0.007392,-0.007389,15.470000,0.0,0.0,0.0
15:29:38,177,1,subida,-0.007393,-0.007392,-0.007389,15.470000,0.0,0.001,0.0
15:29:38,178,1,subida,-0.007394,-0.007392,-0.007389,15.470000,0.0,0.001,0.0
15:29:39,179,1,subida,-0.007395,-0.007393,-0.007387,15.460000,0.0,0.0,0.0
15:29:39,180,1,subida,-0.007394,-0.007393,-0.007386,15.460000,0.0,0.001,0.0
15:29:39,181,1,subida,-0.007393,-0.007393,-0.007385,15.470000,0.0,0.0,0.0
15:29:39,182,1,subida,-0.007392,-0.007393,-0.007387,15.470000,0.001,0.0,0.0
15:29:39,183,1,subida,-0.007392,-0.007393,-0.007387,15.470000,0.0,0.001,0.0
15:29:39,184,1,subida,-0.007392,-0.007393,-0.007390,15.470000,0.0,0.001,0.0
15:29:39,185,1,subida,-0.007392,-0.007392,-0.007389,15.470000,0.0,0.001,0.0
15:29:39,186,1,subida,-0.007392,-0.007392,-0.007388,15.470000,0.0,0.001,0.0
15:29:39,187,1,subida,-0.007392,-0.007392,-0.007388,15.470000,0.001,0.0,0.0
15:29:39,188,1,subida,-0.007392,-0.007392,-0.007390,15.470000,0.0,0.001,0.0
15:29:39,189,1,subida,-0.007391,-0.007392,-0.007391,15.470000,0.0,0.001,0.0
15:29:39,190,1,subida,-0.007391,-0.007392,-0.007394,15.470000,0.0,0.001,0.0
15:29:39,191,1,subida,-0.007392,-0.007392,-0.007394,15.470000,0.0,0.0,0.0
15:29:39,192,1,subida,-0.007392,-0.007392,-0.007392,15.470000,0.0,0.001,0.0
15:29:39,193,1,subida,-0.007392,-0.007392,-0.007393,15.470000,0.0,0.0,0.0
15:29:39,194,1,subida,-0.007391,-0.007392,-0.007393,15.470000,0.0,0.001,0.0
15:29:39,195,1,subida,-0.007391,-0.007392,-0.007392,15.470000,0.0,0.001,0.0
15:29:39,196,1,subida,-0.007392,-0.007392,-0.007391,15.470000,0.0,0.001,0.0
15:29:39,197,1,subida,-0.007392,-0.007392,-0.007391,15.470000,0.0,0.001,0.0
15:29:39,198,1,subida,-0.007393,-0.007392,-0.007394,15.470000,0.0,0.001,0.0
15:29:40,199,1,subida,-0.007393,-0.007392,-0.007393,15.470000,0.0,0.0,0.0
15:29:40,200,1,subida,-0.007393,-0.007392,-0.007391,15.470000,0.0,0.001,0.0
15:29:40,201,1,subida,-0.007393,-0.007392,-0.007391,15.470000,0.0,0.0,0.0
15:29:40,202,1,subida,-0.007393,-0.007392,-0.007389,15.470000,0.0,0.001,0.0
15:29:40,203,1,subida,-0.007393,-0.007392,-0.007386,15.470000,0.0,0.0,0.0
15:29:40,204,1,subida,-0.007392,-0.007392,-0.007388,15.470000,0.0,0.001,0.0
15:29:40,205,1,subida,-0.007393,-0.007392,-0.007389,15.470000,0.0,0.001,0.0
15:29:40,206,1,subida,-0.007393,-0.007392,-0.007390,15.470000,0.0,0.0,0.0
15:29:40,207,1,subida,-0.007392,-0.007392,-0.007388,15.470000,0.0,0.0,0.0
15:29:40,208,1,subida,-0.007392,-0.007392,-0.007390,15.470000,0.0,0.001,0.0
15:29:40,209,1,subida,-0.007392,-0.007392,-0.007388,15.470000,0.0,0.001,0.0
15:29:40,210,1,subida,-0.007392,-0.007392,-0.007388,15.470000,0.0,0.0,0.0
15:29:40,211,1,subida,-0.007392,-0.007392,-0.007388,15.470000,0.0,0.0,0.0
15:29:40,212,1,subida,-0.007392,-0.007392,-0.007390,15.470000,0.001,0.0,0.0
15:29:40,213,1,subida,-0.007392,-0.007392,-0.007390,15.470000,0.0,0.001,0.0
15:29:40,214,1,subida,-0.007391,-0.007392,-0.007392,15.470000,0.0,0.0,0.0
15:29:40,215,1,subida,-0.007391,-0.007392,-0.007395,15.470000,0.0,0.001,0.0
15:29:40,216,1,subida,-0.007390,-0.007392,-0.007395,15.470000,0.0,0.001,0.0
15:29:41,217,1,subida,-0.007390,-0.007392,-0.007395,15.470000,0.0,0.001,0.0
15:29:41,218,1,subida,-0.007389,-0.007391,-0.007395,15.470000,0.0,0.0,0.0
15:29:41,219,1,subida,-0.007388,-0.007391,-0.007393,15.470000,0.0,0.0,0.0
15:29:41,220,1,subida,-0.007388,-0.007391,-0.007390,15.470000,0.0,0.0,0.0
15:29:41,221,1,subida,-0.007390,-0.007391,-0.007390,15.470000,0.0,0.001,0.0
15:29:41,222,1,subida,-0.007391,-0.007391,-0.007390,15.470000,0.001,0.0,0.0
15:29:41,223,1,subida,-0.007391,-0.007391,-0.007391,15.470000,0.0,0.001,0.0
15:29:41,224,1,subida,-0.007390,-0.007391,-0.007392,15.470000,0.0,0.001,0.0
15:29:41,225,1,subida,-0.007390,-0.007391,-0.007391,15.470000,0.0,0.001,0.0
15:29:41,226,1,subida,-0.007390,-0.007391,-0.007391,15.470000,0.001,0.0,0.0
15:29:41,227,1,subida,-0.007391,-0.007391,-0.007393,15.470000,0.0,0.001,0.0
15:29:41,228,1,subida,-0.007392,-0.007391,-0.007393,15.470000,0.0,0.0,0.0
15:29:41,229,1,subida,-0.007394,-0.007391,-0.007391,15.470000,0.0,0.001,0.0
15:29:41,230,1,subida,-0.007395,-0.007391,-0.007391,15.470000,0.0,0.001,0.0
15:29:41,231,1,subida,-0.007395,-0.007392,-0.007392,15.470000,0.0,0.001,0.0
15:29:41,232,1,subida,-0.007394,-0.007392,-0.007395,15.470000,0.0,0.001,0.0
15:29:41,233,1,subida,-0.007394,-0.007392,-0.007394,15.470000,0.0,0.001,0.0
15:29:41,234,1,subida,-0.007394,-0.007392,-0.007393,15.470000,0.0,0.001,0.0
15:29:41,235,1,subida,-0.007394,-0.007393,-0.007395,15.470000,0.0,0.001,0.0
15:29:42,236,1,subida,-0.007394,-0.007393,-0.007395,15.470000,0.0,0.001,0.0
15:29:42,237,1,subida,-0.007395,-0.007393,-0.007393,15.470000,0.0,0.0,0.0
15:29:42,238,1,subida,-0.007396,-0.007393,-0.007391,15.470000,0.0,0.0,0.0
15:29:42,239,1,subida,-0.007394,-0.007393,-0.007391,15.470000,0.0,0.001,0.0
15:29:42,240,1,subida,-0.007393,-0.007393,-0.007392,15.470000,0.0,0.0,0.0
15:29:42,241,1,subida,-0.007393,-0.007393,-0.007394,15.470000,0.0,0.001,0.0
15:29:42,242,1,subida,-0.007391,-0.007393,-0.007393,15.470000,0.0,0.001,0.0
15:29:42,243,1,subida,-0.007389,-0.007393,-0.007393,15.470000,0.0,0.001,0.0
15:29:42,244,1,subida,-0.007390,-0.007392,-0.007392,15.470000,0.0,0.001,0.0
15:29:42,245,1,subida,-0.007391,-0.007392,-0.007389,15.470000,0.0,0.0,0.0
15:29:42,246,1,subida,-0.007391,-0.007392,-0.007390,15.470000,0.0,0.001,0.0
15:29:42,247,1,subida,-0.007391,-0.007392,-0.007389,15.470000,0.0,0.001,0.0
15:29:42,248,1,subida,-0.007391,-0.007392,-0.007390,15.470000,0.0,0.0,0.0
15:29:42,249,1,subida,-0.007390,-0.007392,-0.007390,15.470000,0.0,0.001,0.0
15:29:42,250,1,subida,-0.007390,-0.007392,-0.007391,15.470000,0.0,0.001,0.0
15:29:42,251,1,subida,-0.007390,-0.007391,-0.007390,15.470000,0.0,0.001,0.0
15:29:42,252,1,subida,-0.007391,-0.007391,-0.007388,15.470000,0.0,0.001,0.0
15:29:42,253,1,subida,-0.007393,-0.007391,-0.007390,15.470000,0.0,0.0,0.0
15:29:43,254,1,subida,-0.007395,-0.007392,-0.007391,15.470000,0.0,0.001,0.0
15:29:43,255,1,subida,-0.007397,-0.007392,-0.007391,15.470000,0.0,0.001,0.0
15:29:43,256,1,subida,-0.007398,-0.007393,-0.007393,15.470000,0.0,0.0,0.0
15:29:43,257,1,subida,-0.007397,-0.007393,-0.007393,15.470000,0.0,0.0,0.0
15:29:43,258,1,subida,-0.007397,-0.007394,-0.007391,15.470000,0.0,0.001,0.0
15:29:43,259,1,subida,-0.007398,-0.007394,-0.007389,15.470000,0.0,0.001,0.0
15:29:43,260,1,subida,-0.007397,-0.007394,-0.007390,15.470000,0.0,0.001,0.0
15:29:43,261,1,subida,-0.007397,-0.007395,-0.007391,15.470000,0.0,0.0,0.0
15:29:43,262,1,subida,-0.007395,-0.007395,-0.007391,15.470000,0.0,0.0,0.0
15:29:43,263,1,subida,-0.007393,-0.007394,-0.007392,15.470000,0.0,0.001,0.0
15:29:43,264,1,subida,-0.007393,-0.007394,-0.007391,15.470000,0.0,0.001,0.0
15:29:43,265,1,subida,-0.007394,-0.007394,-0.007389,15.460000,0.0,0.0,0.0
15:29:43,266,1,subida,-0.007394,-0.007394,-0.007389,15.460000,0.0,0.001,0.0
15:29:43,267,1,subida,-0.007394,-0.007394,-0.007389,15.470000,0.0,0.0,0.0
15:29:43,268,1,subida,-0.007395,-0.007394,-0.007389,15.470000,0.0,0.001,0.0
15:29:44,269,1,subida,-0.007395,-0.007394,-0.007389,15.470000,0.0,0.0,0.0
15:29:44,270,1,subida,-0.007395,-0.007395,-0.007391,15.470000,0.0,0.001,0.0
15:29:44,271,1,subida,-0.007395,-0.007395,-0.007390,15.460000,0.0,0.001,0.0
15:29:44,272,1,subida,-0.007393,-0.007394,-0.007391,15.460000,0.0,0.001,0.0
15:29:44,273,1,subida,-0.007394,-0.007394,-0.007390,15.460000,0.0,0.001,0.0
15:29:44,274,1,subida,-0.007397,-0.007395,-0.007391,15.460000,0.0,0.001,0.0
15:29:44,275,1,subida,-0.007397,-0.007395,-0.007389,15.470000,0.0,0.001,0.0
15:29:44,276,1,subida,-0.007397,-0.007395,-0.007390,15.470000,0.0,0.0,0.0
15:29:44,277,1,subida,-0.007397,-0.007395,-0.007390,15.460000,0.0,0.001,0.0
15:29:44,278,1,subida,-0.007397,-0.007395,-0.007391,15.460000,0.0,0.001,0.0
15:29:44,279,1,subida,-0.007397,-0.007396,-0.007389,15.460000,0.0,0.0,0.0
15:29:44,280,1,subida,-0.007395,-0.007395,-0.007388,15.460000,0.0,0.001,0.0
15:29:44,281,1,subida,-0.007394,-0.007395,-0.007388,15.460000,0.0,0.001,0.0
15:29:44,282,1,subida,-0.007394,-0.007395,-0.007388,15.470000,0.0,0.0,0.0
15:29:44,283,1,subida,-0.007395,-0.007395,-0.007389,15.470000,0.0,0.001,0.0
15:29:44,284,1,subida,-0.007394,-0.007395,-0.007389,15.470000,0.0,0.0,0.0
15:29:44,285,1,subida,-0.007395,-0.007395,-0.007388,15.470000,0.0,0.001,0.0
15:29:44,286,1,subida,-0.007396,-0.007395,-0.007391,15.470000,0.0,0.001,0.0
15:29:44,287,1,subida,-0.007396,-0.007395,-0.007392,15.470000,0.0,0.001,0.0
15:29:44,288,1,subida,-0.007395,-0.007395,-0.007392,15.470000,0.0,0.0,0.0
15:29:45,289,1,subida,-0.007393,-0.007395,-0.007389,15.470000,0.0,0.001,0.0
15:29:45,290,1,subida,-0.007392,-0.007395,-0.007386,15.460000,0.0,0.0,0.0
15:29:45,291,1,subida,-0.007392,-0.007395,-0.007388,15.460000,0.0,0.001,0.0
15:29:45,292,1,subida,-0.007392,-0.007394,-0.007389,15.460000,0.0,0.001,0.0
15:29:45,293,1,subida,-0.007393,-0.007394,-0.007389,15.460000,0.0,0.001,0.0
15:29:45,294,1,subida,-0.007393,-0.007394,-0.007389,15.460000,0.0,0.0,0.0
15:29:45,295,1,subida,-0.007392,-0.007394,-0.007387,15.460000,0.0,0.001,0.0
15:29:45,296,1,subida,-0.007392,-0.007394,-0.007387,15.460000,0.0,0.001,0.0
15:29:45,297,1,subida,-0.007392,-0.007394,-0.007388,15.460000,0.0,0.001,0.0
15:29:45,298,1,subida,-0.007393,-0.007393,-0.007386,15.460000,0.0,0.0,0.0
15:29:45,299,1,subida,-0.007394,-0.007393,-0.007386,15.460000,0.0,0.001,0.0
15:29:45,300,1,subida,-0.007395,-0.007394,-0.007387,15.460000,0.0,0.001,0.0
15:29:45,301,1,subida,-0.007395,-0.007394,-0.007386,15.460000,0.0,0.0,0.0
15:29:45,302,1,subida,-0.007394,-0.007394,-0.007389,15.460000,0.0,0.001,0.0
15:29:45,303,1,subida,-0.007393,-0.007394,-0.007388,15.460000,0.0,0.001,0.0
15:29:45,304,1,subida,-0.007392,-0.007394,-0.007387,15.460000,0.001,0.0,0.0
15:29:45,305,1,subida,-0.007391,-0.007393,-0.007389,15.460000,0.0,0.001,0.0
15:29:45,306,1,subida,-0.007392,-0.007393,-0.007388,15.460000,0.0,0.001,0.0
15:29:46,307,1,subida,-0.007393,-0.007393,-0.007390,15.460000,0.0,0.0,0.0
15:29:46,308,1,subida,-0.007393,-0.007393,-0.007389,15.460000,0.0,0.001,0.0
15:29:46,309,1,subida,-0.007393,-0.007393,-0.007388,15.460000,0.0,0.0,0.0
15:29:46,310,1,subida,-0.007394,-0.007393,-0.007389,15.460000,0.0,0.001,0.0
15:29:46,311,1,subida,-0.007394,-0.007393,-0.007390,15.460000,0.0,0.001,0.0
15:29:46,312,1,subida,-0.007394,-0.007393,-0.007391,15.460000,0.0,0.001,0.0
15:29:46,313,1,subida,-0.007393,-0.007393,-0.007390,15.460000,0.0,0.001,0.0
15:29:46,314,1,subida,-0.007392,-0.007393,-0.007388,15.460000,0.0,0.001,0.0
15:29:46,315,1,subida,-0.007392,-0.007393,-0.007388,15.460000,0.0,0.001,0.0
15:29:46,316,1,subida,-0.007392,-0.007393,-0.007388,15.460000,0.0,0.001,0.0
15:29:46,317,1,subida,-0.007392,-0.007393,-0.007391,15.460000,0.0,0.001,0.0
15:29:46,318,1,subida,-0.007393,-0.007393,-0.007391,15.460000,0.0,0.001,0.0
15:29:46,319,1,subida,-0.007393,-0.007393,-0.007389,15.460000,0.0,0.0,0.0
15:29:46,320,1,subida,-0.007393,-0.007393,-0.007389,15.460000,0.0,0.001,0.0
15:29:46,321,1,subida,-0.007393,-0.007393,-0.007389,15.460000,0.0,0.001,0.0
15:29:46,322,1,subida,-0.007393,-0.007393,-0.007390,15.460000,0.0,0.001,0.0
15:29:47,323,1,subida,-0.007393,-0.007393,-0.007392,15.460000,0.0,0.001,0.0
15:29:47,324,1,subida,-0.007393,-0.007393,-0.007393,15.460000,0.0,0.0,0.0
15:29:47,325,1,subida,-0.007393,-0.007393,-0.007393,15.460000,0.0,0.001,0.0
15:29:47,326,1,subida,-0.007392,-0.007393,-0.007392,15.460000,0.0,0.0,0.0
15:29:47,327,1,subida,-0.007391,-0.007393,-0.007393,15.460000,0.0,0.001,0.0
15:29:47,328,1,subida,-0.007391,-0.007393,-0.007394,15.460000,0.0,0.001,0.0
15:29:47,329,1,subida,-0.007391,-0.007393,-0.007391,15.460000,0.0,0.001,0.0
15:29:47,330,1,subida,-0.007392,-0.007392,-0.007392,15.460000,0.0,0.001,0.0
15:29:47,331,1,subida,-0.007393,-0.007392,-0.007390,15.460000,0.0,0.001,0.0
15:29:47,332,1,subida,-0.007393,-0.007393,-0.007390,15.460000,0.0,0.001,0.0
15:29:47,333,1,subida,-0.007392,-0.007392,-0.007390,15.460000,0.0,0.0,0.0
15:29:47,334,1,subida,-0.007392,-0.007392,-0.007391,15.460000,0.001,0.0,0.0
15:29:47,335,1,subida,-0.007393,-0.007392,-0.007391,15.460000,0.0,0.001,0.0
15:29:47,336,1,subida,-0.007394,-0.007393,-0.007390,15.460000,0.0,0.0,0.0
15:29:47,337,1,subida,-0.007394,-0.007393,-0.007390,15.460000,0.0,0.001,0.0
15:29:47,338,1,subida,-0.007393,-0.007393,-0.007392,15.460000,0.0,0.001,0.0
15:29:47,339,1,subida,-0.007390,-0.007392,-0.007391,15.460000,0.0,0.001,0.0
15:29:48,340,1,subida,-0.007391,-0.007392,-0.007391,15.460000,0.0,0.001,0.0
15:29:48,341,1,subida,-0.007392,-0.007392,-0.007391,15.460000,0.0,0.0,0.0
15:29:48,342,1,subida,-0.007392,-0.007392,-0.007390,15.460000,0.0,0.0,0.0
15:29:48,343,1,subida,-0.007391,-0.007392,-0.007391,15.460000,0.0,0.0,0.0
15:29:48,344,1,subida,-0.007390,-0.007392,-0.007392,15.460000,0.0,0.001,0.0
15:29:48,345,1,subida,-0.007390,-0.007392,-0.007393,15.460000,0.0,0.001,0.0
15:29:48,346,1,subida,-0.007390,-0.007392,-0.007392,15.460000,0.0,0.001,0.0
15:29:48,347,1,subida,-0.007389,-0.007391,-0.007391,15.460000,0.0,0.001,0.0
15:29:48,348,1,subida,-0.007389,-0.007391,-0.007391,15.460000,0.0,0.0,0.0
15:29:48,349,1,subida,-0.007391,-0.007391,-0.007390,15.460000,0.0,0.001,0.0
15:29:48,350,1,subida,-0.007392,-0.007391,-0.007390,15.460000,0.0,0.001,0.0
15:29:48,351,1,subida,-0.007391,-0.007391,-0.007390,15.460000,0.0,0.001,0.0
15:29:48,352,1,subida,-0.007391,-0.007391,-0.007390,15.460000,0.0,0.001,0.0
15:29:48,353,1,subida,-0.007390,-0.007391,-0.007391,15.460000,0.0,0.001,0.0
15:29:48,354,1,subida,-0.007391,-0.007391,-0.007391,15.460000,0.0,0.001,0.0
15:29:48,355,1,subida,-0.007390,-0.007391,-0.007394,15.460000,0.0,0.0,0.0
15:29:48,356,1,subida,-0.007390,-0.007391,-0.007394,15.460000,0.0,0.001,0.0
15:29:48,357,1,subida,-0.007392,-0.007391,-0.007394,15.460000,0.0,0.001,0.0
15:29:48,358,1,subida,-0.007392,-0.007391,-0.007392,15.460000,0.0,0.0,0.0
15:29:49,359,1,subida,-0.007391,-0.007391,-0.007391,15.460000,0.0,0.001,0.0
15:29:49,360,1,subida,-0.007391,-0.007391,-0.007392,15.460000,0.0,0.001,0.0
15:30:39,362,1,subida,0.008002,0.008002,0.007995,15.450000,3.5,3.5,3.5
15:30:39,363,1,subida,0.008003,0.008002,0.007995,15.450000,3.5,3.5,3.5
15:30:39,364,1,subida,0.008003,0.008002,0.007993,15.450000,3.5,3.5,3.5
15:30:39,365,1,subida,0.008002,0.008002,0.007993,15.450000,3.5,3.5,3.5
15:30:39,366,1,subida,0.008001,0.008002,0.007995,15.450000,3.5,3.5,3.5
15:30:39,367,1,subida,0.008001,0.008002,0.007996,15.450000,3.5,3.501,3.5
15:30:39,368,1,subida,0.008001,0.008002,0.007999,15.450000,3.5,3.5,3.5
15:30:39,369,1,subida,0.008002,0.008002,0.007996,15.450000,3.5,3.501,3.5
15:30:39,370,1,subida,0.008004,0.008002,0.007995,15.450000,3.5,3.5,3.5
15:30:39,371,1,subida,0.008004,0.008002,0.007997,15.450000,3.5,3.501,3.5
15:30:40,372,1,subida,0.008002,0.008002,0.007997,15.450000,3.5,3.501,3.5
15:30:40,373,1,subida,0.008002,0.008002,0.007993,15.450000,3.5,3.5,3.5
15:30:40,374,1,subida,0.008002,0.008002,0.007994,15.450000,3.5,3.5,3.5
15:30:40,375,1,subida,0.008003,0.008002,0.007995,15.450000,3.5,3.5,3.5
15:30:40,376,1,subida,0.008003,0.008002,0.007994,15.450000,3.5,3.5,3.5
15:30:40,377,1,subida,0.008002,0.008002,0.007996,15.450000,3.5,3.5,3.5
15:30:40,378,1,subida,0.008001,0.008002,0.007995,15.450000,3.5,3.5,3.5
15:30:40,379,1,subida,0.008002,0.008002,0.007997,15.450000,3.5,3.5,3.5
15:30:40,380,1,subida,0.008002,0.008002,0.007997,15.450000,3.5,3.5,3.5
15:30:40,381,1,subida,0.008003,0.008002,0.007998,15.450000,3.5,3.5,3.5
15:30:40,382,1,subida,0.008003,0.008002,0.007997,15.450000,3.5,3.5,3.5
15:30:40,383,1,subida,0.008004,0.008002,0.007997,15.450000,3.5,3.499,3.5
15:30:40,384,1,subida,0.008004,0.008003,0.007996,15.450000,3.5,3.5,3.5
15:30:40,385,1,subida,0.008004,0.008003,0.007996,15.450000,3.5,3.5,3.5
15:30:40,386,1,subida,0.008004,0.008003,0.007994,15.450000,3.5,3.5,3.5
15:30:40,387,1,subida,0.008004,0.008003,0.007995,15.450000,3.5,3.5,3.5
15:30:40,388,1,subida,0.008002,0.008003,0.007996,15.450000,3.5,3.5,3.5
15:30:40,389,1,subida,0.008002,0.008003,0.007997,15.450000,3.5,3.5,3.5
15:30:41,390,1,subida,0.008003,0.008003,0.007998,15.450000,3.5,3.5,3.5
15:30:41,391,1,subida,0.008003,0.008003,0.007999,15.450000,3.5,3.5,3.5
15:30:41,392,1,subida,0.008002,0.008003,0.007996,15.450000,3.5,3.5,3.5
15:30:41,393,1,subida,0.008003,0.008003,0.007996,15.450000,3.5,3.5,3.5
15:30:41,394,1,subida,0.008004,0.008003,0.007995,15.450000,3.5,3.5,3.5
15:30:41,395,1,subida,0.008005,0.008003,0.007995,15.450000,3.5,3.5,3.5
15:30:41,396,1,subida,0.008005,0.008003,0.007995,15.450000,3.5,3.5,3.5
15:30:41,397,1,subida,0.008004,0.008003,0.007995,15.450000,3.5,3.5,3.5
15:30:41,398,1,subida,0.008002,0.008003,0.007992,15.450000,3.5,3.5,3.5
15:30:41,399,1,subida,0.008002,0.008003,0.007992,15.450000,3.5,3.5,3.5
15:30:41,400,1,subida,0.008002,0.008003,0.007993,15.450000,3.5,3.5,3.5
15:30:41,401,1,subida,0.008002,0.008003,0.007994,15.450000,3.5,3.499,3.5
15:30:41,402,1,subida,0.008001,0.008003,0.007995,15.450000,3.5,3.5,3.5
15:30:41,403,1,subida,0.008000,0.008002,0.007993,15.450000,3.5,3.5,3.5
15:30:41,404,1,subida,0.007999,0.008002,0.007994,15.450000,3.5,3.5,3.5
15:30:41,405,1,subida,0.007999,0.008002,0.007994,15.450000,3.5,3.5,3.5
15:30:41,406,1,subida,0.008000,0.008002,0.007993,15.450000,3.5,3.5,3.5
15:30:41,407,1,subida,0.008000,0.008001,0.007993,15.450000,3.5,3.5,3.5
15:30:42,408,1,subida,0.008000,0.008001,0.007993,15.450000,3.5,3.5,3.5
15:30:42,409,1,subida,0.008000,0.008001,0.007994,15.450000,3.5,3.5,3.5
15:30:42,410,1,subida,0.008000,0.008001,0.007995,15.450000,3.5,3.5,3.5
15:30:42,411,1,subida,0.008001,0.008001,0.007996,15.450000,3.5,3.5,3.5
15:30:42,412,1,subida,0.008001,0.008001,0.007995,15.450000,3.5,3.5,3.5
15:30:42,413,1,subida,0.008001,0.008001,0.007996,15.450000,3.5,3.5,3.5
15:30:42,414,1,subida,0.008000,0.008001,0.007998,15.450000,3.5,3.5,3.5
15:30:42,415,1,subida,0.008001,0.008001,0.007997,15.450000,3.5,3.5,3.5
15:30:42,416,1,subida,0.008001,0.008001,0.007997,15.450000,3.5,3.5,3.5
15:30:42,417,1,subida,0.008002,0.008001,0.007998,15.450000,3.5,3.5,3.5
15:30:42,418,1,subida,0.008002,0.008001,0.008000,15.450000,3.5,3.5,3.5
15:30:42,419,1,subida,0.008002,0.008001,0.007998,15.450000,3.5,3.5,3.5
15:30:42,420,1,subida,0.008002,0.008001,0.007999,15.450000,3.5,3.5,3.5
15:30:42,421,1,subida,0.008003,0.008001,0.007996,15.450000,3.5,3.5,3.5
15:30:42,422,1,subida,0.008004,0.008002,0.007996,15.450000,3.5,3.5,3.5
15:30:43,423,1,subida,0.008002,0.008002,0.007996,15.450000,3.5,3.5,3.5
15:30:43,424,1,subida,0.008003,0.008002,0.007994,15.450000,3.5,3.5,3.5
15:30:43,425,1,subida,0.008004,0.008002,0.007998,15.450000,3.5,3.5,3.5
15:30:43,426,1,subida,0.008004,0.008002,0.007998,15.450000,3.5,3.5,3.5
15:30:43,427,1,subida,0.008005,0.008003,0.008000,15.450000,3.5,3.5,3.5
15:30:43,428,1,subida,0.008007,0.008003,0.007998,15.450000,3.5,3.5,3.5
15:30:43,429,1,subida,0.008007,0.008003,0.007997,15.440000,3.5,3.5,3.5
15:30:43,430,1,subida,0.008005,0.008003,0.007997,15.440000,3.5,3.5,3.5
15:30:43,431,1,subida,0.008005,0.008004,0.007995,15.450000,3.5,3.501,3.5
15:30:43,432,1,subida,0.008004,0.008004,0.007995,15.450000,3.5,3.501,3.5
15:30:43,433,1,subida,0.008003,0.008004,0.007995,15.450000,3.5,3.5,3.5
15:30:43,434,1,subida,0.008002,0.008004,0.007994,15.450000,3.5,3.501,3.5
15:30:43,435,1,subida,0.008002,0.008003,0.007994,15.450000,3.5,3.501,3.5
15:30:44,436,1,subida,0.008002,0.008003,0.007992,15.450000,3.5,3.5,3.5
15:30:44,437,1,subida,0.008002,0.008003,0.007990,15.450000,3.5,3.501,3.5
15:30:44,438,1,subida,0.008002,0.008003,0.007992,15.450000,3.5,3.5,3.5
15:30:44,439,1,subida,0.008004,0.008003,0.007994,15.450000,3.5,3.5,3.5
15:30:44,440,1,subida,0.008005,0.008003,0.007995,15.450000,3.5,3.5,3.5
15:30:44,441,1,subida,0.008005,0.008004,0.007994,15.440000,3.5,3.5,3.5
15:30:44,442,1,subida,0.008005,0.008004,0.007996,15.440000,3.5,3.5,3.5
15:30:44,443,1,subida,0.008004,0.008004,0.007996,15.450000,3.5,3.501,3.5
15:30:44,444,1,subida,0.008004,0.008004,0.007994,15.450000,3.5,3.5,3.5
15:30:44,445,1,subida,0.008003,0.008004,0.007994,15.450000,3.5,3.5,3.5
15:30:44,446,1,subida,0.008003,0.008004,0.007994,15.450000,3.5,3.501,3.5
15:30:44,447,1,subida,0.008002,0.008003,0.007994,15.450000,3.5,3.5,3.5
15:30:44,448,1,subida,0.008002,0.008003,0.007994,15.450000,3.5,3.5,3.5
15:30:44,449,1,subida,0.008002,0.008003,0.007993,15.440000,3.5,3.5,3.5
15:30:44,450,1,subida,0.008003,0.008003,0.007993,15.440000,3.5,3.5,3.5
15:30:44,451,1,subida,0.008003,0.008003,0.007994,15.440000,3.5,3.5,3.5
15:30:44,452,1,subida,0.008001,0.008003,0.007995,15.440000,3.5,3.501,3.5
15:30:44,453,1,subida,0.008000,0.008003,0.007992,15.440000,3.5,3.5,3.5
15:30:44,454,1,subida,0.008000,0.008002,0.007992,15.440000,3.5,3.5,3.5
15:30:45,455,1,subida,0.007999,0.008002,0.007993,15.440000,3.5,3.5,3.5
15:30:45,456,1,subida,0.007998,0.008002,0.007994,15.440000,3.5,3.501,3.5
15:30:45,457,1,subida,0.007998,0.008001,0.007995,15.450000,3.5,3.501,3.5
15:30:45,458,1,subida,0.007999,0.008001,0.007996,15.450000,3.5,3.501,3.5
15:30:45,459,1,subida,0.008001,0.008001,0.007996,15.440000,3.5,3.5,3.5
15:30:45,460,1,subida,0.008002,0.008001,0.007996,15.440000,3.501,3.5,3.5
15:30:45,461,1,subida,0.008002,0.008001,0.007998,15.440000,3.5,3.501,3.5
15:30:45,462,1,subida,0.008002,0.008001,0.007997,15.440000,3.5,3.5,3.5
15:30:45,463,1,subida,0.008002,0.008001,0.007996,15.440000,3.501,3.5,3.5
15:30:45,464,1,subida,0.008001,0.008001,0.007994,15.440000,3.5,3.501,3.5
15:30:45,465,1,subida,0.008001,0.008001,0.007993,15.440000,3.5,3.5,3.5
15:30:45,466,1,subida,0.008001,0.008001,0.007994,15.440000,3.5,3.501,3.5
15:30:45,467,1,subida,0.008000,0.008001,0.007996,15.440000,3.5,3.5,3.5
15:30:45,468,1,subida,0.008000,0.008001,0.007996,15.440000,3.5,3.501,3.5
15:30:45,469,1,subida,0.008001,0.008001,0.007998,15.440000,3.5,3.501,3.5
15:30:45,470,1,subida,0.008001,0.008001,0.007997,15.440000,3.5,3.5,3.5
15:30:45,471,1,subida,0.007999,0.008001,0.007996,15.440000,3.5,3.5,3.5
15:30:46,472,1,subida,0.007999,0.008001,0.007997,15.440000,3.5,3.5,3.5
15:30:46,473,1,subida,0.007999,0.008001,0.007995,15.440000,3.5,3.501,3.5
15:30:46,474,1,subida,0.008000,0.008001,0.007996,15.440000,3.5,3.501,3.5
15:30:46,475,1,subida,0.008000,0.008001,0.007996,15.440000,3.5,3.5,3.5
15:30:46,476,1,subida,0.008001,0.008001,0.007997,15.440000,3.5,3.501,3.5
15:30:46,477,1,subida,0.008002,0.008001,0.007994,15.440000,3.5,3.501,3.5
15:30:46,478,1,subida,0.008002,0.008001,0.007994,15.440000,3.5,3.5,3.5
15:30:46,479,1,subida,0.008003,0.008001,0.007992,15.440000,3.5,3.501,3.5
15:30:46,480,1,subida,0.008003,0.008001,0.007993,15.440000,3.5,3.5,3.5
15:30:46,481,1,subida,0.008003,0.008001,0.007994,15.440000,3.5,3.501,3.5
15:30:46,482,1,subida,0.008003,0.008002,0.007997,15.440000,3.5,3.5,3.5
15:30:46,483,1,subida,0.008002,0.008002,0.007997,15.440000,3.5,3.5,3.5
15:30:46,484,1,subida,0.008000,0.008001,0.007996,15.440000,3.5,3.501,3.5
15:30:46,485,1,subida,0.008000,0.008001,0.007997,15.440000,3.5,3.5,3.5
15:30:46,486,1,subida,0.008001,0.008001,0.007996,15.440000,3.5,3.5,3.5
15:30:46,487,1,subida,0.008002,0.008001,0.007997,15.440000,3.5,3.5,3.5
15:30:46,488,1,subida,0.008002,0.008001,0.007996,15.440000,3.5,3.5,3.5
15:30:46,489,1,subida,0.008002,0.008002,0.007995,15.440000,3.5,3.5,3.5
15:30:46,490,1,subida,0.008003,0.008002,0.007993,15.440000,3.5,3.501,3.5
15:30:46,491,1,subida,0.008003,0.008002,0.007995,15.440000,3.5,3.5,3.5
15:30:46,492,1,subida,0.008004,0.008002,0.007994,15.440000,3.5,3.5,3.5
15:30:47,493,1,subida,0.008004,0.008002,0.007998,15.440000,3.5,3.501,3.5
15:30:47,494,1,subida,0.008003,0.008002,0.007998,15.440000,3.5,3.5,3.5
15:30:47,495,1,subida,0.008003,0.008002,0.007995,15.440000,3.5,3.5,3.5
15:30:47,496,1,subida,0.008003,0.008002,0.007995,15.440000,3.5,3.501,3.5
15:30:47,497,1,subida,0.008003,0.008002,0.007995,15.440000,3.5,3.5,3.5
15:30:47,498,1,subida,0.008002,0.008002,0.007995,15.440000,3.5,3.5,3.5
15:30:47,499,1,subida,0.008002,0.008002,0.007997,15.440000,3.5,3.5,3.5
15:30:47,500,1,subida,0.008001,0.008002,0.007994,15.440000,3.5,3.5,3.5
15:30:47,501,1,subida,0.008000,0.008002,0.007996,15.440000,3.5,3.5,3.5
15:30:47,502,1,subida,0.008001,0.008002,0.007995,15.440000,3.5,3.5,3.5
15:30:47,503,1,subida,0.008002,0.008002,0.007995,15.440000,3.5,3.5,3.5
15:30:47,504,1,subida,0.008004,0.008002,0.007995,15.440000,3.5,3.5,3.5
15:30:47,505,1,subida,0.008003,0.008002,0.007997,15.440000,3.5,3.5,3.5
15:30:47,506,1,subida,0.008003,0.008002,0.007997,15.440000,3.5,3.5,3.5
15:30:47,507,1,subida,0.008003,0.008002,0.007998,15.440000,3.5,3.5,3.5
15:30:47,508,1,subida,0.008004,0.008003,0.007999,15.440000,3.5,3.5,3.5
15:30:47,509,1,subida,0.008003,0.008003,0.007999,15.440000,3.5,3.5,3.5
15:30:47,510,1,subida,0.008002,0.008003,0.007998,15.440000,3.5,3.5,3.5
15:30:47,511,1,subida,0.008002,0.008002,0.008000,15.440000,3.5,3.5,3.5
15:30:47,512,1,subida,0.008001,0.008002,0.008000,15.440000,3.5,3.5,3.5
15:30:48,513,1,subida,0.008001,0.008002,0.007999,15.440000,3.5,3.5,3.5
15:30:48,514,1,subida,0.008003,0.008002,0.007997,15.440000,3.5,3.5,3.5
15:30:48,515,1,subida,0.008004,0.008003,0.007995,15.440000,3.5,3.5,3.5
15:30:48,516,1,subida,0.008003,0.008003,0.007994,15.440000,3.5,3.5,3.5
15:30:48,517,1,subida,0.008002,0.008003,0.007995,15.440000,3.5,3.5,3.5
15:30:48,518,1,subida,0.008002,0.008002,0.007995,15.440000,3.5,3.5,3.5
15:30:48,519,1,subida,0.008002,0.008002,0.007995,15.440000,3.5,3.5,3.5
15:30:48,520,1,subida,0.008002,0.008002,0.007995,15.440000,3.5,3.499,3.5
15:30:48,521,1,subida,0.008002,0.008002,0.007994,15.440000,3.5,3.5,3.5
15:30:48,522,1,subida,0.008002,0.008002,0.007996,15.440000,3.5,3.5,3.5
15:30:48,523,1,subida,0.008002,0.008002,0.007995,15.440000,3.5,3.5,3.5
15:30:48,524,1,subida,0.008002,0.008002,0.007995,15.440000,3.5,3.5,3.5
15:30:48,525,1,subida,0.008003,0.008002,0.007994,15.440000,3.5,3.5,3.5
15:30:48,526,1,subida,0.008004,0.008003,0.007997,15.440000,3.5,3.5,3.5
15:30:48,527,1,subida,0.008004,0.008003,0.007997,15.440000,3.5,3.5,3.5
15:30:48,528,1,subida,0.008005,0.008003,0.007997,15.440000,3.5,3.5,3.5
15:30:48,529,1,subida,0.008006,0.008003,0.007997,15.440000,3.5,3.5,3.5
15:30:48,530,1,subida,0.008006,0.008003,0.007995,15.440000,3.5,3.5,3.5
15:30:48,531,1,subida,0.008005,0.008004,0.007994,15.440000,3.5,3.5,3.5
15:30:49,532,1,subida,0.008006,0.008004,0.007994,15.440000,3.5,3.5,3.5
15:30:49,533,1,subida,0.008006,0.008004,0.007994,15.440000,3.5,3.5,3.5
15:30:49,534,1,subida,0.008005,0.008004,0.007994,15.440000,3.5,3.5,3.5
15:30:49,535,1,subida,0.008003,0.008004,0.007993,15.440000,3.5,3.5,3.5
15:30:49,536,1,subida,0.008002,0.008004,0.007993,15.440000,3.5,3.5,3.5
15:30:49,537,1,subida,0.008001,0.008004,0.007994,15.440000,3.5,3.5,3.5
15:30:49,538,1,subida,0.008001,0.008003,0.007994,15.440000,3.5,3.5,3.5
15:30:49,539,1,subida,0.008001,0.008003,0.007994,15.440000,3.5,3.499,3.5
15:30:49,540,1,subida,0.008002,0.008003,0.007993,15.440000,3.5,3.5,3.5
15:30:49,541,1,subida,0.008002,0.008003,0.007993,15.440000,3.5,3.5,3.5
15:30:49,542,1,subida,0.008002,0.008003,0.007994,15.440000,3.5,3.5,3.5
15:30:49,543,1,subida,0.008002,0.008003,0.007996,15.440000,3.5,3.5,3.5
15:30:49,544,1,subida,0.008002,0.008003,0.007997,15.440000,3.5,3.5,3.5
15:30:49,545,1,subida,0.008002,0.008003,0.007998,15.440000,3.5,3.5,3.5
15:30:49,546,1,subida,0.008002,0.008003,0.007997,15.440000,3.5,3.499,3.5
15:30:49,547,1,subida,0.008003,0.008003,0.007998,15.440000,3.5,3.499,3.5
15:30:49,548,1,subida,0.008003,0.008003,0.007994,15.440000,3.5,3.5,3.5
15:30:49,549,1,subida,0.008003,0.008003,0.007996,15.440000,3.5,3.5,3.5
15:30:49,550,1,subida,0.008003,0.008003,0.007996,15.440000,3.5,3.5,3.5
15:30:49,551,1,subida,0.008002,0.008003,0.007997,15.440000,3.5,3.5,3.5
15:30:49,552,1,subida,0.008002,0.008003,0.007995,15.440000,3.5,3.5,3.5
15:30:50,553,1,subida,0.008002,0.008003,0.007995,15.440000,3.5,3.5,3.5
15:30:50,554,1,subida,0.008001,0.008002,0.007994,15.440000,3.5,3.5,3.5
15:30:50,555,1,subida,0.008001,0.008002,0.007992,15.440000,3.5,3.5,3.5
15:30:50,556,1,subida,0.008000,0.008002,0.007992,15.440000,3.5,3.5,3.5
15:30:50,557,1,subida,0.007999,0.008002,0.007993,15.440000,3.5,3.499,3.5
15:30:50,558,1,subida,0.008000,0.008002,0.007992,15.440000,3.5,3.5,3.5
15:30:50,559,1,subida,0.008001,0.008002,0.007993,15.440000,3.5,3.5,3.5
15:30:50,560,1,subida,0.008002,0.008002,0.007994,15.440000,3.5,3.5,3.5
15:30:50,561,1,subida,0.008001,0.008002,0.007994,15.440000,3.5,3.5,3.5
15:30:50,562,1,subida,0.008000,0.008001,0.007993,15.440000,3.5,3.5,3.5
15:30:50,563,1,subida,0.008000,0.008001,0.007993,15.440000,3.5,3.5,3.5
15:30:50,564,1,subida,0.008002,0.008001,0.007994,15.440000,3.499,3.5,3.5
15:30:50,565,1,subida,0.008003,0.008002,0.007995,15.440000,3.5,3.5,3.5
15:30:50,566,1,subida,0.008004,0.008002,0.007993,15.440000,3.5,3.5,3.5
15:30:50,567,1,subida,0.008004,0.008002,0.007994,15.440000,3.5,3.499,3.5
15:30:50,568,1,subida,0.008004,0.008002,0.007992,15.440000,3.5,3.5,3.5
15:30:50,569,1,subida,0.008003,0.008002,0.007993,15.440000,3.5,3.5,3.5
15:30:50,570,1,subida,0.008002,0.008002,0.007993,15.440000,3.5,3.5,3.5
15:30:50,571,1,subida,0.008003,0.008002,0.007993,15.440000,3.5,3.5,3.5
15:30:51,572,1,subida,0.008003,0.008002,0.007993,15.440000,3.5,3.5,3.5
15:30:51,573,1,subida,0.008002,0.008002,0.007993,15.440000,3.5,3.5,3.5
15:30:51,574,1,subida,0.008002,0.008002,0.007995,15.440000,3.5,3.5,3.5
15:30:51,575,1,subida,0.008001,0.008002,0.007997,15.440000,3.5,3.499,3.5
15:30:51,576,1,subida,0.008000,0.008002,0.007995,15.440000,3.5,3.5,3.5
15:30:51,577,1,subida,0.008000,0.008002,0.007995,15.440000,3.5,3.5,3.5
15:30:51,578,1,subida,0.008000,0.008002,0.007996,15.440000,3.5,3.499,3.5
15:30:51,579,1,subida,0.008000,0.008001,0.007996,15.440000,3.5,3.5,3.5
15:30:51,580,1,subida,0.008000,0.008001,0.007994,15.440000,3.5,3.5,3.5
15:30:51,581,1,subida,0.008000,0.008001,0.007995,15.440000,3.5,3.5,3.5
15:30:51,582,1,subida,0.008001,0.008001,0.007995,15.440000,3.5,3.5,3.5
15:30:51,583,1,subida,0.008000,0.008001,0.007994,15.440000,3.5,3.5,3.5
15:30:51,584,1,subida,0.007999,0.008001,0.007997,15.440000,3.5,3.5,3.5
15:30:51,585,1,subida,0.008001,0.008001,0.007998,15.440000,3.5,3.5,3.5
15:30:51,586,1,subida,0.008001,0.008001,0.007999,15.440000,3.5,3.5,3.5
15:30:51,587,1,subida,0.008000,0.008001,0.007997,15.440000,3.5,3.5,3.5
15:30:52,588,1,subida,0.008000,0.008001,0.007995,15.440000,3.5,3.501,3.5
15:30:52,589,1,subida,0.008001,0.008001,0.007995,15.440000,3.5,3.5,3.5
15:30:52,590,1,subida,0.008001,0.008001,0.007994,15.440000,3.5,3.5,3.5
15:30:52,591,1,subida,0.008001,0.008001,0.007992,15.440000,3.5,3.5,3.5
15:30:52,592,1,subida,0.008001,0.008001,0.007993,15.440000,3.5,3.5,3.5
15:30:52,593,1,subida,0.008001,0.008001,0.007994,15.440000,3.5,3.5,3.5
15:30:52,594,1,subida,0.008001,0.008001,0.007996,15.440000,3.5,3.5,3.5
15:30:52,595,1,subida,0.008001,0.008001,0.007997,15.440000,3.5,3.5,3.5
15:30:52,596,1,subida,0.008001,0.008001,0.007997,15.440000,3.5,3.5,3.5
15:30:52,597,1,subida,0.008001,0.008001,0.007994,15.440000,3.5,3.5,3.5
15:30:52,598,1,subida,0.008002,0.008001,0.007993,15.440000,3.5,3.5,3.5
15:30:52,599,1,subida,0.008002,0.008001,0.007994,15.440000,3.5,3.5,3.5
15:30:52,600,1,subida,0.008002,0.008001,0.007993,15.440000,3.5,3.5,3.5
15:30:52,601,1,subida,0.008002,0.008001,0.007995,15.440000,3.5,3.5,3.5
15:30:52,602,1,subida,0.008002,0.008001,0.007993,15.440000,3.5,3.5,3.5
15:30:52,603,1,subida,0.008003,0.008002,0.007992,15.440000,3.5,3.5,3.5
15:30:52,604,1,subida,0.008003,0.008002,0.007993,15.440000,3.5,3.5,3.5
15:30:53,605,1,subida,0.008002,0.008002,0.007991,15.440000,3.5,3.5,3.5
15:30:53,606,1,subida,0.008002,0.008002,0.007989,15.440000,3.5,3.5,3.5
15:30:53,607,1,subida,0.008002,0.008002,0.007989,15.440000,3.5,3.5,3.5
15:30:53,608,1,subida,0.008002,0.008002,0.007990,15.440000,3.5,3.5,3.5
15:30:53,609,1,subida,0.008003,0.008002,0.007992,15.440000,3.5,3.501,3.5
15:30:53,610,1,subida,0.008004,0.008002,0.007992,15.440000,3.5,3.501,3.5
15:30:53,611,1,subida,0.008004,0.008002,0.007993,15.440000,3.5,3.5,3.5
15:30:53,612,1,subida,0.008004,0.008002,0.007994,15.440000,3.5,3.5,3.5
15:30:53,613,1,subida,0.008002,0.008002,0.007995,15.440000,3.5,3.5,3.5
15:30:53,614,1,subida,0.008001,0.008002,0.007993,15.440000,3.5,3.501,3.5
15:30:53,615,1,subida,0.008000,0.008002,0.007995,15.440000,3.5,3.5,3.5
15:30:53,616,1,subida,0.008000,0.008002,0.007995,15.440000,3.501,3.5,3.5
15:30:53,617,1,subida,0.007999,0.008002,0.007997,15.440000,3.5,3.5,3.5
15:30:53,618,1,subida,0.008000,0.008001,0.007997,15.440000,3.5,3.5,3.5
15:30:53,619,1,subida,0.008001,0.008001,0.007995,15.440000,3.5,3.501,3.5
15:30:53,620,1,subida,0.008003,0.008002,0.007995,15.440000,3.5,3.5,3.5
15:30:53,621,1,subida,0.008003,0.008002,0.007997,15.440000,3.5,3.501,3.5
15:30:53,622,1,subida,0.008002,0.008002,0.007996,15.440000,3.5,3.5,3.5
15:30:53,623,1,subida,0.008000,0.008002,0.007998,15.440000,3.5,3.5,3.5
15:30:54,624,1,subida,0.007999,0.008001,0.007995,15.440000,3.5,3.501,3.5
15:30:54,625,1,subida,0.008000,0.008001,0.007995,15.440000,3.5,3.501,3.5
15:30:54,626,1,subida,0.008001,0.008001,0.007995,15.440000,3.5,3.5,3.5
15:30:54,627,1,subida,0.008000,0.008001,0.007998,15.440000,3.5,3.5,3.5
15:30:54,628,1,subida,0.008000,0.008001,0.007998,15.440000,3.5,3.501,3.5
15:30:54,629,1,subida,0.007999,0.008001,0.007999,15.440000,3.5,3.5,3.5
15:30:54,630,1,subida,0.007999,0.008001,0.007997,15.440000,3.5,3.501,3.5
15:30:54,631,1,subida,0.007999,0.008001,0.007996,15.440000,3.5,3.5,3.5
15:30:54,632,1,subida,0.007998,0.008000,0.007996,15.440000,3.5,3.501,3.5
15:30:54,633,1,subida,0.007997,0.008000,0.007997,15.440000,3.5,3.5,3.5
15:30:54,634,1,subida,0.007997,0.008000,0.007996,15.440000,3.5,3.5,3.5
15:30:54,635,1,subida,0.007997,0.007999,0.007995,15.440000,3.5,3.5,3.5
15:30:54,636,1,subida,0.007996,0.007999,0.007998,15.440000,3.5,3.501,3.5
15:30:54,637,1,subida,0.007997,0.007999,0.007999,15.440000,3.5,3.5,3.5
15:30:54,638,1,subida,0.007999,0.007999,0.007999,15.440000,3.5,3.5,3.5
15:30:54,639,1,subida,0.007999,0.007999,0.007998,15.440000,3.5,3.5,3.5
15:30:54,640,1,subida,0.008000,0.007999,0.007996,15.440000,3.5,3.5,3.5
15:30:55,641,1,subida,0.008001,0.007999,0.007996,15.440000,3.5,3.501,3.5
15:30:55,642,1,subida,0.008001,0.007999,0.007997,15.440000,3.5,3.5,3.5
15:30:55,643,1,subida,0.008001,0.008000,0.007995,15.440000,3.501,3.5,3.5
15:30:55,644,1,subida,0.008001,0.008000,0.007995,15.440000,3.5,3.5,3.5
15:30:55,645,1,subida,0.008002,0.008000,0.007997,15.440000,3.5,3.501,3.5
15:30:55,646,1,subida,0.008003,0.008000,0.007998,15.440000,3.5,3.501,3.5
15:30:55,647,1,subida,0.008004,0.008001,0.008000,15.440000,3.5,3.5,3.5
15:30:55,648,1,subida,0.008003,0.008001,0.008000,15.440000,3.5,3.501,3.5
15:30:55,649,1,subida,0.008002,0.008001,0.008001,15.440000,3.5,3.5,3.5
15:30:55,650,1,subida,0.008003,0.008001,0.008001,15.440000,3.5,3.5,3.5
15:30:55,651,1,subida,0.008004,0.008001,0.007999,15.440000,3.5,3.501,3.5
15:30:55,652,1,subida,0.008003,0.008002,0.007999,15.440000,3.5,3.5,3.5
15:30:55,653,1,subida,0.008002,0.008002,0.008001,15.440000,3.5,3.5,3.5
15:30:55,654,1,subida,0.008002,0.008002,0.008001,15.440000,3.501,3.5,3.5
15:30:55,655,1,subida,0.008002,0.008002,0.008001,15.440000,3.5,3.501,3.5
15:30:56,656,1,subida,0.008003,0.008002,0.007999,15.440000,3.5,3.5,3.5
15:30:56,657,1,subida,0.008005,0.008002,0.008001,15.440000,3.5,3.501,3.5
15:30:56,658,1,subida,0.008005,0.008002,0.008000,15.440000,3.5,3.5,3.5
15:30:56,659,1,subida,0.008004,0.008003,0.007999,15.440000,3.5,3.5,3.5
15:30:56,660,1,subida,0.008003,0.008003,0.008000,15.440000,3.5,3.5,3.5
15:30:56,661,1,subida,0.008003,0.008003,0.008000,15.440000,3.5,3.5,3.5
15:30:56,662,1,subida,0.008004,0.008003,0.008001,15.440000,3.5,3.501,3.5
15:30:56,663,1,subida,0.008004,0.008003,0.008001,15.440000,3.5,3.5,3.5
15:30:56,664,1,subida,0.008003,0.008003,0.008000,15.440000,3.5,3.501,3.5
15:30:56,665,1,subida,0.008003,0.008003,0.008000,15.440000,3.5,3.5,3.5
15:30:56,666,1,subida,0.008004,0.008003,0.007999,15.440000,3.5,3.501,3.5
15:30:56,667,1,subida,0.008006,0.008003,0.007999,15.440000,3.5,3.5,3.5
15:30:56,668,1,subida,0.008006,0.008003,0.007999,15.440000,3.5,3.5,3.5
15:30:56,669,1,subida,0.008005,0.008004,0.008001,15.440000,3.5,3.5,3.5
15:30:56,670,1,subida,0.008005,0.008004,0.008000,15.440000,3.5,3.5,3.5
15:30:56,671,1,subida,0.008005,0.008004,0.008000,15.440000,3.5,3.5,3.5
15:30:56,672,1,subida,0.008003,0.008004,0.008000,15.440000,3.5,3.5,3.5
15:30:56,673,1,subida,0.008003,0.008004,0.008000,15.440000,3.5,3.501,3.5
15:30:56,674,1,subida,0.008003,0.008004,0.008001,15.440000,3.5,3.5,3.5
15:30:56,675,1,subida,0.008002,0.008003,0.008000,15.440000,3.5,3.5,3.5
15:30:57,676,1,subida,0.008002,0.008003,0.008000,15.440000,3.5,3.5,3.5
15:30:57,677,1,subida,0.008003,0.008003,0.008001,15.440000,3.5,3.5,3.5
15:30:57,678,1,subida,0.008004,0.008003,0.007999,15.440000,3.5,3.5,3.5
15:30:57,679,1,subida,0.008006,0.008004,0.007999,15.440000,3.5,3.5,3.5
15:30:57,680,1,subida,0.008007,0.008004,0.008000,15.440000,3.5,3.501,3.5
15:30:57,681,1,subida,0.008008,0.008004,0.008000,15.440000,3.5,3.5,3.5
15:30:57,682,1,subida,0.008008,0.008005,0.008001,15.440000,3.5,3.501,3.5
15:30:57,683,1,subida,0.008007,0.008005,0.007999,15.440000,3.5,3.5,3.5
15:30:57,684,1,subida,0.008006,0.008005,0.008000,15.440000,3.5,3.5,3.5
15:30:57,685,1,subida,0.008006,0.008005,0.007999,15.440000,3.5,3.5,3.5
15:30:57,686,1,subida,0.008007,0.008005,0.007999,15.440000,3.5,3.501,3.5
15:30:57,687,1,subida,0.008008,0.008006,0.008003,15.440000,3.5,3.5,3.5
15:30:57,688,1,subida,0.008008,0.008006,0.007999,15.440000,3.501,3.5,3.5
15:30:57,689,1,subida,0.008008,0.008006,0.008000,15.440000,3.5,3.501,3.5
15:30:57,690,1,subida,0.008009,0.008006,0.008001,15.440000,3.5,3.5,3.5
15:30:57,691,1,subida,0.008009,0.008007,0.008001,15.440000,3.5,3.5,3.5
15:30:57,692,1,subida,0.008008,0.008007,0.008003,15.440000,3.5,3.5,3.5
15:30:57,693,1,subida,0.008007,0.008007,0.008002,15.440000,3.5,3.501,3.5
15:30:57,694,1,subida,0.008007,0.008007,0.008002,15.440000,3.5,3.5,3.5
15:30:58,695,1,subida,0.008007,0.008007,0.008003,15.440000,3.5,3.5,3.5
15:30:58,696,1,subida,0.008006,0.008007,0.008003,15.440000,3.5,3.5,3.5
15:30:58,697,1,subida,0.008006,0.008007,0.008001,15.440000,3.5,3.5,3.5
15:30:58,698,1,subida,0.008007,0.008007,0.008002,15.440000,3.5,3.5,3.5
15:30:58,699,1,subida,0.008007,0.008007,0.008002,15.440000,3.5,3.501,3.5
15:30:58,700,1,subida,0.008007,0.008007,0.008001,15.440000,3.5,3.5,3.5
15:30:58,701,1,subida,0.008007,0.008007,0.008001,15.440000,3.5,3.501,3.5
15:30:58,702,1,subida,0.008007,0.008007,0.008000,15.440000,3.5,3.5,3.5
15:30:58,703,1,subida,0.008007,0.008007,0.008000,15.440000,3.5,3.5,3.5
15:30:58,704,1,subida,0.008006,0.008007,0.008001,15.440000,3.5,3.5,3.5
15:30:58,705,1,subida,0.008006,0.008007,0.008000,15.440000,3.5,3.5,3.5
15:30:58,706,1,subida,0.008006,0.008006,0.008001,15.440000,3.5,3.501,3.5
15:30:58,707,1,subida,0.008007,0.008007,0.008003,15.440000,3.5,3.5,3.5
15:30:58,708,1,subida,0.008008,0.008007,0.008000,15.440000,3.5,3.5,3.5
15:30:58,709,1,subida,0.008008,0.008007,0.008001,15.440000,3.5,3.5,3.5
15:30:58,710,1,subida,0.008007,0.008007,0.008000,15.440000,3.5,3.5,3.5
15:30:58,711,1,subida,0.008008,0.008007,0.008001,15.440000,3.5,3.5,3.5
15:30:58,712,1,subida,0.008008,0.008007,0.008002,15.440000,3.5,3.5,3.5
15:30:58,713,1,subida,0.008007,0.008007,0.007999,15.440000,3.5,3.5,3.5
15:30:58,714,1,subida,0.008007,0.008007,0.007999,15.440000,3.5,3.5,3.5
15:30:58,715,1,subida,0.008007,0.008007,0.007997,15.440000,3.5,3.5,3.5
15:30:59,716,1,subida,0.008006,0.008007,0.007998,15.440000,3.5,3.5,3.5
15:30:59,717,1,subida,0.008007,0.008007,0.007998,15.440000,3.5,3.5,3.5
15:30:59,718,1,subida,0.008007,0.008007,0.007998,15.440000,3.5,3.501,3.5
15:30:59,719,1,subida,0.008008,0.008007,0.007997,15.440000,3.5,3.5,3.5
15:30:59,720,1,subida,0.008007,0.008007,0.007996,15.440000,3.501,3.5,3.5
15:30:59,721,1,subida,0.008006,0.008007,0.007996,15.440000,3.5,3.5,3.5
15:30:59,722,1,subida,0.008006,0.008007,0.007996,15.440000,3.5,3.5,3.5
15:32:19,724,1,subida,0.021140,0.021139,0.021123,15.420000,6.5,6.501,6.5
15:32:19,725,1,subida,0.021140,0.021139,0.021125,15.420000,6.5,6.501,6.5
15:32:19,726,1,subida,0.021140,0.021139,0.021123,15.420000,6.501,6.5,6.5
15:32:19,727,1,subida,0.021141,0.021140,0.021124,15.420000,6.5,6.501,6.5
15:32:19,728,1,subida,0.021141,0.021140,0.021124,15.420000,6.5,6.501,6.5
15:32:19,729,1,subida,0.021141,0.021140,0.021125,15.420000,6.5,6.501,6.5
15:32:19,730,1,subida,0.021141,0.021140,0.021125,15.420000,6.5,6.501,6.5
15:32:19,731,1,subida,0.021141,0.021140,0.021123,15.420000,6.5,6.501,6.5
15:32:19,732,1,subida,0.021140,0.021140,0.021123,15.420000,6.5,6.501,6.5
15:32:20,734,1,subida,0.021139,0.021140,0.021122,15.420000,6.5,6.5,6.5
15:32:20,736,1,subida,0.021139,0.021140,0.021122,15.420000,6.5,6.501,6.5
15:32:20,737,1,subida,0.021139,0.021140,0.021123,15.420000,6.5,6.5,6.5
15:32:20,738,1,subida,0.021139,0.021140,0.021122,15.420000,6.5,6.501,6.5
15:32:20,741,1,subida,0.021140,0.021140,0.021123,15.420000,6.5,6.501,6.5
15:32:20,742,1,subida,0.021139,0.021140,0.021124,15.420000,6.5,6.501,6.5
15:32:20,744,1,subida,0.021139,0.021140,0.021124,15.420000,6.5,6.501,6.5
15:32:20,745,1,subida,0.021139,0.021140,0.021126,15.420000,6.5,6.501,6.5
15:32:20,746,1,subida,0.021141,0.021140,0.021124,15.420000,6.5,6.501,6.5
15:32:20,748,1,subida,0.021140,0.021140,0.021124,15.420000,6.5,6.501,6.5
15:32:20,749,1,subida,0.021140,0.021140,0.021125,15.420000,6.501,6.5,6.5
15:32:20,750,1,subida,0.021141,0.021140,0.021125,15.420000,6.5,6.5,6.5
15:32:20,751,1,subida,0.021141,0.021140,0.021124,15.420000,6.501,6.5,6.5
15:32:20,753,1,subida,0.021141,0.021140,0.021124,15.420000,6.501,6.5,6.5
15:32:20,754,1,subida,0.021141,0.021140,0.021124,15.420000,6.5,6.501,6.5
15:32:20,755,1,subida,0.021141,0.021140,0.021123,15.420000,6.5,6.5,6.5
15:32:20,757,1,subida,0.021140,0.021140,0.021124,15.420000,6.5,6.501,6.5
15:32:20,758,1,subida,0.021140,0.021140,0.021125,15.420000,6.5,6.5,6.5
15:32:21,760,1,subida,0.021142,0.021140,0.021126,15.420000,6.5,6.501,6.5
15:32:21,761,1,subida,0.021143,0.021141,0.021127,15.420000,6.5,6.501,6.5
15:32:21,762,1,subida,0.021144,0.021141,0.021128,15.420000,6.5,6.5,6.5
15:32:21,764,1,subida,0.021144,0.021141,0.021126,15.420000,6.5,6.5,6.5
15:32:21,766,1,subida,0.021144,0.021141,0.021128,15.420000,6.5,6.5,6.5
15:32:21,769,1,subida,0.021143,0.021142,0.021127,15.420000,6.5,6.5,6.5
15:32:21,770,1,subida,0.021143,0.021142,0.021126,15.420000,6.5,6.5,6.5
15:32:21,771,1,subida,0.021143,0.021142,0.021126,15.420000,6.5,6.5,6.5
15:32:21,772,1,subida,0.021143,0.021142,0.021125,15.420000,6.5,6.5,6.5
15:32:21,773,1,subida,0.021142,0.021142,0.021124,15.420000,6.5,6.5,6.5
15:32:21,775,1,subida,0.021141,0.021142,0.021124,15.420000,6.5,6.5,6.5
15:32:21,777,1,subida,0.021141,0.021142,0.021124,15.420000,6.5,6.5,6.5
15:32:21,778,1,subida,0.021141,0.021142,0.021124,15.420000,6.5,6.5,6.5
15:32:21,779,1,subida,0.021141,0.021142,0.021127,15.420000,6.5,6.5,6.5
15:32:21,781,1,subida,0.021143,0.021142,0.021126,15.420000,6.5,6.5,6.5
15:32:21,782,1,subida,0.021143,0.021142,0.021126,15.420000,6.5,6.5,6.5
15:32:21,783,1,subida,0.021143,0.021142,0.021126,15.420000,6.5,6.5,6.5
15:32:21,784,1,subida,0.021143,0.021142,0.021126,15.420000,6.5,6.5,6.5
15:32:21,786,1,subida,0.021142,0.021142,0.021125,15.420000,6.5,6.5,6.5
15:32:21,787,1,subida,0.021142,0.021142,0.021123,15.420000,6.5,6.5,6.5
15:32:22,788,1,subida,0.021141,0.021142,0.021123,15.420000,6.5,6.5,6.5
15:32:22,791,1,subida,0.021141,0.021142,0.021126,15.420000,6.5,6.5,6.5
15:32:22,793,1,subida,0.021141,0.021142,0.021125,15.420000,6.5,6.5,6.5
15:32:22,794,1,subida,0.021142,0.021142,0.021125,15.420000,6.5,6.5,6.5
15:32:22,796,1,subida,0.021141,0.021142,0.021121,15.420000,6.5,6.499,6.5
15:32:22,799,1,subida,0.021138,0.021141,0.021120,15.420000,6.5,6.5,6.5
15:32:22,800,1,subida,0.021137,0.021141,0.021119,15.420000,6.5,6.5,6.5
15:32:22,801,1,subida,0.021136,0.021140,0.021117,15.420000,6.5,6.499,6.5
15:32:22,802,1,subida,0.021136,0.021140,0.021120,15.420000,6.5,6.499,6.5
15:32:22,803,1,subida,0.021136,0.021140,0.021119,15.420000,6.5,6.5,6.5
15:32:22,805,1,subida,0.021136,0.021139,0.021121,15.420000,6.5,6.499,6.5
15:32:22,808,1,subida,0.021139,0.021139,0.021123,15.420000,6.5,6.499,6.5
15:32:22,809,1,subida,0.021140,0.021139,0.021122,15.420000,6.5,6.5,6.5
15:32:22,810,1,subida,0.021139,0.021139,0.021122,15.420000,6.5,6.499,6.5
15:32:22,811,1,subida,0.021139,0.021139,0.021121,15.420000,6.5,6.5,6.5
15:32:22,812,1,subida,0.021138,0.021139,0.021121,15.420000,6.5,6.5,6.5
15:32:22,813,1,subida,0.021138,0.021139,0.021119,15.420000,6.5,6.499,6.5
15:32:23,815,1,subida,0.021137,0.021139,0.021118,15.420000,6.5,6.5,6.5
15:32:23,816,1,subida,0.021136,0.021139,0.021118,15.420000,6.5,6.499,6.5
15:32:23,817,1,subida,0.021135,0.021138,0.021119,15.420000,6.5,6.5,6.5
15:32:23,818,1,subida,0.021135,0.021138,0.021118,15.420000,6.5,6.499,6.5
15:32:23,820,1,subida,0.021135,0.021138,0.021119,15.420000,6.5,6.5,6.5
15:32:23,821,1,subida,0.021136,0.021138,0.021120,15.420000,6.5,6.499,6.5
15:32:23,822,1,subida,0.021137,0.021138,0.021122,15.420000,6.5,6.499,6.5
15:32:23,824,1,subida,0.021138,0.021138,0.021119,15.420000,6.5,6.5,6.5
15:32:23,825,1,subida,0.021137,0.021137,0.021119,15.420000,6.5,6.5,6.5
15:32:23,826,1,subida,0.021136,0.021137,0.021118,15.420000,6.5,6.5,6.5
15:32:23,827,1,subida,0.021136,0.021137,0.021118,15.420000,6.5,6.5,6.5
15:32:23,828,1,subida,0.021135,0.021137,0.021117,15.420000,6.5,6.499,6.5
15:32:23,829,1,subida,0.021135,0.021137,0.021119,15.420000,6.5,6.499,6.5
15:32:23,831,1,subida,0.021135,0.021137,0.021118,15.420000,6.5,6.499,6.5
15:32:23,832,1,subida,0.021135,0.021137,0.021119,15.420000,6.5,6.499,6.5
15:32:23,834,1,subida,0.021135,0.021136,0.021119,15.420000,6.5,6.499,6.5
15:32:23,835,1,subida,0.021136,0.021136,0.021118,15.420000,6.5,6.499,6.5
15:32:23,836,1,subida,0.021135,0.021136,0.021117,15.420000,6.5,6.5,6.5
15:32:23,837,1,subida,0.021135,0.021136,0.021120,15.420000,6.5,6.5,6.5
15:32:24,839,1,subida,0.021136,0.021136,0.021118,15.420000,6.5,6.499,6.5
15:32:24,840,1,subida,0.021135,0.021136,0.021119,15.420000,6.5,6.5,6.5
15:32:24,841,1,subida,0.021135,0.021136,0.021119,15.420000,6.5,6.499,6.5
15:32:24,843,1,subida,0.021136,0.021136,0.021117,15.420000,6.5,6.499,6.5
15:32:24,844,1,subida,0.021135,0.021136,0.021117,15.420000,6.5,6.5,6.5
15:32:24,845,1,subida,0.021135,0.021136,0.021118,15.420000,6.5,6.499,6.5
15:32:24,847,1,subida,0.021135,0.021136,0.021121,15.420000,6.5,6.5,6.5
15:32:24,848,1,subida,0.021137,0.021136,0.021122,15.420000,6.5,6.499,6.5
15:32:24,849,1,subida,0.021138,0.021136,0.021120,15.420000,6.5,6.5,6.5
15:32:24,850,1,subida,0.021136,0.021136,0.021118,15.420000,6.5,6.5,6.5
15:32:24,852,1,subida,0.021135,0.021136,0.021118,15.420000,6.5,6.5,6.5
15:32:24,853,1,subida,0.021135,0.021136,0.021119,15.420000,6.5,6.5,6.5
15:32:24,855,1,subida,0.021136,0.021136,0.021120,15.420000,6.5,6.5,6.5
15:32:24,856,1,subida,0.021136,0.021136,0.021120,15.420000,6.5,6.499,6.5
15:32:24,857,1,subida,0.021137,0.021136,0.021121,15.420000,6.5,6.5,6.5
15:32:24,858,1,subida,0.021137,0.021136,0.021121,15.420000,6.5,6.499,6.5
15:32:24,860,1,subida,0.021137,0.021136,0.021117,15.420000,6.5,6.499,6.5
15:32:24,861,1,subida,0.021135,0.021136,0.021118,15.420000,6.5,6.5,6.5
15:32:24,863,1,subida,0.021134,0.021136,0.021117,15.420000,6.5,6.5,6.5
15:32:24,864,1,subida,0.021134,0.021136,0.021117,15.420000,6.5,6.5,6.5
15:32:25,866,1,subida,0.021134,0.021135,0.021118,15.420000,6.5,6.499,6.5
15:32:25,867,1,subida,0.021134,0.021135,0.021119,15.420000,6.5,6.5,6.5
15:32:25,868,1,subida,0.021135,0.021135,0.021118,15.420000,6.5,6.5,6.5
15:32:25,869,1,subida,0.021136,0.021135,0.021121,15.420000,6.5,6.5,6.5
15:32:25,871,1,subida,0.021137,0.021135,0.021122,15.420000,6.5,6.5,6.5
15:32:25,874,1,subida,0.021139,0.021136,0.021122,15.420000,6.5,6.5,6.5
15:32:25,875,1,subida,0.021139,0.021136,0.021121,15.420000,6.5,6.5,6.5
15:32:25,876,1,subida,0.021139,0.021137,0.021120,15.420000,6.5,6.5,6.5
15:32:25,878,1,subida,0.021138,0.021137,0.021119,15.420000,6.5,6.5,6.5
15:32:25,880,1,subida,0.021136,0.021137,0.021118,15.420000,6.5,6.5,6.5
15:32:25,882,1,subida,0.021135,0.021137,0.021118,15.420000,6.5,6.5,6.5
15:32:25,884,1,subida,0.021136,0.021136,0.021119,15.420000,6.5,6.5,6.5
15:32:25,885,1,subida,0.021136,0.021136,0.021119,15.420000,6.5,6.5,6.5
15:32:25,887,1,subida,0.021136,0.021136,0.021120,15.420000,6.5,6.5,6.5
15:32:25,890,1,subida,0.021136,0.021136,0.021120,15.420000,6.5,6.5,6.5
15:32:25,891,1,subida,0.021137,0.021136,0.021121,15.420000,6.5,6.5,6.5
15:32:25,892,1,subida,0.021137,0.021136,0.021114,15.420000,6.5,6.5,6.5
15:32:26,893,1,subida,0.021134,0.021136,0.021118,15.420000,6.5,6.5,6.5
15:32:26,894,1,subida,0.021132,0.021136,0.021120,15.420000,6.5,6.5,6.5
15:32:26,895,1,subida,0.021135,0.021136,0.021120,15.420000,6.5,6.5,6.5
15:32:26,896,1,subida,0.021137,0.021136,0.021120,15.420000,6.5,6.5,6.5
15:32:26,897,1,subida,0.021136,0.021136,0.021119,15.420000,6.5,6.5,6.5
15:32:26,899,1,subida,0.021137,0.021136,0.021120,15.420000,6.5,6.5,6.5
15:32:26,900,1,subida,0.021137,0.021136,0.021121,15.420000,6.501,6.5,6.5
15:32:26,902,1,subida,0.021138,0.021136,0.021124,15.420000,6.5,6.5,6.5
15:32:26,903,1,subida,0.021139,0.021137,0.021123,15.420000,6.5,6.5,6.5
15:32:26,905,1,subida,0.021140,0.021137,0.021122,15.420000,6.5,6.5,6.5
15:32:26,906,1,subida,0.021138,0.021137,0.021121,15.420000,6.5,6.5,6.5
15:32:26,908,1,subida,0.021138,0.021137,0.021121,15.420000,6.5,6.5,6.5
15:32:26,909,1,subida,0.021138,0.021137,0.021122,15.420000,6.5,6.5,6.5
15:32:26,910,1,subida,0.021139,0.021137,0.021122,15.420000,6.5,6.5,6.5
15:32:26,912,1,subida,0.021139,0.021137,0.021123,15.420000,6.5,6.5,6.5
15:32:26,913,1,subida,0.021140,0.021138,0.021123,15.420000,6.5,6.5,6.5
15:32:26,914,1,subida,0.021140,0.021138,0.021123,15.420000,6.5,6.501,6.5
15:32:26,915,1,subida,0.021140,0.021138,0.021125,15.420000,6.5,6.5,6.5
15:32:26,917,1,subida,0.021140,0.021138,0.021124,15.420000,6.5,6.501,6.5
15:32:27,918,1,subida,0.021141,0.021139,0.021126,15.420000,6.5,6.501,6.5
15:32:27,919,1,subida,0.021142,0.021139,0.021125,15.420000,6.5,6.5,6.5
15:32:27,920,1,subida,0.021141,0.021139,0.021124,15.420000,6.5,6.501,6.5
15:32:27,922,1,subida,0.021141,0.021139,0.021125,15.420000,6.5,6.5,6.5
15:32:27,923,1,subida,0.021141,0.021139,0.021124,15.420000,6.5,6.501,6.5
15:32:27,925,1,subida,0.021141,0.021140,0.021125,15.420000,6.5,6.501,6.5
15:32:27,926,1,subida,0.021142,0.021140,0.021127,15.420000,6.5,6.501,6.5
15:32:27,928,1,subida,0.021143,0.021140,0.021125,15.420000,6.501,6.5,6.5
15:32:27,929,1,subida,0.021142,0.021140,0.021126,15.420000,6.5,6.501,6.5
15:32:27,931,1,subida,0.021142,0.021140,0.021127,15.420000,6.501,6.5,6.5
15:32:27,932,1,subida,0.021143,0.021141,0.021127,15.420000,6.5,6.501,6.5
15:32:27,934,1,subida,0.021143,0.021141,0.021123,15.420000,6.501,6.5,6.5
15:32:27,935,1,subida,0.021141,0.021141,0.021125,15.420000,6.5,6.501,6.5
15:32:27,936,1,subida,0.021141,0.021141,0.021125,15.420000,6.501,6.5,6.5
15:32:27,938,1,subida,0.021141,0.021141,0.021125,15.420000,6.501,6.5,6.5
15:32:27,939,1,subida,0.021141,0.021141,0.021124,15.420000,6.5,6.501,6.5
15:32:27,940,1,subida,0.021141,0.021141,0.021125,15.420000,6.501,6.5,6.5
15:32:27,941,1,subida,0.021142,0.021141,0.021129,15.420000,6.5,6.501,6.5
15:32:27,943,1,subida,0.021143,0.021141,0.021127,15.420000,6.5,6.501,6.5
15:32:27,944,1,subida,0.021144,0.021141,0.021128,15.420000,6.5,6.5,6.5
15:32:27,945,1,subida,0.021144,0.021142,0.021127,15.420000,6.5,6.501,6.5
15:32:28,947,1,subida,0.021143,0.021142,0.021127,15.420000,6.5,6.501,6.5
15:32:28,948,1,subida,0.021143,0.021142,0.021128,15.420000,6.5,6.501,6.5
15:32:28,949,1,subida,0.021145,0.021142,0.021128,15.420000,6.5,6.5,6.5
15:32:28,950,1,subida,0.021146,0.021142,0.021130,15.420000,6.5,6.501,6.5
15:32:28,952,1,subida,0.021145,0.021143,0.021126,15.420000,6.5,6.501,6.5
15:32:28,953,1,subida,0.021144,0.021143,0.021127,15.420000,6.5,6.5,6.5
15:32:28,955,1,subida,0.021142,0.021143,0.021125,15.420000,6.5,6.5,6.5
15:32:28,956,1,subida,0.021142,0.021143,0.021124,15.420000,6.5,6.501,6.5
15:32:28,957,1,subida,0.021141,0.021143,0.021124,15.420000,6.5,6.501,6.5
15:32:28,958,1,subida,0.021140,0.021142,0.021124,15.420000,6.5,6.501,6.5
15:32:28,960,1,subida,0.021141,0.021142,0.021126,15.420000,6.5,6.501,6.5
15:32:28,962,1,subida,0.021142,0.021142,0.021126,15.420000,6.5,6.501,6.5
15:32:28,963,1,subida,0.021142,0.021142,0.021126,15.420000,6.5,6.501,6.5
15:32:28,964,1,subida,0.021142,0.021142,0.021124,15.420000,6.5,6.501,6.5
15:32:28,965,1,subida,0.021141,0.021142,0.021124,15.420000,6.5,6.5,6.5
15:32:28,967,1,subida,0.021141,0.021142,0.021126,15.420000,6.5,6.501,6.5
15:32:28,968,1,subida,0.021141,0.021142,0.021125,15.420000,6.5,6.501,6.5
15:32:28,970,1,subida,0.021142,0.021142,0.021127,15.420000,6.5,6.501,6.5
15:32:28,971,1,subida,0.021143,0.021142,0.021125,15.420000,6.5,6.5,6.5
15:32:28,972,1,subida,0.021142,0.021142,0.021124,15.420000,6.5,6.5,6.5
15:32:29,973,1,subida,0.021140,0.021142,0.021123,15.420000,6.5,6.5,6.5
15:32:29,975,1,subida,0.021140,0.021142,0.021126,15.420000,6.5,6.5,6.5
15:32:29,977,1,subida,0.021141,0.021142,0.021124,15.420000,6.5,6.5,6.5
15:32:29,978,1,subida,0.021140,0.021141,0.021124,15.420000,6.5,6.501,6.5
15:32:29,980,1,subida,0.021140,0.021141,0.021124,15.420000,6.5,6.5,6.5
15:32:29,981,1,subida,0.021140,0.021141,0.021124,15.420000,6.5,6.5,6.5
15:32:29,983,1,subida,0.021140,0.021141,0.021124,15.420000,6.5,6.5,6.5
15:32:29,984,1,subida,0.021140,0.021141,0.021124,15.420000,6.5,6.5,6.5
15:32:29,985,1,subida,0.021141,0.021141,0.021125,15.420000,6.5,6.5,6.5
15:32:29,987,1,subida,0.021141,0.021141,0.021123,15.420000,6.5,6.5,6.5
15:32:29,988,1,subida,0.021141,0.021141,0.021125,15.420000,6.5,6.5,6.5
15:32:29,989,1,subida,0.021141,0.021141,0.021124,15.420000,6.5,6.5,6.5
15:32:29,991,1,subida,0.021141,0.021141,0.021125,15.420000,6.5,6.5,6.5
15:32:29,992,1,subida,0.021141,0.021141,0.021124,15.420000,6.5,6.499,6.5
15:32:29,993,1,subida,0.021141,0.021141,0.021123,15.420000,6.5,6.499,6.5
15:32:29,995,1,subida,0.021139,0.021141,0.021120,15.420000,6.5,6.5,6.5
15:32:29,996,1,subida,0.021138,0.021140,0.021120,15.420000,6.5,6.5,6.5
15:32:29,997,1,subida,0.021137,0.021140,0.021121,15.420000,6.5,6.499,6.5
15:32:29,998,1,subida,0.021137,0.021140,0.021121,15.420000,6.5,6.499,6.5
15:32:30,999,1,subida,0.021137,0.021140,0.021120,15.420000,6.5,6.499,6.5
15:32:30,1000,1,subida,0.021137,0.021139,0.021120,15.420000,6.5,6.499,6.5
15:32:30,1001,1,subida,0.021136,0.021139,0.021119,15.420000,6.5,6.499,6.5
15:32:30,1002,1,subida,0.021136,0.021139,0.021118,15.420000,6.5,6.499,6.5
15:32:30,1003,1,subida,0.021135,0.021138,0.021119,15.420000,6.5,6.499,6.5
15:32:30,1004,1,subida,0.021135,0.021138,0.021120,15.420000,6.5,6.499,6.5
15:32:30,1005,1,subida,0.021136,0.021138,0.021119,15.420000,6.5,6.5,6.5
15:32:30,1007,1,subida,0.021136,0.021138,0.021121,15.420000,6.5,6.499,6.5
15:32:30,1008,1,subida,0.021135,0.021137,0.021119,15.420000,6.5,6.499,6.5
15:32:30,1011,1,subida,0.021134,0.021137,0.021120,15.420000,6.5,6.499,6.5
15:32:30,1012,1,subida,0.021135,0.021137,0.021117,15.420000,6.5,6.499,6.5
15:32:30,1013,1,subida,0.021135,0.021137,0.021119,15.420000,6.5,6.5,6.5
15:32:30,1015,1,subida,0.021135,0.021136,0.021119,15.420000,6.5,6.5,6.5
15:32:30,1017,1,subida,0.021136,0.021136,0.021119,15.420000,6.499,6.5,6.5
15:32:30,1018,1,subida,0.021136,0.021136,0.021118,15.420000,6.5,6.5,6.5
15:32:30,1019,1,subida,0.021136,0.021136,0.021120,15.420000,6.5,6.499,6.5
15:32:30,1020,1,subida,0.021137,0.021136,0.021120,15.420000,6.5,6.5,6.5
15:32:30,1021,1,subida,0.021138,0.021136,0.021122,15.420000,6.5,6.5,6.5
15:32:30,1023,1,subida,0.021137,0.021137,0.021118,15.420000,6.5,6.5,6.5
15:32:31,1024,1,subida,0.021135,0.021136,0.021119,15.420000,6.5,6.5,6.5
15:32:31,1025,1,subida,0.021135,0.021136,0.021120,15.420000,6.5,6.5,6.5
15:32:31,1027,1,subida,0.021136,0.021136,0.021121,15.420000,6.5,6.5,6.5
15:32:31,1028,1,subida,0.021137,0.021136,0.021120,15.420000,6.5,6.499,6.5
15:32:31,1030,1,subida,0.021137,0.021136,0.021119,15.420000,6.5,6.499,6.5
15:32:31,1031,1,subida,0.021137,0.021136,0.021119,15.420000,6.5,6.5,6.5
15:32:31,1032,1,subida,0.021136,0.021136,0.021122,15.420000,6.5,6.499,6.5
15:32:31,1033,1,subida,0.021137,0.021136,0.021123,15.420000,6.5,6.499,6.5
15:32:31,1035,1,subida,0.021138,0.021137,0.021122,15.420000,6.5,6.5,6.5
15:32:31,1036,1,subida,0.021138,0.021137,0.021122,15.420000,6.5,6.5,6.5
15:32:31,1037,1,subida,0.021138,0.021137,0.021122,15.420000,6.5,6.5,6.5
15:32:31,1039,1,subida,0.021139,0.021137,0.021123,15.420000,6.5,6.499,6.5
15:32:31,1040,1,subida,0.021139,0.021137,0.021122,15.420000,6.5,6.5,6.5
15:32:31,1041,1,subida,0.021138,0.021137,0.021122,15.420000,6.5,6.5,6.5
15:32:31,1043,1,subida,0.021138,0.021137,0.021121,15.420000,6.5,6.499,6.5
15:32:31,1044,1,subida,0.021137,0.021137,0.021120,15.420000,6.5,6.5,6.5
15:32:31,1046,1,subida,0.021137,0.021137,0.021118,15.420000,6.5,6.5,6.5
15:32:31,1047,1,subida,0.021136,0.021137,0.021119,15.420000,6.5,6.5,6.5
15:32:31,1049,1,subida,0.021136,0.021137,0.021121,15.420000,6.5,6.5,6.5
15:32:31,1050,1,subida,0.021137,0.021137,0.021121,15.420000,6.5,6.5,6.5
15:32:31,1051,1,subida,0.021138,0.021137,0.021122,15.420000,6.5,6.5,6.5
15:32:32,1053,1,subida,0.021138,0.021137,0.021123,15.420000,6.5,6.5,6.5
15:32:32,1054,1,subida,0.021138,0.021137,0.021122,15.420000,6.5,6.5,6.5
15:32:32,1055,1,subida,0.021138,0.021137,0.021121,15.420000,6.5,6.5,6.5
15:32:32,1056,1,subida,0.021138,0.021137,0.021120,15.420000,6.5,6.5,6.5
15:32:32,1057,1,subida,0.021137,0.021137,0.021120,15.420000,6.5,6.499,6.5
15:32:32,1058,1,subida,0.021136,0.021137,0.021119,15.420000,6.5,6.5,6.5
15:32:32,1059,1,subida,0.021137,0.021137,0.021122,15.420000,6.5,6.5,6.5
15:32:32,1060,1,subida,0.021137,0.021137,0.021121,15.420000,6.5,6.5,6.5
15:32:32,1062,1,subida,0.021137,0.021137,0.021121,15.420000,6.5,6.5,6.5
15:32:32,1063,1,subida,0.021137,0.021137,0.021122,15.420000,6.5,6.5,6.5
15:32:32,1065,1,subida,0.021138,0.021137,0.021122,15.420000,6.5,6.5,6.5
15:32:32,1066,1,subida,0.021138,0.021137,0.021124,15.420000,6.5,6.5,6.5
15:32:32,1067,1,subida,0.021140,0.021138,0.021124,15.420000,6.5,6.5,6.5
15:32:32,1068,1,subida,0.021141,0.021138,0.021124,15.420000,6.5,6.5,6.5
15:32:32,1070,1,subida,0.021141,0.021138,0.021125,15.420000,6.5,6.5,6.5
15:32:32,1071,1,subida,0.021141,0.021138,0.021125,15.420000,6.5,6.5,6.5
15:32:32,1073,1,subida,0.021141,0.021139,0.021125,15.420000,6.5,6.5,6.5
15:32:32,1075,1,subida,0.021141,0.021139,0.021125,15.420000,6.5,6.5,6.5
15:32:32,1076,1,subida,0.021141,0.021139,0.021124,15.420000,6.5,6.5,6.5
15:32:33,1078,1,subida,0.021141,0.021139,0.021122,15.420000,6.5,6.5,6.5
15:32:33,1079,1,subida,0.021140,0.021139,0.021123,15.420000,6.5,6.5,6.5
15:32:33,1080,1,subida,0.021139,0.021139,0.021123,15.420000,6.5,6.5,6.5
15:32:33,1082,1,subida,0.021140,0.021139,0.021124,15.420000,6.5,6.5,6.5
15:32:33,1083,1,subida,0.021141,0.021139,0.021125,15.420000,6.5,6.5,6.5
15:32:33,1084,1,subida,0.021140,0.021140,0.021123,15.420000,6.5,6.5,6.5
15:32:33,1086,1,subida,0.021139,0.021140,0.021124,15.420000,6.5,6.5,6.5
15:32:33,1087,1,subida,0.021139,0.021140,0.021123,15.420000,6.5,6.5,6.5
15:32:33,1088,1,subida,0.021139,0.021139,0.021123,15.420000,6.5,6.5,6.5
15:32:33,1090,1,subida,0.021138,0.021139,0.021123,15.420000,6.5,6.5,6.5
15:32:33,1091,1,subida,0.021139,0.021139,0.021124,15.420000,6.5,6.501,6.5
15:32:33,1092,1,subida,0.021140,0.021139,0.021124,15.420000,6.5,6.5,6.5
15:32:33,1094,1,subida,0.021141,0.021139,0.021124,15.420000,6.5,6.5,6.5
15:32:33,1095,1,subida,0.021141,0.021140,0.021124,15.420000,6.5,6.5,6.5
15:32:33,1097,1,subida,0.021141,0.021140,0.021126,15.420000,6.5,6.5,6.5
15:32:33,1098,1,subida,0.021142,0.021140,0.021124,15.420000,6.5,6.5,6.5
15:32:33,1099,1,subida,0.021141,0.021140,0.021122,15.420000,6.5,6.5,6.5
15:32:33,1100,1,subida,0.021139,0.021140,0.021122,15.420000,6.5,6.5,6.5
15:32:33,1101,1,subida,0.021139,0.021140,0.021124,15.420000,6.5,6.501,6.5
15:32:33,1103,1,subida,0.021140,0.021140,0.021123,15.420000,6.5,6.5,6.5
15:32:34,1104,1,subida,0.021140,0.021140,0.021125,15.420000,6.5,6.5,6.5
15:32:34,1105,1,subida,0.021140,0.021140,0.021123,15.420000,6.5,6.5,6.5
15:32:34,1107,1,subida,0.021140,0.021140,0.021123,15.420000,6.5,6.501,6.5
15:32:34,1108,1,subida,0.021140,0.021140,0.021122,15.420000,6.5,6.5,6.5
15:32:34,1109,1,subida,0.021140,0.021140,0.021125,15.420000,6.5,6.501,6.5
15:32:34,1110,1,subida,0.021140,0.021140,0.021125,15.420000,6.5,6.5,6.5
15:32:34,1112,1,subida,0.021141,0.021140,0.021125,15.420000,6.5,6.5,6.5
15:32:34,1113,1,subida,0.021142,0.021140,0.021124,15.420000,6.5,6.5,6.5
15:32:34,1114,1,subida,0.021141,0.021140,0.021124,15.420000,6.5,6.501,6.5
15:32:34,1115,1,subida,0.021141,0.021140,0.021123,15.420000,6.5,6.5,6.5
15:32:34,1117,1,subida,0.021141,0.021140,0.021126,15.420000,6.5,6.5,6.5
15:32:34,1118,1,subida,0.021141,0.021140,0.021123,15.420000,6.5,6.5,6.5
15:32:34,1120,1,subida,0.021141,0.021140,0.021123,15.410000,6.5,6.5,6.5
15:32:34,1121,1,subida,0.021140,0.021140,0.021121,15.410000,6.5,6.5,6.5
15:32:34,1122,1,subida,0.021139,0.021140,0.021123,15.420000,6.5,6.5,6.5
15:32:34,1124,1,subida,0.021139,0.021140,0.021124,15.420000,6.5,6.5,6.5
15:32:34,1125,1,subida,0.021140,0.021140,0.021124,15.420000,6.5,6.5,6.5
15:32:34,1126,1,subida,0.021140,0.021140,0.021123,15.420000,6.5,6.5,6.5
15:32:34,1128,1,subida,0.021139,0.021140,0.021121,15.420000,6.5,6.5,6.5
15:32:35,1130,1,subida,0.021137,0.021140,0.021122,15.420000,6.5,6.5,6.5
15:32:35,1131,1,subida,0.021137,0.021140,0.021121,15.420000,6.5,6.5,6.5
15:32:35,1132,1,subida,0.021137,0.021139,0.021122,15.420000,6.5,6.5,6.5
15:32:35,1133,1,subida,0.021137,0.021139,0.021119,15.420000,6.499,6.5,6.5
15:32:35,1134,1,subida,0.021137,0.021139,0.021119,15.420000,6.5,6.5,6.5
15:32:35,1135,1,subida,0.021136,0.021139,0.021120,15.420000,6.5,6.5,6.5
15:32:35,1136,1,subida,0.021136,0.021138,0.021119,15.420000,6.5,6.5,6.5
15:32:35,1138,1,subida,0.021136,0.021138,0.021120,15.420000,6.5,6.5,6.5
15:32:35,1139,1,subida,0.021136,0.021138,0.021118,15.420000,6.5,6.5,6.5
15:32:35,1140,1,subida,0.021136,0.021138,0.021119,15.420000,6.5,6.499,6.5
15:32:35,1142,1,subida,0.021136,0.021138,0.021119,15.420000,6.5,6.499,6.5
15:32:35,1143,1,subida,0.021135,0.021137,0.021119,15.420000,6.5,6.499,6.5
15:32:35,1144,1,subida,0.021135,0.021137,0.021118,15.420000,6.5,6.499,6.5
15:32:35,1145,1,subida,0.021135,0.021137,0.021119,15.420000,6.5,6.5,6.5
15:32:35,1147,1,subida,0.021135,0.021137,0.021119,15.420000,6.5,6.499,6.5
15:32:35,1148,1,subida,0.021135,0.021137,0.021118,15.420000,6.5,6.499,6.5
15:32:35,1149,1,subida,0.021135,0.021136,0.021119,15.420000,6.5,6.499,6.5
15:32:35,1151,1,subida,0.021135,0.021136,0.021121,15.420000,6.5,6.5,6.5
15:32:35,1152,1,subida,0.021136,0.021136,0.021121,15.420000,6.5,6.499,6.5
15:32:35,1153,1,subida,0.021137,0.021136,0.021121,15.410000,6.5,6.499,6.5
15:32:35,1155,1,subida,0.021137,0.021137,0.021119,15.410000,6.5,6.5,6.5
15:32:36,1156,1,subida,0.021136,0.021137,0.021120,15.420000,6.5,6.499,6.5
15:32:36,1158,1,subida,0.021137,0.021137,0.021121,15.420000,6.5,6.499,6.5
15:32:36,1159,1,subida,0.021138,0.021137,0.021121,15.420000,6.5,6.5,6.5
15:32:36,1160,1,subida,0.021137,0.021137,0.021123,15.420000,6.5,6.5,6.5
15:32:36,1161,1,subida,0.021138,0.021137,0.021121,15.420000,6.5,6.5,6.5
15:32:36,1163,1,subida,0.021137,0.021137,0.021115,15.420000,6.5,6.499,6.5
15:32:36,1164,1,subida,0.021135,0.021137,0.021117,15.420000,6.5,6.5,6.5
15:32:36,1165,1,subida,0.021133,0.021136,0.021117,15.420000,6.5,6.5,6.5
15:32:36,1166,1,subida,0.021132,0.021136,0.021117,15.420000,6.5,6.499,6.5
15:32:36,1167,1,subida,0.021133,0.021136,0.021116,15.420000,6.5,6.5,6.5
15:32:36,1168,1,subida,0.021134,0.021135,0.021119,15.420000,6.5,6.5,6.5
15:32:36,1170,1,subida,0.021134,0.021135,0.021118,15.420000,6.5,6.5,6.5
15:32:36,1171,1,subida,0.021134,0.021135,0.021118,15.420000,6.5,6.499,6.5
15:32:36,1172,1,subida,0.021134,0.021135,0.021117,15.420000,6.5,6.5,6.5
15:32:36,1174,1,subida,0.021135,0.021135,0.021119,15.420000,6.5,6.5,6.5
15:32:36,1175,1,subida,0.021135,0.021135,0.021118,15.420000,6.499,6.5,6.5
15:32:36,1177,1,subida,0.021135,0.021135,0.021117,15.420000,6.5,6.5,6.5
15:32:36,1178,1,subida,0.021134,0.021135,0.021120,15.420000,6.5,6.5,6.5
15:32:36,1180,1,subida,0.021135,0.021135,0.021118,15.420000,6.5,6.5,6.5
15:32:36,1181,1,subida,0.021136,0.021135,0.021119,15.420000,6.5,6.5,6.5
15:32:37,1182,1,subida,0.021135,0.021135,0.021119,15.420000,6.5,6.5,6.5
15:32:37,1183,1,subida,0.021136,0.021135,0.021120,15.420000,6.5,6.5,6.5
15:32:37,1185,1,subida,0.021136,0.021135,0.021119,15.420000,6.5,6.5,6.5
15:32:37,1186,1,subida,0.021136,0.021135,0.021118,15.420000,6.5,6.5,6.5
15:32:37,1187,1,subida,0.021136,0.021135,0.021119,15.420000,6.5,6.5,6.5
15:32:37,1189,1,subida,0.021135,0.021135,0.021118,15.420000,6.5,6.501,6.5
15:32:37,1192,1,subida,0.021135,0.021135,0.021119,15.420000,6.5,6.5,6.5
15:32:37,1194,1,subida,0.021136,0.021135,0.021121,15.420000,6.5,6.5,6.5
15:32:37,1195,1,subida,0.021137,0.021135,0.021121,15.420000,6.5,6.5,6.5
15:32:37,1197,1,subida,0.021137,0.021136,0.021121,15.420000,6.5,6.5,6.5
15:32:37,1198,1,subida,0.021137,0.021136,0.021122,15.420000,6.5,6.5,6.5
15:32:37,1200,1,subida,0.021139,0.021136,0.021126,15.420000,6.5,6.5,6.5
15:32:37,1201,1,subida,0.021141,0.021137,0.021125,15.420000,6.5,6.5,6.5
15:32:37,1203,1,subida,0.021141,0.021137,0.021123,15.420000,6.5,6.5,6.5
15:32:37,1204,1,subida,0.021140,0.021137,0.021124,15.420000,6.5,6.501,6.5
15:32:37,1205,1,subida,0.021139,0.021137,0.021124,15.420000,6.5,6.5,6.5
15:32:37,1206,1,subida,0.021141,0.021138,0.021124,15.420000,6.5,6.5,6.5
15:32:37,1208,1,subida,0.021141,0.021138,0.021124,15.420000,6.5,6.5,6.5
15:32:37,1209,1,subida,0.021141,0.021138,0.021124,15.420000,6.5,6.5,6.5
15:32:38,1210,1,subida,0.021141,0.021139,0.021122,15.420000,6.5,6.5,6.5
15:32:38,1211,1,subida,0.021140,0.021139,0.021124,15.420000,6.5,6.5,6.5
15:32:38,1212,1,subida,0.021140,0.021139,0.021124,15.420000,6.5,6.5,6.5
15:32:38,1213,1,subida,0.021141,0.021139,0.021125,15.420000,6.5,6.501,6.5
15:32:38,1215,1,subida,0.021141,0.021139,0.021126,15.420000,6.5,6.501,6.5
15:32:38,1216,1,subida,0.021142,0.021140,0.021125,15.420000,6.5,6.5,6.5
15:32:38,1218,1,subida,0.021142,0.021140,0.021123,15.420000,6.5,6.5,6.5
15:32:38,1219,1,subida,0.021141,0.021140,0.021124,15.420000,6.5,6.5,6.5
15:32:38,1220,1,subida,0.021141,0.021140,0.021125,15.420000,6.5,6.5,6.5
15:32:38,1221,1,subida,0.021141,0.021140,0.021124,15.420000,6.5,6.5,6.5
15:32:38,1223,1,subida,0.021141,0.021140,0.021122,15.420000,6.5,6.5,6.5
15:32:38,1224,1,subida,0.021139,0.021140,0.021122,15.420000,6.5,6.5,6.5
15:32:38,1226,1,subida,0.021139,0.021140,0.021123,15.420000,6.5,6.501,6.5
15:32:38,1227,1,subida,0.021139,0.021140,0.021123,15.420000,6.5,6.5,6.5
15:32:38,1229,1,subida,0.021139,0.021140,0.021125,15.420000,6.5,6.5,6.5
15:32:38,1230,1,subida,0.021140,0.021140,0.021125,15.420000,6.5,6.501,6.5
15:32:38,1232,1,subida,0.021141,0.021140,0.021126,15.420000,6.5,6.5,6.5
15:32:38,1233,1,subida,0.021142,0.021140,0.021126,15.420000,6.5,6.5,6.5
15:32:38,1234,1,subida,0.021142,0.021140,0.021127,15.420000,6.5,6.501,6.5
15:32:39,1235,1,subida,0.021143,0.021141,0.021125,15.420000,6.5,6.5,6.5
15:32:39,1236,1,subida,0.021143,0.021141,0.021127,15.420000,6.5,6.501,6.5
15:32:39,1238,1,subida,0.021143,0.021141,0.021126,15.420000,6.5,6.501,6.5
15:32:39,1239,1,subida,0.021143,0.021141,0.021128,15.420000,6.5,6.5,6.5
15:32:39,1241,1,subida,0.021142,0.021141,0.021125,15.420000,6.5,6.5,6.5
15:32:39,1242,1,subida,0.021142,0.021141,0.021124,15.420000,6.5,6.501,6.5
15:32:39,1244,1,subida,0.021142,0.021141,0.021126,15.420000,6.5,6.501,6.5
15:32:39,1245,1,subida,0.021143,0.021142,0.021126,15.420000,6.5,6.501,6.5
15:32:39,1247,1,subida,0.021143,0.021142,0.021127,15.420000,6.5,6.501,6.5
15:32:39,1248,1,subida,0.021143,0.021142,0.021129,15.420000,6.501,6.5,6.5
15:32:39,1249,1,subida,0.021144,0.021142,0.021128,15.420000,6.5,6.501,6.5
15:32:39,1250,1,subida,0.021144,0.021142,0.021128,15.420000,6.5,6.501,6.5
15:32:39,1251,1,subida,0.022448,0.022444,0.022427,15.420000,6.8,6.792,6.8
15:33:14,1252,1,subida,0.022448,0.022445,0.022427,15.420000,6.8,6.799,6.8
15:33:14,1253,1,subida,0.022449,0.022445,0.022424,15.420000,6.8,6.8,6.8
15:33:14,1254,1,subida,0.022447,0.022445,0.022423,15.420000,6.8,6.799,6.8
15:33:15,1255,1,subida,0.022446,0.022445,0.022425,15.420000,6.799,6.8,6.8
15:33:15,1256,1,subida,0.022446,0.022445,0.022425,15.420000,6.8,6.799,6.8
15:33:15,1257,1,subida,0.022446,0.022446,0.022427,15.420000,6.8,6.8,6.8
15:33:15,1258,1,subida,0.022446,0.022446,0.022428,15.420000,6.8,6.799,6.8
15:33:15,1259,1,subida,0.022445,0.022445,0.022427,15.410000,6.8,6.8,6.8
15:33:15,1260,1,subida,0.022444,0.022445,0.022427,15.410000,6.8,6.8,6.8
15:33:15,1261,1,subida,0.022445,0.022445,0.022425,15.410000,6.8,6.799,6.8
15:33:15,1262,1,subida,0.022446,0.022445,0.022424,15.410000,6.8,6.8,6.8
15:33:15,1263,1,subida,0.022447,0.022446,0.022423,15.420000,6.8,6.799,6.8
15:33:15,1264,1,subida,0.022446,0.022446,0.022426,15.420000,6.8,6.8,6.8
15:33:15,1265,1,subida,0.022446,0.022446,0.022426,15.420000,6.8,6.799,6.8
15:33:15,1266,1,subida,0.022447,0.022446,0.022427,15.420000,6.799,6.8,6.8
15:33:15,1267,1,subida,0.022448,0.022446,0.022426,15.420000,6.8,6.8,6.8
15:33:15,1268,1,subida,0.022449,0.022446,0.022425,15.420000,6.8,6.8,6.8
15:33:15,1269,1,subida,0.022448,0.022446,0.022427,15.420000,6.8,6.8,6.8
15:33:15,1270,1,subida,0.022447,0.022447,0.022426,15.420000,6.8,6.799,6.8
15:33:15,1271,1,subida,0.022448,0.022447,0.022428,15.420000,6.8,6.799,6.8
15:33:15,1272,1,subida,0.022448,0.022447,0.022428,15.420000,6.8,6.8,6.8
15:33:15,1273,1,subida,0.022448,0.022447,0.022427,15.420000,6.8,6.799,6.8
15:33:15,1274,1,subida,0.022448,0.022447,0.022427,15.420000,6.8,6.8,6.8
15:33:15,1275,1,subida,0.022449,0.022447,0.022427,15.420000,6.799,6.8,6.8
15:33:15,1276,1,subida,0.022450,0.022448,0.022427,15.420000,6.8,6.8,6.8
15:33:15,1277,1,subida,0.022450,0.022448,0.022428,15.420000,6.8,6.799,6.8
15:33:15,1278,1,subida,0.022450,0.022448,0.022430,15.420000,6.8,6.799,6.8
15:33:15,1279,1,subida,0.022450,0.022448,0.022428,15.420000,6.8,6.8,6.8
15:33:15,1280,1,subida,0.022449,0.022448,0.022429,15.420000,6.8,6.8,6.8
15:33:15,1281,1,subida,0.022450,0.022448,0.022428,15.420000,6.8,6.799,6.8
15:33:15,1282,1,subida,0.022450,0.022449,0.022428,15.420000,6.8,6.8,6.8
15:33:16,1283,1,subida,0.022449,0.022449,0.022427,15.410000,6.8,6.799,6.8
15:33:16,1284,1,subida,0.022449,0.022449,0.022428,15.410000,6.8,6.8,6.8
15:33:16,1285,1,subida,0.022449,0.022449,0.022426,15.420000,6.8,6.8,6.8
15:33:16,1286,1,subida,0.022448,0.022449,0.022425,15.420000,6.8,6.799,6.8
15:33:16,1287,1,subida,0.022447,0.022448,0.022427,15.420000,6.8,6.8,6.8
15:33:16,1288,1,subida,0.022448,0.022448,0.022426,15.420000,6.8,6.799,6.8
15:33:16,1289,1,subida,0.022449,0.022448,0.022427,15.420000,6.8,6.8,6.8
15:33:16,1290,1,subida,0.022449,0.022449,0.022427,15.420000,6.8,6.8,6.8
15:33:16,1291,1,subida,0.022449,0.022449,0.022424,15.420000,6.8,6.8,6.8
15:33:16,1292,1,subida,0.022448,0.022448,0.022425,15.420000,6.8,6.8,6.8
15:33:16,1293,1,subida,0.022448,0.022448,0.022427,15.420000,6.8,6.8,6.8
15:33:16,1294,1,subida,0.022449,0.022448,0.022426,15.420000,6.8,6.799,6.8
15:33:16,1295,1,subida,0.022449,0.022449,0.022428,15.410000,6.8,6.8,6.8
15:33:16,1296,1,subida,0.022448,0.022448,0.022428,15.410000,6.8,6.8,6.8
15:33:16,1297,1,subida,0.022447,0.022448,0.022427,15.410000,6.8,6.799,6.8
15:33:16,1298,1,subida,0.022447,0.022448,0.022429,15.410000,6.8,6.8,6.8
15:33:16,1299,1,subida,0.022447,0.022448,0.022428,15.420000,6.8,6.799,6.8
15:33:16,1300,1,subida,0.022447,0.022448,0.022428,15.420000,6.8,6.8,6.8
15:33:16,1301,1,subida,0.022448,0.022448,0.022428,15.410000,6.8,6.799,6.8
15:33:16,1302,1,subida,0.022448,0.022448,0.022426,15.410000,6.8,6.8,6.8
15:33:16,1303,1,subida,0.022449,0.022448,0.022426,15.410000,6.8,6.8,6.8
15:33:16,1304,1,subida,0.022448,0.022448,0.022428,15.410000,6.8,6.799,6.8
15:33:16,1305,1,subida,0.022448,0.022448,0.022428,15.410000,6.8,6.8,6.8
15:33:16,1306,1,subida,0.022448,0.022448,0.022427,15.410000,6.8,6.799,6.8
15:33:16,1307,1,subida,0.022446,0.022448,0.022426,15.410000,6.8,6.799,6.8
15:33:16,1308,1,subida,0.022445,0.022448,0.022427,15.410000,6.8,6.799,6.8
15:33:16,1309,1,subida,0.022444,0.022447,0.022425,15.410000,6.8,6.799,6.8
15:33:16,1310,1,subida,0.022444,0.022447,0.022426,15.410000,6.8,6.8,6.8
15:33:16,1311,1,subida,0.022443,0.022447,0.022426,15.410000,6.8,6.799,6.8
15:33:17,1312,1,subida,0.022442,0.022446,0.022427,15.410000,6.8,6.8,6.8
15:33:17,1313,1,subida,0.022443,0.022446,0.022427,15.410000,6.8,6.8,6.8
15:33:17,1314,1,subida,0.022444,0.022446,0.022425,15.410000,6.8,6.8,6.8
15:33:17,1315,1,subida,0.022445,0.022446,0.022425,15.410000,6.8,6.799,6.8
15:33:17,1316,1,subida,0.022445,0.022446,0.022424,15.420000,6.8,6.8,6.8
15:33:17,1317,1,subida,0.022443,0.022445,0.022426,15.420000,6.8,6.8,6.8
15:33:17,1318,1,subida,0.022442,0.022445,0.022425,15.410000,6.8,6.8,6.8
15:33:17,1319,1,subida,0.022442,0.022445,0.022425,15.410000,6.8,6.799,6.8
15:33:17,1320,1,subida,0.022443,0.022445,0.022425,15.420000,6.8,6.8,6.8
15:33:17,1321,1,subida,0.022444,0.022445,0.022426,15.420000,6.8,6.799,6.8
15:33:17,1322,1,subida,0.022444,0.022444,0.022426,15.410000,6.8,6.8,6.8
15:33:17,1323,1,subida,0.022444,0.022444,0.022425,15.410000,6.8,6.8,6.8
15:33:17,1324,1,subida,0.022445,0.022445,0.022425,15.410000,6.8,6.8,6.8
15:33:17,1325,1,subida,0.022445,0.022445,0.022425,15.410000,6.8,6.8,6.8
15:33:17,1326,1,subida,0.022444,0.022445,0.022428,15.410000,6.8,6.8,6.8
15:33:17,1327,1,subida,0.022445,0.022445,0.022425,15.410000,6.8,6.8,6.8
15:33:17,1328,1,subida,0.022446,0.022445,0.022424,15.410000,6.8,6.8,6.8
15:33:17,1329,1,subida,0.022446,0.022445,0.022425,15.410000,6.8,6.8,6.8
15:33:17,1330,1,subida,0.022446,0.022445,0.022426,15.410000,6.8,6.8,6.8
15:33:17,1331,1,subida,0.022446,0.022445,0.022428,15.410000,6.8,6.8,6.8
15:33:17,1332,1,subida,0.022446,0.022445,0.022427,15.410000,6.8,6.8,6.8
15:33:17,1333,1,subida,0.022445,0.022445,0.022427,15.410000,6.8,6.8,6.8
15:33:17,1334,1,subida,0.022444,0.022445,0.022426,15.410000,6.8,6.8,6.8
15:33:17,1335,1,subida,0.022444,0.022445,0.022426,15.410000,6.8,6.8,6.8
15:33:17,1336,1,subida,0.022445,0.022445,0.022425,15.410000,6.8,6.8,6.8
15:33:17,1337,1,subida,0.022444,0.022445,0.022425,15.410000,6.8,6.8,6.8
15:33:17,1338,1,subida,0.022443,0.022445,0.022424,15.410000,6.8,6.8,6.8
15:33:18,1339,1,subida,0.022443,0.022444,0.022425,15.410000,6.8,6.8,6.8
15:33:18,1340,1,subida,0.022444,0.022444,0.022428,15.410000,6.8,6.8,6.8
15:33:18,1341,1,subida,0.022445,0.022445,0.022426,15.410000,6.8,6.8,6.8
15:33:18,1342,1,subida,0.022446,0.022445,0.022426,15.410000,6.8,6.8,6.8
15:33:18,1343,1,subida,0.022446,0.022445,0.022428,15.410000,6.8,6.8,6.8
15:33:18,1344,1,subida,0.022446,0.022445,0.022426,15.410000,6.8,6.8,6.8
15:33:18,1345,1,subida,0.022445,0.022445,0.022425,15.410000,6.8,6.8,6.8
15:33:18,1346,1,subida,0.022444,0.022445,0.022426,15.410000,6.8,6.8,6.8
15:33:18,1348,1,subida,0.022445,0.022445,0.022426,15.410000,6.8,6.8,6.8
15:33:18,1349,1,subida,0.022444,0.022445,0.022426,15.410000,6.8,6.8,6.8
15:33:18,1350,1,subida,0.022444,0.022445,0.022425,15.410000,6.8,6.8,6.8
15:33:18,1351,1,subida,0.022444,0.022445,0.022427,15.410000,6.8,6.8,6.8
15:33:18,1353,1,subida,0.022444,0.022445,0.022426,15.410000,6.8,6.8,6.8
15:33:18,1354,1,subida,0.022443,0.022444,0.022429,15.410000,6.8,6.8,6.8
15:33:18,1355,1,subida,0.022443,0.022444,0.022428,15.410000,6.8,6.8,6.8
15:33:18,1356,1,subida,0.022443,0.022444,0.022427,15.410000,6.8,6.8,6.8
15:33:18,1358,1,subida,0.022443,0.022444,0.022427,15.410000,6.8,6.8,6.8
15:33:18,1359,1,subida,0.022443,0.022444,0.022428,15.410000,6.8,6.8,6.8
15:33:18,1360,1,subida,0.022443,0.022444,0.022427,15.410000,6.8,6.8,6.8
15:33:18,1361,1,subida,0.022443,0.022444,0.022425,15.410000,6.8,6.8,6.8
15:33:18,1362,1,subida,0.022444,0.022444,0.022425,15.410000,6.8,6.8,6.8
15:33:18,1363,1,subida,0.022443,0.022444,0.022426,15.410000,6.8,6.8,6.8
15:33:18,1364,1,subida,0.022441,0.022443,0.022428,15.410000,6.8,6.8,6.8
15:33:18,1365,1,subida,0.022442,0.022443,0.022429,15.410000,6.8,6.8,6.8
15:33:18,1366,1,subida,0.022443,0.022443,0.022429,15.410000,6.8,6.801,6.8
15:33:19,1368,1,subida,0.022444,0.022443,0.022432,15.410000,6.8,6.8,6.8
15:33:19,1369,1,subida,0.022443,0.022443,0.022428,15.410000,6.8,6.8,6.8
15:33:19,1370,1,subida,0.022443,0.022443,0.022428,15.410000,6.8,6.8,6.8
15:33:19,1371,1,subida,0.022443,0.022443,0.022430,15.410000,6.8,6.801,6.8
15:33:19,1372,1,subida,0.022443,0.022443,0.022431,15.410000,6.8,6.801,6.8
15:33:19,1373,1,subida,0.022445,0.022443,0.022430,15.410000,6.8,6.8,6.8
15:33:19,1374,1,subida,0.022444,0.022444,0.022431,15.410000,6.8,6.801,6.8
15:33:19,1375,1,subida,0.022444,0.022444,0.022431,15.410000,6.8,6.8,6.8
15:33:19,1376,1,subida,0.022444,0.022444,0.022431,15.410000,6.8,6.8,6.8
15:33:19,1377,1,subida,0.022443,0.022444,0.022432,15.410000,6.8,6.8,6.8
15:33:19,1378,1,subida,0.022443,0.022444,0.022430,15.410000,6.8,6.8,6.8
15:33:19,1379,1,subida,0.022443,0.022443,0.022430,15.410000,6.8,6.8,6.8
15:33:19,1380,1,subida,0.022443,0.022443,0.022429,15.410000,6.8,6.8,6.8
15:33:19,1381,1,subida,0.022444,0.022443,0.022430,15.410000,6.8,6.8,6.8
15:33:19,1382,1,subida,0.022445,0.022444,0.022431,15.410000,6.8,6.8,6.8
15:33:19,1383,1,subida,0.022446,0.022444,0.022431,15.410000,6.8,6.8,6.8
15:33:19,1384,1,subida,0.022445,0.022444,0.022431,15.410000,6.8,6.8,6.8
15:33:19,1385,1,subida,0.022444,0.022444,0.022432,15.410000,6.8,6.8,6.8
15:33:19,1386,1,subida,0.022445,0.022444,0.022432,15.410000,6.8,6.801,6.8
15:33:19,1387,1,subida,0.022444,0.022444,0.022434,15.410000,6.8,6.8,6.8
15:33:19,1388,1,subida,0.022443,0.022444,0.022431,15.410000,6.8,6.8,6.8
15:33:19,1389,1,subida,0.022443,0.022444,0.022432,15.410000,6.8,6.8,6.8
15:33:19,1390,1,subida,0.022445,0.022444,0.022433,15.410000,6.8,6.801,6.8
15:33:19,1391,1,subida,0.022446,0.022444,0.022435,15.410000,6.8,6.8,6.8
15:33:19,1392,1,subida,0.022447,0.022444,0.022434,15.410000,6.8,6.8,6.8
15:33:19,1393,1,subida,0.022447,0.022445,0.022434,15.410000,6.8,6.8,6.8
15:33:19,1394,1,subida,0.022447,0.022445,0.022435,15.410000,6.8,6.8,6.8
15:33:20,1395,1,subida,0.022447,0.022445,0.022435,15.410000,6.8,6.8,6.8
15:33:20,1396,1,subida,0.022448,0.022445,0.022435,15.410000,6.8,6.8,6.8
15:33:20,1397,1,subida,0.022448,0.022446,0.022436,15.410000,6.8,6.8,6.8
15:33:20,1398,1,subida,0.022448,0.022446,0.022437,15.410000,6.8,6.801,6.8
15:33:20,1399,1,subida,0.022449,0.022446,0.022435,15.410000,6.8,6.8,6.8
15:33:20,1400,1,subida,0.022448,0.022446,0.022433,15.410000,6.8,6.8,6.8
15:33:20,1401,1,subida,0.022448,0.022447,0.022432,15.410000,6.8,6.8,6.8
15:33:20,1402,1,subida,0.022447,0.022447,0.022433,15.410000,6.8,6.8,6.8
15:33:20,1403,1,subida,0.022447,0.022447,0.022433,15.410000,6.8,6.8,6.8
15:33:20,1404,1,subida,0.022448,0.022447,0.022434,15.410000,6.8,6.8,6.8
15:33:20,1405,1,subida,0.022450,0.022447,0.022437,15.410000,6.8,6.8,6.8
15:33:20,1406,1,subida,0.022450,0.022447,0.022435,15.410000,6.8,6.8,6.8
15:33:20,1407,1,subida,0.022450,0.022448,0.022434,15.410000,6.8,6.8,6.8
15:33:20,1408,1,subida,0.022450,0.022448,0.022433,15.410000,6.8,6.8,6.8
15:33:20,1409,1,subida,0.022451,0.022448,0.022431,15.410000,6.8,6.8,6.8
15:33:20,1410,1,subida,0.022452,0.022448,0.022433,15.410000,6.8,6.8,6.8
15:33:20,1411,1,subida,0.022452,0.022449,0.022432,15.410000,6.8,6.8,6.8
15:33:20,1412,1,subida,0.022452,0.022449,0.022433,15.410000,6.8,6.8,6.8
15:33:20,1413,1,subida,0.022453,0.022450,0.022435,15.410000,6.8,6.8,6.8
15:33:20,1414,1,subida,0.022453,0.022450,0.022434,15.410000,6.8,6.8,6.8
15:33:20,1416,1,subida,0.022451,0.022450,0.022435,15.410000,6.8,6.8,6.8
15:33:20,1417,1,subida,0.022450,0.022450,0.022432,15.410000,6.8,6.8,6.8
15:33:20,1418,1,subida,0.022451,0.022450,0.022431,15.410000,6.8,6.8,6.8
15:33:20,1419,1,subida,0.022452,0.022450,0.022429,15.410000,6.8,6.8,6.8
15:33:20,1420,1,subida,0.022453,0.022451,0.022429,15.410000,6.8,6.8,6.8
15:33:20,1421,1,subida,0.022451,0.022451,0.022428,15.410000,6.8,6.8,6.8
15:33:20,1422,1,subida,0.022450,0.022451,0.022430,15.410000,6.8,6.8,6.8
15:33:20,1423,1,subida,0.022450,0.022450,0.022430,15.410000,6.8,6.8,6.8
15:33:21,1424,1,subida,0.022451,0.022450,0.022430,15.410000,6.8,6.8,6.8
15:33:21,1425,1,subida,0.022451,0.022451,0.022432,15.410000,6.8,6.8,6.8
15:33:21,1426,1,subida,0.022451,0.022451,0.022430,15.410000,6.8,6.8,6.8
15:33:21,1427,1,subida,0.022450,0.022451,0.022430,15.410000,6.8,6.8,6.8
15:33:21,1428,1,subida,0.022448,0.022450,0.022432,15.410000,6.8,6.8,6.8
15:33:21,1429,1,subida,0.022446,0.022450,0.022431,15.410000,6.8,6.8,6.8
15:33:21,1430,1,subida,0.022446,0.022450,0.022432,15.410000,6.8,6.8,6.8
15:33:21,1431,1,subida,0.022447,0.022449,0.022430,15.410000,6.8,6.8,6.8
15:33:21,1432,1,subida,0.022448,0.022449,0.022430,15.410000,6.8,6.799,6.8
15:33:21,1433,1,subida,0.022448,0.022449,0.022432,15.410000,6.8,6.8,6.8
15:33:21,1434,1,subida,0.022448,0.022449,0.022431,15.410000,6.8,6.8,6.8
15:33:21,1435,1,subida,0.022449,0.022449,0.022432,15.410000,6.8,6.8,6.8
15:33:21,1436,1,subida,0.022449,0.022449,0.022432,15.410000,6.8,6.799,6.8
15:33:21,1437,1,subida,0.022448,0.022449,0.022430,15.410000,6.8,6.8,6.8
15:33:21,1438,1,subida,0.022448,0.022449,0.022428,15.410000,6.8,6.8,6.8
15:33:21,1439,1,subida,0.022449,0.022449,0.022429,15.410000,6.8,6.8,6.8
15:33:21,1440,1,subida,0.022449,0.022449,0.022430,15.410000,6.8,6.8,6.8
15:33:21,1441,1,subida,0.022450,0.022449,0.022430,15.410000,6.8,6.799,6.8
15:33:21,1442,1,subida,0.022448,0.022449,0.022429,15.410000,6.8,6.8,6.8
15:33:21,1443,1,subida,0.022447,0.022449,0.022429,15.410000,6.8,6.799,6.8
15:33:21,1444,1,subida,0.022447,0.022448,0.022428,15.410000,6.8,6.8,6.8
15:33:21,1445,1,subida,0.022446,0.022448,0.022429,15.410000,6.8,6.8,6.8
15:33:21,1446,1,subida,0.022446,0.022448,0.022431,15.400000,6.8,6.8,6.8
15:33:21,1447,1,subida,0.022446,0.022448,0.022432,15.400000,6.8,6.8,6.8
15:33:21,1448,1,subida,0.022447,0.022448,0.022432,15.410000,6.8,6.8,6.8
15:33:21,1449,1,subida,0.022449,0.022448,0.022433,15.410000,6.8,6.799,6.8
15:33:22,1450,1,subida,0.022450,0.022448,0.022431,15.400000,6.8,6.8,6.8
15:33:22,1451,1,subida,0.022449,0.022448,0.022431,15.400000,6.8,6.799,6.8
15:33:22,1452,1,subida,0.022448,0.022448,0.022430,15.410000,6.8,6.8,6.8
15:33:22,1453,1,subida,0.022448,0.022448,0.022429,15.410000,6.8,6.8,6.8
15:33:22,1454,1,subida,0.022447,0.022448,0.022429,15.400000,6.8,6.8,6.8
15:33:22,1456,1,subida,0.022446,0.022448,0.022427,15.400000,6.8,6.8,6.8
15:33:22,1458,1,subida,0.022446,0.022448,0.022428,15.400000,6.8,6.8,6.8
15:33:22,1459,1,subida,0.022446,0.022448,0.022428,15.400000,6.8,6.8,6.8
15:33:22,1460,1,subida,0.022446,0.022447,0.022429,15.400000,6.8,6.8,6.8
15:33:22,1462,1,subida,0.022447,0.022447,0.022429,15.400000,6.8,6.8,6.8
15:33:22,1463,1,subida,0.022447,0.022447,0.022429,15.400000,6.8,6.799,6.8
15:33:22,1464,1,subida,0.022447,0.022447,0.022430,15.400000,6.8,6.8,6.8
15:33:22,1465,1,subida,0.022447,0.022447,0.022431,15.400000,6.8,6.799,6.8
15:33:22,1466,1,subida,0.022448,0.022447,0.022431,15.410000,6.8,6.799,6.8
15:33:22,1468,1,subida,0.022448,0.022447,0.022431,15.410000,6.8,6.8,6.8
15:33:22,1469,1,subida,0.022448,0.022447,0.022428,15.400000,6.8,6.799,6.8
15:33:22,1470,1,subida,0.022447,0.022447,0.022429,15.400000,6.8,6.799,6.8
15:33:22,1471,1,subida,0.022446,0.022447,0.022429,15.400000,6.8,6.799,6.8
15:33:22,1473,1,subida,0.022446,0.022447,0.022426,15.400000,6.8,6.799,6.8
15:33:22,1474,1,subida,0.022445,0.022447,0.022428,15.400000,6.8,6.799,6.8
15:33:23,1476,1,subida,0.022444,0.022447,0.022426,15.400000,6.8,6.799,6.8
15:33:23,1477,1,subida,0.022444,0.022446,0.022427,15.400000,6.8,6.799,6.8
15:33:23,1479,1,subida,0.022444,0.022446,0.022426,15.400000,6.8,6.799,6.8
15:33:23,1480,1,subida,0.022443,0.022446,0.022424,15.400000,6.8,6.799,6.8
15:33:23,1481,1,subida,0.022442,0.022446,0.022427,15.400000,6.8,6.799,6.8
15:33:23,1482,1,subida,0.022443,0.022445,0.022427,15.410000,6.8,6.799,6.8
15:33:23,1484,1,subida,0.022445,0.022445,0.022428,15.410000,6.8,6.799,6.8
15:33:23,1486,1,subida,0.022445,0.022445,0.022428,15.400000,6.8,6.799,6.8
15:33:23,1487,1,subida,0.022445,0.022445,0.022427,15.400000,6.8,6.799,6.8
15:33:23,1488,1,subida,0.022445,0.022445,0.022428,15.400000,6.8,6.799,6.8
15:33:23,1489,1,subida,0.022445,0.022445,0.022425,15.400000,6.8,6.799,6.8
15:33:23,1490,1,subida,0.022443,0.022445,0.022426,15.400000,6.8,6.799,6.8
15:33:23,1492,1,subida,0.022443,0.022445,0.022426,15.400000,6.8,6.799,6.8
15:33:23,1493,1,subida,0.022443,0.022445,0.022426,15.400000,6.8,6.799,6.8
15:33:23,1495,1,subida,0.022443,0.022445,0.022428,15.400000,6.8,6.799,6.8
15:33:23,1496,1,subida,0.022444,0.022445,0.022426,15.410000,6.8,6.799,6.8
15:33:23,1497,1,subida,0.022444,0.022444,0.022427,15.410000,6.8,6.799,6.8
15:33:23,1498,1,subida,0.022444,0.022444,0.022427,15.400000,6.8,6.799,6.8
15:33:23,1500,1,subida,0.022444,0.022444,0.022427,15.400000,6.8,6.799,6.8
15:33:23,1501,1,subida,0.022444,0.022444,0.022426,15.410000,6.8,6.8,6.8
15:33:23,1503,1,subida,0.022444,0.022444,0.022426,15.410000,6.8,6.8,6.8
15:33:24,1505,1,subida,0.022444,0.022444,0.022428,15.400000,6.8,6.799,6.8
15:33:24,1506,1,subida,0.022445,0.022444,0.022428,15.400000,6.8,6.799,6.8
15:33:24,1507,1,subida,0.022445,0.022444,0.022429,15.410000,6.8,6.8,6.8
15:33:24,1508,1,subida,0.022445,0.022445,0.022428,15.410000,6.8,6.8,6.8
15:33:24,1509,1,subida,0.022445,0.022445,0.022427,15.400000,6.8,6.8,6.8
15:33:24,1511,1,subida,0.022445,0.022445,0.022427,15.400000,6.8,6.8,6.8
15:33:24,1512,1,subida,0.022445,0.022445,0.022428,15.400000,6.799,6.8,6.8
15:33:24,1513,1,subida,0.022445,0.022445,0.022428,15.400000,6.8,6.8,6.8
15:33:24,1515,1,subida,0.022445,0.022445,0.022429,15.400000,6.8,6.8,6.8
15:33:24,1516,1,subida,0.022446,0.022445,0.022430,15.400000,6.8,6.8,6.8
15:33:24,1517,1,subida,0.022446,0.022445,0.022428,15.400000,6.8,6.8,6.8
15:33:24,1519,1,subida,0.022446,0.022445,0.022428,15.400000,6.8,6.8,6.8
15:33:24,1521,1,subida,0.022445,0.022445,0.022428,15.410000,6.8,6.8,6.8
15:33:24,1522,1,subida,0.022445,0.022445,0.022428,15.410000,6.8,6.8,6.8
15:33:24,1523,1,subida,0.022445,0.022445,0.022428,15.400000,6.8,6.8,6.8
15:33:24,1524,1,subida,0.022445,0.022445,0.022429,15.400000,6.8,6.8,6.8
15:33:24,1525,1,subida,0.022446,0.022445,0.022430,15.410000,6.8,6.8,6.8
15:33:24,1526,1,subida,0.022448,0.022445,0.022431,15.410000,6.8,6.8,6.8
15:33:24,1528,1,subida,0.022448,0.022446,0.022430,15.400000,6.8,6.8,6.8
15:33:24,1529,1,subida,0.022448,0.022446,0.022430,15.400000,6.8,6.8,6.8
15:33:25,1530,1,subida,0.022448,0.022446,0.022430,15.400000,6.8,6.8,6.8
15:33:25,1532,1,subida,0.022447,0.022446,0.022430,15.400000,6.8,6.8,6.8
15:33:25,1533,1,subida,0.022446,0.022446,0.022428,15.400000,6.8,6.8,6.8
15:33:25,1535,1,subida,0.022446,0.022446,0.022427,15.400000,6.8,6.8,6.8
15:33:25,1536,1,subida,0.022446,0.022446,0.022428,15.400000,6.8,6.8,6.8
15:33:25,1538,1,subida,0.022446,0.022446,0.022428,15.400000,6.8,6.8,6.8
15:33:25,1539,1,subida,0.022446,0.022446,0.022428,15.400000,6.8,6.8,6.8
15:33:25,1540,1,subida,0.022446,0.022446,0.022429,15.400000,6.8,6.8,6.8
15:33:25,1542,1,subida,0.022446,0.022446,0.022428,15.400000,6.8,6.8,6.8
15:33:25,1543,1,subida,0.022446,0.022446,0.022430,15.400000,6.8,6.8,6.8
15:33:25,1544,1,subida,0.022446,0.022446,0.022428,15.410000,6.8,6.8,6.8
15:33:25,1545,1,subida,0.022446,0.022446,0.022428,15.410000,6.8,6.801,6.8
15:33:25,1546,1,subida,0.022447,0.022446,0.022431,15.400000,6.8,6.8,6.8
15:33:25,1548,1,subida,0.022447,0.022446,0.022430,15.400000,6.8,6.8,6.8
15:33:25,1549,1,subida,0.022447,0.022446,0.022428,15.400000,6.8,6.8,6.8
15:33:25,1551,1,subida,0.022446,0.022446,0.022428,15.400000,6.8,6.801,6.8
15:33:25,1552,1,subida,0.022445,0.022446,0.022429,15.400000,6.8,6.8,6.8
15:33:25,1554,1,subida,0.022446,0.022446,0.022427,15.400000,6.8,6.8,6.8
15:33:25,1555,1,subida,0.022445,0.022446,0.022428,15.400000,6.8,6.8,6.8
15:33:26,1558,1,subida,0.022446,0.022446,0.022429,15.410000,6.8,6.8,6.8
15:33:26,1560,1,subida,0.022447,0.022446,0.022430,15.410000,6.801,6.8,6.8
15:33:26,1561,1,subida,0.022447,0.022446,0.022428,15.410000,6.8,6.8,6.8
15:33:26,1562,1,subida,0.022446,0.022446,0.022428,15.410000,6.8,6.8,6.8
15:33:26,1563,1,subida,0.022446,0.022446,0.022429,15.410000,6.8,6.8,6.8
15:33:26,1564,1,subida,0.022446,0.022446,0.022429,15.410000,6.8,6.8,6.8
15:33:26,1566,1,subida,0.022446,0.022446,0.022430,15.410000,6.8,6.8,6.8
15:33:26,1567,1,subida,0.022448,0.022446,0.022433,15.410000,6.8,6.801,6.8
15:33:26,1568,1,subida,0.022449,0.022447,0.022433,15.400000,6.8,6.8,6.8
15:33:26,1570,1,subida,0.022449,0.022447,0.022430,15.400000,6.8,6.8,6.8
15:33:26,1571,1,subida,0.022448,0.022447,0.022431,15.400000,6.8,6.8,6.8
15:33:26,1573,1,subida,0.022448,0.022447,0.022432,15.400000,6.8,6.8,6.8
15:33:26,1574,1,subida,0.022449,0.022447,0.022430,15.410000,6.8,6.801,6.8
15:33:26,1575,1,subida,0.022449,0.022447,0.022432,15.410000,6.8,6.8,6.8
15:33:26,1576,1,subida,0.022449,0.022448,0.022432,15.400000,6.8,6.8,6.8
15:33:26,1578,1,subida,0.022450,0.022448,0.022433,15.400000,6.8,6.801,6.8
15:33:26,1579,1,subida,0.022450,0.022448,0.022434,15.410000,6.8,6.801,6.8
15:33:26,1580,1,subida,0.022451,0.022448,0.022434,15.410000,6.8,6.801,6.8
15:33:26,1582,1,subida,0.022451,0.022449,0.022435,15.410000,6.8,6.801,6.8
15:33:27,1583,1,subida,0.022452,0.022449,0.022436,15.410000,6.8,6.801,6.8
15:33:27,1586,1,subida,0.022453,0.022450,0.022436,15.400000,6.8,6.8,6.8
15:33:27,1587,1,subida,0.022452,0.022450,0.022435,15.400000,6.8,6.8,6.8
15:33:27,1588,1,subida,0.022452,0.022450,0.022433,15.400000,6.8,6.801,6.8
15:33:27,1590,1,subida,0.022452,0.022450,0.022433,15.400000,6.8,6.801,6.8
15:33:27,1593,1,subida,0.022450,0.022450,0.022432,15.400000,6.8,6.8,6.8
15:33:27,1594,1,subida,0.022450,0.022450,0.022432,15.400000,6.8,6.8,6.8
15:33:27,1595,1,subida,0.022449,0.022450,0.022432,15.410000,6.8,6.8,6.8
15:33:27,1596,1,subida,0.022449,0.022450,0.022431,15.410000,6.8,6.801,6.8
15:33:27,1598,1,subida,0.022449,0.022450,0.022432,15.400000,6.8,6.801,6.8
15:33:27,1599,1,subida,0.022449,0.022450,0.022430,15.400000,6.8,6.801,6.8
15:33:27,1600,1,subida,0.022448,0.022450,0.022429,15.410000,6.8,6.8,6.8
15:33:27,1602,1,subida,0.022447,0.022449,0.022430,15.410000,6.8,6.801,6.8
15:33:27,1603,1,subida,0.022447,0.022449,0.022428,15.410000,6.8,6.8,6.8
15:33:27,1604,1,subida,0.022447,0.022449,0.022430,15.410000,6.8,6.8,6.8
15:33:27,1606,1,subida,0.022447,0.022449,0.022428,15.400000,6.8,6.801,6.8
15:33:27,1607,1,subida,0.022447,0.022449,0.022429,15.400000,6.8,6.8,6.8
15:33:27,1608,1,subida,0.022445,0.022448,0.022428,15.400000,6.8,6.8,6.8
15:33:28,1609,1,subida,0.022446,0.022448,0.022428,15.400000,6.8,6.8,6.8
15:33:28,1610,1,subida,0.022446,0.022448,0.022429,15.410000,6.8,6.8,6.8
15:33:28,1611,1,subida,0.022446,0.022448,0.022429,15.410000,6.8,6.8,6.8
15:33:28,1612,1,subida,0.022447,0.022448,0.022428,15.400000,6.8,6.8,6.8
15:33:28,1615,1,subida,0.022448,0.022448,0.022432,15.410000,6.8,6.8,6.8
15:33:28,1616,1,subida,0.022449,0.022448,0.022433,15.410000,6.8,6.8,6.8
15:33:28,1618,1,subida,0.022449,0.022448,0.022429,15.410000,6.8,6.8,6.8
15:33:28,1619,1,subida,0.022448,0.022448,0.022429,15.410000,6.8,6.8,6.8
15:33:28,1620,1,subida,0.022446,0.022448,0.022429,15.410000,6.8,6.8,6.8
15:33:28,1622,1,subida,0.022447,0.022448,0.022430,15.410000,6.8,6.8,6.8
15:33:28,1623,1,subida,0.022447,0.022448,0.022431,15.400000,6.8,6.8,6.8
15:33:28,1624,1,subida,0.022448,0.022448,0.022432,15.400000,6.8,6.8,6.8
15:33:28,1625,1,subida,0.022449,0.022448,0.022431,15.400000,6.8,6.8,6.8
15:33:28,1626,1,subida,0.022448,0.022448,0.022429,15.400000,6.8,6.8,6.8
15:33:28,1629,1,subida,0.022444,0.022447,0.022427,15.400000,6.8,6.799,6.8
15:33:28,1631,1,subida,0.022444,0.022447,0.022430,15.410000,6.8,6.8,6.8
15:33:28,1632,1,subida,0.022446,0.022447,0.022429,15.410000,6.8,6.8,6.8
15:33:28,1633,1,subida,0.022447,0.022447,0.022428,15.410000,6.8,6.8,6.8
15:33:29,1634,1,subida,0.022446,0.022447,0.022427,15.410000,6.8,6.8,6.8
15:33:29,1635,1,subida,0.022445,0.022447,0.022430,15.410000,6.8,6.8,6.8
15:33:29,1637,1,subida,0.022446,0.022447,0.022429,15.410000,6.8,6.8,6.8
15:33:29,1638,1,subida,0.022447,0.022447,0.022430,15.400000,6.8,6.8,6.8
15:33:29,1640,1,subida,0.022447,0.022447,0.022431,15.400000,6.8,6.8,6.8
15:33:29,1641,1,subida,0.022448,0.022447,0.022431,15.410000,6.8,6.8,6.8
15:33:29,1642,1,subida,0.022448,0.022447,0.022432,15.410000,6.8,6.8,6.8
15:33:29,1643,1,subida,0.022448,0.022447,0.022431,15.410000,6.8,6.8,6.8
15:33:29,1645,1,subida,0.022449,0.022447,0.022432,15.400000,6.8,6.8,6.8
15:33:29,1646,1,subida,0.022450,0.022448,0.022434,15.400000,6.8,6.8,6.8
15:33:29,1647,1,subida,0.022449,0.022448,0.022433,15.400000,6.8,6.8,6.8
15:33:29,1649,1,subida,0.022448,0.022448,0.022430,15.400000,6.8,6.8,6.8
15:33:29,1650,1,subida,0.022447,0.022448,0.022431,15.400000,6.8,6.8,6.8
15:33:29,1652,1,subida,0.022448,0.022448,0.022431,15.400000,6.8,6.8,6.8
15:33:29,1653,1,subida,0.022448,0.022448,0.022430,15.410000,6.8,6.8,6.8
15:33:29,1654,1,subida,0.022448,0.022448,0.022430,15.410000,6.8,6.799,6.8
15:33:29,1656,1,subida,0.022447,0.022448,0.022428,15.400000,6.8,6.799,6.8
15:33:29,1657,1,subida,0.022446,0.022448,0.022428,15.400000,6.799,6.8,6.8
15:33:29,1658,1,subida,0.022446,0.022447,0.022430,15.410000,6.8,6.799,6.8
15:33:29,1660,1,subida,0.022446,0.022447,0.022429,15.410000,6.8,6.8,6.8
15:33:30,1661,1,subida,0.022446,0.022447,0.022429,15.400000,6.8,6.8,6.8
15:33:30,1662,1,subida,0.022446,0.022447,0.022430,15.400000,6.8,6.799,6.8
15:33:30,1663,1,subida,0.022446,0.022447,0.022429,15.400000,6.8,6.8,6.8
15:33:30,1665,1,subida,0.022447,0.022447,0.022431,15.400000,6.8,6.8,6.8
15:33:30,1666,1,subida,0.022448,0.022447,0.022431,15.400000,6.8,6.8,6.8
15:33:30,1668,1,subida,0.022448,0.022447,0.022429,15.400000,6.8,6.799,6.8
15:33:30,1669,1,subida,0.022448,0.022447,0.022429,15.410000,6.8,6.799,6.8
15:33:30,1670,1,subida,0.022447,0.022447,0.022429,15.410000,6.8,6.799,6.8
15:33:30,1671,1,subida,0.022447,0.022447,0.022430,15.400000,6.8,6.799,6.8
15:33:30,1672,1,subida,0.022447,0.022447,0.022430,15.400000,6.8,6.799,6.8
15:33:30,1674,1,subida,0.022447,0.022447,0.022429,15.400000,6.8,6.798,6.8
15:33:30,1675,1,subida,0.022447,0.022447,0.022427,15.400000,6.8,6.799,6.8
15:33:30,1677,1,subida,0.022446,0.022447,0.022428,15.400000,6.8,6.799,6.8
15:33:30,1678,1,subida,0.022445,0.022447,0.022425,15.400000,6.8,6.8,6.8
15:33:30,1680,1,subida,0.022443,0.022446,0.022424,15.410000,6.8,6.799,6.8
15:33:30,1681,1,subida,0.022442,0.022446,0.022426,15.410000,6.8,6.799,6.8
15:33:30,1683,1,subida,0.022443,0.022446,0.022426,15.410000,6.799,6.8,6.8
15:33:30,1684,1,subida,0.022443,0.022446,0.022425,15.410000,6.8,6.799,6.8
15:33:30,1685,1,subida,0.022443,0.022445,0.022424,15.400000,6.8,6.799,6.8
15:33:30,1686,1,subida,0.022442,0.022445,0.022424,15.400000,6.8,6.799,6.8
15:33:31,1687,1,subida,0.022442,0.022445,0.022426,15.400000,6.8,6.799,6.8
15:33:31,1689,1,subida,0.022442,0.022444,0.022426,15.400000,6.8,6.799,6.8
15:33:31,1690,1,subida,0.022443,0.022444,0.022426,15.400000,6.8,6.799,6.8
15:33:31,1691,1,subida,0.022444,0.022444,0.022426,15.400000,6.8,6.799,6.8
15:33:31,1693,1,subida,0.022444,0.022444,0.022426,15.400000,6.8,6.799,6.8
15:33:31,1694,1,subida,0.022443,0.022444,0.022424,15.400000,6.8,6.799,6.8
15:33:31,1696,1,subida,0.022443,0.022444,0.022424,15.410000,6.8,6.799,6.8
15:33:31,1697,1,subida,0.022442,0.022444,0.022424,15.410000,6.8,6.799,6.8
15:33:31,1698,1,subida,0.022442,0.022444,0.022426,15.410000,6.8,6.799,6.8
15:33:31,1699,1,subida,0.022442,0.022443,0.022426,15.410000,6.8,6.799,6.8
15:33:31,1700,1,subida,0.022443,0.022443,0.022425,15.400000,6.8,6.799,6.8
15:33:31,1701,1,subida,0.022443,0.022443,0.022424,15.400000,6.799,6.8,6.8
15:33:31,1703,1,subida,0.022443,0.022443,0.022427,15.410000,6.8,6.799,6.8
15:33:31,1704,1,subida,0.022443,0.022443,0.022428,15.410000,6.8,6.799,6.8
15:33:31,1705,1,subida,0.022444,0.022443,0.022426,15.410000,6.8,6.798,6.8
15:33:31,1706,1,subida,0.022444,0.022443,0.022425,15.410000,6.8,6.799,6.8
15:33:31,1708,1,subida,0.022444,0.022443,0.022427,15.410000,6.8,6.798,6.8
15:33:31,1709,1,subida,0.022444,0.022443,0.022427,15.410000,6.8,6.799,6.8
15:33:31,1710,1,subida,0.022444,0.022444,0.022427,15.410000,6.8,6.799,6.8
15:33:32,1712,1,subida,0.022444,0.022444,0.022425,15.410000,6.8,6.799,6.8
15:33:32,1713,1,subida,0.022442,0.022443,0.022424,15.400000,6.8,6.799,6.8
15:33:32,1714,1,subida,0.022441,0.022443,0.022422,15.400000,6.8,6.798,6.8
15:33:32,1716,1,subida,0.022441,0.022443,0.022425,15.410000,6.8,6.799,6.8
15:33:32,1717,1,subida,0.022441,0.022443,0.022424,15.410000,6.8,6.799,6.8
15:33:32,1719,1,subida,0.022442,0.022443,0.022423,15.400000,6.8,6.799,6.8
15:33:32,1720,1,subida,0.022441,0.022443,0.022423,15.400000,6.8,6.799,6.8
15:33:32,1721,1,subida,0.022441,0.022442,0.022424,15.400000,6.8,6.798,6.8
15:33:32,1724,1,subida,0.022443,0.022442,0.022427,15.410000,6.8,6.799,6.8
15:33:32,1727,1,subida,0.022444,0.022443,0.022425,15.400000,6.8,6.799,6.8
15:33:32,1728,1,subida,0.022443,0.022443,0.022424,15.400000,6.8,6.799,6.8
15:33:32,1730,1,subida,0.022443,0.022443,0.022427,15.400000,6.8,6.799,6.8
15:33:32,1731,1,subida,0.022444,0.022443,0.022426,15.400000,6.8,6.799,6.8
15:33:32,1732,1,subida,0.022444,0.022443,0.022427,15.410000,6.8,6.799,6.8
15:33:32,1734,1,subida,0.022444,0.022443,0.022427,15.410000,6.8,6.799,6.8
15:33:32,1735,1,subida,0.022445,0.022443,0.022426,15.410000,6.8,6.799,6.8
15:33:32,1737,1,subida,0.022444,0.022443,0.022425,15.410000,6.799,6.8,6.8
15:33:32,1738,1,subida,0.022443,0.022443,0.022425,15.410000,6.8,6.8,6.8
15:33:32,1739,1,subida,0.022442,0.022443,0.022425,15.410000,6.8,6.799,6.8
15:33:33,1741,1,subida,0.022443,0.022443,0.022425,15.400000,6.8,6.799,6.8
15:33:33,1742,1,subida,0.022443,0.022443,0.022425,15.400000,6.8,6.8,6.8
15:33:33,1743,1,subida,0.022442,0.022443,0.022425,15.410000,6.8,6.8,6.8
15:33:33,1745,1,subida,0.022442,0.022443,0.022425,15.410000,6.8,6.8,6.8
15:33:33,1746,1,subida,0.022442,0.022443,0.022424,15.410000,6.8,6.8,6.8
15:33:33,1748,1,subida,0.022442,0.022443,0.022424,15.410000,6.8,6.799,6.8
15:33:33,1749,1,subida,0.022441,0.022443,0.022424,15.410000,6.8,6.8,6.8
15:33:33,1751,1,subida,0.022441,0.022443,0.022422,15.410000,6.8,6.8,6.8
15:33:33,1752,1,subida,0.022440,0.022442,0.022425,15.410000,6.799,6.8,6.8
15:33:33,1753,1,subida,0.022441,0.022442,0.022426,15.410000,6.8,6.8,6.8
15:33:33,1754,1,subida,0.022443,0.022442,0.022427,15.400000,6.8,6.8,6.8
15:33:33,1756,1,subida,0.022444,0.022442,0.022426,15.400000,6.8,6.8,6.8
15:33:33,1759,1,subida,0.022444,0.022443,0.022426,15.400000,6.8,6.8,6.8
15:33:33,1760,1,subida,0.022444,0.022443,0.022426,15.400000,6.8,6.8,6.8
15:33:33,1762,1,subida,0.022444,0.022443,0.022427,15.400000,6.8,6.801,6.8
15:33:33,1763,1,subida,0.022445,0.022443,0.022429,15.410000,6.8,6.8,6.8
15:33:33,1765,1,subida,0.022445,0.022443,0.022430,15.410000,6.8,6.8,6.8
15:33:33,1766,1,subida,0.022446,0.022444,0.022430,15.400000,6.8,6.8,6.8
15:33:34,1768,1,subida,0.022446,0.022444,0.022429,15.400000,6.8,6.8,6.8
15:33:34,1769,1,subida,0.022446,0.022444,0.022429,15.410000,6.8,6.801,6.8
15:33:34,1770,1,subida,0.022446,0.022444,0.022429,15.410000,6.8,6.8,6.8
15:33:34,1772,1,subida,0.022446,0.022444,0.022429,15.410000,6.8,6.8,6.8
15:33:34,1773,1,subida,0.022447,0.022445,0.022430,15.410000,6.8,6.801,6.8
15:33:34,1774,1,subida,0.022448,0.022445,0.022430,15.410000,6.8,6.8,6.8
15:33:34,1776,1,subida,0.022448,0.022445,0.022429,15.410000,6.8,6.8,6.8
15:33:34,1777,1,subida,0.022447,0.022445,0.022429,15.410000,6.8,6.801,6.8
15:33:34,1779,1,subida,0.022447,0.022446,0.022429,15.410000,6.8,6.801,6.8
15:33:34,1780,1,subida,0.022446,0.022446,0.022428,15.400000,6.8,6.8,6.8
15:33:34,1781,1,subida,0.022447,0.022446,0.022429,15.400000,6.8,6.801,6.8
15:33:34,1783,1,subida,0.022447,0.022446,0.022430,15.400000,6.8,6.801,6.8
15:33:34,1784,1,subida,0.022448,0.022446,0.022430,15.400000,6.8,6.8,6.8
15:33:34,1786,1,subida,0.022448,0.022446,0.022430,15.410000,6.8,6.8,6.8
15:33:34,1787,1,subida,0.022448,0.022446,0.022431,15.410000,6.8,6.801,6.8
15:33:34,1789,1,subida,0.022448,0.022447,0.022431,15.410000,6.8,6.8,6.8
15:33:34,1790,1,subida,0.022449,0.022447,0.022431,15.410000,6.8,6.801,6.8
15:33:34,1791,1,subida,0.022448,0.022447,0.022432,15.400000,6.8,6.8,6.8
15:34:05,1793,1,bajada,0.021072,0.021075,0.021056,15.410000,6.49,6.5,6.5
15:34:05,1794,1,bajada,0.021072,0.021074,0.021057,15.410000,6.5,6.497,6.5
15:34:05,1795,1,bajada,0.021073,0.021074,0.021059,15.410000,6.499,6.5,6.5
15:34:05,1797,1,bajada,0.021075,0.021074,0.021064,15.410000,6.5,6.501,6.5
15:34:05,1798,1,bajada,0.021079,0.021075,0.021066,15.410000,6.5,6.501,6.5
15:34:05,1799,1,bajada,0.021082,0.021075,0.021067,15.410000,6.5,6.501,6.5
15:34:05,1801,1,bajada,0.021085,0.021076,0.021072,15.410000,6.5,6.502,6.5
15:34:05,1802,1,bajada,0.021088,0.021077,0.021075,15.410000,6.5,6.502,6.5
15:34:05,1804,1,bajada,0.021091,0.021079,0.021080,15.410000,6.5,6.502,6.5
15:34:05,1805,1,bajada,0.021096,0.021080,0.021082,15.410000,6.5,6.502,6.5
15:34:05,1806,1,bajada,0.021100,0.021082,0.021088,15.410000,6.5,6.502,6.5
15:34:05,1807,1,bajada,0.021103,0.021084,0.021091,15.410000,6.5,6.502,6.5
15:34:05,1808,1,bajada,0.021107,0.021086,0.021097,15.410000,6.5,6.503,6.5
15:34:05,1809,1,bajada,0.021111,0.021089,0.021096,15.410000,6.5,6.502,6.5
15:34:05,1810,1,bajada,0.021113,0.021091,0.021098,15.410000,6.5,6.502,6.5
15:34:05,1811,1,bajada,0.021114,0.021093,0.021099,15.410000,6.5,6.502,6.5
15:34:05,1813,1,bajada,0.021116,0.021095,0.021104,15.410000,6.5,6.502,6.5
15:34:05,1814,1,bajada,0.021119,0.021098,0.021106,15.410000,6.5,6.502,6.5
15:34:06,1815,1,bajada,0.021121,0.021100,0.021107,15.410000,6.502,6.5,6.5
15:34:06,1816,1,bajada,0.021123,0.021102,0.021108,15.410000,6.5,6.502,6.5
15:34:06,1817,1,bajada,0.021124,0.021104,0.021109,15.410000,6.502,6.5,6.5
15:34:06,1818,1,bajada,0.021125,0.021106,0.021110,15.410000,6.5,6.502,6.5
15:34:06,1819,1,bajada,0.021127,0.021108,0.021112,15.410000,6.5,6.502,6.5
15:34:06,1820,1,bajada,0.021129,0.021110,0.021113,15.410000,6.502,6.5,6.5
15:34:06,1822,1,bajada,0.021130,0.021112,0.021115,15.410000,6.5,6.502,6.5
15:34:06,1823,1,bajada,0.021131,0.021114,0.021116,15.410000,6.5,6.501,6.5
15:34:06,1824,1,bajada,0.021132,0.021116,0.021116,15.410000,6.5,6.502,6.5
15:34:06,1826,1,bajada,0.021133,0.021117,0.021118,15.410000,6.5,6.502,6.5
15:34:06,1827,1,bajada,0.021134,0.021119,0.021116,15.410000,6.5,6.501,6.5
15:34:06,1828,1,bajada,0.021134,0.021120,0.021119,15.410000,6.5,6.502,6.5
15:34:06,1829,1,bajada,0.021134,0.021122,0.021119,15.410000,6.5,6.501,6.5
15:34:06,1831,1,bajada,0.021135,0.021123,0.021121,15.410000,6.5,6.501,6.5
15:34:06,1832,1,bajada,0.021136,0.021124,0.021121,15.410000,6.5,6.501,6.5
15:34:06,1833,1,bajada,0.021137,0.021125,0.021121,15.410000,6.5,6.501,6.5
15:34:06,1835,1,bajada,0.021137,0.021126,0.021123,15.410000,6.501,6.5,6.5
15:34:06,1836,1,bajada,0.021139,0.021128,0.021123,15.410000,6.5,6.501,6.5
15:34:06,1838,1,bajada,0.021140,0.021129,0.021124,15.410000,6.501,6.5,6.5
15:34:06,1839,1,bajada,0.021140,0.021130,0.021122,15.410000,6.5,6.501,6.5
15:34:07,1841,1,bajada,0.021140,0.021131,0.021123,15.410000,6.5,6.501,6.5
15:34:07,1842,1,bajada,0.021139,0.021132,0.021124,15.410000,6.5,6.501,6.5
15:34:07,1843,1,bajada,0.021140,0.021132,0.021124,15.410000,6.5,6.5,6.5
15:34:07,1845,1,bajada,0.021140,0.021133,0.021122,15.410000,6.5,6.501,6.5
15:34:07,1846,1,bajada,0.021140,0.021134,0.021126,15.410000,6.5,6.5,6.5
15:34:07,1847,1,bajada,0.021140,0.021134,0.021123,15.410000,6.5,6.501,6.5
15:34:07,1849,1,bajada,0.021140,0.021135,0.021126,15.410000,6.5,6.5,6.5
15:34:07,1852,1,bajada,0.021142,0.021136,0.021126,15.410000,6.5,6.5,6.5
15:34:07,1853,1,bajada,0.021143,0.021137,0.021125,15.410000,6.5,6.5,6.5
15:34:07,1854,1,bajada,0.021143,0.021137,0.021127,15.410000,6.5,6.5,6.5
15:34:07,1855,1,bajada,0.021142,0.021138,0.021126,15.420000,6.5,6.5,6.5
15:34:07,1857,1,bajada,0.021143,0.021138,0.021126,15.420000,6.5,6.5,6.5
15:34:07,1858,1,bajada,0.021142,0.021139,0.021125,15.420000,6.5,6.5,6.5
15:34:07,1859,1,bajada,0.021142,0.021139,0.021124,15.420000,6.5,6.499,6.5
15:34:07,1860,1,bajada,0.021141,0.021139,0.021122,15.410000,6.5,6.5,6.5
15:34:07,1862,1,bajada,0.021140,0.021139,0.021124,15.410000,6.5,6.5,6.5
15:34:07,1863,1,bajada,0.021140,0.021139,0.021124,15.410000,6.5,6.5,6.5
15:34:07,1865,1,bajada,0.021141,0.021139,0.021125,15.410000,6.5,6.5,6.5
15:34:07,1866,1,bajada,0.021142,0.021140,0.021126,15.410000,6.5,6.5,6.5
15:34:08,1867,1,bajada,0.021142,0.021140,0.021126,15.410000,6.5,6.5,6.5
15:34:08,1868,1,bajada,0.021142,0.021140,0.021127,15.410000,6.499,6.5,6.5
15:34:08,1869,1,bajada,0.021142,0.021140,0.021125,15.410000,6.5,6.499,6.5
15:34:08,1871,1,bajada,0.021141,0.021140,0.021124,15.410000,6.5,6.499,6.5
15:34:08,1872,1,bajada,0.021141,0.021140,0.021124,15.410000,6.5,6.499,6.5
15:34:08,1873,1,bajada,0.021140,0.021140,0.021123,15.410000,6.5,6.499,6.5
15:34:08,1874,1,bajada,0.021139,0.021140,0.021123,15.410000,6.5,6.499,6.5
15:34:08,1875,1,bajada,0.021139,0.021140,0.021122,15.410000,6.5,6.498,6.5
15:34:08,1877,1,bajada,0.021139,0.021140,0.021122,15.410000,6.5,6.499,6.5
15:34:08,1878,1,bajada,0.021139,0.021140,0.021122,15.410000,6.5,6.499,6.5
15:34:08,1880,1,bajada,0.021138,0.021140,0.021122,15.410000,6.5,6.499,6.5
15:34:08,1881,1,bajada,0.021139,0.021140,0.021122,15.410000,6.5,6.498,6.5
15:34:08,1882,1,bajada,0.021139,0.021140,0.021123,15.410000,6.5,6.499,6.5
15:34:08,1884,1,bajada,0.021138,0.021139,0.021120,15.410000,6.5,6.498,6.5
15:34:08,1885,1,bajada,0.021137,0.021139,0.021120,15.410000,6.5,6.499,6.5
15:34:08,1887,1,bajada,0.021136,0.021139,0.021117,15.410000,6.5,6.498,6.5
15:34:08,1888,1,bajada,0.021134,0.021139,0.021118,15.410000,6.498,6.5,6.5
15:34:08,1890,1,bajada,0.021134,0.021138,0.021118,15.410000,6.5,6.498,6.5
15:34:08,1891,1,bajada,0.021136,0.021138,0.021122,15.410000,6.498,6.5,6.5
15:34:08,1893,1,bajada,0.021137,0.021138,0.021119,15.410000,6.5,6.498,6.5
15:34:09,1895,1,bajada,0.021137,0.021138,0.021119,15.410000,6.5,6.498,6.5
15:34:09,1896,1,bajada,0.021136,0.021138,0.021116,15.420000,6.5,6.498,6.5
15:34:09,1897,1,bajada,0.021134,0.021137,0.021117,15.420000,6.5,6.498,6.5
15:34:09,1898,1,bajada,0.021133,0.021137,0.021116,15.410000,6.498,6.5,6.5
15:34:09,1899,1,bajada,0.021133,0.021136,0.021115,15.410000,6.5,6.499,6.5
15:34:09,1901,1,bajada,0.021133,0.021136,0.021118,15.410000,6.5,6.498,6.5
15:34:09,1902,1,bajada,0.021133,0.021136,0.021118,15.410000,6.5,6.498,6.5
15:34:09,1903,1,bajada,0.021134,0.021136,0.021117,15.410000,6.498,6.5,6.5
15:34:09,1904,1,bajada,0.021134,0.021136,0.021119,15.410000,6.5,6.498,6.5
15:34:09,1905,1,bajada,0.021135,0.021135,0.021117,15.410000,6.5,6.498,6.5
15:34:09,1907,1,bajada,0.021134,0.021135,0.021115,15.410000,6.498,6.5,6.5
15:34:09,1908,1,bajada,0.021133,0.021135,0.021118,15.410000,6.5,6.498,6.5
15:34:09,1909,1,bajada,0.021134,0.021135,0.021119,15.410000,6.5,6.498,6.5
15:34:09,1910,1,bajada,0.021135,0.021135,0.021118,15.410000,6.5,6.498,6.5
15:34:09,1911,1,bajada,0.021136,0.021135,0.021119,15.410000,6.5,6.498,6.5
15:34:09,1912,1,bajada,0.021136,0.021135,0.021119,15.410000,6.498,6.5,6.5
15:34:09,1913,1,bajada,0.021136,0.021135,0.021119,15.410000,6.5,6.498,6.5
15:34:09,1915,1,bajada,0.021136,0.021135,0.021117,15.410000,6.5,6.498,6.5
15:34:09,1917,1,bajada,0.021136,0.021135,0.021119,15.410000,6.5,6.498,6.5
15:34:09,1918,1,bajada,0.021136,0.021135,0.021118,15.410000,6.5,6.498,6.5
15:34:10,1920,1,bajada,0.021136,0.021135,0.021120,15.410000,6.5,6.499,6.5
15:34:10,1921,1,bajada,0.021136,0.021135,0.021119,15.410000,6.5,6.499,6.5
15:34:10,1923,1,bajada,0.021136,0.021135,0.021117,15.410000,6.5,6.499,6.5
15:34:10,1924,1,bajada,0.021135,0.021135,0.021116,15.410000,6.5,6.499,6.5
15:34:10,1925,1,bajada,0.021134,0.021135,0.021118,15.410000,6.5,6.499,6.5
15:34:10,1927,1,bajada,0.021134,0.021135,0.021117,15.410000,6.5,6.499,6.5
15:34:10,1928,1,bajada,0.021134,0.021135,0.021118,15.410000,6.5,6.499,6.5
15:34:10,1930,1,bajada,0.021135,0.021135,0.021120,15.410000,6.5,6.5,6.5
15:34:10,1931,1,bajada,0.021136,0.021135,0.021119,15.410000,6.5,6.499,6.5
15:34:10,1932,1,bajada,0.021136,0.021135,0.021119,15.410000,6.5,6.499,6.5
15:34:10,1934,1,bajada,0.021136,0.021135,0.021120,15.410000,6.5,6.5,6.5
15:34:10,1935,1,bajada,0.021135,0.021135,0.021118,15.410000,6.5,6.5,6.5
15:34:10,1937,1,bajada,0.021135,0.021135,0.021121,15.410000,6.5,6.5,6.5
15:34:10,1939,1,bajada,0.021137,0.021135,0.021121,15.410000,6.5,6.5,6.5
15:34:10,1940,1,bajada,0.021138,0.021136,0.021122,15.410000,6.5,6.501,6.5
15:34:10,1941,1,bajada,0.021138,0.021136,0.021122,15.410000,6.5,6.501,6.5
15:34:10,1943,1,bajada,0.021139,0.021136,0.021122,15.410000,6.5,6.501,6.5
15:34:10,1944,1,bajada,0.021139,0.021136,0.021121,15.410000,6.5,6.5,6.5
15:34:10,1946,1,bajada,0.021139,0.021137,0.021122,15.410000,6.5,6.501,6.5
15:34:11,1948,1,bajada,0.021139,0.021137,0.021122,15.410000,6.5,6.501,6.5
15:34:11,1949,1,bajada,0.021139,0.021137,0.021124,15.410000,6.5,6.501,6.5
15:34:11,1951,1,bajada,0.021140,0.021137,0.021124,15.410000,6.5,6.5,6.5
15:34:11,1952,1,bajada,0.021141,0.021138,0.021125,15.410000,6.5,6.5,6.5
15:34:11,1953,1,bajada,0.021141,0.021138,0.021123,15.410000,6.5,6.501,6.5
15:34:11,1954,1,bajada,0.021140,0.021138,0.021122,15.410000,6.5,6.501,6.5
15:34:11,1956,1,bajada,0.021140,0.021138,0.021124,15.410000,6.501,6.5,6.5
15:34:11,1957,1,bajada,0.021141,0.021139,0.021124,15.410000,6.5,6.501,6.5
15:34:11,1958,1,bajada,0.021141,0.021139,0.021124,15.410000,6.5,6.501,6.5
15:34:11,1960,1,bajada,0.021141,0.021139,0.021124,15.410000,6.5,6.501,6.5
15:34:11,1961,1,bajada,0.021142,0.021139,0.021123,15.410000,6.5,6.501,6.5
15:34:11,1962,1,bajada,0.021141,0.021140,0.021123,15.410000,6.5,6.501,6.5
15:34:11,1964,1,bajada,0.021141,0.021140,0.021126,15.410000,6.5,6.501,6.5
15:34:11,1965,1,bajada,0.021141,0.021140,0.021125,15.410000,6.501,6.5,6.5
15:34:11,1966,1,bajada,0.021142,0.021140,0.021126,15.410000,6.5,6.501,6.5
15:34:11,1968,1,bajada,0.021142,0.021140,0.021127,15.410000,6.5,6.501,6.5
15:34:11,1969,1,bajada,0.021143,0.021140,0.021127,15.410000,6.5,6.501,6.5
15:34:11,1970,1,bajada,0.021143,0.021141,0.021127,15.410000,6.5,6.501,6.5
15:34:11,1971,1,bajada,0.021143,0.021141,0.021124,15.410000,6.5,6.501,6.5
15:34:11,1973,1,bajada,0.021142,0.021141,0.021127,15.410000,6.5,6.501,6.5
15:34:11,1974,1,bajada,0.021143,0.021141,0.021127,15.410000,6.5,6.501,6.5
15:34:12,1976,1,bajada,0.021144,0.021141,0.021127,15.410000,6.5,6.501,6.5
15:34:12,1977,1,bajada,0.021144,0.021142,0.021127,15.410000,6.5,6.501,6.5
15:34:12,1979,1,bajada,0.021143,0.021142,0.021124,15.420000,6.5,6.501,6.5
15:34:12,1980,1,bajada,0.021142,0.021142,0.021125,15.420000,6.5,6.501,6.5
15:34:12,1981,1,bajada,0.021142,0.021142,0.021126,15.410000,6.5,6.501,6.5
15:34:12,1982,1,bajada,0.021143,0.021142,0.021127,15.410000,6.501,6.5,6.5
15:34:12,1984,1,bajada,0.021144,0.021142,0.021129,15.410000,6.5,6.501,6.5
15:34:12,1985,1,bajada,0.021146,0.021142,0.021128,15.410000,6.501,6.5,6.5
15:34:12,1987,1,bajada,0.021146,0.021143,0.021126,15.410000,6.5,6.5,6.5
15:34:12,1988,1,bajada,0.021145,0.021143,0.021127,15.410000,6.5,6.501,6.5
15:34:12,1989,1,bajada,0.021144,0.021143,0.021126,15.410000,6.5,6.5,6.5
15:34:12,1990,1,bajada,0.021144,0.021143,0.021125,15.410000,6.5,6.501,6.5
15:34:12,1992,1,bajada,0.021144,0.021143,0.021128,15.410000,6.5,6.501,6.5
15:34:12,1993,1,bajada,0.021145,0.021143,0.021127,15.410000,6.5,6.501,6.5
15:34:12,1995,1,bajada,0.021145,0.021143,0.021127,15.410000,6.5,6.501,6.5
15:34:12,1996,1,bajada,0.021144,0.021144,0.021126,15.410000,6.5,6.5,6.5
15:34:12,1998,1,bajada,0.021144,0.021144,0.021125,15.410000,6.5,6.5,6.5
15:34:12,1999,1,bajada,0.021143,0.021143,0.021126,15.410000,6.5,6.501,6.5
15:34:12,2001,1,bajada,0.021143,0.021143,0.021126,15.410000,6.5,6.501,6.5
15:34:13,2002,1,bajada,0.021143,0.021143,0.021127,15.410000,6.5,6.5,6.5
15:34:13,2003,1,bajada,0.021144,0.021143,0.021128,15.410000,6.5,6.5,6.5
15:34:13,2005,1,bajada,0.021145,0.021144,0.021128,15.410000,6.5,6.5,6.5
15:34:13,2006,1,bajada,0.021144,0.021144,0.021126,15.410000,6.5,6.5,6.5
15:34:13,2007,1,bajada,0.021143,0.021144,0.021127,15.410000,6.5,6.5,6.5
15:34:13,2008,1,bajada,0.021144,0.021144,0.021129,15.410000,6.5,6.5,6.5
15:34:13,2009,1,bajada,0.021145,0.021144,0.021128,15.410000,6.5,6.5,6.5
15:34:13,2011,1,bajada,0.021145,0.021144,0.021127,15.410000,6.5,6.5,6.5
15:34:13,2012,1,bajada,0.021144,0.021144,0.021125,15.410000,6.5,6.5,6.5
15:34:13,2013,1,bajada,0.021143,0.021144,0.021127,15.410000,6.5,6.5,6.5
15:34:13,2014,1,bajada,0.021144,0.021144,0.021127,15.410000,6.5,6.5,6.5
15:34:13,2016,1,bajada,0.021143,0.021144,0.021124,15.410000,6.5,6.5,6.5
15:34:13,2017,1,bajada,0.021142,0.021144,0.021124,15.410000,6.5,6.5,6.5
15:34:13,2018,1,bajada,0.021142,0.021143,0.021127,15.410000,6.5,6.5,6.5
15:34:13,2020,1,bajada,0.021143,0.021143,0.021126,15.410000,6.5,6.499,6.5
15:34:13,2022,1,bajada,0.021143,0.021143,0.021125,15.410000,6.5,6.5,6.5
15:34:13,2023,1,bajada,0.021143,0.021143,0.021125,15.410000,6.5,6.5,6.5
15:34:13,2024,1,bajada,0.021142,0.021143,0.021125,15.410000,6.5,6.5,6.5
15:34:13,2025,1,bajada,0.021142,0.021143,0.021126,15.410000,6.5,6.5,6.5
15:34:13,2027,1,bajada,0.021142,0.021143,0.021125,15.410000,6.5,6.5,6.5
15:34:14,2028,1,bajada,0.021141,0.021143,0.021124,15.410000,6.5,6.499,6.5
15:34:14,2029,1,bajada,0.021140,0.021143,0.021124,15.410000,6.5,6.5,6.5
15:34:14,2031,1,bajada,0.021141,0.021142,0.021125,15.410000,6.5,6.499,6.5
15:34:14,2032,1,bajada,0.021142,0.021142,0.021124,15.410000,6.5,6.499,6.5
15:34:14,2033,1,bajada,0.021141,0.021142,0.021122,15.410000,6.5,6.5,6.5
15:34:14,2035,1,bajada,0.021139,0.021142,0.021123,15.410000,6.5,6.5,6.5
15:34:14,2036,1,bajada,0.021139,0.021142,0.021122,15.410000,6.5,6.499,6.5
15:34:14,2038,1,bajada,0.021139,0.021141,0.021124,15.410000,6.499,6.5,6.5
15:34:14,2039,1,bajada,0.021140,0.021141,0.021122,15.410000,6.5,6.499,6.5
15:34:14,2040,1,bajada,0.021141,0.021141,0.021122,15.410000,6.5,6.499,6.5
15:34:14,2041,1,bajada,0.021139,0.021141,0.021123,15.410000,6.5,6.5,6.5
15:34:14,2042,1,bajada,0.021139,0.021141,0.021122,15.410000,6.5,6.499,6.5
15:34:14,2044,1,bajada,0.021139,0.021141,0.021122,15.410000,6.5,6.499,6.5
15:34:14,2045,1,bajada,0.021139,0.021141,0.021124,15.410000,6.499,6.5,6.5
15:34:14,2047,1,bajada,0.021140,0.021140,0.021123,15.410000,6.499,6.5,6.5
15:34:14,2048,1,bajada,0.021139,0.021140,0.021122,15.410000,6.5,6.499,6.5
15:34:14,2049,1,bajada,0.021139,0.021140,0.021121,15.410000,6.5,6.499,6.5
15:34:14,2051,1,bajada,0.021139,0.021140,0.021121,15.410000,6.5,6.499,6.5
15:34:14,2052,1,bajada,0.021139,0.021140,0.021122,15.410000,6.5,6.5,6.5
15:34:14,2054,1,bajada,0.021139,0.021140,0.021123,15.410000,6.5,6.499,6.5
15:34:15,2055,1,bajada,0.021139,0.021140,0.021122,15.410000,6.5,6.499,6.5
15:34:15,2056,1,bajada,0.021139,0.021140,0.021121,15.410000,6.5,6.499,6.5
15:34:15,2057,1,bajada,0.021139,0.021140,0.021121,15.410000,6.5,6.499,6.5
15:34:15,2059,1,bajada,0.021138,0.021140,0.021120,15.410000,6.5,6.499,6.5
15:34:15,2060,1,bajada,0.021138,0.021139,0.021120,15.410000,6.5,6.499,6.5
15:34:15,2062,1,bajada,0.021138,0.021139,0.021120,15.410000,6.5,6.499,6.5
15:34:15,2063,1,bajada,0.021137,0.021139,0.021118,15.410000,6.5,6.5,6.5
15:34:15,2065,1,bajada,0.021135,0.021139,0.021118,15.410000,6.5,6.499,6.5
15:34:15,2066,1,bajada,0.021135,0.021138,0.021119,15.410000,6.5,6.499,6.5
15:34:15,2068,1,bajada,0.021137,0.021138,0.021120,15.410000,6.5,6.499,6.5
15:34:15,2069,1,bajada,0.021137,0.021138,0.021119,15.410000,6.5,6.5,6.5
15:34:15,2070,1,bajada,0.021138,0.021138,0.021123,15.410000,6.5,6.499,6.5
15:34:15,2071,1,bajada,0.021139,0.021138,0.021123,15.410000,6.5,6.499,6.5
15:34:15,2072,1,bajada,0.021140,0.021138,0.021123,15.410000,6.5,6.5,6.5
15:34:15,2073,1,bajada,0.021140,0.021139,0.021122,15.410000,6.5,6.499,6.5
15:34:15,2075,1,bajada,0.021139,0.021139,0.021123,15.410000,6.5,6.499,6.5
15:34:15,2076,1,bajada,0.021139,0.021139,0.021122,15.410000,6.5,6.5,6.5
15:34:15,2077,1,bajada,0.021139,0.021139,0.021123,15.410000,6.5,6.499,6.5
15:34:15,2078,1,bajada,0.021139,0.021139,0.021121,15.410000,6.5,6.5,6.5
15:34:15,2079,1,bajada,0.021139,0.021139,0.021123,15.410000,6.5,6.5,6.5
15:34:16,2080,1,bajada,0.021140,0.021139,0.021126,15.410000,6.5,6.499,6.5
15:34:16,2082,1,bajada,0.021141,0.021139,0.021123,15.410000,6.499,6.5,6.5
15:34:16,2083,1,bajada,0.021140,0.021139,0.021123,15.410000,6.5,6.5,6.5
15:34:16,2084,1,bajada,0.021140,0.021139,0.021123,15.410000,6.5,6.5,6.5
15:34:16,2085,1,bajada,0.021140,0.021139,0.021121,15.410000,6.5,6.499,6.5
15:34:16,2087,1,bajada,0.021138,0.021139,0.021118,15.410000,6.5,6.5,6.5
15:34:16,2088,1,bajada,0.021137,0.021139,0.021120,15.410000,6.5,6.5,6.5
15:34:16,2090,1,bajada,0.021137,0.021139,0.021122,15.410000,6.5,6.499,6.5
15:34:16,2091,1,bajada,0.021138,0.021139,0.021121,15.410000,6.5,6.5,6.5
15:34:16,2092,1,bajada,0.021138,0.021139,0.021120,15.410000,6.5,6.5,6.5
15:34:16,2093,1,bajada,0.021138,0.021139,0.021121,15.410000,6.5,6.5,6.5
15:34:16,2094,1,bajada,0.021138,0.021139,0.021120,15.410000,6.5,6.5,6.5
15:34:16,2095,1,bajada,0.021139,0.021139,0.021121,15.410000,6.5,6.5,6.5
15:34:16,2097,1,bajada,0.021139,0.021139,0.021123,15.410000,6.5,6.5,6.5
15:34:16,2098,1,bajada,0.021139,0.021139,0.021122,15.410000,6.5,6.5,6.5
15:34:16,2100,1,bajada,0.021138,0.021139,0.021122,15.410000,6.5,6.5,6.5
15:34:16,2101,1,bajada,0.021138,0.021139,0.021123,15.410000,6.5,6.5,6.5
15:34:16,2102,1,bajada,0.021140,0.021139,0.021124,15.410000,6.5,6.5,6.5
15:34:16,2103,1,bajada,0.021140,0.021139,0.021123,15.410000,6.5,6.5,6.5
15:34:16,2105,1,bajada,0.021141,0.021139,0.021124,15.410000,6.5,6.5,6.5
15:34:17,2106,1,bajada,0.021140,0.021139,0.021122,15.410000,6.5,6.5,6.5
15:34:17,2108,1,bajada,0.021140,0.021139,0.021122,15.410000,6.5,6.5,6.5
15:34:17,2109,1,bajada,0.021139,0.021139,0.021121,15.410000,6.5,6.5,6.5
15:34:17,2110,1,bajada,0.021139,0.021139,0.021122,15.410000,6.5,6.5,6.5
15:34:17,2111,1,bajada,0.021139,0.021139,0.021123,15.410000,6.5,6.5,6.5
15:34:17,2112,1,bajada,0.021139,0.021139,0.021124,15.410000,6.5,6.5,6.5
15:34:17,2113,1,bajada,0.021140,0.021139,0.021126,15.410000,6.5,6.5,6.5
15:34:17,2114,1,bajada,0.021142,0.021139,0.021125,15.410000,6.5,6.501,6.5
15:34:17,2115,1,bajada,0.021142,0.021140,0.021123,15.410000,6.5,6.501,6.5
15:34:17,2117,1,bajada,0.021141,0.021140,0.021124,15.410000,6.5,6.501,6.5
15:34:17,2119,1,bajada,0.021141,0.021140,0.021124,15.410000,6.5,6.5,6.5
15:34:17,2120,1,bajada,0.021141,0.021140,0.021124,15.410000,6.5,6.501,6.5
15:34:17,2121,1,bajada,0.021141,0.021140,0.021123,15.410000,6.5,6.5,6.5
15:34:17,2123,1,bajada,0.021141,0.021140,0.021126,15.410000,6.5,6.501,6.5
15:34:17,2124,1,bajada,0.021142,0.021140,0.021125,15.410000,6.5,6.501,6.5
15:34:17,2125,1,bajada,0.021143,0.021141,0.021125,15.410000,6.501,6.5,6.5
15:34:17,2127,1,bajada,0.021142,0.021141,0.021125,15.410000,6.5,6.5,6.5
15:34:17,2128,1,bajada,0.021142,0.021141,0.021126,15.410000,6.501,6.5,6.5
15:34:17,2129,1,bajada,0.021143,0.021141,0.021125,15.410000,6.5,6.5,6.5
15:34:18,2131,1,bajada,0.021142,0.021141,0.021125,15.410000,6.5,6.501,6.5
15:34:18,2132,1,bajada,0.021142,0.021141,0.021122,15.410000,6.5,6.5,6.5
15:34:18,2133,1,bajada,0.021142,0.021141,0.021121,15.410000,6.5,6.5,6.5
15:34:18,2134,1,bajada,0.021140,0.021141,0.021120,15.410000,6.5,6.5,6.5
15:34:18,2135,1,bajada,0.021138,0.021141,0.021122,15.410000,6.5,6.5,6.5
15:34:18,2136,1,bajada,0.021138,0.021141,0.021122,15.410000,6.5,6.5,6.5
15:34:18,2138,1,bajada,0.021138,0.021140,0.021119,15.410000,6.5,6.5,6.5
15:34:18,2139,1,bajada,0.021137,0.021140,0.021119,15.410000,6.5,6.5,6.5
15:34:18,2141,1,bajada,0.021136,0.021140,0.021120,15.410000,6.5,6.5,6.5
15:34:18,2142,1,bajada,0.021137,0.021139,0.021120,15.410000,6.5,6.5,6.5
15:34:18,2144,1,bajada,0.021137,0.021139,0.021120,15.410000,6.5,6.5,6.5
15:34:18,2145,1,bajada,0.021137,0.021139,0.021121,15.410000,6.5,6.5,6.5
15:34:18,2147,1,bajada,0.021138,0.021139,0.021123,15.410000,6.5,6.5,6.5
15:34:18,2148,1,bajada,0.021140,0.021139,0.021122,15.410000,6.5,6.5,6.5
15:34:18,2149,1,bajada,0.021140,0.021139,0.021122,15.410000,6.5,6.5,6.5
15:34:18,2150,1,bajada,0.021140,0.021139,0.021123,15.410000,6.5,6.5,6.5
15:34:18,2152,1,bajada,0.021141,0.021139,0.021124,15.410000,6.5,6.501,6.5
15:34:18,2153,1,bajada,0.021141,0.021139,0.021122,15.410000,6.5,6.5,6.5
15:34:18,2155,1,bajada,0.021140,0.021139,0.021124,15.410000,6.5,6.5,6.5
15:34:18,2157,1,bajada,0.021140,0.021139,0.021124,15.410000,6.5,6.5,6.5
15:34:18,2158,1,bajada,0.021142,0.021140,0.021125,15.410000,6.5,6.5,6.5
15:34:19,2160,1,bajada,0.021142,0.021140,0.021125,15.410000,6.5,6.5,6.5
15:34:19,2161,1,bajada,0.021142,0.021140,0.021124,15.410000,6.5,6.5,6.5
15:34:19,2162,1,bajada,0.021142,0.021140,0.021124,15.410000,6.5,6.5,6.5
15:34:19,2163,1,bajada,0.021141,0.021140,0.021122,15.410000,6.5,6.5,6.5
15:34:19,2164,1,bajada,0.021140,0.021140,0.021121,15.410000,6.5,6.5,6.5
15:34:19,2166,1,bajada,0.021139,0.021140,0.021122,15.410000,6.5,6.5,6.5
15:34:19,2167,1,bajada,0.021139,0.021140,0.021122,15.410000,6.5,6.5,6.5
15:34:19,2170,1,bajada,0.021139,0.021140,0.021120,15.410000,6.5,6.5,6.5
15:34:19,2171,1,bajada,0.021138,0.021140,0.021117,15.410000,6.5,6.5,6.5
15:34:19,2172,1,bajada,0.021135,0.021139,0.021118,15.410000,6.5,6.5,6.5
15:34:19,2173,1,bajada,0.021134,0.021139,0.021118,15.410000,6.5,6.5,6.5
15:34:19,2174,1,bajada,0.021135,0.021138,0.021120,15.410000,6.5,6.499,6.5
15:34:19,2175,1,bajada,0.021136,0.021138,0.021120,15.410000,6.5,6.5,6.5
15:34:19,2177,1,bajada,0.021137,0.021138,0.021120,15.410000,6.5,6.5,6.5
15:34:19,2178,1,bajada,0.021137,0.021138,0.021120,15.410000,6.5,6.5,6.5
15:34:19,2179,1,bajada,0.021137,0.021138,0.021120,15.410000,6.5,6.5,6.5
15:34:19,2180,1,bajada,0.021137,0.021138,0.021121,15.410000,6.5,6.5,6.5
15:34:19,2182,1,bajada,0.021137,0.021138,0.021119,15.410000,6.5,6.5,6.5
15:34:19,2183,1,bajada,0.021137,0.021138,0.021120,15.410000,6.5,6.5,6.5
15:34:20,2185,1,bajada,0.021136,0.021137,0.021118,15.410000,6.5,6.5,6.5
15:34:20,2186,1,bajada,0.021135,0.021137,0.021118,15.410000,6.5,6.499,6.5
15:34:20,2187,1,bajada,0.021135,0.021137,0.021119,15.410000,6.5,6.5,6.5
15:34:20,2188,1,bajada,0.021135,0.021137,0.021120,15.410000,6.5,6.499,6.5
15:34:20,2190,1,bajada,0.021136,0.021137,0.021119,15.410000,6.5,6.5,6.5
15:34:20,2191,1,bajada,0.021137,0.021137,0.021120,15.410000,6.5,6.5,6.5
15:34:20,2193,1,bajada,0.021137,0.021137,0.021122,15.410000,6.5,6.5,6.5
15:34:20,2194,1,bajada,0.021138,0.021137,0.021124,15.410000,6.5,6.5,6.5
15:34:20,2197,1,bajada,0.021140,0.021138,0.021123,15.410000,6.5,6.5,6.5
15:34:20,2199,1,bajada,0.021140,0.021138,0.021123,15.410000,6.5,6.5,6.5
15:34:20,2200,1,bajada,0.021140,0.021138,0.021124,15.410000,6.5,6.5,6.5
15:34:20,2201,1,bajada,0.021140,0.021138,0.021122,15.410000,6.5,6.5,6.5
15:34:20,2203,1,bajada,0.021140,0.021138,0.021121,15.410000,6.5,6.5,6.5
15:34:20,2204,1,bajada,0.021139,0.021138,0.021121,15.410000,6.5,6.5,6.5
15:34:20,2205,1,bajada,0.021138,0.021138,0.021124,15.410000,6.5,6.5,6.5
15:34:20,2207,1,bajada,0.021140,0.021139,0.021124,15.410000,6.5,6.5,6.5
15:34:20,2208,1,bajada,0.021142,0.021139,0.021126,15.410000,6.5,6.5,6.5
15:34:20,2209,1,bajada,0.021142,0.021139,0.021124,15.410000,6.5,6.5,6.5
15:34:21,2210,1,bajada,0.021142,0.021140,0.021126,15.410000,6.5,6.5,6.5
15:34:21,2212,1,bajada,0.021143,0.021140,0.021126,15.410000,6.5,6.5,6.5
15:34:21,2213,1,bajada,0.021142,0.021140,0.021124,15.410000,6.5,6.5,6.5
15:34:21,2214,1,bajada,0.021142,0.021140,0.021124,15.410000,6.5,6.499,6.5
15:34:21,2216,1,bajada,0.021141,0.021140,0.021125,15.410000,6.5,6.5,6.5
15:34:21,2217,1,bajada,0.021141,0.021140,0.021123,15.410000,6.5,6.5,6.5
15:34:21,2219,1,bajada,0.021141,0.021140,0.021123,15.410000,6.5,6.5,6.5
15:34:21,2220,1,bajada,0.021141,0.021140,0.021124,15.410000,6.5,6.5,6.5
15:34:21,2222,1,bajada,0.021141,0.021140,0.021123,15.410000,6.5,6.499,6.5
15:34:21,2223,1,bajada,0.021141,0.021140,0.021122,15.410000,6.5,6.499,6.5
15:34:21,2224,1,bajada,0.021140,0.021140,0.021121,15.410000,6.5,6.5,6.5
15:34:21,2225,1,bajada,0.021139,0.021140,0.021121,15.410000,6.5,6.5,6.5
15:34:21,2226,1,bajada,0.021139,0.021140,0.021124,15.410000,6.5,6.5,6.5
15:34:21,2228,1,bajada,0.021140,0.021140,0.021125,15.410000,6.5,6.5,6.5
15:34:21,2229,1,bajada,0.021141,0.021140,0.021124,15.410000,6.5,6.5,6.5
15:34:21,2230,1,bajada,0.021141,0.021140,0.021124,15.410000,6.5,6.5,6.5
15:34:21,2231,1,bajada,0.021141,0.021140,0.021124,15.410000,6.5,6.5,6.5
15:34:21,2232,1,bajada,0.021141,0.021140,0.021123,15.410000,6.5,6.5,6.5
15:34:21,2233,1,bajada,0.021141,0.021140,0.021123,15.410000,6.5,6.5,6.5
15:34:21,2235,1,bajada,0.021140,0.021140,0.021124,15.410000,6.5,6.5,6.5
15:34:22,2236,1,bajada,0.021140,0.021140,0.021124,15.410000,6.5,6.5,6.5
15:34:22,2237,1,bajada,0.021141,0.021140,0.021125,15.410000,6.5,6.5,6.5
15:34:22,2239,1,bajada,0.021142,0.021141,0.021123,15.410000,6.5,6.501,6.5
15:34:22,2240,1,bajada,0.021141,0.021141,0.021122,15.410000,6.5,6.5,6.5
15:34:22,2241,1,bajada,0.021140,0.021141,0.021123,15.410000,6.5,6.5,6.5
15:34:22,2243,1,bajada,0.021139,0.021140,0.021123,15.410000,6.5,6.5,6.5
15:34:22,2244,1,bajada,0.021140,0.021140,0.021122,15.410000,6.5,6.501,6.5
15:34:22,2246,1,bajada,0.021140,0.021140,0.021122,15.410000,6.5,6.501,6.5
15:34:22,2247,1,bajada,0.021139,0.021140,0.021123,15.410000,6.5,6.501,6.5
15:34:22,2249,1,bajada,0.021139,0.021140,0.021123,15.410000,6.5,6.501,6.5
15:34:22,2250,1,bajada,0.021139,0.021140,0.021120,15.410000,6.5,6.501,6.5
15:34:22,2251,1,bajada,0.021138,0.021140,0.021122,15.410000,6.5,6.5,6.5
15:34:22,2252,1,bajada,0.021138,0.021140,0.021123,15.410000,6.5,6.501,6.5
15:34:22,2254,1,bajada,0.021140,0.021140,0.021125,15.410000,6.5,6.501,6.5
15:34:22,2255,1,bajada,0.021141,0.021140,0.021124,15.410000,6.5,6.501,6.5
15:34:22,2257,1,bajada,0.021141,0.021140,0.021124,15.410000,6.5,6.5,6.5
15:34:22,2258,1,bajada,0.021140,0.021140,0.021123,15.410000,6.5,6.501,6.5
15:34:22,2259,1,bajada,0.021140,0.021140,0.021123,15.410000,6.5,6.5,6.5
15:34:22,2261,1,bajada,0.021140,0.021140,0.021124,15.410000,6.5,6.5,6.5
15:34:22,2262,1,bajada,0.021140,0.021140,0.021123,15.410000,6.5,6.5,6.5
15:34:23,2264,1,bajada,0.021140,0.021140,0.021124,15.410000,6.5,6.5,6.5
15:34:23,2265,1,bajada,0.021140,0.021140,0.021124,15.410000,6.5,6.501,6.5
15:34:23,2266,1,bajada,0.021140,0.021140,0.021123,15.410000,6.5,6.5,6.5
15:34:23,2268,1,bajada,0.021141,0.021140,0.021126,15.410000,6.5,6.5,6.5
15:34:23,2269,1,bajada,0.021142,0.021140,0.021126,15.410000,6.5,6.5,6.5
15:34:23,2270,1,bajada,0.021143,0.021140,0.021126,15.410000,6.5,6.5,6.5
15:34:23,2272,1,bajada,0.021143,0.021141,0.021126,15.410000,6.5,6.5,6.5
15:34:23,2273,1,bajada,0.021143,0.021141,0.021125,15.410000,6.501,6.5,6.5
15:34:23,2274,1,bajada,0.021142,0.021141,0.021125,15.410000,6.5,6.5,6.5
15:34:23,2276,1,bajada,0.021142,0.021141,0.021126,15.410000,6.5,6.5,6.5
15:34:23,2277,1,bajada,0.021142,0.021141,0.021126,15.410000,6.5,6.5,6.5
15:34:23,2279,1,bajada,0.021142,0.021141,0.021125,15.410000,6.5,6.5,6.5
15:34:23,2281,1,bajada,0.021143,0.021141,0.021125,15.410000,6.5,6.5,6.5
15:34:23,2282,1,bajada,0.021143,0.021142,0.021125,15.410000,6.5,6.5,6.5
15:34:23,2283,1,bajada,0.021143,0.021142,0.021126,15.410000,6.5,6.5,6.5
15:34:23,2284,1,bajada,0.021143,0.021142,0.021127,15.410000,6.5,6.5,6.5
15:34:23,2285,1,bajada,0.021143,0.021142,0.021127,15.410000,6.5,6.5,6.5
15:34:23,2287,1,bajada,0.021143,0.021142,0.021125,15.410000,6.5,6.5,6.5
15:34:23,2288,1,bajada,0.021142,0.021142,0.021124,15.410000,6.5,6.5,6.5
15:34:23,2289,1,bajada,0.021142,0.021142,0.021124,15.410000,6.5,6.5,6.5
15:34:24,2290,1,bajada,0.021142,0.021142,0.021126,15.410000,6.5,6.499,6.5
15:34:24,2292,1,bajada,0.021143,0.021142,0.021127,15.410000,6.5,6.499,6.5
15:34:24,2293,1,bajada,0.021144,0.021142,0.021127,15.410000,6.5,6.5,6.5
15:34:24,2294,1,bajada,0.021144,0.021142,0.021126,15.410000,6.5,6.5,6.5
15:34:24,2296,1,bajada,0.021143,0.021143,0.021126,15.410000,6.5,6.5,6.5
15:34:24,2297,1,bajada,0.021143,0.021143,0.021126,15.410000,6.5,6.5,6.5
15:34:24,2298,1,bajada,0.021142,0.021143,0.021126,15.410000,6.5,6.5,6.5
15:34:24,2300,1,bajada,0.021142,0.021142,0.021127,15.410000,6.5,6.5,6.5
15:34:24,2301,1,bajada,0.021143,0.021143,0.021125,15.410000,6.5,6.5,6.5
15:34:24,2302,1,bajada,0.021144,0.021143,0.021127,15.410000,6.5,6.499,6.5
15:34:24,2303,1,bajada,0.021143,0.021143,0.021126,15.410000,6.5,6.5,6.5
15:34:24,2305,1,bajada,0.021143,0.021143,0.021125,15.410000,6.5,6.5,6.5
15:34:24,2306,1,bajada,0.021142,0.021143,0.021127,15.410000,6.5,6.499,6.5
15:34:24,2307,1,bajada,0.021143,0.021143,0.021126,15.410000,6.499,6.5,6.5
15:34:24,2309,1,bajada,0.021143,0.021143,0.021125,15.410000,6.5,6.5,6.5
15:34:24,2312,1,bajada,0.021143,0.021143,0.021128,15.410000,6.5,6.5,6.5
15:34:24,2313,1,bajada,0.021144,0.021143,0.021129,15.410000,6.5,6.5,6.5
15:34:24,2314,1,bajada,0.021144,0.021143,0.021126,15.410000,6.5,6.499,6.5
15:34:24,2315,1,bajada,0.021143,0.021143,0.021125,15.410000,6.5,6.5,6.5
15:35:35,2320,1,bajada,0.008010,0.008011,0.008003,15.410000,3.5,3.501,3.5
15:35:35,2321,1,bajada,0.008009,0.008011,0.008004,15.410000,3.5,3.5,3.5
15:35:35,2322,1,bajada,0.008009,0.008011,0.008005,15.410000,3.5,3.501,3.5
15:35:35,2323,1,bajada,0.008011,0.008011,0.008004,15.410000,3.5,3.5,3.5
15:35:35,2324,1,bajada,0.008011,0.008011,0.008004,15.410000,3.5,3.5,3.5
15:35:35,2325,1,bajada,0.008011,0.008011,0.008004,15.410000,3.5,3.501,3.5
15:35:35,2326,1,bajada,0.008010,0.008011,0.008002,15.410000,3.5,3.5,3.5
15:35:35,2327,1,bajada,0.008009,0.008010,0.008003,15.410000,3.5,3.5,3.5
15:35:35,2328,1,bajada,0.008008,0.008010,0.008000,15.410000,3.5,3.5,3.5
15:35:35,2330,1,bajada,0.008007,0.008010,0.008003,15.410000,3.5,3.5,3.5
15:35:35,2331,1,bajada,0.008008,0.008010,0.008003,15.410000,3.5,3.501,3.5
15:35:35,2332,1,bajada,0.008010,0.008010,0.008004,15.410000,3.5,3.5,3.5
15:35:35,2334,1,bajada,0.008010,0.008010,0.008003,15.410000,3.5,3.5,3.5
15:35:35,2335,1,bajada,0.008009,0.008010,0.008003,15.410000,3.5,3.5,3.5
15:35:36,2336,1,bajada,0.008009,0.008010,0.008001,15.410000,3.5,3.5,3.5
15:35:36,2338,1,bajada,0.008007,0.008009,0.008002,15.410000,3.5,3.5,3.5
15:35:36,2339,1,bajada,0.008008,0.008009,0.008004,15.410000,3.5,3.501,3.5
15:35:36,2341,1,bajada,0.008010,0.008009,0.008003,15.410000,3.5,3.5,3.5
15:35:36,2342,1,bajada,0.008010,0.008009,0.008003,15.410000,3.5,3.5,3.5
15:35:36,2343,1,bajada,0.008009,0.008009,0.008001,15.410000,3.5,3.501,3.5
15:35:36,2345,1,bajada,0.008008,0.008009,0.008001,15.410000,3.5,3.5,3.5
15:35:36,2346,1,bajada,0.008007,0.008009,0.008001,15.410000,3.5,3.5,3.5
15:35:36,2347,1,bajada,0.008007,0.008009,0.007999,15.410000,3.5,3.5,3.5
15:35:36,2349,1,bajada,0.008006,0.008009,0.008001,15.410000,3.5,3.5,3.5
15:35:36,2350,1,bajada,0.008006,0.008008,0.008001,15.410000,3.5,3.5,3.5
15:35:36,2352,1,bajada,0.008007,0.008008,0.007999,15.410000,3.5,3.5,3.5
15:35:36,2354,1,bajada,0.008006,0.008008,0.008001,15.410000,3.5,3.5,3.5
15:35:36,2355,1,bajada,0.008008,0.008008,0.008002,15.410000,3.5,3.5,3.5
15:35:36,2356,1,bajada,0.008008,0.008008,0.008002,15.410000,3.5,3.5,3.5
15:35:36,2357,1,bajada,0.008007,0.008008,0.008001,15.410000,3.5,3.5,3.5
15:35:36,2358,1,bajada,0.008007,0.008008,0.008001,15.410000,3.501,3.5,3.5
15:35:36,2359,1,bajada,0.008008,0.008008,0.008003,15.410000,3.5,3.5,3.5
15:35:36,2361,1,bajada,0.008009,0.008008,0.008003,15.410000,3.5,3.5,3.5
15:35:37,2362,1,bajada,0.008009,0.008008,0.008004,15.410000,3.5,3.5,3.5
15:35:37,2363,1,bajada,0.008009,0.008008,0.008003,15.410000,3.5,3.5,3.5
15:35:37,2364,1,bajada,0.008009,0.008008,0.008002,15.410000,3.5,3.5,3.5
15:35:37,2365,1,bajada,0.008009,0.008008,0.008003,15.410000,3.5,3.501,3.5
15:35:37,2367,1,bajada,0.008008,0.008008,0.008002,15.410000,3.5,3.5,3.5
15:35:37,2368,1,bajada,0.008008,0.008008,0.008002,15.410000,3.5,3.5,3.5
15:35:37,2369,1,bajada,0.008009,0.008008,0.008004,15.410000,3.5,3.5,3.5
15:35:37,2371,1,bajada,0.008010,0.008008,0.008004,15.410000,3.5,3.5,3.5
15:35:37,2372,1,bajada,0.008010,0.008009,0.008003,15.410000,3.5,3.5,3.5
15:35:37,2373,1,bajada,0.008010,0.008009,0.008002,15.410000,3.5,3.5,3.5
15:35:37,2374,1,bajada,0.008009,0.008009,0.008003,15.410000,3.5,3.5,3.5
15:35:37,2376,1,bajada,0.008010,0.008009,0.008004,15.410000,3.5,3.5,3.5
15:35:37,2377,1,bajada,0.008010,0.008009,0.008002,15.410000,3.5,3.5,3.5
15:35:37,2379,1,bajada,0.008009,0.008009,0.008003,15.410000,3.5,3.5,3.5
15:35:37,2380,1,bajada,0.008009,0.008009,0.008005,15.410000,3.5,3.5,3.5
15:35:37,2381,1,bajada,0.008011,0.008009,0.008005,15.410000,3.5,3.5,3.5
15:35:37,2383,1,bajada,0.008011,0.008009,0.008005,15.410000,3.5,3.5,3.5
15:35:37,2384,1,bajada,0.008011,0.008009,0.008005,15.410000,3.5,3.5,3.5
15:35:37,2386,1,bajada,0.008011,0.008010,0.008005,15.410000,3.5,3.5,3.5
15:35:37,2387,1,bajada,0.008011,0.008010,0.008004,15.410000,3.5,3.5,3.5
15:35:38,2388,1,bajada,0.008010,0.008010,0.008003,15.410000,3.5,3.5,3.5
15:35:38,2390,1,bajada,0.008011,0.008010,0.008006,15.410000,3.5,3.5,3.5
15:35:38,2391,1,bajada,0.008012,0.008010,0.008006,15.410000,3.5,3.499,3.5
15:35:38,2392,1,bajada,0.008012,0.008010,0.008006,15.410000,3.5,3.5,3.5
15:35:38,2393,1,bajada,0.008012,0.008010,0.008004,15.410000,3.5,3.5,3.5
15:35:38,2394,1,bajada,0.008011,0.008010,0.008004,15.410000,3.5,3.5,3.5
15:35:38,2396,1,bajada,0.008010,0.008010,0.008003,15.410000,3.5,3.499,3.5
15:35:38,2397,1,bajada,0.008010,0.008010,0.008002,15.410000,3.5,3.5,3.5
15:35:38,2399,1,bajada,0.008009,0.008010,0.008002,15.410000,3.5,3.5,3.5
15:35:38,2400,1,bajada,0.008008,0.008010,0.008000,15.410000,3.5,3.5,3.5
15:35:38,2402,1,bajada,0.008007,0.008010,0.008000,15.410000,3.5,3.5,3.5
15:35:38,2403,1,bajada,0.008007,0.008010,0.008002,15.410000,3.5,3.5,3.5
15:35:38,2404,1,bajada,0.008007,0.008009,0.008002,15.410000,3.5,3.499,3.5
15:35:38,2405,1,bajada,0.008008,0.008009,0.008002,15.410000,3.5,3.5,3.5
15:35:38,2406,1,bajada,0.008009,0.008009,0.008003,15.410000,3.5,3.5,3.5
15:35:38,2407,1,bajada,0.008009,0.008009,0.008000,15.410000,3.5,3.499,3.5
15:35:38,2408,1,bajada,0.008008,0.008009,0.008002,15.410000,3.5,3.5,3.5
15:35:38,2409,1,bajada,0.008007,0.008009,0.008001,15.410000,3.5,3.499,3.5
15:35:38,2411,1,bajada,0.008009,0.008009,0.008003,15.410000,3.5,3.5,3.5
15:35:39,2412,1,bajada,0.008009,0.008009,0.008001,15.410000,3.5,3.5,3.5
15:35:39,2413,1,bajada,0.008008,0.008009,0.008002,15.410000,3.5,3.499,3.5
15:35:39,2414,1,bajada,0.008009,0.008009,0.008002,15.410000,3.5,3.5,3.5
15:35:39,2415,1,bajada,0.008009,0.008009,0.008003,15.410000,3.5,3.5,3.5
15:35:39,2417,1,bajada,0.008008,0.008009,0.007998,15.410000,3.5,3.499,3.5
15:35:39,2418,1,bajada,0.008006,0.008009,0.007999,15.410000,3.5,3.5,3.5
15:35:39,2420,1,bajada,0.008005,0.008008,0.007998,15.410000,3.5,3.5,3.5
15:35:39,2421,1,bajada,0.008005,0.008008,0.007999,15.410000,3.5,3.499,3.5
15:35:39,2422,1,bajada,0.008005,0.008008,0.007999,15.410000,3.5,3.5,3.5
15:35:39,2424,1,bajada,0.008006,0.008008,0.008002,15.410000,3.5,3.5,3.5
15:35:39,2425,1,bajada,0.008007,0.008007,0.008002,15.410000,3.5,3.499,3.5
15:35:39,2428,1,bajada,0.008008,0.008007,0.007999,15.410000,3.5,3.499,3.5
15:35:39,2429,1,bajada,0.008007,0.008007,0.007999,15.410000,3.5,3.499,3.5
15:35:39,2430,1,bajada,0.008006,0.008007,0.007999,15.410000,3.5,3.499,3.5
15:35:39,2431,1,bajada,0.008006,0.008007,0.008000,15.410000,3.5,3.499,3.5
15:35:39,2432,1,bajada,0.008006,0.008007,0.007998,15.410000,3.5,3.499,3.5
15:35:39,2434,1,bajada,0.008005,0.008007,0.008000,15.410000,3.499,3.5,3.5
15:35:39,2435,1,bajada,0.008005,0.008007,0.007999,15.410000,3.5,3.499,3.5
15:35:39,2437,1,bajada,0.008006,0.008007,0.008000,15.410000,3.499,3.5,3.5
15:35:39,2438,1,bajada,0.008007,0.008007,0.008000,15.410000,3.5,3.5,3.5
15:35:40,2440,1,bajada,0.008007,0.008007,0.007998,15.410000,3.5,3.499,3.5
15:35:40,2441,1,bajada,0.008006,0.008007,0.007998,15.410000,3.5,3.499,3.5
15:35:40,2442,1,bajada,0.008005,0.008006,0.008000,15.410000,3.5,3.499,3.5
15:35:40,2444,1,bajada,0.008005,0.008006,0.007998,15.410000,3.5,3.499,3.5
15:35:40,2446,1,bajada,0.008005,0.008006,0.008000,15.410000,3.5,3.499,3.5
15:35:40,2447,1,bajada,0.008006,0.008006,0.008001,15.410000,3.5,3.499,3.5
15:35:40,2448,1,bajada,0.008007,0.008006,0.008000,15.410000,3.499,3.5,3.5
15:35:40,2450,1,bajada,0.008006,0.008006,0.008000,15.410000,3.5,3.499,3.5
15:35:40,2451,1,bajada,0.008006,0.008006,0.007999,15.410000,3.5,3.499,3.5
15:35:40,2452,1,bajada,0.008006,0.008006,0.007998,15.410000,3.5,3.499,3.5
15:35:40,2453,1,bajada,0.008005,0.008006,0.007999,15.400000,3.499,3.5,3.5
15:35:40,2454,1,bajada,0.008005,0.008006,0.007998,15.400000,3.5,3.499,3.5
15:35:40,2455,1,bajada,0.008005,0.008006,0.007998,15.410000,3.5,3.499,3.5
15:35:40,2456,1,bajada,0.008005,0.008006,0.008000,15.410000,3.499,3.5,3.5
15:35:40,2457,1,bajada,0.008006,0.008006,0.007998,15.410000,3.5,3.499,3.5
15:35:40,2460,1,bajada,0.008004,0.008005,0.007997,15.410000,3.5,3.499,3.5
15:35:40,2461,1,bajada,0.008004,0.008005,0.007998,15.410000,3.5,3.499,3.5
15:35:40,2463,1,bajada,0.008004,0.008005,0.007999,15.410000,3.5,3.499,3.5
15:35:41,2464,1,bajada,0.008005,0.008005,0.007999,15.410000,3.5,3.499,3.5
15:35:41,2465,1,bajada,0.008005,0.008005,0.007999,15.410000,3.5,3.499,3.5
15:35:41,2466,1,bajada,0.008005,0.008005,0.007999,15.410000,3.5,3.499,3.5
15:35:41,2469,1,bajada,0.008005,0.008005,0.007997,15.410000,3.5,3.5,3.5
15:35:41,2470,1,bajada,0.008004,0.008005,0.007997,15.410000,3.499,3.5,3.5
15:35:41,2471,1,bajada,0.008003,0.008005,0.007997,15.410000,3.5,3.499,3.5
15:35:41,2473,1,bajada,0.008004,0.008005,0.007997,15.410000,3.5,3.499,3.5
15:35:41,2474,1,bajada,0.008004,0.008005,0.007997,15.410000,3.5,3.499,3.5
15:35:41,2476,1,bajada,0.008004,0.008005,0.007999,15.410000,3.5,3.5,3.5
15:35:41,2477,1,bajada,0.008005,0.008005,0.007999,15.410000,3.5,3.499,3.5
15:35:41,2479,1,bajada,0.008005,0.008005,0.007999,15.410000,3.5,3.499,3.5
15:35:41,2480,1,bajada,0.008005,0.008005,0.007998,15.410000,3.5,3.5,3.5
15:35:41,2481,1,bajada,0.008004,0.008005,0.007997,15.410000,3.499,3.5,3.5
15:35:41,2483,1,bajada,0.008003,0.008004,0.007996,15.410000,3.5,3.499,3.5
15:35:41,2486,1,bajada,0.008002,0.008004,0.007998,15.410000,3.5,3.499,3.5
15:35:41,2487,1,bajada,0.008003,0.008004,0.007997,15.400000,3.5,3.5,3.5
15:35:41,2489,1,bajada,0.008004,0.008004,0.007997,15.400000,3.5,3.5,3.5
15:35:41,2491,1,bajada,0.008003,0.008004,0.007997,15.400000,3.5,3.5,3.5
15:35:41,2492,1,bajada,0.008003,0.008004,0.007996,15.400000,3.5,3.5,3.5
15:35:42,2494,1,bajada,0.008003,0.008004,0.007996,15.410000,3.5,3.5,3.5
15:35:42,2497,1,bajada,0.008004,0.008004,0.007999,15.410000,3.5,3.5,3.5
15:35:42,2498,1,bajada,0.008004,0.008004,0.007999,15.410000,3.5,3.5,3.5
15:35:42,2499,1,bajada,0.008005,0.008004,0.008001,15.410000,3.5,3.5,3.5
15:35:42,2501,1,bajada,0.008006,0.008004,0.007998,15.410000,3.5,3.5,3.5
15:35:42,2502,1,bajada,0.008005,0.008004,0.007994,15.400000,3.5,3.501,3.5
15:35:42,2503,1,bajada,0.008003,0.008004,0.007996,15.400000,3.5,3.5,3.5
15:35:42,2504,1,bajada,0.008001,0.008004,0.007996,15.410000,3.5,3.5,3.5
15:35:42,2505,1,bajada,0.008002,0.008004,0.007997,15.410000,3.5,3.501,3.5
15:35:42,2506,1,bajada,0.008003,0.008003,0.007998,15.410000,3.5,3.5,3.5
15:35:42,2508,1,bajada,0.008004,0.008004,0.007998,15.410000,3.5,3.501,3.5
15:35:42,2509,1,bajada,0.008004,0.008004,0.007997,15.410000,3.5,3.5,3.5
15:35:42,2511,1,bajada,0.008004,0.008004,0.007997,15.410000,3.5,3.501,3.5
15:35:42,2512,1,bajada,0.008004,0.008004,0.007997,15.400000,3.5,3.5,3.5
15:35:42,2514,1,bajada,0.008003,0.008004,0.007997,15.400000,3.5,3.501,3.5
15:35:42,2515,1,bajada,0.008003,0.008004,0.007998,15.410000,3.5,3.501,3.5
15:35:42,2517,1,bajada,0.008004,0.008004,0.007998,15.410000,3.5,3.501,3.5
15:35:42,2518,1,bajada,0.008004,0.008004,0.007997,15.400000,3.5,3.5,3.5
15:35:43,2520,1,bajada,0.008004,0.008004,0.007997,15.400000,3.5,3.501,3.5
15:35:43,2521,1,bajada,0.008005,0.008004,0.008000,15.410000,3.5,3.501,3.5
15:35:43,2522,1,bajada,0.008006,0.008004,0.008000,15.410000,3.5,3.501,3.5
15:35:43,2523,1,bajada,0.008007,0.008004,0.008001,15.410000,3.5,3.501,3.5
15:35:43,2525,1,bajada,0.008008,0.008005,0.008002,15.410000,3.5,3.501,3.5
15:35:43,2527,1,bajada,0.008008,0.008005,0.008002,15.410000,3.5,3.501,3.5
15:35:43,2528,1,bajada,0.008008,0.008005,0.008004,15.410000,3.5,3.501,3.5
15:35:43,2529,1,bajada,0.008009,0.008006,0.008003,15.410000,3.5,3.501,3.5
15:35:43,2530,1,bajada,0.008009,0.008006,0.008002,15.410000,3.5,3.501,3.5
15:35:43,2531,1,bajada,0.008009,0.008006,0.008004,15.410000,3.5,3.501,3.5
15:35:43,2533,1,bajada,0.008009,0.008006,0.008002,15.410000,3.501,3.5,3.5
15:35:43,2535,1,bajada,0.008009,0.008007,0.008002,15.400000,3.5,3.501,3.5
15:35:43,2536,1,bajada,0.008009,0.008007,0.008003,15.400000,3.5,3.501,3.5
15:35:43,2537,1,bajada,0.008009,0.008007,0.008002,15.400000,3.5,3.501,3.5
15:35:43,2539,1,bajada,0.008009,0.008007,0.008000,15.400000,3.5,3.502,3.5
15:35:43,2540,1,bajada,0.008008,0.008007,0.008001,15.400000,3.5,3.501,3.5
15:35:43,2541,1,bajada,0.008007,0.008007,0.008001,15.400000,3.5,3.501,3.5
15:35:43,2543,1,bajada,0.008008,0.008007,0.008001,15.400000,3.5,3.501,3.5
15:35:43,2544,1,bajada,0.008008,0.008007,0.008002,15.400000,3.5,3.501,3.5
15:35:43,2545,1,bajada,0.008009,0.008008,0.008001,15.410000,3.5,3.501,3.5
15:35:44,2546,1,bajada,0.008009,0.008008,0.008001,15.410000,3.5,3.501,3.5
15:35:44,2548,1,bajada,0.008008,0.008008,0.008004,15.400000,3.5,3.501,3.5
15:35:44,2549,1,bajada,0.008009,0.008008,0.008002,15.400000,3.5,3.501,3.5
15:35:44,2551,1,bajada,0.008009,0.008008,0.008000,15.400000,3.501,3.5,3.5
15:35:44,2552,1,bajada,0.008008,0.008008,0.008001,15.400000,3.5,3.501,3.5
15:35:44,2553,1,bajada,0.008008,0.008008,0.008003,15.400000,3.5,3.501,3.5
15:35:44,2555,1,bajada,0.008009,0.008008,0.008002,15.400000,3.5,3.501,3.5
15:35:44,2556,1,bajada,0.008009,0.008008,0.008002,15.400000,3.5,3.501,3.5
15:35:44,2559,1,bajada,0.008010,0.008008,0.008001,15.400000,3.5,3.501,3.5
15:35:44,2560,1,bajada,0.008009,0.008008,0.008002,15.400000,3.5,3.501,3.5
15:35:44,2561,1,bajada,0.008009,0.008008,0.008002,15.400000,3.5,3.501,3.5
15:35:44,2563,1,bajada,0.008009,0.008008,0.008002,15.400000,3.5,3.501,3.5
15:35:44,2564,1,bajada,0.008009,0.008008,0.008003,15.400000,3.5,3.501,3.5
15:35:44,2566,1,bajada,0.008010,0.008009,0.008003,15.400000,3.5,3.5,3.5
15:35:44,2567,1,bajada,0.008010,0.008009,0.008003,15.400000,3.5,3.501,3.5
15:35:44,2568,1,bajada,0.008009,0.008009,0.008001,15.400000,3.5,3.501,3.5
15:35:44,2569,1,bajada,0.008009,0.008009,0.008001,15.400000,3.5,3.5,3.5
15:35:44,2571,1,bajada,0.008008,0.008009,0.008001,15.400000,3.5,3.5,3.5
15:35:44,2572,1,bajada,0.008008,0.008009,0.008003,15.400000,3.5,3.501,3.5
15:35:45,2574,1,bajada,0.008009,0.008009,0.008003,15.400000,3.501,3.5,3.5
15:35:45,2575,1,bajada,0.008010,0.008009,0.008003,15.400000,3.5,3.501,3.5
15:35:45,2576,1,bajada,0.008009,0.008009,0.008001,15.400000,3.5,3.501,3.5
15:35:45,2578,1,bajada,0.008008,0.008009,0.008003,15.400000,3.5,3.501,3.5
15:35:45,2579,1,bajada,0.008009,0.008009,0.008003,15.400000,3.5,3.5,3.5
15:35:45,2580,1,bajada,0.008009,0.008009,0.008004,15.400000,3.5,3.501,3.5
15:35:45,2582,1,bajada,0.008010,0.008009,0.008002,15.400000,3.5,3.5,3.5
15:35:45,2583,1,bajada,0.008009,0.008009,0.008003,15.400000,3.5,3.501,3.5
15:35:45,2585,1,bajada,0.008009,0.008009,0.008003,15.400000,3.5,3.501,3.5
15:35:45,2586,1,bajada,0.008009,0.008009,0.008003,15.400000,3.5,3.5,3.5
15:35:45,2588,1,bajada,0.008009,0.008009,0.008004,15.400000,3.5,3.5,3.5
15:35:45,2589,1,bajada,0.008010,0.008009,0.008004,15.400000,3.5,3.501,3.5
15:35:45,2591,1,bajada,0.008010,0.008009,0.008002,15.400000,3.5,3.501,3.5
15:35:45,2592,1,bajada,0.008009,0.008009,0.008004,15.400000,3.5,3.5,3.5
15:35:45,2595,1,bajada,0.008010,0.008009,0.008002,15.400000,3.5,3.501,3.5
15:35:45,2596,1,bajada,0.008009,0.008009,0.008001,15.400000,3.5,3.5,3.5
15:35:45,2597,1,bajada,0.008009,0.008009,0.008003,15.400000,3.5,3.501,3.5
15:35:45,2599,1,bajada,0.008010,0.008009,0.008002,15.400000,3.5,3.501,3.5
15:35:45,2600,1,bajada,0.008010,0.008009,0.008002,15.400000,3.5,3.5,3.5
15:35:46,2601,1,bajada,0.008009,0.008009,0.008002,15.400000,3.5,3.501,3.5
15:35:46,2602,1,bajada,0.008008,0.008009,0.008000,15.400000,3.5,3.501,3.5
15:35:46,2604,1,bajada,0.008008,0.008009,0.008002,15.400000,3.5,3.501,3.5
15:35:46,2605,1,bajada,0.008008,0.008009,0.008002,15.400000,3.5,3.5,3.5
15:35:46,2607,1,bajada,0.008008,0.008009,0.008001,15.400000,3.5,3.501,3.5
15:35:46,2608,1,bajada,0.008008,0.008009,0.007999,15.400000,3.5,3.5,3.5
15:35:46,2609,1,bajada,0.008007,0.008009,0.008000,15.400000,3.5,3.501,3.5
15:35:46,2610,1,bajada,0.008007,0.008009,0.008000,15.400000,3.5,3.5,3.5
15:35:46,2612,1,bajada,0.008007,0.008008,0.007999,15.400000,3.5,3.501,3.5
15:35:46,2613,1,bajada,0.008006,0.008008,0.007999,15.400000,3.5,3.5,3.5
15:35:46,2614,1,bajada,0.008006,0.008008,0.007998,15.400000,3.5,3.501,3.5
15:35:46,2616,1,bajada,0.008006,0.008008,0.007998,15.400000,3.5,3.5,3.5
15:35:46,2617,1,bajada,0.008006,0.008008,0.007998,15.400000,3.5,3.5,3.5
15:35:46,2620,1,bajada,0.008005,0.008007,0.007998,15.400000,3.5,3.501,3.5
15:35:46,2621,1,bajada,0.008005,0.008007,0.007998,15.400000,3.5,3.5,3.5
15:35:46,2623,1,bajada,0.008004,0.008007,0.007997,15.400000,3.5,3.5,3.5
15:35:46,2626,1,bajada,0.008004,0.008006,0.007995,15.400000,3.5,3.5,3.5
15:35:47,2627,1,bajada,0.008003,0.008006,0.007995,15.400000,3.5,3.5,3.5
15:35:47,2628,1,bajada,0.008002,0.008006,0.007996,15.400000,3.5,3.5,3.5
15:35:47,2629,1,bajada,0.008003,0.008005,0.007997,15.400000,3.5,3.5,3.5
15:35:47,2631,1,bajada,0.008004,0.008005,0.007997,15.400000,3.5,3.5,3.5
15:35:47,2633,1,bajada,0.008004,0.008005,0.007997,15.400000,3.5,3.5,3.5
15:35:47,2634,1,bajada,0.008004,0.008005,0.007997,15.400000,3.5,3.5,3.5
15:35:47,2635,1,bajada,0.008004,0.008005,0.007996,15.400000,3.5,3.5,3.5
15:35:47,2636,1,bajada,0.008004,0.008005,0.007998,15.400000,3.5,3.5,3.5
15:35:47,2637,1,bajada,0.008004,0.008005,0.007998,15.400000,3.5,3.5,3.5
15:35:47,2639,1,bajada,0.008005,0.008005,0.008000,15.400000,3.5,3.5,3.5
15:35:47,2640,1,bajada,0.008006,0.008005,0.008000,15.400000,3.5,3.5,3.5
15:35:47,2642,1,bajada,0.008006,0.008005,0.007998,15.400000,3.5,3.5,3.5
15:35:47,2643,1,bajada,0.008005,0.008005,0.007999,15.400000,3.5,3.5,3.5
15:35:47,2645,1,bajada,0.008005,0.008005,0.008000,15.400000,3.5,3.5,3.5
15:35:47,2646,1,bajada,0.008005,0.008005,0.008000,15.400000,3.5,3.5,3.5
15:35:47,2648,1,bajada,0.008005,0.008005,0.007999,15.400000,3.5,3.5,3.5
15:35:47,2649,1,bajada,0.008006,0.008005,0.007999,15.400000,3.5,3.5,3.5
15:35:47,2650,1,bajada,0.008006,0.008005,0.008001,15.400000,3.5,3.499,3.5
15:35:47,2651,1,bajada,0.008007,0.008005,0.007999,15.400000,3.5,3.5,3.5
15:35:47,2653,1,bajada,0.008007,0.008006,0.008000,15.400000,3.5,3.5,3.5
15:35:47,2655,1,bajada,0.008007,0.008006,0.007999,15.400000,3.5,3.5,3.5
15:35:48,2656,1,bajada,0.008006,0.008006,0.007997,15.400000,3.5,3.5,3.5
15:35:48,2657,1,bajada,0.008004,0.008006,0.007999,15.400000,3.5,3.499,3.5
15:35:48,2658,1,bajada,0.008005,0.008005,0.007999,15.400000,3.5,3.5,3.5
15:35:48,2659,1,bajada,0.008006,0.008005,0.008000,15.400000,3.5,3.499,3.5
15:35:48,2661,1,bajada,0.008005,0.008005,0.007996,15.400000,3.5,3.5,3.5
15:35:48,2662,1,bajada,0.008004,0.008005,0.007997,15.400000,3.5,3.5,3.5
15:35:48,2664,1,bajada,0.008004,0.008005,0.007997,15.400000,3.5,3.5,3.5
15:35:48,2665,1,bajada,0.008004,0.008005,0.007998,15.400000,3.5,3.5,3.5
15:35:48,2666,1,bajada,0.008005,0.008005,0.007997,15.400000,3.5,3.5,3.5
15:35:48,2667,1,bajada,0.008004,0.008005,0.007996,15.400000,3.5,3.5,3.5
15:35:48,2668,1,bajada,0.008003,0.008005,0.007996,15.400000,3.5,3.5,3.5
15:35:48,2669,1,bajada,0.008003,0.008005,0.007995,15.400000,3.5,3.499,3.5
15:35:48,2672,1,bajada,0.008002,0.008004,0.007995,15.400000,3.5,3.5,3.5
15:35:48,2673,1,bajada,0.008003,0.008004,0.007996,15.400000,3.5,3.5,3.5
15:35:48,2674,1,bajada,0.008002,0.008004,0.007996,15.400000,3.5,3.5,3.5
15:35:48,2676,1,bajada,0.008002,0.008004,0.007996,15.400000,3.5,3.5,3.5
15:35:48,2677,1,bajada,0.008003,0.008004,0.007997,15.400000,3.5,3.5,3.5
15:35:48,2679,1,bajada,0.008003,0.008004,0.007994,15.400000,3.5,3.5,3.5
15:35:48,2680,1,bajada,0.008002,0.008003,0.007995,15.400000,3.5,3.5,3.5
15:35:49,2681,1,bajada,0.008001,0.008003,0.007994,15.400000,3.5,3.5,3.5
15:35:49,2683,1,bajada,0.008002,0.008003,0.007996,15.400000,3.5,3.5,3.5
15:35:49,2684,1,bajada,0.008003,0.008003,0.007997,15.400000,3.5,3.5,3.5
15:35:49,2686,1,bajada,0.008004,0.008003,0.007998,15.400000,3.5,3.5,3.5
15:35:49,2687,1,bajada,0.008005,0.008003,0.007996,15.400000,3.5,3.5,3.5
15:35:49,2689,1,bajada,0.008005,0.008003,0.007997,15.400000,3.5,3.5,3.5
15:35:49,2690,1,bajada,0.008005,0.008004,0.008000,15.400000,3.5,3.5,3.5
15:35:49,2691,1,bajada,0.008005,0.008004,0.008000,15.400000,3.5,3.499,3.5
15:35:49,2693,1,bajada,0.008006,0.008004,0.007998,15.400000,3.5,3.499,3.5
15:35:49,2695,1,bajada,0.008005,0.008004,0.007998,15.400000,3.5,3.5,3.5
15:35:49,2696,1,bajada,0.008005,0.008004,0.007997,15.400000,3.5,3.5,3.5
15:35:49,2697,1,bajada,0.008005,0.008004,0.007999,15.400000,3.5,3.499,3.5
15:35:49,2698,1,bajada,0.008006,0.008004,0.007999,15.400000,3.5,3.5,3.5
15:35:49,2699,1,bajada,0.008006,0.008005,0.008000,15.400000,3.5,3.499,3.5
15:35:49,2700,1,bajada,0.008006,0.008005,0.008000,15.400000,3.5,3.5,3.5
15:35:49,2702,1,bajada,0.008006,0.008005,0.008001,15.400000,3.5,3.5,3.5
15:35:49,2703,1,bajada,0.008007,0.008005,0.008000,15.400000,3.5,3.5,3.5
15:35:49,2705,1,bajada,0.008007,0.008005,0.008000,15.400000,3.5,3.5,3.5
15:35:49,2706,1,bajada,0.008006,0.008005,0.008000,15.400000,3.5,3.499,3.5
15:35:49,2708,1,bajada,0.008007,0.008005,0.008001,15.400000,3.5,3.499,3.5
15:35:50,2709,1,bajada,0.008008,0.008006,0.008000,15.400000,3.5,3.5,3.5
15:35:50,2711,1,bajada,0.008007,0.008006,0.007999,15.400000,3.5,3.5,3.5
15:35:50,2712,1,bajada,0.008006,0.008006,0.007999,15.400000,3.5,3.499,3.5
15:35:50,2714,1,bajada,0.008006,0.008006,0.007999,15.400000,3.5,3.499,3.5
15:35:50,2715,1,bajada,0.008006,0.008006,0.007999,15.400000,3.5,3.499,3.5
15:35:50,2717,1,bajada,0.008006,0.008006,0.008002,15.400000,3.5,3.499,3.5
15:35:50,2720,1,bajada,0.008009,0.008006,0.008002,15.400000,3.5,3.5,3.5
15:35:50,2721,1,bajada,0.008009,0.008007,0.008006,15.400000,3.5,3.5,3.5
15:35:50,2722,1,bajada,0.008010,0.008007,0.008004,15.400000,3.5,3.5,3.5
15:35:50,2724,1,bajada,0.008011,0.008007,0.008003,15.400000,3.5,3.5,3.5
15:35:50,2725,1,bajada,0.008010,0.008008,0.008004,15.400000,3.5,3.5,3.5
15:35:50,2726,1,bajada,0.008010,0.008008,0.008003,15.400000,3.5,3.5,3.5
15:35:50,2728,1,bajada,0.008010,0.008008,0.008003,15.400000,3.5,3.5,3.5
15:35:50,2729,1,bajada,0.008010,0.008008,0.008002,15.400000,3.5,3.5,3.5
15:35:50,2730,1,bajada,0.008009,0.008008,0.008001,15.400000,3.5,3.5,3.5
15:35:50,2731,1,bajada,0.008009,0.008008,0.008001,15.400000,3.5,3.5,3.5
15:35:50,2732,1,bajada,0.008008,0.008008,0.008000,15.400000,3.5,3.5,3.5
15:35:50,2734,1,bajada,0.008007,0.008008,0.007999,15.400000,3.5,3.5,3.5
15:35:50,2735,1,bajada,0.008007,0.008008,0.008002,15.400000,3.5,3.5,3.5
15:35:51,2737,1,bajada,0.008007,0.008008,0.008000,15.400000,3.5,3.5,3.5
15:35:51,2738,1,bajada,0.008007,0.008008,0.008000,15.400000,3.5,3.5,3.5
15:35:51,2739,1,bajada,0.008007,0.008008,0.007999,15.400000,3.5,3.5,3.5
15:35:51,2740,1,bajada,0.008007,0.008008,0.007999,15.400000,3.5,3.5,3.5
15:35:51,2742,1,bajada,0.008006,0.008008,0.008001,15.400000,3.5,3.5,3.5
15:35:51,2743,1,bajada,0.008007,0.008008,0.008002,15.400000,3.5,3.5,3.5
15:35:51,2744,1,bajada,0.008008,0.008008,0.008000,15.400000,3.5,3.5,3.5
15:35:51,2746,1,bajada,0.008007,0.008008,0.007999,15.400000,3.5,3.5,3.5
15:35:51,2747,1,bajada,0.008006,0.008007,0.007999,15.400000,3.5,3.5,3.5
15:35:51,2749,1,bajada,0.008007,0.008007,0.008000,15.400000,3.5,3.5,3.5
15:35:51,2750,1,bajada,0.008007,0.008007,0.008001,15.400000,3.5,3.5,3.5
15:35:51,2751,1,bajada,0.008008,0.008007,0.008000,15.400000,3.5,3.5,3.5
15:35:51,2752,1,bajada,0.008007,0.008007,0.007999,15.400000,3.5,3.5,3.5
15:35:51,2754,1,bajada,0.008006,0.008007,0.008001,15.400000,3.5,3.5,3.5
15:35:51,2755,1,bajada,0.008007,0.008007,0.008000,15.400000,3.5,3.5,3.5
15:35:51,2757,1,bajada,0.008008,0.008007,0.008000,15.400000,3.5,3.5,3.5
15:35:51,2758,1,bajada,0.008007,0.008007,0.007998,15.400000,3.5,3.5,3.5
15:35:51,2760,1,bajada,0.008006,0.008007,0.007999,15.400000,3.5,3.5,3.5
15:35:51,2761,1,bajada,0.008006,0.008007,0.008000,15.400000,3.5,3.5,3.5
15:35:51,2762,1,bajada,0.008007,0.008007,0.008001,15.400000,3.5,3.5,3.5
15:35:52,2763,1,bajada,0.008008,0.008007,0.008001,15.400000,3.5,3.5,3.5
15:35:52,2765,1,bajada,0.008007,0.008007,0.008001,15.400000,3.5,3.5,3.5
15:35:52,2768,1,bajada,0.008007,0.008007,0.008000,15.400000,3.5,3.5,3.5
15:35:52,2769,1,bajada,0.008007,0.008007,0.008000,15.400000,3.5,3.5,3.5
15:35:52,2771,1,bajada,0.008007,0.008007,0.008001,15.400000,3.5,3.5,3.5
15:35:52,2772,1,bajada,0.008008,0.008007,0.008001,15.400000,3.5,3.5,3.5
15:35:52,2773,1,bajada,0.008008,0.008007,0.008002,15.400000,3.5,3.501,3.5
15:35:52,2774,1,bajada,0.008008,0.008007,0.008001,15.400000,3.5,3.501,3.5
15:35:52,2776,1,bajada,0.008008,0.008007,0.008001,15.400000,3.5,3.501,3.5
15:35:52,2777,1,bajada,0.008008,0.008007,0.007999,15.400000,3.5,3.5,3.5
15:35:52,2779,1,bajada,0.008007,0.008007,0.007997,15.400000,3.5,3.501,3.5
15:35:52,2780,1,bajada,0.008006,0.008007,0.008000,15.400000,3.501,3.5,3.5
15:35:52,2781,1,bajada,0.008004,0.008007,0.008001,15.400000,3.5,3.5,3.5
15:35:52,2782,1,bajada,0.008006,0.008007,0.008001,15.400000,3.5,3.5,3.5
15:35:52,2783,1,bajada,0.008006,0.008007,0.008001,15.400000,3.5,3.5,3.5
15:35:52,2784,1,bajada,0.008006,0.008007,0.008003,15.400000,3.5,3.501,3.5
15:35:52,2785,1,bajada,0.008008,0.008007,0.008003,15.400000,3.5,3.5,3.5
15:35:52,2786,1,bajada,0.008008,0.008007,0.008003,15.400000,3.5,3.501,3.5
15:35:52,2788,1,bajada,0.008008,0.008007,0.008000,15.400000,3.5,3.501,3.5
15:35:53,2789,1,bajada,0.008007,0.008007,0.008002,15.400000,3.5,3.501,3.5
15:35:53,2791,1,bajada,0.008007,0.008007,0.008002,15.400000,3.5,3.5,3.5
15:35:53,2792,1,bajada,0.008008,0.008007,0.008002,15.400000,3.5,3.501,3.5
15:35:53,2793,1,bajada,0.008009,0.008007,0.008003,15.400000,3.5,3.501,3.5
15:35:53,2795,1,bajada,0.008010,0.008008,0.008003,15.400000,3.5,3.501,3.5
15:35:53,2796,1,bajada,0.008010,0.008008,0.008005,15.400000,3.5,3.501,3.5
15:35:53,2797,1,bajada,0.008011,0.008008,0.008003,15.400000,3.5,3.5,3.5
15:35:53,2799,1,bajada,0.008010,0.008008,0.008003,15.400000,3.5,3.501,3.5
15:35:53,2800,1,bajada,0.008009,0.008008,0.008002,15.400000,3.5,3.5,3.5
15:35:53,2802,1,bajada,0.008009,0.008008,0.008002,15.400000,3.5,3.5,3.5
15:35:53,2803,1,bajada,0.008008,0.008008,0.008002,15.400000,3.5,3.501,3.5
15:35:53,2805,1,bajada,0.008008,0.008008,0.008002,15.400000,3.5,3.501,3.5
15:35:53,2806,1,bajada,0.008008,0.008008,0.008001,15.400000,3.5,3.501,3.5
15:35:53,2808,1,bajada,0.008008,0.008008,0.008003,15.400000,3.5,3.501,3.5
15:35:53,2809,1,bajada,0.008009,0.008008,0.008004,15.400000,3.5,3.501,3.5
15:35:53,2810,1,bajada,0.008010,0.008008,0.008004,15.400000,3.5,3.5,3.5
15:35:53,2811,1,bajada,0.008010,0.008009,0.008002,15.400000,3.5,3.501,3.5
15:35:53,2813,1,bajada,0.008010,0.008009,0.008003,15.400000,3.5,3.501,3.5
15:35:53,2814,1,bajada,0.008010,0.008009,0.008003,15.400000,3.5,3.5,3.5
15:35:54,2815,1,bajada,0.008010,0.008009,0.008003,15.400000,3.5,3.501,3.5
15:35:54,2817,1,bajada,0.008009,0.008009,0.008001,15.400000,3.5,3.501,3.5
15:35:54,2820,1,bajada,0.008008,0.008009,0.008002,15.400000,3.5,3.501,3.5
15:35:54,2821,1,bajada,0.008008,0.008009,0.008002,15.400000,3.5,3.501,3.5
15:35:54,2823,1,bajada,0.008009,0.008009,0.008000,15.400000,3.5,3.501,3.5
15:35:54,2824,1,bajada,0.008008,0.008009,0.008001,15.400000,3.5,3.501,3.5
15:35:54,2825,1,bajada,0.008007,0.008009,0.008000,15.400000,3.5,3.501,3.5
15:35:54,2826,1,bajada,0.008007,0.008008,0.008001,15.400000,3.5,3.501,3.5
15:35:54,2828,1,bajada,0.008007,0.008008,0.008003,15.400000,3.5,3.501,3.5
15:35:54,2829,1,bajada,0.008008,0.008008,0.008003,15.400000,3.5,3.501,3.5
15:35:54,2830,1,bajada,0.008009,0.008008,0.008003,15.400000,3.501,3.5,3.5
15:35:54,2831,1,bajada,0.008010,0.008008,0.008004,15.400000,3.5,3.501,3.5
15:35:54,2832,1,bajada,0.008010,0.008009,0.008003,15.400000,3.501,3.5,3.5
15:35:54,2834,1,bajada,0.008009,0.008009,0.008003,15.400000,3.501,3.5,3.5
15:35:54,2835,1,bajada,0.008008,0.008008,0.008000,15.400000,3.5,3.5,3.5
15:35:54,2836,1,bajada,0.008007,0.008008,0.008001,15.400000,3.5,3.5,3.5
15:35:54,2838,1,bajada,0.008007,0.008008,0.007999,15.400000,3.5,3.501,3.5
15:35:54,2839,1,bajada,0.008006,0.008008,0.007999,15.400000,3.5,3.5,3.5
15:35:54,2841,1,bajada,0.008005,0.008008,0.008000,15.400000,3.5,3.501,3.5
15:35:55,2842,1,bajada,0.008006,0.008008,0.008000,15.400000,3.5,3.501,3.5
15:35:55,2843,1,bajada,0.008007,0.008007,0.008001,15.400000,3.5,3.5,3.5
15:35:55,2845,1,bajada,0.008007,0.008007,0.008003,15.400000,3.5,3.5,3.5
15:35:55,2846,1,bajada,0.008008,0.008008,0.008000,15.400000,3.5,3.501,3.5
15:35:55,2848,1,bajada,0.008008,0.008008,0.008000,15.400000,3.5,3.501,3.5
15:35:55,2849,1,bajada,0.008007,0.008007,0.007999,15.400000,3.5,3.501,3.5
15:36:45,2852,1,bajada,-0.007387,-0.007387,-0.007384,15.400000,0.0,0.001,0.0
15:36:45,2853,1,bajada,-0.007387,-0.007387,-0.007384,15.400000,0.0,0.001,0.0
15:36:45,2854,1,bajada,-0.007387,-0.007387,-0.007384,15.400000,0.0,0.001,0.0
15:36:45,2855,1,bajada,-0.007387,-0.007387,-0.007384,15.400000,0.001,0.0,0.0
15:36:45,2856,1,bajada,-0.007388,-0.007387,-0.007383,15.400000,0.0,0.001,0.0
15:36:45,2858,1,bajada,-0.007388,-0.007387,-0.007385,15.400000,0.0,0.001,0.0
15:36:45,2859,1,bajada,-0.007388,-0.007387,-0.007386,15.400000,0.0,0.001,0.0
15:36:45,2860,1,bajada,-0.007389,-0.007387,-0.007385,15.400000,0.001,0.0,0.0
15:36:45,2861,1,bajada,-0.007389,-0.007388,-0.007385,15.400000,0.0,0.001,0.0
15:36:46,2863,1,bajada,-0.007390,-0.007388,-0.007385,15.400000,0.0,0.001,0.0
15:36:46,2864,1,bajada,-0.007389,-0.007388,-0.007385,15.400000,0.001,0.0,0.0
15:36:46,2865,1,bajada,-0.007389,-0.007388,-0.007385,15.400000,0.0,0.001,0.0
15:36:46,2866,1,bajada,-0.007389,-0.007388,-0.007385,15.400000,0.001,0.0,0.0
15:36:46,2868,1,bajada,-0.007389,-0.007388,-0.007384,15.400000,0.0,0.001,0.0
15:36:46,2869,1,bajada,-0.007388,-0.007388,-0.007384,15.400000,0.0,0.001,0.0
15:36:46,2870,1,bajada,-0.007387,-0.007388,-0.007383,15.400000,0.0,0.001,0.0
15:36:46,2872,1,bajada,-0.007387,-0.007388,-0.007385,15.400000,0.0,0.001,0.0
15:36:46,2873,1,bajada,-0.007387,-0.007388,-0.007386,15.400000,0.0,0.001,0.0
15:36:46,2874,1,bajada,-0.007388,-0.007388,-0.007384,15.400000,0.0,0.001,0.0
15:36:46,2875,1,bajada,-0.007388,-0.007388,-0.007385,15.400000,0.0,0.002,0.0
15:36:46,2877,1,bajada,-0.007388,-0.007388,-0.007386,15.400000,0.0,0.001,0.0
15:36:46,2878,1,bajada,-0.007389,-0.007388,-0.007385,15.400000,0.0,0.001,0.0
15:36:46,2879,1,bajada,-0.007389,-0.007388,-0.007385,15.400000,0.0,0.001,0.0
15:36:46,2881,1,bajada,-0.007389,-0.007388,-0.007386,15.400000,0.0,0.001,0.0
15:36:46,2882,1,bajada,-0.007389,-0.007388,-0.007387,15.400000,0.0,0.001,0.0
15:36:46,2884,1,bajada,-0.007390,-0.007388,-0.007385,15.400000,0.0,0.001,0.0
15:36:46,2885,1,bajada,-0.007389,-0.007388,-0.007384,15.400000,0.0,0.001,0.0
15:36:46,2886,1,bajada,-0.007388,-0.007388,-0.007384,15.400000,0.0,0.001,0.0
15:36:46,2887,1,bajada,-0.007387,-0.007388,-0.007383,15.400000,0.0,0.001,0.0
15:36:47,2889,1,bajada,-0.007386,-0.007388,-0.007383,15.400000,0.0,0.001,0.0
15:36:47,2890,1,bajada,-0.007387,-0.007388,-0.007384,15.400000,0.0,0.001,0.0
15:36:47,2892,1,bajada,-0.007388,-0.007388,-0.007384,15.400000,0.001,0.0,0.0
15:36:47,2893,1,bajada,-0.007388,-0.007388,-0.007384,15.400000,0.0,0.001,0.0
15:36:47,2895,1,bajada,-0.007388,-0.007388,-0.007385,15.400000,0.0,0.001,0.0
15:36:47,2896,1,bajada,-0.007388,-0.007388,-0.007385,15.400000,0.0,0.001,0.0
15:36:47,2897,1,bajada,-0.007388,-0.007388,-0.007385,15.400000,0.0,0.001,0.0
15:36:47,2898,1,bajada,-0.007388,-0.007388,-0.007384,15.400000,0.0,0.001,0.0
15:36:47,2899,1,bajada,-0.007388,-0.007388,-0.007385,15.400000,0.0,0.001,0.0
15:36:47,2900,1,bajada,-0.007388,-0.007388,-0.007384,15.400000,0.0,0.001,0.0
15:36:47,2902,1,bajada,-0.007388,-0.007388,-0.007384,15.400000,0.0,0.001,0.0
15:36:47,2903,1,bajada,-0.007388,-0.007388,-0.007385,15.400000,0.0,0.001,0.0
15:36:47,2904,1,bajada,-0.007388,-0.007388,-0.007385,15.400000,0.0,0.001,0.0
15:36:47,2905,1,bajada,-0.007389,-0.007388,-0.007385,15.400000,0.0,0.001,0.0
15:36:47,2907,1,bajada,-0.007389,-0.007388,-0.007385,15.400000,0.0,0.001,0.0
15:36:47,2908,1,bajada,-0.007389,-0.007388,-0.007385,15.400000,0.0,0.001,0.0
15:36:47,2909,1,bajada,-0.007389,-0.007388,-0.007385,15.390000,0.0,0.001,0.0
15:36:47,2911,1,bajada,-0.007389,-0.007388,-0.007385,15.390000,0.0,0.001,0.0
15:36:47,2912,1,bajada,-0.007389,-0.007388,-0.007386,15.400000,0.0,0.001,0.0
15:36:48,2913,1,bajada,-0.007389,-0.007388,-0.007385,15.400000,0.0,0.001,0.0
15:36:48,2914,1,bajada,-0.007389,-0.007389,-0.007386,15.400000,0.0,0.001,0.0
15:36:48,2915,1,bajada,-0.007390,-0.007389,-0.007386,15.400000,0.0,0.001,0.0
15:36:48,2916,1,bajada,-0.007390,-0.007389,-0.007386,15.400000,0.0,0.001,0.0
15:36:48,2918,1,bajada,-0.007389,-0.007389,-0.007384,15.400000,0.0,0.001,0.0
15:36:48,2920,1,bajada,-0.007388,-0.007389,-0.007384,15.400000,0.0,0.001,0.0
15:36:48,2921,1,bajada,-0.007388,-0.007389,-0.007382,15.400000,0.0,0.001,0.0
15:36:48,2922,1,bajada,-0.007386,-0.007388,-0.007381,15.390000,0.0,0.001,0.0
15:36:48,2924,1,bajada,-0.007385,-0.007388,-0.007383,15.400000,0.0,0.001,0.0
15:36:48,2925,1,bajada,-0.007385,-0.007388,-0.007383,15.400000,0.0,0.001,0.0
15:36:48,2926,1,bajada,-0.007386,-0.007388,-0.007383,15.400000,0.0,0.001,0.0
15:36:48,2927,1,bajada,-0.007386,-0.007387,-0.007381,15.400000,0.0,0.001,0.0
15:36:48,2928,1,bajada,-0.007385,-0.007387,-0.007380,15.390000,0.0,0.001,0.0
15:36:48,2929,1,bajada,-0.007385,-0.007387,-0.007381,15.390000,0.0,0.001,0.0
15:36:48,2930,1,bajada,-0.007386,-0.007387,-0.007382,15.400000,0.0,0.001,0.0
15:36:48,2932,1,bajada,-0.007385,-0.007387,-0.007382,15.400000,0.0,0.001,0.0
15:36:48,2934,1,bajada,-0.007385,-0.007387,-0.007382,15.400000,0.0,0.001,0.0
15:36:48,2935,1,bajada,-0.007385,-0.007386,-0.007382,15.400000,0.0,0.0,0.0
15:36:48,2937,1,bajada,-0.007385,-0.007386,-0.007380,15.400000,0.0,0.001,0.0
15:36:48,2938,1,bajada,-0.007385,-0.007386,-0.007381,15.400000,0.0,0.001,0.0
15:36:49,2940,1,bajada,-0.007385,-0.007386,-0.007382,15.390000,0.0,0.001,0.0
15:36:49,2941,1,bajada,-0.007385,-0.007386,-0.007381,15.390000,0.0,0.001,0.0
15:36:49,2943,1,bajada,-0.007385,-0.007386,-0.007382,15.400000,0.0,0.001,0.0
15:36:49,2944,1,bajada,-0.007386,-0.007386,-0.007385,15.400000,0.001,0.0,0.0
15:36:49,2946,1,bajada,-0.007387,-0.007386,-0.007384,15.400000,0.0,0.001,0.0
15:36:49,2947,1,bajada,-0.007387,-0.007386,-0.007383,15.400000,0.0,0.001,0.0
15:36:49,2948,1,bajada,-0.007387,-0.007386,-0.007383,15.390000,0.0,0.001,0.0
15:36:49,2949,1,bajada,-0.007387,-0.007386,-0.007384,15.390000,0.0,0.001,0.0
15:36:49,2950,1,bajada,-0.007387,-0.007386,-0.007385,15.390000,0.0,0.001,0.0
15:36:49,2952,1,bajada,-0.007388,-0.007386,-0.007386,15.390000,0.0,0.001,0.0
15:36:49,2953,1,bajada,-0.007388,-0.007387,-0.007384,15.400000,0.0,0.001,0.0
15:36:49,2955,1,bajada,-0.007388,-0.007387,-0.007384,15.400000,0.0,0.001,0.0
15:36:49,2956,1,bajada,-0.007388,-0.007387,-0.007384,15.400000,0.0,0.001,0.0
15:36:49,2957,1,bajada,-0.007388,-0.007387,-0.007386,15.400000,0.0,0.001,0.0
15:36:49,2958,1,bajada,-0.007388,-0.007387,-0.007384,15.400000,0.001,0.0,0.0
15:36:49,2960,1,bajada,-0.007388,-0.007387,-0.007384,15.400000,0.0,0.001,0.0
15:36:49,2961,1,bajada,-0.007389,-0.007387,-0.007386,15.400000,0.0,0.001,0.0
15:36:49,2963,1,bajada,-0.007389,-0.007387,-0.007386,15.400000,0.0,0.001,0.0
15:36:49,2964,1,bajada,-0.007389,-0.007388,-0.007385,15.400000,0.0,0.001,0.0
15:36:49,2965,1,bajada,-0.007388,-0.007388,-0.007385,15.400000,0.0,0.001,0.0
15:36:50,2967,1,bajada,-0.007388,-0.007388,-0.007387,15.390000,0.001,0.0,0.0
15:36:50,2968,1,bajada,-0.007389,-0.007388,-0.007386,15.390000,0.0,0.001,0.0
15:36:50,2969,1,bajada,-0.007389,-0.007388,-0.007384,15.400000,0.0,0.001,0.0
15:36:50,2970,1,bajada,-0.007388,-0.007388,-0.007385,15.400000,0.0,0.001,0.0
15:36:50,2972,1,bajada,-0.007388,-0.007388,-0.007385,15.400000,0.0,0.0,0.0
15:36:50,2973,1,bajada,-0.007388,-0.007388,-0.007385,15.400000,0.0,0.001,0.0
15:36:50,2975,1,bajada,-0.007388,-0.007388,-0.007385,15.400000,0.0,0.001,0.0
15:36:50,2976,1,bajada,-0.007388,-0.007388,-0.007386,15.400000,0.0,0.001,0.0
15:36:50,2978,1,bajada,-0.007388,-0.007388,-0.007384,15.400000,0.0,0.001,0.0
15:36:50,2979,1,bajada,-0.007389,-0.007388,-0.007385,15.400000,0.0,0.001,0.0
15:36:50,2980,1,bajada,-0.007389,-0.007388,-0.007385,15.400000,0.0,0.001,0.0
15:36:50,2981,1,bajada,-0.007389,-0.007388,-0.007385,15.400000,0.0,0.001,0.0
15:36:50,2982,1,bajada,-0.007388,-0.007388,-0.007383,15.400000,0.0,0.001,0.0
15:36:50,2983,1,bajada,-0.007387,-0.007388,-0.007383,15.400000,0.0,0.001,0.0
15:36:50,2985,1,bajada,-0.007386,-0.007388,-0.007381,15.400000,0.0,0.001,0.0
15:36:50,2986,1,bajada,-0.007386,-0.007388,-0.007381,15.400000,0.0,0.001,0.0
15:36:50,2987,1,bajada,-0.007385,-0.007387,-0.007381,15.400000,0.0,0.001,0.0
15:36:50,2989,1,bajada,-0.007386,-0.007387,-0.007384,15.400000,0.0,0.001,0.0
15:36:50,2990,1,bajada,-0.007387,-0.007387,-0.007382,15.400000,0.0,0.001,0.0
15:36:50,2992,1,bajada,-0.007387,-0.007387,-0.007385,15.400000,0.0,0.001,0.0
15:36:51,2993,1,bajada,-0.007388,-0.007387,-0.007385,15.400000,0.0,0.001,0.0
15:36:51,2995,1,bajada,-0.007388,-0.007387,-0.007384,15.400000,0.0,0.001,0.0
15:36:51,2996,1,bajada,-0.007388,-0.007387,-0.007383,15.400000,0.001,0.0,0.0
15:36:51,2997,1,bajada,-0.007387,-0.007387,-0.007383,15.400000,0.0,0.001,0.0
15:36:51,2999,1,bajada,-0.007386,-0.007387,-0.007384,15.400000,0.0,0.001,0.0
15:36:51,3000,1,bajada,-0.007387,-0.007387,-0.007383,15.400000,0.0,0.001,0.0
15:36:51,3002,1,bajada,-0.007387,-0.007387,-0.007383,15.400000,0.0,0.001,0.0
15:36:51,3003,1,bajada,-0.007386,-0.007387,-0.007384,15.400000,0.001,0.0,0.0
15:36:51,3004,1,bajada,-0.007386,-0.007387,-0.007381,15.400000,0.0,0.001,0.0
15:36:51,3005,1,bajada,-0.007386,-0.007387,-0.007382,15.400000,0.001,0.0,0.0
15:36:51,3006,1,bajada,-0.007385,-0.007387,-0.007381,15.400000,0.0,0.001,0.0
15:36:51,3008,1,bajada,-0.007385,-0.007387,-0.007383,15.400000,0.0,0.001,0.0
15:36:51,3010,1,bajada,-0.007385,-0.007386,-0.007382,15.400000,0.0,0.001,0.0
15:36:51,3011,1,bajada,-0.007385,-0.007386,-0.007381,15.400000,0.0,0.001,0.0
15:36:51,3013,1,bajada,-0.007385,-0.007386,-0.007383,15.400000,0.0,0.001,0.0
15:36:51,3014,1,bajada,-0.007386,-0.007386,-0.007383,15.400000,0.0,0.001,0.0
15:36:51,3015,1,bajada,-0.007386,-0.007386,-0.007383,15.400000,0.0,0.001,0.0
15:36:51,3017,1,bajada,-0.007386,-0.007386,-0.007383,15.400000,0.0,0.001,0.0
15:36:51,3018,1,bajada,-0.007386,-0.007386,-0.007383,15.400000,0.0,0.001,0.0
15:36:51,3020,1,bajada,-0.007386,-0.007386,-0.007382,15.400000,0.0,0.001,0.0
15:36:52,3021,1,bajada,-0.007386,-0.007386,-0.007380,15.400000,0.0,0.0,0.0
15:36:52,3023,1,bajada,-0.007385,-0.007386,-0.007384,15.400000,0.0,0.001,0.0
15:36:52,3024,1,bajada,-0.007386,-0.007386,-0.007383,15.400000,0.0,0.001,0.0
15:36:52,3026,1,bajada,-0.007387,-0.007386,-0.007381,15.400000,0.0,0.001,0.0
15:36:52,3027,1,bajada,-0.007386,-0.007386,-0.007383,15.400000,0.0,0.001,0.0
15:36:52,3029,1,bajada,-0.007387,-0.007386,-0.007387,15.400000,0.0,0.0,0.0
15:36:52,3030,1,bajada,-0.007389,-0.007386,-0.007386,15.400000,0.0,0.001,0.0
15:36:52,3031,1,bajada,-0.007390,-0.007387,-0.007385,15.400000,0.0,0.001,0.0
15:36:52,3033,1,bajada,-0.007389,-0.007387,-0.007386,15.400000,0.001,0.0,0.0
15:36:52,3034,1,bajada,-0.007389,-0.007387,-0.007385,15.400000,0.0,0.001,0.0
15:36:52,3035,1,bajada,-0.007389,-0.007387,-0.007384,15.400000,0.0,0.001,0.0
15:36:52,3036,1,bajada,-0.007388,-0.007387,-0.007385,15.400000,0.0,0.001,0.0
15:36:52,3037,1,bajada,-0.007387,-0.007387,-0.007383,15.400000,0.0,0.001,0.0
15:36:52,3038,1,bajada,-0.007387,-0.007387,-0.007383,15.400000,0.0,0.001,0.0
15:36:52,3040,1,bajada,-0.007387,-0.007387,-0.007384,15.400000,0.001,0.0,0.0
15:36:52,3042,1,bajada,-0.007387,-0.007387,-0.007384,15.400000,0.0,0.001,0.0
15:36:52,3043,1,bajada,-0.007387,-0.007387,-0.007385,15.400000,0.0,0.001,0.0
15:36:52,3044,1,bajada,-0.007388,-0.007387,-0.007386,15.400000,0.0,0.001,0.0
15:36:52,3045,1,bajada,-0.007389,-0.007387,-0.007387,15.400000,0.0,0.001,0.0
15:36:52,3046,1,bajada,-0.007390,-0.007388,-0.007386,15.400000,0.0,0.001,0.0
15:36:53,3047,1,bajada,-0.007390,-0.007388,-0.007385,15.400000,0.001,0.0,0.0
15:36:53,3049,1,bajada,-0.007389,-0.007388,-0.007388,15.400000,0.0,0.001,0.0
15:36:53,3050,1,bajada,-0.007390,-0.007388,-0.007387,15.400000,0.0,0.001,0.0
15:36:53,3051,1,bajada,-0.007390,-0.007388,-0.007386,15.400000,0.0,0.001,0.0
15:36:53,3053,1,bajada,-0.007390,-0.007389,-0.007386,15.400000,0.0,0.001,0.0
15:36:53,3054,1,bajada,-0.007389,-0.007389,-0.007386,15.400000,0.0,0.001,0.0
15:36:53,3055,1,bajada,-0.007389,-0.007389,-0.007386,15.400000,0.0,0.001,0.0
15:36:53,3056,1,bajada,-0.007389,-0.007389,-0.007386,15.400000,0.0,0.001,0.0
15:36:53,3058,1,bajada,-0.007389,-0.007389,-0.007385,15.400000,0.0,0.001,0.0
15:36:53,3060,1,bajada,-0.007388,-0.007389,-0.007384,15.400000,0.001,0.0,0.0
15:36:53,3061,1,bajada,-0.007388,-0.007389,-0.007384,15.400000,0.0,0.001,0.0
15:36:53,3062,1,bajada,-0.007387,-0.007388,-0.007385,15.400000,0.0,0.001,0.0
15:36:53,3063,1,bajada,-0.007388,-0.007388,-0.007385,15.400000,0.0,0.001,0.0
15:36:53,3065,1,bajada,-0.007388,-0.007388,-0.007385,15.400000,0.0,0.001,0.0
15:36:53,3066,1,bajada,-0.007387,-0.007388,-0.007384,15.400000,0.0,0.001,0.0
15:36:53,3068,1,bajada,-0.007388,-0.007388,-0.007385,15.400000,0.0,0.001,0.0
15:36:53,3069,1,bajada,-0.007388,-0.007388,-0.007384,15.400000,0.0,0.001,0.0
15:36:53,3070,1,bajada,-0.007387,-0.007388,-0.007382,15.400000,0.0,0.001,0.0
15:36:53,3071,1,bajada,-0.007386,-0.007388,-0.007383,15.400000,0.0,0.001,0.0
15:36:54,3073,1,bajada,-0.007386,-0.007388,-0.007383,15.400000,0.0,0.001,0.0
15:36:54,3074,1,bajada,-0.007386,-0.007388,-0.007384,15.400000,0.0,0.001,0.0
15:36:54,3075,1,bajada,-0.007387,-0.007387,-0.007385,15.400000,0.0,0.001,0.0
15:36:54,3077,1,bajada,-0.007388,-0.007388,-0.007385,15.400000,0.001,0.0,0.0
15:36:54,3078,1,bajada,-0.007388,-0.007388,-0.007383,15.400000,0.0,0.001,0.0
15:36:54,3080,1,bajada,-0.007387,-0.007387,-0.007384,15.400000,0.0,0.001,0.0
15:36:54,3081,1,bajada,-0.007386,-0.007387,-0.007383,15.400000,0.0,0.001,0.0
15:36:54,3082,1,bajada,-0.007386,-0.007387,-0.007382,15.400000,0.0,0.001,0.0
15:36:54,3083,1,bajada,-0.007385,-0.007387,-0.007382,15.400000,0.0,0.001,0.0
15:36:54,3084,1,bajada,-0.007385,-0.007387,-0.007381,15.400000,0.0,0.001,0.0
15:36:54,3086,1,bajada,-0.007384,-0.007387,-0.007381,15.400000,0.0,0.001,0.0
15:36:54,3087,1,bajada,-0.007384,-0.007386,-0.007380,15.400000,0.0,0.001,0.0
15:36:54,3088,1,bajada,-0.007384,-0.007386,-0.007381,15.400000,0.0,0.001,0.0
15:36:54,3090,1,bajada,-0.007385,-0.007386,-0.007382,15.400000,0.0,0.001,0.0
15:36:54,3091,1,bajada,-0.007386,-0.007386,-0.007382,15.400000,0.0,0.001,0.0
15:36:54,3092,1,bajada,-0.007386,-0.007386,-0.007384,15.400000,0.0,0.001,0.0
15:36:54,3094,1,bajada,-0.007386,-0.007386,-0.007384,15.400000,0.001,0.0,0.0
15:36:54,3095,1,bajada,-0.007386,-0.007386,-0.007384,15.400000,0.0,0.001,0.0
15:36:54,3097,1,bajada,-0.007386,-0.007386,-0.007381,15.400000,0.0,0.001,0.0
15:36:54,3098,1,bajada,-0.007385,-0.007386,-0.007382,15.400000,0.0,0.001,0.0
15:36:55,3099,1,bajada,-0.007385,-0.007386,-0.007380,15.400000,0.0,0.001,0.0
15:36:55,3100,1,bajada,-0.007384,-0.007386,-0.007381,15.400000,0.0,0.001,0.0
15:36:55,3101,1,bajada,-0.007384,-0.007386,-0.007382,15.400000,0.0,0.001,0.0
15:36:55,3103,1,bajada,-0.007386,-0.007386,-0.007384,15.400000,0.0,0.001,0.0
15:36:55,3104,1,bajada,-0.007387,-0.007386,-0.007384,15.400000,0.0,0.001,0.0
15:36:55,3106,1,bajada,-0.007387,-0.007386,-0.007383,15.400000,0.0,0.001,0.0
15:36:55,3107,1,bajada,-0.007387,-0.007386,-0.007382,15.400000,0.0,0.001,0.0
15:36:55,3108,1,bajada,-0.007386,-0.007386,-0.007382,15.400000,0.0,0.001,0.0
15:36:55,3110,1,bajada,-0.007386,-0.007386,-0.007384,15.400000,0.0,0.001,0.0
15:36:55,3111,1,bajada,-0.007387,-0.007386,-0.007385,15.400000,0.0,0.001,0.0
15:36:55,3112,1,bajada,-0.007388,-0.007386,-0.007387,15.400000,0.0,0.001,0.0
15:36:55,3113,1,bajada,-0.007390,-0.007387,-0.007387,15.400000,0.0,0.001,0.0
15:36:55,3114,1,bajada,-0.007391,-0.007387,-0.007387,15.400000,0.0,0.001,0.0
15:36:55,3116,1,bajada,-0.007391,-0.007387,-0.007388,15.400000,0.0,0.001,0.0
15:36:55,3117,1,bajada,-0.007392,-0.007388,-0.007390,15.400000,0.0,0.001,0.0
15:36:55,3119,1,bajada,-0.007392,-0.007388,-0.007388,15.400000,0.0,0.001,0.0
15:36:55,3120,1,bajada,-0.007392,-0.007389,-0.007387,15.400000,0.0,0.001,0.0
15:36:55,3121,1,bajada,-0.007391,-0.007389,-0.007386,15.400000,0.0,0.001,0.0
15:36:55,3122,1,bajada,-0.007390,-0.007389,-0.007386,15.400000,0.0,0.001,0.0
15:36:55,3123,1,bajada,-0.007390,-0.007389,-0.007387,15.400000,0.0,0.001,0.0
15:36:56,3125,1,bajada,-0.007391,-0.007389,-0.007391,15.400000,0.001,0.0,0.0
15:36:56,3126,1,bajada,-0.007393,-0.007390,-0.007391,15.400000,0.0,0.001,0.0
15:36:56,3127,1,bajada,-0.007394,-0.007390,-0.007389,15.400000,0.0,0.001,0.0
15:36:56,3128,1,bajada,-0.007392,-0.007390,-0.007388,15.400000,0.0,0.001,0.0
15:36:56,3130,1,bajada,-0.007391,-0.007390,-0.007387,15.400000,0.001,0.0,0.0
15:36:56,3132,1,bajada,-0.007390,-0.007390,-0.007388,15.400000,0.0,0.0,0.0
15:36:56,3133,1,bajada,-0.007391,-0.007390,-0.007386,15.400000,0.0,0.001,0.0
15:36:56,3134,1,bajada,-0.007390,-0.007390,-0.007386,15.400000,0.0,0.001,0.0
15:36:56,3135,1,bajada,-0.007389,-0.007390,-0.007386,15.400000,0.0,0.001,0.0
15:36:56,3136,1,bajada,-0.007390,-0.007390,-0.007385,15.400000,0.0,0.001,0.0
15:36:56,3137,1,bajada,-0.007390,-0.007390,-0.007387,15.400000,0.001,0.0,0.0
15:36:56,3139,1,bajada,-0.007390,-0.007390,-0.007384,15.400000,0.0,0.001,0.0
15:36:56,3140,1,bajada,-0.007389,-0.007390,-0.007385,15.400000,0.0,0.001,0.0
15:36:56,3142,1,bajada,-0.007388,-0.007390,-0.007384,15.400000,0.001,0.0,0.0
15:36:56,3143,1,bajada,-0.007388,-0.007390,-0.007388,15.400000,0.0,0.001,0.0
15:36:56,3144,1,bajada,-0.007390,-0.007390,-0.007386,15.400000,0.0,0.001,0.0
15:36:56,3145,1,bajada,-0.007391,-0.007390,-0.007385,15.400000,0.0,0.001,0.0
15:36:56,3146,1,bajada,-0.007389,-0.007390,-0.007386,15.400000,0.0,0.001,0.0
15:36:56,3147,1,bajada,-0.007389,-0.007390,-0.007387,15.400000,0.001,0.0,0.0
15:36:56,3149,1,bajada,-0.007389,-0.007390,-0.007384,15.400000,0.0,0.0,0.0
15:36:57,3150,1,bajada,-0.007388,-0.007390,-0.007384,15.400000,0.0,0.001,0.0
15:36:57,3151,1,bajada,-0.007388,-0.007389,-0.007385,15.400000,0.0,0.001,0.0
15:36:57,3153,1,bajada,-0.007388,-0.007389,-0.007383,15.400000,0.0,0.001,0.0
15:36:57,3155,1,bajada,-0.007387,-0.007389,-0.007383,15.400000,0.0,0.001,0.0
15:36:57,3156,1,bajada,-0.007386,-0.007389,-0.007382,15.400000,0.0,0.001,0.0
15:36:57,3157,1,bajada,-0.007386,-0.007388,-0.007381,15.400000,0.0,0.001,0.0
15:36:57,3159,1,bajada,-0.007385,-0.007388,-0.007382,15.400000,0.0,0.001,0.0
15:36:57,3160,1,bajada,-0.007385,-0.007388,-0.007383,15.400000,0.0,0.001,0.0
15:36:57,3161,1,bajada,-0.007386,-0.007388,-0.007384,15.400000,0.0,0.001,0.0
15:36:57,3163,1,bajada,-0.007387,-0.007388,-0.007382,15.400000,0.0,0.001,0.0
15:36:57,3164,1,bajada,-0.007387,-0.007388,-0.007383,15.400000,0.0,0.001,0.0
15:36:57,3166,1,bajada,-0.007387,-0.007387,-0.007383,15.400000,0.0,0.001,0.0
15:36:57,3167,1,bajada,-0.007386,-0.007387,-0.007382,15.400000,0.0,0.001,0.0
15:36:57,3169,1,bajada,-0.007386,-0.007387,-0.007382,15.400000,0.0,0.001,0.0
15:36:57,3170,1,bajada,-0.007386,-0.007387,-0.007383,15.400000,0.0,0.001,0.0
15:36:57,3171,1,bajada,-0.007386,-0.007387,-0.007383,15.400000,0.0,0.001,0.0
15:36:57,3173,1,bajada,-0.007387,-0.007387,-0.007383,15.400000,0.0,0.001,0.0
15:36:57,3174,1,bajada,-0.007387,-0.007387,-0.007383,15.400000,0.0,0.001,0.0
15:36:57,3175,1,bajada,-0.007386,-0.007387,-0.007382,15.400000,0.0,0.001,0.0
15:36:57,3176,1,bajada,-0.007385,-0.007387,-0.007382,15.400000,0.0,0.001,0.0
15:36:58,3178,1,bajada,-0.007386,-0.007387,-0.007384,15.400000,0.0,0.001,0.0
15:36:58,3179,1,bajada,-0.007388,-0.007387,-0.007383,15.400000,0.0,0.001,0.0
15:36:58,3181,1,bajada,-0.007387,-0.007387,-0.007381,15.400000,0.0,0.001,0.0
15:36:58,3182,1,bajada,-0.007385,-0.007387,-0.007381,15.400000,0.001,0.0,0.0
15:36:58,3184,1,bajada,-0.007385,-0.007386,-0.007385,15.400000,0.0,0.001,0.0
15:36:58,3185,1,bajada,-0.007386,-0.007386,-0.007384,15.400000,0.0,0.001,0.0
15:36:58,3186,1,bajada,-0.007387,-0.007387,-0.007382,15.400000,0.0,0.001,0.0
15:36:58,3187,1,bajada,-0.007387,-0.007387,-0.007383,15.400000,0.001,0.0,0.0
15:36:58,3189,1,bajada,-0.007387,-0.007387,-0.007384,15.400000,0.0,0.001,0.0
15:36:58,3190,1,bajada,-0.007387,-0.007387,-0.007385,15.400000,0.0,0.001,0.0
15:36:58,3191,1,bajada,-0.007388,-0.007387,-0.007383,15.400000,0.0,0.001,0.0
15:36:58,3193,1,bajada,-0.007387,-0.007387,-0.007383,15.400000,0.0,0.001,0.0
15:36:58,3194,1,bajada,-0.007387,-0.007387,-0.007383,15.400000,0.001,0.0,0.0
15:36:58,3196,1,bajada,-0.007386,-0.007387,-0.007382,15.400000,0.0,0.001,0.0
15:36:58,3198,1,bajada,-0.007386,-0.007387,-0.007383,15.400000,0.0,0.001,0.0
15:36:58,3199,1,bajada,-0.007386,-0.007387,-0.007382,15.400000,0.001,0.0,0.0
15:36:58,3201,1,bajada,-0.007386,-0.007387,-0.007381,15.400000,0.0,0.002,0.0
15:36:58,3202,1,bajada,-0.007385,-0.007386,-0.007380,15.400000,0.0,0.002,0.0
15:36:58,3203,1,bajada,-0.007384,-0.007386,-0.007381,15.400000,0.0,0.001,0.0
15:36:58,3205,1,bajada,-0.007384,-0.007386,-0.007380,15.400000,0.0,0.001,0.0
15:36:59,3206,1,bajada,-0.007384,-0.007386,-0.007380,15.400000,0.0,0.001,0.0
15:36:59,3207,1,bajada,-0.007384,-0.007386,-0.007382,15.400000,0.0,0.001,0.0
15:36:59,3209,1,bajada,-0.007385,-0.007386,-0.007384,15.400000,0.0,0.001,0.0
15:36:59,3210,1,bajada,-0.007386,-0.007386,-0.007382,15.400000,0.0,0.001,0.0
15:36:59,3212,1,bajada,-0.007387,-0.007386,-0.007383,15.400000,0.0,0.001,0.0
15:36:59,3213,1,bajada,-0.007386,-0.007386,-0.007383,15.400000,0.0,0.001,0.0
15:36:59,3214,1,bajada,-0.007386,-0.007386,-0.007383,15.400000,0.0,0.001,0.0
15:36:59,3216,1,bajada,-0.007386,-0.007386,-0.007384,15.400000,0.0,0.001,0.0
15:36:59,3217,1,bajada,-0.007386,-0.007386,-0.007385,15.400000,0.0,0.001,0.0
15:36:59,3218,1,bajada,-0.007387,-0.007386,-0.007386,15.400000,0.0,0.001,0.0
15:36:59,3220,1,bajada,-0.007389,-0.007386,-0.007385,15.400000,0.0,0.001,0.0
15:36:59,3221,1,bajada,-0.007389,-0.007387,-0.007381,15.400000,0.0,0.001,0.0
15:36:59,3222,1,bajada,-0.007387,-0.007387,-0.007383,15.400000,0.0,0.001,0.0
15:36:59,3223,1,bajada,-0.007387,-0.007387,-0.007385,15.400000,0.0,0.001,0.0
15:36:59,3224,1,bajada,-0.007388,-0.007387,-0.007385,15.400000,0.0,0.001,0.0
15:36:59,3226,1,bajada,-0.007388,-0.007387,-0.007385,15.400000,0.001,0.0,0.0
15:36:59,3227,1,bajada,-0.007389,-0.007387,-0.007386,15.400000,0.0,0.001,0.0
15:36:59,3228,1,bajada,-0.007389,-0.007387,-0.007385,15.400000,0.0,0.001,0.0
15:36:59,3229,1,bajada,-0.007389,-0.007387,-0.007387,15.400000,0.0,0.001,0.0
15:36:59,3230,1,bajada,-0.007389,-0.007388,-0.007387,15.400000,0.001,0.0,0.0
15:37:00,3231,1,bajada,-0.007391,-0.007388,-0.007390,15.400000,0.0,0.001,0.0
15:37:00,3233,1,bajada,-0.007392,-0.007388,-0.007388,15.400000,0.0,0.001,0.0
15:37:00,3234,1,bajada,-0.007392,-0.007389,-0.007387,15.400000,0.0,0.001,0.0
15:37:00,3236,1,bajada,-0.007391,-0.007389,-0.007386,15.400000,0.0,0.001,0.0
15:37:00,3237,1,bajada,-0.007390,-0.007389,-0.007387,15.400000,0.0,0.001,0.0
15:37:00,3238,1,bajada,-0.007389,-0.007389,-0.007386,15.400000,0.0,0.001,0.0
15:37:00,3240,1,bajada,-0.007390,-0.007389,-0.007387,15.400000,0.0,0.001,0.0
15:37:00,3243,1,bajada,-0.007390,-0.007389,-0.007384,15.400000,0.0,0.001,0.0
15:37:00,3244,1,bajada,-0.007389,-0.007389,-0.007384,15.400000,0.001,0.0,0.0
15:37:00,3245,1,bajada,-0.007388,-0.007389,-0.007385,15.400000,0.0,0.001,0.0
15:37:00,3246,1,bajada,-0.007388,-0.007389,-0.007385,15.400000,0.001,0.0,0.0
15:37:00,3248,1,bajada,-0.007387,-0.007389,-0.007384,15.400000,0.0,0.001,0.0
15:37:00,3249,1,bajada,-0.007387,-0.007389,-0.007385,15.400000,0.0,0.001,0.0
15:37:00,3250,1,bajada,-0.007388,-0.007389,-0.007386,15.400000,0.001,0.0,0.0
15:37:00,3252,1,bajada,-0.007389,-0.007389,-0.007385,15.400000,0.0,0.001,0.0
15:37:00,3253,1,bajada,-0.007389,-0.007389,-0.007382,15.400000,0.0,0.001,0.0
15:37:00,3254,1,bajada,-0.007388,-0.007389,-0.007382,15.400000,0.0,0.001,0.0
15:37:00,3255,1,bajada,-0.007386,-0.007388,-0.007384,15.400000,0.0,0.001,0.0
15:37:00,3257,1,bajada,-0.007387,-0.007388,-0.007385,15.400000,0.0,0.001,0.0
15:37:01,3258,1,bajada,-0.007388,-0.007388,-0.007387,15.400000,0.0,0.001,0.0
15:37:01,3259,1,bajada,-0.007389,-0.007388,-0.007385,15.400000,0.0,0.001,0.0
15:37:01,3261,1,bajada,-0.007389,-0.007388,-0.007384,15.400000,0.0,0.001,0.0
15:37:01,3262,1,bajada,-0.007388,-0.007388,-0.007385,15.400000,0.0,0.001,0.0
15:37:01,3264,1,bajada,-0.007389,-0.007388,-0.007386,15.390000,0.0,0.001,0.0
15:37:01,3265,1,bajada,-0.007389,-0.007388,-0.007386,15.390000,0.0,0.001,0.0
15:37:01,3266,1,bajada,-0.007390,-0.007389,-0.007387,15.400000,0.0,0.001,0.0
15:37:01,3268,1,bajada,-0.007389,-0.007389,-0.007384,15.400000,0.0,0.001,0.0
15:37:01,3269,1,bajada,-0.007388,-0.007389,-0.007382,15.400000,0.0,0.001,0.0
15:37:01,3271,1,bajada,-0.007387,-0.007388,-0.007387,15.400000,0.0,0.001,0.0
15:37:01,3272,1,bajada,-0.007388,-0.007388,-0.007388,15.400000,0.0,0.001,0.0
15:37:01,3273,1,bajada,-0.007392,-0.007389,-0.007390,15.400000,0.0,0.001,0.0
15:37:01,3275,1,bajada,-0.007394,-0.007389,-0.007390,15.400000,0.0,0.001,0.0
15:37:01,3276,1,bajada,-0.007395,-0.007390,-0.007388,15.400000,0.0,0.001,0.0
15:37:01,3278,1,bajada,-0.007393,-0.007390,-0.007387,15.390000,0.0,0.001,0.0
15:37:01,3280,1,bajada,-0.007391,-0.007390,-0.007385,15.390000,0.0,0.001,0.0
15:37:01,3281,1,bajada,-0.007390,-0.007390,-0.007385,15.390000,0.0,0.001,0.0
15:37:01,3283,1,bajada,-0.007390,-0.007390,-0.007387,15.390000,0.0,0.001,0.0
15:37:01,3284,1,bajada,-0.007390,-0.007390,-0.007386,15.390000,0.0,0.001,0.0
15:37:01,3286,1,bajada,-0.007390,-0.007390,-0.007386,15.390000,0.0,0.001,0.0
15:37:02,3288,1,bajada,-0.007390,-0.007390,-0.007384,15.400000,0.0,0.001,0.0
15:37:02,3289,1,bajada,-0.007390,-0.007390,-0.007387,15.400000,0.001,0.0,0.0
15:37:02,3290,1,bajada,-0.007390,-0.007390,-0.007386,15.390000,0.0,0.001,0.0
15:37:02,3292,1,bajada,-0.007390,-0.007390,-0.007387,15.390000,0.0,0.001,0.0
15:37:02,3293,1,bajada,-0.007390,-0.007390,-0.007386,15.390000,0.0,0.001,0.0
15:37:02,3295,1,bajada,-0.007390,-0.007390,-0.007385,15.390000,0.0,0.001,0.0
15:37:02,3296,1,bajada,-0.007389,-0.007390,-0.007385,15.390000,0.001,0.0,0.0
15:37:02,3298,1,bajada,-0.007388,-0.007390,-0.007386,15.390000,0.0,0.001,0.0
15:37:02,3299,1,bajada,-0.007389,-0.007390,-0.007388,15.390000,0.0,0.001,0.0
15:37:02,3301,1,bajada,-0.007390,-0.007390,-0.007386,15.390000,0.0,0.001,0.0
15:37:02,3302,1,bajada,-0.007390,-0.007390,-0.007386,15.400000,0.0,0.001,0.0
15:37:02,3303,1,bajada,-0.007390,-0.007390,-0.007388,15.390000,0.0,0.001,0.0
15:37:02,3305,1,bajada,-0.007391,-0.007390,-0.007387,15.390000,0.0,0.001,0.0
15:37:02,3307,1,bajada,-0.007390,-0.007390,-0.007385,15.390000,0.0,0.001,0.0
15:37:02,3308,1,bajada,-0.007389,-0.007390,-0.007384,15.400000,0.0,0.001,0.0
15:37:02,3309,1,bajada,-0.007388,-0.007390,-0.007386,15.400000,0.0,0.001,0.0
15:37:02,3311,1,bajada,-0.007388,-0.007390,-0.007385,15.390000,0.0,0.001,0.0
15:37:02,3312,1,bajada,-0.007388,-0.007389,-0.007385,15.390000,0.0,0.001,0.0
15:37:03,3313,1,bajada,-0.007389,-0.007389,-0.007385,15.390000,0.0,0.001,0.0
15:37:03,3316,1,bajada,-0.007388,-0.007389,-0.007384,15.390000,0.0,0.002,0.0
15:37:03,3317,1,bajada,-0.007388,-0.007389,-0.007385,15.390000,0.0,0.001,0.0
15:37:03,3319,1,bajada,-0.007388,-0.007389,-0.007384,15.390000,0.0,0.001,0.0
15:37:03,3320,1,bajada,-0.007388,-0.007389,-0.007384,15.390000,0.0,0.001,0.0
15:37:03,3322,1,bajada,-0.007388,-0.007389,-0.007386,15.390000,0.0,0.001,0.0
15:37:03,3323,1,bajada,-0.007389,-0.007389,-0.007385,15.390000,0.0,0.001,0.0
15:37:03,3325,1,bajada,-0.007389,-0.007389,-0.007387,15.390000,0.0,0.001,0.0
15:37:03,3326,1,bajada,-0.007390,-0.007389,-0.007386,15.390000,0.001,0.0,0.0
15:37:03,3327,1,bajada,-0.007390,-0.007389,-0.007386,15.400000,0.0,0.002,0.0
15:37:03,3328,1,bajada,-0.007389,-0.007389,-0.007387,15.400000,0.0,0.001,0.0
15:37:03,3330,1,bajada,-0.007390,-0.007389,-0.007387,15.390000,0.0,0.001,0.0
15:37:03,3331,1,bajada,-0.007390,-0.007389,-0.007388,15.390000,0.0,0.001,0.0
15:37:03,3332,1,bajada,-0.007390,-0.007389,-0.007387,15.390000,0.0,0.001,0.0
15:37:03,3334,1,bajada,-0.007390,-0.007389,-0.007387,15.390000,0.0,0.001,0.0
15:37:03,3335,1,bajada,-0.007390,-0.007389,-0.007388,15.390000,0.0,0.001,0.0
15:37:03,3336,1,bajada,-0.007391,-0.007390,-0.007387,15.390000,0.0,0.001,0.0
15:37:03,3338,1,bajada,-0.007391,-0.007390,-0.007387,15.390000,0.0,0.001,0.0
15:37:03,3339,1,bajada,-0.007391,-0.007390,-0.007387,15.390000,0.0,0.001,0.0
15:37:03,3341,1,bajada,-0.007390,-0.007390,-0.007387,15.390000,0.0,0.001,0.0
15:37:04,3342,1,bajada,-0.007390,-0.007390,-0.007386,15.390000,0.001,0.0,0.0
15:37:04,3344,1,bajada,-0.007390,-0.007390,-0.007385,15.390000,0.0,0.001,0.0
15:37:04,3345,1,bajada,-0.007389,-0.007390,-0.007385,15.390000,0.0,0.001,0.0
15:37:04,3346,1,bajada,-0.007389,-0.007390,-0.007386,15.390000,0.0,0.001,0.0
15:37:04,3348,1,bajada,-0.007390,-0.007390,-0.007386,15.390000,0.0,0.001,0.0
15:37:04,3349,1,bajada,-0.007390,-0.007390,-0.007387,15.390000,0.0,0.001,0.0
15:37:04,3351,1,bajada,-0.007390,-0.007390,-0.007385,15.390000,0.0,0.001,0.0
15:37:04,3352,1,bajada,-0.007390,-0.007390,-0.007386,15.390000,0.0,0.001,0.0
15:37:04,3353,1,bajada,-0.007390,-0.007390,-0.007387,15.390000,0.0,0.001,0.0
15:37:04,3354,1,bajada,-0.007391,-0.007390,-0.007386,15.390000,0.0,0.001,0.0
15:37:04,3355,1,bajada,-0.007391,-0.007390,-0.007386,15.390000,0.0,0.001,0.0
15:37:04,3357,1,bajada,-0.007389,-0.007390,-0.007385,15.390000,0.0,0.001,0.0
15:37:04,3358,1,bajada,-0.007388,-0.007390,-0.007386,15.390000,0.0,0.001,0.0
15:37:04,3359,1,bajada,-0.007389,-0.007390,-0.007386,15.390000,0.0,0.001,0.0
15:37:04,3361,1,bajada,-0.007389,-0.007390,-0.007385,15.390000,0.0,0.001,0.0
15:37:04,3364,1,bajada,-0.007388,-0.007389,-0.007385,15.390000,0.0,0.001,0.0
15:37:04,3367,1,bajada,-0.007388,-0.007389,-0.007384,15.390000,0.0,0.001,0.0
15:37:05,3368,1,bajada,-0.007388,-0.007389,-0.007385,15.390000,0.0,0.001,0.0
15:37:05,3369,1,bajada,-0.007389,-0.007389,-0.007386,15.390000,0.0,0.002,0.0
15:37:05,3371,1,bajada,-0.007389,-0.007389,-0.007387,15.390000,0.0,0.001,0.0
15:37:05,3372,1,bajada,-0.007390,-0.007389,-0.007386,15.390000,0.0,0.001,0.0
15:37:05,3373,1,bajada,-0.007390,-0.007389,-0.007386,15.390000,0.0,0.001,0.0
15:37:05,3375,1,bajada,-0.007391,-0.007389,-0.007387,15.390000,0.0,0.001,0.0
15:37:05,3376,1,bajada,-0.007391,-0.007389,-0.007385,15.390000,0.001,0.0,0.0
15:37:05,3377,1,bajada,-0.007390,-0.007390,-0.007387,15.390000,0.0,0.001,0.0
15:37:05,3379,1,bajada,-0.007391,-0.007390,-0.007387,15.390000,0.0,0.001,0.0
15:37:05,3381,1,bajada,-0.007391,-0.007390,-0.007386,15.390000,0.0,0.001,0.0
15:37:05,3382,1,bajada,-0.007390,-0.007390,-0.007385,15.390000,0.0,0.001,0.0
