Timestamp,Sample,Ciclo,Fase,Bridge VAB (V),KEITHLEY Voltaje (V),Bridge VA (V),Bridge VB (V),Bridge Current (A),TIVA Temp (C),Alicat Presion (kPA),Alicat Setpoint (kPA),Setpoint Enviado (kPA)
0.078531,2,1,subida,-0.006245,-0.006244,2.098530,2.102237,0.000785,10.065363,0.0,-0.001,0.0
0.152195,3,1,subida,-0.006260,-0.006245,2.097248,2.102237,0.000785,10.059076,0.0,-0.001,0.0
0.183569,4,1,subida,-0.006244,-0.006246,2.097248,2.103453,0.000785,10.066309,0.0,-0.001,0.0
0.235524,5,1,subida,-0.006263,-0.006247,2.097138,2.103858,0.000785,10.066309,0.0,-0.001,0.0
0.267126,6,1,subida,-0.006242,-0.006247,2.096122,2.103858,0.000785,10.066309,0.0,-0.001,0.0
0.319037,7,1,subida,-0.006265,-0.006249,2.096122,2.102664,0.000784,10.058161,0.0,-0.001,0.0
0.361017,8,1,subida,-0.006242,-0.006252,2.096974,2.102747,0.000785,10.058161,0.0,-0.0,0.0
0.392119,9,1,subida,-0.006269,-0.006251,2.097651,2.102747,0.000785,10.068476,0.0,-0.001,0.0
0.434214,10,1,subida,-0.006236,-0.006247,2.097651,2.103066,0.000785,10.064692,0.0,-0.0,0.0
0.485489,11,1,subida,-0.006266,-0.006246,2.096682,2.103826,0.000785,10.064692,0.0,-0.001,0.0
0.527844,12,1,subida,-0.006231,-0.006246,2.096375,2.103826,0.000785,10.070063,0.0,-0.0,0.0
0.570063,13,1,subida,-0.006267,-0.006246,2.096375,2.103003,0.000785,10.066797,0.0,-0.001,0.0
0.622205,14,1,subida,-0.006267,-0.006246,2.097821,2.103113,0.000785,10.065241,-0.001,0.0,0.0
0.696031,15,1,subida,-0.006227,-0.006246,2.097821,2.102851,0.000785,10.061731,0.0,-0.001,0.0
0.727323,16,1,subida,-0.006267,-0.006247,2.097171,2.103918,0.000785,10.061731,0.0,-0.001,0.0
0.800816,17,1,subida,-0.006267,-0.006248,2.096807,2.103465,0.000785,10.062525,0.0,-0.001,0.0
0.862714,18,1,subida,-0.006230,-0.006252,2.095782,2.102505,0.000785,10.062525,0.0,-0.001,0.0
0.904652,19,1,subida,-0.006269,-0.006248,2.096399,2.102505,0.000785,10.068903,0.0,-0.001,0.0
0.946364,20,1,subida,-0.006225,-0.006247,2.096399,2.101603,0.000783,10.065424,0.0,-0.001,0.0
1.010314,21,1,subida,-0.006219,-0.006241,2.095004,2.099993,0.000784,10.067102,0.0,-0.001,0.0
1.073680,22,1,subida,-0.006258,-0.006240,2.095004,2.102291,0.000784,10.063837,0.0,-0.001,0.0
1.126131,23,1,subida,-0.006259,-0.006242,2.095818,2.101614,0.000784,10.068476,0.0,-0.001,0.0
1.190093,24,1,subida,-0.006224,-0.006242,2.095818,2.099773,0.000784,10.066919,0.0,-0.001,0.0
1.232750,25,1,subida,-0.006258,-0.006242,2.095141,2.102026,0.000784,10.066919,0.0,-0.001,0.0
1.274942,26,1,subida,-0.006226,-0.006242,2.095535,2.102026,0.000784,10.064753,0.0,-0.001,0.0
1.326282,27,1,subida,-0.006259,-0.006246,2.095535,2.103218,0.000784,10.067041,0.0,-0.0,0.0
1.357498,28,1,subida,-0.006234,-0.006248,2.094638,2.100819,0.000784,10.067041,0.0,-0.0,0.0
1.399242,29,1,subida,-0.006261,-0.006246,2.096068,2.100819,0.000784,10.066248,0.0,-0.001,0.0
1.451667,30,1,subida,-0.006233,-0.006243,2.096068,2.100643,0.000784,10.065790,0.0,-0.0,0.0
1.483792,31,1,subida,-0.006258,-0.006243,2.096423,2.101495,0.000783,10.065790,0.0,-0.001,0.0
1.525596,32,1,subida,-0.006234,-0.006243,2.096879,2.101495,0.000784,10.067652,0.0,-0.001,0.0
1.576994,33,1,subida,-0.006256,-0.006243,2.096879,2.103665,0.000785,10.066187,0.0,-0.0,0.0
1.607912,34,1,subida,-0.006239,-0.006245,2.096447,2.103787,0.000785,10.066187,0.0,-0.001,0.0
1.659062,35,1,subida,-0.006259,-0.006246,2.096766,2.103787,0.000785,10.058283,0.0,-0.001,0.0
1.689529,36,1,subida,-0.006243,-0.006246,2.096766,2.102207,0.000784,10.062281,0.0,-0.0,0.0
1.730179,37,1,subida,-0.006259,-0.006246,2.097442,2.103331,0.000785,10.062281,0.0,-0.001,0.0
1.781228,38,1,subida,-0.006246,-0.006246,2.096062,2.103331,0.000785,10.065943,0.0,-0.0,0.0
1.821933,39,1,subida,-0.006258,-0.006248,2.096062,2.103078,0.000785,10.066370,0.0,-0.001,0.0
1.864059,40,1,subida,-0.006253,-0.006250,2.096465,2.101924,0.000784,10.066370,0.0,-0.001,0.0
1.905901,41,1,subida,-0.006258,-0.006246,2.095508,2.101924,0.000784,10.063471,0.0,-0.0,0.0
1.948270,42,1,subida,-0.006251,-0.006244,2.095508,2.100989,0.000783,10.058710,0.0,-0.001,0.0
1.990199,43,1,subida,-0.006251,-0.006243,2.095821,2.100622,0.000783,10.058710,0.0,-0.0,0.0
2.031878,44,1,subida,-0.006250,-0.006241,2.094310,2.100622,0.000783,10.070734,0.0,-0.001,0.0
2.073132,45,1,subida,-0.006247,-0.006241,2.094310,2.101763,0.000784,10.056238,0.0,-0.0,0.0
2.114257,46,1,subida,-0.006252,-0.006241,2.094387,2.101629,0.000784,10.056238,0.0,-0.0,0.0
2.161074,47,1,subida,-0.006246,-0.006241,2.093228,2.101629,0.000783,10.063593,0.0,-0.0,0.0
2.206013,48,1,subida,-0.006254,-0.006240,2.093228,2.099934,0.000783,10.062830,0.0,-0.0,0.0
2.238123,49,1,subida,-0.006241,-0.006240,2.094760,2.100130,0.000783,10.062830,0.0,-0.001,0.0
2.290769,50,1,subida,-0.006255,-0.006241,2.095871,2.100130,0.000783,10.066309,0.0,-0.001,0.0
2.333250,51,1,subida,-0.006241,-0.006244,2.095871,2.100077,0.000784,10.065546,0.0,-0.001,0.0
2.365173,52,1,subida,-0.006263,-0.006246,2.093761,2.101543,0.000784,10.065546,0.0,-0.001,0.0
2.407389,53,1,subida,-0.006239,-0.006243,2.092891,2.101543,0.000783,10.063166,0.0,-0.0,0.0
2.449665,54,1,subida,-0.006258,-0.006241,2.092891,2.101617,0.000784,10.069391,0.0,-0.001,0.0
2.490929,55,1,subida,-0.006231,-0.006240,2.095416,2.100285,0.000783,10.069391,0.0,-0.0,0.0
2.541368,56,1,subida,-0.006260,-0.006241,2.096628,2.100285,0.000784,10.066797,0.0,-0.001,0.0
2.572436,57,1,subida,-0.006229,-0.006241,2.096628,2.101680,0.000785,10.056299,0.0,-0.0,0.0
2.613560,58,1,subida,-0.006261,-0.006242,2.096634,2.103522,0.000784,10.056299,0.0,-0.001,0.0
2.685662,59,1,subida,-0.006264,-0.006245,2.095937,2.101713,0.000784,10.067286,0.0,-0.001,0.0
2.756487,60,1,subida,-0.006264,-0.006243,2.095258,2.101692,0.000783,10.069147,0.0,-0.001,0.0
2.827297,61,1,subida,-0.006224,-0.006244,2.095258,2.099928,0.000784,10.069269,0.0,-0.001,0.0
2.879079,62,1,subida,-0.006224,-0.006246,2.094426,2.101990,0.000784,10.072351,0.0,0.0,0.0
2.953021,63,1,subida,-0.006262,-0.006241,2.094426,2.101930,0.000785,10.061853,0.0,-0.0,0.0
2.994348,64,1,subida,-0.006221,-0.006243,2.095529,2.102148,0.000785,10.061853,0.0,-0.001,0.0
3.036446,65,1,subida,-0.006263,-0.006243,2.097251,2.102148,0.000785,10.070063,0.0,-0.0,0.0
3.078575,66,1,subida,-0.006222,-0.006244,2.097251,2.101462,0.000785,10.068598,0.0,-0.001,0.0
3.120397,67,1,subida,-0.006263,-0.006244,2.096304,2.102854,0.000784,10.068598,0.0,-0.001,0.0
3.162604,68,1,subida,-0.006223,-0.006243,2.096020,2.102854,0.000784,10.063227,0.0,-0.001,0.0
3.194255,69,1,subida,-0.006262,-0.006244,2.096020,2.102523,0.000784,10.067041,0.0,-0.0,0.0
3.245889,70,1,subida,-0.006224,-0.006243,2.092298,2.101650,0.000784,10.067041,0.0,-0.001,0.0
3.288220,71,1,subida,-0.006260,-0.006243,2.093881,2.101650,0.000783,10.064936,-0.001,0.0,0.0
3.329537,72,1,subida,-0.006225,-0.006245,2.093881,2.099892,0.000783,10.061792,0.0,-0.001,0.0
3.371740,73,1,subida,-0.006262,-0.006246,2.095454,2.101513,0.000784,10.061792,-0.001,0.0,0.0
3.402787,74,1,subida,-0.006228,-0.006243,2.093112,2.101513,0.000783,10.070978,0.0,-0.001,0.0
3.476744,75,1,subida,-0.006228,-0.006241,2.095627,2.102041,0.000785,10.060389,0.0,-0.001,0.0
3.550262,76,1,subida,-0.006231,-0.006242,2.095290,2.100342,0.000783,10.071619,0.0,-0.001,0.0
3.622241,77,1,subida,-0.006255,-0.006241,2.094769,2.099302,0.000782,10.071619,0.0,-0.001,0.0
3.683320,78,1,subida,-0.006253,-0.006239,2.094518,2.101245,0.000783,10.062952,-0.001,0.0,0.0
3.745932,79,1,subida,-0.006234,-0.006239,2.092972,2.099212,0.000783,10.062952,0.0,-0.001,0.0
3.787657,80,1,subida,-0.006252,-0.006236,2.095007,2.099212,0.000783,10.064447,0.0,-0.001,0.0
3.830094,81,1,subida,-0.006237,-0.006241,2.095007,2.101483,0.000784,10.059809,0.0,-0.0,0.0
3.871774,82,1,subida,-0.006257,-0.006246,2.096524,2.102062,0.000785,10.059809,0.0,-0.001,0.0
3.913772,83,1,subida,-0.006245,-0.006244,2.096330,2.102062,0.000784,10.067225,0.0,-0.0,0.0
3.966335,84,1,subida,-0.006246,-0.006243,2.093830,2.101331,0.000783,10.058222,0.0,-0.001,0.0
4.049775,85,1,subida,-0.006245,-0.006239,2.094176,2.101361,0.000784,10.069025,0.0,-0.001,0.0
4.122838,86,1,subida,-0.006249,-0.006240,2.095934,2.100017,0.000784,10.069025,0.0,-0.001,0.0
4.174662,87,1,subida,-0.006245,-0.006240,2.093553,2.101597,0.000784,10.066309,0.0,-0.001,0.0
4.269129,88,1,subida,-0.006245,-0.006240,2.094593,2.102163,0.000784,10.070246,0.0,-0.001,0.0
4.332314,89,1,subida,-0.006256,-0.006244,2.094593,2.101245,0.000784,10.062769,0.0,-0.001,0.0
4.374606,90,1,subida,-0.006247,-0.006246,2.094712,2.100789,0.000784,10.062769,0.0,-0.0,0.0
4.416693,91,1,subida,-0.006258,-0.006242,2.096819,2.100789,0.000784,10.067652,0.0,-0.001,0.0
4.469072,92,1,subida,-0.006259,-0.006242,2.095120,2.101936,0.000784,10.070429,0.0,0.0,0.0
4.542920,93,1,subida,-0.006237,-0.006241,2.094465,2.101936,0.000784,10.070917,0.0,-0.0,0.0
4.585059,94,1,subida,-0.006260,-0.006241,2.094465,2.100714,0.000782,10.065424,0.0,-0.001,0.0
4.626486,95,1,subida,-0.006231,-0.006240,2.093660,2.100044,0.000783,10.065424,0.0,-0.001,0.0
4.673008,96,1,subida,-0.006258,-0.006239,2.094146,2.100044,0.000783,10.064936,0.0,-0.001,0.0
4.699388,97,1,subida,-0.006227,-0.006238,2.094146,2.099507,0.000782,10.067957,0.0,-0.0,0.0
4.751707,98,1,subida,-0.006257,-0.006237,2.094882,2.101722,0.000783,10.067957,0.0,-0.001,0.0
4.793377,99,1,subida,-0.006225,-0.006239,2.094873,2.101722,0.000784,10.070917,0.0,0.0,0.0
4.846113,100,1,subida,-0.006229,-0.006244,2.094822,2.101069,0.000784,10.069086,0.0,-0.001,0.0
4.941011,101,1,subida,-0.006223,-0.006242,2.096071,2.101793,0.000784,10.068140,0.0,0.0,0.0
5.003269,102,1,subida,-0.006263,-0.006242,2.094638,2.101263,0.000783,10.068140,0.0,-0.001,0.0
5.034756,103,1,subida,-0.006220,-0.006240,2.092987,2.101263,0.000782,10.069880,0.0,-0.0,0.0
5.087743,104,1,subida,-0.006259,-0.006237,2.092987,2.098917,0.000784,10.057581,0.0,-0.001,0.0
5.130166,105,1,subida,-0.006217,-0.006238,2.093550,2.100389,0.000784,10.057581,0.0,-0.001,0.0
5.160867,106,1,subida,-0.006259,-0.006238,2.096038,2.100389,0.000783,10.072046,0.0,-0.001,0.0
5.212606,107,1,subida,-0.006216,-0.006241,2.096038,2.109220,0.000792,10.063471,0.0,-0.001,0.0
5.243365,108,1,subida,-0.006271,-0.006252,2.107113,2.113714,0.000792,10.063471,0.0,-0.001,0.0
5.295532,109,1,subida,-0.006241,-0.006264,2.106576,2.113714,0.000792,10.067102,0.0,-0.001,0.0
5.337362,110,1,subida,-0.006287,-0.006270,2.106576,2.112066,0.000791,10.065485,0.0,-0.0,0.0
5.379192,111,1,subida,-0.006254,-0.006275,2.106433,2.113017,0.000792,10.065485,0.0,-0.001,0.0
5.420422,112,1,subida,-0.006291,-0.006273,2.106425,2.113017,0.000792,10.074152,0.0,-0.001,0.0
5.462745,113,1,subida,-0.006253,-0.006272,2.106425,2.113017,0.000793,10.067225,0.0,-0.001,0.0
5.503544,114,1,subida,-0.006290,-0.006274,2.108034,2.114057,0.000793,10.067225,0.0,-0.001,0.0
5.545893,115,1,subida,-0.006258,-0.006274,2.107333,2.114057,0.000793,10.070612,0.0,-0.001,0.0
5.587188,116,1,subida,-0.006290,-0.006274,2.107333,2.113792,0.000792,10.067774,0.0,-0.0,0.0
5.628741,117,1,subida,-0.006260,-0.006275,2.105930,2.113452,0.000793,10.067774,0.0,-0.001,0.0
5.680806,118,1,subida,-0.006262,-0.006273,2.106523,2.110567,0.000792,10.070612,0.0,0.0,0.0
5.754006,119,1,subida,-0.006286,-0.006271,2.107345,2.114343,0.000793,10.070612,0.0,-0.001,0.0
5.795615,120,1,subida,-0.006265,-0.006274,2.107885,2.114343,0.000793,10.067713,0.0,-0.001,0.0
5.837569,121,1,subida,-0.006291,-0.006278,2.107885,2.115183,0.000793,10.066370,0.0,-0.001,0.0
5.901129,122,1,subida,-0.006294,-0.006281,2.106854,2.114230,0.000793,10.068079,0.0,-0.001,0.0
5.963926,123,1,subida,-0.006274,-0.006276,2.106854,2.112710,0.000793,10.062891,0.0,-0.001,0.0
6.004932,124,1,subida,-0.006289,-0.006276,2.107512,2.112468,0.000792,10.062891,0.0,0.0,0.0
6.046836,125,1,subida,-0.006275,-0.006275,2.106091,2.112468,0.000791,10.069330,0.0,-0.0,0.0
6.099103,126,1,subida,-0.006276,-0.006272,2.105927,2.113225,0.000792,10.069941,0.0,-0.0,0.0
6.172806,127,1,subida,-0.006284,-0.006272,2.103558,2.113225,0.000790,10.069025,0.0,-0.001,0.0
6.234998,128,1,subida,-0.006280,-0.006271,2.109068,2.113294,0.000793,10.061182,0.0,-0.001,0.0
6.306989,129,1,subida,-0.006282,-0.006275,2.108478,2.113294,0.000793,10.070490,0.0,-0.001,0.0
6.337716,130,1,subida,-0.006284,-0.006279,2.108478,2.114888,0.000793,10.066370,0.0,-0.0,0.0
6.378709,131,1,subida,-0.006292,-0.006282,2.108094,2.115010,0.000793,10.066370,0.0,-0.001,0.0
6.420370,132,1,subida,-0.006285,-0.006279,2.106860,2.115010,0.000792,10.070063,0.0,0.0,0.0
6.462860,133,1,subida,-0.006290,-0.006277,2.106860,2.112516,0.000792,10.066187,0.0,-0.001,0.0
6.525848,134,1,subida,-0.006288,-0.006275,2.106955,2.110516,0.000792,10.069208,-0.001,0.0,0.0
6.599735,135,1,subida,-0.006289,-0.006273,2.106457,2.113732,0.000792,10.064875,-0.0,0.0,0.0
6.684308,136,1,subida,-0.006291,-0.006272,2.105968,2.112620,0.000792,10.066980,-0.0,0.0,0.0
6.767944,137,1,subida,-0.006292,-0.006273,2.107086,2.111953,0.000791,10.068476,-0.0,0.0,0.0
6.842330,138,1,subida,-0.006263,-0.006275,2.107086,2.112051,0.000791,10.068598,-0.001,0.0,0.0
6.893536,139,1,subida,-0.006296,-0.006276,2.106192,2.113050,0.000791,10.068598,0.0,-0.0,0.0
6.924193,140,1,subida,-0.006262,-0.006274,2.104690,2.113050,0.000790,10.070368,-0.001,0.0,0.0
6.975484,141,1,subida,-0.006292,-0.006271,2.104690,2.111557,0.000791,10.068140,0.0,-0.001,0.0
7.005615,142,1,subida,-0.006254,-0.006270,2.105396,2.111229,0.000791,10.068140,-0.001,0.0,0.0
7.056824,143,1,subida,-0.006290,-0.006269,2.104609,2.111229,0.000790,10.068201,0.0,-0.001,0.0
7.097989,144,1,subida,-0.006249,-0.006269,2.104609,2.111151,0.000791,10.072107,0.0,-0.001,0.0
7.150648,145,1,subida,-0.006249,-0.006268,2.105504,2.112236,0.000792,10.065241,0.0,-0.0,0.0
7.235051,146,1,subida,-0.006246,-0.006269,2.104487,2.111729,0.000792,10.067041,-0.001,0.0,0.0
7.298229,147,1,subida,-0.006289,-0.006268,2.104833,2.111729,0.000791,10.072107,0.0,-0.0,0.0
7.350828,148,1,subida,-0.006247,-0.006271,2.104833,2.110022,0.000792,10.060938,0.0,-0.001,0.0
7.382967,149,1,subida,-0.006292,-0.006274,2.105963,2.111881,0.000791,10.060938,0.0,-0.0,0.0
7.435481,150,1,subida,-0.006251,-0.006271,2.105289,2.111881,0.000791,10.071375,0.0,-0.001,0.0
7.466554,151,1,subida,-0.006289,-0.006270,2.105289,2.111175,0.000791,10.066797,0.0,-0.0,0.0
7.519402,152,1,subida,-0.006249,-0.006270,2.104353,2.107664,0.000789,10.066797,0.0,-0.001,0.0
7.550460,153,1,subida,-0.006285,-0.006267,2.107009,2.107664,0.000792,10.067225,0.0,-0.0,0.0
7.593005,154,1,subida,-0.006250,-0.006269,2.107009,2.111607,0.000792,10.073908,0.0,-0.0,0.0
7.645504,155,1,subida,-0.006287,-0.006271,2.107277,2.112898,0.000791,10.073908,0.0,-0.001,0.0
7.677296,156,1,subida,-0.006253,-0.006271,2.106287,2.112898,0.000792,10.061365,0.0,-0.001,0.0
7.741454,157,1,subida,-0.006258,-0.006272,2.105888,2.113231,0.000792,10.069941,0.0,-0.001,0.0
7.803982,158,1,subida,-0.006289,-0.006273,2.106967,2.113231,0.000792,10.069635,0.0,-0.001,0.0
7.876076,159,1,subida,-0.006292,-0.006277,2.106940,2.112999,0.000791,10.059748,0.0,-0.001,0.0
7.933437,160,1,subida,-0.006266,-0.006275,2.106523,2.112999,0.000791,10.067652,0.0,-0.0,0.0
7.978534,161,1,subida,-0.006287,-0.006273,2.106523,2.113270,0.000791,10.074396,0.0,-0.001,0.0
8.009063,162,1,subida,-0.006266,-0.006273,2.105572,2.111813,0.000791,10.074396,0.0,-0.0,0.0
8.060210,163,1,subida,-0.006286,-0.006271,2.105519,2.111813,0.000791,10.067408,0.0,-0.001,0.0
8.091111,164,1,subida,-0.006267,-0.006270,2.105519,2.111610,0.000791,10.064569,0.0,-0.0,0.0
8.133824,165,1,subida,-0.006284,-0.006271,2.106270,2.111253,0.000791,10.064569,0.0,-0.001,0.0
8.187284,166,1,subida,-0.006269,-0.006270,2.105024,2.111253,0.000790,10.070307,0.0,-0.0,0.0
8.218839,167,1,subida,-0.006282,-0.006269,2.105024,2.111905,0.000790,10.065424,0.0,-0.001,0.0
8.261873,168,1,subida,-0.006270,-0.006269,2.104192,2.110525,0.000791,10.065424,0.0,-0.001,0.0
8.313959,169,1,subida,-0.006279,-0.006267,2.103632,2.110525,0.000790,10.071375,0.0,-0.001,0.0
8.366434,170,1,subida,-0.006282,-0.006271,2.105626,2.110388,0.000791,10.065180,0.0,-0.001,0.0
8.439858,171,1,subida,-0.006278,-0.006269,2.103829,2.110388,0.000790,10.071253,0.0,-0.001,0.0
8.471607,172,1,subida,-0.006276,-0.006267,2.103829,2.110188,0.000789,10.068720,0.0,-0.001,0.0
8.524007,173,1,subida,-0.006271,-0.006266,2.101486,2.109402,0.000789,10.067591,0.0,-0.001,0.0
8.596720,174,1,subida,-0.006275,-0.006263,2.101486,2.108231,0.000789,10.067530,0.0,-0.001,0.0
8.649086,175,1,subida,-0.006275,-0.006263,2.102464,2.107688,0.000788,10.065577,0.0,0.0,0.0
8.722893,176,1,subida,-0.006261,-0.006261,2.102464,2.108126,0.000789,10.068201,0.0,-0.0,0.0
8.764382,177,1,subida,-0.006277,-0.006261,2.101927,2.108469,0.000788,10.068201,0.0,-0.001,0.0
8.806633,178,1,subida,-0.006258,-0.006260,2.091732,2.108469,0.000784,10.070307,0.0,-0.0,0.0
8.848706,179,1,subida,-0.006274,-0.006254,2.091732,2.099144,0.000782,10.068354,0.0,-0.001,0.0
8.890635,180,1,subida,-0.006244,-0.006249,2.094200,2.100774,0.000782,10.068354,0.0,-0.0,0.0
8.932384,181,1,subida,-0.006263,-0.006244,2.096667,2.100774,0.000784,10.071131,0.0,-0.001,0.0
8.973819,182,1,subida,-0.006234,-0.006243,2.096667,2.101868,0.000785,10.061060,0.0,-0.0,0.0
9.026296,183,1,subida,-0.006232,-0.006244,2.094903,2.102503,0.000784,10.074213,0.0,-0.001,0.0
9.099330,184,1,subida,-0.006227,-0.006243,2.092990,2.098598,0.000782,10.063166,0.0,-0.001,0.0
9.204990,185,1,subida,-0.006218,-0.006236,2.091327,2.100875,0.000784,10.062647,0.0,-0.0,0.0
9.266719,186,1,subida,-0.006260,-0.006241,2.096286,2.103328,0.000784,10.062647,0.0,-0.001,0.0
9.308624,187,1,subida,-0.006222,-0.006241,2.095398,2.103328,0.000785,10.075373,0.0,0.0,0.0
9.361492,188,1,subida,-0.006226,-0.006245,2.095711,2.101310,0.000784,10.063898,0.0,-0.0,0.0
9.435570,189,1,subida,-0.006266,-0.006244,2.094951,2.101310,0.000783,10.070429,0.0,-0.001,0.0
9.477868,190,1,subida,-0.006221,-0.006242,2.094951,2.103268,0.000785,10.072412,0.0,-0.001,0.0
9.530444,191,1,subida,-0.006224,-0.006244,2.097621,2.103966,0.000785,10.067408,0.0,-0.001,0.0
9.603278,192,1,subida,-0.006264,-0.006246,2.097621,2.104046,0.000786,10.065424,0.0,-0.0,0.0
9.644567,193,1,subida,-0.006226,-0.006247,2.096938,2.103727,0.000786,10.065424,0.0,-0.001,0.0
9.686263,194,1,subida,-0.006266,-0.006247,2.096763,2.103727,0.000784,10.072718,0.0,0.0,0.0
9.727397,195,1,subida,-0.006226,-0.006246,2.096763,2.102067,0.000785,10.063959,0.0,-0.001,0.0
9.772904,196,1,subida,-0.006263,-0.006246,2.097075,2.102458,0.000784,10.063959,0.0,0.0,0.0
9.808586,197,1,subida,-0.006228,-0.006245,2.096211,2.102458,0.000785,10.071192,0.0,-0.001,0.0
9.850308,198,1,subida,-0.006263,-0.006248,2.096211,2.103099,0.000785,10.068323,0.0,-0.0,0.0
9.892149,199,1,subida,-0.006235,-0.006251,2.096637,2.102795,0.000785,10.068323,0.0,-0.0,0.0
9.933906,200,1,subida,-0.006265,-0.006248,2.096330,2.102795,0.000785,10.069757,0.0,-0.0,0.0
9.996464,201,1,subida,-0.006259,-0.006244,2.096724,2.102184,0.000784,10.064997,-0.001,0.0,0.0
10.069702,202,1,subida,-0.006233,-0.006242,2.094456,2.102184,0.000784,10.065882,0.0,0.0,0.0
10.111477,203,1,subida,-0.006257,-0.006242,2.094456,2.102169,0.000784,10.069147,0.0,-0.001,0.0
10.143144,204,1,subida,-0.006234,-0.006243,2.093902,2.100866,0.000784,10.069147,-0.0,0.0,0.0
10.206040,205,1,subida,-0.006234,-0.006240,2.093201,2.100476,0.000784,10.072046,0.0,-0.0,0.0
10.279609,206,1,subida,-0.006254,-0.006241,2.095553,2.099948,0.000783,10.072046,0.0,-0.001,0.0
10.311113,207,1,subida,-0.006237,-0.006238,2.092885,2.099948,0.000782,10.069941,-0.001,0.0,0.0
10.352760,208,1,subida,-0.006252,-0.006240,2.092885,2.098855,0.000780,10.072779,0.0,-0.0,0.0
10.404392,209,1,subida,-0.006240,-0.006240,2.094834,2.100047,0.000782,10.072779,0.0,-0.001,0.0
10.435293,210,1,subida,-0.006251,-0.006238,2.093195,2.100047,0.000783,10.065577,0.0,-0.001,0.0
10.476370,211,1,subida,-0.006241,-0.006239,2.093195,2.100127,0.000783,10.063105,-0.0,0.0,0.0
10.527087,212,1,subida,-0.006249,-0.006238,2.094295,2.099311,0.000783,10.063105,0.0,-0.0,0.0
10.567770,213,1,subida,-0.006244,-0.006237,2.092957,2.099311,0.000782,10.072351,0.0,-0.001,0.0
10.599336,214,1,subida,-0.006245,-0.006236,2.092957,2.098998,0.000782,10.064753,0.0,-0.0,0.0
10.652374,215,1,subida,-0.006243,-0.006235,2.092641,2.098285,0.000781,10.064753,0.0,-0.001,0.0
10.694347,216,1,subida,-0.006242,-0.006232,2.091991,2.098285,0.000783,10.075006,0.0,-0.0,0.0
10.746525,217,1,subida,-0.006240,-0.006234,2.093639,2.098858,0.000782,10.070551,0.0,-0.001,0.0
10.818800,218,1,subida,-0.006248,-0.006236,2.094581,2.098858,0.000783,10.072474,0.0,-0.001,0.0
10.850496,219,1,subida,-0.006241,-0.006239,2.094581,2.100422,0.000783,10.070856,0.0,-0.0,0.0
10.908791,220,1,subida,-0.006241,-0.006242,2.094119,2.101337,0.000784,10.072107,0.0,-0.001,0.0
10.975017,221,1,subida,-0.006256,-0.006240,2.094119,2.099710,0.000783,10.070246,0.0,-0.001,0.0
11.016566,222,1,subida,-0.006235,-0.006239,2.094754,2.099442,0.000783,10.070246,0.0,-0.0,0.0
11.069356,223,1,subida,-0.006257,-0.006239,2.094381,2.099442,0.000783,10.069880,0.0,-0.001,0.0
11.101033,224,1,subida,-0.006232,-0.006238,2.094381,2.099653,0.000783,10.066980,0.0,-0.0,0.0
11.143175,225,1,subida,-0.006228,-0.006238,2.093782,2.100601,0.000783,10.073450,0.0,-0.001,0.0
11.227829,226,1,subida,-0.006258,-0.006237,2.093782,2.099111,0.000782,10.069818,0.0,-0.001,0.0
11.280908,227,1,subida,-0.006224,-0.006236,2.092233,2.098587,0.000782,10.069818,0.0,-0.001,0.0
11.322965,228,1,subida,-0.006257,-0.006236,2.093624,2.098587,0.000782,10.066919,0.0,-0.0,0.0
11.354083,229,1,subida,-0.006223,-0.006239,2.093624,2.098891,0.000782,10.074762,0.0,-0.0,0.0
11.406416,230,1,subida,-0.006262,-0.006241,2.094051,2.101045,0.000783,10.074762,0.0,-0.0,0.0
11.449374,231,1,subida,-0.006222,-0.006239,2.094286,2.101045,0.000783,10.065699,0.0,-0.001,0.0
11.481041,232,1,subida,-0.006260,-0.006238,2.094286,2.100399,0.000783,10.071497,0.0,-0.0,0.0
11.533220,233,1,subida,-0.006219,-0.006239,2.093848,2.100586,0.000784,10.071497,0.0,-0.001,0.0
11.575464,234,1,subida,-0.006260,-0.006239,2.095156,2.100586,0.000783,10.066919,0.0,0.0,0.0
11.646888,235,1,subida,-0.006261,-0.006241,2.093082,2.092253,0.000777,10.070063,0.0,-0.0,0.0
11.687487,236,1,subida,-0.006211,-0.006231,2.086126,2.092253,0.000778,10.070185,0.0,-0.001,0.0
11.740156,237,1,subida,-0.006246,-0.006224,2.086126,2.094140,0.000777,10.066736,0.0,-0.0,0.0
11.782453,238,1,subida,-0.006201,-0.006221,2.085208,2.091914,0.000777,10.066736,0.0,-0.001,0.0
11.814017,239,1,subida,-0.006239,-0.006219,2.087262,2.091914,0.000777,10.068140,0.0,-0.0,0.0
11.855715,240,1,subida,-0.006200,-0.006220,2.087262,2.091172,0.000778,10.069635,0.0,-0.001,0.0
11.929425,241,1,subida,-0.006206,-0.006226,2.083250,2.097740,0.000776,10.069208,0.0,-0.001,0.0
11.991745,242,1,subida,-0.006236,-0.006217,2.083250,2.090278,0.000776,10.069574,0.0,-0.0,0.0
12.034791,243,1,subida,-0.006196,-0.006212,2.081391,2.088311,0.000775,10.069574,0.0,-0.0,0.0
12.066215,244,1,subida,-0.006227,-0.006209,2.082410,2.088311,0.000774,10.078699,0.0,-0.001,0.0
12.119264,245,1,subida,-0.006192,-0.006207,2.082410,2.087265,0.000775,10.067408,0.0,-0.0,0.0
12.159970,246,1,subida,-0.006222,-0.006206,2.082577,2.087828,0.000774,10.067408,0.0,-0.001,0.0
12.200774,247,1,subida,-0.006192,-0.006205,2.081593,2.087828,0.000774,10.068445,0.0,-0.0,0.0
12.241013,248,1,subida,-0.006220,-0.006205,2.081593,2.088272,0.000774,10.064203,0.0,-0.001,0.0
12.281199,249,1,subida,-0.006194,-0.006205,2.080744,2.087142,0.000774,10.064203,0.0,0.0,0.0
12.312672,250,1,subida,-0.006219,-0.006204,2.080997,2.087142,0.000774,10.067408,0.0,-0.001,0.0
12.353456,251,1,subida,-0.006199,-0.006207,2.080997,2.086663,0.000774,10.071741,0.0,-0.001,0.0
12.425889,252,1,subida,-0.006202,-0.006207,2.081674,2.087443,0.000774,10.071131,0.0,-0.001,0.0
12.499301,253,1,subida,-0.006204,-0.006206,2.082952,2.088931,0.000775,10.065119,0.0,-0.001,0.0
12.572622,254,1,subida,-0.006220,-0.006206,2.082276,2.088931,0.000775,10.076349,0.0,-0.001,0.0
12.604360,255,1,subida,-0.006207,-0.006207,2.082276,2.087670,0.000774,10.067286,0.0,-0.001,0.0
12.647114,256,1,subida,-0.006217,-0.006205,2.081841,2.086689,0.000774,10.067286,0.0,-0.001,0.0
12.688648,257,1,subida,-0.006207,-0.006204,2.081149,2.086689,0.000774,10.066248,0.0,-0.0,0.0
12.731173,258,1,subida,-0.006215,-0.006204,2.081149,2.089267,0.000775,10.064753,0.0,-0.001,0.0
12.783511,259,1,subida,-0.006212,-0.006206,2.081727,2.079287,0.000770,10.064753,0.0,-0.001,0.0
12.825857,260,1,subida,-0.006211,-0.006187,2.080547,2.079287,0.000773,10.072168,0.0,-0.001,0.0
12.856985,261,1,subida,-0.006200,-0.006193,2.080547,2.087306,0.000778,10.065180,0.0,-0.0,0.0
12.909859,262,1,subida,-0.006213,-0.006211,2.088478,2.094319,0.000778,10.065180,0.0,0.0,0.0
12.941787,263,1,subida,-0.006224,-0.006214,2.091660,2.094319,0.000781,10.073572,0.0,-0.001,0.0
12.983068,264,1,subida,-0.006225,-0.006220,2.091660,2.096140,0.000781,10.068354,0.0,0.0,0.0
13.036277,265,1,subida,-0.006237,-0.006226,2.092340,2.099087,0.000782,10.068354,0.0,-0.001,0.0
13.068078,266,1,subida,-0.006232,-0.006230,2.091804,2.099087,0.000781,10.069880,0.0,0.0,0.0
13.121471,267,1,subida,-0.006244,-0.006230,2.091804,2.097922,0.000781,10.067896,0.0,-0.001,0.0
13.153079,268,1,subida,-0.006230,-0.006231,2.092543,2.096792,0.000782,10.067896,0.0,-0.0,0.0
13.206071,269,1,subida,-0.006248,-0.006231,2.090281,2.096792,0.000780,10.073206,0.0,-0.001,0.0
13.259021,270,1,subida,-0.006248,-0.006230,2.091514,2.096733,0.000780,10.071100,0.0,-0.001,0.0
13.332967,271,1,subida,-0.006223,-0.006230,2.091082,2.096733,0.000782,10.077234,0.0,0.0,0.0
13.365009,272,1,subida,-0.006252,-0.006235,2.091082,2.099072,0.000780,10.072901,0.0,-0.001,0.0
13.406706,273,1,subida,-0.006226,-0.006235,2.087962,2.095210,0.000780,10.072901,0.0,-0.001,0.0
13.469672,274,1,subida,-0.006218,-0.006229,2.095904,2.101638,0.000785,10.066675,0.0,-0.001,0.0
13.553209,275,1,subida,-0.006225,-0.006240,2.096980,2.103909,0.000785,10.075495,0.0,0.0,0.0
13.616065,276,1,subida,-0.006265,-0.006244,2.096980,2.104219,0.000786,10.062464,-0.0,0.0,0.0
13.678319,277,1,subida,-0.006268,-0.006247,2.097636,2.102809,0.000785,10.074457,0.0,-0.001,0.0
13.741150,278,1,subida,-0.006228,-0.006247,2.097636,2.102851,0.000786,10.075922,0.0,-0.001,0.0
13.793622,279,1,subida,-0.006227,-0.006247,2.097055,2.104762,0.000785,10.069086,0.0,-0.0,0.0
13.878467,280,1,subida,-0.006231,-0.006251,2.097421,2.103766,0.000786,10.072412,0.0,-0.0,0.0
13.952260,281,1,subida,-0.006269,-0.006249,2.097895,2.103766,0.000785,10.069574,0.0,-0.0,0.0
13.983405,282,1,subida,-0.006227,-0.006248,2.097895,2.102678,0.000785,10.072229,0.0,-0.001,0.0
14.035943,283,1,subida,-0.006267,-0.006248,2.098327,2.104240,0.000786,10.072229,0.0,-0.0,0.0
14.087891,284,1,subida,-0.006266,-0.006247,2.097466,2.103826,0.000785,10.066919,0.0,-0.001,0.0
14.160642,285,1,subida,-0.006228,-0.006248,2.096256,2.103319,0.000785,10.066919,0.0,-0.001,0.0
14.213053,286,1,subida,-0.006229,-0.006247,2.097219,2.102231,0.000786,10.071985,0.0,-0.0,0.0
14.296534,287,1,subida,-0.006232,-0.006247,2.097621,2.103501,0.000785,10.074213,0.0,-0.0,0.0
14.391150,288,1,subida,-0.006238,-0.006251,2.096873,2.103733,0.000786,10.066370,0.0,-0.001,0.0
14.464984,289,1,subida,-0.006237,-0.006248,2.097207,2.102515,0.000785,10.073969,0.0,-0.001,0.0
14.538992,290,1,subida,-0.006262,-0.006247,2.097514,2.102431,0.000784,10.073969,0.0,-0.001,0.0
14.600638,291,1,subida,-0.006259,-0.006245,2.096506,2.103432,0.000784,10.072962,0.0,-0.001,0.0
14.672487,292,1,subida,-0.006260,-0.006245,2.096253,2.103245,0.000784,10.071253,0.0,-0.001,0.0
14.755068,293,1,subida,-0.006258,-0.006245,2.096047,2.101358,0.000784,10.074823,0.0,-0.0,0.0
14.838498,294,1,subida,-0.006258,-0.006243,2.095544,2.101081,0.000784,10.070856,0.0,-0.001,0.0
14.912209,295,1,subida,-0.006248,-0.006245,2.095544,2.101948,0.000784,10.070856,0.0,-0.001,0.0
14.953831,296,1,subida,-0.006255,-0.006244,2.095424,2.101948,0.000784,10.068964,0.0,-0.001,0.0
15.006396,297,1,subida,-0.006252,-0.006242,2.095782,2.100324,0.000784,10.074518,0.0,-0.001,0.0
15.089878,298,1,subida,-0.006248,-0.006241,2.095851,2.100324,0.000784,10.075739,0.0,-0.001,0.0
15.130202,299,1,subida,-0.006249,-0.006242,2.095851,2.101746,0.000784,10.072901,0.0,-0.001,0.0
15.160810,300,1,subida,-0.006251,-0.006241,2.095132,2.103400,0.000784,10.072901,0.0,-0.001,0.0
15.202138,301,1,subida,-0.006248,-0.006242,2.095889,2.103400,0.000784,10.070612,0.0,-0.001,0.0
15.243805,302,1,subida,-0.006255,-0.006243,2.095889,2.102795,0.000784,10.069025,0.0,-0.001,0.0
15.284606,303,1,subida,-0.006247,-0.006244,2.097040,2.102196,0.000785,10.069025,0.0,-0.001,0.0
15.337665,304,1,subida,-0.006259,-0.006246,2.097710,2.102196,0.000785,10.071192,0.0,-0.001,0.0
15.380020,305,1,subida,-0.006249,-0.006249,2.097710,2.103468,0.000785,10.078150,0.0,-0.001,0.0
15.411510,306,1,subida,-0.006265,-0.006248,2.096041,2.103251,0.000785,10.078150,0.0,-0.001,0.0
15.463710,307,1,subida,-0.006244,-0.006246,2.095970,2.103251,0.000785,10.073389,0.0,-0.001,0.0
15.505238,308,1,subida,-0.006263,-0.006245,2.095970,2.102422,0.000784,10.070734,0.0,-0.0,0.0
15.536934,309,1,subida,-0.006239,-0.006245,2.097010,2.102505,0.000785,10.070734,0.0,-0.001,0.0
15.588990,310,1,subida,-0.006264,-0.006246,2.097800,2.102505,0.000786,10.071863,0.0,-0.001,0.0
15.619190,311,1,subida,-0.006237,-0.006246,2.097800,2.103617,0.000785,10.069025,0.0,-0.001,0.0
15.671898,312,1,subida,-0.006266,-0.006246,2.097326,2.104198,0.000785,10.069025,0.0,-0.0,0.0
15.703462,313,1,subida,-0.006235,-0.006247,2.096399,2.104198,0.000785,10.074640,0.0,-0.001,0.0
15.745992,314,1,subida,-0.006267,-0.006246,2.096399,2.103343,0.000785,10.075800,0.0,-0.001,0.0
15.798492,315,1,subida,-0.006232,-0.006247,2.097314,2.102950,0.000786,10.075800,0.0,-0.001,0.0
15.850371,316,1,subida,-0.006233,-0.006249,2.097946,2.102944,0.000785,10.077845,0.0,-0.0,0.0
15.925118,317,1,subida,-0.006272,-0.006250,2.097353,2.104359,0.000785,10.077845,0.0,-0.001,0.0
15.956968,318,1,subida,-0.006230,-0.006248,2.096378,2.104359,0.000785,10.070307,0.0,-0.001,0.0
15.999101,319,1,subida,-0.006268,-0.006247,2.096378,2.103590,0.000785,10.071802,0.0,-0.001,0.0
16.040959,320,1,subida,-0.006226,-0.006247,2.096175,2.102857,0.000786,10.071802,0.0,-0.001,0.0
16.082589,321,1,subida,-0.006268,-0.006246,2.097749,2.102857,0.000785,10.070612,0.0,-0.0,0.0
16.135735,322,1,subida,-0.006267,-0.006246,2.097087,2.104574,0.000785,10.071741,0.0,-0.001,0.0
16.220104,323,1,subida,-0.006266,-0.006248,2.097326,2.104234,0.000785,10.066675,0.0,-0.0,0.0
16.293069,324,1,subida,-0.006227,-0.006247,2.096506,2.103248,0.000786,10.066675,0.0,-0.001,0.0
16.345063,325,1,subida,-0.006230,-0.006248,2.097496,2.102330,0.000785,10.074091,0.0,-0.001,0.0
16.428900,326,1,subida,-0.006230,-0.006249,2.096000,2.103888,0.000785,10.070673,0.0,-0.0,0.0
16.501791,327,1,subida,-0.006264,-0.006246,2.096000,2.103709,0.000785,10.068140,0.0,-0.001,0.0
16.554242,328,1,subida,-0.006262,-0.006245,2.097070,2.102601,0.000785,10.073969,0.0,-0.001,0.0
16.628348,329,1,subida,-0.006232,-0.006246,2.097070,2.102580,0.000785,10.067408,0.0,-0.0,0.0
16.670164,330,1,subida,-0.006262,-0.006247,2.097907,2.103841,0.000785,10.067408,0.0,-0.001,0.0
16.721734,331,1,subida,-0.006262,-0.006246,2.097973,2.103873,0.000785,10.075739,0.0,-0.001,0.0
16.805098,332,1,subida,-0.006262,-0.006248,2.097281,2.104043,0.000785,10.078394,0.0,-0.001,0.0
16.888180,333,1,subida,-0.006266,-0.006252,2.097475,2.102648,0.000785,10.069269,0.0,-0.001,0.0
16.961586,334,1,subida,-0.006244,-0.006247,2.096986,2.102648,0.000785,10.075129,0.0,-0.001,0.0
17.002626,335,1,subida,-0.006259,-0.006246,2.096986,2.103897,0.000785,10.073755,-0.001,0.0,0.0
17.044344,336,1,subida,-0.006245,-0.006246,2.096533,2.103301,0.000785,10.073755,0.0,-0.0,0.0
17.086366,337,1,subida,-0.006258,-0.006245,2.096584,2.103301,0.000785,10.077051,-0.001,0.0,0.0
17.138351,338,1,subida,-0.006256,-0.006245,2.096688,2.101740,0.000784,10.075190,0.0,-0.001,0.0
17.212195,339,1,subida,-0.006249,-0.006244,2.096739,2.101740,0.000785,10.073328,0.0,-0.001,0.0
17.253950,340,1,subida,-0.006255,-0.006245,2.096739,2.102654,0.000785,10.073084,-0.001,0.0,0.0
17.296322,341,1,subida,-0.006253,-0.006246,2.097234,2.103152,0.000785,10.073084,0.0,-0.001,0.0
17.348935,342,1,subida,-0.006259,-0.006248,2.095484,2.103969,0.000786,10.069696,0.0,-0.001,0.0
17.432413,343,1,subida,-0.006260,-0.006249,2.098503,2.102312,0.000785,10.073694,0.0,-0.0,0.0
17.503958,344,1,subida,-0.006251,-0.006247,2.098503,2.104252,0.000785,10.078577,0.0,-0.0,0.0
17.545089,345,1,subida,-0.006260,-0.006247,2.097144,2.103713,0.000784,10.078577,0.0,-0.001,0.0
17.586211,346,1,subida,-0.006247,-0.006245,2.095728,2.103713,0.000785,10.073694,0.0,-0.001,0.0
17.626974,347,1,subida,-0.006261,-0.006246,2.095728,2.104449,0.000784,10.070917,0.0,-0.001,0.0
17.667981,348,1,subida,-0.006243,-0.006245,2.096056,2.098512,0.000783,10.070917,0.0,-0.0,0.0
17.720212,349,1,subida,-0.006260,-0.006240,2.093574,2.098512,0.000782,10.072474,0.0,-0.001,0.0
17.751598,350,1,subida,-0.006234,-0.006239,2.093574,2.099463,0.000783,10.075068,0.0,-0.001,0.0
17.793690,351,1,subida,-0.006257,-0.006238,2.092534,2.099993,0.000782,10.075068,0.0,-0.001,0.0
17.836249,352,1,subida,-0.006229,-0.006237,2.092778,2.099993,0.000782,10.074030,0.0,-0.001,0.0
17.899763,353,1,subida,-0.006231,-0.006242,2.093103,2.099397,0.000783,10.067163,0.0,-0.0,0.0
17.963299,354,1,subida,-0.006260,-0.006239,2.093782,2.099397,0.000782,10.079584,0.0,-0.0,0.0
18.004819,355,1,subida,-0.006223,-0.006238,2.093782,2.100494,0.000783,10.071436,0.0,-0.0,0.0
18.046665,356,1,subida,-0.006259,-0.006238,2.094575,2.102169,0.000783,10.071436,0.0,-0.001,0.0
18.119451,357,1,subida,-0.006260,-0.006239,2.094116,2.100750,0.000783,10.075190,0.0,-0.001,0.0
18.182951,358,1,subida,-0.006220,-0.006241,2.095577,2.102044,0.000784,10.075190,0.0,-0.001,0.0
18.214515,359,1,subida,-0.006263,-0.006242,2.096718,2.102044,0.000785,10.069635,0.0,-0.001,0.0
18.266596,360,1,subida,-0.006222,-0.006243,2.096718,2.101644,0.000785,10.072901,0.0,-0.001,0.0
18.309659,361,1,subida,-0.006264,-0.006243,2.095788,2.102681,0.000784,10.072901,0.0,0.0,0.0
18.340904,362,1,subida,-0.006222,-0.006243,2.096173,2.102681,0.000784,10.071375,0.0,-0.001,0.0
18.382737,363,1,subida,-0.006266,-0.006247,2.096173,2.103441,0.000784,10.070856,0.0,-0.0,0.0
18.424713,364,1,subida,-0.006228,-0.006249,2.095705,2.101448,0.000784,10.070856,0.0,-0.001,0.0
18.466618,365,1,subida,-0.006265,-0.006244,2.095749,2.101448,0.000784,10.073511,0.0,-0.0,0.0
18.519424,366,1,subida,-0.006262,-0.006243,2.096241,2.102538,0.000784,10.075861,0.0,-0.001,0.0
18.592674,367,1,subida,-0.006223,-0.006243,2.096384,2.102538,0.000785,10.075006,0.0,-0.001,0.0
18.644117,368,1,subida,-0.006261,-0.006244,2.096384,2.103292,0.000785,10.067041,0.0,-0.001,0.0
18.695681,369,1,subida,-0.006262,-0.006244,2.097433,2.102499,0.000785,10.077173,0.0,-0.0,0.0
18.758708,370,1,subida,-0.006230,-0.006247,2.097433,2.102815,0.000786,10.073145,0.0,-0.001,0.0
18.799515,371,1,subida,-0.006263,-0.006247,2.097773,2.103745,0.000785,10.073145,0.0,-0.001,0.0
18.850508,372,1,subida,-0.006233,-0.006247,2.096953,2.103745,0.000785,10.075068,0.0,-0.0,0.0
18.881161,373,1,subida,-0.006265,-0.006250,2.096953,2.103870,0.000785,10.068323,0.0,-0.0,0.0
18.922511,374,1,subida,-0.006241,-0.006251,2.096539,2.103310,0.000785,10.068323,0.0,-0.0,0.0
18.964281,375,1,subida,-0.006264,-0.006248,2.097070,2.103310,0.000785,10.073450,0.0,-0.0,0.0
19.014462,376,1,subida,-0.006238,-0.006246,2.097070,2.102395,0.000785,10.072962,0.0,-0.0,0.0
19.058065,377,1,subida,-0.006261,-0.006246,2.097788,2.102902,0.000785,10.072962,0.0,-0.001,0.0
19.089232,378,1,subida,-0.006241,-0.006247,2.098148,2.102902,0.000786,10.074945,0.0,-0.0,0.0
19.130736,379,1,subida,-0.006261,-0.006247,2.098148,2.105092,0.000785,10.076288,0.0,-0.001,0.0
19.172394,380,1,subida,-0.006245,-0.006247,2.096596,2.103057,0.000785,10.076288,0.0,-0.0,0.0
19.213918,381,1,subida,-0.006260,-0.006246,2.096471,2.103057,0.000785,10.074457,0.0,-0.001,0.0
19.255301,382,1,subida,-0.006246,-0.006247,2.096471,2.102139,0.000785,10.071039,0.0,-0.001,0.0
19.307991,383,1,subida,-0.006259,-0.006247,2.096620,2.101948,0.000785,10.071039,0.0,-0.001,0.0
19.338589,384,1,subida,-0.006262,-0.006251,2.096614,2.103260,0.000784,10.069025,0.0,-0.0,0.0
19.433362,385,1,subida,-0.006257,-0.006248,2.095743,2.103045,0.000784,10.070917,0.0,-0.001,0.0
19.506885,386,1,subida,-0.006253,-0.006245,2.095743,2.102201,0.000785,10.076807,0.0,-0.0,0.0
19.559442,387,1,subida,-0.006253,-0.006246,2.096515,2.101641,0.000785,10.076807,0.0,-0.001,0.0
19.591164,388,1,subida,-0.006255,-0.006244,2.096471,2.101641,0.000785,10.081293,0.0,-0.0,0.0
19.633234,389,1,subida,-0.006250,-0.006245,2.096471,2.102792,0.000784,10.074945,0.0,-0.001,0.0
19.685758,390,1,subida,-0.006257,-0.006245,2.096217,2.103051,0.000785,10.074945,0.0,-0.001,0.0
19.717419,391,1,subida,-0.006248,-0.006244,2.095371,2.103051,0.000784,10.077173,0.0,-0.001,0.0
19.759477,392,1,subida,-0.006259,-0.006245,2.095371,2.102017,0.000785,10.077112,-0.001,0.0,0.0
19.801441,393,1,subida,-0.006245,-0.006245,2.097001,2.102106,0.000785,10.077112,0.0,-0.001,0.0
19.853644,394,1,subida,-0.006262,-0.006246,2.097123,2.102106,0.000785,10.077417,0.0,-0.001,0.0
19.884545,395,1,subida,-0.006246,-0.006249,2.097123,2.102449,0.000784,10.072412,0.0,-0.0,0.0
19.937010,396,1,subida,-0.006268,-0.006249,2.096316,2.103370,0.000784,10.072412,0.0,-0.0,0.0
19.978462,397,1,subida,-0.006241,-0.006247,2.096295,2.103370,0.000785,10.076502,0.0,-0.001,0.0
0.084097,399,1,subida,0.006676,0.006648,2.095177,2.087351,0.000779,10.084833,3.5,3.5,3.5
0.176898,400,1,subida,0.006673,0.006645,2.095043,2.088093,0.000779,10.080988,3.5,3.5,3.5
0.251016,401,1,subida,0.006674,0.006643,2.093890,2.088132,0.000779,10.083460,3.5,3.5,3.5
0.324294,402,1,subida,0.006634,0.006645,2.095681,2.088132,0.000779,10.080927,3.5,3.5,3.5
0.366499,403,1,subida,0.006678,0.006647,2.095681,2.087306,0.000779,10.081110,3.5,3.5,3.5
0.409186,404,1,subida,0.006636,0.006646,2.094510,2.088153,0.000778,10.081110,3.5,3.5,3.5
0.440251,405,1,subida,0.006676,0.006647,2.094438,2.088153,0.000779,10.083033,3.5,3.5,3.5
0.514253,406,1,subida,0.006675,0.006646,2.093767,2.088442,0.000779,10.084375,3.5,3.5,3.5
0.567390,407,1,subida,0.006638,0.006647,2.095708,2.088442,0.000779,10.086420,3.5,3.5,3.5
0.619899,408,1,subida,0.006675,0.006647,2.095708,2.087527,0.000779,10.081049,3.5,3.5,3.5
0.651384,409,1,subida,0.006639,0.006646,2.095302,2.088892,0.000779,10.081049,3.5,3.5,3.5
0.693854,410,1,subida,0.006671,0.006644,2.095132,2.088892,0.000779,10.085382,3.5,3.5,3.5
0.767249,411,1,subida,0.006670,0.006646,2.095630,2.089690,0.000780,10.084955,3.5,3.5,3.5
0.830376,412,1,subida,0.006641,0.006648,2.094498,2.089690,0.000779,10.083887,3.5,3.5,3.5
0.871490,413,1,subida,0.006669,0.006648,2.094498,2.087431,0.000779,10.081171,3.5,3.5,3.5
0.913756,414,1,subida,0.006641,0.006648,2.095049,2.088078,0.000779,10.081171,3.5,3.5,3.5
0.945466,415,1,subida,0.006666,0.006647,2.094480,2.088078,0.000779,10.081934,3.5,3.5,3.5
1.008836,416,1,subida,0.006662,0.006646,2.094250,2.087902,0.000779,10.081293,3.5,3.5,3.5
1.082308,417,1,subida,0.006641,0.006645,2.093824,2.087902,0.000778,10.085871,3.5,3.5,3.5
1.124311,418,1,subida,0.006660,0.006646,2.093824,2.087446,0.000779,10.083948,3.5,3.5,3.5
1.156169,419,1,subida,0.006641,0.006647,2.095722,2.087661,0.000779,10.083948,3.5,3.5,3.5
1.208164,420,1,subida,0.006655,0.006644,2.095779,2.087661,0.000779,10.088709,3.5,3.5,3.5
1.239859,421,1,subida,0.006638,0.006643,2.095779,2.088027,0.000778,10.083460,3.5,3.5,3.5
1.323686,422,1,subida,0.006642,0.006645,2.092927,2.088176,0.000778,10.088099,3.5,3.5,3.5
1.375928,423,1,subida,0.006652,0.006646,2.092927,2.086642,0.000778,10.079828,3.5,3.5,3.5
1.437869,424,1,subida,0.006648,0.006644,2.093916,2.086263,0.000778,10.086115,3.5,3.5,3.5
1.490412,425,1,subida,0.006643,0.006644,2.093916,2.087861,0.000778,10.086298,3.5,3.5,3.5
1.533148,426,1,subida,0.006646,0.006644,2.093973,2.087321,0.000778,10.086298,3.5,3.5,3.5
1.575578,427,1,subida,0.006644,0.006644,2.093168,2.087321,0.000778,10.085871,3.5,3.5,3.5
1.617330,428,1,subida,0.006642,0.006643,2.093168,2.087002,0.000778,10.083643,3.5,3.5,3.5
1.669693,429,1,subida,0.006637,0.006642,2.094283,2.086114,0.000778,10.088831,3.5,3.5,3.5
1.754106,430,1,subida,0.006637,0.006641,2.094405,2.087592,0.000777,10.083765,3.5,3.5,3.5
1.837583,431,1,subida,0.006638,0.006643,2.092182,2.088597,0.000779,10.083277,3.5,3.5,3.5
1.911073,432,1,subida,0.006657,0.006646,2.094766,2.087729,0.000779,10.083277,3.5,3.5,3.5
1.952719,433,1,subida,0.006640,0.006648,2.096301,2.087729,0.000779,10.079706,3.5,3.5,3.5
2.016810,434,1,subida,0.006637,0.006648,2.094617,2.087977,0.000779,10.084894,3.5,3.5,3.5
2.080095,435,1,subida,0.006662,0.006646,2.094033,2.087977,0.000779,10.087976,3.5,3.5,3.5
2.122289,436,1,subida,0.006635,0.006645,2.094033,2.087172,0.000779,10.087122,3.5,3.5,3.5
2.154037,437,1,subida,0.006665,0.006645,2.094325,2.086871,0.000779,10.087122,3.5,3.5,3.5
2.206322,438,1,subida,0.006631,0.006642,2.096047,2.086871,0.000779,10.087488,3.5,3.5,3.5
2.258646,439,1,subida,0.006632,0.006644,2.095657,2.088680,0.000778,10.080744,3.501,3.5,3.5
2.332199,440,1,subida,0.006670,0.006645,2.094212,2.088680,0.000779,10.084955,3.5,3.5,3.5
2.384575,441,1,subida,0.006672,0.006646,2.093514,2.087086,0.000778,10.082361,3.5,3.5,3.5
2.458407,442,1,subida,0.006633,0.006645,2.094647,2.087086,0.000778,10.083155,3.5,3.5,3.5
2.489570,443,1,subida,0.006674,0.006644,2.094647,2.087592,0.000778,10.088343,3.5,3.5,3.5
2.541273,444,1,subida,0.006633,0.006645,2.094533,2.088674,0.000778,10.088343,3.5,3.5,3.5
2.572673,445,1,subida,0.006675,0.006645,2.094516,2.088674,0.000779,10.085016,3.5,3.5,3.5
2.615109,446,1,subida,0.006636,0.006648,2.094516,2.090424,0.000779,10.091791,3.5,3.5,3.5
2.678102,447,1,subida,0.006633,0.006646,2.094727,2.087133,0.000778,10.083277,3.5,3.5,3.5
2.741035,448,1,subida,0.006673,0.006643,2.094727,2.086815,0.000778,10.084253,3.5,3.501,3.5
2.783297,449,1,subida,0.006635,0.006644,2.095380,2.087947,0.000778,10.084253,3.5,3.5,3.5
2.825008,450,1,subida,0.006675,0.006645,2.094602,2.087947,0.000778,10.084192,3.5,3.5,3.5
2.877274,451,1,subida,0.006636,0.006645,2.094602,2.088409,0.000778,10.086115,3.5,3.5,3.5
2.918924,452,1,subida,0.006673,0.006645,2.094012,2.087214,0.000778,10.086115,3.5,3.501,3.5
2.961328,453,1,subida,0.006636,0.006645,2.094408,2.087214,0.000778,10.087549,3.5,3.5,3.5
2.993176,454,1,subida,0.006672,0.006645,2.094408,2.085983,0.000779,10.084833,3.5,3.5,3.5
3.035664,455,1,subida,0.006638,0.006645,2.095830,2.087870,0.000778,10.084833,3.5,3.5,3.5
3.077335,456,1,subida,0.006672,0.006647,2.094733,2.087870,0.000779,10.079218,3.5,3.5,3.5
3.129924,457,1,subida,0.006640,0.006648,2.094733,2.089109,0.000779,10.084009,3.501,3.5,3.5
3.161352,458,1,subida,0.006670,0.006648,2.094226,2.088320,0.000779,10.084009,3.5,3.5,3.5
3.203725,459,1,subida,0.006638,0.006644,2.094924,2.088320,0.000779,10.076288,3.5,3.5,3.5
3.277297,460,1,subida,0.006640,0.006646,2.094489,2.087590,0.000778,10.079767,3.5,3.5,3.5
3.340451,461,1,subida,0.006664,0.006646,2.093908,2.087590,0.000778,10.091730,3.5,3.5,3.5
3.371835,462,1,subida,0.006640,0.006645,2.093908,2.087366,0.000778,10.079767,3.5,3.501,3.5
3.412816,463,1,subida,0.006661,0.006645,2.093392,2.087205,0.000778,10.079767,3.5,3.5,3.5
3.453481,464,1,subida,0.006641,0.006646,2.093779,2.087205,0.000778,10.089319,3.5,3.501,3.5
3.494692,465,1,subida,0.006658,0.006645,2.093779,2.086579,0.000778,10.082972,3.5,3.5,3.5
3.535274,466,1,subida,0.006642,0.006646,2.096018,2.087360,0.000778,10.082972,3.5,3.5,3.5
3.597534,467,1,subida,0.006642,0.006646,2.094357,2.087411,0.000778,10.088221,3.5,3.5,3.5
3.670754,468,1,subida,0.006650,0.006643,2.092590,2.087169,0.000778,10.088221,3.5,3.5,3.5
3.702460,469,1,subida,0.006638,0.006640,2.091854,2.087169,0.000777,10.086481,3.5,3.5,3.5
3.755174,470,1,subida,0.006643,0.006639,2.091854,2.085888,0.000778,10.077051,3.5,3.5,3.5
3.806736,471,1,subida,0.006643,0.006641,2.093249,2.085295,0.000777,10.085077,3.5,3.5,3.5
3.881437,472,1,subida,0.006641,0.006642,2.093249,2.086266,0.000777,10.080439,3.5,3.5,3.5
3.924008,473,1,subida,0.006642,0.006643,2.093797,2.087634,0.000778,10.080439,3.5,3.5,3.5
3.955273,474,1,subida,0.006646,0.006647,2.103093,2.087634,0.000785,10.084589,3.5,3.5,3.5
3.998222,475,1,subida,0.006658,0.006662,2.103093,2.096238,0.000785,10.086603,3.5,3.501,3.5
4.039802,476,1,subida,0.006672,0.006669,2.103221,2.094489,0.000784,10.086603,3.5,3.5,3.5
4.092088,477,1,subida,0.006658,0.006657,2.094074,2.094489,0.000777,10.086664,3.5,3.5,3.5
4.133710,478,1,subida,0.006661,0.006651,2.094074,2.087771,0.000778,10.085993,3.5,3.501,3.5
4.175365,479,1,subida,0.006644,0.006649,2.093803,2.088063,0.000778,10.085993,3.5,3.501,3.5
4.238487,480,1,subida,0.006635,0.006642,2.093708,2.087417,0.000779,10.084894,3.5,3.5,3.5
4.291084,481,1,subida,0.006658,0.006644,2.093675,2.086347,0.000778,10.084894,3.5,3.5,3.5
4.333054,482,1,subida,0.006636,0.006646,2.094441,2.086347,0.000778,10.083948,3.5,3.5,3.5
4.375157,483,1,subida,0.006661,0.006645,2.094441,2.087095,0.000778,10.087427,3.5,3.501,3.5
4.425934,484,1,subida,0.006635,0.006645,2.093687,2.087640,0.000777,10.087427,3.5,3.5,3.5
4.456921,485,1,subida,0.006665,0.006647,2.093273,2.087640,0.000778,10.086939,3.5,3.501,3.5
4.508063,486,1,subida,0.006635,0.006645,2.093273,2.086481,0.000777,10.084955,3.5,3.5,3.5
4.579283,487,1,subida,0.006632,0.006644,2.094220,2.085801,0.000778,10.088709,3.5,3.5,3.5
4.620219,488,1,subida,0.006670,0.006644,2.094220,2.086269,0.000778,10.087030,3.5,3.5,3.5
4.682183,489,1,subida,0.006668,0.006643,2.093347,2.087902,0.000778,10.088465,3.5,3.5,3.5
4.754774,490,1,subida,0.006628,0.006642,2.093347,2.087792,0.000778,10.085932,3.5,3.5,3.5
4.806560,491,1,subida,0.006635,0.006646,2.094480,2.087888,0.000778,10.083216,3.5,3.5,3.5
4.880294,492,1,subida,0.006676,0.006648,2.094480,2.086603,0.000779,10.087030,3.5,3.501,3.5
4.922026,493,1,subida,0.006635,0.006646,2.094241,2.087697,0.000777,10.087030,3.5,3.5,3.5
4.963658,494,1,subida,0.006677,0.006646,2.093267,2.087697,0.000778,10.080927,3.5,3.5,3.5
5.015329,495,1,subida,0.006675,0.006646,2.093002,2.086642,0.000778,10.084467,3.5,3.5,3.5
5.088921,496,1,subida,0.006635,0.006645,2.094393,2.086642,0.000777,10.088160,3.5,3.5,3.5
5.130954,497,1,subida,0.006674,0.006645,2.094393,2.086174,0.000779,10.086420,3.5,3.5,3.5
5.182886,498,1,subida,0.006670,0.006644,2.093621,2.087411,0.000778,10.084131,3.5,3.501,3.5
5.276717,499,1,subida,0.006670,0.006643,2.093014,2.086841,0.000779,10.087366,3.5,3.5,3.5
5.339073,500,1,subida,0.006636,0.006645,2.095794,2.086841,0.000779,10.088404,3.5,3.5,3.5
5.382323,501,1,subida,0.006670,0.006646,2.095794,2.087417,0.000779,10.084467,3.5,3.5,3.5
5.424480,502,1,subida,0.006638,0.006645,2.094516,2.087071,0.000778,10.084467,3.5,3.5,3.5
5.466478,503,1,subida,0.006668,0.006646,2.094542,2.087071,0.000779,10.084711,3.5,3.5,3.5
5.507395,504,1,subida,0.006640,0.006646,2.094542,2.088242,0.000778,10.083399,3.5,3.501,3.5
5.549169,505,1,subida,0.006666,0.006646,2.093133,2.087464,0.000779,10.083399,3.5,3.5,3.5
5.590919,506,1,subida,0.006640,0.006646,2.094793,2.087464,0.000779,10.083582,3.5,3.5,3.5
5.643421,507,1,subida,0.006641,0.006646,2.095252,2.087232,0.000778,10.083399,3.501,3.5,3.5
5.717595,508,1,subida,0.006659,0.006644,2.095481,2.087232,0.000779,10.086176,3.5,3.5,3.5
5.770296,509,1,subida,0.006658,0.006645,2.094274,2.087440,0.000778,10.082239,3.5,3.5,3.5
5.843477,510,1,subida,0.006643,0.006647,2.094965,2.087440,0.000778,10.087610,3.5,3.5,3.5
5.885569,511,1,subida,0.006656,0.006647,2.094965,2.087411,0.000778,10.078089,3.5,3.5,3.5
5.937971,512,1,subida,0.006655,0.006648,2.094882,2.087181,0.000778,10.086298,3.5,3.5,3.5
6.012711,513,1,subida,0.006645,0.006647,2.094882,2.088257,0.000778,10.086481,3.5,3.5,3.5
6.043521,514,1,subida,0.006651,0.006646,2.094411,2.088537,0.000779,10.086481,3.501,3.5,3.5
6.094877,515,1,subida,0.006646,0.006648,2.093732,2.088537,0.000778,10.088037,3.5,3.5,3.5
6.157557,516,1,subida,0.006648,0.006648,2.095469,2.087899,0.000779,10.085199,3.5,3.5,3.5
6.220060,517,1,subida,0.006643,0.006643,2.095517,2.087899,0.000779,10.089441,3.5,3.5,3.5
6.272134,518,1,subida,0.006642,0.006644,2.093821,2.088045,0.000779,10.085627,3.5,3.5,3.5
6.345330,519,1,subida,0.006652,0.006646,2.094814,2.088045,0.000779,10.080439,3.5,3.5,3.5
6.397293,520,1,subida,0.006655,0.006647,2.094641,2.086287,0.000779,10.086908,3.5,3.5,3.5
6.470797,521,1,subida,0.006640,0.006645,2.094417,2.086287,0.000778,10.084589,3.5,3.5,3.5
6.522799,522,1,subida,0.006637,0.006647,2.093797,2.088469,0.000778,10.084284,3.5,3.5,3.5
6.597027,523,1,subida,0.006659,0.006645,2.093398,2.088469,0.000778,10.082300,3.5,3.5,3.5
6.638806,524,1,subida,0.006636,0.006645,2.093398,2.087089,0.000778,10.083521,3.5,3.5,3.5
6.680166,525,1,subida,0.006662,0.006644,2.094349,2.086588,0.000778,10.083521,3.5,3.5,3.5
6.721447,526,1,subida,0.006631,0.006641,2.095457,2.086588,0.000778,10.088648,3.5,3.5,3.5
6.762817,527,1,subida,0.006661,0.006642,2.095457,2.087059,0.000778,10.077173,3.5,3.5,3.5
6.804687,528,1,subida,0.006632,0.006643,2.094730,2.088051,0.000778,10.077173,3.5,3.5,3.5
6.846601,529,1,subida,0.006666,0.006643,2.094337,2.088051,0.000778,10.090754,3.5,3.5,3.5
6.908790,530,1,subida,0.006671,0.006646,2.094065,2.086925,0.000779,10.083765,3.5,3.5,3.5
6.970487,531,1,subida,0.006634,0.006647,2.096009,2.086925,0.000779,10.088587,3.5,3.5,3.5
7.012658,532,1,subida,0.006675,0.006647,2.096009,2.088349,0.000779,10.082544,3.5,3.5,3.5
7.054379,533,1,subida,0.006636,0.006648,2.095475,2.088841,0.000779,10.082544,3.5,3.5,3.5
7.096506,534,1,subida,0.006677,0.006648,2.094691,2.088841,0.000779,10.093775,3.5,3.5,3.5
7.148859,535,1,subida,0.006677,0.006647,2.093660,2.087011,0.000778,10.079523,3.5,3.5,3.5
7.232926,536,1,subida,0.006671,0.006641,2.093910,2.087318,0.000778,10.085810,3.5,3.5,3.5
7.306292,537,1,subida,0.006631,0.006641,2.092525,2.087500,0.000778,10.085810,3.5,3.5,3.5
7.348637,538,1,subida,0.006673,0.006643,2.093788,2.087500,0.000778,10.087061,3.5,3.5,3.5
7.390119,539,1,subida,0.006633,0.006643,2.093788,2.087351,0.000778,10.089197,3.5,3.5,3.5
7.431976,540,1,subida,0.006673,0.006642,2.092447,2.087217,0.000778,10.089197,3.5,3.5,3.5
7.484143,541,1,subida,0.006633,0.006641,2.095669,2.087572,0.000778,10.082117,3.5,3.5,3.5
7.608961,542,1,subida,0.006635,0.006643,2.093288,2.087876,0.000778,10.084833,3.5,3.5,3.5
7.680235,543,1,subida,0.006668,0.006642,2.092975,2.087226,0.000778,10.084833,3.5,3.5,3.5
7.721097,544,1,subida,0.006633,0.006640,2.093881,2.087226,0.000778,10.087030,3.5,3.5,3.5
7.762762,545,1,subida,0.006662,0.006640,2.093881,2.086415,0.000778,10.081110,3.5,3.5,3.5
7.805110,546,1,subida,0.006635,0.006642,2.094420,2.087119,0.000778,10.081110,3.5,3.5,3.5
7.847466,547,1,subida,0.006664,0.006644,2.093899,2.087119,0.000778,10.089380,3.5,3.5,3.5
7.890152,548,1,subida,0.006637,0.006643,2.093899,2.087658,0.000777,10.087122,3.5,3.5,3.5
7.932251,549,1,subida,0.006660,0.006642,2.093004,2.087211,0.000778,10.087122,3.5,3.5,3.5
7.984455,550,1,subida,0.006657,0.006642,2.092873,2.086117,0.000778,10.089716,3.5,3.5,3.5
8.058220,551,1,subida,0.006637,0.006641,2.094292,2.086239,0.000778,10.089716,3.5,3.5,3.5
8.099810,552,1,subida,0.006654,0.006641,2.093386,2.086239,0.000778,10.083887,3.5,3.5,3.5
8.141520,553,1,subida,0.006637,0.006642,2.093386,2.088057,0.000778,10.090631,3.5,3.5,3.5
8.193968,554,1,subida,0.006635,0.006641,2.092310,2.087291,0.000778,10.093958,3.5,3.5,3.5
8.267411,555,1,subida,0.006645,0.006640,2.092310,2.086895,0.000778,10.086725,3.5,3.5,3.5
8.309405,556,1,subida,0.006638,0.006641,2.093824,2.085927,0.000777,10.086725,3.5,3.5,3.5
8.361578,557,1,subida,0.006640,0.006641,2.093213,2.087616,0.000778,10.090815,3.5,3.5,3.5
8.440602,558,1,subida,0.006645,0.006643,2.093332,2.086999,0.000778,10.090815,3.5,3.5,3.5
8.477574,559,1,subida,0.006642,0.006643,2.093484,2.086999,0.000779,10.089685,3.5,3.5,3.5
8.519502,560,1,subida,0.006643,0.006643,2.093484,2.086588,0.000778,10.086237,3.5,3.5,3.5
8.562078,561,1,subida,0.006645,0.006641,2.094262,2.086108,0.000777,10.086237,3.5,3.5,3.5
8.602719,562,1,subida,0.006640,0.006642,2.094083,2.086108,0.000777,10.095148,3.5,3.5,3.5
8.654608,563,1,subida,0.006638,0.006642,2.093753,2.089255,0.000778,10.083155,3.5,3.5,3.5
8.729053,564,1,subida,0.006645,0.006638,2.094551,2.089255,0.000779,10.092035,3.5,3.5,3.5
8.770747,565,1,subida,0.006632,0.006638,2.094551,2.086141,0.000777,10.085932,3.5,3.5,3.5
8.812513,566,1,subida,0.006649,0.006639,2.092832,2.085149,0.000777,10.085932,3.5,3.5,3.5
8.853566,567,1,subida,0.006632,0.006640,2.094057,2.085149,0.000778,10.091974,3.5,3.5,3.5
8.915414,568,1,subida,0.006631,0.006641,2.092853,2.087640,0.000778,10.081720,3.5,3.5,3.5
8.988918,569,1,subida,0.006631,0.006641,2.093279,2.086570,0.000777,10.084284,3.5,3.5,3.5
9.072308,570,1,subida,0.006628,0.006639,2.093273,2.084937,0.000777,10.089197,3.5,3.5,3.5
9.146794,571,1,subida,0.006660,0.006638,2.093273,2.086037,0.000777,10.085321,3.5,3.5,3.5
9.198411,572,1,subida,0.006657,0.006637,2.092364,2.087169,0.000778,10.091486,3.5,3.5,3.5
9.272082,573,1,subida,0.006622,0.006636,2.092364,2.086284,0.000778,10.090448,3.5,3.5,3.5
9.313446,574,1,subida,0.006664,0.006638,2.092346,2.085700,0.000777,10.090448,3.5,3.5,3.5
9.354754,575,1,subida,0.006626,0.006639,2.093529,2.085700,0.000777,10.089594,3.5,3.5,3.5
9.407315,576,1,subida,0.006627,0.006639,2.093374,2.086794,0.000777,10.083277,3.5,3.5,3.5
9.500966,577,1,subida,0.006628,0.006639,2.092793,2.086424,0.000777,10.084650,3.5,3.5,3.5
9.563707,578,1,subida,0.006670,0.006641,2.092930,2.088814,0.000780,10.084650,3.5,3.5,3.5
9.615768,579,1,subida,0.006678,0.006647,2.096488,2.088400,0.000780,10.087366,3.5,3.5,3.5
9.699622,580,1,subida,0.006639,0.006647,2.097120,2.087780,0.000779,10.087366,3.5,3.5,3.5
9.740537,581,1,subida,0.006676,0.006646,2.096226,2.087780,0.000780,10.084131,3.5,3.5,3.5
9.781385,582,1,subida,0.006636,0.006647,2.096226,2.088603,0.000780,10.083582,3.5,3.5,3.5
9.822211,583,1,subida,0.006678,0.006650,2.095764,2.089950,0.000780,10.083582,3.5,3.5,3.5
9.853104,584,1,subida,0.006641,0.006652,2.121627,2.089950,0.000793,10.085871,3.5,3.5,3.5
9.904600,585,1,subida,0.006713,0.006694,2.121627,2.112445,0.000795,10.079584,3.5,3.5,3.5
9.935257,586,1,subida,0.006693,0.006703,2.117034,2.109613,0.000794,10.079584,3.5,3.5,3.5
10.008702,587,1,subida,0.006705,0.006712,2.116742,2.109890,0.000793,10.083155,3.5,3.5,3.5
10.061868,588,1,subida,0.006737,0.006713,2.112904,2.106970,0.000792,10.083155,3.5,3.499,3.5
10.104013,589,1,subida,0.006705,0.006712,2.111610,2.106970,0.000791,10.088648,3.5,3.5,3.5
10.157124,590,1,subida,0.006731,0.006707,2.111610,2.104687,0.000790,10.087854,3.5,3.5,3.5
10.198636,591,1,subida,0.006697,0.006700,2.109068,2.103087,0.000789,10.087854,3.5,3.5,3.5
10.230122,592,1,subida,0.006711,0.006684,2.092501,2.103087,0.000777,10.087549,3.5,3.5,3.5
10.282290,593,1,subida,0.006657,0.006656,2.092501,2.085888,0.000777,10.090204,3.5,3.5,3.5
10.314269,594,1,subida,0.006669,0.006650,2.091383,2.086251,0.000777,10.090204,3.5,3.5,3.5
10.367421,595,1,subida,0.006660,0.006646,2.093392,2.086102,0.000778,10.081415,3.5,3.499,3.5
10.441340,596,1,subida,0.006639,0.006642,2.093922,2.086478,0.000778,10.081415,3.5,3.5,3.5
10.483024,597,1,subida,0.006655,0.006643,2.094036,2.086478,0.000778,10.091730,3.5,3.5,3.5
10.525463,598,1,subida,0.006638,0.006642,2.094036,2.087631,0.000777,10.087488,3.5,3.5,3.5
10.588522,599,1,subida,0.006634,0.006639,2.090540,2.085664,0.000776,10.087671,3.5,3.5,3.5
10.651952,600,1,subida,0.006644,0.006637,2.090540,2.085247,0.000777,10.086237,3.5,3.5,3.5
10.693613,601,1,subida,0.006634,0.006637,2.093043,2.084401,0.000776,10.086237,3.5,3.5,3.5
10.735490,602,1,subida,0.006638,0.006633,2.092206,2.084401,0.000777,10.091242,3.5,3.5,3.5
10.776371,603,1,subida,0.006630,0.006632,2.092206,2.085840,0.000777,10.083643,3.5,3.499,3.5
10.818432,604,1,subida,0.006637,0.006635,2.091115,2.085441,0.000777,10.083643,3.5,3.5,3.5
10.860058,605,1,subida,0.006635,0.006635,2.090573,2.085441,0.000776,10.084894,3.5,3.5,3.5
10.913208,606,1,subida,0.006638,0.006636,2.091437,2.085056,0.000778,10.086054,3.5,3.5,3.5
10.986580,607,1,subida,0.006636,0.006637,2.092155,2.085056,0.000777,10.086786,3.5,3.5,3.5
11.028704,608,1,subida,0.006642,0.006638,2.092155,2.086359,0.000777,10.089014,3.5,3.5,3.5
11.070758,609,1,subida,0.006633,0.006637,2.092343,2.086254,0.000777,10.089014,3.5,3.5,3.5
11.102335,610,1,subida,0.006643,0.006638,2.091690,2.086254,0.000777,10.090937,3.5,3.5,3.5
11.154171,611,1,subida,0.006632,0.006637,2.091690,2.084943,0.000777,10.085627,3.5,3.5,3.5
11.195601,612,1,subida,0.006647,0.006636,2.092018,2.083605,0.000777,10.085627,3.5,3.5,3.5
11.247935,613,1,subida,0.006643,0.006632,2.092462,2.085196,0.000777,10.082788,3.5,3.499,3.5
11.321101,614,1,subida,0.006625,0.006635,2.091759,2.085804,0.000776,10.082788,3.5,3.5,3.5
11.373686,615,1,subida,0.006626,0.006636,2.090960,2.084833,0.000776,10.086481,3.5,3.5,3.5
11.447754,616,1,subida,0.006654,0.006635,2.091774,2.084472,0.000776,10.086481,3.5,3.5,3.5
11.479325,617,1,subida,0.006625,0.006636,2.092924,2.084472,0.000776,10.090143,3.5,3.5,3.5
11.532332,618,1,subida,0.006657,0.006637,2.092924,2.085527,0.000776,10.086603,3.5,3.5,3.5
11.563638,619,1,subida,0.006625,0.006636,2.092084,2.086111,0.000777,10.086603,3.5,3.499,3.5
11.610720,620,1,subida,0.006659,0.006638,2.091881,2.086111,0.000777,10.084894,3.5,3.5,3.5
11.648276,621,1,subida,0.006624,0.006636,2.091881,2.084824,0.000777,10.086420,3.5,3.5,3.5
11.690538,622,1,subida,0.006661,0.006635,2.091753,2.085158,0.000777,10.086420,3.5,3.5,3.5
11.732575,623,1,subida,0.006620,0.006633,2.092540,2.085158,0.000777,10.087793,3.5,3.5,3.5
11.783223,624,1,subida,0.006661,0.006634,2.092540,2.084770,0.000777,10.086176,3.5,3.5,3.5
11.813848,625,1,subida,0.006624,0.006635,2.092286,2.086833,0.000777,10.086176,3.5,3.5,3.5
11.854993,626,1,subida,0.006665,0.006637,2.092575,2.086833,0.000777,10.084131,3.5,3.5,3.5
11.906452,627,1,subida,0.006626,0.006638,2.092575,2.085602,0.000777,10.087183,3.5,3.5,3.5
11.948022,628,1,subida,0.006668,0.006638,2.092173,2.086064,0.000778,10.087183,3.5,3.5,3.5
11.989880,629,1,subida,0.006628,0.006639,2.093648,2.086064,0.000777,10.086725,3.5,3.5,3.5
12.031255,630,1,subida,0.006670,0.006639,2.093648,2.085500,0.000777,10.090082,3.5,3.5,3.5
12.073311,631,1,subida,0.006629,0.006639,2.093964,2.086719,0.000777,10.090082,3.5,3.5,3.5
12.115467,632,1,subida,0.006669,0.006639,2.092480,2.086719,0.000778,10.087030,3.5,3.5,3.5
12.168692,633,1,subida,0.006668,0.006639,2.092441,2.085938,0.000778,10.092310,3.5,3.5,3.5
12.242009,634,1,subida,0.006627,0.006636,2.093732,2.085938,0.000777,10.091852,3.5,3.5,3.5
12.284325,635,1,subida,0.006666,0.006639,2.093732,2.085536,0.000778,10.079950,3.5,3.5,3.5
12.347653,636,1,subida,0.006668,0.006641,2.093627,2.087095,0.000778,10.090937,3.5,3.5,3.5
12.399681,637,1,subida,0.006634,0.006642,2.093627,2.087211,0.000778,10.093775,3.5,3.5,3.5
12.452205,638,1,subida,0.006667,0.006641,2.092605,2.086663,0.000777,10.093775,3.5,3.5,3.5
12.483586,639,1,subida,0.006634,0.006641,2.093636,2.086663,0.000777,10.087427,3.5,3.5,3.5
12.536360,640,1,subida,0.006666,0.006642,2.093636,2.085941,0.000778,10.089136,3.5,3.5,3.5
12.578827,641,1,subida,0.006634,0.006641,2.093389,2.087104,0.000777,10.089136,3.5,3.5,3.5
12.609923,642,1,subida,0.006662,0.006641,2.093186,2.087104,0.000777,10.088404,3.5,3.5,3.5
12.651844,643,1,subida,0.006634,0.006641,2.093186,2.086925,0.000777,10.089136,3.5,3.5,3.5
12.694136,644,1,subida,0.006659,0.006640,2.091932,2.085870,0.000777,10.089136,3.5,3.5,3.5
12.746541,645,1,subida,0.006630,0.006636,2.092596,2.085870,0.000777,10.085016,3.5,3.5,3.5
12.798545,646,1,subida,0.006634,0.006639,2.093151,2.086281,0.000777,10.084406,3.5,3.5,3.5
12.861192,647,1,subida,0.006654,0.006640,2.092805,2.086281,0.000777,10.088221,3.5,3.5,3.5
12.924033,648,1,subida,0.006652,0.006641,2.092367,2.086570,0.000777,10.088282,3.5,3.5,3.5
12.997018,649,1,subida,0.006637,0.006640,2.092784,2.086570,0.000777,10.093225,3.5,3.5,3.5
13.038319,650,1,subida,0.006650,0.006641,2.092784,2.086430,0.000778,10.090570,3.5,3.5,3.5
13.069994,651,1,subida,0.006638,0.006641,2.093735,2.085327,0.000777,10.090570,3.5,3.5,3.5
13.144099,652,1,subida,0.006640,0.006642,2.094176,2.087828,0.000778,10.086176,3.5,3.5,3.5
13.205823,653,1,subida,0.006647,0.006642,2.093845,2.087810,0.000778,10.086176,3.5,3.5,3.5
13.258991,654,1,subida,0.006641,0.006640,2.092885,2.086403,0.000778,10.090082,3.5,3.5,3.5
13.322764,655,1,subida,0.006643,0.006642,2.094065,2.086329,0.000778,10.090082,3.5,3.5,3.5
13.364616,656,1,subida,0.006643,0.006644,2.094444,2.086329,0.000778,10.084772,3.5,3.5,3.5
13.407026,657,1,subida,0.006647,0.006644,2.094444,2.087670,0.000778,10.089014,3.5,3.5,3.5
13.449601,658,1,subida,0.006641,0.006644,2.093705,2.088668,0.000778,10.089014,3.5,3.5,3.5
13.491605,659,1,subida,0.006650,0.006646,2.093225,2.088668,0.000778,10.086847,3.5,3.5,3.5
13.543128,660,1,subida,0.006641,0.006645,2.093225,2.087095,0.000778,10.087305,3.5,3.5,3.5
13.585535,661,1,subida,0.006652,0.006644,2.094101,2.086585,0.000778,10.087305,3.5,3.5,3.5
13.627690,662,1,subida,0.006637,0.006644,2.094283,2.086585,0.000778,10.090387,3.5,3.5,3.5
13.668870,663,1,subida,0.006653,0.006644,2.094283,2.087026,0.000778,10.089441,3.5,3.5,3.5
13.700842,664,1,subida,0.006633,0.006640,2.092391,2.086436,0.000777,10.089441,3.5,3.5,3.5
13.742959,665,1,subida,0.006650,0.006636,2.091556,2.086436,0.000777,10.089075,3.5,3.5,3.5
13.817614,666,1,subida,0.006655,0.006639,2.092516,2.084594,0.000777,10.085077,3.5,3.5,3.5
13.870224,667,1,subida,0.006629,0.006640,2.093544,2.084594,0.000778,10.091547,3.5,3.5,3.5
13.922427,668,1,subida,0.006630,0.006642,2.092987,2.086004,0.000776,10.083704,3.5,3.5,3.5
14.006081,669,1,subida,0.006626,0.006640,2.091222,2.084702,0.000777,10.090082,3.5,3.5,3.5
14.080545,670,1,subida,0.006664,0.006639,2.092435,2.085903,0.000777,10.090082,3.5,3.5,3.5
14.121798,671,1,subida,0.006628,0.006640,2.092176,2.085903,0.000777,10.089777,3.5,3.5,3.5
14.163499,672,1,subida,0.006666,0.006639,2.092176,2.084341,0.000776,10.086603,3.5,3.5,3.5
14.204698,673,1,subida,0.006626,0.006637,2.092098,2.085977,0.000777,10.086603,3.5,3.5,3.5
14.246744,674,1,subida,0.006662,0.006633,2.091181,2.085977,0.000776,10.085993,3.5,3.5,3.5
14.287985,675,1,subida,0.006622,0.006635,2.091181,2.084660,0.000776,10.088343,3.5,3.5,3.5
14.330134,676,1,subida,0.006665,0.006635,2.090501,2.084451,0.000776,10.088343,3.5,3.5,3.5
14.393890,677,1,subida,0.006667,0.006638,2.092191,2.084365,0.000777,10.085810,3.5,3.5,3.5
14.488194,678,1,subida,0.006667,0.006637,2.091514,2.084886,0.000777,10.088037,3.5,3.5,3.5
14.539932,679,1,subida,0.006627,0.006637,2.091514,2.085798,0.000776,10.087061,3.5,3.5,3.5
14.581162,680,1,subida,0.006667,0.006636,2.090826,2.084621,0.000777,10.087061,3.5,3.5,3.5
14.623687,681,1,subida,0.006626,0.006636,2.093627,2.084621,0.000777,10.091486,3.5,3.5,3.5
14.675637,682,1,subida,0.006666,0.006638,2.093627,2.083706,0.000777,10.088221,3.5,3.5,3.5
14.718561,683,1,subida,0.006662,0.006637,2.093550,2.085557,0.000777,10.089258,3.5,3.5,3.5
14.792034,684,1,subida,0.006630,0.006640,2.093550,2.087819,0.000778,10.085077,3.5,3.5,3.5
14.834614,685,1,subida,0.006667,0.006641,2.091631,2.085149,0.000777,10.085077,3.5,3.5,3.5
14.886914,686,1,subida,0.006666,0.006641,2.093145,2.085608,0.000778,10.084009,3.5,3.5,3.5
14.959675,687,1,subida,0.006635,0.006642,2.094069,2.085807,0.000777,10.084009,3.5,3.5,3.5
15.011505,688,1,subida,0.006636,0.006642,2.093159,2.087047,0.000777,10.086725,3.5,3.5,3.5
15.092638,689,1,subida,0.006662,0.006641,2.093148,2.085927,0.000777,10.086725,3.5,3.501,3.5
15.123227,690,1,subida,0.006635,0.006641,2.092662,2.085927,0.000777,10.093042,3.5,3.5,3.5
15.174122,691,1,subida,0.006659,0.006643,2.092662,2.085819,0.000778,10.091608,3.5,3.501,3.5
15.205270,692,1,subida,0.006637,0.006642,2.094048,2.087431,0.000777,10.091608,3.5,3.5,3.5
15.246248,693,1,subida,0.006656,0.006641,2.093189,2.087431,0.000777,10.088404,3.5,3.501,3.5
15.287704,694,1,subida,0.006635,0.006640,2.093189,2.085834,0.000777,10.085871,3.5,3.5,3.5
15.330006,695,1,subida,0.006654,0.006641,2.092847,2.085703,0.000778,10.085871,3.5,3.501,3.5
15.372469,696,1,subida,0.006637,0.006641,2.091804,2.085703,0.000777,10.093409,3.5,3.5,3.5
15.424501,697,1,subida,0.006651,0.006642,2.091804,2.084290,0.000777,10.086298,3.5,3.5,3.5
15.466663,698,1,subida,0.006639,0.006642,2.094298,2.086290,0.000778,10.086298,3.5,3.501,3.5
15.509563,699,1,subida,0.006650,0.006642,2.092772,2.086290,0.000777,10.090754,3.5,3.5,3.5
15.540846,700,1,subida,0.006639,0.006642,2.092772,2.086251,0.000777,10.089502,3.5,3.501,3.5
15.582745,701,1,subida,0.006646,0.006641,2.091875,2.086213,0.000777,10.089502,3.5,3.5,3.5
15.624440,702,1,subida,0.006639,0.006641,2.092471,2.086213,0.000778,10.087427,3.5,3.501,3.5
15.686733,703,1,subida,0.006640,0.006640,2.093082,2.085581,0.000777,10.088587,3.5,3.5,3.5
15.749886,704,1,subida,0.006639,0.006638,2.094605,2.085581,0.000778,10.088037,3.5,3.5,3.5
15.792089,705,1,subida,0.006644,0.006642,2.094605,2.087658,0.000778,10.086542,3.5,3.501,3.5
15.833881,706,1,subida,0.006643,0.006645,2.094331,2.088579,0.000779,10.086542,3.5,3.5,3.5
15.897736,707,1,subida,0.006644,0.006648,2.094387,2.087670,0.000778,10.088404,3.5,3.5,3.5
15.959970,708,1,subida,0.006654,0.006648,2.094691,2.086254,0.000778,10.088404,3.5,3.501,3.5
16.000667,709,1,subida,0.006642,0.006648,2.095052,2.086254,0.000778,10.089685,3.5,3.5,3.5
16.052068,710,1,subida,0.006656,0.006647,2.095052,2.087554,0.000778,10.088404,3.5,3.5,3.5
16.083090,711,1,subida,0.006641,0.006647,2.094560,2.088037,0.000778,10.088404,3.5,3.5,3.5
16.124455,712,1,subida,0.006658,0.006648,2.094170,2.088037,0.000779,10.088221,3.5,3.5,3.5
16.177106,713,1,subida,0.006639,0.006648,2.094170,2.088042,0.000779,10.088099,3.5,3.501,3.5
16.218852,714,1,subida,0.006662,0.006646,2.094951,2.087607,0.000779,10.088099,3.5,3.5,3.5
16.250196,715,1,subida,0.006634,0.006644,2.095645,2.087607,0.000779,10.092920,3.5,3.5,3.5
16.303158,716,1,subida,0.006663,0.006646,2.095645,2.087500,0.000778,10.091608,3.5,3.501,3.5
16.334751,717,1,subida,0.006636,0.006647,2.094602,2.088928,0.000779,10.091608,3.5,3.501,3.5
16.377305,718,1,subida,0.006667,0.006648,2.094155,2.088928,0.000778,10.092615,3.5,3.5,3.5
16.429468,719,1,subida,0.006637,0.006648,2.094155,2.087822,0.000779,10.092676,3.5,3.501,3.5
16.460614,720,1,subida,0.006672,0.006648,2.094214,2.087703,0.000779,10.092676,3.5,3.5,3.5
16.502485,721,1,subida,0.006636,0.006648,2.095761,2.087703,0.000779,10.089899,3.5,3.501,3.5
16.544798,722,1,subida,0.006674,0.006648,2.095761,2.087443,0.000779,10.087427,3.5,3.5,3.5
16.586256,723,1,subida,0.006636,0.006648,2.094828,2.088734,0.000778,10.087427,3.5,3.501,3.5
16.628307,724,1,subida,0.006675,0.006647,2.093553,2.088734,0.000778,10.089380,3.5,3.5,3.5
16.670400,725,1,subida,0.006636,0.006648,2.093553,2.087920,0.000779,10.089777,3.5,3.501,3.5
16.712621,726,1,subida,0.006677,0.006647,2.094644,2.087655,0.000779,10.089777,3.5,3.5,3.5
16.755314,727,1,subida,0.006632,0.006644,2.095663,2.087655,0.000778,10.089777,3.5,3.501,3.5
16.797407,728,1,subida,0.006676,0.006648,2.095663,2.088159,0.000779,10.087854,3.5,3.5,3.5
16.849370,729,1,subida,0.006637,0.006649,2.095472,2.088901,0.000779,10.087854,3.5,3.501,3.5
16.880184,730,1,subida,0.006680,0.006649,2.094667,2.088901,0.000779,10.087671,3.5,3.5,3.5
16.933411,731,1,subida,0.006638,0.006649,2.094667,2.087914,0.000778,10.092035,3.5,3.5,3.5
16.965163,732,1,subida,0.006678,0.006647,2.093264,2.087276,0.000778,10.092035,3.5,3.5,3.5
17.007698,733,1,subida,0.006637,0.006647,2.094745,2.087276,0.000778,10.093897,3.5,3.5,3.5
17.060199,734,1,subida,0.006638,0.006648,2.094831,2.088528,0.000778,10.084070,3.5,3.501,3.5
17.132663,735,1,subida,0.006677,0.006648,2.093946,2.088528,0.000778,10.090998,3.5,3.501,3.5
17.174808,736,1,subida,0.006639,0.006647,2.093946,2.087917,0.000778,10.091730,3.5,3.501,3.5
17.217183,737,1,subida,0.006674,0.006645,2.093484,2.088323,0.000779,10.091730,3.5,3.501,3.5
17.259001,738,1,subida,0.006636,0.006644,2.094793,2.088323,0.000778,10.089685,3.5,3.5,3.5
17.311406,739,1,subida,0.006641,0.006647,2.095746,2.088904,0.000779,10.086786,3.5,3.501,3.5
17.384373,740,1,subida,0.006673,0.006650,2.094790,2.088904,0.000779,10.088282,3.5,3.5,3.5
17.436291,741,1,subida,0.006671,0.006650,2.094203,2.088480,0.000779,10.088953,3.5,3.5,3.5
17.509453,742,1,subida,0.006643,0.006650,2.095311,2.088480,0.000779,10.089380,3.5,3.5,3.5
17.551641,743,1,subida,0.006670,0.006650,2.095311,2.087926,0.000779,10.088648,3.5,3.5,3.5
17.604102,744,1,subida,0.006668,0.006650,2.095299,2.088341,0.000779,10.090387,3.5,3.5,3.5
17.677880,745,1,subida,0.006645,0.006650,2.095299,2.089261,0.000779,10.087915,3.5,3.5,3.5
17.718936,746,1,subida,0.006665,0.006649,2.095091,2.089258,0.000779,10.087915,3.5,3.5,3.5
17.758735,747,1,subida,0.006642,0.006646,2.095341,2.089258,0.000779,10.088221,3.5,3.501,3.5
17.849988,748,1,subida,0.006659,0.006648,2.095571,2.087908,0.000779,10.090754,3.5,3.501,3.5
17.930256,749,1,subida,0.006648,0.006651,2.095571,2.089694,0.000779,10.084009,3.5,3.5,3.5
17.970783,750,1,subida,0.006658,0.006651,2.095761,2.089282,0.000779,10.084009,3.5,3.5,3.5
18.018295,751,1,subida,0.006649,0.006652,2.095317,2.089282,0.000779,10.091242,3.5,3.5,3.5
18.052920,752,1,subida,0.006656,0.006651,2.095317,2.087834,0.000779,10.088404,3.5,3.5,3.5
18.094055,753,1,subida,0.006650,0.006651,2.096152,2.088650,0.000779,10.088404,3.5,3.5,3.5
18.146994,754,1,subida,0.006651,0.006652,2.096214,2.089524,0.000779,10.088465,3.5,3.5,3.5
18.221305,755,1,subida,0.006651,0.006649,2.095711,2.089720,0.000780,10.088465,3.5,3.501,3.5
18.284181,756,1,subida,0.006646,0.006647,2.095654,2.088850,0.000780,10.081751,3.5,3.501,3.5
18.357886,757,1,subida,0.006647,0.006651,2.096271,2.088037,0.000779,10.092371,3.5,3.501,3.5
18.432863,758,1,subida,0.006657,0.006651,2.096271,2.088758,0.000779,10.087488,3.5,3.5,3.5
18.464342,759,1,subida,0.006644,0.006649,2.095180,2.088883,0.000778,10.087488,3.5,3.501,3.5
18.505790,760,1,subida,0.006658,0.006650,2.094873,2.088883,0.000779,10.089136,3.5,3.5,3.5
18.547182,761,1,subida,0.006643,0.006650,2.094873,2.088472,0.000779,10.084711,3.5,3.5,3.5
18.589452,762,1,subida,0.006661,0.006650,2.095028,2.088144,0.000779,10.084711,3.5,3.5,3.5
18.631083,763,1,subida,0.006642,0.006650,2.096998,2.088144,0.000780,10.083643,3.5,3.5,3.5
18.673908,764,1,subida,0.006665,0.006650,2.096998,2.088707,0.000779,10.084894,3.5,3.5,3.5
18.727015,765,1,subida,0.006639,0.006648,2.095428,2.089357,0.000779,10.084894,3.5,3.5,3.5
18.768951,766,1,subida,0.006663,0.006647,2.095532,2.089357,0.000779,10.094446,3.5,3.5,3.5
18.800855,767,1,subida,0.006638,0.006649,2.095532,2.089118,0.000779,10.086542,3.5,3.5,3.5
18.853656,768,1,subida,0.006670,0.006651,2.095606,2.088463,0.000779,10.086542,3.5,3.5,3.5
18.885374,769,1,subida,0.006639,0.006651,2.096584,2.088463,0.000779,10.087732,3.5,3.5,3.5
18.949564,770,1,subida,0.006639,0.006652,2.095782,2.089431,0.000779,10.090815,3.5,3.5,3.5
19.034424,771,1,subida,0.006640,0.006652,2.095281,2.089386,0.000785,10.087183,3.5,3.5,3.5
19.096433,772,1,subida,0.006692,0.006666,2.103280,2.096989,0.000785,10.087183,3.5,3.5,3.5
19.149468,773,1,subida,0.006660,0.006675,2.104833,2.096989,0.000785,10.090326,3.5,3.501,3.5
19.181511,774,1,subida,0.006705,0.006677,2.104833,2.097207,0.000786,10.089258,3.5,3.5,3.5
19.234940,775,1,subida,0.006704,0.006676,2.103489,2.097785,0.000785,10.090815,3.5,3.5,3.5
19.308797,776,1,subida,0.006665,0.006677,2.103489,2.097630,0.000785,10.087244,3.5,3.5,3.5
19.350189,777,1,subida,0.006709,0.006679,2.103984,2.097928,0.000786,10.087244,3.5,3.501,3.5
19.392204,778,1,subida,0.006669,0.006679,2.104967,2.097928,0.000786,10.089838,3.5,3.5,3.5
19.443377,779,1,subida,0.006670,0.006681,2.104791,2.098652,0.000786,10.084467,3.5,3.5,3.5
19.527892,780,1,subida,0.006671,0.006681,2.104347,2.098125,0.000785,10.091242,3.5,3.5,3.5
19.601115,781,1,subida,0.006710,0.006681,2.103632,2.097880,0.000786,10.091242,3.5,3.5,3.5
19.652611,782,1,subida,0.006709,0.006682,2.105068,2.096712,0.000786,10.090815,3.5,3.5,3.5
19.747202,783,1,subida,0.006702,0.006677,2.104455,2.098217,0.000786,10.093531,3.5,3.5,3.5
19.810375,784,1,subida,0.006670,0.006679,2.104455,2.098822,0.000786,10.091303,3.5,3.5,3.5
19.862558,785,1,subida,0.006673,0.006680,2.104416,2.097612,0.000785,10.091852,3.5,3.5,3.5
19.946524,786,1,subida,0.006673,0.006680,2.105107,2.097260,0.000785,10.087610,3.5,3.5,3.5
0.072401,788,1,subida,0.017553,0.017555,2.093034,2.074628,0.000773,10.101191,6.5,6.5,6.5
0.113548,789,1,subida,0.017588,0.017554,2.092683,2.074628,0.000773,10.099573,6.5,6.5,6.5
0.154737,790,1,subida,0.017555,0.017556,2.092683,2.075350,0.000773,10.101252,6.5,6.5,6.5
0.207144,791,1,subida,0.017557,0.017557,2.092957,2.074643,0.000773,10.103296,6.5,6.5,6.5
0.281026,792,1,subida,0.017587,0.017557,2.092957,2.074530,0.000773,10.098291,6.5,6.5,6.5
0.322904,793,1,subida,0.017557,0.017557,2.093246,2.075734,0.000773,10.098291,6.5,6.5,6.5
0.364672,794,1,subida,0.017586,0.017558,2.092519,2.075734,0.000773,10.099390,6.5,6.5,6.5
0.459294,795,1,subida,0.017553,0.017550,2.092444,2.074408,0.000773,10.106562,6.5,6.5,6.5
0.531847,796,1,subida,0.017576,0.017554,2.092444,2.074134,0.000773,10.105249,6.5,6.5,6.5
0.583981,797,1,subida,0.017576,0.017556,2.092379,2.074926,0.000773,10.100885,6.5,6.5,6.5
0.689711,798,1,subida,0.017572,0.017554,2.091571,2.074789,0.000773,10.099207,6.5,6.5,6.5
0.742050,799,1,subida,0.017558,0.017555,2.091798,2.074789,0.000773,10.103479,6.5,6.5,6.5
0.784352,800,1,subida,0.017570,0.017554,2.091798,2.074119,0.000773,10.104761,6.5,6.5,6.5
0.847920,801,1,subida,0.017567,0.017554,2.092215,2.073928,0.000773,10.103785,6.5,6.5,6.5
0.899556,802,1,subida,0.017558,0.017552,2.092215,2.075526,0.000773,10.101984,6.5,6.5,6.5
0.951558,803,1,subida,0.017562,0.017551,2.092233,2.075242,0.000773,10.101984,6.5,6.5,6.5
0.993007,804,1,subida,0.017560,0.017554,2.092108,2.075242,0.000773,10.101801,6.5,6.5,6.5
1.034444,805,1,subida,0.017565,0.017556,2.092108,2.074765,0.000773,10.099817,6.5,6.5,6.5
1.076762,806,1,subida,0.017565,0.017557,2.092972,2.074330,0.000773,10.099817,6.5,6.5,6.5
1.108124,807,1,subida,0.017564,0.017557,2.092873,2.074330,0.000773,10.101068,6.5,6.5,6.5
1.160429,808,1,subida,0.017569,0.017559,2.092873,2.075630,0.000774,10.105127,6.5,6.5,6.5
1.201830,809,1,subida,0.017564,0.017560,2.093180,2.075937,0.000773,10.105127,6.5,6.5,6.5
1.254222,810,1,subida,0.017564,0.017562,2.092388,2.075415,0.000773,10.099146,6.5,6.5,6.5
1.327693,811,1,subida,0.017577,0.017561,2.093446,2.074077,0.000773,10.099146,6.5,6.5,6.5
1.369927,812,1,subida,0.017561,0.017561,2.093741,2.074077,0.000773,10.106806,6.5,6.5,6.5
1.401892,813,1,subida,0.017577,0.017559,2.093741,2.075770,0.000773,10.102289,6.5,6.5,6.5
1.455032,814,1,subida,0.017554,0.017555,2.092787,2.076107,0.000773,10.102289,6.5,6.5,6.5
1.486931,815,1,subida,0.017576,0.017556,2.092087,2.076107,0.000773,10.103418,6.5,6.5,6.5
1.528802,816,1,subida,0.017556,0.017558,2.092087,2.074551,0.000773,10.096552,6.5,6.5,6.5
1.570648,817,1,subida,0.017581,0.017558,2.092716,2.074730,0.000773,10.096552,6.5,6.5,6.5
1.613071,818,1,subida,0.017557,0.017561,2.094179,2.074730,0.000773,10.103724,6.5,6.5,6.5
1.655216,819,1,subida,0.017588,0.017563,2.094179,2.075830,0.000774,10.099817,6.5,6.5,6.5
1.729016,820,1,subida,0.017591,0.017563,2.093031,2.076110,0.000774,10.100885,6.5,6.5,6.5
1.791538,821,1,subida,0.017559,0.017564,2.093031,2.076238,0.000773,10.101862,6.5,6.5,6.5
1.822668,822,1,subida,0.017595,0.017564,2.092832,2.077740,0.000774,10.101862,6.5,6.5,6.5
1.864769,823,1,subida,0.017561,0.017566,2.094748,2.077740,0.000774,10.106012,6.5,6.5,6.5
1.917187,824,1,subida,0.017600,0.017565,2.094748,2.075901,0.000774,10.104151,6.5,6.5,6.5
1.959452,825,1,subida,0.017559,0.017565,2.094775,2.077573,0.000774,10.104151,6.5,6.5,6.5
2.001768,826,1,subida,0.017602,0.017569,2.093443,2.077573,0.000774,10.106195,6.5,6.5,6.5
2.033337,827,1,subida,0.017566,0.017571,2.093443,2.077072,0.000774,10.096064,6.5,6.5,6.5
2.097203,828,1,subida,0.017564,0.017569,2.094992,2.076145,0.000774,10.104822,6.5,6.5,6.5
2.192120,829,1,subida,0.017565,0.017569,2.094235,2.076285,0.000773,10.099268,6.5,6.5,6.5
2.243499,830,1,subida,0.017607,0.017570,2.094343,2.076285,0.000774,10.099146,6.5,6.5,6.5
2.284612,831,1,subida,0.017567,0.017570,2.094343,2.076253,0.000774,10.099329,6.5,6.5,6.5
2.366669,832,1,subida,0.017565,0.017568,2.094218,2.075630,0.000773,10.100763,6.5,6.5,6.5
2.418117,833,1,subida,0.017603,0.017566,2.094218,2.075555,0.000774,10.099329,6.5,6.5,6.5
2.449005,834,1,subida,0.017563,0.017564,2.094721,2.076777,0.000774,10.099329,6.5,6.5,6.5
2.490807,835,1,subida,0.017602,0.017567,2.094405,2.076777,0.000775,10.107355,6.5,6.5,6.5
2.543756,836,1,subida,0.017569,0.017571,2.094405,2.077343,0.000774,10.097559,6.5,6.5,6.5
2.574929,837,1,subida,0.017605,0.017571,2.093699,2.077096,0.000775,10.097559,6.5,6.5,6.5
2.616590,838,1,subida,0.017573,0.017573,2.094822,2.077096,0.000774,10.103418,6.5,6.5,6.5
2.658771,839,1,subida,0.017605,0.017572,2.094822,2.075493,0.000774,10.098352,6.5,6.5,6.5
2.700499,840,1,subida,0.017572,0.017572,2.094816,2.076616,0.000774,10.098352,6.5,6.5,6.5
2.753153,841,1,subida,0.017602,0.017572,2.094623,2.076616,0.000774,10.108728,6.5,6.5,6.5
2.784793,842,1,subida,0.017573,0.017572,2.094623,2.077332,0.000774,10.097345,6.5,6.5,6.5
2.837470,843,1,subida,0.017599,0.017571,2.093753,2.076208,0.000774,10.097345,6.5,6.5,6.5
2.869229,844,1,subida,0.017572,0.017570,2.093940,2.076208,0.000774,10.108973,6.5,6.5,6.5
2.922007,845,1,subida,0.017594,0.017567,2.093940,2.075925,0.000774,10.104456,6.5,6.5,6.5
2.952404,846,1,subida,0.017568,0.017566,2.095168,2.075546,0.000774,10.104456,6.5,6.5,6.5
2.994483,847,1,subida,0.017589,0.017568,2.093824,2.075546,0.000774,10.101984,6.5,6.5,6.5
3.035968,848,1,subida,0.017570,0.017568,2.093824,2.077018,0.000774,10.099878,6.5,6.5,6.5
3.088938,849,1,subida,0.017589,0.017570,2.093970,2.077093,0.000774,10.099878,6.5,6.5,6.5
3.120598,850,1,subida,0.017573,0.017571,2.093219,2.077093,0.000775,10.103662,6.5,6.5,6.5
3.163187,851,1,subida,0.017589,0.017571,2.093219,2.075916,0.000774,10.101252,6.5,6.5,6.5
3.214495,852,1,subida,0.017573,0.017570,2.094575,2.076032,0.000774,10.101252,6.5,6.5,6.5
3.246237,853,1,subida,0.017586,0.017570,2.094438,2.076032,0.000775,10.103418,6.5,6.5,6.5
3.299342,854,1,subida,0.017574,0.017570,2.094438,2.076875,0.000774,10.096491,6.5,6.5,6.5
3.331225,855,1,subida,0.017582,0.017570,2.093338,2.076989,0.000774,10.096491,6.5,6.5,6.5
3.394513,856,1,subida,0.017580,0.017570,2.093249,2.076104,0.000774,10.102625,6.5,6.5,6.5
3.468636,857,1,subida,0.017573,0.017567,2.094647,2.076101,0.000774,10.102625,6.5,6.5,6.5
3.500160,858,1,subida,0.017576,0.017569,2.094977,2.076101,0.000774,10.099146,6.5,6.5,6.5
3.552865,859,1,subida,0.017578,0.017571,2.094977,2.076938,0.000774,10.099390,6.5,6.5,6.5
3.584966,860,1,subida,0.017578,0.017571,2.094006,2.076998,0.000774,10.099390,6.5,6.5,6.5
3.648341,861,1,subida,0.017574,0.017570,2.093180,2.076437,0.000774,10.099939,6.5,6.5,6.5
3.711087,862,1,subida,0.017583,0.017571,2.094676,2.075743,0.000774,10.099939,6.5,6.5,6.5
3.757893,863,1,subida,0.017575,0.017572,2.094808,2.075743,0.000774,10.108179,6.5,6.5,6.5
3.793795,864,1,subida,0.017587,0.017572,2.094808,2.076941,0.000774,10.098597,6.5,6.5,6.5
3.834133,865,1,subida,0.017571,0.017570,2.093684,2.076849,0.000773,10.098597,6.5,6.5,6.5
3.885226,866,1,subida,0.017588,0.017572,2.094092,2.076849,0.000774,10.103235,6.5,6.5,6.5
3.915680,867,1,subida,0.017571,0.017571,2.094092,2.077245,0.000774,10.095148,6.5,6.5,6.5
3.957062,868,1,subida,0.017590,0.017569,2.095407,2.076601,0.000775,10.095148,6.5,6.5,6.5
3.999465,869,1,subida,0.017569,0.017571,2.095672,2.076601,0.000775,10.105768,6.5,6.5,6.5
4.041047,870,1,subida,0.017597,0.017574,2.095672,2.077680,0.000775,10.099817,6.5,6.5,6.5
4.093855,871,1,subida,0.017573,0.017576,2.094614,2.077838,0.000775,10.099817,6.5,6.5,6.5
4.125870,872,1,subida,0.017602,0.017577,2.094322,2.077838,0.000775,10.103235,6.5,6.5,6.5
4.177978,873,1,subida,0.017572,0.017577,2.094322,2.077215,0.000775,10.100641,6.5,6.5,6.5
4.209963,874,1,subida,0.017605,0.017575,2.094030,2.076643,0.000774,10.100641,6.5,6.5,6.5
4.252619,875,1,subida,0.017570,0.017574,2.095392,2.076643,0.000774,10.101923,6.5,6.499,6.5
4.294741,876,1,subida,0.017605,0.017574,2.095392,2.076357,0.000775,10.095942,6.5,6.5,6.5
4.347791,877,1,subida,0.017608,0.017574,2.094337,2.077886,0.000775,10.107294,6.5,6.5,6.5
4.431544,878,1,subida,0.017606,0.017572,2.094483,2.076944,0.000774,10.100702,6.5,6.5,6.5
4.525877,879,1,subida,0.017609,0.017572,2.095061,2.075838,0.000775,10.101801,6.5,6.5,6.5
4.587824,880,1,subida,0.017570,0.017575,2.095261,2.077543,0.000775,10.101801,6.5,6.5,6.5
4.630102,881,1,subida,0.017614,0.017577,2.094256,2.077543,0.000775,10.103846,6.5,6.5,6.5
4.671992,882,1,subida,0.017572,0.017576,2.094256,2.077305,0.000775,10.105494,6.5,6.5,6.5
4.724181,883,1,subida,0.017574,0.017576,2.095714,2.077093,0.000775,10.102869,6.5,6.5,6.5
4.797368,884,1,subida,0.017614,0.017577,2.095714,2.076789,0.000776,10.107294,6.5,6.5,6.5
4.849718,885,1,subida,0.017616,0.017578,2.094864,2.078601,0.000775,10.098963,6.5,6.5,6.5
4.933533,886,1,subida,0.017606,0.017574,2.093735,2.077028,0.000775,10.097223,6.5,6.5,6.5
5.007966,887,1,subida,0.017571,0.017573,2.095234,2.077028,0.000774,10.102350,6.5,6.5,6.5
5.049592,888,1,subida,0.017607,0.017574,2.095234,2.076175,0.000774,10.103540,6.5,6.5,6.5
5.090778,889,1,subida,0.017574,0.017573,2.095314,2.077173,0.000775,10.103540,6.5,6.5,6.5
5.132689,890,1,subida,0.017607,0.017576,2.094781,2.077173,0.000775,10.104212,6.5,6.5,6.5
5.183674,891,1,subida,0.017604,0.017576,2.093887,2.077227,0.000775,10.104700,6.5,6.5,6.5
5.257635,892,1,subida,0.017575,0.017575,2.095138,2.077227,0.000774,10.099756,6.5,6.5,6.5
5.299665,893,1,subida,0.017602,0.017575,2.095138,2.076271,0.000775,10.103540,6.5,6.5,6.5
5.340959,894,1,subida,0.017576,0.017574,2.095663,2.077317,0.000775,10.103540,6.5,6.5,6.5
5.393522,895,1,subida,0.017574,0.017575,2.094679,2.077847,0.000774,10.093164,6.5,6.5,6.5
5.467602,896,1,subida,0.017591,0.017569,2.094021,2.076843,0.000774,10.093164,6.5,6.5,6.5
5.519806,897,1,subida,0.017588,0.017569,2.093499,2.075612,0.000774,10.103785,6.5,6.5,6.5
5.593430,898,1,subida,0.017571,0.017567,2.094405,2.075472,0.000774,10.103785,6.5,6.5,6.5
5.645422,899,1,subida,0.017570,0.017566,2.094223,2.076318,0.000773,10.096186,6.5,6.5,6.5
5.729861,900,1,subida,0.017570,0.017565,2.092358,2.075752,0.000773,10.101130,6.5,6.5,6.5
5.814451,901,1,subida,0.017572,0.017566,2.094915,2.075490,0.000774,10.102747,6.5,6.5,6.5
5.887870,902,1,subida,0.017576,0.017567,2.094969,2.075490,0.000774,10.103479,6.5,6.5,6.5
5.919639,903,1,subida,0.017574,0.017566,2.094969,2.077305,0.000774,10.110132,6.5,6.5,6.5
5.960763,904,1,subida,0.017572,0.017565,2.094548,2.077004,0.000774,10.110132,6.5,6.5,6.5
6.003140,905,1,subida,0.017577,0.017569,2.093765,2.077004,0.000774,10.097864,6.499,6.5,6.5
6.045872,906,1,subida,0.017576,0.017570,2.093765,2.076986,0.000774,10.101557,6.5,6.499,6.5
6.109166,907,1,subida,0.017574,0.017570,2.094659,2.076190,0.000774,10.107233,6.5,6.5,6.5
6.171961,908,1,subida,0.017585,0.017571,2.094659,2.076637,0.000774,10.098475,6.5,6.5,6.5
6.214320,909,1,subida,0.017572,0.017571,2.094390,2.077320,0.000774,10.098475,6.5,6.5,6.5
6.266698,910,1,subida,0.017588,0.017573,2.093478,2.077320,0.000774,10.107538,6.5,6.5,6.5
6.298353,911,1,subida,0.017572,0.017572,2.093478,2.077016,0.000774,10.100061,6.5,6.5,6.5
6.350789,912,1,subida,0.017592,0.017572,2.094098,2.075549,0.000774,10.100061,6.5,6.5,6.5
6.382133,913,1,subida,0.017568,0.017570,2.094814,2.075549,0.000774,10.101435,6.5,6.5,6.5
6.424039,914,1,subida,0.017591,0.017569,2.094814,2.077153,0.000774,10.100519,6.5,6.499,6.5
6.476250,915,1,subida,0.017564,0.017569,2.094295,2.077951,0.000775,10.100519,6.5,6.5,6.5
6.529558,916,1,subida,0.017569,0.017572,2.094054,2.076718,0.000775,10.098413,6.5,6.499,6.5
6.603770,917,1,subida,0.017603,0.017574,2.094593,2.076586,0.000775,10.098413,6.5,6.5,6.5
6.635541,918,1,subida,0.017570,0.017575,2.094971,2.076586,0.000774,10.101984,6.5,6.5,6.5
6.688258,919,1,subida,0.017605,0.017573,2.094971,2.076369,0.000774,10.101130,6.5,6.5,6.5
6.719665,920,1,subida,0.017567,0.017572,2.093800,2.077749,0.000774,10.101130,6.5,6.5,6.5
6.762359,921,1,subida,0.017605,0.017572,2.093949,2.077749,0.000775,10.105402,6.5,6.5,6.5
6.804200,922,1,subida,0.017568,0.017573,2.093949,2.077412,0.000774,10.099573,6.5,6.5,6.5
6.856612,923,1,subida,0.017608,0.017572,2.093461,2.076372,0.000774,10.099573,6.5,6.5,6.5
6.898719,924,1,subida,0.017607,0.017572,2.095263,2.076262,0.000774,10.098597,6.5,6.5,6.5
6.971827,925,1,subida,0.017563,0.017568,2.094638,2.077531,0.000774,10.098597,6.5,6.5,6.5
7.024315,926,1,subida,0.017567,0.017571,2.094235,2.076944,0.000775,10.095392,6.5,6.5,6.5
7.097894,927,1,subida,0.017610,0.017573,2.093842,2.076208,0.000775,10.095392,6.5,6.5,6.5
7.139726,928,1,subida,0.017569,0.017573,2.095359,2.076208,0.000774,10.101130,6.5,6.5,6.5
7.181916,929,1,subida,0.017610,0.017573,2.095359,2.075636,0.000775,10.097803,6.5,6.5,6.5
7.234614,930,1,subida,0.017611,0.017575,2.094748,2.077781,0.000775,10.100275,6.5,6.5,6.5
7.329076,931,1,subida,0.017608,0.017573,2.093601,2.076631,0.000774,10.097284,6.5,6.5,6.5
7.392195,932,1,subida,0.017569,0.017570,2.094659,2.076631,0.000774,10.100397,6.5,6.5,6.5
7.434497,933,1,subida,0.017602,0.017568,2.094659,2.075648,0.000774,10.099085,6.5,6.5,6.5
7.471125,934,1,subida,0.017565,0.017566,2.094495,2.076953,0.000773,10.099085,6.5,6.5,6.5
7.516925,935,1,subida,0.017601,0.017570,2.094283,2.076953,0.000774,10.105127,6.5,6.5,6.5
7.589090,936,1,subida,0.017597,0.017567,2.092492,2.075943,0.000774,10.100580,6.5,6.5,6.5
7.639995,937,1,subida,0.017567,0.017567,2.093127,2.075943,0.000773,10.103479,6.5,6.5,6.5
7.691127,938,1,subida,0.017593,0.017566,2.093127,2.075305,0.000774,10.101801,6.5,6.5,6.5
7.721546,939,1,subida,0.017568,0.017567,2.095103,2.076581,0.000774,10.101801,6.5,6.5,6.5
7.773539,940,1,subida,0.017593,0.017568,2.093976,2.076581,0.000774,10.109217,6.5,6.5,6.5
7.804731,941,1,subida,0.017571,0.017569,2.093976,2.077311,0.000774,10.098658,6.5,6.5,6.5
7.857337,942,1,subida,0.017589,0.017567,2.093010,2.075797,0.000773,10.098658,6.5,6.5,6.5
7.888999,943,1,subida,0.017569,0.017567,2.094384,2.075797,0.000775,10.100885,6.5,6.5,6.5
7.930308,944,1,subida,0.017588,0.017568,2.094384,2.076351,0.000775,10.096857,6.5,6.5,6.5
7.981713,945,1,subida,0.017571,0.017570,2.095076,2.076753,0.000774,10.096857,6.5,6.5,6.5
8.012837,946,1,subida,0.017588,0.017572,2.095091,2.076753,0.000774,10.109766,6.5,6.5,6.5
8.064083,947,1,subida,0.017577,0.017574,2.095091,2.078136,0.000774,10.104212,6.5,6.5,6.5
8.094467,948,1,subida,0.017589,0.017574,2.094098,2.076491,0.000774,10.104212,6.5,6.5,6.5
8.135808,949,1,subida,0.017578,0.017573,2.093830,2.076491,0.000774,10.107904,6.5,6.5,6.5
8.187863,950,1,subida,0.017585,0.017573,2.093830,2.076786,0.000774,10.100885,6.5,6.5,6.5
8.230552,951,1,subida,0.017578,0.017570,2.094369,2.075734,0.000774,10.100885,6.5,6.5,6.5
8.261659,952,1,subida,0.017580,0.017572,2.094465,2.075734,0.000774,10.103479,6.5,6.5,6.5
8.313964,953,1,subida,0.017579,0.017570,2.094465,2.077111,0.000774,10.097223,6.5,6.5,6.5
8.351118,954,1,subida,0.017579,0.017572,2.094450,2.077680,0.000775,10.097223,6.5,6.5,6.5
8.398538,955,1,subida,0.017583,0.017574,2.094057,2.077680,0.000775,10.105829,6.5,6.5,6.5
8.430416,956,1,subida,0.017577,0.017572,2.094057,2.076867,0.000775,10.107599,6.5,6.5,6.5
8.482267,957,1,subida,0.017584,0.017573,2.095255,2.076795,0.000775,10.107599,6.5,6.5,6.5
8.513106,958,1,subida,0.017578,0.017576,2.096241,2.076795,0.000775,10.103296,6.5,6.5,6.5
8.565222,959,1,subida,0.017594,0.017579,2.096241,2.077638,0.000775,10.100885,6.5,6.5,6.5
8.596290,960,1,subida,0.017579,0.017578,2.095180,2.077942,0.000775,10.100885,6.5,6.5,6.5
8.659120,961,1,subida,0.017578,0.017578,2.094399,2.077466,0.000775,10.100763,6.5,6.5,6.5
8.722863,962,1,subida,0.017599,0.017578,2.094977,2.076494,0.000774,10.100763,6.5,6.5,6.5
8.765013,963,1,subida,0.017575,0.017577,2.095633,2.076494,0.000775,10.100214,6.5,6.5,6.5
8.828177,964,1,subida,0.017570,0.017574,2.094483,2.077183,0.000774,10.100885,6.5,6.5,6.5
8.901207,965,1,subida,0.017596,0.017570,2.092575,2.077183,0.000773,10.106073,6.5,6.5,6.5
8.933029,966,1,subida,0.017561,0.017566,2.092575,2.076136,0.000774,10.097986,6.5,6.5,6.5
8.975330,967,1,subida,0.017592,0.017563,2.093592,2.075067,0.000773,10.097986,6.5,6.5,6.5
9.017716,968,1,subida,0.017560,0.017566,2.094265,2.075067,0.000774,10.107355,6.5,6.5,6.5
9.059921,969,1,subida,0.017599,0.017567,2.094265,2.075663,0.000774,10.100397,6.5,6.5,6.5
9.102521,970,1,subida,0.017562,0.017567,2.093943,2.076816,0.000774,10.100397,6.5,6.5,6.5
9.144851,971,1,subida,0.017564,0.017568,2.093940,2.077528,0.000776,10.100946,6.5,6.5,6.5
9.239839,972,1,subida,0.017577,0.017582,2.097138,2.078458,0.000776,10.097406,6.5,6.5,6.5
9.313783,973,1,subida,0.017622,0.017586,2.097138,2.077936,0.000776,10.108027,6.5,6.5,6.5
9.355231,974,1,subida,0.017581,0.017584,2.095466,2.084728,0.000778,10.108027,6.5,6.5,6.5
9.439649,975,1,subida,0.017613,0.017620,2.101746,2.085095,0.000780,10.093897,6.5,6.5,6.5
9.482136,976,1,subida,0.017659,0.017616,2.096691,2.078530,0.000776,10.093897,6.5,6.5,6.5
9.533823,977,1,subida,0.017638,0.017602,2.096754,2.078130,0.000777,10.101557,6.5,6.5,6.5
9.607489,978,1,subida,0.017596,0.017597,2.097061,2.079897,0.000776,10.101557,6.5,6.5,6.5
9.648812,979,1,subida,0.017631,0.017595,2.096131,2.079897,0.000776,10.105280,6.5,6.5,6.5
9.701194,980,1,subida,0.017628,0.017594,2.095687,2.078670,0.000776,10.097223,6.5,6.5,6.5
9.774946,981,1,subida,0.017592,0.017594,2.096819,2.078670,0.000776,10.101618,6.5,6.5,6.5
9.828124,982,1,subida,0.017593,0.017594,2.097883,2.079000,0.000776,10.099207,6.5,6.5,6.5
9.902348,983,1,subida,0.017626,0.017597,2.098077,2.079000,0.000777,10.100519,6.5,6.5,6.5
9.944646,984,1,subida,0.017599,0.017593,2.098077,2.078932,0.000776,10.103601,6.5,6.5,6.5
9.975565,985,1,subida,0.017618,0.017590,2.096155,2.079072,0.000776,10.103601,6.5,6.5,6.5
10.027472,986,1,subida,0.017593,0.017592,2.096304,2.079072,0.000775,10.105066,6.5,6.5,6.5
10.058467,987,1,subida,0.017616,0.017590,2.096304,2.077254,0.000775,10.100763,6.5,6.5,6.5
10.120879,988,1,subida,0.017609,0.017586,2.095883,2.077471,0.000775,10.099085,6.5,6.5,6.5
10.204214,989,1,subida,0.017606,0.017587,2.095252,2.078619,0.000776,10.104151,6.5,6.5,6.5
10.298581,990,1,subida,0.017605,0.017587,2.096217,2.078133,0.000776,10.101740,6.5,6.5,6.5
10.351346,991,1,subida,0.017592,0.017588,2.096173,2.077051,0.000774,10.101740,6.5,6.5,6.5
10.414494,992,1,subida,0.017587,0.017585,2.096125,2.078634,0.000775,10.108027,6.5,6.5,6.5
10.508980,993,1,subida,0.017601,0.017589,2.105894,2.079444,0.000783,10.108973,6.5,6.5,6.5
10.562048,994,1,subida,0.017645,0.017638,2.105894,2.088579,0.000783,10.106256,6.5,6.5,6.5
10.614474,995,1,subida,0.017662,0.017660,2.107417,2.088537,0.000783,10.106256,6.5,6.5,6.5
10.645740,996,1,subida,0.017674,0.017667,2.106940,2.088537,0.000783,10.103174,6.5,6.5,6.5
10.697986,997,1,subida,0.017680,0.017672,2.106940,2.088737,0.000783,10.102350,6.5,6.5,6.5
10.729184,998,1,subida,0.017679,0.017673,2.106246,2.088767,0.000782,10.102350,6.5,6.5,6.5
10.770804,999,1,subida,0.017683,0.017672,2.105280,2.088767,0.000782,10.106012,6.5,6.5,6.5
10.812780,1000,1,subida,0.017676,0.017671,2.105280,2.087858,0.000782,10.103907,6.5,6.5,6.5
10.864806,1001,1,subida,0.017685,0.017671,2.106335,2.087032,0.000782,10.103907,6.5,6.5,6.5
10.896091,1002,1,subida,0.017673,0.017671,2.095567,2.087032,0.000778,10.098413,6.5,6.5,6.5
10.958251,1003,1,subida,0.017617,0.017623,2.097806,2.086779,0.000779,10.100763,6.5,6.5,6.5
11.031788,1004,1,subida,0.017650,0.017640,2.104857,2.086779,0.000782,10.105494,6.5,6.5,6.5
11.063424,1005,1,subida,0.017648,0.017650,2.104857,2.087718,0.000782,10.099512,6.5,6.5,6.5
11.105430,1006,1,subida,0.017679,0.017657,2.104827,2.086138,0.000781,10.099512,6.5,6.5,6.5
11.158952,1007,1,subida,0.017656,0.017659,2.105545,2.086138,0.000781,10.106012,6.5,6.5,6.5
11.202021,1008,1,subida,0.017684,0.017657,2.105545,2.085980,0.000781,10.101435,6.5,6.5,6.5
11.232373,1009,1,subida,0.017653,0.017656,2.104025,2.086990,0.000780,10.101435,6.5,6.5,6.5
11.274210,1010,1,subida,0.017684,0.017657,2.104237,2.086990,0.000781,10.109034,6.5,6.5,6.5
11.315538,1011,1,subida,0.017653,0.017658,2.104237,2.087411,0.000781,10.101130,6.5,6.5,6.5
11.369051,1012,1,subida,0.017690,0.017659,2.104109,2.086329,0.000781,10.101130,6.5,6.5,6.5
11.400552,1013,1,subida,0.017653,0.017657,2.104598,2.086329,0.000781,10.101984,6.5,6.5,6.5
11.442847,1014,1,subida,0.017687,0.017653,2.104598,2.085539,0.000780,10.100641,6.5,6.5,6.5
11.495745,1015,1,subida,0.017621,0.017608,2.091833,2.074512,0.000772,10.100641,6.5,6.5,6.5
11.537160,1016,1,subida,0.017627,0.017583,2.091240,2.074512,0.000772,10.106134,6.5,6.5,6.5
11.579106,1017,1,subida,0.017569,0.017576,2.091240,2.073994,0.000776,10.104517,6.5,6.5,6.5
11.620576,1018,1,subida,0.017622,0.017591,2.097776,2.080493,0.000777,10.104517,6.5,6.5,6.5
11.651582,1019,1,subida,0.017591,0.017598,2.099394,2.080493,0.000777,10.103846,6.5,6.5,6.5
11.694263,1020,1,subida,0.017641,0.017605,2.099394,2.080923,0.000778,10.103662,6.5,6.5,6.5
11.736357,1021,1,subida,0.017605,0.017609,2.100106,2.082726,0.000777,10.103662,6.5,6.5,6.5
11.788986,1022,1,subida,0.017651,0.017616,2.100023,2.082726,0.000778,10.108179,6.5,6.5,6.5
11.831376,1023,1,subida,0.017613,0.017618,2.100023,2.082425,0.000778,10.102747,6.5,6.5,6.5
11.884468,1024,1,subida,0.017617,0.017620,2.100595,2.082583,0.000778,10.107599,6.5,6.5,6.5
11.958742,1025,1,subida,0.017616,0.017618,2.100869,2.083101,0.000778,10.103357,6.5,6.5,6.5
12.041157,1026,1,subida,0.017656,0.017621,2.100443,2.083101,0.000779,10.104578,6.5,6.5,6.5
12.072462,1027,1,subida,0.017622,0.017624,2.100443,2.083274,0.000778,10.105066,6.5,6.5,6.5
12.114450,1028,1,subida,0.017657,0.017624,2.099946,2.083062,0.000779,10.105066,6.5,6.5,6.5
12.155153,1029,1,subida,0.017625,0.017625,2.100813,2.083062,0.000778,10.108118,6.5,6.5,6.5
12.196409,1030,1,subida,0.017657,0.017625,2.100813,2.082317,0.000779,10.105188,6.5,6.5,6.5
12.247441,1031,1,subida,0.017625,0.017624,2.101418,2.082726,0.000778,10.105188,6.5,6.5,6.5
12.278201,1032,1,subida,0.017654,0.017625,2.100250,2.082726,0.000778,10.103601,6.5,6.5,6.5
12.329539,1033,1,subida,0.017626,0.017625,2.100250,2.083584,0.000779,10.106928,6.5,6.5,6.5
12.360959,1034,1,subida,0.017652,0.017625,2.100127,2.082428,0.000778,10.106928,6.5,6.5,6.5
12.402556,1035,1,subida,0.017627,0.017626,2.100431,2.082428,0.000779,10.108423,6.5,6.5,6.5
12.444485,1036,1,subida,0.017647,0.017622,2.100431,2.082165,0.000779,10.104151,6.5,6.5,6.5
12.497389,1037,1,subida,0.017623,0.017621,2.101334,2.082627,0.000778,10.104151,6.5,6.5,6.5
12.538851,1038,1,subida,0.017645,0.017624,2.101299,2.082627,0.000779,10.106562,6.5,6.499,6.5
12.570356,1039,1,subida,0.017627,0.017625,2.101299,2.083694,0.000778,10.098047,6.5,6.5,6.5
12.612655,1040,1,subida,0.017643,0.017623,2.099391,2.082466,0.000778,10.098047,6.5,6.5,6.5
12.664909,1041,1,subida,0.017625,0.017621,2.099036,2.082466,0.000778,10.108027,6.5,6.5,6.5
12.706640,1042,1,subida,0.017635,0.017618,2.099036,2.080774,0.000777,10.106256,6.5,6.5,6.5
12.748618,1043,1,subida,0.017619,0.017614,2.099409,2.080917,0.000777,10.106256,6.5,6.5,6.5
12.779446,1044,1,subida,0.017620,0.017601,2.093481,2.080917,0.000773,10.104212,6.5,6.5,6.5
12.820070,1045,1,subida,0.017591,0.017584,2.093481,2.076157,0.000773,10.103968,6.5,6.5,6.5
12.871021,1046,1,subida,0.017585,0.017572,2.092686,2.075218,0.000773,10.103968,6.5,6.5,6.5
12.921947,1047,1,subida,0.017571,0.017565,2.092897,2.075505,0.000774,10.103724,6.5,6.5,6.5
12.993870,1048,1,subida,0.017567,0.017556,2.092659,2.073892,0.000773,10.103724,6.5,6.5,6.5
13.034359,1049,1,subida,0.017564,0.017556,2.093058,2.073892,0.000773,10.110498,6.5,6.5,6.5
13.087347,1050,1,subida,0.017568,0.017558,2.093058,2.075797,0.000773,10.101679,6.5,6.5,6.5
13.129663,1051,1,subida,0.017572,0.017560,2.093097,2.075245,0.000773,10.106379,6.5,6.5,6.5
13.212385,1052,1,subida,0.017565,0.017563,2.093097,2.076288,0.000774,10.099756,6.5,6.5,6.5
13.254258,1053,1,subida,0.017579,0.017563,2.093779,2.074384,0.000773,10.099756,6.5,6.5,6.5
13.291145,1054,1,subida,0.017563,0.017561,2.093636,2.074384,0.000773,10.101740,6.5,6.5,6.5
13.338823,1055,1,subida,0.017560,0.017560,2.092716,2.075063,0.000772,10.101068,6.5,6.499,6.5
13.411799,1056,1,subida,0.017578,0.017557,2.091988,2.075063,0.000773,10.105005,6.5,6.5,6.5
13.464149,1057,1,subida,0.017575,0.017553,2.092212,2.075171,0.000774,10.104334,6.5,6.5,6.5
13.547931,1058,1,subida,0.017587,0.017558,2.093383,2.075841,0.000773,10.103357,6.5,6.5,6.5
13.620827,1059,1,subida,0.017556,0.017559,2.092510,2.075338,0.000773,10.103357,6.5,6.5,6.5
13.662965,1060,1,subida,0.017587,0.017557,2.091926,2.075338,0.000773,10.106745,6.5,6.5,6.5
13.714497,1061,1,subida,0.017553,0.017559,2.091926,2.075347,0.000774,10.103785,6.5,6.499,6.5
13.745980,1062,1,subida,0.017591,0.017558,2.092271,2.074873,0.000773,10.103785,6.5,6.5,6.5
13.798913,1063,1,subida,0.017589,0.017558,2.093329,2.072951,0.000772,10.101252,6.5,6.5,6.5
13.882899,1064,1,subida,0.017589,0.017553,2.091026,2.076297,0.000772,10.107782,6.5,6.499,6.5
13.967029,1065,1,subida,0.017583,0.017546,2.091276,2.073392,0.000772,10.111689,6.5,6.5,6.5
14.051810,1066,1,subida,0.017584,0.017547,2.091997,2.072527,0.000772,10.101862,6.5,6.5,6.5
14.135455,1067,1,subida,0.017584,0.017546,2.091953,2.073895,0.000773,10.107233,6.5,6.5,6.5
14.207913,1068,1,subida,0.017547,0.017550,2.091953,2.074509,0.000772,10.100824,6.5,6.5,6.5
14.249630,1069,1,subida,0.017588,0.017551,2.091476,2.074229,0.000773,10.100824,6.5,6.5,6.5
14.291992,1070,1,subida,0.017549,0.017550,2.091082,2.074229,0.000772,10.104212,6.5,6.5,6.5
14.344132,1071,1,subida,0.017549,0.017550,2.092417,2.074697,0.000772,10.106623,6.5,6.5,6.5
14.428312,1072,1,subida,0.017545,0.017548,2.091878,2.074539,0.000772,10.099878,6.5,6.5,6.5
14.492011,1073,1,subida,0.017575,0.017543,2.090468,2.073475,0.000772,10.099878,6.5,6.5,6.5
14.534155,1074,1,subida,0.017545,0.017545,2.091088,2.073475,0.000772,10.105707,6.5,6.5,6.5
14.586314,1075,1,subida,0.017577,0.017547,2.091088,2.072661,0.000772,10.107782,6.5,6.499,6.5
14.627954,1076,1,subida,0.017547,0.017547,2.092161,2.074643,0.000772,10.107782,6.5,6.5,6.5
14.659222,1077,1,subida,0.017578,0.017549,2.092283,2.074643,0.000772,10.104517,6.5,6.5,6.5
14.711640,1078,1,subida,0.017552,0.017552,2.092283,2.075162,0.000773,10.107355,6.5,6.5,6.5
14.763744,1079,1,subida,0.017556,0.017554,2.091953,2.075236,0.000773,10.106195,6.5,6.499,6.5
14.858598,1080,1,subida,0.017557,0.017554,2.093481,2.074149,0.000772,10.105768,6.5,6.499,6.5
14.911773,1081,1,subida,0.017574,0.017555,2.093148,2.074149,0.000773,10.104944,6.5,6.5,6.5
14.963850,1082,1,subida,0.017556,0.017552,2.093148,2.076032,0.000772,10.109339,6.5,6.499,6.5
14.995053,1083,1,subida,0.017566,0.017548,2.091273,2.074575,0.000773,10.109339,6.5,6.5,6.5
15.047082,1084,1,subida,0.017553,0.017550,2.091675,2.074575,0.000772,10.100946,6.5,6.5,6.5
15.099583,1085,1,subida,0.017559,0.017554,2.092805,2.073871,0.000773,10.108606,6.5,6.5,6.5
15.163555,1086,1,subida,0.017567,0.017555,2.093380,2.073871,0.000773,10.106073,6.5,6.5,6.5
15.227362,1087,1,subida,0.017570,0.017558,2.093618,2.076685,0.000774,10.103113,6.5,6.5,6.5
15.290456,1088,1,subida,0.017573,0.017566,2.093294,2.076685,0.000774,10.104090,6.5,6.5,6.5
15.332505,1089,1,subida,0.017577,0.017571,2.093294,2.076667,0.000774,10.105066,6.5,6.5,6.5
15.385542,1090,1,subida,0.017579,0.017570,2.094024,2.075791,0.000774,10.105066,6.5,6.5,6.5
15.449589,1091,1,subida,0.017579,0.017567,2.094361,2.076416,0.000774,10.101679,6.5,6.5,6.5
15.501591,1092,1,subida,0.017569,0.017567,2.094593,2.077832,0.000775,10.101679,6.5,6.499,6.5
15.543613,1093,1,subida,0.017583,0.017570,2.093642,2.077832,0.000774,10.111200,6.5,6.5,6.5
15.585643,1094,1,subida,0.017572,0.017570,2.093642,2.076515,0.000774,10.100214,6.5,6.499,6.5
15.627898,1095,1,subida,0.017588,0.017571,2.094405,2.075794,0.000774,10.100214,6.5,6.5,6.5
15.669648,1096,1,subida,0.017572,0.017572,2.094724,2.075794,0.000774,10.106256,6.5,6.5,6.5
15.722260,1097,1,subida,0.017570,0.017572,2.093982,2.077683,0.000774,10.109034,6.5,6.5,6.5
15.817081,1098,1,subida,0.017570,0.017572,2.094107,2.077266,0.000774,10.104334,6.5,6.5,6.5
15.880109,1099,1,subida,0.017600,0.017573,2.094593,2.076020,0.000774,10.104334,6.5,6.5,6.5
15.942793,1100,1,subida,0.017600,0.017572,2.095311,2.076649,0.000774,10.114283,6.5,6.5,6.5
16.005303,1101,1,subida,0.017564,0.017567,2.094363,2.078518,0.000774,10.114283,6.5,6.5,6.5
16.057976,1102,1,subida,0.017574,0.017578,2.095356,2.077618,0.000774,10.102350,6.5,6.5,6.5
16.132039,1103,1,subida,0.017613,0.017580,2.094805,2.077471,0.000775,10.102350,6.5,6.5,6.5
16.184544,1104,1,subida,0.017607,0.017574,2.093201,2.075153,0.000773,10.105005,6.5,6.5,6.5
16.278422,1105,1,subida,0.017602,0.017565,2.093985,2.076643,0.000774,10.106928,6.5,6.5,6.5
16.339468,1106,1,subida,0.017565,0.017569,2.093985,2.077263,0.000774,10.103479,6.5,6.5,6.5
16.391018,1107,1,subida,0.017608,0.017571,2.093416,2.076297,0.000774,10.103479,6.5,6.5,6.5
16.421848,1108,1,subida,0.017568,0.017572,2.094435,2.076297,0.000774,10.104944,6.5,6.5,6.5
16.462871,1109,1,subida,0.017606,0.017567,2.094435,2.076095,0.000774,10.108179,6.5,6.5,6.5
16.504261,1110,1,subida,0.017562,0.017564,2.093824,2.077129,0.000774,10.108179,6.5,6.5,6.5
16.551098,1111,1,subida,0.017604,0.017567,2.092724,2.077129,0.000773,10.105890,6.5,6.5,6.5
16.589193,1112,1,subida,0.017564,0.017565,2.092724,2.076211,0.000774,10.104456,6.5,6.5,6.5
16.631801,1113,1,subida,0.017603,0.017565,2.092748,2.075353,0.000773,10.104456,6.5,6.5,6.5
16.674221,1114,1,subida,0.017562,0.017562,2.092486,2.075353,0.000773,10.108545,6.5,6.5,6.5
16.715921,1115,1,subida,0.017596,0.017562,2.092486,2.074682,0.000773,10.099207,6.5,6.5,6.5
16.758134,1116,1,subida,0.017562,0.017563,2.093887,2.075928,0.000774,10.099207,6.5,6.5,6.5
16.799817,1117,1,subida,0.017597,0.017563,2.093761,2.075928,0.000774,10.113031,6.5,6.5,6.5
16.851239,1118,1,subida,0.017595,0.017564,2.092575,2.075838,0.000774,10.107721,6.5,6.5,6.5
16.935451,1119,1,subida,0.017589,0.017563,2.093380,2.074524,0.000774,10.099207,6.5,6.5,6.5
17.009360,1120,1,subida,0.017558,0.017557,2.093693,2.075800,0.000773,10.099207,6.5,6.501,6.5
17.051100,1121,1,subida,0.017588,0.017561,2.092823,2.075800,0.000774,10.105829,6.5,6.5,6.5
17.093059,1122,1,subida,0.017560,0.017558,2.092823,2.075263,0.000773,10.105524,6.5,6.5,6.5
17.145027,1123,1,subida,0.017555,0.017555,2.090841,2.074652,0.000772,10.103296,6.5,6.5,6.5
17.218343,1124,1,subida,0.017572,0.017549,2.090841,2.073016,0.000772,10.102625,6.5,6.5,6.5
17.260056,1125,1,subida,0.017550,0.017547,2.092006,2.073469,0.000772,10.102625,6.5,6.5,6.5
17.301863,1126,1,subida,0.017568,0.017548,2.092048,2.073469,0.000772,10.107599,6.5,6.5,6.5
17.352527,1127,1,subida,0.017551,0.017549,2.092048,2.074283,0.000772,10.105402,6.5,6.5,6.5
17.384007,1128,1,subida,0.017566,0.017549,2.091341,2.074333,0.000772,10.105402,6.5,6.5,6.5
17.437430,1129,1,subida,0.017562,0.017550,2.091341,2.074181,0.000773,10.101435,6.5,6.5,6.5
17.511037,1130,1,subida,0.017553,0.017549,2.092918,2.074006,0.000773,10.101435,6.5,6.5,6.5
17.573857,1131,1,subida,0.017560,0.017554,2.092257,2.075651,0.000773,10.109034,6.5,6.5,6.5
17.657810,1132,1,subida,0.017569,0.017561,2.092015,2.076557,0.000773,10.106623,6.5,6.5,6.5
17.720835,1133,1,subida,0.017569,0.017561,2.092015,2.074664,0.000773,10.102106,6.5,6.5,6.5
17.762625,1134,1,subida,0.017570,0.017560,2.093434,2.073922,0.000773,10.102106,6.5,6.5,6.5
17.804633,1135,1,subida,0.017564,0.017558,2.092814,2.073922,0.000773,10.108789,6.5,6.5,6.5
17.898540,1136,1,subida,0.017569,0.017556,2.092042,2.075189,0.000773,10.110834,6.5,6.501,6.5
17.972654,1137,1,subida,0.017557,0.017555,2.092042,2.075454,0.000773,10.100702,6.5,6.5,6.5
18.014285,1138,1,subida,0.017572,0.017557,2.092742,2.074542,0.000773,10.100702,6.5,6.501,6.5
18.055381,1139,1,subida,0.017559,0.017559,2.093234,2.074542,0.000773,10.103540,6.5,6.5,6.5
18.105848,1140,1,subida,0.017578,0.017560,2.093234,2.074703,0.000773,10.108789,6.5,6.5,6.5
18.136373,1141,1,subida,0.017559,0.017560,2.093174,2.076414,0.000773,10.108789,6.5,6.5,6.5
18.187277,1142,1,subida,0.017583,0.017561,2.092716,2.076414,0.000773,10.103174,6.5,6.5,6.5
18.217631,1143,1,subida,0.017559,0.017561,2.092716,2.075543,0.000773,10.106012,6.5,6.501,6.5
18.268464,1144,1,subida,0.017587,0.017562,2.092900,2.075087,0.000773,10.106012,6.5,6.5,6.5
18.309235,1145,1,subida,0.017559,0.017563,2.094018,2.075087,0.000773,10.109766,6.5,6.5,6.5
18.350868,1146,1,subida,0.017590,0.017562,2.094018,2.075239,0.000774,10.110712,6.5,6.5,6.5
18.383018,1147,1,subida,0.017557,0.017560,2.092742,2.075773,0.000773,10.110712,6.5,6.5,6.5
18.425205,1148,1,subida,0.017591,0.017561,2.092557,2.075773,0.000773,10.105280,6.5,6.5,6.5
18.477705,1149,1,subida,0.017553,0.017557,2.092557,2.074804,0.000773,10.106623,6.5,6.5,6.5
18.519267,1150,1,subida,0.017590,0.017558,2.092161,2.074500,0.000773,10.106623,6.5,6.5,6.5
18.550626,1151,1,subida,0.017554,0.017559,2.093308,2.074500,0.000773,10.106501,6.5,6.5,6.5
18.593118,1152,1,subida,0.017593,0.017559,2.093308,2.074551,0.000773,10.104090,6.5,6.5,6.5
18.635520,1153,1,subida,0.017555,0.017559,2.092948,2.075883,0.000773,10.104090,6.5,6.5,6.5
18.699196,1154,1,subida,0.017554,0.017558,2.092370,2.075311,0.000773,10.103052,6.5,6.5,6.5
18.773031,1155,1,subida,0.017595,0.017557,2.091196,2.073970,0.000773,10.103052,6.5,6.5,6.5
18.804018,1156,1,subida,0.017552,0.017556,2.092990,2.073970,0.000773,10.107538,6.5,6.5,6.5
18.844429,1157,1,subida,0.017594,0.017555,2.092990,2.073529,0.000773,10.101740,6.5,6.5,6.5
18.885108,1158,1,subida,0.017552,0.017555,2.092641,2.075120,0.000772,10.101740,6.5,6.5,6.5
18.925363,1159,1,subida,0.017592,0.017554,2.091398,2.075120,0.000772,10.103724,6.5,6.5,6.5
18.965940,1160,1,subida,0.017547,0.017549,2.091398,2.074250,0.000772,10.099756,6.5,6.5,6.5
19.023149,1161,1,subida,0.017588,0.017552,2.091467,2.073961,0.000772,10.099756,6.5,6.5,6.5
19.054751,1162,1,subida,0.017549,0.017552,2.092525,2.073961,0.000772,10.109888,6.5,6.5,6.5
19.106303,1163,1,subida,0.017589,0.017552,2.092525,2.073079,0.000772,10.099329,6.5,6.5,6.5
19.158646,1164,1,subida,0.017586,0.017551,2.091285,2.074643,0.000773,10.107294,6.5,6.5,6.5
19.221582,1165,1,subida,0.017549,0.017551,2.091285,2.074447,0.000772,10.110254,6.5,6.5,6.5
19.284783,1166,1,subida,0.017551,0.017551,2.091589,2.074330,0.000772,10.110193,6.5,6.5,6.5
19.390660,1167,1,subida,0.017553,0.017552,2.092721,2.074769,0.000772,10.106684,6.5,6.5,6.5
19.432745,1168,1,subida,0.017583,0.017553,2.091872,2.074769,0.000773,10.112116,6.5,6.5,6.5
19.475417,1169,1,subida,0.017576,0.017549,2.091455,2.074628,0.000773,10.102625,6.5,6.5,6.5
19.569257,1170,1,subida,0.017578,0.017552,2.092113,2.074268,0.000773,10.107782,6.5,6.5,6.5
19.643896,1171,1,subida,0.017556,0.017554,2.093130,2.074950,0.000773,10.107782,6.5,6.5,6.5
19.685809,1172,1,subida,0.017578,0.017556,2.091854,2.074950,0.000772,10.110498,6.5,6.5,6.5
19.748549,1173,1,subida,0.017573,0.017554,2.091577,2.074438,0.000772,10.107050,6.5,6.5,6.5
19.811589,1174,1,subida,0.017555,0.017552,2.091729,2.074438,0.000772,10.105371,6.5,6.5,6.5
19.863416,1175,1,subida,0.017557,0.017553,2.092823,2.073803,0.000773,10.101679,6.5,6.5,6.5
19.958899,1176,1,subida,0.017551,0.017549,2.091917,2.073892,0.000772,10.097681,6.5,6.5,6.5
0.077048,1178,1,subida,0.018635,0.018637,2.092259,2.073603,0.000772,10.118860,6.8,6.8,6.8
0.107213,1179,1,subida,0.018676,0.018637,2.091202,2.073204,0.000772,10.118860,6.8,6.8,6.8
0.158466,1180,1,subida,0.018635,0.018638,2.092710,2.073204,0.000772,10.114649,6.8,6.8,6.8
0.210048,1181,1,subida,0.018636,0.018638,2.092453,2.073216,0.000772,10.116571,6.8,6.8,6.8
0.285661,1182,1,subida,0.018672,0.018637,2.091246,2.073216,0.000772,10.114832,6.8,6.8,6.8
0.337322,1183,1,subida,0.018665,0.018634,2.090126,2.072736,0.000772,10.115900,6.8,6.8,6.8
0.410296,1184,1,subida,0.018630,0.018628,2.091613,2.072736,0.000771,10.113245,6.8,6.8,6.8
0.441685,1185,1,subida,0.018659,0.018629,2.091613,2.072033,0.000772,10.104578,6.8,6.8,6.8
0.493785,1186,1,subida,0.018633,0.018633,2.092259,2.073740,0.000772,10.104578,6.8,6.8,6.8
0.524736,1187,1,subida,0.018663,0.018635,2.092006,2.073740,0.000772,10.108545,6.8,6.8,6.8
0.576591,1188,1,subida,0.018638,0.018637,2.092006,2.074146,0.000772,10.118402,6.8,6.8,6.8
0.619194,1189,1,subida,0.018661,0.018636,2.091568,2.073037,0.000772,10.118402,6.8,6.8,6.8
0.649547,1190,1,subida,0.018638,0.018636,2.091464,2.073037,0.000772,10.107050,6.8,6.8,6.8
0.701817,1191,1,subida,0.018657,0.018635,2.091464,2.072438,0.000771,10.110956,6.8,6.8,6.8
0.743553,1192,1,subida,0.018637,0.018633,2.092537,2.072325,0.000772,10.110956,6.8,6.8,6.8
0.785570,1193,1,subida,0.018652,0.018633,2.092319,2.072325,0.000772,10.118921,6.8,6.8,6.8
0.826894,1194,1,subida,0.018637,0.018632,2.092319,2.072951,0.000771,10.113611,6.8,6.8,6.8
0.878364,1195,1,subida,0.018630,0.018628,2.090766,2.072527,0.000771,10.108850,6.8,6.8,6.8
0.950442,1196,1,subida,0.018639,0.018625,2.090766,2.071839,0.000772,10.114222,6.8,6.8,6.8
0.992058,1197,1,subida,0.018633,0.018626,2.090999,2.071124,0.000771,10.114222,6.8,6.8,6.8
1.042038,1198,1,subida,0.018637,0.018627,2.091294,2.071124,0.000771,10.117426,6.8,6.8,6.8
1.072512,1199,1,subida,0.018635,0.018627,2.091294,2.072822,0.000771,10.111017,6.8,6.8,6.8
1.113169,1200,1,subida,0.018635,0.018626,2.090921,2.072802,0.000771,10.111017,6.8,6.8,6.8
1.154345,1201,1,subida,0.018637,0.018628,2.090137,2.072802,0.000772,10.111017,6.8,6.8,6.8
1.194844,1202,1,subida,0.018635,0.018629,2.090137,2.072337,0.000772,10.110895,6.8,6.8,6.8
1.258268,1203,1,subida,0.018634,0.018631,2.091863,2.071776,0.000771,10.115900,6.8,6.8,6.8
1.320981,1204,1,subida,0.018645,0.018629,2.091863,2.072357,0.000772,10.115900,6.8,6.8,6.8
1.374074,1205,1,subida,0.018629,0.018627,2.090707,2.072653,0.000771,10.115900,6.8,6.8,6.8
1.415795,1206,1,subida,0.018643,0.018624,2.090617,2.072653,0.000771,10.116938,6.8,6.801,6.8
1.447482,1207,1,subida,0.018623,0.018623,2.090617,2.072208,0.000772,10.110437,6.8,6.8,6.8
1.499778,1208,1,subida,0.018649,0.018627,2.091297,2.071618,0.000771,10.110437,6.8,6.8,6.8
1.530939,1209,1,subida,0.018626,0.018628,2.091479,2.071618,0.000771,10.106745,6.8,6.8,6.8
1.583851,1210,1,subida,0.018653,0.018628,2.091479,2.072307,0.000772,10.104639,6.8,6.8,6.8
1.615556,1211,1,subida,0.018658,0.018630,2.090683,2.073261,0.000772,10.107721,6.8,6.8,6.8
1.700636,1212,1,subida,0.018626,0.018630,2.090683,2.072951,0.000772,10.109156,6.8,6.8,6.8
1.742960,1213,1,subida,0.018661,0.018629,2.090582,2.072176,0.000772,10.109156,6.8,6.8,6.8
1.784905,1214,1,subida,0.018626,0.018632,2.092689,2.072176,0.000773,10.114588,6.8,6.8,6.8
1.826865,1215,1,subida,0.018676,0.018653,2.092689,2.083897,0.000780,10.114466,6.8,6.8,6.8
1.869040,1216,1,subida,0.018682,0.018687,2.103182,2.077531,0.000774,10.114466,6.8,6.8,6.8
1.911844,1217,1,subida,0.018713,0.018675,2.095773,2.077531,0.000775,10.114710,6.8,6.8,6.8
1.963762,1218,1,subida,0.018667,0.018672,2.095773,2.077400,0.000775,10.106562,6.8,6.8,6.8
1.995100,1219,1,subida,0.018708,0.018671,2.095281,2.077045,0.000774,10.106562,6.8,6.8,6.8
2.058144,1220,1,subida,0.018710,0.018671,2.096074,2.076118,0.000775,10.111078,6.8,6.8,6.8
2.120803,1221,1,subida,0.018671,0.018674,2.097236,2.079155,0.000775,10.111078,6.8,6.8,6.8
2.173716,1222,1,subida,0.018716,0.018681,2.100786,2.079155,0.000777,10.117670,6.8,6.8,6.8
2.216136,1223,1,subida,0.018739,0.018701,2.095171,2.076384,0.000774,10.121943,6.8,6.8,6.8
2.300002,1224,1,subida,0.018720,0.018685,2.097701,2.077215,0.000775,10.109034,6.8,6.8,6.8
2.373628,1225,1,subida,0.018680,0.018679,2.096894,2.077829,0.000775,10.109034,6.8,6.8,6.8
2.415539,1226,1,subida,0.018708,0.018673,2.096500,2.077829,0.000775,10.115747,6.8,6.8,6.8
2.457011,1227,1,subida,0.018672,0.018673,2.096500,2.078079,0.000775,10.111689,6.8,6.8,6.8
2.499110,1228,1,subida,0.018709,0.018678,2.096622,2.080431,0.000777,10.111689,6.8,6.8,6.8
2.540423,1229,1,subida,0.018687,0.018687,2.097952,2.080431,0.000776,10.111933,6.8,6.8,6.8
2.592445,1230,1,subida,0.018662,0.018673,2.091190,2.071815,0.000771,10.111444,6.8,6.8,6.8
2.696962,1231,1,subida,0.018658,0.018656,2.094492,2.077165,0.000774,10.112848,6.8,6.8,6.8
2.749351,1232,1,subida,0.018682,0.018658,2.094462,2.075353,0.000773,10.112848,6.8,6.8,6.8
2.801888,1233,1,subida,0.018675,0.018655,2.093717,2.074974,0.000774,10.108301,6.8,6.8,6.8
2.874707,1234,1,subida,0.018655,0.018646,2.091106,2.071162,0.000771,10.108301,6.8,6.8,6.8
2.927047,1235,1,subida,0.018628,0.018627,2.090066,2.072003,0.000770,10.111872,6.8,6.8,6.8
3.001482,1236,1,subida,0.018635,0.018621,2.089920,2.071824,0.000771,10.111872,6.8,6.8,6.8
3.042754,1237,1,subida,0.018635,0.018647,2.102127,2.071824,0.000780,10.115320,6.8,6.8,6.8
3.084716,1238,1,subida,0.018690,0.018689,2.102127,2.084755,0.000780,10.112848,6.8,6.8,6.8
3.126358,1239,1,subida,0.018714,0.018711,2.103608,2.083662,0.000780,10.112848,6.8,6.8,6.8
3.168108,1240,1,subida,0.018729,0.018724,2.104076,2.083662,0.000780,10.116327,6.8,6.8,6.8
3.209198,1241,1,subida,0.018739,0.018731,2.104076,2.085470,0.000780,10.116999,6.8,6.8,6.8
3.251611,1242,1,subida,0.018740,0.018735,2.103251,2.085181,0.000780,10.116999,6.8,6.8,6.8
3.303695,1243,1,subida,0.018745,0.018739,2.103373,2.085545,0.000781,10.111444,6.8,6.8,6.8
3.387271,1244,1,subida,0.018743,0.018743,2.105265,2.084779,0.000780,10.115747,6.8,6.8,6.8
3.461458,1245,1,subida,0.018757,0.018738,2.105265,2.084058,0.000779,10.110956,6.8,6.8,6.8
3.503309,1246,1,subida,0.018736,0.018735,2.102690,2.084740,0.000779,10.110956,6.8,6.8,6.8
3.577691,1247,1,subida,0.018734,0.018736,2.102559,2.084237,0.000779,10.109400,6.8,6.799,6.8
3.619127,1248,1,subida,0.018760,0.018733,2.102172,2.083662,0.000780,10.109400,6.8,6.8,6.8
3.682078,1249,1,subida,0.018761,0.018733,2.103459,2.083888,0.000780,10.119043,6.8,6.8,6.8
3.745196,1250,1,subida,0.018730,0.018733,2.103415,2.085760,0.000780,10.119043,6.8,6.8,6.8
3.798701,1251,1,subida,0.018767,0.018735,2.102529,2.085760,0.000780,10.111811,6.8,6.8,6.8
3.829399,1252,1,subida,0.018730,0.018734,2.102529,2.083956,0.000780,10.112482,6.8,6.8,6.8
3.871900,1253,1,subida,0.018768,0.018733,2.102267,2.084976,0.000780,10.112482,6.8,6.8,6.8
3.924365,1254,1,subida,0.018729,0.018733,2.104058,2.084976,0.000780,10.110376,6.8,6.8,6.8
3.975827,1255,1,subida,0.018730,0.018735,2.103239,2.084940,0.000780,10.104883,6.8,6.799,6.8
4.039829,1256,1,subida,0.018770,0.018733,2.102207,2.084940,0.000779,10.112421,6.8,6.799,6.8
4.082134,1257,1,subida,0.018728,0.018732,2.102207,2.083918,0.000780,10.109034,6.8,6.8,6.8
4.145341,1258,1,subida,0.018733,0.018735,2.103888,2.084377,0.000779,10.117487,6.8,6.8,6.8
4.217670,1259,1,subida,0.018774,0.018736,2.103888,2.083757,0.000780,10.113855,6.8,6.8,6.8
4.259056,1260,1,subida,0.018732,0.018734,2.103242,2.084433,0.000780,10.113855,6.8,6.8,6.8
4.290765,1261,1,subida,0.018771,0.018734,2.103447,2.084433,0.000780,10.115686,6.8,6.8,6.8
4.332355,1262,1,subida,0.018734,0.018735,2.103447,2.084594,0.000780,10.120447,6.8,6.8,6.8
4.385254,1263,1,subida,0.018772,0.018735,2.102902,2.084639,0.000780,10.120447,6.8,6.8,6.8
4.427468,1264,1,subida,0.018734,0.018733,2.103632,2.084639,0.000779,10.114527,6.8,6.8,6.8
4.469663,1265,1,subida,0.018766,0.018732,2.103632,2.083283,0.000780,10.111200,6.8,6.8,6.8
4.512055,1266,1,subida,0.018734,0.018735,2.104350,2.083915,0.000779,10.111200,6.8,6.8,6.8
4.553606,1267,1,subida,0.018766,0.018734,2.102982,2.083915,0.000780,10.113855,6.8,6.8,6.8
4.585241,1268,1,subida,0.018735,0.018733,2.102982,2.084964,0.000779,10.111200,6.8,6.8,6.8
4.638567,1269,1,subida,0.018762,0.018733,2.102026,2.084180,0.000780,10.111200,6.8,6.8,6.8
4.669738,1270,1,subida,0.018735,0.018734,2.103346,2.084180,0.000780,10.116755,6.8,6.799,6.8
4.722246,1271,1,subida,0.018763,0.018736,2.103346,2.083834,0.000780,10.116755,6.8,6.8,6.8
4.753127,1272,1,subida,0.018737,0.018734,2.103829,2.084383,0.000779,10.116755,6.8,6.8,6.8
4.795875,1273,1,subida,0.018759,0.018735,2.102920,2.084383,0.000780,10.115747,6.8,6.8,6.8
4.858929,1274,1,subida,0.018755,0.018734,2.102783,2.084585,0.000780,10.112238,6.8,6.8,6.8
4.923173,1275,1,subida,0.018736,0.018732,2.103197,2.084585,0.000780,10.112848,6.8,6.799,6.8
4.963991,1276,1,subida,0.018749,0.018732,2.103197,2.084362,0.000781,10.111872,6.8,6.8,6.8
5.016002,1277,1,subida,0.018740,0.018737,2.104472,2.083906,0.000779,10.111872,6.8,6.8,6.8
5.047371,1278,1,subida,0.018753,0.018739,2.103900,2.083906,0.000780,10.112421,6.8,6.8,6.8
5.088936,1279,1,subida,0.018745,0.018740,2.103900,2.086227,0.000780,10.115625,6.8,6.799,6.8
5.131268,1280,1,subida,0.018753,0.018741,2.103274,2.086159,0.000780,10.115625,6.8,6.8,6.8
5.183554,1281,1,subida,0.018750,0.018745,2.103927,2.086159,0.000780,10.119654,6.8,6.8,6.8
5.214422,1282,1,subida,0.018755,0.018745,2.103927,2.085015,0.000780,10.115564,6.799,6.8,6.8
5.296640,1283,1,subida,0.018752,0.018744,2.104934,2.084961,0.000780,10.115198,6.799,6.8,6.8
5.357928,1284,1,subida,0.018751,0.018744,2.108016,2.095881,0.000787,10.110437,6.8,6.8,6.8
5.429878,1285,1,subida,0.018793,0.018790,2.113538,2.095881,0.000788,10.111506,6.8,6.8,6.8
5.471541,1286,1,subida,0.018804,0.018806,2.113538,2.093842,0.000787,10.114771,6.8,6.799,6.8
5.502845,1287,1,subida,0.018832,0.018816,2.114164,2.094316,0.000787,10.114771,6.8,6.8,6.8
5.544705,1288,1,subida,0.018824,0.018825,2.114677,2.094316,0.000787,10.112360,6.8,6.799,6.8
5.606924,1289,1,subida,0.018834,0.018832,2.115461,2.097439,0.000789,10.104578,6.8,6.8,6.8
5.670321,1290,1,subida,0.018865,0.018842,2.115210,2.097439,0.000789,10.110895,6.8,6.8,6.8
5.713020,1291,1,subida,0.018875,0.018847,2.116387,2.096572,0.000789,10.110895,6.8,6.799,6.8
5.819199,1292,1,subida,0.018882,0.018851,2.116852,2.097508,0.000789,10.108423,6.8,6.8,6.8
5.882782,1293,1,subida,0.018850,0.018853,2.116730,2.098312,0.000789,10.108423,6.8,6.799,6.8
5.935908,1294,1,subida,0.018883,0.018851,2.116364,2.098312,0.000789,10.115900,6.8,6.799,6.8
5.979141,1295,1,subida,0.018883,0.018846,2.115014,2.096283,0.000789,10.113611,6.8,6.799,6.8
6.052751,1296,1,subida,0.018843,0.018847,2.115911,2.096283,0.000788,10.114466,6.8,6.799,6.8
6.094667,1297,1,subida,0.018883,0.018846,2.115911,2.095624,0.000788,10.119287,6.8,6.799,6.8
6.147046,1298,1,subida,0.018883,0.018846,2.114543,2.096179,0.000788,10.112482,6.8,6.8,6.8
6.229691,1299,1,subida,0.018840,0.018842,2.114543,2.096429,0.000788,10.116266,6.8,6.8,6.8
6.260858,1300,1,subida,0.018881,0.018842,2.114116,2.095720,0.000788,10.116266,6.8,6.799,6.8
6.303101,1301,1,subida,0.018841,0.018844,2.116617,2.095720,0.000789,10.113092,6.8,6.8,6.8
6.345203,1302,1,subida,0.018885,0.018849,2.116617,2.097016,0.000789,10.112421,6.8,6.799,6.8
6.408368,1303,1,subida,0.018886,0.018850,2.116981,2.098050,0.000789,10.115686,6.8,6.8,6.8
6.481573,1304,1,subida,0.018891,0.018855,2.115845,2.098190,0.000790,10.115198,6.8,6.8,6.8
6.555081,1305,1,subida,0.018858,0.018860,2.117708,2.098190,0.000790,10.106440,6.8,6.8,6.8
6.608003,1306,1,subida,0.018864,0.018863,2.118468,2.099078,0.000790,10.106806,6.8,6.8,6.8
6.681324,1307,1,subida,0.018896,0.018866,2.118199,2.099078,0.000790,10.110712,6.8,6.799,6.8
6.722940,1308,1,subida,0.018869,0.018869,2.118199,2.099493,0.000790,10.112848,6.8,6.8,6.8
6.764173,1309,1,subida,0.018896,0.018868,2.116966,2.098846,0.000791,10.112848,6.8,6.799,6.8
6.806641,1310,1,subida,0.018870,0.018869,2.118089,2.098846,0.000790,10.115778,6.8,6.8,6.8
6.848506,1311,1,subida,0.018894,0.018869,2.118089,2.098142,0.000790,10.113977,6.8,6.8,6.8
6.889558,1312,1,subida,0.018871,0.018868,2.118828,2.098625,0.000790,10.113977,6.8,6.8,6.8
6.932290,1313,1,subida,0.018887,0.018865,2.117714,2.098625,0.000790,10.112970,6.8,6.8,6.8
6.972661,1314,1,subida,0.018868,0.018864,2.117714,2.099528,0.000790,10.114588,6.8,6.8,6.8
7.015177,1315,1,subida,0.018884,0.018864,2.116826,2.098637,0.000790,10.114588,6.8,6.8,6.8
7.056615,1316,1,subida,0.018869,0.018865,2.117237,2.098637,0.000790,10.109278,6.8,6.799,6.8
7.108931,1317,1,subida,0.018870,0.018866,2.117281,2.098002,0.000790,10.112787,6.8,6.8,6.8
7.182978,1318,1,subida,0.018879,0.018866,2.118238,2.098002,0.000790,10.109583,6.8,6.8,6.8
7.224864,1319,1,subida,0.018871,0.018866,2.118238,2.099150,0.000790,10.110498,6.8,6.8,6.8
7.266532,1320,1,subida,0.018876,0.018867,2.117755,2.099418,0.000790,10.110498,6.8,6.8,6.8
7.318674,1321,1,subida,0.018876,0.018868,2.116814,2.098747,0.000790,10.108484,6.8,6.8,6.8
7.392147,1322,1,subida,0.018879,0.018867,2.118468,2.097320,0.000790,10.108484,6.8,6.8,6.8
7.434087,1323,1,subida,0.018869,0.018863,2.118265,2.097320,0.000789,10.112665,6.8,6.8,6.8
7.474952,1324,1,subida,0.018877,0.018866,2.118265,2.099254,0.000790,10.113489,6.8,6.8,6.8
7.526754,1325,1,subida,0.018869,0.018865,2.117112,2.098998,0.000790,10.113489,6.8,6.8,6.8
7.568644,1326,1,subida,0.018868,0.018867,2.116966,2.098393,0.000790,10.106867,6.8,6.8,6.8
7.662215,1327,1,subida,0.018867,0.018867,2.117955,2.098342,0.000790,10.112970,6.8,6.8,6.8
7.735107,1328,1,subida,0.018889,0.018867,2.117955,2.098655,0.000790,10.113672,6.8,6.8,6.8
7.777776,1329,1,subida,0.018893,0.018867,2.117067,2.099910,0.000790,10.110956,6.8,6.8,6.8
7.851380,1330,1,subida,0.018865,0.018867,2.117067,2.098756,0.000790,10.115198,6.8,6.8,6.8
7.904128,1331,1,subida,0.018860,0.018865,2.117982,2.098098,0.000790,10.117060,6.8,6.8,6.8
7.977273,1332,1,subida,0.018896,0.018865,2.117982,2.098086,0.000790,10.114161,6.8,6.8,6.8
8.029580,1333,1,subida,0.018899,0.018865,2.117407,2.099257,0.000790,10.109705,6.8,6.8,6.8
8.102335,1334,1,subida,0.018862,0.018866,2.117407,2.098339,0.000790,10.115900,6.8,6.8,6.8
8.144011,1335,1,subida,0.018902,0.018865,2.116936,2.097794,0.000790,10.115900,6.8,6.8,6.8
8.185894,1336,1,subida,0.018861,0.018865,2.118137,2.097794,0.000790,10.113672,6.8,6.8,6.8
8.227727,1337,1,subida,0.018902,0.018864,2.118137,2.097117,0.000790,10.111261,6.8,6.8,6.8
8.269486,1338,1,subida,0.018859,0.018862,2.117246,2.098399,0.000790,10.111261,6.8,6.8,6.8
8.310912,1339,1,subida,0.018900,0.018862,2.116656,2.098399,0.000790,10.112604,6.8,6.8,6.8
8.364325,1340,1,subida,0.018900,0.018862,2.116167,2.098214,0.000790,10.106073,6.8,6.8,6.8
8.457847,1341,1,subida,0.018898,0.018859,2.117544,2.097079,0.000790,10.110498,6.8,6.8,6.8
8.520989,1342,1,subida,0.018862,0.018864,2.118050,2.099010,0.000790,10.110498,6.8,6.8,6.8
8.563024,1343,1,subida,0.018901,0.018865,2.117231,2.099010,0.000790,10.114588,6.8,6.8,6.8
8.615592,1344,1,subida,0.018899,0.018865,2.116230,2.098259,0.000789,10.106562,6.8,6.8,6.8
8.688208,1345,1,subida,0.018864,0.018864,2.117484,2.098259,0.000790,10.116388,6.8,6.8,6.8
8.729576,1346,1,subida,0.018898,0.018866,2.117484,2.097648,0.000790,10.110010,6.8,6.8,6.8
8.771507,1347,1,subida,0.018869,0.018867,2.118626,2.098926,0.000790,10.110010,6.8,6.8,6.8
8.823984,1348,1,subida,0.018872,0.018870,2.118289,2.099889,0.000790,10.114954,6.8,6.8,6.8
8.918589,1349,1,subida,0.018870,0.018868,2.118399,2.099489,0.000791,10.113794,6.8,6.8,6.8
8.981379,1350,1,subida,0.018894,0.018870,2.118399,2.098688,0.000790,10.115442,6.8,6.8,6.8
9.033222,1351,1,subida,0.018894,0.018872,2.118149,2.098834,0.000790,10.110376,6.8,6.8,6.8
9.107239,1352,1,subida,0.018875,0.018872,2.118149,2.100285,0.000790,10.111261,6.8,6.8,6.8
9.159326,1353,1,subida,0.018874,0.018871,2.116802,2.098834,0.000790,10.115625,6.8,6.8,6.8
9.232740,1354,1,subida,0.018885,0.018869,2.116802,2.097826,0.000790,10.110010,6.8,6.8,6.8
9.274212,1355,1,subida,0.018873,0.018869,2.118468,2.098372,0.000790,10.110010,6.8,6.8,6.8
9.316630,1356,1,subida,0.018882,0.018869,2.118456,2.098372,0.000790,10.117365,6.8,6.8,6.8
9.369433,1357,1,subida,0.018880,0.018869,2.117508,2.099442,0.000790,10.112360,6.8,6.8,6.8
9.451273,1358,1,subida,0.018876,0.018866,2.116781,2.098587,0.000790,10.107660,6.8,6.8,6.8
9.523131,1359,1,subida,0.018880,0.018869,2.118423,2.097871,0.000790,10.107660,6.8,6.8,6.8
9.563799,1360,1,subida,0.018875,0.018869,2.118030,2.097871,0.000790,10.116816,6.8,6.8,6.8
9.605227,1361,1,subida,0.018880,0.018867,2.118030,2.099278,0.000790,10.115320,6.8,6.8,6.8
9.668153,1362,1,subida,0.018885,0.018871,2.117538,2.100044,0.000790,10.115381,6.8,6.8,6.8
9.731072,1363,1,subida,0.018873,0.018871,2.117538,2.098849,0.000790,10.106256,6.8,6.8,6.8
9.773043,1364,1,subida,0.018888,0.018870,2.117767,2.098077,0.000790,10.106256,6.8,6.8,6.8
9.815217,1365,1,subida,0.018870,0.018870,2.118873,2.098077,0.000790,10.108179,6.8,6.8,6.8
9.878224,1366,1,subida,0.018869,0.018870,2.118044,2.100387,0.000791,10.113428,6.8,6.8,6.8
9.941950,1367,1,subida,0.018893,0.018869,2.117904,2.100387,0.000791,10.117548,6.8,6.8,6.8
9.983997,1368,1,subida,0.018867,0.018871,2.117904,2.099305,0.000790,10.113977,6.8,6.8,6.8
10.036242,1369,1,subida,0.018889,0.018886,2.123305,2.103200,0.000793,10.115198,6.8,6.8,6.8
10.110383,1370,1,subida,0.018931,0.018902,2.123305,2.103188,0.000794,10.111567,6.8,6.8,6.8
10.152243,1371,1,subida,0.018900,0.018904,2.122109,2.103978,0.000793,10.111567,6.8,6.8,6.8
10.193919,1372,1,subida,0.018938,0.018906,2.122357,2.103978,0.000794,10.116144,6.8,6.8,6.8
10.235260,1373,1,subida,0.018905,0.018910,2.122357,2.104124,0.000794,10.112787,6.8,6.8,6.8
10.276537,1374,1,subida,0.018946,0.018910,2.121868,2.103391,0.000794,10.112787,6.8,6.8,6.8
10.339643,1375,1,subida,0.018950,0.018912,2.123981,2.103233,0.000794,10.115381,6.8,6.8,6.8
10.401622,1376,1,subida,0.018910,0.018913,2.123045,2.106624,0.000795,10.115381,6.8,6.8,6.8
10.454561,1377,1,subida,0.018955,0.018921,2.124860,2.106624,0.000795,10.111506,6.8,6.8,6.8
10.485339,1378,1,subida,0.018923,0.018927,2.124860,2.106687,0.000795,10.111933,6.8,6.8,6.8
10.525897,1379,1,subida,0.018971,0.018933,2.124154,2.105754,0.000795,10.111933,6.8,6.8,6.8
10.566675,1380,1,subida,0.018931,0.018934,2.125707,2.105754,0.000795,10.113489,6.8,6.8,6.8
10.617458,1381,1,subida,0.018972,0.018934,2.125707,2.105101,0.000795,10.107233,6.8,6.8,6.8
10.658442,1382,1,subida,0.018931,0.018932,2.125283,2.106580,0.000795,10.107233,6.8,6.8,6.8
10.689263,1383,1,subida,0.018970,0.018932,2.124106,2.106580,0.000795,10.116022,6.8,6.8,6.8
10.739902,1384,1,subida,0.018929,0.018929,2.124106,2.105757,0.000794,10.111200,6.8,6.8,6.8
10.771959,1385,1,subida,0.018964,0.018927,2.122956,2.104774,0.000795,10.111200,6.8,6.8,6.8
10.823982,1386,1,subida,0.018927,0.018927,2.124473,2.104774,0.000794,10.117182,6.8,6.8,6.8
10.876951,1387,1,subida,0.018927,0.018927,2.124696,2.105587,0.000794,10.113672,6.8,6.8,6.8
10.940855,1388,1,subida,0.018953,0.018923,2.124538,2.105587,0.000795,10.119226,6.8,6.8,6.8
10.982524,1389,1,subida,0.018924,0.018923,2.124538,2.105945,0.000795,10.112848,6.8,6.8,6.8
11.024735,1390,1,subida,0.018953,0.018925,2.123340,2.105548,0.000795,10.112848,6.8,6.8,6.8
11.077685,1391,1,subida,0.018928,0.018928,2.124601,2.105548,0.000795,10.111689,6.8,6.8,6.8
11.109151,1392,1,subida,0.018954,0.018928,2.124601,2.104306,0.000795,10.112299,6.8,6.8,6.8
11.161655,1393,1,subida,0.018931,0.018929,2.125117,2.105188,0.000794,10.112299,6.8,6.8,6.8
11.202591,1394,1,subida,0.018953,0.018929,2.124655,2.105188,0.000795,10.111994,6.8,6.8,6.8
11.234076,1395,1,subida,0.018931,0.018928,2.124655,2.105811,0.000794,10.109644,6.8,6.8,6.8
11.286799,1396,1,subida,0.018949,0.018929,2.124345,2.106138,0.000795,10.109644,6.8,6.8,6.8
11.339715,1397,1,subida,0.018948,0.018930,2.124649,2.105498,0.000795,10.112665,6.8,6.8,6.8
11.413047,1398,1,subida,0.018933,0.018923,2.123418,2.102905,0.000794,10.112665,6.8,6.8,6.8
11.455586,1399,1,subida,0.018926,0.018902,2.119025,2.102905,0.000791,10.113489,6.8,6.8,6.8
11.508084,1400,1,subida,0.018899,0.018888,2.118754,2.100548,0.000791,10.108240,6.8,6.8,6.8
11.571604,1401,1,subida,0.018891,0.018883,2.118378,2.100548,0.000791,10.115015,6.8,6.799,6.8
11.613942,1402,1,subida,0.018892,0.018882,2.118378,2.099683,0.000791,10.110804,6.8,6.8,6.8
11.687765,1403,1,subida,0.018887,0.018880,2.119550,2.099120,0.000791,10.114771,6.8,6.8,6.8
11.740561,1404,1,subida,0.018891,0.018880,2.119550,2.100691,0.000790,10.113031,6.8,6.8,6.8
11.782790,1405,1,subida,0.018885,0.018880,2.118667,2.101352,0.000792,10.113031,6.8,6.8,6.8
11.823664,1406,1,subida,0.018899,0.018891,2.122491,2.101352,0.000794,10.115564,6.8,6.8,6.8
11.866097,1407,1,subida,0.018902,0.018901,2.122491,2.103808,0.000793,10.108973,6.8,6.8,6.8
11.917775,1408,1,subida,0.018904,0.018902,2.123307,2.102616,0.000793,10.119837,6.8,6.8,6.8
12.001339,1409,1,subida,0.018922,0.018897,2.123307,2.102515,0.000791,10.115564,6.8,6.8,6.8
12.032856,1410,1,subida,0.018891,0.018889,2.118727,2.100410,0.000790,10.115564,6.8,6.8,6.8
12.085135,1411,1,subida,0.018877,0.018881,2.117904,2.099212,0.000790,10.110895,6.8,6.8,6.8
12.169381,1412,1,subida,0.018874,0.018877,2.119722,2.099129,0.000790,10.119532,6.8,6.8,6.8
12.241802,1413,1,subida,0.018905,0.018876,2.119722,2.099427,0.000790,10.119165,6.8,6.8,6.8
12.282419,1414,1,subida,0.018871,0.018874,2.118417,2.100089,0.000790,10.119165,6.8,6.8,6.8
12.323246,1415,1,subida,0.018905,0.018873,2.117869,2.100089,0.000790,10.117182,6.8,6.8,6.8
12.373625,1416,1,subida,0.018869,0.018873,2.117869,2.098953,0.000790,10.107477,6.8,6.8,6.8
12.405270,1417,1,subida,0.018908,0.018872,2.117585,2.099054,0.000791,10.107477,6.8,6.8,6.8
12.468485,1418,1,subida,0.018905,0.018869,2.119242,2.098855,0.000791,10.116022,6.8,6.8,6.8
12.530976,1419,1,subida,0.018868,0.018872,2.118980,2.100643,0.000791,10.116022,6.8,6.8,6.8
12.594311,1420,1,subida,0.018870,0.018875,2.118009,2.099922,0.000790,10.113611,6.8,6.8,6.8
12.678663,1421,1,subida,0.018871,0.018876,2.119126,2.099493,0.000791,10.115381,6.8,6.8,6.8
12.742156,1422,1,subida,0.018913,0.018874,2.119126,2.098852,0.000791,10.108850,6.8,6.799,6.8
12.794844,1423,1,subida,0.018872,0.018875,2.119028,2.100395,0.000791,10.108850,6.8,6.799,6.8
12.836920,1424,1,subida,0.018912,0.018876,2.118840,2.100395,0.000791,10.115381,6.8,6.8,6.8
12.889666,1425,1,subida,0.018912,0.018876,2.118006,2.099862,0.000791,10.114588,6.8,6.8,6.8
12.963715,1426,1,subida,0.018906,0.018872,2.119582,2.098610,0.000791,10.116632,6.8,6.8,6.8
13.057791,1427,1,subida,0.018905,0.018873,2.117907,2.099460,0.000790,10.115320,6.8,6.8,6.8
13.131065,1428,1,subida,0.018902,0.018871,2.117478,2.099263,0.000791,10.111628,6.8,6.799,6.8
13.205092,1429,1,subida,0.018873,0.018873,2.118015,2.099263,0.000790,10.111689,6.8,6.8,6.8
13.256077,1430,1,subida,0.018873,0.018871,2.119397,2.099761,0.000790,10.109888,6.8,6.8,6.8
13.330026,1431,1,subida,0.018898,0.018872,2.118319,2.099761,0.000791,10.119287,6.8,6.8,6.8
13.371875,1432,1,subida,0.018874,0.018872,2.118319,2.099779,0.000790,10.119043,6.8,6.8,6.8
13.413801,1433,1,subida,0.018892,0.018869,2.117672,2.099317,0.000790,10.119043,6.8,6.8,6.8
13.455309,1434,1,subida,0.018869,0.018867,2.117857,2.099317,0.000790,10.119654,6.8,6.8,6.8
13.497276,1435,1,subida,0.018886,0.018868,2.117857,2.098995,0.000791,10.110193,6.8,6.8,6.8
13.538882,1436,1,subida,0.018874,0.018870,2.119195,2.098852,0.000790,10.110193,6.8,6.799,6.8
13.580566,1437,1,subida,0.018887,0.018870,2.118191,2.098852,0.000790,10.122248,6.8,6.8,6.8
13.633020,1438,1,subida,0.018883,0.018869,2.117329,2.099499,0.000790,10.110559,6.8,6.8,6.8
13.705388,1439,1,subida,0.018874,0.018869,2.116352,2.099499,0.000790,10.113977,6.8,6.8,6.8
13.745821,1440,1,subida,0.018878,0.018865,2.116352,2.097877,0.000789,10.103540,6.8,6.8,6.8
13.796867,1441,1,subida,0.018868,0.018859,2.116745,2.096515,0.000789,10.103540,6.8,6.8,6.8
13.849254,1442,1,subida,0.018863,0.018856,2.116715,2.096873,0.000788,10.114466,6.8,6.8,6.8
13.922528,1443,1,subida,0.018854,0.018844,2.114429,2.096113,0.000788,10.114466,6.8,6.8,6.8
13.954317,1444,1,subida,0.018851,0.018840,2.114254,2.096113,0.000788,10.116449,6.8,6.8,6.8
14.028353,1445,1,subida,0.018854,0.018841,2.115428,2.095541,0.000788,10.112421,6.8,6.8,6.8
14.080893,1446,1,subida,0.018845,0.018842,2.115696,2.095541,0.000788,10.114771,6.8,6.8,6.8
14.133416,1447,1,subida,0.018858,0.018841,2.115696,2.096080,0.000788,10.113367,6.8,6.8,6.8
14.164084,1448,1,subida,0.018841,0.018841,2.114882,2.096539,0.000788,10.113367,6.8,6.8,6.8
14.205312,1449,1,subida,0.018860,0.018840,2.114051,2.096539,0.000788,10.113031,6.8,6.8,6.8
14.257327,1450,1,subida,0.018838,0.018839,2.114051,2.095410,0.000787,10.114588,6.8,6.799,6.8
14.288468,1451,1,subida,0.018860,0.018835,2.113580,2.091431,0.000785,10.114588,6.8,6.8,6.8
14.330705,1452,1,subida,0.018823,0.018824,2.112328,2.091431,0.000785,10.119349,6.8,6.8,6.8
14.372761,1453,1,subida,0.018844,0.018816,2.112328,2.092674,0.000786,10.114710,6.8,6.8,6.8
14.425172,1454,1,subida,0.018812,0.018813,2.111553,2.093642,0.000786,10.114710,6.8,6.799,6.8
14.467320,1455,1,subida,0.018839,0.018811,2.111628,2.093642,0.000786,10.115870,6.8,6.8,6.8
14.509573,1456,1,subida,0.018847,0.018813,2.111682,2.092847,0.000786,10.109827,6.8,6.8,6.8
14.583747,1457,1,subida,0.018811,0.018816,2.112939,2.092847,0.000786,10.112970,6.8,6.8,6.8
14.636411,1458,1,subida,0.018814,0.018817,2.112671,2.094617,0.000786,10.114222,6.8,6.8,6.8
14.731204,1459,1,subida,0.018815,0.018820,2.111998,2.093958,0.000786,10.111139,6.8,6.8,6.8
14.794048,1460,1,subida,0.018856,0.018818,2.111610,2.092733,0.000786,10.111139,6.8,6.8,6.8
14.835624,1461,1,subida,0.018815,0.018819,2.112984,2.092733,0.000786,10.115870,6.8,6.8,6.8
14.898235,1462,1,subida,0.018814,0.018817,2.112489,2.093318,0.000786,10.105188,6.8,6.8,6.8
14.981476,1463,1,subida,0.018809,0.018810,2.111908,2.093258,0.000786,10.110895,6.8,6.8,6.8
15.044364,1464,1,subida,0.018852,0.018814,2.110814,2.092993,0.000786,10.110895,6.8,6.8,6.8
15.106845,1465,1,subida,0.018854,0.018818,2.112963,2.092870,0.000786,10.109400,6.8,6.8,6.8
15.180794,1466,1,subida,0.018852,0.018818,2.111771,2.093192,0.000786,10.115625,6.8,6.8,6.8
15.274924,1467,1,subida,0.018846,0.018813,2.111124,2.092876,0.000786,10.114893,6.8,6.8,6.8
15.337755,1468,1,subida,0.018813,0.018813,2.112120,2.092876,0.000785,10.110682,6.8,6.8,6.8
15.379550,1469,1,subida,0.018843,0.018813,2.112120,2.091541,0.000785,10.115564,6.8,6.8,6.8
15.420796,1470,1,subida,0.018813,0.018810,2.112623,2.093687,0.000786,10.115564,6.8,6.8,6.8
15.462839,1471,1,subida,0.018838,0.018810,2.112632,2.093687,0.000786,10.116388,6.8,6.8,6.8
15.504241,1472,1,subida,0.018816,0.018814,2.112632,2.094188,0.000786,10.113031,6.8,6.8,6.8
15.556890,1473,1,subida,0.018820,0.018817,2.111723,2.092993,0.000786,10.115778,6.8,6.8,6.8
15.641379,1474,1,subida,0.018821,0.018818,2.112588,2.093052,0.000786,10.107355,6.8,6.8,6.8
15.725305,1475,1,subida,0.018819,0.018816,2.111458,2.093940,0.000785,10.108362,6.8,6.8,6.8
15.796849,1476,1,subida,0.018831,0.018814,2.111494,2.093350,0.000786,10.108362,6.8,6.8,6.8
15.837414,1477,1,subida,0.018817,0.018812,2.110498,2.093350,0.000785,10.112970,6.8,6.8,6.8
15.878870,1478,1,subida,0.018824,0.018809,2.110498,2.091726,0.000785,10.113092,6.8,6.8,6.8
15.924676,1479,1,subida,0.018812,0.018805,2.111953,2.091243,0.000785,10.113092,6.8,6.8,6.8
15.960058,1480,1,subida,0.018814,0.018801,2.111622,2.091243,0.000785,10.120569,6.8,6.8,6.8
16.011739,1481,1,subida,0.018810,0.018803,2.111622,2.091845,0.000785,10.115381,6.8,6.8,6.8
16.042813,1482,1,subida,0.018807,0.018798,2.107962,2.091744,0.000783,10.117914,6.8,6.8,6.8
16.148482,1483,1,subida,0.018794,0.018785,2.107432,2.088042,0.000783,10.108057,6.8,6.8,6.8
16.212502,1484,1,subida,0.018784,0.018780,2.108108,2.088042,0.000783,10.116877,6.8,6.8,6.8
16.254308,1485,1,subida,0.018791,0.018778,2.108108,2.089252,0.000783,10.110559,6.8,6.8,6.8
16.307272,1486,1,subida,0.018780,0.018775,2.106559,2.088737,0.000782,10.110559,6.8,6.8,6.8
16.339090,1487,1,subida,0.018789,0.018774,2.106255,2.088737,0.000782,10.115381,6.8,6.8,6.8
16.380813,1488,1,subida,0.018773,0.018773,2.106255,2.088090,0.000783,10.110834,6.8,6.8,6.8
16.422916,1489,1,subida,0.018792,0.018770,2.107062,2.087590,0.000782,10.110834,6.8,6.8,6.8
16.464917,1490,1,subida,0.018768,0.018768,2.107864,2.087590,0.000782,10.112421,6.8,6.8,6.8
16.506933,1491,1,subida,0.018792,0.018769,2.107864,2.088209,0.000782,10.113733,6.8,6.8,6.8
16.558644,1492,1,subida,0.018768,0.018770,2.106928,2.088710,0.000783,10.113733,6.8,6.8,6.8
16.589994,1493,1,subida,0.018796,0.018771,2.106576,2.088710,0.000782,10.111200,6.8,6.8,6.8
16.631991,1494,1,subida,0.018768,0.018771,2.106576,2.088171,0.000782,10.105829,6.8,6.799,6.8
16.684449,1495,1,subida,0.018768,0.018771,2.108004,2.088027,0.000783,10.112787,6.8,6.8,6.8
16.758422,1496,1,subida,0.018803,0.018772,2.108004,2.088019,0.000783,10.112909,6.8,6.8,6.8
16.821772,1497,1,subida,0.018808,0.018775,2.107029,2.089971,0.000783,10.117792,6.8,6.8,6.8
16.884395,1498,1,subida,0.018771,0.018775,2.107029,2.089139,0.000783,10.108484,6.8,6.8,6.8
16.930812,1499,1,subida,0.018812,0.018773,2.107337,2.088382,0.000783,10.108484,6.8,6.8,6.8
16.977859,1500,1,subida,0.018809,0.018770,2.107867,2.087733,0.000783,10.117487,6.8,6.8,6.8
17.052196,1501,1,subida,0.018770,0.018773,2.107801,2.089354,0.000783,10.117487,6.8,6.8,6.8
17.093388,1502,1,subida,0.018812,0.018774,2.106994,2.089354,0.000783,10.117182,6.8,6.8,6.8
17.177602,1503,1,subida,0.018812,0.018773,2.106562,2.088266,0.000783,10.115961,6.8,6.8,6.8
17.219374,1504,1,subida,0.018772,0.018775,2.108123,2.088266,0.000783,10.118616,6.8,6.8,6.8
17.271518,1505,1,subida,0.018774,0.018776,2.108010,2.088883,0.000783,10.107416,6.8,6.8,6.8
17.344290,1506,1,subida,0.018813,0.018776,2.107092,2.088883,0.000783,10.114710,6.8,6.8,6.8
17.406842,1507,1,subida,0.018811,0.018776,2.106621,2.088469,0.000783,10.113245,6.8,6.8,6.8
17.469922,1508,1,subida,0.018771,0.018772,2.108141,2.088469,0.000782,10.115015,6.8,6.8,6.8
17.511424,1509,1,subida,0.018807,0.018774,2.108141,2.087786,0.000783,10.107538,6.8,6.8,6.8
17.563019,1510,1,subida,0.018775,0.018774,2.107974,2.088352,0.000783,10.107538,6.8,6.8,6.8
17.594159,1511,1,subida,0.018806,0.018775,2.107411,2.088352,0.000783,10.115015,6.8,6.8,6.8
17.667234,1512,1,subida,0.018803,0.018774,2.106597,2.088621,0.000783,10.116144,6.8,6.8,6.8
17.720334,1513,1,subida,0.018775,0.018773,2.107646,2.088621,0.000783,10.118433,6.8,6.8,6.8
17.762581,1514,1,subida,0.018801,0.018774,2.107646,2.087375,0.000783,10.108850,6.8,6.8,6.8
17.823913,1515,1,subida,0.018800,0.018776,2.107906,2.088618,0.000783,10.113367,6.8,6.8,6.8
17.884772,1516,1,subida,0.018778,0.018775,2.107906,2.089369,0.000782,10.112909,6.8,6.8,6.8
17.925279,1517,1,subida,0.018795,0.018772,2.106842,2.088919,0.000783,10.112909,6.8,6.8,6.8
17.987411,1518,1,subida,0.018790,0.018771,2.107244,2.088150,0.000783,10.111872,6.8,6.8,6.8
18.051090,1519,1,subida,0.018777,0.018773,2.107977,2.088931,0.000783,10.111872,6.8,6.8,6.8
18.114048,1520,1,subida,0.018785,0.018778,2.108889,2.090623,0.000783,10.113855,6.8,6.8,6.8
18.187845,1521,1,subida,0.018790,0.018784,2.107581,2.090540,0.000783,10.120813,6.8,6.8,6.8
18.262373,1522,1,subida,0.018795,0.018784,2.107581,2.089291,0.000783,10.112970,6.8,6.8,6.8
18.314771,1523,1,subida,0.018791,0.018782,2.108490,2.088588,0.000783,10.112970,6.8,6.8,6.8
18.356701,1524,1,subida,0.018791,0.018782,2.108889,2.088588,0.000784,10.107904,6.8,6.8,6.8
18.398557,1525,1,subida,0.018789,0.018784,2.108573,2.089798,0.000784,10.106073,6.8,6.8,6.8
18.472723,1526,1,subida,0.018790,0.018779,2.107646,2.089798,0.000783,10.115870,6.8,6.8,6.8
18.515185,1527,1,subida,0.018786,0.018782,2.107646,2.089226,0.000784,10.112909,6.8,6.8,6.8
18.556771,1528,1,subida,0.018797,0.018782,2.108958,2.088656,0.000783,10.112909,6.8,6.8,6.8
18.608131,1529,1,subida,0.018786,0.018784,2.108970,2.088656,0.000784,10.115961,6.8,6.8,6.8
18.650274,1530,1,subida,0.018801,0.018784,2.108970,2.090248,0.000784,10.116571,6.8,6.8,6.8
18.681260,1531,1,subida,0.018785,0.018784,2.108478,2.090817,0.000784,10.116571,6.8,6.8,6.8
18.733480,1532,1,subida,0.018805,0.018785,2.107965,2.090817,0.000784,10.112604,6.8,6.8,6.8
18.775536,1533,1,subida,0.018784,0.018785,2.107965,2.089410,0.000783,10.106318,6.8,6.8,6.8
18.806687,1534,1,subida,0.018809,0.018785,2.108761,2.088916,0.000784,10.106318,6.8,6.8,6.8
18.847768,1535,1,subida,0.018783,0.018785,2.109360,2.088916,0.000784,10.117609,6.8,6.8,6.8
18.889685,1536,1,subida,0.018810,0.018784,2.109360,2.089220,0.000784,10.110712,6.8,6.8,6.8
18.931530,1537,1,subida,0.018778,0.018779,2.108150,2.089384,0.000783,10.110712,6.8,6.8,6.8
18.994894,1538,1,subida,0.018773,0.018776,2.107429,2.089756,0.000783,10.109278,6.8,6.8,6.8
19.079549,1539,1,subida,0.018776,0.018779,2.109348,2.089092,0.000784,10.113367,6.8,6.8,6.8
19.142187,1540,1,subida,0.018815,0.018781,2.109348,2.089047,0.000784,10.110895,6.8,6.8,6.8
19.184022,1541,1,subida,0.018778,0.018781,2.108219,2.089825,0.000783,10.110895,6.8,6.8,6.8
19.247309,1542,1,subida,0.018778,0.018783,2.108642,2.089837,0.000783,10.110559,6.8,6.8,6.8
19.321290,1543,1,subida,0.018780,0.018784,2.108690,2.089333,0.000783,10.113092,6.8,6.8,6.8
19.393894,1544,1,subida,0.018820,0.018781,2.108690,2.088370,0.000784,10.113733,6.8,6.8,6.8
19.436440,1545,1,subida,0.018777,0.018779,2.108976,2.089750,0.000783,10.113733,6.8,6.8,6.8
19.489324,1546,1,subida,0.018774,0.018775,2.107831,2.089670,0.000783,10.114832,6.8,6.8,6.8
19.563481,1547,1,subida,0.018817,0.018778,2.107158,2.088647,0.000783,10.114832,6.8,6.8,6.8
19.599916,1548,1,subida,0.018776,0.018779,2.108529,2.088647,0.000783,10.114710,6.8,6.8,6.8
19.645340,1549,1,subida,0.018817,0.018779,2.108529,2.088409,0.000783,10.115076,6.8,6.799,6.8
19.686645,1550,1,subida,0.018777,0.018778,2.108475,2.089774,0.000783,10.115076,6.8,6.8,6.8
19.749148,1551,1,subida,0.018778,0.018778,2.107840,2.089702,0.000783,10.110712,6.8,6.8,6.8
19.811469,1552,1,subida,0.018812,0.018776,2.106746,2.089208,0.000783,10.110712,6.8,6.8,6.8
19.864397,1553,1,subida,0.018812,0.018779,2.108898,2.088561,0.000783,10.115015,6.8,6.8,6.8
19.948951,1554,1,subida,0.018808,0.018777,2.108824,2.089884,0.000784,10.118555,6.8,6.8,6.8
0.072003,1556,1,bajada,0.017408,0.017407,2.079856,2.062028,0.000764,10.108667,6.5,6.489,6.5
0.113570,1557,1,bajada,0.017429,0.017406,2.079933,2.062028,0.000764,10.116205,6.5,6.488,6.5
0.176166,1558,1,bajada,0.017425,0.017406,2.079149,2.062263,0.000764,10.117365,6.5,6.489,6.5
0.238959,1559,1,bajada,0.017410,0.017408,2.079909,2.062263,0.000764,10.121088,6.5,6.489,6.5
0.280873,1560,1,bajada,0.017426,0.017407,2.079909,2.062129,0.000763,10.111628,6.5,6.488,6.5
0.343035,1561,1,bajada,0.017419,0.017404,2.080511,2.062284,0.000764,10.115686,6.5,6.489,6.5
0.406454,1562,1,bajada,0.017412,0.017408,2.080511,2.063113,0.000764,10.116877,6.5,6.489,6.5
0.459347,1563,1,bajada,0.017413,0.017410,2.078515,2.062746,0.000764,10.116205,6.5,6.488,6.5
0.532881,1564,1,bajada,0.017416,0.017406,2.078515,2.061828,0.000764,10.115320,6.5,6.488,6.5
0.574258,1565,1,bajada,0.017414,0.017407,2.080586,2.061435,0.000764,10.115320,6.5,6.489,6.5
0.616114,1566,1,bajada,0.017414,0.017408,2.080964,2.061435,0.000764,10.122736,6.5,6.488,6.5
0.668320,1567,1,bajada,0.017414,0.017410,2.080011,2.062862,0.000764,10.119898,6.5,6.488,6.5
0.742025,1568,1,bajada,0.017420,0.017408,2.078223,2.062862,0.000763,10.119593,6.5,6.489,6.5
0.773790,1569,1,bajada,0.017407,0.017404,2.078223,2.061369,0.000763,10.106379,6.5,6.488,6.5
0.826011,1570,1,bajada,0.017413,0.017398,2.078878,2.061050,0.000763,10.106379,6.5,6.488,6.5
0.868252,1571,1,bajada,0.017399,0.017400,2.079680,2.061050,0.000763,10.117914,6.5,6.488,6.5
0.921019,1572,1,bajada,0.017400,0.017401,2.078854,2.061849,0.000763,10.115625,6.5,6.488,6.5
0.984076,1573,1,bajada,0.017422,0.017403,2.079149,2.061849,0.000764,10.123865,6.5,6.488,6.5
1.036085,1574,1,bajada,0.017401,0.017404,2.079149,2.061590,0.000763,10.118738,6.5,6.488,6.5
1.077870,1575,1,bajada,0.017427,0.017402,2.079316,2.061205,0.000763,10.118738,6.5,6.488,6.5
1.119319,1576,1,bajada,0.017398,0.017400,2.079036,2.061205,0.000763,10.112238,6.5,6.488,6.5
1.161073,1577,1,bajada,0.017425,0.017398,2.079036,2.060806,0.000763,10.109766,6.5,6.488,6.5
1.192346,1578,1,bajada,0.017393,0.017397,2.078765,2.062448,0.000763,10.109766,6.5,6.488,6.5
1.245205,1579,1,bajada,0.017425,0.017396,2.078175,2.062448,0.000763,10.113092,6.5,6.488,6.5
1.287007,1580,1,bajada,0.017389,0.017392,2.078175,2.061089,0.000763,10.117487,6.5,6.488,6.5
1.339700,1581,1,bajada,0.017384,0.017389,2.079620,2.060115,0.000763,10.121515,6.5,6.488,6.5
1.403357,1582,1,bajada,0.017427,0.017393,2.079620,2.060329,0.000763,10.112177,6.5,6.488,6.5
1.456599,1583,1,bajada,0.017389,0.017394,2.078783,2.061876,0.000763,10.112177,6.488,6.5,6.5
1.498633,1584,1,bajada,0.017431,0.017396,2.078792,2.061876,0.000763,10.120081,6.5,6.487,6.5
1.561798,1585,1,bajada,0.017433,0.017396,2.077641,2.061101,0.000763,10.111078,6.5,6.488,6.5
1.615255,1586,1,bajada,0.017392,0.017396,2.079436,2.061101,0.000763,10.118677,6.487,6.5,6.5
1.656656,1587,1,bajada,0.017432,0.017395,2.079436,2.060240,0.000764,10.116816,6.5,6.487,6.5
1.719748,1588,1,bajada,0.017433,0.017396,2.078509,2.061807,0.000763,10.117914,6.5,6.487,6.5
1.782707,1589,1,bajada,0.017388,0.017389,2.078509,2.061635,0.000762,10.117975,6.487,6.5,6.5
1.824679,1590,1,bajada,0.017423,0.017386,2.077859,2.060732,0.000763,10.117975,6.5,6.488,6.5
1.867039,1591,1,bajada,0.017385,0.017388,2.078813,2.060732,0.000763,10.115564,6.487,6.5,6.5
1.929072,1592,1,bajada,0.017394,0.017393,2.080181,2.062293,0.000763,10.112543,6.5,6.488,6.5
2.000825,1593,1,bajada,0.017432,0.017398,2.079355,2.062293,0.000763,10.125269,6.5,6.487,6.5
2.031473,1594,1,bajada,0.017398,0.017398,2.079355,2.062696,0.000763,10.110590,6.5,6.487,6.5
2.072848,1595,1,bajada,0.017429,0.017397,2.078804,2.062201,0.000764,10.110590,6.5,6.487,6.5
2.114685,1596,1,bajada,0.017398,0.017398,2.078789,2.062201,0.000763,10.115625,6.5,6.487,6.5
2.166721,1597,1,bajada,0.017426,0.017397,2.078789,2.060556,0.000763,10.115870,6.5,6.487,6.5
2.197137,1598,1,bajada,0.017397,0.017396,2.079742,2.061837,0.000763,10.115870,6.5,6.487,6.5
2.248798,1599,1,bajada,0.017423,0.017397,2.079817,2.061837,0.000764,10.117121,6.5,6.487,6.5
2.279481,1600,1,bajada,0.017398,0.017397,2.079817,2.062600,0.000763,10.117853,6.5,6.487,6.5
2.340297,1601,1,bajada,0.017415,0.017391,2.078383,2.061319,0.000763,10.117853,6.5,6.487,6.5
2.390729,1602,1,bajada,0.017418,0.017395,2.079310,2.061897,0.000765,10.118097,6.5,6.487,6.5
2.452109,1603,1,bajada,0.017405,0.017402,2.081021,2.061688,0.000763,10.118097,6.5,6.487,6.5
2.503690,1604,1,bajada,0.017422,0.017405,2.080744,2.061688,0.000764,10.116266,6.5,6.487,6.5
2.534569,1605,1,bajada,0.017408,0.017405,2.080744,2.063253,0.000764,10.112665,6.5,6.486,6.5
2.586721,1606,1,bajada,0.017421,0.017406,2.079969,2.063313,0.000764,10.112665,6.5,6.487,6.5
2.617478,1607,1,bajada,0.017410,0.017407,2.079909,2.063313,0.000764,10.119654,6.5,6.486,6.5
2.680544,1608,1,bajada,0.017411,0.017407,2.080622,2.061816,0.000764,10.114893,6.5,6.487,6.5
2.742830,1609,1,bajada,0.017414,0.017404,2.080338,2.061816,0.000764,10.116632,6.5,6.486,6.5
2.806211,1610,1,bajada,0.017407,0.017401,2.079862,2.062305,0.000764,10.118402,6.5,6.487,6.5
2.879702,1611,1,bajada,0.017406,0.017402,2.079146,2.062305,0.000764,10.121881,6.5,6.486,6.5
2.921703,1612,1,bajada,0.017408,0.017402,2.079146,2.062812,0.000764,10.111933,6.5,6.486,6.5
2.953507,1613,1,bajada,0.017412,0.017400,2.079704,2.060794,0.000763,10.111933,6.5,6.486,6.5
3.006175,1614,1,bajada,0.017402,0.017399,2.080380,2.060794,0.000764,10.115198,6.5,6.486,6.5
3.038063,1615,1,bajada,0.017412,0.017398,2.080380,2.062329,0.000764,10.116510,6.5,6.487,6.5
3.100499,1616,1,bajada,0.017413,0.017398,2.078985,2.062219,0.000763,10.121943,6.5,6.486,6.5
3.173954,1617,1,bajada,0.017397,0.017398,2.078985,2.062150,0.000764,10.115900,6.5,6.486,6.5
3.205652,1618,1,bajada,0.017455,0.017452,2.100544,2.083638,0.000779,10.115900,6.5,6.486,6.5
3.253311,1619,1,bajada,0.017502,0.017519,2.099069,2.083638,0.000778,10.116816,6.5,6.486,6.5
3.288988,1620,1,bajada,0.017552,0.017531,2.099069,2.079960,0.000777,10.120508,6.5,6.486,6.5
3.341565,1621,1,bajada,0.017532,0.017538,2.097406,2.080717,0.000776,10.120508,6.5,6.486,6.5
3.372437,1622,1,bajada,0.017565,0.017541,2.093267,2.080717,0.000773,10.113428,6.5,6.486,6.5
3.424783,1623,1,bajada,0.017499,0.017478,2.093267,2.061533,0.000764,10.115015,6.5,6.486,6.5
3.466667,1624,1,bajada,0.017483,0.017437,2.078616,2.060297,0.000763,10.115015,6.5,6.486,6.5
3.518937,1625,1,bajada,0.017439,0.017412,2.079170,2.060490,0.000763,10.114588,6.5,6.486,6.5
3.582545,1626,1,bajada,0.017391,0.017394,2.077984,2.061584,0.000763,10.114588,6.5,6.486,6.5
3.624517,1627,1,bajada,0.017425,0.017391,2.077680,2.061584,0.000763,10.116510,6.5,6.486,6.5
3.667304,1628,1,bajada,0.017384,0.017389,2.077680,2.061742,0.000763,10.116388,6.5,6.486,6.5
3.709306,1629,1,bajada,0.017424,0.017387,2.077856,2.060869,0.000763,10.116388,6.5,6.486,6.5
3.751614,1630,1,bajada,0.017383,0.017388,2.079149,2.060869,0.000763,10.113977,6.5,6.485,6.5
3.793447,1631,1,bajada,0.017423,0.017386,2.079149,2.060589,0.000763,10.111200,6.5,6.486,6.5
3.834609,1632,1,bajada,0.017379,0.017383,2.079006,2.061903,0.000763,10.111200,6.5,6.486,6.5
3.875840,1633,1,bajada,0.017422,0.017385,2.078187,2.061903,0.000763,10.117060,6.5,6.486,6.5
3.929786,1634,1,bajada,0.017425,0.017387,2.077889,2.060550,0.000763,10.124170,6.5,6.485,6.5
4.014235,1635,1,bajada,0.017422,0.017386,2.078419,2.060067,0.000763,10.116205,6.5,6.485,6.5
4.087628,1636,1,bajada,0.017383,0.017385,2.078965,2.061515,0.000762,10.116205,6.5,6.485,6.5
4.150935,1637,1,bajada,0.017382,0.017383,2.078202,2.061077,0.000763,10.111689,6.5,6.485,6.5
4.224207,1638,1,bajada,0.017381,0.017383,2.077916,2.060314,0.000762,10.118280,6.5,6.485,6.5
4.297656,1639,1,bajada,0.017412,0.017378,2.077916,2.059739,0.000763,10.111139,6.5,6.485,6.5
4.361236,1640,1,bajada,0.017407,0.017376,2.078473,2.060216,0.000763,10.116205,6.5,6.485,6.5
4.423973,1641,1,bajada,0.017382,0.017382,2.078473,2.061712,0.000763,10.115259,6.5,6.485,6.5
4.455277,1642,1,bajada,0.017409,0.017382,2.077960,2.061360,0.000763,10.115259,6.485,6.5,6.5
4.518663,1643,1,bajada,0.017411,0.017385,2.078592,2.061012,0.000763,10.115747,6.5,6.485,6.5
4.580366,1644,1,bajada,0.017390,0.017388,2.079793,2.060797,0.000763,10.115747,6.5,6.485,6.5
4.632449,1645,1,bajada,0.017410,0.017389,2.079236,2.060797,0.000763,10.111322,6.5,6.485,6.5
4.673016,1646,1,bajada,0.017391,0.017389,2.079236,2.062374,0.000763,10.118982,6.5,6.485,6.5
4.724903,1647,1,bajada,0.017392,0.017389,2.077817,2.061188,0.000763,10.121637,6.5,6.485,6.5
4.809684,1648,1,bajada,0.017377,0.017372,2.081349,2.062323,0.000765,10.112543,6.5,6.484,6.5
4.872564,1649,1,bajada,0.017399,0.017387,2.080756,2.062323,0.000765,10.119654,6.5,6.484,6.5
4.924683,1650,1,bajada,0.017400,0.017397,2.080756,2.064239,0.000765,10.116083,6.485,6.5,6.5
4.956600,1651,1,bajada,0.017409,0.017399,2.080487,2.063533,0.000764,10.116083,6.5,6.484,6.5
5.030014,1652,1,bajada,0.017407,0.017399,2.079626,2.062734,0.000765,10.110804,6.5,6.484,6.5
5.082688,1653,1,bajada,0.017409,0.017399,2.081066,2.062296,0.000764,10.110804,6.484,6.5,6.5
5.135201,1654,1,bajada,0.017406,0.017400,2.080890,2.062296,0.000764,10.114527,6.5,6.485,6.5
5.166981,1655,1,bajada,0.017411,0.017400,2.080890,2.063563,0.000764,10.118219,6.484,6.5,6.5
5.209412,1656,1,bajada,0.017402,0.017398,2.079581,2.063581,0.000764,10.118219,6.5,6.484,6.5
5.252085,1657,1,bajada,0.017411,0.017397,2.079054,2.063581,0.000764,10.119043,6.484,6.5,6.5
5.294724,1658,1,bajada,0.017396,0.017394,2.079054,2.062088,0.000764,10.117609,6.5,6.484,6.5
5.337643,1659,1,bajada,0.017409,0.017392,2.080362,2.061521,0.000764,10.117609,6.484,6.5,6.5
5.390324,1660,1,bajada,0.017392,0.017391,2.080189,2.061521,0.000764,10.116755,6.5,6.485,6.5
5.422527,1661,1,bajada,0.017412,0.017392,2.080189,2.062791,0.000764,10.111628,6.5,6.484,6.5
5.464410,1662,1,bajada,0.017392,0.017394,2.080318,2.063953,0.000764,10.111628,6.5,6.484,6.5
5.515484,1663,1,bajada,0.017418,0.017397,2.079802,2.063953,0.000765,10.115015,6.5,6.484,6.5
5.547462,1664,1,bajada,0.017395,0.017398,2.079802,2.063271,0.000764,10.111750,6.5,6.485,6.5
5.610375,1665,1,bajada,0.017395,0.017399,2.081069,2.062913,0.000764,10.123987,6.5,6.484,6.5
5.673508,1666,1,bajada,0.017427,0.017398,2.081069,2.062764,0.000764,10.111628,6.5,6.484,6.5
5.715500,1667,1,bajada,0.017392,0.017396,2.080726,2.063822,0.000764,10.111628,6.5,6.484,6.5
5.757499,1668,1,bajada,0.017428,0.017397,2.080008,2.063822,0.000764,10.111750,6.5,6.483,6.5
5.799695,1669,1,bajada,0.017390,0.017395,2.080008,2.063438,0.000764,10.115503,6.5,6.484,6.5
5.842201,1670,1,bajada,0.017428,0.017393,2.080258,2.062654,0.000765,10.115503,6.5,6.484,6.5
5.884358,1671,1,bajada,0.017390,0.017397,2.081864,2.062654,0.000764,10.119715,6.5,6.484,6.5
5.925964,1672,1,bajada,0.017435,0.017399,2.081864,2.062439,0.000765,10.111933,6.5,6.484,6.5
5.968263,1673,1,bajada,0.017394,0.017399,2.081033,2.063915,0.000764,10.111933,6.5,6.484,6.5
6.020381,1674,1,bajada,0.017394,0.017398,2.080222,2.063640,0.000765,10.111078,6.5,6.484,6.5
6.093273,1675,1,bajada,0.017435,0.017397,2.079808,2.063015,0.000764,10.111078,6.5,6.484,6.5
6.144471,1676,1,bajada,0.017394,0.017398,2.081200,2.063015,0.000764,10.112665,6.5,6.483,6.5
6.175231,1677,1,bajada,0.017435,0.017398,2.081200,2.062088,0.000765,10.111506,6.5,6.484,6.5
6.226785,1678,1,bajada,0.017395,0.017398,2.081534,2.063596,0.000764,10.111506,6.5,6.483,6.5
6.256485,1679,1,bajada,0.017434,0.017398,2.079778,2.063596,0.000764,10.118677,6.5,6.484,6.5
6.309433,1680,1,bajada,0.017392,0.017392,2.079778,2.062997,0.000764,10.108179,6.5,6.483,6.5
6.351363,1681,1,bajada,0.017426,0.017391,2.079555,2.062490,0.000764,10.108179,6.5,6.484,6.5
6.409034,1682,1,bajada,0.017428,0.017394,2.080473,2.062061,0.000764,10.115870,6.5,6.483,6.5
6.464362,1683,1,bajada,0.017396,0.017396,2.081051,2.063751,0.000764,10.115870,6.5,6.484,6.5
6.515664,1684,1,bajada,0.017432,0.017403,2.080383,2.063751,0.000764,10.114405,6.5,6.488,6.5
6.546930,1685,1,bajada,0.017407,0.017408,2.080383,2.063247,0.000764,10.113337,6.5,6.49,6.5
6.589257,1686,1,bajada,0.017446,0.017418,2.079850,2.063462,0.000765,10.113337,6.5,6.495,6.5
6.641508,1687,1,bajada,0.017429,0.017434,2.080997,2.063462,0.000765,10.119654,6.5,6.498,6.5
6.673322,1688,1,bajada,0.017467,0.017443,2.080997,2.063196,0.000765,10.114893,6.5,6.499,6.5
6.715731,1689,1,bajada,0.017451,0.017451,2.081349,2.063491,0.000764,10.114893,6.5,6.5,6.5
6.768310,1690,1,bajada,0.017478,0.017456,2.081498,2.063491,0.000765,10.120081,6.5,6.501,6.5
6.810718,1691,1,bajada,0.017460,0.017458,2.081498,2.064177,0.000764,10.116571,6.5,6.503,6.5
6.851685,1692,1,bajada,0.017479,0.017460,2.080714,2.064054,0.000764,10.116571,6.5,6.503,6.5
6.903943,1693,1,bajada,0.017486,0.017467,2.080571,2.062958,0.000765,10.118677,6.5,6.503,6.5
6.967775,1694,1,bajada,0.017474,0.017471,2.082133,2.063098,0.000765,10.118677,6.5,6.504,6.5
7.031605,1695,1,bajada,0.017480,0.017474,2.081742,2.064582,0.000764,10.118219,6.5,6.504,6.5
7.102495,1696,1,bajada,0.017489,0.017477,2.081462,2.064311,0.000765,10.118219,6.5,6.504,6.5
7.143372,1697,1,bajada,0.017482,0.017477,2.080410,2.064311,0.000764,10.114649,6.5,6.504,6.5
7.173941,1698,1,bajada,0.017486,0.017476,2.080410,2.062815,0.000765,10.114344,6.5,6.504,6.5
7.237210,1699,1,bajada,0.017481,0.017474,2.080979,2.062508,0.000764,10.120081,6.5,6.504,6.5
7.300735,1700,1,bajada,0.017479,0.017470,2.080979,2.063715,0.000764,10.114893,6.5,6.504,6.5
7.363637,1701,1,bajada,0.017476,0.017465,2.079897,2.063298,0.000764,10.122553,6.5,6.504,6.5
7.427438,1702,1,bajada,0.017471,0.017468,2.079897,2.063023,0.000764,10.117182,6.5,6.504,6.5
7.479559,1703,1,bajada,0.017483,0.017471,2.080964,2.062600,0.000765,10.117182,6.5,6.504,6.5
7.521900,1704,1,bajada,0.017472,0.017472,2.081563,2.062600,0.000765,10.124414,6.5,6.504,6.5
7.563246,1705,1,bajada,0.017488,0.017472,2.081563,2.063426,0.000764,10.115198,6.5,6.504,6.5
7.604626,1706,1,bajada,0.017471,0.017470,2.080124,2.063628,0.000764,10.115198,6.5,6.504,6.5
7.646034,1707,1,bajada,0.017489,0.017469,2.079403,2.063628,0.000764,10.111139,6.5,6.504,6.5
7.676355,1708,1,bajada,0.017467,0.017468,2.079403,2.062573,0.000764,10.116816,6.5,6.504,6.5
7.717335,1709,1,bajada,0.017492,0.017469,2.080914,2.063187,0.000765,10.116816,6.5,6.503,6.5
7.757745,1710,1,bajada,0.017467,0.017470,2.081635,2.063187,0.000764,10.120569,6.503,6.5,6.5
7.799150,1711,1,bajada,0.017494,0.017468,2.081635,2.063342,0.000765,10.116144,6.5,6.503,6.5
7.851154,1712,1,bajada,0.017459,0.017463,2.080243,2.063649,0.000764,10.116144,6.5,6.503,6.5
7.904188,1713,1,bajada,0.017461,0.017465,2.080219,2.062627,0.000765,10.113092,6.5,6.503,6.5
7.967454,1714,1,bajada,0.017498,0.017466,2.079936,2.062809,0.000765,10.113092,6.5,6.503,6.5
8.008544,1715,1,bajada,0.017460,0.017465,2.080598,2.062809,0.000764,10.115686,6.5,6.503,6.5
8.050225,1716,1,bajada,0.017498,0.017463,2.080598,2.061828,0.000764,10.117548,6.5,6.503,6.5
8.102140,1717,1,bajada,0.017460,0.017465,2.081137,2.063980,0.000764,10.117548,6.5,6.503,6.5
8.153506,1718,1,bajada,0.017458,0.017465,2.079659,2.062439,0.000764,10.112604,6.502,6.5,6.5
8.226420,1719,1,bajada,0.017499,0.017461,2.079647,2.062511,0.000764,10.112604,6.5,6.502,6.5
8.279410,1720,1,bajada,0.017499,0.017463,2.080967,2.062418,0.000764,10.110071,6.5,6.502,6.5
8.364096,1721,1,bajada,0.017497,0.017458,2.080157,2.063706,0.000764,10.115259,6.5,6.502,6.5
8.437617,1722,1,bajada,0.017459,0.017463,2.080157,2.063742,0.000764,10.118280,6.5,6.502,6.5
8.501216,1723,1,bajada,0.017460,0.017462,2.080344,2.062594,0.000764,10.115900,6.5,6.502,6.5
8.553801,1724,1,bajada,0.017497,0.017461,2.080344,2.061691,0.000764,10.116022,6.502,6.5,6.5
8.596602,1725,1,bajada,0.017459,0.017460,2.080896,2.063068,0.000764,10.116022,6.5,6.502,6.5
8.659660,1726,1,bajada,0.017461,0.017461,2.081140,2.063578,0.000764,10.111628,6.5,6.502,6.5
8.733617,1727,1,bajada,0.017494,0.017462,2.079883,2.062597,0.000764,10.111628,6.5,6.502,6.5
8.764938,1728,1,bajada,0.017460,0.017460,2.080064,2.062597,0.000763,10.119959,6.5,6.502,6.5
8.806301,1729,1,bajada,0.017486,0.017456,2.080064,2.062076,0.000764,10.122614,6.502,6.5,6.5
8.858626,1730,1,bajada,0.017453,0.017452,2.080768,2.062228,0.000763,10.122614,6.5,6.502,6.5
8.900759,1731,1,bajada,0.017482,0.017457,2.080383,2.062228,0.000764,10.111628,6.5,6.501,6.5
8.932312,1732,1,bajada,0.017459,0.017457,2.080383,2.063026,0.000763,10.114344,6.5,6.502,6.5
8.973764,1733,1,bajada,0.017481,0.017457,2.079307,2.062046,0.000764,10.114344,6.5,6.501,6.5
9.016179,1734,1,bajada,0.017456,0.017452,2.067020,2.062046,0.000755,10.116449,6.5,6.502,6.5
9.057624,1735,1,bajada,0.017432,0.017405,2.067020,2.048903,0.000755,10.111139,6.5,6.501,6.5
9.111148,1736,1,bajada,0.017382,0.017373,2.067923,2.050596,0.000756,10.111139,6.5,6.501,6.5
9.143301,1737,1,bajada,0.017387,0.017366,2.068468,2.050596,0.000756,10.111139,6.5,6.501,6.5
9.185449,1738,1,bajada,0.017368,0.017365,2.068468,2.052500,0.000756,10.107050,6.5,6.501,6.5
9.227494,1739,1,bajada,0.017379,0.017362,2.069502,2.050056,0.000756,10.107050,6.5,6.501,6.5
9.269974,1740,1,bajada,0.017360,0.017354,2.066898,2.050056,0.000755,10.119043,6.5,6.501,6.5
9.311973,1741,1,bajada,0.017363,0.017348,2.066898,2.049535,0.000756,10.114527,6.5,6.501,6.5
9.353868,1742,1,bajada,0.017352,0.017346,2.068027,2.049747,0.000755,10.114527,6.5,6.501,6.5
9.406980,1743,1,bajada,0.017346,0.017343,2.066159,2.049523,0.000755,10.117548,6.5,6.501,6.5
9.480880,1744,1,bajada,0.017346,0.017338,2.065390,2.049588,0.000755,10.117548,6.5,6.501,6.5
9.521943,1745,1,bajada,0.017344,0.017336,2.064826,2.049588,0.000754,10.119593,6.5,6.5,6.5
9.564419,1746,1,bajada,0.017359,0.017377,2.064826,2.076846,0.000770,10.119226,6.5,6.501,6.5
9.606669,1747,1,bajada,0.017461,0.017475,2.098026,2.080714,0.000777,10.119226,6.5,6.5,6.5
9.648342,1748,1,bajada,0.017528,0.017536,2.098327,2.080714,0.000776,10.115442,6.5,6.5,6.5
9.700725,1749,1,bajada,0.017536,0.017559,2.084404,2.077424,0.000773,10.116144,6.5,6.5,6.5
9.784552,1750,1,bajada,0.017545,0.017549,2.092364,2.077433,0.000769,10.120966,6.5,6.5,6.5
9.878998,1751,1,bajada,0.017530,0.017531,2.091500,2.071192,0.000772,10.121637,6.5,6.5,6.5
9.941310,1752,1,bajada,0.017560,0.017541,2.091500,2.074482,0.000771,10.120630,6.5,6.5,6.5
9.983473,1753,1,bajada,0.017527,0.017508,2.071517,2.056884,0.000758,10.120630,6.5,6.501,6.5
10.024937,1754,1,bajada,0.017522,0.017528,2.105814,2.056884,0.000783,10.115381,6.5,6.5,6.5
10.066683,1755,1,bajada,0.017576,0.017597,2.105814,2.089884,0.000783,10.114893,6.5,6.5,6.5
10.108781,1756,1,bajada,0.017655,0.017634,2.106711,2.048823,0.000769,10.114893,6.5,6.5,6.5
10.150236,1757,1,bajada,0.017532,0.017505,2.066942,2.048823,0.000754,10.118097,6.5,6.5,6.5
10.201510,1758,1,bajada,0.017385,0.017414,2.066007,2.048733,0.000754,10.117914,6.5,6.5,6.5
10.274414,1759,1,bajada,0.017393,0.017356,2.064785,2.048733,0.000754,10.117121,6.5,6.5,6.5
10.325270,1760,1,bajada,0.017340,0.017341,2.064785,2.048873,0.000754,10.105524,6.5,6.5,6.5
10.355945,1761,1,bajada,0.017374,0.017347,2.070638,2.058300,0.000761,10.105524,6.5,6.5,6.5
10.396797,1762,1,bajada,0.017369,0.017379,2.076545,2.058300,0.000761,10.122065,6.5,6.499,6.5
10.458387,1763,1,bajada,0.017406,0.017406,2.077048,2.056077,0.000760,10.112604,6.5,6.5,6.5
10.521199,1764,1,bajada,0.017439,0.017400,2.069961,2.056077,0.000758,10.116083,6.5,6.5,6.5
10.563951,1765,1,bajada,0.017385,0.017387,2.069961,2.053251,0.000759,10.116327,6.5,6.499,6.5
10.626559,1766,1,bajada,0.017390,0.017394,2.075570,2.056616,0.000761,10.116205,6.5,6.5,6.5
10.689999,1767,1,bajada,0.017438,0.017401,2.075570,2.057629,0.000761,10.118402,6.5,6.499,6.5
10.732008,1768,1,bajada,0.017404,0.017406,2.075862,2.057570,0.000760,10.118402,6.5,6.499,6.5
10.773440,1769,1,bajada,0.017438,0.017400,2.072003,2.057570,0.000759,10.124170,6.5,6.5,6.5
10.815472,1770,1,bajada,0.017393,0.017399,2.072003,2.060529,0.000764,10.114161,6.5,6.499,6.5
10.857425,1771,1,bajada,0.017449,0.017415,2.078542,2.061816,0.000764,10.114161,6.5,6.5,6.5
10.910668,1772,1,bajada,0.017427,0.017433,2.079850,2.061816,0.000764,10.116510,6.5,6.499,6.5
10.942004,1773,1,bajada,0.017469,0.017437,2.079850,2.061199,0.000764,10.112177,6.5,6.499,6.5
10.994111,1774,1,bajada,0.017438,0.017439,2.080023,2.062648,0.000764,10.112177,6.5,6.499,6.5
11.024896,1775,1,bajada,0.017474,0.017443,2.080014,2.062648,0.000764,10.120966,6.5,6.499,6.5
11.067536,1776,1,bajada,0.017446,0.017446,2.080014,2.063226,0.000763,10.118433,6.5,6.499,6.5
11.109791,1777,1,bajada,0.017471,0.017441,2.075809,2.063131,0.000764,10.118433,6.5,6.499,6.5
11.152464,1778,1,bajada,0.017443,0.017442,2.080306,2.063131,0.000764,10.118525,6.499,6.5,6.5
11.195114,1779,1,bajada,0.017473,0.017447,2.080306,2.062177,0.000764,10.115198,6.5,6.499,6.5
11.236337,1780,1,bajada,0.017450,0.017447,2.080988,2.063518,0.000764,10.115198,6.499,6.5,6.5
11.287260,1781,1,bajada,0.017471,0.017444,2.079027,2.063518,0.000764,10.122919,6.5,6.499,6.5
11.318045,1782,1,bajada,0.017442,0.017439,2.079027,2.061646,0.000763,10.108240,6.5,6.499,6.5
11.358825,1783,1,bajada,0.017463,0.017443,2.080821,2.064111,0.000765,10.108240,6.5,6.498,6.5
11.400032,1784,1,bajada,0.017453,0.017452,2.081593,2.064111,0.000765,10.115778,6.5,6.499,6.5
11.441689,1785,1,bajada,0.017476,0.017458,2.081593,2.064329,0.000766,10.118097,6.5,6.498,6.5
11.483875,1786,1,bajada,0.017464,0.017460,2.082454,2.063214,0.000765,10.118097,6.5,6.499,6.5
11.556932,1787,1,bajada,0.017467,0.017463,2.082773,2.064838,0.000765,10.116327,6.499,6.5,6.5
11.609540,1788,1,bajada,0.017476,0.017462,2.081614,2.064809,0.000765,10.116327,6.5,6.498,6.5
11.651958,1789,1,bajada,0.017466,0.017461,2.081003,2.064809,0.000765,10.117548,6.5,6.499,6.5
11.694038,1790,1,bajada,0.017472,0.017460,2.081003,2.063631,0.000765,10.117304,6.5,6.498,6.5
11.746354,1791,1,bajada,0.017467,0.017462,2.082928,2.063727,0.000766,10.117304,6.5,6.499,6.5
11.777626,1792,1,bajada,0.017470,0.017460,2.082422,2.063727,0.000766,10.120630,6.5,6.498,6.5
11.827869,1793,1,bajada,0.017466,0.017457,2.082422,2.065673,0.000766,10.118402,6.5,6.499,6.5
11.871546,1794,1,bajada,0.017464,0.017458,2.082076,2.065032,0.000765,10.118402,6.498,6.5,6.5
11.903516,1795,1,bajada,0.017469,0.017459,2.077662,2.065032,0.000763,10.117609,6.5,6.498,6.5
11.956334,1796,1,bajada,0.017454,0.017447,2.077662,2.060481,0.000763,10.114222,6.498,6.5,6.5
11.987881,1797,1,bajada,0.017458,0.017446,2.080294,2.061322,0.000764,10.114222,6.5,6.498,6.5
12.051223,1798,1,bajada,0.017446,0.017445,2.079638,2.064934,0.000765,10.115076,6.5,6.498,6.5
12.166928,1799,1,bajada,0.017468,0.017459,2.084985,2.064934,0.000768,10.118433,6.5,6.498,6.5
12.197986,1800,1,bajada,0.017465,0.017466,2.084985,2.066168,0.000767,10.121058,6.5,6.498,6.5
12.250629,1801,1,bajada,0.017475,0.017476,2.084320,2.067017,0.000766,10.118433,6.5,6.498,6.5
12.334518,1802,1,bajada,0.017497,0.017472,2.084320,2.066132,0.000767,10.116205,6.5,6.498,6.5
12.365436,1803,1,bajada,0.017470,0.017473,2.084994,2.067875,0.000767,10.116205,6.5,6.498,6.5
12.417414,1804,1,bajada,0.017474,0.017477,2.084707,2.066921,0.000767,10.109217,6.5,6.498,6.5
12.492283,1805,1,bajada,0.017507,0.017476,2.083706,2.065026,0.000766,10.109217,6.5,6.498,6.5
12.544181,1806,1,bajada,0.017501,0.017471,2.083632,2.064803,0.000766,10.118280,6.5,6.498,6.5
12.627489,1807,1,bajada,0.017503,0.017470,2.083030,2.067145,0.000766,10.116266,6.5,6.497,6.5
12.711392,1808,1,bajada,0.017511,0.017475,2.083611,2.066117,0.000767,10.110956,6.5,6.497,6.5
12.785294,1809,1,bajada,0.017471,0.017476,2.084862,2.066117,0.000767,10.119654,6.5,6.497,6.5
12.826810,1810,1,bajada,0.017510,0.017473,2.084862,2.065828,0.000767,10.118860,6.5,6.497,6.5
12.867848,1811,1,bajada,0.017468,0.017472,2.085080,2.067237,0.000767,10.118860,6.5,6.497,6.5
12.928750,1812,1,bajada,0.017475,0.017478,2.084651,2.067348,0.000766,10.120508,6.5,6.497,6.5
13.000027,1813,1,bajada,0.017516,0.017478,2.083527,2.066466,0.000767,10.120508,6.5,6.497,6.5
13.041024,1814,1,bajada,0.017475,0.017477,2.084001,2.066466,0.000766,10.125269,6.5,6.497,6.5
13.071945,1815,1,bajada,0.017511,0.017472,2.084001,2.065005,0.000766,10.110895,6.5,6.497,6.5
13.113647,1816,1,bajada,0.017470,0.017472,2.084553,2.066534,0.000767,10.110895,6.5,6.497,6.5
13.154617,1817,1,bajada,0.017508,0.017471,2.083799,2.066534,0.000767,10.118616,6.5,6.497,6.5
13.197166,1818,1,bajada,0.017470,0.017472,2.083799,2.067044,0.000766,10.117670,6.5,6.497,6.5
13.249716,1819,1,bajada,0.017507,0.017472,2.082603,2.066826,0.000767,10.117670,6.5,6.497,6.5
13.282028,1820,1,bajada,0.017473,0.017474,2.084484,2.066826,0.000767,10.114222,6.5,6.497,6.5
13.323702,1821,1,bajada,0.017505,0.017471,2.084484,2.065580,0.000767,10.108728,6.5,6.497,6.5
13.375439,1822,1,bajada,0.017470,0.017471,2.085035,2.067300,0.000767,10.108728,6.5,6.497,6.5
13.406995,1823,1,bajada,0.017505,0.017474,2.084177,2.067300,0.000767,10.114771,6.5,6.497,6.5
13.460162,1824,1,bajada,0.017475,0.017474,2.084177,2.066796,0.000766,10.108850,6.5,6.497,6.5
13.502741,1825,1,bajada,0.017502,0.017474,2.083530,2.067303,0.000767,10.108850,6.5,6.497,6.5
13.534307,1826,1,bajada,0.017478,0.017479,2.085962,2.067303,0.000768,10.117609,6.5,6.497,6.5
13.586742,1827,1,bajada,0.017510,0.017483,2.085962,2.066808,0.000768,10.116571,6.5,6.497,6.5
13.629379,1828,1,bajada,0.017487,0.017486,2.086242,2.068143,0.000768,10.116571,6.5,6.497,6.5
13.682058,1829,1,bajada,0.017491,0.017487,2.085876,2.069026,0.000768,10.111017,6.5,6.497,6.5
13.744794,1830,1,bajada,0.017511,0.017490,2.086436,2.067896,0.000768,10.111017,6.5,6.497,6.5
13.806770,1831,1,bajada,0.017500,0.017483,2.084255,2.066168,0.000767,10.116144,6.5,6.497,6.5
13.891300,1832,1,bajada,0.017485,0.017479,2.062782,2.066033,0.000752,10.125818,6.5,6.497,6.5
13.954666,1833,1,bajada,0.017396,0.017378,2.062782,2.045628,0.000751,10.111750,6.5,6.497,6.5
13.996932,1834,1,bajada,0.017362,0.017345,2.063059,2.047839,0.000754,10.111750,6.5,6.498,6.5
14.049371,1835,1,bajada,0.017407,0.017362,2.080461,2.068900,0.000765,10.111444,6.5,6.498,6.5
14.122899,1836,1,bajada,0.017433,0.017431,2.083003,2.062281,0.000765,10.111444,6.5,6.498,6.5
14.164326,1837,1,bajada,0.017446,0.017441,2.081236,2.062281,0.000764,10.115870,6.5,6.499,6.5
14.216801,1838,1,bajada,0.017469,0.017459,2.084821,2.065130,0.000766,10.109644,6.5,6.498,6.5
14.310562,1839,1,bajada,0.017471,0.017468,2.080899,2.064388,0.000765,10.111261,6.5,6.499,6.5
14.373225,1840,1,bajada,0.017474,0.017461,2.082907,2.064183,0.000766,10.111261,6.5,6.499,6.5
14.436131,1841,1,bajada,0.017487,0.017472,2.084082,2.065285,0.000765,10.115137,6.5,6.499,6.5
14.519171,1842,1,bajada,0.017491,0.017471,2.087131,2.066042,0.000769,10.121881,6.5,6.5,6.5
14.580372,1843,1,bajada,0.017488,0.017491,2.087131,2.068832,0.000768,10.115381,6.5,6.5,6.5
14.621409,1844,1,bajada,0.017516,0.017494,2.085408,2.068507,0.000768,10.115381,6.5,6.5,6.5
14.662673,1845,1,bajada,0.017495,0.017498,2.086472,2.068507,0.000768,10.109888,6.5,6.5,6.5
14.704435,1846,1,bajada,0.017526,0.017501,2.086472,2.068999,0.000769,10.121820,6.501,6.5,6.5
14.746522,1847,1,bajada,0.017498,0.017502,2.085929,2.068951,0.000768,10.121820,6.5,6.5,6.5
14.798759,1848,1,bajada,0.017530,0.017503,2.085521,2.068951,0.000769,10.121058,6.5,6.501,6.5
14.851334,1849,1,bajada,0.017532,0.017502,2.085694,2.068409,0.000768,10.116571,6.5,6.501,6.5
14.914277,1850,1,bajada,0.017500,0.017505,2.088978,2.068409,0.000770,10.115076,6.5,6.501,6.5
14.966294,1851,1,bajada,0.017547,0.017519,2.088978,2.070847,0.000770,10.116388,6.5,6.501,6.5
14.998214,1852,1,bajada,0.017517,0.017523,2.088895,2.071898,0.000770,10.116388,6.5,6.501,6.5
15.039365,1853,1,bajada,0.017559,0.017524,2.088364,2.071898,0.000770,10.114527,6.5,6.502,6.5
15.102342,1854,1,bajada,0.017561,0.017526,2.087637,2.070066,0.000769,10.115900,6.502,6.5,6.5
15.176595,1855,1,bajada,0.017519,0.017523,2.088206,2.070066,0.000769,10.115198,6.502,6.5,6.5
15.219413,1856,1,bajada,0.017560,0.017524,2.088206,2.069619,0.000770,10.116205,6.5,6.502,6.5
15.261027,1857,1,bajada,0.017558,0.017521,2.086782,2.070778,0.000769,10.118219,6.502,6.5,6.5
15.335029,1858,1,bajada,0.017510,0.017512,2.086782,2.068912,0.000768,10.111261,6.502,6.5,6.5
15.377362,1859,1,bajada,0.017545,0.017507,2.085533,2.068984,0.000769,10.111261,6.5,6.502,6.5
15.429140,1860,1,bajada,0.017548,0.017511,2.086940,2.068215,0.000769,10.114100,6.5,6.502,6.5
15.533751,1861,1,bajada,0.017550,0.017515,2.086672,2.069663,0.000769,10.118341,6.5,6.502,6.5
15.596897,1862,1,bajada,0.017547,0.017515,2.085479,2.068686,0.000768,10.115015,6.5,6.502,6.5
15.680784,1863,1,bajada,0.017543,0.017512,2.086186,2.067774,0.000769,10.113214,6.5,6.502,6.5
15.754330,1864,1,bajada,0.017513,0.017513,2.087116,2.069178,0.000769,10.113214,6.5,6.502,6.5
15.805973,1865,1,bajada,0.017513,0.017514,2.087074,2.069613,0.000768,10.112909,6.5,6.502,6.5
15.890785,1866,1,bajada,0.017512,0.017510,2.086618,2.069339,0.000769,10.119226,6.5,6.502,6.5
15.963793,1867,1,bajada,0.017539,0.017516,2.086618,2.068856,0.000770,10.119532,6.5,6.501,6.5
16.015862,1868,1,bajada,0.017541,0.017520,2.087926,2.069297,0.000769,10.111322,6.5,6.502,6.5
16.110017,1869,1,bajada,0.017544,0.017524,2.088966,2.076107,0.000774,10.115503,6.5,6.502,6.5
16.172180,1870,1,bajada,0.017546,0.017546,2.091955,2.076107,0.000772,10.118280,6.5,6.502,6.5
16.213876,1871,1,bajada,0.017568,0.017553,2.091955,2.074742,0.000773,10.116999,6.5,6.502,6.5
16.266004,1872,1,bajada,0.017575,0.017560,2.092951,2.074163,0.000773,10.117548,6.5,6.501,6.5
16.350231,1873,1,bajada,0.017568,0.017557,2.092352,2.076071,0.000773,10.114893,6.5,6.502,6.5
16.424237,1874,1,bajada,0.017567,0.017563,2.092617,2.076071,0.000773,10.116510,6.5,6.501,6.5
16.486978,1875,1,bajada,0.017575,0.017566,2.093666,2.074631,0.000773,10.119410,6.5,6.501,6.5
16.560151,1876,1,bajada,0.017578,0.017567,2.093279,2.076122,0.000773,10.116510,6.5,6.501,6.5
16.633423,1877,1,bajada,0.017572,0.017566,2.093288,2.075522,0.000773,10.116510,6.5,6.501,6.5
16.696606,1878,1,bajada,0.017564,0.017561,2.091157,2.074596,0.000773,10.112909,6.5,6.501,6.5
16.769878,1879,1,bajada,0.017564,0.017562,2.092429,2.074098,0.000773,10.118616,6.5,6.501,6.5
16.853304,1880,1,bajada,0.017554,0.017556,2.093010,2.076303,0.000773,10.118677,6.5,6.501,6.5
16.926116,1881,1,bajada,0.017579,0.017560,2.092036,2.076303,0.000773,10.119715,6.5,6.501,6.5
16.967791,1882,1,bajada,0.017558,0.017561,2.092036,2.074780,0.000773,10.115625,6.5,6.501,6.5
17.019043,1883,1,bajada,0.017558,0.017561,2.093225,2.074306,0.000772,10.119043,6.5,6.501,6.5
17.103291,1884,1,bajada,0.017554,0.017560,2.092200,2.075373,0.000773,10.117365,6.5,6.501,6.5
17.176890,1885,1,bajada,0.017588,0.017559,2.092033,2.075373,0.000772,10.121698,6.5,6.501,6.5
17.229049,1886,1,bajada,0.017589,0.017557,2.091544,2.074059,0.000773,10.113489,6.5,6.501,6.5
17.302295,1887,1,bajada,0.017552,0.017558,2.093386,2.074059,0.000773,10.118280,6.5,6.5,6.5
17.344042,1888,1,bajada,0.017590,0.017555,2.093386,2.074473,0.000773,10.111078,6.5,6.501,6.5
17.386319,1889,1,bajada,0.017550,0.017557,2.093294,2.075889,0.000773,10.111078,6.5,6.501,6.5
17.437505,1890,1,bajada,0.017565,0.017566,2.095350,2.077516,0.000775,10.115381,6.5,6.5,6.5
17.511099,1891,1,bajada,0.017613,0.017577,2.094963,2.077543,0.000775,10.115381,6.5,6.5,6.5
17.552902,1892,1,bajada,0.017577,0.017582,2.095946,2.077543,0.000775,10.121088,6.5,6.5,6.5
17.594189,1893,1,bajada,0.017620,0.017584,2.095946,2.077156,0.000775,10.112787,6.5,6.5,6.5
17.645653,1894,1,bajada,0.017621,0.017585,2.095353,2.078544,0.000775,10.114405,6.5,6.5,6.5
17.729754,1895,1,bajada,0.017623,0.017585,2.095690,2.078604,0.000776,10.112055,6.5,6.5,6.5
17.802914,1896,1,bajada,0.017586,0.017588,2.097061,2.078604,0.000775,10.116816,6.5,6.5,6.5
17.855111,1897,1,bajada,0.017585,0.017586,2.097514,2.079352,0.000775,10.110590,6.5,6.5,6.5
17.949636,1898,1,bajada,0.017589,0.017590,2.096751,2.078974,0.000775,10.115625,6.5,6.5,6.5
18.012533,1899,1,bajada,0.017620,0.017587,2.093744,2.078240,0.000775,10.115625,6.5,6.5,6.5
18.053790,1900,1,bajada,0.017588,0.017588,2.095904,2.078240,0.000774,10.112299,6.5,6.5,6.5
18.095440,1901,1,bajada,0.017617,0.017585,2.095904,2.076813,0.000775,10.115442,6.5,6.5,6.5
18.146969,1902,1,bajada,0.017584,0.017582,2.095356,2.077618,0.000774,10.115442,6.5,6.5,6.5
18.187738,1903,1,bajada,0.017610,0.017580,2.095320,2.077618,0.000774,10.115961,6.5,6.5,6.5
18.218091,1904,1,bajada,0.017581,0.017580,2.095320,2.078133,0.000774,10.113977,6.5,6.5,6.5
18.258894,1905,1,bajada,0.017606,0.017579,2.094975,2.078047,0.000775,10.113977,6.5,6.5,6.5
18.299864,1906,1,bajada,0.017582,0.017580,2.095109,2.078047,0.000774,10.113489,6.5,6.499,6.5
18.360286,1907,1,bajada,0.017577,0.017575,2.096450,2.077996,0.000774,10.117670,6.5,6.5,6.5
18.423143,1908,1,bajada,0.017601,0.017580,2.096053,2.077996,0.000775,10.113031,6.5,6.5,6.5
18.465570,1909,1,bajada,0.017584,0.017581,2.096053,2.078530,0.000775,10.111689,6.5,6.499,6.5
18.507730,1910,1,bajada,0.017599,0.017581,2.094793,2.077883,0.000775,10.111689,6.5,6.5,6.5
18.560686,1911,1,bajada,0.017584,0.017582,2.095109,2.077883,0.000775,10.115747,6.5,6.5,6.5
18.592196,1912,1,bajada,0.017598,0.017582,2.095109,2.077144,0.000775,10.115900,6.5,6.5,6.5
18.634990,1913,1,bajada,0.017586,0.017582,2.096134,2.077594,0.000775,10.115900,6.5,6.5,6.5
18.676721,1914,1,bajada,0.017596,0.017583,2.096527,2.077594,0.000775,10.124537,6.5,6.5,6.5
18.718370,1915,1,bajada,0.017587,0.017582,2.096527,2.077874,0.000774,10.114832,6.5,6.499,6.5
18.759736,1916,1,bajada,0.017590,0.017579,2.094757,2.077877,0.000774,10.114832,6.5,6.499,6.5
18.811282,1917,1,bajada,0.017584,0.017577,2.094584,2.077877,0.000774,10.120386,6.5,6.5,6.5
18.863706,1918,1,bajada,0.017582,0.017575,2.095261,2.076956,0.000775,10.113611,6.5,6.499,6.5
18.937194,1919,1,bajada,0.017584,0.017579,2.096822,2.076956,0.000775,10.114771,6.5,6.499,6.5
18.978982,1920,1,bajada,0.017591,0.017582,2.096822,2.079355,0.000775,10.119043,6.5,6.499,6.5
19.020337,1921,1,bajada,0.017587,0.017583,2.096286,2.079051,0.000775,10.119043,6.5,6.499,6.5
19.051891,1922,1,bajada,0.017595,0.017584,2.094709,2.079051,0.000775,10.117182,6.5,6.499,6.5
19.094670,1923,1,bajada,0.017586,0.017583,2.094709,2.077775,0.000775,10.115198,6.5,6.499,6.5
19.136783,1924,1,bajada,0.017597,0.017582,2.095821,2.077385,0.000775,10.115198,6.5,6.499,6.5
19.178802,1925,1,bajada,0.017584,0.017582,2.096608,2.077385,0.000774,10.112116,6.5,6.499,6.5
19.231152,1926,1,bajada,0.017599,0.017579,2.096608,2.077388,0.000774,10.118616,6.5,6.499,6.5
19.262845,1927,1,bajada,0.017577,0.017577,2.094980,2.077817,0.000774,10.118616,6.5,6.499,6.5
19.304896,1928,1,bajada,0.017597,0.017579,2.095424,2.077817,0.000775,10.119226,6.5,6.499,6.5
19.357217,1929,1,bajada,0.017576,0.017577,2.095424,2.077725,0.000775,10.112055,6.5,6.499,6.5
19.419737,1930,1,bajada,0.017573,0.017576,2.095156,2.076807,0.000774,10.121637,6.5,6.499,6.5
19.472504,1931,1,bajada,0.017602,0.017575,2.095156,2.077630,0.000775,10.112482,6.5,6.499,6.5
19.514760,1932,1,bajada,0.017572,0.017576,2.095052,2.078372,0.000775,10.112482,6.5,6.499,6.5
19.556459,1933,1,bajada,0.017605,0.017579,2.095439,2.078372,0.000775,10.116877,6.499,6.5,6.5
19.609784,1934,1,bajada,0.017576,0.017581,2.095439,2.078905,0.000775,10.114649,6.5,6.499,6.5
19.641294,1935,1,bajada,0.017613,0.017581,2.095681,2.077928,0.000775,10.114649,6.499,6.5,6.5
19.682990,1936,1,bajada,0.017578,0.017583,2.096834,2.077928,0.000776,10.119104,6.5,6.499,6.5
19.724429,1937,1,bajada,0.017618,0.017585,2.096834,2.078419,0.000776,10.116510,6.499,6.5,6.5
19.776530,1938,1,bajada,0.017581,0.017586,2.096563,2.079677,0.000775,10.116510,6.5,6.499,6.5
19.807635,1939,1,bajada,0.017621,0.017587,2.096506,2.079677,0.000776,10.119959,6.499,6.5,6.5
19.850086,1940,1,bajada,0.017580,0.017584,2.096506,2.079266,0.000776,10.115961,6.5,6.499,6.5
19.892621,1941,1,bajada,0.017620,0.017584,2.096014,2.079054,0.000776,10.115961,6.5,6.499,6.5
19.934489,1942,1,bajada,0.017584,0.017589,2.098253,2.079054,0.000776,10.126398,6.5,6.499,6.5
19.987415,1943,1,bajada,0.017594,0.017596,2.098518,2.081778,0.000777,10.116022,6.5,6.499,6.5
0.076830,1945,1,bajada,0.006632,0.006602,2.084088,2.075093,0.000770,10.123468,3.5,3.498,3.5
0.107668,1946,1,bajada,0.006591,0.006601,2.084079,2.077034,0.000770,10.123468,3.5,3.497,3.5
0.149426,1947,1,bajada,0.006632,0.006602,2.083110,2.077034,0.000771,10.116816,3.5,3.498,3.5
0.201800,1948,1,bajada,0.006592,0.006602,2.083110,2.077254,0.000770,10.115198,3.5,3.498,3.5
0.234144,1949,1,bajada,0.006631,0.006602,2.082338,2.076846,0.000770,10.115198,3.5,3.497,3.5
0.276459,1950,1,bajada,0.006593,0.006602,2.083405,2.076846,0.000770,10.118616,3.5,3.497,3.5
0.317685,1951,1,bajada,0.006629,0.006602,2.083405,2.075996,0.000770,10.115564,3.5,3.498,3.5
0.370534,1952,1,bajada,0.006593,0.006601,2.083870,2.076956,0.000770,10.115564,3.5,3.497,3.5
0.412682,1953,1,bajada,0.006624,0.006598,2.083191,2.076956,0.000770,10.119715,3.5,3.498,3.5
0.444377,1954,1,bajada,0.006588,0.006596,2.083191,2.076911,0.000771,10.113916,3.5,3.498,3.5
0.496985,1955,1,bajada,0.006621,0.006600,2.082639,2.076226,0.000770,10.113916,3.497,3.5,3.5
0.529032,1956,1,bajada,0.006592,0.006600,2.083164,2.076226,0.000770,10.114527,3.5,3.497,3.5
0.571530,1957,1,bajada,0.006620,0.006601,2.083164,2.075451,0.000769,10.116266,3.5,3.498,3.5
0.634292,1958,1,bajada,0.006618,0.006601,2.082186,2.076202,0.000770,10.117060,3.5,3.498,3.5
0.697995,1959,1,bajada,0.006594,0.006600,2.082186,2.076774,0.000769,10.115076,3.5,3.497,3.5
0.750083,1960,1,bajada,0.006594,0.006600,2.082097,2.076285,0.000769,10.115320,3.5,3.497,3.5
0.823920,1961,1,bajada,0.006611,0.006600,2.082097,2.075648,0.000770,10.119715,3.497,3.5,3.5
0.865731,1962,1,bajada,0.006595,0.006600,2.084281,2.075546,0.000770,10.119715,3.5,3.498,3.5
0.908258,1963,1,bajada,0.006605,0.006596,2.083149,2.075546,0.000770,10.113855,3.497,3.5,3.5
0.949672,1964,1,bajada,0.006591,0.006594,2.083149,2.076265,0.000770,10.116083,3.5,3.498,3.5
0.991410,1965,1,bajada,0.006602,0.006597,2.082747,2.076265,0.000770,10.116083,3.5,3.497,3.5
1.054279,1966,1,bajada,0.006601,0.006598,2.081665,2.075338,0.000770,10.110437,3.497,3.5,3.5
1.116479,1967,1,bajada,0.006597,0.006598,2.082454,2.074271,0.000769,10.110437,3.5,3.497,3.5
1.158493,1968,1,bajada,0.006597,0.006598,2.082732,2.074271,0.000770,10.119471,3.5,3.497,3.5
1.200172,1969,1,bajada,0.006599,0.006598,2.082732,2.075576,0.000769,10.119165,3.5,3.497,3.5
1.272837,1970,1,bajada,0.006601,0.006598,2.081644,2.076032,0.000770,10.115686,3.5,3.497,3.5
1.325216,1971,1,bajada,0.006592,0.006597,2.081644,2.074986,0.000769,10.115381,3.5,3.497,3.5
1.377406,1972,1,bajada,0.006588,0.006597,2.082297,2.074894,0.000770,10.117914,3.5,3.497,3.5
1.461546,1973,1,bajada,0.006584,0.006592,2.081653,2.076110,0.000769,10.117365,3.5,3.497,3.5
1.534803,1974,1,bajada,0.006609,0.006596,2.081313,2.076110,0.000770,10.114283,3.5,3.497,3.5
1.577016,1975,1,bajada,0.006586,0.006597,2.081313,2.075749,0.000770,10.118616,3.5,3.497,3.5
1.628286,1976,1,bajada,0.006586,0.006597,2.083101,2.074554,0.000769,10.119104,3.5,3.497,3.5
1.723021,1977,1,bajada,0.006585,0.006598,2.081945,2.075949,0.000769,10.118677,3.5,3.497,3.5
1.784964,1978,1,bajada,0.006620,0.006596,2.081173,2.075949,0.000769,10.116755,3.5,3.497,3.5
1.826420,1979,1,bajada,0.006583,0.006596,2.081173,2.075081,0.000769,10.122553,3.5,3.497,3.5
1.878464,1980,1,bajada,0.006581,0.006596,2.083730,2.075385,0.000770,10.118860,3.5,3.497,3.5
1.962357,1981,1,bajada,0.006620,0.006593,2.083730,2.074742,0.000770,10.120142,3.5,3.497,3.5
1.994043,1982,1,bajada,0.006582,0.006595,2.082219,2.076116,0.000770,10.120142,3.5,3.497,3.5
2.035580,1983,1,bajada,0.006625,0.006596,2.081623,2.076116,0.000769,10.117792,3.5,3.497,3.5
2.077911,1984,1,bajada,0.006584,0.006595,2.081623,2.074947,0.000769,10.113153,3.5,3.498,3.5
2.130069,1985,1,bajada,0.006583,0.006595,2.081844,2.074268,0.000769,10.119593,3.5,3.497,3.5
2.214290,1986,1,bajada,0.006583,0.006593,2.081626,2.075871,0.000770,10.117914,3.5,3.497,3.5
2.287868,1987,1,bajada,0.006623,0.006595,2.082407,2.075871,0.000770,10.118219,3.5,3.497,3.5
2.340605,1988,1,bajada,0.006623,0.006596,2.081739,2.074485,0.000769,10.119593,3.5,3.497,3.5
2.413915,1989,1,bajada,0.006583,0.006592,2.081894,2.074485,0.000769,10.115625,3.5,3.497,3.5
2.466130,1990,1,bajada,0.006584,0.006590,2.082034,2.074360,0.000769,10.113855,3.5,3.497,3.5
2.550712,1991,1,bajada,0.006586,0.006592,2.081552,2.075263,0.000769,10.123346,3.5,3.497,3.5
2.625380,1992,1,bajada,0.006614,0.006595,2.081036,2.075814,0.000769,10.123346,3.5,3.497,3.5
2.656563,1993,1,bajada,0.006588,0.006594,2.082150,2.075814,0.000769,10.118555,3.5,3.497,3.5
2.709095,1994,1,bajada,0.006613,0.006596,2.082150,2.074658,0.000769,10.110834,3.5,3.497,3.5
2.740623,1995,1,bajada,0.006590,0.006596,2.083614,2.075073,0.000769,10.110834,3.5,3.497,3.5
2.793867,1996,1,bajada,0.006610,0.006596,2.082636,2.075073,0.000769,10.121759,3.5,3.497,3.5
2.826024,1997,1,bajada,0.006590,0.006595,2.082636,2.076041,0.000769,10.115564,3.5,3.497,3.5
2.868376,1998,1,bajada,0.006606,0.006595,2.081379,2.075648,0.000769,10.115564,3.5,3.497,3.5
2.910076,1999,1,bajada,0.006587,0.006591,2.081826,2.075648,0.000769,10.123468,3.5,3.497,3.5
2.962598,2000,1,bajada,0.006598,0.006591,2.081826,2.074897,0.000769,10.111994,3.5,3.497,3.5
3.035115,2002,1,bajada,0.006600,0.006594,2.081873,2.075016,0.000769,10.116693,3.5,3.497,3.5
3.085826,2003,1,bajada,0.006592,0.006593,2.081873,2.075257,0.000769,10.118280,3.5,3.497,3.5
3.125763,2004,1,bajada,0.006597,0.006595,2.081802,2.075975,0.000769,10.118280,3.5,3.497,3.5
3.167097,2005,1,bajada,0.006594,0.006596,2.081650,2.075975,0.000770,10.113916,3.5,3.497,3.5
3.218829,2006,1,bajada,0.006597,0.006596,2.082636,2.075105,0.000770,10.112482,3.5,3.497,3.5
3.303561,2007,1,bajada,0.006596,0.006593,2.081259,2.074128,0.000768,10.115870,3.5,3.497,3.5
3.377016,2008,1,bajada,0.006586,0.006590,2.080383,2.074277,0.000768,10.115870,3.5,3.497,3.5
3.418175,2009,1,bajada,0.006593,0.006585,2.079513,2.074277,0.000768,10.125330,3.5,3.497,3.5
3.460646,2010,1,bajada,0.006577,0.006583,2.079513,2.073028,0.000768,10.106928,3.5,3.497,3.5
3.492084,2011,1,bajada,0.006595,0.006585,2.080222,2.072504,0.000768,10.106928,3.497,3.5,3.5
3.534142,2012,1,bajada,0.006578,0.006587,2.080592,2.072504,0.000768,10.120203,3.5,3.497,3.5
3.575755,2013,1,bajada,0.006600,0.006586,2.080592,2.072664,0.000768,10.116449,3.497,3.5,3.5
3.617532,2014,1,bajada,0.006577,0.006587,2.079784,2.074488,0.000768,10.116449,3.5,3.497,3.5
3.670269,2015,1,bajada,0.006603,0.006587,2.079725,2.074488,0.000768,10.118677,3.5,3.497,3.5
3.723035,2016,1,bajada,0.006607,0.006587,2.079787,2.072432,0.000768,10.114649,3.5,3.497,3.5
3.797469,2017,1,bajada,0.006575,0.006587,2.080446,2.072432,0.000768,10.122004,3.5,3.497,3.5
3.828814,2018,1,bajada,0.006610,0.006587,2.080446,2.073359,0.000768,10.119226,3.5,3.497,3.5
3.881779,2019,1,bajada,0.006575,0.006587,2.080580,2.075341,0.000768,10.119226,3.5,3.497,3.5
3.924005,2020,1,bajada,0.006611,0.006585,2.080175,2.075341,0.000768,10.117121,3.5,3.496,3.5
3.955474,2021,1,bajada,0.006572,0.006584,2.080175,2.074357,0.000768,10.110498,3.5,3.497,3.5
4.007220,2022,1,bajada,0.006614,0.006587,2.079132,2.072983,0.000768,10.110498,3.5,3.496,3.5
4.038126,2023,1,bajada,0.006574,0.006587,2.080753,2.072983,0.000768,10.116510,3.5,3.497,3.5
4.080445,2024,1,bajada,0.006616,0.006586,2.080753,2.072182,0.000768,10.110895,3.5,3.496,3.5
4.133180,2025,1,bajada,0.006574,0.006586,2.080136,2.073785,0.000768,10.110895,3.496,3.5,3.5
4.164379,2026,1,bajada,0.006616,0.006587,2.079859,2.073785,0.000768,10.117975,3.5,3.496,3.5
4.206592,2027,1,bajada,0.006575,0.006587,2.079859,2.074012,0.000768,10.116144,3.496,3.5,3.5
4.248799,2028,1,bajada,0.006617,0.006586,2.079835,2.073365,0.000768,10.116144,3.5,3.496,3.5
4.312275,2029,1,bajada,0.006616,0.006586,2.080878,2.072617,0.000768,10.120569,3.5,3.496,3.5
4.376272,2030,1,bajada,0.006576,0.006586,2.079936,2.073684,0.000768,10.120569,3.496,3.5,3.5
4.428517,2031,1,bajada,0.006611,0.006583,2.080255,2.073684,0.000769,10.121332,3.5,3.497,3.5
4.465816,2032,1,bajada,0.006573,0.006584,2.080255,2.074426,0.000768,10.115900,3.5,3.496,3.5
4.513656,2033,1,bajada,0.006578,0.006586,2.080249,2.073901,0.000768,10.114405,3.5,3.496,3.5
4.585999,2034,1,bajada,0.006612,0.006588,2.080249,2.073317,0.000768,10.114527,3.5,3.496,3.5
4.649316,2035,1,bajada,0.006609,0.006588,2.080482,2.073544,0.000768,10.115686,3.5,3.496,3.5
4.722881,2036,1,bajada,0.006604,0.006587,2.079763,2.074101,0.000768,10.119410,3.5,3.496,3.5
4.797151,2037,1,bajada,0.006580,0.006587,2.079725,2.074101,0.000768,10.119165,3.5,3.496,3.5
4.839110,2038,1,bajada,0.006601,0.006586,2.079725,2.072971,0.000768,10.115198,3.5,3.496,3.5
4.902271,2039,1,bajada,0.006596,0.006584,2.080678,2.073517,0.000768,10.123590,3.5,3.496,3.5
4.963564,2040,1,bajada,0.006577,0.006583,2.080678,2.073669,0.000768,10.114649,3.5,3.496,3.5
5.013514,2041,1,bajada,0.006594,0.006585,2.079740,2.073722,0.000768,10.114649,3.5,3.496,3.5
5.054111,2042,1,bajada,0.006581,0.006585,2.079885,2.073722,0.000767,10.115015,3.5,3.496,3.5
5.084852,2043,1,bajada,0.006592,0.006585,2.079885,2.073311,0.000768,10.110590,3.5,3.496,3.5
5.125594,2044,1,bajada,0.006583,0.006585,2.081060,2.072948,0.000768,10.110590,3.5,3.496,3.5
5.176142,2045,1,bajada,0.006589,0.006585,2.080997,2.072948,0.000769,10.115778,3.5,3.496,3.5
5.207608,2046,1,bajada,0.006585,0.006587,2.080997,2.074578,0.000769,10.119349,3.5,3.495,3.5
5.249140,2047,1,bajada,0.006587,0.006586,2.079969,2.074348,0.000769,10.119349,3.5,3.496,3.5
5.305797,2048,1,bajada,0.006587,0.006587,2.079927,2.074348,0.000768,10.115198,3.5,3.496,3.5
5.353665,2049,1,bajada,0.006589,0.006586,2.080434,2.072793,0.000768,10.112848,3.5,3.496,3.5
5.428048,2050,1,bajada,0.006578,0.006582,2.080556,2.072793,0.000767,10.114710,3.5,3.496,3.5
5.460178,2051,1,bajada,0.006587,0.006581,2.080556,2.073845,0.000768,10.113855,3.5,3.496,3.5
5.502363,2052,1,bajada,0.006577,0.006584,2.080392,2.073964,0.000768,10.113855,3.5,3.496,3.5
5.555692,2053,1,bajada,0.006593,0.006585,2.079656,2.073964,0.000768,10.112299,3.5,3.496,3.5
5.586715,2054,1,bajada,0.006577,0.006585,2.079656,2.073907,0.000768,10.119287,3.5,3.496,3.5
5.639933,2055,1,bajada,0.006599,0.006585,2.080422,2.072208,0.000768,10.119287,3.5,3.496,3.5
5.682152,2056,1,bajada,0.006576,0.006586,2.081009,2.072208,0.000768,10.117304,3.5,3.496,3.5
5.733932,2057,1,bajada,0.006573,0.006585,2.080565,2.074745,0.000768,10.119287,3.5,3.496,3.5
5.797649,2058,1,bajada,0.006605,0.006585,2.079698,2.074745,0.000769,10.124598,3.5,3.496,3.5
5.839907,2059,1,bajada,0.006573,0.006586,2.079698,2.073865,0.000769,10.118738,3.5,3.496,3.5
5.906516,2060,1,bajada,0.006569,0.006583,2.081271,2.072861,0.000768,10.118036,3.5,3.496,3.5
5.968942,2061,1,bajada,0.006607,0.006583,2.081271,2.073284,0.000769,10.110682,3.5,3.496,3.5
6.020679,2062,1,bajada,0.006614,0.006586,2.080321,2.075558,0.000768,10.117182,3.5,3.496,3.5
6.094395,2063,1,bajada,0.006573,0.006585,2.080321,2.073019,0.000767,10.119898,3.5,3.496,3.5
6.136158,2064,1,bajada,0.006614,0.006584,2.079048,2.072983,0.000768,10.119898,3.5,3.496,3.5
6.178224,2065,1,bajada,0.006572,0.006583,2.080219,2.072983,0.000767,10.120325,3.5,3.496,3.5
6.220256,2066,1,bajada,0.006613,0.006583,2.080219,2.072420,0.000768,10.112787,3.5,3.496,3.5
6.262487,2067,1,bajada,0.006572,0.006583,2.080187,2.074640,0.000768,10.112787,3.5,3.496,3.5
6.293922,2068,1,bajada,0.006613,0.006584,2.080100,2.074640,0.000768,10.122370,3.5,3.496,3.5
6.336123,2069,1,bajada,0.006574,0.006584,2.080100,2.073833,0.000768,10.115686,3.5,3.496,3.5
6.388278,2070,1,bajada,0.006613,0.006584,2.079391,2.072769,0.000768,10.115686,3.5,3.496,3.5
6.419940,2071,1,bajada,0.006571,0.006581,2.080580,2.072769,0.000768,10.115442,3.5,3.496,3.5
6.472443,2072,1,bajada,0.006607,0.006582,2.080580,2.072262,0.000768,10.119715,3.5,3.496,3.5
6.504155,2073,1,bajada,0.006574,0.006583,2.080872,2.073749,0.000768,10.119715,3.5,3.496,3.5
6.546438,2074,1,bajada,0.006609,0.006584,2.080383,2.073749,0.000768,10.117853,3.5,3.496,3.5
6.599001,2075,1,bajada,0.006576,0.006584,2.080383,2.073642,0.000768,10.112238,3.5,3.496,3.5
6.630368,2076,1,bajada,0.006606,0.006583,2.078735,2.073016,0.000768,10.112238,3.5,3.496,3.5
6.693734,2077,1,bajada,0.006603,0.006583,2.079465,2.072092,0.000768,10.114466,3.5,3.496,3.5
6.756967,2078,1,bajada,0.006576,0.006582,2.080050,2.072825,0.000767,10.114466,3.5,3.496,3.5
6.809106,2079,1,bajada,0.006599,0.006582,2.079740,2.072825,0.000768,10.118097,3.496,3.5,3.5
6.872627,2080,1,bajada,0.006595,0.006582,2.078828,2.073290,0.000768,10.116999,3.5,3.495,3.5
6.935261,2081,1,bajada,0.006573,0.006579,2.079799,2.073290,0.000768,10.125696,3.5,3.496,3.5
6.966935,2082,1,bajada,0.006588,0.006578,2.079799,2.072435,0.000768,10.120630,3.496,3.5,3.5
7.009193,2083,1,bajada,0.006576,0.006580,2.080124,2.072566,0.000768,10.120630,3.5,3.496,3.5
7.061783,2084,1,bajada,0.006590,0.006582,2.080094,2.072566,0.000768,10.119715,3.5,3.496,3.5
7.093611,2085,1,bajada,0.006579,0.006583,2.080094,2.073976,0.000768,10.118402,3.5,3.495,3.5
7.146709,2086,1,bajada,0.006587,0.006582,2.078691,2.073228,0.000767,10.118402,3.5,3.496,3.5
7.187258,2087,1,bajada,0.006580,0.006581,2.078300,2.073228,0.000767,10.116755,3.5,3.495,3.5
7.217680,2088,1,bajada,0.006583,0.006581,2.078300,2.072015,0.000768,10.114832,3.5,3.496,3.5
7.258476,2089,1,bajada,0.006583,0.006582,2.081057,2.073404,0.000768,10.114832,3.5,3.495,3.5
7.299447,2090,1,bajada,0.006582,0.006583,2.081280,2.073404,0.000768,10.114588,3.5,3.496,3.5
7.349900,2091,1,bajada,0.006587,0.006584,2.081280,2.073851,0.000768,10.116938,3.5,3.495,3.5
7.412394,2092,1,bajada,0.006586,0.006581,2.079468,2.074277,0.000768,10.124964,3.5,3.495,3.5
7.474825,2093,1,bajada,0.006573,0.006580,2.079468,2.073544,0.000768,10.116022,3.5,3.496,3.5
7.506151,2094,1,bajada,0.006590,0.006581,2.079906,2.072536,0.000768,10.116022,3.5,3.495,3.5
7.559420,2095,1,bajada,0.006574,0.006582,2.080780,2.072536,0.000768,10.116083,3.5,3.496,3.5
7.589528,2096,1,bajada,0.006595,0.006583,2.080780,2.073174,0.000768,10.118036,3.5,3.495,3.5
7.652665,2097,1,bajada,0.006599,0.006584,2.079573,2.074238,0.000768,10.118341,3.5,3.495,3.5
7.726459,2098,1,bajada,0.006572,0.006583,2.079573,2.073123,0.000768,10.115503,3.5,3.495,3.5
7.756977,2099,1,bajada,0.006603,0.006583,2.079993,2.072545,0.000768,10.115503,3.496,3.5,3.5
7.808513,2100,1,bajada,0.006572,0.006583,2.080640,2.072545,0.000768,10.122065,3.5,3.495,3.5
7.850010,2101,1,bajada,0.006606,0.006583,2.080640,2.073400,0.000768,10.110834,3.5,3.496,3.5
7.892161,2102,1,bajada,0.006571,0.006582,2.080514,2.074467,0.000768,10.110834,3.5,3.495,3.5
7.933568,2103,1,bajada,0.006605,0.006579,2.080121,2.074467,0.000768,10.119165,3.5,3.495,3.5
7.975730,2104,1,bajada,0.006566,0.006579,2.080121,2.074110,0.000768,10.122736,3.5,3.495,3.5
8.017265,2105,1,bajada,0.006609,0.006582,2.079924,2.073159,0.000768,10.122736,3.5,3.496,3.5
8.069330,2106,1,bajada,0.006613,0.006584,2.081972,2.073594,0.000769,10.112299,3.5,3.495,3.5
8.142773,2107,1,bajada,0.006573,0.006585,2.081146,2.075248,0.000768,10.112299,3.5,3.495,3.5
8.194319,2108,1,bajada,0.006575,0.006586,2.080732,2.074953,0.000769,10.113733,3.5,3.495,3.5
8.268618,2109,1,bajada,0.006573,0.006583,2.081409,2.074408,0.000768,10.116083,3.5,3.495,3.5
8.374644,2110,1,bajada,0.006575,0.006584,2.081799,2.074366,0.000768,10.117670,3.5,3.495,3.5
8.426731,2111,1,bajada,0.006609,0.006581,2.080860,2.074366,0.000769,10.119837,3.5,3.495,3.5
8.468826,2112,1,bajada,0.006571,0.006579,2.080860,2.074783,0.000768,10.122675,3.5,3.496,3.5
8.510456,2113,1,bajada,0.006607,0.006583,2.079736,2.073997,0.000769,10.122675,3.5,3.495,3.5
8.563275,2114,1,bajada,0.006574,0.006583,2.081003,2.073997,0.000769,10.117304,3.5,3.495,3.5
8.594746,2115,1,bajada,0.006606,0.006583,2.081003,2.073138,0.000769,10.111444,3.5,3.495,3.5
8.637269,2116,1,bajada,0.006575,0.006582,2.080940,2.073511,0.000768,10.111444,3.5,3.495,3.5
8.679861,2117,1,bajada,0.006603,0.006582,2.080583,2.073511,0.000768,10.113977,3.5,3.495,3.5
8.743203,2118,1,bajada,0.006599,0.006583,2.079939,2.074628,0.000769,10.118158,3.5,3.495,3.5
8.807423,2119,1,bajada,0.006577,0.006583,2.080315,2.074628,0.000768,10.117121,3.5,3.495,3.5
8.848971,2120,1,bajada,0.006596,0.006581,2.080315,2.073004,0.000769,10.113977,3.5,3.495,3.5
8.902234,2121,1,bajada,0.006576,0.006579,2.080714,2.073561,0.000768,10.113977,3.5,3.495,3.5
8.933689,2122,1,bajada,0.006588,0.006577,2.080678,2.073561,0.000769,10.115686,3.5,3.495,3.5
8.975615,2123,1,bajada,0.006573,0.006578,2.080678,2.074205,0.000768,10.113092,3.5,3.494,3.5
9.017635,2124,1,bajada,0.006588,0.006581,2.079677,2.074306,0.000769,10.113092,3.5,3.495,3.5
9.060081,2125,1,bajada,0.006580,0.006583,2.079984,2.074306,0.000768,10.118341,3.5,3.495,3.5
9.113194,2126,1,bajada,0.006587,0.006582,2.079984,2.073618,0.000768,10.110956,3.5,3.495,3.5
9.155082,2127,1,bajada,0.006582,0.006581,2.080851,2.073255,0.000768,10.117975,3.5,3.494,3.5
9.228436,2128,1,bajada,0.006581,0.006580,2.080851,2.074670,0.000769,10.110376,3.5,3.494,3.5
9.281628,2129,1,bajada,0.006586,0.006583,2.079602,2.074506,0.000769,10.111506,3.5,3.495,3.5
9.355204,2130,1,bajada,0.006579,0.006583,2.079602,2.073734,0.000768,10.116755,3.5,3.494,3.5
9.397455,2131,1,bajada,0.006589,0.006581,2.081072,2.073520,0.000769,10.116755,3.5,3.495,3.5
9.439981,2132,1,bajada,0.006572,0.006578,2.081355,2.073520,0.000768,10.121149,3.5,3.494,3.5
9.481176,2133,1,bajada,0.006588,0.006579,2.081355,2.074769,0.000768,10.119959,3.5,3.495,3.5
9.522939,2134,1,bajada,0.006573,0.006582,2.080780,2.075210,0.000768,10.119959,3.5,3.495,3.5
9.572398,2135,1,bajada,0.006595,0.006582,2.080491,2.075210,0.000769,10.116755,3.5,3.495,3.5
9.607275,2136,1,bajada,0.006573,0.006582,2.080491,2.074175,0.000768,10.114588,3.5,3.494,3.5
9.648770,2137,1,bajada,0.006600,0.006582,2.080449,2.073544,0.000768,10.114588,3.5,3.495,3.5
9.680420,2138,1,bajada,0.006572,0.006583,2.081969,2.073544,0.000768,10.112238,3.5,3.494,3.5
9.733717,2139,1,bajada,0.006603,0.006583,2.081969,2.074059,0.000769,10.115259,3.5,3.495,3.5
9.776402,2140,1,bajada,0.006570,0.006581,2.080860,2.074906,0.000768,10.115259,3.5,3.494,3.5
9.829252,2141,1,bajada,0.006570,0.006582,2.080127,2.074518,0.000768,10.115076,3.5,3.495,3.5
9.893688,2142,1,bajada,0.006609,0.006581,2.079686,2.072936,0.000768,10.115076,3.5,3.495,3.5
9.935953,2143,1,bajada,0.006564,0.006576,2.080538,2.072936,0.000768,10.109705,3.5,3.494,3.5
9.977704,2144,1,bajada,0.006603,0.006575,2.080538,2.072760,0.000768,10.122431,3.5,3.494,3.5
10.020113,2145,1,bajada,0.006564,0.006576,2.079570,2.072963,0.000768,10.122431,3.5,3.494,3.5
10.083122,2146,1,bajada,0.006567,0.006578,2.080032,2.073424,0.000768,10.117487,3.5,3.494,3.5
10.157413,2147,1,bajada,0.006609,0.006579,2.079936,2.073508,0.000768,10.117487,3.5,3.494,3.5
10.208870,2148,1,bajada,0.006608,0.006577,2.080604,2.072062,0.000768,10.114527,3.5,3.494,3.5
10.291003,2149,1,bajada,0.006606,0.006578,2.079436,2.073141,0.000767,10.112055,3.5,3.494,3.5
10.353007,2150,1,bajada,0.006603,0.006577,2.079400,2.073216,0.000768,10.116510,3.494,3.5,3.5
10.445285,2151,1,bajada,0.006566,0.006573,2.080076,2.073216,0.000767,10.115625,3.5,3.494,3.5
10.476145,2152,1,bajada,0.006597,0.006574,2.080076,2.072512,0.000768,10.114527,3.5,3.494,3.5
10.527606,2153,1,bajada,0.006569,0.006576,2.080646,2.073463,0.000768,10.114527,3.5,3.494,3.5
10.569637,2154,1,bajada,0.006598,0.006576,2.079045,2.073463,0.000768,10.117365,3.5,3.494,3.5
10.612478,2155,1,bajada,0.006569,0.006575,2.079045,2.073100,0.000767,10.115015,3.5,3.494,3.5
10.643249,2156,1,bajada,0.006593,0.006575,2.078881,2.072587,0.000767,10.115015,3.5,3.494,3.5
10.726911,2158,1,bajada,0.006590,0.006576,2.078947,2.072262,0.000767,10.116144,3.5,3.494,3.5
10.788824,2159,1,bajada,0.006587,0.006575,2.079620,2.072107,0.000767,10.118738,3.5,3.494,3.5
10.852614,2160,1,bajada,0.006571,0.006575,2.079620,2.073523,0.000767,10.121637,3.5,3.494,3.5
10.914768,2161,1,bajada,0.006568,0.006573,2.078786,2.073332,0.000767,10.120325,3.494,3.5,3.5
10.998505,2162,1,bajada,0.006572,0.006573,2.079692,2.072214,0.000768,10.117670,3.494,3.5,3.5
11.072023,2163,1,bajada,0.006576,0.006575,2.080112,2.072214,0.000768,10.117304,3.494,3.5,3.5
11.114339,2164,1,bajada,0.006577,0.006576,2.080112,2.073496,0.000767,10.116999,3.5,3.494,3.5
11.146351,2165,1,bajada,0.006574,0.006575,2.079087,2.073263,0.000767,10.116999,3.494,3.5,3.5
11.188778,2166,1,bajada,0.006579,0.006576,2.078693,2.073263,0.000767,10.120203,3.5,3.494,3.5
11.250125,2167,1,bajada,0.006583,0.006576,2.079781,2.071490,0.000768,10.112482,3.5,3.494,3.5
11.333317,2168,1,bajada,0.006587,0.006576,2.080416,2.073475,0.000768,10.115137,3.5,3.495,3.5
11.405664,2169,1,bajada,0.006569,0.006575,2.080237,2.074098,0.000768,10.115137,3.5,3.494,3.5
11.456660,2170,1,bajada,0.006563,0.006572,2.079176,2.073493,0.000768,10.116388,3.5,3.494,3.5
11.539464,2171,1,bajada,0.006566,0.006576,2.080642,2.072706,0.000768,10.117304,3.5,3.494,3.5
11.623301,2172,1,bajada,0.006565,0.006577,2.080338,2.073874,0.000768,10.116449,3.5,3.494,3.5
11.696445,2173,1,bajada,0.006601,0.006576,2.078989,2.073874,0.000767,10.120020,3.5,3.494,3.5
11.737816,2174,1,bajada,0.006563,0.006575,2.078989,2.072626,0.000768,10.116938,3.5,3.494,3.5
11.779867,2175,1,bajada,0.006603,0.006575,2.079138,2.072310,0.000768,10.116938,3.5,3.494,3.5
11.843253,2176,1,bajada,0.006604,0.006573,2.079775,2.071451,0.000767,10.116816,3.5,3.494,3.5
11.915914,2177,1,bajada,0.006600,0.006571,2.078789,2.073249,0.000768,10.114100,3.5,3.494,3.5
12.000111,2178,1,bajada,0.006604,0.006573,2.079462,2.073341,0.000768,10.117304,3.5,3.494,3.5
12.074709,2179,1,bajada,0.006565,0.006575,2.081355,2.073341,0.000768,10.118219,3.5,3.494,3.5
12.116172,2180,1,bajada,0.006607,0.006577,2.081355,2.072659,0.000768,10.117060,3.5,3.494,3.5
12.168663,2181,1,bajada,0.006606,0.006578,2.080237,2.074214,0.000768,10.110956,3.5,3.494,3.5
12.242661,2182,1,bajada,0.006570,0.006578,2.080237,2.074262,0.000768,10.115320,3.5,3.494,3.5
12.274132,2183,1,bajada,0.006603,0.006577,2.079501,2.073669,0.000768,10.115320,3.5,3.494,3.5
12.325697,2184,1,bajada,0.006570,0.006577,2.080628,2.073669,0.000768,10.121210,3.5,3.494,3.5
12.368173,2185,1,bajada,0.006601,0.006578,2.080628,2.073493,0.000769,10.116388,3.5,3.494,3.5
12.420683,2186,1,bajada,0.006595,0.006576,2.081075,2.074244,0.000768,10.120935,3.5,3.494,3.5
12.504004,2187,1,bajada,0.006594,0.006576,2.080044,2.074471,0.000769,10.119410,3.5,3.494,3.5
12.576744,2188,1,bajada,0.006573,0.006578,2.080559,2.074471,0.000768,10.122248,3.5,3.494,3.5
12.618839,2189,1,bajada,0.006592,0.006578,2.080559,2.073579,0.000768,10.112909,3.5,3.494,3.5
12.660947,2190,1,bajada,0.006574,0.006579,2.082249,2.073806,0.000768,10.112909,3.5,3.494,3.5
12.703602,2191,1,bajada,0.006590,0.006578,2.080848,2.073806,0.000768,10.122187,3.5,3.494,3.5
12.735209,2192,1,bajada,0.006574,0.006577,2.080848,2.074089,0.000768,10.110254,3.5,3.494,3.5
12.788789,2193,1,bajada,0.006584,0.006577,2.080234,2.074077,0.000768,10.110254,3.5,3.494,3.5
12.819779,2194,1,bajada,0.006574,0.006577,2.079531,2.074077,0.000768,10.116327,3.5,3.494,3.5
12.882906,2195,1,bajada,0.006575,0.006578,2.080297,2.072858,0.000767,10.112299,3.5,3.494,3.5
12.946213,2196,1,bajada,0.006573,0.006571,2.080350,2.072858,0.000768,10.115778,3.5,3.494,3.5
12.988603,2197,1,bajada,0.006571,0.006571,2.080350,2.073666,0.000768,10.118158,3.5,3.494,3.5
13.040672,2198,1,bajada,0.006571,0.006572,2.079701,2.073442,0.000767,10.118158,3.5,3.494,3.5
13.071343,2199,1,bajada,0.006578,0.006574,2.078985,2.073442,0.000768,10.121393,3.5,3.493,3.5
13.112535,2200,1,bajada,0.006571,0.006575,2.078985,2.073228,0.000768,10.113337,3.5,3.494,3.5
13.163470,2201,1,bajada,0.006582,0.006574,2.079880,2.072024,0.000767,10.113337,3.5,3.494,3.5
13.194283,2202,1,bajada,0.006569,0.006575,2.080610,2.072024,0.000767,10.114405,3.5,3.494,3.5
13.264141,2203,1,bajada,0.006567,0.006575,2.080061,2.074271,0.000767,10.117548,3.5,3.494,3.5
13.324898,2204,1,bajada,0.006589,0.006576,2.079659,2.074271,0.000768,10.118616,3.5,3.494,3.5
13.375674,2205,1,bajada,0.006565,0.006575,2.079659,2.073365,0.000768,10.112543,3.5,3.494,3.5
13.417346,2206,1,bajada,0.006593,0.006573,2.080294,2.072971,0.000768,10.112543,3.494,3.5,3.5
13.448881,2207,1,bajada,0.006560,0.006571,2.081003,2.072971,0.000768,10.121058,3.5,3.494,3.5
13.490940,2208,1,bajada,0.006592,0.006571,2.081003,2.073153,0.000768,10.108606,3.5,3.493,3.5
13.532267,2209,1,bajada,0.006562,0.006574,2.080291,2.074345,0.000768,10.108606,3.5,3.494,3.5
13.574496,2210,1,bajada,0.006599,0.006575,2.080294,2.074345,0.000768,10.116205,3.494,3.5,3.5
13.615969,2211,1,bajada,0.006563,0.006576,2.080294,2.073797,0.000768,10.113489,3.5,3.494,3.5
13.657984,2212,1,bajada,0.006602,0.006574,2.079772,2.073064,0.000768,10.113489,3.493,3.5,3.5
13.699684,2213,1,bajada,0.006563,0.006575,2.080237,2.073064,0.000767,10.123285,3.5,3.494,3.5
13.752260,2214,1,bajada,0.006604,0.006574,2.080237,2.072426,0.000768,10.117487,3.5,3.493,3.5
13.783837,2215,1,bajada,0.006562,0.006574,2.080529,2.074646,0.000768,10.117487,3.5,3.493,3.5
13.826104,2216,1,bajada,0.006604,0.006574,2.080172,2.074646,0.000768,10.121637,3.494,3.5,3.5
13.889654,2217,1,bajada,0.006604,0.006574,2.079060,2.073195,0.000768,10.128168,3.5,3.493,3.5
13.983024,2218,1,bajada,0.006598,0.006568,2.080455,2.071311,0.000767,10.114283,3.493,3.5,3.5
14.036143,2219,1,bajada,0.006561,0.006571,2.080085,2.072912,0.000767,10.114283,3.5,3.493,3.5
14.089044,2220,1,bajada,0.006600,0.006574,2.082216,2.072912,0.000769,10.120569,3.5,3.494,3.5
14.125805,2221,1,bajada,0.006568,0.006577,2.082216,2.076515,0.000770,10.115900,3.5,3.493,3.5
14.163190,2222,1,bajada,0.006606,0.006579,2.081486,2.074968,0.000770,10.115900,3.5,3.493,3.5
14.205634,2223,1,bajada,0.006573,0.006581,2.083009,2.074968,0.000770,10.120020,3.5,3.492,3.5
14.246195,2224,1,bajada,0.006606,0.006582,2.083009,2.075880,0.000770,10.120325,3.5,3.493,3.5
14.287823,2225,1,bajada,0.006575,0.006582,2.083602,2.076503,0.000770,10.120325,3.5,3.493,3.5
14.330447,2226,1,bajada,0.006604,0.006583,2.082487,2.076503,0.000769,10.115320,3.5,3.493,3.5
14.372491,2227,1,bajada,0.006576,0.006582,2.082487,2.076995,0.000769,10.113367,3.5,3.493,3.5
14.424879,2228,1,bajada,0.006573,0.006579,2.082481,2.076330,0.000770,10.116449,3.5,3.493,3.5
14.509200,2229,1,bajada,0.006578,0.006581,2.084499,2.076738,0.000770,10.115198,3.5,3.493,3.5
14.592788,2230,1,bajada,0.006582,0.006585,2.084681,2.078258,0.000771,10.117121,3.5,3.493,3.5
14.665660,2231,1,bajada,0.006594,0.006585,2.083733,2.077513,0.000771,10.117121,3.5,3.493,3.5
14.707743,2232,1,bajada,0.006583,0.006586,2.083185,2.077513,0.000771,10.116205,3.5,3.493,3.5
14.749442,2233,1,bajada,0.006591,0.006585,2.083185,2.076691,0.000771,10.110132,3.5,3.493,3.5
14.791744,2234,1,bajada,0.006585,0.006585,2.084037,2.076491,0.000771,10.110132,3.5,3.493,3.5
14.833601,2235,1,bajada,0.006587,0.006585,2.084812,2.076491,0.000770,10.118555,3.5,3.493,3.5
14.875172,2236,1,bajada,0.006586,0.006585,2.084812,2.077892,0.000770,10.115747,3.5,3.493,3.5
14.938130,2237,1,bajada,0.006584,0.006582,2.082913,2.078562,0.000771,10.125147,3.5,3.493,3.5
15.011771,2238,1,bajada,0.006591,0.006584,2.084246,2.076798,0.000770,10.114771,3.5,3.493,3.5
15.106432,2239,1,bajada,0.006596,0.006585,2.084699,2.077755,0.000771,10.119715,3.5,3.493,3.5
15.169132,2240,1,bajada,0.006578,0.006585,2.084007,2.078532,0.000771,10.119715,3.5,3.493,3.5
15.200816,2241,1,bajada,0.006601,0.006588,2.085542,2.078532,0.000772,10.117731,3.5,3.493,3.5
15.262753,2242,1,bajada,0.006608,0.006591,2.086558,2.079322,0.000772,10.114588,3.5,3.493,3.5
15.336436,2243,1,bajada,0.006582,0.006592,2.087333,2.079322,0.000772,10.116205,3.5,3.493,3.5
15.378618,2244,1,bajada,0.006614,0.006593,2.087333,2.079424,0.000773,10.118525,3.5,3.493,3.5
15.420050,2245,1,bajada,0.006581,0.006591,2.086987,2.081078,0.000773,10.118525,3.5,3.493,3.5
15.472123,2246,1,bajada,0.006579,0.006588,2.086156,2.080377,0.000772,10.113977,3.5,3.492,3.5
15.554093,2247,1,bajada,0.006620,0.006594,2.086213,2.080166,0.000772,10.113977,3.5,3.492,3.5
15.595203,2248,1,bajada,0.006582,0.006595,2.087840,2.080166,0.000773,10.116144,3.5,3.493,3.5
15.645620,2249,1,bajada,0.006583,0.006595,2.087291,2.081191,0.000772,10.108118,3.5,3.492,3.5
15.707261,2250,1,bajada,0.006625,0.006594,2.086382,2.081191,0.000772,10.113855,3.5,3.492,3.5
15.747769,2251,1,bajada,0.006584,0.006594,2.086382,2.080070,0.000772,10.113367,3.5,3.493,3.5
15.789410,2252,1,bajada,0.006625,0.006594,2.085325,2.079078,0.000772,10.113367,3.5,3.492,3.5
15.841413,2253,1,bajada,0.006582,0.006593,2.086448,2.079078,0.000772,10.121332,3.5,3.493,3.5
15.903756,2254,1,bajada,0.006581,0.006591,2.086326,2.078851,0.000771,10.117792,3.5,3.493,3.5
15.957006,2255,1,bajada,0.006615,0.006586,2.087169,2.078851,0.000772,10.118036,3.5,3.492,3.5
16.009017,2256,1,bajada,0.006580,0.006591,2.087169,2.080616,0.000773,10.115747,3.5,3.492,3.5
16.041065,2257,1,bajada,0.006622,0.006594,2.087512,2.081897,0.000774,10.115747,3.5,3.492,3.5
16.104057,2258,1,bajada,0.006623,0.006598,2.088329,2.080318,0.000774,10.116022,3.5,3.492,3.5
16.179078,2259,1,bajada,0.006592,0.006599,2.089175,2.081945,0.000774,10.116022,3.5,3.493,3.5
16.210150,2260,1,bajada,0.006621,0.006598,2.088102,2.081945,0.000773,10.117304,3.5,3.492,3.5
16.271893,2261,1,bajada,0.006618,0.006600,2.087306,2.082270,0.000774,10.116388,3.5,3.492,3.5
16.343922,2262,1,bajada,0.006593,0.006599,2.088206,2.082270,0.000773,10.113733,3.5,3.492,3.5
16.375689,2263,1,bajada,0.006615,0.006599,2.088206,2.080952,0.000774,10.112970,3.5,3.493,3.5
16.417273,2264,1,bajada,0.006594,0.006598,2.089273,2.082022,0.000774,10.112970,3.5,3.492,3.5
16.470111,2265,1,bajada,0.006609,0.006596,2.088546,2.082022,0.000774,10.122309,3.5,3.493,3.5
16.512895,2266,1,bajada,0.006591,0.006596,2.088546,2.081563,0.000773,10.121393,3.5,3.492,3.5
16.544861,2267,1,bajada,0.006606,0.006598,2.088031,2.082112,0.000774,10.121393,3.5,3.492,3.5
16.597570,2268,1,bajada,0.006595,0.006599,2.087375,2.082112,0.000773,10.119959,3.5,3.492,3.5
16.629292,2269,1,bajada,0.006605,0.006599,2.087375,2.081599,0.000774,10.118921,3.5,3.492,3.5
16.682198,2270,1,bajada,0.006598,0.006599,2.088701,2.081134,0.000774,10.118921,3.5,3.492,3.5
16.733660,2271,1,bajada,0.006597,0.006596,2.087491,2.081286,0.000773,10.112787,3.5,3.492,3.5
16.796196,2272,1,bajada,0.006597,0.006596,2.086913,2.081262,0.000773,10.112787,3.5,3.492,3.5
16.838518,2273,1,bajada,0.006598,0.006597,2.087420,2.081262,0.000774,10.113245,3.5,3.492,3.5
16.880614,2274,1,bajada,0.006595,0.006595,2.087420,2.081203,0.000769,10.111567,3.5,3.492,3.5
16.933225,2275,1,bajada,0.006592,0.006582,2.082836,2.074855,0.000769,10.111567,3.5,3.492,3.5
16.975205,2276,1,bajada,0.006585,0.006577,2.082720,2.075353,0.000770,10.111811,3.492,3.5,3.5
17.048903,2277,1,bajada,0.006572,0.006578,2.082326,2.076491,0.000770,10.111811,3.492,3.5,3.5
17.101584,2278,1,bajada,0.006571,0.006579,2.080926,2.075487,0.000770,10.113916,3.5,3.492,3.5
17.185935,2279,1,bajada,0.006570,0.006579,2.083924,2.075496,0.000770,10.119287,3.5,3.492,3.5
17.279335,2280,1,bajada,0.006569,0.006580,2.082314,2.076855,0.000769,10.119654,3.5,3.492,3.5
17.362609,2281,1,bajada,0.006566,0.006578,2.082058,2.075958,0.000770,10.113153,3.5,3.492,3.5
17.436372,2282,1,bajada,0.006561,0.006575,2.083015,2.075773,0.000769,10.123590,3.5,3.492,3.5
17.511042,2283,1,bajada,0.006603,0.006576,2.083015,2.075073,0.000770,10.114466,3.5,3.492,3.5
17.553974,2284,1,bajada,0.006564,0.006577,2.082800,2.077173,0.000770,10.114466,3.5,3.492,3.5
17.595922,2285,1,bajada,0.006607,0.006578,2.082568,2.077173,0.000770,10.112360,3.5,3.492,3.5
17.627643,2286,1,bajada,0.006567,0.006578,2.082568,2.076116,0.000769,10.117609,3.5,3.492,3.5
17.669257,2287,1,bajada,0.006609,0.006579,2.081873,2.075704,0.000769,10.117609,3.5,3.492,3.5
17.743696,2288,1,bajada,0.006608,0.006578,2.083167,2.074816,0.000769,10.112604,3.5,3.492,3.5
17.796212,2289,1,bajada,0.006568,0.006578,2.082988,2.076750,0.000769,10.112604,3.5,3.492,3.5
17.837549,2290,1,bajada,0.006608,0.006578,2.082338,2.076750,0.000770,10.119043,3.5,3.492,3.5
17.878742,2291,1,bajada,0.006569,0.006577,2.082338,2.076306,0.000770,10.118555,3.5,3.492,3.5
17.952908,2292,1,bajada,0.006566,0.006575,2.081945,2.076020,0.000769,10.119959,3.5,3.492,3.5
18.006002,2293,1,bajada,0.006601,0.006575,2.081945,2.074736,0.000770,10.112055,3.5,3.492,3.5
18.058381,2294,1,bajada,0.006568,0.006575,2.082815,2.075871,0.000769,10.112055,3.5,3.492,3.5
18.100394,2295,1,bajada,0.006601,0.006577,2.082294,2.075871,0.000770,10.123346,3.5,3.492,3.5
18.142757,2296,1,bajada,0.006570,0.006577,2.082294,2.076136,0.000769,10.115320,3.5,3.492,3.5
18.184181,2297,1,bajada,0.006598,0.006577,2.081578,2.075603,0.000770,10.115320,3.5,3.492,3.5
18.226162,2298,1,bajada,0.006570,0.006577,2.082019,2.075603,0.000769,10.114710,3.5,3.491,3.5
18.257336,2299,1,bajada,0.006595,0.006577,2.082019,2.074542,0.000769,10.115961,3.5,3.492,3.5
18.298506,2300,1,bajada,0.006570,0.006575,2.081787,2.074536,0.000769,10.115961,3.5,3.491,3.5
18.340370,2301,1,bajada,0.006590,0.006574,2.081483,2.074536,0.000769,10.114832,3.5,3.492,3.5
18.392575,2302,1,bajada,0.006570,0.006574,2.081483,2.075731,0.000769,10.109461,3.5,3.491,3.5
18.455649,2303,1,bajada,0.006565,0.006569,2.080783,2.074879,0.000769,10.117853,3.5,3.491,3.5
18.508076,2304,1,bajada,0.006579,0.006571,2.080783,2.074342,0.000769,10.118738,3.5,3.492,3.5
18.550407,2305,1,bajada,0.006577,0.006572,2.081984,2.074748,0.000770,10.120630,3.5,3.491,3.5
18.635149,2306,1,bajada,0.006574,0.006572,2.081107,2.075379,0.000769,10.114405,3.5,3.491,3.5
18.720315,2307,1,bajada,0.006573,0.006573,2.080905,2.075379,0.000769,10.116205,3.5,3.491,3.5
18.762351,2308,1,bajada,0.006573,0.006573,2.080905,2.074649,0.000769,10.110895,3.5,3.491,3.5
18.814754,2309,1,bajada,0.006576,0.006572,2.081316,2.074095,0.000768,10.110895,3.5,3.491,3.5
18.846390,2310,1,bajada,0.006569,0.006572,2.082490,2.074095,0.000769,10.117853,3.5,3.492,3.5
18.888669,2311,1,bajada,0.006578,0.006572,2.082490,2.074658,0.000767,10.113428,3.5,3.492,3.5
18.930904,2312,1,bajada,0.006563,0.006567,2.079668,2.073889,0.000768,10.113428,3.5,3.491,3.5
18.973509,2313,1,bajada,0.006573,0.006564,2.078759,2.073889,0.000768,10.123163,3.5,3.492,3.5
19.015065,2314,1,bajada,0.006558,0.006567,2.078759,2.073049,0.000768,10.113977,3.5,3.491,3.5
19.057171,2315,1,bajada,0.006579,0.006567,2.079814,2.073383,0.000768,10.113977,3.5,3.491,3.5
19.099678,2316,1,bajada,0.006559,0.006568,2.080487,2.073383,0.000768,10.115503,3.5,3.491,3.5
19.141207,2317,1,bajada,0.006584,0.006569,2.080487,2.073272,0.000768,10.112360,3.5,3.491,3.5
19.183099,2318,1,bajada,0.006558,0.006568,2.080088,2.074390,0.000768,10.112360,3.5,3.491,3.5
19.224909,2319,1,bajada,0.006588,0.006569,2.080002,2.074390,0.000768,10.118158,3.5,3.491,3.5
19.277404,2320,1,bajada,0.006592,0.006569,2.079948,2.073061,0.000768,10.113550,3.5,3.491,3.5
19.350080,2321,1,bajada,0.006556,0.006569,2.081483,2.073061,0.000768,10.120752,3.5,3.491,3.5
19.391812,2322,1,bajada,0.006595,0.006569,2.081483,2.073147,0.000769,10.114588,3.5,3.491,3.5
19.443709,2323,1,bajada,0.006592,0.006566,2.079772,2.074032,0.000768,10.120630,3.5,3.492,3.5
19.517438,2324,1,bajada,0.006554,0.006566,2.079772,2.074131,0.000769,10.121820,3.5,3.491,3.5
19.559350,2325,1,bajada,0.006598,0.006568,2.079704,2.073406,0.000769,10.121820,3.5,3.492,3.5
19.611902,2326,1,bajada,0.006600,0.006570,2.081224,2.072894,0.000769,10.109217,3.5,3.491,3.5
19.695430,2327,1,bajada,0.006599,0.006570,2.080520,2.074384,0.000768,10.117609,3.5,3.491,3.5
19.768619,2328,1,bajada,0.006560,0.006570,2.080520,2.074190,0.000767,10.122187,3.5,3.491,3.5
19.809674,2329,1,bajada,0.006599,0.006569,2.079409,2.073666,0.000768,10.122187,3.5,3.491,3.5
19.851229,2330,1,bajada,0.006560,0.006570,2.080747,2.073666,0.000768,10.122248,3.5,3.492,3.5
19.892688,2331,1,bajada,0.006596,0.006568,2.080747,2.072900,0.000769,10.115076,3.5,3.491,3.5
19.964676,2332,1,bajada,0.006589,0.006564,2.080622,2.073874,0.000768,10.114466,3.5,3.491,3.5
0.038245,2334,1,bajada,-0.006190,-0.006178,2.073046,2.080216,0.000768,10.118433,0.0,-0.0,0.0
0.072243,2335,1,bajada,-0.006173,-0.006180,2.072673,2.079212,0.000768,10.118433,0.0,0.0,0.0
0.113418,2336,1,bajada,-0.006194,-0.006179,2.072825,2.079212,0.000768,10.105646,0.0,-0.001,0.0
0.165198,2337,1,bajada,-0.006174,-0.006177,2.072825,2.078524,0.000768,10.112543,0.0,0.0,0.0
0.196354,2338,1,bajada,-0.006189,-0.006177,2.074026,2.078631,0.000767,10.112543,0.0,-0.0,0.0
0.248752,2339,1,bajada,-0.006176,-0.006175,2.073547,2.078631,0.000767,10.112726,0.0,0.0,0.0
0.301083,2340,1,bajada,-0.006179,-0.006176,2.073243,2.079591,0.000768,10.113916,0.0,0.0,0.0
0.365449,2341,1,bajada,-0.006187,-0.006175,2.072968,2.079591,0.000768,10.113214,0.0,0.0,0.0
0.406970,2342,1,bajada,-0.006185,-0.006176,2.074125,2.078840,0.000768,10.115198,0.0,0.0,0.0
0.492159,2343,1,bajada,-0.006186,-0.006177,2.073714,2.078840,0.000768,10.117914,0.0,-0.0,0.0
0.534127,2344,1,bajada,-0.006183,-0.006177,2.073714,2.079862,0.000767,10.114038,0.0,-0.0,0.0
0.575348,2345,1,bajada,-0.006192,-0.006180,2.072840,2.079650,0.000768,10.114038,0.0,-0.001,0.0
0.617303,2346,1,bajada,-0.006184,-0.006180,2.072730,2.079650,0.000768,10.114771,0.0,0.0,0.0
0.658998,2347,1,bajada,-0.006192,-0.006178,2.072730,2.079307,0.000768,10.114222,0.0,-0.0,0.0
0.700585,2348,1,bajada,-0.006175,-0.006177,2.074175,2.079382,0.000768,10.114222,0.0,0.0,0.0
0.741997,2349,1,bajada,-0.006193,-0.006176,2.074312,2.079382,0.000768,10.114038,0.0,-0.0,0.0
0.805156,2350,1,bajada,-0.006195,-0.006177,2.073672,2.081119,0.000769,10.108484,0.0,0.0,0.0
0.867917,2351,1,bajada,-0.006169,-0.006177,2.072942,2.081119,0.000768,10.115961,0.0,0.0,0.0
0.920579,2352,1,bajada,-0.006164,-0.006177,2.072939,2.078679,0.000768,10.118525,0.0,-0.0,0.0
1.005202,2353,1,bajada,-0.006161,-0.006176,2.073970,2.079057,0.000768,10.116449,0.0,-0.0,0.0
1.078523,2354,1,bajada,-0.006201,-0.006180,2.073511,2.079841,0.000768,10.116449,0.0,-0.001,0.0
1.141433,2355,1,bajada,-0.006199,-0.006178,2.073213,2.079915,0.000768,10.115198,0.0,-0.001,0.0
1.204089,2356,1,bajada,-0.006156,-0.006176,2.072724,2.079245,0.000768,10.115198,0.0,0.0,0.0
1.236104,2357,1,bajada,-0.006196,-0.006176,2.073907,2.079245,0.000767,10.118525,0.0,0.0,0.0
1.283121,2358,1,bajada,-0.006154,-0.006175,2.073907,2.078100,0.000768,10.118921,0.0,-0.0,0.0
1.330884,2359,1,bajada,-0.006195,-0.006176,2.073767,2.079358,0.000768,10.118921,0.0,-0.0,0.0
1.362165,2360,1,bajada,-0.006154,-0.006175,2.072369,2.079358,0.000768,10.115259,0.0,-0.0,0.0
1.403515,2361,1,bajada,-0.006194,-0.006176,2.072369,2.080094,0.000767,10.114283,0.0,-0.0,0.0
1.456344,2362,1,bajada,-0.006154,-0.006175,2.072411,2.078723,0.000768,10.114283,0.0,0.0,0.0
1.487769,2363,1,bajada,-0.006193,-0.006175,2.072718,2.078723,0.000767,10.123224,0.0,0.0,0.0
1.539548,2364,1,bajada,-0.006156,-0.006177,2.072718,2.078020,0.000767,10.120447,0.0,0.0,0.0
1.591890,2365,1,bajada,-0.006162,-0.006179,2.073347,2.079632,0.000768,10.120081,0.0,0.0,0.0
1.664770,2366,1,bajada,-0.006193,-0.006177,2.073347,2.079912,0.000768,10.118341,0.0,-0.001,0.0
1.717249,2367,1,bajada,-0.006192,-0.006176,2.073720,2.079087,0.000768,10.113031,0.0,0.0,0.0
1.800073,2368,1,bajada,-0.006190,-0.006176,2.073636,2.078804,0.000768,10.107294,0.0,0.0,0.0
1.883806,2369,1,bajada,-0.006189,-0.006175,2.073782,2.080699,0.000768,10.115442,0.0,-0.0,0.0
1.957207,2370,1,bajada,-0.006171,-0.006176,2.073204,2.079364,0.000768,10.115442,0.0,0.0,0.0
2.008715,2371,1,bajada,-0.006174,-0.006176,2.072796,2.078404,0.000767,10.108240,0.0,-0.0,0.0
2.104197,2372,1,bajada,-0.006179,-0.006178,2.073770,2.078089,0.000768,10.113733,0.0,-0.0,0.0
2.165398,2373,1,bajada,-0.006187,-0.006176,2.073770,2.079853,0.000768,10.119715,0.0,-0.0,0.0
2.216691,2374,1,bajada,-0.006185,-0.006175,2.072515,2.080079,0.000768,10.119349,0.0,-0.0,0.0
2.289766,2375,1,bajada,-0.006182,-0.006175,2.072515,2.079477,0.000768,10.114161,0.0,-0.0,0.0
2.340683,2376,1,bajada,-0.006183,-0.006175,2.073642,2.079048,0.000768,10.114161,0.0,0.0,0.0
2.392355,2377,1,bajada,-0.006181,-0.006177,2.073997,2.079999,0.000768,10.113092,0.0,-0.0,0.0
2.453644,2378,1,bajada,-0.006178,-0.006175,2.072974,2.079927,0.000768,10.118158,0.0,-0.0,0.0
2.555478,2379,1,bajada,-0.006177,-0.006179,2.073421,2.078947,0.000768,10.120325,-0.0,0.0,0.0
2.629199,2380,1,bajada,-0.006196,-0.006177,2.074485,2.078947,0.000768,10.109522,0.0,-0.001,0.0
2.660392,2381,1,bajada,-0.006171,-0.006177,2.074485,2.079555,0.000768,10.111506,0.0,0.0,0.0
2.712683,2382,1,bajada,-0.006195,-0.006176,2.073261,2.080642,0.000768,10.111506,0.0,-0.0,0.0
2.743915,2383,1,bajada,-0.006167,-0.006176,2.072870,2.080642,0.000768,10.116571,0.0,0.0,0.0
2.796737,2384,1,bajada,-0.006196,-0.006175,2.072870,2.079826,0.000768,10.115198,0.0,0.0,0.0
2.828134,2385,1,bajada,-0.006163,-0.006176,2.072819,2.079075,0.000768,10.115198,0.0,0.0,0.0
2.881152,2386,1,bajada,-0.006197,-0.006176,2.073964,2.079075,0.000768,10.123407,0.0,0.0,0.0
2.912630,2387,1,bajada,-0.006160,-0.006176,2.073964,2.079105,0.000768,10.114344,0.0,0.0,0.0
2.954899,2388,1,bajada,-0.006198,-0.006177,2.073785,2.080431,0.000768,10.114344,0.0,0.0,0.0
2.997373,2389,1,bajada,-0.006158,-0.006177,2.073025,2.080431,0.000768,10.115381,0.0,0.0,0.0
3.038913,2390,1,bajada,-0.006198,-0.006178,2.073025,2.079564,0.000768,10.113337,-0.0,0.0,0.0
3.081706,2391,1,bajada,-0.006160,-0.006181,2.072885,2.079424,0.000768,10.113337,0.0,-0.001,0.0
3.123366,2392,1,bajada,-0.006200,-0.006178,2.074101,2.079424,0.000768,10.123407,0.0,0.0,0.0
3.166101,2393,1,bajada,-0.006156,-0.006177,2.074101,2.078613,0.000768,10.111628,0.0,-0.0,0.0
3.208450,2394,1,bajada,-0.006196,-0.006176,2.073749,2.079906,0.000768,10.111628,0.0,0.0,0.0
3.250495,2395,1,bajada,-0.006155,-0.006176,2.073451,2.079906,0.000768,10.122919,0.0,-0.001,0.0
3.291750,2396,1,bajada,-0.006195,-0.006176,2.073451,2.079766,0.000767,10.118982,0.0,0.0,0.0
3.333721,2397,1,bajada,-0.006155,-0.006175,2.072718,2.079978,0.000769,10.118982,0.0,-0.0,0.0
3.396190,2398,1,bajada,-0.006157,-0.006176,2.074146,2.078920,0.000768,10.114771,0.0,0.0,0.0
3.480212,2399,1,bajada,-0.006159,-0.006176,2.073326,2.080309,0.000768,10.112482,0.0,0.0,0.0
3.543779,2400,1,bajada,-0.006193,-0.006178,2.073326,2.079990,0.000767,10.127131,0.0,0.0,0.0
3.586025,2401,1,bajada,-0.006167,-0.006180,2.072506,2.079665,0.000768,10.127131,0.0,-0.0,0.0
3.628108,2402,1,bajada,-0.006195,-0.006179,2.073186,2.079665,0.000768,10.115442,0.0,0.0,0.0
3.669881,2403,1,bajada,-0.006166,-0.006177,2.073186,2.078667,0.000769,10.116938,0.0,-0.001,0.0
3.712191,2404,1,bajada,-0.006192,-0.006177,2.073588,2.079581,0.000768,10.116938,0.0,0.0,0.0
3.753448,2405,1,bajada,-0.006168,-0.006176,2.074339,2.079581,0.000768,10.122980,0.0,0.0,0.0
3.794794,2406,1,bajada,-0.006191,-0.006176,2.074339,2.079918,0.000768,10.119165,0.0,0.0,0.0
3.846693,2407,1,bajada,-0.006191,-0.006177,2.073249,2.080243,0.000768,10.118219,0.0,0.0,0.0
3.930998,2408,1,bajada,-0.006190,-0.006178,2.073979,2.078896,0.000768,10.110193,0.0,0.0,0.0
4.004097,2409,1,bajada,-0.006179,-0.006177,2.074196,2.078896,0.000768,10.118402,0.0,0.0,0.0
4.066506,2410,1,bajada,-0.006187,-0.006181,2.072429,2.079680,0.000768,10.113092,0.0,-0.001,0.0
4.140305,2411,1,bajada,-0.006185,-0.006178,2.072638,2.079856,0.000767,10.113733,0.0,-0.0,0.0
4.221731,2412,1,bajada,-0.006184,-0.006176,2.073845,2.078121,0.000767,10.113733,0.0,-0.001,0.0
4.262859,2413,1,bajada,-0.006187,-0.006175,2.073517,2.078121,0.000768,10.109156,0.0,0.0,0.0
4.293572,2414,1,bajada,-0.006180,-0.006175,2.073517,2.079969,0.000768,10.113916,0.0,-0.001,0.0
4.334542,2415,1,bajada,-0.006189,-0.006175,2.073305,2.080011,0.000768,10.113916,0.0,0.0,0.0
4.396953,2416,1,bajada,-0.006191,-0.006176,2.072798,2.079602,0.000768,10.115870,0.0,0.0,0.0
4.471076,2417,1,bajada,-0.006174,-0.006176,2.073222,2.079212,0.000768,10.115870,0.0,-0.0,0.0
4.502916,2418,1,bajada,-0.006174,-0.006181,2.073830,2.079134,0.000768,10.110682,0.0,0.0,0.0
4.587638,2419,1,bajada,-0.006170,-0.006180,2.072903,2.080002,0.000768,10.120691,0.0,0.0,0.0
4.673286,2420,1,bajada,-0.006197,-0.006177,2.072903,2.079009,0.000768,10.113489,0.0,0.0,0.0
4.715323,2421,1,bajada,-0.006163,-0.006177,2.072769,2.078649,0.000768,10.113489,0.0,0.0,0.0
4.756726,2422,1,bajada,-0.006197,-0.006176,2.073898,2.078649,0.000767,10.114527,0.0,0.0,0.0
4.820085,2423,1,bajada,-0.006196,-0.006175,2.072381,2.080187,0.000768,10.116022,0.0,0.0,0.0
4.924102,2424,1,bajada,-0.006196,-0.006176,2.072492,2.079844,0.000768,10.114527,0.0,-0.001,0.0
4.965480,2425,1,bajada,-0.006155,-0.006177,2.072170,2.078929,0.000768,10.114527,0.0,0.0,0.0
5.029202,2426,1,bajada,-0.006155,-0.006176,2.073314,2.078094,0.000768,10.116388,0.0,-0.0,0.0
5.102802,2427,1,bajada,-0.006156,-0.006179,2.073022,2.079304,0.000767,10.120813,0.0,-0.0,0.0
5.175472,2428,1,bajada,-0.006194,-0.006175,2.073022,2.079945,0.000768,10.116449,0.0,0.0,0.0
5.226829,2429,1,bajada,-0.006155,-0.006176,2.073436,2.080487,0.000768,10.116449,0.0,-0.0,0.0
5.257214,2430,1,bajada,-0.006194,-0.006177,2.074602,2.080487,0.000768,10.111750,0.0,-0.0,0.0
5.308274,2431,1,bajada,-0.006158,-0.006178,2.074602,2.079304,0.000768,10.114344,0.0,-0.0,0.0
5.350747,2432,1,bajada,-0.006195,-0.006178,2.074834,2.080607,0.000768,10.114344,0.0,-0.0,0.0
5.382500,2433,1,bajada,-0.006161,-0.006178,2.074128,2.080607,0.000769,10.118616,0.0,0.0,0.0
5.425173,2434,1,bajada,-0.006195,-0.006178,2.074128,2.080797,0.000768,10.122919,0.0,-0.001,0.0
5.476929,2435,1,bajada,-0.006164,-0.006179,2.073281,2.080121,0.000769,10.122919,0.0,-0.0,0.0
5.518794,2436,1,bajada,-0.006194,-0.006178,2.073594,2.080121,0.000768,10.120142,0.0,0.0,0.0
5.571506,2437,1,bajada,-0.006198,-0.006182,2.074426,2.079850,0.000768,10.115747,0.0,0.0,0.0
5.635066,2438,1,bajada,-0.006172,-0.006180,2.073913,2.079850,0.000769,10.113153,0.0,0.0,0.0
5.677109,2439,1,bajada,-0.006192,-0.006178,2.073913,2.080288,0.000768,10.116632,0.0,-0.0,0.0
5.729347,2440,1,bajada,-0.006191,-0.006178,2.073648,2.080487,0.000768,10.117060,0.0,-0.0,0.0
5.813226,2441,1,bajada,-0.006189,-0.006177,2.074792,2.078637,0.000768,10.115015,0.0,0.0,0.0
5.896861,2442,1,bajada,-0.006189,-0.006176,2.073979,2.080195,0.000768,10.114649,0.0,-0.0,0.0
6.000895,2443,1,bajada,-0.006188,-0.006178,2.072736,2.080547,0.000768,10.117060,0.0,-0.0,0.0
6.063968,2444,1,bajada,-0.006189,-0.006180,2.074333,2.079158,0.000768,10.112665,0.0,-0.0,0.0
6.137013,2445,1,bajada,-0.006190,-0.006180,2.074324,2.079158,0.000769,10.116938,0.0,0.0,0.0
6.178687,2446,1,bajada,-0.006184,-0.006179,2.074324,2.080371,0.000768,10.116877,0.0,0.0,0.0
6.231063,2447,1,bajada,-0.006180,-0.006177,2.073201,2.080726,0.000769,10.119715,0.0,-0.0,0.0
6.315422,2448,1,bajada,-0.006176,-0.006176,2.073559,2.078526,0.000768,10.122492,0.0,-0.0,0.0
6.388654,2449,1,bajada,-0.006193,-0.006176,2.074375,2.078526,0.000768,10.122126,0.0,0.0,0.0
6.451972,2450,1,bajada,-0.006194,-0.006176,2.073159,2.080121,0.000768,10.107111,0.0,0.0,0.0
6.515666,2451,1,bajada,-0.006168,-0.006176,2.073427,2.080121,0.000768,10.120325,0.0,0.0,0.0
6.547053,2452,1,bajada,-0.006197,-0.006179,2.073427,2.079552,0.000768,10.118982,0.0,-0.0,0.0
6.610763,2453,1,bajada,-0.006201,-0.006182,2.074169,2.079030,0.000767,10.116877,0.0,0.0,0.0
6.692949,2454,1,bajada,-0.006198,-0.006177,2.073752,2.080479,0.000768,10.114038,0.0,-0.0,0.0
6.766629,2455,1,bajada,-0.006159,-0.006176,2.073180,2.080479,0.000768,10.121393,0.0,0.0,0.0
6.819597,2456,1,bajada,-0.006156,-0.006176,2.073651,2.079722,0.000768,10.111506,0.0,0.0,0.0
6.883513,2457,1,bajada,-0.006197,-0.006176,2.074408,2.079722,0.000768,10.118158,0.0,-0.0,0.0
6.925392,2458,1,bajada,-0.006155,-0.006177,2.074408,2.079504,0.000768,10.115747,0.0,-0.0,0.0
6.967362,2459,1,bajada,-0.006197,-0.006177,2.074324,2.081021,0.000768,10.115747,0.0,-0.0,0.0
7.040821,2460,1,bajada,-0.006198,-0.006179,2.074056,2.080744,0.000769,10.119898,0.0,-0.0,0.0
7.093509,2461,1,bajada,-0.006161,-0.006183,2.072810,2.080288,0.000769,10.119898,0.0,-0.0,0.0
7.146924,2462,1,bajada,-0.006201,-0.006180,2.074193,2.080288,0.000768,10.118158,0.0,0.0,0.0
7.188162,2463,1,bajada,-0.006159,-0.006179,2.074193,2.078482,0.000768,10.119043,0.0,0.0,0.0
7.242101,2464,1,bajada,-0.006159,-0.006178,2.074330,2.080371,0.000768,10.116327,0.0,0.0,0.0
7.315914,2465,1,bajada,-0.006194,-0.006177,2.074330,2.080842,0.000768,10.118219,0.0,-0.0,0.0
7.358066,2466,1,bajada,-0.006161,-0.006177,2.072667,2.079620,0.000769,10.118219,0.0,-0.0,0.0
7.410976,2467,1,bajada,-0.006163,-0.006178,2.073603,2.079444,0.000769,10.116388,0.0,0.0,0.0
7.473513,2468,1,bajada,-0.006193,-0.006178,2.074861,2.080273,0.000768,10.116388,0.0,0.0,0.0
7.515112,2469,1,bajada,-0.006166,-0.006177,2.074032,2.080273,0.000768,10.113611,0.0,-0.0,0.0
7.557590,2470,1,bajada,-0.006193,-0.006180,2.074032,2.080458,0.000768,10.102472,0.0,-0.0,0.0
7.598218,2471,1,bajada,-0.006174,-0.006183,2.073138,2.080112,0.000768,10.102472,0.0,-0.0,0.0
7.649839,2472,1,bajada,-0.006196,-0.006180,2.073237,2.080112,0.000768,10.115686,0.0,0.0,0.0
7.711758,2473,1,bajada,-0.006191,-0.006178,2.074208,2.079185,0.000768,10.117853,0.0,0.0,0.0
7.783681,2474,1,bajada,-0.006189,-0.006177,2.073809,2.080258,0.000768,10.115900,0.0,0.0,0.0
7.876387,2475,1,bajada,-0.006188,-0.006176,2.073150,2.079939,0.000768,10.115900,0.0,0.0,0.0
7.929257,2476,1,bajada,-0.006181,-0.006178,2.073150,2.078938,0.000768,10.119898,0.0,-0.001,0.0
7.981997,2477,1,bajada,-0.006186,-0.006177,2.074268,2.079158,0.000768,10.119898,0.0,0.0,0.0
8.014590,2478,1,bajada,-0.006184,-0.006177,2.074503,2.079158,0.000769,10.126703,0.0,-0.0,0.0
8.056844,2479,1,bajada,-0.006186,-0.006179,2.074503,2.079901,0.000768,10.115870,0.0,0.0,0.0
8.131025,2480,1,bajada,-0.006187,-0.006182,2.073195,2.080696,0.000768,10.113550,0.0,0.0,0.0
8.184096,2481,1,bajada,-0.006191,-0.006178,2.073195,2.079692,0.000768,10.115137,0.0,0.001,0.0
8.246361,2482,1,bajada,-0.006191,-0.006177,2.073412,2.078059,0.000767,10.116571,0.0,-0.001,0.0
8.308814,2483,1,bajada,-0.006174,-0.006175,2.073412,2.079132,0.000768,10.117243,0.0,0.0,0.0
8.360699,2484,1,bajada,-0.006192,-0.006175,2.072879,2.079704,0.000768,10.117243,0.0,0.0,0.0
8.391706,2485,1,bajada,-0.006170,-0.006174,2.071809,2.079704,0.000768,10.116327,0.0,-0.0,0.0
8.432968,2486,1,bajada,-0.006193,-0.006175,2.071809,2.079006,0.000768,10.113031,0.0,0.0,0.0
8.484272,2487,1,bajada,-0.006166,-0.006176,2.073749,2.078851,0.000768,10.113031,0.0,-0.001,0.0
8.536307,2488,1,bajada,-0.006166,-0.006177,2.074074,2.079787,0.000769,10.110376,0.0,0.0,0.0
8.609165,2489,1,bajada,-0.006202,-0.006182,2.073475,2.080249,0.000768,10.110376,0.0,0.0,0.0
8.650884,2490,1,bajada,-0.006166,-0.006179,2.072861,2.080249,0.000768,10.114405,0.0,-0.001,0.0
8.682251,2491,1,bajada,-0.006199,-0.006177,2.072861,2.079361,0.000768,10.119898,0.0,0.0,0.0
8.724853,2492,1,bajada,-0.006159,-0.006177,2.072453,2.078637,0.000768,10.119898,0.0,-0.0,0.0
8.767545,2493,1,bajada,-0.006197,-0.006175,2.074014,2.078637,0.000768,10.120630,0.0,0.0,0.0
8.820453,2494,1,bajada,-0.006155,-0.006175,2.074014,2.078425,0.000768,10.118341,0.0,-0.001,0.0
8.862282,2495,1,bajada,-0.006196,-0.006177,2.073922,2.080231,0.000768,10.118341,0.0,0.0,0.0
8.893997,2496,1,bajada,-0.006155,-0.006176,2.072718,2.080231,0.000768,10.115961,0.0,-0.001,0.0
8.935302,2497,1,bajada,-0.006196,-0.006176,2.072718,2.079611,0.000768,10.117365,0.0,0.0,0.0
9.009176,2498,1,bajada,-0.006195,-0.006176,2.073773,2.078917,0.000767,10.114954,0.0,0.0,0.0
9.062014,2499,1,bajada,-0.006156,-0.006178,2.073773,2.078312,0.000768,10.113916,0.0,0.0,0.0
9.103888,2500,1,bajada,-0.006199,-0.006182,2.074357,2.079865,0.000768,10.113916,0.0,0.0,0.0
9.156734,2501,1,bajada,-0.006160,-0.006179,2.073353,2.079865,0.000768,10.120447,0.0,0.0,0.0
9.187383,2502,1,bajada,-0.006195,-0.006177,2.073353,2.080181,0.000768,10.117304,-0.0,0.0,0.0
9.251577,2503,1,bajada,-0.006193,-0.006176,2.073052,2.079462,0.000768,10.117609,0.0,0.0,0.0
9.315501,2504,1,bajada,-0.006159,-0.006176,2.073052,2.078494,0.000768,10.110712,0.0,0.0,0.0
9.356923,2505,1,bajada,-0.006192,-0.006176,2.073943,2.079647,0.000768,10.110712,0.0,-0.0,0.0
9.403135,2506,1,bajada,-0.006162,-0.006175,2.073231,2.079647,0.000768,10.118982,0.0,-0.0,0.0
9.450118,2507,1,bajada,-0.006191,-0.006175,2.073231,2.080061,0.000768,10.117792,0.0,-0.0,0.0
9.481235,2508,1,bajada,-0.006166,-0.006177,2.073043,2.079382,0.000768,10.117792,0.0,0.0,0.0
9.523195,2509,1,bajada,-0.006191,-0.006177,2.073749,2.079382,0.000768,10.115442,0.0,-0.001,0.0
9.564837,2510,1,bajada,-0.006170,-0.006180,2.073749,2.079829,0.000768,10.118097,0.0,0.0,0.0
9.606630,2511,1,bajada,-0.006195,-0.006183,2.074521,2.079710,0.000768,10.118097,0.0,-0.001,0.0
9.659370,2512,1,bajada,-0.006192,-0.006179,2.074012,2.080210,0.000767,10.111139,-0.001,0.0,0.0
9.743836,2513,1,bajada,-0.006189,-0.006177,2.072828,2.079585,0.000768,10.116022,-0.0,0.0,0.0
9.817383,2514,1,bajada,-0.006178,-0.006177,2.072828,2.078744,0.000768,10.117853,-0.0,0.0,0.0
9.879561,2515,1,bajada,-0.006181,-0.006176,2.073255,2.078345,0.000768,10.107294,0.0,0.0,0.0
9.952573,2516,1,bajada,-0.006184,-0.006176,2.073046,2.079740,0.000768,10.109339,0.0,0.0,0.0
10.036239,2517,1,bajada,-0.006187,-0.006176,2.072155,2.078720,0.000768,10.108484,0.0,0.0,0.0
10.120397,2518,1,bajada,-0.006191,-0.006180,2.073058,2.078366,0.000767,10.115747,0.0,0.0,0.0
10.203881,2519,1,bajada,-0.006190,-0.006175,2.072816,2.079206,0.000767,10.113367,0.0,0.0,0.0
10.287117,2520,1,bajada,-0.006191,-0.006175,2.071437,2.078431,0.000767,10.109034,0.0,-0.0,0.0
10.370616,2521,1,bajada,-0.006193,-0.006175,2.073338,2.078515,0.000767,10.115747,0.0,-0.0,0.0
10.454466,2522,1,bajada,-0.006166,-0.006175,2.073338,2.078884,0.000768,10.118616,0.0,0.0,0.0
10.496957,2523,1,bajada,-0.006164,-0.006177,2.072462,2.080634,0.000768,10.117182,0.0,-0.0,0.0
10.571071,2524,1,bajada,-0.006199,-0.006180,2.072462,2.079313,0.000768,10.119104,0.0,0.0,0.0
10.622639,2525,1,bajada,-0.006200,-0.006181,2.073886,2.078634,0.000767,10.120142,0.0,-0.0,0.0
10.707336,2526,1,bajada,-0.006196,-0.006177,2.073758,2.079847,0.000767,10.113794,0.0,0.0,0.0
10.781641,2527,1,bajada,-0.006155,-0.006175,2.072611,2.079847,0.000768,10.119776,0.0,-0.0,0.0
10.813076,2528,1,bajada,-0.006195,-0.006175,2.072611,2.079680,0.000768,10.119410,0.0,0.0,0.0
10.866342,2529,1,bajada,-0.006153,-0.006175,2.071824,2.078059,0.000767,10.119410,0.0,0.0,0.0
10.898068,2530,1,bajada,-0.006194,-0.006174,2.073183,2.078059,0.000768,10.114832,0.0,-0.0,0.0
10.961622,2531,1,bajada,-0.006193,-0.006173,2.073460,2.079340,0.000768,10.115870,0.0,0.0,0.0
11.035483,2532,1,bajada,-0.006154,-0.006175,2.072974,2.079340,0.000767,10.118616,0.0,0.0,0.0
11.077303,2533,1,bajada,-0.006195,-0.006179,2.072974,2.079340,0.000767,10.120264,0.0,0.0,0.0
11.118465,2534,1,bajada,-0.006160,-0.006180,2.071940,2.078732,0.000768,10.120264,0.0,0.0,0.0
11.160414,2535,1,bajada,-0.006196,-0.006177,2.072879,2.078732,0.000767,10.113733,0.0,-0.0,0.0
11.212582,2536,1,bajada,-0.006191,-0.006176,2.073165,2.079310,0.000768,10.113092,0.0,0.0,0.0
11.286847,2537,1,bajada,-0.006159,-0.006174,2.072939,2.079310,0.000768,10.118036,0.0,0.0,0.0
11.329139,2538,1,bajada,-0.006190,-0.006175,2.072939,2.079659,0.000767,10.118036,0.0,-0.001,0.0
11.360686,2539,1,bajada,-0.006161,-0.006175,2.072447,2.079272,0.000768,10.118036,0.0,0.0,0.0
11.412450,2540,1,bajada,-0.006190,-0.006175,2.072974,2.079272,0.000767,10.114588,0.0,0.0,0.0
11.454226,2541,1,bajada,-0.006165,-0.006175,2.072974,2.078065,0.000768,10.113245,0.0,0.0,0.0
11.496215,2542,1,bajada,-0.006190,-0.006175,2.073609,2.078664,0.000767,10.113245,0.0,0.0,0.0
11.537452,2543,1,bajada,-0.006168,-0.006175,2.073120,2.078664,0.000768,10.115137,0.0,0.0,0.0
11.568937,2544,1,bajada,-0.006191,-0.006178,2.073120,2.079659,0.000767,10.121332,0.0,-0.0,0.0
11.611728,2545,1,bajada,-0.006176,-0.006181,2.072483,2.078941,0.000767,10.121332,0.0,0.0,0.0
11.663985,2546,1,bajada,-0.006191,-0.006177,2.072307,2.078941,0.000767,10.114283,0.0,-0.0,0.0
11.706086,2547,1,bajada,-0.006175,-0.006176,2.072307,2.078723,0.000768,10.116327,0.0,-0.0,0.0
11.737065,2548,1,bajada,-0.006188,-0.006176,2.073234,2.078339,0.000767,10.116327,0.0,-0.0,0.0
11.789588,2549,1,bajada,-0.006177,-0.006175,2.072429,2.078339,0.000767,10.119837,0.0,-0.0,0.0
11.831722,2550,1,bajada,-0.006185,-0.006175,2.072429,2.078944,0.000767,10.120142,0.0,0.0,0.0
11.863348,2551,1,bajada,-0.006180,-0.006175,2.071732,2.079251,0.000767,10.120142,0.0,-0.0,0.0
11.916555,2552,1,bajada,-0.006184,-0.006174,2.071586,2.079251,0.000767,10.113977,0.0,0.0,0.0
11.947768,2553,1,bajada,-0.006182,-0.006175,2.071586,2.078252,0.000767,10.116816,0.0,-0.0,0.0
12.000895,2554,1,bajada,-0.006181,-0.006175,2.072828,2.077841,0.000768,10.116816,0.0,0.0,0.0
12.033240,2555,1,bajada,-0.006185,-0.006174,2.073323,2.077841,0.000768,10.115686,0.0,-0.0,0.0
12.096784,2556,1,bajada,-0.006193,-0.006179,2.073240,2.079608,0.000767,10.108850,0.0,0.0,0.0
12.169171,2557,1,bajada,-0.006179,-0.006177,2.072506,2.079608,0.000768,10.111750,0.0,0.0,0.0
12.200575,2558,1,bajada,-0.006192,-0.006177,2.072506,2.079224,0.000768,10.120203,0.0,-0.0,0.0
12.242667,2559,1,bajada,-0.006173,-0.006177,2.073043,2.078470,0.000768,10.120203,0.0,0.0,0.0
12.294865,2560,1,bajada,-0.006170,-0.006177,2.073877,2.079114,0.000767,10.117121,0.0,0.0,0.0
12.368119,2561,1,bajada,-0.006195,-0.006176,2.072980,2.079522,0.000768,10.117121,0.0,-0.001,0.0
12.420361,2562,1,bajada,-0.006195,-0.006175,2.072560,2.078595,0.000767,10.111689,0.0,-0.001,0.0
12.493616,2563,1,bajada,-0.006162,-0.006175,2.072024,2.077546,0.000767,10.111689,0.0,-0.001,0.0
12.534998,2564,1,bajada,-0.006195,-0.006174,2.072977,2.077546,0.000767,10.114954,0.0,-0.0,0.0
12.575729,2565,1,bajada,-0.006160,-0.006177,2.072977,2.077805,0.000767,10.114710,0.0,0.0,0.0
12.616052,2566,1,bajada,-0.006199,-0.006179,2.072593,2.079227,0.000767,10.114710,0.0,-0.0,0.0
12.667246,2567,1,bajada,-0.006158,-0.006176,2.071943,2.079227,0.000767,10.116449,0.0,-0.001,0.0
12.719074,2568,1,bajada,-0.006154,-0.006175,2.071645,2.078148,0.000767,10.116144,0.0,0.0,0.0
12.781896,2569,1,bajada,-0.006194,-0.006173,2.073550,2.078148,0.000767,10.120142,0.0,-0.0,0.0
12.824365,2570,1,bajada,-0.006152,-0.006173,2.073550,2.078002,0.000767,10.108850,0.0,-0.001,0.0
12.865797,2571,1,bajada,-0.006193,-0.006174,2.072635,2.078640,0.000767,10.108850,0.0,0.0,0.0
12.926603,2572,1,bajada,-0.006192,-0.006175,2.072384,2.079054,0.000768,10.117670,0.0,-0.001,0.0
12.987684,2573,1,bajada,-0.006153,-0.006175,2.072024,2.078634,0.000767,10.117670,0.0,-0.001,0.0
13.038757,2574,1,bajada,-0.006193,-0.006175,2.073001,2.078634,0.000767,10.115076,0.0,0.0,0.0
13.100577,2575,1,bajada,-0.006196,-0.006179,2.073561,2.079537,0.000767,10.114161,0.0,-0.0,0.0
13.163804,2576,1,bajada,-0.006160,-0.006177,2.073246,2.079537,0.000768,10.122614,0.0,-0.0,0.0
13.216457,2577,1,bajada,-0.006160,-0.006174,2.072638,2.078655,0.000767,10.106989,-0.001,0.0,0.0
13.289930,2578,1,bajada,-0.006190,-0.006174,2.073213,2.078655,0.000768,10.110376,-0.001,0.0,0.0
13.341478,2579,1,bajada,-0.006189,-0.006174,2.073454,2.078923,0.000768,10.114893,0.0,-0.0,0.0
13.436770,2580,1,bajada,-0.006189,-0.006176,2.073460,2.079623,0.000767,10.113428,0.0,0.0,0.0
13.488416,2581,1,bajada,-0.006169,-0.006175,2.072235,2.079212,0.000767,10.113428,0.0,-0.001,0.0
13.551086,2582,1,bajada,-0.006174,-0.006175,2.071994,2.077865,0.000767,10.115015,0.0,-0.0,0.0
13.623622,2583,1,bajada,-0.006193,-0.006180,2.073234,2.077698,0.000767,10.115015,0.0,-0.001,0.0
13.676083,2584,1,bajada,-0.006188,-0.006176,2.073207,2.079895,0.000767,10.112848,0.0,0.0,0.0
13.749675,2585,1,bajada,-0.006179,-0.006175,2.072217,2.079152,0.000768,10.112848,0.0,0.0,0.0
13.782083,2586,1,bajada,-0.006185,-0.006174,2.071449,2.079152,0.000768,10.117243,0.0,-0.001,0.0
13.824060,2587,1,bajada,-0.006180,-0.006175,2.071449,2.078452,0.000767,10.112238,0.0,0.0,0.0
13.875735,2588,1,bajada,-0.006182,-0.006174,2.072748,2.077731,0.000767,10.112238,0.0,-0.001,0.0
13.907552,2589,1,bajada,-0.006183,-0.006174,2.072402,2.077731,0.000767,10.114283,0.0,0.0,0.0
13.980817,2590,1,bajada,-0.006185,-0.006173,2.071940,2.078521,0.000767,10.113367,0.0,0.0,0.0
14.045202,2591,1,bajada,-0.006176,-0.006172,2.071231,2.078521,0.000767,10.113367,0.0,-0.001,0.0
14.076560,2592,1,bajada,-0.006188,-0.006176,2.071231,2.077856,0.000767,10.118525,0.0,-0.0,0.0
14.129166,2593,1,bajada,-0.006177,-0.006178,2.071806,2.077075,0.000767,10.118525,0.0,-0.001,0.0
14.181434,2594,1,bajada,-0.006170,-0.006174,2.072170,2.078342,0.000767,10.113550,0.0,-0.001,0.0
14.245087,2595,1,bajada,-0.006191,-0.006173,2.071755,2.078595,0.000767,10.113550,0.0,-0.001,0.0
14.286791,2596,1,bajada,-0.006165,-0.006172,2.070715,2.078595,0.000767,10.113214,0.0,-0.001,0.0
14.350494,2597,1,bajada,-0.006160,-0.006172,2.071407,2.077320,0.000767,10.112970,0.0,-0.001,0.0
14.413448,2598,1,bajada,-0.006192,-0.006172,2.071970,2.077320,0.000766,10.113245,0.0,-0.0,0.0
14.465629,2599,1,bajada,-0.006157,-0.006171,2.071970,2.076899,0.000767,10.112970,0.0,-0.0,0.0
14.497277,2600,1,bajada,-0.006192,-0.006171,2.071481,2.078130,0.000767,10.112970,0.0,-0.001,0.0
14.539667,2601,1,bajada,-0.006154,-0.006171,2.071189,2.078130,0.000767,10.116877,0.0,0.0,0.0
14.580880,2602,1,bajada,-0.006195,-0.006174,2.071189,2.077636,0.000767,10.116999,0.0,-0.001,0.0
14.622639,2603,1,bajada,-0.006156,-0.006176,2.070519,2.078089,0.000768,10.116999,0.0,0.0,0.0
14.663888,2604,1,bajada,-0.006195,-0.006174,2.071982,2.078089,0.000767,10.119959,0.0,-0.001,0.0
14.715859,2605,1,bajada,-0.006152,-0.006172,2.071982,2.077141,0.000767,10.112482,0.0,-0.0,0.0
14.747353,2606,1,bajada,-0.006192,-0.006172,2.072495,2.078738,0.000767,10.112482,0.0,-0.0,0.0
14.800374,2607,1,bajada,-0.006150,-0.006172,2.071866,2.078738,0.000768,10.118433,0.0,-0.0,0.0
14.832294,2608,1,bajada,-0.006154,-0.006175,2.071118,2.078008,0.000767,10.117487,0.0,-0.0,0.0
14.926975,2609,1,bajada,-0.006153,-0.006175,2.072700,2.077066,0.000767,10.116693,0.0,-0.001,0.0
15.011323,2610,1,bajada,-0.006191,-0.006173,2.072196,2.078255,0.000767,10.116693,0.0,0.0,0.0
15.042864,2611,1,bajada,-0.006154,-0.006173,2.072295,2.078255,0.000768,10.117548,0.0,-0.0,0.0
15.084434,2612,1,bajada,-0.006192,-0.006176,2.072295,2.078518,0.000767,10.118799,0.0,-0.0,0.0
15.136586,2613,1,bajada,-0.006162,-0.006177,2.071326,2.077817,0.000767,10.118799,0.0,-0.0,0.0
15.167970,2614,1,bajada,-0.006191,-0.006174,2.072295,2.077817,0.000767,10.117304,0.0,-0.0,0.0
15.231684,2615,1,bajada,-0.006189,-0.006174,2.073162,2.078589,0.000767,10.112055,0.0,-0.0,0.0
15.316270,2616,1,bajada,-0.006187,-0.006173,2.072110,2.079889,0.000767,10.117060,0.0,0.0,0.0
15.389483,2617,1,bajada,-0.006187,-0.006173,2.071565,2.078041,0.000767,10.109888,0.0,-0.0,0.0
15.462968,2618,1,bajada,-0.006169,-0.006174,2.071565,2.077728,0.000767,10.109766,0.0,0.0,0.0
15.515588,2619,1,bajada,-0.006172,-0.006173,2.073022,2.077811,0.000767,10.119165,0.0,-0.0,0.0
15.599102,2620,1,bajada,-0.006181,-0.006177,2.071687,2.078526,0.000767,10.119959,0.0,-0.0,0.0
15.673841,2621,1,bajada,-0.006187,-0.006174,2.071067,2.078526,0.000767,10.119104,0.0,-0.001,0.0
15.726310,2622,1,bajada,-0.006181,-0.006173,2.072524,2.077653,0.000767,10.112055,0.0,-0.0,0.0
15.798992,2623,1,bajada,-0.006181,-0.006172,2.072769,2.077653,0.000767,10.119165,0.0,0.0,0.0
15.840497,2624,1,bajada,-0.006180,-0.006173,2.072769,2.079370,0.000767,10.115320,0.0,-0.001,0.0
15.882027,2625,1,bajada,-0.006184,-0.006174,2.071842,2.078577,0.000767,10.115320,0.0,-0.0,0.0
15.924118,2626,1,bajada,-0.006177,-0.006173,2.071264,2.078577,0.000767,10.116205,0.0,-0.0,0.0
15.965859,2627,1,bajada,-0.006187,-0.006173,2.071264,2.078279,0.000767,10.118097,-0.001,0.0,0.0
16.007412,2628,1,bajada,-0.006173,-0.006173,2.072810,2.078458,0.000768,10.118097,0.0,-0.0,0.0
16.059514,2629,1,bajada,-0.006174,-0.006175,2.073010,2.078810,0.000767,10.110834,0.0,-0.001,0.0
16.143422,2630,1,bajada,-0.006169,-0.006178,2.071839,2.079322,0.000768,10.115961,0.0,-0.0,0.0
16.217239,2631,1,bajada,-0.006195,-0.006175,2.071839,2.078670,0.000767,10.112482,0.0,-0.0,0.0
16.269708,2632,1,bajada,-0.006194,-0.006174,2.073663,2.078050,0.000767,10.115137,0.0,0.0,0.0
16.333956,2633,1,bajada,-0.006159,-0.006174,2.073663,2.078011,0.000767,10.119104,0.0,-0.0,0.0
16.386399,2634,1,bajada,-0.006194,-0.006174,2.072641,2.078846,0.000767,10.119104,0.0,-0.0,0.0
16.417729,2635,1,bajada,-0.006156,-0.006173,2.071961,2.078846,0.000768,10.127802,0.0,0.0,0.0
16.480330,2636,1,bajada,-0.006154,-0.006173,2.071234,2.077615,0.000767,10.109522,0.0,-0.001,0.0
16.543846,2637,1,bajada,-0.006194,-0.006174,2.072602,2.077615,0.000768,10.111017,0.0,-0.001,0.0
16.585295,2638,1,bajada,-0.006154,-0.006176,2.072602,2.076896,0.000767,10.114038,0.0,-0.0,0.0
16.637789,2639,1,bajada,-0.006197,-0.006176,2.072721,2.079245,0.000767,10.114038,0.0,-0.001,0.0
16.701609,2640,1,bajada,-0.006193,-0.006174,2.071696,2.078741,0.000767,10.116816,0.0,-0.0,0.0
16.753051,2641,1,bajada,-0.006152,-0.006174,2.071323,2.078112,0.000766,10.116816,-0.001,0.0,0.0
16.804369,2642,1,bajada,-0.006192,-0.006173,2.072587,2.078112,0.000767,10.120752,0.0,-0.0,0.0
16.835049,2643,1,bajada,-0.006152,-0.006173,2.072587,2.076992,0.000767,10.122065,-0.0,0.0,0.0
16.876235,2644,1,bajada,-0.006189,-0.006172,2.072945,2.078482,0.000767,10.122065,0.0,-0.001,0.0
16.927245,2645,1,bajada,-0.006154,-0.006173,2.072387,2.078482,0.000768,10.111139,-0.001,0.0,0.0
16.979765,2646,1,bajada,-0.006158,-0.006174,2.071636,2.078196,0.000768,10.121698,0.0,-0.0,0.0
17.063732,2647,1,bajada,-0.006163,-0.006175,2.072793,2.077698,0.000767,10.115137,0.0,-0.0,0.0
17.157194,2648,1,bajada,-0.006164,-0.006175,2.071827,2.077707,0.000767,10.110071,0.0,-0.0,0.0
17.219637,2649,1,bajada,-0.006187,-0.006172,2.071827,2.078094,0.000767,10.120630,0.0,-0.0,0.0
17.261725,2650,1,bajada,-0.006165,-0.006173,2.070733,2.077391,0.000767,10.120630,0.0,-0.001,0.0
17.303164,2651,1,bajada,-0.006185,-0.006172,2.071228,2.077391,0.000767,10.120966,0.0,0.0,0.0
17.345314,2652,1,bajada,-0.006168,-0.006172,2.071228,2.077531,0.000766,10.113977,0.0,-0.001,0.0
17.397791,2653,1,bajada,-0.006172,-0.006173,2.072718,2.077471,0.000767,10.112909,0.0,-0.001,0.0
17.471152,2654,1,bajada,-0.006185,-0.006173,2.072718,2.078518,0.000767,10.112726,0.0,0.0,0.0
17.512810,2655,1,bajada,-0.006176,-0.006173,2.071556,2.077916,0.000766,10.112726,0.0,-0.001,0.0
17.544957,2656,1,bajada,-0.006184,-0.006174,2.070554,2.077916,0.000766,10.109888,0.0,0.0,0.0
17.607926,2657,1,bajada,-0.006184,-0.006176,2.071991,2.077260,0.000766,10.116938,0.0,0.0,0.0
17.681341,2658,1,bajada,-0.006182,-0.006173,2.072814,2.077260,0.000767,10.112299,0.0,0.0,0.0
17.712709,2659,1,bajada,-0.006178,-0.006173,2.072814,2.078029,0.000767,10.116449,0.0,-0.0,0.0
17.763807,2660,1,bajada,-0.006184,-0.006173,2.071594,2.078705,0.000767,10.116449,0.0,0.0,0.0
17.826538,2661,1,bajada,-0.006186,-0.006172,2.071630,2.078425,0.000767,10.117792,0.0,-0.0,0.0
17.900388,2662,1,bajada,-0.006188,-0.006171,2.072578,2.077415,0.000767,10.117975,0.0,-0.001,0.0
17.974750,2663,1,bajada,-0.006168,-0.006172,2.072578,2.077334,0.000766,10.110132,0.0,-0.001,0.0
18.016077,2664,1,bajada,-0.006190,-0.006173,2.072238,2.078172,0.000767,10.110132,0.0,0.0,0.0
18.058608,2665,1,bajada,-0.006165,-0.006173,2.070960,2.078172,0.000767,10.118341,0.0,-0.0,0.0
18.110472,2666,1,bajada,-0.006165,-0.006176,2.070990,2.076825,0.000766,10.112177,0.0,0.0,0.0
18.182931,2667,1,bajada,-0.006194,-0.006172,2.072510,2.076825,0.000767,10.109217,0.0,-0.0,0.0
18.233898,2668,1,bajada,-0.006193,-0.006172,2.072384,2.078985,0.000767,10.115442,0.0,-0.001,0.0
18.305597,2669,1,bajada,-0.006154,-0.006172,2.071574,2.078985,0.000767,10.116205,0.0,-0.001,0.0
18.366378,2670,1,bajada,-0.006152,-0.006173,2.071386,2.077636,0.000767,10.116571,0.0,-0.001,0.0
18.459696,2671,1,bajada,-0.006151,-0.006173,2.072545,2.077543,0.000767,10.111383,0.0,-0.001,0.0
18.512608,2672,1,bajada,-0.006192,-0.006172,2.072721,2.078711,0.000767,10.111383,0.0,-0.001,0.0
18.554529,2673,1,bajada,-0.006152,-0.006173,2.071198,2.078711,0.000767,10.117731,0.0,-0.001,0.0
18.596462,2674,1,bajada,-0.006195,-0.006176,2.071198,2.079403,0.000768,10.117792,0.0,-0.0,0.0
18.649066,2675,1,bajada,-0.006158,-0.006178,2.072328,2.079075,0.000768,10.117792,0.0,-0.0,0.0
18.691516,2676,1,bajada,-0.006195,-0.006177,2.073484,2.079075,0.000768,10.112543,0.0,-0.001,0.0
18.722701,2677,1,bajada,-0.006156,-0.006176,2.073484,2.078196,0.000767,10.112665,0.0,0.0,0.0
18.776478,2678,1,bajada,-0.006193,-0.006175,2.072957,2.079161,0.000767,10.112665,0.0,-0.001,0.0
18.807635,2679,1,bajada,-0.006157,-0.006174,2.072468,2.079161,0.000767,10.118738,0.0,0.0,0.0
18.848769,2680,1,bajada,-0.006191,-0.006175,2.072468,2.079480,0.000768,10.115625,0.0,-0.001,0.0
18.901469,2681,1,bajada,-0.006160,-0.006175,2.071183,2.078932,0.000767,10.115625,0.0,-0.0,0.0
18.933448,2682,1,bajada,-0.006190,-0.006174,2.072876,2.078932,0.000767,10.120386,0.0,-0.001,0.0
18.985447,2683,1,bajada,-0.006189,-0.006174,2.072927,2.077966,0.000767,10.116510,0.0,-0.0,0.0
19.114842,2684,1,bajada,-0.006172,-0.006177,2.071743,2.079173,0.000768,10.120264,0.0,-0.0,0.0
19.186381,2685,1,bajada,-0.006189,-0.006175,2.071511,2.079173,0.000767,10.112055,0.0,-0.0,0.0
19.227814,2686,1,bajada,-0.006172,-0.006174,2.071511,2.077972,0.000768,10.111506,0.0,0.0,0.0
19.266472,2687,1,bajada,-0.006186,-0.006175,2.073228,2.078124,0.000767,10.111506,0.0,-0.001,0.0
19.318756,2688,1,bajada,-0.006174,-0.006174,2.072331,2.078124,0.000767,10.113428,0.0,-0.0,0.0
19.349638,2689,1,bajada,-0.006185,-0.006173,2.072331,2.078232,0.000767,10.115778,0.0,-0.0,0.0
19.402092,2690,1,bajada,-0.006177,-0.006173,2.071830,2.078500,0.000767,10.115778,0.0,-0.0,0.0
19.433539,2691,1,bajada,-0.006183,-0.006173,2.071741,2.078500,0.000767,10.122187,-0.0,0.0,0.0
19.486123,2692,1,bajada,-0.006180,-0.006173,2.071741,2.077770,0.000767,10.118799,0.0,-0.0,0.0
19.560671,2693,1,bajada,-0.006182,-0.006172,2.072328,2.077555,0.000767,10.120966,0.0,-0.001,0.0
19.602506,2694,1,bajada,-0.006180,-0.006176,2.072328,2.077638,0.000767,10.118525,0.0,-0.0,0.0
19.655016,2695,1,bajada,-0.006177,-0.006176,2.071031,2.078959,0.000767,10.115076,0.0,0.0,0.0
19.738224,2696,1,bajada,-0.006170,-0.006173,2.071753,2.077394,0.000767,10.111322,0.0,-0.0,0.0
19.811807,2697,1,bajada,-0.006188,-0.006172,2.073052,2.077394,0.000767,10.115320,0.0,-0.0,0.0
19.864468,2698,1,bajada,-0.006192,-0.006173,2.072340,2.078863,0.000767,10.111383,0.0,0.0,0.0
19.948623,2699,1,bajada,-0.006192,-0.006173,2.071267,2.077841,0.000767,10.110804,0.0,-0.001,0.0
