Timestamp,Sample,Ciclo,Fase,Bridge VAB (V),KEITHLEY Voltaje (V),Bridge VA (V),Bridge VB (V),Bridge Current (A),TIVA Temp (C),Alicat Presion (kPA),Alicat Setpoint (kPA),Setpoint Enviado (kPA)
0.000282,1,1,subida,-0.006123,-0.006125,2.077650,2.083366,0.000753,15.095881,0.0,-0.0,0.0
0.075584,2,1,subida,-0.006142,-0.006124,2.078971,2.083366,0.000754,15.103479,0.0,-0.0,0.0
0.106654,3,1,subida,-0.006120,-0.006124,2.078971,2.083951,0.000753,15.103479,0.0,0.0,0.0
0.158061,4,1,subida,-0.006143,-0.006124,2.078199,2.085315,0.000754,15.103479,0.0,-0.0,0.0
0.189004,5,1,subida,-0.006118,-0.006124,2.077230,2.085315,0.000753,15.101862,-0.0,0.0,0.0
0.231340,6,1,subida,-0.006144,-0.006125,2.077230,2.083658,0.000753,15.101343,0.0,-0.0,0.0
0.272794,7,1,subida,-0.006114,-0.006125,2.077749,2.083474,0.000753,15.101343,0.0,0.0,0.0
0.325776,8,1,subida,-0.006147,-0.006126,2.079450,2.083474,0.000754,15.108088,0.0,-0.0,0.0
0.357013,9,1,subida,-0.006113,-0.006125,2.079450,2.083766,0.000753,15.098261,0.0,0.0,0.0
0.420883,10,1,subida,-0.006109,-0.006124,2.077239,2.084407,0.000753,15.104181,0.0,-0.001,0.0
0.493918,11,1,subida,-0.006145,-0.006123,2.077239,2.084171,0.000753,15.099146,0.0,-0.0,0.0
0.525738,12,1,subida,-0.006107,-0.006124,2.077308,2.083396,0.000754,15.099146,0.0,0.0,0.0
0.578254,13,1,subida,-0.006145,-0.006123,2.078631,2.083396,0.000753,15.106806,0.0,-0.0,0.0
0.620505,14,1,subida,-0.006105,-0.006124,2.078631,2.083462,0.000754,15.102930,0.0,-0.0,0.0
0.652484,15,1,subida,-0.006146,-0.006125,2.078711,2.084964,0.000754,15.102930,0.0,-0.0,0.0
0.715873,16,1,subida,-0.006145,-0.006124,2.077516,2.084186,0.000753,15.102533,0.0,-0.0,0.0
0.789502,17,1,subida,-0.006148,-0.006126,2.079033,2.084111,0.000753,15.102167,0.0,0.0,0.0
0.872736,18,1,subida,-0.006104,-0.006125,2.079033,2.083623,0.000754,15.098475,0.0,-0.0,0.0
0.903862,19,1,subida,-0.006145,-0.006125,2.078461,2.084290,0.000753,15.098475,-0.0,0.0,0.0
0.946443,20,1,subida,-0.006102,-0.006124,2.077752,2.084290,0.000753,15.107508,0.0,-0.0,0.0
0.987745,21,1,subida,-0.006143,-0.006124,2.077752,2.084717,0.000754,15.097132,-0.0,0.0,0.0
1.040021,22,1,subida,-0.006143,-0.006124,2.078178,2.084210,0.000753,15.102411,0.0,0.0,0.0
1.114136,23,1,subida,-0.006104,-0.006124,2.078178,2.083155,0.000753,15.097712,0.0,-0.0,0.0
1.167070,24,1,subida,-0.006105,-0.006125,2.078109,2.084272,0.000753,15.107752,0.0,-0.0,0.0
1.240615,25,1,subida,-0.006142,-0.006124,2.078109,2.085059,0.000753,15.100550,0.0,-0.0,0.0
1.282374,26,1,subida,-0.006108,-0.006126,2.077183,2.084049,0.000753,15.100550,0.0,0.0,0.0
1.344837,27,1,subida,-0.006110,-0.006126,2.077683,2.082821,0.000754,15.105066,0.0,-0.001,0.0
1.407532,28,1,subida,-0.006140,-0.006123,2.078345,2.084162,0.000753,15.105066,0.0,-0.0,0.0
1.460618,29,1,subida,-0.006140,-0.006124,2.078413,2.085181,0.000753,15.095057,0.0,0.0,0.0
1.534063,30,1,subida,-0.006113,-0.006125,2.078026,2.084702,0.000754,15.095057,0.0,0.0,0.0
1.575840,31,1,subida,-0.006140,-0.006124,2.078124,2.084702,0.000753,15.098078,0.0,-0.0,0.0
1.618013,32,1,subida,-0.006116,-0.006124,2.078124,2.083557,0.000754,15.098261,0.0,0.0,0.0
1.669874,33,1,subida,-0.006118,-0.006124,2.078050,2.083843,0.000754,15.101923,0.0,-0.0,0.0
1.733090,34,1,subida,-0.006139,-0.006124,2.078050,2.085095,0.000753,15.107569,0.0,-0.0,0.0
1.785750,35,1,subida,-0.006122,-0.006126,2.077665,2.084353,0.000754,15.107569,0.0,-0.0,0.0
1.838287,36,1,subida,-0.006124,-0.006127,2.077671,2.083292,0.000754,15.097589,0.0,0.0,0.0
1.901495,37,1,subida,-0.006138,-0.006125,2.078595,2.083304,0.000753,15.097589,0.0,-0.001,0.0
1.952980,38,1,subida,-0.006125,-0.006125,2.078613,2.083304,0.000754,15.109003,0.0,-0.0,0.0
1.995410,39,1,subida,-0.006136,-0.006123,2.078613,2.084538,0.000753,15.099726,0.0,0.0,0.0
2.026392,40,1,subida,-0.006127,-0.006124,2.078100,2.084597,0.000754,15.099726,0.0,-0.0,0.0
2.069037,41,1,subida,-0.006135,-0.006124,2.077671,2.084597,0.000754,15.104181,0.0,-0.0,0.0
2.111714,42,1,subida,-0.006130,-0.006124,2.077671,2.084481,0.000754,15.104303,0.0,-0.0,0.0
2.153911,43,1,subida,-0.006135,-0.006125,2.078947,2.083501,0.000754,15.104303,0.0,0.0,0.0
2.195806,44,1,subida,-0.006133,-0.006125,2.078619,2.083501,0.000754,15.098902,0.0,-0.0,0.0
2.248047,45,1,subida,-0.006133,-0.006124,2.078619,2.085000,0.000753,15.101679,0.0,-0.0,0.0
2.289909,46,1,subida,-0.006136,-0.006127,2.077266,2.084284,0.000753,15.101679,0.0,-0.0,0.0
2.321371,47,1,subida,-0.006134,-0.006127,2.076950,2.084284,0.000753,15.097956,0.0,-0.0,0.0
2.363543,48,1,subida,-0.006138,-0.006125,2.076950,2.083098,0.000753,15.103479,0.0,-0.0,0.0
2.416484,49,1,subida,-0.006128,-0.006124,2.078008,2.082675,0.000753,15.103479,0.0,0.0,0.0
2.448547,50,1,subida,-0.006137,-0.006124,2.078238,2.082675,0.000754,15.105860,0.0,-0.0,0.0
2.490421,51,1,subida,-0.006125,-0.006123,2.078238,2.083989,0.000753,15.103296,0.0,0.0,0.0
2.532125,52,1,subida,-0.006139,-0.006124,2.077683,2.084564,0.000753,15.103296,0.0,-0.001,0.0
2.584793,53,1,subida,-0.006123,-0.006124,2.077138,2.084564,0.000754,15.101801,0.0,-0.0,0.0
2.616403,54,1,subida,-0.006141,-0.006124,2.077138,2.083796,0.000753,15.101801,0.0,-0.001,0.0
2.680887,55,1,subida,-0.006142,-0.006124,2.078893,2.083399,0.000754,15.103601,0.0,-0.0,0.0
2.744088,56,1,subida,-0.006118,-0.006125,2.078893,2.084350,0.000753,15.100092,0.0,-0.001,0.0
2.785990,57,1,subida,-0.006145,-0.006125,2.077761,2.084258,0.000753,15.100092,0.0,-0.001,0.0
2.838682,58,1,subida,-0.006145,-0.006126,2.077260,2.083992,0.000753,15.097773,0.0,-0.001,0.0
2.912331,59,1,subida,-0.006111,-0.006124,2.077481,2.083450,0.000754,15.097773,0.0,-0.001,0.0
2.954495,60,1,subida,-0.006145,-0.006123,2.079382,2.083450,0.000754,15.104700,0.0,0.0,0.0
2.995861,61,1,subida,-0.006110,-0.006124,2.079382,2.084025,0.000754,15.096827,0.0,-0.001,0.0
3.037910,62,1,subida,-0.006147,-0.006125,2.078473,2.085202,0.000753,15.096827,0.0,0.0,0.0
3.089837,63,1,subida,-0.006147,-0.006125,2.078014,2.084842,0.000754,15.097651,0.0,-0.0,0.0
3.164067,64,1,subida,-0.006107,-0.006126,2.077400,2.083754,0.000754,15.097651,0.0,-0.0,0.0
3.215782,65,1,subida,-0.006105,-0.006125,2.078696,2.083435,0.000753,15.104120,0.0,-0.0,0.0
3.289098,66,1,subida,-0.006146,-0.006125,2.078348,2.084746,0.000754,15.104120,0.0,0.0,0.0
3.352787,67,1,subida,-0.006146,-0.006127,2.077746,2.084404,0.000754,15.100336,0.0,0.0,0.0
3.415301,68,1,subida,-0.006103,-0.006125,2.077075,2.083632,0.000754,15.100336,0.0,0.0,0.0
3.456919,69,1,subida,-0.006145,-0.006123,2.078309,2.083632,0.000753,15.105249,0.0,0.0,0.0
3.498932,70,1,subida,-0.006102,-0.006123,2.078309,2.083027,0.000754,15.102991,0.0,0.0,0.0
3.551068,71,1,subida,-0.006102,-0.006123,2.077856,2.084785,0.000754,15.106318,0.0,-0.0,0.0
3.623183,72,1,subida,-0.006143,-0.006124,2.077856,2.084493,0.000753,15.098719,0.0,-0.001,0.0
3.665599,73,1,subida,-0.006105,-0.006125,2.077600,2.084392,0.000754,15.098719,0.0,0.0,0.0
3.706654,74,1,subida,-0.006143,-0.006125,2.078094,2.084392,0.000753,15.102747,0.0,-0.001,0.0
3.747715,75,1,subida,-0.006105,-0.006124,2.078094,2.083197,0.000753,15.099543,0.0,0.0,0.0
3.788355,76,1,subida,-0.006142,-0.006125,2.078339,2.084415,0.000753,15.099543,0.0,-0.001,0.0
3.860177,77,1,subida,-0.006143,-0.006126,2.078300,2.084755,0.000753,15.100336,0.0,-0.001,0.0
3.911945,78,1,subida,-0.006110,-0.006124,2.077272,2.084270,0.000754,15.100336,0.0,-0.0,0.0
3.963774,79,1,subida,-0.006141,-0.006124,2.078318,2.084270,0.000753,15.106256,0.0,-0.001,0.0
4.014951,80,1,subida,-0.006139,-0.006124,2.078202,2.083834,0.000753,15.101099,0.0,0.0,0.0
4.099864,81,1,subida,-0.006138,-0.006123,2.077904,2.084371,0.000753,15.101160,0.0,0.0,0.0
4.162950,82,1,subida,-0.006115,-0.006123,2.076837,2.084073,0.000753,15.101160,0.0,0.0,0.0
4.203981,83,1,subida,-0.006138,-0.006123,2.076810,2.084073,0.000753,15.097834,0.0,-0.001,0.0
4.244920,84,1,subida,-0.006117,-0.006123,2.076810,2.082735,0.000753,15.099970,0.0,0.0,0.0
4.286027,85,1,subida,-0.006138,-0.006124,2.078306,2.083307,0.000753,15.099970,0.0,-0.0,0.0
4.327369,86,1,subida,-0.006122,-0.006127,2.077749,2.083307,0.000753,15.101557,0.0,-0.0,0.0
4.380415,87,1,subida,-0.006138,-0.006124,2.077749,2.084523,0.000753,15.100611,-0.0,0.0,0.0
4.411980,88,1,subida,-0.006123,-0.006124,2.077281,2.084073,0.000754,15.100611,0.0,-0.0,0.0
4.464964,89,1,subida,-0.006137,-0.006123,2.077907,2.084073,0.000753,15.107264,0.0,0.0,0.0
4.496136,90,1,subida,-0.006125,-0.006124,2.077907,2.083903,0.000754,15.101099,0.0,0.0,0.0
4.559105,91,1,subida,-0.006127,-0.006124,2.078163,2.083435,0.000753,15.104181,0.0,-0.001,0.0
4.622477,92,1,subida,-0.006135,-0.006123,2.078163,2.084195,0.000753,15.102472,0.0,-0.0,0.0
4.675610,93,1,subida,-0.006130,-0.006124,2.077752,2.084532,0.000754,15.102472,0.0,0.0,0.0
4.728074,94,1,subida,-0.006132,-0.006124,2.077126,2.083712,0.000754,15.098963,0.0,0.0,0.0
4.811042,95,1,subida,-0.006137,-0.006126,2.078187,2.083149,0.000753,15.097467,0.0,-0.0,0.0
4.873952,96,1,subida,-0.006132,-0.006125,2.078187,2.084618,0.000753,15.096064,0.0,0.0,0.0
4.915395,97,1,subida,-0.006137,-0.006125,2.077898,2.084806,0.000754,15.096064,0.0,-0.0,0.0
4.956963,98,1,subida,-0.006128,-0.006124,2.077087,2.084806,0.000754,15.105066,0.0,-0.0,0.0
5.010051,99,1,subida,-0.006138,-0.006124,2.077087,2.083614,0.000754,15.099909,0.0,-0.0,0.0
5.041820,100,1,subida,-0.006125,-0.006124,2.077796,2.082705,0.000753,15.099909,0.0,-0.0,0.0
5.095327,101,1,subida,-0.006139,-0.006123,2.078503,2.082705,0.000753,15.107019,0.0,-0.0,0.0
5.137583,102,1,subida,-0.006122,-0.006122,2.078503,2.084019,0.000754,15.102167,0.0,-0.0,0.0
5.180415,103,1,subida,-0.006119,-0.006123,2.076998,2.084359,0.000753,15.097589,0.0,0.0,0.0
5.254218,104,1,subida,-0.006141,-0.006122,2.076998,2.083238,0.000753,15.096003,0.0,0.0,0.0
5.295893,105,1,subida,-0.006116,-0.006125,2.077883,2.083128,0.000753,15.096003,0.0,-0.0,0.0
5.342163,106,1,subida,-0.006145,-0.006124,2.078294,2.083128,0.000753,15.102930,0.0,-0.0,0.0
5.389392,107,1,subida,-0.006143,-0.006123,2.077492,2.084707,0.000753,15.098597,0.0,0.0,0.0
5.463511,108,1,subida,-0.006110,-0.006122,2.077057,2.084707,0.000753,15.106012,0.0,0.0,0.0
5.505032,109,1,subida,-0.006144,-0.006124,2.077057,2.083399,0.000753,15.096949,0.0,-0.001,0.0
5.547007,110,1,subida,-0.006108,-0.006123,2.076935,2.083104,0.000753,15.096949,0.0,0.0,0.0
5.599106,111,1,subida,-0.006106,-0.006123,2.077981,2.083080,0.000754,15.096277,0.0,-0.0,0.0
5.673018,112,1,subida,-0.006145,-0.006123,2.077588,2.084308,0.000753,15.096277,0.0,-0.0,0.0
5.725780,113,1,subida,-0.006145,-0.006123,2.077129,2.083688,0.000753,15.095087,0.0,-0.0,0.0
5.799032,114,1,subida,-0.006103,-0.006125,2.076676,2.083429,0.000753,15.095087,0.0,0.0,0.0
5.840237,115,1,subida,-0.006146,-0.006125,2.077975,2.083429,0.000753,15.102991,0.0,-0.001,0.0
5.882041,116,1,subida,-0.006102,-0.006123,2.077975,2.082487,0.000753,15.098413,0.0,-0.0,0.0
5.922666,117,1,subida,-0.006143,-0.006122,2.077749,2.084260,0.000753,15.098413,0.0,-0.0,0.0
5.975211,118,1,subida,-0.006143,-0.006122,2.077641,2.084094,0.000753,15.104792,0.0,-0.001,0.0
6.058912,119,1,subida,-0.006143,-0.006122,2.078524,2.083730,0.000753,15.102106,0.0,-0.001,0.0
6.132999,120,1,subida,-0.006102,-0.006124,2.078524,2.083074,0.000754,15.096460,0.0,-0.0,0.0
6.185619,121,1,subida,-0.006103,-0.006124,2.077522,2.084568,0.000754,15.104181,0.0,0.0,0.0
6.269536,122,1,subida,-0.006106,-0.006124,2.077200,2.084070,0.000753,15.098963,0.0,-0.0,0.0
6.342581,123,1,subida,-0.006144,-0.006125,2.077835,2.084070,0.000753,15.105371,0.0,0.0,0.0
6.384874,124,1,subida,-0.006108,-0.006125,2.077835,2.082994,0.000754,15.102564,0.0,-0.001,0.0
6.432131,125,1,subida,-0.006141,-0.006124,2.078461,2.084538,0.000754,15.102564,0.0,0.0,0.0
6.468526,126,1,subida,-0.006108,-0.006123,2.078372,2.084538,0.000754,15.103479,0.0,-0.001,0.0
6.500014,127,1,subida,-0.006139,-0.006123,2.078372,2.084904,0.000753,15.102991,0.0,-0.0,0.0
6.541932,128,1,subida,-0.006111,-0.006124,2.076855,2.083372,0.000753,15.102991,0.0,-0.001,0.0
6.583858,129,1,subida,-0.006139,-0.006122,2.077889,2.083372,0.000753,15.098352,0.0,-0.0,0.0
6.625458,130,1,subida,-0.006112,-0.006124,2.077889,2.083280,0.000754,15.100550,0.0,-0.001,0.0
6.689404,131,1,subida,-0.006115,-0.006123,2.077799,2.084079,0.000754,15.101862,0.0,0.0,0.0
6.752299,132,1,subida,-0.006138,-0.006124,2.077799,2.084940,0.000753,15.102167,0.0,0.0,0.0
6.814883,133,1,subida,-0.006139,-0.006125,2.077162,2.083259,0.000753,15.104120,0.0,0.0,0.0
6.898232,134,1,subida,-0.006137,-0.006124,2.078506,2.083027,0.000753,15.096125,0.0,0.0,0.0
6.960668,135,1,subida,-0.006122,-0.006123,2.078035,2.083027,0.000753,15.100031,0.0,-0.001,0.0
7.012644,136,1,subida,-0.006136,-0.006123,2.078035,2.084380,0.000753,15.101496,0.0,-0.001,0.0
7.054066,137,1,subida,-0.006125,-0.006122,2.076977,2.083766,0.000753,15.101496,0.0,0.0,0.0
7.095307,138,1,subida,-0.006134,-0.006122,2.077215,2.083766,0.000753,15.094629,0.0,-0.001,0.0
7.136920,139,1,subida,-0.006126,-0.006122,2.077215,2.082952,0.000753,15.102564,-0.0,0.0,0.0
7.178537,140,1,subida,-0.006133,-0.006122,2.077999,2.082589,0.000753,15.102564,0.0,-0.001,0.0
7.219775,141,1,subida,-0.006128,-0.006122,2.078011,2.082589,0.000753,15.099726,0.0,0.0,0.0
7.281119,142,1,subida,-0.006131,-0.006122,2.077090,2.083754,0.000753,15.095331,0.0,-0.001,0.0
7.345439,143,1,subida,-0.006133,-0.006123,2.077057,2.083754,0.000753,15.098780,0.0,-0.0,0.0
7.409128,144,1,subida,-0.006129,-0.006123,2.078196,2.083060,0.000753,15.103632,0.0,0.0,0.0
7.472603,145,1,subida,-0.006135,-0.006123,2.078118,2.083060,0.000753,15.110834,0.0,-0.0,0.0
7.503526,146,1,subida,-0.006127,-0.006123,2.078118,2.083894,0.000753,15.108454,0.0,-0.001,0.0
7.555657,147,1,subida,-0.006137,-0.006122,2.077129,2.084174,0.000753,15.108454,0.0,0.0,0.0
7.598042,148,1,subida,-0.006125,-0.006123,2.076983,2.084174,0.000753,15.102869,0.0,-0.001,0.0
7.629705,149,1,subida,-0.006138,-0.006123,2.076983,2.083372,0.000753,15.102930,0.0,-0.0,0.0
7.692409,150,1,subida,-0.006139,-0.006122,2.078279,2.082756,0.000753,15.107508,0.0,0.0,0.0
7.766135,151,1,subida,-0.006119,-0.006123,2.078279,2.083343,0.000754,15.100153,0.0,0.0,0.0
7.807708,152,1,subida,-0.006142,-0.006124,2.076950,2.083712,0.000752,15.100153,0.0,-0.0,0.0
7.850118,153,1,subida,-0.006119,-0.006123,2.076369,2.083712,0.000753,15.106440,0.0,0.0,0.0
7.881900,154,1,subida,-0.006142,-0.006123,2.076369,2.082905,0.000752,15.105127,0.0,-0.0,0.0
7.924033,155,1,subida,-0.006113,-0.006122,2.076730,2.082362,0.000753,15.105127,0.0,0.0,0.0
7.966274,156,1,subida,-0.006142,-0.006122,2.077913,2.082362,0.000752,15.102869,0.0,0.0,0.0
8.008088,157,1,subida,-0.006110,-0.006122,2.077913,2.082896,0.000753,15.102747,0.0,0.0,0.0
8.060097,158,1,subida,-0.006143,-0.006123,2.076575,2.083519,0.000753,15.102747,0.0,-0.001,0.0
8.091085,159,1,subida,-0.006109,-0.006123,2.076408,2.083519,0.000752,15.107569,0.0,-0.0,0.0
8.133180,160,1,subida,-0.006144,-0.006122,2.076408,2.082636,0.000753,15.105768,0.0,-0.0,0.0
8.185889,161,1,subida,-0.006106,-0.006123,2.076831,2.082469,0.000753,15.105768,0.0,0.0,0.0
8.228038,162,1,subida,-0.006145,-0.006123,2.077877,2.082469,0.000753,15.099970,0.0,-0.0,0.0
8.259264,163,1,subida,-0.006105,-0.006123,2.077877,2.082922,0.000753,15.100794,0.0,0.0,0.0
8.301705,164,1,subida,-0.006146,-0.006125,2.077487,2.084129,0.000753,15.100794,0.0,-0.0,0.0
8.364832,165,1,subida,-0.006145,-0.006125,2.076381,2.083146,0.000753,15.097528,0.0,0.0,0.0
8.426059,166,1,subida,-0.006103,-0.006123,2.076339,2.082762,0.000753,15.097528,0.0,-0.0,0.0
8.467345,167,1,subida,-0.006145,-0.006123,2.078240,2.082762,0.000753,15.101923,0.0,-0.0,0.0
8.518582,168,1,subida,-0.006102,-0.006124,2.078240,2.083089,0.000753,15.096064,0.0,-0.0,0.0
8.549009,169,1,subida,-0.006145,-0.006123,2.077391,2.083924,0.000753,15.096064,0.0,-0.0,0.0
8.611089,170,1,subida,-0.006144,-0.006123,2.076762,2.083927,0.000753,15.106806,0.0,-0.0,0.0
8.695887,171,1,subida,-0.006145,-0.006126,2.077960,2.083551,0.000753,15.101618,0.0,0.0,0.0
8.769040,172,1,subida,-0.006105,-0.006126,2.077960,2.082529,0.000753,15.101038,0.0,-0.0,0.0
8.811587,173,1,subida,-0.006145,-0.006128,2.078118,2.083724,0.000753,15.101038,0.0,-0.001,0.0
8.843005,174,1,subida,-0.006108,-0.006127,2.076950,2.083724,0.000753,15.100275,0.0,-0.0,0.0
8.885016,175,1,subida,-0.006143,-0.006125,2.076950,2.084088,0.000753,15.104944,0.0,-0.0,0.0
8.958879,176,1,subida,-0.006142,-0.006125,2.077632,2.083420,0.000753,15.102045,0.0,0.0,0.0
9.010975,177,1,subida,-0.006107,-0.006124,2.077632,2.082627,0.000753,15.100916,0.0,-0.0,0.0
9.103797,178,1,subida,-0.006109,-0.006124,2.077471,2.083852,0.000753,15.103601,0.0,-0.0,0.0
9.154683,179,1,subida,-0.006113,-0.006124,2.076971,2.083652,0.000753,15.107203,0.0,0.0,0.0
9.236515,180,1,subida,-0.006141,-0.006125,2.076908,2.083652,0.000752,15.106012,0.0,-0.001,0.0
9.266959,181,1,subida,-0.006114,-0.006124,2.076908,2.082288,0.000753,15.100916,0.0,0.0,0.0
9.330278,182,1,subida,-0.006122,-0.006128,2.077156,2.082401,0.000753,15.105951,0.0,-0.0,0.0
9.394310,183,1,subida,-0.006141,-0.006125,2.077156,2.084138,0.000753,15.100916,0.0,-0.0,0.0
9.436211,184,1,subida,-0.006120,-0.006125,2.076625,2.083578,0.000753,15.100916,0.0,-0.0,0.0
9.488193,185,1,subida,-0.006122,-0.006125,2.077171,2.082720,0.000754,15.106195,0.0,-0.0,0.0
9.561743,186,1,subida,-0.006139,-0.006125,2.077537,2.082851,0.000753,15.106195,0.0,-0.0,0.0
9.603198,187,1,subida,-0.006124,-0.006124,2.077162,2.082851,0.000753,15.103540,0.0,-0.0,0.0
9.645600,188,1,subida,-0.006137,-0.006124,2.077162,2.084037,0.000753,15.100550,0.0,-0.0,0.0
9.697002,189,1,subida,-0.006127,-0.006125,2.076655,2.084082,0.000753,15.100550,0.0,-0.0,0.0
9.757275,190,1,subida,-0.006129,-0.006125,2.076613,2.082779,0.000753,15.097345,0.0,-0.0,0.0
9.819562,191,1,subida,-0.006137,-0.006127,2.077609,2.082469,0.000753,15.097345,0.0,0.0,0.0
9.851002,192,1,subida,-0.006133,-0.006127,2.077612,2.082469,0.000753,15.104944,0.0,-0.0,0.0
9.892885,193,1,subida,-0.006135,-0.006125,2.077612,2.083763,0.000753,15.103052,0.0,0.0,0.0
9.945466,194,1,subida,-0.006134,-0.006125,2.076989,2.084308,0.000753,15.103052,0.0,0.0,0.0
9.982167,195,1,subida,-0.006133,-0.006125,2.076530,2.084308,0.000753,15.098078,0.0,0.0,0.0
10.029006,196,1,subida,-0.006135,-0.006125,2.076530,2.083015,0.000753,15.103632,0.0,-0.0,0.0
10.060923,197,1,subida,-0.006131,-0.006125,2.078014,2.082338,0.000753,15.103632,0.0,0.0,0.0
10.102817,198,1,subida,-0.006137,-0.006125,2.077919,2.082338,0.000753,15.104670,0.0,0.0,0.0
10.154599,199,1,subida,-0.006128,-0.006124,2.077919,2.083715,0.000753,15.099207,0.0,0.0,0.0
10.186257,200,1,subida,-0.006140,-0.006125,2.077024,2.084272,0.000753,15.099207,0.0,-0.0,0.0
10.239653,201,1,subida,-0.006126,-0.006124,2.076655,2.084272,0.000753,15.099421,0.0,0.0,0.0
10.270361,202,1,subida,-0.006141,-0.006124,2.076655,2.083280,0.000753,15.097589,0.0,-0.001,0.0
10.312016,203,1,subida,-0.006124,-0.006127,2.077159,2.082484,0.000753,15.097589,0.0,0.0,0.0
10.363935,204,1,subida,-0.006144,-0.006127,2.078369,2.082484,0.000753,15.106073,-0.0,0.0,0.0
10.395239,205,1,subida,-0.006122,-0.006125,2.078369,2.083811,0.000754,15.108759,0.0,0.0,0.0
10.447633,206,1,subida,-0.006144,-0.006125,2.077710,2.084293,0.000753,15.108759,0.0,0.0,0.0
10.500116,207,1,subida,-0.006145,-0.006126,2.077537,2.083730,0.000753,15.102289,0.0,-0.0,0.0
10.563854,208,1,subida,-0.006115,-0.006126,2.077328,2.083018,0.000754,15.102289,0.0,-0.0,0.0
10.605988,209,1,subida,-0.006147,-0.006126,2.078488,2.083018,0.000753,15.104792,0.0,0.0,0.0
10.658230,210,1,subida,-0.006147,-0.006125,2.077427,2.084463,0.000753,15.101496,0.0,-0.0,0.0
10.732348,211,1,subida,-0.006111,-0.006126,2.076893,2.084463,0.000753,15.103937,0.0,-0.0,0.0
10.774477,212,1,subida,-0.006148,-0.006126,2.076893,2.083796,0.000753,15.101160,0.0,0.0,0.0
10.826535,213,1,subida,-0.006150,-0.006128,2.078160,2.082475,0.000753,15.105951,0.0,-0.001,0.0
10.900111,214,1,subida,-0.006107,-0.006126,2.078160,2.082797,0.000753,15.097071,0.0,-0.001,0.0
10.942611,215,1,subida,-0.006147,-0.006126,2.077835,2.084094,0.000753,15.097071,0.0,0.0,0.0
11.006001,216,1,subida,-0.006146,-0.006126,2.076613,2.083775,0.000753,15.095392,-0.0,0.0,0.0
11.068031,217,1,subida,-0.006104,-0.006125,2.076118,2.082800,0.000753,15.095392,0.0,-0.0,0.0
11.110206,218,1,subida,-0.006145,-0.006124,2.077919,2.082800,0.000753,15.103540,0.0,0.0,0.0
11.172760,219,1,subida,-0.006145,-0.006125,2.077922,2.084258,0.000753,15.105249,0.0,0.0,0.0
11.234648,220,1,subida,-0.006104,-0.006126,2.076920,2.084258,0.000753,15.100550,0.0,0.0,0.0
11.276391,221,1,subida,-0.006145,-0.006126,2.076920,2.083694,0.000753,15.100428,0.0,-0.0,0.0
11.318471,222,1,subida,-0.006106,-0.006127,2.076569,2.083104,0.000753,15.100428,0.0,0.0,0.0
11.371003,223,1,subida,-0.006107,-0.006128,2.077320,2.081963,0.000753,15.105310,0.0,-0.0,0.0
11.444300,224,1,subida,-0.006143,-0.006125,2.077343,2.083200,0.000753,15.105310,0.0,-0.001,0.0
11.496609,225,1,subida,-0.006142,-0.006124,2.077346,2.083620,0.000753,15.097467,0.0,-0.0,0.0
11.570840,226,1,subida,-0.006108,-0.006125,2.076634,2.083295,0.000753,15.097467,0.0,0.0,0.0
11.602635,227,1,subida,-0.006142,-0.006125,2.077129,2.083295,0.000752,15.103632,0.0,-0.0,0.0
11.665123,228,1,subida,-0.006141,-0.006125,2.077999,2.083268,0.000753,15.101740,0.0,0.0,0.0
11.738392,229,1,subida,-0.006112,-0.006125,2.077367,2.083268,0.000753,15.107019,0.0,0.0,0.0
11.769739,230,1,subida,-0.006141,-0.006126,2.077367,2.084159,0.000753,15.098291,0.0,-0.001,0.0
11.821602,231,1,subida,-0.006117,-0.006128,2.076792,2.083468,0.000753,15.098291,0.0,0.0,0.0
11.863725,232,1,subida,-0.006145,-0.006129,2.077248,2.083468,0.000753,15.104944,0.0,-0.0,0.0
11.906081,233,1,subida,-0.006120,-0.006127,2.077248,2.082955,0.000754,15.100092,0.0,0.0,0.0
11.967163,234,1,subida,-0.006121,-0.006126,2.077269,2.082818,0.000753,15.106195,0.0,0.0,0.0
12.030652,235,1,subida,-0.006140,-0.006125,2.077269,2.083751,0.000753,15.100489,0.0,-0.0,0.0
12.072475,236,1,subida,-0.006123,-0.006125,2.076655,2.083301,0.000753,15.100489,0.0,0.0,0.0
12.125308,237,1,subida,-0.006124,-0.006124,2.076318,2.082297,0.000753,15.102228,0.0,-0.0,0.0
12.220159,238,1,subida,-0.006126,-0.006125,2.077901,2.083068,0.000753,15.097651,0.0,-0.0,0.0
12.284004,239,1,subida,-0.006137,-0.006126,2.077901,2.084335,0.000753,15.103876,0.0,-0.001,0.0
12.326439,240,1,subida,-0.006132,-0.006128,2.077150,2.084260,0.000753,15.103876,0.0,-0.0,0.0
12.367526,241,1,subida,-0.006140,-0.006129,2.077069,2.084260,0.000753,15.109217,0.0,0.0,0.0
12.409478,242,1,subida,-0.006134,-0.006127,2.077069,2.083331,0.000753,15.102869,0.0,0.0,0.0
12.462769,243,1,subida,-0.006134,-0.006126,2.078205,2.083006,0.000753,15.104944,0.0,0.001,0.0
12.524826,244,1,subida,-0.006133,-0.006126,2.078205,2.084246,0.000753,15.104670,0.0,-0.0,0.0
12.566955,245,1,subida,-0.006135,-0.006125,2.077197,2.084159,0.000753,15.104670,0.0,0.0,0.0
12.607186,246,1,subida,-0.006130,-0.006124,2.076548,2.084159,0.000753,15.103876,0.0,0.0,0.0
12.667218,247,1,subida,-0.006127,-0.006124,2.077555,2.082511,0.000753,15.102991,0.0,0.0,0.0
12.739542,248,1,subida,-0.006138,-0.006123,2.078157,2.082511,0.000753,15.102533,0.0,0.0,0.0
12.792216,249,1,subida,-0.006140,-0.006123,2.076738,2.084025,0.000753,15.108332,0.0,-0.0,0.0
12.865546,250,1,subida,-0.006124,-0.006125,2.076783,2.084025,0.000753,15.096888,0.0,-0.0,0.0
12.917959,251,1,subida,-0.006117,-0.006123,2.077400,2.082517,0.000753,15.099146,0.0,-0.0,0.0
12.990249,252,1,subida,-0.006142,-0.006122,2.077898,2.082517,0.000753,15.104425,0.0,0.0,0.0
13.032269,253,1,subida,-0.006114,-0.006122,2.077898,2.083271,0.000753,15.105616,0.0,-0.001,0.0
13.074057,254,1,subida,-0.006142,-0.006123,2.077403,2.084198,0.000753,15.105616,0.0,-0.0,0.0
13.116050,255,1,subida,-0.006112,-0.006122,2.076995,2.084198,0.000753,15.112085,0.0,-0.0,0.0
13.168738,256,1,subida,-0.006109,-0.006122,2.077117,2.082985,0.000753,15.100397,0.0,-0.001,0.0
13.253037,257,1,subida,-0.006107,-0.006122,2.078351,2.083295,0.000753,15.102991,0.0,-0.0,0.0
13.326340,258,1,subida,-0.006146,-0.006125,2.077415,2.084675,0.000752,15.102991,0.0,-0.0,0.0
13.368090,259,1,subida,-0.006108,-0.006125,2.076586,2.084675,0.000753,15.106958,0.0,0.0,0.0
13.410327,260,1,subida,-0.006145,-0.006122,2.076586,2.083122,0.000753,15.104548,0.0,0.0,0.0
13.462660,261,1,subida,-0.006143,-0.006121,2.078160,2.082776,0.000753,15.099665,0.0,0.0,0.0
13.526315,262,1,subida,-0.006101,-0.006121,2.078160,2.082648,0.000753,15.101343,0.0,-0.0,0.0
13.579481,263,1,subida,-0.006143,-0.006122,2.077924,2.084198,0.000753,15.101343,0.0,-0.0,0.0
13.610123,264,1,subida,-0.006100,-0.006122,2.076771,2.084198,0.000753,15.099848,0.0,0.0,0.0
13.662077,265,1,subida,-0.006142,-0.006121,2.076771,2.083390,0.000753,15.103235,0.0,-0.0,0.0
13.693889,266,1,subida,-0.006100,-0.006122,2.076297,2.082946,0.000753,15.103235,0.0,0.0,0.0
13.735875,267,1,subida,-0.006142,-0.006122,2.077540,2.082946,0.000753,15.106684,0.0,0.0,0.0
13.778399,268,1,subida,-0.006101,-0.006122,2.077540,2.082884,0.000753,15.100214,0.0,0.0,0.0
13.830107,269,1,subida,-0.006143,-0.006125,2.077835,2.084004,0.000753,15.100214,0.0,0.0,0.0
13.872155,270,1,subida,-0.006105,-0.006125,2.077016,2.084004,0.000753,15.101679,0.0,-0.0,0.0
13.903439,271,1,subida,-0.006142,-0.006123,2.077016,2.083852,0.000753,15.102747,-0.0,0.0,0.0
13.945862,272,1,subida,-0.006104,-0.006123,2.076831,2.083179,0.000753,15.102747,0.0,0.001,0.0
13.988923,273,1,subida,-0.006140,-0.006122,2.077665,2.083179,0.000753,15.101221,0.0,0.0,0.0
14.041092,274,1,subida,-0.006104,-0.006122,2.077665,2.082654,0.000753,15.095697,0.0,-0.001,0.0
14.072397,275,1,subida,-0.006139,-0.006122,2.078053,2.083584,0.000753,15.095697,-0.0,0.0,0.0
14.123848,276,1,subida,-0.006105,-0.006121,2.077269,2.083584,0.000753,15.103296,0.0,-0.0,0.0
14.165709,277,1,subida,-0.006138,-0.006121,2.077269,2.083956,0.000753,15.102686,0.0,0.0,0.0
14.196591,278,1,subida,-0.006108,-0.006121,2.076533,2.083280,0.000753,15.102686,0.0,0.0,0.0
14.248541,279,1,subida,-0.006138,-0.006121,2.077409,2.083280,0.000752,15.104425,0.0,0.0,0.0
14.279805,280,1,subida,-0.006110,-0.006121,2.077409,2.082431,0.000753,15.102869,0.0,0.0,0.0
14.320691,281,1,subida,-0.006139,-0.006123,2.077638,2.083101,0.000752,15.102869,0.0,0.0,0.0
14.382866,282,1,subida,-0.006137,-0.006123,2.077001,2.083477,0.000752,15.095209,0.0,0.0,0.0
14.453379,283,1,subida,-0.006115,-0.006122,2.076765,2.083468,0.000753,15.095209,0.0,0.0,0.0
14.505164,284,1,subida,-0.006136,-0.006121,2.076962,2.083468,0.000753,15.103235,0.0,0.0,0.0
14.535893,285,1,subida,-0.006117,-0.006121,2.076962,2.082970,0.000753,15.100153,0.0,0.0,0.0
14.582646,286,1,subida,-0.006120,-0.006122,2.077373,2.083015,0.000753,15.107752,0.0,0.001,0.0
14.697083,287,1,subida,-0.006123,-0.006122,2.077239,2.083960,0.000753,15.100977,0.0,-0.001,0.0
14.768783,288,1,subida,-0.006124,-0.006121,2.076017,2.082198,0.000752,15.100031,0.0,-0.0,0.0
14.830418,289,1,subida,-0.006133,-0.006123,2.076983,2.082344,0.000752,15.100031,0.0,0.0,0.0
14.872792,290,1,subida,-0.006127,-0.006122,2.076786,2.082344,0.000752,15.106867,0.0,0.001,0.0
14.925296,291,1,subida,-0.006128,-0.006120,2.076586,2.083092,0.000753,15.104700,0.0,-0.0,0.0
14.998904,292,1,subida,-0.006129,-0.006120,2.075612,2.083092,0.000752,15.102411,0.0,0.0,0.0
15.041461,293,1,subida,-0.006130,-0.006120,2.075612,2.082237,0.000753,15.105433,0.0,0.0,0.0
15.082887,294,1,subida,-0.006127,-0.006121,2.076920,2.082207,0.000753,15.105433,0.0,-0.0,0.0
15.125087,295,1,subida,-0.006132,-0.006120,2.077713,2.082207,0.000753,15.103601,0.0,0.001,0.0
15.166821,296,1,subida,-0.006125,-0.006121,2.077713,2.083188,0.000753,15.100733,0.0,0.0,0.0
15.208468,297,1,subida,-0.006135,-0.006121,2.076732,2.083402,0.000753,15.100733,0.0,0.0,0.0
15.250290,298,1,subida,-0.006124,-0.006121,2.076023,2.083402,0.000752,15.104364,0.0,-0.0,0.0
15.281600,299,1,subida,-0.006136,-0.006121,2.076023,2.082896,0.000753,15.097467,0.0,0.0,0.0
15.334024,300,1,subida,-0.006121,-0.006123,2.077537,2.082663,0.000753,15.097467,0.0,-0.0,0.0
15.376049,301,1,subida,-0.006140,-0.006123,2.078184,2.082663,0.000753,15.106684,0.0,0.001,0.0
15.417509,302,1,subida,-0.006119,-0.006123,2.078184,2.083238,0.000753,15.099909,0.0,-0.0,0.0
15.480021,303,1,subida,-0.006116,-0.006121,2.076673,2.084097,0.000753,15.100031,0.0,-0.0,0.0
15.543370,304,1,subida,-0.006140,-0.006121,2.076673,2.083843,0.000753,15.105188,0.0,0.0,0.0
15.596362,305,1,subida,-0.006142,-0.006121,2.078044,2.082615,0.000753,15.108820,0.0,0.0,0.0
15.660354,306,1,subida,-0.006110,-0.006122,2.078044,2.082988,0.000753,15.104242,0.0,-0.0,0.0
15.713264,307,1,subida,-0.006143,-0.006121,2.077215,2.083802,0.000753,15.104242,0.0,-0.0,0.0
15.755859,308,1,subida,-0.006107,-0.006121,2.076506,2.083802,0.000753,15.100428,0.0,0.001,0.0
15.787614,309,1,subida,-0.006143,-0.006122,2.076506,2.082928,0.000753,15.102289,0.0,0.0,0.0
15.849690,310,1,subida,-0.006146,-0.006124,2.077632,2.083012,0.000753,15.105768,0.0,0.0,0.0
15.913349,311,1,subida,-0.006103,-0.006121,2.077632,2.082419,0.000753,15.104059,0.0,0.0,0.0
15.966334,312,1,subida,-0.006142,-0.006120,2.077424,2.083652,0.000753,15.104059,0.0,-0.0,0.0
16.008928,313,1,subida,-0.006101,-0.006121,2.076843,2.083652,0.000753,15.099543,0.0,0.001,0.0
16.040133,314,1,subida,-0.006142,-0.006121,2.076843,2.083006,0.000753,15.099268,0.0,0.0,0.0
16.092629,315,1,subida,-0.006099,-0.006120,2.076065,2.082109,0.000753,15.099268,0.0,0.0,0.0
16.135087,316,1,subida,-0.006141,-0.006119,2.077406,2.082109,0.000753,15.102350,0.0,0.0,0.0
16.166506,317,1,subida,-0.006098,-0.006119,2.077406,2.082279,0.000753,15.103815,0.0,0.0,0.0
16.209183,318,1,subida,-0.006140,-0.006120,2.077326,2.083658,0.000753,15.103815,0.0,-0.0,0.0
16.251741,319,1,subida,-0.006099,-0.006120,2.077188,2.083658,0.000753,15.102991,0.0,0.0,0.0
16.294403,320,1,subida,-0.006141,-0.006121,2.077188,2.083295,0.000753,15.104700,0.0,0.0,0.0
16.346485,321,1,subida,-0.006102,-0.006123,2.076571,2.082982,0.000753,15.104700,0.0,0.0,0.0
16.378090,322,1,subida,-0.006142,-0.006121,2.077498,2.082982,0.000753,15.101465,0.0,0.0,0.0
16.419511,323,1,subida,-0.006102,-0.006121,2.077498,2.081426,0.000753,15.099482,0.0,0.0,0.0
16.472370,324,1,subida,-0.006102,-0.006121,2.077218,2.083399,0.000753,15.102564,0.0,0.0,0.0
16.545231,325,1,subida,-0.006138,-0.006121,2.077218,2.083563,0.000752,15.098841,0.0,-0.0,0.0
16.587559,326,1,subida,-0.006104,-0.006120,2.076458,2.083170,0.000753,15.098841,0.0,-0.0,0.0
16.629307,327,1,subida,-0.006137,-0.006120,2.076726,2.083170,0.000752,15.103724,0.0,0.0,0.0
16.671006,328,1,subida,-0.006105,-0.006119,2.076726,2.081432,0.000752,15.099207,0.0,0.0,0.0
16.712906,329,1,subida,-0.006136,-0.006120,2.077147,2.082907,0.000753,15.099207,0.0,0.0,0.0
16.762148,330,1,subida,-0.006107,-0.006120,2.076566,2.082907,0.000752,15.099970,0.0,0.001,0.0
16.804888,331,1,subida,-0.006135,-0.006120,2.076566,2.082928,0.000752,15.092951,0.0,-0.0,0.0
16.836260,332,1,subida,-0.006112,-0.006122,2.076420,2.082907,0.000753,15.092951,0.0,0.0,0.0
16.877524,333,1,subida,-0.006138,-0.006123,2.076604,2.082907,0.000753,15.099024,0.0,-0.0,0.0
16.929465,334,1,subida,-0.006114,-0.006124,2.076604,2.083301,0.000753,15.100489,0.0,0.0,0.0
16.971355,335,1,subida,-0.006138,-0.006124,2.077549,2.082913,0.000753,15.100489,0.0,-0.0,0.0
17.003542,336,1,subida,-0.006118,-0.006123,2.076846,2.082913,0.000753,15.099207,0.0,0.0,0.0
17.045777,337,1,subida,-0.006137,-0.006123,2.076846,2.083557,0.000753,15.100611,0.0,-0.0,0.0
17.088373,338,1,subida,-0.006122,-0.006124,2.076482,2.083215,0.000753,15.100611,0.0,0.0,0.0
17.140234,339,1,subida,-0.006138,-0.006124,2.076813,2.083215,0.000753,15.103815,0.0,0.0,0.0
17.171530,340,1,subida,-0.006125,-0.006125,2.076813,2.082586,0.000753,15.100550,0.0,0.0,0.0
17.223655,341,1,subida,-0.006127,-0.006125,2.077510,2.082294,0.000754,15.107630,0.0,0.0,0.0
17.301614,342,1,subida,-0.006137,-0.006126,2.077510,2.084156,0.000753,15.099726,0.0,0.0,0.0
17.339149,343,1,subida,-0.006133,-0.006128,2.076393,2.083265,0.000753,15.099726,0.0,0.0,0.0
17.391730,344,1,subida,-0.006133,-0.006127,2.076193,2.082627,0.000753,15.102167,0.0,0.0,0.0
17.465503,345,1,subida,-0.006135,-0.006126,2.077969,2.082431,0.000753,15.102167,0.0,0.0,0.0
17.517841,346,1,subida,-0.006134,-0.006128,2.077552,2.084034,0.000753,15.100916,0.0,-0.0,0.0
17.591706,347,1,subida,-0.006139,-0.006127,2.076518,2.083426,0.000753,15.100916,0.0,0.0,0.0
17.633549,348,1,subida,-0.006133,-0.006128,2.076354,2.083426,0.000753,15.102106,0.0,0.0,0.0
17.675161,349,1,subida,-0.006141,-0.006127,2.076354,2.083298,0.000753,15.103174,0.0,0.0,0.0
17.716587,350,1,subida,-0.006130,-0.006128,2.077492,2.082493,0.000753,15.103174,0.0,0.0,0.0
17.758126,351,1,subida,-0.006143,-0.006128,2.077859,2.082493,0.000753,15.105768,0.0,0.0,0.0
17.799314,352,1,subida,-0.006127,-0.006127,2.077859,2.083310,0.000753,15.101282,0.0,0.0,0.0
17.862303,353,1,subida,-0.006125,-0.006128,2.076059,2.083742,0.000753,15.107264,0.0,0.0,0.0
17.935694,354,1,subida,-0.006120,-0.006127,2.076858,2.082291,0.000753,15.100275,0.0,0.0,0.0
18.009706,355,1,subida,-0.006146,-0.006127,2.078190,2.082291,0.000753,15.099787,0.0,0.0,0.0
18.051428,356,1,subida,-0.006117,-0.006127,2.078190,2.083209,0.000753,15.103815,0.0,0.0,0.0
18.092743,357,1,subida,-0.006147,-0.006127,2.076732,2.083688,0.000753,15.103815,0.0,0.0,0.0
18.144811,358,1,subida,-0.006148,-0.006127,2.076259,2.082863,0.000753,15.101923,0.0,-0.0,0.0
18.217506,359,1,subida,-0.006113,-0.006128,2.076816,2.083083,0.000753,15.101923,0.0,0.0,0.0
18.280920,360,1,subida,-0.006111,-0.006128,2.078261,2.082878,0.000753,15.103754,0.0,0.0,0.0
18.354151,361,1,subida,-0.006110,-0.006128,2.076789,2.083909,0.000753,15.107386,0.0,0.0,0.0
18.458477,362,1,subida,-0.006107,-0.006127,2.076092,2.082583,0.000753,15.097223,0.0,0.0,0.0
18.510774,363,1,subida,-0.006148,-0.006126,2.077501,2.082583,0.000752,15.099207,0.0,0.0,0.0
18.552257,364,1,subida,-0.006105,-0.006127,2.077501,2.081963,0.000753,15.097345,0.0,0.0,0.0
18.593944,365,1,subida,-0.006147,-0.006127,2.077054,2.083188,0.000752,15.097345,0.0,0.0,0.0
18.656663,366,1,subida,-0.006147,-0.006127,2.076229,2.082955,0.000752,15.100794,0.0,0.0,0.0
18.730206,367,1,subida,-0.006145,-0.006126,2.077251,2.082133,0.000752,15.101801,0.0,-0.0,0.0
18.825275,368,1,subida,-0.006147,-0.006128,2.077466,2.083086,0.000753,15.109583,0.0,0.0,0.0
18.888429,369,1,subida,-0.006108,-0.006126,2.076989,2.083086,0.000753,15.101984,0.0,0.0,0.0
18.930090,370,1,subida,-0.006144,-0.006126,2.076989,2.083450,0.000752,15.099726,0.0,0.0,0.0
18.981673,371,1,subida,-0.006144,-0.006126,2.077597,2.083223,0.000753,15.103998,0.0,0.0,0.0
19.055449,372,1,subida,-0.006111,-0.006127,2.077597,2.081987,0.000753,15.101862,0.0,0.0,0.0
19.097625,373,1,subida,-0.006144,-0.006127,2.077063,2.083030,0.000752,15.101862,0.0,0.0,0.0
19.139590,374,1,subida,-0.006112,-0.006125,2.077117,2.083030,0.000752,15.098139,0.0,0.0,0.0
19.181104,375,1,subida,-0.006143,-0.006126,2.077117,2.083429,0.000752,15.102350,0.0,-0.001,0.0
19.222700,376,1,subida,-0.006115,-0.006127,2.075853,2.083039,0.000753,15.102350,0.0,0.0,0.0
19.264589,377,1,subida,-0.006142,-0.006127,2.076962,2.083039,0.000752,15.102289,0.0,-0.0,0.0
19.316897,378,1,subida,-0.006143,-0.006127,2.077609,2.082615,0.000752,15.100275,0.0,0.001,0.0
19.400628,379,1,subida,-0.006141,-0.006127,2.077188,2.083864,0.000752,15.101404,0.0,0.001,0.0
19.473939,380,1,subida,-0.006123,-0.006127,2.076416,2.083730,0.000753,15.101404,0.0,0.0,0.0
19.525696,381,1,subida,-0.006126,-0.006127,2.077096,2.082758,0.000753,15.100275,0.0,-0.0,0.0
19.599686,382,1,subida,-0.006140,-0.006127,2.077945,2.082711,0.000753,15.100275,0.0,0.0,0.0
19.660553,383,1,subida,-0.006133,-0.006130,2.076932,2.083730,0.000753,15.101465,0.0,0.0,0.0
19.793394,384,1,subida,-0.006133,-0.006127,2.076831,2.083033,0.000753,15.098963,0.0,0.0,0.0
19.864349,385,1,subida,-0.006136,-0.006128,2.077603,2.082454,0.000753,15.101038,0.0,0.0,0.0
19.935228,386,1,subida,-0.006134,-0.006126,2.077603,2.083641,0.000753,15.103296,0.0,0.0,0.0
19.977550,387,1,subida,-0.006137,-0.006126,2.076885,2.083757,0.000753,15.103296,0.0,0.0,0.0
20.025393,388,1,subida,0.006534,0.006540,2.081513,2.075648,0.000751,15.099726,3.5,3.5,3.5
0.086463,389,1,subida,0.006531,0.006538,2.080753,2.074539,0.000751,15.100092,3.5,3.499,3.5
0.153174,390,1,subida,0.006547,0.006538,2.081850,2.074274,0.000752,15.100092,3.5,3.5,3.5
0.203123,391,1,subida,0.006530,0.006538,2.082597,2.074274,0.000752,15.098261,3.5,3.5,3.5
0.236328,392,1,subida,0.006548,0.006536,2.082597,2.075466,0.000752,15.097132,3.5,3.5,3.5
0.286266,393,1,subida,0.006526,0.006536,2.081000,2.075648,0.000751,15.097132,3.5,3.499,3.5
0.335594,394,1,subida,0.006526,0.006537,2.080976,2.074637,0.000751,15.093622,3.5,3.5,3.5
0.435610,395,1,subida,0.006525,0.006537,2.081954,2.073848,0.000751,15.097467,3.5,3.5,3.5
0.485677,396,1,subida,0.006557,0.006535,2.081954,2.074342,0.000751,15.092676,3.5,3.5,3.5
0.535610,397,1,subida,0.006524,0.006536,2.081885,2.076223,0.000752,15.092676,3.5,3.5,3.5
0.569329,398,1,subida,0.006561,0.006537,2.081310,2.076223,0.000751,15.096766,3.5,3.5,3.5
0.620028,399,1,subida,0.006525,0.006538,2.081310,2.075344,0.000751,15.091486,3.5,3.5,3.5
0.652891,400,1,subida,0.006563,0.006537,2.080902,2.074605,0.000751,15.091486,3.5,3.5,3.5
0.703049,401,1,subida,0.006523,0.006536,2.081963,2.074605,0.000751,15.098597,3.5,3.5,3.5
0.751767,402,1,subida,0.006522,0.006534,2.081754,2.075436,0.000751,15.098597,3.5,3.5,3.5
0.831716,403,1,subida,0.006565,0.006537,2.081304,2.075436,0.000752,15.104548,3.5,3.5,3.5
0.879942,404,1,subida,0.006567,0.006537,2.080648,2.074822,0.000752,15.098536,3.5,3.5,3.5
0.960363,405,1,subida,0.006567,0.006537,2.082154,2.074116,0.000751,15.095057,3.5,3.5,3.5
1.039249,406,1,subida,0.006525,0.006537,2.082016,2.075603,0.000751,15.095057,3.5,3.5,3.5
1.086269,407,1,subida,0.006526,0.006536,2.081122,2.075385,0.000751,15.094690,3.499,3.5,3.5
1.183890,408,1,subida,0.006527,0.006537,2.082267,2.075683,0.000751,15.097132,3.5,3.5,3.5
1.263884,409,1,subida,0.006527,0.006537,2.081817,2.075388,0.000751,15.101343,3.5,3.5,3.5
1.327952,410,1,subida,0.006562,0.006537,2.081283,2.075388,0.000751,15.098291,3.5,3.5,3.5
1.375314,411,1,subida,0.006528,0.006536,2.081283,2.075257,0.000751,15.100336,3.5,3.5,3.5
1.402596,412,1,subida,0.006558,0.006535,2.080094,2.074712,0.000751,15.100336,3.5,3.5,3.5
1.471961,413,1,subida,0.006555,0.006535,2.081128,2.073526,0.000751,15.100855,3.5,3.5,3.5
1.552022,414,1,subida,0.006553,0.006535,2.080801,2.074193,0.000751,15.098261,3.5,3.5,3.5
1.631970,415,1,subida,0.006550,0.006537,2.080246,2.074342,0.000751,15.096338,3.5,3.5,3.5
1.711517,416,1,subida,0.006529,0.006535,2.080410,2.074342,0.000751,15.107325,3.5,3.5,3.5
1.769617,417,1,subida,0.006528,0.006533,2.082297,2.074146,0.000751,15.098291,3.5,3.5,3.5
1.836072,418,1,subida,0.006544,0.006535,2.081176,2.074146,0.000751,15.103815,3.5,3.5,3.5
1.869486,419,1,subida,0.006531,0.006536,2.081176,2.075675,0.000751,15.100672,3.5,3.5,3.5
1.917125,420,1,subida,0.006543,0.006537,2.080964,2.075472,0.000752,15.100672,3.5,3.5,3.5
1.968705,421,1,subida,0.006541,0.006537,2.081119,2.074849,0.000752,15.100031,3.5,3.5,3.5
2.052092,422,1,subida,0.006538,0.006538,2.082377,2.074402,0.000752,15.098902,3.5,3.5,3.5
2.118669,423,1,subida,0.006538,0.006538,2.082377,2.075677,0.000751,15.092249,3.5,3.5,3.5
2.168268,424,1,subida,0.006536,0.006538,2.081328,2.075832,0.000751,15.092249,3.5,3.5,3.5
2.201956,425,1,subida,0.006539,0.006538,2.080324,2.075832,0.000751,15.099268,3.5,3.5,3.5
2.252082,426,1,subida,0.006532,0.006534,2.080324,2.075078,0.000751,15.095819,3.5,3.5,3.5
2.285291,427,1,subida,0.006539,0.006534,2.081492,2.073871,0.000751,15.095819,3.5,3.5,3.5
2.335355,428,1,subida,0.006531,0.006537,2.082136,2.073871,0.000751,15.096643,3.5,3.5,3.5
2.385447,429,1,subida,0.006530,0.006537,2.081644,2.075710,0.000751,15.096064,3.5,3.5,3.5
2.451659,430,1,subida,0.006548,0.006538,2.080616,2.075710,0.000751,15.102472,3.5,3.5,3.5
2.501739,431,1,subida,0.006528,0.006538,2.080616,2.075102,0.000751,15.094080,3.5,3.5,3.5
2.535033,432,1,subida,0.006552,0.006538,2.082168,2.074962,0.000752,15.094080,3.5,3.5,3.5
2.585343,433,1,subida,0.006528,0.006539,2.082672,2.074962,0.000752,15.104181,3.5,3.5,3.5
2.635885,434,1,subida,0.006527,0.006538,2.081775,2.076267,0.000752,15.096827,3.5,3.5,3.5
2.701951,435,1,subida,0.006558,0.006539,2.080908,2.076267,0.000751,15.099787,3.5,3.5,3.5
2.835310,436,1,subida,0.006525,0.006538,2.082133,2.074983,0.000751,15.102564,3.5,3.5,3.5
2.885176,437,1,subida,0.006526,0.006538,2.082067,2.075871,0.000751,15.099543,3.5,3.5,3.5
2.968542,438,1,subida,0.006525,0.006539,2.081203,2.075031,0.000751,15.098413,3.5,3.501,3.5
3.035742,439,1,subida,0.006567,0.006537,2.080631,2.074465,0.000751,15.098413,3.5,3.5,3.5
3.087015,440,1,subida,0.006525,0.006538,2.081963,2.074465,0.000751,15.099329,3.5,3.5,3.5
3.135530,441,1,subida,0.006526,0.006539,2.081850,2.075451,0.000751,15.091944,3.5,3.5,3.5
3.202566,442,1,subida,0.006568,0.006538,2.081858,2.075451,0.000751,15.099421,3.5,3.5,3.5
3.252658,443,1,subida,0.006525,0.006535,2.081858,2.075037,0.000751,15.102533,3.5,3.5,3.5
3.285923,444,1,subida,0.006565,0.006535,2.079927,2.074026,0.000751,15.102533,3.5,3.5,3.5
3.384803,445,1,subida,0.006527,0.006536,2.081525,2.074256,0.000751,15.101404,3.5,3.5,3.5
3.469382,446,1,subida,0.006526,0.006535,2.080499,2.075025,0.000751,15.091364,3.5,3.5,3.5
3.602648,447,1,subida,0.006561,0.006537,2.081480,2.074211,0.000752,15.103174,3.5,3.501,3.5
3.735600,448,1,subida,0.006530,0.006536,2.081468,2.075365,0.000751,15.098963,3.5,3.5,3.5
3.802729,449,1,subida,0.006555,0.006538,2.080595,2.075406,0.000752,15.098963,3.5,3.5,3.5
3.836102,450,1,subida,0.006531,0.006539,2.081262,2.075406,0.000751,15.100489,3.5,3.5,3.5
3.885936,451,1,subida,0.006554,0.006538,2.081262,2.074274,0.000751,15.097895,3.5,3.5,3.5
3.918966,452,1,subida,0.006532,0.006538,2.081903,2.074715,0.000751,15.097895,3.5,3.5,3.5
4.035538,453,1,subida,0.006548,0.006538,2.080944,2.075263,0.000751,15.089289,3.5,3.5,3.5
4.085816,454,1,subida,0.006534,0.006539,2.080783,2.075263,0.000751,15.092188,3.5,3.501,3.5
4.136044,455,1,subida,0.006546,0.006538,2.080783,2.074491,0.000751,15.096460,3.5,3.5,3.5
4.170304,456,1,subida,0.006535,0.006538,2.082085,2.073988,0.000751,15.096460,3.5,3.501,3.5
4.221206,457,1,subida,0.006543,0.006538,2.081888,2.073988,0.000751,15.098139,3.5,3.5,3.5
4.284538,458,1,subida,0.006539,0.006537,2.080964,2.075224,0.000751,15.101679,3.5,3.5,3.5
4.434870,459,1,subida,0.006538,0.006541,2.081903,2.074569,0.000751,15.101465,3.5,3.501,3.5
4.552456,460,1,subida,0.006533,0.006539,2.081462,2.075075,0.000751,15.098200,3.501,3.5,3.5
4.601703,461,1,subida,0.006531,0.006538,2.080434,2.074339,0.000751,15.098658,3.5,3.5,3.5
4.685685,462,1,subida,0.006530,0.006539,2.082085,2.073627,0.000751,15.101557,3.5,3.5,3.5
4.918095,463,1,subida,0.006558,0.006538,2.081063,2.074506,0.000751,15.097010,3.5,3.501,3.5
4.968408,464,1,subida,0.006527,0.006539,2.082407,2.074506,0.000751,15.098413,3.5,3.501,3.5
5.017839,465,1,subida,0.006526,0.006540,2.081233,2.075710,0.000751,15.095514,3.5,3.501,3.5
5.102369,466,1,subida,0.006526,0.006539,2.081006,2.074989,0.000751,15.096643,3.5,3.501,3.5
5.367726,467,1,subida,0.006526,0.006540,2.081233,2.075263,0.000751,15.092798,3.5,3.5,3.5
5.433650,468,1,subida,0.006569,0.006540,2.080303,2.075001,0.000752,15.092798,3.5,3.5,3.5
5.468096,469,1,subida,0.006528,0.006540,2.082270,2.075001,0.000751,15.094934,3.5,3.5,3.5
5.533303,470,1,subida,0.006529,0.006540,2.081736,2.075073,0.000751,15.092615,3.5,3.5,3.5
5.752135,471,1,subida,0.006565,0.006538,2.082228,2.073725,0.000751,15.090479,3.5,3.5,3.5
5.818905,472,1,subida,0.006563,0.006539,2.081319,2.075236,0.000751,15.101160,3.5,3.501,3.5
5.884875,473,1,subida,0.006530,0.006538,2.081319,2.075073,0.000751,15.101099,3.5,3.501,3.5
5.933759,474,1,subida,0.006560,0.006538,2.079906,2.074479,0.000751,15.101099,3.5,3.501,3.5
6.085289,475,1,subida,0.006556,0.006539,2.081382,2.074903,0.000751,15.103876,3.5,3.5,3.5
6.134847,476,1,subida,0.006532,0.006538,2.081382,2.074903,0.000751,15.096704,3.5,3.501,3.5
6.201283,477,1,subida,0.006533,0.006538,2.081650,2.074646,0.000751,15.100275,3.5,3.5,3.5
6.266913,478,1,subida,0.006549,0.006538,2.081650,2.074324,0.000751,15.095392,3.5,3.501,3.5
6.407410,479,1,subida,0.006546,0.006539,2.080979,2.075448,0.000751,15.100428,3.5,3.501,3.5
6.471916,480,1,subida,0.006535,0.006539,2.080574,2.075448,0.000751,15.101404,3.5,3.5,3.5
6.573232,481,1,subida,0.006540,0.006538,2.081802,2.074023,0.000751,15.094751,3.5,3.5,3.5
6.635381,482,1,subida,0.006538,0.006539,2.081802,2.075505,0.000751,15.093866,3.5,3.5,3.5
6.685173,483,1,subida,0.006537,0.006539,2.080857,2.075481,0.000751,15.093866,3.5,3.501,3.5
6.751695,484,1,subida,0.006535,0.006537,2.080711,2.074500,0.000751,15.099146,3.5,3.5,3.5
6.851776,485,1,subida,0.006533,0.006538,2.081590,2.073529,0.000751,15.099665,3.5,3.501,3.5
6.901690,486,1,subida,0.006532,0.006538,2.081554,2.075126,0.000751,15.102106,3.5,3.5,3.5
6.985156,487,1,subida,0.006530,0.006539,2.080762,2.074023,0.000751,15.094507,3.5,3.5,3.5
7.068203,488,1,subida,0.006527,0.006537,2.082025,2.073699,0.000751,15.099024,3.501,3.5,3.5
7.222511,489,1,subida,0.006555,0.006537,2.080491,2.074986,0.000751,15.099848,3.5,3.5,3.5
7.324099,490,1,subida,0.006525,0.006537,2.082222,2.074920,0.000751,15.099604,3.5,3.5,3.5
7.430123,491,1,subida,0.006526,0.006540,2.082174,2.075782,0.000751,15.100153,3.5,3.5,3.5
7.484852,492,1,subida,0.006526,0.006539,2.080994,2.075537,0.000751,15.105555,3.5,3.501,3.5
7.551641,493,1,subida,0.006567,0.006539,2.080735,2.074295,0.000752,15.105555,3.5,3.5,3.5
7.617443,494,1,subida,0.006568,0.006539,2.082228,2.074044,0.000752,15.095392,3.5,3.5,3.5
7.684729,495,1,subida,0.006526,0.006537,2.081736,2.075564,0.000751,15.095392,3.5,3.5,3.5
7.733953,496,1,subida,0.006524,0.006537,2.081519,2.074843,0.000751,15.098780,3.5,3.5,3.5
7.818518,497,1,subida,0.006526,0.006537,2.081960,2.074700,0.000751,15.097895,3.5,3.5,3.5
7.900655,498,1,subida,0.006568,0.006539,2.081960,2.074181,0.000752,15.092371,3.5,3.5,3.5
7.934466,499,1,subida,0.006528,0.006538,2.081930,2.075359,0.000751,15.092371,3.5,3.5,3.5
7.984883,500,1,subida,0.006567,0.006539,2.081298,2.075359,0.000751,15.097651,3.5,3.5,3.5
8.017399,501,1,subida,0.006529,0.006539,2.081298,2.075469,0.000751,15.093622,3.5,3.5,3.5
8.051419,502,1,subida,0.006566,0.006538,2.080628,2.074801,0.000751,15.093622,3.5,3.5,3.5
8.101474,503,1,subida,0.006530,0.006539,2.081397,2.074801,0.000751,15.096766,3.5,3.5,3.5
8.134814,504,1,subida,0.006564,0.006539,2.081397,2.074256,0.000751,15.102747,3.5,3.5,3.5
8.184636,505,1,subida,0.006530,0.006539,2.082484,2.075248,0.000751,15.102747,3.5,3.5,3.5
8.251783,506,1,subida,0.006529,0.006537,2.081370,2.075633,0.000751,15.096643,3.5,3.5,3.5
8.317610,507,1,subida,0.006557,0.006538,2.081262,2.075147,0.000751,15.096643,3.5,3.5,3.5
8.400700,508,1,subida,0.006557,0.006539,2.081686,2.074405,0.000752,15.096064,3.5,3.5,3.5
8.434862,509,1,subida,0.006533,0.006539,2.082901,2.075049,0.000751,15.096064,3.5,3.5,3.5
8.519349,510,1,subida,0.006532,0.006539,2.081730,2.075826,0.000751,15.100855,3.5,3.5,3.5
8.552441,511,1,subida,0.006551,0.006538,2.080944,2.075469,0.000752,15.100855,3.5,3.5,3.5
8.617016,512,1,subida,0.006549,0.006539,2.080991,2.074390,0.000751,15.096766,3.5,3.5,3.5
8.700682,513,1,subida,0.006547,0.006540,2.081894,2.074861,0.000751,15.099787,3.5,3.5,3.5
8.807134,514,1,subida,0.006541,0.006537,2.081343,2.075910,0.000752,15.098719,3.5,3.5,3.5
8.852826,515,1,subida,0.006536,0.006540,2.080783,2.075910,0.000751,15.096704,3.5,3.5,3.5
8.921667,516,1,subida,0.006538,0.006539,2.081608,2.073767,0.000751,15.091364,3.5,3.5,3.5
8.996106,517,1,subida,0.006540,0.006539,2.082162,2.075657,0.000751,15.093256,3.5,3.5,3.5
9.064801,518,1,subida,0.006537,0.006539,2.081668,2.075147,0.000751,15.093256,3.5,3.5,3.5
9.110260,519,1,subida,0.006542,0.006539,2.080541,2.075147,0.000751,15.095758,3.5,3.5,3.5
9.271930,520,1,subida,0.006545,0.006536,2.081906,2.074554,0.000751,15.102686,3.5,3.5,3.5
9.338967,521,1,subida,0.006548,0.006537,2.080362,2.075278,0.000751,15.104700,3.5,3.5,3.5
9.400665,522,1,subida,0.006529,0.006539,2.080362,2.074807,0.000751,15.099360,3.5,3.5,3.5
9.483664,523,1,subida,0.006529,0.006540,2.082109,2.074041,0.000751,15.099421,3.5,3.5,3.5
9.526349,524,1,subida,0.006557,0.006539,2.082109,2.074751,0.000751,15.091669,3.5,3.5,3.5
9.654349,525,1,subida,0.006525,0.006537,2.079957,2.074786,0.000751,15.096888,3.5,3.5,3.5
9.702365,526,1,subida,0.006524,0.006538,2.081379,2.073728,0.000750,15.097132,3.5,3.5,3.5
9.818698,527,1,subida,0.006521,0.006535,2.081355,2.076029,0.000751,15.098719,3.5,3.5,3.5
9.865875,528,1,subida,0.006564,0.006538,2.081397,2.076029,0.000751,15.094324,3.5,3.499,3.5
9.911035,529,1,subida,0.006567,0.006537,2.080246,2.073937,0.000751,15.099726,3.5,3.5,3.5
9.988684,530,1,subida,0.006525,0.006538,2.081879,2.073937,0.000751,15.098658,3.5,3.5,3.5
10.089944,531,1,subida,0.006567,0.006537,2.081093,2.074974,0.000750,15.094629,3.5,3.5,3.5
10.154134,532,1,subida,0.006526,0.006537,2.081093,2.074929,0.000751,15.102472,3.5,3.5,3.5
10.200081,533,1,subida,0.006566,0.006536,2.079856,2.074018,0.000751,15.102472,3.5,3.5,3.5
10.250246,534,1,subida,0.006563,0.006535,2.081745,2.073424,0.000751,15.092005,3.5,3.5,3.5
10.391993,535,1,subida,0.006527,0.006536,2.080696,2.074223,0.000751,15.103754,3.5,3.5,3.5
10.455392,536,1,subida,0.006527,0.006536,2.081188,2.074020,0.000750,15.100855,3.5,3.5,3.5
10.535259,537,1,subida,0.006562,0.006537,2.081188,2.073684,0.000751,15.104486,3.5,3.5,3.5
10.568601,538,1,subida,0.006528,0.006537,2.081802,2.074441,0.000750,15.104486,3.5,3.5,3.5
10.617520,539,1,subida,0.006560,0.006537,2.081334,2.074441,0.000751,15.093561,3.5,3.5,3.5
10.698546,540,1,subida,0.006557,0.006537,2.081069,2.074369,0.000751,15.094446,3.5,3.5,3.5
10.745968,541,1,subida,0.006552,0.006536,2.081021,2.073400,0.000751,15.095819,3.5,3.5,3.5
10.818195,542,1,subida,0.006528,0.006534,2.081784,2.074217,0.000751,15.095819,3.5,3.499,3.5
10.970082,543,1,subida,0.006531,0.006536,2.080264,2.075052,0.000751,15.097223,3.5,3.5,3.5
11.033019,544,1,subida,0.006546,0.006536,2.080264,2.073570,0.000751,15.100092,3.5,3.5,3.5
11.080639,545,1,subida,0.006543,0.006536,2.081322,2.073699,0.000751,15.094507,3.5,3.5,3.5
11.167833,546,1,subida,0.006541,0.006537,2.080163,2.074724,0.000751,15.096125,3.5,3.5,3.5
11.239769,547,1,subida,0.006534,0.006537,2.079924,2.074724,0.000751,15.093439,3.5,3.5,3.5
11.289352,548,1,subida,0.006534,0.006534,2.081295,2.073636,0.000751,15.094385,3.5,3.5,3.5
11.365436,549,1,subida,0.006536,0.006537,2.081158,2.073636,0.000751,15.100397,3.5,3.5,3.5
11.412760,550,1,subida,0.006537,0.006536,2.081158,2.074491,0.000751,15.100916,3.5,3.5,3.5
11.497822,551,1,subida,0.006538,0.006536,2.079802,2.074840,0.000751,15.098475,3.5,3.5,3.5
11.738242,552,1,subida,0.006546,0.006535,2.079361,2.074849,0.000750,15.093073,3.5,3.5,3.5
11.784329,553,1,subida,0.006524,0.006534,2.079361,2.074020,0.000750,15.097956,3.5,3.5,3.5
11.831006,554,1,subida,0.006549,0.006535,2.080818,2.073362,0.000751,15.097956,3.5,3.5,3.5
11.877665,555,1,subida,0.006553,0.006535,2.081554,2.073883,0.000750,15.096338,3.5,3.499,3.5
11.956517,556,1,subida,0.006524,0.006536,2.080735,2.074912,0.000751,15.096338,3.5,3.5,3.5
11.989691,557,1,subida,0.006556,0.006536,2.079948,2.074912,0.000750,15.101923,3.5,3.5,3.5
12.039522,558,1,subida,0.006523,0.006536,2.079948,2.074008,0.000750,15.096216,3.5,3.5,3.5
12.086395,559,1,subida,0.006522,0.006536,2.080833,2.073210,0.000750,15.094568,3.5,3.5,3.5
12.165096,560,1,subida,0.006559,0.006535,2.080833,2.072939,0.000750,15.098017,3.5,3.5,3.5
12.393524,561,1,subida,0.006564,0.006534,2.080857,2.072959,0.000751,15.096125,3.5,3.5,3.5
12.455210,562,1,subida,0.006522,0.006535,2.080654,2.074062,0.000750,15.096125,3.5,3.5,3.5
12.501843,563,1,subida,0.006523,0.006534,2.080505,2.073639,0.000750,15.099024,3.5,3.5,3.5
12.661007,564,1,subida,0.006564,0.006534,2.080956,2.072897,0.000750,15.102533,3.5,3.5,3.5
12.724012,565,1,subida,0.006562,0.006533,2.079912,2.074095,0.000750,15.099726,3.5,3.5,3.5
12.789592,566,1,subida,0.006523,0.006533,2.079912,2.074316,0.000750,15.098841,3.5,3.5,3.5
12.934655,567,1,subida,0.006527,0.006535,2.081212,2.073845,0.000750,15.099543,3.5,3.499,3.5
13.031244,568,1,subida,0.006527,0.006534,2.079844,2.074646,0.000750,15.100031,3.5,3.5,3.5
13.091362,569,1,subida,0.006527,0.006534,2.079823,2.073794,0.000749,15.095331,3.5,3.5,3.5
13.189576,570,1,subida,0.006527,0.006533,2.080571,2.073067,0.000750,15.097773,3.5,3.5,3.5
13.335250,571,1,subida,0.006545,0.006534,2.079522,2.074149,0.000751,15.095209,3.5,3.5,3.5
13.452060,572,1,subida,0.006530,0.006535,2.081659,2.073323,0.000750,15.095331,3.5,3.5,3.5
13.539970,573,1,subida,0.006532,0.006536,2.081009,2.074408,0.000751,15.093317,3.5,3.5,3.5
13.599888,574,1,subida,0.006533,0.006536,2.079513,2.074977,0.000750,15.102564,3.5,3.5,3.5
13.720079,575,1,subida,0.006533,0.006534,2.081033,2.073275,0.000750,15.098139,3.5,3.5,3.5
13.848769,576,1,subida,0.006539,0.006535,2.079704,2.074500,0.000751,15.097651,3.5,3.5,3.5
13.927692,577,1,subida,0.006543,0.006537,2.081152,2.073615,0.000751,15.094141,3.5,3.5,3.5
14.039044,578,1,subida,0.006545,0.006536,2.081617,2.074405,0.000751,15.096338,3.5,3.5,3.5
14.087194,579,1,subida,0.006527,0.006536,2.080100,2.074775,0.000750,15.096338,3.5,3.5,3.5
14.135608,580,1,subida,0.006526,0.006535,2.079805,2.074157,0.000750,15.098291,3.5,3.5,3.5
14.215897,581,1,subida,0.006551,0.006535,2.080896,2.073484,0.000751,15.098291,3.5,3.5,3.5
14.247583,582,1,subida,0.006525,0.006535,2.081957,2.073484,0.000751,15.097589,3.5,3.5,3.5
14.327868,583,1,subida,0.006524,0.006536,2.080935,2.074780,0.000751,15.103357,3.5,3.5,3.5
14.382917,584,1,subida,0.006524,0.006536,2.080312,2.073782,0.000750,15.099543,3.5,3.5,3.5
14.482862,585,1,subida,0.006523,0.006535,2.080541,2.073517,0.000750,15.104120,3.5,3.5,3.5
14.532811,586,1,subida,0.006562,0.006535,2.080541,2.073204,0.000750,15.100794,3.5,3.5,3.5
14.599325,587,1,subida,0.006563,0.006535,2.080377,2.074324,0.000751,15.097773,3.5,3.5,3.5
14.679923,588,1,subida,0.006565,0.006535,2.079638,2.073323,0.000751,15.085230,3.5,3.5,3.5
14.759928,589,1,subida,0.006523,0.006534,2.081516,2.073323,0.000751,15.090235,3.5,3.5,3.5
14.822086,590,1,subida,0.006524,0.006535,2.080747,2.074667,0.000750,15.093561,3.5,3.5,3.5
14.903866,591,1,subida,0.006525,0.006535,2.080532,2.074038,0.000750,15.097895,3.5,3.5,3.5
14.982496,592,1,subida,0.006526,0.006537,2.080762,2.073251,0.000750,15.098536,3.5,3.5,3.5
15.082614,593,1,subida,0.006527,0.006536,2.080589,2.074494,0.000750,15.105860,3.5,3.5,3.5
15.159438,594,1,subida,0.006527,0.006536,2.080195,2.074414,0.000750,15.093378,3.5,3.501,3.5
15.239144,595,1,subida,0.006527,0.006535,2.080342,2.073704,0.000750,15.102289,3.5,3.501,3.5
15.302814,596,1,subida,0.006557,0.006534,2.080342,2.073034,0.000750,15.095942,3.5,3.501,3.5
15.349097,597,1,subida,0.006557,0.006535,2.080336,2.073833,0.000750,15.096460,3.5,3.5,3.5
15.431731,598,1,subida,0.006554,0.006535,2.079659,2.074044,0.000751,15.096827,3.5,3.5,3.5
15.505898,599,1,subida,0.006529,0.006536,2.080517,2.074044,0.000750,15.100428,3.5,3.5,3.5
15.638854,600,1,subida,0.006532,0.006537,2.081099,2.074187,0.000750,15.093073,3.5,3.501,3.5
15.717018,601,1,subida,0.006547,0.006536,2.080625,2.074372,0.000751,15.093073,3.5,3.501,3.5
15.798652,602,1,subida,0.006543,0.006535,2.079933,2.073555,0.000751,15.098963,3.5,3.501,3.5
15.866254,603,1,subida,0.006542,0.006536,2.080201,2.073049,0.000750,15.102106,3.5,3.501,3.5
15.971781,604,1,subida,0.006538,0.006535,2.080193,2.074116,0.000750,15.096277,3.5,3.5,3.5
16.018558,605,1,subida,0.006537,0.006535,2.079593,2.073681,0.000750,15.097223,3.5,3.501,3.5
16.105256,606,1,subida,0.006534,0.006536,2.080467,2.073251,0.000750,15.095148,3.5,3.501,3.5
16.178489,607,1,subida,0.006538,0.006536,2.080467,2.074157,0.000750,15.098200,3.5,3.501,3.5
16.259055,608,1,subida,0.006540,0.006534,2.078747,2.074265,0.000750,15.104425,3.5,3.501,3.5
16.324210,609,1,subida,0.006541,0.006533,2.079853,2.072065,0.000750,15.093256,3.5,3.501,3.5
16.424490,610,1,subida,0.006546,0.006535,2.080863,2.073624,0.000750,15.093897,3.5,3.501,3.5
16.466801,611,1,subida,0.006525,0.006534,2.079665,2.074417,0.000750,15.093897,3.5,3.501,3.5
16.510303,612,1,subida,0.006548,0.006534,2.079334,2.074417,0.000750,15.104059,3.5,3.501,3.5
16.566570,613,1,subida,0.006552,0.006534,2.079710,2.073007,0.000750,15.099421,3.5,3.501,3.5
16.645432,614,1,subida,0.006556,0.006536,2.081122,2.073770,0.000751,15.096277,3.5,3.501,3.5
16.790458,615,1,subida,0.006521,0.006534,2.079650,2.073609,0.000750,15.097528,3.5,3.501,3.5
16.865945,616,1,subida,0.006523,0.006536,2.080848,2.072828,0.000750,15.098291,3.5,3.501,3.5
16.932051,617,1,subida,0.006564,0.006536,2.080848,2.073445,0.000750,15.099329,3.5,3.501,3.5
16.965857,618,1,subida,0.006523,0.006536,2.080607,2.074476,0.000750,15.099329,3.5,3.5,3.5
16.998614,619,1,subida,0.006565,0.006536,2.079602,2.074476,0.000750,15.095819,3.5,3.501,3.5
17.088967,620,1,subida,0.006567,0.006535,2.079942,2.073532,0.000750,15.098780,3.5,3.501,3.5
17.285996,621,1,subida,0.006522,0.006532,2.079820,2.073743,0.000750,15.096338,3.5,3.5,3.5
17.348185,622,1,subida,0.006564,0.006533,2.079367,2.073296,0.000750,15.096338,3.5,3.501,3.5
17.477346,623,1,subida,0.006526,0.006534,2.080187,2.073412,0.000749,15.097651,3.5,3.5,3.5
17.524061,624,1,subida,0.006527,0.006535,2.079573,2.073639,0.000750,15.099543,3.5,3.5,3.5
17.617728,625,1,subida,0.006527,0.006535,2.080273,2.073714,0.000750,15.095636,3.5,3.5,3.5
17.682147,626,1,subida,0.006557,0.006535,2.080273,2.072423,0.000750,15.090601,3.5,3.5,3.5
17.716057,627,1,subida,0.006528,0.006534,2.080833,2.073243,0.000750,15.090601,3.5,3.5,3.5
17.763927,628,1,subida,0.006554,0.006534,2.080499,2.073243,0.000750,15.097651,3.5,3.5,3.5
17.855697,629,1,subida,0.006527,0.006534,2.079394,2.073168,0.000750,15.097834,3.5,3.5,3.5
18.181719,630,1,subida,0.006538,0.006533,2.078685,2.072450,0.000749,15.097834,3.5,3.5,3.5
18.228627,631,1,subida,0.006529,0.006531,2.079444,2.072149,0.000749,15.097834,3.5,3.501,3.5
18.276542,632,1,subida,0.006528,0.006530,2.079829,2.073269,0.000749,15.094873,3.5,3.5,3.5
18.355709,633,1,subida,0.006531,0.006531,2.078926,2.073585,0.000749,15.094873,3.501,3.5,3.5
18.404272,634,1,subida,0.006530,0.006530,2.078979,2.072530,0.000750,15.104792,3.5,3.5,3.5
18.481955,635,1,subida,0.006530,0.006533,2.080517,2.072843,0.000750,15.094934,3.5,3.5,3.5
18.721456,636,1,subida,0.006545,0.006532,2.080106,2.072852,0.000750,15.093897,3.5,3.5,3.5
18.770124,637,1,subida,0.006524,0.006532,2.080657,2.072852,0.000750,15.091059,3.5,3.501,3.5
18.917559,638,1,subida,0.006523,0.006534,2.079406,2.073386,0.000750,15.095453,3.5,3.5,3.5
18.978743,639,1,subida,0.006556,0.006534,2.079593,2.072900,0.000750,15.095453,3.5,3.5,3.5
19.027240,640,1,subida,0.006558,0.006534,2.080565,2.072459,0.000750,15.099024,3.5,3.501,3.5
19.121252,641,1,subida,0.006560,0.006532,2.079537,2.074372,0.000750,15.103876,3.5,3.5,3.5
19.183205,642,1,subida,0.006521,0.006534,2.079537,2.072953,0.000750,15.101496,3.5,3.5,3.5
19.344005,643,1,subida,0.006517,0.006529,2.078995,2.073135,0.000749,15.096155,3.5,3.5,3.5
19.471483,644,1,subida,0.006562,0.006531,2.078309,2.072170,0.000750,15.094568,3.5,3.5,3.5
19.621116,645,1,subida,0.006560,0.006530,2.079072,2.073189,0.000750,15.097651,3.5,3.5,3.5
19.776757,646,1,subida,0.006522,0.006530,2.079215,2.072638,0.000749,15.102686,3.5,3.5,3.5
19.839593,647,1,subida,0.006522,0.006530,2.080046,2.073049,0.000749,15.100153,3.5,3.5,3.5
19.935781,648,1,subida,0.006524,0.006532,2.079629,2.073702,0.000750,15.092371,3.5,3.499,3.5
0.096889,650,1,subida,0.017199,0.017191,2.069511,2.052807,0.000740,15.094019,6.5,6.5,6.5
0.162884,651,1,subida,0.017201,0.017194,2.070400,2.052131,0.000739,15.094019,6.5,6.5,6.5
0.211770,652,1,subida,0.017204,0.017194,2.070760,2.053233,0.000739,15.095697,6.5,6.5,6.5
0.286138,653,1,subida,0.017197,0.017193,2.069598,2.053338,0.000739,15.095697,6.5,6.5,6.5
0.334646,654,1,subida,0.017198,0.017196,2.069553,2.052733,0.000740,15.093378,6.5,6.5,6.5
0.413088,655,1,subida,0.017212,0.017196,2.070873,2.052906,0.000740,15.093378,6.5,6.5,6.5
0.448570,656,1,subida,0.017198,0.017198,2.071145,2.052906,0.000740,15.098291,6.5,6.5,6.5
0.494716,657,1,subida,0.017215,0.017199,2.071145,2.053716,0.000740,15.091547,6.5,6.5,6.5
0.544086,658,1,subida,0.017219,0.017199,2.070972,2.054890,0.000740,15.092554,6.5,6.5,6.5
0.628002,659,1,subida,0.017230,0.017204,2.072349,2.054229,0.000741,15.094995,6.5,6.5,6.5
0.734145,660,1,subida,0.017237,0.017210,2.073365,2.054139,0.000741,15.092249,6.5,6.5,6.5
0.801075,661,1,subida,0.017237,0.017209,2.070435,2.055156,0.000741,15.093378,6.5,6.5,6.5
0.862255,662,1,subida,0.017202,0.017206,2.070435,2.053862,0.000741,15.089808,6.5,6.5,6.5
0.910164,663,1,subida,0.017237,0.017205,2.071091,2.053710,0.000741,15.089808,6.5,6.5,6.5
0.973782,664,1,subida,0.017239,0.017205,2.072581,2.053344,0.000740,15.095148,6.5,6.5,6.5
1.044417,665,1,subida,0.017235,0.017202,2.070841,2.054569,0.000740,15.099848,6.5,6.5,6.5
1.128644,666,1,subida,0.017240,0.017203,2.070960,2.054095,0.000741,15.098078,6.5,6.5,6.5
1.218002,667,1,subida,0.017201,0.017205,2.071720,2.054127,0.000740,15.101862,6.5,6.5,6.5
1.346035,668,1,subida,0.017199,0.017202,2.070858,2.054062,0.000740,15.090693,6.5,6.5,6.5
1.428027,669,1,subida,0.017199,0.017203,2.071550,2.053361,0.000741,15.101740,6.5,6.5,6.5
1.504796,670,1,subida,0.017155,0.017182,2.057355,2.039915,0.000730,15.096064,6.5,6.5,6.5
1.584096,671,1,subida,0.017158,0.017112,2.056509,2.039915,0.000730,15.097132,6.5,6.5,6.5
1.633076,672,1,subida,0.017131,0.017099,2.056100,2.039948,0.000731,15.096338,6.5,6.5,6.5
1.711745,673,1,subida,0.017123,0.017090,2.057355,2.039572,0.000731,15.100916,6.5,6.5,6.5
1.795041,674,1,subida,0.017100,0.017101,2.059113,2.042296,0.000732,15.100916,6.5,6.5,6.5
1.859422,675,1,subida,0.017099,0.017100,2.057963,2.042254,0.000732,15.096766,6.5,6.5,6.5
1.960604,676,1,subida,0.017094,0.017092,2.057328,2.040198,0.000731,15.093805,6.5,6.5,6.5
1.998108,677,1,subida,0.017119,0.017094,2.057328,2.040225,0.000732,15.096399,6.5,6.5,6.5
2.048590,678,1,subida,0.017150,0.017100,2.059397,2.046146,0.000733,15.097956,6.5,6.5,6.5
2.177356,679,1,subida,0.017108,0.017110,2.057382,2.040782,0.000730,15.099360,6.5,6.5,6.5
2.304910,680,1,subida,0.017109,0.017092,2.058595,2.040126,0.000732,15.100275,6.5,6.5,6.5
2.384165,681,1,subida,0.017111,0.017095,2.058568,2.041402,0.000733,15.099482,6.5,6.5,6.5
2.482887,682,1,subida,0.017110,0.017097,2.058154,2.041157,0.000732,15.090876,6.5,6.5,6.5
2.607253,683,1,subida,0.017100,0.017094,2.058690,2.041417,0.000732,15.098719,6.5,6.5,6.5
2.674858,684,1,subida,0.017105,0.017099,2.057450,2.043801,0.000731,15.104425,6.5,6.5,6.5
2.753105,685,1,subida,0.017104,0.017098,2.057450,2.041119,0.000731,15.092676,6.5,6.5,6.5
2.799629,686,1,subida,0.017103,0.017099,2.058648,2.040332,0.000731,15.100092,6.5,6.5,6.5
2.894752,687,1,subida,0.017104,0.017101,2.058648,2.042451,0.000732,15.099085,6.5,6.5,6.5
2.994738,688,1,subida,0.017099,0.017097,2.057847,2.040943,0.000732,15.096338,6.5,6.5,6.5
3.045022,689,1,subida,0.017113,0.017095,2.059328,2.040326,0.000731,15.096338,6.5,6.5,6.5
3.090715,690,1,subida,0.017094,0.017094,2.058869,2.040326,0.000731,15.099665,6.5,6.5,6.5
3.142706,691,1,subida,0.017094,0.017096,2.058881,2.042424,0.000731,15.098413,6.5,6.5,6.5
3.254583,692,1,subida,0.017095,0.017098,2.058064,2.041643,0.000731,15.096338,6.5,6.499,6.5
3.316099,693,1,subida,0.017094,0.017098,2.060052,2.041217,0.000732,15.096888,6.5,6.5,6.5
3.381864,694,1,subida,0.017126,0.017099,2.060052,2.041756,0.000732,15.099726,6.5,6.5,6.5
3.410366,695,1,subida,0.017093,0.017097,2.058958,2.043023,0.000732,15.099726,6.5,6.5,6.5
3.472744,696,1,subida,0.017094,0.017100,2.058529,2.041667,0.000732,15.096277,6.5,6.5,6.5
3.653364,697,1,subida,0.017090,0.017095,2.058714,2.041926,0.000731,15.096704,6.5,6.499,6.5
3.734223,698,1,subida,0.017088,0.017093,2.058067,2.041527,0.000731,15.096643,6.5,6.499,6.5
3.828821,699,1,subida,0.017090,0.017095,2.060001,2.041405,0.000732,15.096277,6.5,6.499,6.5
3.891132,700,1,subida,0.017096,0.017100,2.060085,2.043422,0.000733,15.093866,6.5,6.499,6.5
4.006792,701,1,subida,0.017106,0.017108,2.059683,2.042630,0.000732,15.100611,6.5,6.5,6.5
4.066949,702,1,subida,0.017100,0.017104,2.060061,2.042624,0.000732,15.101038,6.5,6.499,6.5
4.243540,703,1,subida,0.017099,0.017102,2.059310,2.044275,0.000733,15.103479,6.5,6.5,6.5
4.308016,704,1,subida,0.017100,0.017104,2.058872,2.041411,0.000731,15.095514,6.5,6.499,6.5
4.421190,705,1,subida,0.017098,0.017098,2.059364,2.041563,0.000732,15.093256,6.5,6.5,6.5
4.534611,706,1,subida,0.017124,0.017093,2.057480,2.041584,0.000731,15.095758,6.5,6.499,6.5
4.598042,707,1,subida,0.017119,0.017091,2.058032,2.039930,0.000731,15.091791,6.5,6.5,6.5
4.676939,708,1,subida,0.017093,0.017093,2.059680,2.041631,0.000731,15.091791,6.5,6.5,6.5
4.723842,709,1,subida,0.017095,0.017094,2.057948,2.042597,0.000731,15.092554,6.5,6.5,6.5
4.933221,710,1,subida,0.017114,0.017095,2.058720,2.040800,0.000732,15.091120,6.5,6.499,6.5
5.025841,711,1,subida,0.017110,0.017092,2.058905,2.041801,0.000732,15.095209,6.499,6.5,6.5
5.100597,712,1,subida,0.017106,0.017091,2.057915,2.040338,0.000731,15.098902,6.5,6.5,6.5
5.228106,713,1,subida,0.017097,0.017092,2.058806,2.041068,0.000731,15.101099,6.5,6.5,6.5
5.325609,714,1,subida,0.017097,0.017091,2.057543,2.041527,0.000731,15.092737,6.5,6.499,6.5
5.417201,715,1,subida,0.017100,0.017091,2.058666,2.040624,0.000731,15.096155,6.5,6.5,6.5
5.498041,716,1,subida,0.017105,0.017095,2.059924,2.042361,0.000732,15.092615,6.5,6.5,6.5
5.566952,717,1,subida,0.017106,0.017096,2.057623,2.042239,0.000732,15.092005,6.5,6.5,6.5
5.642786,718,1,subida,0.017097,0.017094,2.057623,2.040985,0.000731,15.096338,6.5,6.5,6.5
5.692325,719,1,subida,0.017096,0.017096,2.059629,2.040821,0.000732,15.102411,6.5,6.5,6.5
5.866530,720,1,subida,0.017094,0.017096,2.057388,2.040347,0.000731,15.099268,6.5,6.5,6.5
5.980579,721,1,subida,0.017115,0.017091,2.058446,2.040141,0.000731,15.095148,6.5,6.5,6.5
6.057131,722,1,subida,0.017085,0.017089,2.058210,2.041607,0.000731,15.095148,6.5,6.5,6.5
6.220723,723,1,subida,0.017159,0.017173,2.073773,2.055030,0.000741,15.095209,6.5,6.5,6.5
6.269430,724,1,subida,0.017221,0.017196,2.073773,2.055564,0.000742,15.101618,6.5,6.5,6.5
6.408972,725,1,subida,0.017253,0.017217,2.072936,2.056157,0.000742,15.092890,6.5,6.5,6.5
6.476682,726,1,subida,0.017215,0.017221,2.074339,2.056157,0.000742,15.097010,6.5,6.5,6.5
6.523332,727,1,subida,0.017217,0.017222,2.073812,2.057456,0.000742,15.096643,6.5,6.5,6.5
6.633214,728,1,subida,0.017218,0.017223,2.073654,2.056807,0.000742,15.096338,6.5,6.5,6.5
6.701036,729,1,subida,0.017221,0.017225,2.074044,2.056160,0.000742,15.092493,6.5,6.5,6.5
6.763632,730,1,subida,0.017260,0.017222,2.074044,2.055060,0.000741,15.094080,6.5,6.5,6.5
6.809376,731,1,subida,0.017218,0.017221,2.073857,2.056056,0.000742,15.094080,6.5,6.5,6.5
6.852656,732,1,subida,0.017257,0.017220,2.073022,2.056056,0.000742,15.101282,6.5,6.5,6.5
6.935638,733,1,subida,0.017256,0.017221,2.072512,2.056300,0.000742,15.096155,6.5,6.499,6.5
6.988371,734,1,subida,0.017256,0.017221,2.073812,2.055534,0.000742,15.094446,6.5,6.5,6.5
7.068023,735,1,subida,0.017252,0.017220,2.073469,2.056756,0.000742,15.104822,6.5,6.5,6.5
7.144345,736,1,subida,0.017219,0.017221,2.073469,2.056595,0.000742,15.095514,6.5,6.5,6.5
7.192734,737,1,subida,0.017223,0.017224,2.073859,2.056681,0.000742,15.099329,6.5,6.5,6.5
7.307030,738,1,subida,0.017225,0.017225,2.074471,2.057313,0.000742,15.094507,6.5,6.5,6.5
7.354492,739,1,subida,0.017251,0.017223,2.075904,2.057313,0.000742,15.098536,6.5,6.5,6.5
7.443593,740,1,subida,0.017224,0.017223,2.074381,2.056792,0.000742,15.094080,6.5,6.5,6.5
7.527707,741,1,subida,0.017226,0.017225,2.073684,2.056497,0.000742,15.092432,6.5,6.5,6.5
7.609123,742,1,subida,0.017228,0.017223,2.074730,2.057057,0.000743,15.100092,6.5,6.5,6.5
7.756420,743,1,subida,0.017239,0.017224,2.072495,2.054926,0.000741,15.094568,6.5,6.5,6.5
7.818665,744,1,subida,0.017244,0.017223,2.078744,2.056071,0.000744,15.093195,6.5,6.5,6.5
7.895833,745,1,subida,0.017241,0.017233,2.078744,2.057540,0.000742,15.093439,6.5,6.5,6.5
7.986631,746,1,subida,0.017230,0.017223,2.072015,2.055510,0.000742,15.090540,6.5,6.5,6.5
8.075456,747,1,subida,0.017225,0.017221,2.073061,2.055024,0.000741,15.093622,6.5,6.5,6.5
8.154045,748,1,subida,0.017222,0.017220,2.072968,2.055936,0.000741,15.094263,6.5,6.5,6.5
8.242682,749,1,subida,0.017217,0.017215,2.071529,2.054288,0.000741,15.093683,6.5,6.5,6.5
8.325933,750,1,subida,0.017206,0.017207,2.071976,2.053403,0.000740,15.096827,6.5,6.5,6.5
8.409443,751,1,subida,0.017203,0.017206,2.070787,2.054852,0.000741,15.095209,6.5,6.5,6.5
8.508511,752,1,subida,0.017201,0.017203,2.070420,2.053850,0.000740,15.095331,6.5,6.5,6.5
8.565542,753,1,subida,0.017226,0.017201,2.070727,2.052888,0.000740,15.095331,6.5,6.5,6.5
8.616120,754,1,subida,0.017225,0.017199,2.071797,2.053236,0.000740,15.095057,6.5,6.5,6.5
8.698887,755,1,subida,0.017229,0.017201,2.070724,2.054291,0.000741,15.095392,6.5,6.5,6.5
8.775778,756,1,subida,0.017196,0.017203,2.070724,2.054002,0.000740,15.096216,6.5,6.5,6.5
8.826600,757,1,subida,0.017198,0.017204,2.071705,2.053296,0.000740,15.095881,6.5,6.5,6.5
8.908453,758,1,subida,0.017199,0.017205,2.071753,2.055001,0.000741,15.092432,6.5,6.5,6.5
9.016000,759,1,subida,0.017200,0.017206,2.071392,2.054497,0.000740,15.092371,6.5,6.5,6.5
9.082511,760,1,subida,0.017196,0.017202,2.072432,2.053832,0.000740,15.099970,6.5,6.5,6.5
9.180142,761,1,subida,0.017199,0.017204,2.071842,2.055406,0.000741,15.096888,6.5,6.5,6.5
9.240923,762,1,subida,0.017202,0.017206,2.071604,2.054598,0.000740,15.097193,6.5,6.5,6.5
9.382671,763,1,subida,0.017242,0.017205,2.071872,2.052912,0.000740,15.094873,6.5,6.5,6.5
9.498949,764,1,subida,0.017201,0.017203,2.071565,2.054351,0.000740,15.094507,6.5,6.501,6.5
9.574931,765,1,subida,0.017131,0.017153,2.056500,2.038258,0.000730,15.100153,6.5,6.5,6.5
9.653961,766,1,subida,0.017141,0.017101,2.056500,2.037963,0.000730,15.094507,6.5,6.5,6.5
9.786920,767,1,subida,0.017108,0.017080,2.055728,2.039313,0.000730,15.103357,6.5,6.5,6.5
9.865618,768,1,subida,0.017080,0.017080,2.055725,2.039313,0.000730,15.094507,6.5,6.5,6.5
9.913793,769,1,subida,0.017077,0.017077,2.056291,2.038299,0.000730,15.090693,6.5,6.5,6.5
10.007407,770,1,subida,0.017139,0.017134,2.069955,2.053448,0.000731,15.098413,6.5,6.5,6.5
10.165676,771,1,subida,0.017088,0.017089,2.056375,2.038809,0.000730,15.097895,6.5,6.5,6.5
10.275373,772,1,subida,0.017091,0.017085,2.056985,2.039915,0.000730,15.097284,6.5,6.5,6.5
10.325908,773,1,subida,0.017096,0.017081,2.055844,2.039250,0.000730,15.097284,6.5,6.5,6.5
10.379021,774,1,subida,0.017091,0.017080,2.055451,2.039098,0.000730,15.091852,6.5,6.5,6.5
10.458778,775,1,subida,0.017089,0.017080,2.057072,2.038842,0.000731,15.094873,6.5,6.5,6.5
10.583074,776,1,subida,0.017142,0.017118,2.069294,2.054357,0.000740,15.099146,6.5,6.5,6.5
10.665723,777,1,subida,0.017189,0.017172,2.070820,2.052211,0.000740,15.090540,6.5,6.5,6.5
10.742652,778,1,subida,0.017187,0.017188,2.071118,2.052211,0.000740,15.098078,6.5,6.5,6.5
10.775774,779,1,subida,0.017204,0.017190,2.071118,2.053665,0.000740,15.090174,6.5,6.5,6.5
10.820071,780,1,subida,0.017193,0.017192,2.070245,2.053600,0.000739,15.090174,6.5,6.5,6.5
10.899121,781,1,subida,0.017193,0.017194,2.069446,2.053355,0.000740,15.093897,6.5,6.5,6.5
10.965680,782,1,subida,0.017193,0.017196,2.072077,2.051728,0.000740,15.100428,6.5,6.5,6.5
11.065407,783,1,subida,0.017197,0.017200,2.071201,2.054646,0.000740,15.094446,6.5,6.5,6.5
11.108872,784,1,subida,0.017226,0.017200,2.070620,2.054646,0.000741,15.096704,6.5,6.5,6.5
11.158214,785,1,subida,0.017197,0.017196,2.070620,2.053773,0.000735,15.100275,6.5,6.5,6.5
11.192321,786,1,subida,0.017188,0.017149,2.056056,2.038800,0.000730,15.100275,6.5,6.5,6.5
11.242674,787,1,subida,0.017118,0.017115,2.057963,2.038800,0.000730,15.100489,6.5,6.5,6.5
11.365720,788,1,subida,0.017122,0.017088,2.055883,2.040910,0.000731,15.100214,6.5,6.5,6.5
11.432242,789,1,subida,0.017115,0.017081,2.055328,2.038162,0.000730,15.092432,6.5,6.5,6.5
11.526476,790,1,subida,0.017070,0.017075,2.057829,2.040713,0.000731,15.095148,6.5,6.5,6.5
11.625756,791,1,subida,0.017079,0.017082,2.057483,2.041119,0.000731,15.096643,6.5,6.5,6.5
11.758854,792,1,subida,0.017130,0.017092,2.058553,2.040457,0.000731,15.093683,6.5,6.5,6.5
11.848561,793,1,subida,0.017130,0.017094,2.058920,2.041959,0.000732,15.099207,6.5,6.5,6.5
11.958442,794,1,subida,0.017096,0.017097,2.058997,2.041730,0.000732,15.097589,6.5,6.5,6.5
12.031136,795,1,subida,0.017131,0.017098,2.058997,2.040633,0.000732,15.097528,6.5,6.5,6.5
12.074273,796,1,subida,0.017096,0.017096,2.059534,2.042478,0.000732,15.097528,6.5,6.5,6.5
12.181594,797,1,subida,0.017122,0.017095,2.054998,2.039047,0.000730,15.101343,6.5,6.5,6.5
12.327270,798,1,subida,0.017090,0.017091,2.060061,2.041909,0.000732,15.094873,6.5,6.5,6.5
12.393358,799,1,subida,0.017101,0.017099,2.060121,2.042594,0.000732,15.095636,6.5,6.5,6.5
12.455483,800,1,subida,0.017119,0.017097,2.057877,2.041551,0.000732,15.095636,6.5,6.5,6.5
12.501129,801,1,subida,0.017098,0.017095,2.056705,2.041551,0.000731,15.095331,6.5,6.5,6.5
12.583379,802,1,subida,0.017092,0.017087,2.058496,2.039575,0.000730,15.094263,6.5,6.5,6.5
12.628118,803,1,subida,0.017089,0.017086,2.057552,2.040689,0.000730,15.096643,6.5,6.5,6.5
12.887565,804,1,subida,0.017096,0.017089,2.058297,2.040731,0.000731,15.091425,6.5,6.5,6.5
12.969344,805,1,subida,0.017097,0.017088,2.057072,2.041146,0.000731,15.100855,6.5,6.5,6.5
13.041813,806,1,subida,0.017092,0.017088,2.057072,2.039977,0.000731,15.096704,6.5,6.499,6.5
13.099227,807,1,subida,0.017088,0.017085,2.057868,2.039086,0.000731,15.099909,6.5,6.5,6.5
13.172908,808,1,subida,0.017085,0.017084,2.057266,2.040511,0.000730,15.092127,6.5,6.5,6.5
13.253799,809,1,subida,0.017100,0.017083,2.055817,2.040511,0.000731,15.096827,6.5,6.499,6.5
13.284449,810,1,subida,0.017082,0.017083,2.055817,2.039649,0.000731,15.092554,6.5,6.5,6.5
13.331558,811,1,subida,0.017100,0.017080,2.056401,2.038279,0.000730,15.092554,6.5,6.5,6.5
13.397806,812,1,subida,0.017100,0.017078,2.057418,2.039432,0.000730,15.095942,6.5,6.5,6.5
13.463865,813,1,subida,0.017103,0.017079,2.056500,2.040371,0.000731,15.099085,6.5,6.5,6.5
13.731240,814,1,subida,0.017101,0.017070,2.054959,2.038091,0.000730,15.097773,6.5,6.5,6.5
13.797408,815,1,subida,0.017062,0.017069,2.054959,2.038487,0.000729,15.099329,6.5,6.499,6.5
13.877671,816,1,subida,0.017116,0.017138,2.071052,2.052843,0.000740,15.093500,6.5,6.5,6.5
13.927000,817,1,subida,0.017166,0.017165,2.070802,2.053901,0.000740,15.101679,6.5,6.5,6.5
14.003000,818,1,subida,0.017217,0.017183,2.069657,2.053901,0.000740,15.098475,6.5,6.5,6.5
14.052286,819,1,subida,0.017198,0.017184,2.056082,2.039986,0.000731,15.099146,6.5,6.5,6.5
14.135919,820,1,subida,0.017137,0.017108,2.056652,2.037840,0.000730,15.103296,6.5,6.5,6.5
14.319647,821,1,subida,0.017110,0.017075,2.054440,2.038359,0.000730,15.089106,6.5,6.499,6.5
14.387945,822,1,subida,0.017105,0.017071,2.055603,2.037915,0.000729,15.091852,6.5,6.5,6.5
14.468085,823,1,subida,0.017104,0.017071,2.056062,2.039664,0.000730,15.095209,6.5,6.5,6.5
14.548044,824,1,subida,0.017071,0.017071,2.056062,2.039485,0.000729,15.091608,6.5,6.5,6.5
14.597813,825,1,subida,0.017069,0.017069,2.054986,2.038881,0.000729,15.100214,6.5,6.499,6.5
14.678155,826,1,subida,0.017069,0.017070,2.055790,2.037870,0.000729,15.094690,6.5,6.5,6.5
14.756055,827,1,subida,0.017093,0.017068,2.055117,2.037870,0.000730,15.094995,6.5,6.499,6.5
14.821614,828,1,subida,0.017089,0.017068,2.054873,2.039560,0.000730,15.095453,6.5,6.499,6.5
14.908184,829,1,subida,0.017093,0.017074,2.055713,2.038398,0.000730,15.096949,6.499,6.5,6.5
15.003648,830,1,subida,0.017090,0.017074,2.056228,2.038356,0.000730,15.103052,6.5,6.499,6.5
15.050366,831,1,subida,0.017077,0.017075,2.056228,2.039518,0.000730,15.093012,6.5,6.5,6.5
15.243370,832,1,subida,0.017080,0.017071,2.056375,2.037939,0.000730,15.095697,6.5,6.5,6.5
15.430314,833,1,subida,0.017082,0.017071,2.055847,2.037426,0.000730,15.095392,6.5,6.5,6.5
15.512685,834,1,subida,0.017082,0.017068,2.055731,2.038085,0.000729,15.098200,6.5,6.5,6.5
15.643895,835,1,subida,0.017066,0.017066,2.054867,2.038046,0.000730,15.097284,6.5,6.5,6.5
15.846681,836,1,subida,0.017063,0.017068,2.055346,2.039623,0.000729,15.097071,6.5,6.5,6.5
15.913699,837,1,subida,0.017066,0.017071,2.055206,2.038609,0.000730,15.098780,6.5,6.5,6.5
15.978112,838,1,subida,0.017067,0.017073,2.056750,2.038594,0.000730,15.094385,6.5,6.5,6.5
16.102860,839,1,subida,0.017101,0.017069,2.054372,2.039030,0.000729,15.092127,6.5,6.5,6.5
16.263569,840,1,subida,0.017060,0.017068,2.056461,2.037322,0.000730,15.100916,6.5,6.5,6.5
16.313673,841,1,subida,0.017061,0.017066,2.055564,2.038678,0.000729,15.094934,6.5,6.5,6.5
16.394046,842,1,subida,0.017064,0.017069,2.055600,2.037796,0.000730,15.095881,6.5,6.5,6.5
16.486315,843,1,subida,0.017064,0.017069,2.055981,2.037808,0.000729,15.098719,6.5,6.5,6.5
16.664993,844,1,subida,0.017075,0.017077,2.056187,2.039593,0.000730,15.092554,6.5,6.5,6.5
16.746581,845,1,subida,0.017075,0.017077,2.055707,2.038070,0.000729,15.092615,6.5,6.5,6.5
16.803068,846,1,subida,0.017108,0.017073,2.055707,2.036922,0.000729,15.102625,6.5,6.5,6.5
16.923054,847,1,subida,0.017065,0.017066,2.054521,2.038308,0.000729,15.097589,6.5,6.5,6.5
17.064842,848,1,subida,0.017066,0.017067,2.055990,2.037763,0.000729,15.092127,6.5,6.5,6.5
17.147041,849,1,subida,0.017068,0.017067,2.055525,2.038860,0.000729,15.098352,6.5,6.5,6.5
17.221544,850,1,subida,0.017090,0.017068,2.054434,2.038153,0.000729,15.098352,6.5,6.5,6.5
17.271004,851,1,subida,0.017087,0.017069,2.054863,2.037447,0.000730,15.089594,6.5,6.5,6.5
17.513057,852,1,subida,0.017073,0.017070,2.054533,2.038368,0.000729,15.102747,6.5,6.5,6.5
17.559222,853,1,subida,0.017081,0.017069,2.054533,2.037352,0.000729,15.095636,6.5,6.5,6.5
17.632634,854,1,subida,0.017085,0.017076,2.056565,2.040007,0.000730,15.105677,6.5,6.5,6.5
17.687976,855,1,subida,0.017087,0.017080,2.056699,2.040496,0.000731,15.095392,6.5,6.5,6.5
17.767940,856,1,subida,0.017090,0.017081,2.055227,2.040496,0.000730,15.095057,6.5,6.5,6.5
17.817865,857,1,subida,0.017086,0.017077,2.055516,2.037322,0.000729,15.093256,6.5,6.5,6.5
17.891204,858,1,subida,0.017076,0.017073,2.056491,2.037322,0.000730,15.099146,6.5,6.5,6.5
18.133274,859,1,subida,0.017066,0.017068,2.056619,2.036610,0.000730,15.096766,6.5,6.5,6.5
18.278148,860,1,subida,0.017067,0.017071,2.055027,2.038174,0.000729,15.091852,6.5,6.5,6.5
18.378099,861,1,subida,0.017064,0.017069,2.056226,2.037569,0.000729,15.095881,6.5,6.5,6.5
18.506192,862,1,subida,0.017105,0.017076,2.055397,2.039709,0.000731,15.097467,6.5,6.5,6.5
18.597710,863,1,subida,0.017110,0.017075,2.055713,2.038243,0.000730,15.094141,6.5,6.5,6.5
18.678485,864,1,subida,0.017108,0.017072,2.056336,2.038216,0.000730,15.097895,6.5,6.5,6.5
18.725657,865,1,subida,0.017067,0.017071,2.055173,2.042183,0.000730,15.097895,6.5,6.5,6.5
18.772690,866,1,subida,0.017111,0.017075,2.055418,2.042183,0.000730,15.100428,6.5,6.5,6.5
18.807435,867,1,subida,0.017069,0.017074,2.055418,2.038779,0.000729,15.094141,6.5,6.5,6.5
18.853332,868,1,subida,0.017111,0.017075,2.055171,2.038591,0.000730,15.094141,6.5,6.5,6.5
19.062175,869,1,subida,0.017193,0.017200,2.071925,2.055334,0.000741,15.092890,6.5,6.5,6.5
19.110002,870,1,subida,0.017201,0.017202,2.072453,2.055001,0.000741,15.091944,6.5,6.5,6.5
19.193918,871,1,subida,0.017207,0.017209,2.073365,2.055376,0.000741,15.095331,6.5,6.5,6.5
19.270499,872,1,subida,0.017244,0.017211,2.072101,2.055376,0.000741,15.096003,6.5,6.5,6.5
19.413252,873,1,subida,0.017236,0.017208,2.071749,2.053299,0.000741,15.099482,6.5,6.5,6.5
19.497284,874,1,subida,0.017233,0.017206,2.071416,2.054461,0.000741,15.089533,6.5,6.5,6.5
19.559994,875,1,subida,0.017206,0.017206,2.071416,2.055299,0.000740,15.096460,6.5,6.5,6.5
19.641689,876,1,subida,0.017204,0.017204,2.071594,2.054789,0.000740,15.098658,6.5,6.5,6.5
19.688417,877,1,subida,0.017227,0.017206,2.071594,2.054077,0.000741,15.095453,6.5,6.5,6.5
19.735910,878,1,subida,0.017208,0.017207,2.072396,2.054008,0.000740,15.095453,6.5,6.5,6.5
19.782253,879,1,subida,0.017210,0.017207,2.072396,2.055564,0.000740,15.090296,6.5,6.5,6.5
19.863422,880,1,subida,0.017210,0.017208,2.071413,2.054333,0.000741,15.093561,6.5,6.5,6.5
19.941869,881,1,subida,0.017221,0.017207,2.071413,2.053528,0.000740,15.094141,6.5,6.5,6.5
0.072317,883,1,subida,0.018256,0.018233,2.066701,2.048858,0.000737,15.088465,6.8,6.8,6.8
0.117963,884,1,subida,0.018231,0.018229,2.066191,2.048858,0.000736,15.091852,6.8,6.8,6.8
0.291782,885,1,subida,0.018229,0.018225,2.067002,2.049481,0.000737,15.096582,6.8,6.799,6.8
0.340982,886,1,subida,0.018227,0.018224,2.066287,2.048098,0.000737,15.099970,6.8,6.8,6.8
0.416894,887,1,subida,0.018236,0.018224,2.066287,2.047723,0.000737,15.099543,6.8,6.8,6.8
0.447536,888,1,subida,0.018230,0.018224,2.067211,2.047791,0.000737,15.099543,6.8,6.8,6.8
0.498928,889,1,subida,0.018233,0.018224,2.066808,2.047791,0.000737,15.097223,6.8,6.8,6.8
0.560327,890,1,subida,0.018227,0.018219,2.065965,2.049243,0.000737,15.099024,6.8,6.8,6.8
0.641353,891,1,subida,0.018228,0.018223,2.065473,2.047937,0.000737,15.095636,6.8,6.8,6.8
0.704179,892,1,subida,0.018236,0.018225,2.067455,2.047291,0.000737,15.095636,6.8,6.8,6.8
0.801651,893,1,subida,0.018228,0.018227,2.066883,2.049731,0.000737,15.091608,6.8,6.799,6.8
0.881459,894,1,subida,0.018225,0.018226,2.065616,2.048420,0.000737,15.101038,6.8,6.8,6.8
1.025625,895,1,subida,0.018247,0.018224,2.068042,2.048414,0.000737,15.100153,6.8,6.8,6.8
1.090860,896,1,subida,0.018248,0.018225,2.065926,2.049592,0.000737,15.095209,6.8,6.8,6.8
1.169462,897,1,subida,0.018219,0.018223,2.065926,2.047911,0.000737,15.090784,6.8,6.8,6.8
1.297210,898,1,subida,0.018217,0.018223,2.066591,2.049141,0.000737,15.097284,6.8,6.8,6.8
1.377217,899,1,subida,0.018256,0.018223,2.066159,2.049141,0.000737,15.096125,6.8,6.8,6.8
1.490828,900,1,subida,0.018216,0.018222,2.067169,2.047344,0.000737,15.095453,6.8,6.8,6.8
1.586198,901,1,subida,0.018214,0.018221,2.066829,2.048948,0.000736,15.097071,6.8,6.8,6.8
1.651615,902,1,subida,0.018219,0.018223,2.066913,2.048975,0.000737,15.093744,6.8,6.8,6.8
1.776989,903,1,subida,0.018272,0.018234,2.069380,2.049034,0.000738,15.100672,6.8,6.8,6.8
1.840210,904,1,subida,0.018275,0.018237,2.068385,2.051225,0.000738,15.087854,6.8,6.8,6.8
1.920148,905,1,subida,0.018237,0.018240,2.068385,2.050930,0.000738,15.088526,6.8,6.8,6.8
1.955726,906,1,subida,0.018276,0.018241,2.067819,2.050244,0.000738,15.088526,6.8,6.8,6.8
2.003346,907,1,subida,0.018240,0.018242,2.069249,2.050244,0.000738,15.096521,6.8,6.8,6.8
2.175062,908,1,subida,0.018280,0.018251,2.069559,2.051541,0.000739,15.096003,6.8,6.8,6.8
2.260812,909,1,subida,0.018281,0.018253,2.070003,2.051692,0.000740,15.093866,6.8,6.8,6.8
2.336515,910,1,subida,0.018255,0.018255,2.070930,2.051853,0.000739,15.093866,6.8,6.8,6.8
2.383388,911,1,subida,0.018281,0.018256,2.070712,2.051853,0.000740,15.102808,6.8,6.8,6.8
2.451556,912,1,subida,0.018276,0.018254,2.069371,2.052056,0.000739,15.096338,6.8,6.8,6.8
2.510014,913,1,subida,0.018274,0.018255,2.069842,2.051582,0.000739,15.099421,6.8,6.8,6.8
2.594128,914,1,subida,0.018273,0.018256,2.070793,2.052000,0.000739,15.099360,6.8,6.8,6.8
2.690546,915,1,subida,0.018272,0.018258,2.070623,2.052420,0.000740,15.096399,6.8,6.8,6.8
2.753835,916,1,subida,0.018263,0.018259,2.070328,2.052420,0.000739,15.100336,6.8,6.8,6.8
2.800424,917,1,subida,0.018272,0.018261,2.070328,2.052420,0.000740,15.091883,6.8,6.8,6.8
2.887281,918,1,subida,0.018261,0.018254,2.069330,2.051988,0.000738,15.094202,6.8,6.8,6.8
2.991361,919,1,subida,0.018258,0.018249,2.068590,2.050885,0.000738,15.097712,6.8,6.8,6.8
3.059418,920,1,subida,0.018255,0.018244,2.069306,2.049636,0.000738,15.096003,6.8,6.8,6.8
3.151732,921,1,subida,0.018255,0.018240,2.068829,2.050349,0.000737,15.095942,6.8,6.8,6.8
3.231447,922,1,subida,0.018255,0.018239,2.066478,2.050423,0.000738,15.095819,6.8,6.8,6.8
3.490208,923,1,subida,0.018139,0.018112,2.053344,2.035778,0.000728,15.099848,6.8,6.8,6.8
3.553139,924,1,subida,0.018106,0.018109,2.053344,2.035534,0.000728,15.088678,6.8,6.8,6.8
3.790041,925,1,subida,0.018105,0.018110,2.053555,2.035644,0.000728,15.090296,6.8,6.8,6.8
3.839851,926,1,subida,0.018145,0.018109,2.052685,2.035337,0.000728,15.090296,6.8,6.8,6.8
3.890701,927,1,subida,0.018146,0.018109,2.054559,2.034816,0.000728,15.098291,6.8,6.8,6.8
3.986965,928,1,subida,0.018145,0.018108,2.067541,2.035671,0.000737,15.090998,6.8,6.801,6.8
4.049494,929,1,subida,0.018143,0.018164,2.067541,2.049934,0.000737,15.091730,6.8,6.8,6.8
4.107811,930,1,subida,0.018160,0.018162,2.068337,2.034425,0.000738,15.094263,6.8,6.8,6.8
4.257242,931,1,subida,0.018263,0.018229,2.067601,2.050286,0.000738,15.093134,6.8,6.8,6.8
4.304436,932,1,subida,0.018229,0.018208,2.067601,2.049577,0.000727,15.090418,6.8,6.8,6.8
4.397769,933,1,subida,0.018161,0.018133,2.053710,2.034252,0.000728,15.095636,6.8,6.8,6.8
4.477808,934,1,subida,0.018142,0.018113,2.053263,2.034708,0.000728,15.099024,6.8,6.8,6.8
4.607806,935,1,subida,0.018108,0.018107,2.053993,2.035584,0.000728,15.100397,6.8,6.8,6.8
4.701508,936,1,subida,0.018110,0.018109,2.054333,2.034810,0.000728,15.094202,6.8,6.8,6.8
4.762902,937,1,subida,0.018130,0.018108,2.053680,2.034810,0.000728,15.097895,6.8,6.8,6.8
5.023971,938,1,subida,0.018107,0.018104,2.053376,2.035242,0.000727,15.094812,6.8,6.8,6.8
5.170947,939,1,subida,0.018113,0.018105,2.052590,2.034804,0.000728,15.098658,6.8,6.8,6.8
5.232751,940,1,subida,0.018111,0.018105,2.053245,2.033993,0.000727,15.098139,6.8,6.8,6.8
5.376472,941,1,subida,0.018118,0.018106,2.051976,2.035841,0.000727,15.096064,6.8,6.8,6.8
5.439521,942,1,subida,0.018122,0.018107,2.053627,2.034732,0.000728,15.097467,6.8,6.8,6.8
5.762638,943,1,subida,0.018106,0.018109,2.053934,2.034708,0.000728,15.099207,6.8,6.8,6.8
5.806140,944,1,subida,0.018135,0.018108,2.053934,2.035456,0.000728,15.096766,6.8,6.8,6.8
5.854001,945,1,subida,0.018102,0.018107,2.052888,2.036306,0.000728,15.096766,6.8,6.8,6.8
6.018131,946,1,subida,0.018109,0.018115,2.055439,2.035429,0.000728,15.105188,6.8,6.8,6.8
6.065998,947,1,subida,0.018110,0.018115,2.055507,2.037164,0.000728,15.093561,6.8,6.8,6.8
6.241695,948,1,subida,0.018117,0.018122,2.055641,2.036812,0.000730,15.096338,6.8,6.8,6.8
6.369228,949,1,subida,0.018161,0.018123,2.054974,2.037894,0.000729,15.096766,6.8,6.8,6.8
6.448670,950,1,subida,0.018159,0.018123,2.055057,2.036344,0.000729,15.098780,6.8,6.799,6.8
6.544783,951,1,subida,0.018155,0.018119,2.055391,2.036314,0.000729,15.093500,6.8,6.8,6.8
6.625056,952,1,subida,0.018156,0.018123,2.054911,2.037247,0.000728,15.096277,6.8,6.8,6.8
6.687461,953,1,subida,0.018155,0.018124,2.054703,2.037361,0.000729,15.091608,6.8,6.8,6.8
6.800137,954,1,subida,0.018154,0.018125,2.055302,2.036550,0.000730,15.087915,6.8,6.8,6.8
6.862323,955,1,subida,0.018151,0.018125,2.055635,2.036797,0.000729,15.095758,6.8,6.8,6.8
6.977456,956,1,subida,0.018148,0.018124,2.054697,2.038037,0.000729,15.100550,6.799,6.8,6.8
7.022786,957,1,subida,0.018127,0.018127,2.055206,2.038037,0.000729,15.092554,6.8,6.8,6.8
7.069547,958,1,subida,0.018122,0.018120,2.055612,2.036744,0.000729,15.103174,6.8,6.799,6.8
7.153795,959,1,subida,0.018126,0.018124,2.055728,2.037969,0.000729,15.093378,6.8,6.8,6.8
7.230553,960,1,subida,0.018140,0.018125,2.055036,2.037966,0.000729,15.093378,6.8,6.8,6.8
7.307294,961,1,subida,0.018139,0.018126,2.054887,2.037411,0.000729,15.099146,6.8,6.8,6.8
7.389378,962,1,subida,0.018142,0.018138,2.056205,2.036320,0.000729,15.091120,6.8,6.8,6.8
7.436728,963,1,subida,0.018141,0.018135,2.056205,2.038344,0.000730,15.096643,6.8,6.8,6.8
7.521702,964,1,subida,0.018137,0.018128,2.055182,2.037668,0.000729,15.101618,6.8,6.799,6.8
7.568118,965,1,subida,0.018132,0.018126,2.055182,2.036824,0.000729,15.099024,6.8,6.8,6.8
7.628290,966,1,subida,0.018130,0.018127,2.056047,2.036520,0.000729,15.098261,6.8,6.8,6.8
7.711525,967,1,subida,0.018128,0.018127,2.055626,2.038109,0.000729,15.096643,6.8,6.8,6.8
7.776512,968,1,subida,0.018141,0.018127,2.054557,2.038109,0.000729,15.094751,6.8,6.8,6.8
7.806699,969,1,subida,0.018126,0.018126,2.054557,2.037411,0.000730,15.093500,6.8,6.8,6.8
7.868960,970,1,subida,0.018127,0.018128,2.062055,2.036896,0.000734,15.091730,6.8,6.8,6.8
7.952694,971,1,subida,0.018265,0.018248,2.082475,2.064972,0.000747,15.096155,6.8,6.8,6.8
8.045955,972,1,subida,0.018334,0.018337,2.082842,2.065056,0.000748,15.093012,6.8,6.8,6.8
8.160616,973,1,subida,0.018407,0.018374,2.085166,2.066132,0.000749,15.096949,6.8,6.8,6.8
8.236132,974,1,subida,0.018374,0.018380,2.084368,2.066427,0.000749,15.096949,6.8,6.8,6.8
8.274870,975,1,subida,0.018413,0.018381,2.083632,2.066427,0.000749,15.095514,6.8,6.8,6.8
8.320956,976,1,subida,0.018375,0.018381,2.083632,2.065989,0.000749,15.098536,6.8,6.8,6.8
8.370322,977,1,subida,0.018378,0.018383,2.085846,2.065747,0.000749,15.101801,6.8,6.8,6.8
8.445405,978,1,subida,0.018421,0.018385,2.085846,2.065545,0.000749,15.097956,6.8,6.8,6.8
8.491753,979,1,subida,0.018421,0.018384,2.083679,2.066647,0.000749,15.101984,6.8,6.8,6.8
8.570889,980,1,subida,0.018411,0.018372,2.082362,2.064630,0.000748,15.098200,6.8,6.8,6.8
8.752094,981,1,subida,0.018408,0.018372,2.082603,2.065062,0.000748,15.096155,6.8,6.8,6.8
8.939584,982,1,subida,0.018405,0.018371,2.083310,2.063405,0.000748,15.092890,6.8,6.799,6.8
9.103989,983,1,subida,0.018400,0.018370,2.082162,2.064704,0.000748,15.090296,6.8,6.799,6.8
9.214261,984,1,subida,0.018373,0.018371,2.083757,2.064841,0.000748,15.096827,6.8,6.8,6.8
9.312164,985,1,subida,0.018374,0.018373,2.083572,2.065461,0.000748,15.099268,6.8,6.8,6.8
9.358657,986,1,subida,0.018395,0.018372,2.082410,2.064743,0.000748,15.099268,6.8,6.8,6.8
9.422391,987,1,subida,0.018392,0.018371,2.082329,2.063771,0.000748,15.095881,6.8,6.8,6.8
9.486806,988,1,subida,0.018373,0.018370,2.083539,2.064320,0.000748,15.095881,6.8,6.8,6.8
9.533775,989,1,subida,0.018387,0.018369,2.083647,2.064320,0.000748,15.096521,6.8,6.8,6.8
9.597430,990,1,subida,0.018384,0.018369,2.082601,2.064886,0.000748,15.094324,6.8,6.8,6.8
9.678389,991,1,subida,0.018382,0.018369,2.082073,2.063816,0.000748,15.093500,6.8,6.8,6.8
9.774501,992,1,subida,0.018379,0.018369,2.083700,2.063521,0.000748,15.093683,6.8,6.8,6.8
9.821764,993,1,subida,0.018377,0.018369,2.083700,2.064639,0.000748,15.093439,6.8,6.8,6.8
9.870598,994,1,subida,0.018377,0.018369,2.082171,2.065139,0.000748,15.098200,6.8,6.8,6.8
10.109941,995,1,subida,0.018370,0.018369,2.083068,2.065130,0.000748,15.096643,6.8,6.8,6.8
10.428296,996,1,subida,0.018368,0.018371,2.081876,2.064868,0.000748,15.097956,6.8,6.8,6.8
10.607287,997,1,subida,0.018361,0.018366,2.082702,2.065071,0.000747,15.096460,6.8,6.8,6.8
10.671666,998,1,subida,0.018363,0.018367,2.081966,2.064505,0.000748,15.098597,6.8,6.8,6.8
10.783085,999,1,subida,0.018362,0.018367,2.083325,2.063792,0.000747,15.093622,6.8,6.8,6.8
10.841975,1000,1,subida,0.018363,0.018368,2.083155,2.064773,0.000747,15.098352,6.8,6.799,6.8
10.957132,1001,1,subida,0.018407,0.018370,2.082162,2.064680,0.000748,15.092249,6.8,6.8,6.8
11.037241,1002,1,subida,0.018367,0.018372,2.084365,2.064680,0.000748,15.099329,6.8,6.8,6.8
11.277143,1003,1,subida,0.018366,0.018368,2.083071,2.063822,0.000748,15.098658,6.8,6.8,6.8
11.421412,1004,1,subida,0.018369,0.018370,2.082842,2.065139,0.000748,15.094629,6.8,6.8,6.8
11.499591,1005,1,subida,0.018371,0.018371,2.083492,2.064707,0.000748,15.098413,6.8,6.8,6.8
11.615106,1006,1,subida,0.018370,0.018370,2.083906,2.064910,0.000748,15.098719,6.8,6.799,6.8
11.801715,1007,1,subida,0.018397,0.018373,2.082875,2.064496,0.000749,15.092737,6.8,6.8,6.8
12.060871,1008,1,subida,0.018386,0.018370,2.082460,2.064054,0.000748,15.109827,6.8,6.8,6.8
12.121270,1009,1,subida,0.018372,0.018369,2.083533,2.063977,0.000748,15.109827,6.8,6.8,6.8
12.222512,1010,1,subida,0.018385,0.018373,2.083799,2.067142,0.000749,15.099726,6.8,6.8,6.8
12.330781,1011,1,subida,0.018384,0.018375,2.082586,2.064376,0.000748,15.093195,6.8,6.8,6.8
12.380013,1012,1,subida,0.018379,0.018372,2.083050,2.063506,0.000747,15.102930,6.8,6.8,6.8
12.538578,1013,1,subida,0.018381,0.018371,2.081769,2.064901,0.000748,15.099604,6.8,6.8,6.8
12.585117,1014,1,subida,0.018371,0.018366,2.081769,2.064213,0.000748,15.103632,6.8,6.8,6.8
12.654606,1015,1,subida,0.018368,0.018366,2.083739,2.062964,0.000748,15.094629,6.8,6.8,6.8
12.747281,1016,1,subida,0.018385,0.018368,2.082225,2.064832,0.000748,15.100733,6.8,6.8,6.8
12.829363,1017,1,subida,0.018367,0.018369,2.082225,2.064353,0.000748,15.096766,6.8,6.799,6.8
12.921259,1018,1,subida,0.018369,0.018372,2.084314,2.063700,0.000748,15.102930,6.8,6.8,6.8
13.005618,1019,1,subida,0.018368,0.018370,2.082767,2.065092,0.000748,15.095392,6.8,6.8,6.8
13.272936,1020,1,subida,0.018405,0.018372,2.082779,2.065852,0.000748,15.100977,6.8,6.8,6.8
13.336238,1021,1,subida,0.018367,0.018372,2.082779,2.064701,0.000748,15.096888,6.8,6.8,6.8
13.422042,1022,1,subida,0.018366,0.018371,2.083447,2.064096,0.000748,15.096949,6.8,6.801,6.8
13.565028,1023,1,subida,0.018361,0.018365,2.082481,2.064698,0.000748,15.102991,6.8,6.8,6.8
13.641167,1024,1,subida,0.018363,0.018367,2.083602,2.064081,0.000748,15.099421,6.8,6.8,6.8
13.723139,1025,1,subida,0.018368,0.018370,2.083739,2.065279,0.000747,15.103937,6.8,6.8,6.8
13.816993,1026,1,subida,0.018369,0.018371,2.083048,2.064958,0.000747,15.091944,6.8,6.8,6.8
13.882429,1027,1,subida,0.018407,0.018370,2.082031,2.064651,0.000748,15.091944,6.8,6.8,6.8
14.040387,1028,1,subida,0.018405,0.018371,2.082511,2.064701,0.000748,15.097712,6.8,6.8,6.8
14.141380,1029,1,subida,0.018370,0.018371,2.084201,2.065080,0.000749,15.096949,6.8,6.8,6.8
14.214594,1030,1,subida,0.018408,0.018379,2.084201,2.065711,0.000749,15.095514,6.8,6.8,6.8
14.265570,1031,1,subida,0.018406,0.018379,2.082887,2.064785,0.000748,15.102045,6.8,6.8,6.8
14.364413,1032,1,subida,0.018399,0.018373,2.082386,2.065241,0.000748,15.093317,6.8,6.8,6.8
14.490379,1033,1,subida,0.018390,0.018389,2.090728,2.071466,0.000753,15.095758,6.8,6.8,6.8
14.552340,1034,1,subida,0.018430,0.018414,2.090066,2.071466,0.000753,15.096827,6.8,6.799,6.8
14.599470,1035,1,subida,0.018446,0.018423,2.090117,2.072867,0.000754,15.096216,6.8,6.8,6.8
14.684942,1036,1,subida,0.018454,0.018437,2.089702,2.071347,0.000753,15.090418,6.8,6.8,6.8
14.760993,1037,1,subida,0.018439,0.018435,2.090757,2.071300,0.000752,15.090418,6.8,6.8,6.8
14.907430,1038,1,subida,0.018441,0.018437,2.089843,2.072659,0.000753,15.096888,6.8,6.8,6.8
14.969836,1039,1,subida,0.018447,0.018436,2.089843,2.071478,0.000753,15.093195,6.8,6.8,6.8
15.016512,1040,1,subida,0.018444,0.018435,2.090203,2.070939,0.000753,15.104364,6.8,6.8,6.8
15.096849,1041,1,subida,0.018437,0.018431,2.089494,2.071839,0.000753,15.095209,6.8,6.8,6.8
15.244345,1042,1,subida,0.018445,0.018433,2.090191,2.070662,0.000753,15.099604,6.8,6.799,6.8
15.324270,1043,1,subida,0.018447,0.018433,2.090737,2.071431,0.000753,15.097773,6.8,6.8,6.8
15.386148,1044,1,subida,0.018435,0.018434,2.090427,2.072694,0.000753,15.097773,6.8,6.8,6.8
15.432882,1045,1,subida,0.018436,0.018436,2.089869,2.071848,0.000753,15.093195,6.8,6.8,6.8
15.512385,1046,1,subida,0.018456,0.018436,2.090614,2.071416,0.000753,15.093195,6.8,6.8,6.8
15.576814,1047,1,subida,0.018458,0.018434,2.091011,2.072280,0.000753,15.092493,6.8,6.8,6.8
15.689895,1048,1,subida,0.018439,0.018442,2.090850,2.073251,0.000754,15.095819,6.8,6.8,6.8
15.767808,1049,1,subida,0.018444,0.018448,2.092733,2.072763,0.000754,15.092554,6.8,6.8,6.8
16.009479,1050,1,subida,0.018480,0.018443,2.090147,2.071764,0.000753,15.091242,6.8,6.8,6.8
16.106401,1051,1,subida,0.018433,0.018438,2.091255,2.073064,0.000753,15.095636,6.8,6.8,6.8
16.182735,1052,1,subida,0.018477,0.018440,2.090769,2.073064,0.000753,15.098261,6.8,6.8,6.8
16.252282,1053,1,subida,0.018477,0.018438,2.089497,2.071663,0.000753,15.094446,6.8,6.8,6.8
16.313181,1054,1,subida,0.018475,0.018438,2.090904,2.070966,0.000753,15.096064,6.8,6.8,6.8
16.459155,1055,1,subida,0.018432,0.018435,2.090400,2.072292,0.000753,15.096216,6.8,6.8,6.8
16.553280,1056,1,subida,0.018433,0.018434,2.090337,2.071767,0.000753,15.102411,6.8,6.8,6.8
16.651319,1057,1,subida,0.018466,0.018432,2.089807,2.071830,0.000753,15.095575,6.8,6.8,6.8
16.808808,1058,1,subida,0.018432,0.018434,2.090224,2.071353,0.000753,15.095697,6.8,6.8,6.8
16.872348,1059,1,subida,0.018433,0.018432,2.090158,2.071353,0.000753,15.093439,6.8,6.8,6.8
16.937013,1060,1,subida,0.018431,0.018430,2.089872,2.071663,0.000752,15.099726,6.8,6.8,6.8
17.014529,1061,1,subida,0.018454,0.018430,2.089890,2.071344,0.000753,15.099726,6.8,6.799,6.8
17.066976,1062,1,subida,0.018450,0.018429,2.089571,2.070230,0.000753,15.100153,6.8,6.8,6.8
17.154178,1063,1,subida,0.018453,0.018432,2.090307,2.071425,0.000753,15.101557,6.8,6.8,6.8
17.225371,1064,1,subida,0.018436,0.018434,2.090307,2.072125,0.000753,15.097712,6.8,6.799,6.8
17.321177,1065,1,subida,0.018449,0.018433,2.089264,2.070870,0.000752,15.089746,6.8,6.799,6.8
17.417391,1066,1,subida,0.018448,0.018435,2.090984,2.071493,0.000753,15.100153,6.8,6.799,6.8
17.509765,1067,1,subida,0.018447,0.018436,2.089902,2.072387,0.000753,15.090784,6.8,6.8,6.8
17.559813,1068,1,subida,0.018442,0.018436,2.090421,2.072387,0.000753,15.100672,6.8,6.799,6.8
17.720336,1069,1,subida,0.018449,0.018439,2.091663,2.072778,0.000753,15.104425,6.8,6.8,6.8
17.765347,1070,1,subida,0.018443,0.018439,2.090328,2.072945,0.000754,15.104425,6.8,6.8,6.8
17.817325,1071,1,subida,0.018441,0.018439,2.090057,2.071997,0.000754,15.099421,6.8,6.799,6.8
18.022307,1072,1,subida,0.018435,0.018436,2.090286,2.072363,0.000752,15.094751,6.8,6.799,6.8
18.136274,1073,1,subida,0.018457,0.018435,2.090486,2.071562,0.000753,15.094263,6.8,6.799,6.8
18.182214,1074,1,subida,0.018433,0.018435,2.091300,2.071562,0.000753,15.092737,6.8,6.8,6.8
18.266935,1075,1,subida,0.018432,0.018437,2.090704,2.073389,0.000753,15.094812,6.8,6.799,6.8
18.313359,1076,1,subida,0.018465,0.018438,2.090737,2.073389,0.000753,15.098536,6.8,6.8,6.8
18.361700,1077,1,subida,0.018468,0.018438,2.089849,2.071589,0.000753,15.104548,6.8,6.799,6.8
18.440389,1078,1,subida,0.018433,0.018438,2.091038,2.071589,0.000753,15.094446,6.8,6.799,6.8
18.487560,1079,1,subida,0.018433,0.018438,2.091187,2.073478,0.000753,15.097071,6.8,6.8,6.8
18.602358,1080,1,subida,0.018432,0.018438,2.090617,2.072647,0.000754,15.094385,6.8,6.8,6.8
18.778137,1081,1,subida,0.018473,0.018435,2.090057,2.073064,0.000753,15.098780,6.8,6.8,6.8
18.857291,1082,1,subida,0.018431,0.018436,2.090057,2.072426,0.000753,15.096125,6.8,6.8,6.8
18.901514,1083,1,subida,0.018428,0.018431,2.090286,2.071416,0.000752,15.102533,6.8,6.8,6.8
19.096880,1084,1,subida,0.018432,0.018433,2.091219,2.073267,0.000753,15.089411,6.8,6.8,6.8
19.237083,1085,1,subida,0.018441,0.018441,2.091577,2.072888,0.000754,15.089991,6.8,6.8,6.8
19.319893,1086,1,subida,0.018473,0.018441,2.091130,2.072888,0.000753,15.097834,6.8,6.8,6.8
19.450362,1087,1,subida,0.018467,0.018440,2.090504,2.071061,0.000754,15.094446,6.8,6.799,6.8
19.670151,1088,1,subida,0.018440,0.018438,2.090221,2.072992,0.000753,15.099360,6.8,6.8,6.8
19.737554,1089,1,subida,0.018458,0.018439,2.090221,2.071335,0.000754,15.094629,6.8,6.8,6.8
19.784231,1090,1,subida,0.018456,0.018439,2.090847,2.071675,0.000753,15.100794,6.8,6.8,6.8
19.863799,1091,1,subida,0.018452,0.018437,2.089911,2.072504,0.000753,15.099146,6.8,6.8,6.8
0.111340,1093,1,bajada,0.017245,0.017246,2.080181,2.063101,0.000746,15.092310,6.5,6.491,6.5
0.272303,1094,1,bajada,0.017243,0.017243,2.080476,2.063184,0.000746,15.099665,6.5,6.491,6.5
0.330923,1095,1,bajada,0.017269,0.017242,2.078932,2.062258,0.000746,15.099665,6.5,6.491,6.5
0.367168,1096,1,bajada,0.017243,0.017243,2.079537,2.062258,0.000746,15.101618,6.5,6.49,6.5
0.542902,1097,1,bajada,0.017261,0.017244,2.079510,2.062916,0.000746,15.095087,6.5,6.49,6.5
0.653790,1098,1,bajada,0.017258,0.017242,2.079576,2.062067,0.000747,15.101740,6.5,6.49,6.5
0.700012,1099,1,bajada,0.017246,0.017242,2.080470,2.062439,0.000746,15.101740,6.5,6.49,6.5
0.748199,1100,1,bajada,0.017253,0.017240,2.079784,2.062439,0.000746,15.098780,6.5,6.49,6.5
0.783063,1101,1,bajada,0.017245,0.017241,2.079784,2.062836,0.000747,15.098475,6.5,6.49,6.5
0.829040,1102,1,bajada,0.017251,0.017240,2.078997,2.062862,0.000746,15.098475,6.5,6.49,6.5
0.942958,1103,1,bajada,0.017250,0.017242,2.080267,2.061944,0.000746,15.100733,6.5,6.49,6.5
1.134474,1104,1,bajada,0.017239,0.017238,2.079278,2.061799,0.000746,15.095270,6.5,6.49,6.5
1.214516,1105,1,bajada,0.017238,0.017239,2.080851,2.061912,0.000746,15.096643,6.5,6.49,6.5
1.294062,1106,1,bajada,0.017238,0.017241,2.080398,2.063795,0.000746,15.098200,6.5,6.49,6.5
1.373061,1107,1,bajada,0.017262,0.017241,2.079671,2.063795,0.000747,15.100153,6.5,6.49,6.5
1.517962,1108,1,bajada,0.017269,0.017241,2.081101,2.062451,0.000747,15.094934,6.5,6.489,6.5
1.579750,1109,1,bajada,0.017234,0.017239,2.080228,2.063333,0.000746,15.094934,6.5,6.49,6.5
1.664297,1110,1,bajada,0.017232,0.017236,2.079448,2.062594,0.000745,15.100031,6.5,6.489,6.5
1.710982,1111,1,bajada,0.017267,0.017233,2.078914,2.061507,0.000746,15.100031,6.5,6.489,6.5
1.758225,1112,1,bajada,0.017267,0.017231,2.079951,2.061203,0.000746,15.087214,6.5,6.489,6.5
1.836791,1113,1,bajada,0.017227,0.017233,2.079829,2.062860,0.000746,15.087214,6.5,6.489,6.5
1.887794,1114,1,bajada,0.017227,0.017232,2.078148,2.062314,0.000746,15.095697,6.489,6.5,6.5
1.997704,1115,1,bajada,0.017272,0.017234,2.080014,2.061113,0.000746,15.100611,6.5,6.489,6.5
2.107875,1116,1,bajada,0.017271,0.017234,2.078711,2.062809,0.000746,15.088923,6.5,6.489,6.5
2.174111,1117,1,bajada,0.017270,0.017234,2.078407,2.061885,0.000745,15.095819,6.5,6.489,6.5
2.348348,1118,1,bajada,0.017267,0.017234,2.079448,2.062290,0.000746,15.097834,6.5,6.489,6.5
2.426574,1119,1,bajada,0.017265,0.017235,2.078652,2.062129,0.000746,15.097589,6.5,6.489,6.5
2.506375,1120,1,bajada,0.017263,0.017234,2.079597,2.061882,0.000747,15.096704,6.5,6.489,6.5
2.667140,1121,1,bajada,0.017236,0.017235,2.080061,2.062862,0.000746,15.091181,6.5,6.489,6.5
2.831072,1122,1,bajada,0.017232,0.017231,2.080112,2.061876,0.000746,15.100733,6.5,6.489,6.5
2.877833,1123,1,bajada,0.017248,0.017230,2.078503,2.061876,0.000745,15.109644,6.5,6.488,6.5
2.923812,1124,1,bajada,0.017231,0.017228,2.078503,2.062672,0.000745,15.088465,6.488,6.5,6.5
2.959385,1125,1,bajada,0.017243,0.017229,2.079203,2.061962,0.000746,15.088465,6.5,6.488,6.5
3.006398,1126,1,bajada,0.017232,0.017229,2.078571,2.061962,0.000746,15.097284,6.5,6.488,6.5
3.147828,1127,1,bajada,0.017235,0.017228,2.079498,2.062508,0.000746,15.093897,6.5,6.488,6.5
3.326917,1128,1,bajada,0.017238,0.017227,2.079438,2.061280,0.000746,15.098017,6.5,6.488,6.5
3.374930,1129,1,bajada,0.017231,0.017227,2.079942,2.061280,0.000746,15.099482,6.5,6.488,6.5
3.434296,1130,1,bajada,0.017229,0.017228,2.079117,2.062669,0.000745,15.103632,6.5,6.488,6.5
3.630823,1131,1,bajada,0.017224,0.017226,2.079713,2.060633,0.000746,15.099970,6.5,6.487,6.5
3.671814,1132,1,bajada,0.017248,0.017226,2.079713,2.062001,0.000746,15.092615,6.5,6.488,6.5
3.742728,1133,1,bajada,0.017247,0.017224,2.079000,2.062293,0.000746,15.103418,6.5,6.488,6.5
3.804061,1134,1,bajada,0.017253,0.017226,2.078503,2.061298,0.000746,15.098352,6.5,6.488,6.5
3.902084,1135,1,bajada,0.017255,0.017224,2.079719,2.061161,0.000745,15.095331,6.5,6.488,6.5
3.998420,1136,1,bajada,0.017256,0.017223,2.078366,2.062287,0.000745,15.105005,6.5,6.488,6.5
4.061549,1137,1,bajada,0.017257,0.017222,2.078488,2.061149,0.000746,15.095575,6.5,6.487,6.5
4.139686,1138,1,bajada,0.017258,0.017223,2.079185,2.060735,0.000745,15.089228,6.5,6.487,6.5
4.215377,1139,1,bajada,0.017255,0.017219,2.078264,2.061960,0.000745,15.092737,6.5,6.487,6.5
4.309410,1140,1,bajada,0.017257,0.017220,2.077820,2.060633,0.000745,15.101740,6.5,6.487,6.5
4.390214,1141,1,bajada,0.017259,0.017221,2.079930,2.060744,0.000746,15.096888,6.5,6.487,6.5
4.469852,1142,1,bajada,0.017219,0.017223,2.079379,2.062207,0.000746,15.096888,6.5,6.487,6.5
4.500223,1143,1,bajada,0.017259,0.017221,2.078220,2.062207,0.000745,15.101679,6.5,6.487,6.5
4.575080,1144,1,bajada,0.017215,0.017218,2.078542,2.061203,0.000744,15.103235,6.5,6.487,6.5
4.670887,1145,1,bajada,0.017250,0.017217,2.078542,2.059715,0.000746,15.095758,6.5,6.487,6.5
4.711983,1146,1,bajada,0.017215,0.017216,2.079048,2.061262,0.000745,15.095758,6.5,6.487,6.5
4.778120,1147,1,bajada,0.017215,0.017215,2.079534,2.061876,0.000745,15.101862,6.5,6.487,6.5
4.901505,1148,1,bajada,0.017245,0.017219,2.078267,2.060308,0.000745,15.098413,6.5,6.486,6.5
5.016525,1149,1,bajada,0.017220,0.017219,2.078756,2.062007,0.000745,15.094019,6.5,6.486,6.5
5.241322,1150,1,bajada,0.017234,0.017218,2.078702,2.060976,0.000745,15.096643,6.5,6.486,6.5
5.398136,1151,1,bajada,0.017228,0.017217,2.077990,2.060952,0.000746,15.091883,6.5,6.486,6.5
5.477566,1152,1,bajada,0.017227,0.017218,2.079427,2.060687,0.000746,15.099848,6.5,6.486,6.5
5.641574,1153,1,bajada,0.017227,0.017217,2.077981,2.062043,0.000745,15.104059,6.5,6.486,6.5
5.766246,1154,1,bajada,0.017216,0.017214,2.079376,2.060764,0.000745,15.099726,6.5,6.486,6.5
5.813782,1155,1,bajada,0.017216,0.017216,2.078753,2.062237,0.000746,15.094385,6.486,6.5,6.5
6.055187,1156,1,bajada,0.017239,0.017217,2.079844,2.061834,0.000745,15.092615,6.485,6.5,6.5
6.198219,1157,1,bajada,0.017243,0.017215,2.078184,2.060833,0.000746,15.095636,6.5,6.486,6.5
6.552966,1158,1,bajada,0.017250,0.017213,2.079289,2.060222,0.000745,15.092890,6.5,6.485,6.5
6.615932,1159,1,bajada,0.017248,0.017211,2.077537,2.061399,0.000745,15.100153,6.5,6.485,6.5
6.693763,1160,1,bajada,0.017245,0.017209,2.076980,2.060907,0.000745,15.099024,6.5,6.485,6.5
7.048675,1161,1,bajada,0.017240,0.017207,2.078395,2.059873,0.000745,15.097071,6.5,6.485,6.5
7.110814,1162,1,bajada,0.017235,0.017205,2.077546,2.060618,0.000745,15.101862,6.5,6.485,6.5
7.316090,1163,1,bajada,0.017203,0.017201,2.078437,2.060228,0.000745,15.096460,6.5,6.484,6.5
7.511441,1164,1,bajada,0.017202,0.017200,2.076724,2.060529,0.000744,15.103235,6.5,6.484,6.5
7.558753,1165,1,bajada,0.017217,0.017198,2.076724,2.059307,0.000744,15.099848,6.5,6.484,6.5
7.716387,1166,1,bajada,0.017211,0.017198,2.076262,2.059778,0.000744,15.098902,6.5,6.484,6.5
7.778950,1167,1,bajada,0.017206,0.017194,2.075886,2.059155,0.000744,15.094080,6.5,6.484,6.5
8.099811,1168,1,bajada,0.017205,0.017192,2.077007,2.058022,0.000744,15.095636,6.5,6.484,6.5
8.147927,1169,1,bajada,0.017193,0.017191,2.077245,2.058022,0.000744,15.104609,6.5,6.484,6.5
8.198471,1170,1,bajada,0.017190,0.017190,2.075949,2.059361,0.000744,15.095758,6.5,6.483,6.5
8.277913,1171,1,bajada,0.017184,0.017186,2.075263,2.058219,0.000744,15.089746,6.5,6.484,6.5
8.355408,1172,1,bajada,0.017206,0.017185,2.076002,2.057742,0.000744,15.089746,6.5,6.483,6.5
8.405458,1173,1,bajada,0.017209,0.017184,2.076452,2.058738,0.000743,15.102045,6.5,6.483,6.5
8.483454,1174,1,bajada,0.017180,0.017184,2.076157,2.059027,0.000744,15.102045,6.5,6.483,6.5
8.565990,1175,1,bajada,0.017107,0.016972,2.074518,1.982775,0.000693,15.100397,6.484,6.5,6.5
8.628426,1176,1,bajada,0.016710,0.016723,2.001046,1.981755,0.000692,15.098841,6.5,6.486,6.5
8.805732,1177,1,bajada,0.016599,0.016605,1.999604,1.983511,0.000693,15.094080,6.499,6.5,6.5
8.866227,1178,1,bajada,0.016599,0.016605,2.000376,1.982879,0.000693,15.091669,6.5,6.501,6.5
8.948112,1179,1,bajada,0.016603,0.016607,2.000066,1.984172,0.000692,15.099909,6.5,6.502,6.5
9.027837,1180,1,bajada,0.016648,0.016612,2.000105,1.984172,0.000693,15.090174,6.5,6.502,6.5
9.077199,1181,1,bajada,0.016651,0.016616,1.998719,1.983105,0.000693,15.096949,6.5,6.502,6.5
9.159341,1182,1,bajada,0.016650,0.016614,1.999902,1.981690,0.000693,15.099604,6.5,6.503,6.5
9.315824,1183,1,bajada,0.016628,0.016630,2.003919,1.985338,0.000695,15.093073,6.5,6.503,6.5
9.363803,1184,1,bajada,0.016666,0.016635,1.999038,1.983865,0.000694,15.093073,6.503,6.5,6.5
9.410717,1185,1,bajada,0.016658,0.016627,2.000793,1.982751,0.000693,15.095575,6.5,6.503,6.5
9.616635,1186,1,bajada,0.016616,0.016620,1.999747,1.984751,0.000692,15.092310,6.5,6.503,6.5
9.734088,1187,1,bajada,0.016618,0.016617,2.001487,1.984125,0.000693,15.099024,6.5,6.503,6.5
10.099294,1188,1,bajada,0.016722,0.016705,2.000591,1.983529,0.000693,15.097956,6.5,6.502,6.5
10.214300,1189,1,bajada,0.016642,0.016629,2.009430,1.982125,0.000692,15.095514,6.5,6.502,6.5
10.276737,1190,1,bajada,0.016628,0.016619,1.999085,1.982125,0.000691,15.098963,6.5,6.502,6.5
10.326506,1191,1,bajada,0.016617,0.016614,1.999532,1.984411,0.000692,15.103357,6.5,6.502,6.5
10.580852,1192,1,bajada,0.016617,0.016621,1.999896,1.984777,0.000693,15.092829,6.5,6.501,6.5
10.739156,1193,1,bajada,0.016645,0.016619,2.000966,1.984470,0.000693,15.091303,6.5,6.501,6.5
10.902408,1194,1,bajada,0.016642,0.016612,1.999002,1.983231,0.000692,15.091425,6.5,6.501,6.5
10.947477,1195,1,bajada,0.016604,0.016609,1.999002,1.983097,0.000692,15.097193,6.5,6.501,6.5
10.993797,1196,1,bajada,0.016644,0.016614,2.002239,1.984667,0.000694,15.097193,6.5,6.501,6.5
11.029693,1197,1,bajada,0.016610,0.016617,2.002295,1.984667,0.000693,15.105494,6.5,6.501,6.5
11.074540,1198,1,bajada,0.016650,0.016614,2.002295,1.983254,0.000692,15.094263,6.5,6.501,6.5
11.301113,1199,1,bajada,0.016650,0.016613,2.001249,1.982837,0.000693,15.103724,6.5,6.501,6.5
11.378520,1200,1,bajada,0.016990,0.016887,2.075198,2.063086,0.000744,15.099024,6.5,6.501,6.5
11.459517,1201,1,bajada,0.017184,0.017127,2.073231,2.057248,0.000743,15.091425,6.5,6.501,6.5
11.538133,1202,1,bajada,0.017183,0.017198,2.075630,2.057248,0.000742,15.106012,6.5,6.5,6.5
11.615815,1203,1,bajada,0.017217,0.017221,2.074780,2.057096,0.000742,15.097284,6.5,6.5,6.5
11.664048,1204,1,bajada,0.017258,0.017226,2.074649,2.057096,0.000743,15.091730,6.5,6.5,6.5
11.733738,1205,1,bajada,0.017260,0.017228,2.074074,2.056950,0.000743,15.097284,6.5,6.5,6.5
11.796007,1206,1,bajada,0.017259,0.017230,2.074199,2.056616,0.000743,15.089228,6.5,6.5,6.5
11.873236,1207,1,bajada,0.017260,0.017234,2.075418,2.057829,0.000743,15.106745,6.5,6.5,6.5
11.995691,1208,1,bajada,0.017259,0.017237,2.074727,2.057942,0.000743,15.097773,6.5,6.499,6.5
12.181282,1209,1,bajada,0.017192,0.017221,2.075323,1.989227,0.000693,15.105433,6.5,6.5,6.5
12.243931,1210,1,bajada,0.016936,0.016860,2.000081,1.985132,0.000694,15.105433,6.5,6.5,6.5
12.291737,1211,1,bajada,0.016717,0.016739,2.000042,1.982793,0.000691,15.104792,6.5,6.499,6.5
12.447976,1212,1,bajada,0.016630,0.016618,2.002093,1.982858,0.000692,15.099360,6.5,6.499,6.5
12.532493,1213,1,bajada,0.016613,0.016603,2.007248,1.982956,0.000694,15.101343,6.5,6.499,6.5
12.575758,1214,1,bajada,0.016607,0.016602,2.007248,1.982617,0.000691,15.095636,6.5,6.499,6.5
12.629385,1215,1,bajada,0.016598,0.016598,1.999258,1.982199,0.000692,15.093500,6.5,6.499,6.5
12.702413,1216,1,bajada,0.016608,0.016594,1.999258,1.982244,0.000692,15.102411,6.5,6.499,6.5
12.788758,1217,1,bajada,0.016610,0.016594,1.998179,1.984032,0.000692,15.107752,6.5,6.499,6.5
12.899104,1218,1,bajada,0.016588,0.016591,2.074652,1.981287,0.000741,15.097071,6.5,6.499,6.5
12.964575,1219,1,bajada,0.016682,0.016709,2.001342,1.985388,0.000693,15.096643,6.5,6.499,6.5
13.043784,1220,1,bajada,0.016684,0.016647,2.000683,1.985388,0.000693,15.100794,6.5,6.499,6.5
13.121753,1221,1,bajada,0.016659,0.016626,2.001017,1.987033,0.000695,15.096277,6.5,6.499,6.5
13.220652,1222,1,bajada,0.016602,0.016609,2.000614,1.983117,0.000692,15.102228,6.5,6.498,6.5
13.332387,1223,1,bajada,0.016599,0.016606,2.000695,1.984971,0.000693,15.101984,6.5,6.498,6.5
13.377990,1224,1,bajada,0.016644,0.016608,2.000287,1.984399,0.000693,15.101984,6.5,6.498,6.5
13.425574,1225,1,bajada,0.016655,0.016621,2.007153,1.984286,0.000693,15.107874,6.5,6.498,6.5
13.503293,1226,1,bajada,0.016608,0.016612,2.001237,1.986142,0.000693,15.107874,6.5,6.498,6.5
13.620643,1227,1,bajada,0.016645,0.016609,2.002039,1.984921,0.000694,15.098352,6.5,6.498,6.5
13.662750,1228,1,bajada,0.016608,0.016611,2.001705,1.984921,0.000693,15.103632,6.5,6.498,6.5
13.813067,1229,1,bajada,0.016605,0.016605,2.001169,1.984080,0.000693,15.099421,6.5,6.498,6.5
13.908857,1230,1,bajada,0.016608,0.016609,2.001815,1.984208,0.000693,15.093134,6.5,6.498,6.5
14.003317,1231,1,bajada,0.016607,0.016606,2.000823,1.984005,0.000693,15.101343,6.5,6.498,6.5
14.115429,1232,1,bajada,0.016623,0.016600,1.999276,1.984068,0.000693,15.087610,6.5,6.498,6.5
14.177019,1233,1,bajada,0.016615,0.016597,1.998755,1.981597,0.000693,15.098658,6.5,6.498,6.5
14.388506,1234,1,bajada,0.016600,0.016597,1.999407,1.984050,0.000692,15.099421,6.5,6.498,6.5
14.482393,1235,1,bajada,0.016610,0.016603,2.002191,1.983287,0.000693,15.100672,6.5,6.498,6.5
14.547411,1236,1,bajada,0.016613,0.016604,2.001705,1.983287,0.000693,15.104303,6.5,6.497,6.5
14.603009,1237,1,bajada,0.016605,0.016600,1.999691,1.982497,0.000692,15.090662,6.5,6.497,6.5
14.672410,1238,1,bajada,0.016605,0.016595,1.997989,1.982497,0.000691,15.096460,6.5,6.498,6.5
14.868019,1239,1,bajada,0.016585,0.016586,1.998215,1.982888,0.000692,15.099665,6.5,6.498,6.5
14.929648,1240,1,bajada,0.016585,0.016587,1.997694,1.980691,0.000691,15.096460,6.5,6.499,6.5
15.008547,1241,1,bajada,0.016608,0.016585,1.997339,1.980757,0.000691,15.096460,6.5,6.499,6.5
15.057098,1242,1,bajada,0.016610,0.016585,1.998606,1.981165,0.000691,15.093012,6.5,6.499,6.5
15.264457,1243,1,bajada,0.017060,0.017017,2.080982,2.061563,0.000746,15.097406,6.5,6.5,6.5
15.347181,1244,1,bajada,0.017213,0.017199,2.081897,2.064874,0.000747,15.098841,6.5,6.5,6.5
15.457313,1245,1,bajada,0.017263,0.017270,2.081542,2.064233,0.000747,15.096521,6.5,6.5,6.5
15.603153,1246,1,bajada,0.017275,0.017279,2.080267,2.063190,0.000746,15.103052,6.5,6.5,6.5
15.747519,1247,1,bajada,0.017312,0.017275,2.078950,2.061733,0.000746,15.094873,6.5,6.5,6.5
15.809219,1248,1,bajada,0.017323,0.017284,2.082779,2.063894,0.000748,15.096643,6.5,6.501,6.5
15.886904,1249,1,bajada,0.017291,0.017294,2.082818,2.065038,0.000748,15.096643,6.5,6.501,6.5
16.047163,1250,1,bajada,0.017290,0.017290,2.080392,2.063280,0.000746,15.105555,6.5,6.501,6.5
16.147514,1251,1,bajada,0.017310,0.017285,2.080288,2.063020,0.000746,15.098291,6.501,6.5,6.5
16.225467,1252,1,bajada,0.017301,0.017283,2.078419,2.061974,0.000746,15.094995,6.501,6.5,6.5
16.530390,1253,1,bajada,0.017168,0.017163,2.062019,2.045640,0.000735,15.105005,6.5,6.502,6.5
16.592829,1254,1,bajada,0.017177,0.017170,2.062019,2.051162,0.000736,15.096064,6.5,6.501,6.5
16.638945,1255,1,bajada,0.017175,0.017173,2.069207,2.050939,0.000738,15.096064,6.5,6.501,6.5
16.802824,1256,1,bajada,0.017193,0.017183,2.067378,2.052196,0.000738,15.097589,6.5,6.501,6.5
16.848516,1257,1,bajada,0.017187,0.017184,2.067378,2.050590,0.000738,15.100092,6.5,6.502,6.5
16.897627,1258,1,bajada,0.017185,0.017184,2.070036,2.050316,0.000739,15.105127,6.5,6.501,6.5
16.974620,1259,1,bajada,0.017207,0.017192,2.070036,2.052846,0.000739,15.099207,6.5,6.501,6.5
17.103318,1260,1,bajada,0.017219,0.017194,2.069270,2.051469,0.000739,15.098078,6.5,6.501,6.5
17.313065,1261,1,bajada,0.017187,0.017192,2.068635,2.052145,0.000739,15.105005,6.5,6.501,6.5
17.406700,1262,1,bajada,0.017183,0.017189,2.069917,2.050876,0.000739,15.098413,6.5,6.501,6.5
17.535949,1263,1,bajada,0.017221,0.017185,2.067670,2.052190,0.000738,15.101343,6.5,6.501,6.5
17.696721,1264,1,bajada,0.017220,0.017182,2.068567,2.050784,0.000739,15.092829,6.5,6.501,6.5
17.872688,1265,1,bajada,0.017211,0.017176,2.066421,2.049872,0.000737,15.093134,6.5,6.501,6.5
17.932529,1266,1,bajada,0.017173,0.017173,2.066865,2.049872,0.000737,15.099421,6.5,6.5,6.5
17.997961,1267,1,bajada,0.016928,0.016936,1.997682,1.984140,0.000713,15.098841,6.5,6.5,6.5
18.113638,1268,1,bajada,0.016690,0.016676,1.996731,1.982393,0.000708,15.090815,6.5,6.501,6.5
18.289712,1269,1,bajada,0.016621,0.016599,1.999115,1.980259,0.000692,15.097712,6.5,6.501,6.5
18.397757,1270,1,bajada,0.016600,0.016601,1.998239,1.980989,0.000691,15.105188,6.5,6.5,6.5
18.526721,1271,1,bajada,0.016605,0.016593,1.998075,1.980879,0.000691,15.097834,6.5,6.501,6.5
18.604348,1272,1,bajada,0.016595,0.016591,1.998075,1.981589,0.000691,15.095209,6.5,6.501,6.5
18.703223,1273,1,bajada,0.016593,0.016586,1.997426,1.980483,0.000691,15.097651,6.5,6.5,6.5
18.767306,1274,1,bajada,0.016596,0.016584,1.998114,1.979765,0.000691,15.097651,6.5,6.5,6.5
18.815443,1275,1,bajada,0.016588,0.016583,1.996236,1.980957,0.000690,15.091852,6.5,6.5,6.5
18.941160,1276,1,bajada,0.016587,0.016589,1.996892,1.981148,0.000691,15.100733,6.5,6.5,6.5
19.036004,1277,1,bajada,0.016584,0.016586,1.998552,1.980101,0.000691,15.096277,6.5,6.5,6.5
19.101421,1278,1,bajada,0.016643,0.016624,1.998552,1.986154,0.000693,15.097406,6.5,6.5,6.5
19.165612,1279,1,bajada,0.016634,0.016609,1.998722,1.982828,0.000692,15.102869,6.5,6.5,6.5
19.297242,1280,1,bajada,0.016731,0.016747,2.074056,1.980450,0.000742,15.106501,6.5,6.5,6.5
19.441278,1281,1,bajada,0.017186,0.017173,2.075022,2.059072,0.000744,15.101740,6.5,6.5,6.5
19.485654,1282,1,bajada,0.017252,0.017205,2.075818,2.058070,0.000744,15.101160,6.5,6.5,6.5
19.632731,1283,1,bajada,0.017212,0.017215,2.071764,2.055874,0.000741,15.099146,6.5,6.499,6.5
19.803849,1284,1,bajada,0.017199,0.017201,2.071809,2.053537,0.000740,15.102869,6.5,6.499,6.5
19.856353,1285,1,bajada,0.017174,0.017009,2.071809,1.983821,0.000691,15.092798,6.5,6.5,6.5
19.916908,1286,1,bajada,0.016777,0.016759,1.997983,1.979812,0.000691,15.098352,6.5,6.499,6.5
19.997737,1287,1,bajada,0.016664,0.016641,1.996877,1.980316,0.000690,15.101221,6.5,6.5,6.5
0.091330,1289,1,bajada,0.005695,0.005708,1.829454,1.820376,0.000579,15.091608,3.5,3.497,3.5
0.168045,1290,1,bajada,0.005686,0.005698,1.825290,1.820343,0.000579,15.101160,3.5,3.497,3.5
0.407541,1291,1,bajada,0.005717,0.005694,1.827892,1.818424,0.000581,15.098780,3.5,3.498,3.5
0.460788,1292,1,bajada,0.005729,0.005699,1.829895,1.821458,0.000581,15.094507,3.5,3.497,3.5
0.589005,1293,1,bajada,0.005690,0.005703,1.830521,1.823845,0.000580,15.098475,3.5,3.497,3.5
0.666055,1294,1,bajada,0.005731,0.005702,1.827552,1.823845,0.000580,15.105860,3.5,3.497,3.5
0.712073,1295,1,bajada,0.005729,0.005701,1.825094,1.819732,0.000579,15.097651,3.5,3.497,3.5
0.871953,1296,1,bajada,0.005679,0.005690,1.825743,1.821735,0.000578,15.100031,3.5,3.497,3.5
0.972974,1297,1,bajada,0.005722,0.005695,1.826462,1.822480,0.000580,15.095758,3.5,3.497,3.5
1.052019,1298,1,bajada,0.005723,0.005698,1.829048,1.820990,0.000580,15.099146,3.5,3.497,3.5
1.127867,1299,1,bajada,0.005690,0.005699,1.828154,1.822298,0.000580,15.099146,3.5,3.497,3.5
1.272216,1300,1,bajada,0.005692,0.005700,1.828717,1.822331,0.000580,15.103479,3.5,3.497,3.5
1.351362,1301,1,bajada,0.005691,0.005697,1.827612,1.822227,0.000579,15.098902,3.5,3.497,3.5
1.527793,1302,1,bajada,0.005689,0.005696,1.825353,1.821640,0.000579,15.101038,3.5,3.497,3.5
1.638649,1303,1,bajada,0.005699,0.005691,1.827368,1.819073,0.000580,15.099543,3.5,3.496,3.5
1.721930,1304,1,bajada,0.005697,0.005693,1.826491,1.823240,0.000580,15.095697,3.5,3.496,3.5
1.799346,1305,1,bajada,0.005699,0.005696,1.827531,1.823040,0.000581,15.099787,3.5,3.496,3.5
1.961751,1306,1,bajada,0.005700,0.005698,1.828950,1.823389,0.000580,15.098078,3.5,3.496,3.5
2.041081,1307,1,bajada,0.005701,0.005700,1.829427,1.823067,0.000582,15.094324,3.5,3.496,3.5
2.088233,1308,1,bajada,0.005697,0.005703,1.829427,1.824214,0.000581,15.101679,3.5,3.496,3.5
2.134626,1309,1,bajada,0.005696,0.005703,1.830133,1.824283,0.000581,15.101801,3.5,3.496,3.5
2.209359,1310,1,bajada,0.005711,0.005702,1.830133,1.824775,0.000582,15.096888,3.5,3.496,3.5
2.273160,1311,1,bajada,0.005720,0.005709,1.828938,1.831364,0.000581,15.103724,3.496,3.5,3.5
2.475446,1312,1,bajada,0.005687,0.005701,1.828413,1.823630,0.000580,15.095270,3.5,3.496,3.5
2.567142,1313,1,bajada,0.005684,0.005697,1.827618,1.822289,0.000579,15.097834,3.5,3.496,3.5
2.632033,1314,1,bajada,0.005720,0.005695,1.827272,1.819875,0.000579,15.097834,3.5,3.496,3.5
2.726940,1315,1,bajada,0.005675,0.005689,1.826271,1.821476,0.000579,15.093683,3.5,3.496,3.5
2.823354,1316,1,bajada,0.005678,0.005691,1.826813,1.821657,0.000579,15.091181,3.5,3.496,3.5
2.889755,1317,1,bajada,0.005676,0.005691,1.827141,1.821306,0.000579,15.105951,3.5,3.496,3.5
2.967081,1318,1,bajada,0.005722,0.005696,1.827141,1.821878,0.000582,15.097406,3.5,3.496,3.5
3.047255,1319,1,bajada,0.005731,0.005698,1.825091,1.826152,0.000578,15.099360,3.5,3.496,3.5
3.206734,1320,1,bajada,0.005714,0.005686,1.824682,1.817458,0.000578,15.102106,3.5,3.495,3.5
3.402673,1321,1,bajada,0.005676,0.005685,1.825594,1.818036,0.000579,15.104548,3.5,3.496,3.5
3.560422,1322,1,bajada,0.005676,0.005685,1.824396,1.817408,0.000577,15.093683,3.5,3.496,3.5
3.637908,1323,1,bajada,0.005674,0.005681,1.824229,1.818167,0.000578,15.097712,3.5,3.495,3.5
3.722128,1324,1,bajada,0.005674,0.005679,1.824828,1.818314,0.000577,15.090998,3.5,3.496,3.5
3.800656,1325,1,bajada,0.005692,0.005680,1.823112,1.818314,0.000577,15.101404,3.5,3.495,3.5
3.847079,1326,1,bajada,0.005688,0.005678,1.825547,1.819696,0.000578,15.101221,3.5,3.495,3.5
3.945305,1327,1,bajada,0.005691,0.005685,1.824644,1.820561,0.000579,15.099970,3.5,3.495,3.5
4.041566,1328,1,bajada,0.005690,0.005689,1.829474,1.820611,0.000581,15.099909,3.5,3.495,3.5
4.121565,1329,1,bajada,0.005688,0.005689,1.826333,1.820903,0.000579,15.093256,3.5,3.495,3.5
4.184031,1330,1,bajada,0.005687,0.005687,1.824056,1.822846,0.000580,15.091669,3.5,3.495,3.5
4.351734,1331,1,bajada,0.005677,0.005684,1.826840,1.821738,0.000579,15.089350,3.5,3.495,3.5
4.499923,1332,1,bajada,0.005706,0.005694,1.829036,1.823532,0.000581,15.094202,3.5,3.495,3.5
4.569201,1333,1,bajada,0.005712,0.005696,1.829859,1.824199,0.000582,15.099787,3.5,3.495,3.5
4.681167,1334,1,bajada,0.005712,0.005693,1.825797,1.821818,0.000579,15.096582,3.5,3.495,3.5
4.728050,1335,1,bajada,0.005708,0.005686,1.826083,1.821967,0.000580,15.092676,3.5,3.495,3.5
4.873448,1336,1,bajada,0.005678,0.005691,1.829871,1.825493,0.000581,15.096766,3.5,3.495,3.5
4.934273,1337,1,bajada,0.005684,0.005697,1.830076,1.824358,0.000581,15.096888,3.494,3.5,3.5
5.015985,1338,1,bajada,0.005726,0.005699,1.830047,1.824232,0.000582,15.096888,3.494,3.5,3.5
5.145096,1339,1,bajada,0.005728,0.005697,1.831290,1.824942,0.000582,15.100031,3.5,3.494,3.5
5.225128,1340,1,bajada,0.005689,0.005702,1.831290,1.826634,0.000582,15.095942,3.5,3.495,3.5
5.269561,1341,1,bajada,0.005691,0.005702,1.833829,1.826271,0.000583,15.095942,3.5,3.494,3.5
5.498080,1342,1,bajada,0.005728,0.005703,1.832219,1.826730,0.000583,15.092951,3.494,3.5,3.5
5.671150,1343,1,bajada,0.005721,0.005700,1.830285,1.824003,0.000582,15.098291,3.5,3.494,3.5
5.752752,1344,1,bajada,0.005720,0.005702,1.831698,1.827517,0.000583,15.094690,3.5,3.494,3.5
5.813574,1345,1,bajada,0.005720,0.005705,1.832738,1.827117,0.000583,15.095514,3.494,3.5,3.5
5.891683,1346,1,bajada,0.005698,0.005705,1.835462,1.827934,0.000585,15.095514,3.5,3.494,3.5
5.939336,1347,1,bajada,0.005703,0.005708,1.834094,1.829776,0.000585,15.101404,3.5,3.494,3.5
6.021694,1348,1,bajada,0.005709,0.005713,1.834904,1.831263,0.000585,15.095575,3.5,3.494,3.5
6.101793,1349,1,bajada,0.005719,0.005713,1.834904,1.827376,0.000585,15.093317,3.5,3.494,3.5
6.151906,1350,1,bajada,0.005717,0.005712,1.835015,1.828673,0.000584,15.099848,3.5,3.494,3.5
6.248958,1351,1,bajada,0.005710,0.005709,1.833549,1.827060,0.000583,15.097589,3.5,3.494,3.5
6.455576,1352,1,bajada,0.005741,0.005737,1.834002,1.827579,0.000584,15.092371,3.5,3.494,3.5
6.534978,1353,1,bajada,0.005724,0.005717,1.833081,1.828288,0.000584,15.105005,3.5,3.494,3.5
6.695300,1354,1,bajada,0.005727,0.005712,1.836022,1.829087,0.000584,15.098841,3.5,3.494,3.5
6.820870,1355,1,bajada,0.005700,0.005712,1.834195,1.831832,0.000586,15.096949,3.5,3.493,3.5
6.950731,1356,1,bajada,0.005738,0.005712,1.837116,1.829543,0.000585,15.095636,3.5,3.494,3.5
7.176964,1357,1,bajada,0.005698,0.005711,1.835369,1.828467,0.000585,15.102228,3.5,3.494,3.5
7.237394,1358,1,bajada,0.005698,0.005710,1.834037,1.830398,0.000585,15.093317,3.5,3.494,3.5
7.320873,1359,1,bajada,0.005698,0.005712,1.835730,1.828750,0.000584,15.095087,3.5,3.493,3.5
7.464494,1360,1,bajada,0.005737,0.005708,1.834916,1.827609,0.000584,15.095697,3.5,3.493,3.5
7.638371,1361,1,bajada,0.005736,0.005712,1.835653,1.829835,0.000585,15.101404,3.5,3.493,3.5
7.685634,1362,1,bajada,0.005703,0.005712,1.835128,1.829835,0.000585,15.097956,3.5,3.494,3.5
7.735466,1363,1,bajada,0.005733,0.005710,1.835128,1.828059,0.000585,15.100794,3.5,3.493,3.5
7.783473,1364,1,bajada,0.005729,0.005711,1.835557,1.829665,0.000585,15.098200,3.5,3.493,3.5
7.939974,1365,1,bajada,0.005699,0.005705,1.833477,1.827815,0.000583,15.097712,3.5,3.493,3.5
8.055664,1366,1,bajada,0.005719,0.005708,1.834425,1.828196,0.000585,15.099909,3.5,3.493,3.5
8.117820,1367,1,bajada,0.005715,0.005708,1.834529,1.829939,0.000585,15.101496,3.5,3.493,3.5
8.195622,1368,1,bajada,0.005706,0.005709,1.834252,1.829939,0.000585,15.105127,3.5,3.493,3.5
8.227635,1369,1,bajada,0.005714,0.005709,1.834252,1.829001,0.000584,15.106867,3.5,3.493,3.5
8.309372,1370,1,bajada,0.005712,0.005710,1.837414,1.829409,0.000586,15.096704,3.5,3.493,3.5
8.389782,1371,1,bajada,0.005705,0.005705,1.834708,1.829025,0.000584,15.102472,3.5,3.493,3.5
8.451701,1372,1,bajada,0.005703,0.005706,1.833912,1.828941,0.000585,15.098963,3.5,3.493,3.5
8.568054,1373,1,bajada,0.005701,0.005705,1.834073,1.828986,0.000584,15.102533,3.493,3.5,3.5
8.614492,1374,1,bajada,0.005699,0.005706,1.834961,1.829594,0.000585,15.094019,3.5,3.493,3.5
8.770866,1375,1,bajada,0.005727,0.005712,1.837393,1.830837,0.000587,15.098200,3.5,3.493,3.5
8.820485,1376,1,bajada,0.005703,0.005714,1.836466,1.830837,0.000586,15.100916,3.5,3.492,3.5
8.855415,1377,1,bajada,0.005696,0.005708,1.836118,1.830899,0.000585,15.094019,3.5,3.493,3.5
8.948553,1378,1,bajada,0.005698,0.005711,1.835745,1.830124,0.000584,15.095270,3.5,3.493,3.5
9.031953,1379,1,bajada,0.005732,0.005706,1.832484,1.827666,0.000584,15.095270,3.5,3.492,3.5
9.104839,1380,1,bajada,0.005732,0.005705,1.835331,1.828035,0.000584,15.099146,3.5,3.492,3.5
9.172210,1381,1,bajada,0.005733,0.005704,1.835843,1.828744,0.000585,15.101221,3.5,3.492,3.5
9.330990,1382,1,bajada,0.005733,0.005705,1.835238,1.828366,0.000584,15.106440,3.5,3.492,3.5
9.430006,1383,1,bajada,0.005731,0.005701,1.834964,1.826751,0.000585,15.094568,3.5,3.492,3.5
9.509615,1384,1,bajada,0.005734,0.005705,1.834008,1.829001,0.000585,15.098841,3.5,3.492,3.5
9.621533,1385,1,bajada,0.005696,0.005704,1.835158,1.828548,0.000584,15.099665,3.5,3.492,3.5
9.699253,1386,1,bajada,0.005729,0.005704,1.834869,1.828548,0.000584,15.100275,3.5,3.492,3.5
9.795899,1387,1,bajada,0.005696,0.005706,1.832565,1.827534,0.000583,15.102472,3.5,3.492,3.5
9.908346,1388,1,bajada,0.005694,0.005703,1.835602,1.828583,0.000584,15.097589,3.5,3.492,3.5
9.971409,1389,1,bajada,0.005699,0.005704,1.834881,1.830386,0.000584,15.095270,3.5,3.492,3.5
10.034055,1390,1,bajada,0.005718,0.005707,1.834928,1.831266,0.000586,15.095270,3.5,3.492,3.5
10.081842,1391,1,bajada,0.005720,0.005708,1.835286,1.830872,0.000585,15.094263,3.5,3.492,3.5
10.182501,1392,1,bajada,0.005716,0.005708,1.836171,1.829123,0.000585,15.097773,3.5,3.492,3.5
10.339845,1393,1,bajada,0.005707,0.005706,1.834389,1.830029,0.000586,15.092188,3.5,3.492,3.5
10.417122,1394,1,bajada,0.005709,0.005710,1.836931,1.830407,0.000586,15.098413,3.5,3.492,3.5
10.498248,1395,1,bajada,0.005708,0.005711,1.836928,1.832568,0.000587,15.096155,3.5,3.492,3.5
10.581951,1396,1,bajada,0.005708,0.005714,1.837819,1.832181,0.000586,15.097193,3.5,3.492,3.5
10.689402,1397,1,bajada,0.005707,0.005716,1.837938,1.831435,0.000587,15.097284,3.5,3.492,3.5
10.820726,1398,1,bajada,0.005726,0.005711,1.834612,1.829972,0.000585,15.096003,3.5,3.492,3.5
10.886579,1399,1,bajada,0.005725,0.005706,1.834928,1.828157,0.000585,15.095881,3.5,3.492,3.5
10.949371,1400,1,bajada,0.005693,0.005705,1.834997,1.828157,0.000584,15.101343,3.5,3.492,3.5
10.995548,1401,1,bajada,0.005727,0.005703,1.834997,1.828178,0.000584,15.095758,3.5,3.492,3.5
11.042070,1402,1,bajada,0.005729,0.005703,1.834449,1.830589,0.000584,15.099604,3.5,3.492,3.5
11.205331,1403,1,bajada,0.005691,0.005705,1.836511,1.828685,0.000584,15.097834,3.5,3.492,3.5
11.251711,1404,1,bajada,0.005691,0.005705,1.834553,1.828864,0.000584,15.100397,3.5,3.492,3.5
11.329131,1405,1,bajada,0.005734,0.005704,1.834484,1.828864,0.000585,15.099329,3.5,3.491,3.5
11.425007,1406,1,bajada,0.005690,0.005702,1.834890,1.827132,0.000584,15.101557,3.5,3.491,3.5
11.555701,1407,1,bajada,0.005731,0.005704,1.836073,1.830449,0.000586,15.097956,3.491,3.5,3.5
11.701776,1408,1,bajada,0.005694,0.005703,1.835262,1.827090,0.000585,15.103937,3.5,3.492,3.5
11.748466,1409,1,bajada,0.005728,0.005705,1.835262,1.829168,0.000585,15.088648,3.5,3.491,3.5
12.036525,1410,1,bajada,0.005702,0.005707,1.837211,1.829680,0.000585,15.099268,3.491,3.5,3.5
12.082734,1411,1,bajada,0.005718,0.005707,1.834898,1.829680,0.000585,15.099482,3.5,3.492,3.5
12.129707,1412,1,bajada,0.005713,0.005706,1.834252,1.829451,0.000585,15.103357,3.5,3.491,3.5
12.387704,1413,1,bajada,0.005701,0.005701,1.834800,1.829898,0.000584,15.097010,3.5,3.491,3.5
12.464442,1414,1,bajada,0.005698,0.005701,1.832380,1.829382,0.000584,15.096827,3.5,3.491,3.5
12.693040,1415,1,bajada,0.005709,0.005697,1.831513,1.828616,0.000584,15.095209,3.5,3.491,3.5
12.820611,1416,1,bajada,0.005685,0.005695,1.835313,1.826101,0.000584,15.094812,3.5,3.491,3.5
12.899607,1417,1,bajada,0.005689,0.005701,1.837292,1.832550,0.000586,15.100611,3.5,3.491,3.5
13.152875,1418,1,bajada,0.005692,0.005704,1.836067,1.830476,0.000585,15.099085,3.5,3.49,3.5
13.253312,1419,1,bajada,0.005691,0.005703,1.835310,1.830002,0.000585,15.093988,3.5,3.49,3.5
13.298718,1420,1,bajada,0.005689,0.005702,1.836424,1.828592,0.000585,15.102625,3.5,3.491,3.5
13.397126,1421,1,bajada,0.005687,0.005699,1.833814,1.828652,0.000584,15.104303,3.5,3.491,3.5
13.521546,1422,1,bajada,0.005722,0.005695,1.831555,1.827582,0.000583,15.094141,3.5,3.491,3.5
13.652504,1423,1,bajada,0.005689,0.005697,1.835584,1.830076,0.000585,15.097528,3.5,3.491,3.5
13.715323,1424,1,bajada,0.005722,0.005701,1.835590,1.830076,0.000586,15.096155,3.5,3.491,3.5
13.760980,1425,1,bajada,0.005722,0.005702,1.834887,1.829939,0.000585,15.097223,3.5,3.49,3.5
13.875948,1426,1,bajada,0.005718,0.005701,1.835179,1.828837,0.000585,15.102411,3.5,3.491,3.5
13.922382,1427,1,bajada,0.005695,0.005702,1.835271,1.828712,0.000585,15.102411,3.5,3.491,3.5
13.987417,1428,1,bajada,0.005698,0.005703,1.835894,1.831987,0.000585,15.096888,3.5,3.491,3.5
14.048332,1429,1,bajada,0.005713,0.005703,1.835176,1.830354,0.000586,15.096888,3.5,3.491,3.5
14.098056,1430,1,bajada,0.005710,0.005701,1.833405,1.829933,0.000586,15.099085,3.5,3.49,3.5
14.177131,1431,1,bajada,0.005708,0.005703,1.837846,1.829355,0.000586,15.096277,3.5,3.491,3.5
14.256302,1432,1,bajada,0.005704,0.005705,1.837846,1.831871,0.000585,15.096521,3.5,3.49,3.5
14.401335,1433,1,bajada,0.005708,0.005705,1.837840,1.830804,0.000586,15.090052,3.5,3.49,3.5
14.512704,1434,1,bajada,0.005697,0.005703,1.836424,1.830777,0.000586,15.098902,3.5,3.491,3.5
14.610268,1435,1,bajada,0.005724,0.005730,1.849078,1.842933,0.000596,15.102991,3.5,3.49,3.5
14.675689,1436,1,bajada,0.005752,0.005739,1.847463,1.839443,0.000593,15.102991,3.5,3.49,3.5
14.706677,1437,1,bajada,0.005731,0.005741,1.847198,1.839443,0.000593,15.096521,3.5,3.491,3.5
14.752015,1438,1,bajada,0.005754,0.005738,1.847198,1.839920,0.000593,15.097895,3.5,3.49,3.5
14.802036,1439,1,bajada,0.005727,0.005736,1.845866,1.840612,0.000592,15.097895,3.5,3.49,3.5
14.852170,1440,1,bajada,0.005718,0.005732,1.843315,1.837876,0.000592,15.101404,3.5,3.49,3.5
14.926910,1441,1,bajada,0.005754,0.005732,1.844373,1.838612,0.000591,15.101404,3.5,3.491,3.5
14.958057,1442,1,bajada,0.005721,0.005735,1.845356,1.838612,0.000592,15.098200,3.5,3.49,3.5
15.008508,1443,1,bajada,0.005716,0.005728,1.843464,1.837399,0.000590,15.098597,3.5,3.49,3.5
15.090843,1444,1,bajada,0.005718,0.005731,1.844203,1.838755,0.000589,15.089624,3.5,3.49,3.5
15.310430,1445,1,bajada,0.005747,0.005718,1.843348,1.836958,0.000590,15.103296,3.5,3.49,3.5
15.410897,1446,1,bajada,0.005742,0.005713,1.837924,1.831847,0.000587,15.097345,3.5,3.49,3.5
15.472054,1447,1,bajada,0.005701,0.005710,1.837324,1.831847,0.000586,15.094507,3.5,3.49,3.5
15.521697,1448,1,bajada,0.005702,0.005712,1.839226,1.832169,0.000587,15.098658,3.5,3.49,3.5
15.601773,1449,1,bajada,0.005703,0.005711,1.839244,1.833239,0.000585,15.097589,3.5,3.49,3.5
15.681090,1450,1,bajada,0.005731,0.005708,1.836231,1.831003,0.000586,15.097589,3.5,3.49,3.5
15.777083,1451,1,bajada,0.005702,0.005710,1.839098,1.833021,0.000587,15.099726,3.5,3.49,3.5
15.970374,1452,1,bajada,0.005704,0.005711,1.837974,1.832583,0.000587,15.096338,3.5,3.49,3.5
16.067233,1453,1,bajada,0.005716,0.005708,1.836052,1.830166,0.000585,15.097223,3.5,3.49,3.5
16.255088,1454,1,bajada,0.005707,0.005706,1.836970,1.832458,0.000587,15.095575,3.5,3.49,3.5
16.302350,1455,1,bajada,0.005708,0.005709,1.840558,1.832324,0.000587,15.095575,3.5,3.49,3.5
16.382761,1456,1,bajada,0.005710,0.005708,1.839935,1.833262,0.000588,15.097193,3.5,3.49,3.5
16.450845,1457,1,bajada,0.005714,0.005711,1.840370,1.832631,0.000589,15.095636,3.5,3.49,3.5
16.510988,1458,1,bajada,0.005709,0.005716,1.840370,1.834615,0.000589,15.096399,3.5,3.49,3.5
16.557487,1459,1,bajada,0.005724,0.005718,1.842823,1.834702,0.000589,15.096399,3.5,3.49,3.5
16.592318,1460,1,bajada,0.005710,0.005718,1.841094,1.834702,0.000589,15.102228,3.5,3.49,3.5
16.639428,1461,1,bajada,0.005726,0.005716,1.841094,1.833727,0.000589,15.092890,3.5,3.489,3.5
16.686995,1462,1,bajada,0.005730,0.005716,1.840332,1.835462,0.000589,15.099085,3.5,3.49,3.5
16.802117,1463,1,bajada,0.005734,0.005719,1.843440,1.836952,0.000591,15.092127,3.5,3.489,3.5
16.848508,1464,1,bajada,0.005709,0.005724,1.844638,1.836952,0.000591,15.102930,3.5,3.49,3.5
16.897861,1465,1,bajada,0.005709,0.005722,1.842453,1.836642,0.000590,15.101221,3.5,3.489,3.5
17.038215,1466,1,bajada,0.005749,0.005723,1.841857,1.835623,0.000590,15.097834,3.5,3.489,3.5
17.181965,1467,1,bajada,0.005708,0.005722,1.842996,1.836418,0.000589,15.099665,3.5,3.489,3.5
17.229612,1468,1,bajada,0.005706,0.005721,1.840609,1.834851,0.000590,15.099543,3.5,3.49,3.5
17.312098,1469,1,bajada,0.005749,0.005722,1.841699,1.838826,0.000591,15.099543,3.5,3.489,3.5
17.359300,1470,1,bajada,0.005749,0.005722,1.844197,1.834898,0.000589,15.096643,3.5,3.489,3.5
17.442551,1471,1,bajada,0.005750,0.005721,1.844393,1.837533,0.000591,15.103632,3.5,3.49,3.5
17.552797,1472,1,bajada,0.005743,0.005717,1.840674,1.834604,0.000589,15.095636,3.5,3.489,3.5
17.599642,1473,1,bajada,0.005706,0.005716,1.841687,1.834604,0.000589,15.099909,3.5,3.49,3.5
17.825005,1474,1,bajada,0.005711,0.005719,1.842191,1.837187,0.000590,15.099146,3.5,3.489,3.5
17.904225,1475,1,bajada,0.005709,0.005716,1.842275,1.834940,0.000589,15.091120,3.5,3.489,3.5
17.975848,1476,1,bajada,0.005731,0.005720,1.844492,1.834940,0.000591,15.098200,3.5,3.489,3.5
18.029215,1477,1,bajada,0.005730,0.005718,1.843306,1.837086,0.000591,15.096766,3.5,3.489,3.5
18.126970,1478,1,bajada,0.005729,0.005721,1.841807,1.836445,0.000591,15.093073,3.5,3.489,3.5
18.209507,1479,1,bajada,0.005726,0.005721,1.843133,1.835235,0.000590,15.100672,3.5,3.489,3.5
18.320349,1480,1,bajada,0.005719,0.005722,1.841586,1.835953,0.000590,15.096125,3.5,3.489,3.5
18.433718,1481,1,bajada,0.005717,0.005714,1.840191,1.834964,0.000588,15.100733,3.5,3.489,3.5
18.480748,1482,1,bajada,0.005714,0.005719,1.843342,1.834964,0.000591,15.103174,3.5,3.489,3.5
18.657223,1483,1,bajada,0.005732,0.005723,1.842203,1.836454,0.000590,15.096643,3.489,3.5,3.5
18.735525,1484,1,bajada,0.005733,0.005721,1.842853,1.835489,0.000589,15.100397,3.489,3.5,3.5
18.865038,1485,1,bajada,0.005698,0.005713,1.838934,1.832449,0.000588,15.096003,3.5,3.489,3.5
18.945232,1486,1,bajada,0.005701,0.005714,1.841819,1.835310,0.000589,15.098139,3.5,3.489,3.5
19.087184,1487,1,bajada,0.005745,0.005719,1.842996,1.837402,0.000590,15.091547,3.5,3.489,3.5
19.217136,1488,1,bajada,0.005706,0.005720,1.843693,1.835819,0.000590,15.094080,3.489,3.5,3.5
19.277949,1489,1,bajada,0.005749,0.005720,1.843693,1.835959,0.000590,15.098352,3.5,3.489,3.5
19.308620,1490,1,bajada,0.005707,0.005719,1.842084,1.836731,0.000590,15.098352,3.5,3.489,3.5
19.361155,1491,1,bajada,0.005748,0.005719,1.842698,1.836731,0.000591,15.104670,3.5,3.489,3.5
19.425111,1492,1,bajada,0.005745,0.005716,1.841661,1.837122,0.000590,15.093683,3.5,3.489,3.5
19.584809,1493,1,bajada,0.005752,0.005726,1.845311,1.840024,0.000592,15.098078,3.5,3.489,3.5
19.647750,1494,1,bajada,0.005717,0.005725,1.845311,1.838469,0.000590,15.091608,3.5,3.488,3.5
19.694814,1495,1,bajada,0.005748,0.005725,1.842930,1.837175,0.000591,15.091608,3.5,3.488,3.5
19.740373,1496,1,bajada,0.005744,0.005722,1.842859,1.835825,0.000591,15.095087,3.5,3.488,3.5
19.837553,1497,1,bajada,0.005742,0.005724,1.843753,1.838505,0.000591,15.091059,3.5,3.489,3.5
19.900255,1498,1,bajada,0.005714,0.005721,1.843753,1.838356,0.000591,15.093988,3.5,3.489,3.5
19.951081,1499,1,bajada,0.005714,0.005721,1.843330,1.837205,0.000591,15.098291,3.5,3.488,3.5
0.096832,1501,1,bajada,-0.005248,-0.005239,1.761409,1.763349,0.000539,15.104120,0.0,0.0,0.0
0.163229,1502,1,bajada,-0.005248,-0.005239,1.761409,1.763367,0.000536,15.098352,0.0,0.0,0.0
0.209199,1503,1,bajada,-0.005241,-0.005238,1.753666,1.761758,0.000533,15.104181,0.0,0.0,0.0
0.357229,1504,1,bajada,-0.005246,-0.005230,1.754188,1.759314,0.000533,15.098719,0.0,0.0,0.0
0.499584,1505,1,bajada,-0.005262,-0.005192,1.814892,1.826348,0.000607,15.095942,0.0,0.001,0.0
0.576177,1506,1,bajada,-0.005338,-0.005365,1.828545,1.813211,0.000574,15.095942,0.0,0.001,0.0
0.677535,1507,1,bajada,-0.005486,-0.005460,1.853230,1.863324,0.000602,15.094690,0.0,-0.0,0.0
0.755861,1508,1,bajada,-0.005513,-0.005488,1.850408,1.861664,0.000600,15.099146,0.0,-0.0,0.0
0.897576,1509,1,bajada,-0.005470,-0.005490,1.847460,1.849889,0.000615,15.095270,0.0,0.001,0.0
0.948670,1510,1,bajada,-0.005529,-0.005522,1.885169,1.890703,0.000622,15.095270,0.0,0.0,0.0
1.116760,1511,1,bajada,-0.005191,-0.005125,1.595166,1.568215,0.000425,15.100031,0.0,0.0,0.0
1.187792,1512,1,bajada,-0.004994,-0.004977,1.692461,1.699149,0.000492,15.097223,0.0,0.0,0.0
1.250970,1513,1,bajada,-0.005064,-0.005036,1.702788,1.719251,0.000507,15.095942,0.0,-0.0,0.0
1.380008,1514,1,bajada,-0.005116,-0.005090,1.722010,1.914748,0.000637,15.095575,0.0,0.0,0.0
1.489564,1515,1,bajada,-0.005478,-0.005513,1.913401,1.911693,0.000642,15.097193,0.0,-0.0,0.0
1.730008,1516,1,bajada,-0.005659,-0.005663,1.914417,1.919129,0.000643,15.093256,0.0,-0.0,0.0
1.791570,1517,1,bajada,-0.005682,-0.005669,1.914417,1.920443,0.000643,15.100214,0.0,-0.0,0.0
1.844279,1518,1,bajada,-0.005682,-0.005669,1.913913,1.919936,0.000642,15.093622,0.0,0.0,0.0
1.924162,1519,1,bajada,-0.005682,-0.005671,1.915305,1.920139,0.000643,15.105890,0.0,-0.0,0.0
2.096135,1520,1,bajada,-0.005679,-0.005671,1.914873,1.920160,0.000643,15.094507,0.0,0.0,0.0
2.196291,1521,1,bajada,-0.005677,-0.005671,1.913225,1.919421,0.000642,15.092676,0.0,0.001,0.0
2.260207,1522,1,bajada,-0.005675,-0.005674,1.913869,1.919808,0.000642,15.096827,0.0,-0.0,0.0
2.339257,1523,1,bajada,-0.005668,-0.005670,1.911324,1.920026,0.000641,15.100336,0.0,0.0,0.0
2.484269,1524,1,bajada,-0.005685,-0.005667,1.913338,1.917353,0.000642,15.094446,0.0,-0.0,0.0
2.563733,1525,1,bajada,-0.005686,-0.005667,1.912039,1.918786,0.000640,15.091059,0.0,0.0,0.0
2.660166,1526,1,bajada,-0.005687,-0.005667,1.913228,1.919007,0.000641,15.095331,0.0,0.0,0.0
2.723355,1527,1,bajada,-0.005688,-0.005667,1.912128,1.915731,0.000640,15.096766,0.0,0.0,0.0
2.801653,1528,1,bajada,-0.005685,-0.005664,1.908764,1.917284,0.000640,15.093256,0.0,0.0,0.0
2.944740,1529,1,bajada,-0.005639,-0.005661,1.911893,1.917305,0.000642,15.096399,0.0,0.0,0.0
3.007936,1530,1,bajada,-0.005643,-0.005664,1.914736,1.917719,0.000643,15.096064,0.0,0.0,0.0
3.123855,1531,1,bajada,-0.005647,-0.005669,1.912939,1.920705,0.000642,15.096643,0.0,0.0,0.0
3.172023,1532,1,bajada,-0.005688,-0.005669,1.912939,1.920255,0.000642,15.099268,0.0,0.0,0.0
3.296597,1533,1,bajada,-0.005652,-0.005670,1.912253,1.916295,0.000641,15.094141,0.0,0.0,0.0
3.346428,1534,1,bajada,-0.005649,-0.005667,1.912221,1.919162,0.000641,15.096125,0.0,0.0,0.0
3.424452,1535,1,bajada,-0.005682,-0.005664,1.912221,1.918703,0.000641,15.093744,0.0,0.0,0.0
3.523728,1536,1,bajada,-0.005653,-0.005666,1.913010,1.916512,0.000641,15.099329,0.0,-0.0,0.0
3.630692,1537,1,bajada,-0.005654,-0.005665,1.912209,1.917379,0.000641,15.095087,0.0,0.0,0.0
3.680645,1538,1,bajada,-0.005659,-0.005665,1.911803,1.918172,0.000641,15.097071,0.0,0.0,0.0
3.809707,1539,1,bajada,-0.005679,-0.005666,1.913285,1.917555,0.000641,15.088526,0.0,0.0,0.0
3.890792,1540,1,bajada,-0.005677,-0.005666,1.911488,1.917999,0.000641,15.091303,0.0,0.0,0.0
3.969974,1541,1,bajada,-0.005675,-0.005664,1.910391,1.917683,0.000640,15.101862,0.0,0.001,0.0
4.096277,1542,1,bajada,-0.005671,-0.005663,1.911905,1.916304,0.000641,15.095819,0.0,0.0,0.0
4.194013,1543,1,bajada,-0.005674,-0.005664,1.911660,1.917207,0.000641,15.096827,0.0,0.001,0.0
4.275465,1544,1,bajada,-0.005679,-0.005667,1.911750,1.917266,0.000641,15.097773,0.0,0.001,0.0
4.384002,1545,1,bajada,-0.005679,-0.005664,1.912960,1.917040,0.000641,15.094446,0.0,0.0,0.0
4.528873,1546,1,bajada,-0.005683,-0.005666,1.909976,1.915615,0.000640,15.096643,0.0,0.0,0.0
4.589833,1547,1,bajada,-0.005654,-0.005662,1.909965,1.916140,0.000641,15.096643,0.0,0.0,0.0
4.736804,1548,1,bajada,-0.005651,-0.005665,1.911297,1.917949,0.000641,15.099207,0.0,0.0,0.0
4.850285,1549,1,bajada,-0.005686,-0.005665,1.911633,1.917228,0.000641,15.093683,0.0,0.0,0.0
4.928746,1550,1,bajada,-0.005645,-0.005665,1.911633,1.916488,0.000641,15.098352,0.0,0.001,0.0
4.975210,1551,1,bajada,-0.005644,-0.005664,1.911806,1.918446,0.000641,15.095881,0.0,-0.0,0.0
5.069568,1552,1,bajada,-0.005643,-0.005665,1.909959,1.917773,0.000641,15.094141,0.0,0.001,0.0
5.154716,1553,1,bajada,-0.005643,-0.005665,1.912766,1.917439,0.000641,15.098139,0.0,0.001,0.0
5.246267,1554,1,bajada,-0.005646,-0.005667,1.911431,1.918208,0.000641,15.095819,0.0,0.0,0.0
5.310981,1555,1,bajada,-0.005646,-0.005665,1.911094,1.918199,0.000642,15.095453,0.0,0.0,0.0
5.394218,1556,1,bajada,-0.005647,-0.005666,1.912450,1.916894,0.000641,15.095392,0.0,0.0,0.0
5.471486,1557,1,bajada,-0.005682,-0.005665,1.912996,1.917752,0.000642,15.095392,0.0,0.001,0.0
5.613412,1558,1,bajada,-0.005678,-0.005661,1.957982,1.917594,0.000672,15.093256,0.0,0.0,0.0
5.696976,1559,1,bajada,-0.005766,-0.005747,1.957422,1.916789,0.000648,15.098475,0.0,0.0,0.0
5.760589,1560,1,bajada,-0.005736,-0.005729,1.910868,1.916789,0.000641,15.096155,0.0,0.0,0.0
6.060536,1561,1,bajada,-0.005667,-0.005662,1.910421,1.916962,0.000640,15.095636,0.0,0.0,0.0
6.140485,1562,1,bajada,-0.005672,-0.005662,1.910266,1.916962,0.000640,15.101984,0.0,0.0,0.0
6.177912,1563,1,bajada,-0.005670,-0.005662,1.910266,1.915880,0.000640,15.089106,0.0,0.0,0.0
6.257532,1564,1,bajada,-0.005674,-0.005663,1.911121,1.915472,0.000640,15.101465,-0.0,0.0,0.0
6.318902,1565,1,bajada,-0.005674,-0.005663,1.910078,1.916214,0.000641,15.093988,0.0,0.0,0.0
6.433865,1566,1,bajada,-0.005675,-0.005660,1.909100,1.915359,0.000640,15.092890,0.0,0.0,0.0
6.503847,1567,1,bajada,-0.005675,-0.005659,1.910871,1.914447,0.000640,15.096277,0.0,0.0,0.0
6.555088,1568,1,bajada,-0.005655,-0.005659,1.910871,1.915877,0.000640,15.085535,0.0,0.0,0.0
6.606541,1569,1,bajada,-0.005653,-0.005659,1.909595,1.916661,0.000640,15.094934,0.0,0.0,0.0
6.700157,1570,1,bajada,-0.005651,-0.005661,1.913586,1.918861,0.000643,15.095057,0.0,0.0,0.0
6.829356,1571,1,bajada,-0.005712,-0.005689,1.913747,1.919901,0.000642,15.094019,0.0,0.0,0.0
6.895202,1572,1,bajada,-0.005665,-0.005678,1.913913,1.919901,0.000643,15.101923,0.0,0.0,0.0
7.038783,1573,1,bajada,-0.005649,-0.005670,1.913255,1.917511,0.000642,15.094690,0.0,0.0,0.0
7.162966,1574,1,bajada,-0.005689,-0.005669,1.914059,1.920160,0.000643,15.089930,0.0,0.0,0.0
7.228754,1575,1,bajada,-0.005648,-0.005672,1.913970,1.920142,0.000643,15.089930,0.0,0.0,0.0
7.278456,1576,1,bajada,-0.005651,-0.005674,1.915645,1.920437,0.000643,15.099024,0.0,0.0,0.0
7.357370,1577,1,bajada,-0.005651,-0.005671,1.913529,1.920074,0.000643,15.097071,0.0,0.0,0.0
7.436831,1578,1,bajada,-0.005690,-0.005671,1.913529,1.920327,0.000642,15.094385,0.0,0.0,0.0
7.710186,1579,1,bajada,-0.005662,-0.005675,1.912763,1.919859,0.000642,15.089808,0.0,-0.0,0.0
8.076970,1580,1,bajada,-0.005687,-0.005674,1.914116,1.915612,0.000639,15.091181,0.0,0.0,0.0
8.272437,1581,1,bajada,-0.005686,-0.005676,1.909920,1.921877,0.000640,15.099970,0.0,0.0,0.0
8.382155,1582,1,bajada,-0.005677,-0.005667,1.912191,1.917156,0.000641,15.096643,0.0,0.001,0.0
8.462634,1583,1,bajada,-0.005679,-0.005666,1.912602,1.919519,0.000642,15.095148,0.0,0.001,0.0
8.523886,1584,1,bajada,-0.005668,-0.005667,1.912525,1.919519,0.000642,15.098261,0.0,0.0,0.0
8.591859,1585,1,bajada,-0.005664,-0.005667,1.912692,1.917615,0.000642,15.099207,0.0,0.0,0.0
8.668046,1586,1,bajada,-0.005661,-0.005667,1.913493,1.918113,0.000641,15.095697,0.0,-0.0,0.0
8.844108,1587,1,bajada,-0.005655,-0.005668,1.910999,1.916906,0.000641,15.098413,0.001,0.0,0.0
8.908517,1588,1,bajada,-0.005650,-0.005667,1.912113,1.915600,0.000641,15.097834,0.0,-0.0,0.0
9.008270,1589,1,bajada,-0.005648,-0.005666,1.911741,1.917490,0.000641,15.096827,0.0,0.0,0.0
9.100221,1590,1,bajada,-0.005646,-0.005667,1.910680,1.919066,0.000643,15.095087,0.0,0.0,0.0
9.295695,1591,1,bajada,-0.005685,-0.005666,1.910841,1.916041,0.000640,15.094324,0.0,0.0,0.0
9.357284,1592,1,bajada,-0.005642,-0.005664,1.909944,1.916229,0.000641,15.094324,0.0,0.0,0.0
9.417413,1593,1,bajada,-0.005642,-0.005664,1.910388,1.914432,0.000640,15.094446,0.0,0.0,0.0
9.519374,1594,1,bajada,-0.005643,-0.005663,1.910725,1.916465,0.000640,15.098963,0.0,0.0,0.0
9.644028,1595,1,bajada,-0.005679,-0.005663,1.909878,1.916813,0.000640,15.097834,0.0,0.0,0.0
9.690514,1596,1,bajada,-0.005647,-0.005663,1.909878,1.915627,0.000641,15.098078,0.0,0.0,0.0
9.741374,1597,1,bajada,-0.005654,-0.005665,1.909974,1.915836,0.000639,15.097712,0.0,0.0,0.0
9.819675,1598,1,bajada,-0.005677,-0.005661,1.909974,1.915871,0.000639,15.097895,0.0,0.0,0.0
9.919446,1599,1,bajada,-0.005657,-0.005663,1.910701,1.914510,0.000640,15.090937,0.0,0.0,0.0
10.190897,1600,1,bajada,-0.005667,-0.005663,1.909956,1.915272,0.000640,15.094995,0.0,0.0,0.0
10.234475,1601,1,bajada,-0.005673,-0.005664,1.910141,1.916214,0.000640,15.094995,0.0,0.0,0.0
10.319336,1602,1,bajada,-0.005673,-0.005665,1.912245,1.916998,0.000641,15.091059,0.0,0.0,0.0
10.366315,1603,1,bajada,-0.005676,-0.005667,1.911935,1.917129,0.000641,15.091059,0.0,0.0,0.0
10.398065,1604,1,bajada,-0.005671,-0.005666,1.910367,1.917129,0.000640,15.096155,0.0,0.0,0.0
10.460032,1605,1,bajada,-0.005666,-0.005665,1.911443,1.915228,0.000640,15.089106,0.0,0.0,0.0
10.601514,1606,1,bajada,-0.005681,-0.005665,1.911488,1.918598,0.000641,15.096338,0.0,0.0,0.0
10.668977,1607,1,bajada,-0.005684,-0.005667,1.910218,1.916962,0.000641,15.094141,0.0,0.0,0.0
10.746808,1608,1,bajada,-0.005688,-0.005668,1.912039,1.916631,0.000640,15.097345,0.0,0.0,0.0
10.861446,1609,1,bajada,-0.005686,-0.005666,1.911425,1.917284,0.000640,15.094812,0.0,0.0,0.0
10.907694,1610,1,bajada,-0.005650,-0.005665,1.910623,1.917284,0.000641,15.094324,0.0,0.0,0.0
10.975489,1611,1,bajada,-0.005647,-0.005665,1.910039,1.915952,0.000640,15.094690,0.0,0.0,0.0
11.084082,1612,1,bajada,-0.005684,-0.005664,1.911625,1.917341,0.000641,15.092554,0.0,-0.0,0.0
11.161303,1613,1,bajada,-0.005642,-0.005664,1.910886,1.917341,0.000641,15.096338,0.0,0.0,0.0
11.309451,1614,1,bajada,-0.005645,-0.005667,1.910906,1.915424,0.000641,15.099268,0.0,0.0,0.0
11.388383,1615,1,bajada,-0.005645,-0.005665,1.911368,1.918005,0.000641,15.095575,0.0,0.0,0.0
11.450058,1616,1,bajada,-0.005684,-0.005666,1.911368,1.917904,0.000641,15.096888,0.0,0.0,0.0
11.499767,1617,1,bajada,-0.005683,-0.005667,1.911708,1.916143,0.000641,15.098291,0.0,0.0,0.0
11.626213,1618,1,bajada,-0.005652,-0.005665,1.911353,1.917105,0.000641,15.097467,0.0,0.0,0.0
11.710760,1619,1,bajada,-0.005655,-0.005666,1.907068,1.913887,0.000639,15.097651,0.0,0.0,0.0
11.787704,1620,1,bajada,-0.005678,-0.005662,1.907408,1.913887,0.000638,15.096460,0.0,0.0,0.0
11.869907,1621,1,bajada,-0.005673,-0.005658,1.908102,1.912060,0.000638,15.092951,0.0,0.001,0.0
11.917304,1622,1,bajada,-0.005670,-0.005657,1.907494,1.914506,0.000638,15.095057,0.0,0.0,0.0
12.041734,1623,1,bajada,-0.005657,-0.005655,1.906987,1.911675,0.000638,15.093622,0.0,0.0,0.0
12.265354,1624,1,bajada,-0.005665,-0.005659,1.907375,1.915112,0.000638,15.092188,0.0,0.0,0.0
12.329334,1625,1,bajada,-0.005669,-0.005657,1.907375,1.912617,0.000638,15.096003,0.0,0.0,0.0
12.378776,1626,1,bajada,-0.005667,-0.005654,1.908218,1.911803,0.000638,15.094263,0.0,-0.0,0.0
12.460843,1627,1,bajada,-0.005670,-0.005654,1.907956,1.914495,0.000638,15.095331,0.0,-0.0,0.0
12.540872,1628,1,bajada,-0.005653,-0.005656,1.908105,1.914495,0.000639,15.098139,0.0,-0.0,0.0
12.588211,1629,1,bajada,-0.005650,-0.005657,1.908355,1.912647,0.000638,15.093988,0.0,0.001,0.0
12.734154,1630,1,bajada,-0.005677,-0.005658,1.908784,1.914578,0.000638,15.093073,0.0,0.001,0.0
12.828748,1631,1,bajada,-0.005680,-0.005659,1.907729,1.913958,0.000639,15.094934,0.0,0.0,0.0
12.920621,1632,1,bajada,-0.005638,-0.005658,1.909285,1.913306,0.000639,15.092127,0.0,-0.0,0.0
13.065803,1633,1,bajada,-0.005677,-0.005657,1.907610,1.914134,0.000638,15.097467,0.0,0.001,0.0
13.170548,1634,1,bajada,-0.005635,-0.005657,1.909097,1.912712,0.000639,15.095331,0.0,-0.0,0.0
13.355534,1635,1,bajada,-0.005638,-0.005657,1.907834,1.912712,0.000638,15.088923,0.0,0.0,0.0
13.593502,1636,1,bajada,-0.005646,-0.005657,1.907762,1.914286,0.000639,15.092554,0.0,-0.001,0.0
13.674516,1637,1,bajada,-0.005647,-0.005656,1.907786,1.912572,0.000639,15.094080,0.0,-0.001,0.0
13.756764,1638,1,bajada,-0.005653,-0.005658,1.907279,1.913785,0.000638,15.095881,0.0,0.0,0.0
13.831924,1639,1,bajada,-0.005672,-0.005659,1.907279,1.914819,0.000638,15.091608,0.0,-0.0,0.0
13.916132,1640,1,bajada,-0.005670,-0.005658,1.908716,1.914557,0.000639,15.094812,0.0,-0.0,0.0
14.108561,1641,1,bajada,-0.005664,-0.005657,1.907431,1.914295,0.000638,15.100275,0.0,-0.0,0.0
14.172885,1642,1,bajada,-0.005665,-0.005656,1.907184,1.912537,0.000638,15.098352,0.0,-0.0,0.0
14.247332,1643,1,bajada,-0.005660,-0.005657,1.908057,1.913204,0.000638,15.098352,0.0,-0.0,0.0
14.332893,1644,1,bajada,-0.005661,-0.005659,1.909255,1.915445,0.000639,15.097712,0.0,-0.0,0.0
14.378834,1645,1,bajada,-0.005673,-0.005658,1.907700,1.913466,0.000638,15.097712,0.0,0.0,0.0
14.475760,1646,1,bajada,-0.005650,-0.005656,1.907595,1.911410,0.000638,15.090815,0.0,-0.0,0.0
14.555597,1647,1,bajada,-0.005646,-0.005655,1.908552,1.913082,0.000638,15.093897,0.0,-0.0,0.0
14.651570,1648,1,bajada,-0.005642,-0.005654,1.906672,1.913717,0.000638,15.092371,0.0,-0.0,0.0
14.711643,1649,1,bajada,-0.005675,-0.005654,1.906672,1.912653,0.000637,15.092005,0.0,0.0,0.0
14.825702,1650,1,bajada,-0.005637,-0.005656,1.907357,1.911479,0.000638,15.094507,0.0,0.0,0.0
14.890752,1651,1,bajada,-0.005631,-0.005653,1.904985,1.911392,0.000637,15.100489,0.0,-0.0,0.0
14.955548,1652,1,bajada,-0.005672,-0.005650,1.904985,1.910447,0.000637,15.098536,0.0,-0.0,0.0
14.995941,1653,1,bajada,-0.005628,-0.005650,1.904403,1.909637,0.000636,15.098536,0.0,0.0,0.0
15.051901,1654,1,bajada,-0.005628,-0.005649,1.907557,1.911803,0.000637,15.097773,0.0,0.0,0.0
15.190936,1655,1,bajada,-0.005668,-0.005650,1.904633,1.911112,0.000636,15.093134,0.0,-0.0,0.0
15.386174,1656,1,bajada,-0.005633,-0.005649,1.906046,1.911151,0.000637,15.093744,0.0,0.0,0.0
15.466513,1657,1,bajada,-0.005664,-0.005649,1.906046,1.911771,0.000636,15.093622,0.0,0.0,0.0
15.564160,1658,1,bajada,-0.005639,-0.005649,1.906490,1.910397,0.000636,15.095087,0.0,0.0,0.0
15.690997,1659,1,bajada,-0.005662,-0.005649,1.904856,1.910853,0.000636,15.095636,0.0,0.0,0.0
15.783282,1660,1,bajada,-0.005664,-0.005651,1.904654,1.910278,0.000636,15.093805,0.0,0.0,0.0
15.848024,1661,1,bajada,-0.005660,-0.005648,1.905366,1.909750,0.000636,15.093744,0.0,-0.0,0.0
15.964315,1662,1,bajada,-0.005658,-0.005647,1.904812,1.911377,0.000636,15.090815,0.0,0.0,0.0
16.011847,1663,1,bajada,-0.005653,-0.005648,1.904216,1.910814,0.000636,15.090815,0.0,-0.0,0.0
16.058414,1664,1,bajada,-0.005656,-0.005648,1.904114,1.910474,0.000636,15.094995,0.0,0.0,0.0
16.138912,1665,1,bajada,-0.005657,-0.005645,1.904719,1.908782,0.000636,15.093317,0.0,0.001,0.0
16.251483,1666,1,bajada,-0.005659,-0.005646,1.903960,1.909407,0.000635,15.097406,0.0,0.0,0.0
16.474888,1667,1,bajada,-0.005662,-0.005644,1.902535,1.909235,0.000635,15.091852,0.0,-0.0,0.0
16.584501,1668,1,bajada,-0.005662,-0.005642,1.901823,1.906949,0.000634,15.092615,0.0,0.0,0.0
16.714018,1669,1,bajada,-0.005619,-0.005636,1.901337,1.905238,0.000633,15.093805,0.0,0.0,0.0
16.759405,1670,1,bajada,-0.005657,-0.005638,1.900195,1.906606,0.000633,15.093805,0.0,0.0,0.0
16.806774,1671,1,bajada,-0.005618,-0.005637,1.899823,1.906606,0.000633,15.096216,0.0,-0.0,0.0
16.840594,1672,1,bajada,-0.005656,-0.005635,1.899823,1.906469,0.000632,15.090357,0.0,0.0,0.0
16.890774,1673,1,bajada,-0.005611,-0.005625,1.884665,1.904517,0.000633,15.090357,0.0,0.0,0.0
16.969457,1674,1,bajada,-0.005614,-0.005638,1.905587,1.909485,0.000637,15.094019,0.0,0.0,0.0
17.015923,1675,1,bajada,-0.005623,-0.005644,1.905500,1.911705,0.000637,15.094080,0.0,0.0,0.0
17.275446,1676,1,bajada,-0.005634,-0.005651,1.906049,1.911300,0.000637,15.094263,0.0,0.0,0.0
17.350401,1677,1,bajada,-0.005667,-0.005650,1.906049,1.912140,0.000636,15.088343,0.0,0.0,0.0
17.483271,1678,1,bajada,-0.005662,-0.005647,1.906060,1.910751,0.000637,15.092371,0.0,0.0,0.0
17.675238,1679,1,bajada,-0.005662,-0.005648,1.905617,1.911258,0.000637,15.101740,0.0,0.0,0.0
17.722035,1680,1,bajada,-0.005646,-0.005649,1.905617,1.911649,0.000638,15.096399,0.0,0.0,0.0
17.976420,1681,1,bajada,-0.005657,-0.005652,1.905888,1.913574,0.000637,15.092493,0.0,0.0,0.0
18.023826,1682,1,bajada,-0.005659,-0.005651,1.905548,1.910358,0.000636,15.092676,0.0,0.0,0.0
18.106978,1683,1,bajada,-0.005660,-0.005647,1.905217,1.911047,0.000636,15.101221,0.0,-0.0,0.0
18.185757,1684,1,bajada,-0.005650,-0.005647,1.906156,1.911047,0.000637,15.087976,0.0,-0.0,0.0
18.390757,1685,1,bajada,-0.005666,-0.005649,1.906314,1.911800,0.000637,15.091944,0.0,0.0,0.0
18.438788,1686,1,bajada,-0.005666,-0.005647,1.904305,1.910820,0.000637,15.097773,0.0,0.0,0.0
18.522812,1687,1,bajada,-0.005667,-0.005647,1.906052,1.911166,0.000637,15.093500,0.0,-0.001,0.0
18.599034,1688,1,bajada,-0.005632,-0.005646,1.906052,1.910343,0.000636,15.095636,0.0,-0.0,0.0
18.743925,1689,1,bajada,-0.005629,-0.005648,1.904246,1.910570,0.000636,15.090815,0.0,-0.001,0.0
18.806502,1690,1,bajada,-0.005670,-0.005648,1.905944,1.910570,0.000635,15.090662,0.0,0.0,0.0
18.853384,1691,1,bajada,-0.005626,-0.005647,1.905944,1.909920,0.000637,15.096399,0.0,0.0,0.0
18.889668,1692,1,bajada,-0.005668,-0.005647,1.905926,1.910641,0.000636,15.096399,0.0,-0.0,0.0
19.018414,1693,1,bajada,-0.005626,-0.005648,1.905199,1.910191,0.000637,15.095636,0.0,0.0,0.0
19.125287,1694,1,bajada,-0.005665,-0.005647,1.906689,1.912405,0.000637,15.093317,0.0,0.0,0.0
19.209936,1695,1,bajada,-0.005664,-0.005647,1.905387,1.911362,0.000636,15.094141,0.0,-0.0,0.0
19.317814,1696,1,bajada,-0.005632,-0.005647,1.905590,1.909005,0.000636,15.092066,0.0,0.0,0.0
19.399500,1697,1,bajada,-0.005662,-0.005647,1.905998,1.911431,0.000636,15.092066,0.0,0.0,0.0
19.509269,1698,1,bajada,-0.005640,-0.005650,1.904520,1.911097,0.000636,15.097651,0.0,0.0,0.0
19.609671,1699,1,bajada,-0.005660,-0.005646,1.905152,1.910117,0.000636,15.093561,0.0,0.0,0.0
19.721585,1700,1,bajada,-0.005658,-0.005646,1.904365,1.911175,0.000635,15.098413,0.0,0.0,0.0
19.783792,1701,1,bajada,-0.005659,-0.005648,1.904505,1.910453,0.000636,15.096766,0.0,0.0,0.0
19.924271,1702,1,bajada,-0.005652,-0.005645,1.904997,1.910161,0.000636,15.096216,0.0,0.0,0.0
19.993863,1703,1,bajada,-0.005656,-0.005646,1.904401,1.909881,0.000636,15.092188,0.0,0.0,0.0
