Timestamp,Sample,Ciclo,Fase,Bridge VAB (V),KEITHLEY Voltaje (V),Bridge VA (V),Bridge VB (V),Bridge Current (A),TIVA Temp (C),Alicat Presion (kPA),Alicat Setpoint (kPA),Setpoint Enviado (kPA)
0.000332,1,1,subida,-0.006334,-0.006314,2.102872,2.109578,0.000806,5.148157,0.0,0.002,0.0
0.088282,2,1,subida,-0.006333,-0.006311,2.103400,2.108722,0.000805,5.157709,0.0,0.002,0.0
0.150703,3,1,subida,-0.006296,-0.006310,2.103400,2.108505,0.000806,5.149347,0.0,0.001,0.0
0.192199,4,1,subida,-0.006332,-0.006312,2.103325,2.110209,0.000806,5.149347,0.0,0.001,0.0
0.233835,5,1,subida,-0.006294,-0.006311,2.102711,2.110209,0.000806,5.148157,0.0,0.002,0.0
0.276676,6,1,subida,-0.006332,-0.006311,2.102711,2.109768,0.000806,5.149042,0.0,0.001,0.0
0.329206,7,1,subida,-0.006333,-0.006312,2.103659,2.108904,0.000805,5.152734,0.0,0.002,0.0
0.402169,8,1,subida,-0.006294,-0.006315,2.103659,2.108871,0.000806,5.143823,0.0,0.002,0.0
0.443733,9,1,subida,-0.006336,-0.006316,2.103266,2.109560,0.000805,5.143823,0.0,0.001,0.0
0.485224,10,1,subida,-0.006295,-0.006314,2.102723,2.109560,0.000805,5.152002,0.0,0.002,0.0
0.526206,11,1,subida,-0.006333,-0.006312,2.102723,2.109268,0.000805,5.145654,0.0,0.001,0.0
0.589263,12,1,subida,-0.006331,-0.006311,2.103486,2.109286,0.000806,5.149103,0.0,0.001,0.0
0.651850,13,1,subida,-0.006290,-0.006311,2.103486,2.108284,0.000806,5.149988,0.0,0.002,0.0
0.704279,14,1,subida,-0.006291,-0.006311,2.103057,2.109604,0.000806,5.145593,0.0,0.002,0.0
0.777889,15,1,subida,-0.006329,-0.006311,2.103057,2.109655,0.000806,5.146722,0.0,0.001,0.0
0.840267,16,1,subida,-0.006329,-0.006311,2.103554,2.109217,0.000806,5.143396,0.0,0.001,0.0
0.924993,17,1,subida,-0.006333,-0.006315,2.103504,2.109384,0.000805,5.147913,0.0,0.001,0.0
0.987795,18,1,subida,-0.006299,-0.006314,2.103465,2.109384,0.000806,5.148035,0.0,0.002,0.0
1.019673,19,1,subida,-0.006329,-0.006313,2.103465,2.110239,0.000805,5.147150,0.0,0.001,0.0
1.061758,20,1,subida,-0.006298,-0.006312,2.102565,2.109512,0.000806,5.147150,0.0,0.002,0.0
1.113975,21,1,subida,-0.006327,-0.006311,2.102968,2.109512,0.000805,5.148279,0.0,0.001,0.0
1.145669,22,1,subida,-0.006299,-0.006311,2.102968,2.108579,0.000806,5.143976,0.0,0.001,0.0
1.187831,23,1,subida,-0.006327,-0.006312,2.103963,2.109652,0.000806,5.143976,0.0,0.002,0.0
1.229373,24,1,subida,-0.006301,-0.006312,2.103382,2.109652,0.000805,5.149927,0.0,0.001,0.0
1.271678,25,1,subida,-0.006306,-0.006314,2.102321,2.109512,0.000805,5.146661,0.0,0.002,0.0
1.356159,26,1,subida,-0.006327,-0.006312,2.102690,2.109512,0.000805,5.140375,0.0,0.001,0.0
1.399030,27,1,subida,-0.006309,-0.006315,2.102690,2.108284,0.000805,5.146905,0.0,0.001,0.0
1.441132,28,1,subida,-0.006330,-0.006317,2.103823,2.109143,0.000805,5.146905,0.0,0.002,0.0
1.515314,29,1,subida,-0.006326,-0.006313,2.103683,2.110090,0.000805,5.144342,0.0,0.001,0.0
1.568300,30,1,subida,-0.006312,-0.006312,2.102413,2.109554,0.000806,5.144342,0.0,0.001,0.0
1.610503,31,1,subida,-0.006324,-0.006311,2.102360,2.109554,0.000805,5.146539,0.0,0.001,0.0
1.651698,32,1,subida,-0.006313,-0.006312,2.102360,2.108827,0.000805,5.145715,0.0,0.001,0.0
1.704805,33,1,subida,-0.006323,-0.006312,2.103993,2.108856,0.000805,5.145715,0.001,0.0,0.0
1.746675,34,1,subida,-0.006315,-0.006311,2.103227,2.108856,0.000805,5.147974,0.0,0.001,0.0
1.778151,35,1,subida,-0.006322,-0.006312,2.103227,2.109649,0.000805,5.150537,0.002,0.0,0.0
1.831057,36,1,subida,-0.006318,-0.006312,2.102541,2.109572,0.000805,5.150537,0.0,0.001,0.0
1.862731,37,1,subida,-0.006321,-0.006311,2.102491,2.109572,0.000806,5.148614,0.002,0.0,0.0
1.916277,38,1,subida,-0.006322,-0.006315,2.102491,2.109205,0.000806,5.151941,0.0,0.001,0.0
1.947475,39,1,subida,-0.006323,-0.006316,2.103522,2.108263,0.000805,5.151941,0.001,0.0,0.0
1.989489,40,1,subida,-0.006325,-0.006314,2.103525,2.108263,0.000806,5.148553,0.0,0.001,0.0
2.031046,41,1,subida,-0.006318,-0.006313,2.103525,2.109482,0.000805,5.148096,0.0,0.002,0.0
2.105087,42,1,subida,-0.006314,-0.006311,2.102282,2.109804,0.000805,5.152002,0.002,0.0,0.0
2.166405,43,1,subida,-0.006324,-0.006311,2.102282,2.109435,0.000805,5.146020,0.0,0.001,0.0
2.206822,44,1,subida,-0.006311,-0.006311,2.103185,2.108320,0.000805,5.146020,0.0,0.002,0.0
2.237634,45,1,subida,-0.006326,-0.006311,2.103644,2.108320,0.000805,5.152734,0.0,0.001,0.0
2.278641,46,1,subida,-0.006309,-0.006311,2.103644,2.109214,0.000805,5.142389,0.0,0.002,0.0
2.320601,47,1,subida,-0.006327,-0.006311,2.102726,2.109607,0.000805,5.142389,0.0,0.001,0.0
2.362049,48,1,subida,-0.006307,-0.006311,2.102395,2.109607,0.000805,5.151178,0.0,0.002,0.0
2.404636,49,1,subida,-0.006332,-0.006314,2.102395,2.109226,0.000805,5.139886,0.0,0.001,0.0
2.447513,50,1,subida,-0.006308,-0.006316,2.102792,2.108511,0.000805,5.139886,0.0,0.002,0.0
2.489698,51,1,subida,-0.006334,-0.006314,2.103623,2.108511,0.000805,5.142908,0.0,0.001,0.0
2.563245,52,1,subida,-0.006332,-0.006312,2.102884,2.109655,0.000805,5.154626,0.0,0.002,0.0
2.637052,53,1,subida,-0.006332,-0.006312,2.102768,2.108982,0.000806,5.152246,0.0,0.001,0.0
2.710871,54,1,subida,-0.006332,-0.006310,2.103868,2.108886,0.000805,5.156061,0.0,0.001,0.0
2.784967,55,1,subida,-0.006294,-0.006311,2.103868,2.108630,0.000806,5.148675,0.0,0.001,0.0
2.827205,56,1,subida,-0.006332,-0.006311,2.102929,2.109679,0.000805,5.148675,0.0,0.002,0.0
2.868277,57,1,subida,-0.006292,-0.006311,2.102532,2.109679,0.000805,5.150995,0.0,0.001,0.0
2.910489,58,1,subida,-0.006334,-0.006314,2.102532,2.109396,0.000805,5.150049,0.0,0.002,0.0
2.963004,59,1,subida,-0.006336,-0.006315,2.103432,2.108591,0.000805,5.149927,0.0,0.001,0.0
3.046085,60,1,subida,-0.006332,-0.006312,2.103471,2.109449,0.000805,5.147211,0.0,0.001,0.0
3.119021,61,1,subida,-0.006290,-0.006311,2.102458,2.109449,0.000805,5.150232,0.0,0.002,0.0
3.169909,62,1,subida,-0.006330,-0.006310,2.102458,2.109199,0.000805,5.138513,0.0,0.002,0.0
3.201323,63,1,subida,-0.006290,-0.006312,2.101984,2.108776,0.000805,5.138513,0.0,0.001,0.0
3.254435,64,1,subida,-0.006291,-0.006311,2.103101,2.108195,0.000805,5.149499,0.0,0.002,0.0
3.327184,65,1,subida,-0.006329,-0.006311,2.103358,2.109911,0.000805,5.149499,0.0,0.002,0.0
3.367990,66,1,subida,-0.006291,-0.006311,2.102956,2.109911,0.000805,5.149103,0.0,0.001,0.0
3.408067,67,1,subida,-0.006330,-0.006315,2.102956,2.109393,0.000805,5.149866,0.0,0.002,0.0
3.457952,68,1,subida,-0.006297,-0.006315,2.101892,2.108567,0.000805,5.149866,0.0,0.002,0.0
3.489419,69,1,subida,-0.006332,-0.006314,2.102899,2.108567,0.000805,5.156061,0.0,0.002,0.0
3.531032,70,1,subida,-0.006296,-0.006312,2.102899,2.107995,0.000806,5.148340,0.0,0.001,0.0
3.572673,71,1,subida,-0.006327,-0.006311,2.102979,2.108970,0.000805,5.148340,0.0,0.002,0.0
3.624986,72,1,subida,-0.006296,-0.006310,2.102628,2.108970,0.000805,5.148492,0.0,0.002,0.0
3.666497,73,1,subida,-0.006325,-0.006310,2.102628,2.109294,0.000805,5.145715,0.0,0.001,0.0
3.697839,74,1,subida,-0.006299,-0.006311,2.102073,2.108552,0.000805,5.145715,0.0,0.002,0.0
3.750634,75,1,subida,-0.006325,-0.006310,2.102285,2.108552,0.000805,5.151422,0.0,0.001,0.0
3.782320,76,1,subida,-0.006300,-0.006310,2.102285,2.108117,0.000805,5.145074,0.0,0.001,0.0
3.834820,77,1,subida,-0.006324,-0.006310,2.102968,2.108624,0.000805,5.145074,0.0,0.001,0.0
3.866538,78,1,subida,-0.006303,-0.006310,2.102494,2.108624,0.000805,5.141626,0.0,0.001,0.0
3.919387,79,1,subida,-0.006326,-0.006314,2.102494,2.109217,0.000805,5.151239,0.0,0.001,0.0
3.951158,80,1,subida,-0.006311,-0.006315,2.102118,2.108886,0.000805,5.151239,0.0,0.002,0.0
4.004568,81,1,subida,-0.006328,-0.006313,2.101763,2.108886,0.000805,5.153375,0.0,0.001,0.0
4.086533,82,1,subida,-0.006323,-0.006310,2.103009,2.107941,0.000805,5.143457,0.0,0.001,0.0
4.128549,83,1,subida,-0.006310,-0.006309,2.103224,2.107941,0.000805,5.148981,0.0,0.002,0.0
4.170935,84,1,subida,-0.006321,-0.006309,2.103224,2.109518,0.000805,5.151544,0.0,0.001,0.0
4.212699,85,1,subida,-0.006313,-0.006309,2.102163,2.108934,0.000805,5.151544,0.0,0.002,0.0
4.265318,86,1,subida,-0.006314,-0.006309,2.101376,2.108070,0.000805,5.146539,0.0,0.002,0.0
4.329226,87,1,subida,-0.006319,-0.006311,2.102571,2.107912,0.000805,5.146539,0.0,0.001,0.0
4.372316,88,1,subida,-0.006317,-0.006310,2.102029,2.107912,0.000804,5.146783,0.0,0.002,0.0
4.415272,89,1,subida,-0.006319,-0.006313,2.102029,2.108156,0.000804,5.144647,0.0,0.002,0.0
4.457501,90,1,subida,-0.006323,-0.006313,2.101057,2.107924,0.000804,5.144647,0.0,0.002,0.0
4.499007,91,1,subida,-0.006319,-0.006313,2.100580,2.107924,0.000804,5.147851,0.0,0.002,0.0
4.541328,92,1,subida,-0.006322,-0.006309,2.100580,2.107327,0.000804,5.144769,0.0,0.001,0.0
4.583411,93,1,subida,-0.006311,-0.006308,2.101120,2.106055,0.000803,5.144769,0.0,0.002,0.0
4.636105,94,1,subida,-0.006306,-0.006306,2.101859,2.107408,0.000804,5.146295,0.0,0.001,0.0
4.699709,95,1,subida,-0.006320,-0.006305,2.100804,2.107512,0.000804,5.146295,0.0,0.001,0.0
4.741480,96,1,subida,-0.006304,-0.006305,2.100288,2.107512,0.000804,5.154108,0.0,0.002,0.0
4.793810,97,1,subida,-0.006322,-0.006305,2.100288,2.107351,0.000804,5.145654,0.0,0.001,0.0
4.825707,98,1,subida,-0.006300,-0.006306,2.101126,2.107217,0.000805,5.145654,0.0,0.002,0.0
4.866512,99,1,subida,-0.006324,-0.006306,2.101862,2.107217,0.000803,5.143457,0.0,0.001,0.0
4.908665,100,1,subida,-0.006301,-0.006309,2.101862,2.107161,0.000804,5.143152,0.0,0.002,0.0
4.959845,101,1,subida,-0.006330,-0.006311,2.101176,2.107885,0.000804,5.143152,0.0,0.001,0.0
5.000981,102,1,subida,-0.006301,-0.006311,2.100565,2.107885,0.000804,5.155267,0.0,0.002,0.0
5.042703,103,1,subida,-0.006328,-0.006308,2.100565,2.107742,0.000804,5.144769,0.0,0.001,0.0
5.095314,104,1,subida,-0.006327,-0.006306,2.102160,2.106600,0.000804,5.150354,0.001,0.0,0.0
5.167624,105,1,subida,-0.006291,-0.006307,2.102160,2.107256,0.000804,5.145654,0.001,0.0,0.0
5.209698,106,1,subida,-0.006327,-0.006307,2.101361,2.108269,0.000804,5.145654,0.0,0.001,0.0
5.250816,107,1,subida,-0.006288,-0.006307,2.100357,2.108269,0.000804,5.149408,0.001,0.0,0.0
5.292361,108,1,subida,-0.006326,-0.006305,2.100357,2.106976,0.000803,5.147851,0.0,0.002,0.0
5.345017,109,1,subida,-0.006326,-0.006306,2.101573,2.106845,0.000804,5.151544,0.0,0.001,0.0
5.439848,110,1,subida,-0.006331,-0.006310,2.101692,2.108248,0.000804,5.143457,0.0,0.001,0.0
5.513368,111,1,subida,-0.006328,-0.006309,2.100506,2.106725,0.000804,5.144769,0.0,0.001,0.0
5.598165,112,1,subida,-0.006324,-0.006305,2.101644,2.106654,0.000804,5.151361,0.0,0.001,0.0
5.660806,113,1,subida,-0.006284,-0.006305,2.101644,2.105793,0.000804,5.148096,0.0,0.001,0.0
5.734829,114,1,subida,-0.006285,-0.006305,2.100679,2.107515,0.000804,5.147485,0.001,0.0,0.0
5.797734,115,1,subida,-0.006322,-0.006304,2.100679,2.107703,0.000804,5.144830,0.0,0.002,0.0
5.829432,116,1,subida,-0.006287,-0.006305,2.099892,2.106767,0.000803,5.144830,0.0,0.001,0.0
5.871863,117,1,subida,-0.006322,-0.006305,2.100980,2.106767,0.000804,5.145471,0.0,0.002,0.0
5.924529,118,1,subida,-0.006291,-0.006308,2.100980,2.106311,0.000803,5.152124,0.0,0.001,0.0
5.966184,119,1,subida,-0.006325,-0.006310,2.100962,2.107095,0.000803,5.152124,0.0,0.001,0.0
5.997244,120,1,subida,-0.006295,-0.006309,2.100896,2.107095,0.000804,5.146142,0.0,0.001,0.0
6.039024,121,1,subida,-0.006322,-0.006307,2.100896,2.108040,0.000803,5.140771,0.0,0.002,0.0
6.090472,122,1,subida,-0.006293,-0.006305,2.100103,2.107182,0.000804,5.140771,0.0,0.001,0.0
6.131966,123,1,subida,-0.006320,-0.006305,2.101108,2.107182,0.000804,5.143640,0.0,0.001,0.0
6.184832,124,1,subida,-0.006320,-0.006306,2.102058,2.107438,0.000804,5.149042,0.0,0.001,0.0
6.247663,125,1,subida,-0.006298,-0.006306,2.100923,2.107438,0.000804,5.146234,0.0,0.001,0.0
6.289504,126,1,subida,-0.006319,-0.006306,2.100923,2.107694,0.000804,5.142206,0.0,0.001,0.0
6.329882,127,1,subida,-0.006301,-0.006306,2.100920,2.108183,0.000804,5.142206,0.0,0.002,0.0
6.391385,128,1,subida,-0.006307,-0.006307,2.100887,2.107092,0.000804,5.150232,0.0,0.001,0.0
6.473624,129,1,subida,-0.006324,-0.006312,2.101534,2.106445,0.000804,5.150232,0.0,0.001,0.0
6.515099,130,1,subida,-0.006319,-0.006309,2.102079,2.107500,0.000804,5.147729,0.0,0.001,0.0
6.600096,131,1,subida,-0.006317,-0.006306,2.101352,2.108350,0.000804,5.142633,0.0,0.002,0.0
6.683710,132,1,subida,-0.006316,-0.006307,2.102097,2.107158,0.000804,5.138238,0.0,0.001,0.0
6.757172,133,1,subida,-0.006314,-0.006307,2.102675,2.107158,0.000805,5.150659,0.0,0.001,0.0
6.809431,134,1,subida,-0.006318,-0.006308,2.101427,2.108722,0.000804,5.144281,0.0,0.001,0.0
6.883358,135,1,subida,-0.006315,-0.006309,2.101039,2.108722,0.000805,5.156946,0.0,0.001,0.0
6.935992,136,1,subida,-0.006316,-0.006312,2.101990,2.106878,0.000805,5.144464,0.0,0.001,0.0
7.009599,137,1,subida,-0.006326,-0.006311,2.102163,2.106878,0.000804,5.145288,0.0,0.001,0.0
7.040897,138,1,subida,-0.006310,-0.006309,2.102163,2.108272,0.000805,5.142206,0.0,0.001,0.0
7.124555,139,1,subida,-0.006306,-0.006308,2.101090,2.108088,0.000804,5.145837,0.0,0.001,0.0
7.177022,140,1,subida,-0.006324,-0.006307,2.101090,2.107283,0.000804,5.147089,0.0,0.001,0.0
7.218091,141,1,subida,-0.006301,-0.006306,2.101024,2.106618,0.000804,5.147089,0.0,0.001,0.0
7.259890,142,1,subida,-0.006325,-0.006307,2.102398,2.106618,0.000804,5.140253,0.0,0.002,0.0
7.301528,143,1,subida,-0.006299,-0.006307,2.102398,2.108025,0.000805,5.151544,0.0,0.001,0.0
7.343351,144,1,subida,-0.006327,-0.006308,2.101436,2.108782,0.000804,5.151544,0.0,0.002,0.0
7.384867,145,1,subida,-0.006297,-0.006307,2.101355,2.108782,0.000805,5.145410,0.0,0.001,0.0
7.427266,146,1,subida,-0.006330,-0.006311,2.101355,2.107608,0.000804,5.144891,0.0,0.001,0.0
7.469175,147,1,subida,-0.006298,-0.006313,2.101039,2.107894,0.000805,5.144891,0.0,0.001,0.0
7.510809,148,1,subida,-0.006332,-0.006311,2.102696,2.107894,0.000805,5.148218,0.0,0.001,0.0
7.573769,149,1,subida,-0.006329,-0.006309,2.101990,2.108636,0.000805,5.146234,0.0,0.002,0.0
7.636235,150,1,subida,-0.006290,-0.006307,2.101686,2.108636,0.000805,5.140832,0.0,0.001,0.0
7.677784,151,1,subida,-0.006329,-0.006308,2.101686,2.108880,0.000805,5.146478,0.0,0.002,0.0
7.719300,152,1,subida,-0.006288,-0.006309,2.101430,2.107998,0.000805,5.146478,0.0,0.001,0.0
7.761476,153,1,subida,-0.006329,-0.006309,2.102908,2.107998,0.000804,5.148096,0.0,0.001,0.0
7.803424,154,1,subida,-0.006288,-0.006308,2.102908,2.107125,0.000804,5.137201,0.0,0.002,0.0
7.845595,155,1,subida,-0.006328,-0.006309,2.101903,2.108696,0.000804,5.137201,0.0,0.002,0.0
7.876990,156,1,subida,-0.006287,-0.006308,2.102014,2.108696,0.000805,5.147607,0.0,0.001,0.0
7.919911,157,1,subida,-0.006330,-0.006311,2.102014,2.108019,0.000805,5.147913,0.001,0.0,0.0
7.962306,158,1,subida,-0.006291,-0.006313,2.101370,2.108266,0.000805,5.147913,0.0,0.002,0.0
8.004224,159,1,subida,-0.006330,-0.006311,2.102634,2.108266,0.000804,5.148157,0.001,0.0,0.0
8.046831,160,1,subida,-0.006289,-0.006309,2.102634,2.107325,0.000805,5.148920,0.0,0.001,0.0
8.099287,161,1,subida,-0.006326,-0.006309,2.102732,2.109050,0.000805,5.148920,0.0,0.001,0.0
8.141456,162,1,subida,-0.006289,-0.006308,2.101754,2.109050,0.000805,5.149988,0.0,0.001,0.0
8.183578,163,1,subida,-0.006325,-0.006308,2.101754,2.108457,0.000804,5.142328,0.0,0.001,0.0
8.236534,164,1,subida,-0.006324,-0.006308,2.101763,2.107959,0.000804,5.149805,0.001,0.0,0.0
8.299554,165,1,subida,-0.006292,-0.006307,2.101763,2.106884,0.000804,5.143396,0.0,0.002,0.0
8.341831,166,1,subida,-0.006323,-0.006308,2.102282,2.108061,0.000804,5.143396,0.0,0.001,0.0
8.405191,167,1,subida,-0.006325,-0.006310,2.101412,2.108368,0.000804,5.142633,0.001,0.0,0.0
8.468799,168,1,subida,-0.006300,-0.006312,2.100872,2.107414,0.000804,5.142633,0.0,0.002,0.0
8.521843,169,1,subida,-0.006324,-0.006309,2.101182,2.107414,0.000804,5.149286,0.0,0.001,0.0
8.563818,170,1,subida,-0.006299,-0.006307,2.101182,2.107062,0.000805,5.143335,0.001,0.0,0.0
8.605410,171,1,subida,-0.006321,-0.006308,2.102350,2.107992,0.000804,5.143335,0.0,0.001,0.0
8.644855,172,1,subida,-0.006301,-0.006307,2.101468,2.107992,0.000804,5.147790,0.001,0.0,0.0
8.676708,173,1,subida,-0.006320,-0.006307,2.101468,2.108248,0.000803,5.142389,0.0,0.001,0.0
8.717988,174,1,subida,-0.006303,-0.006307,2.101054,2.108082,0.000804,5.142389,0.001,0.0,0.0
8.759043,175,1,subida,-0.006320,-0.006307,2.101057,2.108082,0.000804,5.149591,0.0,0.001,0.0
8.800373,176,1,subida,-0.006306,-0.006307,2.101057,2.106913,0.000804,5.155511,0.001,0.0,0.0
8.841347,177,1,subida,-0.006319,-0.006307,2.101957,2.106842,0.000804,5.155511,0.0,0.001,0.0
8.882932,178,1,subida,-0.006309,-0.006307,2.101066,2.106842,0.000804,5.140558,0.001,0.0,0.0
8.935673,179,1,subida,-0.006320,-0.006310,2.101066,2.107962,0.000804,5.149988,0.0,0.002,0.0
8.978482,180,1,subida,-0.006316,-0.006311,2.100822,2.107912,0.000804,5.149988,0.0,0.001,0.0
9.009716,181,1,subida,-0.006319,-0.006309,2.100369,2.107912,0.000804,5.144342,0.0,0.001,0.0
9.052216,182,1,subida,-0.006314,-0.006307,2.100369,2.106258,0.000804,5.145074,0.0,0.001,0.0
9.115607,183,1,subida,-0.006315,-0.006306,2.101603,2.106597,0.000804,5.152551,0.0,0.001,0.0
9.179124,184,1,subida,-0.006312,-0.006306,2.101603,2.108001,0.000804,5.143457,0.0,0.002,0.0
9.221604,185,1,subida,-0.006318,-0.006307,2.101316,2.107888,0.000804,5.143457,0.0,0.001,0.0
9.284286,186,1,subida,-0.006320,-0.006306,2.100035,2.107140,0.000804,5.146356,0.0,0.001,0.0
9.348479,187,1,subida,-0.006307,-0.006307,2.101576,2.106362,0.000804,5.146356,0.0,0.002,0.0
9.401179,188,1,subida,-0.006322,-0.006309,2.101763,2.106362,0.000804,5.148920,0.0,0.001,0.0
9.443321,189,1,subida,-0.006328,-0.006311,2.101105,2.107813,0.000804,5.143579,0.0,0.001,0.0
9.516613,190,1,subida,-0.006304,-0.006309,2.101117,2.107813,0.000804,5.152124,0.0,0.001,0.0
9.559586,191,1,subida,-0.006326,-0.006307,2.101117,2.107670,0.000804,5.143640,0.0,0.001,0.0
9.600728,192,1,subida,-0.006299,-0.006307,2.101260,2.106886,0.000804,5.143640,0.0,0.001,0.0
9.653931,193,1,subida,-0.006296,-0.006307,2.102264,2.107527,0.000804,5.156183,0.0,0.002,0.0
9.728181,194,1,subida,-0.006327,-0.006307,2.101802,2.108773,0.000804,5.156183,0.0,0.002,0.0
9.770020,195,1,subida,-0.006293,-0.006307,2.101126,2.108773,0.000805,5.145593,0.0,0.001,0.0
9.812469,196,1,subida,-0.006328,-0.006307,2.101126,2.107843,0.000805,5.155939,0.0,0.002,0.0
9.864588,197,1,subida,-0.006329,-0.006308,2.102729,2.107563,0.000805,5.148859,0.0,0.001,0.0
9.938823,198,1,subida,-0.006293,-0.006312,2.102729,2.107894,0.000804,5.146081,0.0,0.001,0.0
9.981247,199,1,subida,-0.006333,-0.006313,2.102190,2.109247,0.000805,5.146081,0.0,0.002,0.0
10.013011,200,1,subida,-0.006291,-0.006310,2.101454,2.109247,0.000805,5.151483,0.0,0.001,0.0
10.086159,201,1,subida,-0.006288,-0.006309,2.101287,2.108013,0.000805,5.147150,0.0,0.001,0.0
10.138721,202,1,subida,-0.006328,-0.006308,2.102255,2.108013,0.000804,5.151422,0.0,0.002,0.0
10.180955,203,1,subida,-0.006287,-0.006309,2.102255,2.107134,0.000805,5.151788,0.0,0.001,0.0
10.244872,204,1,subida,-0.006288,-0.006309,2.101734,2.108839,0.000805,5.153131,0.0,0.001,0.0
10.308213,205,1,subida,-0.006327,-0.006308,2.101734,2.108698,0.000804,5.133173,0.0,0.002,0.0
10.361157,206,1,subida,-0.006288,-0.006309,2.101102,2.107962,0.000805,5.133173,0.0,0.002,0.0
10.392476,207,1,subida,-0.006326,-0.006308,2.102505,2.107962,0.000805,5.145654,0.0,0.001,0.0
10.445259,208,1,subida,-0.006293,-0.006312,2.102505,2.107333,0.000805,5.150781,0.0,0.002,0.0
10.476326,209,1,subida,-0.006330,-0.006314,2.102297,2.108564,0.000804,5.150781,0.0,0.001,0.0
10.527273,210,1,subida,-0.006294,-0.006310,2.102258,2.108564,0.000805,5.145227,0.0,0.001,0.0
10.557568,211,1,subida,-0.006325,-0.006310,2.102258,2.109053,0.000804,5.143762,0.0,0.001,0.0
10.609377,212,1,subida,-0.006294,-0.006309,2.101278,2.108794,0.000805,5.143762,0.0,0.002,0.0
10.640462,213,1,subida,-0.006325,-0.006309,2.102336,2.108794,0.000805,5.151300,0.0,0.001,0.0
10.680982,214,1,subida,-0.006296,-0.006310,2.102336,2.107652,0.000805,5.147272,0.0,0.002,0.0
10.722564,215,1,subida,-0.006324,-0.006310,2.102973,2.108493,0.000805,5.147272,0.0,0.001,0.0
10.763441,216,1,subida,-0.006299,-0.006309,2.102106,2.108493,0.000805,5.158502,0.0,0.002,0.0
10.836311,217,1,subida,-0.006302,-0.006309,2.101647,2.108552,0.000805,5.150293,0.0,0.001,0.0
10.898463,218,1,subida,-0.006323,-0.006309,2.101903,2.108552,0.000805,5.141717,0.0,0.001,0.0
10.950209,219,1,subida,-0.006326,-0.006312,2.102786,2.107968,0.000805,5.149927,0.0,0.001,0.0
11.035420,220,1,subida,-0.006322,-0.006311,2.102526,2.109184,0.000805,5.141840,0.0,0.001,0.0
11.098417,221,1,subida,-0.006310,-0.006309,2.102130,2.109217,0.000805,5.141840,0.0,0.002,0.0
11.150164,222,1,subida,-0.006321,-0.006308,2.101513,2.109217,0.000805,5.142389,0.0,0.001,0.0
11.181366,223,1,subida,-0.006313,-0.006309,2.101513,2.108225,0.000805,5.138940,0.0,0.001,0.0
11.234684,224,1,subida,-0.006319,-0.006309,2.102744,2.107641,0.000805,5.138940,0.002,0.0,0.0
11.266158,225,1,subida,-0.006315,-0.006309,2.102434,2.107641,0.000805,5.150934,0.0,0.002,0.0
11.329625,226,1,subida,-0.006318,-0.006309,2.102407,2.108984,0.000805,5.154565,0.0,0.002,0.0
11.392983,227,1,subida,-0.006316,-0.006309,2.101713,2.108984,0.000805,5.151239,0.001,0.0,0.0
11.445302,228,1,subida,-0.006324,-0.006313,2.101713,2.108132,0.000806,5.145532,0.0,0.001,0.0
11.477166,229,1,subida,-0.006318,-0.006315,2.102836,2.108639,0.000805,5.145532,0.002,0.0,0.0
11.518292,230,1,subida,-0.006327,-0.006314,2.103993,2.108639,0.000806,5.148920,0.0,0.001,0.0
11.571079,231,1,subida,-0.006313,-0.006311,2.103993,2.109280,0.000805,5.146905,0.0,0.002,0.0
11.602613,232,1,subida,-0.006327,-0.006311,2.102863,2.110087,0.000806,5.146905,0.0,0.001,0.0
11.666030,233,1,subida,-0.006330,-0.006314,2.102172,2.108931,0.000805,5.146844,0.0,0.002,0.0
11.728891,234,1,subida,-0.006307,-0.006312,2.103260,2.109223,0.000806,5.146844,0.0,0.002,0.0
11.770926,235,1,subida,-0.006331,-0.006312,2.122360,2.109223,0.000813,5.156518,0.0,0.001,0.0
11.812908,236,1,subida,-0.006313,-0.006324,2.122360,2.109086,0.000806,5.145288,0.0,0.001,0.0
11.875988,237,1,subida,-0.006305,-0.006316,2.101942,2.109348,0.000805,5.149927,0.002,0.0,0.0
11.939860,238,1,subida,-0.006335,-0.006318,2.101942,2.124857,0.000805,5.149866,0.0,0.001,0.0
11.982426,239,1,subida,-0.006308,-0.006321,2.101301,2.107739,0.000805,5.149866,0.0,0.002,0.0
12.034553,240,1,subida,-0.006338,-0.006314,2.102654,2.107739,0.000804,5.147974,0.002,0.0,0.0
12.077224,241,1,subida,-0.006331,-0.006311,2.102464,2.109312,0.000805,5.138818,0.0,0.001,0.0
12.161777,242,1,subida,-0.006330,-0.006310,2.101826,2.108338,0.000804,5.146142,0.0,0.001,0.0
12.235960,243,1,subida,-0.006288,-0.006308,2.101102,2.107462,0.000805,5.146142,0.0,0.001,0.0
12.277340,244,1,subida,-0.006329,-0.006308,2.102509,2.107462,0.000805,5.146234,0.002,0.0,0.0
12.329915,245,1,subida,-0.006328,-0.006308,2.102172,2.108329,0.000804,5.142206,0.0,0.001,0.0
12.403634,246,1,subida,-0.006287,-0.006309,2.101260,2.108329,0.000805,5.140497,0.0,0.002,0.0
12.446163,247,1,subida,-0.006330,-0.006311,2.101260,2.107825,0.000804,5.144281,0.0,0.002,0.0
12.477623,248,1,subida,-0.006291,-0.006313,2.100956,2.108076,0.000804,5.144281,0.0,0.002,0.0
12.519585,249,1,subida,-0.006331,-0.006312,2.102184,2.108076,0.000804,5.148492,0.0,0.001,0.0
12.572506,250,1,subida,-0.006290,-0.006309,2.102184,2.106961,0.000805,5.146966,0.0,0.001,0.0
12.613765,251,1,subida,-0.006326,-0.006308,2.102079,2.108266,0.000804,5.146966,0.0,0.002,0.0
12.666105,252,1,subida,-0.006324,-0.006308,2.101132,2.108210,0.000804,5.149164,0.0,0.002,0.0
12.729649,253,1,subida,-0.006291,-0.006308,2.100401,2.107322,0.000804,5.149164,0.0,0.002,0.0
12.771665,254,1,subida,-0.006322,-0.006307,2.101385,2.107322,0.000804,5.150995,0.0,0.002,0.0
12.825006,255,1,subida,-0.006293,-0.006307,2.101385,2.106454,0.000804,5.140497,0.0,0.001,0.0
12.866723,256,1,subida,-0.006321,-0.006307,2.101731,2.107351,0.000804,5.140497,0.0,0.001,0.0
12.898437,257,1,subida,-0.006295,-0.006306,2.101519,2.107351,0.000804,5.153497,0.0,0.002,0.0
12.941225,258,1,subida,-0.006324,-0.006310,2.101519,2.107929,0.000804,5.146539,0.0,0.001,0.0
12.982505,259,1,subida,-0.006304,-0.006312,2.100610,2.107348,0.000804,5.146539,0.0,0.001,0.0
13.077591,260,1,subida,-0.006303,-0.006307,2.101161,2.107322,0.000804,5.145593,0.0,0.001,0.0
13.108972,261,1,subida,-0.006320,-0.006306,2.102020,2.107178,0.000804,5.145593,0.0,0.002,0.0
13.150358,262,1,subida,-0.006304,-0.006306,2.101209,2.107178,0.000804,5.148157,0.0,0.001,0.0
13.192120,263,1,subida,-0.006319,-0.006306,2.101209,2.107894,0.000803,5.143823,0.0,0.001,0.0
13.233526,264,1,subida,-0.006307,-0.006306,2.100926,2.107575,0.000804,5.143823,0.0,0.001,0.0
13.275731,265,1,subida,-0.006318,-0.006306,2.100774,2.107575,0.000804,5.147424,0.0,0.001,0.0
13.317047,266,1,subida,-0.006309,-0.006306,2.100774,2.106934,0.000804,5.148401,0.0,0.001,0.0
13.381122,267,1,subida,-0.006313,-0.006306,2.101790,2.106296,0.000804,5.144281,0.0,0.002,0.0
13.455611,268,1,subida,-0.006318,-0.006310,2.101790,2.107053,0.000804,5.147150,0.0,0.001,0.0
13.497709,269,1,subida,-0.006319,-0.006311,2.100592,2.107617,0.000804,5.147150,0.0,0.002,0.0
13.529137,270,1,subida,-0.006316,-0.006309,2.099940,2.107617,0.000804,5.152917,0.0,0.002,0.0
13.581228,271,1,subida,-0.006318,-0.006306,2.099940,2.106904,0.000804,5.139307,0.0,0.001,0.0
13.612405,272,1,subida,-0.006309,-0.006306,2.101343,2.106383,0.000804,5.139307,0.0,0.001,0.0
13.664841,273,1,subida,-0.006319,-0.006306,2.101454,2.106383,0.000803,5.147424,0.0,0.001,0.0
13.696094,274,1,subida,-0.006306,-0.006306,2.101454,2.107551,0.000804,5.144037,0.0,0.001,0.0
13.738136,275,1,subida,-0.006304,-0.006306,2.100640,2.108239,0.000805,5.154993,0.0,0.001,0.0
13.844821,276,1,subida,-0.006300,-0.006307,2.101081,2.107110,0.000804,5.145227,0.0,0.002,0.0
13.907153,277,1,subida,-0.006326,-0.006308,2.101945,2.107110,0.000804,5.162775,0.0,0.001,0.0
13.947608,278,1,subida,-0.006301,-0.006311,2.101945,2.107348,0.000804,5.143762,0.0,0.001,0.0
13.988130,279,1,subida,-0.006330,-0.006312,2.101430,2.108260,0.000804,5.143762,0.0,0.001,0.0
14.049090,280,1,subida,-0.006328,-0.006310,2.100697,2.107551,0.000804,5.148920,0.0,0.001,0.0
14.120564,281,1,subida,-0.006291,-0.006307,2.100723,2.106985,0.000804,5.148920,0.0,0.001,0.0
14.151109,282,1,subida,-0.006327,-0.006307,2.101883,2.106985,0.000804,5.147211,0.0,0.002,0.0
14.192468,283,1,subida,-0.006288,-0.006306,2.101883,2.107086,0.000805,5.141321,0.0,0.001,0.0
14.234796,284,1,subida,-0.006327,-0.006307,2.102097,2.108847,0.000805,5.141321,0.0,0.001,0.0
14.276157,285,1,subida,-0.006287,-0.006307,2.101215,2.108847,0.000804,5.158014,0.0,0.002,0.0
14.328662,286,1,subida,-0.006327,-0.006307,2.101215,2.108201,0.000805,5.141901,0.0,0.002,0.0
14.360087,287,1,subida,-0.006286,-0.006308,2.100899,2.107754,0.000804,5.141901,0.0,0.001,0.0
14.412591,288,1,subida,-0.006328,-0.006309,2.102205,2.107754,0.000805,5.148798,0.0,0.001,0.0
14.465792,289,1,subida,-0.006332,-0.006313,2.102052,2.108180,0.000804,5.135431,0.0,0.001,0.0
14.560181,290,1,subida,-0.006327,-0.006309,2.101105,2.108642,0.000805,5.147333,0.0,0.002,0.0
14.624010,291,1,subida,-0.006288,-0.006308,2.100282,2.107587,0.000804,5.147333,0.001,0.0,0.0
14.665790,292,1,subida,-0.006325,-0.006308,2.101609,2.107587,0.000804,5.147974,0.0,0.001,0.0
14.697479,293,1,subida,-0.006289,-0.006308,2.101609,2.106723,0.000805,5.151727,0.002,0.0,0.0
14.738604,294,1,subida,-0.006324,-0.006308,2.102133,2.108016,0.000804,5.151727,0.0,0.002,0.0
14.779704,295,1,subida,-0.006291,-0.006307,2.101444,2.108016,0.000804,5.154993,0.001,0.0,0.0
14.820560,296,1,subida,-0.006323,-0.006308,2.101444,2.108487,0.000804,5.140558,0.0,0.001,0.0
14.862024,297,1,subida,-0.006294,-0.006308,2.100544,2.107319,0.000804,5.140558,0.002,0.0,0.0
14.903171,298,1,subida,-0.006322,-0.006308,2.101111,2.107319,0.000804,5.139947,0.0,0.001,0.0
14.945369,299,1,subida,-0.006299,-0.006311,2.101111,2.106693,0.000804,5.145227,0.001,0.0,0.0
14.996994,300,1,subida,-0.006326,-0.006312,2.102029,2.107745,0.000804,5.145227,0.0,0.001,0.0
15.027784,301,1,subida,-0.006302,-0.006309,2.101546,2.107745,0.000805,5.151605,0.002,0.0,0.0
15.078925,302,1,subida,-0.006321,-0.006308,2.101546,2.108386,0.000804,5.146905,0.0,0.002,0.0
15.131146,303,1,subida,-0.006320,-0.006308,2.100640,2.107587,0.000803,5.141626,0.0,0.002,0.0
15.215288,304,1,subida,-0.006319,-0.006306,2.102094,2.107071,0.000804,5.151300,0.0,0.002,0.0
15.288802,305,1,subida,-0.006307,-0.006306,2.101868,2.107071,0.000804,5.146722,0.0,0.002,0.0
15.330762,306,1,subida,-0.006318,-0.006307,2.101868,2.108237,0.000804,5.142908,0.0,0.002,0.0
15.372399,307,1,subida,-0.006311,-0.006307,2.101009,2.107891,0.000804,5.142908,0.0,0.002,0.0
15.423311,308,1,subida,-0.006317,-0.006309,2.100393,2.107164,0.000804,5.147424,0.002,0.0,0.0
15.497099,309,1,subida,-0.006319,-0.006311,2.101108,2.106490,0.000804,5.147424,0.002,0.0,0.0
15.549085,310,1,subida,-0.006313,-0.006309,2.101856,2.107366,0.000804,5.147333,0.0,0.001,0.0
15.622657,311,1,subida,-0.006318,-0.006306,2.100959,2.107992,0.000804,5.147333,0.0,0.002,0.0
15.664308,312,1,subida,-0.006309,-0.006307,2.100616,2.107992,0.000804,5.143976,0.002,0.0,0.0
15.737134,313,1,subida,-0.006307,-0.006307,2.101450,2.106755,0.000804,5.147333,0.0,0.002,0.0
15.789300,314,1,subida,-0.006323,-0.006307,2.102291,2.106755,0.000804,5.144647,0.0,0.001,0.0
15.830706,315,1,subida,-0.006304,-0.006307,2.102291,2.107858,0.000804,5.143030,0.0,0.002,0.0
15.904131,316,1,subida,-0.006301,-0.006308,2.100598,2.108090,0.000804,5.147974,0.0,0.002,0.0
15.956676,317,1,subida,-0.006330,-0.006312,2.100598,2.107801,0.000804,5.145837,0.0,0.001,0.0
15.998626,318,1,subida,-0.006301,-0.006312,2.101087,2.106934,0.000804,5.145837,0.0,0.002,0.0
16.041092,319,1,subida,-0.006330,-0.006308,2.101966,2.106934,0.000804,5.150354,0.0,0.001,0.0
16.114121,320,1,subida,-0.006328,-0.006307,2.101707,2.108710,0.000804,5.150171,0.0,0.001,0.0
16.167011,321,1,subida,-0.006291,-0.006307,2.101528,2.108710,0.000805,5.148035,0.0,0.001,0.0
16.219221,322,1,subida,-0.006288,-0.006307,2.100953,2.107119,0.000805,5.140436,0.0,0.002,0.0
16.302451,323,1,subida,-0.006287,-0.006307,2.102306,2.107247,0.000805,5.149347,0.0,0.001,0.0
16.376542,324,1,subida,-0.006328,-0.006308,2.102035,2.108707,0.000804,5.149347,0.0,0.002,0.0
16.428961,325,1,subida,-0.006331,-0.006311,2.101129,2.108696,0.000805,5.148614,0.0,0.001,0.0
16.497995,326,1,subida,-0.006292,-0.006313,2.100902,2.107760,0.000805,5.148614,0.0,0.001,0.0
16.544829,327,1,subida,-0.006329,-0.006309,2.102499,2.107760,0.000804,5.141840,0.0,0.001,0.0
16.576000,328,1,subida,-0.006288,-0.006309,2.102499,2.106821,0.000804,5.144037,0.0,0.002,0.0
16.618841,329,1,subida,-0.006326,-0.006308,2.101981,2.108418,0.000804,5.144037,0.0,0.002,0.0
16.671201,330,1,subida,-0.006288,-0.006307,2.101972,2.108418,0.000805,5.149530,0.0,0.001,0.0
16.707526,331,1,subida,-0.006325,-0.006308,2.101972,2.109017,0.000805,5.142969,0.0,0.001,0.0
16.744780,332,1,subida,-0.006291,-0.006309,2.101683,2.108529,0.000805,5.142969,0.0,0.001,0.0
16.786827,333,1,subida,-0.006325,-0.006309,2.103006,2.108529,0.000805,5.150751,0.0,0.002,0.0
16.828774,334,1,subida,-0.006294,-0.006310,2.103006,2.107247,0.000805,5.142389,0.0,0.001,0.0
16.870959,335,1,subida,-0.006324,-0.006309,2.102511,2.108299,0.000804,5.142389,0.0,0.002,0.0
16.944514,336,1,subida,-0.006327,-0.006313,2.101868,2.108621,0.000804,5.144769,0.0,0.002,0.0
17.007832,337,1,subida,-0.006305,-0.006313,2.101194,2.108025,0.000805,5.144769,0.0,0.001,0.0
17.060868,338,1,subida,-0.006303,-0.006310,2.101552,2.107545,0.000805,5.146905,0.0,0.001,0.0
17.134798,339,1,subida,-0.006322,-0.006309,2.102446,2.107706,0.000804,5.146905,0.0,0.001,0.0
17.165951,340,1,subida,-0.006305,-0.006307,2.101921,2.107706,0.000804,5.142755,0.0,0.001,0.0
17.208758,341,1,subida,-0.006321,-0.006308,2.101921,2.108967,0.000805,5.145959,0.0,0.002,0.0
17.271728,342,1,subida,-0.006320,-0.006309,2.101483,2.108535,0.000804,5.151727,0.0,0.002,0.0
17.346246,343,1,subida,-0.006312,-0.006309,2.101483,2.108400,0.000805,5.150171,0.0,0.001,0.0
17.388937,344,1,subida,-0.006316,-0.006310,2.102950,2.107667,0.000805,5.154443,0.0,0.001,0.0
17.472914,345,1,subida,-0.006324,-0.006314,2.102440,2.109315,0.000805,5.143976,0.0,0.001,0.0
17.546446,346,1,subida,-0.006318,-0.006311,2.101942,2.109315,0.000806,5.145227,0.0,0.001,0.0
17.598240,347,1,subida,-0.006314,-0.006311,2.103197,2.107870,0.000805,5.145776,0.0,0.001,0.0
17.671947,348,1,subida,-0.006324,-0.006310,2.103087,2.107870,0.000805,5.146600,0.0,0.002,0.0
17.744875,349,1,subida,-0.006326,-0.006310,2.102127,2.109411,0.000805,5.150171,0.0,0.001,0.0
17.807709,350,1,subida,-0.006328,-0.006311,2.101734,2.108564,0.000805,5.147333,0.0,0.001,0.0
17.881426,351,1,subida,-0.006303,-0.006311,2.102288,2.107915,0.000805,5.147333,0.0,0.001,0.0
17.954760,352,1,subida,-0.006303,-0.006314,2.103090,2.108478,0.000805,5.141382,0.0,0.001,0.0
18.006794,353,1,subida,-0.006335,-0.006316,2.102878,2.109834,0.000805,5.141382,0.001,0.0,0.0
18.048263,354,1,subida,-0.006300,-0.006313,2.102041,2.109834,0.000805,5.151361,0.0,0.001,0.0
18.089774,355,1,subida,-0.006332,-0.006311,2.102041,2.108690,0.000805,5.144220,0.001,0.0,0.0
18.141455,356,1,subida,-0.006331,-0.006310,2.103024,2.108266,0.000804,5.144769,0.0,0.001,0.0
18.225250,357,1,subida,-0.006331,-0.006310,2.102652,2.109613,0.000805,5.143335,0.0,0.001,0.0
18.298777,358,1,subida,-0.006290,-0.006310,2.102404,2.109613,0.000805,5.149225,0.0,0.001,0.0
18.351250,359,1,subida,-0.006289,-0.006311,2.102181,2.108386,0.000805,5.141138,0.0,0.001,0.0
18.424644,360,1,subida,-0.006331,-0.006313,2.103164,2.108386,0.000805,5.142023,0.0,0.001,0.0
18.465845,361,1,subida,-0.006293,-0.006315,2.103164,2.107885,0.000805,5.148157,0.0,0.002,0.0
18.508224,362,1,subida,-0.006334,-0.006316,2.102979,2.109229,0.000805,5.148157,0.0,0.001,0.0
18.559762,363,1,subida,-0.006329,-0.006312,2.102553,2.109151,0.000805,5.146722,0.0,0.001,0.0
18.632408,364,1,subida,-0.006291,-0.006310,2.101552,2.108868,0.000805,5.146722,0.0,0.001,0.0
18.684736,365,1,subida,-0.006327,-0.006310,2.102505,2.108868,0.000805,5.153741,0.0,0.002,0.0
18.715802,366,1,subida,-0.006292,-0.006310,2.102505,2.107590,0.000804,5.142633,0.0,0.001,0.0
18.767974,367,1,subida,-0.006325,-0.006309,2.102768,2.108913,0.000804,5.142633,0.0,0.002,0.0
18.800034,368,1,subida,-0.006294,-0.006309,2.102634,2.108913,0.000805,5.148920,0.0,0.001,0.0
18.842144,369,1,subida,-0.006325,-0.006310,2.102634,2.109491,0.000805,5.150110,0.0,0.001,0.0
18.883712,370,1,subida,-0.006298,-0.006311,2.102482,2.109199,0.000805,5.150110,0.002,0.0,0.0
18.924337,371,1,subida,-0.006326,-0.006312,2.102428,2.109199,0.000805,5.145898,0.0,0.002,0.0
18.970678,372,1,subida,-0.006305,-0.006314,2.102428,2.108076,0.000805,5.155572,0.002,0.0,0.0
19.016300,373,1,subida,-0.006330,-0.006315,2.102818,2.108308,0.000804,5.155572,0.0,0.001,0.0
19.047131,374,1,subida,-0.006307,-0.006312,2.103781,2.108308,0.000805,5.157892,0.0,0.001,0.0
19.087552,375,1,subida,-0.006325,-0.006311,2.103781,2.108829,0.000804,5.146295,0.0,0.002,0.0
19.129449,376,1,subida,-0.006308,-0.006311,2.102103,2.108770,0.000805,5.146295,0.0,0.002,0.0
19.170803,377,1,subida,-0.006322,-0.006310,2.102190,2.108770,0.000804,5.146478,0.0,0.001,0.0
19.211796,378,1,subida,-0.006309,-0.006310,2.102190,2.108472,0.000805,5.150049,0.0,0.001,0.0
19.252961,379,1,subida,-0.006320,-0.006310,2.103283,2.108135,0.000805,5.150049,0.0,0.001,0.0
19.314160,380,1,subida,-0.006320,-0.006310,2.103709,2.110198,0.000805,5.146661,0.0,0.002,0.0
19.385429,381,1,subida,-0.006317,-0.006312,2.103224,2.109971,0.000806,5.146661,0.0,0.002,0.0
19.426386,382,1,subida,-0.006321,-0.006314,2.101307,2.109971,0.000804,5.145074,0.0,0.001,0.0
19.468049,383,1,subida,-0.006323,-0.006315,2.101307,2.108037,0.000805,5.145898,0.0,0.002,0.0
19.521209,384,1,subida,-0.006325,-0.006315,2.103081,2.108064,0.000805,5.158075,0.0,0.001,0.0
19.616357,385,1,subida,-0.006325,-0.006310,2.102768,2.109974,0.000805,5.157587,0.0,0.002,0.0
19.678638,386,1,subida,-0.006311,-0.006310,2.101886,2.109974,0.000805,5.148736,0.0,0.001,0.0
19.721072,387,1,subida,-0.006327,-0.006310,2.101886,2.108725,0.000805,5.148218,0.0,0.002,0.0
19.772800,388,1,subida,-0.006329,-0.006311,2.104625,2.108996,0.000806,5.155939,0.0,0.001,0.0
19.847060,389,1,subida,-0.006306,-0.006312,2.104625,2.109828,0.000806,5.148157,0.0,0.002,0.0
19.889152,390,1,subida,-0.006332,-0.006313,2.104428,2.110966,0.000806,5.148157,0.0,0.001,0.0
19.929848,391,1,subida,-0.006304,-0.006316,2.103468,2.110966,0.000806,5.154871,0.002,0.0,0.0
19.971151,392,1,subida,-0.006337,-0.006318,2.103468,2.109718,0.000806,5.145349,0.0,0.001,0.0
0.074038,394,1,subida,0.006856,0.006868,2.137902,2.131673,0.000826,5.149042,3.5,3.499,3.5
0.125362,395,1,subida,0.006855,0.006868,2.138921,2.131169,0.000826,5.156885,3.499,3.5,3.5
0.198739,396,1,subida,0.006893,0.006867,2.138921,2.130946,0.000826,5.145349,3.499,3.5,3.5
0.239731,397,1,subida,0.006855,0.006866,2.138596,2.132087,0.000826,5.145349,3.5,3.499,3.5
0.282034,398,1,subida,0.006891,0.006864,2.138244,2.132087,0.000825,5.151605,3.499,3.5,3.5
0.333672,399,1,subida,0.006893,0.006863,2.137386,2.131149,0.000826,5.137048,3.5,3.499,3.5
0.415223,400,1,subida,0.006854,0.006867,2.139001,2.131149,0.000826,5.150232,3.5,3.499,3.5
0.446298,401,1,subida,0.006897,0.006867,2.139001,2.130579,0.000826,5.145227,3.499,3.5,3.5
0.487251,402,1,subida,0.006856,0.006867,2.138772,2.132126,0.000825,5.145227,3.5,3.499,3.5
0.540094,403,1,subida,0.006897,0.006867,2.138191,2.132126,0.000825,5.156457,3.5,3.499,3.5
0.571843,404,1,subida,0.006857,0.006868,2.138191,2.131896,0.000826,5.145532,3.5,3.499,3.5
0.635769,405,1,subida,0.006857,0.006868,2.138626,2.131324,0.000826,5.149530,3.5,3.499,3.5
0.699362,406,1,subida,0.006894,0.006866,2.138626,2.130684,0.000826,5.146722,3.5,3.499,3.5
0.741535,407,1,subida,0.006857,0.006864,2.138665,2.131849,0.000825,5.146722,3.5,3.499,3.5
0.783344,408,1,subida,0.006889,0.006862,2.138540,2.131849,0.000826,5.149744,3.5,3.499,3.5
0.825137,409,1,subida,0.006853,0.006861,2.138540,2.131831,0.000826,5.147546,3.5,3.499,3.5
0.877332,410,1,subida,0.006886,0.006864,2.137604,2.131530,0.000826,5.147546,3.5,3.499,3.5
0.918778,411,1,subida,0.006858,0.006866,2.138671,2.131530,0.000825,5.149164,3.5,3.499,3.5
0.958999,412,1,subida,0.006888,0.006867,2.138671,2.130719,0.000826,5.152612,3.5,3.499,3.5
0.990142,413,1,subida,0.006860,0.006866,2.138978,2.131470,0.000826,5.152612,3.5,3.499,3.5
1.030830,414,1,subida,0.006885,0.006866,2.138149,2.131470,0.000826,5.149286,3.5,3.499,3.5
1.082623,415,1,subida,0.006861,0.006866,2.138149,2.132353,0.000825,5.143884,3.5,3.499,3.5
1.113224,416,1,subida,0.006881,0.006866,2.137836,2.131271,0.000826,5.143884,3.5,3.499,3.5
1.164465,417,1,subida,0.006860,0.006866,2.137702,2.131271,0.000825,5.143152,3.5,3.499,3.5
1.227184,418,1,subida,0.006861,0.006866,2.138820,2.130845,0.000825,5.149164,3.5,3.499,3.5
1.279203,419,1,subida,0.006872,0.006863,2.138626,2.130845,0.000826,5.144830,3.5,3.499,3.5
1.321009,420,1,subida,0.006857,0.006860,2.138626,2.131888,0.000825,5.148614,3.5,3.499,3.5
1.371151,421,1,subida,0.006868,0.006863,2.138048,2.131751,0.000825,5.148614,3.5,3.499,3.5
1.405539,422,1,subida,0.006861,0.006864,2.137538,2.131751,0.000826,5.146905,3.5,3.499,3.5
1.447668,423,1,subida,0.006869,0.006864,2.137538,2.130907,0.000826,5.143213,3.5,3.499,3.5
1.489804,424,1,subida,0.006864,0.006865,2.138999,2.130847,0.000825,5.143213,3.5,3.499,3.5
1.542894,425,1,subida,0.006867,0.006866,2.139132,2.130847,0.000826,5.150232,3.5,3.499,3.5
1.584622,426,1,subida,0.006866,0.006865,2.139132,2.131861,0.000826,5.150354,3.5,3.499,3.5
1.626649,427,1,subida,0.006864,0.006865,2.138179,2.131908,0.000826,5.150354,3.5,3.499,3.5
1.657953,428,1,subida,0.006868,0.006865,2.137577,2.131908,0.000826,5.144983,3.5,3.499,3.5
1.700141,429,1,subida,0.006862,0.006864,2.137577,2.131336,0.000826,5.148920,3.5,3.498,3.5
1.753128,430,1,subida,0.006870,0.006863,2.138838,2.130692,0.000825,5.148920,3.5,3.499,3.5
1.795569,431,1,subida,0.006856,0.006860,2.138858,2.130692,0.000825,5.151788,3.5,3.499,3.5
1.837415,432,1,subida,0.006868,0.006860,2.138858,2.131408,0.000825,5.142755,3.5,3.499,3.5
1.869675,433,1,subida,0.006853,0.006861,2.138003,2.131733,0.000826,5.142755,3.5,3.499,3.5
1.932794,434,1,subida,0.006855,0.006863,2.137216,2.130949,0.000826,5.150598,3.5,3.499,3.5
2.005958,435,1,subida,0.006854,0.006865,2.138650,2.130949,0.000826,5.149927,3.5,3.498,3.5
2.079473,436,1,subida,0.006883,0.006864,2.138650,2.130931,0.000826,5.141840,3.5,3.499,3.5
2.120991,437,1,subida,0.006853,0.006863,2.138465,2.131929,0.000825,5.141840,3.5,3.499,3.5
2.162785,438,1,subida,0.006885,0.006864,2.137568,2.131929,0.000825,5.145227,3.5,3.499,3.5
2.215795,439,1,subida,0.006888,0.006863,2.137440,2.130603,0.000825,5.142084,3.5,3.499,3.5
2.289879,440,1,subida,0.006848,0.006860,2.138742,2.130603,0.000825,5.152002,3.5,3.499,3.5
2.331614,441,1,subida,0.006886,0.006859,2.138742,2.130523,0.000826,5.148798,3.5,3.499,3.5
2.363821,442,1,subida,0.006847,0.006860,2.138551,2.132001,0.000825,5.148798,3.5,3.499,3.5
2.415282,443,1,subida,0.006890,0.006863,2.138242,2.132001,0.000826,5.148492,3.5,3.499,3.5
2.467059,444,1,subida,0.006894,0.006864,2.137428,2.131280,0.000826,5.145410,3.5,3.499,3.5
2.540070,445,1,subida,0.006853,0.006865,2.138820,2.131280,0.000825,5.143091,3.5,3.499,3.5
2.602621,446,1,subida,0.006853,0.006864,2.138596,2.131810,0.000826,5.141199,3.5,3.499,3.5
2.665217,447,1,subida,0.006894,0.006864,2.137961,2.131810,0.000826,5.152490,3.5,3.498,3.5
2.707343,448,1,subida,0.006854,0.006864,2.137961,2.131753,0.000826,5.152002,3.5,3.499,3.5
2.749106,449,1,subida,0.006892,0.006863,2.137407,2.130982,0.000826,5.152002,3.5,3.498,3.5
2.790577,450,1,subida,0.006851,0.006860,2.138715,2.130982,0.000825,5.153009,3.5,3.498,3.5
2.843027,451,1,subida,0.006851,0.006859,2.138790,2.131351,0.000826,5.148218,3.5,3.499,3.5
2.928148,452,1,subida,0.006856,0.006863,2.138191,2.132230,0.000825,5.143396,3.5,3.499,3.5
3.001633,453,1,subida,0.006887,0.006864,2.138033,2.131256,0.000826,5.143396,3.5,3.499,3.5
3.033120,454,1,subida,0.006857,0.006864,2.138540,2.131256,0.000825,5.150659,3.498,3.5,3.5
3.086019,455,1,subida,0.006885,0.006865,2.138540,2.130508,0.000826,5.149530,3.5,3.499,3.5
3.117812,456,1,subida,0.006859,0.006865,2.138876,2.131461,0.000825,5.149530,3.499,3.5,3.5
3.160431,457,1,subida,0.006882,0.006864,2.138590,2.131461,0.000826,5.146539,3.5,3.499,3.5
3.213055,458,1,subida,0.006858,0.006863,2.138590,2.132168,0.000825,5.145532,3.5,3.498,3.5
3.255118,459,1,subida,0.006877,0.006861,2.137863,2.131172,0.000825,5.145532,3.5,3.499,3.5
3.286912,460,1,subida,0.006855,0.006859,2.137744,2.131172,0.000825,5.148035,3.5,3.499,3.5
3.329538,461,1,subida,0.006870,0.006858,2.137744,2.130675,0.000825,5.148218,3.5,3.499,3.5
3.371750,462,1,subida,0.006856,0.006860,2.138820,2.130782,0.000825,5.148218,3.5,3.498,3.5
3.413950,463,1,subida,0.006871,0.006863,2.138551,2.130782,0.000826,5.146539,3.5,3.499,3.5
3.456121,464,1,subida,0.006860,0.006864,2.138551,2.131771,0.000825,5.153039,3.5,3.499,3.5
3.497145,465,1,subida,0.006869,0.006863,2.137589,2.131753,0.000826,5.153039,3.5,3.499,3.5
3.547238,466,1,subida,0.006862,0.006864,2.137312,2.131753,0.000825,5.148798,3.5,3.498,3.5
3.593278,467,1,subida,0.006868,0.006866,2.137312,2.131569,0.000826,5.151727,3.499,3.5,3.5
3.638206,468,1,subida,0.006866,0.006866,2.138876,2.130731,0.000825,5.147668,3.5,3.499,3.5
3.711059,469,1,subida,0.006867,0.006865,2.138876,2.131491,0.000826,5.143396,3.5,3.499,3.5
3.752550,470,1,subida,0.006864,0.006864,2.138638,2.132850,0.000826,5.143396,3.499,3.5,3.5
3.794312,471,1,subida,0.006866,0.006863,2.137672,2.132850,0.000825,5.158502,3.5,3.499,3.5
3.836000,472,1,subida,0.006857,0.006862,2.137672,2.131581,0.000826,5.147974,3.499,3.5,3.5
3.877604,473,1,subida,0.006870,0.006864,2.138987,2.130839,0.000826,5.147974,3.5,3.499,3.5
3.930205,474,1,subida,0.006876,0.006866,2.139380,2.132189,0.000826,5.144647,3.5,3.499,3.5
4.002904,475,1,subida,0.006860,0.006868,2.138653,2.132445,0.000826,5.144647,3.5,3.499,3.5
4.066744,476,1,subida,0.006858,0.006868,2.138191,2.131548,0.000826,5.149286,3.5,3.499,3.5
4.129794,477,1,subida,0.006884,0.006868,2.138930,2.131068,0.000826,5.149286,3.5,3.5,3.5
4.171332,478,1,subida,0.006858,0.006869,2.139690,2.131068,0.000826,5.151056,3.5,3.499,3.5
4.223506,479,1,subida,0.006857,0.006870,2.138802,2.132236,0.000826,5.152429,3.5,3.499,3.5
4.307970,480,1,subida,0.006852,0.006865,2.138379,2.131575,0.000826,5.145532,3.5,3.499,3.5
4.381829,481,1,subida,0.006892,0.006867,2.138006,2.130743,0.000826,5.145532,3.5,3.5,3.5
4.423577,482,1,subida,0.006857,0.006870,2.139085,2.130743,0.000826,5.159021,3.5,3.5,3.5
4.465434,483,1,subida,0.006897,0.006870,2.139085,2.131396,0.000826,5.138757,3.5,3.5,3.5
4.506809,484,1,subida,0.006858,0.006870,2.139216,2.132692,0.000826,5.138757,3.5,3.5,3.5
4.537856,485,1,subida,0.006899,0.006870,2.138563,2.132692,0.000826,5.146478,3.5,3.5,3.5
4.589836,486,1,subida,0.006859,0.006871,2.138563,2.131986,0.000826,5.143396,3.5,3.5,3.5
4.632242,487,1,subida,0.006901,0.006871,2.138417,2.131709,0.000826,5.143396,3.5,3.5,3.5
4.663324,488,1,subida,0.006860,0.006871,2.139118,2.131709,0.000826,5.155298,3.5,3.5,3.5
4.716543,489,1,subida,0.006902,0.006872,2.139118,2.131098,0.000826,5.146020,3.5,3.5,3.5
4.748237,490,1,subida,0.006861,0.006871,2.139171,2.132254,0.000826,5.146020,3.5,3.5,3.5
4.800786,491,1,subida,0.006898,0.006869,2.138834,2.132254,0.000826,5.150293,3.5,3.5,3.5
4.842716,492,1,subida,0.006859,0.006868,2.138834,2.132594,0.000826,5.138879,3.5,3.501,3.5
4.873191,493,1,subida,0.006899,0.006871,2.137985,2.131894,0.000826,5.138879,3.5,3.5,3.5
4.936018,494,1,subida,0.006901,0.006873,2.139138,2.130874,0.000826,5.152734,3.5,3.501,3.5
4.998672,495,1,subida,0.006866,0.006874,2.139431,2.132344,0.000826,5.152734,3.5,3.501,3.5
5.040595,496,1,subida,0.006900,0.006875,2.138808,2.132344,0.000826,5.147668,3.5,3.5,3.5
5.083460,497,1,subida,0.006867,0.006874,2.138808,2.132716,0.000826,5.142755,3.5,3.501,3.5
5.126083,498,1,subida,0.006897,0.006874,2.138051,2.131858,0.000826,5.142755,3.5,3.5,3.5
5.168039,499,1,subida,0.006867,0.006874,2.138587,2.131858,0.000826,5.157190,3.5,3.501,3.5
5.209878,500,1,subida,0.006895,0.006874,2.138587,2.131342,0.000826,5.143823,3.5,3.501,3.5
5.261438,501,1,subida,0.006868,0.006872,2.139246,2.131736,0.000826,5.143823,3.5,3.501,3.5
5.292797,502,1,subida,0.006889,0.006870,2.138906,2.131736,0.000826,5.146234,3.5,3.501,3.5
5.339311,503,1,subida,0.006864,0.006870,2.138906,2.132695,0.000826,5.152063,3.5,3.501,3.5
5.386689,504,1,subida,0.006887,0.006872,2.138081,2.131873,0.000826,5.152063,3.5,3.501,3.5
5.429054,505,1,subida,0.006869,0.006875,2.137934,2.131873,0.000826,5.150232,3.5,3.501,3.5
5.460392,506,1,subida,0.006887,0.006875,2.137934,2.130859,0.000826,5.150293,3.5,3.501,3.5
5.512918,507,1,subida,0.006870,0.006875,2.139180,2.131029,0.000825,5.150293,3.5,3.501,3.5
5.597212,508,1,subida,0.006871,0.006874,2.138513,2.132248,0.000826,5.149683,3.5,3.501,3.5
5.628500,509,1,subida,0.006882,0.006875,2.138206,2.131953,0.000825,5.149683,3.5,3.501,3.5
5.680747,510,1,subida,0.006872,0.006875,2.137979,2.131953,0.000825,5.147485,3.5,3.501,3.5
5.722549,511,1,subida,0.006879,0.006875,2.137979,2.131166,0.000826,5.148859,3.5,3.501,3.5
5.754066,512,1,subida,0.006873,0.006873,2.139213,2.131038,0.000826,5.148859,3.5,3.501,3.5
5.817407,513,1,subida,0.006871,0.006870,2.139291,2.132183,0.000826,5.146234,3.5,3.501,3.5
5.902365,514,1,subida,0.006877,0.006875,2.137830,2.132254,0.000826,5.147089,3.5,3.501,3.5
5.975396,515,1,subida,0.006873,0.006875,2.137830,2.131026,0.000826,5.141504,3.5,3.502,3.5
6.017491,516,1,subida,0.006881,0.006876,2.138820,2.130841,0.000826,5.141504,3.5,3.501,3.5
6.049403,517,1,subida,0.006872,0.006877,2.139386,2.130841,0.000826,5.149866,3.5,3.502,3.5
6.113303,518,1,subida,0.006870,0.006878,2.138450,2.132248,0.000826,5.145776,3.5,3.502,3.5
6.174938,519,1,subida,0.006886,0.006877,2.137678,2.132248,0.000825,5.146905,3.502,3.5,3.5
6.236354,520,1,subida,0.006890,0.006876,2.138635,2.130815,0.000826,5.142572,3.5,3.501,3.5
6.307826,521,1,subida,0.006864,0.006873,2.139523,2.130815,0.000825,5.156518,3.5,3.501,3.5
6.349085,522,1,subida,0.006889,0.006872,2.139523,2.131873,0.000826,5.146600,3.5,3.502,3.5
6.389654,523,1,subida,0.006863,0.006875,2.138706,2.132397,0.000826,5.146600,3.5,3.502,3.5
6.430922,524,1,subida,0.006895,0.006877,2.138009,2.132397,0.000826,5.156244,3.5,3.502,3.5
6.462170,525,1,subida,0.006865,0.006877,2.138009,2.131870,0.000826,5.144525,3.5,3.502,3.5
6.536398,526,1,subida,0.006866,0.006878,2.139231,2.131268,0.000826,5.150110,3.5,3.502,3.5
6.600788,527,1,subida,0.006903,0.006878,2.139231,2.131071,0.000826,5.151605,3.5,3.502,3.5
6.632829,528,1,subida,0.006864,0.006876,2.138620,2.132227,0.000825,5.151605,3.5,3.502,3.5
6.695833,529,1,subida,0.006865,0.006877,2.138057,2.131539,0.000826,5.154047,3.5,3.502,3.5
6.759163,530,1,subida,0.006905,0.006876,2.137750,2.130895,0.000826,5.154047,3.5,3.502,3.5
6.801396,531,1,subida,0.006861,0.006873,2.138796,2.130895,0.000826,5.148340,3.5,3.502,3.5
6.843102,532,1,subida,0.006901,0.006872,2.138796,2.130868,0.000826,5.142572,3.5,3.502,3.5
6.906839,533,1,subida,0.006907,0.006877,2.138551,2.132683,0.000826,5.150781,3.502,3.5,3.5
6.969651,534,1,subida,0.006867,0.006877,2.138551,2.132135,0.000826,5.150110,3.5,3.502,3.5
7.022384,535,1,subida,0.006907,0.006877,2.137628,2.130868,0.000826,5.150110,3.5,3.502,3.5
7.053553,536,1,subida,0.006867,0.006877,2.138644,2.130868,0.000826,5.152124,3.501,3.5,3.5
7.106047,537,1,subida,0.006867,0.006877,2.138840,2.131721,0.000825,5.148920,3.5,3.502,3.5
7.190098,538,1,subida,0.006904,0.006877,2.138438,2.131721,0.000826,5.149042,3.5,3.502,3.5
7.232600,539,1,subida,0.006868,0.006876,2.138438,2.131783,0.000826,5.147729,3.5,3.502,3.5
7.264009,540,1,subida,0.006902,0.006874,2.137630,2.131342,0.000826,5.147729,3.5,3.502,3.5
7.316982,541,1,subida,0.006896,0.006873,2.138793,2.129968,0.000826,5.145654,3.5,3.501,3.5
7.391581,542,1,subida,0.006867,0.006874,2.139097,2.132001,0.000825,5.145654,3.5,3.502,3.5
7.432999,543,1,subida,0.006898,0.006877,2.138829,2.132001,0.000826,5.148981,3.5,3.502,3.5
7.495784,544,1,subida,0.006893,0.006874,2.137934,2.131941,0.000826,5.151788,3.5,3.501,3.5
7.559202,545,1,subida,0.006869,0.006876,2.138203,2.131941,0.000825,5.151056,3.5,3.502,3.5
7.601183,546,1,subida,0.006893,0.006877,2.138203,2.130961,0.000826,5.143091,3.5,3.502,3.5
7.642935,547,1,subida,0.006871,0.006875,2.139028,2.131405,0.000825,5.143091,3.5,3.502,3.5
7.713696,548,1,subida,0.006872,0.006876,2.138650,2.132242,0.000826,5.146966,3.5,3.501,3.5
7.765009,549,1,subida,0.006887,0.006874,2.138343,2.132415,0.000826,5.146966,3.5,3.502,3.5
7.835592,550,1,subida,0.006881,0.006871,2.138122,2.130794,0.000826,5.150598,3.5,3.502,3.5
7.897506,551,1,subida,0.006870,0.006875,2.139106,2.130883,0.000826,5.150598,3.5,3.501,3.5
7.928583,552,1,subida,0.006882,0.006876,2.138715,2.130883,0.000826,5.154260,3.5,3.502,3.5
7.981305,553,1,subida,0.006874,0.006877,2.138715,2.132248,0.000826,5.144281,3.5,3.502,3.5
8.012184,554,1,subida,0.006880,0.006877,2.137887,2.132028,0.000825,5.144281,3.5,3.502,3.5
8.075663,555,1,subida,0.006878,0.006877,2.137875,2.131324,0.000826,5.142023,3.5,3.501,3.5
8.138276,556,1,subida,0.006877,0.006876,2.139124,2.130734,0.000826,5.142023,3.5,3.502,3.5
8.191453,557,1,subida,0.006876,0.006877,2.138978,2.130734,0.000826,5.154565,3.5,3.501,3.5
8.222739,558,1,subida,0.006879,0.006877,2.138978,2.131953,0.000825,5.143274,3.5,3.502,3.5
8.297190,559,1,subida,0.006876,0.006872,2.137809,2.132057,0.000826,5.153680,3.5,3.501,3.5
8.360890,560,1,subida,0.006866,0.006873,2.137809,2.131536,0.000826,5.145898,3.5,3.501,3.5
8.393059,561,1,subida,0.006881,0.006874,2.138912,2.130666,0.000826,5.145898,3.5,3.502,3.5
8.445267,562,1,subida,0.006869,0.006876,2.139115,2.130666,0.000825,5.149042,3.5,3.501,3.5
8.485835,563,1,subida,0.006886,0.006876,2.139115,2.131378,0.000825,5.144342,3.5,3.501,3.5
8.536244,564,1,subida,0.006887,0.006876,2.137321,2.131995,0.000825,5.152612,3.5,3.501,3.5
8.599281,565,1,subida,0.006866,0.006875,2.137321,2.131101,0.000826,5.147485,3.5,3.502,3.5
8.652169,566,1,subida,0.006891,0.006875,2.138039,2.130374,0.000825,5.147485,3.5,3.501,3.5
8.693848,567,1,subida,0.006864,0.006876,2.138495,2.130374,0.000825,5.150873,3.5,3.501,3.5
8.735286,568,1,subida,0.006893,0.006875,2.138495,2.131077,0.000825,5.154687,3.5,3.501,3.5
8.766937,569,1,subida,0.006862,0.006873,2.137860,2.132057,0.000825,5.154687,3.5,3.501,3.5
8.809677,570,1,subida,0.006892,0.006872,2.138060,2.132057,0.000826,5.149927,3.5,3.502,3.5
8.851551,571,1,subida,0.006858,0.006871,2.138060,2.131351,0.000826,5.142328,3.5,3.501,3.5
8.904177,572,1,subida,0.006897,0.006873,2.137789,2.130776,0.000826,5.142328,3.5,3.501,3.5
8.967158,573,1,subida,0.006900,0.006875,2.138983,2.130865,0.000826,5.140832,3.5,3.502,3.5
9.020312,574,1,subida,0.006862,0.006875,2.138554,2.132019,0.000825,5.140832,3.5,3.502,3.5
9.073914,575,1,subida,0.006862,0.006874,2.137595,2.131533,0.000825,5.146295,3.5,3.501,3.5
9.157924,576,1,subida,0.006862,0.006874,2.138447,2.130892,0.000825,5.149225,3.5,3.501,3.5
9.241618,577,1,subida,0.006861,0.006874,2.138247,2.131804,0.000825,5.151788,3.5,3.501,3.5
9.335782,578,1,subida,0.006858,0.006869,2.138161,2.131324,0.000825,5.152307,3.5,3.501,3.5
9.398437,579,1,subida,0.006901,0.006872,2.137243,2.130836,0.000825,5.152307,3.5,3.501,3.5
9.440580,580,1,subida,0.006863,0.006874,2.138182,2.130836,0.000825,5.141626,3.5,3.501,3.5
9.482855,581,1,subida,0.006902,0.006874,2.138182,2.129557,0.000825,5.152734,3.5,3.501,3.5
9.524414,582,1,subida,0.006864,0.006873,2.137884,2.131095,0.000825,5.152734,3.5,3.501,3.5
9.566412,583,1,subida,0.006865,0.006872,2.137985,2.131780,0.000825,5.148675,3.501,3.5,3.5
9.660321,584,1,subida,0.006866,0.006873,2.138039,2.130904,0.000825,5.146478,3.5,3.502,3.5
9.730856,585,1,subida,0.006897,0.006873,2.138039,2.130359,0.000825,5.144281,3.501,3.5,3.5
9.782423,586,1,subida,0.006865,0.006870,2.138510,2.130582,0.000824,5.144281,3.5,3.501,3.5
9.813282,587,1,subida,0.006890,0.006868,2.137475,2.130582,0.000825,5.148401,3.502,3.5,3.5
9.865801,588,1,subida,0.006861,0.006868,2.137475,2.130910,0.000825,5.148492,3.5,3.501,3.5
9.908148,589,1,subida,0.006888,0.006871,2.136877,2.130654,0.000825,5.148492,3.5,3.501,3.5
9.940057,590,1,subida,0.006865,0.006872,2.137470,2.130654,0.000825,5.154809,3.5,3.501,3.5
9.992926,591,1,subida,0.006888,0.006872,2.137470,2.129906,0.000824,5.144159,3.5,3.501,3.5
10.024272,592,1,subida,0.006866,0.006871,2.138295,2.130561,0.000825,5.144159,3.5,3.501,3.5
10.066950,593,1,subida,0.006886,0.006872,2.138095,2.130561,0.000825,5.156579,3.5,3.501,3.5
10.108406,594,1,subida,0.006866,0.006872,2.138095,2.131441,0.000825,5.146142,3.5,3.501,3.5
10.150164,595,1,subida,0.006883,0.006871,2.137127,2.130847,0.000825,5.146142,3.5,3.501,3.5
10.202822,596,1,subida,0.006880,0.006871,2.137166,2.130010,0.000825,5.145593,3.501,3.5,3.5
10.276691,597,1,subida,0.006866,0.006868,2.137598,2.129786,0.000824,5.145593,3.5,3.501,3.5
10.318230,598,1,subida,0.006873,0.006866,2.137592,2.129786,0.000824,5.149164,3.5,3.501,3.5
10.370185,599,1,subida,0.006871,0.006867,2.136552,2.130898,0.000825,5.153253,3.501,3.5,3.5
10.449352,600,1,subida,0.006867,0.006869,2.136239,2.130898,0.000824,5.149347,3.501,3.5,3.5
10.485457,601,1,subida,0.006871,0.006870,2.136239,2.129980,0.000825,5.149286,3.5,3.501,3.5
10.527656,602,1,subida,0.006870,0.006869,2.137374,2.129539,0.000824,5.149286,3.501,3.5,3.5
10.568887,603,1,subida,0.006869,0.006870,2.137920,2.129539,0.000825,5.156579,3.5,3.502,3.5
10.621412,604,1,subida,0.006867,0.006870,2.136933,2.130713,0.000825,5.148981,3.5,3.501,3.5
10.694388,605,1,subida,0.006873,0.006870,2.136450,2.130713,0.000824,5.157587,3.501,3.5,3.5
10.745851,606,1,subida,0.006875,0.006869,2.137479,2.129641,0.000825,5.149866,3.5,3.501,3.5
10.830162,607,1,subida,0.006873,0.006864,2.138182,2.130469,0.000824,5.151544,3.5,3.501,3.5
10.903835,608,1,subida,0.006858,0.006867,2.136993,2.131020,0.000825,5.151544,3.5,3.501,3.5
10.967277,609,1,subida,0.006860,0.006869,2.136650,2.130102,0.000824,5.147424,3.5,3.501,3.5
11.021115,610,1,subida,0.006884,0.006868,2.137189,2.129784,0.000825,5.147424,3.5,3.501,3.5
11.062663,611,1,subida,0.006858,0.006869,2.138262,2.129784,0.000824,5.152307,3.5,3.501,3.5
11.126104,612,1,subida,0.006858,0.006870,2.137592,2.131092,0.000824,5.144403,3.5,3.501,3.5
11.188951,613,1,subida,0.006889,0.006869,2.136492,2.131092,0.000825,5.157709,3.5,3.501,3.5
11.231037,614,1,subida,0.006858,0.006869,2.136492,2.130752,0.000825,5.143579,3.5,3.501,3.5
11.272832,615,1,subida,0.006891,0.006867,2.136814,2.129647,0.000825,5.143579,3.5,3.501,3.5
11.335845,616,1,subida,0.006889,0.006865,2.138259,2.129930,0.000825,5.152734,3.5,3.501,3.5
11.399926,617,1,subida,0.006854,0.006866,2.137353,2.130880,0.000824,5.152734,3.5,3.501,3.5
11.440801,618,1,subida,0.006894,0.006868,2.136486,2.130880,0.000824,5.148981,3.5,3.501,3.5
11.481919,619,1,subida,0.006856,0.006868,2.136486,2.130314,0.000824,5.149988,3.5,3.501,3.5
11.522550,620,1,subida,0.006896,0.006868,2.136000,2.129834,0.000824,5.149988,3.5,3.501,3.5
11.573360,621,1,subida,0.006856,0.006869,2.137672,2.129834,0.000824,5.155939,3.5,3.501,3.5
11.624654,622,1,subida,0.006857,0.006869,2.137532,2.130841,0.000824,5.143396,3.5,3.5,3.5
11.717051,623,1,subida,0.006857,0.006868,2.136713,2.130147,0.000825,5.147729,3.5,3.501,3.5
11.780681,624,1,subida,0.006897,0.006866,2.136239,2.129915,0.000825,5.147729,3.5,3.501,3.5
11.823282,625,1,subida,0.006854,0.006864,2.137249,2.129915,0.000824,5.145898,3.5,3.501,3.5
11.874931,626,1,subida,0.006892,0.006863,2.137249,2.128988,0.000825,5.148157,3.5,3.501,3.5
11.906003,627,1,subida,0.006855,0.006865,2.137479,2.130502,0.000824,5.148157,3.5,3.501,3.5
11.957193,628,1,subida,0.006895,0.006868,2.136513,2.130502,0.000825,5.148859,3.5,3.5,3.5
11.987844,629,1,subida,0.006859,0.006868,2.136513,2.130454,0.000825,5.150659,3.5,3.5,3.5
12.028742,630,1,subida,0.006895,0.006867,2.136218,2.130105,0.000825,5.150659,3.5,3.501,3.5
12.069965,631,1,subida,0.006860,0.006868,2.137264,2.130105,0.000825,5.154047,3.5,3.501,3.5
12.111890,632,1,subida,0.006893,0.006867,2.137264,2.129167,0.000825,5.151605,3.5,3.501,3.5
12.184631,633,1,subida,0.006891,0.006868,2.136409,2.130630,0.000824,5.145654,3.5,3.501,3.5
12.247216,634,1,subida,0.006860,0.006867,2.136409,2.130353,0.000824,5.150171,3.5,3.501,3.5
12.278959,635,1,subida,0.006886,0.006864,2.136212,2.129962,0.000824,5.150171,3.5,3.501,3.5
12.320810,636,1,subida,0.006856,0.006862,2.136906,2.129962,0.000824,5.148492,3.5,3.501,3.5
12.362091,637,1,subida,0.006880,0.006861,2.136906,2.129119,0.000824,5.143274,3.5,3.5,3.5
12.415009,638,1,subida,0.006857,0.006864,2.137392,2.129563,0.000824,5.143274,3.5,3.501,3.5
12.456550,639,1,subida,0.006882,0.006866,2.136978,2.129563,0.000825,5.144708,3.5,3.5,3.5
12.488317,640,1,subida,0.006861,0.006866,2.136978,2.130675,0.000824,5.144098,3.5,3.501,3.5
12.541498,641,1,subida,0.006880,0.006865,2.136030,2.129071,0.000824,5.144098,3.5,3.5,3.5
12.572415,642,1,subida,0.006859,0.006862,2.132481,2.129071,0.000821,5.153436,3.5,3.5,3.5
12.645989,643,1,subida,0.006845,0.006849,2.130472,2.122709,0.000820,5.149866,3.5,3.501,3.5
12.699049,644,1,subida,0.006856,0.006846,2.130183,2.122709,0.000819,5.150598,3.5,3.5,3.5
12.760426,645,1,subida,0.006848,0.006842,2.129146,2.122780,0.000819,5.148279,3.5,3.5,3.5
12.823267,646,1,subida,0.006834,0.006837,2.128592,2.122780,0.000819,5.152368,3.5,3.5,3.5
12.886952,647,1,subida,0.006835,0.006836,2.129664,2.121740,0.000819,5.147790,3.5,3.5,3.5
12.950856,648,1,subida,0.006841,0.006838,2.129843,2.121740,0.000820,5.147089,3.5,3.5,3.5
13.003375,649,1,subida,0.006840,0.006840,2.129843,2.122661,0.000819,5.149591,3.5,3.5,3.5
13.034673,650,1,subida,0.006840,0.006840,2.128976,2.122741,0.000819,5.149591,3.5,3.5,3.5
13.087831,651,1,subida,0.006838,0.006839,2.128133,2.121674,0.000819,5.147150,3.5,3.5,3.5
13.162021,652,1,subida,0.006843,0.006839,2.129268,2.121150,0.000819,5.147150,3.5,3.5,3.5
13.208660,653,1,subida,0.006836,0.006839,2.129676,2.121150,0.000818,5.148553,3.5,3.5,3.5
13.278008,654,1,subida,0.006833,0.006838,2.129205,2.123102,0.000819,5.145593,3.5,3.5,3.5
13.319528,655,1,subida,0.006843,0.006836,2.129310,2.123102,0.000820,5.154504,3.5,3.5,3.5
13.372140,656,1,subida,0.006828,0.006835,2.129310,2.122127,0.000819,5.147729,3.5,3.5,3.5
13.415009,657,1,subida,0.006847,0.006838,2.129769,2.122291,0.000819,5.147729,3.5,3.5,3.5
13.447293,658,1,subida,0.006831,0.006839,2.130156,2.122291,0.000819,5.151239,3.5,3.5,3.5
13.499895,659,1,subida,0.006853,0.006840,2.130156,2.123138,0.000820,5.150995,3.5,3.5,3.5
13.542152,660,1,subida,0.006831,0.006840,2.129593,2.123713,0.000819,5.150995,3.5,3.5,3.5
13.573050,661,1,subida,0.006856,0.006841,2.130612,2.123713,0.000821,5.153192,3.5,3.5,3.5
13.636169,662,1,subida,0.006861,0.006843,2.129134,2.121823,0.000819,5.149499,3.5,3.5,3.5
13.699787,663,1,subida,0.006830,0.006842,2.130991,2.121823,0.000820,5.152368,3.5,3.5,3.5
13.762529,664,1,subida,0.006829,0.006842,2.130108,2.124318,0.000819,5.152002,3.5,3.5,3.5
13.825882,665,1,subida,0.006861,0.006838,2.129971,2.124318,0.000820,5.143579,3.5,3.5,3.5
13.868267,666,1,subida,0.006826,0.006838,2.129971,2.123403,0.000820,5.144464,3.5,3.5,3.5
13.910484,667,1,subida,0.006866,0.006841,2.129432,2.124434,0.000820,5.144464,3.5,3.5,3.5
13.952397,668,1,subida,0.006829,0.006842,2.130609,2.124434,0.000820,5.146722,3.5,3.5,3.5
14.005210,669,1,subida,0.006869,0.006843,2.130609,2.124410,0.000820,5.149225,3.5,3.5,3.5
14.047279,670,1,subida,0.006830,0.006843,2.130505,2.123933,0.000820,5.149225,3.5,3.5,3.5
14.079036,671,1,subida,0.006870,0.006841,2.129688,2.123933,0.000820,5.143823,3.5,3.5,3.5
14.120974,672,1,subida,0.006830,0.006842,2.129688,2.123340,0.000819,5.151056,3.5,3.5,3.5
14.174029,673,1,subida,0.006870,0.006841,2.129277,2.122816,0.000820,5.151056,3.5,3.5,3.5
14.205321,674,1,subida,0.006829,0.006842,2.133443,2.122816,0.000821,5.149103,3.5,3.5,3.5
14.247533,675,1,subida,0.006874,0.006846,2.133443,2.124699,0.000822,5.151056,3.5,3.5,3.5
14.289997,676,1,subida,0.006834,0.006846,2.133583,2.125650,0.000821,5.151056,3.5,3.5,3.5
14.332345,677,1,subida,0.006872,0.006843,2.131217,2.125650,0.000820,5.148920,3.5,3.5,3.5
14.374845,678,1,subida,0.006830,0.006841,2.131217,2.124124,0.000820,5.147668,3.5,3.5,3.5
14.437170,679,1,subida,0.006834,0.006844,2.131786,2.123990,0.000820,5.151727,3.5,3.5,3.5
14.500000,680,1,subida,0.006873,0.006846,2.131786,2.123635,0.000821,5.150049,3.5,3.5,3.5
14.542657,681,1,subida,0.006837,0.006847,2.132394,2.125814,0.000821,5.150049,3.5,3.5,3.5
14.599302,682,1,subida,0.006839,0.006848,2.132764,2.125376,0.000821,5.145471,3.5,3.5,3.5
14.667815,683,1,subida,0.006874,0.006848,2.131506,2.125197,0.000821,5.145471,3.5,3.5,3.5
14.699731,684,1,subida,0.006840,0.006847,2.131920,2.125197,0.000821,5.146905,3.5,3.499,3.5
14.752526,685,1,subida,0.006873,0.006848,2.131920,2.123901,0.000821,5.150537,3.5,3.5,3.5
14.794539,686,1,subida,0.006838,0.006844,2.132528,2.125301,0.000821,5.150537,3.5,3.5,3.5
14.836442,687,1,subida,0.006866,0.006844,2.132659,2.125301,0.000821,5.153986,3.5,3.5,3.5
14.867450,688,1,subida,0.006837,0.006843,2.132659,2.126273,0.000821,5.147790,3.5,3.5,3.5
14.909810,689,1,subida,0.006866,0.006846,2.131906,2.125105,0.000821,5.147790,3.5,3.5,3.5
14.961654,690,1,subida,0.006841,0.006847,2.131619,2.125105,0.000820,5.150293,3.5,3.5,3.5
14.993273,691,1,subida,0.006865,0.006847,2.131619,2.124234,0.000821,5.152246,3.5,3.5,3.5
15.045469,692,1,subida,0.006842,0.006848,2.132838,2.125382,0.000821,5.152246,3.5,3.5,3.5
15.097402,693,1,subida,0.006840,0.006847,2.131536,2.124592,0.000820,5.143884,3.5,3.499,3.5
15.160822,694,1,subida,0.006858,0.006844,2.130991,2.124503,0.000821,5.143884,3.5,3.499,3.5
15.213258,695,1,subida,0.006839,0.006845,2.131813,2.124503,0.000821,5.144769,3.5,3.5,3.5
15.254933,696,1,subida,0.006856,0.006844,2.131813,2.123498,0.000820,5.152551,3.5,3.499,3.5
15.286469,697,1,subida,0.006837,0.006842,2.132034,2.124318,0.000820,5.152551,3.5,3.5,3.5
15.339920,698,1,subida,0.006850,0.006842,2.132105,2.124318,0.000821,5.149103,3.5,3.499,3.5
15.371115,699,1,subida,0.006837,0.006841,2.132105,2.126380,0.000821,5.141077,3.5,3.5,3.5
15.423412,700,1,subida,0.006849,0.006843,2.131077,2.124795,0.000820,5.141077,3.5,3.499,3.5
15.475459,701,1,subida,0.006851,0.006846,2.131679,2.124702,0.000821,5.148553,3.5,3.5,3.5
15.548748,702,1,subida,0.006844,0.006847,2.132898,2.124759,0.000821,5.148553,3.5,3.5,3.5
15.579838,703,1,subida,0.006850,0.006848,2.133142,2.124759,0.000821,5.149225,3.5,3.499,3.5
15.622506,704,1,subida,0.006847,0.006847,2.133142,2.125453,0.000821,5.150873,3.5,3.5,3.5
15.675909,705,1,subida,0.006847,0.006847,2.131062,2.125781,0.000821,5.150873,3.5,3.5,3.5
15.707968,706,1,subida,0.006847,0.006848,2.131917,2.125781,0.000821,5.153039,3.5,3.5,3.5
15.749919,707,1,subida,0.006845,0.006846,2.131917,2.123993,0.000821,5.143579,3.5,3.499,3.5
15.792097,708,1,subida,0.006847,0.006843,2.132990,2.124804,0.000822,5.143579,3.5,3.5,3.5
15.833726,709,1,subida,0.006839,0.006842,2.132636,2.124804,0.000821,5.143091,3.5,3.5,3.5
15.886293,710,1,subida,0.006846,0.006841,2.132636,2.126055,0.000822,5.146142,3.5,3.499,3.5
15.927553,711,1,subida,0.006838,0.006843,2.130824,2.125012,0.000820,5.146142,3.5,3.5,3.5
15.980383,712,1,subida,0.006837,0.006843,2.130314,2.123820,0.000821,5.141840,3.5,3.499,3.5
16.043711,713,1,subida,0.006852,0.006843,2.131292,2.123746,0.000821,5.141840,3.5,3.499,3.5
16.104182,714,1,subida,0.006855,0.006843,2.131926,2.124517,0.000821,5.141260,3.5,3.5,3.5
16.165711,715,1,subida,0.006835,0.006843,2.131593,2.125605,0.000821,5.141260,3.5,3.499,3.5
16.207020,716,1,subida,0.006857,0.006844,2.130859,2.125605,0.000821,5.151605,3.5,3.499,3.5
16.248192,717,1,subida,0.006834,0.006844,2.130859,2.124687,0.000821,5.146661,3.5,3.5,3.5
16.300337,718,1,subida,0.006858,0.006841,2.131753,2.124407,0.000821,5.146661,3.5,3.499,3.5
16.342012,719,1,subida,0.006829,0.006839,2.132347,2.124407,0.000820,5.147729,3.5,3.5,3.5
16.373241,720,1,subida,0.006857,0.006839,2.132347,2.124443,0.000821,5.144647,3.5,3.499,3.5
16.436286,721,1,subida,0.006865,0.006844,2.132320,2.125885,0.000821,5.146539,3.499,3.5,3.5
16.499571,722,1,subida,0.006834,0.006846,2.132320,2.125999,0.000821,5.151941,3.5,3.499,3.5
16.542209,723,1,subida,0.006871,0.006847,2.133455,2.126279,0.000822,5.151941,3.5,3.499,3.5
16.583862,724,1,subida,0.006835,0.006848,2.133533,2.126279,0.000822,5.150995,3.499,3.5,3.5
16.657719,725,1,subida,0.006836,0.006848,2.133843,2.126374,0.000821,5.148035,3.5,3.499,3.5
16.720572,726,1,subida,0.006874,0.006849,2.132579,2.126374,0.000822,5.144098,3.5,3.499,3.5
16.761677,727,1,subida,0.006836,0.006848,2.132579,2.126121,0.000821,5.143640,3.5,3.499,3.5
16.802187,728,1,subida,0.006874,0.006844,2.132290,2.125605,0.000821,5.143640,3.5,3.499,3.5
16.842878,729,1,subida,0.006832,0.006844,2.134400,2.125605,0.000821,5.142725,3.5,3.499,3.5
16.893762,730,1,subida,0.006835,0.006845,2.133291,2.127635,0.000822,5.148614,3.5,3.499,3.5
16.976202,731,1,subida,0.006878,0.006849,2.133476,2.127635,0.000822,5.153802,3.5,3.499,3.5
17.007385,732,1,subida,0.006838,0.006849,2.133476,2.127051,0.000822,5.140008,3.5,3.499,3.5
17.049231,733,1,subida,0.006878,0.006849,2.131706,2.126174,0.000822,5.140008,3.5,3.499,3.5
17.090961,734,1,subida,0.006838,0.006849,2.134012,2.126174,0.000822,5.147729,3.5,3.499,3.5
17.132627,735,1,subida,0.006878,0.006848,2.134012,2.125444,0.000822,5.147424,3.5,3.499,3.5
17.185767,736,1,subida,0.006839,0.006849,2.134489,2.127468,0.000822,5.147424,3.5,3.499,3.5
17.216820,737,1,subida,0.006878,0.006850,2.133640,2.127468,0.000822,5.142511,3.5,3.499,3.5
17.259146,738,1,subida,0.006840,0.006850,2.133640,2.127197,0.000822,5.146081,3.5,3.499,3.5
17.322606,739,1,subida,0.006837,0.006846,2.134016,2.127498,0.000822,5.151239,3.5,3.499,3.5
17.394861,740,1,subida,0.006872,0.006848,2.134016,2.126174,0.000823,5.144708,3.5,3.499,3.5
17.458066,741,1,subida,0.006874,0.006849,2.132421,2.126323,0.000821,5.151178,3.5,3.499,3.5
17.509707,742,1,subida,0.006841,0.006849,2.132421,2.126678,0.000822,5.146539,3.5,3.499,3.5
17.562423,743,1,subida,0.006842,0.006848,2.133619,2.126478,0.000822,5.148035,3.5,3.499,3.5
17.667432,744,1,subida,0.006842,0.006848,2.133947,2.126574,0.000822,5.146783,3.5,3.499,3.5
17.730141,745,1,subida,0.006842,0.006849,2.134054,2.127274,0.000822,5.148157,3.5,3.499,3.5
17.803875,746,1,subida,0.006836,0.006842,2.133509,2.126401,0.000822,5.148736,3.5,3.499,3.5
17.907958,747,1,subida,0.006842,0.006848,2.134668,2.126431,0.000822,5.146905,3.5,3.499,3.5
18.002397,748,1,subida,0.006844,0.006848,2.134075,2.126142,0.000821,5.151941,3.5,3.499,3.5
18.075737,749,1,subida,0.006843,0.006847,2.133315,2.126610,0.000822,5.147729,3.5,3.499,3.5
18.138393,750,1,subida,0.006856,0.006848,2.133315,2.125802,0.000822,5.147668,3.5,3.499,3.5
18.180853,751,1,subida,0.006845,0.006848,2.134093,2.125352,0.000822,5.147668,3.5,3.499,3.5
18.222917,752,1,subida,0.006854,0.006849,2.134597,2.125352,0.000822,5.150934,3.5,3.499,3.5
18.263868,753,1,subida,0.006846,0.006850,2.134597,2.127817,0.000822,5.148553,3.5,3.499,3.5
18.306037,754,1,subida,0.006850,0.006846,2.133160,2.127408,0.000822,5.148553,3.5,3.499,3.5
18.347303,755,1,subida,0.006843,0.006845,2.133229,2.127408,0.000822,5.145074,3.5,3.499,3.5
18.408337,756,1,subida,0.006846,0.006847,2.133774,2.125641,0.000822,5.143030,3.5,3.499,3.5
18.470827,757,1,subida,0.006847,0.006847,2.133434,2.125641,0.000822,5.147790,3.5,3.499,3.5
18.513206,758,1,subida,0.006848,0.006847,2.133434,2.126625,0.000821,5.145166,3.5,3.499,3.5
18.564970,759,1,subida,0.006844,0.006846,2.132937,2.126061,0.000821,5.145166,3.5,3.499,3.5
18.607226,760,1,subida,0.006842,0.006845,2.132618,2.125531,0.000822,5.150659,3.5,3.499,3.5
18.681297,761,1,subida,0.006851,0.006845,2.133238,2.125072,0.000821,5.150659,3.5,3.499,3.5
18.723402,762,1,subida,0.006840,0.006845,2.133348,2.125072,0.000821,5.153131,3.5,3.498,3.5
18.765258,763,1,subida,0.006852,0.006845,2.133348,2.126273,0.000822,5.149499,3.5,3.499,3.5
18.816838,764,1,subida,0.006850,0.006841,2.131825,2.126419,0.000821,5.154504,3.5,3.499,3.5
18.889934,765,1,subida,0.006833,0.006843,2.131825,2.125644,0.000821,5.150659,3.5,3.499,3.5
18.952471,766,1,subida,0.006835,0.006845,2.133616,2.125185,0.000821,5.154687,3.5,3.498,3.5
19.015995,767,1,subida,0.006858,0.006844,2.133616,2.125757,0.000822,5.148798,3.5,3.499,3.5
19.057503,768,1,subida,0.006833,0.006844,2.132528,2.126416,0.000821,5.148798,3.5,3.498,3.5
19.099581,769,1,subida,0.006860,0.006844,2.131763,2.126416,0.000821,5.147974,3.5,3.499,3.5
19.151499,770,1,subida,0.006863,0.006844,2.132055,2.124604,0.000821,5.152185,3.5,3.498,3.5
19.225158,771,1,subida,0.006831,0.006843,2.132895,2.124604,0.000821,5.148401,3.5,3.499,3.5
19.276742,772,1,subida,0.006827,0.006842,2.132233,2.126076,0.000821,5.145593,3.5,3.498,3.5
19.372185,773,1,subida,0.006827,0.006837,2.131563,2.126058,0.000822,5.147485,3.5,3.498,3.5
19.457110,774,1,subida,0.006832,0.006844,2.133795,2.125528,0.000821,5.150751,3.5,3.498,3.5
19.520248,775,1,subida,0.006872,0.006845,2.133795,2.125739,0.000822,5.149805,3.5,3.498,3.5
19.562152,776,1,subida,0.006833,0.006845,2.133485,2.126601,0.000822,5.149805,3.5,3.498,3.5
19.593572,777,1,subida,0.006873,0.006846,2.132508,2.126601,0.000822,5.149530,3.5,3.498,3.5
19.645600,778,1,subida,0.006834,0.006845,2.132508,2.126696,0.000822,5.149347,3.5,3.498,3.5
19.676537,779,1,subida,0.006874,0.006844,2.132010,2.125906,0.000822,5.149347,3.5,3.498,3.5
19.730152,780,1,subida,0.006834,0.006846,2.134537,2.125906,0.000822,5.152429,3.5,3.498,3.5
19.761324,781,1,subida,0.006879,0.006850,2.134537,2.133625,0.000824,5.151941,3.5,3.498,3.5
19.803784,782,1,subida,0.006835,0.006845,2.132341,2.126154,0.000821,5.151941,3.5,3.498,3.5
19.856006,783,1,subida,0.006828,0.006839,2.132245,2.125480,0.000821,5.146722,3.5,3.498,3.5
19.940306,784,1,subida,0.006869,0.006841,2.130454,2.125117,0.000821,5.146722,3.5,3.498,3.5
19.971539,785,1,subida,0.006831,0.006842,2.132698,2.125117,0.000821,5.152002,3.5,3.498,3.5
0.073531,787,1,subida,0.018106,0.018107,2.134841,2.116420,0.000818,5.145227,6.5,6.5,6.5
0.136096,788,1,subida,0.018104,0.018106,2.134901,2.117192,0.000818,5.148096,6.5,6.5,6.5
0.198720,789,1,subida,0.018144,0.018108,2.134594,2.116912,0.000819,5.148096,6.5,6.5,6.5
0.250759,790,1,subida,0.018144,0.018110,2.135538,2.116715,0.000819,5.142572,6.5,6.5,6.5
0.324907,791,1,subida,0.018107,0.018108,2.135926,2.118429,0.000819,5.142572,6.5,6.5,6.5
0.366306,792,1,subida,0.018144,0.018112,2.136000,2.118429,0.000820,5.148279,6.5,6.5,6.5
0.418557,793,1,subida,0.018149,0.018117,2.135535,2.117836,0.000820,5.141199,6.5,6.5,6.5
0.493030,794,1,subida,0.018118,0.018119,2.136108,2.117836,0.000820,5.149805,6.5,6.5,6.5
0.524730,795,1,subida,0.018149,0.018118,2.136108,2.117171,0.000820,5.143457,6.5,6.5,6.5
0.587949,796,1,subida,0.018145,0.018118,2.136176,2.117651,0.000820,5.154504,6.5,6.5,6.5
0.651660,797,1,subida,0.018118,0.018117,2.136176,2.118429,0.000820,5.145776,6.5,6.5,6.5
0.693182,798,1,subida,0.018142,0.018115,2.134534,2.117338,0.000819,5.145776,6.5,6.5,6.5
0.745631,799,1,subida,0.018115,0.018113,2.134874,2.117338,0.000819,5.150354,6.5,6.5,6.5
0.787692,800,1,subida,0.018132,0.018107,2.134874,2.116408,0.000819,5.144830,6.5,6.5,6.5
0.819453,801,1,subida,0.018109,0.018106,2.135872,2.116838,0.000819,5.144830,6.5,6.5,6.5
0.872142,802,1,subida,0.018127,0.018108,2.135381,2.116838,0.000819,5.151178,6.5,6.5,6.5
0.914553,803,1,subida,0.018112,0.018110,2.135381,2.117231,0.000819,5.150659,6.5,6.5,6.5
0.945657,804,1,subida,0.018128,0.018110,2.134314,2.117416,0.000819,5.150659,6.5,6.5,6.5
1.008763,805,1,subida,0.018127,0.018112,2.134933,2.116554,0.000819,5.150110,6.5,6.5,6.5
1.082908,806,1,subida,0.018115,0.018112,2.135765,2.116641,0.000819,5.150110,6.5,6.5,6.5
1.114489,807,1,subida,0.018124,0.018111,2.135619,2.116641,0.000819,5.145013,6.5,6.5,6.5
1.167250,808,1,subida,0.018116,0.018112,2.135619,2.117422,0.000819,5.147485,6.5,6.5,6.5
1.198996,809,1,subida,0.018122,0.018112,2.135431,2.117383,0.000819,5.147485,6.5,6.5,6.5
1.240956,810,1,subida,0.018118,0.018111,2.134310,2.117383,0.000819,5.150476,6.5,6.5,6.5
1.283194,811,1,subida,0.018117,0.018110,2.134310,2.117898,0.000820,5.149805,6.5,6.5,6.5
1.326024,812,1,subida,0.018121,0.018112,2.137020,2.117734,0.000820,5.149805,6.5,6.5,6.5
1.368471,813,1,subida,0.018121,0.018117,2.137210,2.117734,0.000820,5.151605,6.5,6.5,6.5
1.410337,814,1,subida,0.018130,0.018120,2.137210,2.118903,0.000820,5.149866,6.5,6.5,6.5
1.462803,815,1,subida,0.018135,0.018121,2.136453,2.118989,0.000820,5.149866,6.5,6.5,6.5
1.567902,816,1,subida,0.018140,0.018125,2.136984,2.117901,0.000820,5.144830,6.5,6.5,6.5
1.620167,817,1,subida,0.018125,0.018124,2.137166,2.117901,0.000820,5.147272,6.5,6.5,6.5
1.661307,818,1,subida,0.018142,0.018123,2.137166,2.118491,0.000820,5.147424,6.5,6.5,6.5
1.702971,819,1,subida,0.018122,0.018124,2.136781,2.119147,0.000820,5.147424,6.5,6.5,6.5
1.744417,820,1,subida,0.018145,0.018125,2.135851,2.119147,0.000820,5.145349,6.5,6.5,6.5
1.807968,821,1,subida,0.018143,0.018119,2.136397,2.118399,0.000820,5.146020,6.5,6.5,6.5
1.870992,822,1,subida,0.018117,0.018122,2.137628,2.118399,0.000820,5.148920,6.5,6.501,6.5
1.912730,823,1,subida,0.018150,0.018123,2.137628,2.118176,0.000820,5.149744,6.5,6.5,6.5
1.964887,824,1,subida,0.018152,0.018124,2.135622,2.119129,0.000820,5.150995,6.5,6.5,6.5
2.038962,825,1,subida,0.018117,0.018121,2.135622,2.118128,0.000820,5.151544,6.5,6.5,6.5
2.091046,826,1,subida,0.018117,0.018121,2.138081,2.118104,0.000820,5.149530,6.5,6.5,6.5
2.175551,827,1,subida,0.018118,0.018124,2.136668,2.118956,0.000820,5.149530,6.5,6.5,6.5
2.269878,828,1,subida,0.018117,0.018122,2.136462,2.119087,0.000820,5.147668,6.5,6.5,6.5
2.323027,829,1,subida,0.018156,0.018119,2.135643,2.118375,0.000820,5.147668,6.5,6.5,6.5
2.376404,830,1,subida,0.018116,0.018122,2.137601,2.118375,0.000820,5.145715,6.5,6.5,6.5
2.429482,831,1,subida,0.018121,0.018125,2.137157,2.119046,0.000820,5.144037,6.5,6.5,6.5
2.503573,832,1,subida,0.018161,0.018123,2.136003,2.119046,0.000821,5.151361,6.5,6.5,6.5
2.535245,833,1,subida,0.018120,0.018123,2.136003,2.118772,0.000820,5.150598,6.5,6.5,6.5
2.588677,834,1,subida,0.018160,0.018124,2.135979,2.118688,0.000820,5.150598,6.5,6.5,6.5
2.630582,835,1,subida,0.018122,0.018125,2.137413,2.118688,0.000820,5.146905,6.5,6.5,6.5
2.661990,836,1,subida,0.018160,0.018124,2.137413,2.117609,0.000820,5.143762,6.5,6.5,6.5
2.714178,837,1,subida,0.018124,0.018126,2.137550,2.119672,0.000820,5.143762,6.5,6.5,6.5
2.745532,838,1,subida,0.018161,0.018127,2.137094,2.119672,0.000820,5.150354,6.5,6.5,6.5
2.787463,839,1,subida,0.018151,0.018119,2.135577,2.118566,0.000820,5.149866,6.5,6.5,6.5
2.871480,840,1,subida,0.018152,0.018121,2.136832,2.116855,0.000820,5.143335,6.5,6.5,6.5
2.967750,841,1,subida,0.018151,0.018122,2.136522,2.118399,0.000820,5.145898,6.5,6.5,6.5
3.051692,842,1,subida,0.018149,0.018123,2.136078,2.118691,0.000820,5.148157,6.5,6.5,6.5
3.135548,843,1,subida,0.018149,0.018125,2.137061,2.117743,0.000820,5.142633,6.5,6.5,6.5
3.209155,844,1,subida,0.018126,0.018123,2.137481,2.118021,0.000820,5.142633,6.5,6.5,6.5
3.261496,845,1,subida,0.018123,0.018122,2.136841,2.119198,0.000820,5.147668,6.5,6.5,6.5
3.334903,846,1,subida,0.018137,0.018117,2.136358,2.118691,0.000820,5.147668,6.5,6.5,6.5
3.386846,847,1,subida,0.018138,0.018121,2.136248,2.117481,0.000820,5.140314,6.5,6.5,6.5
3.460460,848,1,subida,0.018127,0.018122,2.137341,2.117734,0.000820,5.140314,6.5,6.5,6.5
3.492553,849,1,subida,0.018137,0.018122,2.136981,2.117734,0.000820,5.150934,6.5,6.5,6.5
3.534112,850,1,subida,0.018127,0.018122,2.136981,2.119308,0.000820,5.145471,6.5,6.5,6.5
3.617274,851,1,subida,0.018128,0.018122,2.135568,2.118542,0.000820,5.149103,6.5,6.5,6.5
3.677957,852,1,subida,0.018132,0.018123,2.135568,2.117848,0.000820,5.144647,6.5,6.5,6.5
3.708305,853,1,subida,0.018131,0.018122,2.137359,2.117296,0.000819,5.144647,6.5,6.5,6.5
3.759792,854,1,subida,0.018129,0.018121,2.136889,2.117296,0.000820,5.146142,6.5,6.5,6.5
3.790689,855,1,subida,0.018129,0.018119,2.136889,2.119070,0.000820,5.151727,6.5,6.5,6.5
3.832126,856,1,subida,0.018123,0.018117,2.136224,2.119317,0.000820,5.151727,6.5,6.5,6.5
3.882877,857,1,subida,0.018130,0.018120,2.135801,2.119317,0.000820,5.146783,6.5,6.499,6.5
3.913681,858,1,subida,0.018124,0.018121,2.135801,2.117955,0.000819,5.147424,6.5,6.499,6.5
3.966400,859,1,subida,0.018136,0.018121,2.137011,2.117201,0.000820,5.147424,6.5,6.5,6.5
4.009114,860,1,subida,0.018123,0.018121,2.137166,2.117201,0.000819,5.148675,6.5,6.5,6.5
4.040920,861,1,subida,0.018138,0.018122,2.137166,2.118298,0.000820,5.146905,6.5,6.499,6.5
4.083111,862,1,subida,0.018121,0.018121,2.136462,2.118942,0.000820,5.146905,6.5,6.5,6.5
4.126075,863,1,subida,0.018140,0.018121,2.136120,2.118942,0.000820,5.150873,6.5,6.499,6.5
4.168525,864,1,subida,0.018122,0.018123,2.136120,2.119469,0.000821,5.143274,6.5,6.5,6.5
4.209610,865,1,subida,0.018149,0.018126,2.137464,2.118110,0.000820,5.143274,6.5,6.5,6.5
4.252145,866,1,subida,0.018124,0.018127,2.138367,2.118110,0.000820,5.153986,6.5,6.5,6.5
4.304826,867,1,subida,0.018122,0.018126,2.138089,2.120968,0.000821,5.147668,6.5,6.5,6.5
4.389482,868,1,subida,0.018131,0.018133,2.138107,2.120396,0.000821,5.139062,6.5,6.5,6.5
4.474015,869,1,subida,0.018132,0.018137,2.138590,2.119385,0.000821,5.155176,6.5,6.5,6.5
4.547929,870,1,subida,0.018170,0.018137,2.138590,2.119874,0.000821,5.142023,6.5,6.5,6.5
4.589752,871,1,subida,0.018134,0.018139,2.139088,2.120831,0.000821,5.142023,6.5,6.501,6.5
4.632146,872,1,subida,0.018174,0.018141,2.138504,2.120831,0.000822,5.148218,6.5,6.5,6.5
4.684435,873,1,subida,0.018175,0.018139,2.137413,2.119514,0.000821,5.151117,6.5,6.5,6.5
4.757590,874,1,subida,0.018131,0.018135,2.138432,2.119514,0.000821,5.147546,6.5,6.5,6.5
4.788882,875,1,subida,0.018168,0.018130,2.138432,2.118554,0.000821,5.149866,6.5,6.5,6.5
4.830745,876,1,subida,0.018126,0.018129,2.137934,2.120789,0.000821,5.149866,6.5,6.5,6.5
4.872899,877,1,subida,0.018169,0.018131,2.138125,2.120789,0.000822,5.149499,6.5,6.5,6.5
4.925300,878,1,subida,0.018132,0.018136,2.138125,2.120047,0.000821,5.143579,6.5,6.5,6.5
4.956973,879,1,subida,0.018175,0.018137,2.137487,2.120035,0.000821,5.143579,6.5,6.5,6.5
5.009255,880,1,subida,0.018135,0.018138,2.138900,2.120035,0.000822,5.147333,6.5,6.5,6.5
5.040320,881,1,subida,0.018175,0.018138,2.138900,2.119260,0.000821,5.152124,6.5,6.501,6.5
5.082024,882,1,subida,0.018136,0.018137,2.138820,2.120727,0.000821,5.152124,6.5,6.5,6.5
5.124147,883,1,subida,0.018174,0.018139,2.137842,2.120727,0.000821,5.154504,6.5,6.5,6.5
5.198174,884,1,subida,0.018173,0.018138,2.138033,2.120104,0.000821,5.148859,6.5,6.5,6.5
5.250867,885,1,subida,0.018138,0.018138,2.138852,2.120104,0.000821,5.149408,6.5,6.5,6.5
5.303329,886,1,subida,0.018168,0.018135,2.138852,2.119424,0.000822,5.139001,6.5,6.5,6.5
5.334979,887,1,subida,0.018133,0.018132,2.138540,2.120363,0.000821,5.139001,6.5,6.5,6.5
5.387706,888,1,subida,0.018163,0.018134,2.138447,2.120363,0.000821,5.146417,6.5,6.5,6.5
5.418840,889,1,subida,0.018136,0.018135,2.138447,2.120795,0.000821,5.147729,6.5,6.5,6.5
5.461120,890,1,subida,0.018164,0.018136,2.137410,2.120035,0.000821,5.147729,6.5,6.5,6.5
5.514361,891,1,subida,0.018138,0.018136,2.137863,2.120035,0.000821,5.146600,6.5,6.5,6.5
5.546169,892,1,subida,0.018163,0.018136,2.137863,2.119204,0.000821,5.153375,6.5,6.5,6.5
5.609306,893,1,subida,0.018159,0.018135,2.138209,2.119350,0.000821,5.145410,6.5,6.5,6.5
5.683721,894,1,subida,0.018137,0.018134,2.138209,2.120268,0.000821,5.146081,6.5,6.5,6.5
5.715063,895,1,subida,0.018155,0.018133,2.137154,2.119913,0.000821,5.146081,6.5,6.5,6.5
5.768789,896,1,subida,0.018137,0.018134,2.138081,2.119913,0.000821,5.150110,6.5,6.5,6.5
5.800608,897,1,subida,0.018153,0.018134,2.138081,2.119892,0.000821,5.153741,6.5,6.501,6.5
5.852984,898,1,subida,0.018150,0.018132,2.138691,2.119210,0.000821,5.151544,6.5,6.5,6.5
5.936731,899,1,subida,0.018140,0.018138,2.138691,2.120804,0.000821,5.140069,6.5,6.5,6.5
5.978465,900,1,subida,0.018145,0.018139,2.138033,2.120971,0.000821,5.149530,6.5,6.5,6.5
6.052427,901,1,subida,0.018152,0.018139,2.138033,2.119490,0.000821,5.150049,6.5,6.5,6.5
6.104856,902,1,subida,0.018149,0.018140,2.138927,2.119636,0.000821,5.144708,6.5,6.5,6.5
6.188274,903,1,subida,0.018147,0.018140,2.138095,2.120670,0.000821,5.143030,6.5,6.5,6.5
6.261849,904,1,subida,0.018147,0.018138,2.137693,2.120670,0.000821,5.153741,6.5,6.5,6.5
6.303597,905,1,subida,0.018140,0.018134,2.137693,2.120014,0.000821,5.151178,6.5,6.5,6.5
6.345718,906,1,subida,0.018145,0.018133,2.138993,2.118843,0.000820,5.151178,6.5,6.5,6.5
6.388924,907,1,subida,0.018136,0.018133,2.138653,2.118843,0.000821,5.145410,6.5,6.5,6.5
6.420240,908,1,subida,0.018149,0.018135,2.138653,2.119964,0.000821,5.154626,6.5,6.5,6.5
6.472877,909,1,subida,0.018138,0.018135,2.138158,2.121090,0.000821,5.154626,6.5,6.5,6.5
6.503962,910,1,subida,0.018153,0.018137,2.137526,2.121090,0.000821,5.149805,6.5,6.5,6.5
6.546148,911,1,subida,0.018138,0.018138,2.137526,2.119987,0.000821,5.141382,6.5,6.5,6.5
6.609605,912,1,subida,0.018137,0.018138,2.139073,2.119242,0.000821,5.147913,6.5,6.5,6.5
6.673191,913,1,subida,0.018159,0.018137,2.139073,2.119681,0.000821,5.144159,6.5,6.5,6.5
6.715520,914,1,subida,0.018135,0.018137,2.138057,2.120593,0.000821,5.144159,6.5,6.5,6.5
6.769044,915,1,subida,0.018162,0.018137,2.137756,2.120593,0.000821,5.151788,6.5,6.5,6.5
6.800816,916,1,subida,0.018133,0.018136,2.137756,2.120148,0.000821,5.142084,6.5,6.5,6.5
6.842830,917,1,subida,0.018162,0.018134,2.138069,2.119421,0.000821,5.142084,6.5,6.5,6.5
6.884503,918,1,subida,0.018129,0.018133,2.138760,2.119421,0.000821,5.143762,6.5,6.5,6.5
6.926016,919,1,subida,0.018165,0.018135,2.138760,2.119514,0.000821,5.147333,6.5,6.5,6.5
6.968673,920,1,subida,0.018131,0.018135,2.137938,2.120932,0.000821,5.147333,6.5,6.5,6.5
7.010022,921,1,subida,0.018168,0.018136,2.137902,2.120932,0.000821,5.147729,6.5,6.5,6.5
7.052228,922,1,subida,0.018132,0.018136,2.137902,2.120348,0.000821,5.153436,6.5,6.5,6.5
7.094014,923,1,subida,0.018171,0.018136,2.137779,2.119612,0.000821,5.153436,6.5,6.5,6.5
7.146827,924,1,subida,0.018132,0.018136,2.138614,2.119612,0.000821,5.153436,6.5,6.5,6.5
7.189046,925,1,subida,0.018171,0.018135,2.138614,2.118870,0.000821,5.148736,6.5,6.5,6.5
7.220826,926,1,subida,0.018130,0.018134,2.138054,2.120709,0.000821,5.148736,6.5,6.5,6.5
7.273523,927,1,subida,0.018171,0.018134,2.137869,2.120709,0.000821,5.149286,6.5,6.5,6.5
7.304914,928,1,subida,0.018128,0.018131,2.137869,2.120381,0.000821,5.147485,6.5,6.5,6.5
7.368018,929,1,subida,0.018126,0.018129,2.138569,2.119636,0.000821,5.148492,6.5,6.5,6.5
7.430982,930,1,subida,0.018170,0.018133,2.138569,2.118948,0.000821,5.149408,6.5,6.5,6.5
7.473244,931,1,subida,0.018132,0.018134,2.138244,2.120548,0.000821,5.149408,6.5,6.5,6.5
7.515501,932,1,subida,0.018172,0.018135,2.138259,2.120548,0.000822,5.153436,6.5,6.5,6.5
7.567918,933,1,subida,0.018173,0.018137,2.137687,2.119687,0.000821,5.147333,6.5,6.5,6.5
7.641371,934,1,subida,0.018136,0.018137,2.138224,2.119687,0.000821,5.149591,6.5,6.5,6.5
7.684116,935,1,subida,0.018172,0.018137,2.138224,2.118971,0.000821,5.155572,6.5,6.5,6.5
7.724823,936,1,subida,0.018135,0.018135,2.138534,2.120077,0.000821,5.155572,6.5,6.5,6.5
7.767302,937,1,subida,0.018169,0.018135,2.138304,2.120077,0.000822,5.147668,6.5,6.5,6.5
7.808914,938,1,subida,0.018133,0.018132,2.138304,2.120101,0.000821,5.142816,6.5,6.5,6.5
7.850993,939,1,subida,0.018161,0.018129,2.136826,2.119937,0.000821,5.142816,6.5,6.5,6.5
7.898033,940,1,subida,0.018129,0.018130,2.137699,2.119937,0.000820,5.152490,6.5,6.5,6.5
7.942707,941,1,subida,0.018161,0.018132,2.137699,2.118646,0.000820,5.149683,6.5,6.5,6.5
7.984195,942,1,subida,0.018134,0.018132,2.138724,2.119779,0.000821,5.149683,6.5,6.5,6.5
8.015285,943,1,subida,0.018160,0.018133,2.137568,2.119779,0.000821,5.147272,6.5,6.5,6.5
8.056247,944,1,subida,0.018136,0.018133,2.137568,2.120280,0.000820,5.143030,6.5,6.5,6.5
8.097727,945,1,subida,0.018158,0.018133,2.137368,2.119910,0.000821,5.143030,6.5,6.5,6.5
8.149689,946,1,subida,0.018136,0.018134,2.137556,2.119910,0.000821,5.150476,6.5,6.5,6.5
8.180888,947,1,subida,0.018156,0.018133,2.137556,2.119278,0.000821,5.142908,6.5,6.5,6.5
8.234268,948,1,subida,0.018137,0.018133,2.138426,2.118968,0.000821,5.142908,6.5,6.499,6.5
8.265207,949,1,subida,0.018153,0.018133,2.137660,2.118968,0.000820,5.141138,6.5,6.5,6.5
8.307053,950,1,subida,0.018133,0.018130,2.137660,2.120691,0.000821,5.147211,6.5,6.5,6.5
8.359991,951,1,subida,0.018145,0.018128,2.137052,2.119949,0.000820,5.147211,6.5,6.5,6.5
8.423190,952,1,subida,0.018145,0.018130,2.137455,2.119389,0.000821,5.146234,6.5,6.5,6.5
8.475616,953,1,subida,0.018139,0.018133,2.138683,2.119263,0.000821,5.146234,6.5,6.5,6.5
8.528466,954,1,subida,0.018147,0.018134,2.138495,2.119263,0.000821,5.151483,6.5,6.5,6.5
8.570217,955,1,subida,0.018141,0.018136,2.138495,2.120500,0.000821,5.139947,6.5,6.5,6.5
8.601326,956,1,subida,0.018145,0.018134,2.137660,2.120709,0.000821,5.139947,6.5,6.5,6.5
8.653759,957,1,subida,0.018143,0.018136,2.136739,2.120709,0.000821,5.147424,6.5,6.5,6.5
8.685940,958,1,subida,0.018142,0.018135,2.136739,2.119201,0.000821,5.143823,6.5,6.5,6.5
8.738306,959,1,subida,0.018140,0.018134,2.138379,2.118885,0.000821,5.156000,6.5,6.5,6.5
8.811724,960,1,subida,0.018141,0.018130,2.138379,2.120399,0.000821,5.145349,6.5,6.5,6.5
8.864666,961,1,subida,0.018143,0.018129,2.137195,2.120530,0.000821,5.145349,6.5,6.5,6.5
8.937976,962,1,subida,0.018136,0.018135,2.137195,2.119758,0.000821,5.137201,6.5,6.5,6.5
8.988968,963,1,subida,0.018137,0.018136,2.139019,2.119597,0.000821,5.143152,6.5,6.5,6.5
9.070432,964,1,subida,0.018156,0.018137,2.139019,2.119961,0.000821,5.145074,6.5,6.5,6.5
9.101635,965,1,subida,0.018137,0.018137,2.138495,2.121135,0.000821,5.145074,6.5,6.499,6.5
9.142934,966,1,subida,0.018160,0.018139,2.137705,2.121135,0.000822,5.153314,6.5,6.5,6.5
9.184270,967,1,subida,0.018138,0.018139,2.137705,2.119913,0.000821,5.148035,6.5,6.5,6.5
9.247004,968,1,subida,0.018137,0.018139,2.139478,2.119907,0.000822,5.149499,6.5,6.5,6.5
9.309365,969,1,subida,0.018165,0.018137,2.139478,2.120578,0.000821,5.149805,6.5,6.5,6.5
9.359942,970,1,subida,0.018133,0.018135,2.138921,2.121400,0.000821,5.149805,6.5,6.5,6.5
9.400913,971,1,subida,0.018167,0.018139,2.138739,2.121400,0.000821,5.146661,6.5,6.5,6.5
9.451028,972,1,subida,0.018175,0.018142,2.138465,2.119964,0.000821,5.150415,6.5,6.499,6.5
9.521720,973,1,subida,0.018137,0.018141,2.139162,2.119964,0.000821,5.147211,6.5,6.5,6.5
9.602520,974,1,subida,0.018137,0.018141,2.139228,2.121704,0.000821,5.145410,6.5,6.5,6.5
9.642519,975,1,subida,0.018178,0.018141,2.138724,2.121704,0.000821,5.152551,6.5,6.5,6.5
9.693331,976,1,subida,0.018137,0.018141,2.138724,2.121391,0.000822,5.145837,6.5,6.5,6.5
9.724037,977,1,subida,0.018180,0.018142,2.138593,2.121311,0.000822,5.145837,6.5,6.5,6.5
9.775978,978,1,subida,0.018142,0.018145,2.139910,2.121311,0.000822,5.145013,6.5,6.5,6.5
9.817346,979,1,subida,0.018180,0.018142,2.139910,2.120295,0.000822,5.149530,6.5,6.5,6.5
9.858985,980,1,subida,0.018139,0.018142,2.139738,2.121406,0.000821,5.149530,6.5,6.5,6.5
9.901017,981,1,subida,0.018182,0.018145,2.139529,2.121406,0.000822,5.155939,6.5,6.499,6.5
9.932893,982,1,subida,0.018144,0.018146,2.139529,2.121767,0.000822,5.149866,6.5,6.5,6.5
9.985780,983,1,subida,0.018184,0.018147,2.138480,2.120971,0.000822,5.149866,6.5,6.499,6.5
10.018044,984,1,subida,0.018145,0.018146,2.139308,2.120971,0.000822,5.146417,6.5,6.5,6.5
10.070349,985,1,subida,0.018182,0.018147,2.139308,2.120154,0.000822,5.148218,6.5,6.5,6.5
10.101767,986,1,subida,0.018145,0.018145,2.139943,2.121648,0.000822,5.148218,6.5,6.5,6.5
10.144328,987,1,subida,0.018182,0.018147,2.139532,2.121648,0.000822,5.154321,6.5,6.499,6.5
10.218305,988,1,subida,0.018181,0.018148,2.138689,2.121442,0.000822,5.135126,6.5,6.5,6.5
10.270873,989,1,subida,0.018148,0.018147,2.139651,2.121442,0.000822,5.150049,6.5,6.5,6.5
10.334271,990,1,subida,0.018144,0.018143,2.140411,2.121495,0.000822,5.146020,6.5,6.5,6.5
10.407650,991,1,subida,0.018175,0.018147,2.139452,2.121495,0.000822,5.154443,6.5,6.5,6.5
10.481075,992,1,subida,0.018173,0.018146,2.138265,2.121135,0.000822,5.147333,6.5,6.5,6.5
10.533309,993,1,subida,0.018148,0.018146,2.138870,2.121135,0.000822,5.144769,6.5,6.5,6.5
10.564853,994,1,subida,0.018170,0.018146,2.138870,2.120345,0.000822,5.153039,6.5,6.499,6.5
10.616136,995,1,subida,0.018149,0.018145,2.139723,2.120619,0.000821,5.153039,6.5,6.5,6.5
10.647143,996,1,subida,0.018168,0.018145,2.138963,2.120619,0.000822,5.149988,6.5,6.5,6.5
10.698247,997,1,subida,0.018147,0.018144,2.138963,2.121576,0.000821,5.142511,6.5,6.5,6.5
10.739588,998,1,subida,0.018163,0.018143,2.138316,2.121209,0.000822,5.142511,6.5,6.5,6.5
10.781499,999,1,subida,0.018147,0.018142,2.138423,2.121209,0.000821,5.144891,6.5,6.5,6.5
10.812467,1000,1,subida,0.018156,0.018139,2.138423,2.120253,0.000822,5.152185,6.5,6.5,6.5
10.864561,1001,1,subida,0.018143,0.018138,2.139702,2.120166,0.000821,5.152185,6.5,6.5,6.5
10.901246,1002,1,subida,0.018155,0.018141,2.139609,2.120166,0.000822,5.147424,6.5,6.5,6.5
10.938713,1003,1,subida,0.018148,0.018142,2.139609,2.121799,0.000822,5.144403,6.5,6.5,6.5
10.991946,1004,1,subida,0.018156,0.018144,2.139106,2.121382,0.000822,5.144403,6.5,6.5,6.5
11.023316,1005,1,subida,0.018151,0.018145,2.138778,2.121382,0.000822,5.150934,6.5,6.5,6.5
11.086876,1006,1,subida,0.018153,0.018145,2.139335,2.120232,0.000822,5.149988,6.5,6.5,6.5
11.150305,1007,1,subida,0.018152,0.018144,2.139577,2.120232,0.000822,5.149286,6.5,6.5,6.5
11.202783,1008,1,subida,0.018154,0.018144,2.139577,2.121320,0.000822,5.149744,6.5,6.5,6.5
11.245019,1009,1,subida,0.018150,0.018145,2.139410,2.121361,0.000822,5.149744,6.5,6.499,6.5
11.286695,1010,1,subida,0.018157,0.018144,2.138322,2.121361,0.000822,5.147913,6.5,6.5,6.5
11.349935,1011,1,subida,0.018154,0.018138,2.139377,2.120405,0.000822,5.152185,6.5,6.5,6.5
11.402151,1012,1,subida,0.018141,0.018141,2.140137,2.120405,0.000822,5.153375,6.5,6.499,6.5
11.454928,1013,1,subida,0.018161,0.018144,2.140137,2.121209,0.000822,5.143152,6.5,6.499,6.5
11.486166,1014,1,subida,0.018144,0.018144,2.139159,2.121844,0.000822,5.143152,6.5,6.5,6.5
11.560027,1015,1,subida,0.018144,0.018145,2.138328,2.121528,0.000822,5.151483,6.5,6.5,6.5
11.612941,1016,1,subida,0.018170,0.018145,2.139356,2.120411,0.000822,5.151483,6.5,6.5,6.5
11.666111,1017,1,subida,0.018172,0.018146,2.139985,2.120506,0.000822,5.149530,6.5,6.5,6.5
11.739476,1018,1,subida,0.018141,0.018143,2.138873,2.121135,0.000821,5.149530,6.5,6.5,6.5
11.781169,1019,1,subida,0.018172,0.018142,2.138647,2.121135,0.000822,5.149744,6.5,6.5,6.5
11.822718,1020,1,subida,0.018135,0.018138,2.138647,2.120759,0.000822,5.140649,6.5,6.5,6.5
11.886393,1021,1,subida,0.018134,0.018138,2.139538,2.120289,0.000822,5.145410,6.5,6.5,6.5
11.948694,1022,1,subida,0.018175,0.018141,2.139538,2.120414,0.000822,5.148279,6.5,6.5,6.5
12.001084,1023,1,subida,0.018177,0.018141,2.139001,2.121278,0.000822,5.153680,6.5,6.5,6.5
12.084010,1024,1,subida,0.018139,0.018144,2.139001,2.121266,0.000821,5.145898,6.5,6.5,6.5
12.115072,1025,1,subida,0.018181,0.018143,2.138474,2.120637,0.000821,5.145898,6.5,6.5,6.5
12.155761,1026,1,subida,0.018139,0.018143,2.139687,2.120637,0.000821,5.152490,6.5,6.5,6.5
12.196513,1027,1,subida,0.018180,0.018142,2.139687,2.119985,0.000821,5.146478,6.5,6.5,6.5
12.237502,1028,1,subida,0.018139,0.018142,2.139446,2.121293,0.000822,5.146478,6.5,6.5,6.5
12.289620,1029,1,subida,0.018180,0.018141,2.138978,2.121293,0.000822,5.148492,6.5,6.5,6.5
12.321806,1030,1,subida,0.018137,0.018139,2.138978,2.121007,0.000822,5.150995,6.5,6.5,6.5
12.374189,1031,1,subida,0.018174,0.018137,2.138039,2.120780,0.000822,5.150995,6.5,6.5,6.5
12.427094,1032,1,subida,0.018178,0.018141,2.139639,2.120148,0.000822,5.147027,6.5,6.5,6.5
12.500490,1033,1,subida,0.018142,0.018143,2.139493,2.121335,0.000822,5.147027,6.5,6.5,6.5
12.531977,1034,1,subida,0.018178,0.018143,2.138414,2.121335,0.000822,5.144830,6.5,6.5,6.5
12.573653,1035,1,subida,0.018141,0.018142,2.138414,2.121171,0.000822,5.150049,6.5,6.499,6.5
12.627058,1036,1,subida,0.018174,0.018141,2.138176,2.120387,0.000822,5.150049,6.5,6.5,6.5
12.669216,1037,1,subida,0.018174,0.018142,2.138781,2.120360,0.000822,5.141443,6.5,6.5,6.5
12.752956,1038,1,subida,0.018171,0.018142,2.139097,2.120709,0.000822,5.151605,6.5,6.5,6.5
12.826350,1039,1,subida,0.018140,0.018138,2.139097,2.121472,0.000821,5.142511,6.5,6.5,6.5
12.868771,1040,1,subida,0.018163,0.018136,2.138501,2.120625,0.000822,5.142511,6.5,6.5,6.5
12.910537,1041,1,subida,0.018140,0.018139,2.138528,2.120625,0.000821,5.149866,6.5,6.5,6.5
12.952366,1042,1,subida,0.018164,0.018141,2.138528,2.119737,0.000822,5.141778,6.5,6.5,6.5
12.993934,1043,1,subida,0.018144,0.018141,2.139264,2.120226,0.000822,5.141778,6.5,6.5,6.5
13.041268,1044,1,subida,0.018163,0.018142,2.139153,2.120226,0.000822,5.144708,6.5,6.5,6.5
13.078389,1045,1,subida,0.018145,0.018142,2.139153,2.121540,0.000822,5.142908,6.5,6.499,6.5
13.119694,1046,1,subida,0.018141,0.018138,2.138149,2.120676,0.000821,5.149286,6.5,6.5,6.5
13.203156,1047,1,subida,0.018142,0.018138,2.138912,2.120303,0.000822,5.147485,6.5,6.5,6.5
13.287506,1048,1,subida,0.018152,0.018138,2.139246,2.120303,0.000821,5.154626,6.5,6.5,6.5
13.329351,1049,1,subida,0.018142,0.018136,2.139246,2.121284,0.000821,5.140832,6.5,6.5,6.5
13.381683,1050,1,subida,0.018143,0.018135,2.137783,2.121037,0.000821,5.148035,6.5,6.5,6.5
13.454726,1051,1,subida,0.018147,0.018138,2.137783,2.119928,0.000821,5.152673,6.5,6.499,6.5
13.507268,1052,1,subida,0.018146,0.018139,2.139240,2.119561,0.000821,5.143274,6.5,6.5,6.5
13.580559,1053,1,subida,0.018151,0.018140,2.139240,2.121066,0.000822,5.146081,6.5,6.5,6.5
13.621683,1054,1,subida,0.018143,0.018139,2.138536,2.120685,0.000821,5.146081,6.5,6.5,6.5
13.663113,1055,1,subida,0.018152,0.018139,2.137607,2.120685,0.000821,5.143274,6.5,6.5,6.5
13.704379,1056,1,subida,0.018141,0.018139,2.137607,2.119943,0.000821,5.147851,6.5,6.5,6.5
13.757114,1057,1,subida,0.018140,0.018139,2.139323,2.119767,0.000821,5.149499,6.5,6.5,6.5
13.841184,1058,1,subida,0.018133,0.018135,2.138381,2.121248,0.000821,5.144220,6.5,6.5,6.5
13.924005,1059,1,subida,0.018136,0.018137,2.137753,2.120146,0.000821,5.145776,6.5,6.5,6.5
14.008385,1060,1,subida,0.018135,0.018138,2.139249,2.119627,0.000821,5.148218,6.5,6.5,6.5
14.082656,1061,1,subida,0.018167,0.018139,2.139249,2.120044,0.000822,5.151666,6.5,6.5,6.5
14.124869,1062,1,subida,0.018136,0.018140,2.139130,2.121317,0.000822,5.151666,6.5,6.5,6.5
14.155534,1063,1,subida,0.018171,0.018141,2.138107,2.121317,0.000822,5.147913,6.5,6.5,6.5
14.218504,1064,1,subida,0.018173,0.018140,2.137994,2.119844,0.000821,5.148798,6.5,6.5,6.5
14.289948,1065,1,subida,0.018135,0.018139,2.139529,2.119844,0.000821,5.144769,6.5,6.5,6.5
14.341246,1066,1,subida,0.018173,0.018137,2.139529,2.120128,0.000821,5.147974,6.5,6.5,6.5
14.372190,1067,1,subida,0.018132,0.018136,2.138623,2.120879,0.000821,5.147974,6.5,6.5,6.5
14.423845,1068,1,subida,0.018173,0.018138,2.138301,2.120879,0.000821,5.150110,6.5,6.5,6.5
14.454219,1069,1,subida,0.018134,0.018138,2.138301,2.120235,0.000821,5.142969,6.5,6.5,6.5
14.505557,1070,1,subida,0.018175,0.018137,2.137470,2.120238,0.000821,5.142969,6.5,6.5,6.5
14.546799,1071,1,subida,0.018134,0.018138,2.138852,2.120238,0.000821,5.147790,6.5,6.5,6.5
14.589705,1072,1,subida,0.018176,0.018139,2.138852,2.119567,0.000822,5.150110,6.5,6.5,6.5
14.632059,1073,1,subida,0.018136,0.018139,2.139016,2.120774,0.000821,5.150110,6.5,6.5,6.5
14.662923,1074,1,subida,0.018176,0.018138,2.139595,2.120774,0.000821,5.150873,6.5,6.5,6.5
14.705269,1075,1,subida,0.018139,0.018142,2.139595,2.121952,0.000822,5.143213,6.5,6.5,6.5
14.758230,1076,1,subida,0.018179,0.018143,2.137264,2.121421,0.000822,5.143213,6.5,6.5,6.5
14.810337,1077,1,subida,0.018172,0.018139,2.138838,2.119302,0.000821,5.149499,6.5,6.5,6.5
14.885032,1078,1,subida,0.018134,0.018135,2.138999,2.120715,0.000821,5.149499,6.5,6.5,6.5
14.926691,1079,1,subida,0.018170,0.018138,2.138650,2.120715,0.000822,5.142816,6.5,6.5,6.5
14.968810,1080,1,subida,0.018139,0.018140,2.138650,2.120858,0.000821,5.145898,6.5,6.5,6.5
15.000385,1081,1,subida,0.018174,0.018146,2.141770,2.120238,0.000821,5.145898,6.5,6.5,6.5
15.041627,1082,1,subida,0.018145,0.018144,2.138417,2.120238,0.000821,5.150171,6.5,6.5,6.5
15.094925,1083,1,subida,0.018146,0.018146,2.139687,2.120697,0.000821,5.142145,6.5,6.5,6.5
15.168333,1084,1,subida,0.018170,0.018143,2.138695,2.120697,0.000821,5.147211,6.5,6.5,6.5
15.209951,1085,1,subida,0.018145,0.018145,2.138695,2.127754,0.000821,5.141260,6.5,6.5,6.5
15.252472,1086,1,subida,0.018166,0.018142,2.137857,2.120289,0.000821,5.141260,6.5,6.5,6.5
15.294884,1087,1,subida,0.018144,0.018141,2.138170,2.120289,0.000821,5.150537,6.5,6.5,6.5
15.347308,1088,1,subida,0.018137,0.018136,2.139404,2.120414,0.000822,5.148736,6.5,6.5,6.5
15.430385,1089,1,subida,0.018144,0.018140,2.138882,2.121314,0.000821,5.145227,6.5,6.5,6.5
15.494901,1090,1,subida,0.018158,0.018142,2.138322,2.120724,0.000821,5.145227,6.5,6.5,6.5
15.547476,1091,1,subida,0.018146,0.018141,2.138212,2.120724,0.000821,5.155572,6.5,6.5,6.5
15.589624,1092,1,subida,0.018155,0.018141,2.138212,2.120163,0.000821,5.147333,6.5,6.5,6.5
15.620520,1093,1,subida,0.018146,0.018140,2.138834,2.119147,0.000821,5.147333,6.5,6.5,6.5
15.662476,1094,1,subida,0.018151,0.018140,2.139100,2.119147,0.000821,5.150354,6.5,6.5,6.5
15.714649,1095,1,subida,0.018147,0.018140,2.139100,2.120485,0.000821,5.148096,6.5,6.5,6.5
15.745625,1096,1,subida,0.018148,0.018139,2.138334,2.120730,0.000821,5.148096,6.5,6.5,6.5
15.799216,1097,1,subida,0.018147,0.018138,2.140408,2.120730,0.000823,5.145227,6.5,6.5,6.5
15.830633,1098,1,subida,0.018149,0.018142,2.140408,2.120560,0.000822,5.145593,6.5,6.5,6.5
15.872715,1099,1,subida,0.018158,0.018147,2.139383,2.119308,0.000821,5.145593,6.5,6.5,6.5
15.924076,1100,1,subida,0.018149,0.018145,2.139618,2.119308,0.000821,5.148798,6.5,6.5,6.5
15.954828,1101,1,subida,0.018157,0.018144,2.139618,2.120822,0.000821,5.146966,6.5,6.5,6.5
15.997613,1102,1,subida,0.018145,0.018143,2.138685,2.121373,0.000822,5.146966,6.5,6.5,6.5
16.039758,1103,1,subida,0.018159,0.018144,2.138069,2.121373,0.000822,5.153924,6.5,6.5,6.5
16.082224,1104,1,subida,0.018144,0.018144,2.138069,2.120983,0.000822,5.155115,6.5,6.5,6.5
16.134916,1105,1,subida,0.018165,0.018145,2.139446,2.119582,0.000822,5.155115,6.5,6.5,6.5
16.166232,1106,1,subida,0.018143,0.018144,2.139645,2.119582,0.000821,5.152063,6.5,6.5,6.5
16.207945,1107,1,subida,0.018165,0.018143,2.139645,2.120810,0.000821,5.148035,6.5,6.5,6.5
16.250908,1108,1,subida,0.018141,0.018142,2.138778,2.121323,0.000821,5.148035,6.5,6.5,6.5
16.292223,1109,1,subida,0.018167,0.018141,2.138256,2.121323,0.000821,5.151788,6.5,6.5,6.5
16.333038,1110,1,subida,0.018135,0.018137,2.138256,2.120181,0.000821,5.143823,6.5,6.5,6.5
16.384435,1111,1,subida,0.018165,0.018135,2.138185,2.119949,0.000821,5.143823,6.5,6.5,6.5
16.435004,1112,1,subida,0.018172,0.018140,2.139684,2.120589,0.000822,5.145776,6.5,6.5,6.5
16.519321,1113,1,subida,0.018173,0.018140,2.138334,2.120825,0.000821,5.151300,6.5,6.5,6.5
16.582895,1114,1,subida,0.018135,0.018138,2.138334,2.120262,0.000821,5.146722,6.5,6.5,6.5
16.624967,1115,1,subida,0.018174,0.018139,2.138268,2.120301,0.000822,5.146722,6.5,6.5,6.5
16.666854,1116,1,subida,0.018136,0.018140,2.139299,2.120301,0.000821,5.146295,6.5,6.5,6.5
16.708097,1117,1,subida,0.018177,0.018140,2.139299,2.119615,0.000822,5.151788,6.5,6.5,6.5
16.761201,1118,1,subida,0.018137,0.018141,2.138921,2.120917,0.000821,5.151788,6.5,6.5,6.5
16.792897,1119,1,subida,0.018177,0.018139,2.138221,2.120917,0.000821,5.150293,6.5,6.5,6.5
16.835187,1120,1,subida,0.018132,0.018136,2.138221,2.120262,0.000821,5.149988,6.5,6.5,6.5
16.898085,1121,1,subida,0.018133,0.018134,2.139142,2.119716,0.000821,5.145837,6.5,6.5,6.5
16.960494,1122,1,subida,0.018175,0.018137,2.139142,2.119412,0.000821,5.147150,6.5,6.5,6.5
17.001925,1123,1,subida,0.018136,0.018138,2.138587,2.120333,0.000821,5.147150,6.5,6.5,6.5
17.054670,1124,1,subida,0.018173,0.018137,2.137774,2.120333,0.000821,5.152856,6.5,6.5,6.5
17.086461,1125,1,subida,0.018136,0.018136,2.137774,2.120882,0.000821,5.146081,6.5,6.5,6.5
17.139159,1126,1,subida,0.018173,0.018138,2.137407,2.120157,0.000821,5.146081,6.5,6.5,6.5
17.170839,1127,1,subida,0.018137,0.018138,2.139088,2.120157,0.000821,5.155694,6.5,6.5,6.5
17.213107,1128,1,subida,0.018172,0.018138,2.139088,2.119627,0.000821,5.147729,6.5,6.5,6.5
17.266274,1129,1,subida,0.018138,0.018137,2.138492,2.120321,0.000821,5.147729,6.5,6.5,6.5
17.318853,1130,1,subida,0.018134,0.018134,2.138563,2.120271,0.000821,5.147668,6.5,6.5,6.5
17.393057,1131,1,subida,0.018161,0.018133,2.137750,2.119916,0.000821,5.147668,6.5,6.5,6.5
17.424561,1132,1,subida,0.018135,0.018134,2.137738,2.119916,0.000820,5.148279,6.5,6.5,6.5
17.477506,1133,1,subida,0.018160,0.018135,2.137738,2.118766,0.000821,5.150781,6.5,6.5,6.5
17.519473,1134,1,subida,0.018137,0.018135,2.138876,2.119439,0.000821,5.150781,6.5,6.5,6.5
17.561865,1135,1,subida,0.018137,0.018135,2.138325,2.120390,0.000821,5.153863,6.5,6.5,6.5
17.635708,1136,1,subida,0.018155,0.018134,2.137473,2.119874,0.000821,5.153863,6.5,6.5,6.5
17.677392,1137,1,subida,0.018137,0.018134,2.137341,2.119874,0.000820,5.149988,6.5,6.5,6.5
17.749298,1138,1,subida,0.018140,0.018135,2.139362,2.119937,0.000821,5.154108,6.5,6.5,6.5
17.800632,1139,1,subida,0.018152,0.018136,2.138167,2.119937,0.000821,5.153131,6.5,6.5,6.5
17.851722,1140,1,subida,0.018136,0.018131,2.138167,2.120223,0.000820,5.146783,6.5,6.5,6.5
17.893138,1141,1,subida,0.018142,0.018128,2.137526,2.119859,0.000821,5.146783,6.5,6.5,6.5
17.935005,1142,1,subida,0.018136,0.018132,2.137157,2.119859,0.000820,5.148157,6.5,6.5,6.5
17.977272,1143,1,subida,0.018143,0.018132,2.137157,2.119046,0.000821,5.145654,6.5,6.5,6.5
18.009132,1144,1,subida,0.018140,0.018132,2.138447,2.119091,0.000821,5.145654,6.5,6.5,6.5
18.051263,1145,1,subida,0.018141,0.018133,2.138271,2.119091,0.000821,5.151056,6.5,6.5,6.5
18.094130,1146,1,subida,0.018143,0.018134,2.138271,2.120059,0.000821,5.147424,6.5,6.5,6.5
18.135835,1147,1,subida,0.018138,0.018132,2.136835,2.120169,0.000821,5.147424,6.5,6.5,6.5
18.188310,1148,1,subida,0.018145,0.018136,2.137294,2.120169,0.000821,5.142908,6.5,6.5,6.5
18.220320,1149,1,subida,0.018139,0.018135,2.137294,2.119627,0.000821,5.142450,6.5,6.5,6.5
18.262292,1150,1,subida,0.018148,0.018133,2.138286,2.118873,0.000821,5.142450,6.5,6.5,6.5
18.304003,1151,1,subida,0.018135,0.018134,2.138697,2.118873,0.000821,5.149530,6.5,6.5,6.5
18.345984,1152,1,subida,0.018147,0.018130,2.138697,2.120080,0.000821,5.148859,6.5,6.5,6.5
18.417224,1153,1,subida,0.018149,0.018130,2.137440,2.120303,0.000821,5.147851,6.5,6.5,6.5
18.469894,1154,1,subida,0.018131,0.018133,2.137440,2.119684,0.000821,5.143396,6.5,6.5,6.5
18.511983,1155,1,subida,0.018156,0.018133,2.138313,2.119135,0.000821,5.143396,6.5,6.5,6.5
18.554514,1156,1,subida,0.018132,0.018135,2.138635,2.119135,0.000821,5.147668,6.5,6.5,6.5
18.617675,1157,1,subida,0.018128,0.018133,2.137571,2.120599,0.000821,5.150293,6.5,6.5,6.5
18.680810,1158,1,subida,0.018161,0.018133,2.137064,2.120599,0.000821,5.149866,6.5,6.5,6.5
18.722442,1159,1,subida,0.018129,0.018134,2.137064,2.119850,0.000821,5.153802,6.5,6.5,6.5
18.785225,1160,1,subida,0.018129,0.018135,2.138820,2.119093,0.000821,5.157251,6.5,6.5,6.5
18.858495,1161,1,subida,0.018126,0.018131,2.138337,2.120840,0.000821,5.144037,6.5,6.5,6.5
18.932536,1162,1,subida,0.018166,0.018132,2.137887,2.120840,0.000821,5.152612,6.5,6.5,6.5
18.984816,1163,1,subida,0.018172,0.018135,2.138489,2.120536,0.000822,5.145593,6.5,6.5,6.5
19.057763,1164,1,subida,0.018135,0.018140,2.139642,2.120536,0.000822,5.148675,6.5,6.5,6.5
19.099782,1165,1,subida,0.018178,0.018142,2.139642,2.120295,0.000822,5.155115,6.5,6.5,6.5
19.141374,1166,1,subida,0.018139,0.018142,2.140089,2.121490,0.000822,5.155115,6.5,6.5,6.5
19.203725,1167,1,subida,0.018141,0.018144,2.139642,2.121454,0.000822,5.149103,6.5,6.5,6.5
19.277152,1168,1,subida,0.018142,0.018145,2.139353,2.120318,0.000822,5.148096,6.5,6.5,6.5
19.351096,1169,1,subida,0.018178,0.018142,2.139353,2.120327,0.000822,5.144403,6.5,6.5,6.5
19.392604,1170,1,subida,0.018140,0.018141,2.139955,2.121335,0.000821,5.144403,6.499,6.5,6.5
19.445160,1171,1,subida,0.018144,0.018144,2.139550,2.121650,0.000822,5.141504,6.5,6.5,6.5
19.518296,1172,1,subida,0.018179,0.018145,2.138981,2.120885,0.000821,5.141504,6.5,6.5,6.5
19.559132,1173,1,subida,0.018146,0.018146,2.140182,2.120885,0.000822,5.146142,6.5,6.5,6.5
19.620650,1174,1,subida,0.018147,0.018146,2.140018,2.121058,0.000821,5.149927,6.5,6.5,6.5
19.682178,1175,1,subida,0.018173,0.018143,2.138954,2.121058,0.000821,5.154809,6.5,6.5,6.5
19.722618,1176,1,subida,0.018143,0.018141,2.138954,2.120619,0.000820,5.150049,6.5,6.499,6.5
19.779674,1177,1,subida,0.018135,0.018135,2.137022,2.119391,0.000820,5.150751,6.5,6.5,6.5
19.855357,1178,1,subida,0.018153,0.018128,2.137022,2.118906,0.000821,5.148859,6.5,6.5,6.5
19.896474,1179,1,subida,0.018128,0.018125,2.138164,2.119451,0.000821,5.148859,6.5,6.499,6.5
19.938247,1180,1,subida,0.018149,0.018129,2.138280,2.119451,0.000821,5.152307,6.5,6.5,6.5
19.969613,1181,1,subida,0.018133,0.018130,2.138280,2.119943,0.000821,5.146356,6.5,6.5,6.5
20.011515,1182,1,subida,0.019242,0.019245,2.135437,2.116012,0.000818,5.147913,6.8,6.8,6.8
0.073767,1183,1,subida,0.019272,0.019234,2.135437,2.114808,0.000819,5.152429,6.8,6.8,6.8
0.126855,1184,1,subida,0.019266,0.019233,2.135127,2.116685,0.000818,5.147027,6.8,6.8,6.8
0.190652,1185,1,subida,0.019230,0.019230,2.135127,2.116471,0.000818,5.148279,6.8,6.8,6.8
0.232469,1186,1,subida,0.019260,0.019228,2.134597,2.116465,0.000819,5.148279,6.8,6.8,6.8
0.285479,1187,1,subida,0.019228,0.019227,2.136033,2.116465,0.000819,5.149683,6.8,6.8,6.8
0.328411,1188,1,subida,0.019254,0.019227,2.136033,2.115389,0.000818,5.148157,6.8,6.8,6.8
0.359970,1189,1,subida,0.019229,0.019229,2.136182,2.116262,0.000819,5.148157,6.8,6.8,6.8
0.402510,1190,1,subida,0.019256,0.019231,2.135789,2.116262,0.000819,5.151361,6.8,6.8,6.8
0.444442,1191,1,subida,0.019233,0.019231,2.135789,2.117237,0.000819,5.142328,6.8,6.8,6.8
0.485944,1192,1,subida,0.019254,0.019230,2.134737,2.116206,0.000818,5.142328,6.8,6.8,6.8
0.527927,1193,1,subida,0.019234,0.019232,2.135178,2.116206,0.000819,5.145471,6.8,6.8,6.8
0.570230,1194,1,subida,0.019251,0.019231,2.135178,2.115955,0.000819,5.144525,6.8,6.8,6.8
0.612645,1195,1,subida,0.019235,0.019232,2.136528,2.116071,0.000819,5.144525,6.8,6.8,6.8
0.654868,1196,1,subida,0.019250,0.019233,2.136444,2.116071,0.000819,5.155511,6.8,6.8,6.8
0.696806,1197,1,subida,0.019238,0.019233,2.136444,2.116757,0.000819,5.143701,6.8,6.8,6.8
0.739521,1198,1,subida,0.019247,0.019233,2.135616,2.117493,0.000819,5.143701,6.8,6.8,6.8
0.781489,1199,1,subida,0.019236,0.019231,2.135163,2.117493,0.000819,5.152551,6.8,6.8,6.8
0.823535,1200,1,subida,0.019241,0.019229,2.135163,2.116149,0.000819,5.150110,6.8,6.8,6.8
0.865388,1201,1,subida,0.019239,0.019232,2.136713,2.116021,0.000819,5.150110,6.8,6.8,6.8
0.918217,1202,1,subida,0.019241,0.019233,2.136024,2.116021,0.000819,5.152124,6.8,6.8,6.8
0.949356,1203,1,subida,0.019242,0.019232,2.136024,2.116617,0.000818,5.151056,6.8,6.8,6.8
0.999636,1204,1,subida,0.019239,0.019233,2.135562,2.116730,0.000819,5.151056,6.8,6.8,6.8
1.059960,1205,1,subida,0.019237,0.019233,2.135306,2.116152,0.000819,5.146966,6.8,6.8,6.8
1.110265,1206,1,subida,0.019248,0.019233,2.135771,2.115461,0.000819,5.146966,6.8,6.8,6.8
1.161736,1207,1,subida,0.019234,0.019232,2.136257,2.115461,0.000819,5.147851,6.8,6.8,6.8
1.193523,1208,1,subida,0.019250,0.019231,2.136257,2.116495,0.000819,5.141840,6.8,6.8,6.8
1.240959,1209,1,subida,0.019231,0.019230,2.135774,2.117511,0.000819,5.141840,6.8,6.8,6.8
1.277511,1210,1,subida,0.019250,0.019228,2.135392,2.117511,0.000819,5.147027,6.8,6.8,6.8
1.318742,1211,1,subida,0.019226,0.019226,2.135392,2.116057,0.000818,5.144708,6.8,6.8,6.8
1.369394,1212,1,subida,0.019253,0.019228,2.135333,2.115836,0.000818,5.144708,6.8,6.8,6.8
1.420758,1213,1,subida,0.019257,0.019230,2.135884,2.115827,0.000818,5.146020,6.8,6.8,6.8
1.492735,1214,1,subida,0.019225,0.019228,2.135729,2.117219,0.000819,5.146020,6.8,6.8,6.8
1.544463,1215,1,subida,0.019261,0.019226,2.134710,2.115669,0.000819,5.147913,6.8,6.8,6.8
1.659157,1216,1,subida,0.019223,0.019227,2.136188,2.115669,0.000819,5.151666,6.8,6.8,6.8
1.700928,1217,1,subida,0.019265,0.019229,2.136188,2.115869,0.000819,5.145776,6.8,6.799,6.8
1.742523,1218,1,subida,0.019225,0.019228,2.135804,2.116182,0.000819,5.145776,6.8,6.8,6.8
1.785058,1219,1,subida,0.019262,0.019225,2.136167,2.116182,0.000819,5.149347,6.8,6.8,6.8
1.826939,1220,1,subida,0.019224,0.019228,2.136167,2.117442,0.000819,5.142725,6.8,6.8,6.8
1.869419,1221,1,subida,0.019272,0.019236,2.136221,2.117231,0.000820,5.142725,6.8,6.8,6.8
1.911151,1222,1,subida,0.019236,0.019240,2.137133,2.117231,0.000820,5.148401,6.8,6.8,6.8
1.973161,1223,1,subida,0.019239,0.019241,2.137491,2.117642,0.000819,5.146722,6.8,6.8,6.8
2.047043,1224,1,subida,0.019240,0.019241,2.137103,2.117866,0.000819,5.151483,6.8,6.8,6.8
2.120847,1225,1,subida,0.019273,0.019237,2.134835,2.116662,0.000819,5.151483,6.8,6.8,6.8
2.173336,1226,1,subida,0.019270,0.019236,2.136188,2.115842,0.000819,5.142389,6.8,6.8,6.8
2.246885,1227,1,subida,0.019236,0.019233,2.136820,2.116596,0.000819,5.142389,6.8,6.8,6.8
2.288942,1228,1,subida,0.019262,0.019229,2.136546,2.116596,0.000820,5.141626,6.8,6.8,6.8
2.330536,1229,1,subida,0.019231,0.019229,2.136546,2.117231,0.000819,5.144464,6.8,6.8,6.8
2.372828,1230,1,subida,0.019258,0.019229,2.134918,2.116778,0.000820,5.144464,6.8,6.8,6.8
2.424982,1231,1,subida,0.019258,0.019233,2.135756,2.115800,0.000819,5.149866,6.8,6.8,6.8
2.508844,1232,1,subida,0.019255,0.019232,2.136298,2.116295,0.000819,5.148401,6.8,6.8,6.8
2.582833,1233,1,subida,0.019236,0.019233,2.136298,2.117851,0.000819,5.144525,6.8,6.799,6.8
2.614288,1234,1,subida,0.019252,0.019232,2.135154,2.116784,0.000819,5.144525,6.8,6.8,6.8
2.660852,1235,1,subida,0.019235,0.019231,2.135190,2.116784,0.000819,5.147913,6.8,6.8,6.8
2.708429,1236,1,subida,0.019248,0.019231,2.135190,2.116107,0.000818,5.145715,6.8,6.8,6.8
2.750679,1237,1,subida,0.019235,0.019228,2.136575,2.115902,0.000818,5.145715,6.8,6.799,6.8
2.792153,1238,1,subida,0.019241,0.019226,2.136170,2.115902,0.000819,5.146356,6.8,6.8,6.8
2.824216,1239,1,subida,0.019232,0.019225,2.136170,2.117055,0.000819,5.147607,6.8,6.8,6.8
2.887942,1240,1,subida,0.019235,0.019228,2.134722,2.116647,0.000818,5.151605,6.8,6.8,6.8
2.962067,1241,1,subida,0.019237,0.019229,2.134722,2.115997,0.000819,5.145959,6.8,6.8,6.8
2.994083,1242,1,subida,0.019239,0.019229,2.135816,2.115043,0.000819,5.145959,6.8,6.799,6.8
3.047251,1243,1,subida,0.019236,0.019230,2.136155,2.115043,0.000819,5.150751,6.799,6.8,6.8
3.078742,1244,1,subida,0.019243,0.019230,2.136155,2.117007,0.000819,5.147211,6.8,6.8,6.8
3.121683,1245,1,subida,0.019234,0.019230,2.135935,2.117043,0.000819,5.147211,6.8,6.8,6.8
3.174128,1246,1,subida,0.019246,0.019233,2.135267,2.117043,0.000819,5.150232,6.8,6.8,6.8
3.205369,1247,1,subida,0.019235,0.019233,2.135267,2.116638,0.000819,5.151056,6.8,6.8,6.8
3.268148,1248,1,subida,0.019228,0.019229,2.136447,2.115854,0.000819,5.153619,6.8,6.8,6.8
3.331138,1249,1,subida,0.019249,0.019226,2.136447,2.116492,0.000819,5.142023,6.8,6.8,6.8
3.384235,1250,1,subida,0.019225,0.019227,2.135315,2.116793,0.000818,5.142023,6.8,6.799,6.8
3.425639,1251,1,subida,0.019226,0.019228,2.135166,2.116021,0.000819,5.152856,6.8,6.8,6.8
3.499785,1252,1,subida,0.019257,0.019228,2.135196,2.115777,0.000819,5.152856,6.8,6.8,6.8
3.552384,1253,1,subida,0.019258,0.019227,2.135857,2.115160,0.000819,5.146722,6.8,6.799,6.8
3.636148,1254,1,subida,0.019260,0.019226,2.134951,2.116662,0.000819,5.157373,6.8,6.8,6.8
3.709777,1255,1,subida,0.019222,0.019226,2.134951,2.115771,0.000818,5.141260,6.8,6.799,6.8
3.751927,1256,1,subida,0.019261,0.019223,2.134397,2.115583,0.000819,5.141260,6.8,6.8,6.8
3.794286,1257,1,subida,0.019217,0.019220,2.136045,2.115583,0.000819,5.148035,6.8,6.799,6.8
3.847168,1258,1,subida,0.019220,0.019220,2.136108,2.116942,0.000819,5.151941,6.799,6.8,6.8
3.920852,1259,1,subida,0.019264,0.019226,2.134835,2.116942,0.000819,5.150934,6.799,6.8,6.8
3.962115,1260,1,subida,0.019223,0.019225,2.134835,2.116146,0.000818,5.147089,6.8,6.8,6.8
3.993677,1261,1,subida,0.019264,0.019225,2.134251,2.115767,0.000819,5.147089,6.8,6.8,6.8
4.046052,1262,1,subida,0.019224,0.019226,2.135881,2.115767,0.000819,5.149347,6.8,6.8,6.8
4.087670,1263,1,subida,0.019264,0.019226,2.135881,2.115428,0.000819,5.140314,6.8,6.799,6.8
4.139425,1264,1,subida,0.019263,0.019227,2.135133,2.116140,0.000819,5.151361,6.8,6.8,6.8
4.212779,1265,1,subida,0.019226,0.019226,2.135133,2.116486,0.000818,5.148920,6.8,6.8,6.8
4.254954,1266,1,subida,0.019259,0.019224,2.134626,2.116226,0.000819,5.148920,6.8,6.799,6.8
4.296257,1267,1,subida,0.019223,0.019223,2.135985,2.116226,0.000819,5.147272,6.8,6.8,6.8
4.359322,1268,1,subida,0.019229,0.019227,2.136096,2.116456,0.000819,5.149225,6.8,6.799,6.8
4.432202,1269,1,subida,0.019231,0.019229,2.135583,2.116912,0.000819,5.141962,6.8,6.8,6.8
4.510937,1270,1,subida,0.019255,0.019229,2.134641,2.115800,0.000819,5.141962,6.8,6.8,6.8
4.547568,1271,1,subida,0.019231,0.019229,2.135360,2.115800,0.000819,5.153192,6.8,6.8,6.8
4.588708,1272,1,subida,0.019253,0.019230,2.135360,2.115857,0.000820,5.153558,6.8,6.799,6.8
4.641041,1273,1,subida,0.019251,0.019231,2.135967,2.116471,0.000819,5.138635,6.8,6.8,6.8
4.713748,1274,1,subida,0.019235,0.019231,2.135967,2.117749,0.000819,5.133844,6.8,6.8,6.8
4.807904,1275,1,subida,0.019247,0.019233,2.136000,2.116694,0.000820,5.149927,6.8,6.8,6.8
4.882069,1276,1,subida,0.019240,0.019234,2.136871,2.116358,0.000819,5.149927,6.8,6.8,6.8
4.924322,1277,1,subida,0.019248,0.019236,2.136984,2.116358,0.000820,5.150751,6.8,6.8,6.8
4.955540,1278,1,subida,0.019244,0.019236,2.136984,2.117568,0.000820,5.146356,6.8,6.8,6.8
5.007506,1279,1,subida,0.019247,0.019238,2.136426,2.117010,0.000819,5.146356,6.8,6.8,6.8
5.049278,1280,1,subida,0.019246,0.019237,2.135455,2.117010,0.000819,5.160272,6.8,6.799,6.8
5.090600,1281,1,subida,0.019244,0.019236,2.135455,2.116432,0.000819,5.137048,6.8,6.8,6.8
5.142935,1282,1,subida,0.019241,0.019236,2.136704,2.115946,0.000819,5.154047,6.8,6.799,6.8
5.213744,1283,1,subida,0.019250,0.019235,2.136704,2.116992,0.000819,5.142389,6.8,6.8,6.8
5.255207,1284,1,subida,0.019237,0.019232,2.136251,2.117824,0.000819,5.142389,6.8,6.8,6.8
5.296276,1285,1,subida,0.019247,0.019232,2.135249,2.117824,0.000819,5.152917,6.8,6.8,6.8
5.348738,1286,1,subida,0.019231,0.019230,2.135249,2.116957,0.000819,5.148157,6.8,6.8,6.8
5.380292,1287,1,subida,0.019253,0.019233,2.136659,2.116125,0.000819,5.148157,6.8,6.8,6.8
5.444297,1288,1,subida,0.019259,0.019235,2.136894,2.117040,0.000820,5.143213,6.8,6.799,6.8
5.539034,1289,1,subida,0.019261,0.019234,2.135520,2.117311,0.000819,5.147027,6.8,6.8,6.8
5.591216,1290,1,subida,0.019231,0.019234,2.135520,2.116668,0.000819,5.147668,6.8,6.8,6.8
5.644411,1291,1,subida,0.019230,0.019234,2.136620,2.116256,0.000819,5.152246,6.8,6.8,6.8
5.718702,1292,1,subida,0.019228,0.019233,2.136361,2.117374,0.000819,5.143274,6.8,6.8,6.8
5.815237,1293,1,subida,0.019225,0.019229,2.135643,2.116918,0.000819,5.144525,6.8,6.8,6.8
5.889641,1294,1,subida,0.019268,0.019231,2.135035,2.115309,0.000819,5.144525,6.8,6.8,6.8
5.921071,1295,1,subida,0.019226,0.019230,2.135434,2.115309,0.000818,5.148279,6.8,6.8,6.8
5.963421,1296,1,subida,0.019266,0.019228,2.135434,2.115380,0.000819,5.144220,6.8,6.8,6.8
6.005879,1297,1,subida,0.019228,0.019230,2.135929,2.116945,0.000819,5.144220,6.8,6.8,6.8
6.047394,1298,1,subida,0.019268,0.019230,2.135041,2.116945,0.000819,5.148035,6.8,6.8,6.8
6.090188,1299,1,subida,0.019227,0.019229,2.135041,2.116566,0.000819,5.145837,6.8,6.8,6.8
6.142736,1300,1,subida,0.019268,0.019231,2.134966,2.116638,0.000819,5.145837,6.8,6.8,6.8
6.173931,1301,1,subida,0.019229,0.019230,2.135392,2.116638,0.000818,5.144769,6.8,6.8,6.8
6.226063,1302,1,subida,0.019267,0.019229,2.135392,2.114730,0.000819,5.144464,6.8,6.8,6.8
6.268236,1303,1,subida,0.019229,0.019227,2.135962,2.116673,0.000819,5.144464,6.8,6.8,6.8
6.310455,1304,1,subida,0.019262,0.019226,2.134775,2.116673,0.000818,5.150232,6.8,6.8,6.8
6.341929,1305,1,subida,0.019225,0.019225,2.134775,2.116647,0.000819,5.150354,6.8,6.8,6.8
6.384156,1306,1,subida,0.019261,0.019228,2.134778,2.116524,0.000819,5.150354,6.8,6.8,6.8
6.437079,1307,1,subida,0.019231,0.019231,2.135222,2.116524,0.000819,5.148675,6.8,6.8,6.8
6.479186,1308,1,subida,0.019262,0.019231,2.135222,2.115276,0.000819,5.148096,6.8,6.8,6.8
6.510298,1309,1,subida,0.019232,0.019230,2.136045,2.116226,0.000819,5.148096,6.8,6.8,6.8
6.552630,1310,1,subida,0.019260,0.019231,2.135744,2.116226,0.000819,5.145959,6.8,6.8,6.8
6.604357,1311,1,subida,0.019233,0.019230,2.135744,2.116700,0.000818,5.148614,6.8,6.8,6.8
6.645114,1312,1,subida,0.019256,0.019231,2.134990,2.116435,0.000819,5.148614,6.8,6.8,6.8
6.686210,1313,1,subida,0.019234,0.019230,2.134912,2.116435,0.000818,5.150934,6.8,6.8,6.8
6.723821,1314,1,subida,0.019254,0.019231,2.134912,2.115160,0.000819,5.142633,6.8,6.8,6.8
6.758081,1315,1,subida,0.019234,0.019228,2.136459,2.115756,0.000819,5.142633,6.8,6.8,6.8
6.799079,1316,1,subida,0.019247,0.019227,2.135860,2.115756,0.000819,5.150934,6.8,6.801,6.8
6.846962,1317,1,subida,0.019231,0.019227,2.135860,2.116814,0.000819,5.145654,6.8,6.8,6.8
6.882378,1318,1,subida,0.019246,0.019230,2.135300,2.116614,0.000819,5.145654,6.8,6.8,6.8
6.924862,1319,1,subida,0.019235,0.019231,2.134507,2.116614,0.000819,5.149164,6.8,6.8,6.8
6.977379,1320,1,subida,0.019245,0.019230,2.134507,2.115863,0.000819,5.144983,6.8,6.8,6.8
7.008964,1321,1,subida,0.019237,0.019231,2.136009,2.115484,0.000818,5.144983,6.8,6.8,6.8
7.062021,1322,1,subida,0.019243,0.019231,2.135854,2.115484,0.000818,5.147424,6.8,6.801,6.8
7.104302,1323,1,subida,0.019239,0.019231,2.135854,2.116885,0.000819,5.151056,6.8,6.8,6.8
7.135893,1324,1,subida,0.019239,0.019231,2.135148,2.116834,0.000819,5.151056,6.8,6.801,6.8
7.188770,1325,1,subida,0.019239,0.019230,2.134922,2.116834,0.000819,5.147485,6.8,6.8,6.8
7.230487,1326,1,subida,0.019237,0.019230,2.134922,2.115976,0.000819,5.146722,6.8,6.8,6.8
7.261994,1327,1,subida,0.019242,0.019228,2.135771,2.115583,0.000819,5.146722,6.8,6.8,6.8
7.313668,1328,1,subida,0.019232,0.019227,2.136358,2.115583,0.000819,5.143152,6.8,6.8,6.8
7.345894,1329,1,subida,0.019241,0.019226,2.136358,2.116155,0.000819,5.151727,6.8,6.8,6.8
7.388205,1330,1,subida,0.019232,0.019230,2.135530,2.117296,0.000819,5.151727,6.8,6.8,6.8
7.440474,1331,1,subida,0.019249,0.019234,2.135288,2.117296,0.000819,5.141901,6.8,6.8,6.8
7.472048,1332,1,subida,0.019234,0.019234,2.135288,2.116736,0.000819,5.147485,6.8,6.8,6.8
7.513740,1333,1,subida,0.019255,0.019234,2.135944,2.116006,0.000819,5.147485,6.8,6.8,6.8
7.577347,1334,1,subida,0.019259,0.019234,2.136626,2.116832,0.000819,5.149347,6.8,6.8,6.8
7.651485,1335,1,subida,0.019261,0.019234,2.135661,2.117344,0.000819,5.146295,6.8,6.8,6.8
7.725230,1336,1,subida,0.019232,0.019236,2.135661,2.116897,0.000819,5.143579,6.8,6.8,6.8
7.777425,1337,1,subida,0.019228,0.019233,2.136516,2.116295,0.000819,5.153558,6.8,6.8,6.8
7.851303,1338,1,subida,0.019262,0.019229,2.136516,2.116286,0.000819,5.146020,6.8,6.8,6.8
7.893054,1339,1,subida,0.019227,0.019232,2.135983,2.117010,0.000819,5.146020,6.8,6.8,6.8
7.944851,1340,1,subida,0.019229,0.019233,2.135661,2.116849,0.000819,5.144159,6.8,6.8,6.8
8.018636,1341,1,subida,0.019271,0.019233,2.135371,2.116504,0.000819,5.144159,6.8,6.8,6.8
8.050480,1342,1,subida,0.019231,0.019234,2.136945,2.116504,0.000819,5.146844,6.8,6.8,6.8
8.112951,1343,1,subida,0.019233,0.019236,2.136644,2.117511,0.000819,5.146356,6.8,6.8,6.8
8.197113,1344,1,subida,0.019233,0.019235,2.135923,2.117171,0.000820,5.142572,6.8,6.8,6.8
8.281362,1345,1,subida,0.019230,0.019233,2.136507,2.116623,0.000819,5.148401,6.8,6.8,6.8
8.344585,1346,1,subida,0.019268,0.019230,2.136507,2.115678,0.000819,5.145898,6.8,6.8,6.8
8.387219,1347,1,subida,0.019233,0.019233,2.136593,2.116900,0.000819,5.145898,6.8,6.8,6.8
8.439492,1348,1,subida,0.019269,0.019234,2.135491,2.116900,0.000820,5.148736,6.8,6.8,6.8
8.471479,1349,1,subida,0.019234,0.019234,2.135491,2.117144,0.000819,5.142755,6.8,6.8,6.8
8.534349,1350,1,subida,0.019236,0.019235,2.136260,2.116745,0.000819,5.149499,6.8,6.8,6.8
8.608116,1351,1,subida,0.019267,0.019237,2.136260,2.115741,0.000819,5.145898,6.8,6.8,6.8
8.650980,1352,1,subida,0.019238,0.019236,2.136596,2.116775,0.000819,5.145898,6.8,6.8,6.8
8.681576,1353,1,subida,0.019265,0.019236,2.136143,2.116775,0.000819,5.149530,6.8,6.8,6.8
8.723088,1354,1,subida,0.019238,0.019236,2.136143,2.117642,0.000819,5.146661,6.8,6.8,6.8
8.770913,1355,1,subida,0.019261,0.019234,2.135607,2.116817,0.000819,5.146661,6.8,6.8,6.8
8.819773,1356,1,subida,0.019235,0.019233,2.136152,2.116817,0.000819,5.145013,6.8,6.8,6.8
8.860630,1357,1,subida,0.019255,0.019234,2.136152,2.116536,0.000819,5.150873,6.8,6.8,6.8
8.903060,1358,1,subida,0.019238,0.019235,2.137189,2.116790,0.000819,5.150873,6.8,6.8,6.8
8.955384,1359,1,subida,0.019240,0.019236,2.136248,2.117275,0.000819,5.146966,6.8,6.8,6.8
9.018347,1360,1,subida,0.019253,0.019235,2.135583,2.117198,0.000819,5.146966,6.8,6.8,6.8
9.060127,1361,1,subida,0.019240,0.019237,2.136120,2.117198,0.000819,5.155939,6.8,6.8,6.8
9.102546,1362,1,subida,0.019252,0.019236,2.136120,2.116322,0.000820,5.148859,6.8,6.8,6.8
9.143683,1363,1,subida,0.019242,0.019236,2.136730,2.116346,0.000819,5.148859,6.8,6.8,6.8
9.186046,1364,1,subida,0.019248,0.019236,2.136585,2.116346,0.000819,5.152246,6.8,6.8,6.8
9.249305,1365,1,subida,0.019243,0.019235,2.135813,2.117064,0.000819,5.145410,6.8,6.8,6.8
9.311758,1366,1,subida,0.019239,0.019230,2.137854,2.117064,0.000820,5.139581,6.8,6.8,6.8
9.362974,1367,1,subida,0.019240,0.019239,2.137854,2.116268,0.000820,5.145410,6.8,6.8,6.8
9.403873,1368,1,subida,0.019251,0.019240,2.136415,2.115765,0.000819,5.145410,6.8,6.8,6.8
9.434706,1369,1,subida,0.019244,0.019238,2.136647,2.115765,0.000819,5.157129,6.8,6.8,6.8
9.496770,1370,1,subida,0.019238,0.019236,2.135720,2.117174,0.000819,5.147211,6.8,6.8,6.8
9.560491,1371,1,subida,0.019251,0.019234,2.135333,2.117174,0.000819,5.146844,6.8,6.8,6.8
9.624686,1372,1,subida,0.019256,0.019236,2.136203,2.123311,0.000821,5.146020,6.8,6.8,6.8
9.687968,1373,1,subida,0.019243,0.019243,2.137157,2.123311,0.000819,5.153039,6.8,6.8,6.8
9.739958,1374,1,subida,0.019264,0.019242,2.137157,2.117758,0.000820,5.144403,6.8,6.8,6.8
9.771409,1375,1,subida,0.019239,0.019238,2.136611,2.117875,0.000819,5.144403,6.8,6.8,6.8
9.823651,1376,1,subida,0.019261,0.019235,2.135765,2.117875,0.000820,5.138055,6.8,6.8,6.8
9.855097,1377,1,subida,0.019231,0.019234,2.135765,2.117088,0.000819,5.146539,6.8,6.8,6.8
9.907001,1378,1,subida,0.019265,0.019237,2.135869,2.116551,0.000820,5.146539,6.8,6.8,6.8
9.938998,1379,1,subida,0.019240,0.019243,2.136945,2.116551,0.000820,5.150110,6.8,6.8,6.8
9.992234,1380,1,subida,0.019236,0.019240,2.136334,2.117392,0.000820,5.149286,6.8,6.8,6.8
10.065917,1381,1,subida,0.019271,0.019237,2.135464,2.117392,0.000819,5.146844,6.8,6.8,6.8
10.149074,1382,1,subida,0.019277,0.019239,2.134912,2.116119,0.000819,5.150781,6.8,6.8,6.8
10.201636,1383,1,subida,0.019274,0.019237,2.136587,2.116149,0.000819,5.146722,6.8,6.8,6.8
10.286729,1384,1,subida,0.019270,0.019233,2.135667,2.117475,0.000819,5.155267,6.8,6.8,6.8
10.369425,1385,1,subida,0.019270,0.019231,2.135133,2.116346,0.000819,5.143030,6.8,6.8,6.8
10.443570,1386,1,subida,0.019230,0.019233,2.136283,2.116346,0.000819,5.144037,6.8,6.8,6.8
10.485110,1387,1,subida,0.019271,0.019233,2.136283,2.115672,0.000819,5.149347,6.8,6.8,6.8
10.527454,1388,1,subida,0.019231,0.019232,2.136328,2.116948,0.000819,5.149347,6.8,6.8,6.8
10.590831,1389,1,subida,0.019231,0.019231,2.135073,2.116385,0.000819,5.151239,6.8,6.8,6.8
10.653444,1390,1,subida,0.019267,0.019231,2.134874,2.116757,0.000820,5.151239,6.8,6.8,6.8
10.694868,1391,1,subida,0.019233,0.019232,2.135962,2.116757,0.000819,5.151422,6.8,6.8,6.8
10.736730,1392,1,subida,0.019266,0.019233,2.135962,2.115765,0.000819,5.143701,6.8,6.8,6.8
10.788264,1393,1,subida,0.019260,0.019230,2.135920,2.116721,0.000819,5.145227,6.8,6.8,6.8
10.872713,1394,1,subida,0.019258,0.019228,2.134948,2.116921,0.000819,5.145227,6.8,6.8,6.8
10.936737,1395,1,subida,0.019234,0.019232,2.135655,2.116921,0.000819,5.153009,6.8,6.8,6.8
10.999206,1396,1,subida,0.019236,0.019233,2.136680,2.116435,0.000819,5.148736,6.8,6.8,6.8
11.062381,1397,1,subida,0.019259,0.019234,2.136167,2.116435,0.000819,5.151239,6.8,6.8,6.8
11.104002,1398,1,subida,0.019236,0.019233,2.136167,2.116987,0.000819,5.149591,6.8,6.8,6.8
11.156066,1399,1,subida,0.019253,0.019230,2.134647,2.116334,0.000819,5.149591,6.8,6.8,6.8
11.187822,1400,1,subida,0.019235,0.019231,2.135446,2.116334,0.000819,5.149591,6.8,6.8,6.8
11.240670,1401,1,subida,0.019251,0.019233,2.135446,2.115723,0.000819,5.146081,6.8,6.8,6.8
11.272114,1402,1,subida,0.019236,0.019231,2.136358,2.115642,0.000819,5.146081,6.8,6.8,6.8
11.334423,1403,1,subida,0.019233,0.019228,2.136292,2.117189,0.000819,5.147546,6.8,6.8,6.8
11.409291,1404,1,subida,0.019243,0.019229,2.135121,2.116626,0.000819,5.147546,6.8,6.8,6.8
11.452536,1405,1,subida,0.019237,0.019231,2.135121,2.116626,0.000819,5.151422,6.8,6.8,6.8
11.494932,1406,1,subida,0.019242,0.019231,2.135121,2.115720,0.000819,5.149683,6.8,6.8,6.8
11.536925,1407,1,subida,0.019239,0.019230,2.135917,2.115428,0.000819,5.149683,6.8,6.8,6.8
11.578958,1408,1,subida,0.019239,0.019230,2.135983,2.115428,0.000819,5.145898,6.8,6.8,6.8
11.611046,1409,1,subida,0.019241,0.019230,2.135983,2.116820,0.000819,5.140131,6.8,6.8,6.8
11.652898,1410,1,subida,0.019237,0.019230,2.135568,2.116828,0.000819,5.140131,6.8,6.8,6.8
11.705087,1411,1,subida,0.019242,0.019231,2.134945,2.116828,0.000819,5.156000,6.8,6.8,6.8
11.746680,1412,1,subida,0.019235,0.019230,2.134945,2.115765,0.000819,5.148553,6.8,6.8,6.8
11.789218,1413,1,subida,0.019244,0.019227,2.135780,2.115487,0.000819,5.148553,6.8,6.8,6.8
11.821443,1414,1,subida,0.019228,0.019225,2.136298,2.115487,0.000819,5.150781,6.8,6.8,6.8
11.872897,1415,1,subida,0.019225,0.019224,2.135491,2.116843,0.000818,5.150781,6.8,6.8,6.8
11.954200,1416,1,subida,0.019247,0.019228,2.134558,2.116843,0.000819,5.143335,6.8,6.8,6.8
11.985147,1417,1,subida,0.019228,0.019228,2.134558,2.115964,0.000819,5.143396,6.8,6.8,6.8
12.026594,1418,1,subida,0.019253,0.019229,2.135562,2.115395,0.000819,5.143396,6.8,6.8,6.8
12.067711,1419,1,subida,0.019227,0.019229,2.136412,2.115395,0.000819,5.151239,6.8,6.799,6.8
12.108850,1420,1,subida,0.019256,0.019228,2.136412,2.115556,0.000819,5.153436,6.8,6.8,6.8
12.150702,1421,1,subida,0.019226,0.019229,2.135330,2.116653,0.000818,5.153436,6.8,6.799,6.8
12.192913,1422,1,subida,0.019257,0.019227,2.134808,2.116653,0.000818,5.153619,6.8,6.8,6.8
12.236073,1423,1,subida,0.019224,0.019227,2.134808,2.115920,0.000819,5.148981,6.8,6.799,6.8
12.288068,1424,1,subida,0.019257,0.019223,2.134892,2.115431,0.000819,5.148981,6.8,6.8,6.8
12.320218,1425,1,subida,0.019218,0.019222,2.136489,2.115431,0.000819,5.151422,6.8,6.8,6.8
12.372975,1426,1,subida,0.019257,0.019224,2.136489,2.115779,0.000819,5.144708,6.8,6.799,6.8
12.404746,1427,1,subida,0.019223,0.019226,2.135774,2.116820,0.000819,5.144708,6.8,6.8,6.8
12.446289,1428,1,subida,0.019263,0.019227,2.135038,2.116820,0.000819,5.148614,6.8,6.8,6.8
12.499094,1429,1,subida,0.019225,0.019228,2.135038,2.116736,0.000819,5.145074,6.8,6.8,6.8
12.541112,1430,1,subida,0.019266,0.019228,2.134880,2.115684,0.000819,5.145074,6.8,6.8,6.8
12.572471,1431,1,subida,0.019226,0.019229,2.136143,2.115684,0.000818,5.148218,6.8,6.799,6.8
12.614795,1432,1,subida,0.019267,0.019229,2.136143,2.115267,0.000819,5.142206,6.8,6.8,6.8
12.667580,1433,1,subida,0.019227,0.019229,2.136036,2.116390,0.000819,5.142206,6.8,6.8,6.8
12.710229,1434,1,subida,0.019267,0.019229,2.135312,2.116390,0.000819,5.151788,6.8,6.8,6.8
12.752394,1435,1,subida,0.019227,0.019229,2.135312,2.116220,0.000819,5.144983,6.8,6.8,6.8
12.783680,1436,1,subida,0.019265,0.019226,2.134689,2.116232,0.000819,5.144983,6.8,6.8,6.8
12.825887,1437,1,subida,0.019224,0.019224,2.135932,2.116232,0.000819,5.146722,6.8,6.8,6.8
12.878243,1438,1,subida,0.019227,0.019225,2.135714,2.116814,0.000818,5.141138,6.8,6.8,6.8
12.951696,1439,1,subida,0.019264,0.019228,2.135446,2.116814,0.000819,5.145349,6.8,6.799,6.8
13.004072,1440,1,subida,0.019262,0.019229,2.134492,2.115681,0.000819,5.140375,6.8,6.8,6.8
13.088571,1441,1,subida,0.019260,0.019228,2.135491,2.115124,0.000819,5.146478,6.8,6.8,6.8
13.162043,1442,1,subida,0.019230,0.019233,2.135860,2.118521,0.000823,5.146478,6.8,6.8,6.8
13.194361,1443,1,subida,0.019269,0.019238,2.136549,2.118521,0.000819,5.149683,6.8,6.799,6.8
13.246456,1444,1,subida,0.019238,0.019233,2.136549,2.116727,0.000819,5.137811,6.8,6.8,6.8
13.298404,1445,1,subida,0.019228,0.019227,2.135532,2.116298,0.000819,5.149499,6.8,6.8,6.8
13.372586,1446,1,subida,0.019250,0.019226,2.135532,2.116057,0.000819,5.150995,6.8,6.8,6.8
13.403603,1447,1,subida,0.019231,0.019227,2.136206,2.116337,0.000819,5.150995,6.8,6.8,6.8
13.450920,1448,1,subida,0.019253,0.019234,2.136081,2.116337,0.000820,5.148401,6.8,6.8,6.8
13.517244,1449,1,subida,0.019253,0.019234,2.135327,2.116882,0.000819,5.141778,6.8,6.8,6.8
13.582868,1450,1,subida,0.019237,0.019233,2.135559,2.116882,0.000819,5.149683,6.8,6.8,6.8
13.626904,1451,1,subida,0.019250,0.019234,2.135559,2.116021,0.000819,5.151178,6.8,6.8,6.8
13.668020,1452,1,subida,0.019239,0.019233,2.136939,2.115988,0.000818,5.151178,6.8,6.8,6.8
13.709231,1453,1,subida,0.019246,0.019232,2.135804,2.115988,0.000819,5.143762,6.8,6.8,6.8
13.741822,1454,1,subida,0.019236,0.019230,2.135804,2.116513,0.000818,5.143030,6.8,6.8,6.8
13.794475,1455,1,subida,0.019239,0.019225,2.135032,2.116861,0.000819,5.143030,6.8,6.8,6.8
13.837486,1456,1,subida,0.019232,0.019225,2.134641,2.116861,0.000819,5.146081,6.8,6.8,6.8
13.869425,1457,1,subida,0.019233,0.019225,2.134641,2.116361,0.000819,5.147211,6.8,6.8,6.8
13.911073,1458,1,subida,0.019237,0.019227,2.136015,2.115529,0.000819,5.147211,6.8,6.8,6.8
13.952694,1459,1,subida,0.019264,0.019250,2.140197,2.121597,0.000822,5.147607,6.8,6.8,6.8
14.048739,1460,1,subida,0.019265,0.019257,2.140724,2.116775,0.000819,5.147607,6.8,6.8,6.8
14.079466,1461,1,subida,0.019261,0.019245,2.134135,2.116775,0.000818,5.150873,6.8,6.8,6.8
14.122284,1462,1,subida,0.019240,0.019235,2.134135,2.115535,0.000818,5.152612,6.8,6.8,6.8
14.174473,1463,1,subida,0.019228,0.019228,2.135756,2.114650,0.000818,5.156824,6.8,6.8,6.8
14.248199,1464,1,subida,0.019244,0.019225,2.135756,2.115928,0.000821,5.153375,6.8,6.8,6.8
14.290048,1465,1,subida,0.019246,0.019249,2.144077,2.117654,0.000819,5.153375,6.8,6.8,6.8
14.331524,1466,1,subida,0.019262,0.019239,2.136048,2.117654,0.000819,5.149347,6.8,6.8,6.8
14.374021,1467,1,subida,0.019236,0.019236,2.136048,2.117136,0.000819,5.142267,6.8,6.799,6.8
14.448071,1468,1,subida,0.019225,0.019227,2.134877,2.114617,0.000818,5.151300,6.8,6.8,6.8
14.510989,1469,1,subida,0.019218,0.019222,2.134683,2.115869,0.000818,5.146539,6.8,6.8,6.8
14.593660,1470,1,subida,0.019217,0.019220,2.133977,2.115222,0.000818,5.141504,6.8,6.8,6.8
14.667163,1471,1,subida,0.019251,0.019217,2.133357,2.114543,0.000818,5.141504,6.8,6.8,6.8
14.719644,1472,1,subida,0.019251,0.019216,2.134534,2.114137,0.000818,5.144830,6.8,6.8,6.8
14.792969,1473,1,subida,0.019209,0.019212,2.134245,2.116021,0.000818,5.144830,6.8,6.799,6.8
14.844915,1474,1,subida,0.019208,0.019212,2.133831,2.115344,0.000818,5.144037,6.8,6.8,6.8
14.918831,1475,1,subida,0.019252,0.019214,2.133330,2.114757,0.000819,5.144037,6.8,6.8,6.8
14.970571,1476,1,subida,0.019255,0.019216,2.134635,2.113965,0.000818,5.143579,6.8,6.8,6.8
15.043070,1477,1,subida,0.019215,0.019217,2.134632,2.115985,0.000818,5.143579,6.8,6.8,6.8
15.084847,1478,1,subida,0.019257,0.019220,2.134403,2.115985,0.000818,5.153619,6.8,6.8,6.8
15.137199,1479,1,subida,0.019258,0.019220,2.133554,2.114960,0.000818,5.151300,6.8,6.8,6.8
15.221628,1480,1,subida,0.019258,0.019221,2.134847,2.114158,0.000819,5.147150,6.8,6.8,6.8
15.294804,1481,1,subida,0.019220,0.019220,2.135410,2.116033,0.000818,5.147150,6.8,6.8,6.8
15.357838,1482,1,subida,0.019219,0.019218,2.134874,2.116012,0.000818,5.146539,6.8,6.8,6.8
15.421393,1483,1,subida,0.019253,0.019219,2.133574,2.115026,0.000818,5.146539,6.8,6.799,6.8
15.452832,1484,1,subida,0.019221,0.019220,2.134310,2.115026,0.000818,5.150995,6.8,6.8,6.8
15.505476,1485,1,subida,0.019252,0.019219,2.134310,2.114161,0.000818,5.143579,6.8,6.799,6.8
15.547374,1486,1,subida,0.019222,0.019219,2.134620,2.115285,0.000818,5.143579,6.8,6.8,6.8
15.588913,1487,1,subida,0.019250,0.019221,2.135059,2.115285,0.000819,5.149988,6.8,6.8,6.8
15.620357,1488,1,subida,0.019224,0.019221,2.135059,2.115779,0.000818,5.150049,6.8,6.8,6.8
15.661352,1489,1,subida,0.019249,0.019221,2.134385,2.115690,0.000819,5.150049,6.8,6.8,6.8
15.724029,1490,1,subida,0.019249,0.019224,2.134981,2.115324,0.000819,5.142572,6.8,6.8,6.8
15.797244,1491,1,subida,0.019227,0.019223,2.135684,2.115875,0.000819,5.142572,6.8,6.8,6.8
15.839018,1492,1,subida,0.019244,0.019222,2.135714,2.115875,0.000819,5.146478,6.8,6.8,6.8
15.869883,1493,1,subida,0.019225,0.019221,2.135714,2.116486,0.000818,5.145715,6.8,6.8,6.8
15.922373,1494,1,subida,0.019244,0.019225,2.134477,2.115896,0.000819,5.145715,6.8,6.8,6.8
15.954330,1495,1,subida,0.019231,0.019227,2.134665,2.115896,0.000818,5.144281,6.8,6.8,6.8
16.010954,1496,1,subida,0.019233,0.019228,2.135640,2.115443,0.000819,5.149499,6.8,6.8,6.8
16.080802,1497,1,subida,0.019242,0.019228,2.135759,2.115443,0.000819,5.150293,6.8,6.8,6.8
16.133255,1498,1,subida,0.019234,0.019227,2.135759,2.116480,0.000818,5.149805,6.8,6.8,6.8
16.164968,1499,1,subida,0.019238,0.019226,2.134612,2.115839,0.000819,5.149805,6.8,6.8,6.8
16.238220,1500,1,subida,0.019237,0.019227,2.134692,2.115604,0.000819,5.148096,6.8,6.8,6.8
16.290830,1501,1,subida,0.019234,0.019224,2.135613,2.114912,0.000818,5.148096,6.8,6.8,6.8
16.363980,1502,1,subida,0.019231,0.019220,2.135339,2.115896,0.000819,5.144464,6.8,6.8,6.8
16.427385,1503,1,subida,0.019228,0.019223,2.134737,2.116125,0.000818,5.144464,6.8,6.8,6.8
16.470294,1504,1,subida,0.019236,0.019224,2.134302,2.116125,0.000818,5.141901,6.8,6.8,6.8
16.501550,1505,1,subida,0.019229,0.019225,2.134302,2.115437,0.000819,5.148279,6.8,6.8,6.8
16.554119,1506,1,subida,0.019241,0.019225,2.135559,2.114757,0.000819,5.148279,6.8,6.8,6.8
16.590929,1507,1,subida,0.019228,0.019226,2.135389,2.114757,0.000818,5.147851,6.8,6.8,6.8
16.638416,1508,1,subida,0.019244,0.019225,2.135389,2.115514,0.000818,5.145715,6.8,6.8,6.8
16.669814,1509,1,subida,0.019225,0.019225,2.134841,2.116325,0.000819,5.145715,6.8,6.8,6.8
16.711232,1510,1,subida,0.019245,0.019224,2.134206,2.116325,0.000818,5.151666,6.8,6.8,6.8
16.763471,1511,1,subida,0.019224,0.019225,2.134206,2.115479,0.000818,5.147150,6.8,6.8,6.8
16.794782,1512,1,subida,0.019246,0.019221,2.134629,2.114784,0.000818,5.147150,6.8,6.8,6.8
16.848044,1513,1,subida,0.019216,0.019218,2.135342,2.114784,0.000818,5.148492,6.8,6.8,6.8
16.889232,1514,1,subida,0.019243,0.019218,2.135342,2.114972,0.000818,5.137872,6.8,6.8,6.8
16.941988,1515,1,subida,0.019251,0.019221,2.134430,2.116003,0.000819,5.145410,6.8,6.8,6.8
17.017028,1516,1,subida,0.019221,0.019225,2.134430,2.115577,0.000818,5.145471,6.8,6.8,6.8
17.049042,1517,1,subida,0.019271,0.019236,2.134638,2.115115,0.000819,5.145471,6.8,6.8,6.8
17.090530,1518,1,subida,0.019228,0.019232,2.135190,2.115115,0.000818,5.146142,6.8,6.8,6.8
17.132227,1519,1,subida,0.019263,0.019227,2.135190,2.114841,0.000818,5.144708,6.8,6.8,6.8
17.172515,1520,1,subida,0.019222,0.019225,2.134769,2.116369,0.000818,5.144708,6.8,6.8,6.8
17.244308,1521,1,subida,0.019221,0.019224,2.134406,2.115622,0.000818,5.145837,6.8,6.8,6.8
17.295562,1522,1,subida,0.019260,0.019221,2.134308,2.115601,0.000819,5.145837,6.8,6.8,6.8
17.346084,1523,1,subida,0.019218,0.019221,2.136012,2.115601,0.000818,5.150171,6.8,6.8,6.8
17.376965,1524,1,subida,0.019259,0.019221,2.136012,2.114718,0.000818,5.145715,6.8,6.8,6.8
17.418237,1525,1,subida,0.019219,0.019222,2.134859,2.116438,0.000818,5.145715,6.8,6.8,6.8
17.469914,1526,1,subida,0.019261,0.019224,2.135053,2.116438,0.000819,5.149805,6.8,6.8,6.8
17.502017,1527,1,subida,0.019223,0.019226,2.135053,2.116387,0.000819,5.146661,6.8,6.8,6.8
17.544582,1528,1,subida,0.019265,0.019227,2.134728,2.115651,0.000819,5.146661,6.8,6.8,6.8
17.587481,1529,1,subida,0.019227,0.019229,2.136182,2.115651,0.000819,5.147913,6.8,6.8,6.8
17.629986,1530,1,subida,0.019269,0.019231,2.136182,2.115744,0.000819,5.135675,6.8,6.8,6.8
17.671643,1531,1,subida,0.019233,0.019233,2.136581,2.117508,0.000819,5.135675,6.8,6.8,6.8
17.721370,1532,1,subida,0.019271,0.019234,2.135950,2.117508,0.000819,5.156518,6.8,6.8,6.8
17.751798,1533,1,subida,0.019235,0.019234,2.135950,2.117222,0.000819,5.141382,6.8,6.8,6.8
17.803607,1534,1,subida,0.019266,0.019230,2.134892,2.116390,0.000819,5.141382,6.8,6.8,6.8
17.854841,1535,1,subida,0.019260,0.019228,2.135520,2.114915,0.000818,5.150171,6.8,6.8,6.8
17.927367,1536,1,subida,0.019229,0.019228,2.135988,2.116218,0.000819,5.150171,6.8,6.8,6.8
17.969180,1537,1,subida,0.019260,0.019229,2.135428,2.116218,0.000819,5.142023,6.8,6.8,6.8
18.010966,1538,1,subida,0.019231,0.019229,2.135428,2.117085,0.000819,5.150354,6.8,6.8,6.8
18.063509,1539,1,subida,0.019232,0.019230,2.135184,2.116230,0.000819,5.145837,6.8,6.8,6.8
18.147364,1540,1,subida,0.019232,0.019230,2.136015,2.115759,0.000818,5.143823,6.8,6.8,6.8
18.220603,1541,1,subida,0.019254,0.019230,2.135470,2.115759,0.000819,5.147790,6.8,6.8,6.8
18.261700,1542,1,subida,0.019233,0.019230,2.135470,2.116906,0.000819,5.145532,6.8,6.8,6.8
18.314307,1543,1,subida,0.019248,0.019227,2.135029,2.116375,0.000819,5.145532,6.8,6.8,6.8
18.356409,1544,1,subida,0.019245,0.019225,2.135047,2.115681,0.000819,5.149866,6.8,6.8,6.8
18.440742,1545,1,subida,0.019247,0.019230,2.135801,2.115785,0.000819,5.143884,6.8,6.8,6.8
18.514865,1546,1,subida,0.019236,0.019230,2.135801,2.116754,0.000819,5.151788,6.8,6.8,6.8
18.546619,1547,1,subida,0.019245,0.019230,2.135133,2.116316,0.000819,5.151788,6.8,6.8,6.8
18.599577,1548,1,subida,0.019235,0.019229,2.134781,2.116316,0.000818,5.151483,6.8,6.8,6.8
18.640940,1549,1,subida,0.019241,0.019229,2.134781,2.115690,0.000819,5.147668,6.8,6.8,6.8
18.672392,1550,1,subida,0.019236,0.019228,2.135708,2.115341,0.000818,5.147668,6.8,6.8,6.8
18.714823,1551,1,subida,0.019239,0.019229,2.135628,2.115341,0.000818,5.149866,6.8,6.8,6.8
18.767316,1552,1,subida,0.019236,0.019228,2.135628,2.116665,0.000819,5.144891,6.8,6.8,6.8
18.798579,1553,1,subida,0.019233,0.019225,2.135243,2.116328,0.000819,5.144891,6.8,6.8,6.8
18.851215,1554,1,subida,0.019234,0.019224,2.134647,2.116328,0.000819,5.150476,6.8,6.8,6.8
18.882512,1555,1,subida,0.019231,0.019224,2.134647,2.115547,0.000819,5.145654,6.8,6.8,6.8
18.935375,1556,1,subida,0.019240,0.019228,2.135720,2.115350,0.000819,5.145654,6.8,6.8,6.8
18.977209,1557,1,subida,0.019234,0.019230,2.136221,2.115350,0.000819,5.149683,6.8,6.8,6.8
19.019627,1558,1,subida,0.019246,0.019232,2.136221,2.117040,0.000819,5.148279,6.8,6.8,6.8
19.051562,1559,1,subida,0.019234,0.019232,2.135661,2.116971,0.000819,5.148279,6.8,6.8,6.8
19.125011,1560,1,subida,0.019233,0.019232,2.134847,2.116241,0.000819,5.139825,6.8,6.8,6.8
19.188162,1561,1,subida,0.019251,0.019229,2.135401,2.115434,0.000819,5.139825,6.8,6.8,6.8
19.220192,1562,1,subida,0.019228,0.019229,2.135735,2.115434,0.000818,5.148492,6.8,6.8,6.8
19.261700,1563,1,subida,0.019251,0.019228,2.135735,2.115738,0.000819,5.141077,6.8,6.8,6.8
19.304289,1564,1,subida,0.019224,0.019225,2.135258,2.116581,0.000819,5.141077,6.8,6.8,6.8
19.346989,1565,1,subida,0.019248,0.019223,2.134957,2.116581,0.000819,5.150354,6.8,6.8,6.8
19.390153,1566,1,subida,0.019221,0.019225,2.134957,2.116060,0.000818,5.147089,6.8,6.8,6.8
19.432772,1567,1,subida,0.019255,0.019226,2.135303,2.115434,0.000819,5.147089,6.8,6.8,6.8
19.475185,1568,1,subida,0.019224,0.019229,2.136778,2.115434,0.000819,5.140253,6.8,6.8,6.8
19.517096,1569,1,subida,0.019262,0.019231,2.136778,2.116161,0.000819,5.147333,6.8,6.8,6.8
19.578389,1570,1,subida,0.019261,0.019229,2.134477,2.116334,0.000818,5.149927,6.8,6.8,6.8
19.652837,1571,1,subida,0.019263,0.019228,2.134752,2.115583,0.000819,5.147089,6.8,6.8,6.8
19.757452,1572,1,subida,0.019267,0.019230,2.136447,2.115812,0.000819,5.146661,6.8,6.8,6.8
19.810552,1573,1,subida,0.019224,0.019228,2.136298,2.117365,0.000819,5.146661,6.8,6.8,6.8
19.862749,1574,1,subida,0.019223,0.019227,2.134918,2.116319,0.000819,5.147150,6.8,6.8,6.8
19.936020,1575,1,subida,0.019265,0.019226,2.133840,2.115413,0.000818,5.147150,6.8,6.8,6.8
19.998516,1576,1,subida,0.019262,0.019225,2.135333,2.113899,0.000818,5.152490,6.8,6.8,6.8
0.094282,1578,1,bajada,0.018066,0.018070,2.135214,2.117606,0.000819,5.146295,6.5,6.489,6.5
0.156988,1579,1,bajada,0.018108,0.018072,2.136236,2.117872,0.000821,5.146295,6.5,6.488,6.5
0.198844,1580,1,bajada,0.018070,0.018074,2.137181,2.117872,0.000820,5.144159,6.5,6.488,6.5
0.250614,1581,1,bajada,0.018069,0.018072,2.137011,2.118298,0.000820,5.143457,6.5,6.488,6.5
0.324653,1582,1,bajada,0.018109,0.018072,2.136000,2.118298,0.000820,5.144159,6.5,6.488,6.5
0.398098,1583,1,bajada,0.018112,0.018075,2.135386,2.117499,0.000820,5.144830,6.5,6.488,6.5
0.440608,1584,1,bajada,0.018072,0.018075,2.136987,2.117499,0.000820,5.147546,6.5,6.488,6.5
0.482508,1585,1,bajada,0.018112,0.018075,2.136987,2.116828,0.000820,5.147851,6.5,6.489,6.5
0.545472,1586,1,bajada,0.018112,0.018076,2.136120,2.119085,0.000820,5.148218,6.5,6.488,6.5
0.619564,1587,1,bajada,0.018074,0.018074,2.136120,2.118846,0.000820,5.147607,6.5,6.488,6.5
0.661796,1588,1,bajada,0.018108,0.018074,2.135279,2.117827,0.000820,5.147607,6.5,6.488,6.5
0.713831,1589,1,bajada,0.018105,0.018073,2.136218,2.117138,0.000820,5.147729,6.5,6.488,6.5
0.777330,1590,1,bajada,0.018070,0.018070,2.136856,2.118479,0.000820,5.147729,6.5,6.488,6.5
0.819916,1591,1,bajada,0.018100,0.018069,2.136814,2.118479,0.000820,5.142023,6.5,6.488,6.5
0.861698,1592,1,bajada,0.018072,0.018072,2.136814,2.118658,0.000820,5.140253,6.5,6.488,6.5
0.903934,1593,1,bajada,0.018102,0.018073,2.135488,2.117919,0.000820,5.140253,6.5,6.488,6.5
0.957019,1594,1,bajada,0.018074,0.018073,2.136084,2.117919,0.000820,5.143152,6.5,6.488,6.5
0.988313,1595,1,bajada,0.018101,0.018074,2.136084,2.117258,0.000820,5.147851,6.5,6.488,6.5
1.030787,1596,1,bajada,0.018075,0.018073,2.136853,2.117806,0.000819,5.147851,6.488,6.5,6.5
1.073095,1597,1,bajada,0.018097,0.018072,2.135842,2.117806,0.000820,5.149744,6.5,6.487,6.5
1.125772,1598,1,bajada,0.018073,0.018072,2.135842,2.118307,0.000820,5.144708,6.5,6.488,6.5
1.167342,1599,1,bajada,0.018094,0.018072,2.135604,2.117758,0.000820,5.144708,6.5,6.488,6.5
1.209229,1600,1,bajada,0.018074,0.018070,2.135303,2.117758,0.000819,5.146905,6.5,6.488,6.5
1.241208,1601,1,bajada,0.018086,0.018065,2.135303,2.116322,0.000819,5.135370,6.5,6.487,6.5
1.293800,1602,1,bajada,0.018064,0.018060,2.135988,2.115833,0.000819,5.135370,6.5,6.488,6.5
1.335746,1603,1,bajada,0.018075,0.018058,2.135264,2.115833,0.000819,5.145410,6.5,6.488,6.5
1.377728,1604,1,bajada,0.018063,0.018060,2.135264,2.117571,0.000819,5.146417,6.5,6.488,6.5
1.419162,1605,1,bajada,0.018075,0.018059,2.134099,2.117138,0.000819,5.146417,6.5,6.487,6.5
1.450219,1606,1,bajada,0.018064,0.018060,2.134370,2.117138,0.000819,5.144586,6.5,6.488,6.5
1.503367,1607,1,bajada,0.018073,0.018060,2.134370,2.116042,0.000819,5.141626,6.488,6.5,6.5
1.544753,1608,1,bajada,0.018066,0.018060,2.135431,2.116075,0.000819,5.141626,6.5,6.487,6.5
1.597736,1609,1,bajada,0.018063,0.018060,2.135449,2.113023,0.000816,5.145074,6.488,6.5,6.5
1.671906,1610,1,bajada,0.018040,0.018035,2.129569,2.112767,0.000816,5.146142,6.487,6.5,6.5
1.746047,1611,1,bajada,0.018029,0.018020,2.130013,2.111115,0.000815,5.136499,6.487,6.5,6.5
1.850036,1612,1,bajada,0.018030,0.018017,2.131274,2.112453,0.000816,5.138635,6.5,6.487,6.5
1.930072,1613,1,bajada,0.018032,0.018019,2.129310,2.112984,0.000815,5.142450,6.5,6.487,6.5
1.991617,1614,1,bajada,0.018020,0.018019,2.129310,2.112048,0.000816,5.143335,6.487,6.5,6.5
2.033720,1615,1,bajada,0.018037,0.018020,2.130612,2.111375,0.000816,5.143335,6.5,6.487,6.5
2.076822,1616,1,bajada,0.018019,0.018019,2.130499,2.111375,0.000816,5.149988,6.487,6.5,6.5
2.119181,1617,1,bajada,0.018036,0.018017,2.130499,2.111568,0.000815,5.147913,6.5,6.486,6.5
2.160756,1618,1,bajada,0.018015,0.018016,2.130180,2.112769,0.000815,5.147913,6.5,6.487,6.5
2.214289,1619,1,bajada,0.018038,0.018016,2.129435,2.112769,0.000815,5.154321,6.5,6.486,6.5
2.245723,1620,1,bajada,0.018012,0.018014,2.129435,2.112063,0.000815,5.155176,6.5,6.487,6.5
2.298389,1621,1,bajada,0.018037,0.018011,2.129879,2.110972,0.000815,5.155176,6.5,6.486,6.5
2.330554,1622,1,bajada,0.018009,0.018013,2.131017,2.110972,0.000816,5.148218,6.5,6.487,6.5
2.383238,1623,1,bajada,0.018013,0.018015,2.130523,2.112853,0.000816,5.145715,6.5,6.487,6.5
2.457164,1624,1,bajada,0.018047,0.018018,2.130716,2.112853,0.000816,5.142145,6.5,6.486,6.5
2.520125,1625,1,bajada,0.018050,0.018018,2.129623,2.111506,0.000816,5.145227,6.5,6.486,6.5
2.583163,1626,1,bajada,0.018013,0.018017,2.131214,2.111506,0.000816,5.151483,6.5,6.486,6.5
2.614878,1627,1,bajada,0.018051,0.018018,2.131214,2.111780,0.000816,5.141565,6.5,6.486,6.5
2.667625,1628,1,bajada,0.018013,0.018018,2.130597,2.112769,0.000816,5.141565,6.5,6.486,6.5
2.699294,1629,1,bajada,0.018053,0.018017,2.130156,2.112769,0.000816,5.155115,6.5,6.486,6.5
2.751550,1630,1,bajada,0.018011,0.018015,2.130156,2.113112,0.000816,5.140771,6.5,6.486,6.5
2.783292,1631,1,bajada,0.018050,0.018013,2.129661,2.111318,0.000816,5.140771,6.5,6.486,6.5
2.847764,1632,1,bajada,0.018051,0.018013,2.131035,2.111238,0.000815,5.140192,6.5,6.486,6.5
2.909860,1633,1,bajada,0.018010,0.018014,2.130523,2.112608,0.000816,5.140192,6.5,6.486,6.5
2.963430,1634,1,bajada,0.018052,0.018016,2.130251,2.112608,0.000816,5.151422,6.5,6.486,6.5
2.995039,1635,1,bajada,0.018011,0.018015,2.130251,2.112072,0.000815,5.146966,6.5,6.486,6.5
3.047309,1636,1,bajada,0.018052,0.018014,2.129632,2.111455,0.000816,5.146966,6.5,6.486,6.5
3.078922,1637,1,bajada,0.018011,0.018014,2.130302,2.111455,0.000815,5.145715,6.5,6.486,6.5
3.131950,1638,1,bajada,0.018050,0.018015,2.130302,2.111226,0.000815,5.139947,6.5,6.486,6.5
3.163208,1639,1,bajada,0.018011,0.018013,2.130749,2.112391,0.000815,5.139947,6.5,6.485,6.5
3.216131,1640,1,bajada,0.018047,0.018012,2.129834,2.112391,0.000816,5.147851,6.5,6.486,6.5
3.248080,1641,1,bajada,0.018008,0.018009,2.129834,2.112463,0.000816,5.150781,6.5,6.485,6.5
3.290556,1642,1,bajada,0.018040,0.018006,2.129283,2.112179,0.000816,5.150781,6.5,6.485,6.5
3.343232,1643,1,bajada,0.018006,0.018009,2.130523,2.112179,0.000815,5.143152,6.5,6.486,6.5
3.379847,1644,1,bajada,0.018042,0.018010,2.130523,2.110710,0.000815,5.149164,6.5,6.485,6.5
3.427447,1645,1,bajada,0.018041,0.018010,2.129453,2.112176,0.000816,5.143579,6.5,6.485,6.5
3.501735,1646,1,bajada,0.018011,0.018011,2.129453,2.112626,0.000815,5.151483,6.5,6.485,6.5
3.543829,1647,1,bajada,0.018041,0.018015,2.131950,2.116420,0.000818,5.151483,6.5,6.485,6.5
3.596752,1648,1,bajada,0.018062,0.018033,2.134463,2.114891,0.000818,5.148279,6.5,6.485,6.5
3.670590,1649,1,bajada,0.018040,0.018038,2.134624,2.115291,0.000818,5.148279,6.5,6.485,6.5
3.713281,1650,1,bajada,0.018065,0.018041,2.133917,2.115291,0.000818,5.147913,6.5,6.485,6.5
3.754313,1651,1,bajada,0.018042,0.018039,2.133917,2.116316,0.000818,5.147974,6.5,6.485,6.5
3.804075,1652,1,bajada,0.018038,0.018035,2.133673,2.115744,0.000818,5.153802,6.5,6.485,6.5
3.896461,1653,1,bajada,0.018043,0.018040,2.134269,2.115326,0.000818,5.144159,6.5,6.485,6.5
3.957604,1654,1,bajada,0.018057,0.018040,2.134004,2.115326,0.000818,5.144586,6.5,6.485,6.5
3.998612,1655,1,bajada,0.018043,0.018040,2.134004,2.115821,0.000818,5.149164,6.5,6.485,6.5
4.040447,1656,1,bajada,0.018054,0.018038,2.133074,2.115827,0.000818,5.149164,6.5,6.485,6.5
4.092446,1657,1,bajada,0.018043,0.018039,2.132698,2.115827,0.000818,5.147668,6.5,6.484,6.5
4.155747,1658,1,bajada,0.018044,0.018039,2.134066,2.114927,0.000818,5.145471,6.5,6.484,6.5
4.209528,1659,1,bajada,0.018049,0.018038,2.133592,2.114927,0.000818,5.149805,6.5,6.484,6.5
4.251700,1660,1,bajada,0.018042,0.018034,2.133592,2.115839,0.000818,5.146295,6.5,6.484,6.5
4.304220,1661,1,bajada,0.018041,0.018033,2.133267,2.116000,0.000818,5.146295,6.5,6.484,6.5
4.346336,1662,1,bajada,0.018041,0.018032,2.131566,2.116000,0.000817,5.149744,6.5,6.484,6.5
4.378308,1663,1,bajada,0.018038,0.018031,2.131566,2.114236,0.000817,5.143884,6.5,6.484,6.5
4.440885,1664,1,bajada,0.018034,0.018031,2.133825,2.113616,0.000818,5.150781,6.5,6.484,6.5
4.504677,1665,1,bajada,0.018044,0.018032,2.133825,2.115076,0.000818,5.142633,6.484,6.5,6.5
4.546998,1666,1,bajada,0.018031,0.018028,2.132043,2.114578,0.000817,5.142633,6.5,6.484,6.5
4.599291,1667,1,bajada,0.018025,0.018026,2.131238,2.113547,0.000817,5.148218,6.5,6.484,6.5
4.673010,1668,1,bajada,0.018042,0.018023,2.132299,2.113401,0.000817,5.148218,6.5,6.484,6.5
4.714287,1669,1,bajada,0.018024,0.018025,2.134057,2.113401,0.000818,5.145837,6.5,6.484,6.5
4.761656,1670,1,bajada,0.018046,0.018028,2.134057,2.115467,0.000818,5.144098,6.5,6.484,6.5
4.808460,1671,1,bajada,0.018050,0.018027,2.132540,2.116158,0.000818,5.146081,6.5,6.484,6.5
4.892675,1672,1,bajada,0.018057,0.018031,2.132698,2.114140,0.000818,5.149103,6.484,6.5,6.5
4.965815,1673,1,bajada,0.018027,0.018031,2.134007,2.114140,0.000818,5.147424,6.5,6.484,6.5
5.007697,1674,1,bajada,0.018061,0.018033,2.134007,2.114850,0.000818,5.142969,6.5,6.484,6.5
5.049547,1675,1,bajada,0.018028,0.018033,2.133539,2.115949,0.000818,5.142969,6.5,6.483,6.5
5.091657,1676,1,bajada,0.018063,0.018033,2.132963,2.115949,0.000818,5.146417,6.5,6.483,6.5
5.143867,1677,1,bajada,0.018066,0.018033,2.132746,2.114736,0.000818,5.138391,6.484,6.5,6.5
5.216904,1678,1,bajada,0.018027,0.018032,2.134167,2.114736,0.000819,5.145288,6.483,6.5,6.5
5.259222,1679,1,bajada,0.018065,0.018029,2.134167,2.115234,0.000818,5.144403,6.5,6.484,6.5
5.300418,1680,1,bajada,0.018023,0.018028,2.133443,2.116155,0.000818,5.144403,6.483,6.5,6.5
5.342327,1681,1,bajada,0.018065,0.018031,2.134111,2.116155,0.000818,5.150171,6.5,6.483,6.5
5.383683,1682,1,bajada,0.018031,0.018036,2.134111,2.116402,0.000819,5.145471,6.483,6.5,6.5
5.446264,1683,1,bajada,0.018035,0.018039,2.135151,2.116212,0.000818,5.151483,6.5,6.483,6.5
5.519953,1684,1,bajada,0.018036,0.018040,2.134624,2.116799,0.000818,5.147851,6.5,6.483,6.5
5.593443,1685,1,bajada,0.018077,0.018040,2.134209,2.116799,0.000819,5.148157,6.5,6.483,6.5
5.645823,1686,1,bajada,0.018076,0.018039,2.133169,2.116086,0.000819,5.143091,6.5,6.483,6.5
5.719160,1687,1,bajada,0.018037,0.018040,2.134769,2.116086,0.000818,5.145898,6.5,6.484,6.5
5.761163,1688,1,bajada,0.018074,0.018039,2.134769,2.115356,0.000819,5.149286,6.5,6.485,6.5
5.802888,1689,1,bajada,0.018041,0.018045,2.135211,2.117067,0.000819,5.149286,6.5,6.488,6.5
5.844536,1690,1,bajada,0.018087,0.018060,2.134370,2.117067,0.000819,5.145532,6.5,6.493,6.5
5.897191,1691,1,bajada,0.018114,0.018076,2.133661,2.116292,0.000819,5.144464,6.5,6.497,6.5
5.970891,1692,1,bajada,0.018091,0.018095,2.134704,2.116292,0.000819,5.148614,6.5,6.501,6.5
6.042285,1693,1,bajada,0.018108,0.018107,2.135157,2.116513,0.000819,5.146081,6.5,6.502,6.5
6.102126,1694,1,bajada,0.018140,0.018113,2.134874,2.116513,0.000819,5.152490,6.5,6.503,6.5
6.132954,1695,1,bajada,0.018117,0.018116,2.134874,2.117010,0.000819,5.140253,6.5,6.503,6.5
6.174003,1696,1,bajada,0.018142,0.018116,2.133565,2.116349,0.000819,5.140253,6.5,6.504,6.5
6.226755,1697,1,bajada,0.018120,0.018120,2.134296,2.116349,0.000819,5.150995,6.5,6.504,6.5
6.258486,1698,1,bajada,0.018141,0.018116,2.134296,2.115767,0.000819,5.142389,6.5,6.504,6.5
6.311047,1699,1,bajada,0.018118,0.018115,2.134951,2.116253,0.000818,5.142389,6.5,6.504,6.5
6.343153,1700,1,bajada,0.018137,0.018117,2.134677,2.116253,0.000819,5.149164,6.5,6.505,6.5
6.406239,1701,1,bajada,0.018139,0.018121,2.134475,2.116077,0.000819,5.144342,6.5,6.504,6.5
6.469130,1702,1,bajada,0.018124,0.018121,2.133798,2.116077,0.000818,5.147851,6.5,6.504,6.5
6.521909,1703,1,bajada,0.018125,0.018121,2.135202,2.115541,0.000819,5.144098,6.5,6.504,6.5
6.617584,1704,1,bajada,0.018126,0.018121,2.134704,2.116668,0.000819,5.145227,6.5,6.504,6.5
6.680904,1705,1,bajada,0.018132,0.018121,2.133890,2.116721,0.000819,5.145227,6.5,6.504,6.5
6.743446,1706,1,bajada,0.018127,0.018119,2.133521,2.115854,0.000819,5.149591,6.5,6.504,6.5
6.806599,1707,1,bajada,0.018125,0.018116,2.134740,2.115294,0.000818,5.149591,6.5,6.504,6.5
6.848508,1708,1,bajada,0.018123,0.018117,2.134987,2.115294,0.000819,5.150934,6.5,6.504,6.5
6.879966,1709,1,bajada,0.018129,0.018118,2.134987,2.116408,0.000818,5.146142,6.5,6.504,6.5
6.932531,1710,1,bajada,0.018121,0.018117,2.133777,2.116566,0.000818,5.146142,6.5,6.504,6.5
6.969837,1711,1,bajada,0.018129,0.018117,2.133509,2.116566,0.000819,5.148798,6.5,6.504,6.5
7.006671,1712,1,bajada,0.018119,0.018117,2.133509,2.115386,0.000819,5.148340,6.5,6.504,6.5
7.048074,1713,1,bajada,0.018131,0.018116,2.134171,2.115070,0.000818,5.148340,6.5,6.503,6.5
7.101037,1714,1,bajada,0.018116,0.018115,2.134632,2.115070,0.000818,5.146081,6.5,6.503,6.5
7.143516,1715,1,bajada,0.018133,0.018115,2.134632,2.116063,0.000818,5.141840,6.5,6.504,6.5
7.205314,1716,1,bajada,0.018134,0.018114,2.133244,2.116152,0.000819,5.150232,6.5,6.503,6.5
7.258106,1717,1,bajada,0.018109,0.018111,2.133244,2.115660,0.000818,5.149591,6.5,6.504,6.5
7.311487,1718,1,bajada,0.018133,0.018108,2.133932,2.114879,0.000818,5.149591,6.5,6.503,6.5
7.354032,1719,1,bajada,0.018105,0.018111,2.134659,2.114879,0.000818,5.148614,6.5,6.503,6.5
7.396768,1720,1,bajada,0.018137,0.018111,2.134659,2.115079,0.000818,5.142725,6.5,6.503,6.5
7.427899,1721,1,bajada,0.018107,0.018110,2.134010,2.116438,0.000818,5.142725,6.5,6.503,6.5
7.470147,1722,1,bajada,0.018140,0.018111,2.133154,2.116438,0.000818,5.147913,6.5,6.503,6.5
7.511612,1723,1,bajada,0.018106,0.018111,2.133154,2.115705,0.000818,5.145349,6.5,6.503,6.5
7.554035,1724,1,bajada,0.018143,0.018111,2.133428,2.115103,0.000819,5.145349,6.5,6.503,6.5
7.607388,1725,1,bajada,0.018105,0.018111,2.135103,2.115103,0.000819,5.145532,6.5,6.503,6.5
7.638908,1726,1,bajada,0.018143,0.018109,2.135103,2.114820,0.000818,5.144830,6.5,6.503,6.5
7.680802,1727,1,bajada,0.018104,0.018109,2.133959,2.116858,0.000818,5.144830,6.5,6.502,6.5
7.732547,1728,1,bajada,0.018146,0.018110,2.133509,2.116858,0.000818,5.149744,6.503,6.5,6.5
7.785423,1729,1,bajada,0.018141,0.018105,2.132996,2.115523,0.000818,5.147974,6.5,6.503,6.5
7.848839,1730,1,bajada,0.018101,0.018106,2.134629,2.115523,0.000819,5.145349,6.5,6.502,6.5
7.901696,1731,1,bajada,0.018105,0.018109,2.134534,2.117058,0.000819,5.148736,6.5,6.502,6.5
7.976129,1732,1,bajada,0.018148,0.018111,2.134421,2.117058,0.000819,5.151727,6.502,6.5,6.5
8.018285,1733,1,bajada,0.018109,0.018112,2.134421,2.116060,0.000819,5.149499,6.5,6.502,6.5
8.059984,1734,1,bajada,0.018148,0.018110,2.133139,2.115958,0.000819,5.149499,6.5,6.502,6.5
8.123403,1735,1,bajada,0.018146,0.018109,2.134233,2.115103,0.000819,5.151300,6.502,6.5,6.5
8.185694,1736,1,bajada,0.018108,0.018109,2.134832,2.116301,0.000818,5.151300,6.5,6.502,6.5
8.248780,1737,1,bajada,0.018104,0.018105,2.134251,2.116262,0.000818,5.144708,6.5,6.502,6.5
8.311851,1738,1,bajada,0.018136,0.018103,2.132943,2.115574,0.000819,5.144708,6.5,6.502,6.5
8.353698,1739,1,bajada,0.018103,0.018105,2.133887,2.115574,0.000818,5.148492,6.5,6.501,6.5
8.385762,1740,1,bajada,0.018137,0.018105,2.133887,2.115395,0.000819,5.147851,6.5,6.502,6.5
8.437148,1741,1,bajada,0.018108,0.018107,2.135067,2.116137,0.000818,5.147851,6.5,6.501,6.5
8.479358,1742,1,bajada,0.018136,0.018107,2.134886,2.116137,0.000819,5.142969,6.5,6.501,6.5
8.520600,1743,1,bajada,0.018110,0.018109,2.134886,2.117004,0.000818,5.147027,6.5,6.501,6.5
8.561872,1744,1,bajada,0.018136,0.018109,2.134263,2.116492,0.000819,5.147027,6.5,6.501,6.5
8.603088,1745,1,bajada,0.018112,0.018110,2.134126,2.116492,0.000818,5.149347,6.501,6.5,6.5
8.655381,1746,1,bajada,0.018108,0.018107,2.134614,2.115544,0.000818,5.144342,6.5,6.501,6.5
8.728785,1747,1,bajada,0.018125,0.018103,2.133059,2.115544,0.000818,5.145227,6.5,6.501,6.5
8.770503,1748,1,bajada,0.018100,0.018096,2.133059,2.115675,0.000817,5.144983,6.501,6.5,6.5
8.822956,1749,1,bajada,0.018098,0.018093,2.132743,2.115479,0.000818,5.146142,6.5,6.501,6.5
8.896941,1750,1,bajada,0.018113,0.018097,2.132743,2.114739,0.000818,5.150049,6.5,6.501,6.5
8.938181,1751,1,bajada,0.018102,0.018097,2.134108,2.114191,0.000817,5.150049,6.5,6.501,6.5
8.979656,1752,1,bajada,0.018110,0.018096,2.133452,2.114191,0.000818,5.149042,6.5,6.501,6.5
9.032743,1753,1,bajada,0.018107,0.018096,2.133116,2.115395,0.000817,5.149927,6.5,6.501,6.5
9.110817,1754,1,bajada,0.018103,0.018091,2.129033,2.115395,0.000815,5.141717,6.5,6.501,6.5
9.156838,1755,1,bajada,0.018093,0.018079,2.129033,2.111673,0.000815,5.148096,6.5,6.5,6.5
9.188028,1756,1,bajada,0.018084,0.018073,2.129700,2.110737,0.000815,5.148096,6.5,6.5,6.5
9.239456,1757,1,bajada,0.018076,0.018066,2.130156,2.110737,0.000815,5.143152,6.5,6.5,6.5
9.269839,1758,1,bajada,0.018075,0.018062,2.130156,2.111700,0.000815,5.145471,6.5,6.5,6.5
9.331697,1759,1,bajada,0.018072,0.018059,2.128386,2.112439,0.000815,5.151849,6.5,6.5,6.5
9.405751,1760,1,bajada,0.018064,0.018062,2.128386,2.111616,0.000815,5.149042,6.5,6.5,6.5
9.447489,1761,1,bajada,0.018078,0.018061,2.129810,2.110349,0.000815,5.149042,6.5,6.5,6.5
9.489553,1762,1,bajada,0.018066,0.018075,2.135190,2.110349,0.000819,5.145410,6.5,6.5,6.5
9.521108,1763,1,bajada,0.018102,0.018086,2.135190,2.116450,0.000819,5.146966,6.5,6.5,6.5
9.562987,1764,1,bajada,0.018092,0.018094,2.134513,2.117523,0.000819,5.146966,6.5,6.5,6.5
9.615833,1765,1,bajada,0.018121,0.018102,2.134373,2.117523,0.000819,5.151178,6.5,6.5,6.5
9.668254,1766,1,bajada,0.018129,0.018104,2.134767,2.115916,0.000819,5.150171,6.5,6.5,6.5
9.731012,1767,1,bajada,0.018101,0.018104,2.135512,2.115916,0.000819,5.151483,6.5,6.5,6.5
9.784631,1768,1,bajada,0.018096,0.018101,2.134862,2.116936,0.000819,5.145593,6.5,6.499,6.5
9.857895,1769,1,bajada,0.018130,0.018101,2.134242,2.116936,0.000819,5.147027,6.5,6.499,6.5
9.898940,1770,1,bajada,0.018099,0.018103,2.134242,2.116760,0.000819,5.146020,6.5,6.5,6.5
9.940995,1771,1,bajada,0.018138,0.018105,2.134612,2.116864,0.000819,5.146020,6.5,6.499,6.5
9.982491,1772,1,bajada,0.018144,0.018108,2.136182,2.116802,0.000820,5.148218,6.5,6.499,6.5
10.076923,1773,1,bajada,0.018145,0.018109,2.135273,2.117717,0.000819,5.147668,6.5,6.499,6.5
10.149744,1774,1,bajada,0.018104,0.018109,2.135273,2.117404,0.000819,5.145898,6.5,6.499,6.5
10.191025,1775,1,bajada,0.018146,0.018108,2.134522,2.117100,0.000819,5.145898,6.5,6.499,6.5
10.242471,1776,1,bajada,0.018105,0.018107,2.136185,2.117100,0.000819,5.148675,6.5,6.499,6.5
10.283705,1777,1,bajada,0.018143,0.018104,2.136185,2.116316,0.000819,5.142816,6.5,6.499,6.5
10.324865,1778,1,bajada,0.018100,0.018102,2.135297,2.117904,0.000818,5.142816,6.5,6.499,6.5
10.355262,1779,1,bajada,0.018139,0.018102,2.135494,2.117904,0.000819,5.149164,6.5,6.499,6.5
10.407503,1780,1,bajada,0.018103,0.018107,2.135494,2.117755,0.000820,5.149225,6.5,6.499,6.5
10.438867,1781,1,bajada,0.018144,0.018108,2.134626,2.117049,0.000819,5.149225,6.5,6.498,6.5
10.480953,1782,1,bajada,0.018107,0.018109,2.135744,2.117049,0.000819,5.150415,6.5,6.499,6.5
10.522856,1783,1,bajada,0.018144,0.018108,2.135744,2.116390,0.000820,5.145471,6.5,6.499,6.5
10.585961,1784,1,bajada,0.018143,0.018110,2.135333,2.118518,0.000820,5.146783,6.5,6.499,6.5
10.669794,1785,1,bajada,0.018140,0.018109,2.134969,2.117311,0.000819,5.150995,6.5,6.498,6.5
10.732279,1786,1,bajada,0.018108,0.018108,2.136030,2.117311,0.000819,5.144525,6.5,6.498,6.5
10.786100,1787,1,bajada,0.018134,0.018104,2.136030,2.116867,0.000820,5.149103,6.5,6.498,6.5
10.817902,1788,1,bajada,0.018104,0.018103,2.136143,2.117791,0.000819,5.149103,6.5,6.498,6.5
10.869887,1789,1,bajada,0.018130,0.018105,2.135687,2.117791,0.000820,5.140771,6.5,6.498,6.5
10.901268,1790,1,bajada,0.018107,0.018106,2.135687,2.118155,0.000819,5.146600,6.5,6.498,6.5
10.943078,1791,1,bajada,0.018130,0.018106,2.134871,2.117749,0.000820,5.146600,6.5,6.498,6.5
10.996180,1792,1,bajada,0.018109,0.018107,2.135535,2.117749,0.000820,5.151239,6.5,6.498,6.5
11.027708,1793,1,bajada,0.018129,0.018108,2.135535,2.116739,0.000820,5.149499,6.5,6.498,6.5
11.069812,1794,1,bajada,0.018112,0.018108,2.136486,2.116799,0.000819,5.149499,6.5,6.498,6.5
11.111894,1795,1,bajada,0.018127,0.018108,2.135947,2.116799,0.000820,5.148614,6.5,6.498,6.5
11.159816,1796,1,bajada,0.018111,0.018107,2.135947,2.118271,0.000820,5.149744,6.5,6.498,6.5
11.206601,1797,1,bajada,0.018111,0.018107,2.135130,2.117824,0.000819,5.146661,6.498,6.5,6.5
11.290693,1798,1,bajada,0.018108,0.018103,2.136325,2.116662,0.000820,5.146783,6.5,6.497,6.5
11.373543,1799,1,bajada,0.018112,0.018104,2.136307,2.118414,0.000819,5.147027,6.5,6.497,6.5
11.445841,1800,1,bajada,0.018115,0.018107,2.135607,2.118483,0.000820,5.147027,6.497,6.5,6.5
11.486856,1801,1,bajada,0.018116,0.018108,2.135234,2.118483,0.000820,5.147546,6.5,6.497,6.5
11.549163,1802,1,bajada,0.018119,0.018108,2.136635,2.116867,0.000820,5.145715,6.5,6.497,6.5
11.612863,1803,1,bajada,0.018112,0.018108,2.136525,2.116867,0.000820,5.146661,6.5,6.497,6.5
11.665694,1804,1,bajada,0.018121,0.018108,2.136525,2.118021,0.000820,5.149408,6.5,6.497,6.5
11.698159,1805,1,bajada,0.018109,0.018107,2.135410,2.118489,0.000819,5.149408,6.5,6.496,6.5
11.739605,1806,1,bajada,0.018122,0.018106,2.135109,2.118489,0.000820,5.151483,6.5,6.497,6.5
11.781303,1807,1,bajada,0.018103,0.018103,2.135109,2.117645,0.000820,5.153131,6.5,6.496,6.5
11.823508,1808,1,bajada,0.018121,0.018100,2.135696,2.116703,0.000820,5.153131,6.5,6.497,6.5
11.875744,1809,1,bajada,0.018127,0.018103,2.136826,2.117618,0.000820,5.147424,6.5,6.497,6.5
11.959167,1810,1,bajada,0.018130,0.018105,2.134924,2.118217,0.000820,5.147150,6.5,6.496,6.5
12.033049,1811,1,bajada,0.018137,0.018107,2.136149,2.117487,0.000820,5.148096,6.5,6.496,6.5
12.127900,1812,1,bajada,0.018140,0.018109,2.137046,2.117255,0.000820,5.149683,6.5,6.497,6.5
12.201880,1813,1,bajada,0.018102,0.018106,2.136391,2.118423,0.000820,5.149683,6.5,6.497,6.5
12.233340,1814,1,bajada,0.018139,0.018105,2.135178,2.118423,0.000820,5.148401,6.5,6.496,6.5
12.306551,1815,1,bajada,0.018136,0.018100,2.135145,2.117368,0.000819,5.148401,6.5,6.496,6.5
12.369033,1816,1,bajada,0.018096,0.018101,2.136495,2.117368,0.000819,5.149408,6.5,6.497,6.5
12.400213,1817,1,bajada,0.018140,0.018103,2.136495,2.116817,0.000820,5.147485,6.5,6.496,6.5
12.452029,1818,1,bajada,0.018100,0.018104,2.136304,2.118286,0.000820,5.147485,6.5,6.497,6.5
12.483175,1819,1,bajada,0.018141,0.018104,2.135220,2.118286,0.000820,5.149530,6.5,6.496,6.5
12.545807,1820,1,bajada,0.018143,0.018104,2.135142,2.117639,0.000820,5.147974,6.5,6.497,6.5
12.618748,1821,1,bajada,0.018103,0.018106,2.136367,2.117639,0.000820,5.151605,6.5,6.496,6.5
12.660207,1822,1,bajada,0.018143,0.018105,2.136367,2.117308,0.000820,5.153680,6.5,6.496,6.5
12.701775,1823,1,bajada,0.018104,0.018105,2.136543,2.118381,0.000819,5.153680,6.5,6.497,6.5
12.743293,1824,1,bajada,0.018141,0.018105,2.135762,2.118381,0.000820,5.153039,6.5,6.496,6.5
12.783678,1825,1,bajada,0.018101,0.018101,2.135762,2.118596,0.000819,5.150049,6.5,6.497,6.5
12.836164,1826,1,bajada,0.018134,0.018100,2.134993,2.118000,0.000820,5.150049,6.5,6.496,6.5
12.868571,1827,1,bajada,0.018101,0.018102,2.136015,2.118000,0.000820,5.145776,6.5,6.497,6.5
12.920896,1828,1,bajada,0.018107,0.018104,2.136891,2.118000,0.000820,5.149286,6.5,6.498,6.5
12.994304,1829,1,bajada,0.018136,0.018107,2.136048,2.118000,0.000819,5.154504,6.5,6.497,6.5
13.046745,1830,1,bajada,0.018135,0.018108,2.135419,2.117967,0.000820,5.149225,6.5,6.497,6.5
13.120884,1831,1,bajada,0.018110,0.018109,2.135985,2.117967,0.000820,5.142969,6.5,6.498,6.5
13.173331,1832,1,bajada,0.018114,0.018112,2.136656,2.117663,0.000819,5.148401,6.5,6.499,6.5
13.257385,1833,1,bajada,0.018112,0.018110,2.136248,2.118390,0.000820,5.148096,6.5,6.499,6.5
13.330558,1834,1,bajada,0.018127,0.018109,2.135822,2.118211,0.000820,5.148096,6.5,6.499,6.5
13.362496,1835,1,bajada,0.018113,0.018111,2.135145,2.118211,0.000820,5.152185,6.5,6.499,6.5
13.426118,1836,1,bajada,0.018121,0.018115,2.136832,2.117362,0.000820,5.144647,6.5,6.5,6.5
13.489558,1837,1,bajada,0.018131,0.018118,2.136879,2.117362,0.000820,5.153741,6.5,6.5,6.5
13.541974,1838,1,bajada,0.018126,0.018121,2.136879,2.118766,0.000820,5.147668,6.5,6.5,6.5
13.573502,1839,1,bajada,0.018131,0.018121,2.136158,2.118393,0.000820,5.147668,6.5,6.5,6.5
13.637460,1840,1,bajada,0.018130,0.018123,2.135249,2.118044,0.000820,5.151117,6.5,6.501,6.5
13.700776,1841,1,bajada,0.018133,0.018122,2.136436,2.117287,0.000820,5.151117,6.5,6.501,6.5
13.743588,1842,1,bajada,0.018129,0.018123,2.136814,2.117287,0.000820,5.151727,6.5,6.501,6.5
13.796334,1843,1,bajada,0.018133,0.018121,2.136814,2.118244,0.000820,5.147485,6.5,6.501,6.5
13.838141,1844,1,bajada,0.018122,0.018118,2.135669,2.118208,0.000820,5.147485,6.5,6.501,6.5
13.869511,1845,1,bajada,0.018134,0.018120,2.135154,2.118208,0.000820,5.151117,6.5,6.501,6.5
13.911703,1846,1,bajada,0.018123,0.018122,2.135154,2.117711,0.000820,5.151788,6.5,6.502,6.5
13.954103,1847,1,bajada,0.018141,0.018123,2.136188,2.116989,0.000820,5.151788,6.5,6.501,6.5
14.006453,1848,1,bajada,0.018123,0.018124,2.136695,2.116989,0.000820,5.145532,6.5,6.502,6.5
14.047861,1849,1,bajada,0.018146,0.018125,2.136695,2.117913,0.000820,5.145471,6.5,6.501,6.5
14.079541,1850,1,bajada,0.018123,0.018125,2.135756,2.118596,0.000820,5.145471,6.5,6.502,6.5
14.121821,1851,1,bajada,0.018149,0.018125,2.135619,2.118596,0.000820,5.146844,6.5,6.501,6.5
14.164014,1852,1,bajada,0.018122,0.018125,2.135619,2.117553,0.000820,5.144403,6.5,6.502,6.5
14.217065,1853,1,bajada,0.018121,0.018125,2.136707,2.117204,0.000820,5.148553,6.5,6.501,6.5
14.290547,1854,1,bajada,0.018152,0.018121,2.136707,2.116843,0.000820,5.154504,6.5,6.502,6.5
14.342610,1855,1,bajada,0.018115,0.018119,2.135652,2.118417,0.000819,5.154504,6.502,6.5,6.5
14.373288,1856,1,bajada,0.018154,0.018121,2.135494,2.118417,0.000819,5.153253,6.5,6.502,6.5
14.420375,1857,1,bajada,0.018118,0.018122,2.135494,2.117228,0.000819,5.146295,6.5,6.502,6.5
14.464725,1858,1,bajada,0.018158,0.018122,2.134421,2.116879,0.000819,5.146295,6.5,6.502,6.5
14.495897,1859,1,bajada,0.018118,0.018123,2.135896,2.116879,0.000819,5.139703,6.5,6.502,6.5
14.536827,1860,1,bajada,0.018159,0.018122,2.135896,2.116605,0.000819,5.149225,6.5,6.502,6.5
14.578072,1861,1,bajada,0.018119,0.018122,2.136161,2.117898,0.000819,5.149225,6.5,6.502,6.5
14.629380,1862,1,bajada,0.018160,0.018123,2.135535,2.117898,0.000820,5.150049,6.5,6.502,6.5
14.660690,1863,1,bajada,0.018119,0.018123,2.135535,2.117994,0.000819,5.145227,6.5,6.502,6.5
14.702659,1864,1,bajada,0.018160,0.018122,2.134886,2.117106,0.000820,5.145227,6.5,6.502,6.5
14.745060,1865,1,bajada,0.018119,0.018122,2.136245,2.117106,0.000819,5.150415,6.502,6.5,6.5
14.805995,1866,1,bajada,0.018116,0.018118,2.136221,2.117532,0.000819,5.151483,6.5,6.502,6.5
14.871014,1867,1,bajada,0.018154,0.018119,2.135491,2.117532,0.000820,5.147424,6.5,6.502,6.5
14.923601,1868,1,bajada,0.018120,0.018122,2.135491,2.118122,0.000819,5.143823,6.5,6.502,6.5
14.954947,1869,1,bajada,0.018155,0.018121,2.134606,2.117082,0.000819,5.143823,6.5,6.502,6.5
14.996799,1870,1,bajada,0.018121,0.018122,2.135753,2.117082,0.000819,5.148798,6.501,6.5,6.5
15.049675,1871,1,bajada,0.018152,0.018121,2.135753,2.116516,0.000820,5.146722,6.5,6.502,6.5
15.091280,1872,1,bajada,0.018122,0.018121,2.136659,2.117460,0.000819,5.146722,6.5,6.501,6.5
15.123518,1873,1,bajada,0.018150,0.018121,2.136155,2.117460,0.000820,5.148798,6.5,6.502,6.5
15.187150,1874,1,bajada,0.018146,0.018122,2.135160,2.117487,0.000820,5.149347,6.5,6.501,6.5
15.250355,1875,1,bajada,0.018123,0.018120,2.135178,2.117487,0.000820,5.149103,6.5,6.501,6.5
15.292678,1876,1,bajada,0.018140,0.018116,2.135178,2.116590,0.000820,5.146905,6.5,6.502,6.5
15.345218,1877,1,bajada,0.018118,0.018115,2.135902,2.116796,0.000819,5.146905,6.5,6.501,6.5
15.387757,1878,1,bajada,0.018136,0.018117,2.136114,2.116796,0.000820,5.150995,6.5,6.501,6.5
15.419735,1879,1,bajada,0.018122,0.018119,2.136114,2.118235,0.000819,5.143579,6.5,6.501,6.5
15.461462,1880,1,bajada,0.018135,0.018119,2.135148,2.117285,0.000820,5.143579,6.5,6.502,6.5
15.503938,1881,1,bajada,0.018124,0.018120,2.135160,2.117285,0.000819,5.150415,6.5,6.501,6.5
15.545325,1882,1,bajada,0.018134,0.018121,2.135160,2.117022,0.000820,5.145898,6.5,6.501,6.5
15.597371,1883,1,bajada,0.018131,0.018121,2.136269,2.116656,0.000820,5.149805,6.5,6.501,6.5
15.670711,1884,1,bajada,0.018127,0.018119,2.136269,2.117964,0.000819,5.148614,6.5,6.501,6.5
15.732776,1885,1,bajada,0.018129,0.018121,2.134892,2.118128,0.000820,5.147729,6.5,6.501,6.5
15.806936,1886,1,bajada,0.018128,0.018116,2.136134,2.116700,0.000820,5.144891,6.5,6.501,6.5
15.880481,1887,1,bajada,0.018120,0.018118,2.136388,2.116700,0.000820,5.148614,6.5,6.501,6.5
15.922860,1888,1,bajada,0.018135,0.018119,2.136388,2.117866,0.000820,5.148981,6.5,6.501,6.5
15.985677,1889,1,bajada,0.018137,0.018119,2.134775,2.118247,0.000819,5.147211,6.5,6.501,6.5
16.058287,1890,1,bajada,0.018140,0.018118,2.135538,2.116608,0.000820,5.147272,6.5,6.501,6.5
16.131052,1891,1,bajada,0.018115,0.018118,2.136298,2.116608,0.000819,5.147333,6.5,6.501,6.5
16.173514,1892,1,bajada,0.018143,0.018117,2.136298,2.117243,0.000819,5.155756,6.5,6.501,6.5
16.215333,1893,1,bajada,0.018112,0.018116,2.135342,2.118506,0.000819,5.155756,6.5,6.501,6.5
16.268283,1894,1,bajada,0.018109,0.018115,2.135381,2.117785,0.000819,5.147089,6.5,6.5,6.5
16.353100,1895,1,bajada,0.018109,0.018113,2.136370,2.117213,0.000820,5.143762,6.5,6.5,6.5
16.427261,1896,1,bajada,0.018151,0.018117,2.136370,2.117329,0.000820,5.145959,6.5,6.5,6.5
16.458884,1897,1,bajada,0.018112,0.018117,2.135893,2.118334,0.000820,5.145959,6.5,6.5,6.5
16.500890,1898,1,bajada,0.018153,0.018117,2.135458,2.118334,0.000820,5.148096,6.5,6.501,6.5
16.553160,1899,1,bajada,0.018113,0.018117,2.135458,2.117395,0.000820,5.144769,6.5,6.5,6.5
16.584385,1900,1,bajada,0.018154,0.018116,2.134650,2.116632,0.000819,5.144769,6.5,6.5,6.5
16.647439,1901,1,bajada,0.018152,0.018114,2.136069,2.116325,0.000820,5.147668,6.5,6.5,6.5
16.710467,1902,1,bajada,0.018112,0.018114,2.136146,2.117869,0.000819,5.147668,6.5,6.501,6.5
16.763230,1903,1,bajada,0.018152,0.018113,2.135151,2.117869,0.000820,5.147974,6.5,6.5,6.5
16.794592,1904,1,bajada,0.018110,0.018112,2.135151,2.118042,0.000819,5.147333,6.5,6.5,6.5
16.846867,1905,1,bajada,0.018146,0.018111,2.134781,2.117189,0.000820,5.147333,6.5,6.5,6.5
16.889281,1906,1,bajada,0.018110,0.018112,2.135950,2.117189,0.000819,5.148340,6.5,6.5,6.5
16.930366,1907,1,bajada,0.018148,0.018114,2.135950,2.116489,0.000820,5.152917,6.5,6.5,6.5
16.972822,1908,1,bajada,0.018114,0.018113,2.136134,2.117386,0.000819,5.152917,6.5,6.5,6.5
17.003850,1909,1,bajada,0.018145,0.018113,2.134948,2.117386,0.000819,5.151300,6.5,6.5,6.5
17.046168,1910,1,bajada,0.018113,0.018113,2.134948,2.117830,0.000819,5.147790,6.5,6.5,6.5
17.087825,1911,1,bajada,0.018141,0.018112,2.134713,2.117392,0.000820,5.147790,6.5,6.5,6.5
17.140011,1912,1,bajada,0.018114,0.018113,2.135100,2.117392,0.000820,5.145654,6.5,6.5,6.5
17.171540,1913,1,bajada,0.018139,0.018112,2.135100,2.116456,0.000820,5.141901,6.5,6.5,6.5
17.213579,1914,1,bajada,0.018115,0.018113,2.135899,2.116671,0.000819,5.141901,6.5,6.5,6.5
17.267020,1915,1,bajada,0.018135,0.018111,2.135845,2.116671,0.000819,5.145532,6.5,6.499,6.5
17.298837,1916,1,bajada,0.018113,0.018109,2.135845,2.117916,0.000819,5.143274,6.5,6.5,6.5
17.351864,1917,1,bajada,0.018127,0.018108,2.134945,2.117544,0.000820,5.143274,6.5,6.5,6.5
17.383603,1918,1,bajada,0.018111,0.018110,2.134960,2.117544,0.000819,5.152246,6.5,6.499,6.5
17.425444,1919,1,bajada,0.018128,0.018112,2.134960,2.116721,0.000819,5.144281,6.5,6.499,6.5
17.478153,1920,1,bajada,0.018117,0.018112,2.136006,2.116694,0.000819,5.144281,6.5,6.499,6.5
17.509615,1921,1,bajada,0.018126,0.018113,2.135926,2.116694,0.000819,5.153314,6.5,6.5,6.5
17.551216,1922,1,bajada,0.018117,0.018112,2.135926,2.117347,0.000819,5.147974,6.5,6.5,6.5
17.593073,1923,1,bajada,0.018121,0.018111,2.134707,2.117487,0.000819,5.147974,6.5,6.5,6.5
17.634701,1924,1,bajada,0.018118,0.018111,2.134787,2.117487,0.000820,5.148675,6.5,6.499,6.5
17.688236,1925,1,bajada,0.018120,0.018112,2.135681,2.116289,0.000819,5.149683,6.5,6.5,6.5
17.762468,1926,1,bajada,0.018115,0.018109,2.135771,2.116289,0.000819,5.147913,6.5,6.5,6.5
17.823433,1927,1,bajada,0.018109,0.018106,2.134951,2.117866,0.000819,5.151788,6.5,6.5,6.5
17.896690,1928,1,bajada,0.018121,0.018108,2.134528,2.117866,0.000820,5.151849,6.5,6.5,6.5
17.928087,1929,1,bajada,0.018109,0.018109,2.134528,2.117052,0.000819,5.148035,6.5,6.5,6.5
17.970358,1930,1,bajada,0.018128,0.018109,2.135187,2.116262,0.000819,5.148035,6.5,6.499,6.5
18.012433,1931,1,bajada,0.018108,0.018110,2.135655,2.116262,0.000819,5.146081,6.5,6.499,6.5
18.063183,1932,1,bajada,0.018132,0.018110,2.135655,2.117231,0.000819,5.148614,6.5,6.5,6.5
18.106082,1933,1,bajada,0.018135,0.018110,2.134835,2.117764,0.000819,5.141016,6.5,6.499,6.5
18.190381,1934,1,bajada,0.018135,0.018106,2.134629,2.116295,0.000819,5.140314,6.5,6.499,6.5
18.263180,1935,1,bajada,0.018102,0.018106,2.135872,2.116295,0.000819,5.153558,6.5,6.499,6.5
18.326212,1936,1,bajada,0.018098,0.018104,2.135297,2.117818,0.000819,5.145898,6.5,6.499,6.5
18.398603,1937,1,bajada,0.018101,0.018105,2.134716,2.116834,0.000819,5.149042,6.5,6.499,6.5
18.483016,1938,1,bajada,0.018104,0.018108,2.135834,2.116599,0.000819,5.147913,6.5,6.499,6.5
18.556876,1939,1,bajada,0.018146,0.018109,2.135834,2.116224,0.000819,5.144464,6.5,6.499,6.5
18.603162,1940,1,bajada,0.018105,0.018108,2.135574,2.117732,0.000819,5.144464,6.5,6.499,6.5
18.638688,1941,1,bajada,0.018147,0.018110,2.135717,2.117732,0.000820,5.143274,6.5,6.499,6.5
18.718559,1942,1,bajada,0.018146,0.018109,2.134883,2.116971,0.000819,5.143152,6.5,6.499,6.5
18.759010,1943,1,bajada,0.018107,0.018108,2.135828,2.116971,0.000819,5.152307,6.5,6.499,6.5
18.811176,1944,1,bajada,0.018141,0.018105,2.135828,2.116319,0.000819,5.152002,6.5,6.499,6.5
18.842748,1945,1,bajada,0.018103,0.018103,2.135973,2.117556,0.000819,5.152002,6.5,6.498,6.5
18.895427,1946,1,bajada,0.018138,0.018106,2.135029,2.117556,0.000819,5.147150,6.5,6.499,6.5
18.937586,1947,1,bajada,0.018106,0.018106,2.135029,2.117717,0.000819,5.148218,6.5,6.499,6.5
18.968581,1948,1,bajada,0.018136,0.018105,2.134206,2.117007,0.000819,5.148218,6.5,6.499,6.5
19.020681,1949,1,bajada,0.018106,0.018105,2.135324,2.117007,0.000819,5.150171,6.5,6.499,6.5
19.052203,1950,1,bajada,0.018134,0.018106,2.135324,2.116280,0.000819,5.141260,6.5,6.499,6.5
19.094577,1951,1,bajada,0.018107,0.018106,2.135723,2.116879,0.000819,5.141260,6.5,6.499,6.5
19.147608,1952,1,bajada,0.018131,0.018106,2.135166,2.116879,0.000819,5.150537,6.5,6.499,6.5
19.188913,1953,1,bajada,0.018107,0.018105,2.135166,2.117553,0.000819,5.146020,6.5,6.499,6.5
19.220470,1954,1,bajada,0.018126,0.018105,2.134340,2.116709,0.000819,5.146020,6.5,6.499,6.5
19.273202,1955,1,bajada,0.018106,0.018103,2.134585,2.116709,0.000819,5.147211,6.5,6.499,6.5
19.304762,1956,1,bajada,0.018119,0.018101,2.134585,2.116155,0.000819,5.148553,6.5,6.499,6.5
19.357576,1957,1,bajada,0.018102,0.018099,2.135443,2.116149,0.000819,5.148553,6.5,6.499,6.5
19.389212,1958,1,bajada,0.018115,0.018101,2.135354,2.116149,0.000819,5.151239,6.5,6.499,6.5
19.441106,1959,1,bajada,0.018106,0.018104,2.135354,2.117594,0.000819,5.143884,6.5,6.499,6.5
19.483753,1960,1,bajada,0.018116,0.018104,2.134609,2.117275,0.000819,5.143884,6.5,6.499,6.5
19.515290,1961,1,bajada,0.018110,0.018106,2.134326,2.117275,0.000819,5.150598,6.5,6.499,6.5
19.568065,1962,1,bajada,0.018115,0.018105,2.134326,2.116575,0.000819,5.142145,6.5,6.499,6.5
19.610409,1963,1,bajada,0.018113,0.018105,2.135464,2.116030,0.000819,5.142145,6.5,6.498,6.5
19.640854,1964,1,bajada,0.018112,0.018106,2.135544,2.116030,0.000818,5.152856,6.5,6.499,6.5
19.681691,1965,1,bajada,0.018115,0.018105,2.135544,2.117198,0.000818,5.146081,6.5,6.499,6.5
19.742868,1966,1,bajada,0.018116,0.018104,2.134093,2.117404,0.000819,5.155939,6.5,6.499,6.5
19.804184,1967,1,bajada,0.018103,0.018100,2.134093,2.116331,0.000818,5.144769,6.5,6.499,6.5
19.844913,1968,1,bajada,0.018115,0.018099,2.134811,2.115973,0.000819,5.144769,6.5,6.499,6.5
19.906825,1969,1,bajada,0.018122,0.018103,2.135354,2.116641,0.000819,5.148675,6.5,6.498,6.5
19.979574,1970,1,bajada,0.018102,0.018103,2.134984,2.117085,0.000819,5.148675,6.5,6.498,6.5
0.082752,1972,1,bajada,0.006842,0.006827,2.128443,2.120834,0.000819,5.149347,3.5,3.498,3.5
0.114255,1973,1,bajada,0.006815,0.006826,2.128243,2.121838,0.000818,5.149347,3.5,3.497,3.5
0.156174,1974,1,bajada,0.006844,0.006826,2.127167,2.121838,0.000818,5.151727,3.5,3.497,3.5
0.207923,1975,1,bajada,0.006845,0.006825,2.127203,2.121025,0.000818,5.145776,3.5,3.497,3.5
0.292424,1976,1,bajada,0.006845,0.006822,2.128934,2.120914,0.000819,5.148553,3.5,3.497,3.5
0.365915,1977,1,bajada,0.006809,0.006822,2.128395,2.122169,0.000818,5.148553,3.5,3.497,3.5
0.407875,1978,1,bajada,0.006850,0.006825,2.127411,2.122169,0.000819,5.149164,3.5,3.497,3.5
0.459956,1979,1,bajada,0.006853,0.006826,2.127542,2.120893,0.000819,5.149927,3.5,3.497,3.5
0.555124,1980,1,bajada,0.006855,0.006826,2.128863,2.120393,0.000818,5.153558,3.5,3.497,3.5
0.638497,1981,1,bajada,0.006855,0.006826,2.127763,2.121969,0.000819,5.150751,3.497,3.5,3.5
0.711585,1982,1,bajada,0.006855,0.006825,2.127233,2.121028,0.000819,5.148614,3.5,3.497,3.5
0.794434,1983,1,bajada,0.006850,0.006822,2.128654,2.120280,0.000819,5.152307,3.497,3.5,3.5
0.868582,1984,1,bajada,0.006852,0.006823,2.128025,2.121937,0.000819,5.151941,3.5,3.497,3.5
0.952264,1985,1,bajada,0.006815,0.006826,2.128025,2.121892,0.000819,5.143457,3.5,3.497,3.5
0.984112,1986,1,bajada,0.006853,0.006826,2.127146,2.120980,0.000819,5.143457,3.5,3.497,3.5
1.036479,1987,1,bajada,0.006816,0.006825,2.128582,2.120980,0.000818,5.152734,3.497,3.5,3.5
1.068340,1988,1,bajada,0.006851,0.006825,2.128582,2.120333,0.000819,5.145349,3.5,3.497,3.5
1.141427,1989,1,bajada,0.006849,0.006824,2.128422,2.121221,0.000819,5.147546,3.5,3.497,3.5
1.194421,1990,1,bajada,0.006817,0.006825,2.128422,2.121743,0.000818,5.144891,3.497,3.5,3.5
1.256610,1991,1,bajada,0.006815,0.006824,2.128547,2.121749,0.000818,5.150110,3.5,3.497,3.5
1.330698,1992,1,bajada,0.006841,0.006820,2.128547,2.120381,0.000819,5.147851,3.5,3.497,3.5
1.362590,1993,1,bajada,0.006816,0.006823,2.129149,2.121662,0.000818,5.147851,3.497,3.5,3.5
1.405366,1994,1,bajada,0.006843,0.006824,2.128538,2.121662,0.000819,5.149805,3.5,3.497,3.5
1.447670,1995,1,bajada,0.006819,0.006825,2.128538,2.122491,0.000819,5.146417,3.497,3.5,3.5
1.500577,1996,1,bajada,0.006841,0.006825,2.127760,2.121618,0.000819,5.146417,3.5,3.497,3.5
1.531464,1997,1,bajada,0.006819,0.006826,2.127894,2.121618,0.000819,5.151666,3.5,3.497,3.5
1.584600,1998,1,bajada,0.006838,0.006824,2.127894,2.120783,0.000819,5.146234,3.5,3.497,3.5
1.637429,1999,1,bajada,0.006835,0.006825,2.128553,2.121066,0.000819,5.146020,3.5,3.497,3.5
1.722123,2000,1,bajada,0.006832,0.006823,2.127879,2.121895,0.000819,5.151117,3.5,3.497,3.5
1.796013,2001,1,bajada,0.006817,0.006821,2.127966,2.121895,0.000819,5.155389,3.5,3.497,3.5
1.827749,2002,1,bajada,0.006827,0.006820,2.127966,2.121746,0.000819,5.149744,3.5,3.497,3.5
1.891161,2003,1,bajada,0.006829,0.006824,2.128886,2.121120,0.000819,5.148920,3.5,3.497,3.5
1.954508,2004,1,bajada,0.006823,0.006825,2.128886,2.121960,0.000818,5.144220,3.5,3.497,3.5
1.996021,2005,1,bajada,0.006826,0.006825,2.127909,2.121990,0.000819,5.144220,3.5,3.497,3.5
2.057151,2006,1,bajada,0.006824,0.006825,2.127477,2.121058,0.000819,5.146905,3.5,3.497,3.5
2.118669,2007,1,bajada,0.006826,0.006824,2.128785,2.121096,0.000818,5.146905,3.5,3.497,3.5
2.169487,2008,1,bajada,0.006822,0.006825,2.129098,2.121096,0.000818,5.151605,3.5,3.497,3.5
2.210412,2009,1,bajada,0.006827,0.006825,2.129098,2.121859,0.000819,5.150354,3.5,3.496,3.5
2.241193,2010,1,bajada,0.006820,0.006824,2.128284,2.122390,0.000819,5.150354,3.5,3.497,3.5
2.292000,2011,1,bajada,0.006826,0.006822,2.128240,2.122390,0.000819,5.155450,3.5,3.497,3.5
2.334342,2012,1,bajada,0.006814,0.006820,2.128240,2.121296,0.000819,5.144983,3.5,3.497,3.5
2.365483,2013,1,bajada,0.006829,0.006821,2.128896,2.121048,0.000819,5.144983,3.5,3.497,3.5
2.407461,2014,1,bajada,0.006816,0.006824,2.129855,2.121048,0.000819,5.150293,3.5,3.497,3.5
2.471435,2015,1,bajada,0.006816,0.006825,2.128433,2.122029,0.000819,5.153253,3.5,3.496,3.5
2.534831,2016,1,bajada,0.006837,0.006825,2.127477,2.122029,0.000818,5.151178,3.5,3.496,3.5
2.587700,2017,1,bajada,0.006814,0.006824,2.127477,2.120959,0.000819,5.143396,3.5,3.497,3.5
2.629035,2018,1,bajada,0.006840,0.006825,2.128189,2.121078,0.000819,5.143396,3.5,3.496,3.5
2.681237,2019,1,bajada,0.006842,0.006825,2.128949,2.121052,0.000819,5.140069,3.5,3.496,3.5
2.745157,2020,1,bajada,0.006811,0.006822,2.128210,2.122044,0.000818,5.140069,3.5,3.497,3.5
2.796991,2021,1,bajada,0.006839,0.006819,2.127712,2.122044,0.000819,5.151422,3.5,3.497,3.5
2.828735,2022,1,bajada,0.006806,0.006818,2.127712,2.121025,0.000818,5.149499,3.5,3.497,3.5
2.871209,2023,1,bajada,0.006842,0.006819,2.127700,2.120804,0.000818,5.149499,3.5,3.496,3.5
2.913351,2024,1,bajada,0.006847,0.006821,2.128964,2.120563,0.000819,5.155054,3.5,3.497,3.5
3.009258,2025,1,bajada,0.006810,0.006823,2.128284,2.121958,0.000819,5.155054,3.5,3.497,3.5
3.041217,2026,1,bajada,0.006850,0.006824,2.127995,2.121958,0.000819,5.151300,3.5,3.497,3.5
3.083126,2027,1,bajada,0.006811,0.006824,2.127995,2.121484,0.000818,5.145837,3.5,3.496,3.5
3.135605,2028,1,bajada,0.006811,0.006823,2.128678,2.121329,0.000818,5.146600,3.5,3.497,3.5
3.220465,2029,1,bajada,0.006811,0.006822,2.128636,2.121901,0.000818,5.150781,3.5,3.497,3.5
3.293823,2030,1,bajada,0.006849,0.006819,2.128177,2.121901,0.000819,5.148492,3.5,3.497,3.5
3.345756,2031,1,bajada,0.006847,0.006818,2.127417,2.120840,0.000818,5.145837,3.5,3.496,3.5
3.429858,2032,1,bajada,0.006849,0.006821,2.128454,2.119397,0.000818,5.151483,3.5,3.496,3.5
3.502659,2033,1,bajada,0.006811,0.006820,2.128332,2.120774,0.000818,5.151483,3.5,3.496,3.5
3.544293,2034,1,bajada,0.006848,0.006820,2.127849,2.120774,0.000818,5.153619,3.5,3.496,3.5
3.628141,2035,1,bajada,0.006846,0.006819,2.126452,2.120187,0.000818,5.146905,3.5,3.497,3.5
3.669943,2036,1,bajada,0.006811,0.006819,2.127665,2.120187,0.000818,5.152002,3.5,3.496,3.5
3.712551,2037,1,bajada,0.006844,0.006819,2.127665,2.119409,0.000818,5.154260,3.5,3.496,3.5
3.754583,2038,1,bajada,0.006812,0.006818,2.128288,2.120864,0.000818,5.154260,3.5,3.496,3.5
3.795725,2039,1,bajada,0.006840,0.006816,2.127805,2.120864,0.000818,5.150171,3.5,3.496,3.5
3.827866,2040,1,bajada,0.006808,0.006815,2.127805,2.121564,0.000818,5.146783,3.5,3.496,3.5
3.891326,2041,1,bajada,0.006812,0.006819,2.127057,2.121132,0.000817,5.155115,3.5,3.496,3.5
4.033709,2042,1,bajada,0.006837,0.006820,2.128624,2.120867,0.000819,5.151849,3.496,3.5,3.5
4.094717,2043,1,bajada,0.006816,0.006821,2.128624,2.121954,0.000818,5.147974,3.5,3.496,3.5
4.126029,2044,1,bajada,0.006836,0.006821,2.128290,2.121832,0.000819,5.147974,3.5,3.496,3.5
4.177609,2045,1,bajada,0.006817,0.006823,2.128362,2.121832,0.000819,5.152490,3.5,3.496,3.5
4.230446,2046,1,bajada,0.006819,0.006824,2.129757,2.121761,0.000819,5.151941,3.5,3.496,3.5
4.293572,2047,1,bajada,0.006830,0.006821,2.129930,2.121761,0.000819,5.151300,3.5,3.496,3.5
4.335717,2048,1,bajada,0.006816,0.006821,2.129930,2.123522,0.000819,5.147913,3.5,3.496,3.5
4.378660,2049,1,bajada,0.006829,0.006823,2.129110,2.123156,0.000819,5.147913,3.5,3.496,3.5
4.431540,2050,1,bajada,0.006831,0.006826,2.129018,2.122291,0.000819,5.150049,3.496,3.5,3.5
4.505014,2051,1,bajada,0.006824,0.006826,2.129694,2.121850,0.000819,5.150049,3.496,3.5,3.5
4.556581,2052,1,bajada,0.006829,0.006826,2.129894,2.121850,0.000820,5.148279,3.5,3.496,3.5
4.587838,2053,1,bajada,0.006825,0.006826,2.129894,2.123471,0.000819,5.150873,3.496,3.5,3.5
4.628999,2054,1,bajada,0.006827,0.006826,2.129712,2.123263,0.000819,5.150873,3.5,3.496,3.5
4.690493,2055,1,bajada,0.006825,0.006826,2.129259,2.122369,0.000820,5.146478,3.5,3.496,3.5
4.764371,2056,1,bajada,0.006828,0.006824,2.130257,2.122014,0.000820,5.146478,3.5,3.496,3.5
4.796497,2057,1,bajada,0.006819,0.006821,2.130102,2.122014,0.000820,5.143274,3.5,3.496,3.5
4.848269,2058,1,bajada,0.006825,0.006822,2.130102,2.123132,0.000820,5.149286,3.5,3.497,3.5
4.890457,2059,1,bajada,0.006818,0.006824,2.129310,2.123340,0.000820,5.149286,3.5,3.496,3.5
4.922129,2060,1,bajada,0.006831,0.006826,2.128550,2.123340,0.000819,5.150049,3.5,3.496,3.5
4.983777,2061,1,bajada,0.006830,0.006820,2.127706,2.119788,0.000818,5.141840,3.496,3.5,3.5
5.047289,2062,1,bajada,0.006812,0.006820,2.128308,2.119788,0.000818,5.144220,3.5,3.496,3.5
5.100339,2063,1,bajada,0.006831,0.006819,2.128308,2.120587,0.000818,5.151300,3.5,3.496,3.5
5.141278,2064,1,bajada,0.006833,0.006819,2.126815,2.121660,0.000818,5.151544,3.5,3.496,3.5
5.214813,2065,1,bajada,0.006808,0.006819,2.126815,2.120423,0.000818,5.145654,3.5,3.496,3.5
5.257809,2066,1,bajada,0.006835,0.006817,2.127334,2.120160,0.000818,5.145654,3.5,3.496,3.5
5.309963,2067,1,bajada,0.006833,0.006814,2.128600,2.121266,0.000819,5.148675,3.5,3.496,3.5
5.383663,2068,1,bajada,0.006805,0.006818,2.128290,2.121606,0.000818,5.148675,3.5,3.496,3.5
5.425840,2069,1,bajada,0.006840,0.006818,2.127355,2.121606,0.000818,5.151605,3.5,3.496,3.5
5.467957,2070,1,bajada,0.006807,0.006819,2.127355,2.121242,0.000818,5.145166,3.5,3.496,3.5
5.520404,2071,1,bajada,0.006806,0.006819,2.128028,2.120554,0.000818,5.143762,3.5,3.496,3.5
5.584209,2072,1,bajada,0.006846,0.006819,2.128028,2.121594,0.000819,5.143823,3.5,3.496,3.5
5.626487,2073,1,bajada,0.006807,0.006819,2.128267,2.122166,0.000818,5.143823,3.5,3.496,3.5
5.668368,2074,1,bajada,0.006847,0.006819,2.127286,2.122166,0.000818,5.150293,3.5,3.496,3.5
5.730819,2075,1,bajada,0.006847,0.006819,2.127444,2.120816,0.000818,5.148553,3.5,3.496,3.5
5.794224,2076,1,bajada,0.006803,0.006815,2.128630,2.120816,0.000818,5.150751,3.5,3.496,3.5
5.847295,2077,1,bajada,0.006844,0.006815,2.128630,2.119928,0.000818,5.148340,3.5,3.496,3.5
5.889828,2078,1,bajada,0.006805,0.006817,2.128079,2.121421,0.000818,5.148340,3.5,3.496,3.5
5.921268,2079,1,bajada,0.006847,0.006817,2.127668,2.121421,0.000818,5.145715,3.5,3.495,3.5
5.963767,2080,1,bajada,0.006807,0.006818,2.127668,2.121788,0.000818,5.147272,3.5,3.496,3.5
6.005048,2081,1,bajada,0.006848,0.006818,2.127486,2.120831,0.000818,5.147272,3.5,3.496,3.5
6.058159,2082,1,bajada,0.006808,0.006818,2.128678,2.120831,0.000818,5.148736,3.5,3.496,3.5
6.100019,2083,1,bajada,0.006848,0.006819,2.128678,2.120613,0.000819,5.148279,3.5,3.496,3.5
6.152675,2084,1,bajada,0.006848,0.006820,2.128767,2.122491,0.000819,5.150781,3.5,3.495,3.5
6.227377,2085,1,bajada,0.006812,0.006821,2.128767,2.122971,0.000819,5.149866,3.5,3.496,3.5
6.269609,2086,1,bajada,0.006848,0.006820,2.128433,2.122396,0.000819,5.149866,3.5,3.496,3.5
6.300623,2087,1,bajada,0.006810,0.006818,2.130028,2.122396,0.000819,5.150110,3.5,3.496,3.5
6.351574,2088,1,bajada,0.006843,0.006818,2.130028,2.121823,0.000819,5.153436,3.5,3.496,3.5
6.391844,2089,1,bajada,0.006813,0.006821,2.130222,2.122866,0.000819,5.153436,3.5,3.495,3.5
6.422664,2090,1,bajada,0.006845,0.006823,2.129349,2.122866,0.000819,5.152002,3.5,3.496,3.5
6.463578,2091,1,bajada,0.006816,0.006822,2.129349,2.123117,0.000819,5.144037,3.5,3.495,3.5
6.505723,2092,1,bajada,0.006843,0.006822,2.128705,2.122363,0.000819,5.144037,3.5,3.496,3.5
6.558354,2093,1,bajada,0.006815,0.006822,2.129104,2.122363,0.000819,5.148401,3.5,3.495,3.5
6.611145,2094,1,bajada,0.006816,0.006823,2.129909,2.122527,0.000820,5.145227,3.5,3.496,3.5
6.675278,2095,1,bajada,0.006839,0.006822,2.129953,2.122527,0.000820,5.145532,3.5,3.496,3.5
6.716747,2096,1,bajada,0.006816,0.006822,2.129953,2.123191,0.000819,5.153680,3.5,3.495,3.5
6.769642,2097,1,bajada,0.006836,0.006819,2.128743,2.122965,0.000820,5.153680,3.5,3.496,3.5
6.822445,2098,1,bajada,0.006829,0.006817,2.129164,2.122306,0.000820,5.153986,3.5,3.495,3.5
6.895469,2099,1,bajada,0.006814,0.006818,2.129661,2.120166,0.000818,5.153986,3.5,3.495,3.5
6.937448,2100,1,bajada,0.006827,0.006817,2.127414,2.120166,0.000818,5.153039,3.5,3.496,3.5
6.968564,2101,1,bajada,0.006813,0.006816,2.127414,2.121257,0.000818,5.146600,3.5,3.495,3.5
7.042603,2102,1,bajada,0.006812,0.006816,2.126610,2.120792,0.000818,5.145166,3.5,3.495,3.5
7.106176,2103,1,bajada,0.006820,0.006815,2.126610,2.120220,0.000818,5.146234,3.5,3.495,3.5
7.137682,2104,1,bajada,0.006812,0.006814,2.127545,2.119752,0.000818,5.146234,3.5,3.495,3.5
7.190176,2105,1,bajada,0.006817,0.006814,2.127885,2.119752,0.000818,5.152063,3.5,3.495,3.5
7.231304,2106,1,bajada,0.006813,0.006814,2.127885,2.121195,0.000818,5.141199,3.5,3.495,3.5
7.262868,2107,1,bajada,0.006814,0.006813,2.127554,2.121394,0.000818,5.141199,3.5,3.495,3.5
7.304238,2108,1,bajada,0.006811,0.006810,2.126574,2.121394,0.000818,5.152856,3.5,3.495,3.5
7.355613,2109,1,bajada,0.006808,0.006809,2.126574,2.119853,0.000818,5.143152,3.5,3.495,3.5
7.395394,2110,1,bajada,0.006813,0.006811,2.127027,2.119508,0.000818,5.143152,3.5,3.495,3.5
7.446052,2111,1,bajada,0.006819,0.006813,2.127855,2.120822,0.000818,5.145837,3.5,3.495,3.5
7.518018,2112,1,bajada,0.006809,0.006814,2.127542,2.121108,0.000818,5.145837,3.5,3.495,3.5
7.549074,2113,1,bajada,0.006821,0.006814,2.127039,2.121108,0.000818,5.150934,3.5,3.495,3.5
7.601295,2114,1,bajada,0.006808,0.006815,2.127039,2.120837,0.000818,5.148035,3.5,3.495,3.5
7.632767,2115,1,bajada,0.006825,0.006815,2.127754,2.119764,0.000818,5.148035,3.5,3.495,3.5
7.674510,2116,1,bajada,0.006807,0.006815,2.128377,2.119764,0.000818,5.142725,3.5,3.495,3.5
7.726797,2117,1,bajada,0.006827,0.006814,2.128377,2.120709,0.000818,5.150049,3.5,3.495,3.5
7.758505,2118,1,bajada,0.006804,0.006814,2.127548,2.121373,0.000818,5.150049,3.5,3.495,3.5
7.832335,2119,1,bajada,0.006799,0.006809,2.127069,2.120488,0.000818,5.145349,3.5,3.495,3.5
7.883817,2120,1,bajada,0.006828,0.006810,2.127197,2.119755,0.000818,5.145349,3.5,3.495,3.5
7.935277,2121,1,bajada,0.006801,0.006812,2.128311,2.119755,0.000818,5.153375,3.5,3.495,3.5
7.985896,2122,1,bajada,0.006834,0.006813,2.128311,2.120584,0.000818,5.153009,3.495,3.5,3.5
8.026591,2123,1,bajada,0.006801,0.006813,2.127605,2.121284,0.000818,5.153009,3.5,3.495,3.5
8.056783,2124,1,bajada,0.006836,0.006814,2.127444,2.121284,0.000818,5.145471,3.495,3.5,3.5
8.109618,2125,1,bajada,0.006802,0.006815,2.127444,2.120908,0.000819,5.149499,3.5,3.495,3.5
8.140707,2126,1,bajada,0.006840,0.006814,2.127563,2.120521,0.000819,5.149499,3.495,3.5,3.5
8.181679,2127,1,bajada,0.006802,0.006813,2.128726,2.120521,0.000818,5.151178,3.5,3.495,3.5
8.242837,2128,1,bajada,0.006801,0.006814,2.128058,2.121758,0.000818,5.147211,3.5,3.495,3.5
8.323622,2129,1,bajada,0.006797,0.006809,2.127703,2.121144,0.000818,5.149347,3.5,3.494,3.5
8.395232,2130,1,bajada,0.006839,0.006810,2.126601,2.120712,0.000819,5.149347,3.5,3.495,3.5
8.446665,2131,1,bajada,0.006842,0.006812,2.127921,2.119689,0.000818,5.148340,3.5,3.495,3.5
8.521101,2132,1,bajada,0.006801,0.006812,2.127897,2.121609,0.000818,5.148340,3.5,3.495,3.5
8.562430,2133,1,bajada,0.006842,0.006813,2.127694,2.121609,0.000819,5.146722,3.5,3.494,3.5
8.604693,2134,1,bajada,0.006802,0.006812,2.127694,2.120831,0.000818,5.145837,3.5,3.495,3.5
8.656842,2135,1,bajada,0.006802,0.006812,2.127635,2.120545,0.000818,5.151361,3.5,3.494,3.5
8.751518,2136,1,bajada,0.006802,0.006812,2.127906,2.121177,0.000818,5.151117,3.5,3.495,3.5
8.813895,2137,1,bajada,0.006835,0.006808,2.127307,2.121177,0.000818,5.150171,3.5,3.494,3.5
8.845929,2138,1,bajada,0.006800,0.006807,2.127307,2.121364,0.000818,5.152307,3.5,3.495,3.5
8.887323,2139,1,bajada,0.006834,0.006809,2.126675,2.120527,0.000818,5.152307,3.5,3.494,3.5
8.949631,2140,1,bajada,0.006835,0.006812,2.127686,2.120068,0.000819,5.146539,3.5,3.494,3.5
9.023072,2141,1,bajada,0.006805,0.006811,2.128261,2.120795,0.000818,5.146539,3.5,3.494,3.5
9.063526,2142,1,bajada,0.006833,0.006812,2.127730,2.120795,0.000818,5.147974,3.5,3.494,3.5
9.104754,2143,1,bajada,0.006829,0.006811,2.126681,2.119928,0.000818,5.149927,3.5,3.494,3.5
9.188778,2144,1,bajada,0.006804,0.006810,2.127212,2.119928,0.000818,5.150232,3.5,3.494,3.5
9.230898,2145,1,bajada,0.006827,0.006811,2.127212,2.119752,0.000818,5.146905,3.5,3.494,3.5
9.273116,2146,1,bajada,0.006804,0.006808,2.128055,2.120241,0.000818,5.146905,3.5,3.494,3.5
9.314716,2147,1,bajada,0.006821,0.006807,2.127635,2.120241,0.000818,5.142908,3.5,3.494,3.5
9.355976,2148,1,bajada,0.006801,0.006807,2.127635,2.121564,0.000818,5.152856,3.5,3.494,3.5
9.397774,2149,1,bajada,0.006820,0.006809,2.127447,2.121072,0.000818,5.152856,3.5,3.494,3.5
9.439553,2150,1,bajada,0.006806,0.006811,2.127244,2.121072,0.000818,5.149042,3.5,3.494,3.5
9.481887,2151,1,bajada,0.006820,0.006811,2.127244,2.120250,0.000819,5.146142,3.5,3.494,3.5
9.533599,2152,1,bajada,0.006819,0.006812,2.128675,2.120372,0.000819,5.147729,3.5,3.494,3.5
9.607916,2153,1,bajada,0.006810,0.006813,2.128675,2.121874,0.000818,5.149530,3.5,3.494,3.5
9.649942,2154,1,bajada,0.006817,0.006813,2.127894,2.121701,0.000818,5.149530,3.5,3.494,3.5
9.702976,2155,1,bajada,0.006814,0.006812,2.127295,2.120530,0.000818,5.149530,3.5,3.494,3.5
9.807647,2156,1,bajada,0.006809,0.006808,2.128627,2.121013,0.000818,5.154260,3.5,3.494,3.5
9.849380,2157,1,bajada,0.006809,0.006807,2.128627,2.121668,0.000818,5.148401,3.5,3.494,3.5
9.900391,2158,1,bajada,0.006807,0.006809,2.127799,2.122032,0.000818,5.148401,3.5,3.494,3.5
9.953235,2159,1,bajada,0.006808,0.006811,2.127045,2.121376,0.000818,5.150110,3.5,3.494,3.5
10.038044,2160,1,bajada,0.006806,0.006812,2.128582,2.120357,0.000818,5.154199,3.5,3.494,3.5
10.111363,2161,1,bajada,0.006821,0.006812,2.128582,2.121531,0.000819,5.145410,3.5,3.494,3.5
10.143020,2162,1,bajada,0.006804,0.006812,2.128037,2.121948,0.000818,5.145410,3.5,3.494,3.5
10.184669,2163,1,bajada,0.006823,0.006812,2.127602,2.121948,0.000818,5.150934,3.5,3.494,3.5
10.236107,2164,1,bajada,0.006803,0.006812,2.127602,2.121332,0.000819,5.143762,3.5,3.494,3.5
10.288408,2165,1,bajada,0.006798,0.006810,2.128743,2.120798,0.000818,5.153131,3.5,3.494,3.5
10.362389,2166,1,bajada,0.006823,0.006807,2.128743,2.120992,0.000819,5.154565,3.5,3.494,3.5
10.394467,2167,1,bajada,0.006798,0.006809,2.127727,2.121958,0.000819,5.154565,3.5,3.494,3.5
10.447301,2168,1,bajada,0.006829,0.006811,2.127617,2.121958,0.000819,5.152002,3.5,3.494,3.5
10.478560,2169,1,bajada,0.006799,0.006811,2.127617,2.121531,0.000819,5.149866,3.5,3.494,3.5
10.520388,2170,1,bajada,0.006834,0.006811,2.127969,2.121299,0.000819,5.149866,3.5,3.494,3.5
10.562666,2171,1,bajada,0.006799,0.006812,2.128726,2.121299,0.000819,5.150598,3.5,3.494,3.5
10.604442,2172,1,bajada,0.006836,0.006812,2.128726,2.121075,0.000819,5.148218,3.5,3.494,3.5
10.646871,2173,1,bajada,0.006799,0.006812,2.128177,2.121943,0.000818,5.148218,3.494,3.5,3.5
10.710744,2174,1,bajada,0.006799,0.006811,2.127876,2.121451,0.000819,5.145532,3.5,3.494,3.5
10.775318,2175,1,bajada,0.006839,0.006810,2.128234,2.121260,0.000819,5.145532,3.5,3.494,3.5
10.817222,2176,1,bajada,0.006796,0.006808,2.129024,2.121260,0.000819,5.156000,3.494,3.5,3.5
10.881012,2177,1,bajada,0.006797,0.006809,2.128398,2.121779,0.000818,5.146539,3.5,3.493,3.5
10.944999,2178,1,bajada,0.006839,0.006810,2.127575,2.121779,0.000819,5.151849,3.5,3.494,3.5
10.986883,2179,1,bajada,0.006798,0.006809,2.127575,2.120733,0.000818,5.143823,3.5,3.493,3.5
11.028641,2180,1,bajada,0.006839,0.006809,2.126842,2.120464,0.000819,5.143823,3.5,3.494,3.5
11.070848,2181,1,bajada,0.006798,0.006809,2.128246,2.120464,0.000819,5.148157,3.5,3.493,3.5
11.112640,2182,1,bajada,0.006839,0.006811,2.128246,2.121132,0.000819,5.148492,3.5,3.494,3.5
11.164699,2183,1,bajada,0.006838,0.006810,2.129930,2.121612,0.000819,5.151117,3.5,3.493,3.5
11.248604,2184,1,bajada,0.006837,0.006812,2.127194,2.121180,0.000819,5.148218,3.5,3.493,3.5
11.332380,2185,1,bajada,0.006831,0.006806,2.129062,2.120980,0.000819,5.140131,3.5,3.494,3.5
11.406462,2186,1,bajada,0.006802,0.006810,2.129435,2.122533,0.000819,5.140131,3.5,3.493,3.5
11.448365,2187,1,bajada,0.006834,0.006811,2.129015,2.122533,0.000819,5.151056,3.493,3.5,3.5
11.489996,2188,1,bajada,0.006805,0.006812,2.129015,2.122196,0.000818,5.153680,3.5,3.493,3.5
11.552989,2189,1,bajada,0.006803,0.006810,2.127516,2.121004,0.000818,5.150415,3.5,3.493,3.5
11.615720,2190,1,bajada,0.006827,0.006809,2.127516,2.119803,0.000819,5.146417,3.493,3.5,3.5
11.656907,2191,1,bajada,0.006805,0.006811,2.130257,2.124109,0.000819,5.146417,3.5,3.493,3.5
11.699003,2192,1,bajada,0.006828,0.006811,2.128428,2.124109,0.000819,5.153314,3.5,3.493,3.5
11.762100,2193,1,bajada,0.006822,0.006810,2.128532,2.122169,0.000819,5.152307,3.5,3.493,3.5
11.824585,2194,1,bajada,0.006801,0.006806,2.128439,2.122169,0.000819,5.146539,3.5,3.493,3.5
11.877502,2195,1,bajada,0.006804,0.006807,2.129563,2.121141,0.000819,5.146356,3.5,3.493,3.5
11.950779,2196,1,bajada,0.006818,0.006810,2.128878,2.121141,0.000819,5.148675,3.5,3.493,3.5
11.982377,2197,1,bajada,0.006807,0.006810,2.128878,2.122393,0.000819,5.146661,3.5,3.493,3.5
12.033798,2198,1,bajada,0.006816,0.006810,2.128016,2.122107,0.000819,5.146661,3.5,3.493,3.5
12.064667,2199,1,bajada,0.006807,0.006810,2.128469,2.122107,0.000819,5.148340,3.5,3.493,3.5
12.125642,2200,1,bajada,0.006814,0.006811,2.128469,2.121192,0.000819,5.146295,3.5,3.493,3.5
12.177344,2201,1,bajada,0.006811,0.006812,2.129796,2.121412,0.000820,5.153497,3.5,3.493,3.5
12.251228,2202,1,bajada,0.006808,0.006811,2.129214,2.122634,0.000819,5.144464,3.5,3.493,3.5
12.325272,2203,1,bajada,0.006809,0.006807,2.128395,2.122634,0.000819,5.146539,3.5,3.493,3.5
12.366751,2204,1,bajada,0.006803,0.006807,2.128395,2.121725,0.000819,5.144342,3.5,3.493,3.5
12.407665,2205,1,bajada,0.006814,0.006809,2.129518,2.120956,0.000819,5.144342,3.5,3.493,3.5
12.448576,2206,1,bajada,0.006805,0.006810,2.128949,2.120956,0.000819,5.147333,3.5,3.492,3.5
12.489422,2207,1,bajada,0.006818,0.006810,2.128949,2.121791,0.000819,5.149530,3.5,3.492,3.5
12.541491,2208,1,bajada,0.006804,0.006810,2.129354,2.121755,0.000819,5.149530,3.5,3.493,3.5
12.572523,2209,1,bajada,0.006820,0.006809,2.127104,2.121755,0.000818,5.153680,3.5,3.493,3.5
12.613719,2210,1,bajada,0.006800,0.006808,2.127104,2.121260,0.000818,5.148492,3.5,3.493,3.5
12.664608,2211,1,bajada,0.006822,0.006807,2.127986,2.120056,0.000818,5.148492,3.5,3.492,3.5
12.715350,2212,1,bajada,0.006825,0.006807,2.129190,2.121570,0.000818,5.149988,3.5,3.493,3.5
12.786406,2213,1,bajada,0.006796,0.006805,2.128159,2.122157,0.000819,5.149988,3.5,3.493,3.5
12.837962,2214,1,bajada,0.006791,0.006803,2.128022,2.121356,0.000818,5.146844,3.5,3.492,3.5
12.911248,2215,1,bajada,0.006827,0.006805,2.127951,2.120691,0.000819,5.146844,3.5,3.492,3.5
12.962782,2216,1,bajada,0.006831,0.006807,2.128356,2.120679,0.000819,5.147211,3.5,3.492,3.5
13.035904,2217,1,bajada,0.006805,0.006816,2.139344,2.122181,0.000818,5.147211,3.5,3.493,3.5
13.077859,2218,1,bajada,0.006838,0.006811,2.128022,2.122181,0.000819,5.159082,3.5,3.492,3.5
13.130084,2219,1,bajada,0.006837,0.006808,2.128767,2.122482,0.000819,5.143823,3.5,3.492,3.5
13.213092,2220,1,bajada,0.006838,0.006810,2.129223,2.121197,0.000820,5.149103,3.5,3.492,3.5
13.287975,2221,1,bajada,0.006796,0.006805,2.128451,2.121683,0.000819,5.149103,3.5,3.492,3.5
13.328928,2222,1,bajada,0.006832,0.006803,2.127557,2.121683,0.000818,5.146417,3.5,3.492,3.5
13.391632,2223,1,bajada,0.006832,0.006802,2.126556,2.120184,0.000818,5.148096,3.5,3.492,3.5
13.454319,2224,1,bajada,0.006793,0.006805,2.127846,2.120184,0.000818,5.151483,3.5,3.492,3.5
13.495871,2225,1,bajada,0.006833,0.006804,2.127846,2.119779,0.000819,5.146600,3.5,3.492,3.5
13.538236,2226,1,bajada,0.006795,0.006804,2.128356,2.121442,0.000818,5.146600,3.5,3.492,3.5
13.579790,2227,1,bajada,0.006832,0.006805,2.127900,2.121442,0.000819,5.153619,3.5,3.492,3.5
13.631991,2228,1,bajada,0.006831,0.006806,2.126955,2.120750,0.000819,5.147333,3.5,3.492,3.5
13.706020,2229,1,bajada,0.006796,0.006804,2.128097,2.120750,0.000818,5.154809,3.5,3.492,3.5
13.748054,2230,1,bajada,0.006828,0.006803,2.128097,2.120360,0.000818,5.139307,3.5,3.492,3.5
13.790337,2231,1,bajada,0.006796,0.006801,2.128562,2.121656,0.000819,5.139307,3.5,3.492,3.5
13.842257,2232,1,bajada,0.006794,0.006800,2.128052,2.121898,0.000818,5.146966,3.5,3.492,3.5
13.947124,2233,1,bajada,0.006798,0.006805,2.127858,2.121025,0.000819,5.149286,3.5,3.492,3.5
14.000271,2234,1,bajada,0.006822,0.006806,2.127858,2.120727,0.000819,5.143640,3.5,3.492,3.5
14.031592,2235,1,bajada,0.006800,0.006805,2.128547,2.120879,0.000818,5.143640,3.5,3.492,3.5
14.073323,2236,1,bajada,0.006820,0.006805,2.128443,2.120879,0.000819,5.145349,3.5,3.492,3.5
14.115834,2237,1,bajada,0.006800,0.006805,2.128443,2.122193,0.000819,5.144098,3.492,3.5,3.5
14.157513,2238,1,bajada,0.006816,0.006805,2.127823,2.121841,0.000819,5.144098,3.5,3.492,3.5
14.210251,2239,1,bajada,0.006800,0.006805,2.128064,2.121841,0.000818,5.152612,3.5,3.492,3.5
14.242354,2240,1,bajada,0.006813,0.006804,2.128064,2.120727,0.000818,5.143701,3.5,3.491,3.5
14.305261,2241,1,bajada,0.006806,0.006800,2.128827,2.120700,0.000819,5.145471,3.5,3.492,3.5
14.368444,2242,1,bajada,0.006796,0.006798,2.128827,2.121415,0.000818,5.142633,3.492,3.5,3.5
14.421045,2243,1,bajada,0.006805,0.006802,2.127736,2.121525,0.000818,5.142633,3.5,3.492,3.5
14.453139,2244,1,bajada,0.006801,0.006804,2.127080,2.121525,0.000818,5.150415,3.5,3.492,3.5
14.494891,2245,1,bajada,0.006805,0.006804,2.127080,2.120989,0.000818,5.139825,3.5,3.492,3.5
14.548028,2246,1,bajada,0.006805,0.006804,2.127900,2.120140,0.000818,5.139825,3.5,3.492,3.5
14.578923,2247,1,bajada,0.006803,0.006803,2.128100,2.120140,0.000818,5.155054,3.5,3.492,3.5
14.631913,2248,1,bajada,0.006806,0.006803,2.128100,2.121048,0.000818,5.149805,3.5,3.491,3.5
14.662951,2249,1,bajada,0.006798,0.006802,2.126920,2.121323,0.000818,5.149805,3.5,3.492,3.5
14.715282,2250,1,bajada,0.006806,0.006802,2.127313,2.121323,0.000818,5.153131,3.5,3.492,3.5
14.757812,2251,1,bajada,0.006797,0.006802,2.127313,2.120667,0.000818,5.148096,3.492,3.5,3.5
14.793880,2252,1,bajada,0.006809,0.006800,2.128603,2.120366,0.000818,5.148096,3.5,3.492,3.5
14.831761,2253,1,bajada,0.006791,0.006798,2.128943,2.120366,0.000818,5.147668,3.5,3.492,3.5
14.883886,2254,1,bajada,0.006808,0.006798,2.128943,2.121358,0.000818,5.144464,3.5,3.492,3.5
14.916070,2255,1,bajada,0.006790,0.006799,2.127727,2.121931,0.000818,5.144464,3.491,3.5,3.5
14.958770,2256,1,bajada,0.006814,0.006801,2.126753,2.121931,0.000818,5.147607,3.5,3.492,3.5
15.011784,2257,1,bajada,0.006819,0.006801,2.127489,2.120244,0.000818,5.143884,3.5,3.492,3.5
15.085307,2258,1,bajada,0.006791,0.006803,2.128705,2.120244,0.000819,5.151605,3.5,3.491,3.5
15.126839,2259,1,bajada,0.006824,0.006803,2.128705,2.121054,0.000819,5.143976,3.5,3.492,3.5
15.183884,2260,1,bajada,0.006829,0.006804,2.128311,2.122032,0.000820,5.151117,3.5,3.491,3.5
15.252959,2261,1,bajada,0.006827,0.006801,2.128323,2.121326,0.000819,5.147790,3.5,3.491,3.5
15.337384,2262,1,bajada,0.006825,0.006798,2.129286,2.121388,0.000819,5.149408,3.5,3.491,3.5
15.432904,2263,1,bajada,0.006831,0.006802,2.127837,2.122562,0.000819,5.147974,3.5,3.491,3.5
15.495920,2264,1,bajada,0.006791,0.006803,2.127837,2.121594,0.000819,5.151361,3.5,3.491,3.5
15.538367,2265,1,bajada,0.006832,0.006803,2.127531,2.121105,0.000819,5.151361,3.5,3.491,3.5
15.601067,2266,1,bajada,0.006833,0.006803,2.129319,2.121093,0.000819,5.146478,3.5,3.491,3.5
15.674185,2267,1,bajada,0.006792,0.006803,2.128535,2.122184,0.000818,5.146478,3.5,3.491,3.5
15.705733,2268,1,bajada,0.006832,0.006803,2.127662,2.122184,0.000818,5.150293,3.5,3.491,3.5
15.747901,2269,1,bajada,0.006792,0.006801,2.127662,2.121376,0.000819,5.150934,3.5,3.491,3.5
15.790337,2270,1,bajada,0.006829,0.006800,2.127304,2.121260,0.000819,5.150934,3.5,3.491,3.5
15.843350,2271,1,bajada,0.006788,0.006798,2.128529,2.121260,0.000818,5.151788,3.5,3.491,3.5
15.875129,2272,1,bajada,0.006823,0.006797,2.128529,2.120026,0.000819,5.150934,3.5,3.491,3.5
15.928282,2273,1,bajada,0.006790,0.006800,2.128481,2.121364,0.000818,5.150934,3.5,3.491,3.5
15.981397,2274,1,bajada,0.006793,0.006800,2.127748,2.121805,0.000818,5.146661,3.5,3.491,3.5
16.055885,2275,1,bajada,0.006823,0.006801,2.127003,2.120724,0.000818,5.146661,3.5,3.491,3.5
16.087498,2276,1,bajada,0.006793,0.006800,2.127885,2.120724,0.000818,5.147424,3.5,3.491,3.5
16.140375,2277,1,bajada,0.006794,0.006801,2.128544,2.120634,0.000818,5.142450,3.5,3.491,3.5
16.234083,2278,1,bajada,0.006794,0.006800,2.127763,2.121755,0.000819,5.145593,3.5,3.49,3.5
16.317659,2279,1,bajada,0.006791,0.006798,2.127972,2.121278,0.000818,5.147150,3.5,3.491,3.5
16.380800,2280,1,bajada,0.006808,0.006796,2.127972,2.120378,0.000819,5.147027,3.5,3.491,3.5
16.433640,2281,1,bajada,0.006810,0.006799,2.128457,2.121022,0.000818,5.147668,3.5,3.491,3.5
16.506946,2282,1,bajada,0.006796,0.006801,2.128457,2.121999,0.000818,5.147790,3.5,3.491,3.5
16.548132,2283,1,bajada,0.006807,0.006800,2.127843,2.121770,0.000818,5.147790,3.5,3.491,3.5
16.589224,2284,1,bajada,0.006797,0.006801,2.127542,2.121770,0.000818,5.150659,3.5,3.491,3.5
16.640288,2285,1,bajada,0.006805,0.006801,2.127542,2.120819,0.000818,5.145898,3.5,3.491,3.5
16.690758,2286,1,bajada,0.006801,0.006800,2.128255,2.120062,0.000818,5.158075,3.5,3.49,3.5
16.754185,2287,1,bajada,0.006799,0.006799,2.128255,2.121463,0.000818,5.148920,3.5,3.49,3.5
16.817443,2288,1,bajada,0.006796,0.006796,2.127063,2.121758,0.000819,5.152368,3.5,3.49,3.5
16.892457,2289,1,bajada,0.006791,0.006794,2.127063,2.120530,0.000818,5.144037,3.5,3.49,3.5
16.935076,2290,1,bajada,0.006792,0.006797,2.129220,2.119880,0.000819,5.149164,3.5,3.49,3.5
17.008343,2291,1,bajada,0.006805,0.006799,2.129220,2.121230,0.000818,5.145410,3.5,3.49,3.5
17.061009,2292,1,bajada,0.006808,0.006798,2.127233,2.122095,0.000819,5.156518,3.5,3.49,3.5
17.144996,2293,1,bajada,0.006811,0.006799,2.127778,2.120023,0.000819,5.150354,3.5,3.49,3.5
17.218874,2294,1,bajada,0.006788,0.006799,2.128341,2.120023,0.000819,5.153253,3.5,3.491,3.5
17.260355,2295,1,bajada,0.006813,0.006797,2.128341,2.120965,0.000818,5.147546,3.5,3.49,3.5
17.301966,2296,1,bajada,0.006784,0.006794,2.127605,2.121621,0.000818,5.147546,3.5,3.49,3.5
17.364621,2297,1,bajada,0.006780,0.006792,2.127256,2.119991,0.000818,5.152307,3.5,3.49,3.5
17.427134,2298,1,bajada,0.006816,0.006795,2.127104,2.120491,0.000818,5.152307,3.49,3.5,3.5
17.490095,2299,1,bajada,0.006820,0.006796,2.128150,2.120527,0.000819,5.145532,3.5,3.49,3.5
17.563170,2300,1,bajada,0.006824,0.006798,2.128145,2.121856,0.000819,5.152917,3.5,3.49,3.5
17.636773,2301,1,bajada,0.006786,0.006798,2.128145,2.121511,0.000819,5.150110,3.5,3.49,3.5
17.688987,2302,1,bajada,0.006786,0.006798,2.129480,2.121314,0.000819,5.153741,3.5,3.49,3.5
17.773377,2303,1,bajada,0.006785,0.006799,2.128332,2.121874,0.000819,5.151666,3.5,3.49,3.5
17.847742,2304,1,bajada,0.006824,0.006795,2.127537,2.121874,0.000818,5.147211,3.5,3.49,3.5
17.878596,2305,1,bajada,0.006782,0.006793,2.127537,2.121144,0.000818,5.146966,3.5,3.49,3.5
17.939840,2306,1,bajada,0.006786,0.006795,2.128568,2.120694,0.000818,5.143518,3.5,3.49,3.5
18.011550,2307,1,bajada,0.006826,0.006798,2.128568,2.120601,0.000819,5.152185,3.5,3.49,3.5
18.093082,2308,1,bajada,0.006825,0.006797,2.128133,2.121603,0.000819,5.147333,3.5,3.49,3.5
18.134120,2309,1,bajada,0.006788,0.006798,2.128133,2.121814,0.000819,5.144403,3.5,3.49,3.5
18.187105,2310,1,bajada,0.006823,0.006798,2.127256,2.121138,0.000818,5.144403,3.5,3.49,3.5
18.218296,2311,1,bajada,0.006789,0.006798,2.128273,2.121138,0.000819,5.151941,3.5,3.489,3.5
18.270471,2312,1,bajada,0.006821,0.006797,2.128273,2.119940,0.000819,5.140954,3.5,3.489,3.5
18.311854,2313,1,bajada,0.006788,0.006794,2.128761,2.121466,0.000819,5.140954,3.49,3.5,3.5
18.343467,2314,1,bajada,0.006814,0.006793,2.128407,2.121466,0.000819,5.146905,3.5,3.49,3.5
18.386001,2315,1,bajada,0.006786,0.006794,2.128407,2.122178,0.000819,5.149988,3.5,3.49,3.5
18.427798,2316,1,bajada,0.006815,0.006797,2.128109,2.121805,0.000819,5.149988,3.5,3.49,3.5
18.481092,2317,1,bajada,0.006791,0.006798,2.127784,2.121805,0.000818,5.152673,3.5,3.49,3.5
18.511945,2318,1,bajada,0.006813,0.006797,2.127784,2.120473,0.000819,5.148553,3.5,3.489,3.5
18.554346,2319,1,bajada,0.006791,0.006797,2.128785,2.120366,0.000818,5.148553,3.5,3.49,3.5
18.597343,2320,1,bajada,0.006810,0.006797,2.128025,2.120366,0.000818,5.148736,3.5,3.489,3.5
18.650076,2321,1,bajada,0.006806,0.006796,2.127286,2.121329,0.000818,5.147851,3.5,3.49,3.5
18.723672,2322,1,bajada,0.006791,0.006796,2.127766,2.121329,0.000818,5.147333,3.5,3.49,3.5
18.765106,2323,1,bajada,0.006804,0.006796,2.127766,2.120482,0.000819,5.152551,3.5,3.489,3.5
18.807342,2324,1,bajada,0.006791,0.006793,2.128669,2.120542,0.000818,5.152551,3.5,3.49,3.5
18.849790,2325,1,bajada,0.006797,0.006793,2.128788,2.120542,0.000819,5.144159,3.5,3.489,3.5
18.891805,2326,1,bajada,0.006790,0.006793,2.128788,2.121740,0.000819,5.145349,3.5,3.49,3.5
18.923881,2327,1,bajada,0.006797,0.006795,2.127662,2.121075,0.000818,5.145349,3.5,3.489,3.5
18.977139,2328,1,bajada,0.006794,0.006796,2.126848,2.121075,0.000818,5.156457,3.5,3.489,3.5
19.020400,2329,1,bajada,0.006796,0.006796,2.126848,2.120131,0.000818,5.148798,3.5,3.489,3.5
19.062016,2330,1,bajada,0.006797,0.006796,2.128258,2.119928,0.000818,5.148798,3.5,3.49,3.5
19.093350,2331,1,bajada,0.006794,0.006796,2.128389,2.119928,0.000818,5.152307,3.5,3.489,3.5
19.135422,2332,1,bajada,0.006799,0.006796,2.128389,2.121209,0.000818,5.149927,3.5,3.49,3.5
19.176874,2333,1,bajada,0.006790,0.006794,2.127799,2.121916,0.000818,5.149927,3.5,3.489,3.5
19.218632,2334,1,bajada,0.006800,0.006796,2.126252,2.121916,0.000818,5.145593,3.5,3.489,3.5
19.260163,2335,1,bajada,0.006788,0.006794,2.126252,2.120634,0.000818,5.146234,3.5,3.489,3.5
19.303016,2336,1,bajada,0.006801,0.006792,2.126923,2.119943,0.000818,5.146234,3.5,3.489,3.5
19.345093,2337,1,bajada,0.006782,0.006789,2.128341,2.119943,0.000818,5.152673,3.5,3.489,3.5
19.397636,2338,1,bajada,0.006800,0.006790,2.128341,2.120828,0.000819,5.148798,3.5,3.489,3.5
19.439299,2339,1,bajada,0.006811,0.006797,2.129134,2.124023,0.000820,5.149683,3.5,3.49,3.5
19.513350,2340,1,bajada,0.006788,0.006800,2.129134,2.123156,0.000820,5.149988,3.5,3.489,3.5
19.565243,2341,1,bajada,0.006819,0.006800,2.129432,2.121874,0.000820,5.149988,3.5,3.489,3.5
19.597260,2342,1,bajada,0.006788,0.006801,2.130100,2.121874,0.000820,5.151300,3.5,3.489,3.5
19.638891,2343,1,bajada,0.006821,0.006801,2.130100,2.122711,0.000820,5.144708,3.5,3.489,3.5
19.691936,2344,1,bajada,0.006787,0.006799,2.128994,2.122497,0.000819,5.144708,3.5,3.489,3.5
19.723447,2345,1,bajada,0.006821,0.006798,2.127861,2.122497,0.000819,5.148920,3.5,3.489,3.5
19.765707,2346,1,bajada,0.006784,0.006797,2.127861,2.121212,0.000819,5.143884,3.5,3.489,3.5
19.818440,2347,1,bajada,0.006820,0.006794,2.128076,2.121537,0.000819,5.143884,3.5,3.489,3.5
19.860491,2348,1,bajada,0.006779,0.006792,2.129417,2.121537,0.000819,5.151605,3.5,3.489,3.5
19.902375,2349,1,bajada,0.006782,0.006793,2.129065,2.122113,0.000819,5.146295,3.5,3.489,3.5
19.975725,2350,1,bajada,0.006824,0.006796,2.128261,2.122113,0.000819,5.148920,3.5,3.489,3.5
20.018375,2351,1,bajada,-0.006339,-0.006359,2.118855,2.125984,0.000817,5.145837,0.0,0.002,0.0
0.080269,2352,1,bajada,-0.006380,-0.006360,2.119964,2.125984,0.000817,5.148492,0.0,0.002,0.0
0.110857,2353,1,bajada,-0.006338,-0.006359,2.119964,2.124875,0.000818,5.142084,0.0,0.002,0.0
0.151848,2354,1,bajada,-0.006375,-0.006358,2.120312,2.126923,0.000817,5.142084,0.0,0.002,0.0
0.202059,2355,1,bajada,-0.006338,-0.006357,2.119669,2.126923,0.000818,5.147485,0.0,0.001,0.0
0.254472,2356,1,bajada,-0.006338,-0.006356,2.118634,2.126005,0.000818,5.150049,0.0,0.002,0.0
0.328645,2357,1,bajada,-0.006373,-0.006356,2.119997,2.126005,0.000817,5.150751,0.0,0.002,0.0
0.360222,2358,1,bajada,-0.006340,-0.006356,2.119997,2.124929,0.000817,5.154108,0.0,0.002,0.0
0.413421,2359,1,bajada,-0.006372,-0.006355,2.120291,2.126350,0.000817,5.154108,0.0,0.002,0.0
0.444607,2360,1,bajada,-0.006341,-0.006356,2.120041,2.126350,0.000818,5.152185,0.0,0.002,0.0
0.486655,2361,1,bajada,-0.006373,-0.006358,2.120041,2.126931,0.000817,5.141626,0.0,0.002,0.0
0.528049,2362,1,bajada,-0.006348,-0.006361,2.119335,2.126547,0.000818,5.141626,0.0,0.002,0.0
0.570064,2363,1,bajada,-0.006377,-0.006361,2.119615,2.126547,0.000817,5.150049,0.0,0.002,0.0
0.622754,2364,1,bajada,-0.006349,-0.006358,2.119615,2.125662,0.000817,5.135858,0.0,0.002,0.0
0.654420,2365,1,bajada,-0.006371,-0.006357,2.120637,2.125754,0.000817,5.135858,0.0,0.002,0.0
0.696460,2366,1,bajada,-0.006348,-0.006356,2.120110,2.125754,0.000818,5.144983,0.0,0.002,0.0
0.749274,2367,1,bajada,-0.006370,-0.006356,2.120110,2.126684,0.000817,5.146081,0.0,0.002,0.0
0.813256,2368,1,bajada,-0.006371,-0.006357,2.119257,2.126657,0.000817,5.153863,0.0,0.002,0.0
0.865527,2369,1,bajada,-0.006353,-0.006357,2.119257,2.125710,0.000818,5.145959,0.0,0.002,0.0
0.907123,2370,1,bajada,-0.006370,-0.006357,2.119925,2.124991,0.000818,5.145959,0.0,0.002,0.0
0.959926,2371,1,bajada,-0.006355,-0.006356,2.119627,2.124991,0.000817,5.156824,0.0,0.002,0.0
1.001758,2372,1,bajada,-0.006370,-0.006359,2.119627,2.126383,0.000816,5.143579,0.0,0.002,0.0
1.032328,2373,1,bajada,-0.006361,-0.006360,2.119195,2.126669,0.000817,5.143579,0.0,0.002,0.0
1.085101,2374,1,bajada,-0.006372,-0.006359,2.118572,2.126669,0.000817,5.143274,0.0,0.002,0.0
1.116692,2375,1,bajada,-0.006362,-0.006358,2.118572,2.125406,0.000818,5.146356,0.0,0.002,0.0
1.158969,2376,1,bajada,-0.006368,-0.006358,2.119967,2.125471,0.000817,5.146356,0.0,0.002,0.0
1.212235,2377,1,bajada,-0.006365,-0.006356,2.120315,2.126833,0.000818,5.145471,0.0,0.002,0.0
1.285955,2378,1,bajada,-0.006364,-0.006356,2.119463,2.126416,0.000818,5.145471,0.0,0.001,0.0
1.337726,2379,1,bajada,-0.006367,-0.006356,2.118721,2.125224,0.000817,5.150751,0.0,0.002,0.0
1.411689,2380,1,bajada,-0.006362,-0.006356,2.119898,2.125251,0.000818,5.150751,0.0,0.002,0.0
1.452837,2381,1,bajada,-0.006368,-0.006357,2.120226,2.125251,0.000817,5.151117,0.0,0.002,0.0
1.494598,2382,1,bajada,-0.006362,-0.006359,2.120226,2.126517,0.000817,5.145715,0.0,0.002,0.0
1.545361,2383,1,bajada,-0.006374,-0.006362,2.119433,2.126946,0.000817,5.145715,0.0,0.002,0.0
1.595093,2384,1,bajada,-0.006374,-0.006360,2.119001,2.125218,0.000817,5.147790,0.002,0.0,0.0
1.656846,2385,1,bajada,-0.006355,-0.006357,2.119761,2.125212,0.000817,5.147790,0.0,0.002,0.0
1.698680,2386,1,bajada,-0.006372,-0.006355,2.120444,2.125212,0.000818,5.145593,0.0,0.002,0.0
1.740644,2387,1,bajada,-0.006376,-0.006359,2.119341,2.126616,0.000817,5.147974,0.0,0.002,0.0
1.824912,2388,1,bajada,-0.006376,-0.006358,2.119192,2.125897,0.000817,5.147089,0.002,0.0,0.0
1.919750,2389,1,bajada,-0.006347,-0.006356,2.118807,2.125117,0.000818,5.147089,0.0,0.002,0.0
1.961217,2390,1,bajada,-0.006376,-0.006356,2.120435,2.125117,0.000817,5.150232,0.0,0.002,0.0
2.013512,2391,1,bajada,-0.006380,-0.006360,2.119251,2.126818,0.000817,5.152124,0.0,0.002,0.0
2.076722,2392,1,bajada,-0.006348,-0.006361,2.118858,2.126818,0.000817,5.153558,0.001,0.0,0.0
2.129836,2393,1,bajada,-0.006379,-0.006358,2.118858,2.126109,0.000817,5.146661,0.0,0.002,0.0
2.161201,2394,1,bajada,-0.006341,-0.006357,2.119186,2.125176,0.000818,5.146661,0.0,0.002,0.0
2.202939,2395,1,bajada,-0.006377,-0.006357,2.120217,2.125176,0.000818,5.153497,0.0,0.002,0.0
2.245065,2396,1,bajada,-0.006338,-0.006356,2.120217,2.125206,0.000818,5.138391,0.0,0.002,0.0
2.297274,2397,1,bajada,-0.006377,-0.006356,2.120110,2.127301,0.000818,5.138391,0.0,0.002,0.0
2.339075,2398,1,bajada,-0.006337,-0.006357,2.120089,2.127301,0.000818,5.147272,0.0,0.002,0.0
2.370757,2399,1,bajada,-0.006377,-0.006357,2.120089,2.126872,0.000818,5.147485,0.0,0.002,0.0
2.424521,2400,1,bajada,-0.006378,-0.006357,2.120843,2.126300,0.000818,5.146844,0.0,0.002,0.0
2.498531,2401,1,bajada,-0.006338,-0.006360,2.120843,2.125444,0.000818,5.142572,0.0,0.002,0.0
2.540388,2402,1,bajada,-0.006381,-0.006362,2.120521,2.126782,0.000818,5.142572,0.0,0.002,0.0
2.582069,2403,1,bajada,-0.006341,-0.006361,2.119976,2.126782,0.000818,5.147913,0.0,0.002,0.0
2.634435,2404,1,bajada,-0.006337,-0.006359,2.119418,2.126422,0.000818,5.148096,0.0,0.002,0.0
2.707919,2405,1,bajada,-0.006377,-0.006358,2.120536,2.126422,0.000817,5.146417,0.0,0.002,0.0
2.749566,2406,1,bajada,-0.006337,-0.006358,2.120536,2.124890,0.000818,5.146966,0.0,0.002,0.0
2.813310,2407,1,bajada,-0.006338,-0.006357,2.119842,2.126905,0.000818,5.152368,0.0,0.001,0.0
2.875659,2408,1,bajada,-0.006374,-0.006356,2.119842,2.126675,0.000818,5.144586,0.0,0.002,0.0
2.917698,2409,1,bajada,-0.006339,-0.006357,2.119538,2.126687,0.000818,5.144586,0.0,0.002,0.0
2.959473,2410,1,bajada,-0.006374,-0.006357,2.120134,2.126687,0.000817,5.150537,0.0,0.002,0.0
3.001595,2411,1,bajada,-0.006342,-0.006360,2.120134,2.125444,0.000818,5.146356,0.0,0.002,0.0
3.044193,2412,1,bajada,-0.006378,-0.006363,2.120724,2.126160,0.000818,5.146356,0.0,0.001,0.0
3.075146,2413,1,bajada,-0.006348,-0.006362,2.119737,2.126160,0.000817,5.147974,0.0,0.002,0.0
3.127247,2414,1,bajada,-0.006375,-0.006359,2.119737,2.126955,0.000817,5.147607,0.0,0.002,0.0
3.179519,2415,1,bajada,-0.006372,-0.006357,2.120110,2.126601,0.000818,5.150171,0.0,0.002,0.0
3.263899,2416,1,bajada,-0.006371,-0.006357,2.120864,2.126434,0.000818,5.149225,0.0,0.002,0.0
3.347372,2417,1,bajada,-0.006371,-0.006357,2.120303,2.126964,0.000818,5.146783,0.0,0.001,0.0
3.431197,2418,1,bajada,-0.006371,-0.006357,2.119156,2.126526,0.000817,5.146661,0.0,0.002,0.0
3.504351,2419,1,bajada,-0.006356,-0.006360,2.119156,2.125555,0.000818,5.144525,0.0,0.002,0.0
3.546255,2420,1,bajada,-0.006373,-0.006362,2.120351,2.125549,0.000818,5.144525,0.0,0.002,0.0
3.577073,2421,1,bajada,-0.006361,-0.006362,2.120205,2.125549,0.000818,5.150781,0.0,0.002,0.0
3.629327,2422,1,bajada,-0.006372,-0.006359,2.120205,2.126613,0.000818,5.151788,0.0,0.002,0.0
3.670817,2423,1,bajada,-0.006360,-0.006358,2.118936,2.126240,0.000818,5.151788,0.0,0.001,0.0
3.712276,2424,1,bajada,-0.006368,-0.006356,2.119177,2.126240,0.000817,5.150110,0.0,0.002,0.0
3.753795,2425,1,bajada,-0.006360,-0.006356,2.119177,2.125784,0.000817,5.147607,0.0,0.002,0.0
3.795881,2426,1,bajada,-0.006366,-0.006357,2.120098,2.125781,0.000817,5.147607,0.0,0.002,0.0
3.837135,2427,1,bajada,-0.006363,-0.006357,2.120506,2.125781,0.000818,5.147272,0.0,0.002,0.0
3.879819,2428,1,bajada,-0.006366,-0.006357,2.119785,2.126720,0.000818,5.149744,0.0,0.002,0.0
3.963971,2429,1,bajada,-0.006365,-0.006357,2.118962,2.126720,0.000818,5.147974,0.0,0.002,0.0
4.004489,2430,1,bajada,-0.006370,-0.006360,2.118962,2.125802,0.000818,5.149347,0.0,0.002,0.0
4.056228,2431,1,bajada,-0.006374,-0.006361,2.120113,2.125194,0.000817,5.151666,0.0,0.002,0.0
4.140375,2432,1,bajada,-0.006372,-0.006359,2.119678,2.126851,0.000818,5.146417,0.0,0.002,0.0
4.234688,2433,1,bajada,-0.006372,-0.006357,2.118977,2.125954,0.000818,5.142328,0.0,0.001,0.0
4.297835,2434,1,bajada,-0.006353,-0.006357,2.120080,2.125608,0.000817,5.142328,0.0,0.002,0.0
4.340209,2435,1,bajada,-0.006374,-0.006356,2.120792,2.125608,0.000818,5.147546,0.0,0.001,0.0
4.392048,2436,1,bajada,-0.006375,-0.006357,2.120071,2.126577,0.000818,5.145776,0.0,0.001,0.0
4.466196,2437,1,bajada,-0.006349,-0.006356,2.119228,2.126577,0.000818,5.147790,0.0,0.002,0.0
4.507772,2438,1,bajada,-0.006378,-0.006359,2.119228,2.126350,0.000817,5.147211,0.0,0.001,0.0
4.549433,2439,1,bajada,-0.006350,-0.006362,2.119523,2.125644,0.000818,5.147211,0.0,0.001,0.0
4.601213,2440,1,bajada,-0.006345,-0.006360,2.119833,2.125233,0.000818,5.143457,0.0,0.002,0.0
4.685978,2441,1,bajada,-0.006341,-0.006356,2.119621,2.127003,0.000818,5.149347,0.0,0.002,0.0
4.759515,2442,1,bajada,-0.006377,-0.006356,2.119621,2.125957,0.000818,5.137750,0.0,0.002,0.0
4.790901,2443,1,bajada,-0.006338,-0.006356,2.118867,2.125692,0.000817,5.137750,0.0,0.001,0.0
4.844131,2444,1,bajada,-0.006377,-0.006355,2.120262,2.125692,0.000817,5.147668,0.0,0.002,0.0
4.875215,2445,1,bajada,-0.006336,-0.006356,2.120262,2.125209,0.000817,5.140375,0.0,0.001,0.0
4.917205,2446,1,bajada,-0.006376,-0.006356,2.119809,2.126225,0.000817,5.140375,0.0,0.002,0.0
4.969951,2447,1,bajada,-0.006335,-0.006355,2.119621,2.126225,0.000818,5.149683,0.0,0.001,0.0
5.000659,2448,1,bajada,-0.006378,-0.006358,2.119621,2.126386,0.000818,5.148492,0.0,0.002,0.0
5.053705,2449,1,bajada,-0.006339,-0.006361,2.118870,2.125409,0.000818,5.148492,0.002,0.0,0.0
5.085319,2450,1,bajada,-0.006380,-0.006360,2.120858,2.125409,0.000817,5.146142,0.0,0.002,0.0
5.127864,2451,1,bajada,-0.006337,-0.006359,2.120858,2.124825,0.000817,5.149683,0.0,0.001,0.0
5.169758,2452,1,bajada,-0.006376,-0.006357,2.119794,2.126011,0.000817,5.149683,0.0,0.002,0.0
5.221454,2453,1,bajada,-0.006335,-0.006356,2.119150,2.126011,0.000817,5.152612,0.002,0.0,0.0
5.271809,2454,1,bajada,-0.006335,-0.006356,2.118068,2.125328,0.000817,5.146600,0.0,0.002,0.0
5.350707,2455,1,bajada,-0.006373,-0.006355,2.120113,2.125328,0.000817,5.147272,0.0,0.002,0.0
5.383359,2456,1,bajada,-0.006336,-0.006356,2.120113,2.124625,0.000818,5.147668,0.002,0.0,0.0
5.424208,2457,1,bajada,-0.006372,-0.006357,2.120116,2.126061,0.000817,5.147668,0.0,0.002,0.0
5.465098,2458,1,bajada,-0.006338,-0.006356,2.119695,2.126061,0.000818,5.146417,0.002,0.0,0.0
5.517309,2459,1,bajada,-0.006374,-0.006358,2.119695,2.126303,0.000817,5.146417,0.0,0.001,0.0
5.558756,2460,1,bajada,-0.006344,-0.006361,2.118897,2.125760,0.000818,5.146417,0.0,0.002,0.0
5.590359,2461,1,bajada,-0.006377,-0.006361,2.120333,2.125760,0.000817,5.144342,0.0,0.002,0.0
5.643025,2462,1,bajada,-0.006344,-0.006358,2.120333,2.125096,0.000818,5.153741,0.0,0.002,0.0
5.673810,2463,1,bajada,-0.006372,-0.006357,2.121054,2.126645,0.000818,5.153741,0.0,0.002,0.0
5.714720,2464,1,bajada,-0.006345,-0.006357,2.120289,2.126645,0.000818,5.153039,0.0,0.002,0.0
5.755270,2465,1,bajada,-0.006371,-0.006357,2.120289,2.127259,0.000818,5.145074,0.0,0.001,0.0
5.795892,2466,1,bajada,-0.006348,-0.006358,2.119371,2.126848,0.000818,5.145074,0.0,0.002,0.0
5.847030,2467,1,bajada,-0.006373,-0.006358,2.119919,2.126848,0.000817,5.148035,0.0,0.002,0.0
5.877949,2468,1,bajada,-0.006350,-0.006358,2.119919,2.125221,0.000818,5.145166,0.0,0.001,0.0
5.930004,2469,1,bajada,-0.006371,-0.006358,2.120643,2.125772,0.000817,5.145166,0.0,0.002,0.0
5.994045,2470,1,bajada,-0.006372,-0.006359,2.119850,2.127164,0.000817,5.144220,0.0,0.002,0.0
6.047080,2471,1,bajada,-0.006359,-0.006362,2.119809,2.126359,0.000817,5.144220,0.0,0.002,0.0
6.089602,2472,1,bajada,-0.006374,-0.006361,2.119421,2.126359,0.000817,5.146661,0.0,0.002,0.0
6.136412,2473,1,bajada,-0.006358,-0.006357,2.119421,2.125725,0.000818,5.142572,0.0,0.001,0.0
6.185276,2474,1,bajada,-0.006369,-0.006357,2.120816,2.125608,0.000818,5.142572,0.0,0.001,0.0
6.217146,2475,1,bajada,-0.006359,-0.006357,2.120157,2.125608,0.000818,5.153131,0.0,0.002,0.0
6.269748,2476,1,bajada,-0.006368,-0.006356,2.120157,2.126827,0.000818,5.141778,0.0,0.001,0.0
6.311080,2477,1,bajada,-0.006362,-0.006357,2.119344,2.126467,0.000818,5.141778,0.0,0.002,0.0
6.363616,2478,1,bajada,-0.006364,-0.006356,2.119278,2.126127,0.000818,5.141901,0.0,0.001,0.0
6.437418,2479,1,bajada,-0.006365,-0.006358,2.120250,2.125382,0.000818,5.141901,0.0,0.001,0.0
6.489645,2480,1,bajada,-0.006365,-0.006357,2.120482,2.126216,0.000817,5.149286,0.0,0.001,0.0
6.563978,2481,1,bajada,-0.006372,-0.006361,2.119353,2.126389,0.000817,5.149286,0.0,0.002,0.0
6.605785,2482,1,bajada,-0.006365,-0.006358,2.118858,2.126389,0.000817,5.144098,0.0,0.001,0.0
6.648557,2483,1,bajada,-0.006359,-0.006357,2.120050,2.125170,0.000817,5.148553,0.0,0.002,0.0
6.744046,2484,1,bajada,-0.006356,-0.006356,2.120181,2.126413,0.000818,5.148736,0.0,0.001,0.0
6.807219,2485,1,bajada,-0.006373,-0.006357,2.119937,2.126675,0.000818,5.148736,0.0,0.001,0.0
6.849484,2486,1,bajada,-0.006354,-0.006355,2.119001,2.126675,0.000818,5.145715,0.0,0.001,0.0
6.890964,2487,1,bajada,-0.006374,-0.006356,2.119001,2.126002,0.000817,5.142389,0.0,0.002,0.0
6.933510,2488,1,bajada,-0.006350,-0.006357,2.119272,2.124848,0.000817,5.142389,0.0,0.001,0.0
6.964642,2489,1,bajada,-0.006375,-0.006356,2.120357,2.124848,0.000817,5.147790,0.0,0.002,0.0
7.017756,2490,1,bajada,-0.006349,-0.006359,2.120357,2.125850,0.000818,5.151300,0.0,0.001,0.0
7.069656,2491,1,bajada,-0.006349,-0.006361,2.119138,2.126502,0.000818,5.146600,0.0,0.001,0.0
7.132796,2492,1,bajada,-0.006378,-0.006358,2.119138,2.125605,0.000817,5.143396,0.0,0.001,0.0
7.195164,2493,1,bajada,-0.006377,-0.006357,2.120014,2.125504,0.000817,5.145715,0.0,0.002,0.0
7.257833,2494,1,bajada,-0.006340,-0.006357,2.120014,2.125537,0.000818,5.151849,0.0,0.001,0.0
7.300268,2495,1,bajada,-0.006377,-0.006357,2.120136,2.126717,0.000818,5.151849,0.0,0.002,0.0
7.346436,2496,1,bajada,-0.006339,-0.006356,2.119362,2.126717,0.000818,5.148035,0.0,0.002,0.0
7.383986,2497,1,bajada,-0.006377,-0.006356,2.119362,2.126303,0.000818,5.144220,0.0,0.001,0.0
7.426270,2498,1,bajada,-0.006337,-0.006357,2.118915,2.125528,0.000817,5.144220,0.0,0.002,0.0
7.467649,2499,1,bajada,-0.006377,-0.006356,2.120563,2.125528,0.000818,5.149805,0.0,0.001,0.0
7.509874,2500,1,bajada,-0.006338,-0.006359,2.120563,2.125412,0.000818,5.152551,0.0,0.002,0.0
7.562436,2501,1,bajada,-0.006381,-0.006361,2.119928,2.126693,0.000818,5.152551,0.0,0.001,0.0
7.603611,2502,1,bajada,-0.006339,-0.006359,2.119707,2.126693,0.000818,5.144586,0.0,0.002,0.0
7.634948,2503,1,bajada,-0.006377,-0.006358,2.119707,2.126365,0.000817,5.144037,0.0,0.001,0.0
7.676839,2504,1,bajada,-0.006335,-0.006357,2.118900,2.125781,0.000818,5.144037,0.0,0.002,0.0
7.718542,2505,1,bajada,-0.006376,-0.006357,2.120601,2.125781,0.000818,5.145776,0.0,0.001,0.0
7.781552,2506,1,bajada,-0.006375,-0.006357,2.120467,2.126818,0.000818,5.146905,0.0,0.002,0.0
7.845157,2507,1,bajada,-0.006336,-0.006357,2.119704,2.126818,0.000818,5.145471,0.0,0.002,0.0
7.887331,2508,1,bajada,-0.006375,-0.006358,2.119704,2.126935,0.000818,5.143457,0.002,0.0,0.0
7.929695,2509,1,bajada,-0.006338,-0.006358,2.119242,2.126478,0.000818,5.143457,0.0,0.002,0.0
7.993341,2510,1,bajada,-0.006341,-0.006359,2.119812,2.125003,0.000817,5.145410,0.0,0.002,0.0
8.057009,2511,1,bajada,-0.006377,-0.006361,2.119999,2.126228,0.000817,5.145410,0.002,0.0,0.0
8.110032,2512,1,bajada,-0.006344,-0.006359,2.119430,2.126228,0.000818,5.143579,0.0,0.001,0.0
8.146423,2513,1,bajada,-0.006373,-0.006357,2.119430,2.126556,0.000817,5.147424,0.0,0.002,0.0
8.194789,2514,1,bajada,-0.006343,-0.006357,2.119129,2.126011,0.000818,5.147424,0.0,0.002,0.0
8.225926,2515,1,bajada,-0.006372,-0.006356,2.119934,2.126011,0.000817,5.142755,0.0,0.002,0.0
8.287871,2516,1,bajada,-0.006370,-0.006356,2.120807,2.125808,0.000818,5.143213,0.002,0.0,0.0
8.351516,2517,1,bajada,-0.006346,-0.006357,2.120128,2.125808,0.000818,5.146905,0.0,0.001,0.0
8.414811,2518,1,bajada,-0.006350,-0.006357,2.119412,2.126127,0.000818,5.146417,0.0,0.001,0.0
8.478778,2519,1,bajada,-0.006371,-0.006357,2.119102,2.126127,0.000817,5.148492,0.0,0.002,0.0
8.520195,2520,1,bajada,-0.006354,-0.006360,2.119102,2.125334,0.000817,5.151727,0.0,0.001,0.0
8.583376,2521,1,bajada,-0.006358,-0.006362,2.120003,2.125674,0.000817,5.146905,0.0,0.001,0.0
8.646746,2522,1,bajada,-0.006371,-0.006358,2.120003,2.126431,0.000817,5.150232,0.0,0.002,0.0
8.687840,2523,1,bajada,-0.006356,-0.006357,2.119260,2.126204,0.000817,5.150232,0.002,0.0,0.0
8.729420,2524,1,bajada,-0.006369,-0.006356,2.119356,2.126204,0.000817,5.150476,0.0,0.002,0.0
8.782575,2525,1,bajada,-0.006367,-0.006356,2.120190,2.125319,0.000817,5.147790,0.0,0.002,0.0
8.856275,2526,1,bajada,-0.006360,-0.006355,2.120053,2.125319,0.000818,5.149988,0.002,0.0,0.0
8.898340,2527,1,bajada,-0.006366,-0.006356,2.120053,2.126619,0.000817,5.146661,0.0,0.001,0.0
8.951193,2528,1,bajada,-0.006365,-0.006356,2.119010,2.126470,0.000818,5.149683,0.0,0.002,0.0
9.018018,2529,1,bajada,-0.006367,-0.006359,2.119010,2.125987,0.000818,5.140314,0.002,0.0,0.0
9.060236,2530,1,bajada,-0.006368,-0.006361,2.119943,2.124985,0.000818,5.140314,0.0,0.001,0.0
9.102347,2531,1,bajada,-0.006371,-0.006360,2.120342,2.124985,0.000818,5.150598,0.0,0.002,0.0
9.145224,2532,1,bajada,-0.006364,-0.006358,2.120342,2.126338,0.000817,5.143640,0.0,0.001,0.0
9.187043,2533,1,bajada,-0.006370,-0.006357,2.119195,2.126163,0.000817,5.143640,0.0,0.002,0.0
9.239462,2534,1,bajada,-0.006360,-0.006356,2.118995,2.126163,0.000818,5.152734,0.0,0.001,0.0
9.271146,2535,1,bajada,-0.006370,-0.006356,2.118995,2.125576,0.000818,5.139947,0.0,0.002,0.0
9.313075,2536,1,bajada,-0.006356,-0.006356,2.119508,2.124750,0.000817,5.139947,0.0,0.001,0.0
9.355192,2537,1,bajada,-0.006371,-0.006355,2.119958,2.124750,0.000817,5.151178,0.0,0.002,0.0
9.397248,2538,1,bajada,-0.006354,-0.006355,2.119958,2.126067,0.000817,5.147333,0.0,0.001,0.0
9.439799,2539,1,bajada,-0.006372,-0.006356,2.119436,2.126490,0.000817,5.147333,0.0,0.002,0.0
9.492391,2540,1,bajada,-0.006375,-0.006355,2.118787,2.125951,0.000817,5.141778,0.0,0.002,0.0
9.566556,2541,1,bajada,-0.006352,-0.006361,2.119314,2.125510,0.000817,5.141778,0.0,0.002,0.0
9.608122,2542,1,bajada,-0.006380,-0.006360,2.119937,2.125510,0.000818,5.151422,0.0,0.002,0.0
9.650387,2543,1,bajada,-0.006347,-0.006357,2.119937,2.125710,0.000817,5.143579,0.0,0.002,0.0
9.702497,2544,1,bajada,-0.006344,-0.006357,2.118280,2.126377,0.000817,5.146661,0.0,0.001,0.0
9.775780,2545,1,bajada,-0.006376,-0.006355,2.118280,2.125644,0.000817,5.144769,0.0,0.001,0.0
9.817605,2546,1,bajada,-0.006340,-0.006357,2.118915,2.124631,0.000817,5.144769,0.0,0.002,0.0
9.868801,2547,1,bajada,-0.006376,-0.006355,2.119806,2.124631,0.000816,5.140832,0.0,0.001,0.0
9.899639,2548,1,bajada,-0.006337,-0.006355,2.119806,2.124786,0.000817,5.149164,0.0,0.002,0.0
9.950964,2549,1,bajada,-0.006375,-0.006354,2.119210,2.126166,0.000817,5.149164,0.0,0.001,0.0
9.991875,2550,1,bajada,-0.006378,-0.006358,2.119225,2.126145,0.000817,5.140832,0.0,0.002,0.0
10.076797,2551,1,bajada,-0.006381,-0.006360,2.119934,2.125203,0.000818,5.147333,0.0,0.002,0.0
10.150546,2552,1,bajada,-0.006336,-0.006358,2.119934,2.125212,0.000817,5.143762,0.0,0.002,0.0
10.213911,2553,1,bajada,-0.006335,-0.006356,2.119436,2.126753,0.000818,5.148218,0.0,0.002,0.0
10.277068,2554,1,bajada,-0.006376,-0.006355,2.119436,2.125865,0.000817,5.147272,0.0,0.001,0.0
10.319051,2555,1,bajada,-0.006334,-0.006356,2.118882,2.125650,0.000817,5.147272,0.0,0.002,0.0
10.360422,2556,1,bajada,-0.006375,-0.006356,2.119621,2.125650,0.000817,5.148798,0.0,0.001,0.0
10.402334,2557,1,bajada,-0.006335,-0.006356,2.119621,2.124640,0.000818,5.147546,0.0,0.002,0.0
10.454828,2558,1,bajada,-0.006336,-0.006356,2.119284,2.125966,0.000817,5.143976,0.0,0.002,0.0
10.527341,2559,1,bajada,-0.006375,-0.006359,2.119284,2.126025,0.000817,5.144769,0.0,0.002,0.0
10.568195,2560,1,bajada,-0.006341,-0.006360,2.118366,2.125626,0.000817,5.144769,0.0,0.002,0.0
10.618600,2561,1,bajada,-0.006377,-0.006358,2.119466,2.125626,0.000817,5.151666,0.0,0.002,0.0
10.649755,2562,1,bajada,-0.006339,-0.006357,2.119466,2.124813,0.000817,5.143823,0.0,0.002,0.0
10.691144,2563,1,bajada,-0.006371,-0.006355,2.119660,2.125635,0.000817,5.143823,0.0,0.002,0.0
10.732328,2564,1,bajada,-0.006339,-0.006355,2.118700,2.125635,0.000817,5.147913,0.0,0.001,0.0
10.784104,2565,1,bajada,-0.006370,-0.006355,2.118700,2.126231,0.000817,5.147790,0.0,0.002,0.0
10.815074,2566,1,bajada,-0.006341,-0.006356,2.118539,2.125820,0.000818,5.147790,0.0,0.002,0.0
10.867896,2567,1,bajada,-0.006371,-0.006355,2.119395,2.125820,0.000817,5.147913,0.0,0.002,0.0
10.899014,2568,1,bajada,-0.006344,-0.006356,2.119395,2.124875,0.000818,5.146905,0.0,0.001,0.0
10.952259,2569,1,bajada,-0.006370,-0.006356,2.120029,2.125525,0.000818,5.146905,0.0,0.002,0.0
10.983795,2570,1,bajada,-0.006347,-0.006356,2.119976,2.125525,0.000818,5.146478,0.0,0.001,0.0
11.026338,2571,1,bajada,-0.006372,-0.006358,2.119976,2.126511,0.000817,5.147790,0.0,0.001,0.0
11.068218,2572,1,bajada,-0.006354,-0.006360,2.118694,2.125513,0.000817,5.147790,0.0,0.002,0.0
11.110408,2573,1,bajada,-0.006374,-0.006359,2.118754,2.125513,0.000817,5.144769,0.0,0.002,0.0
11.172827,2574,1,bajada,-0.006368,-0.006355,2.119517,2.124699,0.000817,5.141565,0.0,0.002,0.0
11.244982,2575,1,bajada,-0.006352,-0.006354,2.119329,2.124699,0.000817,5.149866,0.0,0.002,0.0
11.275887,2576,1,bajada,-0.006366,-0.006354,2.119329,2.125721,0.000817,5.139581,0.0,0.002,0.0
11.316575,2577,1,bajada,-0.006355,-0.006355,2.118867,2.125659,0.000817,5.139581,0.0,0.002,0.0
11.367374,2578,1,bajada,-0.006366,-0.006354,2.118125,2.125659,0.000816,5.144769,0.002,0.0,0.0
11.418107,2579,1,bajada,-0.006365,-0.006354,2.119618,2.124458,0.000817,5.142084,0.0,0.001,0.0
11.489967,2580,1,bajada,-0.006359,-0.006354,2.119761,2.124458,0.000817,5.149408,0.0,0.001,0.0
11.530628,2581,1,bajada,-0.006367,-0.006358,2.119761,2.126359,0.000817,5.143518,0.0,0.002,0.0
11.593693,2582,1,bajada,-0.006369,-0.006360,2.118122,2.126118,0.000817,5.148340,0.002,0.0,0.0
11.666998,2583,1,bajada,-0.006366,-0.006356,2.118122,2.125227,0.000817,5.142633,0.0,0.002,0.0
11.698973,2584,1,bajada,-0.006362,-0.006356,2.119186,2.124738,0.000817,5.142633,0.0,0.002,0.0
11.740822,2585,1,bajada,-0.006366,-0.006355,2.118793,2.124738,0.000817,5.153802,0.0,0.002,0.0
11.782464,2586,1,bajada,-0.006359,-0.006354,2.118793,2.125778,0.000817,5.143762,0.0,0.002,0.0
11.824671,2587,1,bajada,-0.006367,-0.006354,2.118801,2.125981,0.000817,5.143762,0.0,0.002,0.0
11.866727,2588,1,bajada,-0.006357,-0.006354,2.118149,2.125981,0.000817,5.154199,0.0,0.002,0.0
11.938988,2589,1,bajada,-0.006354,-0.006355,2.118879,2.125257,0.000818,5.145715,0.0,0.002,0.0
11.992231,2590,1,bajada,-0.006370,-0.006354,2.120184,2.125257,0.000817,5.151300,0.0,0.002,0.0
12.044644,2591,1,bajada,-0.006357,-0.006362,2.118208,2.126106,0.000817,5.148798,0.0,0.001,0.0
12.160442,2592,1,bajada,-0.006376,-0.006357,2.118208,2.125596,0.000817,5.150171,0.002,0.0,0.0
12.212404,2593,1,bajada,-0.006374,-0.006356,2.119999,2.124687,0.000817,5.147333,0.0,0.002,0.0
12.285881,2594,1,bajada,-0.006344,-0.006355,2.119999,2.125260,0.000818,5.146661,0.0,0.002,0.0
12.317078,2595,1,bajada,-0.006375,-0.006355,2.119377,2.126499,0.000817,5.146661,0.002,0.0,0.0
12.369339,2596,1,bajada,-0.006342,-0.006355,2.118444,2.126499,0.000818,5.151239,0.0,0.002,0.0
12.400909,2597,1,bajada,-0.006376,-0.006355,2.118444,2.125939,0.000818,5.143457,0.002,0.0,0.0
12.452914,2598,1,bajada,-0.006340,-0.006356,2.119073,2.125665,0.000818,5.143457,0.0,0.002,0.0
12.505398,2599,1,bajada,-0.006341,-0.006356,2.120274,2.125048,0.000818,5.150354,0.0,0.002,0.0
12.578646,2600,1,bajada,-0.006381,-0.006360,2.119710,2.127095,0.000817,5.150354,0.0,0.002,0.0
12.619496,2601,1,bajada,-0.006342,-0.006360,2.119081,2.127095,0.000818,5.152490,0.0,0.002,0.0
12.682084,2602,1,bajada,-0.006336,-0.006356,2.118566,2.125498,0.000818,5.146966,0.0,0.002,0.0
12.745130,2603,1,bajada,-0.006376,-0.006356,2.119687,2.125498,0.000817,5.142725,0.0,0.002,0.0
12.797199,2604,1,bajada,-0.006376,-0.006357,2.120032,2.126702,0.000817,5.144159,0.0,0.002,0.0
12.892089,2605,1,bajada,-0.006375,-0.006356,2.119114,2.125334,0.000817,5.146722,0.0,0.002,0.0
12.945065,2606,1,bajada,-0.006334,-0.006356,2.118089,2.125117,0.000817,5.146722,0.0,0.001,0.0
13.020093,2607,1,bajada,-0.006337,-0.006358,2.119320,2.124297,0.000817,5.150049,0.0,0.002,0.0
13.083832,2608,1,bajada,-0.006377,-0.006359,2.119117,2.125566,0.000817,5.150049,0.0,0.002,0.0
13.115361,2609,1,bajada,-0.006340,-0.006359,2.119293,2.125566,0.000817,5.150415,0.0,0.002,0.0
13.157826,2610,1,bajada,-0.006374,-0.006357,2.119293,2.125978,0.000818,5.141717,0.0,0.002,0.0
13.199781,2611,1,bajada,-0.006338,-0.006356,2.118745,2.125528,0.000817,5.141717,0.0,0.002,0.0
13.242381,2612,1,bajada,-0.006373,-0.006355,2.119365,2.125528,0.000818,5.150598,0.0,0.002,0.0
13.284227,2613,1,bajada,-0.006338,-0.006355,2.119365,2.124321,0.000817,5.145959,0.0,0.002,0.0
13.326213,2614,1,bajada,-0.006371,-0.006356,2.120360,2.126303,0.000817,5.145959,0.0,0.001,0.0
13.368062,2615,1,bajada,-0.006341,-0.006355,2.119630,2.126303,0.000818,5.144708,0.0,0.002,0.0
13.409701,2616,1,bajada,-0.006372,-0.006356,2.119630,2.126043,0.000817,5.148157,0.0,0.002,0.0
13.451486,2617,1,bajada,-0.006343,-0.006356,2.118396,2.125379,0.000817,5.148157,0.0,0.002,0.0
13.541972,2618,1,bajada,-0.006347,-0.006359,2.119380,2.125191,0.000818,5.146020,0.0,0.002,0.0
13.573076,2619,1,bajada,-0.006374,-0.006360,2.120268,2.125274,0.000817,5.146020,0.0,0.002,0.0
13.615004,2620,1,bajada,-0.006352,-0.006360,2.119448,2.125274,0.000817,5.144525,0.0,0.002,0.0
13.667276,2621,1,bajada,-0.006372,-0.006356,2.119448,2.126413,0.000817,5.147851,0.0,0.002,0.0
13.709789,2622,1,bajada,-0.006350,-0.006356,2.118739,2.125903,0.000817,5.147851,0.0,0.002,0.0
13.741385,2623,1,bajada,-0.006369,-0.006355,2.118950,2.125903,0.000817,5.148492,0.0,0.002,0.0
13.793781,2624,1,bajada,-0.006352,-0.006355,2.118950,2.125054,0.000817,5.148675,0.0,0.002,0.0
13.825507,2625,1,bajada,-0.006368,-0.006354,2.119895,2.124854,0.000817,5.148675,0.0,0.002,0.0
13.867520,2626,1,bajada,-0.006354,-0.006355,2.119380,2.124854,0.000817,5.147150,0.0,0.002,0.0
13.909893,2627,1,bajada,-0.006366,-0.006354,2.119380,2.126213,0.000817,5.147913,0.0,0.002,0.0
13.972409,2628,1,bajada,-0.006367,-0.006355,2.118238,2.125507,0.000817,5.151605,0.0,0.002,0.0
14.034440,2629,1,bajada,-0.006361,-0.006358,2.118238,2.124964,0.000817,5.152063,0.0,0.002,0.0
14.075636,2630,1,bajada,-0.006369,-0.006360,2.119287,2.124664,0.000817,5.152063,0.0,0.002,0.0
14.126838,2631,1,bajada,-0.006365,-0.006357,2.120086,2.124664,0.000817,5.145471,0.0,0.002,0.0
14.167874,2632,1,bajada,-0.006366,-0.006357,2.120086,2.126532,0.000817,5.147272,0.0,0.002,0.0
14.219398,2633,1,bajada,-0.006364,-0.006356,2.118980,2.125903,0.000817,5.150415,0.0,0.001,0.0
14.291800,2634,1,bajada,-0.006365,-0.006356,2.118980,2.125075,0.000817,5.149347,0.0,0.002,0.0
14.332215,2635,1,bajada,-0.006360,-0.006355,2.119469,2.123862,0.000817,5.149347,0.0,0.002,0.0
14.383376,2636,1,bajada,-0.006366,-0.006353,2.119174,2.123862,0.000817,5.148035,0.0,0.001,0.0
14.417857,2637,1,bajada,-0.006358,-0.006355,2.119174,2.124923,0.000817,5.140497,0.0,0.002,0.0
14.464415,2638,1,bajada,-0.006368,-0.006355,2.117934,2.125272,0.000816,5.140497,0.0,0.001,0.0
14.504884,2639,1,bajada,-0.006355,-0.006354,2.118477,2.125272,0.000816,5.149499,0.0,0.002,0.0
14.535690,2640,1,bajada,-0.006371,-0.006357,2.118477,2.124684,0.000817,5.145349,0.0,0.001,0.0
14.577005,2641,1,bajada,-0.006357,-0.006358,2.119225,2.124637,0.000817,5.145349,0.0,0.002,0.0
14.627128,2642,1,bajada,-0.006375,-0.006358,2.119579,2.124637,0.000816,5.155450,0.0,0.002,0.0
14.688701,2643,1,bajada,-0.006373,-0.006356,2.118822,2.126514,0.000817,5.143091,0.0,0.002,0.0
14.750772,2644,1,bajada,-0.006348,-0.006355,2.118605,2.126514,0.000817,5.149683,0.002,0.0,0.0
14.802262,2645,1,bajada,-0.006374,-0.006355,2.118605,2.125123,0.000817,5.145166,0.0,0.002,0.0
14.834592,2646,1,bajada,-0.006345,-0.006355,2.118688,2.124884,0.000817,5.145166,0.002,0.0,0.0
14.875564,2647,1,bajada,-0.006375,-0.006356,2.119991,2.124884,0.000817,5.150293,0.0,0.002,0.0
14.916952,2648,1,bajada,-0.006344,-0.006355,2.119991,2.124869,0.000816,5.146539,0.001,0.0,0.0
14.957747,2649,1,bajada,-0.006375,-0.006356,2.118912,2.125733,0.000817,5.146539,0.0,0.002,0.0
15.009087,2650,1,bajada,-0.006341,-0.006355,2.118265,2.125733,0.000817,5.151941,0.0,0.001,0.0
15.039880,2651,1,bajada,-0.006378,-0.006359,2.118265,2.125522,0.000817,5.141962,0.0,0.002,0.0
15.081347,2652,1,bajada,-0.006342,-0.006360,2.118345,2.125000,0.000817,5.141962,0.0,0.002,0.0
15.122766,2653,1,bajada,-0.006380,-0.006358,2.119499,2.125000,0.000817,5.152429,0.0,0.002,0.0
15.175814,2654,1,bajada,-0.006338,-0.006355,2.119499,2.124130,0.000817,5.141962,0.0,0.001,0.0
15.207027,2655,1,bajada,-0.006375,-0.006354,2.118903,2.126011,0.000817,5.141962,0.0,0.002,0.0
15.258289,2656,1,bajada,-0.006334,-0.006355,2.118411,2.126011,0.000817,5.149866,0.0,0.001,0.0
15.299396,2657,1,bajada,-0.006375,-0.006354,2.118411,2.125233,0.000817,5.145349,0.0,0.002,0.0
15.330874,2658,1,bajada,-0.006334,-0.006356,2.118289,2.125042,0.000817,5.145349,0.0,0.001,0.0
15.394240,2659,1,bajada,-0.006333,-0.006355,2.119311,2.124464,0.000817,5.145227,0.001,0.0,0.0
15.479189,2660,1,bajada,-0.006334,-0.006355,2.119365,2.126255,0.000818,5.147790,0.001,0.0,0.0
15.540096,2661,1,bajada,-0.006377,-0.006359,2.119365,2.126341,0.000817,5.149042,0.0,0.002,0.0
15.593020,2662,1,bajada,-0.006339,-0.006360,2.117988,2.125391,0.000817,5.149042,0.0,0.002,0.0
15.624411,2663,1,bajada,-0.006377,-0.006359,2.119663,2.125391,0.000817,5.149286,0.001,0.0,0.0
15.666533,2664,1,bajada,-0.006336,-0.006356,2.119663,2.124097,0.000817,5.150293,0.0,0.002,0.0
15.719902,2665,1,bajada,-0.006373,-0.006355,2.119505,2.125981,0.000817,5.150293,0.0,0.002,0.0
15.751251,2666,1,bajada,-0.006336,-0.006355,2.119028,2.125981,0.000817,5.146539,0.0,0.002,0.0
15.793591,2667,1,bajada,-0.006371,-0.006355,2.119028,2.126058,0.000817,5.146081,0.0,0.002,0.0
15.844758,2668,1,bajada,-0.006337,-0.006354,2.118047,2.125540,0.000817,5.146081,0.0,0.002,0.0
15.874842,2669,1,bajada,-0.006371,-0.006355,2.119940,2.125540,0.000817,5.144464,0.0,0.002,0.0
15.915231,2670,1,bajada,-0.006339,-0.006357,2.119940,2.124938,0.000817,5.148340,0.0,0.002,0.0
15.956584,2671,1,bajada,-0.006371,-0.006356,2.119731,2.125960,0.000817,5.148340,0.0,0.002,0.0
16.007098,2672,1,bajada,-0.006341,-0.006356,2.119278,2.125960,0.000817,5.138116,0.0,0.002,0.0
16.047687,2673,1,bajada,-0.006372,-0.006360,2.119278,2.126404,0.000817,5.145715,0.0,0.002,0.0
16.088722,2674,1,bajada,-0.006348,-0.006360,2.118739,2.125555,0.000817,5.145715,0.0,0.002,0.0
16.139930,2675,1,bajada,-0.006374,-0.006358,2.119180,2.125555,0.000817,5.152551,0.0,0.002,0.0
16.171111,2676,1,bajada,-0.006347,-0.006357,2.119180,2.125459,0.000817,5.143823,0.0,0.002,0.0
16.212548,2677,1,bajada,-0.006370,-0.006356,2.120029,2.125650,0.000817,5.143823,0.0,0.002,0.0
16.264324,2678,1,bajada,-0.006348,-0.006356,2.120128,2.125650,0.000818,5.151727,0.0,0.002,0.0
16.305246,2679,1,bajada,-0.006369,-0.006356,2.120128,2.126359,0.000817,5.142267,0.0,0.002,0.0
16.336042,2680,1,bajada,-0.006351,-0.006357,2.119523,2.126017,0.000817,5.142267,0.0,0.002,0.0
16.377053,2681,1,bajada,-0.006369,-0.006355,2.119231,2.126017,0.000817,5.150781,0.0,0.002,0.0
16.418547,2682,1,bajada,-0.006352,-0.006355,2.119231,2.125352,0.000817,5.150476,0.0,0.002,0.0
16.459872,2683,1,bajada,-0.006368,-0.006355,2.120235,2.124658,0.000816,5.150476,0.0,0.002,0.0
16.500376,2684,1,bajada,-0.006355,-0.006355,2.119856,2.124658,0.000817,5.145349,0.0,0.002,0.0
16.541431,2685,1,bajada,-0.006370,-0.006359,2.119856,2.126550,0.000817,5.141321,0.0,0.002,0.0
16.593333,2686,1,bajada,-0.006362,-0.006360,2.118936,2.126472,0.000818,5.141321,0.0,0.002,0.0
16.634331,2687,1,bajada,-0.006372,-0.006360,2.121516,2.126472,0.000819,5.145013,0.0,0.002,0.0
16.685882,2688,1,bajada,-0.006371,-0.006361,2.122095,2.127423,0.000819,5.150934,0.0,0.002,0.0
16.767372,2689,1,bajada,-0.006368,-0.006362,2.122571,2.127423,0.000819,5.146844,0.0,0.002,0.0
16.798504,2690,1,bajada,-0.006371,-0.006362,2.122571,2.128931,0.000819,5.145715,0.0,0.002,0.0
16.839736,2691,1,bajada,-0.006371,-0.006363,2.122232,2.128991,0.000820,5.145715,0.0,0.002,0.0
16.879916,2692,1,bajada,-0.006370,-0.006362,2.121346,2.128991,0.000819,5.148553,0.0,0.002,0.0
16.930336,2693,1,bajada,-0.006373,-0.006362,2.121346,2.127843,0.000819,5.154809,0.0,0.002,0.0
17.001015,2694,1,bajada,-0.006375,-0.006364,2.122440,2.127468,0.000819,5.144830,0.0,0.002,0.0
17.053372,2695,1,bajada,-0.006369,-0.006366,2.122440,2.128615,0.000819,5.148614,0.0,0.002,0.0
17.084045,2696,1,bajada,-0.006381,-0.006368,2.121728,2.128243,0.000819,5.148614,0.0,0.002,0.0
17.136443,2697,1,bajada,-0.006368,-0.006365,2.121144,2.128243,0.000819,5.144342,0.0,0.002,0.0
17.178097,2698,1,bajada,-0.006379,-0.006363,2.121144,2.128031,0.000819,5.139184,0.0,0.002,0.0
17.209521,2699,1,bajada,-0.006361,-0.006364,2.122062,2.127587,0.000820,5.139184,0.0,0.002,0.0
17.283380,2700,1,bajada,-0.006358,-0.006363,2.122738,2.128097,0.000819,5.142389,0.0,0.002,0.0
17.346158,2701,1,bajada,-0.006380,-0.006362,2.121665,2.128851,0.000819,5.142389,0.0,0.002,0.0
17.388373,2702,1,bajada,-0.006356,-0.006363,2.121305,2.128851,0.000819,5.147333,0.0,0.002,0.0
17.430066,2703,1,bajada,-0.006381,-0.006362,2.121305,2.128106,0.000819,5.147974,0.0,0.002,0.0
17.472460,2704,1,bajada,-0.006353,-0.006363,2.121507,2.127435,0.000819,5.147974,0.0,0.002,0.0
17.514643,2705,1,bajada,-0.006382,-0.006363,2.122401,2.127435,0.000819,5.155511,0.0,0.002,0.0
17.556001,2706,1,bajada,-0.006353,-0.006366,2.122401,2.127504,0.000819,5.151300,0.0,0.002,0.0
17.587269,2707,1,bajada,-0.006387,-0.006367,2.121665,2.128904,0.000819,5.151300,0.0,0.002,0.0
17.640146,2708,1,bajada,-0.006353,-0.006366,2.121341,2.128904,0.000819,5.148981,0.0,0.002,0.0
17.681934,2709,1,bajada,-0.006384,-0.006362,2.121341,2.128302,0.000819,5.151788,0.0,0.001,0.0
17.724451,2710,1,bajada,-0.006345,-0.006362,2.121090,2.127539,0.000819,5.151788,0.0,0.002,0.0
17.755959,2711,1,bajada,-0.006382,-0.006362,2.122753,2.127539,0.000819,5.144708,0.0,0.002,0.0
17.797720,2712,1,bajada,-0.006344,-0.006362,2.122753,2.127143,0.000819,5.148035,0.0,0.002,0.0
17.840587,2713,1,bajada,-0.006383,-0.006363,2.121648,2.129021,0.000819,5.148035,0.0,0.002,0.0
17.882007,2714,1,bajada,-0.006342,-0.006363,2.121505,2.129021,0.000819,5.151666,0.0,0.002,0.0
17.934419,2715,1,bajada,-0.006382,-0.006362,2.121505,2.128213,0.000819,5.144983,0.0,0.001,0.0
17.966410,2716,1,bajada,-0.006341,-0.006362,2.120676,2.127438,0.000819,5.144983,0.0,0.002,0.0
18.008342,2717,1,bajada,-0.006382,-0.006362,2.122163,2.127438,0.000819,5.150476,0.0,0.002,0.0
18.060778,2718,1,bajada,-0.006344,-0.006366,2.122163,2.127435,0.000819,5.138818,0.002,0.0,0.0
18.103291,2719,1,bajada,-0.006386,-0.006367,2.122258,2.128869,0.000819,5.138818,0.0,0.002,0.0
18.145024,2720,1,bajada,-0.006346,-0.006365,2.121335,2.128869,0.000819,5.156885,0.002,0.0,0.0
18.176846,2721,1,bajada,-0.006382,-0.006363,2.121335,2.128106,0.000819,5.146600,0.0,0.002,0.0
18.227539,2722,1,bajada,-0.006341,-0.006362,2.120578,2.127754,0.000819,5.146600,0.001,0.0,0.0
18.258036,2723,1,bajada,-0.006380,-0.006362,2.122202,2.127754,0.000819,5.155267,0.0,0.002,0.0
18.299158,2724,1,bajada,-0.006341,-0.006362,2.122202,2.127063,0.000819,5.149866,0.001,0.0,0.0
18.351134,2725,1,bajada,-0.006379,-0.006362,2.122607,2.128398,0.000819,5.149866,0.0,0.002,0.0
18.402926,2726,1,bajada,-0.006379,-0.006362,2.121674,2.128627,0.000819,5.147851,0.0,0.002,0.0
18.465539,2727,1,bajada,-0.006344,-0.006364,2.120470,2.127605,0.000818,5.147851,0.001,0.0,0.0
18.526692,2728,1,bajada,-0.006345,-0.006361,2.119266,2.124613,0.000817,5.142816,0.0,0.002,0.0
18.598254,2729,1,bajada,-0.006377,-0.006362,2.119633,2.125543,0.000817,5.142816,0.0,0.002,0.0
18.638639,2730,1,bajada,-0.006347,-0.006361,2.119308,2.125543,0.000818,5.151178,0.0,0.002,0.0
18.688665,2731,1,bajada,-0.006373,-0.006358,2.119308,2.126201,0.000817,5.152246,0.0,0.002,0.0
18.719216,2732,1,bajada,-0.006345,-0.006358,2.119162,2.125757,0.000817,5.152246,0.0,0.001,0.0
18.761279,2733,1,bajada,-0.006371,-0.006356,2.119579,2.125757,0.000817,5.151178,0.0,0.002,0.0
18.803621,2734,1,bajada,-0.006346,-0.006356,2.119579,2.124744,0.000818,5.144220,0.0,0.002,0.0
18.845425,2735,1,bajada,-0.006370,-0.006357,2.120169,2.125900,0.000817,5.144220,0.0,0.002,0.0
18.887644,2736,1,bajada,-0.006348,-0.006357,2.120011,2.125900,0.000818,5.148920,0.0,0.002,0.0
18.930213,2737,1,bajada,-0.006370,-0.006356,2.120011,2.126791,0.000817,5.141382,0.0,0.002,0.0
18.983767,2738,1,bajada,-0.006351,-0.006356,2.118789,2.126359,0.000817,5.141382,0.0,0.002,0.0
19.013835,2739,1,bajada,-0.006370,-0.006356,2.119302,2.126359,0.000817,5.142389,0.0,0.001,0.0
19.054693,2740,1,bajada,-0.006357,-0.006360,2.119302,2.125295,0.000817,5.146661,0.0,0.002,0.0
19.095291,2741,1,bajada,-0.006374,-0.006362,2.120193,2.125179,0.000817,5.146661,0.0,0.001,0.0
19.135905,2742,1,bajada,-0.006360,-0.006361,2.119457,2.125179,0.000817,5.154504,0.0,0.001,0.0
19.177241,2743,1,bajada,-0.006369,-0.006357,2.119457,2.125695,0.000817,5.145837,0.0,0.002,0.0
19.217725,2744,1,bajada,-0.006358,-0.006356,2.118742,2.125978,0.000817,5.145837,0.0,0.001,0.0
19.259891,2745,1,bajada,-0.006367,-0.006356,2.118700,2.125978,0.000817,5.150598,0.0,0.001,0.0
19.312371,2746,1,bajada,-0.006359,-0.006356,2.118700,2.125486,0.000817,5.144464,0.0,0.002,0.0
19.343695,2747,1,bajada,-0.006366,-0.006356,2.119538,2.124598,0.000817,5.144464,0.0,0.002,0.0
19.385993,2748,1,bajada,-0.006361,-0.006355,2.119242,2.124598,0.000817,5.148736,0.0,0.002,0.0
19.438292,2749,1,bajada,-0.006363,-0.006355,2.119242,2.126738,0.000817,5.148553,0.0,0.002,0.0
19.470535,2750,1,bajada,-0.006364,-0.006356,2.119862,2.126917,0.000818,5.148553,0.0,0.002,0.0
19.512951,2751,1,bajada,-0.006364,-0.006356,2.118587,2.126917,0.000817,5.147851,0.0,0.001,0.0
19.570557,2752,1,bajada,-0.006369,-0.006360,2.118587,2.124827,0.000817,5.145532,0.0,0.002,0.0
19.601135,2753,1,bajada,-0.006364,-0.006360,2.119213,2.124687,0.000817,5.145532,0.0,0.002,0.0
19.646907,2754,1,bajada,-0.006371,-0.006358,2.119883,2.124687,0.000817,5.146142,0.0,0.002,0.0
19.677962,2755,1,bajada,-0.006360,-0.006356,2.119883,2.125820,0.000817,5.145410,0.0,0.001,0.0
19.719667,2756,1,bajada,-0.006369,-0.006356,2.118968,2.126112,0.000817,5.145410,0.0,0.002,0.0
19.794178,2757,1,bajada,-0.006370,-0.006355,2.118515,2.125185,0.000817,5.144983,0.0,0.002,0.0
19.857477,2758,1,bajada,-0.006353,-0.006355,2.118924,2.124547,0.000817,5.144983,0.0,0.002,0.0
19.888524,2759,1,bajada,-0.006371,-0.006355,2.119842,2.124547,0.000817,5.152673,0.0,0.002,0.0
19.931272,2760,1,bajada,-0.006351,-0.006356,2.119842,2.125328,0.000817,5.147485,0.0,0.002,0.0
19.983664,2761,1,bajada,-0.006373,-0.006355,2.119150,2.126565,0.000817,5.147485,0.0,0.002,0.0
