Timestamp,Sample,Ciclo,Fase,Bridge VAB (V),KEITHLEY Voltaje (V),Bridge VA (V),Bridge VB (V),Bridge Current (A),TIVA Temp (C),Alicat Presion (kPA),Alicat Setpoint (kPA),Setpoint Enviado (kPA)
0.04346156120300293,2,1,subida,-0.006886,-0.006868,2.341437,2.348497,0.000898,25.518061,0.001,0.0,0.0
0.09330868721008301,3,1,subida,-0.006846,-0.006867,2.340939,2.348497,0.000898,25.513056,0.0,0.001,0.0
0.14336585998535156,4,1,subida,-0.006883,-0.006868,2.340939,2.348384,0.000898,25.518671,0.0,0.001,0.0
0.2035963535308838,5,1,subida,-0.006846,-0.006867,2.340039,2.347865,0.000898,25.518671,0.001,0.0,0.0
0.2535898685455322,6,1,subida,-0.006881,-0.006866,2.340951,2.347865,0.000898,25.513361,0.0,0.001,0.0
0.3183615207672119,7,1,subida,-0.006848,-0.006866,2.340951,2.346652,0.000898,25.519037,0.0,0.001,0.0
0.3593716621398926,8,1,subida,-0.006890,-0.006867,2.341505,2.348291,0.000898,25.519037,0.0,0.001,0.0
0.41277027130126953,9,1,subida,-0.006848,-0.006868,2.341082,2.348291,0.000898,25.514582,0.0,0.001,0.0
0.46336913108825684,10,1,subida,-0.006878,-0.006868,2.341082,2.348396,0.000897,25.510004,0.0,0.001,0.0
0.5233292579650879,11,1,subida,-0.006851,-0.006868,2.339997,2.347573,0.000898,25.510004,0.0,0.001,0.0
0.5736038684844971,12,1,subida,-0.006878,-0.006868,2.340483,2.347573,0.000897,25.514154,0.0,0.001,0.0
0.6231505870819092,13,1,subida,-0.006854,-0.006868,2.340483,2.347093,0.000898,25.515131,0.0,0.001,0.0
0.6636958122253418,14,1,subida,-0.006878,-0.006868,2.341785,2.347785,0.000897,25.515131,0.0,0.001,0.0
0.7030684947967529,15,1,subida,-0.006856,-0.006866,2.340885,2.347785,0.000898,25.508356,0.0,0.001,0.0
0.763145923614502,16,1,subida,-0.006876,-0.006867,2.340885,2.348285,0.000897,25.517572,0.0,0.001,0.0
0.813063383102417,17,1,subida,-0.006859,-0.006867,2.340605,2.348446,0.000897,25.517572,0.0,0.001,0.0
0.8580577373504639,18,1,subida,-0.006876,-0.006867,2.340566,2.348446,0.000898,25.510248,0.0,0.001,0.0
0.8906960487365723,19,1,subida,-0.006862,-0.006868,2.340566,2.346956,0.000898,25.515009,0.0,0.001,0.0
0.9216504096984863,20,1,subida,-0.006878,-0.006869,2.341544,2.347013,0.000897,25.515009,0.0,0.001,0.0
0.9730591773986816,21,1,subida,-0.006864,-0.006870,2.341064,2.347013,0.000898,25.514765,0.0,0.001,0.0
1.023216962814331,22,1,subida,-0.006874,-0.006871,2.341064,2.348226,0.000897,25.507959,0.0,0.001,0.0
1.0828351974487305,23,1,subida,-0.006867,-0.006872,2.340674,2.348229,0.000898,25.507959,0.0,0.001,0.0
1.13283109664917,24,1,subida,-0.006872,-0.006871,2.340373,2.348229,0.000898,25.508966,0.0,0.001,0.0
1.1828172206878662,25,1,subida,-0.006870,-0.006870,2.340373,2.347490,0.000898,25.515375,0.0,0.001,0.0
1.2433497905731201,26,1,subida,-0.006871,-0.006870,2.341294,2.346488,0.000897,25.515375,0.0,0.001,0.0
1.2932591438293457,27,1,subida,-0.006873,-0.006869,2.341177,2.346488,0.000898,25.508265,0.0,0.001,0.0
1.3675811290740967,28,1,subida,-0.006866,-0.006868,2.341177,2.348106,0.000898,25.515009,0.0,0.001,0.0
1.4506134986877441,29,1,subida,-0.006871,-0.006866,2.340519,2.348300,0.000898,25.515009,0.0,0.001,0.0
1.4979884624481201,30,1,subida,-0.006863,-0.006867,2.340233,2.348300,0.000898,25.510248,0.0,0.0,0.0
1.5494132041931152,31,1,subida,-0.006874,-0.006866,2.340233,2.347308,0.000898,25.519587,0.0,0.001,0.0
1.5939955711364746,32,1,subida,-0.006862,-0.006868,2.341002,2.347072,0.000898,25.519587,0.0,0.001,0.0
1.6433494091033936,33,1,subida,-0.006876,-0.006868,2.341553,2.347072,0.000898,25.515375,0.0,0.001,0.0
1.706066370010376,34,1,subida,-0.006860,-0.006867,2.341553,2.347800,0.000898,25.507593,0.0,0.001,0.0
1.736572504043579,35,1,subida,-0.006879,-0.006867,2.340978,2.348819,0.000898,25.507593,0.0,0.001,0.0
1.77278733253479,36,1,subida,-0.006857,-0.006868,2.340274,2.348819,0.000898,25.515802,0.0,0.001,0.0
1.8232553005218506,37,1,subida,-0.006881,-0.006881,2.340274,2.347683,0.000897,25.515253,0.0,0.001,0.0
1.8830759525299072,38,1,subida,-0.006855,-0.006868,2.340715,2.347188,0.000898,25.515253,0.0,0.001,0.0
1.9773452281951904,39,1,subida,-0.006882,-0.006866,2.341967,2.347188,0.000898,25.514215,0.0,0.001,0.0
2.010132312774658,40,1,subida,-0.006853,-0.006866,2.341967,2.347662,0.000898,25.509821,0.0,0.001,0.0
2.0442006587982178,41,1,subida,-0.006884,-0.006866,2.341025,2.348536,0.000898,25.509821,0.0,0.0,0.0
2.093269109725952,42,1,subida,-0.006851,-0.006866,2.340096,2.348536,0.000898,25.509882,0.0,0.001,0.0
2.142888307571411,43,1,subida,-0.006885,-0.006866,2.340096,2.347707,0.000898,25.510736,0.0,0.001,0.0
2.188103199005127,44,1,subida,-0.006847,-0.006866,2.340492,2.347099,0.000898,25.510736,0.0,0.001,0.0
2.2530384063720703,45,1,subida,-0.006885,-0.006868,2.341699,2.347099,0.000898,25.512812,0.0,0.001,0.0
2.3295907974243164,46,1,subida,-0.006845,-0.006877,2.341699,2.346917,0.000898,25.508539,0.0,0.001,0.0
2.3620753288269043,47,1,subida,-0.006885,-0.006870,2.341389,2.348694,0.000897,25.508539,0.0,0.001,0.0
2.4119479656219482,48,1,subida,-0.006844,-0.006868,2.340635,2.348694,0.000898,25.512873,0.0,0.001,0.0
2.4619853496551514,49,1,subida,-0.006883,-0.006867,2.340635,2.347937,0.000897,25.512934,0.0,0.001,0.0
2.5211217403411865,50,1,subida,-0.006842,-0.006867,2.340468,2.347558,0.000898,25.512934,0.0,0.001,0.0
2.5581061840057373,51,1,subida,-0.006884,-0.006866,2.341419,2.347558,0.000898,25.513544,0.0,0.001,0.0
2.686824321746826,52,1,subida,-0.006843,-0.006867,2.341419,2.346801,0.000898,25.517694,0.0,0.001,0.0
2.717446804046631,53,1,subida,-0.006883,-0.006867,2.340963,2.348172,0.000897,25.517694,0.001,0.0,0.0
2.780708074569702,54,1,subida,-0.006841,-0.006866,2.340534,2.348172,0.000898,25.523859,0.0,0.001,0.0
2.8123981952667236,55,1,subida,-0.006882,-0.006866,2.340534,2.348348,0.000897,25.509821,0.0,0.001,0.0
2.8762898445129395,56,1,subida,-0.006843,-0.006867,2.340274,2.347421,0.000898,25.509821,0.001,0.0,0.0
2.907573938369751,57,1,subida,-0.006882,-0.006867,2.341475,2.347421,0.000898,25.508661,0.0,0.001,0.0
2.939148426055908,58,1,subida,-0.006845,-0.006866,2.341475,2.346900,0.000898,25.516779,0.0,0.001,0.0
2.970519542694092,59,1,subida,-0.006882,-0.006867,2.341598,2.347627,0.000897,25.516779,0.0,0.001,0.0
3.003133773803711,60,1,subida,-0.006846,-0.006866,2.340969,2.347627,0.000898,25.513544,0.0,0.001,0.0
3.0531973838806152,61,1,subida,-0.006881,-0.006867,2.340969,2.348098,0.000897,25.516962,0.0,0.001,0.0
3.113252878189087,62,1,subida,-0.006849,-0.006868,2.340128,2.347433,0.000898,25.516962,0.001,0.0,0.0
3.1605794429779053,63,1,subida,-0.006879,-0.006868,2.340578,2.347433,0.000897,25.511164,0.0,0.001,0.0
3.207213878631592,64,1,subida,-0.006850,-0.006867,2.340578,2.347305,0.000898,25.508814,0.0,0.001,0.0
3.258878469467163,65,1,subida,-0.006878,-0.006867,2.341741,2.347782,0.000898,25.508814,0.0,0.001,0.0
3.2897698879241943,66,1,subida,-0.006852,-0.006867,2.340719,2.347782,0.000898,25.510798,0.0,0.001,0.0
3.3211002349853516,67,1,subida,-0.006878,-0.006867,2.340719,2.348580,0.000898,25.510736,0.0,0.001,0.0
3.353297233581543,68,1,subida,-0.006856,-0.006867,2.340415,2.347460,0.000898,25.510736,0.001,0.0,0.0
3.403259038925171,69,1,subida,-0.006877,-0.006866,2.340665,2.347460,0.000898,25.507563,0.0,0.001,0.0
3.5286266803741455,70,1,subida,-0.006858,-0.006867,2.340665,2.347296,0.000898,25.510675,0.0,0.001,0.0
3.5766563415527344,71,1,subida,-0.006877,-0.006867,2.341562,2.347254,0.000898,25.510675,0.0,0.001,0.0
3.607642889022827,72,1,subida,-0.006862,-0.006868,2.341285,2.347254,0.000898,25.511286,0.0,0.001,0.0
3.6596474647521973,73,1,subida,-0.006877,-0.006867,2.341285,2.348503,0.000898,25.511774,0.0,0.001,0.0
3.691603660583496,74,1,subida,-0.006866,-0.006867,2.340623,2.347993,0.000898,25.511774,0.0,0.001,0.0
3.7229597568511963,75,1,subida,-0.006876,-0.006869,2.340024,2.347993,0.000898,25.510614,0.0,0.001,0.0
3.773261547088623,76,1,subida,-0.006869,-0.006868,2.340024,2.347221,0.000898,25.515436,0.0,0.001,0.0
3.833038091659546,77,1,subida,-0.006875,-0.006866,2.341356,2.347284,0.000898,25.515436,0.0,0.001,0.0
3.882730007171631,78,1,subida,-0.006870,-0.006867,2.341139,2.347284,0.000898,25.513117,0.0,0.001,0.0
3.9330804347991943,79,1,subida,-0.006872,-0.006867,2.341139,2.348357,0.000898,25.514704,0.0,0.001,0.0
3.993408679962158,80,1,subida,-0.006872,-0.006866,2.340638,2.347776,0.000898,25.514704,0.0,0.001,0.0
4.026283025741577,81,1,subida,-0.006869,-0.006866,2.340197,2.347776,0.000898,25.506067,0.0,0.001,0.0
4.1092729568481445,82,1,subida,-0.006874,-0.006868,2.340197,2.347546,0.000898,25.516474,0.0,0.001,0.0
4.151716232299805,83,1,subida,-0.006868,-0.006867,2.341025,2.347057,0.000898,25.516474,0.0,0.001,0.0
4.203274726867676,84,1,subida,-0.006876,-0.006867,2.341642,2.347057,0.000898,25.516047,0.0,0.001,0.0
4.25335431098938,85,1,subida,-0.006865,-0.006868,2.341642,2.347892,0.000898,25.511164,0.0,0.001,0.0
4.313190221786499,86,1,subida,-0.006880,-0.006868,2.340838,2.348392,0.000898,25.511164,0.0,0.001,0.0
4.353614091873169,87,1,subida,-0.006864,-0.006868,2.340227,2.348392,0.000898,25.514460,0.0,0.001,0.0
4.3944995403289795,88,1,subida,-0.006883,-0.006869,2.340227,2.347507,0.000898,25.516962,0.0,0.001,0.0
4.427574872970581,89,1,subida,-0.006860,-0.006868,2.340936,2.346950,0.000898,25.516962,0.0,0.001,0.0
4.457513093948364,90,1,subida,-0.006882,-0.006866,2.341753,2.346950,0.000897,25.518244,0.0,0.001,0.0
4.489200115203857,91,1,subida,-0.006858,-0.006866,2.341753,2.347722,0.000898,25.515924,0.0,0.001,0.0
4.569928169250488,92,1,subida,-0.006884,-0.006867,2.341273,2.348634,0.000898,25.515924,0.0,0.001,0.0
4.6013453006744385,93,1,subida,-0.006855,-0.006867,2.340620,2.348634,0.000898,25.511957,0.0,0.001,0.0
4.633288860321045,94,1,subida,-0.006885,-0.006866,2.340620,2.347785,0.000898,25.514399,0.0,0.001,0.0
4.684101819992065,95,1,subida,-0.006851,-0.006867,2.340337,2.347400,0.000898,25.514399,0.0,0.001,0.0
4.745354413986206,96,1,subida,-0.006885,-0.006867,2.341762,2.347400,0.000898,25.511225,0.0,0.001,0.0
4.780441999435425,97,1,subida,-0.006849,-0.006867,2.341762,2.347448,0.000898,25.510736,0.0,0.001,0.0
4.81132698059082,98,1,subida,-0.006886,-0.006868,2.341285,2.348568,0.000898,25.510736,0.0,0.001,0.0
4.842671871185303,99,1,subida,-0.006847,-0.006869,2.340525,2.348568,0.000898,25.515741,0.0,0.002,0.0
4.873770475387573,100,1,subida,-0.006886,-0.006872,2.340525,2.348169,0.000898,25.510859,0.0,0.001,0.0
4.953291654586792,101,1,subida,-0.006845,-0.006867,2.340206,2.347177,0.000898,25.510859,0.0,0.001,0.0
5.0033791065216064,102,1,subida,-0.006886,-0.006868,2.341270,2.347177,0.000898,25.512690,0.0,0.002,0.0
5.053316831588745,103,1,subida,-0.006844,-0.006867,2.341270,2.347057,0.000898,25.513910,0.0,0.001,0.0
5.113260507583618,104,1,subida,-0.006885,-0.006867,2.341356,2.348306,0.000898,25.513910,0.0,0.001,0.0
5.163426876068115,105,1,subida,-0.006843,-0.006867,2.340349,2.348306,0.000898,25.515070,0.0,0.001,0.0
5.2133588790893555,106,1,subida,-0.006886,-0.006866,2.340349,2.348249,0.000898,25.517328,0.0,0.001,0.0
5.243529319763184,107,1,subida,-0.006845,-0.006867,2.340271,2.347668,0.000898,25.517328,0.0,0.001,0.0
5.292804718017578,108,1,subida,-0.006884,-0.006867,2.341106,2.347668,0.000898,25.516230,0.0,0.001,0.0
5.352883815765381,109,1,subida,-0.006844,-0.006868,2.341106,2.346735,0.000898,25.512018,0.0,0.001,0.0
5.3882365226745605,110,1,subida,-0.006886,-0.006867,2.341511,2.348330,0.000898,25.512018,0.0,0.001,0.0
5.418684005737305,111,1,subida,-0.006848,-0.006868,2.340477,2.348330,0.000898,25.515741,0.0,0.001,0.0
5.512124061584473,112,1,subida,-0.006885,-0.006868,2.340477,2.348315,0.000898,25.511957,0.0,0.001,0.0
5.59685206413269,113,1,subida,-0.006851,-0.006864,2.340131,2.347770,0.000898,25.511957,0.0,0.001,0.0
5.626944065093994,114,1,subida,-0.006884,-0.006864,2.341121,2.347770,0.000897,25.514215,0.0,0.001,0.0
5.658087968826294,115,1,subida,-0.006853,-0.006864,2.341121,2.346920,0.000898,25.514032,0.0,0.001,0.0
5.689446210861206,116,1,subida,-0.006884,-0.006864,2.341687,2.347701,0.000897,25.514032,0.0,0.001,0.0
5.720750331878662,117,1,subida,-0.006857,-0.006864,2.340847,2.347701,0.000898,25.518488,0.0,0.001,0.0
5.803429841995239,118,1,subida,-0.006884,-0.006864,2.340847,2.348357,0.000898,25.508265,0.0,0.001,0.0
5.844609022140503,119,1,subida,-0.006858,-0.006865,2.340167,2.348011,0.000898,25.508265,0.0,0.001,0.0
5.875786781311035,120,1,subida,-0.006881,-0.006865,2.340477,2.348011,0.000898,25.517878,0.0,0.001,0.0
5.958440065383911,121,1,subida,-0.006862,-0.006865,2.340477,2.347183,0.000897,25.512568,0.0,0.001,0.0
5.990232467651367,122,1,subida,-0.006882,-0.006866,2.341654,2.347358,0.000898,25.512568,0.0,0.001,0.0
6.041792154312134,123,1,subida,-0.006861,-0.006867,2.341455,2.347358,0.000898,25.512140,0.0,0.001,0.0
6.087847709655762,124,1,subida,-0.006877,-0.006868,2.341455,2.348491,0.000898,25.513361,0.0,0.001,0.0
6.1535375118255615,125,1,subida,-0.006863,-0.006867,2.340364,2.348247,0.000898,25.513361,0.0,0.001,0.0
6.185657262802124,126,1,subida,-0.006876,-0.006867,2.340066,2.348247,0.000897,25.509516,0.001,0.0,0.0
6.230752229690552,127,1,subida,-0.006866,-0.006867,2.340066,2.347385,0.000898,25.506983,0.0,0.001,0.0
6.265922546386719,128,1,subida,-0.006875,-0.006868,2.341657,2.347400,0.000897,25.506983,0.001,0.0,0.0
6.297446966171265,129,1,subida,-0.006868,-0.006867,2.341449,2.347400,0.000898,25.516901,0.0,0.001,0.0
6.329820394515991,130,1,subida,-0.006874,-0.006866,2.341449,2.348470,0.000897,25.512568,0.0,0.001,0.0
6.362058162689209,131,1,subida,-0.006873,-0.006867,2.340885,2.348238,0.000898,25.512568,0.0,0.001,0.0
6.410091161727905,132,1,subida,-0.006873,-0.006866,2.340072,2.348238,0.000898,25.513971,0.0,0.001,0.0
6.456374645233154,133,1,subida,-0.006879,-0.006866,2.340072,2.347844,0.000897,25.517633,0.0,0.001,0.0
6.492574214935303,134,1,subida,-0.006874,-0.006867,2.341329,2.347016,0.000898,25.517633,0.0,0.001,0.0
6.551596164703369,135,1,subida,-0.006877,-0.006867,2.341562,2.347016,0.000898,25.514215,0.0,0.001,0.0
6.598950624465942,136,1,subida,-0.006868,-0.006867,2.341562,2.348515,0.000898,25.512506,0.0,0.001,0.0
6.630292892456055,137,1,subida,-0.006879,-0.006866,2.340841,2.348783,0.000898,25.512506,0.0,0.001,0.0
6.663134574890137,138,1,subida,-0.006865,-0.006867,2.340167,2.348783,0.000898,25.514277,0.001,0.0,0.0
6.713138580322266,139,1,subida,-0.006880,-0.006867,2.340167,2.348002,0.000897,25.513422,0.0,0.001,0.0
6.763669967651367,140,1,subida,-0.006860,-0.006867,2.341028,2.347093,0.000898,25.513422,0.0,0.001,0.0
6.7935802936553955,141,1,subida,-0.006881,-0.006866,2.342045,2.347093,0.000898,25.507837,0.0,0.001,0.0
6.826096773147583,142,1,subida,-0.006859,-0.006867,2.342045,2.348178,0.000898,25.515863,0.001,0.0,0.0
6.906331300735474,143,1,subida,-0.006884,-0.006867,2.341154,2.348589,0.000898,25.515863,0.001,0.0,0.0
6.999743700027466,144,1,subida,-0.006856,-0.006866,2.340510,2.348589,0.000898,25.513605,0.0,0.001,0.0
7.031993865966797,145,1,subida,-0.006889,-0.006867,2.340510,2.348017,0.000898,25.512201,0.0,0.001,0.0
7.082781553268433,146,1,subida,-0.006856,-0.006868,2.340802,2.347239,0.000898,25.512201,0.0,0.001,0.0
7.1638617515563965,147,1,subida,-0.006886,-0.006866,2.341791,2.347239,0.000898,25.522028,0.0,0.001,0.0
7.209407567977905,148,1,subida,-0.006850,-0.006865,2.341791,2.347621,0.000898,25.513117,0.0,0.001,0.0
7.243582487106323,149,1,subida,-0.006886,-0.006867,2.341577,2.348750,0.000897,25.513117,0.0,0.001,0.0
7.287670135498047,150,1,subida,-0.006847,-0.006867,2.340596,2.348750,0.000898,25.510065,0.0,0.001,0.0
7.398725986480713,151,1,subida,-0.006886,-0.006867,2.340596,2.348267,0.000898,25.513910,0.0,0.001,0.0
7.450716495513916,152,1,subida,-0.006845,-0.006868,2.340632,2.347758,0.000898,25.513910,0.0,0.001,0.0
7.481862545013428,153,1,subida,-0.006885,-0.006869,2.341747,2.347758,0.000898,25.512323,0.0,0.001,0.0
7.543535470962524,154,1,subida,-0.006844,-0.006868,2.341747,2.347823,0.000898,25.511774,0.0,0.001,0.0
7.593175172805786,155,1,subida,-0.006884,-0.006868,2.341562,2.348515,0.000898,25.511774,0.0,0.001,0.0
7.643322229385376,156,1,subida,-0.006843,-0.006866,2.340659,2.348515,0.000898,25.519281,0.0,0.001,0.0
7.693893909454346,157,1,subida,-0.006889,-0.006866,2.340659,2.348309,0.000898,25.506739,0.0,0.001,0.0
7.798677444458008,158,1,subida,-0.006846,-0.006866,2.340474,2.347588,0.000898,25.506739,0.0,0.001,0.0
7.883018255233765,159,1,subida,-0.006883,-0.006866,2.341499,2.347588,0.000898,25.513300,0.0,0.001,0.0
7.9149274826049805,160,1,subida,-0.006842,-0.006867,2.341499,2.346884,0.000898,25.513361,0.0,0.001,0.0
7.962165594100952,161,1,subida,-0.006882,-0.006868,2.341550,2.348330,0.000898,25.513361,0.0,0.001,0.0
7.992910861968994,162,1,subida,-0.006844,-0.006869,2.341106,2.348330,0.000898,25.508783,0.0,0.001,0.0
8.090470314025879,163,1,subida,-0.006882,-0.006869,2.341106,2.348416,0.000898,25.517328,0.0,0.002,0.0
8.137506008148193,164,1,subida,-0.006847,-0.006868,2.340081,2.347829,0.000898,25.517328,0.0,0.001,0.0
8.233906269073486,165,1,subida,-0.006881,-0.006867,2.341309,2.347829,0.000898,25.514399,0.0,0.001,0.0
8.266669750213623,166,1,subida,-0.006849,-0.006867,2.341309,2.346983,0.000898,25.509638,0.0,0.001,0.0
8.314980506896973,167,1,subida,-0.006881,-0.006868,2.341538,2.347802,0.000898,25.509638,0.0,0.001,0.0
8.373456478118896,168,1,subida,-0.006852,-0.006868,2.340984,2.347802,0.000898,25.512262,0.0,0.001,0.0
8.423463106155396,169,1,subida,-0.006885,-0.006868,2.340984,2.348580,0.000898,25.509638,0.0,0.001,0.0
8.47359848022461,170,1,subida,-0.006858,-0.006867,2.340191,2.347764,0.000898,25.509638,0.0,0.001,0.0
8.523345470428467,171,1,subida,-0.006877,-0.006867,2.340707,2.347764,0.000898,25.516047,0.0,0.001,0.0
8.583302974700928,172,1,subida,-0.006855,-0.006871,2.340707,2.347337,0.000898,25.512079,0.0,0.001,0.0
8.663567066192627,173,1,subida,-0.006876,-0.006869,2.341735,2.347403,0.000898,25.512079,0.0,0.001,0.0
8.71363377571106,174,1,subida,-0.006858,-0.006868,2.341526,2.347403,0.000898,25.514765,0.0,0.001,0.0
8.763240098953247,175,1,subida,-0.006876,-0.006868,2.341526,2.348741,0.000897,25.510492,0.0,0.001,0.0
8.818756341934204,176,1,subida,-0.006863,-0.006868,2.340522,2.347981,0.000898,25.510492,0.0,0.001,0.0
8.858436584472656,177,1,subida,-0.006877,-0.006866,2.340325,2.347981,0.000898,25.512079,0.0,0.001,0.0
8.93550443649292,178,1,subida,-0.006866,-0.006867,2.340325,2.347251,0.000898,25.512751,0.0,0.001,0.0
8.96754002571106,179,1,subida,-0.006876,-0.006867,2.341526,2.347039,0.000898,25.512751,0.0,0.001,0.0
8.99876618385315,180,1,subida,-0.006869,-0.006868,2.341326,2.347039,0.000898,25.510309,0.0,0.001,0.0
9.02970838546753,181,1,subida,-0.006880,-0.006867,2.341326,2.348452,0.000897,25.510126,0.0,0.001,0.0
9.061347961425781,182,1,subida,-0.006875,-0.006868,2.340844,2.348366,0.000898,25.510126,0.0,0.002,0.0
9.093523025512695,183,1,subida,-0.006873,-0.006868,2.340483,2.348366,0.000897,25.516474,0.0,0.001,0.0
9.133474111557007,184,1,subida,-0.006874,-0.006867,2.340483,2.347469,0.000898,25.513422,0.0,0.001,0.0
9.17334246635437,185,1,subida,-0.006869,-0.006866,2.341660,2.346700,0.000898,25.513422,0.0,0.001,0.0
9.225739479064941,186,1,subida,-0.006875,-0.006867,2.341580,2.346700,0.000898,25.514948,0.0,0.001,0.0
9.270589113235474,187,1,subida,-0.006868,-0.006867,2.341580,2.348193,0.000898,25.511103,0.0,0.001,0.0
9.322176694869995,188,1,subida,-0.006879,-0.006868,2.340674,2.348398,0.000898,25.511103,0.0,0.001,0.0
9.36971402168274,189,1,subida,-0.006865,-0.006869,2.339860,2.348398,0.000898,25.512995,0.0,0.001,0.0
9.418248414993286,190,1,subida,-0.006880,-0.006868,2.339860,2.347963,0.000898,25.515863,0.0,0.001,0.0
9.458013772964478,191,1,subida,-0.006862,-0.006868,2.341282,2.347105,0.000898,25.515863,0.0,0.001,0.0
9.51281189918518,192,1,subida,-0.006883,-0.006867,2.341714,2.347105,0.000898,25.512201,0.0,0.001,0.0
9.576386213302612,193,1,subida,-0.006861,-0.006868,2.341714,2.347716,0.000898,25.508905,0.0,0.001,0.0
9.621061086654663,194,1,subida,-0.006885,-0.006866,2.341118,2.348926,0.000898,25.508905,0.0,0.001,0.0
9.69055700302124,195,1,subida,-0.006857,-0.006867,2.340453,2.348926,0.000898,25.518061,0.0,0.001,0.0
9.720864534378052,196,1,subida,-0.006885,-0.006865,2.340453,2.348062,0.000898,25.515558,0.0,0.001,0.0
9.751857280731201,197,1,subida,-0.006853,-0.006866,2.340838,2.347341,0.000898,25.515558,0.0,0.001,0.0
9.782485485076904,198,1,subida,-0.006882,-0.006866,2.341735,2.347341,0.000898,25.520563,0.0,0.001,0.0
9.83273720741272,199,1,subida,-0.006845,-0.006867,2.341735,2.347513,0.000898,25.517878,0.0,0.001,0.0
9.882062435150146,200,1,subida,-0.006881,-0.006868,2.341049,2.348315,0.000898,25.517878,0.0,0.001,0.0
9.914226531982422,201,1,subida,-0.006844,-0.006867,2.340713,2.348315,0.000898,25.515009,0.0,0.001,0.0
9.945403575897217,202,1,subida,-0.006883,-0.006868,2.340713,2.348047,0.000897,25.510065,0.0,0.001,0.0
10.009736061096191,203,1,subida,-0.006841,-0.006869,2.340420,2.347692,0.000898,25.510065,0.0,0.001,0.0
10.041150569915771,204,1,subida,-0.006882,-0.006868,2.341288,2.347692,0.000898,25.512445,0.0,0.001,0.0
10.072231531143188,205,1,subida,-0.006842,-0.006869,2.341288,2.347564,0.000898,25.519403,0.0,0.001,0.0
10.134786128997803,206,1,subida,-0.006884,-0.006867,2.341392,2.348398,0.000898,25.519403,0.001,0.0,0.0
10.180913925170898,207,1,subida,-0.006843,-0.006867,2.341034,2.348398,0.000898,25.514460,0.0,0.001,0.0
10.215317726135254,208,1,subida,-0.006885,-0.006867,2.341034,2.348267,0.000898,25.508814,0.001,0.0,0.0
10.281408786773682,209,1,subida,-0.006843,-0.006866,2.340224,2.347466,0.000898,25.508814,0.0,0.001,0.0
10.343223094940186,210,1,subida,-0.006884,-0.006866,2.341425,2.347466,0.000898,25.513056,0.0,0.001,0.0
10.597735166549683,211,1,subida,-0.006844,-0.006870,2.341425,2.346911,0.000898,25.509577,0.0,0.001,0.0
10.629027605056763,212,1,subida,-0.006883,-0.006871,2.341553,2.348247,0.000898,25.509577,0.0,0.001,0.0
10.68093729019165,213,1,subida,-0.006845,-0.006872,2.340632,2.348247,0.000898,25.514277,0.0,0.001,0.0
10.741451740264893,214,1,subida,-0.006882,-0.006870,2.340632,2.348673,0.000897,25.514277,0.0,0.001,0.0
10.793229341506958,215,1,subida,-0.006846,-0.006868,2.340289,2.347779,0.000898,25.514277,0.0,0.001,0.0
10.851745128631592,216,1,subida,-0.006881,-0.006869,2.340909,2.347779,0.000898,25.512506,0.0,0.001,0.0
10.888338565826416,217,1,subida,-0.006849,-0.006868,2.340909,2.346855,0.000898,25.511957,0.0,0.001,0.0
10.919126510620117,218,1,subida,-0.006882,-0.006868,2.341833,2.348106,0.000898,25.511957,0.0,0.001,0.0
10.951358318328857,219,1,subida,-0.006852,-0.006881,2.340933,2.348106,0.000898,25.513056,0.0,0.001,0.0
10.98292589187622,220,1,subida,-0.006882,-0.006869,2.340933,2.348619,0.000898,25.525446,0.0,0.001,0.0
11.016558170318604,221,1,subida,-0.006857,-0.006867,2.340569,2.348002,0.000898,25.525446,0.0,0.001,0.0
11.048699855804443,222,1,subida,-0.006884,-0.006866,2.340990,2.348002,0.000898,25.513849,0.0,0.001,0.0
11.081132650375366,223,1,subida,-0.006861,-0.006867,2.340990,2.347230,0.000898,25.510492,0.0,0.001,0.0
11.14028024673462,224,1,subida,-0.006882,-0.006866,2.341750,2.347445,0.000898,25.510492,0.0,0.001,0.0
11.208304643630981,225,1,subida,-0.006862,-0.006867,2.340903,2.347445,0.000898,25.511530,0.0,0.001,0.0
11.23940634727478,226,1,subida,-0.006881,-0.006868,2.340903,2.348318,0.000897,25.511713,0.0,0.001,0.0
11.271260261535645,227,1,subida,-0.006865,-0.006867,2.340587,2.347737,0.000898,25.511713,0.0,0.001,0.0
11.333446025848389,228,1,subida,-0.006879,-0.006867,2.340435,2.347737,0.000898,25.513910,0.0,0.001,0.0
11.462529182434082,229,1,subida,-0.006868,-0.006883,2.340435,2.347332,0.000898,25.507807,0.0,0.001,0.0
11.51296877861023,230,1,subida,-0.006877,-0.006867,2.341377,2.347463,0.000897,25.507807,0.0,0.001,0.0
11.572797536849976,231,1,subida,-0.006868,-0.006864,2.341624,2.347463,0.000898,25.515070,0.0,0.001,0.0
11.623175621032715,232,1,subida,-0.006875,-0.006864,2.341624,2.348261,0.000898,25.521173,0.0,0.001,0.0
11.673153400421143,233,1,subida,-0.006871,-0.006866,2.340617,2.348205,0.000898,25.521173,0.0,0.001,0.0
11.733444929122925,234,1,subida,-0.006873,-0.006866,2.340426,2.348205,0.000897,25.515985,0.0,0.001,0.0
11.783336877822876,235,1,subida,-0.006873,-0.006866,2.340426,2.347633,0.000898,25.507837,0.0,0.001,0.0
11.8271484375,236,1,subida,-0.006871,-0.006867,2.341633,2.347096,0.000898,25.507837,0.0,0.001,0.0
11.941712379455566,237,1,subida,-0.006877,-0.006879,2.341663,2.347096,0.000898,25.508783,0.0,0.001,0.0
11.9913010597229,238,1,subida,-0.006871,-0.006870,2.341663,2.348238,0.000898,25.507349,0.0,0.001,0.0
12.023038148880005,239,1,subida,-0.006880,-0.006865,2.341052,2.348553,0.000898,25.507349,0.0,0.001,0.0
12.102508783340454,240,1,subida,-0.006868,-0.006864,2.340531,2.348553,0.000898,25.514826,0.0,0.001,0.0
12.179693937301636,241,1,subida,-0.006882,-0.006864,2.340531,2.347966,0.000898,25.512812,0.0,0.001,0.0
12.248246669769287,242,1,subida,-0.006865,-0.006865,2.341040,2.346995,0.000897,25.512812,0.0,0.001,0.0
12.292025804519653,243,1,subida,-0.006883,-0.006866,2.341863,2.346995,0.000897,25.513849,0.0,0.001,0.0
12.324733972549438,244,1,subida,-0.006861,-0.006867,2.341863,2.347612,0.000898,25.517939,0.0,0.001,0.0
12.357717752456665,245,1,subida,-0.006884,-0.006867,2.341011,2.348506,0.000898,25.517939,0.0,0.001,0.0
12.391410112380981,246,1,subida,-0.006858,-0.006867,2.340480,2.348506,0.000898,25.518000,0.0,0.001,0.0
12.423412561416626,247,1,subida,-0.006885,-0.006868,2.340480,2.347865,0.000898,25.512140,0.0,0.001,0.0
12.53152346611023,248,1,subida,-0.006855,-0.006866,2.340900,2.347290,0.000898,25.512140,0.0,0.001,0.0
12.61298131942749,249,1,subida,-0.006886,-0.006866,2.341648,2.347290,0.000898,25.508417,0.0,0.001,0.0
12.648258447647095,250,1,subida,-0.006852,-0.006865,2.341648,2.347355,0.000898,25.511286,0.0,0.001,0.0
12.691726446151733,251,1,subida,-0.006886,-0.006865,2.341201,2.348226,0.000898,25.511286,0.0,0.001,0.0
12.722976922988892,252,1,subida,-0.006845,-0.006866,2.340602,2.348226,0.000898,25.518610,0.0,0.001,0.0
12.758185148239136,253,1,subida,-0.006883,-0.006866,2.340602,2.348151,0.000898,25.512323,0.0,0.001,0.0
12.807337284088135,254,1,subida,-0.006844,-0.006866,2.340447,2.347472,0.000898,25.512323,0.0,0.001,0.0
12.949026584625244,255,1,subida,-0.006884,-0.006885,2.341693,2.347472,0.000898,25.521784,0.0,0.001,0.0
12.98243498802185,256,1,subida,-0.006843,-0.006870,2.341693,2.347481,0.000898,25.512323,0.0,0.001,0.0
13.041587114334106,257,1,subida,-0.006884,-0.006867,2.341335,2.348062,0.000897,25.512323,0.001,0.0,0.0
13.091644525527954,258,1,subida,-0.006843,-0.006866,2.340879,2.348062,0.000898,25.515558,0.0,0.001,0.0
13.14066457748413,259,1,subida,-0.006884,-0.006866,2.340879,2.348500,0.000898,25.507410,0.0,0.001,0.0
13.168727397918701,260,1,subida,-0.006842,-0.006867,2.340194,2.347248,0.000897,25.507410,0.0,0.001,0.0
13.223630666732788,261,1,subida,-0.006883,-0.006866,2.341288,2.347248,0.000898,25.515009,0.0,0.001,0.0
13.256065845489502,262,1,subida,-0.006842,-0.006867,2.341288,2.346762,0.000898,25.512384,0.0,0.001,0.0
13.397043704986572,263,1,subida,-0.006884,-0.006866,2.341538,2.347984,0.000898,25.512384,0.0,0.001,0.0
13.444576025009155,264,1,subida,-0.006843,-0.006877,2.341133,2.347984,0.000898,25.516474,0.001,0.0,0.0
13.4757559299469,265,1,subida,-0.006881,-0.006871,2.341133,2.348562,0.000897,25.504908,0.0,0.001,0.0
13.52824091911316,266,1,subida,-0.006845,-0.006866,2.340134,2.347934,0.000898,25.504908,0.001,0.0,0.0
13.686609029769897,267,1,subida,-0.006882,-0.006866,2.341076,2.347934,0.000897,25.515985,0.001,0.0,0.0
13.728802919387817,268,1,subida,-0.006847,-0.006867,2.341076,2.346879,0.000898,25.512690,0.0,0.001,0.0
13.781226873397827,269,1,subida,-0.006881,-0.006867,2.341690,2.348068,0.000897,25.512690,0.0,0.001,0.0
13.831814289093018,270,1,subida,-0.006850,-0.006867,2.340930,2.348068,0.000898,25.521479,0.0,0.001,0.0
13.862213611602783,271,1,subida,-0.006881,-0.006866,2.340930,2.348235,0.000898,25.519892,0.0,0.001,0.0
13.906941652297974,272,1,subida,-0.006854,-0.006866,2.340266,2.347588,0.000898,25.519892,0.0,0.001,0.0
13.957831859588623,273,1,subida,-0.006880,-0.006879,2.341264,2.347588,0.000898,25.513422,0.0,0.001,0.0
13.988573551177979,274,1,subida,-0.006855,-0.006868,2.341264,2.347329,0.000898,25.508173,0.0,0.001,0.0
14.019618034362793,275,1,subida,-0.006880,-0.006866,2.341681,2.347564,0.000897,25.508173,0.0,0.001,0.0
14.050328969955444,276,1,subida,-0.006857,-0.006866,2.341294,2.347564,0.000898,25.512384,0.0,0.001,0.0
14.081285238265991,277,1,subida,-0.006878,-0.006865,2.341294,2.348387,0.000897,25.513422,0.0,0.0,0.0
14.132785320281982,278,1,subida,-0.006861,-0.006865,2.340513,2.347850,0.000898,25.513422,0.0,0.001,0.0
14.197930335998535,279,1,subida,-0.006876,-0.006867,2.340405,2.347850,0.000898,25.515009,0.0,0.001,0.0
14.246525764465332,280,1,subida,-0.006863,-0.006866,2.340405,2.347481,0.000898,25.517572,0.0,0.001,0.0
14.277456045150757,281,1,subida,-0.006876,-0.006867,2.341371,2.347126,0.000898,25.517572,0.0,0.001,0.0
14.309062004089355,282,1,subida,-0.006867,-0.006867,2.341297,2.347126,0.000898,25.519403,0.0,0.001,0.0
14.435600757598877,283,1,subida,-0.006876,-0.006868,2.341297,2.348339,0.000898,25.503687,0.0,0.001,0.0
14.486939907073975,284,1,subida,-0.006871,-0.006869,2.340632,2.348104,0.000898,25.503687,0.0,0.001,0.0
14.58150863647461,285,1,subida,-0.006874,-0.006866,2.339947,2.348104,0.000897,25.518793,0.0,0.001,0.0
14.612699747085571,286,1,subida,-0.006873,-0.006865,2.339947,2.347135,0.000898,25.508539,0.0,0.001,0.0
14.663386821746826,287,1,subida,-0.006875,-0.006865,2.341452,2.347194,0.000898,25.508539,0.0,0.001,0.0
14.723382472991943,288,1,subida,-0.006876,-0.006865,2.341598,2.347194,0.000898,25.517939,0.0,0.001,0.0
14.773060083389282,289,1,subida,-0.006871,-0.006866,2.341598,2.348285,0.000897,25.516657,0.0,0.001,0.0
14.823249816894531,290,1,subida,-0.006877,-0.006867,2.340894,2.348497,0.000898,25.516657,0.0,0.001,0.0
14.883302688598633,291,1,subida,-0.006868,-0.006868,2.340328,2.348497,0.000898,25.515863,0.0,0.001,0.0
14.933464050292969,292,1,subida,-0.006878,-0.006868,2.340328,2.347704,0.000897,25.511957,0.0,0.001,0.0
14.963915348052979,293,1,subida,-0.006864,-0.006873,2.341168,2.347129,0.000898,25.511957,0.0,0.001,0.0
15.012836217880249,294,1,subida,-0.006880,-0.006867,2.341684,2.347129,0.000898,25.512568,0.0,0.001,0.0
15.063118934631348,295,1,subida,-0.006863,-0.006867,2.341684,2.347913,0.000898,25.515192,0.0,0.001,0.0
15.123467922210693,296,1,subida,-0.006883,-0.006866,2.341145,2.348619,0.000898,25.515192,0.0,0.001,0.0
15.172774314880371,297,1,subida,-0.006860,-0.006866,2.340596,2.348619,0.000898,25.511713,0.0,0.001,0.0
15.222974061965942,298,1,subida,-0.006885,-0.006867,2.340596,2.347466,0.000898,25.514765,0.0,0.001,0.0
15.282921075820923,299,1,subida,-0.006857,-0.006867,2.341303,2.347224,0.000897,25.514765,0.0,0.001,0.0
15.332883596420288,300,1,subida,-0.006885,-0.006867,2.341630,2.347224,0.000898,25.514460,0.0,0.001,0.0
15.383134126663208,301,1,subida,-0.006854,-0.006867,2.341630,2.347507,0.000898,25.515436,0.0,0.001,0.0
15.443380355834961,302,1,subida,-0.006886,-0.006869,2.341079,2.348354,0.000898,25.515436,0.0,0.001,0.0
15.49324631690979,303,1,subida,-0.006851,-0.006868,2.340262,2.348354,0.000898,25.511652,0.0,0.001,0.0
15.5431809425354,304,1,subida,-0.006886,-0.006867,2.340262,2.348041,0.000898,25.510248,0.0,0.001,0.0
15.603323221206665,305,1,subida,-0.006848,-0.006867,2.340546,2.347257,0.000898,25.510248,0.0,0.001,0.0
15.653643131256104,306,1,subida,-0.006886,-0.006868,2.341758,2.347257,0.000898,25.512445,0.0,0.001,0.0
15.73315978050232,307,1,subida,-0.006846,-0.006867,2.341758,2.347391,0.000898,25.514338,0.0,0.001,0.0
15.81328558921814,308,1,subida,-0.006887,-0.006866,2.341645,2.348094,0.000898,25.514338,0.0,0.001,0.0
15.843590021133423,309,1,subida,-0.006845,-0.006866,2.341139,2.348094,0.000898,25.511469,0.0,0.001,0.0
15.892762899398804,310,1,subida,-0.006886,-0.006863,2.341139,2.348330,0.000898,25.505884,0.0,0.001,0.0
15.972909927368164,311,1,subida,-0.006845,-0.006863,2.340510,2.347594,0.000898,25.505884,0.0,0.001,0.0
16.03279423713684,312,1,subida,-0.006886,-0.006863,2.341449,2.347594,0.000898,25.520136,0.0,0.001,0.0
16.083008766174316,313,1,subida,-0.006844,-0.006865,2.341449,2.346834,0.000898,25.507959,0.0,0.001,0.0
16.132870197296143,314,1,subida,-0.006885,-0.006867,2.341613,2.348369,0.000898,25.507959,0.0,0.001,0.0
16.21296787261963,315,1,subida,-0.006846,-0.006867,2.341082,2.348369,0.000897,25.509302,0.0,0.001,0.0
16.29290533065796,316,1,subida,-0.006887,-0.006866,2.341082,2.348336,0.000898,25.509272,0.0,0.001,0.0
16.352971076965332,317,1,subida,-0.006849,-0.006869,2.340477,2.347743,0.000898,25.509272,0.0,0.001,0.0
16.40298318862915,318,1,subida,-0.006886,-0.006866,2.341392,2.347743,0.000898,25.510859,0.0,0.001,0.0
16.45326018333435,319,1,subida,-0.006851,-0.006866,2.341392,2.347007,0.000898,25.517939,0.0,0.001,0.0
16.51407742500305,320,1,subida,-0.006885,-0.006866,2.341547,2.348238,0.000898,25.517939,0.0,0.001,0.0
16.563756942749023,321,1,subida,-0.006851,-0.006866,2.341446,2.348238,0.000898,25.515924,0.0,0.001,0.0
16.613102912902832,322,1,subida,-0.006884,-0.006866,2.341446,2.348333,0.000898,25.514582,0.0,0.001,0.0
16.673462629318237,323,1,subida,-0.006854,-0.006867,2.340671,2.347966,0.000898,25.514582,0.001,0.0,0.0
16.723853588104248,324,1,subida,-0.006881,-0.006867,2.340966,2.347966,0.000897,25.509638,0.0,0.001,0.0
16.773894786834717,325,1,subida,-0.006855,-0.006868,2.340966,2.347206,0.000898,25.511530,0.0,0.001,0.0
16.80392622947693,326,1,subida,-0.006887,-0.006867,2.341869,2.347773,0.000897,25.511530,0.0,0.001,0.0
16.85386085510254,327,1,subida,-0.006859,-0.006870,2.341237,2.347773,0.000898,25.513422,0.0,0.001,0.0
16.913081407546997,328,1,subida,-0.006880,-0.006868,2.341237,2.348518,0.000898,25.511225,0.001,0.0,0.0
16.943562507629395,329,1,subida,-0.006861,-0.006867,2.340522,2.348035,0.000898,25.511225,0.0,0.001,0.0
16.993195295333862,330,1,subida,-0.006878,-0.006866,2.340456,2.348035,0.000897,25.514826,0.001,0.0,0.0
17.043437242507935,331,1,subida,-0.006863,-0.006865,2.340456,2.347186,0.000898,25.513300,0.0,0.001,0.0
17.093077898025513,332,1,subida,-0.006878,-0.006866,2.341869,2.347236,0.000898,25.513300,0.0,0.001,0.0
17.152915000915527,333,1,subida,-0.006866,-0.006867,2.341365,2.347236,0.000898,25.514948,0.001,0.0,0.0
17.202850580215454,334,1,subida,-0.006876,-0.006866,2.341365,2.348503,0.000898,25.511530,0.0,0.001,0.0
17.253016471862793,335,1,subida,-0.006869,-0.006867,2.340742,2.348190,0.000898,25.511530,0.0,0.001,0.0
17.313819885253906,336,1,subida,-0.006875,-0.006867,2.340629,2.348190,0.000898,25.516169,0.001,0.0,0.0
17.36504292488098,337,1,subida,-0.006871,-0.006869,2.340629,2.347486,0.000898,25.521051,0.0,0.001,0.0
17.39565634727478,338,1,subida,-0.006877,-0.006867,2.341460,2.347221,0.000898,25.521051,0.001,0.0,0.0
17.42675495147705,339,1,subida,-0.006874,-0.006867,2.341460,2.347221,0.000898,25.516413,0.0,0.001,0.0
17.45778799057007,340,1,subida,-0.006871,-0.006867,2.341460,2.348154,0.000898,25.508173,0.0,0.001,0.0
17.4940345287323,341,1,subida,-0.006876,-0.006865,2.340957,2.348261,0.000898,25.508173,0.0,0.001,0.0
17.540660858154297,342,1,subida,-0.006869,-0.006867,2.340292,2.348261,0.000898,25.513605,0.0,0.001,0.0
17.60381770133972,343,1,subida,-0.006879,-0.006867,2.340292,2.347651,0.000898,25.511225,0.0,0.001,0.0
17.653055429458618,344,1,subida,-0.006866,-0.006866,2.341252,2.347355,0.000898,25.511225,0.0,0.001,0.0
17.71311640739441,345,1,subida,-0.006881,-0.006867,2.341830,2.347355,0.000898,25.512018,0.0,0.001,0.0
17.744014739990234,346,1,subida,-0.006865,-0.006866,2.341830,2.347937,0.000898,25.506464,0.0,0.001,0.0
17.78392791748047,347,1,subida,-0.006884,-0.006867,2.341210,2.348446,0.000898,25.506464,0.0,0.001,0.0
17.843103647232056,348,1,subida,-0.006862,-0.006868,2.340415,2.348446,0.000898,25.513056,0.0,0.001,0.0
17.893240690231323,349,1,subida,-0.006885,-0.006867,2.340415,2.347868,0.000898,25.514948,0.0,0.001,0.0
17.95296621322632,350,1,subida,-0.006857,-0.006866,2.341162,2.347245,0.000898,25.514948,0.0,0.001,0.0
18.003137350082397,351,1,subida,-0.006885,-0.006867,2.341753,2.347245,0.000898,25.513361,0.0,0.001,0.0
18.052815675735474,352,1,subida,-0.006853,-0.006867,2.341753,2.347719,0.000898,25.518610,0.0,0.001,0.0
18.08290982246399,353,1,subida,-0.006882,-0.006867,2.341490,2.348893,0.000898,25.518610,0.0,0.001,0.0
18.1131374835968,354,1,subida,-0.006847,-0.006867,2.340665,2.348893,0.000898,25.515009,0.0,0.001,0.0
18.162733554840088,355,1,subida,-0.006882,-0.006867,2.340665,2.348214,0.000897,25.513849,0.0,0.001,0.0
18.213099241256714,356,1,subida,-0.006845,-0.006869,2.340709,2.347934,0.000898,25.513849,0.0,0.001,0.0
18.273375749588013,357,1,subida,-0.006883,-0.006867,2.342033,2.347934,0.000898,25.511469,0.0,0.001,0.0
18.323320388793945,358,1,subida,-0.006845,-0.006867,2.342033,2.347347,0.000898,25.513178,0.0,0.001,0.0
18.373182773590088,359,1,subida,-0.006885,-0.006870,2.341681,2.348553,0.000898,25.513178,0.0,0.001,0.0
18.432844877243042,360,1,subida,-0.006843,-0.006866,2.341172,2.348553,0.000898,25.515924,0.0,0.001,0.0
18.482950925827026,361,1,subida,-0.006886,-0.006866,2.341172,2.348607,0.000898,25.506678,0.0,0.001,0.0
18.532968521118164,362,1,subida,-0.006844,-0.006866,2.340501,2.347656,0.000898,25.506678,0.0,0.001,0.0
18.593066453933716,363,1,subida,-0.006885,-0.006867,2.341607,2.347656,0.000898,25.515436,0.0,0.001,0.0
18.642998695373535,364,1,subida,-0.006845,-0.006867,2.341607,2.347510,0.000898,25.512262,0.0,0.001,0.0
18.69294548034668,365,1,subida,-0.006884,-0.006867,2.341762,2.348795,0.000898,25.512262,0.0,0.001,0.0
18.753468990325928,366,1,subida,-0.006845,-0.006867,2.341460,2.348795,0.000898,25.517878,0.0,0.001,0.0
18.804211378097534,367,1,subida,-0.006886,-0.006868,2.341460,2.348482,0.000898,25.511103,0.0,0.001,0.0
18.835577249526978,368,1,subida,-0.006846,-0.006867,2.340471,2.348109,0.000898,25.511103,0.0,0.001,0.0
18.89696431159973,369,1,subida,-0.006883,-0.006869,2.341681,2.348109,0.000898,25.514032,0.0,0.001,0.0
18.977859258651733,370,1,subida,-0.006847,-0.006866,2.341681,2.347099,0.000898,25.509577,0.0,0.001,0.0
19.02465319633484,371,1,subida,-0.006882,-0.006868,2.341976,2.348229,0.000898,25.509577,0.0,0.001,0.0
19.06024146080017,372,1,subida,-0.006849,-0.006866,2.341365,2.348229,0.000898,25.516657,0.0,0.001,0.0
19.090769290924072,373,1,subida,-0.006882,-0.006866,2.341365,2.349144,0.000898,25.508783,0.0,0.001,0.0
19.121413230895996,374,1,subida,-0.006852,-0.006865,2.340894,2.347993,0.000898,25.508783,0.0,0.001,0.0
19.151931762695312,375,1,subida,-0.006882,-0.006867,2.341377,2.347993,0.000898,25.519342,0.0,0.001,0.0
19.202264308929443,376,1,subida,-0.006857,-0.006867,2.341377,2.347564,0.000898,25.518061,0.0,0.001,0.0
19.252658128738403,377,1,subida,-0.006881,-0.006867,2.342003,2.347832,0.000898,25.518061,0.0,0.001,0.0
19.312642335891724,378,1,subida,-0.006857,-0.006868,2.341392,2.347832,0.000898,25.514948,0.0,0.001,0.0
19.36277413368225,379,1,subida,-0.006879,-0.006871,2.341392,2.348449,0.000897,25.511164,0.0,0.001,0.0
19.442777156829834,380,1,subida,-0.006860,-0.006866,2.340528,2.347832,0.000898,25.511164,0.0,0.001,0.0
19.522650480270386,381,1,subida,-0.006878,-0.006866,2.340826,2.347832,0.000898,25.507074,0.0,0.001,0.0
19.602815866470337,382,1,subida,-0.006863,-0.006866,2.340826,2.347928,0.000898,25.514093,0.0,0.001,0.0
19.68325710296631,383,1,subida,-0.006877,-0.006866,2.342238,2.347808,0.000898,25.514093,0.0,0.001,0.0
19.732725381851196,384,1,subida,-0.006864,-0.006867,2.341499,2.347808,0.000898,25.508478,0.0,0.001,0.0
19.79287338256836,385,1,subida,-0.006876,-0.006867,2.341499,2.348646,0.000898,25.508966,0.0,0.001,0.0
19.843080759048462,386,1,subida,-0.006869,-0.006868,2.340465,2.347966,0.000898,25.508966,0.0,0.001,0.0
19.92306399345398,387,1,subida,-0.006875,-0.006867,2.340560,2.347966,0.000898,25.515253,0.0,0.001,0.0
19.96401834487915,388,1,subida,-0.006874,-0.006867,2.340560,2.347406,0.000898,25.514399,0.0,0.001,0.0
0.043157100677490234,390,1,subida,0.007549,0.007518,2.349269,2.341282,0.000899,25.518427,3.6,3.6,3.6
0.1186530590057373,391,1,subida,0.007513,0.007518,2.349269,2.342274,0.000898,25.509150,3.6,3.6,3.6
0.1500873565673828,392,1,subida,0.007547,0.007518,2.348351,2.341252,0.000898,25.509150,3.6,3.6,3.6
0.18170642852783203,393,1,subida,0.007515,0.007519,2.349194,2.341252,0.000898,25.511957,3.6,3.6,3.6
0.21348881721496582,394,1,subida,0.007546,0.007519,2.349194,2.340918,0.000898,25.513361,3.6,3.6,3.6
0.25407910346984863,395,1,subida,0.007515,0.007518,2.349695,2.341219,0.000898,25.513361,3.6,3.6,3.6
0.3140580654144287,396,1,subida,0.007544,0.007518,2.349069,2.341219,0.000899,25.520563,3.6,3.6,3.6
0.3541254997253418,397,1,subida,0.007513,0.007517,2.349069,2.342173,0.000898,25.511225,3.6,3.6,3.6
0.3955857753753662,398,1,subida,0.007540,0.007517,2.348598,2.341604,0.000899,25.511225,3.6,3.6,3.6
0.42659425735473633,399,1,subida,0.007516,0.007516,2.348655,2.341604,0.000898,25.513666,3.6,3.6,3.6
0.45822858810424805,400,1,subida,0.007539,0.007515,2.348655,2.340888,0.000898,25.510553,3.6,3.6,3.6
0.49024105072021484,401,1,subida,0.007516,0.007515,2.349600,2.341353,0.000898,25.510553,3.6,3.6,3.6
0.5210902690887451,402,1,subida,0.007536,0.007515,2.349310,2.341353,0.000898,25.513544,3.6,3.6,3.6
0.5834710597991943,403,1,subida,0.007516,0.007516,2.349310,2.342280,0.000898,25.512995,3.6,3.6,3.6
0.6307065486907959,404,1,subida,0.007533,0.007518,2.348580,2.341705,0.000898,25.512995,3.6,3.6,3.6
0.6673696041107178,405,1,subida,0.007518,0.007517,2.348497,2.341705,0.000898,25.513910,3.6,3.6,3.6
0.6995768547058105,406,1,subida,0.007532,0.007506,2.348497,2.340850,0.000898,25.511469,3.6,3.6,3.6
0.7305068969726562,407,1,subida,0.007518,0.007515,2.349632,2.340838,0.000898,25.511469,3.6,3.6,3.6
0.7925212383270264,408,1,subida,0.007531,0.007519,2.349418,2.340838,0.000898,25.516108,3.6,3.6,3.6
0.8434610366821289,409,1,subida,0.007518,0.007520,2.349418,2.341976,0.000898,25.511225,3.6,3.6,3.6
0.9027955532073975,410,1,subida,0.007528,0.007520,2.348855,2.341601,0.000898,25.511225,3.6,3.6,3.6
0.9528789520263672,411,1,subida,0.007521,0.007520,2.348452,2.341601,0.000898,25.512140,3.6,3.6,3.6
1.0330586433410645,412,1,subida,0.007526,0.007519,2.348452,2.341180,0.000898,25.511164,3.6,3.6,3.6
1.077707290649414,413,1,subida,0.007522,0.007519,2.349254,2.340742,0.000898,25.511164,3.6,3.6,3.6
1.1090285778045654,414,1,subida,0.007524,0.007518,2.349278,2.340742,0.000898,25.510798,3.6,3.6,3.6
1.16164231300354,415,1,subida,0.007522,0.007517,2.349278,2.341917,0.000898,25.513422,3.6,3.6,3.6
1.1934363842010498,416,1,subida,0.007519,0.007512,2.348807,2.341741,0.000898,25.513422,3.6,3.6,3.6
1.2565512657165527,417,1,subida,0.007523,0.007517,2.347898,2.341741,0.000898,25.518854,3.6,3.6,3.6
1.3232295513153076,418,1,subida,0.007517,0.007519,2.347898,2.341419,0.000898,25.512751,3.6,3.6,3.6
1.3832945823669434,419,1,subida,0.007525,0.007520,2.349239,2.340641,0.000898,25.512751,3.6,3.6,3.6
1.4336271286010742,420,1,subida,0.007519,0.007520,2.349620,2.340641,0.000898,25.516352,3.6,3.6,3.6
1.5129284858703613,421,1,subida,0.007529,0.007521,2.349620,2.341571,0.000898,25.511713,3.6,3.6,3.6
1.5786793231964111,422,1,subida,0.007516,0.007520,2.348998,2.341800,0.000898,25.511713,3.6,3.6,3.6
1.638352394104004,423,1,subida,0.007529,0.007519,2.348482,2.341800,0.000898,25.517084,3.6,3.6,3.6
1.6728169918060303,424,1,subida,0.007513,0.007519,2.348482,2.341249,0.000899,25.513971,3.6,3.6,3.6
1.7833232879638672,425,1,subida,0.007533,0.007519,2.349322,2.340602,0.000898,25.513971,3.6,3.6,3.6
1.8329813480377197,426,1,subida,0.007518,0.007520,2.350032,2.340602,0.000898,25.514460,3.6,3.6,3.6
1.8933982849121094,427,1,subida,0.007539,0.007520,2.350032,2.341470,0.000898,25.507349,3.6,3.6,3.6
1.943605661392212,428,1,subida,0.007516,0.007520,2.349313,2.341976,0.000898,25.507349,3.6,3.6,3.6
1.9839835166931152,429,1,subida,0.007540,0.007517,2.348604,2.341976,0.000898,25.509180,3.6,3.6,3.6
2.073075532913208,430,1,subida,0.007514,0.007518,2.348604,2.341374,0.000898,25.515558,3.6,3.6,3.6
2.1653757095336914,431,1,subida,0.007541,0.007519,2.349000,2.340665,0.000898,25.515558,3.6,3.6,3.6
2.1956028938293457,432,1,subida,0.007512,0.007514,2.349817,2.340665,0.000898,25.510309,3.6,3.6,3.6
2.22619891166687,433,1,subida,0.007543,0.007511,2.349817,2.341475,0.000898,25.511957,3.6,3.6,3.6
2.257035970687866,434,1,subida,0.007510,0.007519,2.349266,2.342286,0.000898,25.511957,3.6,3.6,3.6
2.3097383975982666,435,1,subida,0.007546,0.007521,2.348711,2.342286,0.000898,25.519281,3.6,3.6,3.6
2.3617026805877686,436,1,subida,0.007511,0.007520,2.348711,2.341896,0.000898,25.509760,3.6,3.6,3.6
2.393601655960083,437,1,subida,0.007546,0.007519,2.348628,2.340963,0.000899,25.509760,3.6,3.6,3.6
2.4335310459136963,438,1,subida,0.007511,0.007520,2.349784,2.340963,0.000898,25.513910,3.6,3.6,3.6
2.4734909534454346,439,1,subida,0.007550,0.007519,2.349784,2.341040,0.000898,25.518610,3.6,3.6,3.6
2.53310227394104,440,1,subida,0.007512,0.007519,2.349298,2.342012,0.000898,25.518610,3.6,3.6,3.6
2.5839624404907227,441,1,subida,0.007552,0.007519,2.348551,2.342012,0.000898,25.514582,3.6,3.6,3.6
2.645230770111084,442,1,subida,0.007510,0.007519,2.348551,2.342113,0.000898,25.508204,3.6,3.6,3.6
2.678643226623535,443,1,subida,0.007551,0.007519,2.348255,2.341264,0.000898,25.508204,3.6,3.6,3.6
2.758683681488037,444,1,subida,0.007510,0.007519,2.349597,2.341264,0.000898,25.507410,3.6,3.6,3.6
2.789595365524292,445,1,subida,0.007552,0.007520,2.349597,2.340537,0.000898,25.510614,3.6,3.6,3.6
2.8210158348083496,446,1,subida,0.007511,0.007522,2.349492,2.341836,0.000898,25.510614,3.6,3.6,3.6
2.8533968925476074,447,1,subida,0.007553,0.007521,2.348700,2.341836,0.000898,25.513605,3.6,3.6,3.6
2.9040982723236084,448,1,subida,0.007510,0.007521,2.348700,2.341776,0.000898,25.516718,3.6,3.6,3.6
2.935166597366333,449,1,subida,0.007550,0.007522,2.348372,2.341130,0.000898,25.516718,3.6,3.6,3.6
3.0176146030426025,450,1,subida,0.007512,0.007520,2.349534,2.341130,0.000898,25.513971,3.6,3.6,3.6
3.048753499984741,451,1,subida,0.007552,0.007519,2.349534,2.340897,0.000898,25.505213,3.6,3.6,3.6
3.089179277420044,452,1,subida,0.007513,0.007518,2.349516,2.342185,0.000898,25.505213,3.6,3.6,3.6
3.141681671142578,453,1,subida,0.007552,0.007519,2.348676,2.342185,0.000899,25.512629,3.6,3.6,3.6
3.1940042972564697,454,1,subida,0.007514,0.007516,2.348676,2.341994,0.000898,25.514704,3.6,3.6,3.6
3.235896348953247,455,1,subida,0.007550,0.007514,2.348255,2.341392,0.000898,25.514704,3.6,3.6,3.6
3.267474412918091,456,1,subida,0.007514,0.007519,2.349182,2.341392,0.000898,25.516291,3.6,3.599,3.6
3.29958176612854,457,1,subida,0.007548,0.007520,2.349182,2.340558,0.000899,25.507288,3.6,3.6,3.6
3.3520901203155518,458,1,subida,0.007514,0.007521,2.349766,2.341523,0.000898,25.507288,3.6,3.6,3.6
3.383596658706665,459,1,subida,0.007547,0.007522,2.349087,2.341523,0.000898,25.519526,3.6,3.6,3.6
3.4335005283355713,460,1,subida,0.007514,0.007520,2.349087,2.342080,0.000898,25.515192,3.6,3.6,3.6
3.493577718734741,461,1,subida,0.007543,0.007521,2.348247,2.341693,0.000898,25.515192,3.6,3.6,3.6
3.543422222137451,462,1,subida,0.007514,0.007521,2.348956,2.341693,0.000898,25.516413,3.6,3.6,3.6
3.583552122116089,463,1,subida,0.007542,0.007520,2.348956,2.340337,0.000898,25.514154,3.6,3.6,3.6
3.6230268478393555,464,1,subida,0.007516,0.007520,2.349799,2.341321,0.000898,25.514154,3.6,3.6,3.6
3.672966957092285,465,1,subida,0.007541,0.007518,2.349248,2.341321,0.000898,25.515680,3.6,3.6,3.6
3.7735743522644043,466,1,subida,0.007517,0.007519,2.349248,2.341937,0.000898,25.510675,3.6,3.6,3.6
3.813154458999634,467,1,subida,0.007536,0.007520,2.348396,2.341437,0.000898,25.510675,3.6,3.6,3.6
3.853389024734497,468,1,subida,0.007515,0.007519,2.348810,2.341437,0.000898,25.511225,3.6,3.6,3.6
3.893371820449829,469,1,subida,0.007533,0.007521,2.348810,2.340918,0.000898,25.519587,3.6,3.6,3.6
3.943220376968384,470,1,subida,0.007515,0.007522,2.349918,2.340674,0.000898,25.519587,3.6,3.6,3.6
3.993626117706299,471,1,subida,0.007530,0.007521,2.349227,2.340674,0.000899,25.518854,3.6,3.6,3.6
4.053921222686768,472,1,subida,0.007515,0.007520,2.349227,2.342060,0.000898,25.517450,3.6,3.6,3.6
4.103395223617554,473,1,subida,0.007526,0.007520,2.348694,2.341475,0.000898,25.517450,3.6,3.6,3.6
4.133540868759155,474,1,subida,0.007515,0.007520,2.348238,2.341475,0.000898,25.514948,3.6,3.6,3.6
4.183236122131348,475,1,subida,0.007525,0.007521,2.348238,2.340906,0.000898,25.508692,3.6,3.6,3.6
4.2333903312683105,476,1,subida,0.007518,0.007512,2.349364,2.340823,0.000898,25.508692,3.6,3.6,3.6
4.280896902084351,477,1,subida,0.007525,0.007519,2.349522,2.340823,0.000898,25.517389,3.6,3.6,3.6
4.341599941253662,478,1,subida,0.007513,0.007520,2.349522,2.341788,0.000898,25.509943,3.6,3.6,3.6
4.371737003326416,479,1,subida,0.007521,0.007520,2.348849,2.341902,0.000898,25.509943,3.6,3.6,3.6
4.422987461090088,480,1,subida,0.007522,0.007520,2.348151,2.341902,0.000898,25.513727,3.6,3.6,3.6
4.472587585449219,481,1,subida,0.007522,0.007519,2.348151,2.341475,0.000899,25.513544,3.6,3.6,3.6
4.532874345779419,482,1,subida,0.007525,0.007520,2.349492,2.340411,0.000898,25.513544,3.6,3.6,3.6
4.583284139633179,483,1,subida,0.007520,0.007520,2.349361,2.340411,0.000898,25.513117,3.6,3.6,3.6
4.633264780044556,484,1,subida,0.007526,0.007520,2.349361,2.341818,0.000898,25.514704,3.6,3.6,3.6
4.693206787109375,485,1,subida,0.007517,0.007520,2.348795,2.342298,0.000898,25.514704,3.6,3.6,3.6
4.743171215057373,486,1,subida,0.007528,0.007517,2.348247,2.342298,0.000898,25.512384,3.6,3.6,3.6
4.823331832885742,487,1,subida,0.007516,0.007521,2.348247,2.341088,0.000898,25.509943,3.6,3.6,3.6
4.853987455368042,488,1,subida,0.007529,0.007521,2.349015,2.340510,0.000898,25.509943,3.6,3.6,3.6
4.9033942222595215,489,1,subida,0.007513,0.007519,2.349209,2.340510,0.000898,25.522211,3.6,3.599,3.6
4.963632583618164,490,1,subida,0.007528,0.007519,2.349209,2.341383,0.000898,25.513422,3.6,3.6,3.6
5.013296365737915,491,1,subida,0.007512,0.007520,2.348774,2.342066,0.000898,25.513422,3.6,3.6,3.6
5.063459396362305,492,1,subida,0.007534,0.007519,2.348247,2.342066,0.000898,25.514154,3.6,3.6,3.6
5.143047571182251,493,1,subida,0.007511,0.007519,2.348247,2.341681,0.000898,25.511774,3.6,3.6,3.6
5.223151683807373,494,1,subida,0.007537,0.007516,2.348816,2.340698,0.000898,25.511774,3.6,3.6,3.6
5.299559831619263,495,1,subida,0.007511,0.007520,2.349424,2.340698,0.000898,25.511896,3.6,3.6,3.6
5.363740682601929,496,1,subida,0.007539,0.007521,2.349424,2.341017,0.000898,25.510675,3.6,3.6,3.6
5.413498640060425,497,1,subida,0.007510,0.007521,2.349111,2.341770,0.000898,25.510675,3.6,3.6,3.6
5.463107347488403,498,1,subida,0.007542,0.007521,2.348041,2.341770,0.000898,25.517572,3.6,3.6,3.6
5.523479223251343,499,1,subida,0.007509,0.007519,2.348041,2.341404,0.000898,25.505335,3.6,3.6,3.6
5.563531398773193,500,1,subida,0.007544,0.007519,2.348437,2.340990,0.000898,25.505335,3.6,3.6,3.6
5.60330057144165,501,1,subida,0.007509,0.007519,2.349433,2.340990,0.000898,25.512873,3.6,3.6,3.6
5.653231143951416,502,1,subida,0.007546,0.007524,2.349433,2.340757,0.000898,25.515314,3.6,3.6,3.6
5.703039646148682,503,1,subida,0.007509,0.007522,2.349260,2.341913,0.000898,25.515314,3.6,3.6,3.6
5.763128995895386,504,1,subida,0.007548,0.007522,2.348887,2.341913,0.000898,25.509302,3.6,3.6,3.6
5.818575620651245,505,1,subida,0.007508,0.007521,2.348887,2.341994,0.000898,25.513178,3.6,3.6,3.6
5.86333441734314,506,1,subida,0.007549,0.007520,2.348166,2.341070,0.000898,25.513178,3.6,3.6,3.6
5.922680854797363,507,1,subida,0.007509,0.007520,2.349522,2.341070,0.000898,25.519403,3.6,3.6,3.6
5.973047733306885,508,1,subida,0.007550,0.007521,2.349522,2.340647,0.000898,25.513666,3.6,3.6,3.6
6.023048162460327,509,1,subida,0.007509,0.007521,2.349245,2.342015,0.000898,25.513666,3.6,3.6,3.6
6.063441753387451,510,1,subida,0.007552,0.007521,2.348717,2.342015,0.000898,25.517389,3.6,3.6,3.6
6.102971315383911,511,1,subida,0.007511,0.007518,2.348717,2.341568,0.000898,25.515497,3.6,3.6,3.6
6.163258790969849,512,1,subida,0.007552,0.007519,2.348163,2.341061,0.000898,25.515497,3.6,3.6,3.6
6.244708299636841,513,1,subida,0.007512,0.007520,2.349167,2.341061,0.000898,25.513544,3.6,3.6,3.6
6.327075719833374,514,1,subida,0.007556,0.007519,2.349167,2.340468,0.000898,25.517511,3.599,3.6,3.6
6.359424591064453,515,1,subida,0.007517,0.007518,2.349567,2.341344,0.000898,25.517511,3.6,3.599,3.6
6.400934219360352,516,1,subida,0.007556,0.007518,2.348732,2.341344,0.000898,25.510492,3.6,3.6,3.6
6.453057050704956,517,1,subida,0.007515,0.007520,2.348732,2.342015,0.000898,25.514215,3.6,3.6,3.6
6.503334999084473,518,1,subida,0.007552,0.007520,2.348157,2.341338,0.000898,25.514215,3.6,3.6,3.6
6.563339471817017,519,1,subida,0.007515,0.007520,2.349215,2.341338,0.000898,25.518000,3.6,3.6,3.6
6.603392839431763,520,1,subida,0.007549,0.007517,2.349215,2.340355,0.000898,25.514215,3.6,3.6,3.6
6.642865419387817,521,1,subida,0.007515,0.007521,2.349531,2.341782,0.000898,25.514215,3.6,3.6,3.6
6.692806243896484,522,1,subida,0.007547,0.007521,2.348980,2.341782,0.000898,25.520563,3.6,3.6,3.6
6.743013858795166,523,1,subida,0.007514,0.007520,2.348980,2.342274,0.000898,25.519648,3.6,3.6,3.6
6.803002119064331,524,1,subida,0.007545,0.007520,2.348440,2.341559,0.000899,25.519648,3.6,3.599,3.6
6.853134870529175,525,1,subida,0.007515,0.007519,2.348977,2.341559,0.000898,25.509455,3.6,3.6,3.6
6.898468971252441,526,1,subida,0.007540,0.007519,2.348977,2.340966,0.000898,25.509455,3.6,3.6,3.6
6.932089328765869,527,1,subida,0.007515,0.007519,2.349859,2.341398,0.000898,25.509455,3.6,3.6,3.6
6.9632062911987305,528,1,subida,0.007537,0.007519,2.349176,2.341398,0.000898,25.517145,3.6,3.6,3.6
7.013435125350952,529,1,subida,0.007512,0.007519,2.349176,2.342188,0.000898,25.515802,3.6,3.6,3.6
7.063575744628906,530,1,subida,0.007534,0.007519,2.348497,2.341490,0.000898,25.515802,3.6,3.599,3.6
7.173354864120483,531,1,subida,0.007516,0.007520,2.348706,2.341490,0.000898,25.510370,3.6,3.6,3.6
7.223237037658691,532,1,subida,0.007534,0.007520,2.348706,2.341049,0.000898,25.515375,3.6,3.6,3.6
7.283675670623779,533,1,subida,0.007516,0.007521,2.349570,2.341222,0.000898,25.515375,3.6,3.6,3.6
7.3334290981292725,534,1,subida,0.007532,0.007521,2.349164,2.341222,0.000899,25.511347,3.6,3.6,3.6
7.383164882659912,535,1,subida,0.007517,0.007519,2.349164,2.342045,0.000898,25.507471,3.6,3.6,3.6
7.430695295333862,536,1,subida,0.007529,0.007519,2.348759,2.341753,0.000898,25.507471,3.6,3.6,3.6
7.462739706039429,537,1,subida,0.007519,0.007519,2.348315,2.341753,0.000898,25.512751,3.6,3.6,3.6
7.509591817855835,538,1,subida,0.007526,0.007519,2.348315,2.341166,0.000899,25.508356,3.6,3.6,3.6
7.541770935058594,539,1,subida,0.007519,0.007519,2.349453,2.340656,0.000898,25.508356,3.6,3.6,3.6
7.6685121059417725,540,1,subida,0.007526,0.007520,2.349284,2.340656,0.000898,25.515192,3.6,3.6,3.6
7.751417875289917,541,1,subida,0.007521,0.007521,2.349284,2.342247,0.000898,25.509516,3.6,3.6,3.6
7.810487747192383,542,1,subida,0.007522,0.007520,2.348849,2.341931,0.000898,25.509516,3.6,3.6,3.6
7.841369867324829,543,1,subida,0.007523,0.007520,2.348115,2.341931,0.000898,25.507288,3.6,3.6,3.6
7.878637075424194,544,1,subida,0.007521,0.007520,2.348115,2.341329,0.000898,25.515802,3.6,3.6,3.6
7.910458087921143,545,1,subida,0.007525,0.007521,2.349495,2.341079,0.000898,25.515802,3.6,3.6,3.6
8.068737506866455,546,1,subida,0.007519,0.007519,2.349507,2.341079,0.000898,25.514948,3.6,3.6,3.6
8.161380052566528,547,1,subida,0.007526,0.007520,2.349507,2.341687,0.000898,25.513361,3.6,3.6,3.6
8.211426973342896,548,1,subida,0.007516,0.007521,2.348744,2.342107,0.000898,25.513361,3.6,3.6,3.6
8.261189460754395,549,1,subida,0.007528,0.007520,2.348249,2.342107,0.000898,25.517633,3.6,3.6,3.6
8.293577909469604,550,1,subida,0.007514,0.007520,2.348249,2.341428,0.000898,25.509821,3.6,3.6,3.6
8.342768430709839,551,1,subida,0.007530,0.007522,2.349203,2.340847,0.000898,25.509821,3.6,3.6,3.6
8.436147689819336,552,1,subida,0.007514,0.007521,2.349781,2.340847,0.000898,25.517328,3.6,3.6,3.6
8.46731948852539,553,1,subida,0.007532,0.007521,2.349781,2.340990,0.000898,25.520380,3.6,3.6,3.6
8.498560428619385,554,1,subida,0.007510,0.007520,2.349224,2.342238,0.000898,25.520380,3.6,3.6,3.6
8.533404350280762,555,1,subida,0.007536,0.007521,2.348172,2.342238,0.000898,25.514460,3.6,3.6,3.6
8.582803010940552,556,1,subida,0.007511,0.007521,2.348172,2.341443,0.000898,25.515863,3.6,3.6,3.6
8.6931734085083,557,1,subida,0.007539,0.007519,2.348977,2.340852,0.000898,25.515863,3.6,3.6,3.6
8.754060983657837,558,1,subida,0.007510,0.007520,2.349716,2.340852,0.000898,25.512445,3.6,3.6,3.6
8.803000926971436,559,1,subida,0.007541,0.007521,2.349716,2.341741,0.000898,25.517328,3.6,3.6,3.6
8.853108882904053,560,1,subida,0.007510,0.007521,2.349164,2.342036,0.000898,25.517328,3.6,3.6,3.6
8.893579721450806,561,1,subida,0.007544,0.007520,2.348369,2.342036,0.000898,25.514765,3.6,3.6,3.6
8.932849645614624,562,1,subida,0.007509,0.007521,2.348369,2.341735,0.000898,25.512751,3.6,3.6,3.6
9.012900352478027,563,1,subida,0.007546,0.007521,2.348557,2.340891,0.000899,25.512751,3.6,3.6,3.6
9.072610139846802,564,1,subida,0.007508,0.007521,2.349912,2.340891,0.000898,25.511896,3.6,3.6,3.6
9.1231689453125,565,1,subida,0.007547,0.007518,2.349912,2.340927,0.000898,25.518732,3.6,3.6,3.6
9.173466444015503,566,1,subida,0.007507,0.007522,2.349132,2.341928,0.000898,25.518732,3.6,3.6,3.6
9.23372769355774,567,1,subida,0.007549,0.007521,2.348986,2.341928,0.000898,25.518732,3.6,3.6,3.6
9.283185482025146,568,1,subida,0.007509,0.007521,2.348986,2.341520,0.000898,25.511042,3.6,3.6,3.6
9.333289623260498,569,1,subida,0.007551,0.007520,2.348217,2.341255,0.000898,25.511042,3.6,3.6,3.6
9.393241882324219,570,1,subida,0.007510,0.007521,2.349707,2.341255,0.000898,25.510370,3.6,3.6,3.6
9.443322658538818,571,1,subida,0.007552,0.007520,2.349707,2.341127,0.000898,25.512506,3.6,3.601,3.6
9.493070840835571,572,1,subida,0.007510,0.007519,2.349656,2.342241,0.000898,25.512506,3.6,3.6,3.6
9.55324125289917,573,1,subida,0.007551,0.007520,2.349024,2.342241,0.000898,25.516413,3.6,3.6,3.6
9.602761030197144,574,1,subida,0.007511,0.007520,2.349024,2.341919,0.000898,25.513605,3.6,3.6,3.6
9.652878522872925,575,1,subida,0.007552,0.007520,2.348345,2.340969,0.000898,25.513605,3.6,3.6,3.6
9.71311068534851,576,1,subida,0.007512,0.007522,2.349325,2.340969,0.000898,25.520746,3.6,3.6,3.6
9.762672424316406,577,1,subida,0.007551,0.007522,2.349325,2.340343,0.000898,25.507410,3.6,3.6,3.6
9.812705993652344,578,1,subida,0.007510,0.007522,2.349716,2.342167,0.000898,25.507410,3.6,3.6,3.6
9.873095035552979,579,1,subida,0.007549,0.007521,2.349182,2.342167,0.000898,25.518671,3.6,3.6,3.6
9.922901391983032,580,1,subida,0.007512,0.007519,2.349182,2.342033,0.000898,25.511469,3.6,3.6,3.6
9.972986698150635,581,1,subida,0.007547,0.007520,2.348285,2.341341,0.000898,25.511469,3.6,3.6,3.6
10.033029556274414,582,1,subida,0.007513,0.007520,2.349132,2.341341,0.000898,25.514704,3.6,3.6,3.6
10.082774639129639,583,1,subida,0.007545,0.007521,2.349132,2.340689,0.000899,25.519770,3.6,3.601,3.6
10.132908582687378,584,1,subida,0.007513,0.007519,2.349689,2.341514,0.000898,25.519770,3.6,3.6,3.6
10.193125009536743,585,1,subida,0.007544,0.007521,2.349191,2.341514,0.000898,25.521540,3.6,3.6,3.6
10.24275255203247,586,1,subida,0.007515,0.007521,2.349191,2.342223,0.000898,25.515741,3.6,3.6,3.6
10.292644023895264,587,1,subida,0.007541,0.007522,2.348184,2.341633,0.000898,25.515741,3.6,3.6,3.6
10.353221893310547,588,1,subida,0.007515,0.007521,2.348989,2.341633,0.000898,25.512629,3.6,3.6,3.6
10.403452634811401,589,1,subida,0.007539,0.007522,2.348989,2.341079,0.000898,25.515192,3.6,3.6,3.6
10.453261852264404,590,1,subida,0.007516,0.007522,2.349793,2.341681,0.000898,25.515192,3.6,3.6,3.6
10.513341188430786,591,1,subida,0.007536,0.007521,2.349239,2.341681,0.000898,25.524591,3.6,3.6,3.6
10.56309175491333,592,1,subida,0.007516,0.007519,2.349239,2.342468,0.000898,25.513849,3.6,3.6,3.6
10.613417625427246,593,1,subida,0.007531,0.007520,2.348431,2.341726,0.000899,25.513849,3.6,3.6,3.6
10.673865556716919,594,1,subida,0.007515,0.007521,2.348467,2.341726,0.000898,25.520258,3.6,3.6,3.6
10.70379114151001,595,1,subida,0.007528,0.007521,2.348467,2.340826,0.000898,25.510004,3.6,3.6,3.6
10.753418684005737,596,1,subida,0.007514,0.007519,2.349695,2.340841,0.000898,25.510004,3.6,3.6,3.6
10.803539991378784,597,1,subida,0.007524,0.007520,2.349537,2.340841,0.000898,25.515009,3.6,3.6,3.6
10.863742589950562,598,1,subida,0.007514,0.007521,2.349537,2.342456,0.000898,25.514521,3.6,3.6,3.6
10.90343189239502,599,1,subida,0.007521,0.007521,2.348792,2.341809,0.000898,25.514521,3.6,3.6,3.6
10.963425397872925,600,1,subida,0.007517,0.007522,2.348408,2.341809,0.000898,25.512018,3.6,3.6,3.6
11.013472557067871,601,1,subida,0.007521,0.007522,2.348408,2.341115,0.000898,25.512751,3.6,3.6,3.6
11.073491096496582,602,1,subida,0.007520,0.007522,2.349409,2.340703,0.000898,25.512751,3.6,3.6,3.6
11.123074769973755,603,1,subida,0.007520,0.007520,2.349447,2.340703,0.000898,25.516962,3.6,3.6,3.6
11.163772344589233,604,1,subida,0.007511,0.007521,2.349447,2.341764,0.000898,25.516779,3.6,3.6,3.6
11.204230308532715,605,1,subida,0.007516,0.007520,2.349263,2.342238,0.000898,25.516779,3.6,3.6,3.6
11.235748529434204,606,1,subida,0.007525,0.007521,2.348291,2.342238,0.000898,25.518915,3.6,3.6,3.6
11.266751050949097,607,1,subida,0.007517,0.007520,2.348291,2.341079,0.000898,25.513483,3.6,3.6,3.6
11.298450708389282,608,1,subida,0.007527,0.007520,2.349480,2.340808,0.000898,25.513483,3.6,3.6,3.6
11.329708099365234,609,1,subida,0.007514,0.007520,2.349617,2.340808,0.000898,25.518915,3.6,3.6,3.6
11.361148595809937,610,1,subida,0.007529,0.007520,2.349617,2.342036,0.000898,25.511469,3.6,3.6,3.6
11.413248538970947,611,1,subida,0.007512,0.007519,2.349161,2.342343,0.000898,25.511469,3.6,3.6,3.6
11.473313570022583,612,1,subida,0.007532,0.007521,2.348396,2.342343,0.000898,25.513483,3.6,3.6,3.6
11.52357292175293,613,1,subida,0.007511,0.007521,2.348396,2.341198,0.000898,25.518122,3.6,3.6,3.6
11.573173522949219,614,1,subida,0.007535,0.007521,2.349051,2.340763,0.000898,25.518122,3.6,3.6,3.6
11.613467931747437,615,1,subida,0.007511,0.007522,2.349957,2.340763,0.000898,25.516291,3.6,3.6,3.6
11.682981014251709,616,1,subida,0.007523,0.007521,2.349957,2.341854,0.000898,25.514154,3.6,3.6,3.6
11.713550090789795,617,1,subida,0.007506,0.007521,2.349161,2.342217,0.000898,25.514154,3.6,3.6,3.6
11.763383626937866,618,1,subida,0.007542,0.007520,2.348711,2.342217,0.000898,25.510431,3.6,3.6,3.6
11.843454599380493,619,1,subida,0.007510,0.007520,2.348711,2.341925,0.000898,25.514948,3.6,3.6,3.6
11.923197269439697,620,1,subida,0.007546,0.007519,2.348786,2.340978,0.000898,25.514948,3.6,3.6,3.6
12.003238439559937,621,1,subida,0.007510,0.007520,2.349531,2.340978,0.000898,25.510065,3.6,3.6,3.6
12.063008546829224,622,1,subida,0.007547,0.007519,2.349531,2.341183,0.000898,25.512445,3.6,3.6,3.6
12.11299467086792,623,1,subida,0.007508,0.007521,2.349436,2.342024,0.000898,25.512445,3.6,3.6,3.6
12.163007259368896,624,1,subida,0.007548,0.007520,2.348649,2.342024,0.000898,25.517511,3.6,3.6,3.6
12.22325873374939,625,1,subida,0.007508,0.007521,2.348649,2.341905,0.000898,25.510370,3.6,3.6,3.6
12.27298903465271,626,1,subida,0.007549,0.007522,2.348390,2.341419,0.000898,25.510370,3.6,3.6,3.6
12.32321810722351,627,1,subida,0.007508,0.007519,2.349650,2.341419,0.000898,25.516779,3.6,3.6,3.6
12.403202295303345,628,1,subida,0.007534,0.007521,2.349650,2.341037,0.000898,25.514765,3.6,3.6,3.6
12.483938694000244,629,1,subida,0.007505,0.007521,2.349272,2.342152,0.000898,25.514765,3.6,3.6,3.6
12.563222408294678,630,1,subida,0.007552,0.007522,2.348777,2.342152,0.000898,25.515741,3.6,3.6,3.6
12.623120784759521,631,1,subida,0.007511,0.007521,2.348777,2.341845,0.000898,25.514215,3.6,3.6,3.6
12.67348575592041,632,1,subida,0.007552,0.007521,2.348217,2.341374,0.000899,25.514215,3.6,3.6,3.6
12.723274230957031,633,1,subida,0.007511,0.007524,2.349608,2.341374,0.000898,25.513971,3.6,3.6,3.6
12.783377885818481,634,1,subida,0.007551,0.007524,2.349608,2.340554,0.000899,25.515680,3.6,3.6,3.6
12.832808017730713,635,1,subida,0.007512,0.007523,2.349600,2.341881,0.000898,25.515680,3.6,3.6,3.6
12.883443355560303,636,1,subida,0.007551,0.007523,2.349153,2.341881,0.000898,25.516596,3.6,3.6,3.6
12.943565130233765,637,1,subida,0.007512,0.007523,2.349153,2.341964,0.000898,25.512201,3.6,3.6,3.6
12.994152307510376,638,1,subida,0.007547,0.007525,2.348139,2.341493,0.000898,25.512201,3.6,3.6,3.6
13.033867359161377,639,1,subida,0.007512,0.007523,2.349144,2.341493,0.000898,25.516779,3.6,3.6,3.6
13.0736722946167,640,1,subida,0.007529,0.007521,2.349144,2.340644,0.000898,25.516657,3.6,3.6,3.6
13.122036933898926,641,1,subida,0.007510,0.007522,2.349865,2.341466,0.000898,25.516657,3.6,3.6,3.6
13.182934045791626,642,1,subida,0.007545,0.007522,2.348977,2.341466,0.000898,25.514399,3.6,3.6,3.6
13.28026819229126,643,1,subida,0.007515,0.007522,2.348977,2.342229,0.000898,25.519403,3.6,3.6,3.6
13.313029527664185,644,1,subida,0.007542,0.007523,2.348241,2.341526,0.000899,25.519403,3.6,3.6,3.6
13.348052740097046,645,1,subida,0.007517,0.007524,2.348774,2.341526,0.000898,25.513483,3.6,3.6,3.6
13.4103524684906,646,1,subida,0.007540,0.007524,2.348774,2.340963,0.000898,25.508966,3.6,3.6,3.6
13.441965579986572,647,1,subida,0.007517,0.007523,2.349829,2.341404,0.000898,25.508966,3.6,3.6,3.6
13.488118171691895,648,1,subida,0.007538,0.007524,2.349278,2.341404,0.000899,25.515619,3.6,3.6,3.6
13.553413152694702,649,1,subida,0.007517,0.007524,2.349278,2.342182,0.000898,25.507715,3.6,3.6,3.6
13.603585243225098,650,1,subida,0.007534,0.007523,2.348619,2.341592,0.000898,25.507715,3.6,3.6,3.6
13.682970523834229,651,1,subida,0.007518,0.007522,2.348592,2.341592,0.000898,25.515497,3.6,3.6,3.6
13.727963209152222,652,1,subida,0.007514,0.007522,2.348592,2.341013,0.000898,25.510981,3.6,3.6,3.6
13.759970664978027,653,1,subida,0.007515,0.007522,2.349910,2.341240,0.000898,25.510981,3.6,3.6,3.6
13.784499645233154,654,1,subida,0.007529,0.007522,2.349561,2.341240,0.000898,25.515863,3.6,3.6,3.6
13.81982707977295,655,1,subida,0.007520,0.007523,2.349561,2.342074,0.000898,25.520258,3.6,3.6,3.6
13.868451595306396,656,1,subida,0.007526,0.007522,2.349015,2.341970,0.000898,25.520258,3.6,3.6,3.6
13.918991565704346,657,1,subida,0.007521,0.007523,2.348354,2.341970,0.000898,25.520258,3.6,3.6,3.6
14.001991748809814,658,1,subida,0.007523,0.007523,2.348354,2.341475,0.000898,25.515680,3.6,3.6,3.6
14.04620909690857,659,1,subida,0.007521,0.007523,2.349889,2.340593,0.000898,25.515680,3.6,3.6,3.6
14.078736782073975,660,1,subida,0.007521,0.007521,2.349361,2.340593,0.000898,25.515131,3.6,3.6,3.6
14.111289024353027,661,1,subida,0.007523,0.007522,2.349361,2.341648,0.000898,25.513300,3.6,3.6,3.6
14.145699501037598,662,1,subida,0.007518,0.007520,2.348965,2.341776,0.000898,25.513300,3.6,3.6,3.6
14.179303407669067,663,1,subida,0.007525,0.007521,2.348154,2.341776,0.000898,25.512934,3.6,3.6,3.6
14.227442264556885,664,1,subida,0.007500,0.007521,2.348154,2.341458,0.000899,25.516474,3.6,3.6,3.6
14.268337488174438,665,1,subida,0.007526,0.007519,2.349442,2.340832,0.000898,25.516474,3.6,3.6,3.6
14.323424339294434,666,1,subida,0.007516,0.007519,2.349686,2.340832,0.000898,25.514399,3.6,3.6,3.6
14.384828329086304,667,1,subida,0.007531,0.007520,2.349686,2.342009,0.000898,25.511835,3.6,3.6,3.6
14.417582511901855,668,1,subida,0.007513,0.007521,2.349010,2.342062,0.000898,25.511835,3.6,3.6,3.6
14.509569883346558,669,1,subida,0.007533,0.007519,2.348059,2.342062,0.000898,25.513910,3.6,3.6,3.6
14.545523166656494,670,1,subida,0.007511,0.007517,2.348059,2.341395,0.000898,25.510492,3.6,3.6,3.6
14.57738208770752,671,1,subida,0.007536,0.007520,2.348750,2.340659,0.000898,25.510492,3.6,3.6,3.6
14.611001014709473,672,1,subida,0.007510,0.007522,2.349787,2.340659,0.000898,25.518732,3.6,3.6,3.6
14.815808534622192,673,1,subida,0.007538,0.007521,2.349787,2.341189,0.000898,25.521173,3.6,3.6,3.6
14.86277437210083,674,1,subida,0.007508,0.007523,2.349021,2.342131,0.000898,25.521173,3.6,3.6,3.6
14.894496202468872,675,1,subida,0.007541,0.007522,2.348577,2.342131,0.000898,25.510859,3.6,3.6,3.6
14.92572021484375,676,1,subida,0.007500,0.007521,2.348577,2.341526,0.000898,25.509027,3.6,3.6,3.6
14.99137544631958,677,1,subida,0.007544,0.007522,2.348464,2.340936,0.000898,25.509027,3.6,3.6,3.6
15.022985458374023,678,1,subida,0.007509,0.007521,2.349892,2.340936,0.000898,25.515436,3.6,3.6,3.6
15.068779945373535,679,1,subida,0.007547,0.007521,2.349892,2.341118,0.000899,25.512018,3.6,3.6,3.6
15.105124950408936,680,1,subida,0.007508,0.007522,2.349367,2.342268,0.000898,25.512018,3.6,3.6,3.6
15.148925542831421,681,1,subida,0.007549,0.007522,2.348777,2.342268,0.000898,25.513361,3.6,3.6,3.6
15.18227481842041,682,1,subida,0.007509,0.007522,2.348777,2.341919,0.000898,25.517145,3.6,3.6,3.6
15.232004642486572,683,1,subida,0.007549,0.007523,2.348828,2.341249,0.000898,25.517145,3.6,3.6,3.6
15.263039588928223,684,1,subida,0.007512,0.007523,2.349841,2.341249,0.000898,25.518305,3.6,3.6,3.6
15.295419216156006,685,1,subida,0.007555,0.007524,2.349841,2.340918,0.000898,25.504847,3.6,3.6,3.6
15.326832056045532,686,1,subida,0.007513,0.007523,2.349224,2.341720,0.000898,25.504847,3.6,3.599,3.6
15.392311334609985,687,1,subida,0.007554,0.007523,2.348843,2.341720,0.000898,25.517939,3.6,3.6,3.6
15.47230076789856,688,1,subida,0.007512,0.007523,2.348843,2.341651,0.000898,25.516535,3.6,3.6,3.6
15.519503593444824,689,1,subida,0.007552,0.007522,2.348357,2.341037,0.000899,25.516535,3.6,3.6,3.6
15.61681842803955,690,1,subida,0.007512,0.007523,2.349751,2.341037,0.000898,25.518305,3.6,3.6,3.6
15.66260838508606,691,1,subida,0.007552,0.007523,2.349751,2.340489,0.000898,25.514460,3.6,3.6,3.6
15.742577314376831,692,1,subida,0.007512,0.007522,2.349534,2.341583,0.000898,25.514460,3.6,3.6,3.6
15.77855634689331,693,1,subida,0.007550,0.007521,2.349123,2.341583,0.000899,25.514826,3.6,3.6,3.6
15.822962045669556,694,1,subida,0.007514,0.007522,2.349123,2.342387,0.000898,25.513544,3.6,3.6,3.6
15.854808807373047,695,1,subida,0.007549,0.007523,2.348145,2.341577,0.000898,25.513544,3.599,3.6,3.6
15.884765148162842,696,1,subida,0.007515,0.007523,2.349221,2.341577,0.000898,25.520014,3.6,3.599,3.6
16.001362085342407,697,1,subida,0.007546,0.007522,2.349221,2.340516,0.000898,25.516291,3.6,3.6,3.6
16.06110167503357,698,1,subida,0.007515,0.007523,2.349960,2.341601,0.000898,25.516291,3.6,3.6,3.6
16.111022233963013,699,1,subida,0.007544,0.007524,2.349114,2.341601,0.000898,25.509943,3.6,3.6,3.6
16.161268711090088,700,1,subida,0.007514,0.007521,2.349114,2.342250,0.000898,25.512568,3.6,3.6,3.6
16.19288206100464,701,1,subida,0.007540,0.007522,2.348264,2.341657,0.000898,25.512568,3.6,3.6,3.6
16.25086760520935,702,1,subida,0.007515,0.007522,2.348795,2.341657,0.000898,25.515985,3.6,3.6,3.6
16.289353609085083,703,1,subida,0.007536,0.007523,2.348795,2.340882,0.000898,25.510370,3.6,3.599,3.6
16.460527658462524,704,1,subida,0.007514,0.007522,2.349910,2.341291,0.000898,25.510370,3.6,3.6,3.6
16.50490403175354,705,1,subida,0.007535,0.007523,2.349474,2.341291,0.000898,25.515436,3.6,3.6,3.6
16.544708490371704,706,1,subida,0.007517,0.007522,2.349474,2.342021,0.000898,25.515924,3.6,3.6,3.6
16.593043565750122,707,1,subida,0.007531,0.007522,2.348467,2.341666,0.000898,25.515924,3.6,3.6,3.6
16.62490701675415,708,1,subida,0.007516,0.007523,2.348866,2.341666,0.000898,25.515192,3.6,3.6,3.6
16.748894214630127,709,1,subida,0.007529,0.007524,2.348866,2.340966,0.000898,25.510004,3.6,3.6,3.6
16.860599279403687,710,1,subida,0.007519,0.007523,2.349918,2.340978,0.000898,25.510004,3.6,3.6,3.6
16.908893585205078,711,1,subida,0.007527,0.007522,2.349528,2.340978,0.000899,25.520258,3.6,3.599,3.6
16.94328498840332,712,1,subida,0.007520,0.007523,2.349528,2.342250,0.000898,25.517572,3.6,3.6,3.6
16.9749915599823,713,1,subida,0.007523,0.007522,2.348920,2.342077,0.000898,25.517572,3.6,3.6,3.6
17.009607791900635,714,1,subida,0.007520,0.007522,2.348285,2.342077,0.000898,25.514765,3.6,3.6,3.6
17.038403511047363,715,1,subida,0.007521,0.007521,2.348285,2.341052,0.000898,25.513971,3.6,3.6,3.6
17.101003170013428,716,1,subida,0.007522,0.007522,2.349638,2.340948,0.000898,25.513971,3.6,3.6,3.6
17.128883600234985,717,1,subida,0.007518,0.007523,2.349653,2.340948,0.000899,25.520868,3.6,3.6,3.6
17.167300939559937,718,1,subida,0.007523,0.007520,2.349653,2.341571,0.000898,25.516230,3.6,3.6,3.6
17.25977063179016,719,1,subida,0.007515,0.007524,2.348759,2.341863,0.000898,25.516230,3.6,3.6,3.6
17.297627925872803,720,1,subida,0.007525,0.007524,2.348247,2.341863,0.000898,25.517084,3.6,3.6,3.6
17.342817783355713,721,1,subida,0.007515,0.007523,2.348247,2.341511,0.000898,25.507105,3.6,3.6,3.6
17.37568736076355,722,1,subida,0.007530,0.007524,2.349463,2.340593,0.000898,25.507105,3.6,3.6,3.6
17.409116744995117,723,1,subida,0.007514,0.007523,2.350017,2.340593,0.000898,25.512384,3.6,3.6,3.6
17.473005771636963,724,1,subida,0.007533,0.007522,2.350017,2.341770,0.000898,25.509760,3.6,3.6,3.6
17.503845930099487,725,1,subida,0.007512,0.007522,2.348875,2.342182,0.000899,25.509760,3.6,3.6,3.6
17.597615003585815,726,1,subida,0.007535,0.007521,2.348381,2.342182,0.000898,25.520624,3.6,3.599,3.6
17.647663593292236,727,1,subida,0.007510,0.007515,2.348381,2.341428,0.000898,25.517267,3.6,3.6,3.6
17.69315195083618,728,1,subida,0.007537,0.007521,2.348917,2.341267,0.000898,25.517267,3.6,3.6,3.6
17.72904872894287,729,1,subida,0.007509,0.007522,2.349710,2.341267,0.000898,25.512690,3.6,3.6,3.6
17.807661294937134,730,1,subida,0.007540,0.007523,2.349710,2.341255,0.000898,25.514521,3.6,3.6,3.6
17.87148690223694,731,1,subida,0.007508,0.007523,2.349477,2.342259,0.000898,25.514521,3.6,3.6,3.6
17.925423622131348,732,1,subida,0.007540,0.007523,2.348396,2.342259,0.000899,25.509027,3.6,3.6,3.6
17.966322422027588,733,1,subida,0.007507,0.007521,2.348396,2.341407,0.000898,25.510370,3.6,3.6,3.6
18.047410011291504,734,1,subida,0.007546,0.007523,2.348354,2.341294,0.000898,25.510370,3.599,3.6,3.6
18.092267513275146,735,1,subida,0.007509,0.007521,2.349477,2.341294,0.000898,25.518244,3.6,3.6,3.6
18.14383864402771,736,1,subida,0.007549,0.007515,2.349477,2.341118,0.000898,25.510736,3.6,3.599,3.6
18.272170782089233,737,1,subida,0.007509,0.007521,2.349153,2.342280,0.000898,25.510736,3.6,3.6,3.6
18.319602727890015,738,1,subida,0.007550,0.007521,2.349024,2.342280,0.000898,25.513849,3.6,3.599,3.6
18.36705446243286,739,1,subida,0.007509,0.007523,2.349024,2.341839,0.000899,25.518061,3.6,3.6,3.6
18.398592710494995,740,1,subida,0.007551,0.007523,2.348223,2.341222,0.000898,25.518061,3.6,3.599,3.6
18.43148446083069,741,1,subida,0.007510,0.007522,2.349734,2.341222,0.000898,25.517206,3.6,3.599,3.6
18.463064908981323,742,1,subida,0.007552,0.007521,2.349734,2.340939,0.000899,25.516657,3.6,3.599,3.6
18.511193990707397,743,1,subida,0.007508,0.007522,2.349796,2.342280,0.000898,25.516657,3.6,3.6,3.6
18.542867183685303,744,1,subida,0.007548,0.007522,2.349111,2.342280,0.000898,25.519587,3.6,3.599,3.6
18.591953992843628,745,1,subida,0.007510,0.007522,2.349111,2.342057,0.000898,25.512262,3.6,3.6,3.6
18.669157028198242,746,1,subida,0.007550,0.007520,2.348396,2.341764,0.000898,25.512262,3.6,3.6,3.6
18.831578731536865,747,1,subida,0.007511,0.007520,2.349436,2.341764,0.000898,25.512934,3.6,3.6,3.6
18.892337322235107,748,1,subida,0.007549,0.007521,2.349436,2.340480,0.000899,25.511225,3.6,3.6,3.6
18.924927234649658,749,1,subida,0.007512,0.007521,2.349868,2.341917,0.000898,25.511225,3.6,3.6,3.6
18.959095239639282,750,1,subida,0.007548,0.007521,2.349105,2.341917,0.000898,25.512506,3.6,3.599,3.6
18.992359399795532,751,1,subida,0.007513,0.007521,2.349105,2.341788,0.000898,25.509516,3.6,3.6,3.6
19.151045560836792,752,1,subida,0.007546,0.007514,2.348372,2.341422,0.000899,25.509516,3.6,3.6,3.6
19.210815906524658,753,1,subida,0.007514,0.007522,2.349045,2.341422,0.000898,25.516962,3.6,3.6,3.6
19.263367414474487,754,1,subida,0.007543,0.007523,2.349045,2.340760,0.000899,25.515009,3.6,3.599,3.6
19.310879230499268,755,1,subida,0.007513,0.007521,2.349906,2.341470,0.000898,25.515009,3.6,3.6,3.6
19.37529945373535,756,1,subida,0.007540,0.007521,2.349155,2.341470,0.000898,25.516596,3.6,3.6,3.6
19.40668773651123,757,1,subida,0.007515,0.007521,2.349155,2.342134,0.000899,25.510309,3.599,3.6,3.6
19.470786094665527,758,1,subida,0.007538,0.007520,2.348861,2.341642,0.000898,25.510309,3.6,3.6,3.6
19.53119158744812,759,1,subida,0.007515,0.007520,2.348643,2.341642,0.000898,25.513910,3.6,3.6,3.6
19.566955089569092,760,1,subida,0.007535,0.007520,2.348643,2.340826,0.000898,25.516718,3.599,3.6,3.6
19.64717173576355,761,1,subida,0.007515,0.007514,2.349698,2.340900,0.000898,25.516718,3.6,3.6,3.6
19.678744316101074,762,1,subida,0.007533,0.007520,2.349164,2.340900,0.000899,25.515131,3.6,3.599,3.6
19.72826910018921,763,1,subida,0.007516,0.007521,2.349164,2.342077,0.000898,25.517939,3.599,3.6,3.6
19.772106170654297,764,1,subida,0.007530,0.007522,2.348643,2.341615,0.000898,25.517939,3.6,3.6,3.6
19.819618463516235,765,1,subida,0.007518,0.007523,2.348270,2.341615,0.000898,25.517817,3.6,3.599,3.6
19.869914054870605,766,1,subida,0.007528,0.007523,2.348270,2.340763,0.000898,25.512201,3.6,3.6,3.6
19.93230152130127,767,1,subida,0.007518,0.007522,2.349468,2.340707,0.000898,25.512201,3.6,3.6,3.6
19.983082056045532,768,1,subida,0.007525,0.007521,2.349364,2.340707,0.000898,25.517756,3.6,3.599,3.6
20.04330587387085,769,1,subida,0.019013,0.018982,2.348974,2.329462,0.000894,25.512262,6.5,6.5,6.5
0.12346029281616211,770,1,subida,0.019044,0.018982,2.348974,2.328917,0.000894,25.520685,6.5,6.5,6.5
0.15415501594543457,771,1,subida,0.019013,0.018979,2.349567,2.329939,0.000893,25.520685,6.5,6.5,6.5
0.25109148025512695,772,1,subida,0.019042,0.018983,2.349114,2.329939,0.000894,25.521967,6.5,6.5,6.5
0.30319666862487793,773,1,subida,0.019011,0.018983,2.349114,2.330580,0.000893,25.517023,6.5,6.5,6.5
0.36325788497924805,774,1,subida,0.019038,0.018982,2.348223,2.329775,0.000894,25.517023,6.5,6.5,6.5
0.4132373332977295,775,1,subida,0.019013,0.018983,2.348491,2.329775,0.000894,25.521112,6.5,6.5,6.5
0.4631764888763428,776,1,subida,0.019035,0.018982,2.348491,2.329224,0.000894,25.515009,6.5,6.5,6.5
0.5235652923583984,777,1,subida,0.019013,0.018982,2.349710,2.329724,0.000894,25.515009,6.5,6.501,6.5
0.573314905166626,778,1,subida,0.019032,0.018982,2.349060,2.329724,0.000894,25.512995,6.5,6.5,6.5
0.605278491973877,779,1,subida,0.019014,0.018981,2.349060,2.330592,0.000894,25.520014,6.5,6.5,6.5
0.6531984806060791,780,1,subida,0.019029,0.018980,2.348488,2.330237,0.000894,25.520014,6.5,6.5,6.5
0.7185981273651123,781,1,subida,0.019016,0.018982,2.348735,2.330237,0.000894,25.518061,6.5,6.5,6.5
0.7501070499420166,782,1,subida,0.019026,0.018982,2.348735,2.329671,0.000894,25.521723,6.5,6.5,6.5
0.7810418605804443,783,1,subida,0.019016,0.018981,2.349197,2.329459,0.000894,25.521723,6.5,6.5,6.5
0.8129251003265381,784,1,subida,0.019024,0.018981,2.349206,2.329459,0.000895,25.515802,6.5,6.5,6.5
0.8441164493560791,785,1,subida,0.019016,0.018982,2.349206,2.330747,0.000894,25.519648,6.5,6.5,6.5
0.8841211795806885,786,1,subida,0.019019,0.018983,2.348577,2.329969,0.000894,25.519648,6.5,6.5,6.5
0.9253807067871094,787,1,subida,0.019016,0.018983,2.348267,2.329969,0.000894,25.521173,6.5,6.5,6.5
0.9571082592010498,788,1,subida,0.019014,0.018983,2.348267,2.329686,0.000894,25.513727,6.5,6.5,6.5
1.066094160079956,789,1,subida,0.019016,0.018983,2.349513,2.329087,0.000894,25.513727,6.5,6.5,6.5
1.1181905269622803,790,1,subida,0.019012,0.018983,2.349227,2.329087,0.000894,25.519464,6.5,6.5,6.5
1.149972915649414,791,1,subida,0.019018,0.018983,2.349227,2.330428,0.000894,25.521601,6.5,6.5,6.5
1.1939609050750732,792,1,subida,0.019010,0.018982,2.348807,2.330353,0.000894,25.521601,6.5,6.5,6.5
1.2263281345367432,793,1,subida,0.019022,0.018981,2.348083,2.330353,0.000894,25.522272,6.5,6.5,6.5
1.2727925777435303,794,1,subida,0.019009,0.018982,2.348083,2.330079,0.000894,25.517817,6.5,6.501,6.5
1.3092031478881836,795,1,subida,0.019026,0.018983,2.349269,2.328953,0.000894,25.517817,6.5,6.5,6.5
1.353736162185669,796,1,subida,0.019010,0.018980,2.349576,2.328953,0.000894,25.515375,6.5,6.5,6.5
1.3865361213684082,797,1,subida,0.019021,0.018981,2.349576,2.330073,0.000894,25.513666,6.5,6.5,6.5
1.417898416519165,798,1,subida,0.019006,0.018980,2.348798,2.330711,0.000894,25.513666,6.5,6.5,6.5
1.468686580657959,799,1,subida,0.019033,0.018980,2.348503,2.330711,0.000894,25.522577,6.5,6.5,6.5
1.500020980834961,800,1,subida,0.019006,0.018981,2.348503,2.330326,0.000894,25.516413,6.5,6.501,6.5
1.5310463905334473,801,1,subida,0.019037,0.018979,2.348497,2.329370,0.000894,25.516413,6.5,6.5,6.5
1.5623135566711426,802,1,subida,0.019006,0.018980,2.349778,2.329370,0.000894,25.511896,6.5,6.5,6.5
1.613532543182373,803,1,subida,0.019039,0.018980,2.349778,2.329632,0.000894,25.514887,6.5,6.5,6.5
1.6765482425689697,804,1,subida,0.019005,0.018982,2.349385,2.330669,0.000894,25.514887,6.5,6.5,6.5
1.7582709789276123,805,1,subida,0.019043,0.018982,2.348559,2.330669,0.000894,25.516535,6.5,6.5,6.5
1.801529884338379,806,1,subida,0.019005,0.018981,2.348559,2.330252,0.000894,25.519464,6.5,6.5,6.5
1.902259349822998,807,1,subida,0.019046,0.018982,2.348404,2.329671,0.000894,25.519464,6.5,6.5,6.5
1.9633092880249023,808,1,subida,0.019007,0.018981,2.349996,2.329671,0.000894,25.518427,6.5,6.5,6.5
2.0130808353424072,809,1,subida,0.019035,0.018982,2.349996,2.329155,0.000894,25.518793,6.5,6.5,6.5
2.073150396347046,810,1,subida,0.019006,0.018982,2.349418,2.331235,0.000894,25.518793,6.5,6.5,6.5
2.1228606700897217,811,1,subida,0.019049,0.018982,2.348786,2.331235,0.000894,25.521662,6.5,6.5,6.5
2.1682286262512207,812,1,subida,0.019008,0.018982,2.348786,2.330374,0.000894,25.517328,6.5,6.5,6.5
2.2355427742004395,813,1,subida,0.019049,0.018983,2.348398,2.329459,0.000894,25.517328,6.5,6.5,6.5
2.2859270572662354,814,1,subida,0.019008,0.018982,2.349370,2.329459,0.000894,25.519403,6.5,6.5,6.5
2.3279576301574707,815,1,subida,0.019048,0.018980,2.349370,2.329343,0.000894,25.516413,6.5,6.5,6.5
2.3814258575439453,816,1,subida,0.019008,0.018983,2.349704,2.330833,0.000894,25.516413,6.5,6.5,6.5
2.4437363147735596,817,1,subida,0.019048,0.018983,2.349132,2.330833,0.000894,25.516230,6.5,6.5,6.5
2.4930639266967773,818,1,subida,0.019009,0.018982,2.349132,2.330437,0.000894,25.514032,6.5,6.5,6.5
2.553345203399658,819,1,subida,0.019046,0.018982,2.348297,2.329736,0.000894,25.514032,6.5,6.5,6.5
2.603381872177124,820,1,subida,0.019011,0.018982,2.349236,2.329736,0.000894,25.519953,6.5,6.5,6.5
2.6340856552124023,821,1,subida,0.019028,0.018982,2.349236,2.328839,0.000895,25.523676,6.5,6.5,6.5
2.6830403804779053,822,1,subida,0.019009,0.018982,2.349784,2.329894,0.000894,25.523676,6.5,6.5,6.5
2.745725631713867,823,1,subida,0.019044,0.018981,2.349290,2.329894,0.000894,25.518000,6.5,6.5,6.5
2.7864129543304443,824,1,subida,0.019014,0.018982,2.349290,2.330583,0.000894,25.514948,6.5,6.5,6.5
2.828984498977661,825,1,subida,0.019042,0.018983,2.348428,2.330142,0.000894,25.514948,6.5,6.5,6.5
2.89188289642334,826,1,subida,0.019014,0.018982,2.349042,2.330142,0.000894,25.515253,6.5,6.5,6.5
2.9234273433685303,827,1,subida,0.019037,0.018982,2.349042,2.328997,0.000894,25.515192,6.5,6.5,6.5
2.9736697673797607,828,1,subida,0.019013,0.018983,2.349698,2.329501,0.000894,25.515192,6.5,6.5,6.5
3.0331919193267822,829,1,subida,0.019034,0.018982,2.349209,2.329501,0.000894,25.515802,6.5,6.5,6.5
3.083523750305176,830,1,subida,0.019013,0.018981,2.349209,2.330744,0.000894,25.517084,6.5,6.5,6.5
3.133190155029297,831,1,subida,0.019030,0.018982,2.348470,2.330228,0.000894,25.517084,6.5,6.5,6.5
3.1921608448028564,832,1,subida,0.019014,0.018980,2.348634,2.330228,0.000894,25.511103,6.5,6.5,6.5
3.2260279655456543,833,1,subida,0.019011,0.018981,2.348634,2.329456,0.000894,25.512995,6.5,6.5,6.5
3.307720422744751,834,1,subida,0.019013,0.018982,2.349805,2.329084,0.000894,25.512995,6.5,6.5,6.5
3.3393561840057373,835,1,subida,0.019026,0.018983,2.349185,2.329084,0.000894,25.521601,6.5,6.5,6.5
3.401815176010132,836,1,subida,0.019018,0.018983,2.349185,2.330890,0.000894,25.514277,6.5,6.5,6.5
3.4334208965301514,837,1,subida,0.019023,0.018983,2.349030,2.330404,0.000894,25.514277,6.5,6.5,6.5
3.4836630821228027,838,1,subida,0.019019,0.018982,2.348184,2.330404,0.000894,25.520624,6.5,6.5,6.5
3.5437393188476562,839,1,subida,0.019020,0.018982,2.348184,2.329605,0.000894,25.524103,6.5,6.5,6.5
3.593430280685425,840,1,subida,0.019020,0.018982,2.349504,2.329075,0.000894,25.524103,6.5,6.5,6.5
3.6427080631256104,841,1,subida,0.019019,0.018983,2.349480,2.329075,0.000894,25.514826,6.5,6.5,6.5
3.6919772624969482,842,1,subida,0.019020,0.018980,2.349480,2.330019,0.000894,25.520624,6.5,6.5,6.5
3.74040150642395,843,1,subida,0.019014,0.018982,2.348911,2.330377,0.000894,25.520624,6.5,6.5,6.5
3.7689881324768066,844,1,subida,0.019023,0.018983,2.348253,2.330377,0.000894,25.520075,6.5,6.5,6.5
3.8198790550231934,845,1,subida,0.018999,0.018983,2.348253,2.329698,0.000894,25.514643,6.5,6.5,6.5
3.8510570526123047,846,1,subida,0.019025,0.018982,2.349680,2.329122,0.000894,25.514643,6.5,6.5,6.5
3.88230037689209,847,1,subida,0.019012,0.018981,2.350115,2.329122,0.000894,25.518732,6.5,6.5,6.5
3.91341495513916,848,1,subida,0.019031,0.018979,2.350115,2.330383,0.000894,25.513910,6.5,6.5,6.5
3.954693555831909,849,1,subida,0.019010,0.018980,2.349105,2.330806,0.000894,25.513910,6.5,6.499,6.5
3.9858639240264893,850,1,subida,0.019034,0.018981,2.348324,2.330806,0.000894,25.516901,6.5,6.5,6.5
4.027515888214111,851,1,subida,0.019010,0.018983,2.348324,2.330148,0.000894,25.515009,6.5,6.5,6.5
4.09052848815918,852,1,subida,0.019037,0.018983,2.349138,2.329268,0.000894,25.515009,6.5,6.5,6.5
4.121829509735107,853,1,subida,0.019008,0.018982,2.349802,2.329268,0.000894,25.512934,6.5,6.5,6.5
4.218775749206543,854,1,subida,0.019040,0.018983,2.349802,2.329918,0.000894,25.518305,6.5,6.5,6.5
4.279944181442261,855,1,subida,0.019006,0.018984,2.348875,2.330493,0.000894,25.518305,6.5,6.5,6.5
4.347620725631714,856,1,subida,0.019042,0.018983,2.348652,2.330493,0.000894,25.522211,6.5,6.5,6.5
4.377670526504517,857,1,subida,0.018996,0.018982,2.348652,2.330109,0.000894,25.516047,6.5,6.5,6.5
4.407836437225342,858,1,subida,0.019043,0.018982,2.348387,2.329575,0.000894,25.516047,6.5,6.5,6.5
4.439029932022095,859,1,subida,0.019006,0.018983,2.349772,2.329575,0.000894,25.517572,6.5,6.5,6.5
4.4698262214660645,860,1,subida,0.019047,0.018982,2.349772,2.329572,0.000894,25.515924,6.5,6.5,6.5
4.521563291549683,861,1,subida,0.019006,0.018982,2.349430,2.330171,0.000894,25.515924,6.5,6.5,6.5
4.552788972854614,862,1,subida,0.019047,0.018982,2.348631,2.330171,0.000894,25.519159,6.5,6.5,6.5
4.617010593414307,863,1,subida,0.019005,0.018981,2.348631,2.330153,0.000894,25.511957,6.5,6.5,6.5
4.648255348205566,864,1,subida,0.019048,0.018983,2.347955,2.329495,0.000894,25.511957,6.5,6.5,6.5
4.679135084152222,865,1,subida,0.019008,0.018980,2.349310,2.329495,0.000894,25.518061,6.5,6.5,6.5
4.729416608810425,866,1,subida,0.019049,0.018983,2.349310,2.329414,0.000894,25.509638,6.5,6.5,6.5
4.7922446727752686,867,1,subida,0.019008,0.018983,2.349459,2.330431,0.000894,25.509638,6.5,6.5,6.5
4.87296462059021,868,1,subida,0.019049,0.018983,2.349004,2.330431,0.000894,25.517145,6.5,6.5,6.5
4.922876834869385,869,1,subida,0.019009,0.018983,2.349004,2.330389,0.000893,25.519648,6.5,6.5,6.5
4.983996868133545,870,1,subida,0.019048,0.018982,2.348104,2.329927,0.000894,25.519648,6.5,6.5,6.5
5.015272855758667,871,1,subida,0.019010,0.018982,2.349108,2.329927,0.000894,25.519464,6.5,6.5,6.5
5.055720567703247,872,1,subida,0.019045,0.018982,2.349108,2.329253,0.000894,25.515985,6.5,6.5,6.5
5.097886800765991,873,1,subida,0.019010,0.018981,2.349507,2.330094,0.000894,25.515985,6.5,6.5,6.5
5.128651142120361,874,1,subida,0.019044,0.018981,2.349182,2.330094,0.000894,25.522333,6.5,6.501,6.5
5.160256862640381,875,1,subida,0.019011,0.018976,2.349182,2.330481,0.000894,25.511530,6.5,6.5,6.5
5.1915717124938965,876,1,subida,0.019040,0.018980,2.348211,2.329975,0.000894,25.511530,6.5,6.5,6.5
5.223188161849976,877,1,subida,0.019012,0.018982,2.348994,2.329975,0.000894,25.516474,6.5,6.5,6.5
5.273231267929077,878,1,subida,0.019038,0.018984,2.348994,2.329110,0.000894,25.514826,6.5,6.5,6.5
5.323474407196045,879,1,subida,0.019013,0.018984,2.349719,2.329710,0.000893,25.514826,6.5,6.5,6.5
5.383606672286987,880,1,subida,0.019036,0.018984,2.349209,2.329710,0.000894,25.515680,6.5,6.5,6.5
5.449604272842407,881,1,subida,0.019013,0.018983,2.349209,2.330630,0.000894,25.517450,6.5,6.5,6.5
5.481543064117432,882,1,subida,0.019032,0.018983,2.348458,2.329739,0.000894,25.517450,6.5,6.5,6.5
5.5434417724609375,883,1,subida,0.019014,0.018982,2.348595,2.329739,0.000894,25.521784,6.5,6.5,6.5
5.5931010246276855,884,1,subida,0.019029,0.018983,2.348595,2.329495,0.000894,25.518488,6.5,6.5,6.5
5.643441915512085,885,1,subida,0.019014,0.018982,2.349620,2.329108,0.000894,25.518488,6.5,6.5,6.5
5.691542387008667,886,1,subida,0.019029,0.018980,2.349203,2.329108,0.000894,25.523310,6.5,6.5,6.5
5.737789154052734,887,1,subida,0.019020,0.018982,2.349203,2.330440,0.000894,25.513910,6.5,6.499,6.5
5.783130407333374,888,1,subida,0.019027,0.018981,2.348562,2.330186,0.000894,25.513910,6.5,6.5,6.5
5.834457159042358,889,1,subida,0.019021,0.018982,2.348279,2.330186,0.000894,25.518793,6.5,6.5,6.5
5.962292194366455,890,1,subida,0.019023,0.018981,2.348279,2.329313,0.000894,25.516840,6.5,6.5,6.5
6.007690668106079,891,1,subida,0.019021,0.018981,2.349468,2.329122,0.000894,25.516840,6.5,6.5,6.5
6.043123483657837,892,1,subida,0.019020,0.018981,2.349465,2.329122,0.000894,25.517756,6.5,6.5,6.5
6.103259563446045,893,1,subida,0.019021,0.018983,2.349465,2.330407,0.000894,25.514521,6.5,6.5,6.5
6.137570858001709,894,1,subida,0.019014,0.018981,2.348455,2.329790,0.000893,25.514521,6.5,6.5,6.5
6.169631481170654,895,1,subida,0.019019,0.018973,2.341207,2.329790,0.000889,25.512812,6.5,6.5,6.5
6.21787691116333,896,1,subida,0.018987,0.018981,2.341207,2.321290,0.000888,25.515924,6.5,6.5,6.5
6.265291452407837,897,1,subida,0.018979,0.018981,2.340322,2.320581,0.000888,25.515924,6.5,6.5,6.5
6.297472953796387,898,1,subida,0.018954,0.018980,2.340584,2.320581,0.000888,25.520075,6.5,6.499,6.5
6.361298084259033,899,1,subida,0.018963,0.018980,2.340584,2.321234,0.000888,25.514643,6.5,6.5,6.5
6.392287492752075,900,1,subida,0.018943,0.018981,2.340101,2.321576,0.000888,25.514643,6.5,6.5,6.5
6.4576497077941895,901,1,subida,0.018961,0.018981,2.339541,2.321576,0.000888,25.525141,6.5,6.5,6.5
6.490861892700195,902,1,subida,0.018938,0.018980,2.339541,2.321523,0.000888,25.521051,6.5,6.5,6.5
6.5366151332855225,903,1,subida,0.018962,0.018980,2.339604,2.320235,0.000888,25.521051,6.5,6.5,6.5
6.569959402084351,904,1,subida,0.018936,0.018980,2.341130,2.320235,0.000887,25.519953,6.5,6.5,6.5
6.6032140254974365,905,1,subida,0.018965,0.018980,2.341130,2.320778,0.000888,25.512079,6.5,6.5,6.5
6.64708685874939,906,1,subida,0.018935,0.018980,2.340394,2.322158,0.000888,25.512079,6.5,6.5,6.5
6.88641881942749,907,1,subida,0.018969,0.018980,2.339824,2.322158,0.000888,25.513117,6.5,6.5,6.5
6.9192047119140625,908,1,subida,0.018935,0.018979,2.339824,2.321740,0.000888,25.520380,6.5,6.5,6.5
6.95274019241333,909,1,subida,0.018972,0.018979,2.339875,2.320220,0.000888,25.520380,6.5,6.499,6.5
7.003135681152344,910,1,subida,0.018933,0.018977,2.340444,2.320220,0.000888,25.520990,6.5,6.5,6.5
7.159730911254883,911,1,subida,0.018972,0.018979,2.340444,2.320807,0.000888,25.520075,6.5,6.5,6.5
7.209784746170044,912,1,subida,0.018934,0.018980,2.341267,2.322613,0.000888,25.520075,6.5,6.5,6.5
7.271874904632568,913,1,subida,0.018977,0.018980,2.340355,2.322613,0.000889,25.516047,6.5,6.5,6.5
7.303014516830444,914,1,subida,0.018936,0.018979,2.340355,2.322438,0.000889,25.510553,6.5,6.5,6.5
7.333985805511475,915,1,subida,0.018980,0.018980,2.340382,2.322074,0.000889,25.510553,6.5,6.5,6.5
7.401994466781616,916,1,subida,0.018941,0.018984,2.341970,2.322074,0.000889,25.517267,6.5,6.5,6.5
7.4614479541778564,917,1,subida,0.018984,0.018984,2.341970,2.321719,0.000889,25.513971,6.5,6.5,6.5
7.529679298400879,918,1,subida,0.018944,0.018982,2.341851,2.323215,0.000889,25.513971,6.5,6.499,6.5
7.606758117675781,919,1,subida,0.018986,0.018981,2.341213,2.323215,0.000889,25.520441,6.5,6.5,6.5
7.638012170791626,920,1,subida,0.018944,0.018980,2.341213,2.323019,0.000889,25.519831,6.5,6.5,6.5
7.669654130935669,921,1,subida,0.018987,0.018981,2.340912,2.322038,0.000889,25.519831,6.5,6.5,6.5
7.717494010925293,922,1,subida,0.018949,0.018981,2.341693,2.322038,0.000889,25.515253,6.5,6.5,6.5
7.753751516342163,923,1,subida,0.018986,0.018981,2.341693,2.321630,0.000889,25.515985,6.5,6.499,6.5
7.7988600730896,924,1,subida,0.018950,0.018981,2.342086,2.322459,0.000888,25.515985,6.5,6.5,6.5
7.912514686584473,925,1,subida,0.018985,0.018980,2.341669,2.322459,0.000889,25.521173,6.5,6.499,6.5
7.961953401565552,926,1,subida,0.018950,0.018981,2.341669,2.323168,0.000889,25.519464,6.5,6.5,6.5
8.006149530410767,927,1,subida,0.018981,0.018982,2.341061,2.322170,0.000889,25.519464,6.5,6.499,6.5
8.037229776382446,928,1,subida,0.018952,0.018983,2.341717,2.322170,0.000889,25.524775,6.5,6.5,6.5
8.121915578842163,929,1,subida,0.018980,0.018980,2.341717,2.321663,0.000889,25.523920,6.5,6.5,6.5
8.169755458831787,930,1,subida,0.018953,0.018980,2.342250,2.322464,0.000889,25.523920,6.5,6.5,6.5
8.202038288116455,931,1,subida,0.018978,0.018980,2.341881,2.322464,0.000889,25.519648,6.5,6.5,6.5
8.249749660491943,932,1,subida,0.018953,0.018979,2.341881,2.323314,0.000889,25.517145,6.5,6.499,6.5
8.32862901687622,933,1,subida,0.018974,0.018979,2.341458,2.322724,0.000889,25.517145,6.5,6.5,6.5
8.39001750946045,934,1,subida,0.018954,0.018979,2.341258,2.322724,0.000889,25.524775,6.5,6.5,6.5
8.420990228652954,935,1,subida,0.018971,0.018982,2.341258,2.322116,0.000889,25.514032,6.5,6.5,6.5
8.534142971038818,936,1,subida,0.018958,0.018982,2.342519,2.322834,0.000889,25.514032,6.5,6.5,6.5
8.584876775741577,937,1,subida,0.018975,0.018982,2.342545,2.322834,0.000889,25.515680,6.5,6.5,6.5
8.633453845977783,938,1,subida,0.018962,0.018982,2.342545,2.323993,0.000889,25.511408,6.5,6.5,6.5
8.743281602859497,939,1,subida,0.018972,0.018981,2.341684,2.323293,0.000889,25.511408,6.5,6.5,6.5
8.783989906311035,940,1,subida,0.018964,0.018981,2.341642,2.323293,0.000889,25.518732,6.5,6.5,6.5
8.823652267456055,941,1,subida,0.018971,0.018981,2.341642,2.322864,0.000889,25.519648,6.5,6.5,6.5
8.856443643569946,942,1,subida,0.018967,0.018981,2.342513,2.322298,0.000889,25.519648,6.5,6.5,6.5
8.903546333312988,943,1,subida,0.018968,0.018981,2.342694,2.322298,0.000889,25.522882,6.5,6.5,6.5
8.953294038772583,944,1,subida,0.018967,0.018981,2.342694,2.323427,0.000889,25.521418,6.5,6.5,6.5
8.997633457183838,945,1,subida,0.018964,0.018981,2.341812,2.323639,0.000889,25.521418,6.5,6.5,6.5
9.028887271881104,946,1,subida,0.018968,0.018982,2.341237,2.323639,0.000889,25.517084,6.5,6.499,6.5
9.062559604644775,947,1,subida,0.018960,0.018981,2.341237,2.323022,0.000889,25.513117,6.5,6.5,6.5
9.15993356704712,948,1,subida,0.018967,0.018978,2.342599,2.322450,0.000890,25.513117,6.5,6.5,6.5
9.313084840774536,949,1,subida,0.018958,0.018981,2.342712,2.322450,0.000889,25.515680,6.5,6.5,6.5
9.345768928527832,950,1,subida,0.018971,0.018981,2.342712,2.323451,0.000890,25.520990,6.5,6.5,6.5
9.400969982147217,951,1,subida,0.018956,0.018981,2.342343,2.324050,0.000889,25.520990,6.5,6.5,6.5
9.432811737060547,952,1,subida,0.018974,0.018980,2.341523,2.324050,0.000889,25.520563,6.5,6.5,6.5
9.48048186302185,953,1,subida,0.018954,0.018981,2.341523,2.323058,0.000889,25.521906,6.5,6.5,6.5
9.512749671936035,954,1,subida,0.018977,0.018981,2.342346,2.322551,0.000889,25.521906,6.5,6.5,6.5
9.55695629119873,955,1,subida,0.018953,0.018980,2.342861,2.322551,0.000889,25.522516,6.5,6.5,6.5
9.588109970092773,956,1,subida,0.018980,0.018981,2.342861,2.323070,0.000890,25.517756,6.5,6.5,6.5
9.622801780700684,957,1,subida,0.018951,0.018982,2.342471,2.323952,0.000889,25.517756,6.5,6.5,6.5
9.669827699661255,958,1,subida,0.018983,0.018983,2.341711,2.323952,0.000890,25.515436,6.5,6.5,6.5
9.75248646736145,959,1,subida,0.018951,0.018982,2.341711,2.323299,0.000889,25.510859,6.5,6.5,6.5
9.876628637313843,960,1,subida,0.018986,0.018981,2.342048,2.322602,0.000890,25.510859,6.5,6.5,6.5
9.99290657043457,961,1,subida,0.018951,0.018979,2.342900,2.322602,0.000889,25.522516,6.5,6.5,6.5
10.038069725036621,962,1,subida,0.018989,0.018980,2.342900,2.322679,0.000890,25.515070,6.5,6.5,6.5
10.069699764251709,963,1,subida,0.018950,0.018979,2.342891,2.323922,0.000889,25.515070,6.5,6.5,6.5
10.166998386383057,964,1,subida,0.018991,0.018981,2.341800,2.323922,0.000890,25.515619,6.5,6.5,6.5
10.24561095237732,965,1,subida,0.018951,0.018975,2.341800,2.323698,0.000889,25.516352,6.5,6.5,6.5
10.28542971611023,966,1,subida,0.018992,0.018982,2.341252,2.322810,0.000890,25.516352,6.5,6.501,6.5
10.388527870178223,967,1,subida,0.018951,0.018984,2.342608,2.322810,0.000889,25.519281,6.5,6.5,6.5
10.420880794525146,968,1,subida,0.018992,0.018984,2.342608,2.322602,0.000889,25.514948,6.5,6.5,6.5
10.451799392700195,969,1,subida,0.018952,0.018984,2.342370,2.323591,0.000889,25.514948,6.5,6.5,6.5
10.482762098312378,970,1,subida,0.018995,0.018984,2.341896,2.323591,0.000889,25.522394,6.5,6.501,6.5
10.518652439117432,971,1,subida,0.018952,0.018983,2.341896,2.323719,0.000889,25.519220,6.5,6.5,6.5
10.549293518066406,972,1,subida,0.018992,0.018984,2.341246,2.323299,0.000890,25.519220,6.5,6.5,6.5
10.579987287521362,973,1,subida,0.018953,0.018983,2.342250,2.323299,0.000889,25.520624,6.5,6.5,6.5
10.611348152160645,974,1,subida,0.018992,0.018983,2.342250,2.322205,0.000890,25.511286,6.5,6.5,6.5
10.661091804504395,975,1,subida,0.018953,0.018983,2.342641,2.323731,0.000889,25.511286,6.5,6.5,6.5
10.69161057472229,976,1,subida,0.018991,0.018982,2.342334,2.323731,0.000890,25.524103,6.5,6.501,6.5
10.742237567901611,977,1,subida,0.018955,0.018980,2.342334,2.324086,0.000889,25.509455,6.5,6.5,6.5
10.77290415763855,978,1,subida,0.018989,0.018981,2.341419,2.323195,0.000889,25.509455,6.5,6.501,6.5
10.822678804397583,979,1,subida,0.018956,0.018983,2.342584,2.323195,0.000889,25.517389,6.5,6.5,6.5
10.902876853942871,980,1,subida,0.018987,0.018985,2.342584,2.322304,0.000890,25.515985,6.5,6.5,6.5
10.94301986694336,981,1,subida,0.018956,0.018984,2.342840,2.322778,0.000889,25.515985,6.5,6.5,6.5
10.98451828956604,982,1,subida,0.018982,0.018985,2.342104,2.322778,0.000889,25.519831,6.5,6.5,6.5
11.042914152145386,983,1,subida,0.018954,0.018985,2.342104,2.324598,0.000889,25.523432,6.5,6.5,6.5
11.154735803604126,984,1,subida,0.018979,0.018985,2.342775,2.323716,0.000890,25.523432,6.5,6.5,6.5
11.237419366836548,985,1,subida,0.018960,0.018983,2.342650,2.323716,0.000890,25.521479,6.5,6.5,6.5
11.53820538520813,986,1,subida,0.018983,0.018989,2.342650,2.323472,0.000890,25.517939,6.5,6.5,6.5
11.57311201095581,987,1,subida,0.018964,0.018988,2.343794,2.323210,0.000889,25.517939,6.5,6.501,6.5
11.604703903198242,988,1,subida,0.018982,0.018989,2.343535,2.323210,0.000890,25.517756,6.5,6.501,6.5
11.649579524993896,989,1,subida,0.018966,0.018988,2.343535,2.324929,0.000890,25.520197,6.5,6.5,6.5
11.747693538665771,990,1,subida,0.018979,0.018987,2.342492,2.324142,0.000890,25.520197,6.5,6.501,6.5
11.79870319366455,991,1,subida,0.018968,0.018987,2.342521,2.324142,0.000890,25.520868,6.5,6.5,6.5
11.860011339187622,992,1,subida,0.018976,0.018986,2.342521,2.323493,0.000889,25.521357,6.5,6.5,6.5
11.891286373138428,993,1,subida,0.018968,0.018984,2.343600,2.323329,0.000890,25.521357,6.5,6.501,6.5
11.921868324279785,994,1,subida,0.018974,0.018985,2.343526,2.323329,0.000890,25.519892,6.5,6.5,6.5
11.973067045211792,995,1,subida,0.018970,0.018984,2.343526,2.324306,0.000890,25.517633,6.5,6.501,6.5
12.024250030517578,996,1,subida,0.018970,0.018984,2.342706,2.324849,0.000890,25.517633,6.5,6.5,6.5
12.102867126464844,997,1,subida,0.018972,0.018985,2.342495,2.324849,0.000889,25.517267,6.5,6.5,6.5
12.162742376327515,998,1,subida,0.018969,0.018985,2.342495,2.323958,0.000890,25.516413,6.5,6.5,6.5
12.212634086608887,999,1,subida,0.018976,0.018986,2.343630,2.323519,0.000890,25.516413,6.5,6.501,6.5
12.262855768203735,1000,1,subida,0.018970,0.018985,2.343690,2.323519,0.000890,25.521418,6.5,6.5,6.5
12.325890064239502,1001,1,subida,0.018978,0.018985,2.343690,2.324375,0.000890,25.521479,6.5,6.5,6.5
12.356991052627563,1002,1,subida,0.018965,0.018985,2.343123,2.324682,0.000890,25.521479,6.5,6.5,6.5
12.406529903411865,1003,1,subida,0.018980,0.018986,2.342128,2.324682,0.000890,25.527094,6.5,6.5,6.5
12.455676794052124,1004,1,subida,0.018963,0.018985,2.342128,2.324208,0.000890,25.513788,6.5,6.5,6.5
12.517833232879639,1005,1,subida,0.018982,0.018984,2.343362,2.323329,0.000890,25.513788,6.5,6.5,6.5
12.559575319290161,1006,1,subida,0.018962,0.018985,2.343773,2.323329,0.000890,25.513849,6.5,6.5,6.5
12.611569881439209,1007,1,subida,0.018985,0.018985,2.343773,2.324154,0.000890,25.519342,6.5,6.5,6.5
12.643217086791992,1008,1,subida,0.018958,0.018985,2.343472,2.324935,0.000890,25.519342,6.5,6.5,6.5
12.69302773475647,1009,1,subida,0.018987,0.018984,2.342551,2.324935,0.000890,25.519220,6.5,6.5,6.5
12.743121862411499,1010,1,subida,0.018959,0.018984,2.342551,2.324223,0.000890,25.504663,6.5,6.5,6.5
12.802824020385742,1011,1,subida,0.018992,0.018985,2.343040,2.323713,0.000890,25.504663,6.5,6.5,6.5
12.883030414581299,1012,1,subida,0.018960,0.018985,2.343946,2.323713,0.000890,25.519892,6.5,6.5,6.5
12.932691097259521,1013,1,subida,0.018995,0.018985,2.343946,2.323833,0.000891,25.519159,6.5,6.5,6.5
12.983733415603638,1014,1,subida,0.018959,0.018984,2.343597,2.324980,0.000890,25.519159,6.5,6.5,6.5
13.03098464012146,1015,1,subida,0.018999,0.018986,2.343207,2.324980,0.000890,25.512323,6.5,6.5,6.5
13.09329342842102,1016,1,subida,0.018959,0.018986,2.343207,2.325048,0.000890,25.516962,6.5,6.5,6.5
13.143218755722046,1017,1,subida,0.019002,0.018984,2.342957,2.324315,0.000891,25.516962,6.5,6.5,6.5
13.203344583511353,1018,1,subida,0.018962,0.018983,2.344277,2.324315,0.000891,25.517694,6.5,6.5,6.5
13.252969741821289,1019,1,subida,0.019004,0.018983,2.344277,2.323678,0.000890,25.518427,6.5,6.5,6.5
13.30323076248169,1020,1,subida,0.018961,0.018983,2.344047,2.325320,0.000890,25.518427,6.5,6.5,6.5
13.362847566604614,1021,1,subida,0.019005,0.018982,2.343562,2.325320,0.000891,25.520807,6.5,6.5,6.5
13.412732601165771,1022,1,subida,0.018964,0.018983,2.343562,2.324753,0.000890,25.519770,6.5,6.5,6.5
13.492764711380005,1023,1,subida,0.019005,0.018984,2.342888,2.324521,0.000891,25.519770,6.5,6.5,6.5
13.523795127868652,1024,1,subida,0.018964,0.018984,2.343925,2.324521,0.000890,25.510431,6.5,6.5,6.5
13.585417032241821,1025,1,subida,0.019005,0.018983,2.343925,2.324053,0.000891,25.522028,6.5,6.5,6.5
13.698694944381714,1026,1,subida,0.018966,0.018983,2.344486,2.324777,0.000890,25.522028,6.5,6.5,6.5
13.7296142578125,1027,1,subida,0.019005,0.018983,2.343758,2.324777,0.000890,25.514154,6.5,6.5,6.5
13.760770797729492,1028,1,subida,0.018965,0.018981,2.343758,2.325248,0.000890,25.518671,6.5,6.5,6.5
13.811827898025513,1029,1,subida,0.019002,0.018983,2.343180,2.324706,0.000891,25.518671,6.5,6.5,6.5
13.86304759979248,1030,1,subida,0.018968,0.018980,2.343758,2.324706,0.000890,25.518671,6.5,6.5,6.5
13.922839403152466,1031,1,subida,0.019000,0.018980,2.343758,2.324098,0.000891,25.518549,6.5,6.5,6.5
13.973800897598267,1032,1,subida,0.018967,0.018978,2.344384,2.324849,0.000890,25.518549,6.5,6.5,6.5
14.003954410552979,1033,1,subida,0.018999,0.018978,2.343818,2.324849,0.000891,25.513178,6.5,6.5,6.5
14.035135507583618,1034,1,subida,0.018969,0.018978,2.343818,2.325236,0.000890,25.517939,6.5,6.5,6.5
14.085585117340088,1035,1,subida,0.018996,0.018979,2.343231,2.324977,0.000890,25.517939,6.5,6.5,6.5
14.116225957870483,1036,1,subida,0.018971,0.018980,2.343684,2.324977,0.000890,25.513117,6.5,6.5,6.5
14.147625923156738,1037,1,subida,0.018993,0.018979,2.343684,2.324062,0.000890,25.512323,6.5,6.5,6.5
14.17908239364624,1038,1,subida,0.018970,0.018980,2.344649,2.324598,0.000890,25.512323,6.5,6.5,6.5
14.210614919662476,1039,1,subida,0.018991,0.018980,2.344029,2.324598,0.000891,25.524530,6.5,6.5,6.5
14.242738008499146,1040,1,subida,0.018971,0.018981,2.344029,2.325698,0.000891,25.516352,6.5,6.5,6.5
14.293306827545166,1041,1,subida,0.018987,0.018981,2.343484,2.325364,0.000891,25.516352,6.5,6.5,6.5
14.340359449386597,1042,1,subida,0.018973,0.018973,2.343240,2.325364,0.000890,25.518915,6.5,6.5,6.5
14.399873733520508,1043,1,subida,0.018984,0.018980,2.343240,2.324524,0.000890,25.514704,6.5,6.5,6.5
14.452327013015747,1044,1,subida,0.018972,0.018980,2.344611,2.324324,0.000890,25.514704,6.5,6.5,6.5
14.533263444900513,1045,1,subida,0.018981,0.018981,2.344092,2.324324,0.000891,25.516169,6.5,6.5,6.5
14.5928373336792,1046,1,subida,0.018973,0.018981,2.344092,2.325713,0.000890,25.518488,6.5,6.5,6.5
14.643194913864136,1047,1,subida,0.018976,0.018981,2.343797,2.325394,0.000890,25.518488,6.5,6.5,6.5
14.693015575408936,1048,1,subida,0.018973,0.018982,2.343255,2.325394,0.000890,25.518244,6.5,6.5,6.5
14.752939939498901,1049,1,subida,0.018973,0.018982,2.343255,2.324756,0.000890,25.517817,6.5,6.5,6.5
14.802892446517944,1050,1,subida,0.018975,0.018983,2.344283,2.324104,0.000890,25.517817,6.5,6.5,6.5
14.852684020996094,1051,1,subida,0.018972,0.018977,2.344357,2.324104,0.000891,25.523615,6.5,6.5,6.5
14.933350563049316,1052,1,subida,0.018977,0.018984,2.344357,2.325388,0.000890,25.517389,6.5,6.499,6.5
14.992721557617188,1053,1,subida,0.018969,0.018982,2.343714,2.325299,0.000891,25.517389,6.5,6.5,6.5
15.042736053466797,1054,1,subida,0.018979,0.018981,2.343070,2.325299,0.000890,25.515680,6.5,6.5,6.5
15.092941284179688,1055,1,subida,0.018966,0.018981,2.343070,2.324530,0.000891,25.519464,6.5,6.5,6.5
15.152812719345093,1056,1,subida,0.018981,0.018981,2.344235,2.324226,0.000890,25.519464,6.5,6.5,6.5
15.203029870986938,1057,1,subida,0.018967,0.018981,2.344447,2.324226,0.000890,25.518244,6.5,6.5,6.5
15.25272512435913,1058,1,subida,0.018986,0.018981,2.344447,2.324911,0.000890,25.518915,6.5,6.5,6.5
15.333354711532593,1059,1,subida,0.018965,0.018971,2.344134,2.325558,0.000890,25.518915,6.5,6.5,6.5
15.396450757980347,1060,1,subida,0.018990,0.018982,2.343204,2.325558,0.000890,25.518976,6.5,6.5,6.5
15.427581071853638,1061,1,subida,0.018965,0.018983,2.343204,2.324983,0.000890,25.514704,6.5,6.5,6.5
15.490245580673218,1062,1,subida,0.018994,0.018983,2.343690,2.324640,0.000890,25.514704,6.5,6.5,6.5
15.521541118621826,1063,1,subida,0.018965,0.018982,2.344426,2.324640,0.000890,25.521479,6.5,6.5,6.5
15.552920818328857,1064,1,subida,0.018997,0.018983,2.344426,2.324703,0.000890,25.519587,6.5,6.5,6.5
15.594214677810669,1065,1,subida,0.018964,0.018982,2.344071,2.325862,0.000891,25.519587,6.5,6.5,6.5
15.633280754089355,1066,1,subida,0.019000,0.018980,2.343496,2.325862,0.000890,25.517633,6.5,6.5,6.5
15.683464050292969,1067,1,subida,0.018962,0.018982,2.343496,2.325269,0.000890,25.516840,6.5,6.5,6.5
15.745764017105103,1068,1,subida,0.018999,0.018981,2.343666,2.324917,0.000890,25.516840,6.5,6.5,6.5
15.781941890716553,1069,1,subida,0.018963,0.018980,2.344429,2.324917,0.000890,25.510370,6.5,6.5,6.5
15.812894582748413,1070,1,subida,0.019004,0.018981,2.344429,2.324423,0.000891,25.515314,6.5,6.5,6.5
15.85859990119934,1071,1,subida,0.018964,0.018979,2.344512,2.325656,0.000890,25.515314,6.5,6.5,6.5
15.893054962158203,1072,1,subida,0.019005,0.018981,2.343654,2.325656,0.000891,25.518671,6.5,6.5,6.5
15.953352689743042,1073,1,subida,0.018963,0.018981,2.343654,2.325513,0.000891,25.515863,6.5,6.5,6.5
16.00352144241333,1074,1,subida,0.019006,0.018982,2.343514,2.324971,0.000891,25.515863,6.5,6.5,6.5
16.052915811538696,1075,1,subida,0.018965,0.018981,2.344486,2.324971,0.000891,25.515436,6.5,6.499,6.5
16.112740755081177,1076,1,subida,0.019006,0.018982,2.344486,2.324649,0.000891,25.520868,6.5,6.5,6.5
16.163257122039795,1077,1,subida,0.018966,0.018983,2.344384,2.325826,0.000891,25.520868,6.5,6.5,6.5
16.21352219581604,1078,1,subida,0.019006,0.018986,2.343535,2.325826,0.000891,25.518305,6.5,6.5,6.5
16.273016452789307,1079,1,subida,0.018965,0.018985,2.343535,2.325728,0.000890,25.513605,6.5,6.5,6.5
16.304102897644043,1080,1,subida,0.019003,0.018986,2.343353,2.324810,0.000891,25.513605,6.5,6.5,6.5
16.34162425994873,1081,1,subida,0.018969,0.018984,2.343976,2.324810,0.000890,25.519037,6.5,6.5,6.5
16.403132915496826,1082,1,subida,0.019004,0.018984,2.343976,2.323990,0.000890,25.518244,6.5,6.5,6.5
16.453471422195435,1083,1,subida,0.018969,0.018983,2.344727,2.325287,0.000890,25.518244,6.5,6.5,6.5
16.512804985046387,1084,1,subida,0.019002,0.018982,2.343901,2.325287,0.000890,25.521662,6.5,6.5,6.5
16.563099145889282,1085,1,subida,0.018969,0.018984,2.343901,2.325656,0.000890,25.515375,6.5,6.5,6.5
16.659297227859497,1086,1,subida,0.018999,0.018982,2.343481,2.325105,0.000891,25.515375,6.5,6.5,6.5
16.691922664642334,1087,1,subida,0.018970,0.018983,2.343907,2.325105,0.000890,25.515436,6.5,6.5,6.5
16.72417116165161,1088,1,subida,0.018996,0.018982,2.343907,2.324029,0.000891,25.510614,6.5,6.5,6.5
16.755093097686768,1089,1,subida,0.018970,0.018982,2.344852,2.324631,0.000890,25.510614,6.5,6.5,6.5
16.786604404449463,1090,1,subida,0.018995,0.018982,2.343940,2.324631,0.000891,25.521235,6.5,6.5,6.5
16.817103624343872,1091,1,subida,0.018969,0.018983,2.343940,2.325659,0.000890,25.516352,6.5,6.499,6.5
16.84908127784729,1092,1,subida,0.018987,0.018982,2.343645,2.325424,0.000891,25.516352,6.5,6.5,6.5
16.87502670288086,1093,1,subida,0.018973,0.018982,2.343866,2.325424,0.000890,25.511896,6.5,6.5,6.5
16.91697907447815,1094,1,subida,0.018990,0.018980,2.343866,2.324578,0.000890,25.518793,6.5,6.5,6.5
16.948445320129395,1095,1,subida,0.018974,0.018980,2.344450,2.324435,0.000890,25.518793,6.5,6.5,6.5
16.979849338531494,1096,1,subida,0.018987,0.018981,2.344462,2.324435,0.000891,25.520197,6.5,6.5,6.5
17.011292695999146,1097,1,subida,0.018974,0.018981,2.344462,2.325469,0.000890,25.518915,6.5,6.5,6.5
17.093291759490967,1098,1,subida,0.018982,0.018980,2.343952,2.325376,0.000891,25.518915,6.5,6.5,6.5
17.153308391571045,1099,1,subida,0.018974,0.018980,2.343305,2.325376,0.000890,25.516230,6.5,6.5,6.5
17.18367910385132,1100,1,subida,0.018979,0.018981,2.343305,2.324658,0.000890,25.511713,6.5,6.5,6.5
17.247390747070312,1101,1,subida,0.018976,0.018982,2.344462,2.324250,0.000890,25.511713,6.5,6.5,6.5
17.300638675689697,1102,1,subida,0.018977,0.018981,2.344611,2.324250,0.000891,25.517878,6.5,6.5,6.5
17.345853328704834,1103,1,subida,0.018973,0.018981,2.344611,2.325364,0.000890,25.517633,6.5,6.5,6.5
17.550735235214233,1104,1,subida,0.018967,0.018979,2.343842,2.325603,0.000890,25.517633,6.5,6.5,6.5
17.600881099700928,1105,1,subida,0.018979,0.018979,2.343016,2.325603,0.000890,25.513361,6.5,6.499,6.5
17.683344841003418,1106,1,subida,0.018973,0.018980,2.343016,2.324843,0.000891,25.520563,6.5,6.5,6.5
17.748902559280396,1107,1,subida,0.018983,0.018979,2.344533,2.324220,0.000890,25.520563,6.5,6.5,6.5
17.780704498291016,1108,1,subida,0.018972,0.018979,2.344348,2.324220,0.000890,25.520075,6.5,6.5,6.5
17.81171417236328,1109,1,subida,0.018985,0.018980,2.344348,2.325320,0.000891,25.515924,6.5,6.5,6.5
17.84334707260132,1110,1,subida,0.018970,0.018981,2.343779,2.325516,0.000890,25.515924,6.5,6.5,6.5
17.90407371520996,1111,1,subida,0.018987,0.018980,2.343362,2.325516,0.000890,25.516657,6.5,6.5,6.5
17.933727502822876,1112,1,subida,0.018967,0.018981,2.343362,2.324905,0.000890,25.515192,6.5,6.499,6.5
18.03312063217163,1113,1,subida,0.018989,0.018980,2.344241,2.324008,0.000890,25.515192,6.5,6.5,6.5
18.07415461540222,1114,1,subida,0.018965,0.018981,2.344542,2.324008,0.000891,25.522943,6.5,6.5,6.5
18.115519046783447,1115,1,subida,0.018988,0.018980,2.344542,2.324795,0.000890,25.514338,6.5,6.5,6.5
18.178754329681396,1116,1,subida,0.018956,0.018980,2.343788,2.325355,0.000890,25.514338,6.5,6.5,6.5
18.209707260131836,1117,1,subida,0.018995,0.018978,2.343415,2.325355,0.000891,25.516657,6.5,6.5,6.5
18.24129819869995,1118,1,subida,0.018964,0.018980,2.343415,2.325132,0.000890,25.515314,6.5,6.5,6.5
18.32310700416565,1119,1,subida,0.019000,0.018980,2.343857,2.324580,0.000890,25.515314,6.5,6.5,6.5
18.38329267501831,1120,1,subida,0.018965,0.018979,2.344676,2.324580,0.000891,25.515558,6.5,6.5,6.5
18.43367576599121,1121,1,subida,0.019003,0.018980,2.344676,2.324715,0.000891,25.517572,6.5,6.5,6.5
18.468156576156616,1122,1,subida,0.018965,0.018980,2.344480,2.325546,0.000891,25.517572,6.5,6.5,6.5
18.51095747947693,1123,1,subida,0.019005,0.018981,2.344119,2.325546,0.000891,25.520319,6.5,6.5,6.5
18.563181161880493,1124,1,subida,0.018966,0.018980,2.344119,2.325349,0.000890,25.521479,6.5,6.499,6.5
18.6036376953125,1125,1,subida,0.019007,0.018981,2.343413,2.325075,0.000891,25.521479,6.5,6.5,6.5
18.655112743377686,1126,1,subida,0.018968,0.018981,2.344360,2.325075,0.000890,25.517084,6.5,6.499,6.5
18.706132650375366,1127,1,subida,0.019003,0.018979,2.344360,2.324649,0.000891,25.514154,6.5,6.5,6.5
18.749565601348877,1128,1,subida,0.018961,0.018980,2.344486,2.325635,0.000891,25.514154,6.5,6.5,6.5
18.783655643463135,1129,1,subida,0.019008,0.018980,2.343952,2.325635,0.000891,25.513483,6.5,6.5,6.5
18.833133459091187,1130,1,subida,0.018968,0.018980,2.343952,2.325576,0.000890,25.520441,6.5,6.5,6.5
18.878989219665527,1131,1,subida,0.019008,0.018981,2.343475,2.325042,0.000891,25.520441,6.5,6.5,6.5
18.931732416152954,1132,1,subida,0.018968,0.018981,2.343827,2.325042,0.000891,25.517206,6.5,6.5,6.5
18.963120460510254,1133,1,subida,0.019006,0.018980,2.343827,2.324160,0.000891,25.515070,6.5,6.5,6.5
19.17004942893982,1134,1,subida,0.018968,0.018980,2.344864,2.325325,0.000891,25.515070,6.5,6.5,6.5
19.20178461074829,1135,1,subida,0.019006,0.018982,2.344101,2.325325,0.000891,25.519648,6.5,6.5,6.5
19.26345658302307,1136,1,subida,0.018969,0.018982,2.344101,2.325615,0.000890,25.509882,6.5,6.5,6.5
19.347965478897095,1137,1,subida,0.019003,0.018983,2.343401,2.324592,0.000890,25.509882,6.5,6.5,6.5
19.379446983337402,1138,1,subida,0.018970,0.018983,2.344107,2.324592,0.000890,25.519831,6.5,6.5,6.5
19.411106824874878,1139,1,subida,0.018997,0.018977,2.344107,2.324423,0.000891,25.512812,6.5,6.5,6.5
19.51967167854309,1140,1,subida,0.018969,0.018981,2.344819,2.325186,0.000891,25.512812,6.5,6.5,6.5
19.56619620323181,1141,1,subida,0.019000,0.018980,2.344158,2.325186,0.000890,25.525690,6.5,6.5,6.5
19.60331082344055,1142,1,subida,0.018969,0.018980,2.344158,2.325484,0.000890,25.516108,6.5,6.5,6.5
19.635183572769165,1143,1,subida,0.018994,0.018981,2.343812,2.325352,0.000890,25.516108,6.5,6.499,6.5
19.67610478401184,1144,1,subida,0.018972,0.018982,2.344143,2.325352,0.000891,25.518549,6.5,6.5,6.5
19.708220958709717,1145,1,subida,0.018993,0.018982,2.344143,2.324387,0.000891,25.516962,6.5,6.5,6.5
19.87183976173401,1146,1,subida,0.018973,0.018983,2.344947,2.324995,0.000891,25.516962,6.5,6.5,6.5
19.903316259384155,1147,1,subida,0.018991,0.018984,2.344697,2.324995,0.000891,25.514643,6.5,6.5,6.5
19.937143564224243,1148,1,subida,0.018973,0.018984,2.344697,2.326121,0.000890,25.517878,6.5,6.5,6.5
20.027424812316895,1149,1,subida,0.020178,0.020172,2.346008,2.327006,0.000892,25.520807,6.8,6.8,6.8
0.12298822402954102,1150,1,subida,0.020181,0.020169,2.346008,2.325904,0.000892,25.515863,6.8,6.8,6.8
0.18990826606750488,1151,1,subida,0.020176,0.020173,2.347880,2.325615,0.000892,25.515863,6.8,6.8,6.8
0.2506983280181885,1152,1,subida,0.020179,0.020174,2.347570,2.325615,0.000892,25.515314,6.8,6.8,6.8
0.3010749816894531,1153,1,subida,0.020178,0.020175,2.347570,2.327200,0.000892,25.512995,6.8,6.8,6.8
0.3506753444671631,1154,1,subida,0.020172,0.020175,2.346765,2.327230,0.000892,25.512995,6.8,6.8,6.8
0.4109230041503906,1155,1,subida,0.020178,0.020175,2.345845,2.327230,0.000892,25.517145,6.8,6.8,6.8
0.4614739418029785,1156,1,subida,0.020175,0.020174,2.345845,2.326535,0.000892,25.513178,6.8,6.8,6.8
0.49285411834716797,1157,1,subida,0.020181,0.020174,2.347165,2.326124,0.000892,25.513178,6.8,6.8,6.8
0.5238280296325684,1158,1,subida,0.020175,0.020175,2.347236,2.326124,0.000892,25.517389,6.8,6.8,6.8
0.5552651882171631,1159,1,subida,0.020183,0.020175,2.347236,2.326768,0.000892,25.518000,6.8,6.8,6.8
0.5867645740509033,1160,1,subida,0.020172,0.020174,2.346715,2.327346,0.000892,25.518000,6.8,6.8,6.8
0.617974042892456,1161,1,subida,0.020185,0.020170,2.345984,2.327346,0.000892,25.515619,6.8,6.8,6.8
0.6705310344696045,1162,1,subida,0.020171,0.020174,2.345984,2.326592,0.000892,25.521051,6.8,6.8,6.8
0.7477927207946777,1163,1,subida,0.020188,0.020174,2.347168,2.325999,0.000892,25.521051,6.8,6.8,6.8
0.7788705825805664,1164,1,subida,0.020170,0.020174,2.347528,2.325999,0.000892,25.521112,6.8,6.8,6.8
0.8301770687103271,1165,1,subida,0.020188,0.020174,2.347528,2.326637,0.000892,25.512445,6.8,6.8,6.8
0.8903317451477051,1166,1,subida,0.020163,0.020173,2.346935,2.327242,0.000892,25.512445,6.8,6.8,6.8
0.9401416778564453,1167,1,subida,0.020190,0.020172,2.346205,2.327242,0.000892,25.518000,6.8,6.8,6.8
0.9905085563659668,1168,1,subida,0.020167,0.020174,2.346205,2.326637,0.000892,25.517939,6.8,6.8,6.8
1.0502021312713623,1169,1,subida,0.020193,0.020174,2.346762,2.325671,0.000892,25.517939,6.8,6.8,6.8
1.1005353927612305,1170,1,subida,0.020166,0.020175,2.347680,2.325671,0.000892,25.517939,6.8,6.8,6.8
1.1508419513702393,1171,1,subida,0.020195,0.020173,2.347680,2.326476,0.000892,25.518793,6.8,6.8,6.8
1.2109746932983398,1172,1,subida,0.020164,0.020178,2.347308,2.327415,0.000892,25.518793,6.8,6.8,6.8
1.2462034225463867,1173,1,subida,0.020198,0.020178,2.346631,2.327415,0.000892,25.523188,6.8,6.8,6.8
1.2767369747161865,1174,1,subida,0.020165,0.020177,2.346631,2.327060,0.000892,25.512323,6.8,6.8,6.8
1.308185338973999,1175,1,subida,0.020201,0.020177,2.346524,2.326080,0.000892,25.512323,6.8,6.8,6.8
1.3389942646026611,1176,1,subida,0.020165,0.020176,2.347409,2.326080,0.000892,25.518976,6.8,6.799,6.8
1.370619535446167,1177,1,subida,0.020202,0.020177,2.347409,2.326139,0.000892,25.517450,6.8,6.8,6.8
1.4209721088409424,1178,1,subida,0.020165,0.020177,2.347454,2.327266,0.000892,25.517450,6.8,6.8,6.8
1.4512553215026855,1179,1,subida,0.020205,0.020176,2.346399,2.327266,0.000892,25.523798,6.8,6.8,6.8
1.5302810668945312,1180,1,subida,0.020163,0.020175,2.346399,2.326753,0.000892,25.513544,6.8,6.8,6.8
1.5802414417266846,1181,1,subida,0.020204,0.020175,2.346309,2.326565,0.000892,25.513544,6.8,6.8,6.8
1.6304094791412354,1182,1,subida,0.020168,0.020162,2.347263,2.326565,0.000892,25.517206,6.8,6.8,6.8
1.6814243793487549,1183,1,subida,0.020210,0.020176,2.347263,2.325776,0.000892,25.512690,6.8,6.8,6.8
1.7406589984893799,1184,1,subida,0.020168,0.020178,2.347260,2.327313,0.000892,25.512690,6.8,6.799,6.8
1.7893388271331787,1185,1,subida,0.020209,0.020178,2.346437,2.327313,0.000892,25.520136,6.8,6.8,6.8
1.8508021831512451,1186,1,subida,0.020167,0.020178,2.346437,2.327012,0.000892,25.508051,6.8,6.8,6.8
1.9009356498718262,1187,1,subida,0.020208,0.020178,2.346148,2.326288,0.000892,25.508051,6.8,6.8,6.8
1.9624364376068115,1188,1,subida,0.020167,0.020177,2.346938,2.326288,0.000892,25.516352,6.8,6.8,6.8
1.9942290782928467,1189,1,subida,0.020208,0.020178,2.346938,2.325788,0.000892,25.518427,6.8,6.8,6.8
2.0253024101257324,1190,1,subida,0.020167,0.020176,2.347460,2.326977,0.000892,25.518427,6.8,6.8,6.8
2.05684757232666,1191,1,subida,0.020208,0.020176,2.346530,2.326977,0.000892,25.514215,6.8,6.8,6.8
2.08842134475708,1192,1,subida,0.020168,0.020176,2.346530,2.327075,0.000892,25.510004,6.8,6.8,6.8
2.1409695148468018,1193,1,subida,0.020206,0.020169,2.346247,2.326586,0.000892,25.510004,6.8,6.8,6.8
2.190763473510742,1194,1,subida,0.020169,0.020176,2.347370,2.326586,0.000892,25.514582,6.8,6.8,6.8
2.250930070877075,1195,1,subida,0.020205,0.020178,2.347370,2.325612,0.000892,25.518549,6.8,6.8,6.8
2.3328211307525635,1196,1,subida,0.020170,0.020176,2.347680,2.327063,0.000892,25.518549,6.8,6.8,6.8
2.3827269077301025,1197,1,subida,0.020205,0.020177,2.347260,2.327063,0.000892,25.514521,6.8,6.8,6.8
2.414311170578003,1198,1,subida,0.020170,0.020178,2.347260,2.327149,0.000892,25.521051,6.8,6.8,6.8
2.445749282836914,1199,1,subida,0.020202,0.020177,2.346437,2.326434,0.000892,25.521051,6.8,6.8,6.8
2.4773740768432617,1200,1,subida,0.020171,0.020177,2.347138,2.326434,0.000892,25.520624,6.8,6.8,6.8
2.5087828636169434,1201,1,subida,0.020200,0.020176,2.347138,2.325877,0.000892,25.517756,6.8,6.8,6.8
2.5399200916290283,1202,1,subida,0.020171,0.020176,2.347779,2.326920,0.000892,25.517756,6.8,6.8,6.8
2.5706305503845215,1203,1,subida,0.020202,0.020175,2.346753,2.326920,0.000892,25.514582,6.8,6.8,6.8
2.6209657192230225,1204,1,subida,0.020172,0.020176,2.346753,2.327284,0.000892,25.509882,6.8,6.8,6.8
2.681180000305176,1205,1,subida,0.020197,0.020175,2.346449,2.326872,0.000892,25.509882,6.8,6.8,6.8
2.7305660247802734,1206,1,subida,0.020173,0.020176,2.346739,2.326872,0.000892,25.511469,6.8,6.8,6.8
2.780768632888794,1207,1,subida,0.020197,0.020174,2.346739,2.326059,0.000892,25.516840,6.8,6.8,6.8
2.8262672424316406,1208,1,subida,0.020175,0.020175,2.347558,2.326741,0.000892,25.516840,6.8,6.8,6.8
2.8775501251220703,1209,1,subida,0.020196,0.020175,2.347129,2.326741,0.000892,25.515192,6.8,6.8,6.8
2.972262144088745,1210,1,subida,0.020174,0.020179,2.347129,2.327284,0.000892,25.518183,6.8,6.8,6.8
3.033245801925659,1211,1,subida,0.020191,0.020178,2.346551,2.327248,0.000892,25.518183,6.8,6.8,6.8
3.0839273929595947,1212,1,subida,0.020174,0.020178,2.346447,2.327248,0.000892,25.516718,6.8,6.8,6.8
3.1154625415802,1213,1,subida,0.020189,0.020178,2.346447,2.326360,0.000892,25.514704,6.8,6.8,6.8
3.178725242614746,1214,1,subida,0.020174,0.020176,2.347475,2.326237,0.000892,25.514704,6.8,6.8,6.8
3.2099432945251465,1215,1,subida,0.020188,0.020175,2.347412,2.326237,0.000892,25.521784,6.8,6.8,6.8
3.2610020637512207,1216,1,subida,0.020174,0.020175,2.347412,2.327248,0.000892,25.517145,6.8,6.8,6.8
3.3210031986236572,1217,1,subida,0.020183,0.020174,2.346628,2.326690,0.000892,25.517145,6.8,6.8,6.8
3.3565995693206787,1218,1,subida,0.020176,0.020175,2.346485,2.326690,0.000892,25.514032,6.8,6.8,6.8
3.4036083221435547,1219,1,subida,0.020183,0.020173,2.346485,2.326366,0.000892,25.525019,6.8,6.8,6.8
3.4351344108581543,1220,1,subida,0.020179,0.020175,2.347266,2.325901,0.000892,25.525019,6.801,6.8,6.8
3.46610426902771,1221,1,subida,0.020183,0.020175,2.347198,2.325901,0.000892,25.525507,6.8,6.8,6.8
3.4975533485412598,1222,1,subida,0.020180,0.020177,2.347198,2.327206,0.000891,25.512934,6.8,6.8,6.8
3.5287442207336426,1223,1,subida,0.020181,0.020176,2.346503,2.327099,0.000892,25.512934,6.8,6.8,6.8
3.560960531234741,1224,1,subida,0.020180,0.020177,2.346032,2.327099,0.000892,25.515070,6.8,6.8,6.8
3.6110892295837402,1225,1,subida,0.020177,0.020176,2.346032,2.326294,0.000892,25.518061,6.8,6.8,6.8
3.6608340740203857,1226,1,subida,0.020181,0.020176,2.347057,2.325737,0.000892,25.518061,6.8,6.8,6.8
3.7206876277923584,1227,1,subida,0.020176,0.020175,2.347379,2.325737,0.000892,25.518732,6.8,6.8,6.8
3.7706663608551025,1228,1,subida,0.020183,0.020176,2.347379,2.326974,0.000892,25.518244,6.8,6.8,6.8
3.8010239601135254,1229,1,subida,0.020172,0.020174,2.346735,2.327203,0.000892,25.518244,6.8,6.8,6.8
3.850722312927246,1230,1,subida,0.020184,0.020174,2.346178,2.327203,0.000892,25.515558,6.8,6.8,6.8
3.8860201835632324,1231,1,subida,0.020173,0.020173,2.346178,2.326205,0.000892,25.510798,6.8,6.8,6.8
3.916290521621704,1232,1,subida,0.020189,0.020173,2.347594,2.326071,0.000892,25.510798,6.8,6.8,6.8
3.9473588466644287,1233,1,subida,0.020174,0.020174,2.347343,2.326071,0.000892,25.517084,6.8,6.8,6.8
3.978627920150757,1234,1,subida,0.020190,0.020174,2.347343,2.326988,0.000892,25.517023,6.8,6.8,6.8
4.05100417137146,1235,1,subida,0.020171,0.020174,2.346962,2.327218,0.000892,25.517023,6.8,6.8,6.8
4.090730428695679,1236,1,subida,0.020192,0.020174,2.345931,2.327218,0.000892,25.517145,6.8,6.8,6.8
4.140495777130127,1237,1,subida,0.020170,0.020175,2.345931,2.326637,0.000892,25.515131,6.8,6.8,6.8
4.200847148895264,1238,1,subida,0.020195,0.020175,2.346700,2.325937,0.000892,25.515131,6.8,6.8,6.8
4.250306129455566,1239,1,subida,0.020169,0.020175,2.347612,2.325937,0.000892,25.514215,6.8,6.8,6.8
4.312581539154053,1240,1,subida,0.020196,0.020176,2.347612,2.326527,0.000892,25.518000,6.8,6.8,6.8
4.343261480331421,1241,1,subida,0.020166,0.020174,2.346902,2.327412,0.000892,25.518000,6.8,6.8,6.8
4.375613451004028,1242,1,subida,0.020199,0.020175,2.346300,2.327412,0.000892,25.515924,6.8,6.8,6.8
4.410695791244507,1243,1,subida,0.020168,0.020173,2.346300,2.326771,0.000892,25.513910,6.8,6.8,6.8
4.460958242416382,1244,1,subida,0.020201,0.020174,2.346298,2.326226,0.000892,25.513910,6.8,6.8,6.8
4.520627737045288,1245,1,subida,0.020167,0.020173,2.347627,2.326226,0.000891,25.512568,6.8,6.8,6.8
4.570944547653198,1246,1,subida,0.020202,0.020174,2.347627,2.326273,0.000892,25.513178,6.8,6.8,6.8
4.621034860610962,1247,1,subida,0.020167,0.020173,2.346789,2.327471,0.000892,25.513178,6.8,6.8,6.8
4.680514812469482,1248,1,subida,0.020205,0.020173,2.346479,2.327471,0.000892,25.522882,6.8,6.8,6.8
4.7315673828125,1249,1,subida,0.020167,0.020174,2.346479,2.326545,0.000892,25.513361,6.8,6.8,6.8
4.793705701828003,1250,1,subida,0.020207,0.020175,2.346268,2.326178,0.000892,25.513361,6.8,6.8,6.8
4.82479190826416,1251,1,subida,0.020167,0.020174,2.347502,2.326178,0.000892,25.522028,6.8,6.8,6.8
4.855684041976929,1252,1,subida,0.020208,0.020174,2.347502,2.326044,0.000892,25.518183,6.8,6.8,6.8
4.908252954483032,1253,1,subida,0.020167,0.020170,2.347159,2.327200,0.000892,25.518183,6.8,6.8,6.8
4.9409918785095215,1254,1,subida,0.020209,0.020174,2.346920,2.327200,0.000892,25.516047,6.8,6.8,6.8
5.000566244125366,1255,1,subida,0.020167,0.020175,2.346920,2.326994,0.000892,25.516413,6.8,6.8,6.8
5.050602197647095,1256,1,subida,0.020209,0.020176,2.346017,2.326166,0.000892,25.516413,6.8,6.799,6.8
5.100653409957886,1257,1,subida,0.020168,0.020174,2.347504,2.326166,0.000892,25.514765,6.8,6.8,6.8
5.160671234130859,1258,1,subida,0.020209,0.020174,2.347504,2.325639,0.000892,25.508051,6.8,6.8,6.8
5.210924386978149,1259,1,subida,0.020169,0.020173,2.347415,2.327042,0.000892,25.508051,6.8,6.8,6.8
5.260773658752441,1260,1,subida,0.020209,0.020173,2.346664,2.327042,0.000892,25.508600,6.8,6.8,6.8
5.320540904998779,1261,1,subida,0.020168,0.020173,2.346664,2.327114,0.000891,25.517511,6.8,6.8,6.8
5.350947141647339,1262,1,subida,0.020211,0.020172,2.345958,2.326047,0.000892,25.517511,6.8,6.8,6.8
5.4006218910217285,1263,1,subida,0.020171,0.020171,2.347019,2.326047,0.000891,25.518976,6.8,6.8,6.8
5.44098973274231,1264,1,subida,0.020209,0.020173,2.347019,2.326038,0.000892,25.521296,6.8,6.8,6.8
5.495157718658447,1265,1,subida,0.020171,0.020175,2.347516,2.326926,0.000891,25.521296,6.8,6.8,6.8
5.525824785232544,1266,1,subida,0.020208,0.020173,2.346852,2.326926,0.000892,25.517633,6.8,6.8,6.8
5.578309774398804,1267,1,subida,0.020171,0.020174,2.346852,2.327227,0.000892,25.514948,6.8,6.8,6.8
5.6099889278411865,1268,1,subida,0.020206,0.020173,2.346026,2.326512,0.000892,25.514948,6.8,6.8,6.8
5.660085916519165,1269,1,subida,0.020171,0.020173,2.346569,2.326512,0.000892,25.517694,6.8,6.8,6.8
5.69057035446167,1270,1,subida,0.020202,0.020173,2.346569,2.325692,0.000892,25.517817,6.8,6.8,6.8
5.7504563331604,1271,1,subida,0.020169,0.020173,2.347519,2.326631,0.000892,25.517817,6.8,6.8,6.8
5.800466537475586,1272,1,subida,0.020200,0.020172,2.346959,2.326631,0.000892,25.513605,6.8,6.8,6.8
5.850774049758911,1273,1,subida,0.020170,0.020172,2.346959,2.327349,0.000892,25.514582,6.8,6.799,6.8
5.91069221496582,1274,1,subida,0.020198,0.020168,2.346286,2.326845,0.000892,25.514582,6.8,6.8,6.8
5.960874080657959,1275,1,subida,0.020172,0.020173,2.346688,2.326845,0.000892,25.516901,6.8,6.8,6.8
6.006858825683594,1276,1,subida,0.020197,0.020174,2.346688,2.325945,0.000892,25.515619,6.8,6.8,6.8
6.032900333404541,1277,1,subida,0.020173,0.020173,2.347647,2.326658,0.000892,25.515619,6.8,6.8,6.8
6.074307203292847,1278,1,subida,0.020191,0.020173,2.347132,2.326658,0.000892,25.519220,6.8,6.799,6.8
6.10537052154541,1279,1,subida,0.020173,0.020173,2.347132,2.327600,0.000892,25.511164,6.8,6.8,6.8
6.135538578033447,1280,1,subida,0.020194,0.020174,2.346363,2.327078,0.000892,25.511164,6.8,6.8,6.8
6.166028022766113,1281,1,subida,0.020176,0.020173,2.346804,2.327078,0.000892,25.516352,6.8,6.8,6.8
6.217759370803833,1282,1,subida,0.020193,0.020173,2.346804,2.326151,0.000892,25.518793,6.8,6.8,6.8
6.248783588409424,1283,1,subida,0.020177,0.020175,2.347513,2.326470,0.000892,25.518793,6.8,6.8,6.8
6.31028938293457,1284,1,subida,0.020192,0.020172,2.347043,2.326470,0.000892,25.515253,6.8,6.8,6.8
6.360246658325195,1285,1,subida,0.020176,0.020171,2.347043,2.327072,0.000892,25.514154,6.8,6.8,6.8
6.4103803634643555,1286,1,subida,0.020186,0.020169,2.346405,2.326866,0.000892,25.514154,6.8,6.8,6.8
6.470113277435303,1287,1,subida,0.020176,0.020172,2.346282,2.326866,0.000892,25.515009,6.8,6.8,6.8
6.520030498504639,1288,1,subida,0.020185,0.020172,2.346282,2.326115,0.000892,25.515314,6.8,6.8,6.8
6.55426025390625,1289,1,subida,0.020177,0.020172,2.347406,2.325999,0.000891,25.515314,6.8,6.799,6.8
6.5849034786224365,1290,1,subida,0.020177,0.020172,2.347251,2.325999,0.000892,25.518549,6.8,6.8,6.8
6.616208791732788,1291,1,subida,0.020176,0.020173,2.347251,2.327281,0.000892,25.513239,6.8,6.8,6.8
6.647629261016846,1292,1,subida,0.020181,0.020173,2.346694,2.327194,0.000892,25.513239,6.8,6.8,6.8
6.745194435119629,1293,1,subida,0.020181,0.020173,2.346184,2.327194,0.000892,25.514154,6.8,6.8,6.8
6.793275594711304,1294,1,subida,0.020180,0.020172,2.346184,2.326345,0.000892,25.516230,6.8,6.8,6.8
6.83401083946228,1295,1,subida,0.020181,0.020173,2.347504,2.325847,0.000892,25.516230,6.8,6.8,6.8
6.874976873397827,1296,1,subida,0.020178,0.020173,2.347215,2.325847,0.000892,25.518122,6.8,6.8,6.8
6.9198644161224365,1297,1,subida,0.020183,0.020173,2.347215,2.327015,0.000892,25.518793,6.8,6.8,6.8
6.9942498207092285,1298,1,subida,0.020176,0.020171,2.346655,2.326986,0.000891,25.518793,6.8,6.8,6.8
7.033790588378906,1299,1,subida,0.020183,0.020171,2.345976,2.326986,0.000891,25.526484,6.8,6.8,6.8
7.110458135604858,1300,1,subida,0.020173,0.020170,2.345976,2.326235,0.000892,25.515863,6.8,6.8,6.8
7.144685506820679,1301,1,subida,0.020185,0.020171,2.346884,2.325629,0.000892,25.515863,6.8,6.8,6.8
7.2058680057525635,1302,1,subida,0.020169,0.020170,2.347728,2.325629,0.000892,25.514765,6.8,6.8,6.8
7.257420778274536,1303,1,subida,0.020186,0.020171,2.347728,2.326902,0.000892,25.515863,6.8,6.799,6.8
7.288355588912964,1304,1,subida,0.020171,0.020172,2.346741,2.327257,0.000892,25.515863,6.8,6.8,6.8
7.320194244384766,1305,1,subida,0.020189,0.020172,2.346253,2.327257,0.000892,25.522028,6.8,6.799,6.8
7.354797124862671,1306,1,subida,0.020169,0.020171,2.346253,2.326354,0.000892,25.516291,6.8,6.8,6.8
7.400139331817627,1307,1,subida,0.020192,0.020172,2.346941,2.326190,0.000892,25.516291,6.8,6.8,6.8
7.450437068939209,1308,1,subida,0.020169,0.020173,2.347820,2.326190,0.000892,25.518183,6.8,6.8,6.8
7.588933706283569,1309,1,subida,0.020195,0.020169,2.347820,2.326780,0.000892,25.516352,6.8,6.8,6.8
7.637902498245239,1310,1,subida,0.020169,0.020168,2.347192,2.327430,0.000892,25.516352,6.8,6.8,6.8
7.671604871749878,1311,1,subida,0.020203,0.020167,2.346292,2.327430,0.000892,25.517389,6.8,6.8,6.8
7.705029010772705,1312,1,subida,0.020173,0.020167,2.346292,2.326500,0.000892,25.510981,6.8,6.8,6.8
7.73867392539978,1313,1,subida,0.020202,0.020167,2.346485,2.326223,0.000892,25.510981,6.8,6.8,6.8
7.77083158493042,1314,1,subida,0.020169,0.020167,2.347925,2.326223,0.000892,25.519648,6.8,6.8,6.8
7.905389070510864,1315,1,subida,0.020203,0.020169,2.347925,2.326562,0.000892,25.515802,6.8,6.8,6.8
7.956456661224365,1316,1,subida,0.020169,0.020170,2.347150,2.327421,0.000893,25.515802,6.8,6.8,6.8
8.00549840927124,1317,1,subida,0.020206,0.020162,2.346640,2.327421,0.000892,25.518488,6.8,6.8,6.8
8.055139303207397,1318,1,subida,0.020169,0.020171,2.346640,2.327120,0.000892,25.514704,6.8,6.8,6.8
8.088687658309937,1319,1,subida,0.020206,0.020172,2.346324,2.326172,0.000892,25.514704,6.8,6.8,6.8
8.120589256286621,1320,1,subida,0.020167,0.020172,2.347576,2.326172,0.000892,25.511835,6.8,6.8,6.8
8.170931339263916,1321,1,subida,0.020206,0.020171,2.347576,2.326342,0.000892,25.514826,6.8,6.8,6.8
8.246460199356079,1322,1,subida,0.020167,0.020171,2.347418,2.327382,0.000892,25.514826,6.8,6.8,6.8
8.294134378433228,1323,1,subida,0.020208,0.020170,2.346610,2.327382,0.000892,25.525690,6.8,6.8,6.8
8.326584815979004,1324,1,subida,0.020168,0.020169,2.346610,2.327143,0.000892,25.519831,6.8,6.8,6.8
8.357820749282837,1325,1,subida,0.020210,0.020169,2.346306,2.326550,0.000892,25.519831,6.8,6.8,6.8
8.40873670578003,1326,1,subida,0.020169,0.020168,2.347576,2.326550,0.000892,25.520136,6.8,6.8,6.8
8.439159870147705,1327,1,subida,0.020210,0.020170,2.347576,2.326330,0.000892,25.517450,6.8,6.8,6.8
8.469738006591797,1328,1,subida,0.020169,0.020170,2.347496,2.327638,0.000892,25.517450,6.8,6.8,6.8
8.52039361000061,1329,1,subida,0.020211,0.020166,2.347188,2.327638,0.000892,25.522272,6.8,6.8,6.8
8.570834398269653,1330,1,subida,0.020169,0.020171,2.347188,2.327489,0.000892,25.514338,6.8,6.8,6.8
8.630615711212158,1331,1,subida,0.020209,0.020171,2.346151,2.326559,0.000892,25.514338,6.8,6.8,6.8
8.680719137191772,1332,1,subida,0.020170,0.020172,2.347492,2.326559,0.000892,25.522882,6.8,6.8,6.8
8.730574369430542,1333,1,subida,0.020209,0.020171,2.347492,2.326205,0.000892,25.508600,6.8,6.8,6.8
8.79066014289856,1334,1,subida,0.020170,0.020170,2.347406,2.327239,0.000892,25.508600,6.8,6.8,6.8
8.840726375579834,1335,1,subida,0.020208,0.020169,2.347135,2.327239,0.000892,25.518549,6.8,6.8,6.8
8.901556253433228,1336,1,subida,0.020170,0.020168,2.347135,2.327433,0.000892,25.518000,6.8,6.8,6.8
8.95060110092163,1337,1,subida,0.020206,0.020168,2.346330,2.326613,0.000892,25.518000,6.8,6.8,6.8
9.000818729400635,1338,1,subida,0.020172,0.020163,2.347302,2.326613,0.000892,25.515314,6.8,6.8,6.8
9.050679445266724,1339,1,subida,0.020205,0.020168,2.347302,2.325850,0.000892,25.515375,6.8,6.8,6.8
9.110729217529297,1340,1,subida,0.020171,0.020170,2.347582,2.326872,0.000892,25.515375,6.8,6.8,6.8
9.160334825515747,1341,1,subida,0.020203,0.020172,2.347037,2.326872,0.000892,25.519159,6.8,6.8,6.8
9.204886674880981,1342,1,subida,0.020172,0.020172,2.347037,2.327686,0.000892,25.510981,6.8,6.8,6.8
9.236274003982544,1343,1,subida,0.020201,0.020171,2.345940,2.326807,0.000892,25.510981,6.8,6.8,6.8
9.288307905197144,1344,1,subida,0.020173,0.020172,2.346682,2.326807,0.000892,25.519403,6.8,6.8,6.8
9.319730997085571,1345,1,subida,0.020198,0.020172,2.346682,2.326080,0.000892,25.512201,6.8,6.8,6.8
9.370576858520508,1346,1,subida,0.020172,0.020171,2.347507,2.326458,0.000892,25.512201,6.8,6.8,6.8
9.43052053451538,1347,1,subida,0.020196,0.020171,2.347013,2.326458,0.000892,25.518549,6.8,6.8,6.8
9.481495141983032,1348,1,subida,0.020173,0.020170,2.347013,2.327531,0.000892,25.517633,6.8,6.8,6.8
9.53046464920044,1349,1,subida,0.020194,0.020169,2.346584,2.326833,0.000892,25.517633,6.8,6.8,6.8
9.590898036956787,1350,1,subida,0.020175,0.020171,2.346551,2.326833,0.000892,25.513727,6.8,6.8,6.8
9.640970706939697,1351,1,subida,0.020192,0.020171,2.346551,2.326342,0.000892,25.514826,6.8,6.8,6.8
9.672165155410767,1352,1,subida,0.020176,0.020170,2.347981,2.326345,0.000892,25.514826,6.8,6.8,6.8
9.720918893814087,1353,1,subida,0.020190,0.020170,2.347442,2.326345,0.000892,25.515375,6.8,6.8,6.8
9.766664266586304,1354,1,subida,0.020177,0.020171,2.347442,2.327743,0.000892,25.513849,6.8,6.8,6.8
9.798023223876953,1355,1,subida,0.020188,0.020172,2.347031,2.326881,0.000892,25.513849,6.8,6.8,6.8
9.829096794128418,1356,1,subida,0.020177,0.020173,2.346640,2.326881,0.000892,25.516901,6.8,6.8,6.8
9.85963487625122,1357,1,subida,0.020186,0.020173,2.346640,2.326467,0.000892,25.508417,6.8,6.8,6.8
9.910284519195557,1358,1,subida,0.020178,0.020172,2.347653,2.326214,0.000892,25.508417,6.8,6.8,6.8
9.960385084152222,1359,1,subida,0.020185,0.020173,2.347504,2.326214,0.000892,25.514338,6.8,6.8,6.8
10.010269165039062,1360,1,subida,0.020179,0.020165,2.347504,2.327290,0.000892,25.512079,6.8,6.8,6.8
10.07079815864563,1361,1,subida,0.020182,0.020174,2.346753,2.327123,0.000892,25.512079,6.8,6.8,6.8
10.1011221408844,1362,1,subida,0.020180,0.020172,2.346011,2.327123,0.000892,25.519159,6.8,6.8,6.8
10.150682210922241,1363,1,subida,0.020179,0.020173,2.346011,2.326410,0.000892,25.515863,6.8,6.8,6.8
10.191267967224121,1364,1,subida,0.020181,0.020173,2.347436,2.325984,0.000892,25.515863,6.8,6.8,6.8
10.231021881103516,1365,1,subida,0.020177,0.020172,2.347358,2.325984,0.000892,25.522028,6.8,6.8,6.8
10.280945777893066,1366,1,subida,0.020182,0.020172,2.347358,2.327200,0.000892,25.510492,6.8,6.8,6.8
10.340577602386475,1367,1,subida,0.020175,0.020172,2.346977,2.327266,0.000892,25.510492,6.8,6.8,6.8
10.37120771408081,1368,1,subida,0.020184,0.020171,2.346268,2.327266,0.000892,25.512812,6.8,6.8,6.8
10.420725107192993,1369,1,subida,0.020174,0.020172,2.346268,2.326247,0.000892,25.516901,6.8,6.8,6.8
10.470677614212036,1370,1,subida,0.020187,0.020173,2.347361,2.325838,0.000892,25.516901,6.8,6.8,6.8
10.520939111709595,1371,1,subida,0.020173,0.020165,2.347734,2.325838,0.000892,25.517939,6.8,6.8,6.8
10.580838918685913,1372,1,subida,0.020189,0.020173,2.347734,2.326780,0.000892,25.521662,6.8,6.8,6.8
10.630810260772705,1373,1,subida,0.020172,0.020174,2.347019,2.327629,0.000892,25.521662,6.8,6.8,6.8
10.680956363677979,1374,1,subida,0.020192,0.020174,2.346458,2.327629,0.000892,25.520441,6.8,6.8,6.8
10.741514682769775,1375,1,subida,0.020170,0.020173,2.346458,2.326300,0.000892,25.515863,6.8,6.8,6.8
10.788529634475708,1376,1,subida,0.020194,0.020172,2.346959,2.326082,0.000892,25.515863,6.8,6.8,6.8
10.820943355560303,1377,1,subida,0.020169,0.020173,2.347308,2.326082,0.000892,25.518671,6.8,6.8,6.8
10.870552778244019,1378,1,subida,0.020195,0.020172,2.347308,2.326857,0.000892,25.517145,6.8,6.8,6.8
10.920844554901123,1379,1,subida,0.020168,0.020171,2.347329,2.327707,0.000892,25.517145,6.8,6.8,6.8
10.980500221252441,1380,1,subida,0.020197,0.020171,2.346473,2.327707,0.000892,25.513544,6.8,6.8,6.8
11.030555248260498,1381,1,subida,0.020167,0.020166,2.346473,2.326801,0.000892,25.512934,6.8,6.8,6.8
11.080654621124268,1382,1,subida,0.020201,0.020173,2.346837,2.326208,0.000892,25.512934,6.8,6.8,6.8
11.140764474868774,1383,1,subida,0.020168,0.020175,2.347591,2.326208,0.000892,25.520258,6.8,6.8,6.8
11.191025257110596,1384,1,subida,0.020204,0.020175,2.347591,2.326410,0.000892,25.515070,6.8,6.8,6.8
11.221495151519775,1385,1,subida,0.020169,0.020174,2.347236,2.327713,0.000892,25.515070,6.8,6.8,6.8
11.272324085235596,1386,1,subida,0.020206,0.020174,2.346911,2.327713,0.000892,25.517878,6.8,6.8,6.8
11.3209068775177,1387,1,subida,0.020169,0.020174,2.346911,2.326965,0.000892,25.518122,6.8,6.8,6.8
11.380766153335571,1388,1,subida,0.020208,0.020172,2.346503,2.326330,0.000892,25.518122,6.8,6.8,6.8
11.430498361587524,1389,1,subida,0.020169,0.020172,2.347710,2.326330,0.000892,25.514582,6.8,6.8,6.8
11.480484008789062,1390,1,subida,0.020208,0.020172,2.347710,2.325978,0.000892,25.518183,6.8,6.8,6.8
11.510387659072876,1391,1,subida,0.020167,0.020161,2.347433,2.327179,0.000892,25.518183,6.8,6.8,6.8
11.590160846710205,1392,1,subida,0.020210,0.020172,2.346843,2.327179,0.000892,25.522455,6.8,6.8,6.8
11.640299797058105,1393,1,subida,0.020167,0.020174,2.346843,2.327143,0.000892,25.510920,6.8,6.8,6.8
11.700311183929443,1394,1,subida,0.020209,0.020175,2.346640,2.326118,0.000892,25.510920,6.8,6.8,6.8
11.750346660614014,1395,1,subida,0.020168,0.020174,2.347275,2.326118,0.000892,25.518366,6.8,6.8,6.8
11.799995422363281,1396,1,subida,0.020210,0.020173,2.347275,2.325838,0.000892,25.512751,6.8,6.8,6.8
11.862069368362427,1397,1,subida,0.020169,0.020174,2.347129,2.327367,0.000892,25.512751,6.8,6.8,6.8
11.892467260360718,1398,1,subida,0.020211,0.020175,2.346870,2.327367,0.000892,25.521967,6.8,6.8,6.8
11.921457052230835,1399,1,subida,0.020170,0.020173,2.346870,2.327176,0.000892,25.517206,6.8,6.8,6.8
11.971478939056396,1400,1,subida,0.020210,0.020172,2.345978,2.326285,0.000892,25.517206,6.8,6.8,6.8
12.020946025848389,1401,1,subida,0.020171,0.020167,2.347659,2.326285,0.000892,25.511713,6.8,6.8,6.8
12.07114291191101,1402,1,subida,0.020209,0.020173,2.347659,2.326109,0.000892,25.515680,6.8,6.8,6.8
12.135864019393921,1403,1,subida,0.020172,0.020173,2.347627,2.327185,0.000892,25.515680,6.8,6.8,6.8
12.166588306427002,1404,1,subida,0.020209,0.020172,2.347043,2.327185,0.000892,25.513605,6.8,6.8,6.8
12.26000690460205,1405,1,subida,0.020172,0.020172,2.347043,2.327230,0.000892,25.513300,6.8,6.8,6.8
12.292020797729492,1406,1,subida,0.020206,0.020172,2.346172,2.326416,0.000892,25.513300,6.8,6.8,6.8
12.347728967666626,1407,1,subida,0.020172,0.020173,2.347186,2.326416,0.000892,25.515314,6.8,6.8,6.8
12.379138469696045,1408,1,subida,0.020206,0.020173,2.347186,2.325874,0.000892,25.512995,6.8,6.8,6.8
12.438722848892212,1409,1,subida,0.020174,0.020173,2.347540,2.327060,0.000892,25.512995,6.8,6.8,6.8
12.468984365463257,1410,1,subida,0.020205,0.020174,2.347120,2.327060,0.000892,25.511713,6.8,6.8,6.8
12.546619892120361,1411,1,subida,0.020175,0.020172,2.347120,2.327731,0.000892,25.518061,6.8,6.8,6.8
12.57750129699707,1412,1,subida,0.020202,0.020174,2.346312,2.326661,0.000892,25.518061,6.8,6.8,6.8
12.610596895217896,1413,1,subida,0.020176,0.020174,2.347147,2.326661,0.000892,25.511713,6.8,6.8,6.8
12.641319513320923,1414,1,subida,0.020201,0.020174,2.347147,2.326056,0.000892,25.513666,6.8,6.8,6.8
12.687805891036987,1415,1,subida,0.020177,0.020174,2.347668,2.326327,0.000892,25.513666,6.8,6.8,6.8
12.77049708366394,1416,1,subida,0.020199,0.020174,2.347442,2.326327,0.000892,25.515985,6.8,6.8,6.8
12.804622173309326,1417,1,subida,0.020177,0.020173,2.347442,2.327292,0.000892,25.518732,6.8,6.8,6.8
12.836720705032349,1418,1,subida,0.020196,0.020174,2.346515,2.326994,0.000892,25.518732,6.8,6.8,6.8
12.870891332626343,1419,1,subida,0.020177,0.020174,2.346133,2.326994,0.000892,25.519159,6.8,6.8,6.8
13.15406060218811,1420,1,subida,0.020193,0.020172,2.346133,2.326097,0.000892,25.513422,6.8,6.8,6.8
13.253984451293945,1421,1,subida,0.020176,0.020173,2.347555,2.326267,0.000892,25.513422,6.8,6.8,6.8
13.41015625,1422,1,subida,0.020189,0.020174,2.347126,2.326267,0.000892,25.520197,6.8,6.8,6.8
13.475301742553711,1423,1,subida,0.020175,0.020174,2.347126,2.327558,0.000892,25.513910,6.8,6.8,6.8
13.50636887550354,1424,1,subida,0.020185,0.020170,2.346914,2.326994,0.000892,25.513910,6.8,6.8,6.8
13.541203737258911,1425,1,subida,0.020175,0.020173,2.346277,2.326994,0.000892,25.520807,6.8,6.8,6.8
13.62139630317688,1426,1,subida,0.020182,0.020175,2.346277,2.326494,0.000892,25.516291,6.8,6.8,6.8
13.681437492370605,1427,1,subida,0.020178,0.020175,2.347686,2.326097,0.000892,25.516291,6.8,6.8,6.8
13.711150884628296,1428,1,subida,0.020183,0.020175,2.347439,2.326097,0.000892,25.515863,6.8,6.8,6.8
13.75061583518982,1429,1,subida,0.020178,0.020174,2.347439,2.326759,0.000892,25.519526,6.8,6.8,6.8
13.810243129730225,1430,1,subida,0.020181,0.020174,2.346643,2.326965,0.000892,25.519526,6.8,6.8,6.8
13.860841274261475,1431,1,subida,0.020181,0.020174,2.345889,2.326965,0.000892,25.506800,6.8,6.8,6.8
13.94048285484314,1432,1,subida,0.020179,0.020173,2.345889,2.326783,0.000892,25.513544,6.8,6.8,6.8
13.990614175796509,1433,1,subida,0.020178,0.020173,2.347585,2.325713,0.000892,25.513544,6.8,6.8,6.8
14.050369262695312,1434,1,subida,0.020179,0.020171,2.347534,2.325713,0.000892,25.517633,6.8,6.8,6.8
14.100165128707886,1435,1,subida,0.020184,0.020174,2.347534,2.327191,0.000892,25.507196,6.8,6.8,6.8
14.18051791191101,1436,1,subida,0.020176,0.020174,2.346917,2.327257,0.000892,25.507196,6.8,6.8,6.8
14.23056149482727,1437,1,subida,0.020186,0.020174,2.346089,2.327257,0.000892,25.513727,6.8,6.8,6.8
14.29094123840332,1438,1,subida,0.020175,0.020174,2.346089,2.326372,0.000892,25.518488,6.8,6.8,6.8
14.322213172912598,1439,1,subida,0.020189,0.020175,2.346938,2.325865,0.000892,25.518488,6.8,6.8,6.8
14.364603042602539,1440,1,subida,0.020174,0.020175,2.347773,2.325865,0.000892,25.517023,6.8,6.8,6.8
14.41714358329773,1441,1,subida,0.020189,0.020174,2.347773,2.326902,0.000892,25.513117,6.8,6.8,6.8
14.448450088500977,1442,1,subida,0.020172,0.020175,2.346819,2.327513,0.000892,25.513117,6.8,6.8,6.8
14.484822988510132,1443,1,subida,0.020192,0.020175,2.346604,2.327513,0.000892,25.519709,6.8,6.8,6.8
14.5127534866333,1444,1,subida,0.020171,0.020177,2.346604,2.327003,0.000893,25.514093,6.8,6.8,6.8
14.56244683265686,1445,1,subida,0.020186,0.020178,2.347028,2.325817,0.000892,25.514093,6.8,6.8,6.8
14.613099098205566,1446,1,subida,0.020171,0.020178,2.347749,2.325817,0.000892,25.509516,6.8,6.8,6.8
14.675838232040405,1447,1,subida,0.020199,0.020177,2.347749,2.326816,0.000892,25.511042,6.8,6.8,6.8
14.707372665405273,1448,1,subida,0.020171,0.020177,2.346876,2.327608,0.000892,25.511042,6.8,6.8,6.8
14.739089488983154,1449,1,subida,0.020202,0.020176,2.346464,2.327608,0.000892,25.515375,6.8,6.8,6.8
14.800956010818481,1450,1,subida,0.020169,0.020175,2.346464,2.326401,0.000892,25.513727,6.8,6.8,6.8
14.850831270217896,1451,1,subida,0.020203,0.020176,2.346947,2.326363,0.000892,25.513727,6.8,6.8,6.8
14.90102505683899,1452,1,subida,0.020169,0.020175,2.348002,2.326363,0.000892,25.520990,6.8,6.8,6.8
14.980990171432495,1453,1,subida,0.020205,0.020174,2.348002,2.326565,0.000892,25.513178,6.8,6.8,6.8
15.093040704727173,1454,1,subida,0.020168,0.020175,2.347049,2.327143,0.000892,25.513178,6.8,6.8,6.8
15.12424898147583,1455,1,subida,0.020207,0.020174,2.346604,2.327143,0.000892,25.516047,6.8,6.8,6.8
15.155683994293213,1456,1,subida,0.020168,0.020173,2.346604,2.326965,0.000892,25.516596,6.8,6.8,6.8
15.187408924102783,1457,1,subida,0.020199,0.020173,2.346363,2.326196,0.000892,25.516596,6.8,6.8,6.8
15.219069957733154,1458,1,subida,0.020169,0.020174,2.347761,2.326196,0.000892,25.515070,6.8,6.8,6.8
15.250958681106567,1459,1,subida,0.020210,0.020173,2.347761,2.326136,0.000892,25.514521,6.8,6.8,6.8
15.300676107406616,1460,1,subida,0.020170,0.020173,2.347367,2.327349,0.000891,25.514521,6.8,6.8,6.8
15.392435789108276,1461,1,subida,0.020212,0.020174,2.346753,2.327349,0.000892,25.509638,6.8,6.8,6.8
15.443235158920288,1462,1,subida,0.020170,0.020175,2.346753,2.327081,0.000892,25.513605,6.8,6.8,6.8
15.505698919296265,1463,1,subida,0.020212,0.020173,2.346292,2.326386,0.000892,25.513605,6.8,6.8,6.8
15.53905200958252,1464,1,subida,0.020171,0.020175,2.347287,2.326386,0.000892,25.512995,6.8,6.8,6.8
15.600764036178589,1465,1,subida,0.020211,0.020176,2.347287,2.325790,0.000892,25.516352,6.8,6.8,6.8
15.650935649871826,1466,1,subida,0.020169,0.020176,2.347287,2.327334,0.000892,25.516352,6.8,6.8,6.8
15.700985670089722,1467,1,subida,0.020210,0.020176,2.347388,2.327334,0.000892,25.514704,6.8,6.8,6.8
15.76035189628601,1468,1,subida,0.020170,0.020174,2.347388,2.327245,0.000892,25.515375,6.8,6.799,6.8
15.810434818267822,1469,1,subida,0.020204,0.020173,2.345839,2.326857,0.000892,25.515375,6.8,6.8,6.8
15.86106824874878,1470,1,subida,0.020171,0.020173,2.347788,2.326857,0.000892,25.515070,6.8,6.8,6.8
15.921525478363037,1471,1,subida,0.020209,0.020174,2.347788,2.325954,0.000892,25.518854,6.8,6.799,6.8
15.97095775604248,1472,1,subida,0.020174,0.020173,2.347656,2.326932,0.000892,25.518854,6.8,6.8,6.8
16.02068567276001,1473,1,subida,0.020210,0.020172,2.346801,2.326932,0.000892,25.514460,6.8,6.799,6.8
16.11359405517578,1474,1,subida,0.020175,0.020175,2.346801,2.327510,0.000892,25.516047,6.8,6.8,6.8
16.144924879074097,1475,1,subida,0.020207,0.020174,2.346348,2.326696,0.000892,25.516047,6.8,6.8,6.8
16.17661190032959,1476,1,subida,0.020175,0.020175,2.346944,2.326696,0.000892,25.517511,6.8,6.799,6.8
16.22914958000183,1477,1,subida,0.020205,0.020174,2.346944,2.326032,0.000892,25.514948,6.8,6.8,6.8
16.290814876556396,1478,1,subida,0.020176,0.020174,2.347752,2.326398,0.000892,25.514948,6.8,6.8,6.8
16.340879201889038,1479,1,subida,0.020204,0.020174,2.347028,2.326398,0.000892,25.514154,6.8,6.799,6.8
16.400598764419556,1480,1,subida,0.020174,0.020174,2.347028,2.327710,0.000892,25.520868,6.8,6.8,6.8
16.451045989990234,1481,1,subida,0.020196,0.020173,2.346262,2.326908,0.000892,25.520868,6.8,6.8,6.8
16.500983238220215,1482,1,subida,0.020175,0.020172,2.346712,2.326908,0.000892,25.518488,6.8,6.8,6.8
16.53097128868103,1483,1,subida,0.020198,0.020175,2.346712,2.326115,0.000892,25.518854,6.8,6.8,6.8
16.58098530769348,1484,1,subida,0.020176,0.020174,2.347633,2.326321,0.000892,25.518854,6.8,6.8,6.8
16.639583349227905,1485,1,subida,0.020196,0.020173,2.347221,2.326321,0.000892,25.519587,6.8,6.8,6.8
16.690619707107544,1486,1,subida,0.020176,0.020174,2.347221,2.327498,0.000892,25.520807,6.8,6.8,6.8
16.74015760421753,1487,1,subida,0.020192,0.020174,2.346590,2.326944,0.000892,25.520807,6.8,6.8,6.8
16.80038857460022,1488,1,subida,0.020178,0.020174,2.346712,2.326944,0.000892,25.512934,6.8,6.8,6.8
16.850520610809326,1489,1,subida,0.020190,0.020174,2.346712,2.326545,0.000892,25.522943,6.8,6.8,6.8
16.900431394577026,1490,1,subida,0.020178,0.020174,2.347498,2.326524,0.000891,25.522943,6.8,6.8,6.8
16.96007251739502,1491,1,subida,0.020191,0.020174,2.347460,2.326524,0.000892,25.519526,6.8,6.8,6.8
17.059269905090332,1492,1,subida,0.020179,0.020173,2.347460,2.327310,0.000892,25.516962,6.8,6.8,6.8
17.119629621505737,1493,1,subida,0.020185,0.020173,2.346509,2.326968,0.000892,25.516962,6.8,6.8,6.8
17.153026342391968,1494,1,subida,0.020181,0.020173,2.346491,2.326968,0.000892,25.516840,6.8,6.799,6.8
17.193352460861206,1495,1,subida,0.020183,0.020171,2.346491,2.326342,0.000892,25.507959,6.8,6.8,6.8
17.234313249588013,1496,1,subida,0.020180,0.020171,2.347752,2.325922,0.000892,25.507959,6.8,6.8,6.8
17.267770051956177,1497,1,subida,0.020182,0.020170,2.347311,2.325922,0.000892,25.515192,6.8,6.8,6.8
17.353785276412964,1498,1,subida,0.020181,0.020172,2.347311,2.327477,0.000892,25.511469,6.8,6.8,6.8
17.393384218215942,1499,1,subida,0.020179,0.020172,2.347224,2.326872,0.000892,25.511469,6.8,6.8,6.8
17.47548532485962,1500,1,subida,0.020182,0.020173,2.346151,2.326872,0.000892,25.513849,6.8,6.8,6.8
17.55367946624756,1501,1,subida,0.020176,0.020174,2.346151,2.326941,0.000892,25.512751,6.8,6.799,6.8
17.58522343635559,1502,1,subida,0.020184,0.020173,2.347746,2.326187,0.000892,25.512751,6.8,6.8,6.8
17.61720561981201,1503,1,subida,0.020176,0.020172,2.347442,2.326187,0.000892,25.514643,6.8,6.8,6.8
17.648091793060303,1504,1,subida,0.020186,0.020171,2.347442,2.326974,0.000892,25.520319,6.8,6.8,6.8
17.729986906051636,1505,1,subida,0.020171,0.020172,2.347212,2.327322,0.000892,25.520319,6.8,6.799,6.8
17.80921769142151,1506,1,subida,0.020189,0.020172,2.346330,2.327322,0.000892,25.518122,6.8,6.8,6.8
17.84359884262085,1507,1,subida,0.020172,0.020172,2.346330,2.326410,0.000892,25.512751,6.8,6.8,6.8
17.88737940788269,1508,1,subida,0.020192,0.020172,2.346896,2.326041,0.000892,25.512751,6.8,6.799,6.8
17.919652462005615,1509,1,subida,0.020172,0.020173,2.347630,2.326041,0.000892,25.516901,6.8,6.8,6.8
17.95260000228882,1510,1,subida,0.020193,0.020173,2.347630,2.326977,0.000892,25.515131,6.8,6.8,6.8
17.98624849319458,1511,1,subida,0.020169,0.020173,2.347194,2.327462,0.000892,25.515131,6.8,6.799,6.8
18.019992351531982,1512,1,subida,0.020195,0.020172,2.346282,2.327462,0.000892,25.520136,6.8,6.8,6.8
18.051525592803955,1513,1,subida,0.020168,0.020172,2.346282,2.326774,0.000892,25.514093,6.8,6.799,6.8
18.20932412147522,1514,1,subida,0.020198,0.020173,2.346795,2.326080,0.000892,25.514093,6.8,6.8,6.8
18.318760871887207,1515,1,subida,0.020168,0.020172,2.348273,2.326080,0.000892,25.518122,6.8,6.8,6.8
18.351178407669067,1516,1,subida,0.020199,0.020173,2.348273,2.326491,0.000892,25.510798,6.8,6.799,6.8
18.385320901870728,1517,1,subida,0.020166,0.020172,2.347192,2.327743,0.000892,25.510798,6.8,6.8,6.8
18.419435501098633,1518,1,subida,0.020203,0.020172,2.346503,2.327743,0.000892,25.515924,6.8,6.8,6.8
18.4511239528656,1519,1,subida,0.020167,0.020171,2.346503,2.326634,0.000892,25.512201,6.8,6.8,6.8
18.593581199645996,1520,1,subida,0.020205,0.020172,2.346670,2.326369,0.000893,25.512201,6.8,6.799,6.8
18.640761375427246,1521,1,subida,0.020166,0.020171,2.347492,2.326369,0.000892,25.516779,6.8,6.8,6.8
18.69026279449463,1522,1,subida,0.020206,0.020171,2.347492,2.326124,0.000892,25.512812,6.8,6.8,6.8
18.721435546875,1523,1,subida,0.020167,0.020172,2.347174,2.327504,0.000892,25.512812,6.8,6.8,6.8
18.77087926864624,1524,1,subida,0.020208,0.020172,2.346989,2.327504,0.000892,25.522150,6.8,6.799,6.8
18.831024885177612,1525,1,subida,0.020167,0.020172,2.346989,2.327048,0.000892,25.517206,6.8,6.799,6.8
18.8808650970459,1526,1,subida,0.020208,0.020171,2.346280,2.326386,0.000892,25.517206,6.8,6.8,6.8
18.930980443954468,1527,1,subida,0.020167,0.020172,2.347337,2.326386,0.000892,25.512323,6.8,6.8,6.8
18.990728616714478,1528,1,subida,0.020211,0.020173,2.347337,2.325832,0.000892,25.516596,6.8,6.799,6.8
19.040687084197998,1529,1,subida,0.020172,0.020172,2.347424,2.327302,0.000892,25.516596,6.8,6.8,6.8
19.090576887130737,1530,1,subida,0.020214,0.020173,2.347066,2.327302,0.000892,25.520014,6.8,6.799,6.8
19.121022701263428,1531,1,subida,0.020171,0.020172,2.347066,2.327239,0.000892,25.515131,6.8,6.8,6.8
19.15166687965393,1532,1,subida,0.020211,0.020171,2.346169,2.326667,0.000892,25.515131,6.8,6.799,6.8
19.182979822158813,1533,1,subida,0.020173,0.020171,2.347391,2.326667,0.000892,25.518671,6.8,6.8,6.8
19.233969926834106,1534,1,subida,0.020211,0.020170,2.347391,2.325883,0.000892,25.512445,6.8,6.799,6.8
19.27996277809143,1535,1,subida,0.020173,0.020170,2.347719,2.326807,0.000892,25.512445,6.8,6.8,6.8
19.33100199699402,1536,1,subida,0.020211,0.020168,2.347022,2.326807,0.000892,25.520380,6.8,6.799,6.8
19.39112377166748,1537,1,subida,0.020173,0.020169,2.347022,2.327525,0.000891,25.509302,6.8,6.799,6.8
19.44068431854248,1538,1,subida,0.020208,0.020170,2.346160,2.326580,0.000892,25.509302,6.8,6.8,6.8
19.471147537231445,1539,1,subida,0.020174,0.020172,2.347081,2.326580,0.000892,25.516962,6.8,6.8,6.8
19.52059769630432,1540,1,subida,0.020204,0.020170,2.347081,2.326011,0.000892,25.507959,6.8,6.8,6.8
19.571135997772217,1541,1,subida,0.020172,0.020169,2.347817,2.326866,0.000892,25.507959,6.8,6.799,6.8
19.621461153030396,1542,1,subida,0.020204,0.020168,2.346938,2.326866,0.000892,25.515070,6.8,6.799,6.8
19.66272735595703,1543,1,subida,0.020174,0.020171,2.346938,2.327650,0.000892,25.516352,6.8,6.8,6.8
19.6938955783844,1544,1,subida,0.020202,0.020170,2.346646,2.326553,0.000892,25.516352,6.8,6.8,6.8
19.7253475189209,1545,1,subida,0.020173,0.020171,2.346858,2.326553,0.000892,25.515619,6.8,6.8,6.8
19.75670075416565,1546,1,subida,0.020197,0.020170,2.346858,2.326133,0.000892,25.519098,6.8,6.8,6.8
19.854383945465088,1547,1,subida,0.020173,0.020172,2.347591,2.326786,0.000892,25.519098,6.8,6.799,6.8
19.885233163833618,1548,1,subida,0.020196,0.020172,2.347072,2.326786,0.000892,25.509027,6.8,6.8,6.8
19.91632652282715,1549,1,subida,0.020175,0.020172,2.347072,2.327290,0.000892,25.517511,6.8,6.8,6.8
19.969745874404907,1550,1,subida,0.020193,0.020173,2.346375,2.326851,0.000892,25.517511,6.8,6.799,6.8
0.10921263694763184,1552,1,bajada,0.018981,0.018944,2.347740,2.328243,0.000892,25.517511,6.5,6.5,6.5
0.13950276374816895,1553,1,bajada,0.019015,0.018946,2.346735,2.328243,0.000893,25.510981,6.5,6.5,6.5
0.1709599494934082,1554,1,bajada,0.018979,0.018946,2.346735,2.328893,0.000892,25.518427,6.5,6.5,6.5
0.23144912719726562,1555,1,bajada,0.019009,0.018944,2.346634,2.328553,0.000893,25.518427,6.5,6.499,6.5
0.27146077156066895,1556,1,bajada,0.018981,0.018945,2.346661,2.328553,0.000892,25.519037,6.5,6.5,6.5
0.311293363571167,1557,1,bajada,0.019007,0.018946,2.346661,2.327164,0.000893,25.512751,6.5,6.499,6.5
0.34846925735473633,1558,1,bajada,0.018980,0.018946,2.347788,2.327880,0.000892,25.512751,6.5,6.5,6.5
0.42383265495300293,1559,1,bajada,0.019004,0.018946,2.347093,2.327880,0.000893,25.520868,6.5,6.5,6.5
0.4554731845855713,1560,1,bajada,0.018979,0.018944,2.347093,2.328649,0.000892,25.518915,6.5,6.5,6.5
0.5072355270385742,1561,1,bajada,0.019001,0.018948,2.346578,2.328023,0.000893,25.518915,6.5,6.5,6.5
0.5379903316497803,1562,1,bajada,0.018981,0.018948,2.346756,2.328023,0.000892,25.517878,6.5,6.5,6.5
0.5688748359680176,1563,1,bajada,0.018999,0.018948,2.346756,2.327608,0.000893,25.522211,6.5,6.499,6.5
0.5995924472808838,1564,1,bajada,0.018981,0.018947,2.347507,2.327468,0.000892,25.522211,6.5,6.5,6.5
0.6305830478668213,1565,1,bajada,0.018997,0.018947,2.347427,2.327468,0.000892,25.516474,6.5,6.5,6.5
0.6809184551239014,1566,1,bajada,0.018983,0.018947,2.347427,2.328970,0.000892,25.522089,6.5,6.5,6.5
0.7308616638183594,1567,1,bajada,0.018993,0.018947,2.346747,2.327921,0.000892,25.522089,6.5,6.5,6.5
0.7962312698364258,1568,1,bajada,0.018983,0.018946,2.346414,2.327921,0.000892,25.522516,6.5,6.5,6.5
0.8280355930328369,1569,1,bajada,0.018989,0.018946,2.346414,2.327257,0.000892,25.519953,6.5,6.5,6.5
0.8687317371368408,1570,1,bajada,0.018984,0.018945,2.347764,2.327441,0.000892,25.519953,6.5,6.5,6.5
0.9692332744598389,1571,1,bajada,0.018989,0.018945,2.347430,2.327441,0.000892,25.515436,6.5,6.5,6.5
1.000622034072876,1572,1,bajada,0.018985,0.018947,2.347430,2.328607,0.000892,25.524408,6.5,6.5,6.5
1.0510592460632324,1573,1,bajada,0.018985,0.018948,2.346873,2.328172,0.000892,25.524408,6.5,6.5,6.5
1.0820128917694092,1574,1,bajada,0.018985,0.018948,2.345901,2.328172,0.000892,25.516657,6.5,6.499,6.5
1.1434690952301025,1575,1,bajada,0.018981,0.018949,2.345901,2.327820,0.000892,25.514154,6.5,6.5,6.5
1.1751375198364258,1576,1,bajada,0.018988,0.018949,2.347194,2.327015,0.000892,25.514154,6.5,6.499,6.5
1.2064568996429443,1577,1,bajada,0.018981,0.018945,2.347758,2.327015,0.000892,25.519403,6.5,6.5,6.5
1.3491990566253662,1578,1,bajada,0.018990,0.018946,2.347758,2.328121,0.000892,25.515253,6.5,6.5,6.5
1.401151418685913,1579,1,bajada,0.018978,0.018947,2.347111,2.328693,0.000892,25.515253,6.5,6.499,6.5
1.447248935699463,1580,1,bajada,0.018993,0.018936,2.346154,2.328693,0.000892,25.514887,6.5,6.5,6.5
1.4796395301818848,1581,1,bajada,0.018975,0.018941,2.346154,2.327585,0.000893,25.517389,6.5,6.5,6.5
1.5313425064086914,1582,1,bajada,0.018996,0.018948,2.347039,2.327015,0.000892,25.517389,6.5,6.5,6.5
1.5904207229614258,1583,1,bajada,0.018976,0.018949,2.347674,2.327015,0.000892,25.515802,6.5,6.5,6.5
1.631849765777588,1584,1,bajada,0.018998,0.018949,2.347674,2.327856,0.000892,25.512751,6.5,6.5,6.5
1.6728553771972656,1585,1,bajada,0.018973,0.018949,2.347198,2.328693,0.000892,25.512751,6.5,6.5,6.5
1.7041833400726318,1586,1,bajada,0.019000,0.018950,2.346363,2.328693,0.000893,25.516474,6.5,6.5,6.5
1.7353577613830566,1587,1,bajada,0.018972,0.018949,2.346363,2.328148,0.000893,25.520685,6.5,6.5,6.5
1.766444444656372,1588,1,bajada,0.019003,0.018950,2.346730,2.327191,0.000892,25.520685,6.5,6.5,6.5
1.8011016845703125,1589,1,bajada,0.018970,0.018949,2.347716,2.327191,0.000892,25.519892,6.5,6.5,6.5
1.8330349922180176,1590,1,bajada,0.019005,0.018948,2.347716,2.327918,0.000892,25.519464,6.5,6.5,6.5
1.878782033920288,1591,1,bajada,0.018971,0.018949,2.347406,2.328398,0.000892,25.519464,6.5,6.5,6.5
1.9106481075286865,1592,1,bajada,0.019009,0.018948,2.346661,2.328398,0.000892,25.523005,6.5,6.5,6.5
2.0226519107818604,1593,1,bajada,0.018969,0.018948,2.346661,2.328312,0.000892,25.516291,6.5,6.5,6.5
2.053579092025757,1594,1,bajada,0.019009,0.018948,2.346360,2.327513,0.000892,25.516291,6.5,6.5,6.5
2.084503412246704,1595,1,bajada,0.018970,0.018948,2.347773,2.327513,0.000892,25.522089,6.5,6.5,6.5
2.1369500160217285,1596,1,bajada,0.019012,0.018949,2.347773,2.327507,0.000893,25.512262,6.5,6.5,6.5
2.168649911880493,1597,1,bajada,0.018972,0.018948,2.347242,2.328684,0.000892,25.512262,6.5,6.5,6.5
2.2001707553863525,1598,1,bajada,0.019015,0.018948,2.346870,2.328684,0.000893,25.518183,6.5,6.5,6.5
2.2512035369873047,1599,1,bajada,0.018971,0.018948,2.346870,2.328544,0.000892,25.520624,6.5,6.5,6.5
2.2964816093444824,1600,1,bajada,0.019012,0.018948,2.346247,2.327817,0.000893,25.520624,6.5,6.5,6.5
2.3284804821014404,1601,1,bajada,0.018971,0.018948,2.347612,2.327817,0.000892,25.523188,6.5,6.5,6.5
2.3578271865844727,1602,1,bajada,0.019012,0.018948,2.347612,2.327370,0.000892,25.521357,6.5,6.5,6.5
2.3896446228027344,1603,1,bajada,0.018973,0.018949,2.347445,2.328726,0.000892,25.521357,6.5,6.5,6.5
2.441169261932373,1604,1,bajada,0.019016,0.018945,2.347126,2.328726,0.000893,25.520868,6.5,6.5,6.5
2.4826691150665283,1605,1,bajada,0.018978,0.018944,2.347126,2.328669,0.000893,25.519648,6.5,6.5,6.5
2.521432399749756,1606,1,bajada,0.019015,0.018947,2.346509,2.327981,0.000893,25.519648,6.5,6.5,6.5
2.5709011554718018,1607,1,bajada,0.018978,0.018947,2.347224,2.327981,0.000892,25.522211,6.5,6.5,6.5
2.6014902591705322,1608,1,bajada,0.019012,0.018948,2.347224,2.327039,0.000892,25.519098,6.5,6.5,6.5
2.661637306213379,1609,1,bajada,0.018977,0.018947,2.347907,2.327883,0.000892,25.519098,6.5,6.5,6.5
2.71163010597229,1610,1,bajada,0.019009,0.018946,2.347060,2.327883,0.000893,25.524225,6.5,6.5,6.5
2.7606282234191895,1611,1,bajada,0.018978,0.018946,2.347060,2.328949,0.000892,25.515070,6.5,6.5,6.5
2.805879592895508,1612,1,bajada,0.019006,0.018947,2.346539,2.327948,0.000893,25.515070,6.5,6.5,6.5
2.857477903366089,1613,1,bajada,0.018977,0.018947,2.347451,2.327948,0.000892,25.516657,6.5,6.5,6.5
2.888378143310547,1614,1,bajada,0.019003,0.018947,2.347451,2.327179,0.000892,25.513788,6.5,6.5,6.5
2.9195716381073,1615,1,bajada,0.018977,0.018947,2.348023,2.327638,0.000892,25.513788,6.5,6.5,6.5
2.9809858798980713,1616,1,bajada,0.019000,0.018947,2.347251,2.327638,0.000893,25.517817,6.5,6.5,6.5
3.094266176223755,1617,1,bajada,0.018978,0.018950,2.347251,2.328899,0.000893,25.513056,6.5,6.5,6.5
3.1244075298309326,1618,1,bajada,0.018996,0.018949,2.346578,2.328169,0.000893,25.513056,6.5,6.5,6.5
3.1550211906433105,1619,1,bajada,0.018979,0.018951,2.346884,2.328169,0.000892,25.516352,6.5,6.5,6.5
3.206052303314209,1620,1,bajada,0.018994,0.018950,2.346884,2.327793,0.000893,25.518122,6.5,6.5,6.5
3.2366108894348145,1621,1,bajada,0.018980,0.018948,2.347782,2.327886,0.000892,25.518122,6.5,6.5,6.5
3.2877180576324463,1622,1,bajada,0.018993,0.018949,2.347955,2.327886,0.000893,25.521479,6.5,6.501,6.5
3.3191161155700684,1623,1,bajada,0.018981,0.018949,2.347955,2.328994,0.000892,25.520746,6.5,6.5,6.5
3.3463962078094482,1624,1,bajada,0.018989,0.018948,2.347069,2.328651,0.000892,25.520746,6.5,6.501,6.5
3.398911952972412,1625,1,bajada,0.018983,0.018949,2.346709,2.328651,0.000893,25.514154,6.5,6.5,6.5
3.430037260055542,1626,1,bajada,0.018986,0.018948,2.346709,2.328094,0.000893,25.518000,6.5,6.501,6.5
3.4618799686431885,1627,1,bajada,0.018981,0.018948,2.347838,2.327182,0.000892,25.518000,6.5,6.5,6.5
3.5077366828918457,1628,1,bajada,0.018983,0.018947,2.347671,2.327182,0.000893,25.521357,6.5,6.5,6.5
3.541069507598877,1629,1,bajada,0.018983,0.018947,2.347671,2.328869,0.000892,25.522943,6.5,6.5,6.5
3.607880115509033,1630,1,bajada,0.018979,0.018947,2.347114,2.328315,0.000892,25.522943,6.5,6.5,6.5
3.734990119934082,1631,1,bajada,0.018985,0.018948,2.346443,2.328315,0.000892,25.521173,6.5,6.5,6.5
3.766319513320923,1632,1,bajada,0.018976,0.018947,2.346443,2.327957,0.000893,25.516718,6.5,6.5,6.5
3.812457799911499,1633,1,bajada,0.018988,0.018948,2.347299,2.327212,0.000893,25.516718,6.5,6.5,6.5
3.8548460006713867,1634,1,bajada,0.018975,0.018947,2.347901,2.327212,0.000892,25.507563,6.5,6.5,6.5
3.892659902572632,1635,1,bajada,0.018991,0.018948,2.347901,2.328434,0.000893,25.512568,6.5,6.5,6.5
3.980231523513794,1636,1,bajada,0.018974,0.018946,2.347153,2.329000,0.000892,25.512568,6.5,6.5,6.5
4.016149520874023,1637,1,bajada,0.018994,0.018948,2.346658,2.329000,0.000893,25.520441,6.5,6.5,6.5
4.055667877197266,1638,1,bajada,0.018971,0.018947,2.346658,2.328410,0.000893,25.512323,6.5,6.5,6.5
4.089106798171997,1639,1,bajada,0.018995,0.018947,2.347341,2.327582,0.000893,25.512323,6.5,6.5,6.5
4.119600772857666,1640,1,bajada,0.018970,0.018947,2.348154,2.327582,0.000893,25.517633,6.5,6.5,6.5
4.1786723136901855,1641,1,bajada,0.019000,0.018948,2.348154,2.328136,0.000893,25.518000,6.5,6.5,6.5
4.229599237442017,1642,1,bajada,0.018971,0.018949,2.347579,2.329143,0.000892,25.518000,6.5,6.5,6.5
4.260653495788574,1643,1,bajada,0.019004,0.018949,2.346768,2.329143,0.000893,25.518793,6.5,6.5,6.5
4.309446334838867,1644,1,bajada,0.018969,0.018949,2.346768,2.328416,0.000893,25.514704,6.5,6.5,6.5
4.340903282165527,1645,1,bajada,0.019005,0.018948,2.346870,2.327692,0.000892,25.514704,6.5,6.5,6.5
4.406418800354004,1646,1,bajada,0.018968,0.018948,2.348142,2.327692,0.000893,25.516657,6.5,6.5,6.5
4.4373860359191895,1647,1,bajada,0.019007,0.018947,2.348142,2.327412,0.000893,25.517817,6.5,6.5,6.5
4.4688732624053955,1648,1,bajada,0.018967,0.018946,2.347349,2.328696,0.000892,25.517817,6.5,6.5,6.5
4.5193517208099365,1649,1,bajada,0.019008,0.018946,2.347117,2.328696,0.000893,25.513971,6.5,6.5,6.5
4.5507330894470215,1650,1,bajada,0.018965,0.018945,2.347117,2.328240,0.000892,25.518061,6.5,6.5,6.5
4.601698875427246,1651,1,bajada,0.019006,0.018946,2.346497,2.327725,0.000892,25.518061,6.5,6.5,6.5
4.665695905685425,1652,1,bajada,0.018966,0.018947,2.347159,2.327725,0.000892,25.518183,6.5,6.5,6.5
4.697327136993408,1653,1,bajada,0.019009,0.018948,2.347159,2.327510,0.000893,25.517389,6.5,6.5,6.5
4.743307590484619,1654,1,bajada,0.018968,0.018947,2.347677,2.328514,0.000892,25.517389,6.5,6.5,6.5
4.7744529247283936,1655,1,bajada,0.019010,0.018947,2.346956,2.328514,0.000893,25.516596,6.5,6.5,6.5
4.805878639221191,1656,1,bajada,0.018969,0.018947,2.346956,2.328529,0.000892,25.515497,6.5,6.5,6.5
4.83732533454895,1657,1,bajada,0.019009,0.018948,2.346241,2.328234,0.000893,25.515497,6.5,6.5,6.5
4.868659257888794,1658,1,bajada,0.018970,0.018948,2.346864,2.328234,0.000893,25.521601,6.5,6.5,6.5
4.900187969207764,1659,1,bajada,0.019006,0.018948,2.346864,2.327302,0.000893,25.513666,6.5,6.5,6.5
4.931252956390381,1660,1,bajada,0.018969,0.018948,2.347779,2.328637,0.000893,25.513666,6.5,6.5,6.5
4.981173753738403,1661,1,bajada,0.019004,0.018948,2.347016,2.328637,0.000893,25.520136,6.5,6.5,6.5
5.031354665756226,1662,1,bajada,0.018969,0.018948,2.347016,2.328678,0.000892,25.515802,6.5,6.5,6.5
5.080557107925415,1663,1,bajada,0.018998,0.018948,2.346536,2.328133,0.000892,25.515802,6.5,6.5,6.5
5.11085057258606,1664,1,bajada,0.018969,0.018948,2.347260,2.328133,0.000892,25.522272,6.5,6.5,6.5
5.1611008644104,1665,1,bajada,0.018998,0.018948,2.347260,2.327382,0.000893,25.517939,6.5,6.5,6.5
5.22083044052124,1666,1,bajada,0.018972,0.018948,2.348086,2.327743,0.000892,25.517939,6.5,6.5,6.5
5.271175146102905,1667,1,bajada,0.018997,0.018948,2.347320,2.327743,0.000893,25.522211,6.5,6.5,6.5
5.321136951446533,1668,1,bajada,0.018972,0.018948,2.347320,2.328827,0.000892,25.522394,6.5,6.5,6.5
5.381206750869751,1669,1,bajada,0.018992,0.018949,2.346348,2.328407,0.000893,25.522394,6.5,6.5,6.5
5.460884094238281,1670,1,bajada,0.018973,0.018949,2.346637,2.328407,0.000893,25.517694,6.5,6.5,6.5
5.5113136768341064,1671,1,bajada,0.018989,0.018948,2.346637,2.327328,0.000893,25.518000,6.5,6.5,6.5
5.561278581619263,1672,1,bajada,0.018974,0.018948,2.347746,2.327355,0.000892,25.518000,6.5,6.5,6.5
5.62103533744812,1673,1,bajada,0.018987,0.018947,2.347361,2.327355,0.000893,25.517206,6.5,6.5,6.5
5.671351194381714,1674,1,bajada,0.018973,0.018948,2.347361,2.328616,0.000892,25.511469,6.5,6.5,6.5
5.731458425521851,1675,1,bajada,0.018979,0.018947,2.346813,2.328362,0.000893,25.511469,6.5,6.5,6.5
5.781304836273193,1676,1,bajada,0.018973,0.018946,2.346572,2.328362,0.000892,25.517572,6.5,6.5,6.5
5.830663442611694,1677,1,bajada,0.018979,0.018947,2.346572,2.327793,0.000893,25.516535,6.5,6.5,6.5
5.891215801239014,1678,1,bajada,0.018976,0.018946,2.347820,2.327641,0.000892,25.516535,6.5,6.5,6.5
5.940836668014526,1679,1,bajada,0.018977,0.018947,2.347659,2.327641,0.000893,25.515985,6.5,6.5,6.5
5.991436958312988,1680,1,bajada,0.018977,0.018947,2.347659,2.328541,0.000893,25.521112,6.5,6.5,6.5
6.040942430496216,1681,1,bajada,0.018974,0.018947,2.347320,2.328318,0.000892,25.521112,6.5,6.5,6.5
6.101556777954102,1682,1,bajada,0.018980,0.018948,2.346336,2.328318,0.000893,25.521479,6.5,6.5,6.5
6.15062689781189,1683,1,bajada,0.018972,0.018947,2.346336,2.327978,0.000893,25.516779,6.5,6.5,6.5
6.210720539093018,1684,1,bajada,0.018982,0.018947,2.347433,2.327206,0.000892,25.516779,6.5,6.5,6.5
6.2608442306518555,1685,1,bajada,0.018969,0.018945,2.347796,2.327206,0.000892,25.519526,6.5,6.5,6.5
6.310839414596558,1686,1,bajada,0.018984,0.018944,2.347796,2.328297,0.000893,25.516230,6.5,6.5,6.5
6.370782852172852,1687,1,bajada,0.018964,0.018943,2.347051,2.328741,0.000893,25.516230,6.5,6.5,6.5
6.4209301471710205,1688,1,bajada,0.018987,0.018944,2.346590,2.328741,0.000892,25.523859,6.5,6.5,6.5
6.471247434616089,1689,1,bajada,0.018965,0.018944,2.346590,2.328151,0.000893,25.514704,6.5,6.5,6.5
6.551213502883911,1690,1,bajada,0.018990,0.018946,2.347010,2.327439,0.000892,25.514704,6.5,6.5,6.5
6.610686540603638,1691,1,bajada,0.018963,0.018942,2.347662,2.327439,0.000892,25.519648,6.5,6.5,6.5
6.661251544952393,1692,1,bajada,0.018992,0.018948,2.347662,2.327784,0.000893,25.513910,6.5,6.5,6.5
6.71122670173645,1693,1,bajada,0.018961,0.018948,2.347144,2.328592,0.000893,25.513910,6.5,6.5,6.5
6.741805553436279,1694,1,bajada,0.018996,0.018947,2.346622,2.328592,0.000893,25.518854,6.5,6.5,6.5
6.791102170944214,1695,1,bajada,0.018961,0.018948,2.346622,2.328237,0.000893,25.521235,6.5,6.5,6.5
6.851322174072266,1696,1,bajada,0.018999,0.018947,2.346542,2.327754,0.000893,25.521235,6.5,6.5,6.5
6.901339292526245,1697,1,bajada,0.018962,0.018947,2.348032,2.327754,0.000893,25.513300,6.5,6.5,6.5
6.950775623321533,1698,1,bajada,0.019001,0.018948,2.348032,2.327296,0.000893,25.517389,6.5,6.5,6.5
6.981950998306274,1699,1,bajada,0.018959,0.018947,2.347603,2.328860,0.000892,25.517389,6.5,6.5,6.5
7.01176118850708,1700,1,bajada,0.019002,0.018947,2.346789,2.328860,0.000893,25.524225,6.5,6.5,6.5
7.06132173538208,1701,1,bajada,0.018962,0.018947,2.346789,2.328455,0.000892,25.513910,6.5,6.5,6.5
7.111186504364014,1702,1,bajada,0.019004,0.018948,2.346354,2.327927,0.000892,25.513910,6.5,6.5,6.5
7.171233177185059,1703,1,bajada,0.018963,0.018948,2.347543,2.327927,0.000892,25.515253,6.5,6.5,6.5
7.222612380981445,1704,1,bajada,0.019003,0.018948,2.347543,2.327102,0.000893,25.516535,6.5,6.5,6.5
7.254049301147461,1705,1,bajada,0.018961,0.018948,2.347522,2.328270,0.000892,25.516535,6.5,6.5,6.5
7.285086154937744,1706,1,bajada,0.019002,0.018949,2.346804,2.328270,0.000893,25.516962,6.5,6.5,6.5
7.316857099533081,1707,1,bajada,0.018962,0.018949,2.346804,2.328264,0.000892,25.520136,6.5,6.5,6.5
7.348129987716675,1708,1,bajada,0.019000,0.018949,2.346488,2.327877,0.000893,25.520136,6.5,6.5,6.5
7.3796937465667725,1709,1,bajada,0.018962,0.018948,2.347418,2.327877,0.000893,25.516535,6.5,6.5,6.5
7.430886507034302,1710,1,bajada,0.018997,0.018947,2.347418,2.327257,0.000893,25.513910,6.5,6.5,6.5
7.491081714630127,1711,1,bajada,0.018961,0.018948,2.347874,2.328175,0.000892,25.513910,6.5,6.5,6.5
7.542799234390259,1712,1,bajada,0.018996,0.018948,2.347260,2.328175,0.000893,25.520563,6.5,6.5,6.5
7.574020624160767,1713,1,bajada,0.018965,0.018947,2.347260,2.328544,0.000892,25.516230,6.5,6.5,6.5
7.616272687911987,1714,1,bajada,0.018993,0.018948,2.346739,2.328073,0.000893,25.516230,6.5,6.5,6.5
7.669816493988037,1715,1,bajada,0.018966,0.018948,2.347132,2.328073,0.000892,25.525751,6.5,6.5,6.5
7.7314653396606445,1716,1,bajada,0.018990,0.018947,2.347132,2.327459,0.000893,25.510004,6.5,6.5,6.5
7.781144857406616,1717,1,bajada,0.018966,0.018948,2.347695,2.327847,0.000892,25.510004,6.5,6.5,6.5
7.831073522567749,1718,1,bajada,0.018987,0.018948,2.347180,2.327847,0.000893,25.524103,6.5,6.5,6.5
7.891206741333008,1719,1,bajada,0.018966,0.018947,2.347180,2.328842,0.000893,25.513117,6.5,6.5,6.5
7.940846920013428,1720,1,bajada,0.018981,0.018944,2.346640,2.328380,0.000892,25.513117,6.5,6.5,6.5
7.990981817245483,1721,1,bajada,0.018966,0.018949,2.346533,2.328380,0.000892,25.519648,6.5,6.5,6.5
8.05073356628418,1722,1,bajada,0.018979,0.018949,2.346533,2.327668,0.000892,25.516962,6.5,6.5,6.5
8.10099196434021,1723,1,bajada,0.018967,0.018949,2.347606,2.327379,0.000892,25.516962,6.5,6.5,6.5
8.150766372680664,1724,1,bajada,0.018976,0.018948,2.347621,2.327379,0.000892,25.528467,6.5,6.5,6.5
8.211080312728882,1725,1,bajada,0.018968,0.018948,2.347621,2.328792,0.000893,25.516901,6.5,6.5,6.5
8.261356830596924,1726,1,bajada,0.018972,0.018948,2.346810,2.328300,0.000893,25.516901,6.5,6.499,6.5
8.311175107955933,1727,1,bajada,0.018970,0.018946,2.346524,2.328300,0.000892,25.514093,6.5,6.5,6.5
8.351707458496094,1728,1,bajada,0.018968,0.018947,2.346524,2.328142,0.000892,25.518976,6.5,6.5,6.5
8.382103681564331,1729,1,bajada,0.018969,0.018946,2.347656,2.327331,0.000892,25.518976,6.5,6.5,6.5
8.422565460205078,1730,1,bajada,0.018964,0.018944,2.347695,2.327331,0.000892,25.516047,6.5,6.5,6.5
8.45423698425293,1731,1,bajada,0.018971,0.018942,2.347695,2.328476,0.000893,25.515497,6.5,6.5,6.5
8.485336065292358,1732,1,bajada,0.018960,0.018947,2.346962,2.328702,0.000893,25.515497,6.5,6.5,6.5
8.51677918434143,1733,1,bajada,0.018973,0.018949,2.346613,2.328702,0.000892,25.521601,6.5,6.5,6.5
8.5479257106781,1734,1,bajada,0.018958,0.018950,2.346613,2.327808,0.000893,25.516962,6.5,6.5,6.5
8.579076766967773,1735,1,bajada,0.018977,0.018950,2.347090,2.327114,0.000892,25.516962,6.5,6.5,6.5
8.631037950515747,1736,1,bajada,0.018956,0.018950,2.347639,2.327114,0.000893,25.523188,6.5,6.5,6.5
8.691386461257935,1737,1,bajada,0.018981,0.018948,2.347639,2.328380,0.000893,25.519220,6.5,6.5,6.5
8.741095066070557,1738,1,bajada,0.018945,0.018949,2.347463,2.329009,0.000893,25.519220,6.5,6.5,6.5
8.791102170944214,1739,1,bajada,0.018984,0.018949,2.346449,2.329009,0.000892,25.524164,6.5,6.5,6.5
8.850980281829834,1740,1,bajada,0.018956,0.018947,2.346449,2.328359,0.000893,25.518122,6.5,6.5,6.5
8.900976181030273,1741,1,bajada,0.018990,0.018948,2.346780,2.327555,0.000893,25.518122,6.5,6.5,6.5
8.94176697731018,1742,1,bajada,0.018956,0.018934,2.347618,2.327555,0.000892,25.517633,6.5,6.5,6.5
8.98145079612732,1743,1,bajada,0.018993,0.018945,2.347618,2.327596,0.000893,25.520380,6.5,6.5,6.5
9.030733346939087,1744,1,bajada,0.018955,0.018947,2.347612,2.328985,0.000892,25.520380,6.5,6.5,6.5
9.0918710231781,1745,1,bajada,0.018995,0.018949,2.346697,2.328985,0.000893,25.518366,6.5,6.5,6.5
9.132071018218994,1746,1,bajada,0.018955,0.018949,2.346697,2.328404,0.000892,25.519159,6.5,6.5,6.5
9.171507120132446,1747,1,bajada,0.018997,0.018949,2.346622,2.327835,0.000892,25.519159,6.5,6.5,6.5
9.221984624862671,1748,1,bajada,0.018956,0.018949,2.347597,2.327835,0.000892,25.516779,6.5,6.5,6.5
9.300751209259033,1749,1,bajada,0.018996,0.018949,2.347597,2.327164,0.000893,25.514765,6.5,6.5,6.5
9.350805044174194,1750,1,bajada,0.018943,0.018948,2.347332,2.328908,0.000892,25.514765,6.5,6.5,6.5
9.411159753799438,1751,1,bajada,0.018995,0.018947,2.346983,2.328908,0.000892,25.517756,6.5,6.5,6.5
9.4611976146698,1752,1,bajada,0.018955,0.018947,2.346983,2.329158,0.000892,25.519220,6.5,6.5,6.5
9.520849227905273,1753,1,bajada,0.018996,0.018948,2.346485,2.327263,0.000893,25.519220,6.5,6.5,6.5
9.570928812026978,1754,1,bajada,0.018956,0.018947,2.347811,2.327263,0.000892,25.516413,6.5,6.5,6.5
9.621554613113403,1755,1,bajada,0.018994,0.018948,2.347811,2.327227,0.000893,25.517756,6.5,6.499,6.5
9.67067265510559,1756,1,bajada,0.018957,0.018948,2.347561,2.328595,0.000892,25.517756,6.5,6.5,6.5
9.73123025894165,1757,1,bajada,0.018993,0.018949,2.347200,2.328595,0.000893,25.523859,6.5,6.5,6.5
9.761697053909302,1758,1,bajada,0.018958,0.018949,2.347200,2.328854,0.000892,25.515741,6.5,6.5,6.5
9.811434984207153,1759,1,bajada,0.018989,0.018948,2.346238,2.327790,0.000893,25.515741,6.5,6.5,6.5
9.86123514175415,1760,1,bajada,0.018957,0.018948,2.346840,2.327790,0.000892,25.518671,6.5,6.499,6.5
9.922003030776978,1761,1,bajada,0.018985,0.018947,2.346840,2.327024,0.000893,25.522577,6.5,6.5,6.5
9.962035894393921,1762,1,bajada,0.018945,0.018947,2.347981,2.327844,0.000892,25.522577,6.5,6.5,6.5
10.003021478652954,1763,1,bajada,0.018981,0.018947,2.347284,2.327844,0.000893,25.521723,6.5,6.5,6.5
10.033772230148315,1764,1,bajada,0.018959,0.018947,2.347284,2.328848,0.000892,25.516718,6.5,6.5,6.5
10.065201997756958,1765,1,bajada,0.018979,0.018947,2.346765,2.328154,0.000893,25.516718,6.5,6.5,6.5
10.117800951004028,1766,1,bajada,0.018960,0.018948,2.346518,2.328154,0.000892,25.516840,6.5,6.5,6.5
10.149598598480225,1767,1,bajada,0.018975,0.018947,2.346518,2.327585,0.000893,25.514643,6.5,6.5,6.5
10.211244821548462,1768,1,bajada,0.018960,0.018947,2.347585,2.327501,0.000893,25.514643,6.5,6.5,6.5
10.261254787445068,1769,1,bajada,0.018972,0.018946,2.347540,2.327501,0.000892,25.520136,6.5,6.499,6.5
10.321629524230957,1770,1,bajada,0.018960,0.018947,2.347540,2.328672,0.000892,25.520319,6.5,6.5,6.5
10.370624303817749,1771,1,bajada,0.018966,0.018948,2.346938,2.328178,0.000892,25.520319,6.5,6.5,6.5
10.420842170715332,1772,1,bajada,0.018961,0.018947,2.346184,2.328178,0.000892,25.520136,6.5,6.5,6.5
10.481245517730713,1773,1,bajada,0.018964,0.018948,2.346184,2.328169,0.000892,25.512934,6.5,6.5,6.5
10.531090021133423,1774,1,bajada,0.018948,0.018949,2.347415,2.327072,0.000892,25.512934,6.5,6.5,6.5
10.581423044204712,1775,1,bajada,0.018958,0.018948,2.347406,2.327072,0.000893,25.519403,6.5,6.5,6.5
10.632039070129395,1776,1,bajada,0.018966,0.018952,2.347406,2.328580,0.000892,25.514032,6.5,6.5,6.5
10.67288088798523,1777,1,bajada,0.018959,0.018951,2.346607,2.328589,0.000892,25.514032,6.5,6.5,6.5
10.725259065628052,1778,1,bajada,0.018969,0.018950,2.346381,2.328589,0.000893,25.517572,6.5,6.5,6.5
10.755906343460083,1779,1,bajada,0.018956,0.018949,2.346381,2.327832,0.000892,25.516474,6.5,6.5,6.5
10.78734540939331,1780,1,bajada,0.018971,0.018949,2.347203,2.327117,0.000892,25.516474,6.5,6.5,6.5
10.819101572036743,1781,1,bajada,0.018953,0.018948,2.347856,2.327117,0.000892,25.519831,6.5,6.5,6.5
10.850822925567627,1782,1,bajada,0.018973,0.018948,2.347856,2.328058,0.000893,25.516901,6.5,6.5,6.5
10.900818586349487,1783,1,bajada,0.018950,0.018947,2.347010,2.328628,0.000892,25.516901,6.5,6.5,6.5
10.9611976146698,1784,1,bajada,0.018976,0.018947,2.346423,2.328628,0.000893,25.518183,6.5,6.5,6.5
11.011406660079956,1785,1,bajada,0.018949,0.018948,2.346423,2.328258,0.000893,25.519342,6.5,6.5,6.5
11.061206817626953,1786,1,bajada,0.018965,0.018948,2.347039,2.327588,0.000893,25.519342,6.5,6.5,6.5
11.092021703720093,1787,1,bajada,0.018946,0.018947,2.347993,2.327588,0.000893,25.518305,6.5,6.5,6.5
11.122037410736084,1788,1,bajada,0.018985,0.018948,2.347993,2.327680,0.000893,25.519281,6.5,6.5,6.5
11.16140365600586,1789,1,bajada,0.018950,0.018949,2.347311,2.328798,0.000892,25.519281,6.5,6.5,6.5
11.200789451599121,1790,1,bajada,0.018988,0.018948,2.346610,2.328798,0.000892,25.518244,6.5,6.5,6.5
11.232014179229736,1791,1,bajada,0.018949,0.018948,2.346610,2.328136,0.000893,25.515192,6.5,6.5,6.5
11.281531810760498,1792,1,bajada,0.018990,0.018948,2.346658,2.327945,0.000893,25.515192,6.5,6.5,6.5
11.331099033355713,1793,1,bajada,0.018950,0.018946,2.348488,2.327945,0.000893,25.515192,6.5,6.5,6.5
11.381056785583496,1794,1,bajada,0.018990,0.018947,2.348488,2.327501,0.000893,25.513666,6.5,6.5,6.5
11.411433458328247,1795,1,bajada,0.018948,0.018946,2.347549,2.329030,0.000893,25.513666,6.5,6.5,6.5
11.461137056350708,1796,1,bajada,0.018990,0.018946,2.346831,2.329030,0.000892,25.514277,6.5,6.5,6.5
11.521135807037354,1797,1,bajada,0.018948,0.018943,2.346831,2.328506,0.000892,25.522455,6.5,6.5,6.5
11.602014541625977,1798,1,bajada,0.018973,0.018945,2.346262,2.328136,0.000893,25.522455,6.5,6.5,6.5
11.663995504379272,1799,1,bajada,0.018947,0.018946,2.347540,2.328136,0.000893,25.521601,6.5,6.5,6.5
11.695335865020752,1800,1,bajada,0.018988,0.018946,2.347540,2.327137,0.000893,25.517084,6.5,6.5,6.5
11.727642059326172,1801,1,bajada,0.018950,0.018947,2.347651,2.328297,0.000893,25.517084,6.5,6.5,6.5
11.759561538696289,1802,1,bajada,0.018988,0.018947,2.347165,2.328297,0.000893,25.512934,6.5,6.5,6.5
11.79142165184021,1803,1,bajada,0.018952,0.018947,2.347165,2.328804,0.000892,25.515680,6.5,6.5,6.5
11.841050386428833,1804,1,bajada,0.018984,0.018947,2.346247,2.328127,0.000893,25.515680,6.5,6.5,6.5
11.891384601593018,1805,1,bajada,0.018951,0.018945,2.347004,2.328127,0.000892,25.515802,6.5,6.5,6.5
11.94132661819458,1806,1,bajada,0.018982,0.018946,2.347004,2.326994,0.000893,25.514887,6.5,6.5,6.5
12.001049757003784,1807,1,bajada,0.018952,0.018944,2.347808,2.328067,0.000892,25.514887,6.5,6.5,6.5
12.031340599060059,1808,1,bajada,0.018979,0.018943,2.347275,2.328067,0.000893,25.515375,6.5,6.5,6.5
12.081122875213623,1809,1,bajada,0.018951,0.018943,2.347275,2.328851,0.000892,25.518915,6.5,6.5,6.5
12.130746126174927,1810,1,bajada,0.018964,0.018942,2.346536,2.327978,0.000893,25.518915,6.5,6.5,6.5
12.180698871612549,1811,1,bajada,0.018950,0.018943,2.346688,2.327978,0.000892,25.515863,6.5,6.5,6.5
12.241015195846558,1812,1,bajada,0.018970,0.018944,2.346688,2.327602,0.000893,25.516352,6.5,6.5,6.5
12.290882587432861,1813,1,bajada,0.018952,0.018944,2.347728,2.327632,0.000893,25.516352,6.5,6.5,6.5
12.321053266525269,1814,1,bajada,0.018967,0.018944,2.347156,2.327632,0.000893,25.517633,6.5,6.5,6.5
12.37095856666565,1815,1,bajada,0.018952,0.018945,2.347156,2.328666,0.000892,25.515497,6.5,6.5,6.5
12.401927709579468,1816,1,bajada,0.018962,0.018944,2.346598,2.328318,0.000893,25.515497,6.5,6.5,6.5
12.433223247528076,1817,1,bajada,0.018954,0.018944,2.346503,2.328318,0.000893,25.523676,6.5,6.5,6.5
12.484863996505737,1818,1,bajada,0.018960,0.018944,2.346503,2.327337,0.000892,25.514154,6.5,6.5,6.5
12.516607761383057,1819,1,bajada,0.018955,0.018943,2.347615,2.326866,0.000893,25.514154,6.5,6.5,6.5
12.547955989837646,1820,1,bajada,0.018957,0.018943,2.347138,2.326866,0.000893,25.522821,6.5,6.5,6.5
12.579034566879272,1821,1,bajada,0.018959,0.018942,2.347138,2.328160,0.000892,25.519403,6.5,6.5,6.5
12.640628576278687,1822,1,bajada,0.018958,0.018943,2.346900,2.328529,0.000892,25.519403,6.5,6.5,6.5
12.69125247001648,1823,1,bajada,0.018963,0.018942,2.346086,2.328529,0.000892,25.512568,6.5,6.5,6.5
12.750678062438965,1824,1,bajada,0.018954,0.018942,2.346086,2.327951,0.000893,25.516779,6.5,6.499,6.5
12.800716400146484,1825,1,bajada,0.018963,0.018943,2.347215,2.327218,0.000893,25.516779,6.5,6.5,6.5
12.83117151260376,1826,1,bajada,0.018950,0.018942,2.347633,2.327218,0.000892,25.521845,6.5,6.5,6.5
12.881376504898071,1827,1,bajada,0.018964,0.018944,2.347633,2.328494,0.000892,25.516413,6.5,6.5,6.5
12.930620193481445,1828,1,bajada,0.018948,0.018944,2.346959,2.328771,0.000892,25.516413,6.5,6.5,6.5
12.980580806732178,1829,1,bajada,0.018967,0.018944,2.346315,2.328771,0.000892,25.519464,6.5,6.5,6.5
13.040464401245117,1830,1,bajada,0.018944,0.018945,2.346315,2.327698,0.000892,25.518793,6.5,6.5,6.5
13.071041345596313,1831,1,bajada,0.018969,0.018944,2.347078,2.327656,0.000893,25.518793,6.5,6.5,6.5
13.120899677276611,1832,1,bajada,0.018943,0.018943,2.347734,2.327656,0.000893,25.523798,6.5,6.5,6.5
13.17142939567566,1833,1,bajada,0.018973,0.018943,2.347734,2.328196,0.000893,25.517939,6.5,6.5,6.5
13.230791091918945,1834,1,bajada,0.018942,0.018942,2.347227,2.328887,0.000892,25.517939,6.5,6.5,6.5
13.280957221984863,1835,1,bajada,0.018976,0.018943,2.346718,2.328887,0.000892,25.521296,6.5,6.5,6.5
13.330880880355835,1836,1,bajada,0.018941,0.018942,2.346718,2.328142,0.000892,25.519648,6.5,6.499,6.5
13.39060378074646,1837,1,bajada,0.018979,0.018943,2.346437,2.327483,0.000892,25.519648,6.5,6.5,6.5
13.440744638442993,1838,1,bajada,0.018941,0.018943,2.347832,2.327483,0.000892,25.518976,6.5,6.5,6.5
13.470626831054688,1839,1,bajada,0.018979,0.018944,2.347832,2.327513,0.000892,25.516413,6.5,6.5,6.5
13.52082896232605,1840,1,bajada,0.018937,0.018944,2.347612,2.328744,0.000893,25.516413,6.5,6.5,6.5
13.57082462310791,1841,1,bajada,0.018977,0.018945,2.347045,2.328744,0.000893,25.517694,6.5,6.5,6.5
13.630826234817505,1842,1,bajada,0.018937,0.018944,2.347045,2.327820,0.000893,25.515558,6.5,6.5,6.5
13.681161880493164,1843,1,bajada,0.018979,0.018945,2.346288,2.327912,0.000892,25.515558,6.5,6.5,6.5
13.730679273605347,1844,1,bajada,0.018938,0.018946,2.347519,2.327912,0.000893,25.517817,6.5,6.5,6.5
13.791624307632446,1845,1,bajada,0.018979,0.018945,2.347519,2.327298,0.000892,25.515497,6.5,6.5,6.5
13.821738004684448,1846,1,bajada,0.018939,0.018945,2.347576,2.328687,0.000892,25.515497,6.5,6.5,6.5
13.862046957015991,1847,1,bajada,0.018982,0.018945,2.347162,2.328687,0.000893,25.516779,6.5,6.5,6.5
13.902111053466797,1848,1,bajada,0.018942,0.018944,2.347162,2.328198,0.000892,25.517878,6.5,6.5,6.5
13.953876495361328,1849,1,bajada,0.018980,0.018944,2.346485,2.327927,0.000893,25.517878,6.5,6.5,6.5
13.985238552093506,1850,1,bajada,0.018942,0.018944,2.347233,2.327927,0.000892,25.516352,6.5,6.5,6.5
14.016328811645508,1851,1,bajada,0.018977,0.018944,2.347233,2.327260,0.000893,25.518061,6.5,6.5,6.5
14.047607421875,1852,1,bajada,0.018942,0.018944,2.347636,2.328198,0.000892,25.518061,6.5,6.5,6.5
14.079213619232178,1853,1,bajada,0.018975,0.018944,2.347037,2.328198,0.000893,25.528711,6.5,6.5,6.5
14.110881328582764,1854,1,bajada,0.018941,0.018945,2.347037,2.328574,0.000892,25.512568,6.5,6.5,6.5
14.160948514938354,1855,1,bajada,0.018969,0.018945,2.346458,2.328017,0.000893,25.512568,6.5,6.5,6.5
14.211381673812866,1856,1,bajada,0.018942,0.018945,2.346762,2.328017,0.000892,25.515558,6.5,6.5,6.5
14.271313190460205,1857,1,bajada,0.018964,0.018944,2.346762,2.327155,0.000893,25.517633,6.5,6.5,6.5
14.311392784118652,1858,1,bajada,0.018942,0.018946,2.347722,2.327653,0.000892,25.517633,6.5,6.5,6.5
14.350757837295532,1859,1,bajada,0.018963,0.018944,2.347486,2.327653,0.000892,25.526117,6.5,6.5,6.5
14.401301145553589,1860,1,bajada,0.018942,0.018944,2.347486,2.328753,0.000892,25.520258,6.5,6.5,6.5
14.431532859802246,1861,1,bajada,0.018960,0.018944,2.346843,2.328029,0.000893,25.520258,6.5,6.5,6.5
14.471499681472778,1862,1,bajada,0.018944,0.018943,2.346485,2.328029,0.000892,25.517023,6.5,6.5,6.5
14.510882139205933,1863,1,bajada,0.018958,0.018944,2.346485,2.327704,0.000893,25.520075,6.5,6.5,6.5
14.560840606689453,1864,1,bajada,0.018945,0.018945,2.347835,2.327486,0.000892,25.520075,6.5,6.5,6.5
14.590623617172241,1865,1,bajada,0.018954,0.018945,2.347445,2.327486,0.000893,25.508661,6.5,6.5,6.5
14.640642166137695,1866,1,bajada,0.018946,0.018946,2.347445,2.328494,0.000892,25.515009,6.5,6.5,6.5
14.690985918045044,1867,1,bajada,0.018950,0.018946,2.346819,2.329018,0.000892,25.515009,6.5,6.5,6.5
14.751384735107422,1868,1,bajada,0.018947,0.018948,2.346318,2.329018,0.000892,25.523066,6.5,6.5,6.5
14.801339387893677,1869,1,bajada,0.018947,0.018949,2.346318,2.327552,0.000893,25.519281,6.5,6.5,6.5
14.851377725601196,1870,1,bajada,0.018948,0.018950,2.347776,2.327236,0.000892,25.519281,6.5,6.5,6.5
14.901569128036499,1871,1,bajada,0.018945,0.018949,2.347656,2.327236,0.000893,25.526239,6.5,6.5,6.5
14.96208143234253,1872,1,bajada,0.018950,0.018949,2.347656,2.328294,0.000892,25.518061,6.5,6.5,6.5
14.993265151977539,1873,1,bajada,0.018942,0.018950,2.346902,2.328550,0.000893,25.518061,6.5,6.5,6.5
15.085839033126831,1874,1,bajada,0.018952,0.018947,2.346163,2.328550,0.000892,25.514093,6.5,6.5,6.5
15.117179870605469,1875,1,bajada,0.018939,0.018949,2.346163,2.327811,0.000892,25.518122,6.5,6.5,6.5
15.14885926246643,1876,1,bajada,0.018955,0.018947,2.347612,2.327200,0.000892,25.518122,6.5,6.5,6.5
15.20062255859375,1877,1,bajada,0.018939,0.018947,2.347811,2.327200,0.000892,25.523798,6.5,6.5,6.5
15.251023769378662,1878,1,bajada,0.018959,0.018946,2.347811,2.328202,0.000893,25.515375,6.5,6.5,6.5
15.310983419418335,1879,1,bajada,0.018937,0.018946,2.347430,2.328574,0.000892,25.515375,6.5,6.5,6.5
15.360840320587158,1880,1,bajada,0.018961,0.018948,2.346193,2.328574,0.000893,25.510798,6.5,6.5,6.5
15.410874128341675,1881,1,bajada,0.018934,0.018949,2.346193,2.327567,0.000892,25.521662,6.5,6.5,6.5
15.470988512039185,1882,1,bajada,0.018964,0.018949,2.346798,2.327459,0.000893,25.521662,6.5,6.5,6.5
15.520605087280273,1883,1,bajada,0.018934,0.018950,2.347582,2.327459,0.000892,25.518671,6.5,6.5,6.5
15.570732831954956,1884,1,bajada,0.018966,0.018943,2.347582,2.327447,0.000892,25.517267,6.5,6.5,6.5
15.630928039550781,1885,1,bajada,0.018931,0.018951,2.347370,2.328717,0.000893,25.517267,6.5,6.5,6.5
15.680516719818115,1886,1,bajada,0.018968,0.018952,2.346163,2.328717,0.000892,25.520990,6.5,6.5,6.5
15.7410409450531,1887,1,bajada,0.018931,0.018951,2.346163,2.328264,0.000892,25.514460,6.5,6.5,6.5
15.790905475616455,1888,1,bajada,0.018971,0.018951,2.346789,2.327611,0.000893,25.514460,6.5,6.5,6.5
15.841156005859375,1889,1,bajada,0.018931,0.018951,2.347662,2.327611,0.000892,25.521967,6.5,6.5,6.5
15.890918254852295,1890,1,bajada,0.018972,0.018950,2.347662,2.327421,0.000893,25.519587,6.5,6.5,6.5
15.951310396194458,1891,1,bajada,0.018931,0.018950,2.347567,2.328279,0.000893,25.519587,6.5,6.5,6.5
16.000836610794067,1892,1,bajada,0.018975,0.018951,2.346798,2.328279,0.000893,25.517756,6.5,6.5,6.5
16.06124711036682,1893,1,bajada,0.018932,0.018951,2.346798,2.328613,0.000893,25.514887,6.5,6.5,6.5
16.110836505889893,1894,1,bajada,0.018975,0.018949,2.346572,2.327900,0.000893,25.514887,6.5,6.5,6.5
16.161065578460693,1895,1,bajada,0.018934,0.018951,2.347597,2.327900,0.000892,25.515375,6.5,6.5,6.5
16.2212975025177,1896,1,bajada,0.018975,0.018952,2.347597,2.327361,0.000892,25.519037,6.5,6.5,6.5
16.271172523498535,1897,1,bajada,0.018935,0.018952,2.347707,2.328118,0.000892,25.519037,6.5,6.5,6.5
16.321271419525146,1898,1,bajada,0.018973,0.018951,2.347049,2.328118,0.000892,25.515436,6.5,6.5,6.5
16.38109803199768,1899,1,bajada,0.018933,0.018951,2.347049,2.328488,0.000892,25.519831,6.5,6.5,6.5
16.431151866912842,1900,1,bajada,0.018970,0.018952,2.346193,2.327859,0.000893,25.519831,6.5,6.5,6.5
16.461726188659668,1901,1,bajada,0.018935,0.018951,2.347150,2.327859,0.000892,25.520685,6.5,6.5,6.5
16.511196613311768,1902,1,bajada,0.018969,0.018951,2.347150,2.327123,0.000893,25.521051,6.5,6.5,6.5
16.541343927383423,1903,1,bajada,0.018937,0.018950,2.348124,2.328336,0.000893,25.521051,6.5,6.5,6.5
16.591310501098633,1904,1,bajada,0.018967,0.018942,2.347051,2.328336,0.000893,25.516901,6.5,6.5,6.5
16.64105725288391,1905,1,bajada,0.018934,0.018951,2.347051,2.328911,0.000892,25.516352,6.5,6.5,6.5
16.700766563415527,1906,1,bajada,0.018962,0.018953,2.346658,2.328288,0.000892,25.516352,6.5,6.5,6.5
16.750666618347168,1907,1,bajada,0.018937,0.018953,2.346664,2.328288,0.000892,25.521540,6.5,6.5,6.5
16.800758838653564,1908,1,bajada,0.018960,0.018954,2.346664,2.327302,0.000893,25.514521,6.5,6.5,6.5
16.860820055007935,1909,1,bajada,0.018936,0.018954,2.347796,2.327823,0.000892,25.514521,6.5,6.5,6.5
16.908385753631592,1910,1,bajada,0.018957,0.018951,2.347224,2.327823,0.000893,25.523432,6.5,6.5,6.5
16.939119338989258,1911,1,bajada,0.018936,0.018949,2.347224,2.328568,0.000892,25.511896,6.5,6.5,6.5
16.989997386932373,1912,1,bajada,0.018952,0.018947,2.346643,2.328145,0.000893,25.511896,6.5,6.5,6.5
17.020882606506348,1913,1,bajada,0.018937,0.018946,2.346545,2.328145,0.000892,25.517023,6.5,6.5,6.5
17.070676803588867,1914,1,bajada,0.018949,0.018940,2.346545,2.327418,0.000892,25.520807,6.5,6.5,6.5
17.10084295272827,1915,1,bajada,0.018935,0.018940,2.347522,2.327251,0.000892,25.520807,6.5,6.5,6.5
17.150574922561646,1916,1,bajada,0.018944,0.018945,2.347361,2.327251,0.000893,25.518366,6.5,6.5,6.5
17.20069408416748,1917,1,bajada,0.018935,0.018945,2.347361,2.328753,0.000892,25.514521,6.5,6.5,6.5
17.2607843875885,1918,1,bajada,0.018941,0.018945,2.347093,2.328267,0.000893,25.514521,6.5,6.5,6.5
17.311209678649902,1919,1,bajada,0.018938,0.018946,2.346488,2.328267,0.000893,25.518427,6.5,6.5,6.5
17.342738389968872,1920,1,bajada,0.018939,0.018945,2.346488,2.327617,0.000892,25.513056,6.5,6.5,6.5
17.404714345932007,1921,1,bajada,0.018940,0.018945,2.347639,2.327245,0.000892,25.513056,6.5,6.5,6.5
17.440540313720703,1922,1,bajada,0.018938,0.018945,2.347546,2.327245,0.000892,25.525263,6.5,6.5,6.5
17.49983859062195,1923,1,bajada,0.018942,0.018946,2.347546,2.328848,0.000893,25.515436,6.5,6.5,6.5
17.56628131866455,1924,1,bajada,0.018936,0.018942,2.346581,2.328759,0.000892,25.515436,6.5,6.5,6.5
17.626898765563965,1925,1,bajada,0.018945,0.018943,2.346429,2.328759,0.000893,25.521967,6.5,6.5,6.5
17.65977168083191,1926,1,bajada,0.018933,0.018944,2.346429,2.327847,0.000893,25.520807,6.5,6.5,6.5
17.70926308631897,1927,1,bajada,0.018948,0.018944,2.347311,2.327045,0.000892,25.520807,6.5,6.499,6.5
17.742104053497314,1928,1,bajada,0.018932,0.018943,2.347808,2.327045,0.000893,25.514826,6.5,6.5,6.5
17.80887508392334,1929,1,bajada,0.018949,0.018944,2.347808,2.328291,0.000893,25.518732,6.5,6.5,6.5
17.976988077163696,1930,1,bajada,0.018928,0.018943,2.347141,2.329134,0.000893,25.518732,6.5,6.5,6.5
18.030683994293213,1931,1,bajada,0.018951,0.018944,2.346592,2.329134,0.000893,25.519281,6.5,6.5,6.5
18.06231164932251,1932,1,bajada,0.018927,0.018945,2.346592,2.328157,0.000892,25.523432,6.5,6.5,6.5
18.10992407798767,1933,1,bajada,0.018956,0.018944,2.347242,2.327388,0.000893,25.523432,6.5,6.5,6.5
18.15962028503418,1934,1,bajada,0.018926,0.018945,2.348178,2.327388,0.000893,25.518610,6.5,6.5,6.5
18.192151308059692,1935,1,bajada,0.018957,0.018945,2.348178,2.327549,0.000893,25.516779,6.5,6.5,6.5
18.292445182800293,1936,1,bajada,0.018925,0.018944,2.347364,2.328941,0.000893,25.516779,6.5,6.5,6.5
18.36521601676941,1937,1,bajada,0.018961,0.018944,2.346527,2.328941,0.000893,25.519281,6.5,6.5,6.5
18.393269538879395,1938,1,bajada,0.018924,0.018943,2.346527,2.328347,0.000892,25.516047,6.5,6.5,6.5
18.459521532058716,1939,1,bajada,0.018963,0.018942,2.346509,2.327743,0.000893,25.516047,6.5,6.5,6.5
18.49240207672119,1940,1,bajada,0.018924,0.018944,2.347767,2.327743,0.000893,25.522272,6.5,6.5,6.5
18.523881673812866,1941,1,bajada,0.018963,0.018944,2.347767,2.327453,0.000893,25.517939,6.5,6.5,6.5
18.55598258972168,1942,1,bajada,0.018924,0.018944,2.347373,2.328949,0.000893,25.517939,6.5,6.5,6.5
18.59237813949585,1943,1,bajada,0.018966,0.018944,2.347177,2.328949,0.000892,25.530787,6.5,6.5,6.5
18.623934507369995,1944,1,bajada,0.018924,0.018944,2.347177,2.328374,0.000893,25.517572,6.5,6.5,6.5
18.666300773620605,1945,1,bajada,0.018965,0.018944,2.346220,2.327739,0.000892,25.517572,6.5,6.5,6.5
18.831923961639404,1946,1,bajada,0.018923,0.018948,2.347647,2.327739,0.000892,25.518732,6.5,6.5,6.5
18.87932848930359,1947,1,bajada,0.018964,0.018946,2.347647,2.327766,0.000893,25.524164,6.5,6.5,6.5
18.909480810165405,1948,1,bajada,0.018923,0.018945,2.347934,2.328431,0.000893,25.524164,6.5,6.5,6.5
18.941014766693115,1949,1,bajada,0.018964,0.018945,2.347188,2.328431,0.000893,25.517511,6.5,6.5,6.5
18.97661542892456,1950,1,bajada,0.018924,0.018944,2.347188,2.328756,0.000892,25.512873,6.5,6.5,6.5
19.009127140045166,1951,1,bajada,0.018963,0.018944,2.346321,2.327886,0.000893,25.512873,6.5,6.5,6.5
19.14939856529236,1952,1,bajada,0.018927,0.018944,2.347567,2.327886,0.000893,25.518183,6.5,6.5,6.5
19.176376819610596,1953,1,bajada,0.018962,0.018945,2.347567,2.327135,0.000893,25.517694,6.5,6.5,6.5
19.25066351890564,1954,1,bajada,0.018925,0.018945,2.347656,2.328100,0.000893,25.517694,6.5,6.5,6.5
19.29428744316101,1955,1,bajada,0.018957,0.018944,2.347072,2.328100,0.000893,25.520685,6.5,6.5,6.5
19.32548236846924,1956,1,bajada,0.018924,0.018945,2.347072,2.328908,0.000892,25.517572,6.5,6.5,6.5
19.359004735946655,1957,1,bajada,0.018954,0.018944,2.346628,2.328407,0.000893,25.517572,6.5,6.5,6.5
19.391204357147217,1958,1,bajada,0.018924,0.018944,2.347263,2.328407,0.000893,25.515436,6.5,6.5,6.5
19.4365074634552,1959,1,bajada,0.018950,0.018943,2.347263,2.327403,0.000893,25.521723,6.5,6.5,6.5
19.517292261123657,1960,1,bajada,0.018923,0.018944,2.348041,2.327975,0.000893,25.521723,6.5,6.5,6.5
19.567228317260742,1961,1,bajada,0.018947,0.018944,2.347403,2.327975,0.000893,25.519709,6.5,6.5,6.5
19.61172342300415,1962,1,bajada,0.018925,0.018942,2.347403,2.328625,0.000892,25.518305,6.5,6.5,6.5
19.661391973495483,1963,1,bajada,0.018945,0.018943,2.346846,2.328419,0.000893,25.518305,6.5,6.5,6.5
19.708005905151367,1964,1,bajada,0.018926,0.018944,2.346592,2.328419,0.000893,25.520014,6.5,6.5,6.5
19.791569471359253,1965,1,bajada,0.018931,0.018943,2.346592,2.327346,0.000893,25.511042,6.5,6.5,6.5
19.843541860580444,1966,1,bajada,0.018926,0.018944,2.348002,2.327537,0.000892,25.511042,6.5,6.5,6.5
19.886600017547607,1967,1,bajada,0.018941,0.018945,2.347451,2.327537,0.000892,25.516230,6.5,6.5,6.5
19.91887354850769,1968,1,bajada,0.018930,0.018944,2.347451,2.328800,0.000892,25.517939,6.5,6.5,6.5
19.962538242340088,1969,1,bajada,0.018938,0.018945,2.346914,2.328490,0.000893,25.517939,6.5,6.5,6.5
20.010666370391846,1970,1,bajada,0.007447,0.007501,2.340656,2.334406,0.000893,25.506861,3.6,3.598,3.6
0.029789447784423828,1971,1,bajada,0.007442,0.007503,2.340656,2.333974,0.000893,25.506067,3.6,3.6,3.6
0.06148862838745117,1972,1,bajada,0.007448,0.007503,2.341890,2.333360,0.000893,25.506067,3.6,3.601,3.6
0.09275317192077637,1973,1,bajada,0.007439,0.007501,2.342006,2.333360,0.000893,25.513605,3.6,3.6,3.6
0.12627863883972168,1974,1,bajada,0.007449,0.007502,2.342006,2.334081,0.000893,25.508966,3.6,3.6,3.6
0.1864159107208252,1975,1,bajada,0.007437,0.007502,2.341708,2.334865,0.000893,25.508966,3.6,3.601,3.6
0.21760201454162598,1976,1,bajada,0.007453,0.007502,2.340823,2.334865,0.000893,25.518305,3.6,3.601,3.6
0.24851274490356445,1977,1,bajada,0.007434,0.007501,2.340823,2.334242,0.000893,25.506250,3.6,3.6,3.6
0.2794196605682373,1978,1,bajada,0.007455,0.007502,2.341544,2.333268,0.000893,25.506250,3.6,3.601,3.6
0.3648529052734375,1979,1,bajada,0.007435,0.007501,2.342259,2.333268,0.000893,25.510920,3.6,3.601,3.6
0.40493202209472656,1980,1,bajada,0.007459,0.007501,2.342259,2.334383,0.000893,25.516779,3.6,3.601,3.6
0.44475507736206055,1981,1,bajada,0.007434,0.007502,2.341770,2.334844,0.000893,25.516779,3.6,3.6,3.6
0.48482775688171387,1982,1,bajada,0.007462,0.007502,2.340826,2.334844,0.000893,25.509272,3.6,3.601,3.6
0.5246374607086182,1983,1,bajada,0.007433,0.007502,2.340826,2.334448,0.000893,25.507471,3.6,3.601,3.6
0.5747537612915039,1984,1,bajada,0.007464,0.007503,2.341481,2.333789,0.000893,25.507471,3.6,3.601,3.6
0.6208078861236572,1985,1,bajada,0.007432,0.007502,2.342104,2.333789,0.000893,25.509180,3.6,3.601,3.6
0.652202844619751,1986,1,bajada,0.007465,0.007503,2.342104,2.333781,0.000893,25.508417,3.6,3.6,3.6
0.7344224452972412,1987,1,bajada,0.007428,0.007503,2.341779,2.334782,0.000893,25.508417,3.6,3.601,3.6
0.7942845821380615,1988,1,bajada,0.007467,0.007501,2.341097,2.334782,0.000893,25.511103,3.6,3.601,3.6
0.8744568824768066,1989,1,bajada,0.007433,0.007502,2.341097,2.334266,0.000893,25.505335,3.6,3.601,3.6
0.9243330955505371,1990,1,bajada,0.007475,0.007502,2.341162,2.334022,0.000894,25.505335,3.6,3.601,3.6
0.9740035533905029,1991,1,bajada,0.007435,0.007502,2.342423,2.334022,0.000893,25.510370,3.6,3.6,3.6
1.0342779159545898,1992,1,bajada,0.007476,0.007501,2.342423,2.333596,0.000893,25.504786,3.6,3.601,3.6
1.1165976524353027,1993,1,bajada,0.007435,0.007501,2.342140,2.334567,0.000893,25.504786,3.6,3.601,3.6
1.148113489151001,1994,1,bajada,0.007476,0.007504,2.341213,2.334567,0.000893,25.512384,3.6,3.6,3.6
1.1788034439086914,1995,1,bajada,0.007434,0.007503,2.341213,2.334251,0.000893,25.512445,3.6,3.601,3.6
1.2104384899139404,1996,1,bajada,0.007476,0.007503,2.340510,2.333798,0.000893,25.512445,3.6,3.6,3.6
1.2423477172851562,1997,1,bajada,0.007435,0.007503,2.342122,2.333798,0.000893,25.502710,3.6,3.601,3.6
1.2745428085327148,1998,1,bajada,0.007475,0.007504,2.342122,2.333453,0.000893,25.505518,3.6,3.601,3.6
1.324406385421753,1999,1,bajada,0.007434,0.007503,2.341937,2.334338,0.000893,25.505518,3.6,3.601,3.6
1.3706541061401367,2000,1,bajada,0.007474,0.007502,2.341589,2.334338,0.000893,25.511225,3.6,3.6,3.6
1.3995554447174072,2001,1,bajada,0.007433,0.007502,2.341589,2.334803,0.000893,25.511469,3.6,3.601,3.6
1.4308927059173584,2002,1,bajada,0.007473,0.007502,2.340721,2.334222,0.000893,25.511469,3.6,3.601,3.6
1.4837818145751953,2003,1,bajada,0.007435,0.007500,2.341845,2.334222,0.000893,25.508051,3.6,3.601,3.6
1.5343565940856934,2004,1,bajada,0.007471,0.007502,2.341845,2.332964,0.000893,25.514399,3.6,3.601,3.6
1.6148440837860107,2005,1,bajada,0.007436,0.007501,2.342435,2.334320,0.000893,25.514399,3.6,3.601,3.6
1.6553370952606201,2006,1,bajada,0.007470,0.007501,2.341657,2.334320,0.000893,25.508081,3.6,3.601,3.6
1.7246863842010498,2007,1,bajada,0.007437,0.007502,2.341657,2.334639,0.000893,25.509089,3.6,3.601,3.6
1.7746236324310303,2008,1,bajada,0.007467,0.007503,2.341013,2.334061,0.000893,25.509089,3.6,3.6,3.6
1.8348934650421143,2009,1,bajada,0.007438,0.007503,2.341422,2.334061,0.000893,25.512079,3.6,3.601,3.6
1.884695053100586,2010,1,bajada,0.007465,0.007501,2.341422,2.333238,0.000893,25.515741,3.6,3.601,3.6
1.9331350326538086,2011,1,bajada,0.007438,0.007501,2.342077,2.333909,0.000893,25.515741,3.6,3.6,3.6
1.9944255352020264,2012,1,bajada,0.007464,0.007502,2.341514,2.333909,0.000893,25.509516,3.6,3.601,3.6
2.0446629524230957,2013,1,bajada,0.007437,0.007500,2.341514,2.334773,0.000893,25.506861,3.6,3.601,3.6
2.0768988132476807,2014,1,bajada,0.007460,0.007501,2.341317,2.334096,0.000893,25.506861,3.6,3.601,3.6
2.1053173542022705,2015,1,bajada,0.007439,0.007501,2.341079,2.334096,0.000893,25.513544,3.6,3.6,3.6
2.136592388153076,2016,1,bajada,0.007457,0.007501,2.341079,2.333408,0.000893,25.506189,3.6,3.6,3.6
2.1880812644958496,2017,1,bajada,0.007440,0.007501,2.342364,2.333536,0.000893,25.506189,3.6,3.6,3.6
2.2200071811676025,2018,1,bajada,0.007455,0.007500,2.341857,2.333536,0.000893,25.507196,3.6,3.601,3.6
2.2514452934265137,2019,1,bajada,0.007440,0.007500,2.341857,2.334681,0.000893,25.506800,3.6,3.6,3.6
2.2823474407196045,2020,1,bajada,0.007451,0.007500,2.341362,2.334487,0.000893,25.506800,3.6,3.601,3.6
2.334491729736328,2021,1,bajada,0.007441,0.007500,2.341034,2.334487,0.000893,25.507593,3.6,3.6,3.6
2.394714832305908,2022,1,bajada,0.007450,0.007501,2.341034,2.333652,0.000893,25.510981,3.6,3.6,3.6
2.44140625,2023,1,bajada,0.007442,0.007501,2.341973,2.333423,0.000893,25.510981,3.6,3.6,3.6
2.4744150638580322,2024,1,bajada,0.007448,0.007501,2.341991,2.333423,0.000893,25.510187,3.6,3.6,3.6
2.5546445846557617,2025,1,bajada,0.007443,0.007501,2.341991,2.334862,0.000893,25.507074,3.6,3.6,3.6
2.58585524559021,2026,1,bajada,0.007445,0.007501,2.341237,2.334707,0.000893,25.507074,3.6,3.6,3.6
2.6173219680786133,2027,1,bajada,0.007446,0.007501,2.340820,2.334707,0.000893,25.505762,3.6,3.6,3.6
2.7014176845550537,2028,1,bajada,0.007443,0.007499,2.340820,2.333679,0.000893,25.505640,3.6,3.601,3.6
2.764483690261841,2029,1,bajada,0.007447,0.007500,2.342188,2.333208,0.000893,25.505640,3.6,3.6,3.6
2.794623613357544,2030,1,bajada,0.007441,0.007499,2.342098,2.333208,0.000893,25.513849,3.6,3.6,3.6
2.8348162174224854,2031,1,bajada,0.007448,0.007499,2.342098,2.334400,0.000893,25.509760,3.6,3.6,3.6
2.874307870864868,2032,1,bajada,0.007437,0.007499,2.341475,2.334624,0.000893,25.509760,3.6,3.6,3.6
2.9239964485168457,2033,1,bajada,0.007450,0.007498,2.340814,2.334624,0.000893,25.512568,3.6,3.6,3.6
2.9708495140075684,2034,1,bajada,0.007436,0.007499,2.340814,2.334111,0.000893,25.510126,3.6,3.6,3.6
3.0005435943603516,2035,1,bajada,0.007452,0.007499,2.341586,2.333238,0.000893,25.510126,3.6,3.6,3.6
3.032378911972046,2036,1,bajada,0.007436,0.007500,2.342277,2.333238,0.000893,25.513056,3.6,3.6,3.6
3.1330556869506836,2037,1,bajada,0.007456,0.007497,2.342277,2.334338,0.000893,25.508173,3.6,3.6,3.6
3.1647520065307617,2038,1,bajada,0.007434,0.007497,2.341568,2.334847,0.000893,25.508173,3.6,3.6,3.6
3.224668264389038,2039,1,bajada,0.007459,0.007497,2.340817,2.334847,0.000893,25.516474,3.6,3.6,3.6
3.274637222290039,2040,1,bajada,0.007434,0.007497,2.340817,2.334120,0.000894,25.514093,3.6,3.6,3.6
3.3245627880096436,2041,1,bajada,0.007463,0.007496,2.341672,2.333524,0.000893,25.514093,3.6,3.6,3.6
3.4042112827301025,2042,1,bajada,0.007434,0.007497,2.342280,2.333524,0.000893,25.510736,3.6,3.6,3.6
3.5140042304992676,2043,1,bajada,0.007465,0.007491,2.342280,2.333792,0.000893,25.506922,3.6,3.6,3.6
3.560253381729126,2044,1,bajada,0.007433,0.007497,2.341913,2.334868,0.000893,25.506922,3.6,3.6,3.6
3.6053082942962646,2045,1,bajada,0.007468,0.007499,2.340999,2.334868,0.000893,25.509027,3.6,3.6,3.6
3.6442291736602783,2046,1,bajada,0.007431,0.007501,2.340999,2.334037,0.000893,25.505457,3.6,3.6,3.6
3.7049529552459717,2047,1,bajada,0.007469,0.007499,2.341156,2.333620,0.000893,25.505457,3.6,3.6,3.6
3.754343032836914,2048,1,bajada,0.007432,0.007499,2.342223,2.333620,0.000893,25.508204,3.6,3.6,3.6
3.8042993545532227,2049,1,bajada,0.007470,0.007499,2.342223,2.333771,0.000893,25.508814,3.6,3.6,3.6
3.8347911834716797,2050,1,bajada,0.007432,0.007499,2.341863,2.334534,0.000893,25.508814,3.6,3.6,3.6
3.8745598793029785,2051,1,bajada,0.007473,0.007499,2.341225,2.334534,0.000893,25.505335,3.6,3.6,3.6
3.914276123046875,2052,1,bajada,0.007432,0.007499,2.341225,2.334487,0.000893,25.501795,3.6,3.6,3.6
3.964785099029541,2053,1,bajada,0.007474,0.007499,2.340984,2.333792,0.000893,25.501795,3.6,3.6,3.6
4.0606770515441895,2054,1,bajada,0.007433,0.007498,2.342080,2.333792,0.000893,25.508905,3.6,3.6,3.6
4.091452121734619,2055,1,bajada,0.007474,0.007498,2.342080,2.333143,0.000893,25.511469,3.6,3.6,3.6
4.124407529830933,2056,1,bajada,0.007432,0.007497,2.341890,2.334904,0.000893,25.511469,3.6,3.6,3.6
4.184237003326416,2057,1,bajada,0.007474,0.007498,2.341341,2.334904,0.000893,25.511896,3.6,3.6,3.6
4.234072923660278,2058,1,bajada,0.007433,0.007499,2.341341,2.334499,0.000893,25.514460,3.6,3.6,3.6
4.283831596374512,2059,1,bajada,0.007472,0.007500,2.340698,2.333906,0.000893,25.514460,3.6,3.6,3.6
4.3438873291015625,2060,1,bajada,0.007433,0.007499,2.342003,2.333906,0.000893,25.504969,3.6,3.6,3.6
4.393884897232056,2061,1,bajada,0.007471,0.007499,2.342003,2.333140,0.000893,25.510431,3.6,3.6,3.6
4.44403338432312,2062,1,bajada,0.007434,0.007500,2.342000,2.334320,0.000893,25.510431,3.6,3.6,3.6
4.503963470458984,2063,1,bajada,0.007471,0.007495,2.341332,2.334320,0.000893,25.512629,3.6,3.6,3.6
4.616042852401733,2064,1,bajada,0.007436,0.007497,2.341332,2.334681,0.000893,25.516291,3.6,3.599,3.6
4.64663553237915,2065,1,bajada,0.007468,0.007498,2.340641,2.333930,0.000894,25.516291,3.6,3.6,3.6
4.713883876800537,2066,1,bajada,0.007436,0.007499,2.341511,2.333930,0.000893,25.515009,3.6,3.6,3.6
4.778472900390625,2067,1,bajada,0.007468,0.007498,2.341511,2.333187,0.000893,25.507471,3.6,3.6,3.6
4.810651540756226,2068,1,bajada,0.007436,0.007497,2.342206,2.333918,0.000893,25.507471,3.6,3.6,3.6
4.842721939086914,2069,1,bajada,0.007465,0.007498,2.341073,2.333918,0.000893,25.513422,3.6,3.599,3.6
4.936949729919434,2070,1,bajada,0.007436,0.007498,2.341073,2.335020,0.000893,25.505579,3.6,3.6,3.6
4.97737979888916,2071,1,bajada,0.007461,0.007499,2.340873,2.333977,0.000893,25.505579,3.6,3.6,3.6
5.017721891403198,2072,1,bajada,0.007436,0.007491,2.341303,2.333977,0.000893,25.508905,3.6,3.6,3.6
5.1137449741363525,2073,1,bajada,0.007458,0.007500,2.341303,2.333342,0.000893,25.509882,3.6,3.6,3.6
5.1595375537872314,2074,1,bajada,0.007436,0.007499,2.342560,2.333912,0.000893,25.509882,3.6,3.6,3.6
5.275896072387695,2075,1,bajada,0.007456,0.007498,2.341937,2.333912,0.000893,25.508356,3.6,3.6,3.6
5.308560132980347,2076,1,bajada,0.007437,0.007498,2.341937,2.334585,0.000893,25.505640,3.6,3.6,3.6
5.347820520401001,2077,1,bajada,0.007453,0.007498,2.341002,2.334755,0.000893,25.505640,3.6,3.6,3.6
5.3785622119903564,2078,1,bajada,0.007438,0.007498,2.340912,2.334755,0.000893,25.514277,3.6,3.6,3.6
5.4195098876953125,2079,1,bajada,0.007451,0.007497,2.340912,2.333670,0.000893,25.506250,3.6,3.6,3.6
5.4507715702056885,2080,1,bajada,0.007437,0.007498,2.342128,2.333590,0.000893,25.506250,3.6,3.6,3.6
5.482462167739868,2081,1,bajada,0.007451,0.007498,2.341520,2.333590,0.000893,25.510614,3.6,3.599,3.6
5.5143351554870605,2082,1,bajada,0.007442,0.007488,2.341520,2.334377,0.000893,25.511042,3.6,3.6,3.6
5.560849189758301,2083,1,bajada,0.007449,0.007498,2.341270,2.334263,0.000893,25.511042,3.6,3.599,3.6
5.594222545623779,2084,1,bajada,0.007443,0.007499,2.341082,2.334263,0.000893,25.508356,3.6,3.6,3.6
5.658317804336548,2085,1,bajada,0.007446,0.007500,2.341082,2.333664,0.000894,25.508478,3.6,3.599,3.6
5.690220832824707,2086,1,bajada,0.007445,0.007500,2.342143,2.333432,0.000893,25.508478,3.6,3.6,3.6
5.721474647521973,2087,1,bajada,0.007445,0.007499,2.342119,2.333432,0.000893,25.511896,3.6,3.6,3.6
5.783914804458618,2088,1,bajada,0.007446,0.007499,2.342119,2.334710,0.000893,25.512384,3.599,3.6,3.6
5.834739446640015,2089,1,bajada,0.007440,0.007498,2.341443,2.334627,0.000893,25.512384,3.6,3.6,3.6
5.865300178527832,2090,1,bajada,0.007446,0.007498,2.340954,2.334627,0.000893,25.510553,3.599,3.6,3.6
5.905206918716431,2091,1,bajada,0.007439,0.007498,2.340954,2.333861,0.000893,25.507959,3.6,3.6,3.6
5.946401834487915,2092,1,bajada,0.007446,0.007497,2.342107,2.333527,0.000893,25.507959,3.599,3.6,3.6
5.977432489395142,2093,1,bajada,0.007438,0.007497,2.342033,2.333527,0.000893,25.508783,3.6,3.599,3.6
6.009060621261597,2094,1,bajada,0.007452,0.007491,2.342033,2.334183,0.000893,25.511347,3.6,3.6,3.6
6.075939893722534,2095,1,bajada,0.007437,0.007496,2.341666,2.334570,0.000893,25.511347,3.6,3.6,3.6
6.107999324798584,2096,1,bajada,0.007455,0.007498,2.340808,2.334570,0.000893,25.506922,3.599,3.6,3.6
6.139258146286011,2097,1,bajada,0.007436,0.007498,2.340808,2.334117,0.000893,25.504725,3.6,3.599,3.6
6.2192747592926025,2098,1,bajada,0.007458,0.007499,2.341499,2.333205,0.000893,25.504725,3.6,3.599,3.6
6.312103033065796,2099,1,bajada,0.007435,0.007498,2.342110,2.333205,0.000893,25.510553,3.6,3.599,3.6
6.360253095626831,2100,1,bajada,0.007460,0.007498,2.342110,2.334061,0.000893,25.504725,3.6,3.599,3.6
6.3950042724609375,2101,1,bajada,0.007434,0.007497,2.341720,2.334671,0.000893,25.504725,3.6,3.599,3.6
6.524066686630249,2102,1,bajada,0.007462,0.007492,2.341034,2.334671,0.000893,25.508905,3.6,3.6,3.6
6.5663793087005615,2103,1,bajada,0.007431,0.007496,2.341034,2.334037,0.000893,25.509638,3.6,3.599,3.6
6.598411798477173,2104,1,bajada,0.007462,0.007497,2.341344,2.333432,0.000893,25.509638,3.6,3.599,3.6
6.744006872177124,2105,1,bajada,0.007432,0.007497,2.342256,2.333432,0.000893,25.519281,3.599,3.6,3.6
6.827225208282471,2106,1,bajada,0.007467,0.007497,2.342256,2.333271,0.000893,25.506250,3.6,3.6,3.6
6.939823150634766,2107,1,bajada,0.007432,0.007497,2.341741,2.334514,0.000893,25.506250,3.6,3.599,3.6
7.019641637802124,2108,1,bajada,0.007469,0.007496,2.340927,2.334514,0.000893,25.509302,3.6,3.599,3.6
7.050131320953369,2109,1,bajada,0.007431,0.007496,2.340927,2.334242,0.000893,25.507074,3.6,3.599,3.6
7.081915855407715,2110,1,bajada,0.007470,0.007497,2.340856,2.333554,0.000893,25.507074,3.6,3.599,3.6
7.114383697509766,2111,1,bajada,0.007432,0.007496,2.342188,2.333554,0.000893,25.506495,3.6,3.599,3.6
7.174677610397339,2112,1,bajada,0.007472,0.007495,2.342188,2.333706,0.000893,25.504358,3.6,3.599,3.6
7.210339546203613,2113,1,bajada,0.007432,0.007496,2.341818,2.334716,0.000893,25.504358,3.6,3.599,3.6
7.274291753768921,2114,1,bajada,0.007473,0.007496,2.341311,2.334716,0.000893,25.512812,3.6,3.599,3.6
7.305380582809448,2115,1,bajada,0.007430,0.007495,2.341311,2.334216,0.000893,25.510004,3.6,3.6,3.6
7.3550496101379395,2116,1,bajada,0.007470,0.007496,2.340727,2.333941,0.000893,25.510004,3.6,3.599,3.6
7.4170918464660645,2117,1,bajada,0.007434,0.007502,2.341875,2.333941,0.000893,25.508783,3.6,3.6,3.6
7.447917699813843,2118,1,bajada,0.007476,0.007501,2.341875,2.333226,0.000893,25.503687,3.6,3.599,3.6
7.47965669631958,2119,1,bajada,0.007434,0.007500,2.342018,2.334183,0.000893,25.503687,3.6,3.599,3.6
7.511125802993774,2120,1,bajada,0.007474,0.007499,2.341207,2.334183,0.000893,25.513727,3.6,3.599,3.6
7.542579650878906,2121,1,bajada,0.007434,0.007500,2.341207,2.334475,0.000893,25.510248,3.6,3.599,3.6
7.593552827835083,2122,1,bajada,0.007474,0.007500,2.340897,2.334129,0.000893,25.510248,3.6,3.599,3.6
7.6415932178497314,2123,1,bajada,0.007435,0.007498,2.341893,2.334129,0.000893,25.512079,3.6,3.6,3.6
7.672045469284058,2124,1,bajada,0.007472,0.007499,2.341893,2.332964,0.000893,25.508814,3.6,3.599,3.6
7.702575445175171,2125,1,bajada,0.007436,0.007497,2.342206,2.334505,0.000893,25.508814,3.6,3.599,3.6
7.736065626144409,2126,1,bajada,0.007471,0.007497,2.341848,2.334505,0.000893,25.511652,3.6,3.599,3.6
7.7685019969940186,2127,1,bajada,0.007436,0.007496,2.341848,2.335181,0.000893,25.512506,3.6,3.599,3.6
7.7998046875,2128,1,bajada,0.007467,0.007497,2.340709,2.334222,0.000893,25.512506,3.6,3.6,3.6
7.830907344818115,2129,1,bajada,0.007441,0.007497,2.341830,2.334222,0.000893,25.509394,3.6,3.599,3.6
7.862574338912964,2130,1,bajada,0.007470,0.007493,2.341830,2.333435,0.000893,25.508051,3.6,3.6,3.6
7.9142351150512695,2131,1,bajada,0.007442,0.007497,2.342486,2.334067,0.000892,25.508051,3.6,3.599,3.6
7.974398374557495,2132,1,bajada,0.007467,0.007497,2.341392,2.334067,0.000893,25.509577,3.6,3.6,3.6
8.024292945861816,2133,1,bajada,0.007440,0.007497,2.341392,2.334904,0.000893,25.512934,3.6,3.6,3.6
8.119849443435669,2134,1,bajada,0.007462,0.007498,2.340850,2.334260,0.000894,25.512934,3.6,3.6,3.6
8.151018857955933,2135,1,bajada,0.007439,0.007498,2.341142,2.334260,0.000893,25.506586,3.6,3.599,3.6
8.182153224945068,2136,1,bajada,0.007459,0.007497,2.341142,2.333020,0.000893,25.501856,3.6,3.6,3.6
8.213309288024902,2137,1,bajada,0.007439,0.007498,2.342560,2.333655,0.000893,25.501856,3.6,3.599,3.6
8.29852843284607,2138,1,bajada,0.007457,0.007498,2.341750,2.333655,0.000893,25.509882,3.6,3.6,3.6
8.329751014709473,2139,1,bajada,0.007436,0.007497,2.341750,2.334841,0.000893,25.509943,3.6,3.599,3.6
8.361758708953857,2140,1,bajada,0.007452,0.007494,2.341273,2.334069,0.000893,25.509943,3.6,3.6,3.6
8.393572092056274,2141,1,bajada,0.007441,0.007496,2.341279,2.334069,0.000893,25.505701,3.6,3.599,3.6
8.454668760299683,2142,1,bajada,0.007453,0.007498,2.341279,2.333700,0.000893,25.509180,3.6,3.6,3.6
8.504481315612793,2143,1,bajada,0.007442,0.007498,2.342596,2.333399,0.000893,25.509180,3.6,3.6,3.6
8.550860166549683,2144,1,bajada,0.007451,0.007497,2.342015,2.333399,0.000893,25.513056,3.6,3.599,3.6
8.63069486618042,2145,1,bajada,0.007443,0.007498,2.342015,2.334567,0.000893,25.507471,3.6,3.599,3.6
8.662336111068726,2146,1,bajada,0.007449,0.007499,2.341374,2.334591,0.000893,25.507471,3.6,3.6,3.6
8.724564790725708,2147,1,bajada,0.007444,0.007499,2.340858,2.334591,0.000893,25.506311,3.6,3.6,3.6
8.774056434631348,2148,1,bajada,0.007446,0.007498,2.340858,2.333938,0.000893,25.510431,3.6,3.6,3.6
8.824235200881958,2149,1,bajada,0.007444,0.007498,2.342048,2.333548,0.000893,25.510431,3.6,3.6,3.6
8.874545097351074,2150,1,bajada,0.007443,0.007497,2.341782,2.333548,0.000893,25.511652,3.6,3.599,3.6
8.914630889892578,2151,1,bajada,0.007442,0.007499,2.341782,2.334496,0.000893,25.503809,3.6,3.6,3.6
8.954280376434326,2152,1,bajada,0.007440,0.007499,2.341732,2.334624,0.000893,25.503809,3.6,3.6,3.6
8.985212802886963,2153,1,bajada,0.007448,0.007499,2.340844,2.334624,0.000893,25.508051,3.6,3.6,3.6
9.087115287780762,2154,1,bajada,0.007439,0.007499,2.340844,2.333864,0.000893,25.510553,3.599,3.6,3.6
9.129703044891357,2155,1,bajada,0.007450,0.007498,2.341902,2.333030,0.000893,25.510553,3.6,3.6,3.6
9.160933494567871,2156,1,bajada,0.007438,0.007498,2.342232,2.333030,0.000893,25.510004,3.6,3.6,3.6
9.192242860794067,2157,1,bajada,0.007452,0.007499,2.342232,2.334329,0.000893,25.502283,3.6,3.6,3.6
9.223902225494385,2158,1,bajada,0.007436,0.007498,2.341505,2.334991,0.000893,25.502283,3.6,3.6,3.6
9.274334907531738,2159,1,bajada,0.007454,0.007498,2.340844,2.334991,0.000893,25.508539,3.6,3.6,3.6
9.319851160049438,2160,1,bajada,0.007435,0.007499,2.340844,2.333935,0.000893,25.504908,3.6,3.6,3.6
9.368146181106567,2161,1,bajada,0.007457,0.007499,2.341505,2.333378,0.000893,25.504908,3.6,3.6,3.6
9.398953199386597,2162,1,bajada,0.007434,0.007500,2.342227,2.333378,0.000893,25.512995,3.6,3.6,3.6
9.430005073547363,2163,1,bajada,0.007455,0.007500,2.342227,2.334171,0.000893,25.503809,3.6,3.6,3.6
9.461960554122925,2164,1,bajada,0.007432,0.007501,2.341580,2.334695,0.000893,25.503809,3.6,3.6,3.6
9.493616819381714,2165,1,bajada,0.007462,0.007501,2.341007,2.334695,0.000893,25.510981,3.6,3.6,3.6
9.544066429138184,2166,1,bajada,0.007432,0.007501,2.341007,2.333822,0.000893,25.511896,3.6,3.6,3.6
9.604414463043213,2167,1,bajada,0.007465,0.007499,2.341279,2.333205,0.000893,25.511896,3.6,3.6,3.6
9.654449462890625,2168,1,bajada,0.007432,0.007500,2.342414,2.333205,0.000893,25.513178,3.6,3.6,3.6
9.704581022262573,2169,1,bajada,0.007466,0.007499,2.342414,2.333542,0.000893,25.511713,3.6,3.6,3.6
9.78415584564209,2170,1,bajada,0.007431,0.007499,2.341675,2.334552,0.000893,25.511713,3.6,3.6,3.6
9.834065198898315,2171,1,bajada,0.007469,0.007499,2.341097,2.334552,0.000893,25.506189,3.6,3.6,3.6
9.881446123123169,2172,1,bajada,0.007432,0.007499,2.341097,2.334090,0.000893,25.506128,3.6,3.6,3.6
9.912708282470703,2173,1,bajada,0.007472,0.007501,2.341177,2.333712,0.000893,25.506128,3.6,3.6,3.6
9.97387146949768,2174,1,bajada,0.007432,0.007501,2.342670,2.333712,0.000893,25.509302,3.6,3.6,3.6
10.024670600891113,2175,1,bajada,0.007468,0.007499,2.342670,2.333515,0.000893,25.509760,3.6,3.6,3.6
10.088179111480713,2176,1,bajada,0.007432,0.007499,2.341967,2.334895,0.000893,25.509760,3.6,3.6,3.6
10.11884093284607,2177,1,bajada,0.007474,0.007499,2.341323,2.334895,0.000893,25.513178,3.6,3.6,3.6
10.149466276168823,2178,1,bajada,0.007433,0.007498,2.341323,2.334406,0.000893,25.504786,3.6,3.6,3.6
10.180319786071777,2179,1,bajada,0.007474,0.007498,2.340858,2.334034,0.000893,25.504786,3.6,3.6,3.6
10.210769414901733,2180,1,bajada,0.007433,0.007496,2.342510,2.334034,0.000893,25.508417,3.6,3.6,3.6
10.26196551322937,2181,1,bajada,0.007474,0.007496,2.342510,2.333643,0.000893,25.508265,3.6,3.6,3.6
10.29220962524414,2182,1,bajada,0.007433,0.007497,2.342337,2.334707,0.000893,25.508265,3.6,3.6,3.6
10.323042154312134,2183,1,bajada,0.007474,0.007498,2.341598,2.334707,0.000893,25.509577,3.6,3.6,3.6
10.374326229095459,2184,1,bajada,0.007433,0.007499,2.341598,2.334594,0.000893,25.507471,3.6,3.6,3.6
10.423906564712524,2185,1,bajada,0.007473,0.007499,2.341028,2.333712,0.000893,25.507471,3.6,3.6,3.6
10.484310388565063,2186,1,bajada,0.007435,0.007497,2.342077,2.333712,0.000893,25.510309,3.6,3.6,3.6
10.534225940704346,2187,1,bajada,0.007468,0.007500,2.342077,2.333366,0.000893,25.512018,3.6,3.6,3.6
10.61420726776123,2188,1,bajada,0.007434,0.007502,2.342277,2.334192,0.000893,25.512018,3.6,3.6,3.6
10.664514064788818,2189,1,bajada,0.007472,0.007501,2.341747,2.334192,0.000893,25.511652,3.6,3.6,3.6
10.724448919296265,2190,1,bajada,0.007437,0.007501,2.341747,2.334683,0.000893,25.510736,3.6,3.6,3.6
10.774513959884644,2191,1,bajada,0.007471,0.007501,2.340999,2.333918,0.000893,25.510736,3.6,3.6,3.6
10.825212240219116,2192,1,bajada,0.007438,0.007500,2.341779,2.333918,0.000893,25.510126,3.6,3.6,3.6
10.885896682739258,2193,1,bajada,0.007469,0.007499,2.341779,2.333390,0.000893,25.515131,3.6,3.601,3.6
10.936416625976562,2194,1,bajada,0.007437,0.007500,2.342396,2.334147,0.000893,25.515131,3.6,3.6,3.6
10.967360258102417,2195,1,bajada,0.007466,0.007500,2.341693,2.334147,0.000893,25.506983,3.6,3.6,3.6
10.998436212539673,2196,1,bajada,0.007437,0.007494,2.341693,2.334841,0.000893,25.506922,3.6,3.6,3.6
11.02939510345459,2197,1,bajada,0.007463,0.007498,2.341007,2.334272,0.000893,25.506922,3.6,3.6,3.6
11.124332666397095,2198,1,bajada,0.007438,0.007500,2.341648,2.334272,0.000893,25.507227,3.6,3.6,3.6
11.164761781692505,2199,1,bajada,0.007455,0.007501,2.341648,2.333232,0.000894,25.500147,3.6,3.6,3.6
11.204546689987183,2200,1,bajada,0.007437,0.007501,2.342459,2.334049,0.000893,25.500147,3.6,3.6,3.6
11.25468921661377,2201,1,bajada,0.007460,0.007501,2.341806,2.334049,0.000893,25.509577,3.6,3.6,3.6
11.304595232009888,2202,1,bajada,0.007440,0.007501,2.341806,2.334737,0.000893,25.507959,3.6,3.6,3.6
11.355329036712646,2203,1,bajada,0.007458,0.007501,2.341455,2.333745,0.000893,25.507959,3.6,3.6,3.6
11.395249605178833,2204,1,bajada,0.007440,0.007500,2.340978,2.333745,0.000893,25.509882,3.6,3.6,3.6
11.426390409469604,2205,1,bajada,0.007455,0.007501,2.340978,2.333798,0.000893,25.504725,3.6,3.6,3.6
11.491760015487671,2206,1,bajada,0.007440,0.007492,2.342194,2.333658,0.000893,25.504725,3.6,3.6,3.6
11.54425597190857,2207,1,bajada,0.007453,0.007499,2.341702,2.333658,0.000893,25.507807,3.6,3.6,3.6
11.590538024902344,2208,1,bajada,0.007441,0.007500,2.341702,2.334683,0.000893,25.505030,3.6,3.6,3.6
11.624539375305176,2209,1,bajada,0.007449,0.007501,2.341535,2.334701,0.000893,25.505030,3.6,3.6,3.6
11.68439531326294,2210,1,bajada,0.007440,0.007500,2.341213,2.334701,0.000893,25.509638,3.6,3.6,3.6
11.734261751174927,2211,1,bajada,0.007447,0.007501,2.341213,2.333876,0.000893,25.504541,3.6,3.6,3.6
11.784022569656372,2212,1,bajada,0.007442,0.007500,2.342253,2.333581,0.000893,25.504541,3.6,3.6,3.6
11.843870639801025,2213,1,bajada,0.007450,0.007500,2.341774,2.333581,0.000893,25.512140,3.6,3.601,3.6
11.894140243530273,2214,1,bajada,0.007447,0.007500,2.341774,2.334615,0.000893,25.511408,3.6,3.6,3.6
11.944121360778809,2215,1,bajada,0.007447,0.007500,2.341410,2.334538,0.000893,25.511408,3.6,3.6,3.6
12.008001327514648,2216,1,bajada,0.007448,0.007494,2.340993,2.334538,0.000893,25.502161,3.6,3.6,3.6
12.039483070373535,2217,1,bajada,0.007445,0.007500,2.340993,2.333918,0.000893,25.507807,3.6,3.6,3.6
12.070866346359253,2218,1,bajada,0.007450,0.007501,2.342328,2.333390,0.000893,25.507807,3.6,3.6,3.6
12.103529691696167,2219,1,bajada,0.007444,0.007500,2.342447,2.333390,0.000893,25.517145,3.6,3.6,3.6
12.13469409942627,2220,1,bajada,0.007450,0.007501,2.342447,2.334558,0.000893,25.510065,3.6,3.601,3.6
12.184303998947144,2221,1,bajada,0.007441,0.007501,2.341794,2.334418,0.000893,25.510065,3.6,3.6,3.6
12.244253396987915,2222,1,bajada,0.007451,0.007500,2.341058,2.334418,0.000893,25.513422,3.6,3.6,3.6
12.294311761856079,2223,1,bajada,0.007439,0.007500,2.341058,2.333861,0.000893,25.504541,3.6,3.6,3.6
12.344379186630249,2224,1,bajada,0.007453,0.007499,2.341815,2.333295,0.000893,25.504541,3.6,3.6,3.6
12.404383420944214,2225,1,bajada,0.007436,0.007500,2.342408,2.333295,0.000893,25.514399,3.6,3.6,3.6
12.454040288925171,2226,1,bajada,0.007454,0.007500,2.342408,2.334001,0.000893,25.506128,3.6,3.6,3.6
12.499829292297363,2227,1,bajada,0.007434,0.007493,2.341621,2.334809,0.000893,25.506128,3.6,3.6,3.6
12.530611753463745,2228,1,bajada,0.007456,0.007500,2.341025,2.334809,0.000894,25.509455,3.6,3.6,3.6
12.630340576171875,2229,1,bajada,0.007433,0.007502,2.341025,2.334141,0.000893,25.508478,3.6,3.6,3.6
12.661453008651733,2230,1,bajada,0.007458,0.007502,2.341732,2.333542,0.000893,25.508478,3.6,3.6,3.6
12.693304300308228,2231,1,bajada,0.007432,0.007501,2.342542,2.333542,0.000893,25.503931,3.6,3.6,3.6
12.754384994506836,2232,1,bajada,0.007460,0.007500,2.342542,2.333682,0.000893,25.511042,3.6,3.6,3.6
12.804277181625366,2233,1,bajada,0.007429,0.007500,2.341928,2.335008,0.000893,25.511042,3.6,3.6,3.6
12.854741096496582,2234,1,bajada,0.007462,0.007500,2.341002,2.335008,0.000893,25.513483,3.6,3.6,3.6
12.93455958366394,2235,1,bajada,0.007431,0.007501,2.341002,2.334135,0.000893,25.504114,3.6,3.6,3.6
12.974716663360596,2236,1,bajada,0.007466,0.007500,2.341362,2.333754,0.000893,25.504114,3.6,3.6,3.6
13.014216423034668,2237,1,bajada,0.007431,0.007500,2.342340,2.333754,0.000893,25.509638,3.6,3.6,3.6
13.124593257904053,2238,1,bajada,0.007468,0.007501,2.342340,2.334219,0.000893,25.508692,3.6,3.6,3.6
13.175716400146484,2239,1,bajada,0.007431,0.007500,2.342086,2.334880,0.000892,25.508692,3.6,3.6,3.6
13.235626935958862,2240,1,bajada,0.007469,0.007502,2.341300,2.334880,0.000893,25.507349,3.6,3.6,3.6
13.284298419952393,2241,1,bajada,0.007431,0.007501,2.341300,2.334663,0.000893,25.504602,3.6,3.6,3.6
13.317787170410156,2242,1,bajada,0.007470,0.007502,2.341300,2.333620,0.000893,25.504602,3.6,3.6,3.6
13.359283924102783,2243,1,bajada,0.007430,0.007501,2.342554,2.333620,0.000893,25.507837,3.6,3.6,3.6
13.411027193069458,2244,1,bajada,0.007470,0.007499,2.342554,2.333628,0.000893,25.504114,3.6,3.6,3.6
13.441911697387695,2245,1,bajada,0.007430,0.007501,2.341940,2.334722,0.000893,25.504114,3.6,3.6,3.6
13.493109941482544,2246,1,bajada,0.007472,0.007501,2.341705,2.334722,0.000893,25.511530,3.6,3.6,3.6
13.554205417633057,2247,1,bajada,0.007431,0.007500,2.341705,2.334385,0.000893,25.505274,3.6,3.6,3.6
13.60347032546997,2248,1,bajada,0.007473,0.007501,2.340790,2.334317,0.000894,25.505274,3.6,3.6,3.6
13.634474277496338,2249,1,bajada,0.007432,0.007500,2.342691,2.334317,0.000893,25.503016,3.6,3.6,3.6
13.684506893157959,2250,1,bajada,0.007474,0.007501,2.342691,2.333330,0.000893,25.510492,3.6,3.6,3.6
13.73451828956604,2251,1,bajada,0.007433,0.007502,2.342146,2.335339,0.000893,25.510492,3.6,3.6,3.6
13.794548988342285,2252,1,bajada,0.007474,0.007502,2.342062,2.335339,0.000894,25.504663,3.6,3.6,3.6
13.844619512557983,2253,1,bajada,0.007433,0.007502,2.342062,2.334883,0.000893,25.504847,3.6,3.6,3.6
13.894158601760864,2254,1,bajada,0.007471,0.007502,2.340623,2.334132,0.000893,25.504847,3.6,3.6,3.6
13.954796314239502,2255,1,bajada,0.007433,0.007501,2.342387,2.334132,0.000893,25.511835,3.6,3.6,3.6
14.004677534103394,2256,1,bajada,0.007470,0.007501,2.342387,2.333658,0.000894,25.503626,3.6,3.6,3.6
14.102182149887085,2257,1,bajada,0.007433,0.007500,2.342352,2.334388,0.000893,25.503626,3.6,3.6,3.6
14.133920669555664,2258,1,bajada,0.007471,0.007500,2.341577,2.334388,0.000893,25.508692,3.6,3.6,3.6
14.178611278533936,2259,1,bajada,0.007434,0.007499,2.341577,2.334707,0.000893,25.508661,3.6,3.6,3.6
14.2094087600708,2260,1,bajada,0.007467,0.007500,2.341246,2.334415,0.000893,25.508661,3.6,3.6,3.6
14.240188121795654,2261,1,bajada,0.007435,0.007501,2.341416,2.334415,0.000893,25.515192,3.6,3.6,3.6
14.276867866516113,2262,1,bajada,0.007467,0.007501,2.341416,2.333739,0.000894,25.506617,3.6,3.6,3.6
14.308531999588013,2263,1,bajada,0.007437,0.007502,2.342420,2.334201,0.000894,25.506617,3.6,3.6,3.6
14.354454517364502,2264,1,bajada,0.007465,0.007502,2.341705,2.334201,0.000893,25.509699,3.6,3.6,3.6
14.420459270477295,2265,1,bajada,0.007437,0.007502,2.341705,2.334946,0.000894,25.511652,3.6,3.6,3.6
14.452599287033081,2266,1,bajada,0.007463,0.007501,2.341389,2.334117,0.000893,25.511652,3.6,3.6,3.6
14.48379898071289,2267,1,bajada,0.007437,0.007503,2.341630,2.334117,0.000893,25.512751,3.6,3.6,3.6
14.517497062683105,2268,1,bajada,0.007461,0.007502,2.341630,2.333336,0.000894,25.505945,3.6,3.601,3.6
14.567081689834595,2269,1,bajada,0.007437,0.007502,2.342560,2.334433,0.000893,25.505945,3.6,3.6,3.6
14.610594987869263,2270,1,bajada,0.007458,0.007501,2.342191,2.334433,0.000893,25.506922,3.6,3.6,3.6
14.66285514831543,2271,1,bajada,0.007438,0.007499,2.342191,2.335205,0.000893,25.503199,3.6,3.6,3.6
14.694128274917603,2272,1,bajada,0.007456,0.007501,2.341577,2.334472,0.000893,25.503199,3.6,3.6,3.6
14.754242658615112,2273,1,bajada,0.007438,0.007504,2.341341,2.334472,0.000893,25.512384,3.6,3.6,3.6
14.804444074630737,2274,1,bajada,0.007453,0.007501,2.341341,2.333801,0.000893,25.505640,3.6,3.6,3.6
14.866168022155762,2275,1,bajada,0.007438,0.007503,2.342480,2.333643,0.000893,25.505640,3.6,3.6,3.6
14.917236089706421,2276,1,bajada,0.007451,0.007504,2.342325,2.333643,0.000893,25.508051,3.6,3.6,3.6
14.981660604476929,2277,1,bajada,0.007439,0.007504,2.342325,2.334526,0.000893,25.505884,3.6,3.6,3.6
15.044910192489624,2278,1,bajada,0.007449,0.007503,2.341496,2.334493,0.000893,25.505884,3.6,3.6,3.6
15.076470136642456,2279,1,bajada,0.007440,0.007503,2.341362,2.334493,0.000893,25.506678,3.6,3.6,3.6
15.108415603637695,2280,1,bajada,0.007447,0.007503,2.341362,2.333944,0.000893,25.506250,3.6,3.6,3.6
15.141572713851929,2281,1,bajada,0.007441,0.007503,2.342525,2.333611,0.000893,25.506250,3.6,3.6,3.6
15.184965133666992,2282,1,bajada,0.007446,0.007504,2.342298,2.333611,0.000893,25.507959,3.6,3.6,3.6
15.22159457206726,2283,1,bajada,0.007442,0.007502,2.342298,2.334794,0.000893,25.501062,3.6,3.6,3.6
15.269372701644897,2284,1,bajada,0.007443,0.007501,2.341672,2.334886,0.000894,25.501062,3.6,3.6,3.6
15.300756216049194,2285,1,bajada,0.007442,0.007502,2.340894,2.334886,0.000893,25.508478,3.6,3.6,3.6
15.332453966140747,2286,1,bajada,0.007441,0.007503,2.340894,2.333971,0.000894,25.503504,3.6,3.6,3.6
15.380524635314941,2287,1,bajada,0.007444,0.007501,2.342450,2.333274,0.000893,25.503504,3.6,3.6,3.6
15.428682327270508,2288,1,bajada,0.007438,0.007501,2.342420,2.333274,0.000894,25.513788,3.6,3.6,3.6
15.493692874908447,2289,1,bajada,0.007445,0.007502,2.342420,2.335145,0.000893,25.503382,3.6,3.6,3.6
15.569558382034302,2290,1,bajada,0.007438,0.007502,2.341779,2.334734,0.000893,25.503382,3.6,3.6,3.6
15.602948188781738,2291,1,bajada,0.007448,0.007501,2.341264,2.334734,0.000893,25.503809,3.6,3.6,3.6
15.634793043136597,2292,1,bajada,0.007436,0.007503,2.341264,2.334090,0.000893,25.505701,3.6,3.6,3.6
15.669798612594604,2293,1,bajada,0.007450,0.007502,2.342188,2.333408,0.000893,25.505701,3.6,3.6,3.6
15.702243566513062,2294,1,bajada,0.007435,0.007502,2.342322,2.333408,0.000894,25.506495,3.6,3.6,3.6
15.760370969772339,2295,1,bajada,0.007451,0.007501,2.342322,2.334257,0.000893,25.507471,3.6,3.6,3.6
15.814235925674438,2296,1,bajada,0.007433,0.007503,2.341848,2.334892,0.000893,25.507471,3.6,3.6,3.6
15.86955976486206,2297,1,bajada,0.007455,0.007502,2.340906,2.334892,0.000893,25.508478,3.6,3.6,3.6
15.953026533126831,2298,1,bajada,0.007432,0.007501,2.340906,2.333995,0.000893,25.512629,3.6,3.6,3.6
15.985933065414429,2299,1,bajada,0.007457,0.007501,2.341756,2.333456,0.000893,25.512629,3.6,3.6,3.6
16.019604921340942,2300,1,bajada,0.007430,0.007501,2.342519,2.333456,0.000893,25.513727,3.6,3.6,3.6
16.047774076461792,2301,1,bajada,0.007457,0.007500,2.342519,2.333998,0.000893,25.510126,3.6,3.6,3.6
16.117327451705933,2302,1,bajada,0.007430,0.007501,2.341934,2.334853,0.000893,25.510126,3.6,3.6,3.6
16.16559863090515,2303,1,bajada,0.007460,0.007500,2.341034,2.334853,0.000893,25.508051,3.6,3.6,3.6
16.21121597290039,2304,1,bajada,0.007428,0.007502,2.341034,2.334475,0.000893,25.506067,3.6,3.6,3.6
16.2415828704834,2305,1,bajada,0.007462,0.007500,2.341177,2.333846,0.000893,25.506067,3.6,3.6,3.6
16.304218530654907,2306,1,bajada,0.007428,0.007502,2.342515,2.333846,0.000893,25.506311,3.6,3.6,3.6
16.354190349578857,2307,1,bajada,0.007465,0.007501,2.342515,2.333962,0.000893,25.511347,3.6,3.6,3.6
16.40132713317871,2308,1,bajada,0.007428,0.007503,2.341973,2.334645,0.000893,25.511347,3.6,3.6,3.6
16.465832233428955,2309,1,bajada,0.007466,0.007501,2.341136,2.334645,0.000894,25.505579,3.6,3.6,3.6
16.496922731399536,2310,1,bajada,0.007428,0.007501,2.341136,2.334344,0.000893,25.513056,3.6,3.6,3.6
16.52837872505188,2311,1,bajada,0.007468,0.007501,2.341216,2.333632,0.000893,25.513056,3.6,3.6,3.6
16.58127474784851,2312,1,bajada,0.007427,0.007500,2.342012,2.333632,0.000894,25.510431,3.6,3.6,3.6
16.613473415374756,2313,1,bajada,0.007469,0.007500,2.342012,2.333694,0.000893,25.510492,3.6,3.6,3.6
16.659817218780518,2314,1,bajada,0.007428,0.007500,2.341946,2.335071,0.000893,25.510492,3.6,3.6,3.6
16.70831847190857,2315,1,bajada,0.007470,0.007500,2.341407,2.335071,0.000893,25.502832,3.6,3.6,3.6
16.788894653320312,2316,1,bajada,0.007428,0.007500,2.341407,2.334341,0.000893,25.510187,3.6,3.6,3.6
16.819823741912842,2317,1,bajada,0.007469,0.007502,2.340864,2.334040,0.000893,25.510187,3.6,3.6,3.6
16.852882385253906,2318,1,bajada,0.007429,0.007501,2.342152,2.334040,0.000893,25.507959,3.6,3.6,3.6
16.933265447616577,2319,1,bajada,0.007469,0.007501,2.342152,2.333429,0.000893,25.503321,3.6,3.6,3.6
16.98092794418335,2320,1,bajada,0.007430,0.007501,2.342450,2.334520,0.000893,25.503321,3.6,3.6,3.6
17.028998851776123,2321,1,bajada,0.007471,0.007502,2.341869,2.334520,0.000893,25.514948,3.6,3.6,3.6
17.092625856399536,2322,1,bajada,0.007430,0.007501,2.341869,2.334824,0.000893,25.505762,3.6,3.6,3.6
17.12484622001648,2323,1,bajada,0.007469,0.007501,2.340909,2.334087,0.000893,25.505762,3.6,3.6,3.6
17.189531564712524,2324,1,bajada,0.007429,0.007501,2.341541,2.334087,0.000893,25.500879,3.6,3.6,3.6
17.232072353363037,2325,1,bajada,0.007468,0.007500,2.341541,2.333137,0.000893,25.509882,3.6,3.6,3.6
17.262786149978638,2326,1,bajada,0.007432,0.007500,2.342381,2.334439,0.000893,25.509882,3.6,3.6,3.6
17.330389738082886,2327,1,bajada,0.007468,0.007501,2.341609,2.334439,0.000893,25.507227,3.6,3.6,3.6
17.36428189277649,2328,1,bajada,0.007432,0.007500,2.341609,2.334433,0.000893,25.508966,3.6,3.6,3.6
17.41148829460144,2329,1,bajada,0.007464,0.007501,2.340751,2.334180,0.000893,25.508966,3.6,3.6,3.6
17.46059775352478,2330,1,bajada,0.007431,0.007501,2.341949,2.334180,0.000893,25.506739,3.6,3.599,3.6
17.4924578666687,2331,1,bajada,0.007463,0.007501,2.341949,2.333626,0.000893,25.507563,3.6,3.6,3.6
17.541003704071045,2332,1,bajada,0.007431,0.007500,2.342459,2.334630,0.000893,25.507563,3.6,3.6,3.6
17.571706533432007,2333,1,bajada,0.007460,0.007501,2.341788,2.334630,0.000894,25.512262,3.6,3.6,3.6
17.61859893798828,2334,1,bajada,0.007432,0.007501,2.341788,2.335101,0.000893,25.503626,3.6,3.6,3.6
17.818629026412964,2335,1,bajada,0.007457,0.007501,2.341186,2.334487,0.000893,25.503626,3.6,3.6,3.6
17.861027002334595,2336,1,bajada,0.007430,0.007499,2.341815,2.334487,0.000893,25.507227,3.6,3.599,3.6
17.92271137237549,2337,1,bajada,0.007456,0.007500,2.341815,2.333730,0.000894,25.504786,3.6,3.599,3.6
17.95455837249756,2338,1,bajada,0.007434,0.007500,2.342292,2.333980,0.000893,25.504786,3.6,3.6,3.6
18.03202486038208,2339,1,bajada,0.007455,0.007499,2.341863,2.333980,0.000893,25.503138,3.6,3.6,3.6
18.12785315513611,2340,1,bajada,0.007434,0.007500,2.341863,2.334928,0.000893,25.513544,3.6,3.6,3.6
18.1923348903656,2341,1,bajada,0.007451,0.007501,2.341329,2.334675,0.000894,25.513544,3.6,3.6,3.6
18.274649381637573,2342,1,bajada,0.007434,0.007501,2.341615,2.334675,0.000893,25.509089,3.6,3.6,3.6
18.33819079399109,2343,1,bajada,0.007450,0.007501,2.341615,2.334090,0.000893,25.508661,3.6,3.6,3.6
18.370938062667847,2344,1,bajada,0.007435,0.007501,2.342495,2.333924,0.000894,25.508661,3.6,3.6,3.6
18.467995405197144,2345,1,bajada,0.007446,0.007500,2.341970,2.333924,0.000893,25.511469,3.6,3.6,3.6
18.500015258789062,2346,1,bajada,0.007435,0.007500,2.341970,2.334695,0.000893,25.510553,3.6,3.6,3.6
18.531326055526733,2347,1,bajada,0.007443,0.007498,2.341386,2.334731,0.000893,25.510553,3.6,3.6,3.6
18.562618017196655,2348,1,bajada,0.007434,0.007500,2.340990,2.334731,0.000893,25.507074,3.6,3.599,3.6
18.642683506011963,2349,1,bajada,0.007440,0.007499,2.340990,2.333810,0.000893,25.514215,3.6,3.6,3.6
18.76850175857544,2350,1,bajada,0.007436,0.007500,2.342161,2.333554,0.000893,25.514215,3.6,3.6,3.6
18.800020694732666,2351,1,bajada,0.007439,0.007501,2.342209,2.333554,0.000893,25.503565,3.6,3.6,3.6
18.831498622894287,2352,1,bajada,0.007438,0.007501,2.342209,2.334746,0.000893,25.504053,3.6,3.6,3.6
18.897984981536865,2353,1,bajada,0.007437,0.007501,2.341714,2.334442,0.000893,25.504053,3.6,3.599,3.6
19.008136987686157,2354,1,bajada,0.007439,0.007500,2.340802,2.334442,0.000893,25.510736,3.6,3.6,3.6
19.06052875518799,2355,1,bajada,0.007435,0.007499,2.340802,2.333906,0.000893,25.511408,3.6,3.599,3.6
19.09207773208618,2356,1,bajada,0.007442,0.007499,2.342182,2.333557,0.000893,25.511408,3.6,3.6,3.6
19.12346315383911,2357,1,bajada,0.007435,0.007500,2.342525,2.333557,0.000893,25.504663,3.6,3.6,3.6
19.167314052581787,2358,1,bajada,0.007443,0.007500,2.342525,2.334499,0.000893,25.506006,3.6,3.6,3.6
19.202086687088013,2359,1,bajada,0.007431,0.007500,2.341732,2.335098,0.000893,25.506006,3.6,3.6,3.6
19.234052896499634,2360,1,bajada,0.007443,0.007499,2.340653,2.335098,0.000893,25.506678,3.6,3.6,3.6
19.28443717956543,2361,1,bajada,0.007429,0.007499,2.340653,2.334424,0.000893,25.510859,3.6,3.6,3.6
19.342663526535034,2362,1,bajada,0.007448,0.007501,2.342301,2.333611,0.000893,25.510859,3.6,3.6,3.6
19.522741556167603,2363,1,bajada,0.007429,0.007501,2.342337,2.333611,0.000893,25.507105,3.6,3.6,3.6
19.554264307022095,2364,1,bajada,0.007449,0.007500,2.342337,2.334636,0.000893,25.503992,3.6,3.6,3.6
19.601152658462524,2365,1,bajada,0.007426,0.007500,2.342221,2.335363,0.000893,25.503992,3.6,3.6,3.6
19.650590419769287,2366,1,bajada,0.007451,0.007499,2.341228,2.335363,0.000893,25.504541,3.6,3.6,3.6
19.715957403182983,2367,1,bajada,0.007426,0.007499,2.341228,2.334517,0.000893,25.505518,3.6,3.6,3.6
19.87418556213379,2368,1,bajada,0.007455,0.007501,2.341750,2.333709,0.000893,25.505518,3.6,3.6,3.6
19.92071771621704,2369,1,bajada,0.007428,0.007500,2.342459,2.333709,0.000893,25.512751,3.6,3.6,3.6
19.984394788742065,2370,1,bajada,0.007459,0.007500,2.342459,2.334442,0.000893,25.502771,3.6,3.6,3.6
20.036003351211548,2371,1,bajada,-0.006922,-0.006920,2.348506,2.356809,0.000903,25.510004,0.0,0.001,0.0
0.14112257957458496,2372,1,bajada,-0.006948,-0.006922,2.348506,2.356162,0.000903,25.506067,0.0,0.001,0.0
0.22404718399047852,2373,1,bajada,-0.006918,-0.006920,2.349328,2.355581,0.000904,25.506067,0.0,0.001,0.0
0.2743198871612549,2374,1,bajada,-0.006948,-0.006918,2.350094,2.355581,0.000903,25.509455,0.0,0.001,0.0
0.523996114730835,2375,1,bajada,-0.006918,-0.006918,2.350094,2.355912,0.000903,25.514277,0.0,0.0,0.0
0.5576286315917969,2376,1,bajada,-0.006948,-0.006918,2.349370,2.356836,0.000903,25.514277,0.0,0.001,0.0
0.5892412662506104,2377,1,bajada,-0.006916,-0.006920,2.348679,2.356836,0.000904,25.508905,0.0,0.001,0.0
0.6239223480224609,2378,1,bajada,-0.006952,-0.006919,2.348679,2.356538,0.000903,25.505945,0.0,0.001,0.0
0.6577084064483643,2379,1,bajada,-0.006913,-0.006918,2.348994,2.355632,0.000904,25.505945,0.0,0.001,0.0
0.6895642280578613,2380,1,bajada,-0.006948,-0.006918,2.349814,2.355632,0.000903,25.514093,0.0,0.001,0.0
0.9233739376068115,2381,1,bajada,-0.006911,-0.006917,2.349814,2.355608,0.000903,25.509821,0.0,0.001,0.0
0.972876787185669,2382,1,bajada,-0.006949,-0.006918,2.349465,2.356630,0.000903,25.509821,0.0,0.001,0.0
1.0047497749328613,2383,1,bajada,-0.006910,-0.006918,2.349018,2.356630,0.000904,25.508204,0.0,0.001,0.0
1.0570638179779053,2384,1,bajada,-0.006950,-0.006918,2.349018,2.356484,0.000903,25.514032,0.0,0.001,0.0
1.0905444622039795,2385,1,bajada,-0.006910,-0.006919,2.348688,2.355834,0.000904,25.514032,0.0,0.0,0.0
1.357393503189087,2386,1,bajada,-0.006949,-0.006919,2.350032,2.355834,0.000903,25.510798,0.0,0.001,0.0
1.3894600868225098,2387,1,bajada,-0.006909,-0.006919,2.350032,2.355435,0.000903,25.508265,0.0,0.0,0.0
1.4239678382873535,2388,1,bajada,-0.006949,-0.006919,2.349686,2.356824,0.000903,25.508265,0.0,0.001,0.0
1.4571819305419922,2389,1,bajada,-0.006908,-0.006919,2.348989,2.356824,0.000903,25.510920,0.0,0.0,0.0
1.4897451400756836,2390,1,bajada,-0.006954,-0.006919,2.348989,2.356484,0.000903,25.511591,0.0,0.0,0.0
1.6304926872253418,2391,1,bajada,-0.006907,-0.006918,2.348497,2.355673,0.000903,25.511591,0.0,0.001,0.0
1.6736443042755127,2392,1,bajada,-0.006946,-0.006917,2.349805,2.355673,0.000904,25.507593,0.0,0.001,0.0
1.724318504333496,2393,1,bajada,-0.006905,-0.006917,2.349805,2.355581,0.000904,25.504297,0.0,0.0,0.0
1.773021936416626,2394,1,bajada,-0.006946,-0.006917,2.349701,2.356707,0.000903,25.504297,0.0,0.0,0.0
1.806680679321289,2395,1,bajada,-0.006906,-0.006918,2.349260,2.356707,0.000904,25.505884,0.0,0.0,0.0
1.8395655155181885,2396,1,bajada,-0.006947,-0.006917,2.349260,2.356716,0.000903,25.509027,0.0,0.001,0.0
1.872939109802246,2397,1,bajada,-0.006908,-0.006920,2.348616,2.355983,0.000904,25.509027,0.0,0.0,0.0
2.0739293098449707,2398,1,bajada,-0.006947,-0.006921,2.349606,2.355983,0.000903,25.505030,0.0,0.001,0.0
2.157320737838745,2399,1,bajada,-0.006908,-0.006917,2.349606,2.355500,0.000903,25.509027,0.0,0.001,0.0
2.1899728775024414,2400,1,bajada,-0.006946,-0.006917,2.349936,2.356472,0.000904,25.509027,0.0,0.0,0.0
2.2236876487731934,2401,1,bajada,-0.006911,-0.006917,2.348923,2.356472,0.000904,25.510675,0.0,0.001,0.0
2.256568193435669,2402,1,bajada,-0.006951,-0.006918,2.348923,2.356728,0.000903,25.509821,0.001,0.0,0.0
2.366558790206909,2403,1,bajada,-0.006909,-0.006919,2.348708,2.355813,0.000904,25.509821,0.0,0.001,0.0
2.4738237857818604,2404,1,bajada,-0.006943,-0.006918,2.349600,2.355813,0.000903,25.511286,0.0,0.001,0.0
2.523796319961548,2405,1,bajada,-0.006909,-0.006919,2.349600,2.355175,0.000904,25.512384,0.0,0.001,0.0
2.556579828262329,2406,1,bajada,-0.006943,-0.006918,2.349772,2.356532,0.000903,25.512384,0.0,0.001,0.0
2.589953660964966,2407,1,bajada,-0.006910,-0.006918,2.349021,2.356532,0.000903,25.511774,0.0,0.001,0.0
2.623310089111328,2408,1,bajada,-0.006942,-0.006919,2.349021,2.356952,0.000903,25.501368,0.0,0.001,0.0
2.6572763919830322,2409,1,bajada,-0.006913,-0.006919,2.348521,2.356353,0.000903,25.501368,0.0,0.001,0.0
2.7278993129730225,2410,1,bajada,-0.006943,-0.006919,2.349507,2.356353,0.000903,25.505579,0.0,0.001,0.0
2.8732120990753174,2411,1,bajada,-0.006916,-0.006919,2.349507,2.355393,0.000904,25.512812,0.0,0.001,0.0
2.9405248165130615,2412,1,bajada,-0.006943,-0.006917,2.349936,2.356228,0.000903,25.512812,0.0,0.0,0.0
2.973651170730591,2413,1,bajada,-0.006919,-0.006917,2.349278,2.356228,0.000903,25.509272,0.0,0.001,0.0
3.0067272186279297,2414,1,bajada,-0.006947,-0.006918,2.349278,2.356910,0.000903,25.510126,0.0,0.001,0.0
3.0400116443634033,2415,1,bajada,-0.006920,-0.006917,2.348750,2.356180,0.000903,25.510126,0.0,0.001,0.0
3.0732316970825195,2416,1,bajada,-0.006941,-0.006918,2.348994,2.356180,0.000903,25.507105,0.0,0.001,0.0
3.11338472366333,2417,1,bajada,-0.006920,-0.006919,2.348994,2.355938,0.000904,25.509272,0.0,0.001,0.0
3.23941969871521,2418,1,bajada,-0.006940,-0.006920,2.349942,2.355873,0.000903,25.509272,0.0,0.001,0.0
3.355989694595337,2419,1,bajada,-0.006921,-0.006921,2.349459,2.355873,0.000903,25.511957,0.0,0.001,0.0
3.387907028198242,2420,1,bajada,-0.006940,-0.006921,2.349459,2.356967,0.000903,25.509455,0.0,0.001,0.0
3.4227330684661865,2421,1,bajada,-0.006924,-0.006919,2.348822,2.356165,0.000903,25.509455,0.0,0.001,0.0
3.456756114959717,2422,1,bajada,-0.006940,-0.006920,2.348923,2.356165,0.000903,25.511530,0.0,0.001,0.0
3.4882988929748535,2423,1,bajada,-0.006926,-0.006920,2.348923,2.355509,0.000903,25.505335,0.0,0.001,0.0
3.6734869480133057,2424,1,bajada,-0.006939,-0.006917,2.350208,2.355700,0.000903,25.505335,0.0,0.001,0.0
3.7238705158233643,2425,1,bajada,-0.006931,-0.006917,2.349480,2.355700,0.000903,25.509699,0.0,0.001,0.0
3.756464958190918,2426,1,bajada,-0.006943,-0.006918,2.349480,2.356830,0.000903,25.518671,0.0,0.001,0.0
3.7898800373077393,2427,1,bajada,-0.006929,-0.006918,2.349170,2.356317,0.000904,25.518671,0.0,0.001,0.0
3.8232178688049316,2428,1,bajada,-0.006938,-0.006919,2.348828,2.356317,0.000903,25.512445,0.0,0.001,0.0
3.85652494430542,2429,1,bajada,-0.006931,-0.006918,2.348828,2.355712,0.000903,25.508600,0.0,0.001,0.0
3.888301372528076,2430,1,bajada,-0.006938,-0.006918,2.349677,2.355360,0.000903,25.508600,0.0,0.001,0.0
3.9796955585479736,2431,1,bajada,-0.006933,-0.006918,2.349552,2.355360,0.000903,25.506311,0.0,0.001,0.0
4.063284397125244,2432,1,bajada,-0.006938,-0.006917,2.349552,2.356573,0.000903,25.511225,0.0,0.001,0.0
4.106820106506348,2433,1,bajada,-0.006935,-0.006932,2.349147,2.356093,0.000903,25.511225,0.0,0.001,0.0
4.139862537384033,2434,1,bajada,-0.006935,-0.006919,2.348306,2.356093,0.000903,25.511408,0.0,0.001,0.0
4.1727118492126465,2435,1,bajada,-0.006937,-0.006916,2.348306,2.355870,0.000903,25.506372,0.0,0.001,0.0
4.206907749176025,2436,1,bajada,-0.006934,-0.006916,2.349829,2.355226,0.000903,25.506372,0.0,0.001,0.0
4.239558458328247,2437,1,bajada,-0.006942,-0.006915,2.349778,2.355226,0.000903,25.510065,0.0,0.0,0.0
4.288146734237671,2438,1,bajada,-0.006935,-0.006916,2.349778,2.356707,0.000903,25.506586,0.0,0.001,0.0
4.42335057258606,2439,1,bajada,-0.006939,-0.006916,2.348926,2.356773,0.000903,25.506586,0.0,0.001,0.0
4.50644588470459,2440,1,bajada,-0.006932,-0.006918,2.348702,2.356773,0.000903,25.510736,0.0,0.001,0.0
4.539316415786743,2441,1,bajada,-0.006942,-0.006918,2.348702,2.355998,0.000903,25.509760,0.0,0.0,0.0
4.572384595870972,2442,1,bajada,-0.006930,-0.006919,2.349734,2.355372,0.000903,25.509760,0.0,0.001,0.0
4.6065673828125,2443,1,bajada,-0.006942,-0.006934,2.349817,2.355372,0.000903,25.509577,0.0,0.001,0.0
4.638972520828247,2444,1,bajada,-0.006929,-0.006920,2.349817,2.356502,0.000904,25.506311,0.0,0.001,0.0
4.688015460968018,2445,1,bajada,-0.006945,-0.006916,2.349337,2.356660,0.000903,25.506311,0.0,0.001,0.0
4.8231306076049805,2446,1,bajada,-0.006928,-0.006916,2.348753,2.356660,0.000903,25.515375,0.0,0.001,0.0
4.873245477676392,2447,1,bajada,-0.006946,-0.006916,2.348753,2.355691,0.000903,25.506311,0.0,0.001,0.0
4.906506776809692,2448,1,bajada,-0.006923,-0.006917,2.349412,2.355098,0.000903,25.506311,0.0,0.001,0.0
4.938117265701294,2449,1,bajada,-0.006944,-0.006917,2.350121,2.355098,0.000903,25.512934,0.0,0.0,0.0
4.9734954833984375,2450,1,bajada,-0.006920,-0.006917,2.350121,2.356052,0.000903,25.504725,0.0,0.001,0.0
5.006219387054443,2451,1,bajada,-0.006945,-0.006918,2.349111,2.356758,0.000903,25.504725,0.0,0.0,0.0
5.039225816726685,2452,1,bajada,-0.006919,-0.006918,2.348685,2.356758,0.000904,25.506922,0.0,0.001,0.0
5.223260879516602,2453,1,bajada,-0.006945,-0.006917,2.348685,2.356132,0.000903,25.509577,0.0,0.001,0.0
5.306715965270996,2454,1,bajada,-0.006917,-0.006916,2.349239,2.355652,0.000903,25.509577,0.0,0.001,0.0
5.356652498245239,2455,1,bajada,-0.006947,-0.006916,2.349808,2.355652,0.000903,25.508661,0.0,0.001,0.0
5.388290643692017,2456,1,bajada,-0.006916,-0.006917,2.349808,2.355542,0.000903,25.510492,0.0,0.001,0.0
5.423508167266846,2457,1,bajada,-0.006948,-0.006916,2.349328,2.356910,0.000903,25.510492,0.0,0.001,0.0
5.4560205936431885,2458,1,bajada,-0.006915,-0.006917,2.348750,2.356910,0.000903,25.511774,0.0,0.001,0.0
5.623035430908203,2459,1,bajada,-0.006949,-0.006920,2.348750,2.356380,0.000904,25.508051,0.0,0.001,0.0
5.672823429107666,2460,1,bajada,-0.006915,-0.006918,2.349057,2.355831,0.000903,25.508051,0.0,0.001,0.0
5.706313848495483,2461,1,bajada,-0.006949,-0.006918,2.349704,2.355831,0.000903,25.511896,0.0,0.001,0.0
5.739592552185059,2462,1,bajada,-0.006912,-0.006917,2.349704,2.355634,0.000904,25.506311,0.0,0.001,0.0
5.773010730743408,2463,1,bajada,-0.006949,-0.006918,2.349427,2.356973,0.000903,25.506311,0.0,0.001,0.0
5.805830717086792,2464,1,bajada,-0.006910,-0.006918,2.348813,2.356973,0.000903,25.511164,0.001,0.0,0.0
5.83955192565918,2465,1,bajada,-0.006949,-0.006919,2.348813,2.356195,0.000903,25.508905,0.0,0.001,0.0
6.139094829559326,2466,1,bajada,-0.006908,-0.006917,2.348583,2.355530,0.000903,25.508905,0.0,0.001,0.0
6.17300820350647,2467,1,bajada,-0.006949,-0.006916,2.349802,2.355530,0.000903,25.515070,0.0,0.0,0.0
6.206171751022339,2468,1,bajada,-0.006908,-0.006916,2.349802,2.355545,0.000904,25.506464,0.0,0.001,0.0
6.2382941246032715,2469,1,bajada,-0.006949,-0.006917,2.349579,2.356704,0.000903,25.506464,0.0,0.001,0.0
6.31298303604126,2470,1,bajada,-0.006908,-0.006918,2.348893,2.356704,0.000904,25.508478,0.0,0.001,0.0
6.412892818450928,2471,1,bajada,-0.006949,-0.006918,2.348893,2.356564,0.000904,25.500391,0.0,0.001,0.0
6.439491271972656,2472,1,bajada,-0.006910,-0.006918,2.348559,2.355930,0.000904,25.500391,0.0,0.001,0.0
6.4726855754852295,2473,1,bajada,-0.006949,-0.006919,2.349853,2.355930,0.000904,25.507288,0.0,0.001,0.0
6.50613260269165,2474,1,bajada,-0.006907,-0.006919,2.349853,2.355348,0.000904,25.511591,0.0,0.001,0.0
6.538152694702148,2475,1,bajada,-0.006948,-0.006918,2.349614,2.356657,0.000903,25.511591,0.0,0.001,0.0
6.571563482284546,2476,1,bajada,-0.006908,-0.006918,2.349138,2.356657,0.000904,25.513788,0.0,0.001,0.0
6.606657266616821,2477,1,bajada,-0.006948,-0.006921,2.349138,2.356722,0.000904,25.512995,0.0,0.001,0.0
6.648939609527588,2478,1,bajada,-0.006908,-0.006917,2.348530,2.356028,0.000904,25.512995,0.0,0.0,0.0
6.872857332229614,2479,1,bajada,-0.006947,-0.006919,2.349474,2.356028,0.000904,25.509394,0.0,0.001,0.0
6.90654182434082,2480,1,bajada,-0.006908,-0.006918,2.349474,2.355202,0.000904,25.508966,0.0,0.001,0.0
6.939536809921265,2481,1,bajada,-0.006947,-0.006918,2.349957,2.356633,0.000903,25.508966,0.0,0.001,0.0
6.987305641174316,2482,1,bajada,-0.006908,-0.006918,2.349206,2.356633,0.000904,25.507685,0.0,0.0,0.0
7.022587537765503,2483,1,bajada,-0.006946,-0.006919,2.349206,2.356844,0.000903,25.510981,0.0,0.001,0.0
7.27251672744751,2484,1,bajada,-0.006913,-0.006917,2.348551,2.355754,0.000904,25.510981,0.0,0.001,0.0
7.305762052536011,2485,1,bajada,-0.006946,-0.006917,2.349531,2.355754,0.000903,25.506922,0.0,0.001,0.0
7.337500095367432,2486,1,bajada,-0.006912,-0.006917,2.349531,2.355479,0.000904,25.509272,0.0,0.001,0.0
7.372766733169556,2487,1,bajada,-0.006945,-0.006917,2.350047,2.356087,0.000903,25.509272,0.0,0.0,0.0
7.405566453933716,2488,1,bajada,-0.006912,-0.006917,2.349316,2.356087,0.000904,25.503809,0.0,0.001,0.0
7.437560558319092,2489,1,bajada,-0.006945,-0.006916,2.349316,2.356755,0.000903,25.509638,0.0,0.001,0.0
7.5388102531433105,2490,1,bajada,-0.006915,-0.006919,2.348810,2.356225,0.000903,25.509638,0.0,0.001,0.0
7.6227076053619385,2491,1,bajada,-0.006944,-0.006917,2.349406,2.356225,0.000903,25.510187,0.0,0.001,0.0
7.655523777008057,2492,1,bajada,-0.006916,-0.006918,2.349406,2.355330,0.000904,25.511286,0.0,0.001,0.0
7.705843925476074,2493,1,bajada,-0.006943,-0.006917,2.350079,2.356257,0.000903,25.511286,0.0,0.0,0.0
7.738962411880493,2494,1,bajada,-0.006917,-0.006915,2.349385,2.356257,0.000903,25.511225,0.0,0.001,0.0
7.772793531417847,2495,1,bajada,-0.006943,-0.006913,2.349385,2.357077,0.000904,25.513605,0.0,0.0,0.0
7.805691719055176,2496,1,bajada,-0.006923,-0.006913,2.348974,2.356558,0.000903,25.513605,0.0,0.001,0.0
7.838266372680664,2497,1,bajada,-0.006942,-0.006914,2.349167,2.356558,0.000903,25.510981,0.0,0.001,0.0
8.022356510162354,2498,1,bajada,-0.006921,-0.006915,2.349167,2.355500,0.000903,25.511530,0.0,0.0,0.0
8.072531461715698,2499,1,bajada,-0.006941,-0.006915,2.350091,2.355840,0.000903,25.511530,0.0,0.001,0.0
8.105843544006348,2500,1,bajada,-0.006923,-0.006916,2.349546,2.355840,0.000903,25.508478,0.0,0.0,0.0
8.137744665145874,2501,1,bajada,-0.006942,-0.006917,2.349546,2.356683,0.000903,25.505762,0.0,0.001,0.0
8.172402381896973,2502,1,bajada,-0.006927,-0.006917,2.348965,2.356275,0.000904,25.505762,0.0,0.001,0.0
8.205673456192017,2503,1,bajada,-0.006941,-0.006919,2.348732,2.356275,0.000903,25.516047,0.0,0.001,0.0
8.237365961074829,2504,1,bajada,-0.006928,-0.006917,2.348732,2.355709,0.000904,25.503260,0.0,0.001,0.0
8.372697353363037,2505,1,bajada,-0.006942,-0.006916,2.349963,2.355667,0.000903,25.503260,0.0,0.001,0.0
8.455241918563843,2506,1,bajada,-0.006930,-0.006917,2.349531,2.355667,0.000904,25.510309,0.0,0.001,0.0
8.505659818649292,2507,1,bajada,-0.006941,-0.006917,2.349531,2.356666,0.000903,25.509027,0.0,0.001,0.0
8.537062168121338,2508,1,bajada,-0.006935,-0.006917,2.349093,2.356573,0.000904,25.509027,0.0,0.001,0.0
8.571871757507324,2509,1,bajada,-0.006939,-0.006916,2.348530,2.356573,0.000903,25.513422,0.0,0.001,0.0
8.605142593383789,2510,1,bajada,-0.006933,-0.006917,2.348530,2.356067,0.000903,25.509943,0.0,0.001,0.0
8.637692928314209,2511,1,bajada,-0.006938,-0.006917,2.349999,2.355483,0.000903,25.509943,0.001,0.0,0.0
8.728116989135742,2512,1,bajada,-0.006934,-0.006920,2.349755,2.355483,0.000903,25.511225,0.0,0.001,0.0
8.795844554901123,2513,1,bajada,-0.006937,-0.006918,2.349755,2.356758,0.000903,25.515497,0.001,0.0,0.0
9.161492586135864,2514,1,bajada,-0.006936,-0.006917,2.349069,2.356329,0.000903,25.515497,0.0,0.001,0.0
9.207940578460693,2515,1,bajada,-0.006936,-0.006919,2.348491,2.356329,0.000903,25.506983,0.0,0.001,0.0
9.261447668075562,2516,1,bajada,-0.006939,-0.006917,2.348491,2.356251,0.000904,25.512568,0.0,0.001,0.0
9.306073904037476,2517,1,bajada,-0.006935,-0.006915,2.349659,2.355408,0.000903,25.512568,0.0,0.001,0.0
9.355574369430542,2518,1,bajada,-0.006940,-0.006917,2.349930,2.355408,0.000903,25.510309,0.001,0.0,0.0
9.387959003448486,2519,1,bajada,-0.006934,-0.006917,2.349930,2.356278,0.000903,25.510920,0.0,0.001,0.0
9.419545412063599,2520,1,bajada,-0.006945,-0.006918,2.348989,2.356761,0.000903,25.510920,0.0,0.001,0.0
9.594716787338257,2521,1,bajada,-0.006933,-0.006919,2.348169,2.356761,0.000903,25.514338,0.001,0.0,0.0
9.640816926956177,2522,1,bajada,-0.006943,-0.006919,2.348169,2.356123,0.000903,25.508417,0.0,0.001,0.0
9.821468114852905,2523,1,bajada,-0.006929,-0.006917,2.349704,2.355325,0.000903,25.508417,0.0,0.001,0.0
9.912361860275269,2524,1,bajada,-0.006943,-0.006917,2.349620,2.355325,0.000903,25.511774,0.0,0.001,0.0
9.943454504013062,2525,1,bajada,-0.006927,-0.006916,2.349620,2.356079,0.000903,25.511957,0.0,0.001,0.0
10.07140040397644,2526,1,bajada,-0.006945,-0.006918,2.349272,2.356946,0.000904,25.511957,0.0,0.001,0.0
10.102638959884644,2527,1,bajada,-0.006926,-0.006918,2.348801,2.356946,0.000904,25.511042,0.0,0.001,0.0
10.154671669006348,2528,1,bajada,-0.006946,-0.006918,2.348801,2.356171,0.000903,25.507410,0.0,0.001,0.0
10.187045574188232,2529,1,bajada,-0.006924,-0.006917,2.349218,2.355316,0.000903,25.507410,0.0,0.001,0.0
10.344674110412598,2530,1,bajada,-0.006946,-0.006917,2.350106,2.355316,0.000903,25.514948,0.0,0.001,0.0
10.375656843185425,2531,1,bajada,-0.006923,-0.006917,2.350106,2.356081,0.000903,25.508265,0.0,0.0,0.0
10.411716938018799,2532,1,bajada,-0.006951,-0.006917,2.349492,2.356785,0.000904,25.508265,0.0,0.001,0.0
10.45581603050232,2533,1,bajada,-0.006920,-0.006918,2.348694,2.356785,0.000904,25.512995,0.0,0.001,0.0
10.554995059967041,2534,1,bajada,-0.006948,-0.006918,2.348694,2.355894,0.000903,25.513178,0.0,0.001,0.0
10.637064456939697,2535,1,bajada,-0.006917,-0.006918,2.348929,2.355334,0.000903,25.513178,0.0,0.001,0.0
10.694526672363281,2536,1,bajada,-0.006948,-0.006918,2.350160,2.355334,0.000903,25.506495,0.0,0.001,0.0
10.745641708374023,2537,1,bajada,-0.006916,-0.006919,2.350160,2.355772,0.000904,25.504725,0.0,0.001,0.0
10.775932550430298,2538,1,bajada,-0.006949,-0.006919,2.349436,2.356865,0.000904,25.504725,0.0,0.001,0.0
10.810852289199829,2539,1,bajada,-0.006914,-0.006917,2.348866,2.356865,0.000903,25.514643,0.0,0.001,0.0
10.855977296829224,2540,1,bajada,-0.006950,-0.006918,2.348866,2.356719,0.000903,25.508173,0.0,0.001,0.0
10.904052734375,2541,1,bajada,-0.006913,-0.006917,2.348878,2.355623,0.000903,25.508173,0.0,0.001,0.0
10.935575485229492,2542,1,bajada,-0.006949,-0.006917,2.350061,2.355623,0.000903,25.506861,0.0,0.001,0.0
11.04830002784729,2543,1,bajada,-0.006911,-0.006916,2.350061,2.355930,0.000903,25.510370,0.0,0.001,0.0
11.171544313430786,2544,1,bajada,-0.006953,-0.006916,2.349778,2.356955,0.000904,25.510370,0.0,0.0,0.0
11.210932731628418,2545,1,bajada,-0.006910,-0.006917,2.349132,2.356955,0.000903,25.508966,0.0,0.001,0.0
11.254594087600708,2546,1,bajada,-0.006950,-0.006917,2.349132,2.356338,0.000903,25.505213,0.0,0.0,0.0
11.3374662399292,2547,1,bajada,-0.006909,-0.006917,2.348488,2.355885,0.000903,25.505213,0.0,0.0,0.0
11.369918823242188,2548,1,bajada,-0.006949,-0.006917,2.349522,2.355885,0.000903,25.510492,0.0,0.001,0.0
11.562203168869019,2549,1,bajada,-0.006908,-0.006917,2.349522,2.355694,0.000904,25.503687,0.0,0.0,0.0
11.608981847763062,2550,1,bajada,-0.006950,-0.006918,2.349686,2.356794,0.000903,25.503687,0.0,0.001,0.0
11.64000678062439,2551,1,bajada,-0.006908,-0.006916,2.348831,2.356794,0.000904,25.512506,0.0,0.0,0.0
11.928603649139404,2552,1,bajada,-0.006949,-0.006917,2.348831,2.356660,0.000903,25.513422,0.0,0.001,0.0
11.960981130599976,2553,1,bajada,-0.006907,-0.006918,2.348363,2.356165,0.000903,25.513422,0.0,0.001,0.0
11.99303650856018,2554,1,bajada,-0.006945,-0.006917,2.349910,2.356165,0.000903,25.507593,0.0,0.001,0.0
12.039174795150757,2555,1,bajada,-0.006906,-0.006918,2.349910,2.355551,0.000904,25.506800,0.0,0.0,0.0
12.070641994476318,2556,1,bajada,-0.006947,-0.006918,2.349781,2.356862,0.000904,25.506800,0.0,0.001,0.0
12.104465007781982,2557,1,bajada,-0.006906,-0.006918,2.349004,2.356862,0.000903,25.506495,0.0,0.001,0.0
12.15177059173584,2558,1,bajada,-0.006945,-0.006919,2.349004,2.356758,0.000903,25.508966,0.0,0.001,0.0
12.183420896530151,2559,1,bajada,-0.006907,-0.006918,2.348390,2.356114,0.000904,25.508966,0.0,0.001,0.0
12.21450400352478,2560,1,bajada,-0.006946,-0.006918,2.349507,2.356114,0.000903,25.508661,0.0,0.001,0.0
12.294622421264648,2561,1,bajada,-0.006911,-0.006917,2.349507,2.355402,0.000904,25.504480,0.0,0.001,0.0
12.34375,2562,1,bajada,-0.006947,-0.006916,2.350047,2.356409,0.000903,25.504480,0.001,0.0,0.0
12.393516778945923,2563,1,bajada,-0.006911,-0.006916,2.349185,2.356409,0.000903,25.502710,0.0,0.001,0.0
12.438602685928345,2564,1,bajada,-0.006946,-0.006915,2.349185,2.356689,0.000903,25.507959,0.0,0.001,0.0
12.487310886383057,2565,1,bajada,-0.006913,-0.006917,2.348726,2.356269,0.000903,25.507959,0.0,0.001,0.0
12.519306898117065,2566,1,bajada,-0.006944,-0.006917,2.349558,2.356269,0.000903,25.507410,0.0,0.001,0.0
12.771230459213257,2567,1,bajada,-0.006914,-0.006918,2.349558,2.355316,0.000904,25.504602,0.0,0.001,0.0
12.82146430015564,2568,1,bajada,-0.006943,-0.006917,2.349996,2.355760,0.000903,25.504602,0.001,0.0,0.0
12.854960203170776,2569,1,bajada,-0.006914,-0.006916,2.349543,2.355760,0.000903,25.513483,0.0,0.001,0.0
12.887647867202759,2570,1,bajada,-0.006944,-0.006915,2.349543,2.356970,0.000903,25.513788,0.0,0.001,0.0
12.921344995498657,2571,1,bajada,-0.006917,-0.006916,2.348792,2.356120,0.000903,25.513788,0.0,0.001,0.0
12.954845190048218,2572,1,bajada,-0.006943,-0.006916,2.349319,2.356120,0.000903,25.513788,0.0,0.001,0.0
12.987827062606812,2573,1,bajada,-0.006920,-0.006917,2.349319,2.355479,0.000903,25.505152,0.001,0.0,0.0
13.205016613006592,2574,1,bajada,-0.006944,-0.006917,2.350216,2.355801,0.000903,25.505152,0.0,0.001,0.0
13.255056619644165,2575,1,bajada,-0.006923,-0.006917,2.349489,2.355801,0.000903,25.511408,0.0,0.001,0.0
13.286048173904419,2576,1,bajada,-0.006946,-0.006919,2.349489,2.356809,0.000903,25.503626,0.0,0.0,0.0
13.320493698120117,2577,1,bajada,-0.006927,-0.006919,2.348801,2.356284,0.000903,25.503626,0.0,0.001,0.0
13.35268759727478,2578,1,bajada,-0.006946,-0.006920,2.348923,2.356284,0.000904,25.504541,0.0,0.0,0.0
13.387273788452148,2579,1,bajada,-0.006928,-0.006921,2.348923,2.355491,0.000904,25.507410,0.001,0.0,0.0
13.46137523651123,2580,1,bajada,-0.006943,-0.006921,2.350401,2.355664,0.000903,25.507410,0.001,0.0,0.0
13.521247148513794,2581,1,bajada,-0.006928,-0.006920,2.349701,2.355664,0.000904,25.512629,0.0,0.0,0.0
13.561001539230347,2582,1,bajada,-0.006942,-0.006920,2.349701,2.356874,0.000903,25.507929,0.0,0.001,0.0
13.594463109970093,2583,1,bajada,-0.006936,-0.006919,2.349153,2.356579,0.000904,25.507929,0.0,0.0,0.0
13.687689542770386,2584,1,bajada,-0.006940,-0.006917,2.348625,2.356579,0.000903,25.509089,0.0,0.0,0.0
13.720669984817505,2585,1,bajada,-0.006931,-0.006918,2.348625,2.355626,0.000904,25.504419,0.0,0.001,0.0
13.75379204750061,2586,1,bajada,-0.006939,-0.006923,2.349910,2.355423,0.000903,25.504419,0.0,0.0,0.0
13.786805868148804,2587,1,bajada,-0.006932,-0.006920,2.349877,2.355423,0.000903,25.511896,0.0,0.001,0.0
13.926779747009277,2588,1,bajada,-0.006938,-0.006917,2.349877,2.356353,0.000903,25.509516,0.0,0.0,0.0
13.96132755279541,2589,1,bajada,-0.006935,-0.006917,2.349334,2.356514,0.000904,25.509516,0.0,0.001,0.0
14.153636455535889,2590,1,bajada,-0.006937,-0.006917,2.348598,2.356514,0.000903,25.502100,0.0,0.001,0.0
14.250580310821533,2591,1,bajada,-0.006938,-0.006928,2.348598,2.355921,0.000903,25.510248,0.0,0.0,0.0
14.295516014099121,2592,1,bajada,-0.006936,-0.006918,2.349898,2.355366,0.000903,25.510248,0.0,0.001,0.0
14.379306554794312,2593,1,bajada,-0.006938,-0.006916,2.349853,2.355366,0.000903,25.508661,0.0,0.001,0.0
14.422821044921875,2594,1,bajada,-0.006935,-0.006917,2.349853,2.356973,0.000903,25.504358,0.0,0.001,0.0
14.506004571914673,2595,1,bajada,-0.006954,-0.006917,2.349281,2.356886,0.000904,25.504358,0.0,0.001,0.0
14.565467119216919,2596,1,bajada,-0.006935,-0.006917,2.348348,2.356886,0.000903,25.506372,0.0,0.001,0.0
14.617007732391357,2597,1,bajada,-0.006942,-0.006918,2.348348,2.356195,0.000903,25.508081,0.0,0.001,0.0
14.648151159286499,2598,1,bajada,-0.006929,-0.006918,2.349612,2.355438,0.000903,25.508081,0.0,0.001,0.0
14.775900602340698,2599,1,bajada,-0.006941,-0.006919,2.349906,2.355438,0.000903,25.511896,0.0,0.001,0.0
14.8216872215271,2600,1,bajada,-0.006928,-0.006916,2.349906,2.356406,0.000903,25.512323,0.0,0.001,0.0
14.854021549224854,2601,1,bajada,-0.006944,-0.006915,2.349102,2.356970,0.000903,25.512323,0.0,0.001,0.0
14.886815547943115,2602,1,bajada,-0.006927,-0.006915,2.348533,2.356970,0.000903,25.502832,0.0,0.0,0.0
14.921740770339966,2603,1,bajada,-0.006945,-0.006916,2.348533,2.356433,0.000904,25.511408,0.0,0.001,0.0
14.953757047653198,2604,1,bajada,-0.006924,-0.006915,2.349695,2.355265,0.000903,25.511408,0.0,0.001,0.0
15.001888275146484,2605,1,bajada,-0.006946,-0.006916,2.350070,2.355265,0.000903,25.514643,0.0,0.001,0.0
15.032692432403564,2606,1,bajada,-0.006924,-0.006916,2.350070,2.356093,0.000904,25.509882,0.0,0.0,0.0
15.063734769821167,2607,1,bajada,-0.006963,-0.006917,2.349221,2.357044,0.000903,25.509882,0.0,0.001,0.0
15.095319032669067,2608,1,bajada,-0.006923,-0.006917,2.348601,2.357044,0.000904,25.504541,0.0,0.001,0.0
15.126413822174072,2609,1,bajada,-0.006947,-0.006917,2.348601,2.356320,0.000903,25.505640,0.0,0.0,0.0
15.193079948425293,2610,1,bajada,-0.006918,-0.006918,2.349149,2.355682,0.000903,25.505640,0.0,0.0,0.0
15.225169658660889,2611,1,bajada,-0.006948,-0.006917,2.350136,2.355682,0.000903,25.510065,0.0,0.001,0.0
15.272888422012329,2612,1,bajada,-0.006916,-0.006920,2.350136,2.356049,0.000903,25.506586,0.0,0.0,0.0
15.318906545639038,2613,1,bajada,-0.006948,-0.006916,2.349552,2.357005,0.000903,25.506586,0.0,0.001,0.0
15.364804983139038,2614,1,bajada,-0.006914,-0.006916,2.348732,2.357005,0.000904,25.510370,0.0,0.0,0.0
15.543307542800903,2615,1,bajada,-0.006949,-0.006916,2.348732,2.356606,0.000904,25.507227,0.0,0.001,0.0
15.573795557022095,2616,1,bajada,-0.006912,-0.006915,2.348947,2.355789,0.000904,25.507227,0.0,0.001,0.0
15.620535373687744,2617,1,bajada,-0.006949,-0.006917,2.350100,2.355789,0.000903,25.505823,0.0,0.001,0.0
15.73769760131836,2618,1,bajada,-0.006911,-0.006922,2.350100,2.355748,0.000904,25.505945,0.001,0.0,0.0
15.960596799850464,2619,1,bajada,-0.006963,-0.006915,2.349468,2.356970,0.000903,25.505945,0.0,0.0,0.0
16.004592418670654,2620,1,bajada,-0.006911,-0.006916,2.349066,2.356970,0.000904,25.505457,0.0,0.001,0.0
16.04166865348816,2621,1,bajada,-0.006949,-0.006916,2.349066,2.356460,0.000903,25.508783,0.0,0.001,0.0
16.164658308029175,2622,1,bajada,-0.006907,-0.006916,2.348553,2.355778,0.000904,25.508783,0.0,0.001,0.0
16.276116847991943,2623,1,bajada,-0.006947,-0.006919,2.350136,2.355778,0.000903,25.508692,0.0,0.001,0.0
16.32732367515564,2624,1,bajada,-0.006907,-0.006916,2.350136,2.355390,0.000903,25.507715,0.0,0.001,0.0
16.393162965774536,2625,1,bajada,-0.006948,-0.006916,2.349522,2.356800,0.000903,25.507715,0.0,0.001,0.0
16.438607454299927,2626,1,bajada,-0.006907,-0.006916,2.348825,2.356800,0.000903,25.509272,0.0,0.001,0.0
16.46977663040161,2627,1,bajada,-0.006948,-0.006916,2.348825,2.356475,0.000903,25.512934,0.0,0.001,0.0
16.585350275039673,2628,1,bajada,-0.006906,-0.006916,2.348589,2.355736,0.000904,25.512934,0.0,0.001,0.0
16.669562101364136,2629,1,bajada,-0.006946,-0.006917,2.349632,2.355736,0.000903,25.510126,0.0,0.001,0.0
16.707730054855347,2630,1,bajada,-0.006906,-0.006916,2.349632,2.355441,0.000903,25.513910,0.0,0.001,0.0
16.753378868103027,2631,1,bajada,-0.006960,-0.006924,2.349600,2.356508,0.000903,25.513910,0.0,0.001,0.0
16.803460359573364,2632,1,bajada,-0.006907,-0.006916,2.349445,2.356508,0.000904,25.510736,0.0,0.001,0.0
16.837512493133545,2633,1,bajada,-0.006944,-0.006915,2.349445,2.356695,0.000903,25.515436,0.0,0.001,0.0
16.86950373649597,2634,1,bajada,-0.006904,-0.006916,2.348413,2.356138,0.000904,25.515436,0.0,0.001,0.0
16.904010772705078,2635,1,bajada,-0.006942,-0.006916,2.349391,2.356138,0.000903,25.505640,0.0,0.0,0.0
16.936399459838867,2636,1,bajada,-0.006907,-0.006916,2.349391,2.355357,0.000904,25.508661,0.001,0.0,0.0
17.119868993759155,2637,1,bajada,-0.006943,-0.006918,2.349912,2.356770,0.000903,25.508661,0.0,0.001,0.0
17.153298139572144,2638,1,bajada,-0.006907,-0.006917,2.349084,2.356770,0.000903,25.508478,0.0,0.0,0.0
17.219988346099854,2639,1,bajada,-0.006944,-0.006915,2.349084,2.356600,0.000903,25.507196,0.0,0.001,0.0
17.252904415130615,2640,1,bajada,-0.006910,-0.006923,2.348551,2.356031,0.000903,25.507196,0.0,0.001,0.0
17.2862286567688,2641,1,bajada,-0.006943,-0.006917,2.349561,2.356031,0.000903,25.509760,0.0,0.001,0.0
17.319770336151123,2642,1,bajada,-0.006912,-0.006916,2.349561,2.355423,0.000903,25.505335,0.0,0.001,0.0
17.61902356147766,2643,1,bajada,-0.006955,-0.006917,2.349829,2.356409,0.000903,25.505335,0.0,0.001,0.0
17.653130769729614,2644,1,bajada,-0.006913,-0.006916,2.349272,2.356409,0.000903,25.511591,0.0,0.001,0.0
17.686334133148193,2645,1,bajada,-0.006941,-0.006917,2.349272,2.356597,0.000903,25.509943,0.0,0.001,0.0
17.751853227615356,2646,1,bajada,-0.006914,-0.006922,2.348586,2.355995,0.000903,25.509943,0.0,0.001,0.0
17.863832712173462,2647,1,bajada,-0.006939,-0.006916,2.348857,2.355995,0.000903,25.510920,0.0,0.0,0.0
17.92577028274536,2648,1,bajada,-0.006916,-0.006915,2.348857,2.355730,0.000903,25.508356,0.0,0.001,0.0
17.956697940826416,2649,1,bajada,-0.006939,-0.006916,2.349927,2.355834,0.000903,25.508356,0.0,0.0,0.0
17.99213933944702,2650,1,bajada,-0.006918,-0.006916,2.349185,2.355834,0.000903,25.510553,0.0,0.001,0.0
18.023269653320312,2651,1,bajada,-0.006941,-0.006915,2.349185,2.356868,0.000903,25.503870,0.0,0.0,0.0
18.07232666015625,2652,1,bajada,-0.006922,-0.006915,2.348914,2.356311,0.000903,25.503870,0.0,0.001,0.0
18.10359001159668,2653,1,bajada,-0.006940,-0.006916,2.348893,2.356311,0.000903,25.508356,0.0,0.001,0.0
18.192742347717285,2654,1,bajada,-0.006924,-0.006917,2.348893,2.355694,0.000903,25.504969,0.0,0.0,0.0
18.225945711135864,2655,1,bajada,-0.006950,-0.006916,2.349990,2.355816,0.000903,25.504969,0.0,0.001,0.0
18.276371955871582,2656,1,bajada,-0.006926,-0.006912,2.349346,2.355816,0.000903,25.512079,0.0,0.0,0.0
18.307918071746826,2657,1,bajada,-0.006939,-0.006912,2.349346,2.356776,0.000903,25.508814,0.0,0.001,0.0
18.339205265045166,2658,1,bajada,-0.006927,-0.006912,2.348926,2.356055,0.000903,25.508814,0.0,0.001,0.0
18.376137733459473,2659,1,bajada,-0.006936,-0.006913,2.348533,2.356055,0.000903,25.507196,0.0,0.001,0.0
18.40796136856079,2660,1,bajada,-0.006929,-0.006913,2.348533,2.355891,0.000903,25.511103,0.0,0.001,0.0
18.438899993896484,2661,1,bajada,-0.006935,-0.006914,2.349910,2.355307,0.000903,25.511103,0.0,0.0,0.0
18.47117590904236,2662,1,bajada,-0.006931,-0.006913,2.349904,2.355307,0.000903,25.511957,0.0,0.001,0.0
18.517081260681152,2663,1,bajada,-0.006936,-0.006914,2.349904,2.356439,0.000903,25.510309,0.0,0.0,0.0
18.742963075637817,2664,1,bajada,-0.006934,-0.006917,2.349129,2.356833,0.000903,25.510309,0.0,0.001,0.0
18.791684865951538,2665,1,bajada,-0.006934,-0.006915,2.348595,2.356833,0.000903,25.507715,0.0,0.001,0.0
18.82413935661316,2666,1,bajada,-0.006937,-0.006916,2.348595,2.356013,0.000903,25.506922,0.0,0.001,0.0
18.88757824897766,2667,1,bajada,-0.006941,-0.006916,2.349391,2.355211,0.000903,25.506922,0.0,0.001,0.0
18.919411420822144,2668,1,bajada,-0.006938,-0.006915,2.349826,2.355211,0.000904,25.512690,0.0,0.0,0.0
19.10273313522339,2669,1,bajada,-0.006932,-0.006916,2.349826,2.356993,0.000903,25.511103,0.0,0.001,0.0
19.202500820159912,2670,1,bajada,-0.006940,-0.006916,2.349120,2.356862,0.000903,25.511103,0.0,0.001,0.0
19.23575472831726,2671,1,bajada,-0.006930,-0.006915,2.348336,2.356862,0.000903,25.511164,0.0,0.001,0.0
19.269309520721436,2672,1,bajada,-0.006942,-0.006917,2.348336,2.355885,0.000903,25.508051,0.0,0.001,0.0
19.302851915359497,2673,1,bajada,-0.006927,-0.006915,2.349522,2.355256,0.000903,25.508051,0.0,0.001,0.0
19.50361704826355,2674,1,bajada,-0.006941,-0.006917,2.349871,2.355256,0.000903,25.518488,0.0,0.0,0.0
19.553354024887085,2675,1,bajada,-0.006925,-0.006916,2.349871,2.356579,0.000903,25.510248,0.0,0.001,0.0
19.58652138710022,2676,1,bajada,-0.006943,-0.006916,2.349000,2.356925,0.000903,25.510248,0.0,0.001,0.0
19.61953115463257,2677,1,bajada,-0.006923,-0.006916,2.348655,2.356925,0.000903,25.507837,0.0,0.001,0.0
19.653226852416992,2678,1,bajada,-0.006945,-0.006917,2.348655,2.356251,0.000903,25.507410,0.0,0.001,0.0
19.686089515686035,2679,1,bajada,-0.006925,-0.006918,2.349218,2.355298,0.000903,25.507410,0.001,0.0,0.0
19.71998953819275,2680,1,bajada,-0.006945,-0.006916,2.349942,2.355298,0.000903,25.504969,0.0,0.001,0.0
19.768019437789917,2681,1,bajada,-0.006919,-0.006919,2.349942,2.355822,0.000903,25.510859,0.001,0.0,0.0
19.819523334503174,2682,1,bajada,-0.006946,-0.006916,2.349653,2.356880,0.000903,25.510859,0.0,0.0,0.0
19.859617233276367,2683,1,bajada,-0.006916,-0.006915,2.348992,2.356880,0.000903,25.509577,0.0,0.001,0.0
19.952980041503906,2684,1,bajada,-0.006948,-0.006914,2.348992,2.356192,0.000904,25.501307,0.0,0.001,0.0
19.986271858215332,2685,1,bajada,-0.006914,-0.006914,2.348926,2.355658,0.000903,25.501307,0.0,0.001,0.0
