Block,Sample_In_Block,Global_Sample,Voltage_V,Timestamp
1,1,1,0.0170685257,2025-12-04T10:40:07.085947
2,1,2,0.0170731004,2025-12-04T10:40:07.158423
3,1,3,0.01707118,2025-12-04T10:40:07.231282
4,1,4,0.0170714277,2025-12-04T10:40:07.303937
5,1,5,0.0170818902,2025-12-04T10:40:07.346098
6,1,6,0.0170760788,2025-12-04T10:40:07.388840
7,1,7,0.0170714575,2025-12-04T10:40:07.461114
8,1,8,0.0170706678,2025-12-04T10:40:07.534843
9,1,9,0.0170751959,2025-12-04T10:40:07.606568
10,1,10,0.0170685518,2025-12-04T10:40:07.649525
11,1,11,0.0170705914,2025-12-04T10:40:07.691548
12,1,12,0.0170716494,2025-12-04T10:40:07.712122
13,1,13,0.0170701537,2025-12-04T10:40:07.784822
14,1,14,0.0170812346,2025-12-04T10:40:07.857067
15,1,15,0.0170711241,2025-12-04T10:40:07.929957
16,1,16,0.0170725025,2025-12-04T10:40:07.972629
17,1,17,0.017073268,2025-12-04T10:40:08.014963
18,1,18,0.0170707032,2025-12-04T10:40:08.087801
19,1,19,0.017071681,2025-12-04T10:40:08.160428
20,1,20,0.0170716736,2025-12-04T10:40:08.232889
21,1,21,0.0170716457,2025-12-04T10:40:08.275269
22,1,22,0.0170305371,2025-12-04T10:40:08.318164
23,1,23,0.0170831289,2025-12-04T10:40:08.338704
24,1,24,0.0170752629,2025-12-04T10:40:08.411965
25,1,25,0.0170725528,2025-12-04T10:40:08.484574
26,1,26,0.0170711334,2025-12-04T10:40:08.557224
27,1,27,0.0170718524,2025-12-04T10:40:08.599904
28,1,28,0.01707221,2025-12-04T10:40:08.642064
29,1,29,0.0170706901,2025-12-04T10:40:08.714610
30,1,30,0.0170712899,2025-12-04T10:40:08.787580
31,1,31,0.0170910786,2025-12-04T10:40:08.860957
32,1,32,0.0170767642,2025-12-04T10:40:08.902694
33,1,33,0.0170733574,2025-12-04T10:40:08.945364
34,1,34,0.0170725826,2025-12-04T10:40:09.020759
35,1,35,0.0170728974,2025-12-04T10:40:09.093684
36,1,36,0.0170720722,2025-12-04T10:40:09.166063
37,1,37,0.0170700829,2025-12-04T10:40:09.208935
38,1,38,0.0170714948,2025-12-04T10:40:09.250851
39,1,39,0.0170728396,2025-12-04T10:40:09.271040
40,1,40,0.0170945376,2025-12-04T10:40:09.343792
41,1,41,0.0170713253,2025-12-04T10:40:09.416922
42,1,42,0.0170721057,2025-12-04T10:40:09.489535
43,1,43,0.0170663278,2025-12-04T10:40:09.531860
44,1,44,0.0170684494,2025-12-04T10:40:09.574470
45,1,45,0.0170676521,2025-12-04T10:40:09.594836
46,1,46,0.0170686691,2025-12-04T10:40:09.615131
47,1,47,0.0170687492,2025-12-04T10:40:09.635571
48,1,48,0.0170691777,2025-12-04T10:40:09.656914
49,1,49,0.0170721467,2025-12-04T10:40:09.728490
50,1,50,0.0170702636,2025-12-04T10:40:09.801585
51,1,51,0.0170812625,2025-12-04T10:40:09.874309
52,1,52,0.0170745793,2025-12-04T10:40:09.916648
53,1,53,0.017074285,2025-12-04T10:40:09.959286
54,1,54,0.0170734133,2025-12-04T10:40:09.979091
55,1,55,0.0172085966,2025-12-04T10:40:10.051888
56,1,56,0.0172061901,2025-12-04T10:40:10.124860
57,1,57,0.0171977505,2025-12-04T10:40:10.197545
58,1,58,0.0171895977,2025-12-04T10:40:10.240035
59,1,59,0.017165523,2025-12-04T10:40:10.282505
60,1,60,0.0171824302,2025-12-04T10:40:10.355173
61,1,61,0.0171588622,2025-12-04T10:40:10.427936
62,1,62,0.0171474143,2025-12-04T10:40:10.500726
63,1,63,0.0171430986,2025-12-04T10:40:10.573088
64,1,64,0.0171469934,2025-12-04T10:40:10.615874
65,1,65,0.0171481687,2025-12-04T10:40:10.658152
66,1,66,0.0171496272,2025-12-04T10:40:10.730835
67,1,67,0.0171435214,2025-12-04T10:40:10.803857
68,1,68,0.0171463936,2025-12-04T10:40:10.876396
69,1,69,0.0171409305,2025-12-04T10:40:10.918665
70,1,70,0.0171409361,2025-12-04T10:40:10.961489
71,1,71,0.0171387512,2025-12-04T10:40:11.033930
72,1,72,0.0171148981,2025-12-04T10:40:11.106516
73,1,73,0.0170680265,2025-12-04T10:40:11.178822
74,1,74,0.0170668847,2025-12-04T10:40:11.222037
75,1,75,0.0170670635,2025-12-04T10:40:11.264170
76,1,76,0.0170084312,2025-12-04T10:40:11.337458
77,1,77,0.0170682203,2025-12-04T10:40:11.410668
78,1,78,0.017063437,2025-12-04T10:40:11.482942
79,1,79,0.0170649625,2025-12-04T10:40:11.555523
80,1,80,0.0170649774,2025-12-04T10:40:11.598472
81,1,81,0.0170634742,2025-12-04T10:40:11.640760
82,1,82,0.0170607939,2025-12-04T10:40:11.713076
83,1,83,0.0170615073,2025-12-04T10:40:11.785781
84,1,84,0.0170866977,2025-12-04T10:40:11.858512
85,1,85,0.0170692652,2025-12-04T10:40:11.900978
86,1,86,0.0170669276,2025-12-04T10:40:11.943435
87,1,87,0.017065566,2025-12-04T10:40:11.963343
88,1,88,0.0170642677,2025-12-04T10:40:12.036758
89,1,89,0.0170659366,2025-12-04T10:40:12.109569
90,1,90,0.0170601718,2025-12-04T10:40:12.182075
91,1,91,0.0170629732,2025-12-04T10:40:12.224839
92,1,92,0.0170619431,2025-12-04T10:40:12.266825
93,1,93,0.0169727746,2025-12-04T10:40:12.339429
94,1,94,0.0170664731,2025-12-04T10:40:12.412153
95,1,95,0.0170631017,2025-12-04T10:40:12.485084
96,1,96,0.0170627888,2025-12-04T10:40:12.527796
97,1,97,0.0170621629,2025-12-04T10:40:12.570106
98,1,98,0.0170657597,2025-12-04T10:40:12.642694
99,1,99,0.0170638374,2025-12-04T10:40:12.715320
100,1,100,0.0170619133,2025-12-04T10:40:12.787801
101,1,101,0.0170108769,2025-12-04T10:40:12.830734
102,1,102,0.0170756317,2025-12-04T10:40:12.872791
103,1,103,0.0170697588,2025-12-04T10:40:12.893687
104,1,104,0.0170627553,2025-12-04T10:40:12.965660
105,1,105,0.017064616,2025-12-04T10:40:13.038710
106,1,106,0.0170624963,2025-12-04T10:40:13.111061
107,1,107,0.0170619618,2025-12-04T10:40:13.153991
108,1,108,0.0170622002,2025-12-04T10:40:13.195978
109,1,109,0.017063342,2025-12-04T10:40:13.268831
110,1,110,0.0169754996,2025-12-04T10:40:13.341698
111,1,111,0.0170642193,2025-12-04T10:40:13.414502
112,1,112,0.0170632749,2025-12-04T10:40:13.457120
113,1,113,0.0170621406,2025-12-04T10:40:13.499464
114,1,114,0.0170619226,2025-12-04T10:40:13.571596
115,1,115,0.0170599725,2025-12-04T10:40:13.644319
116,1,116,0.0170600321,2025-12-04T10:40:13.717345
117,1,117,0.0170610174,2025-12-04T10:40:13.760418
118,1,118,0.0170613136,2025-12-04T10:40:13.801927
119,1,119,0.0170608889,2025-12-04T10:40:13.821856
120,1,120,0.0170673895,2025-12-04T10:40:13.894806
121,1,121,0.0170610509,2025-12-04T10:40:13.967886
122,1,122,0.0170595645,2025-12-04T10:40:14.040637
123,1,123,0.0170601066,2025-12-04T10:40:14.083134
124,1,124,0.0170599948,2025-12-04T10:40:14.125322
125,1,125,0.0170589666,2025-12-04T10:40:14.198119
126,1,126,0.0170578788,2025-12-04T10:40:14.270630
127,1,127,0.0170128215,2025-12-04T10:40:14.343914
128,1,128,0.0170651767,2025-12-04T10:40:14.386155
129,1,129,0.0170613862,2025-12-04T10:40:14.428055
130,1,130,0.0170616451,2025-12-04T10:40:14.448496
131,1,131,0.0170619934,2025-12-04T10:40:14.520993
132,1,132,0.0170630346,2025-12-04T10:40:14.593684
133,1,133,0.0170604903,2025-12-04T10:40:14.636260
134,1,134,0.0170608218,2025-12-04T10:40:14.678628
135,1,135,0.0170615296,2025-12-04T10:40:14.754456
136,1,136,0.0170621778,2025-12-04T10:40:14.827293
137,1,137,0.0170623213,2025-12-04T10:40:14.900050
138,1,138,0.0170622542,2025-12-04T10:40:14.942815
139,1,139,0.0170641802,2025-12-04T10:40:14.985154
140,1,140,0.017062135,2025-12-04T10:40:15.005372
141,1,141,0.0170605108,2025-12-04T10:40:15.077451
142,1,142,0.0170601513,2025-12-04T10:40:15.150685
143,1,143,0.0170621834,2025-12-04T10:40:15.222991
144,1,144,0.0170565322,2025-12-04T10:40:15.265377
145,1,145,0.017059803,2025-12-04T10:40:15.308241
146,1,146,0.0170627962,2025-12-04T10:40:15.328088
147,1,147,0.017061185,2025-12-04T10:40:15.400720
148,1,148,0.017060738,2025-12-04T10:40:15.473503
149,1,149,0.0170587841,2025-12-04T10:40:15.546600
150,1,150,0.0170601494,2025-12-04T10:40:15.588779
151,1,151,0.0170613229,2025-12-04T10:40:15.631489
152,1,152,0.0170615017,2025-12-04T10:40:15.704265
153,1,153,0.0170618519,2025-12-04T10:40:15.776859
154,1,154,0.0170669239,2025-12-04T10:40:15.849714
155,1,155,0.0170635357,2025-12-04T10:40:15.892079
156,1,156,0.0170617848,2025-12-04T10:40:15.934466
157,1,157,0.0170607045,2025-12-04T10:40:16.006958
158,1,158,0.0170629415,2025-12-04T10:40:16.079971
159,1,159,0.0170591101,2025-12-04T10:40:16.152557
160,1,160,0.0170619115,2025-12-04T10:40:16.225171
161,1,161,0.0170597787,2025-12-04T10:40:16.267711
162,1,162,0.0170612316,2025-12-04T10:40:16.310281
163,1,163,0.0170655287,2025-12-04T10:40:16.382763
164,1,164,0.0170649811,2025-12-04T10:40:16.455458
165,1,165,0.0170617606,2025-12-04T10:40:16.527867
166,1,166,0.0170600619,2025-12-04T10:40:16.570730
167,1,167,0.0170593429,2025-12-04T10:40:16.613082
168,1,168,0.0170622561,2025-12-04T10:40:16.687993
169,1,169,0.0170593205,2025-12-04T10:40:16.760145
170,1,170,0.017060507,2025-12-04T10:40:16.802902
171,1,171,0.0169852413,2025-12-04T10:40:16.844871
172,1,172,0.0170831158,2025-12-04T10:40:16.865063
173,1,173,0.0170622169,2025-12-04T10:40:16.937961
174,1,174,0.0170606449,2025-12-04T10:40:17.010531
175,1,175,0.0170608237,2025-12-04T10:40:17.083314
176,1,176,0.0170633457,2025-12-04T10:40:17.126063
177,1,177,0.0170602221,2025-12-04T10:40:17.168134
178,1,178,0.0170609392,2025-12-04T10:40:17.187874
179,1,179,0.0170611981,2025-12-04T10:40:17.261017
180,1,180,0.0170577969,2025-12-04T10:40:17.334027
181,1,181,0.0170624759,2025-12-04T10:40:17.406662
182,1,182,0.0170601103,2025-12-04T10:40:17.449470
183,1,183,0.0170601662,2025-12-04T10:40:17.491824
184,1,184,0.0170579571,2025-12-04T10:40:17.564634
185,1,185,0.017057076,2025-12-04T10:40:17.636808
186,1,186,0.0170596204,2025-12-04T10:40:17.709740
187,1,187,0.0170598849,2025-12-04T10:40:17.752423
188,1,188,0.0170584209,2025-12-04T10:40:17.794309
189,1,189,0.0171051081,2025-12-04T10:40:17.867566
190,1,190,0.0170594193,2025-12-04T10:40:17.940269
191,1,191,0.017056372,2025-12-04T10:40:18.012478
192,1,192,0.0170550905,2025-12-04T10:40:18.055207
193,1,193,0.017057307,2025-12-04T10:40:18.097720
194,1,194,0.0170582998,2025-12-04T10:40:18.171417
195,1,195,0.0170589834,2025-12-04T10:40:18.243841
196,1,196,0.0170563496,2025-12-04T10:40:18.316661
197,1,197,0.0170577075,2025-12-04T10:40:18.359775
198,1,198,0.0170630775,2025-12-04T10:40:18.401745
199,1,199,0.0170617271,2025-12-04T10:40:18.422062
200,1,200,0.017058948,2025-12-04T10:40:18.494287
201,1,201,0.0170541349,2025-12-04T10:40:18.567448
202,1,202,0.0170555654,2025-12-04T10:40:18.640083
203,1,203,0.0170558374,2025-12-04T10:40:18.682518
204,1,204,0.0170594882,2025-12-04T10:40:18.725272
205,1,205,0.0170595422,2025-12-04T10:40:18.745325
206,1,206,0.0170585718,2025-12-04T10:40:18.819081
207,1,207,0.0170667599,2025-12-04T10:40:18.891233
208,1,208,0.0170602686,2025-12-04T10:40:18.964457
209,1,209,0.0170575268,2025-12-04T10:40:19.036687
210,1,210,0.0170588586,2025-12-04T10:40:19.079487
211,1,211,0.0170585792,2025-12-04T10:40:19.121598
212,1,212,0.017059965,2025-12-04T10:40:19.142371
213,1,213,0.0170593298,2025-12-04T10:40:19.162437
214,1,214,0.0170578379,2025-12-04T10:40:19.183138
215,1,215,0.0170572642,2025-12-04T10:40:19.203501
216,1,216,0.0170565117,2025-12-04T10:40:19.276205
217,1,217,0.0169889256,2025-12-04T10:40:19.349791
218,1,218,0.0170600954,2025-12-04T10:40:19.421640
219,1,219,0.0170582253,2025-12-04T10:40:19.464481
220,1,220,0.0170586463,2025-12-04T10:40:19.506848
221,1,221,0.0170601736,2025-12-04T10:40:19.580098
222,1,222,0.0170576032,2025-12-04T10:40:19.652412
223,1,223,0.0170560628,2025-12-04T10:40:19.724884
224,1,224,0.0170550625,2025-12-04T10:40:19.767274
225,1,225,0.0170568507,2025-12-04T10:40:19.809489
226,1,226,0.0170559473,2025-12-04T10:40:19.829356
227,1,227,0.0170638766,2025-12-04T10:40:19.905164
228,1,228,0.0170598495,2025-12-04T10:40:19.975011
229,1,229,0.0170591138,2025-12-04T10:40:20.047996
230,1,230,0.0170591026,2025-12-04T10:40:20.090646
231,1,231,0.0170551612,2025-12-04T10:40:20.132922
232,1,232,0.0170571301,2025-12-04T10:40:20.205299
233,1,233,0.0170571431,2025-12-04T10:40:20.277976
234,1,234,0.0169881545,2025-12-04T10:40:20.351182
235,1,235,0.0170722268,2025-12-04T10:40:20.393120
236,1,236,0.017060602,2025-12-04T10:40:20.435669
237,1,237,0.0170578993,2025-12-04T10:40:20.509068
238,1,238,0.017056005,2025-12-04T10:40:20.581458
239,1,239,0.0170563571,2025-12-04T10:40:20.654016
240,1,240,0.0170562192,2025-12-04T10:40:20.696546
241,1,241,0.0170562714,2025-12-04T10:40:20.738924
242,1,242,0.0170555487,2025-12-04T10:40:20.811734
243,1,243,0.0170823857,2025-12-04T10:40:20.884401
244,1,244,0.0170569065,2025-12-04T10:40:20.956646
245,1,245,0.0170538946,2025-12-04T10:40:20.999442
246,1,246,0.0170562192,2025-12-04T10:40:21.042466
247,1,247,0.0170541573,2025-12-04T10:40:21.062737
248,1,248,0.0170540064,2025-12-04T10:40:21.138837
249,1,249,0.0170531664,2025-12-04T10:40:21.211641
250,1,250,0.0170525014,2025-12-04T10:40:21.284377
251,1,251,0.0170538201,2025-12-04T10:40:21.326278
252,1,252,0.0170459579,2025-12-04T10:40:21.369174
253,1,253,0.0170573815,2025-12-04T10:40:21.441806
254,1,254,0.0170543994,2025-12-04T10:40:21.514487
255,1,255,0.0170528739,2025-12-04T10:40:21.587688
256,1,256,0.0170528572,2025-12-04T10:40:21.629944
257,1,257,0.017052913,2025-12-04T10:40:21.672225
258,1,258,0.0170518644,2025-12-04T10:40:21.692379
259,1,259,0.0170523226,2025-12-04T10:40:21.764668
260,1,260,0.0170507188,2025-12-04T10:40:21.837394
261,1,261,0.0170617569,2025-12-04T10:40:21.910663
262,1,262,0.0170578882,2025-12-04T10:40:21.953059
263,1,263,0.0170558094,2025-12-04T10:40:21.995271
264,1,264,0.0170536991,2025-12-04T10:40:22.068159
265,1,265,0.017056277,2025-12-04T10:40:22.140680
266,1,266,0.0170553885,2025-12-04T10:40:22.213492
267,1,267,0.0170518681,2025-12-04T10:40:22.255825
268,1,268,0.0170528776,2025-12-04T10:40:22.298265
269,1,269,0.0170895345,2025-12-04T10:40:22.371577
270,1,270,0.0170573107,2025-12-04T10:40:22.444346
271,1,271,0.0170525405,2025-12-04T10:40:22.517102
272,1,272,0.0170565377,2025-12-04T10:40:22.559526
273,1,273,0.0170552711,2025-12-04T10:40:22.601890
274,1,274,0.0170558746,2025-12-04T10:40:22.621727
275,1,275,0.0170549899,2025-12-04T10:40:22.695425
276,1,276,0.0170548763,2025-12-04T10:40:22.768035
277,1,277,0.0170546639,2025-12-04T10:40:22.840705
278,1,278,0.0170587636,2025-12-04T10:40:22.883139
279,1,279,0.0170559715,2025-12-04T10:40:22.925549
280,1,280,0.0170548055,2025-12-04T10:40:22.998417
281,1,281,0.0170519556,2025-12-04T10:40:23.070774
282,1,282,0.0170526821,2025-12-04T10:40:23.143345
283,1,283,0.0170533303,2025-12-04T10:40:23.186057
284,1,284,0.0170559454,2025-12-04T10:40:23.228318
285,1,285,0.01705545,2025-12-04T10:40:23.248775
286,1,286,0.0170534625,2025-12-04T10:40:23.321297
287,1,287,0.017065756,2025-12-04T10:40:23.394147
288,1,288,0.0170547571,2025-12-04T10:40:23.466603
289,1,289,0.0170534085,2025-12-04T10:40:23.508965
290,1,290,0.017052181,2025-12-04T10:40:23.551811
291,1,291,0.0170531012,2025-12-04T10:40:23.624262
292,1,292,0.0170537102,2025-12-04T10:40:23.697281
293,1,293,0.0170523375,2025-12-04T10:40:23.769976
294,1,294,0.0170577913,2025-12-04T10:40:23.812377
295,1,295,0.0170055031,2025-12-04T10:40:23.854617
296,1,296,0.0170600023,2025-12-04T10:40:23.927669
297,1,297,0.0170544739,2025-12-04T10:40:24.000390
298,1,298,0.0170566067,2025-12-04T10:40:24.072867
299,1,299,0.0170539077,2025-12-04T10:40:24.115292
300,1,300,0.0170520283,2025-12-04T10:40:24.158135
301,1,301,0.0170526877,2025-12-04T10:40:24.178437
302,1,302,0.0170515198,2025-12-04T10:40:24.251367
303,1,303,0.0170531794,2025-12-04T10:40:24.324760
304,1,304,0.0169621575,2025-12-04T10:40:24.366589
305,1,305,0.0170648749,2025-12-04T10:40:24.408919
306,1,306,0.0170618854,2025-12-04T10:40:24.428857
307,1,307,0.017055694,2025-12-04T10:40:24.501873
308,1,308,0.017056046,2025-12-04T10:40:24.574852
309,1,309,0.0170533545,2025-12-04T10:40:24.647488
310,1,310,0.0170533731,2025-12-04T10:40:24.690069
311,1,311,0.0170482788,2025-12-04T10:40:24.732357
312,1,312,0.0170431248,2025-12-04T10:40:24.806024
313,1,313,0.0170537922,2025-12-04T10:40:24.878873
314,1,314,0.0170490946,2025-12-04T10:40:24.951237
315,1,315,0.0170482415,2025-12-04T10:40:24.993745
316,1,316,0.0170460045,2025-12-04T10:40:25.036610
317,1,317,0.0170479826,2025-12-04T10:40:25.056869
318,1,318,0.0170493945,2025-12-04T10:40:25.129391
319,1,319,0.0170486159,2025-12-04T10:40:25.201987
320,1,320,0.0170479901,2025-12-04T10:40:25.274693
321,1,321,0.0170483551,2025-12-04T10:40:25.317357
322,1,322,0.0169921964,2025-12-04T10:40:25.359215
323,1,323,0.017047232,2025-12-04T10:40:25.432279
324,1,324,0.0170409753,2025-12-04T10:40:25.504790
325,1,325,0.017050486,2025-12-04T10:40:25.577706
326,1,326,0.017046146,2025-12-04T10:40:25.620385
327,1,327,0.0170354694,2025-12-04T10:40:25.662779
328,1,328,0.0170333217,2025-12-04T10:40:25.683249
329,1,329,0.0170324575,2025-12-04T10:40:25.755031
330,1,330,0.017044615,2025-12-04T10:40:25.828279
331,1,331,0.0170548073,2025-12-04T10:40:25.900557
332,1,332,0.0170510504,2025-12-04T10:40:25.943129
333,1,333,0.0170480683,2025-12-04T10:40:25.985923
334,1,334,0.017045645,2025-12-04T10:40:26.058291
335,1,335,0.017047733,2025-12-04T10:40:26.131355
336,1,336,0.0170501936,2025-12-04T10:40:26.204042
337,1,337,0.0170487966,2025-12-04T10:40:26.246550
338,1,338,0.0170474238,2025-12-04T10:40:26.288455
339,1,339,0.0169926341,2025-12-04T10:40:26.361496
340,1,340,0.0170500855,2025-12-04T10:40:26.434413
341,1,341,0.0170497484,2025-12-04T10:40:26.507235
342,1,342,0.0170477963,2025-12-04T10:40:26.549531
343,1,343,0.0170504543,2025-12-04T10:40:26.591562
344,1,344,0.0170522071,2025-12-04T10:40:26.611932
345,1,345,0.0170484073,2025-12-04T10:40:26.684846
346,1,346,0.017052045,2025-12-04T10:40:26.757887
347,1,347,0.0170510448,2025-12-04T10:40:26.829944
348,1,348,0.0170092936,2025-12-04T10:40:26.872655
349,1,349,0.0170611683,2025-12-04T10:40:26.915109
350,1,350,0.0170531198,2025-12-04T10:40:26.987712
351,1,351,0.0170534271,2025-12-04T10:40:27.060627
352,1,352,0.0170534998,2025-12-04T10:40:27.133417
353,1,353,0.0170525722,2025-12-04T10:40:27.175303
354,1,354,0.017050933,2025-12-04T10:40:27.217891
355,1,355,0.0170507282,2025-12-04T10:40:27.290859
356,1,356,0.0170001629,2025-12-04T10:40:27.363446
357,1,357,0.0170530192,2025-12-04T10:40:27.436012
358,1,358,0.0170541796,2025-12-04T10:40:27.478726
359,1,359,0.0170498136,2025-12-04T10:40:27.520612
360,1,360,0.0170501396,2025-12-04T10:40:27.541049
361,1,361,0.0170491822,2025-12-04T10:40:27.613951
362,1,362,0.0170536749,2025-12-04T10:40:27.686175
363,1,363,0.0170550718,2025-12-04T10:40:27.759017
364,1,364,0.0170488487,2025-12-04T10:40:27.801353
365,1,365,0.0170528627,2025-12-04T10:40:27.843764
366,1,366,0.0170594789,2025-12-04T10:40:27.916456
367,1,367,0.0170510932,2025-12-04T10:40:27.989823
368,1,368,0.0170510038,2025-12-04T10:40:28.062538
369,1,369,0.0170475393,2025-12-04T10:40:28.134728
370,1,370,0.0170499663,2025-12-04T10:40:28.177294
371,1,371,0.0170488692,2025-12-04T10:40:28.219974
372,1,372,0.0170511137,2025-12-04T10:40:28.292578
373,1,373,0.0169967245,2025-12-04T10:40:28.365524
374,1,374,0.017055381,2025-12-04T10:40:28.437635
375,1,375,0.0170566216,2025-12-04T10:40:28.480549
376,1,376,0.0170536767,2025-12-04T10:40:28.523106
377,1,377,0.017053293,2025-12-04T10:40:28.543261
378,1,378,0.0170526336,2025-12-04T10:40:28.563675
379,1,379,0.0170502774,2025-12-04T10:40:28.584224
380,1,380,0.0170491207,2025-12-04T10:40:28.604517
381,1,381,0.017048981,2025-12-04T10:40:28.624552
382,1,382,0.0170524008,2025-12-04T10:40:28.697608
383,1,383,0.0170494671,2025-12-04T10:40:28.770425
384,1,384,0.0170543268,2025-12-04T10:40:28.843115
385,1,385,0.0170603301,2025-12-04T10:40:28.915949
386,1,386,0.0170531459,2025-12-04T10:40:28.988764
387,1,387,0.0170503519,2025-12-04T10:40:29.061273
388,1,388,0.0170498546,2025-12-04T10:40:29.134239
389,1,389,0.0170473027,2025-12-04T10:40:29.206618
390,1,390,0.0170489326,2025-12-04T10:40:29.249257
391,1,391,0.0170492827,2025-12-04T10:40:29.291180
392,1,392,0.0170494057,2025-12-04T10:40:29.311259
393,1,393,0.0170518588,2025-12-04T10:40:29.384512
394,1,394,0.0170493349,2025-12-04T10:40:29.456955
395,1,395,0.0170508977,2025-12-04T10:40:29.530074
396,1,396,0.0170513056,2025-12-04T10:40:29.572877
397,1,397,0.0170515775,2025-12-04T10:40:29.614945
398,1,398,0.0170485898,2025-12-04T10:40:29.687473
399,1,399,0.0170535836,2025-12-04T10:40:29.763587
400,1,400,0.0170535352,2025-12-04T10:40:29.832503
401,1,401,0.0169768966,2025-12-04T10:40:29.874898
402,1,402,0.0170619357,2025-12-04T10:40:29.917552
403,1,403,0.0170456431,2025-12-04T10:40:29.991066
404,1,404,0.0170381423,2025-12-04T10:40:30.063931
405,1,405,0.0170353557,2025-12-04T10:40:30.136831
406,1,406,0.0170396696,2025-12-04T10:40:30.179318
407,1,407,0.017035868,2025-12-04T10:40:30.221903
408,1,408,0.0170348118,2025-12-04T10:40:30.241996
409,1,409,0.0170368123,2025-12-04T10:40:30.315790
410,1,410,0.0170672778,2025-12-04T10:40:30.388423
411,1,411,0.0170383546,2025-12-04T10:40:30.461234
412,1,412,0.0170344449,2025-12-04T10:40:30.503715
413,1,413,0.0170376542,2025-12-04T10:40:30.546030
414,1,414,0.0170222483,2025-12-04T10:40:30.618763
415,1,415,0.0170344971,2025-12-04T10:40:30.691026
416,1,416,0.0170322004,2025-12-04T10:40:30.763908
417,1,417,0.0170346274,2025-12-04T10:40:30.806466
418,1,418,0.0170363318,2025-12-04T10:40:30.849214
419,1,419,0.0170368906,2025-12-04T10:40:30.921914
420,1,420,0.0170372016,2025-12-04T10:40:30.994533
421,1,421,0.0170342233,2025-12-04T10:40:31.067355
422,1,422,0.0170328468,2025-12-04T10:40:31.109690
423,1,423,0.0170312076,2025-12-04T10:40:31.151861
424,1,424,0.0170297808,2025-12-04T10:40:31.224304
425,1,425,0.0170335844,2025-12-04T10:40:31.297562
426,1,426,0.0170279312,2025-12-04T10:40:31.370176
427,1,427,0.0170326903,2025-12-04T10:40:31.412553
428,1,428,0.017032165,2025-12-04T10:40:31.455052
429,1,429,0.017030755,2025-12-04T10:40:31.475093
430,1,430,0.0170323848,2025-12-04T10:40:31.547830
431,1,431,0.01702925,2025-12-04T10:40:31.620559
432,1,432,0.0170326922,2025-12-04T10:40:31.693646
433,1,433,0.0170275866,2025-12-04T10:40:31.735242
434,1,434,0.0170295387,2025-12-04T10:40:31.778199
435,1,435,0.0170284621,2025-12-04T10:40:31.798581
436,1,436,0.0170250199,2025-12-04T10:40:31.870687
437,1,437,0.0170297417,2025-12-04T10:40:31.943909
438,1,438,0.0170290302,2025-12-04T10:40:32.016333
439,1,439,0.0170286595,2025-12-04T10:40:32.058915
440,1,440,0.0170281045,2025-12-04T10:40:32.101049
441,1,441,0.0170308444,2025-12-04T10:40:32.173747
442,1,442,0.0170300472,2025-12-04T10:40:32.246556
443,1,443,0.0170218534,2025-12-04T10:40:32.319512
444,1,444,0.0170287229,2025-12-04T10:40:32.362095
445,1,445,0.0170245114,2025-12-04T10:40:32.404500
446,1,446,0.0170251261,2025-12-04T10:40:32.477324
447,1,447,0.017028585,2025-12-04T10:40:32.550146
448,1,448,0.0170249547,2025-12-04T10:40:32.622367
449,1,449,0.0170730073,2025-12-04T10:40:32.665065
450,1,450,0.0170325115,2025-12-04T10:40:32.707007
451,1,451,0.0170329641,2025-12-04T10:40:32.727036
452,1,452,0.0170279648,2025-12-04T10:40:32.800259
453,1,453,0.017025737,2025-12-04T10:40:32.873093
454,1,454,0.0170276965,2025-12-04T10:40:32.945663
455,1,455,0.017022524,2025-12-04T10:40:32.987696
456,1,456,0.0170256737,2025-12-04T10:40:33.030114
457,1,457,0.0170197021,2025-12-04T10:40:33.102724
458,1,458,0.017055368,2025-12-04T10:40:33.175593
459,1,459,0.0170271322,2025-12-04T10:40:33.248337
460,1,460,0.017023947,2025-12-04T10:40:33.291000
461,1,461,0.0170264113,2025-12-04T10:40:33.333514
462,1,462,0.0170262064,2025-12-04T10:40:33.408983
463,1,463,0.017028898,2025-12-04T10:40:33.481941
464,1,464,0.0170228574,2025-12-04T10:40:33.555015
465,1,465,0.0170267503,2025-12-04T10:40:33.597155
466,1,466,0.0169835183,2025-12-04T10:40:33.639623
467,1,467,0.017002765,2025-12-04T10:40:33.659771
468,1,468,0.0170302186,2025-12-04T10:40:33.732441
469,1,469,0.0170246362,2025-12-04T10:40:33.804809
470,1,470,0.0170245766,2025-12-04T10:40:33.877844
471,1,471,0.0170260891,2025-12-04T10:40:33.920510
472,1,472,0.0170283485,2025-12-04T10:40:33.963007
473,1,473,0.0170308686,2025-12-04T10:40:34.035329
474,1,474,0.0170307811,2025-12-04T10:40:34.107811
475,1,475,0.0170455053,2025-12-04T10:40:34.180862
476,1,476,0.0170356631,2025-12-04T10:40:34.223004
477,1,477,0.0170345753,2025-12-04T10:40:34.265826
478,1,478,0.017031474,2025-12-04T10:40:34.286173
479,1,479,0.0170292761,2025-12-04T10:40:34.358703
480,1,480,0.0170332081,2025-12-04T10:40:34.431502
481,1,481,0.0170302987,2025-12-04T10:40:34.504081
482,1,482,0.0170355383,2025-12-04T10:40:34.546416
483,1,483,0.0170349907,2025-12-04T10:40:34.589450
484,1,484,0.0170655418,2025-12-04T10:40:34.661645
485,1,485,0.0170407481,2025-12-04T10:40:34.734714
486,1,486,0.0170394033,2025-12-04T10:40:34.806758
487,1,487,0.0170422345,2025-12-04T10:40:34.849668
488,1,488,0.0170394852,2025-12-04T10:40:34.892025
489,1,489,0.0170392617,2025-12-04T10:40:34.964867
490,1,490,0.0170365013,2025-12-04T10:40:35.037152
491,1,491,0.0170367714,2025-12-04T10:40:35.110285
492,1,492,0.0170235447,2025-12-04T10:40:35.152610
493,1,493,0.0170377101,2025-12-04T10:40:35.195155
494,1,494,0.017041888,2025-12-04T10:40:35.215531
495,1,495,0.0170377697,2025-12-04T10:40:35.288014
496,1,496,0.0170350205,2025-12-04T10:40:35.360541
497,1,497,0.0170415975,2025-12-04T10:40:35.433498
498,1,498,0.0170372594,2025-12-04T10:40:35.475527
499,1,499,0.0170366987,2025-12-04T10:40:35.517782
500,1,500,0.0170344561,2025-12-04T10:40:35.590720
501,1,501,0.0170492734,2025-12-04T10:40:35.663738
502,1,502,0.0170366838,2025-12-04T10:40:35.736311
503,1,503,0.0170359034,2025-12-04T10:40:35.778872
504,1,504,0.0170328989,2025-12-04T10:40:35.821481
505,1,505,0.0170372314,2025-12-04T10:40:35.893965
506,1,506,0.017041197,2025-12-04T10:40:35.966489
507,1,507,0.0170338954,2025-12-04T10:40:36.039233
508,1,508,0.0170369781,2025-12-04T10:40:36.081796
509,1,509,0.0170388538,2025-12-04T10:40:36.124578
510,1,510,0.0170024931,2025-12-04T10:40:36.145261
511,1,511,0.0170386079,2025-12-04T10:40:36.217935
512,1,512,0.0170368626,2025-12-04T10:40:36.290915
513,1,513,0.0170395337,2025-12-04T10:40:36.363640
514,1,514,0.0170337688,2025-12-04T10:40:36.405773
515,1,515,0.0170355681,2025-12-04T10:40:36.448391
516,1,516,0.0170316025,2025-12-04T10:40:36.521059
517,1,517,0.0170369725,2025-12-04T10:40:36.594034
518,1,518,0.0170465409,2025-12-04T10:40:36.666853
519,1,519,0.017042078,2025-12-04T10:40:36.708919
520,1,520,0.0170386917,2025-12-04T10:40:36.750940
521,1,521,0.0170366093,2025-12-04T10:40:36.770749
522,1,522,0.0170350279,2025-12-04T10:40:36.843882
523,1,523,0.017037196,2025-12-04T10:40:36.916970
524,1,524,0.0170346014,2025-12-04T10:40:36.989333
525,1,525,0.0170360114,2025-12-04T10:40:37.031822
526,1,526,0.0170328188,2025-12-04T10:40:37.074312
527,1,527,0.0169981103,2025-12-04T10:40:37.146872
528,1,528,0.0170408133,2025-12-04T10:40:37.220006
529,1,529,0.0170345846,2025-12-04T10:40:37.292728
530,1,530,0.0170340053,2025-12-04T10:40:37.335006
531,1,531,0.017033305,2025-12-04T10:40:37.377740
532,1,532,0.0170317087,2025-12-04T10:40:37.450299
533,1,533,0.0170299485,2025-12-04T10:40:37.522679
534,1,534,0.0170319471,2025-12-04T10:40:37.595904
535,1,535,0.0170316491,2025-12-04T10:40:37.638549
536,1,536,0.0170698333,2025-12-04T10:40:37.680613
537,1,537,0.0170475132,2025-12-04T10:40:37.700648
538,1,538,0.0170315075,2025-12-04T10:40:37.773123
539,1,539,0.0170304272,2025-12-04T10:40:37.846124
540,1,540,0.0170323699,2025-12-04T10:40:37.918939
541,1,541,0.0170334205,2025-12-04T10:40:37.960964
542,1,542,0.0170329827,2025-12-04T10:40:38.004204
543,1,543,0.0170303974,2025-12-04T10:40:38.076278
544,1,544,0.0169951301,2025-12-04T10:40:38.149218
545,1,545,0.0170428939,2025-12-04T10:40:38.221701
546,1,546,0.017033128,2025-12-04T10:40:38.264592
547,1,547,0.0170284323,2025-12-04T10:40:38.306295
548,1,548,0.0170304365,2025-12-04T10:40:38.379062
549,1,549,0.0170315392,2025-12-04T10:40:38.451811
550,1,550,0.0170283522,2025-12-04T10:40:38.524494
551,1,551,0.017028924,2025-12-04T10:40:38.566828
552,1,552,0.0170275233,2025-12-04T10:40:38.609812
553,1,553,0.0170282796,2025-12-04T10:40:38.630273
554,1,554,0.0170428156,2025-12-04T10:40:38.702450
555,1,555,0.0170289035,2025-12-04T10:40:38.775358
556,1,556,0.0170285664,2025-12-04T10:40:38.848347
557,1,557,0.0170261226,2025-12-04T10:40:38.890261
558,1,558,0.0170279685,2025-12-04T10:40:38.933016
559,1,559,0.0170257166,2025-12-04T10:40:39.005355
560,1,560,0.0170262437,2025-12-04T10:40:39.078367
561,1,561,0.0169912856,2025-12-04T10:40:39.150993
562,1,562,0.0170446354,2025-12-04T10:40:39.193590
563,1,563,0.0170295648,2025-12-04T10:40:39.235955
564,1,564,0.0170245077,2025-12-04T10:40:39.311782
565,1,565,0.0170234758,2025-12-04T10:40:39.384385
566,1,566,0.0170215107,2025-12-04T10:40:39.457265
567,1,567,0.0170242711,2025-12-04T10:40:39.499530
568,1,568,0.0170222278,2025-12-04T10:40:39.541908
569,1,569,0.0170242562,2025-12-04T10:40:39.614256
570,1,570,0.0170470103,2025-12-04T10:40:39.686926
571,1,571,0.017024992,2025-12-04T10:40:39.759683
572,1,572,0.0170249696,2025-12-04T10:40:39.802800
573,1,573,0.0170239247,2025-12-04T10:40:39.853016
574,1,574,0.0170234329,2025-12-04T10:40:39.928932
575,1,575,0.0170245338,2025-12-04T10:40:40.001118
576,1,576,0.0170207731,2025-12-04T10:40:40.074247
577,1,577,0.0170233082,2025-12-04T10:40:40.116247
578,1,578,0.016959222,2025-12-04T10:40:40.158704
579,1,579,0.0170685425,2025-12-04T10:40:40.178519
580,1,580,0.0170241836,2025-12-04T10:40:40.251939
581,1,581,0.0170222427,2025-12-04T10:40:40.324314
582,1,582,0.0170214194,2025-12-04T10:40:40.397071
583,1,583,0.0170179829,2025-12-04T10:40:40.439502
584,1,584,0.0170221254,2025-12-04T10:40:40.481909
585,1,585,0.0170227643,2025-12-04T10:40:40.501823
586,1,586,0.0170240364,2025-12-04T10:40:40.574777
587,1,587,0.0170251596,2025-12-04T10:40:40.647476
588,1,588,0.0170326214,2025-12-04T10:40:40.720358
589,1,589,0.0170295014,2025-12-04T10:40:40.762661
590,1,590,0.0170215982,2025-12-04T10:40:40.805004
591,1,591,0.0170236378,2025-12-04T10:40:40.877724
592,1,592,0.0170278903,2025-12-04T10:40:40.950459
593,1,593,0.0170221813,2025-12-04T10:40:41.023164
594,1,594,0.0170274749,2025-12-04T10:40:41.065597
595,1,595,0.0170263759,2025-12-04T10:40:41.108036
596,1,596,0.0170656833,2025-12-04T10:40:41.180745
597,1,597,0.0170282758,2025-12-04T10:40:41.253710
598,1,598,0.0170247331,2025-12-04T10:40:41.295900
599,1,599,0.017024422,2025-12-04T10:40:41.338357
600,1,600,0.0170242823,2025-12-04T10:40:41.358121
601,1,601,0.0170245692,2025-12-04T10:40:41.377909
602,1,602,0.0170272309,2025-12-04T10:40:41.450400
603,1,603,0.0170227736,2025-12-04T10:40:41.523151
604,1,604,0.0170264635,2025-12-04T10:40:41.595916
605,1,605,0.0170270577,2025-12-04T10:40:41.638346
606,1,606,0.0170613806,2025-12-04T10:40:41.680729
607,1,607,0.0170281808,2025-12-04T10:40:41.753667
608,1,608,0.0170275885,2025-12-04T10:40:41.826158
609,1,609,0.0170255061,2025-12-04T10:40:41.898930
610,1,610,0.0170241463,2025-12-04T10:40:41.941330
611,1,611,0.0170260276,2025-12-04T10:40:41.983770
612,1,612,0.0170260295,2025-12-04T10:40:42.056481
613,1,613,0.0170279294,2025-12-04T10:40:42.129230
614,1,614,0.0170380398,2025-12-04T10:40:42.201762
615,1,615,0.0170310288,2025-12-04T10:40:42.244224
616,1,616,0.0170295536,2025-12-04T10:40:42.286799
617,1,617,0.0170282181,2025-12-04T10:40:42.362417
618,1,618,0.0170258637,2025-12-04T10:40:42.435137
619,1,619,0.0170258488,2025-12-04T10:40:42.507856
620,1,620,0.017027229,2025-12-04T10:40:42.550434
621,1,621,0.0170251969,2025-12-04T10:40:42.592812
622,1,622,0.0170254874,2025-12-04T10:40:42.612727
623,1,623,0.0170320942,2025-12-04T10:40:42.685654
624,1,624,0.0170247908,2025-12-04T10:40:42.758364
625,1,625,0.0170271378,2025-12-04T10:40:42.831184
626,1,626,0.0170244164,2025-12-04T10:40:42.873587
627,1,627,0.0170270111,2025-12-04T10:40:42.915997
628,1,628,0.0170285589,2025-12-04T10:40:42.935770
629,1,629,0.0170248802,2025-12-04T10:40:43.008891
630,1,630,0.0170297008,2025-12-04T10:40:43.081553
631,1,631,0.0170263089,2025-12-04T10:40:43.154211
632,1,632,0.0170282721,2025-12-04T10:40:43.196835
633,1,633,0.0170260909,2025-12-04T10:40:43.239216
634,1,634,0.0170255154,2025-12-04T10:40:43.311925
635,1,635,0.0170357078,2025-12-04T10:40:43.384718
636,1,636,0.0171259418,2025-12-04T10:40:43.457378
637,1,637,0.0171342864,2025-12-04T10:40:43.499769
638,1,638,0.0171295031,2025-12-04T10:40:43.542165
639,1,639,0.0171293262,2025-12-04T10:40:43.614790
640,1,640,0.0171291157,2025-12-04T10:40:43.687833
641,1,641,0.0171284768,2025-12-04T10:40:43.760266
642,1,642,0.0171283036,2025-12-04T10:40:43.802907
643,1,643,0.0171260107,2025-12-04T10:40:43.845182
644,1,644,0.017078733,2025-12-04T10:40:43.865037
645,1,645,0.0171276088,2025-12-04T10:40:43.938005
646,1,646,0.0171251315,2025-12-04T10:40:44.010630
647,1,647,0.0171279739,2025-12-04T10:40:44.083516
648,1,648,0.0171272661,2025-12-04T10:40:44.125976
649,1,649,0.0171258542,2025-12-04T10:40:44.168366
650,1,650,0.0171226412,2025-12-04T10:40:44.241183
651,1,651,0.017122602,2025-12-04T10:40:44.313902
652,1,652,0.0171567592,2025-12-04T10:40:44.386553
653,1,653,0.0171244218,2025-12-04T10:40:44.428925
654,1,654,0.01712122,2025-12-04T10:40:44.471350
655,1,655,0.0171221904,2025-12-04T10:40:44.546194
656,1,656,0.0171212162,2025-12-04T10:40:44.618836
657,1,657,0.0171189289,2025-12-04T10:40:44.691688
658,1,658,0.0171222705,2025-12-04T10:40:44.764296
659,1,659,0.0171186439,2025-12-04T10:40:44.806725
660,1,660,0.0171201173,2025-12-04T10:40:44.849147
661,1,661,0.0171290226,2025-12-04T10:40:44.921828
662,1,662,0.0171221289,2025-12-04T10:40:44.994563
663,1,663,0.0171219948,2025-12-04T10:40:45.067276
664,1,664,0.0171196665,2025-12-04T10:40:45.140031
665,1,665,0.0171185843,2025-12-04T10:40:45.182356
666,1,666,0.0171195957,2025-12-04T10:40:45.224906
667,1,667,0.0171195659,2025-12-04T10:40:45.244764
668,1,668,0.0171179231,2025-12-04T10:40:45.264701
669,1,669,0.0171183142,2025-12-04T10:40:45.284550
670,1,670,0.0171181838,2025-12-04T10:40:45.304471
671,1,671,0.0170631781,2025-12-04T10:40:45.380365
672,1,672,0.0171241611,2025-12-04T10:40:45.453063
673,1,673,0.0171174816,2025-12-04T10:40:45.525705
674,1,674,0.0171192605,2025-12-04T10:40:45.568271
675,1,675,0.0171170178,2025-12-04T10:40:45.610586
676,1,676,0.0171178188,2025-12-04T10:40:45.683325
677,1,677,0.0171176791,2025-12-04T10:40:45.756003
678,1,678,0.017115958,2025-12-04T10:40:45.828730
679,1,679,0.0170598197,2025-12-04T10:40:45.871206
680,1,680,0.0171304903,2025-12-04T10:40:45.913819
681,1,681,0.0171249024,2025-12-04T10:40:45.933602
682,1,682,0.0171191766,2025-12-04T10:40:46.006628
683,1,683,0.0171173233,2025-12-04T10:40:46.079269
684,1,684,0.0171179436,2025-12-04T10:40:46.151997
685,1,685,0.0171156842,2025-12-04T10:40:46.194420
686,1,686,0.0171168316,2025-12-04T10:40:46.236942
687,1,687,0.0171147026,2025-12-04T10:40:46.257050
688,1,688,0.0171128995,2025-12-04T10:40:46.329733
689,1,689,0.0171584747,2025-12-04T10:40:46.402490
690,1,690,0.0171167571,2025-12-04T10:40:46.475209
691,1,691,0.0171161666,2025-12-04T10:40:46.517659
692,1,692,0.0171135365,2025-12-04T10:40:46.560115
693,1,693,0.0171151142,2025-12-04T10:40:46.632681
694,1,694,0.0171152688,2025-12-04T10:40:46.705385
695,1,695,0.0171119533,2025-12-04T10:40:46.778173
696,1,696,0.0171154215,2025-12-04T10:40:46.820574
697,1,697,0.0171140264,2025-12-04T10:40:46.862956
698,1,698,0.0170270428,2025-12-04T10:40:46.882713
699,1,699,0.0171674787,2025-12-04T10:40:46.902781
700,1,700,0.0171245355,2025-12-04T10:40:46.922769
701,1,701,0.0171169936,2025-12-04T10:40:46.942549
702,1,702,0.0171142425,2025-12-04T10:40:46.962433
703,1,703,0.0171135999,2025-12-04T10:40:47.035853
704,1,704,0.0171121656,2025-12-04T10:40:47.108349
705,1,705,0.0171119309,2025-12-04T10:40:47.181127
706,1,706,0.0171107687,2025-12-04T10:40:47.223504
707,1,707,0.0171143449,2025-12-04T10:40:47.266060
708,1,708,0.017111903,2025-12-04T10:40:47.338622
709,1,709,0.0171258505,2025-12-04T10:40:47.411494
710,1,710,0.0171156544,2025-12-04T10:40:47.484113
711,1,711,0.0171124953,2025-12-04T10:40:47.526532
712,1,712,0.0171137209,2025-12-04T10:40:47.569205
713,1,713,0.0171073563,2025-12-04T10:40:47.641794
714,1,714,0.0171103384,2025-12-04T10:40:47.714462
715,1,715,0.017111415,2025-12-04T10:40:47.787104
716,1,716,0.0171098671,2025-12-04T10:40:47.829623
717,1,717,0.017071316,2025-12-04T10:40:47.872132
718,1,718,0.0171134471,2025-12-04T10:40:47.947699
719,1,719,0.0171113926,2025-12-04T10:40:48.020572
720,1,720,0.0171083249,2025-12-04T10:40:48.093251
721,1,721,0.017110629,2025-12-04T10:40:48.135852
722,1,722,0.0171080436,2025-12-04T10:40:48.178055
723,1,723,0.0171091035,2025-12-04T10:40:48.197967
724,1,724,0.0171092171,2025-12-04T10:40:48.270944
725,1,725,0.0171089172,2025-12-04T10:40:48.343734
726,1,726,0.0171211697,2025-12-04T10:40:48.416344
727,1,727,0.017111523,2025-12-04T10:40:48.458867
728,1,728,0.0171117596,2025-12-04T10:40:48.501159
729,1,729,0.0171105731,2025-12-04T10:40:48.521639
730,1,730,0.0171105526,2025-12-04T10:40:48.594098
731,1,731,0.0171114224,2025-12-04T10:40:48.666798
732,1,732,0.0171119384,2025-12-04T10:40:48.739584
733,1,733,0.0171096436,2025-12-04T10:40:48.782089
734,1,734,0.0171093288,2025-12-04T10:40:48.824456
735,1,735,0.0171318259,2025-12-04T10:40:48.897068
736,1,736,0.0171127673,2025-12-04T10:40:48.969933
737,1,737,0.0171056929,2025-12-04T10:40:49.042524
738,1,738,0.0171055961,2025-12-04T10:40:49.085088
739,1,739,0.0170989502,2025-12-04T10:40:49.127380
740,1,740,0.0171032119,2025-12-04T10:40:49.200034
741,1,741,0.0171036403,2025-12-04T10:40:49.272744
742,1,742,0.0171029679,2025-12-04T10:40:49.345530
743,1,743,0.0170437768,2025-12-04T10:40:49.387993
744,1,744,0.0171133521,2025-12-04T10:40:49.430487
745,1,745,0.0171086136,2025-12-04T10:40:49.450372
746,1,746,0.0171034317,2025-12-04T10:40:49.523446
747,1,747,0.0171025153,2025-12-04T10:40:49.613237
748,1,748,0.0171022396,2025-12-04T10:40:49.669079
749,1,749,0.0171015784,2025-12-04T10:40:49.711200
750,1,750,0.0171045344,2025-12-04T10:40:49.753617
751,1,751,0.0171042885,2025-12-04T10:40:49.826300
752,1,752,0.0171375013,2025-12-04T10:40:49.899056
753,1,753,0.0171058475,2025-12-04T10:40:49.971814
754,1,754,0.0171055924,2025-12-04T10:40:50.014143
755,1,755,0.0171075891,2025-12-04T10:40:50.056633
756,1,756,0.0171038806,2025-12-04T10:40:50.131427
757,1,757,0.0171091649,2025-12-04T10:40:50.204115
758,1,758,0.0171051789,2025-12-04T10:40:50.276791
759,1,759,0.0171076189,2025-12-04T10:40:50.319266
760,1,760,0.0171048883,2025-12-04T10:40:50.361682
761,1,761,0.0170474499,2025-12-04T10:40:50.381787
762,1,762,0.0171116106,2025-12-04T10:40:50.454561
763,1,763,0.017103156,2025-12-04T10:40:50.527253
764,1,764,0.0171035416,2025-12-04T10:40:50.599901
765,1,765,0.017103888,2025-12-04T10:40:50.642409
766,1,766,0.0171039402,2025-12-04T10:40:50.684844
767,1,767,0.017105991,2025-12-04T10:40:50.757583
768,1,768,0.0171029716,2025-12-04T10:40:50.830372
769,1,769,0.0171054583,2025-12-04T10:40:50.872697
770,1,770,0.0171111468,2025-12-04T10:40:50.915064
771,1,771,0.0171080287,2025-12-04T10:40:50.935197
772,1,772,0.0171024687,2025-12-04T10:40:51.008052
773,1,773,0.0171036012,2025-12-04T10:40:51.080714
774,1,774,0.0171040557,2025-12-04T10:40:51.153499
775,1,775,0.0171033274,2025-12-04T10:40:51.195938
776,1,776,0.0171036906,2025-12-04T10:40:51.238371
777,1,777,0.0171010885,2025-12-04T10:40:51.258274
778,1,778,0.0171065479,2025-12-04T10:40:51.331247
779,1,779,0.0171242114,2025-12-04T10:40:51.403924
780,1,780,0.0171037837,2025-12-04T10:40:51.476695
781,1,781,0.0171046312,2025-12-04T10:40:51.519110
782,1,782,0.0171018913,2025-12-04T10:40:51.561483
783,1,783,0.0171000584,2025-12-04T10:40:51.634342
784,1,784,0.0171030145,2025-12-04T10:40:51.706949
785,1,785,0.0171043351,2025-12-04T10:40:51.779665
786,1,786,0.0171057824,2025-12-04T10:40:51.822040
787,1,787,0.017104825,2025-12-04T10:40:51.864449
788,1,788,0.01708371,2025-12-04T10:40:51.884353
789,1,789,0.0171063523,2025-12-04T10:40:51.957461
790,1,790,0.0171014461,2025-12-04T10:40:52.030340
791,1,791,0.0170993506,2025-12-04T10:40:52.102926
792,1,792,0.0171008165,2025-12-04T10:40:52.145264
793,1,793,0.0171056669,2025-12-04T10:40:52.187783
794,1,794,0.0170985609,2025-12-04T10:40:52.260349
795,1,795,0.0171025115,2025-12-04T10:40:52.333065
796,1,796,0.0171074531,2025-12-04T10:40:52.405788
797,1,797,0.0171026531,2025-12-04T10:40:52.448321
798,1,798,0.0171037763,2025-12-04T10:40:52.490687
799,1,799,0.0171044319,2025-12-04T10:40:52.565530
800,1,800,0.0171039141,2025-12-04T10:40:52.638116
801,1,801,0.017102411,2025-12-04T10:40:52.710928
802,1,802,0.0171054936,2025-12-04T10:40:52.753247
803,1,803,0.0171003565,2025-12-04T10:40:52.795657
804,1,804,0.0171004049,2025-12-04T10:40:52.815515
805,1,805,0.0170386247,2025-12-04T10:40:52.888611
806,1,806,0.0171034727,2025-12-04T10:40:52.961400
807,1,807,0.0171037707,2025-12-04T10:40:53.034350
808,1,808,0.01709803,2025-12-04T10:40:53.076454
809,1,809,0.0171039551,2025-12-04T10:40:53.118982
810,1,810,0.0171032063,2025-12-04T10:40:53.191670
811,1,811,0.0171014387,2025-12-04T10:40:53.264439
812,1,812,0.0171001739,2025-12-04T10:40:53.337132
813,1,813,0.0170990638,2025-12-04T10:40:53.379594
814,1,814,0.0171280875,2025-12-04T10:40:53.422055
815,1,815,0.0171102974,2025-12-04T10:40:53.442092
816,1,816,0.0171023234,2025-12-04T10:40:53.514794
817,1,817,0.0171052291,2025-12-04T10:40:53.587496
818,1,818,0.0171054974,2025-12-04T10:40:53.660314
819,1,819,0.0171045064,2025-12-04T10:40:53.702763
820,1,820,0.0171015206,2025-12-04T10:40:53.745116
821,1,821,0.0171041507,2025-12-04T10:40:53.817897
822,1,822,0.0170407295,2025-12-04T10:40:53.890530
823,1,823,0.0171048603,2025-12-04T10:40:53.963255
824,1,824,0.0171047467,2025-12-04T10:40:54.005777
825,1,825,0.017102858,2025-12-04T10:40:54.048155
826,1,826,0.0171016398,2025-12-04T10:40:54.120845
827,1,827,0.0171030964,2025-12-04T10:40:54.193640
828,1,828,0.0171075146,2025-12-04T10:40:54.266283
829,1,829,0.0171063393,2025-12-04T10:40:54.308743
830,1,830,0.017104201,2025-12-04T10:40:54.351161
831,1,831,0.0171363335,2025-12-04T10:40:54.423790
832,1,832,0.0171034261,2025-12-04T10:40:54.496551
833,1,833,0.0171023905,2025-12-04T10:40:54.538861
834,1,834,0.017101664,2025-12-04T10:40:54.581382
835,1,835,0.01710161,2025-12-04T10:40:54.601249
836,1,836,0.0171012505,2025-12-04T10:40:54.621374
837,1,837,0.0171019043,2025-12-04T10:40:54.693443
838,1,838,0.0171003714,2025-12-04T10:40:54.766215
839,1,839,0.0171008575,2025-12-04T10:40:54.838974
840,1,840,0.0170993003,2025-12-04T10:40:54.881447
841,1,841,0.0171433053,2025-12-04T10:40:54.923832
842,1,842,0.0171032883,2025-12-04T10:40:54.996558
843,1,843,0.0171023719,2025-12-04T10:40:55.069307
844,1,844,0.0171024147,2025-12-04T10:40:55.141994
845,1,845,0.0171005595,2025-12-04T10:40:55.184377
846,1,846,0.0170983411,2025-12-04T10:40:55.226753
847,1,847,0.0170990042,2025-12-04T10:40:55.299552
848,1,848,0.0171009115,2025-12-04T10:40:55.372291
849,1,849,0.0171089824,2025-12-04T10:40:55.445061
850,1,850,0.0171043835,2025-12-04T10:40:55.487394
851,1,851,0.0171015448,2025-12-04T10:40:55.529848
852,1,852,0.0171007905,2025-12-04T10:40:55.549829
853,1,853,0.017099196,2025-12-04T10:40:55.622672
854,1,854,0.0170996263,2025-12-04T10:40:55.695493
855,1,855,0.0170999951,2025-12-04T10:40:55.737966
856,1,856,0.017099427,2025-12-04T10:40:55.780302
857,1,857,0.0170971248,2025-12-04T10:40:55.800406
858,1,858,0.017097067,2025-12-04T10:40:55.873225
859,1,859,0.0171017907,2025-12-04T10:40:55.945915
860,1,860,0.0171001087,2025-12-04T10:40:56.018631
861,1,861,0.0170959774,2025-12-04T10:40:56.060967
862,1,862,0.017096512,2025-12-04T10:40:56.103646
863,1,863,0.0170978885,2025-12-04T10:40:56.176261
864,1,864,0.0170970913,2025-12-04T10:40:56.248856
865,1,865,0.0170992873,2025-12-04T10:40:56.321730
866,1,866,0.0170976687,2025-12-04T10:40:56.364112
867,1,867,0.017107984,2025-12-04T10:40:56.406555
868,1,868,0.0171076375,2025-12-04T10:40:56.426353
869,1,869,0.0170975662,2025-12-04T10:40:56.499407
870,1,870,0.017100647,2025-12-04T10:40:56.572091
871,1,871,0.0170969422,2025-12-04T10:40:56.644908
872,1,872,0.0170992575,2025-12-04T10:40:56.687280
873,1,873,0.0170941948,2025-12-04T10:40:56.729609
874,1,874,0.0171004328,2025-12-04T10:40:56.802355
875,1,875,0.0170977674,2025-12-04T10:40:56.875026
876,1,876,0.0171020254,2025-12-04T10:40:56.947947
877,1,877,0.0170978065,2025-12-04T10:40:56.990297
878,1,878,0.0170980375,2025-12-04T10:40:57.032759
879,1,879,0.0170978382,2025-12-04T10:40:57.052970
880,1,880,0.0170964282,2025-12-04T10:40:57.125551
881,1,881,0.0170976631,2025-12-04T10:40:57.198399
882,1,882,0.0170941203,2025-12-04T10:40:57.271085
883,1,883,0.0170958265,2025-12-04T10:40:57.313418
884,1,884,0.0170952938,2025-12-04T10:40:57.355929
885,1,885,0.0170984212,2025-12-04T10:40:57.428599
886,1,886,0.0170935001,2025-12-04T10:40:57.501250
887,1,887,0.0170933213,2025-12-04T10:40:57.573984
888,1,888,0.0170919541,2025-12-04T10:40:57.616593
889,1,889,0.0170943029,2025-12-04T10:40:57.658873
890,1,890,0.0170917268,2025-12-04T10:40:57.732582
891,1,891,0.0170923098,2025-12-04T10:40:57.805348
892,1,892,0.0170911774,2025-12-04T10:40:57.878062
893,1,893,0.017095657,2025-12-04T10:40:57.920444
894,1,894,0.0170896761,2025-12-04T10:40:57.962884
895,1,895,0.0170920174,2025-12-04T10:40:57.982804
896,1,896,0.0170977506,2025-12-04T10:40:58.055804
897,1,897,0.0170915331,2025-12-04T10:40:58.128548
898,1,898,0.0170927923,2025-12-04T10:40:58.201309
899,1,899,0.0170941967,2025-12-04T10:40:58.243618
900,1,900,0.0170964002,2025-12-04T10:40:58.286138
901,1,901,0.0170925855,2025-12-04T10:40:58.358813
902,1,902,0.0170987918,2025-12-04T10:40:58.431571
903,1,903,0.0170953124,2025-12-04T10:40:58.504289
904,1,904,0.0170932542,2025-12-04T10:40:58.546648
905,1,905,0.0170937199,2025-12-04T10:40:58.589154
906,1,906,0.0170924663,2025-12-04T10:40:58.661734
907,1,907,0.0170928649,2025-12-04T10:40:58.734483
908,1,908,0.0170928016,2025-12-04T10:40:58.807263
909,1,909,0.0170909408,2025-12-04T10:40:58.849869
910,1,910,0.0170705933,2025-12-04T10:40:58.892154
911,1,911,0.0170932691,2025-12-04T10:40:58.965791
912,1,912,0.0170954354,2025-12-04T10:40:59.038524
913,1,913,0.0170918367,2025-12-04T10:40:59.111274
914,1,914,0.0170935858,2025-12-04T10:40:59.153666
915,1,915,0.0170947574,2025-12-04T10:40:59.196143
916,1,916,0.0170958992,2025-12-04T10:40:59.216433
917,1,917,0.0170932002,2025-12-04T10:40:59.289008
918,1,918,0.0170962195,2025-12-04T10:40:59.361685
919,1,919,0.0171023886,2025-12-04T10:40:59.434483
920,1,920,0.0170971844,2025-12-04T10:40:59.476868
921,1,921,0.0170980449,2025-12-04T10:40:59.554166
922,1,922,0.0170947797,2025-12-04T10:40:59.616468
923,1,923,0.0170948393,2025-12-04T10:40:59.689046
924,1,924,0.0170944929,2025-12-04T10:40:59.731379
925,1,925,0.0170931369,2025-12-04T10:40:59.773894
926,1,926,0.017091237,2025-12-04T10:40:59.793647
927,1,927,0.0170943532,2025-12-04T10:40:59.866836
928,1,928,0.0171022024,2025-12-04T10:40:59.939520
929,1,929,0.0170958358,2025-12-04T10:41:00.012209
930,1,930,0.0170923341,2025-12-04T10:41:00.054517
931,1,931,0.0170969124,2025-12-04T10:41:00.097082
932,1,932,0.0170976892,2025-12-04T10:41:00.116947
933,1,933,0.0170985143,2025-12-04T10:41:00.189955
934,1,934,0.0170953217,2025-12-04T10:41:00.262552
935,1,935,0.017095657,2025-12-04T10:41:00.335301
936,1,936,0.0171332638,2025-12-04T10:41:00.407934
937,1,937,0.0171007793,2025-12-04T10:41:00.450608
938,1,938,0.0170986186,2025-12-04T10:41:00.493014
939,1,939,0.0170974601,2025-12-04T10:41:00.512890
940,1,940,0.0170960817,2025-12-04T10:41:00.533351
941,1,941,0.0170979592,2025-12-04T10:41:00.553301
942,1,942,0.0170978493,2025-12-04T10:41:00.573248
943,1,943,0.0170971937,2025-12-04T10:41:00.646508
944,1,944,0.0170966032,2025-12-04T10:41:00.719214
945,1,945,0.0170947983,2025-12-04T10:41:00.791830
946,1,946,0.0170999839,2025-12-04T10:41:00.834286
947,1,947,0.0170968901,2025-12-04T10:41:00.876866
948,1,948,0.0170964095,2025-12-04T10:41:00.949488
949,1,949,0.0170961525,2025-12-04T10:41:01.022382
950,1,950,0.0170956254,2025-12-04T10:41:01.095093
951,1,951,0.0170941483,2025-12-04T10:41:01.137631
952,1,952,0.0170947313,2025-12-04T10:41:01.180149
953,1,953,0.0170978046,2025-12-04T10:41:01.252706
954,1,954,0.0170928873,2025-12-04T10:41:01.325679
955,1,955,0.0170417651,2025-12-04T10:41:01.398293
956,1,956,0.0171036534,2025-12-04T10:41:01.440481
957,1,957,0.0171007122,2025-12-04T10:41:01.483436
958,1,958,0.0170982144,2025-12-04T10:41:01.503357
959,1,959,0.0170940104,2025-12-04T10:41:01.577065
960,1,960,0.0170969255,2025-12-04T10:41:01.649962
961,1,961,0.0170960258,2025-12-04T10:41:01.722560
962,1,962,0.0170973073,2025-12-04T10:41:01.764831
963,1,963,0.0170966722,2025-12-04T10:41:01.807003
964,1,964,0.0170990042,2025-12-04T10:41:01.882714
965,1,965,0.017102478,2025-12-04T10:41:01.955502
966,1,966,0.0170987807,2025-12-04T10:41:02.028125
967,1,967,0.017099563,2025-12-04T10:41:02.070560
968,1,968,0.0170977711,2025-12-04T10:41:02.112959
969,1,969,0.0170972701,2025-12-04T10:41:02.132827
970,1,970,0.0170937404,2025-12-04T10:41:02.205909
971,1,971,0.0170962493,2025-12-04T10:41:02.278506
972,1,972,0.0170956924,2025-12-04T10:41:02.351352
973,1,973,0.0170495491,2025-12-04T10:41:02.393694
974,1,974,0.0171074606,2025-12-04T10:41:02.436296
975,1,975,0.0170985627,2025-12-04T10:41:02.509005
976,1,976,0.0170961208,2025-12-04T10:41:02.581654
977,1,977,0.0170964393,2025-12-04T10:41:02.654350
978,1,978,0.0170968994,2025-12-04T10:41:02.696721
979,1,979,0.0170990284,2025-12-04T10:41:02.739199
980,1,980,0.0170968715,2025-12-04T10:41:02.759192
981,1,981,0.0170958694,2025-12-04T10:41:02.832173
982,1,982,0.0170135237,2025-12-04T10:41:02.904914
983,1,983,0.0170997921,2025-12-04T10:41:02.978005
984,1,984,0.0170959923,2025-12-04T10:41:03.020105
985,1,985,0.0170965958,2025-12-04T10:41:03.063306
986,1,986,0.0170978177,2025-12-04T10:41:03.135136
987,1,987,0.0170963052,2025-12-04T10:41:03.208384
988,1,988,0.0170969832,2025-12-04T10:41:03.280588
989,1,989,0.0170965865,2025-12-04T10:41:03.323527
990,1,990,0.0170977767,2025-12-04T10:41:03.365835
991,1,991,0.0171123743,2025-12-04T10:41:03.438649
992,1,992,0.0170960463,2025-12-04T10:41:03.511386
993,1,993,0.0170950032,2025-12-04T10:41:03.583459
994,1,994,0.0170950759,2025-12-04T10:41:03.626227
995,1,995,0.0170933473,2025-12-04T10:41:03.668502
996,1,996,0.0170947853,2025-12-04T10:41:03.688916
997,1,997,0.0170943103,2025-12-04T10:41:03.761484
998,1,998,0.0170926712,2025-12-04T10:41:03.834156
999,1,999,0.017011268,2025-12-04T10:41:03.907223
1000,1,1000,0.017106112,2025-12-04T10:41:03.949490
1001,1,1001,0.0171000082,2025-12-04T10:41:03.992004
1002,1,1002,0.0170954912,2025-12-04T10:41:04.065925
1003,1,1003,0.0170944072,2025-12-04T10:41:04.138082
1004,1,1004,0.0170938633,2025-12-04T10:41:04.211285
1005,1,1005,0.0170948076,2025-12-04T10:41:04.253539
1006,1,1006,0.0170937739,2025-12-04T10:41:04.296222
1007,1,1007,0.0170933008,2025-12-04T10:41:04.316231
1008,1,1008,0.0170946847,2025-12-04T10:41:04.388990
1009,1,1009,0.0171019788,2025-12-04T10:41:04.461549
1010,1,1010,0.0170954521,2025-12-04T10:41:04.534253
1011,1,1011,0.0170978754,2025-12-04T10:41:04.576858
1012,1,1012,0.017095467,2025-12-04T10:41:04.618890
1013,1,1013,0.0170944184,2025-12-04T10:41:04.691580
1014,1,1014,0.0170907303,2025-12-04T10:41:04.764590
1015,1,1015,0.0170918144,2025-12-04T10:41:04.837411
1016,1,1016,0.0170915797,2025-12-04T10:41:04.879668
1017,1,1017,0.0170830432,2025-12-04T10:41:04.922369
1018,1,1018,0.0170954316,2025-12-04T10:41:04.994477
1019,1,1019,0.0170938856,2025-12-04T10:41:05.067236
1020,1,1020,0.017092755,2025-12-04T10:41:05.139840
1021,1,1021,0.0170912928,2025-12-04T10:41:05.182290
1022,1,1022,0.0170943327,2025-12-04T10:41:05.224860
1023,1,1023,0.0170941743,2025-12-04T10:41:05.298621
1024,1,1024,0.0170925389,2025-12-04T10:41:05.371211
1025,1,1025,0.017134441,2025-12-04T10:41:05.443984
1026,1,1026,0.0171009004,2025-12-04T10:41:05.486648
1027,1,1027,0.0170951336,2025-12-04T10:41:05.529241
1028,1,1028,0.0170946009,2025-12-04T10:41:05.549222
1029,1,1029,0.0170943867,2025-12-04T10:41:05.622116
1030,1,1030,0.0170926041,2025-12-04T10:41:05.694686
1031,1,1031,0.0170899108,2025-12-04T10:41:05.767506
1032,1,1032,0.0170891564,2025-12-04T10:41:05.810125
1033,1,1033,0.0170890539,2025-12-04T10:41:05.851985
1034,1,1034,0.0170476343,2025-12-04T10:41:05.924769
1035,1,1035,0.0171004422,2025-12-04T10:41:05.997878
1036,1,1036,0.0170943047,2025-12-04T10:41:06.070141
1037,1,1037,0.0170948151,2025-12-04T10:41:06.112630
1038,1,1038,0.0170944537,2025-12-04T10:41:06.155052
1039,1,1039,0.0170926954,2025-12-04T10:41:06.174907
1040,1,1040,0.017091142,2025-12-04T10:41:06.248331
1041,1,1041,0.0170930698,2025-12-04T10:41:06.321842
1042,1,1042,0.0170918181,2025-12-04T10:41:06.393399
1043,1,1043,0.0170594379,2025-12-04T10:41:06.435660
1044,1,1044,0.017110927,2025-12-04T10:41:06.478133
1045,1,1045,0.0170959495,2025-12-04T10:41:06.551280
1046,1,1046,0.0170930847,2025-12-04T10:41:06.624258
1047,1,1047,0.0170916933,2025-12-04T10:41:06.696627
1048,1,1048,0.0170897319,2025-12-04T10:41:06.739195
1049,1,1049,0.0170889683,2025-12-04T10:41:06.783011
1050,1,1050,0.0170905999,2025-12-04T10:41:06.854355
1051,1,1051,0.0170503053,2025-12-04T10:41:06.926519
1052,1,1052,0.0171003472,2025-12-04T10:41:06.999299
1053,1,1053,0.0170940402,2025-12-04T10:41:07.041994
1054,1,1054,0.0170937795,2025-12-04T10:41:07.084442
1055,1,1055,0.0170938819,2025-12-04T10:41:07.104915
1056,1,1056,0.0170916877,2025-12-04T10:41:07.176977
1057,1,1057,0.0170905068,2025-12-04T10:41:07.250195
1058,1,1058,0.0170902125,2025-12-04T10:41:07.322976
1059,1,1059,0.0170897692,2025-12-04T10:41:07.365332
1060,1,1060,0.0170328766,2025-12-04T10:41:07.407922
1061,1,1061,0.0171014945,2025-12-04T10:41:07.480549
1062,1,1062,0.0170912984,2025-12-04T10:41:07.553619
1063,1,1063,0.0170884337,2025-12-04T10:41:07.626057
1064,1,1064,0.0170905403,2025-12-04T10:41:07.668587
1065,1,1065,0.0170895587,2025-12-04T10:41:07.710940
1066,1,1066,0.0170902255,2025-12-04T10:41:07.730879
1067,1,1067,0.017091142,2025-12-04T10:41:07.803870
1068,1,1068,0.0170878414,2025-12-04T10:41:07.876064
1069,1,1069,0.0171073991,2025-12-04T10:41:07.948773
1070,1,1070,0.0170941259,2025-12-04T10:41:07.991683
1071,1,1071,0.0170902758,2025-12-04T10:41:08.034055
1072,1,1072,0.0170881971,2025-12-04T10:41:08.106842
1073,1,1073,0.0170899741,2025-12-04T10:41:08.179513
1074,1,1074,0.0170889664,2025-12-04T10:41:08.252309
1075,1,1075,0.0170875191,2025-12-04T10:41:08.294500
1076,1,1076,0.0170888975,2025-12-04T10:41:08.336538
1077,1,1077,0.0170886963,2025-12-04T10:41:08.356393
1078,1,1078,0.0171314328,2025-12-04T10:41:08.429404
1079,1,1079,0.017087873,2025-12-04T10:41:08.502087
1080,1,1080,0.0170876253,2025-12-04T10:41:08.574938
1081,1,1081,0.0170887224,2025-12-04T10:41:08.617640
1082,1,1082,0.0170863196,2025-12-04T10:41:08.660224
1083,1,1083,0.0170856993,2025-12-04T10:41:08.732489
1084,1,1084,0.0170843098,2025-12-04T10:41:08.805265
1085,1,1085,0.0170859266,2025-12-04T10:41:08.878461
1086,1,1086,0.0170732345,2025-12-04T10:41:08.920870
1087,1,1087,0.0170888416,2025-12-04T10:41:08.963428
1088,1,1088,0.0170876644,2025-12-04T10:41:09.035789
1089,1,1089,0.0170860253,2025-12-04T10:41:09.108315
1090,1,1090,0.017086219,2025-12-04T10:41:09.181388
1091,1,1091,0.0170874912,2025-12-04T10:41:09.223962
1092,1,1092,0.0170884188,2025-12-04T10:41:09.265809
1093,1,1093,0.0170860327,2025-12-04T10:41:09.286056
1094,1,1094,0.0170874893,2025-12-04T10:41:09.358958
1095,1,1095,0.0170875117,2025-12-04T10:41:09.431606
1096,1,1096,0.0170925073,2025-12-04T10:41:09.505251
1097,1,1097,0.0170890688,2025-12-04T10:41:09.547133
1098,1,1098,0.0170857962,2025-12-04T10:41:09.589383
1099,1,1099,0.0170873086,2025-12-04T10:41:09.662159
1100,1,1100,0.0170856062,2025-12-04T10:41:09.734840
1101,1,1101,0.0170839559,2025-12-04T10:41:09.807292
1102,1,1102,0.0170861165,2025-12-04T10:41:09.850085
1103,1,1103,0.0170865952,2025-12-04T10:41:09.892072
1104,1,1104,0.0170789696,2025-12-04T10:41:09.964974
1105,1,1105,0.0170860756,2025-12-04T10:41:10.037960
1106,1,1106,0.0170869138,2025-12-04T10:41:10.110125
1107,1,1107,0.0170847214,2025-12-04T10:41:10.152927
1108,1,1108,0.0170833468,2025-12-04T10:41:10.195401
1109,1,1109,0.0170874129,2025-12-04T10:41:10.268118
1110,1,1110,0.0170891098,2025-12-04T10:41:10.340791
1111,1,1111,0.0170863345,2025-12-04T10:41:10.413184
1112,1,1112,0.0170740336,2025-12-04T10:41:10.456001
1113,1,1113,0.0170850791,2025-12-04T10:41:10.497949
1114,1,1114,0.017085405,2025-12-04T10:41:10.517736
1115,1,1115,0.0170850586,2025-12-04T10:41:10.590891
1116,1,1116,0.0170876048,2025-12-04T10:41:10.663605
1117,1,1117,0.0170875526,2025-12-04T10:41:10.736202
1118,1,1118,0.0170880928,2025-12-04T10:41:10.778743
1119,1,1119,0.0170840919,2025-12-04T10:41:10.821340
1120,1,1120,0.017081784,2025-12-04T10:41:10.893889
1121,1,1121,0.0170788206,2025-12-04T10:41:10.966730
1122,1,1122,0.017082354,2025-12-04T10:41:11.039487
1123,1,1123,0.0170817766,2025-12-04T10:41:11.081797
1124,1,1124,0.0170812197,2025-12-04T10:41:11.124840
1125,1,1125,0.0170810166,2025-12-04T10:41:11.197816
1126,1,1126,0.017079154,2025-12-04T10:41:11.270190
1127,1,1127,0.0170827042,2025-12-04T10:41:11.342644
1128,1,1128,0.0170816723,2025-12-04T10:41:11.384757
1129,1,1129,0.0170832034,2025-12-04T10:41:11.427446
1130,1,1130,0.0170833859,2025-12-04T10:41:11.447632
1131,1,1131,0.0170821063,2025-12-04T10:41:11.519999
1132,1,1132,0.017084686,2025-12-04T10:41:11.593294
1133,1,1133,0.0170858055,2025-12-04T10:41:11.665636
1134,1,1134,0.0170821212,2025-12-04T10:41:11.708064
1135,1,1135,0.0170816145,2025-12-04T10:41:11.750374
1136,1,1136,0.0170808658,2025-12-04T10:41:11.823240
1137,1,1137,0.0170786902,2025-12-04T10:41:11.895779
1138,1,1138,0.017076306,2025-12-04T10:41:11.968375
1139,1,1139,0.0170810148,2025-12-04T10:41:12.011256
1140,1,1140,0.0170814059,2025-12-04T10:41:12.053851
1141,1,1141,0.0170810986,2025-12-04T10:41:12.129330
1142,1,1142,0.0170844811,2025-12-04T10:41:12.202422
1143,1,1143,0.0170840695,2025-12-04T10:41:12.275037
1144,1,1144,0.0170839186,2025-12-04T10:41:12.317101
1145,1,1145,0.0170784685,2025-12-04T10:41:12.359488
1146,1,1146,0.0170771013,2025-12-04T10:41:12.379803
1147,1,1147,0.0170795917,2025-12-04T10:41:12.452494
1148,1,1148,0.0170799661,2025-12-04T10:41:12.525199
1149,1,1149,0.0170817971,2025-12-04T10:41:12.597901
1150,1,1150,0.0170828402,2025-12-04T10:41:12.640629
1151,1,1151,0.0170839149,2025-12-04T10:41:12.682938
1152,1,1152,0.0170839745,2025-12-04T10:41:12.755762
1153,1,1153,0.0170827452,2025-12-04T10:41:12.828666
1154,1,1154,0.0170896127,2025-12-04T10:41:12.901176
1155,1,1155,0.0170844458,2025-12-04T10:41:12.943528
1156,1,1156,0.0170822385,2025-12-04T10:41:12.986060
1157,1,1157,0.0170818883,2025-12-04T10:41:13.062731
1158,1,1158,0.0170829705,2025-12-04T10:41:13.135063
1159,1,1159,0.0170818679,2025-12-04T10:41:13.208176
1160,1,1160,0.0170830227,2025-12-04T10:41:13.250284
1161,1,1161,0.0170826483,2025-12-04T10:41:13.292688
1162,1,1162,0.0170823298,2025-12-04T10:41:13.312843
1163,1,1163,0.0171351954,2025-12-04T10:41:13.385954
1164,1,1164,0.0170857682,2025-12-04T10:41:13.458578
1165,1,1165,0.017082924,2025-12-04T10:41:13.531028
1166,1,1166,0.0170807857,2025-12-04T10:41:13.573867
1167,1,1167,0.0170801356,2025-12-04T10:41:13.615792
1168,1,1168,0.0170797985,2025-12-04T10:41:13.688942
1169,1,1169,0.0170800667,2025-12-04T10:41:13.761597
1170,1,1170,0.0170803442,2025-12-04T10:41:13.834505
1171,1,1171,0.0170318819,2025-12-04T10:41:13.876820
1172,1,1172,0.0170947313,2025-12-04T10:41:13.919371
1173,1,1173,0.0170828476,2025-12-04T10:41:13.994625
1174,1,1174,0.0170823242,2025-12-04T10:41:14.067777
1175,1,1175,0.0170813817,2025-12-04T10:41:14.140491
1176,1,1176,0.0170810725,2025-12-04T10:41:14.182902
1177,1,1177,0.0170795787,2025-12-04T10:41:14.224879
1178,1,1178,0.0170780532,2025-12-04T10:41:14.244776
1179,1,1179,0.0170805491,2025-12-04T10:41:14.318244
1180,1,1180,0.0171154085,2025-12-04T10:41:14.390961
1181,1,1181,0.0170833189,2025-12-04T10:41:14.463289
1182,1,1182,0.0170824248,2025-12-04T10:41:14.506094
1183,1,1183,0.0170838981,2025-12-04T10:41:14.548121
1184,1,1184,0.0170817114,2025-12-04T10:41:14.620715
1185,1,1185,0.017082693,2025-12-04T10:41:14.693878
1186,1,1186,0.0170814618,2025-12-04T10:41:14.766621
1187,1,1187,0.0170802641,2025-12-04T10:41:14.809169
1188,1,1188,0.0170791335,2025-12-04T10:41:14.851400
1189,1,1189,0.0170102231,2025-12-04T10:41:14.871624
1190,1,1190,0.017086165,2025-12-04T10:41:14.944097
1191,1,1191,0.0170810408,2025-12-04T10:41:15.017106
1192,1,1192,0.0170782171,2025-12-04T10:41:15.090140
1193,1,1193,0.0170801691,2025-12-04T10:41:15.132238
1194,1,1194,0.0170810148,2025-12-04T10:41:15.174702
1195,1,1195,0.0170793645,2025-12-04T10:41:15.246983
1196,1,1196,0.0170811116,2025-12-04T10:41:15.320178
1197,1,1197,0.0171277225,2025-12-04T10:41:15.392653
1198,1,1198,0.017087616,2025-12-04T10:41:15.434890
1199,1,1199,0.0170824229,2025-12-04T10:41:15.477326
1200,1,1200,0.0170803517,2025-12-04T10:41:15.550333
1201,1,1201,0.0170783512,2025-12-04T10:41:15.623006
1202,1,1202,0.0170766375,2025-12-04T10:41:15.695501
1203,1,1203,0.0170744564,2025-12-04T10:41:15.738303
1204,1,1204,0.0170777458,2025-12-04T10:41:15.780273
1205,1,1205,0.0170761477,2025-12-04T10:41:15.800100
1206,1,1206,0.0170030202,2025-12-04T10:41:15.873094
1207,1,1207,0.0170802008,2025-12-04T10:41:15.946039
1208,1,1208,0.0170780345,2025-12-04T10:41:16.018511
1209,1,1209,0.0170781649,2025-12-04T10:41:16.060903
1210,1,1210,0.0170770399,2025-12-04T10:41:16.103417
1211,1,1211,0.0170775875,2025-12-04T10:41:16.177183
1212,1,1212,0.0170771386,2025-12-04T10:41:16.250149
1213,1,1213,0.0170762185,2025-12-04T10:41:16.323022
1214,1,1214,0.0170107576,2025-12-04T10:41:16.365333
1215,1,1215,0.0170891396,2025-12-04T10:41:16.408117
1216,1,1216,0.0170856881,2025-12-04T10:41:16.428085
1217,1,1217,0.0170769244,2025-12-04T10:41:16.501493
1218,1,1218,0.017074937,2025-12-04T10:41:16.574475
1219,1,1219,0.01707617,2025-12-04T10:41:16.646855
1220,1,1220,0.0170776955,2025-12-04T10:41:16.689770
1221,1,1221,0.0170742701,2025-12-04T10:41:16.731743
1222,1,1222,0.0170737821,2025-12-04T10:41:16.752238
1223,1,1223,0.0170737747,2025-12-04T10:41:16.772323
1224,1,1224,0.0170750804,2025-12-04T10:41:16.792421
1225,1,1225,0.0170744135,2025-12-04T10:41:16.813206
1226,1,1226,0.0170760788,2025-12-04T10:41:16.833156
1227,1,1227,0.0170936528,2025-12-04T10:41:16.906530
1228,1,1228,0.0170789863,2025-12-04T10:41:16.979389
1229,1,1229,0.0170778986,2025-12-04T10:41:17.022002
1230,1,1230,0.0170783065,2025-12-04T10:41:17.063994
1231,1,1231,0.0170799717,2025-12-04T10:41:17.083855
1232,1,1232,0.0170776024,2025-12-04T10:41:17.156944
1233,1,1233,0.0170775055,2025-12-04T10:41:17.229877
1234,1,1234,0.0170774683,2025-12-04T10:41:17.302895
1235,1,1235,0.017077228,2025-12-04T10:41:17.344782
1236,1,1236,0.017088335,2025-12-04T10:41:17.396063
1237,1,1237,0.0170805566,2025-12-04T10:41:17.460292
1238,1,1238,0.0170749984,2025-12-04T10:41:17.533205
1239,1,1239,0.0170748364,2025-12-04T10:41:17.575345
1240,1,1240,0.017075235,2025-12-04T10:41:17.618015
1241,1,1241,0.0170756224,2025-12-04T10:41:17.638375
1242,1,1242,0.0170755591,2025-12-04T10:41:17.658957
1243,1,1243,0.0170802045,2025-12-04T10:41:17.731614
1244,1,1244,0.0170784518,2025-12-04T10:41:17.805550
1245,1,1245,0.0169871449,2025-12-04T10:41:17.877354
1246,1,1246,0.0170897431,2025-12-04T10:41:17.919853
1247,1,1247,0.0170819051,2025-12-04T10:41:17.962523
1248,1,1248,0.0170756131,2025-12-04T10:41:18.034682
1249,1,1249,0.0170746687,2025-12-04T10:41:18.107315
1250,1,1250,0.0170750208,2025-12-04T10:41:18.180091
1251,1,1251,0.0170746576,2025-12-04T10:41:18.222511
1252,1,1252,0.0170712005,2025-12-04T10:41:18.265042
1253,1,1253,0.0170747023,2025-12-04T10:41:18.285497
1254,1,1254,0.0170751903,2025-12-04T10:41:18.357879
1255,1,1255,0.0170796532,2025-12-04T10:41:18.430563
1256,1,1256,0.0170743707,2025-12-04T10:41:18.503392
1257,1,1257,0.017077025,2025-12-04T10:41:18.546204
1258,1,1258,0.0170770119,2025-12-04T10:41:18.588567
1259,1,1259,0.0170733295,2025-12-04T10:41:18.660838
1260,1,1260,0.0170704573,2025-12-04T10:41:18.733423
1261,1,1261,0.0170729178,2025-12-04T10:41:18.775934
1262,1,1262,0.0170726813,2025-12-04T10:41:18.818888
1263,1,1263,0.0171019136,2025-12-04T10:41:18.892388
1264,1,1264,0.0170733481,2025-12-04T10:41:18.965019
1265,1,1265,0.0170728471,2025-12-04T10:41:19.037975
1266,1,1266,0.0170692075,2025-12-04T10:41:19.110244
1267,1,1267,0.0170710105,2025-12-04T10:41:19.183465
1268,1,1268,0.0170712731,2025-12-04T10:41:19.225776
1269,1,1269,0.0170700661,2025-12-04T10:41:19.268426
1270,1,1270,0.0170693229,2025-12-04T10:41:19.288828
1271,1,1271,0.0170686747,2025-12-04T10:41:19.309331
1272,1,1272,0.0170682594,2025-12-04T10:41:19.329275
1273,1,1273,0.0170673541,2025-12-04T10:41:19.349308
1274,1,1274,0.0170711837,2025-12-04T10:41:19.422864
1275,1,1275,0.0170704238,2025-12-04T10:41:19.495765
1276,1,1276,0.0170707888,2025-12-04T10:41:19.568221
1277,1,1277,0.0170712843,2025-12-04T10:41:19.610781
1278,1,1278,0.0170723926,2025-12-04T10:41:19.653478
1279,1,1279,0.01706836,2025-12-04T10:41:19.725599
1280,1,1280,0.0170712694,2025-12-04T10:41:19.798349
1281,1,1281,0.0170174054,2025-12-04T10:41:19.871048
1282,1,1282,0.0170800201,2025-12-04T10:41:19.913205
1283,1,1283,0.0170729123,2025-12-04T10:41:19.956064
1284,1,1284,0.0170704964,2025-12-04T10:41:19.975965
1285,1,1285,0.017070109,2025-12-04T10:41:20.048565
1286,1,1286,0.0170704144,2025-12-04T10:41:20.121587
1287,1,1287,0.0170669555,2025-12-04T10:41:20.194393
1288,1,1288,0.0170697569,2025-12-04T10:41:20.236839
1289,1,1289,0.0170693546,2025-12-04T10:41:20.279233
1290,1,1290,0.0170670934,2025-12-04T10:41:20.351922
1291,1,1291,0.0170752778,2025-12-04T10:41:20.424628
1292,1,1292,0.0170719195,2025-12-04T10:41:20.497176
1293,1,1293,0.0170691087,2025-12-04T10:41:20.539943
1294,1,1294,0.0170676764,2025-12-04T10:41:20.582210
1295,1,1295,0.0170679297,2025-12-04T10:41:20.658189
1296,1,1296,0.0170682109,2025-12-04T10:41:20.730639
1297,1,1297,0.0170667245,2025-12-04T10:41:20.803488
1298,1,1298,0.0170682296,2025-12-04T10:41:20.845658
1299,1,1299,0.0170681457,2025-12-04T10:41:20.888193
1300,1,1300,0.0170775465,2025-12-04T10:41:20.908696
1301,1,1301,0.0170694608,2025-12-04T10:41:20.980732
1302,1,1302,0.017070014,2025-12-04T10:41:21.053445
1303,1,1303,0.0170710943,2025-12-04T10:41:21.126062
1304,1,1304,0.0170679595,2025-12-04T10:41:21.198920
1305,1,1305,0.0170668568,2025-12-04T10:41:21.241466
1306,1,1306,0.0170668531,2025-12-04T10:41:21.283815
1307,1,1307,0.0170670934,2025-12-04T10:41:21.303648
1308,1,1308,0.0170659385,2025-12-04T10:41:21.323564
1309,1,1309,0.0170653276,2025-12-04T10:41:21.343455
1310,1,1310,0.0170638617,2025-12-04T10:41:21.363392
1311,1,1311,0.0170688144,2025-12-04T10:41:21.436794
1312,1,1312,0.01706619,2025-12-04T10:41:21.509387
1313,1,1313,0.0170665178,2025-12-04T10:41:21.582206
1314,1,1314,0.0170663129,2025-12-04T10:41:21.624021
1315,1,1315,0.017067613,2025-12-04T10:41:21.666852
1316,1,1316,0.0170680973,2025-12-04T10:41:21.741154
1317,1,1317,0.0170656256,2025-12-04T10:41:21.812968
1318,1,1318,0.0170097704,2025-12-04T10:41:21.886273
1319,1,1319,0.0170720051,2025-12-04T10:41:21.928744
1320,1,1320,0.0170684792,2025-12-04T10:41:21.970936
1321,1,1321,0.0170669369,2025-12-04T10:41:21.991365
1322,1,1322,0.0170623864,2025-12-04T10:41:22.063889
1323,1,1323,0.0170650929,2025-12-04T10:41:22.136139
1324,1,1324,0.0170659925,2025-12-04T10:41:22.209238
1325,1,1325,0.0170679148,2025-12-04T10:41:22.251613
1326,1,1326,0.0170655194,2025-12-04T10:41:22.294576
1327,1,1327,0.0170658249,2025-12-04T10:41:22.366626
1328,1,1328,0.0170668251,2025-12-04T10:41:22.439548
1329,1,1329,0.0170636475,2025-12-04T10:41:22.511917
1330,1,1330,0.017064562,2025-12-04T10:41:22.554826
1331,1,1331,0.0170638188,2025-12-04T10:41:22.596730
1332,1,1332,0.0170636773,2025-12-04T10:41:22.617007
1333,1,1333,0.0170619841,2025-12-04T10:41:22.690066
1334,1,1334,0.0170643329,2025-12-04T10:41:22.762409
1335,1,1335,0.017060291,2025-12-04T10:41:22.835706
1336,1,1336,0.0170113276,2025-12-04T10:41:22.878443
1337,1,1337,0.0170724391,2025-12-04T10:41:22.920236
1338,1,1338,0.0170622095,2025-12-04T10:41:22.993026
1339,1,1339,0.0170606765,2025-12-04T10:41:23.065683
1340,1,1340,0.0170604754,2025-12-04T10:41:23.138102
1341,1,1341,0.017059531,2025-12-04T10:41:23.180638
1342,1,1342,0.0170604512,2025-12-04T10:41:23.223004
1343,1,1343,0.0170616451,2025-12-04T10:41:23.295662
1344,1,1344,0.0170598849,2025-12-04T10:41:23.368917
1345,1,1345,0.0170650128,2025-12-04T10:41:23.441427
1346,1,1346,0.0170617271,2025-12-04T10:41:23.484138
1347,1,1347,0.017059803,2025-12-04T10:41:23.526328
1348,1,1348,0.0170606207,2025-12-04T10:41:23.546304
1349,1,1349,0.0170600526,2025-12-04T10:41:23.619142
1350,1,1350,0.0170588027,2025-12-04T10:41:23.691920
1351,1,1351,0.0170584041,2025-12-04T10:41:23.764318
1352,1,1352,0.0170565322,2025-12-04T10:41:23.837305
1353,1,1353,0.0170064009,2025-12-04T10:41:23.879399
1354,1,1354,0.0170597918,2025-12-04T10:41:23.922358
1355,1,1355,0.0170552432,2025-12-04T10:41:23.994695
1356,1,1356,0.017054297,2025-12-04T10:41:24.067781
1357,1,1357,0.0170543584,2025-12-04T10:41:24.140364
1358,1,1358,0.0170537307,2025-12-04T10:41:24.182915
1359,1,1359,0.0170543827,2025-12-04T10:41:24.225347
1360,1,1360,0.0170539729,2025-12-04T10:41:24.245339
1361,1,1361,0.0170560982,2025-12-04T10:41:24.265592
1362,1,1362,0.0170583128,2025-12-04T10:41:24.286006
1363,1,1363,0.0170549955,2025-12-04T10:41:24.306559
1364,1,1364,0.0170097853,2025-12-04T10:41:24.378504
1365,1,1365,0.0170581415,2025-12-04T10:41:24.451156
1366,1,1366,0.017053904,2025-12-04T10:41:24.494448
1367,1,1367,0.0170541573,2025-12-04T10:41:24.536450
1368,1,1368,0.0170531719,2025-12-04T10:41:24.556783
1369,1,1369,0.0170521624,2025-12-04T10:41:24.577372
1370,1,1370,0.0170553196,2025-12-04T10:41:24.650323
1371,1,1371,0.017054744,2025-12-04T10:41:24.723022
1372,1,1372,0.0170567855,2025-12-04T10:41:24.795521
1373,1,1373,0.0170568693,2025-12-04T10:41:24.838373
1374,1,1374,0.0170098133,2025-12-04T10:41:24.880349
1375,1,1375,0.0170577727,2025-12-04T10:41:24.953850
1376,1,1376,0.0170569773,2025-12-04T10:41:25.025834
1377,1,1377,0.0170501377,2025-12-04T10:41:25.099425
1378,1,1378,0.0170549638,2025-12-04T10:41:25.141236
1379,1,1379,0.0170521866,2025-12-04T10:41:25.183895
1380,1,1380,0.0170470811,2025-12-04T10:41:25.256081
1381,1,1381,0.0170475188,2025-12-04T10:41:25.328704
1382,1,1382,0.0170758459,2025-12-04T10:41:25.401535
1383,1,1383,0.0170513484,2025-12-04T10:41:25.444431
1384,1,1384,0.0170504525,2025-12-04T10:41:25.486795
1385,1,1385,0.0170499943,2025-12-04T10:41:25.507265
1386,1,1386,0.0170470736,2025-12-04T10:41:25.580879
1387,1,1387,0.017046066,2025-12-04T10:41:25.653148
1388,1,1388,0.0170451682,2025-12-04T10:41:25.725761
1389,1,1389,0.0170455053,2025-12-04T10:41:25.768275
1390,1,1390,0.017045807,2025-12-04T10:41:25.811178
1391,1,1391,0.0169941671,2025-12-04T10:41:25.883817
1392,1,1392,0.0170470979,2025-12-04T10:41:25.956243
1393,1,1393,0.0170442555,2025-12-04T10:41:26.029168
1394,1,1394,0.0170442089,2025-12-04T10:41:26.071240
1395,1,1395,0.0170462727,2025-12-04T10:41:26.113649
1396,1,1396,0.017042024,2025-12-04T10:41:26.187425
1397,1,1397,0.017041143,2025-12-04T10:41:26.260152
1398,1,1398,0.0170383881,2025-12-04T10:41:26.333196
1399,1,1399,0.017039353,2025-12-04T10:41:26.375590
1400,1,1400,0.0170545857,2025-12-04T10:41:26.417913
1401,1,1401,0.0170479156,2025-12-04T10:41:26.437846
1402,1,1402,0.0170409586,2025-12-04T10:41:26.510387
1403,1,1403,0.0170425977,2025-12-04T10:41:26.583152
1404,1,1404,0.0170388892,2025-12-04T10:41:26.655991
1405,1,1405,0.0170395523,2025-12-04T10:41:26.698380
1406,1,1406,0.0170389842,2025-12-04T10:41:26.741221
1407,1,1407,0.0170374568,2025-12-04T10:41:26.813580
1408,1,1408,0.0169870182,2025-12-04T10:41:26.886787
1409,1,1409,0.0170418359,2025-12-04T10:41:26.959193
1410,1,1410,0.017040329,2025-12-04T10:41:27.001942
1411,1,1411,0.0170405544,2025-12-04T10:41:27.044370
1412,1,1412,0.0170377604,2025-12-04T10:41:27.121143
1413,1,1413,0.0170349925,2025-12-04T10:41:27.194039
1414,1,1414,0.0170372854,2025-12-04T10:41:27.266382
1415,1,1415,0.0170358158,2025-12-04T10:41:27.308940
1416,1,1416,0.0170341301,2025-12-04T10:41:27.372622
1417,1,1417,0.0170388855,2025-12-04T10:41:27.437550
1418,1,1418,0.0170364044,2025-12-04T10:41:27.509409
1419,1,1419,0.0170324631,2025-12-04T10:41:27.583082
1420,1,1420,0.0170317981,2025-12-04T10:41:27.654851
1421,1,1421,0.0170336421,2025-12-04T10:41:27.697556
1422,1,1422,0.0170313119,2025-12-04T10:41:27.740109
1423,1,1423,0.0170295368,2025-12-04T10:41:27.760368
1424,1,1424,0.0170284658,2025-12-04T10:41:27.780687
1425,1,1425,0.017029833,2025-12-04T10:41:27.801111
1426,1,1426,0.0170300509,2025-12-04T10:41:27.821446
1427,1,1427,0.0170283969,2025-12-04T10:41:27.841866
1428,1,1428,0.017033616,2025-12-04T10:41:27.914662
1429,1,1429,0.0170290004,2025-12-04T10:41:27.987122
1430,1,1430,0.017028233,2025-12-04T10:41:28.060118
1431,1,1431,0.017028043,2025-12-04T10:41:28.102760
1432,1,1432,0.0170252099,2025-12-04T10:41:28.144590
1433,1,1433,0.0170271098,2025-12-04T10:41:28.220024
1434,1,1434,0.0170256048,2025-12-04T10:41:28.292452
1435,1,1435,0.0170264393,2025-12-04T10:41:28.365377
1436,1,1436,0.017061429,2025-12-04T10:41:28.407749
1437,1,1437,0.0170318931,2025-12-04T10:41:28.450136
1438,1,1438,0.0170289594,2025-12-04T10:41:28.522755
1439,1,1439,0.0170293021,2025-12-04T10:41:28.595466
1440,1,1440,0.0170288849,2025-12-04T10:41:28.668166
1441,1,1441,0.0170300789,2025-12-04T10:41:28.710144
1442,1,1442,0.0170271228,2025-12-04T10:41:28.753163
1443,1,1443,0.0170216914,2025-12-04T10:41:28.825329
1444,1,1444,0.0169406142,2025-12-04T10:41:28.898404
1445,1,1445,0.0170209836,2025-12-04T10:41:28.970826
1446,1,1446,0.0170145835,2025-12-04T10:41:29.013266
1447,1,1447,0.0170102138,2025-12-04T10:41:29.055548
1448,1,1448,0.0170083139,2025-12-04T10:41:29.076082
1449,1,1449,0.0169847439,2025-12-04T10:41:29.149023
1450,1,1450,0.0157047025,2025-12-04T10:41:29.221339
1451,1,1451,0.0156974643,2025-12-04T10:41:29.294080
1452,1,1452,0.0156424827,2025-12-04T10:41:29.336954
1453,1,1453,0.0156180327,2025-12-04T10:41:29.379206
1454,1,1454,0.0156652554,2025-12-04T10:41:29.453189
1455,1,1455,0.0156460292,2025-12-04T10:41:29.525853
1456,1,1456,0.0156688373,2025-12-04T10:41:29.598503
1457,1,1457,0.0156526509,2025-12-04T10:41:29.640891
1458,1,1458,0.0156735237,2025-12-04T10:41:29.683286
1459,1,1459,0.0156560279,2025-12-04T10:41:29.703281
1460,1,1460,0.015657017,2025-12-04T10:41:29.776394
1461,1,1461,0.0156760141,2025-12-04T10:41:29.848958
1462,1,1462,0.0156934913,2025-12-04T10:41:29.921318
1463,1,1463,0.0156637225,2025-12-04T10:41:29.964170
1464,1,1464,0.0156659744,2025-12-04T10:41:30.005963
1465,1,1465,0.0156454984,2025-12-04T10:41:30.079110
1466,1,1466,0.0156852435,2025-12-04T10:41:30.151985
1467,1,1467,0.0157821346,2025-12-04T10:41:30.224527
1468,1,1468,0.0156936962,2025-12-04T10:41:30.266967
1469,1,1469,0.0156854558,2025-12-04T10:41:30.309832
1470,1,1470,0.015676923,2025-12-04T10:41:30.385171
1471,1,1471,0.0156907048,2025-12-04T10:41:30.457860
1472,1,1472,0.0156931076,2025-12-04T10:41:30.530632
1473,1,1473,0.015680965,2025-12-04T10:41:30.573024
1474,1,1474,0.0156680475,2025-12-04T10:41:30.615500
1475,1,1475,0.0156748909,2025-12-04T10:41:30.635810
1476,1,1476,0.0156462937,2025-12-04T10:41:30.708405
1477,1,1477,0.0156600195,2025-12-04T10:41:30.781122
1478,1,1478,0.0156744047,2025-12-04T10:41:30.853254
1479,1,1479,0.0156069425,2025-12-04T10:41:30.895834
1480,1,1480,0.0157311074,2025-12-04T10:41:30.938642
1481,1,1481,0.0156743563,2025-12-04T10:41:31.011038
1482,1,1482,0.0156737901,2025-12-04T10:41:31.084143
1483,1,1483,0.0156881641,2025-12-04T10:41:31.156778
1484,1,1484,0.0156687758,2025-12-04T10:41:31.199364
1485,1,1485,0.0156619027,2025-12-04T10:41:31.242125
1486,1,1486,0.0156645718,2025-12-04T10:41:31.318498
1487,1,1487,0.0156637076,2025-12-04T10:41:31.390896
1488,1,1488,0.0156700313,2025-12-04T10:41:31.463348
1489,1,1489,0.0156694278,2025-12-04T10:41:31.506365
1490,1,1490,0.0156609266,2025-12-04T10:41:31.549054
1491,1,1491,0.0156733524,2025-12-04T10:41:31.569748
1492,1,1492,0.0156355425,2025-12-04T10:41:31.642774
1493,1,1493,0.015625393,2025-12-04T10:41:31.715394
1494,1,1494,0.0155687965,2025-12-04T10:41:31.787655
1495,1,1495,0.0168283767,2025-12-04T10:41:31.830037
1496,1,1496,0.0162762776,2025-12-04T10:41:31.872571
1497,1,1497,0.0147996619,2025-12-04T10:41:31.945218
1498,1,1498,0.0164148323,2025-12-04T10:41:32.017905
1499,1,1499,0.0163203291,2025-12-04T10:41:32.090721
1500,1,1500,0.0163680538,2025-12-04T10:41:32.133454
1501,1,1501,0.0163704436,2025-12-04T10:41:32.176428
1502,1,1502,0.0163735635,2025-12-04T10:41:32.250727
1503,1,1503,0.0163700673,2025-12-04T10:41:32.323318
1504,1,1504,0.0163249503,2025-12-04T10:41:32.395800
1505,1,1505,0.0164066515,2025-12-04T10:41:32.438452
1506,1,1506,0.0163464024,2025-12-04T10:41:32.481005
1507,1,1507,0.0164264049,2025-12-04T10:41:32.501308
1508,1,1508,0.0164361391,2025-12-04T10:41:32.573914
1509,1,1509,0.0164237506,2025-12-04T10:41:32.646431
1510,1,1510,0.0163827612,2025-12-04T10:41:32.719287
1511,1,1511,0.0163668785,2025-12-04T10:41:32.761315
1512,1,1512,0.0163419619,2025-12-04T10:41:32.804412
1513,1,1513,0.0163852758,2025-12-04T10:41:32.876466
1514,1,1514,0.0162116475,2025-12-04T10:41:32.949329
1515,1,1515,0.0163475759,2025-12-04T10:41:33.021970
1516,1,1516,0.0163876507,2025-12-04T10:41:33.064441
1517,1,1517,0.0163720771,2025-12-04T10:41:33.107291
1518,1,1518,0.016386317,2025-12-04T10:41:33.127294
1519,1,1519,0.0163811128,2025-12-04T10:41:33.199785
1520,1,1520,0.0163838174,2025-12-04T10:41:33.272491
1521,1,1521,0.0163820832,2025-12-04T10:41:33.345349
1522,1,1522,0.0163833592,2025-12-04T10:41:33.387676
1523,1,1523,0.0164153128,2025-12-04T10:41:33.429940
1524,1,1524,0.0163800325,2025-12-04T10:41:33.503177
1525,1,1525,0.0163758266,2025-12-04T10:41:33.575616
1526,1,1526,0.0163744967,2025-12-04T10:41:33.648730
1527,1,1527,0.0163841992,2025-12-04T10:41:33.720820
1528,1,1528,0.0163891855,2025-12-04T10:41:33.763719
1529,1,1529,0.016385423,2025-12-04T10:41:33.806102
1530,1,1530,0.0163861233,2025-12-04T10:41:33.826161
1531,1,1531,0.0163812432,2025-12-04T10:41:33.846308
1532,1,1532,0.0163761284,2025-12-04T10:41:33.866933
1533,1,1533,0.0163525007,2025-12-04T10:41:33.887592
1534,1,1534,0.0163591485,2025-12-04T10:41:33.960351
1535,1,1535,0.0163638219,2025-12-04T10:41:34.033222
1536,1,1536,0.0163638368,2025-12-04T10:41:34.075621
1537,1,1537,0.0163566321,2025-12-04T10:41:34.118189
1538,1,1538,0.0163565073,2025-12-04T10:41:34.138334
1539,1,1539,0.0163579452,2025-12-04T10:41:34.159042
1540,1,1540,0.0163595061,2025-12-04T10:41:34.231267
1541,1,1541,0.0163547359,2025-12-04T10:41:34.303837
1542,1,1542,0.0163522232,2025-12-04T10:41:34.376305
1543,1,1543,0.0163397006,2025-12-04T10:41:34.419304
1544,1,1544,0.0163586493,2025-12-04T10:41:34.461218
1545,1,1545,0.0163556858,2025-12-04T10:41:34.534295
1546,1,1546,0.0163549277,2025-12-04T10:41:34.607006
1547,1,1547,0.0163461659,2025-12-04T10:41:34.679838
1548,1,1548,0.0163447782,2025-12-04T10:41:34.722171
1549,1,1549,0.0163411889,2025-12-04T10:41:34.764610
1550,1,1550,0.0163373984,2025-12-04T10:41:34.836965
1551,1,1551,0.0162525307,2025-12-04T10:41:34.909524
1552,1,1552,0.0162974949,2025-12-04T10:41:34.982338
1553,1,1553,0.0162977129,2025-12-04T10:41:35.025493
1554,1,1554,0.0162965226,2025-12-04T10:41:35.067589
1555,1,1555,0.0163126941,2025-12-04T10:41:35.140335
1556,1,1556,0.016317645,2025-12-04T10:41:35.213140
1557,1,1557,0.016321795,2025-12-04T10:41:35.285801
1558,1,1558,0.0163304582,2025-12-04T10:41:35.328082
1559,1,1559,0.0163277555,2025-12-04T10:41:35.370589
1560,1,1560,0.0163313802,2025-12-04T10:41:35.390780
1561,1,1561,0.0163354668,2025-12-04T10:41:35.463395
1562,1,1562,0.0163304563,2025-12-04T10:41:35.536189
1563,1,1563,0.016321782,2025-12-04T10:41:35.608795
1564,1,1564,0.016321443,2025-12-04T10:41:35.651275
1565,1,1565,0.0163305718,2025-12-04T10:41:35.693455
1566,1,1566,0.016323205,2025-12-04T10:41:35.766434
1567,1,1567,0.0163174998,2025-12-04T10:41:35.839236
1568,1,1568,0.0162994135,2025-12-04T10:41:35.911912
1569,1,1569,0.0163246039,2025-12-04T10:41:35.953976
1570,1,1570,0.0163173172,2025-12-04T10:41:35.996685
1571,1,1571,0.0163186062,2025-12-04T10:41:36.017138
1572,1,1572,0.0163123384,2025-12-04T10:41:36.089703
1573,1,1573,0.0163046643,2025-12-04T10:41:36.162319
1574,1,1574,0.0163023434,2025-12-04T10:41:36.235079
1575,1,1575,0.0163047816,2025-12-04T10:41:36.277735
1576,1,1576,0.0163036957,2025-12-04T10:41:36.319519
1577,1,1577,0.0163015145,2025-12-04T10:41:36.392398
1578,1,1578,0.0162985883,2025-12-04T10:41:36.465377
1579,1,1579,0.0163003038,2025-12-04T10:41:36.538023
1580,1,1580,0.0162955652,2025-12-04T10:41:36.580557
1581,1,1581,0.016292436,2025-12-04T10:41:36.622852
1582,1,1582,0.0162927899,2025-12-04T10:41:36.695333
1583,1,1583,0.0162976142,2025-12-04T10:41:36.768561
1584,1,1584,0.016288001,2025-12-04T10:41:36.841172
1585,1,1585,0.0162944309,2025-12-04T10:41:36.883856
1586,1,1586,0.0162859875,2025-12-04T10:41:36.925494
1587,1,1587,0.0162824261,2025-12-04T10:41:36.999902
1588,1,1588,0.0162751507,2025-12-04T10:41:37.071900
1589,1,1589,0.0162697806,2025-12-04T10:41:37.144720
1590,1,1590,0.0162660833,2025-12-04T10:41:37.187040
1591,1,1591,0.0162610951,2025-12-04T10:41:37.229520
1592,1,1592,0.0162633322,2025-12-04T10:41:37.249385
1593,1,1593,0.0162678603,2025-12-04T10:41:37.322517
1594,1,1594,0.016265219,2025-12-04T10:41:37.395512
1595,1,1595,0.0162681248,2025-12-04T10:41:37.468239
1596,1,1596,0.0162718854,2025-12-04T10:41:37.510423
1597,1,1597,0.0162701271,2025-12-04T10:41:37.553294
1598,1,1598,0.0162666961,2025-12-04T10:41:37.573691
1599,1,1599,0.0162729863,2025-12-04T10:41:37.646175
1600,1,1600,0.0162688847,2025-12-04T10:41:37.718893
1601,1,1601,0.0162611622,2025-12-04T10:41:37.791369
1602,1,1602,0.0162792745,2025-12-04T10:41:37.834153
1603,1,1603,0.0162684768,2025-12-04T10:41:37.875789
1604,1,1604,0.0162720382,2025-12-04T10:41:37.949226
1605,1,1605,0.0162489954,2025-12-04T10:41:38.021825
1606,1,1606,0.0162023957,2025-12-04T10:41:38.094204
1607,1,1607,0.0162039753,2025-12-04T10:41:38.136525
1608,1,1608,0.0162008665,2025-12-04T10:41:38.179379
1609,1,1609,0.016190797,2025-12-04T10:41:38.252242
1610,1,1610,0.0161993261,2025-12-04T10:41:38.324739
1611,1,1611,0.0161464586,2025-12-04T10:41:38.397495
1612,1,1612,0.0161649473,2025-12-04T10:41:38.439832
1613,1,1613,0.0161550864,2025-12-04T10:41:38.482343
1614,1,1614,0.0166217945,2025-12-04T10:41:38.555055
1615,1,1615,0.0168966781,2025-12-04T10:41:38.627526
1616,1,1616,0.0168951414,2025-12-04T10:41:38.700490
1617,1,1617,0.0168984904,2025-12-04T10:41:38.742544
1618,1,1618,0.0168540161,2025-12-04T10:41:38.785452
1619,1,1619,0.0169176645,2025-12-04T10:41:38.805867
1620,1,1620,0.0168961528,2025-12-04T10:41:38.825634
1621,1,1621,0.0168935731,2025-12-04T10:41:38.899640
1622,1,1622,0.0168947372,2025-12-04T10:41:38.971833
1623,1,1623,0.016896665,2025-12-04T10:41:39.045080
1624,1,1624,0.0168995838,2025-12-04T10:41:39.086953
1625,1,1625,0.0169001407,2025-12-04T10:41:39.129854
1626,1,1626,0.01689874,2025-12-04T10:41:39.150291
1627,1,1627,0.0168992318,2025-12-04T10:41:39.170448
1628,1,1628,0.0168992802,2025-12-04T10:41:39.191144
1629,1,1629,0.0169002152,2025-12-04T10:41:39.211230
1630,1,1630,0.016878847,2025-12-04T10:41:39.284164
1631,1,1631,0.0169065929,2025-12-04T10:41:39.356787
1632,1,1632,0.0169058069,2025-12-04T10:41:39.429763
1633,1,1633,0.0169062782,2025-12-04T10:41:39.472269
1634,1,1634,0.0169065948,2025-12-04T10:41:39.514512
1635,1,1635,0.0169043168,2025-12-04T10:41:39.590071
1636,1,1636,0.0169038549,2025-12-04T10:41:39.663221
1637,1,1637,0.0169051289,2025-12-04T10:41:39.735543
1638,1,1638,0.0169039592,2025-12-04T10:41:39.777706
1639,1,1639,0.0169228184,2025-12-04T10:41:39.820109
1640,1,1640,0.0169122219,2025-12-04T10:41:39.840087
1641,1,1641,0.0169047657,2025-12-04T10:41:39.913125
1642,1,1642,0.0169057175,2025-12-04T10:41:39.986082
1643,1,1643,0.0169029962,2025-12-04T10:41:40.058525
1644,1,1644,0.0169027056,2025-12-04T10:41:40.101513
1645,1,1645,0.0169017985,2025-12-04T10:41:40.143413
1646,1,1646,0.0169038902,2025-12-04T10:41:40.216864
1647,1,1647,0.0168594438,2025-12-04T10:41:40.289138
1648,1,1648,0.0169042386,2025-12-04T10:41:40.362109
1649,1,1649,0.0169025361,2025-12-04T10:41:40.404241
1650,1,1650,0.0169028192,2025-12-04T10:41:40.446962
1651,1,1651,0.0169038027,2025-12-04T10:41:40.467704
1652,1,1652,0.0169043112,2025-12-04T10:41:40.541058
1653,1,1653,0.0169006418,2025-12-04T10:41:40.613339
1654,1,1654,0.016903039,2025-12-04T10:41:40.685963
1655,1,1655,0.0169006492,2025-12-04T10:41:40.728946
1656,1,1656,0.0169031322,2025-12-04T10:41:40.770852
1657,1,1657,0.0169014949,2025-12-04T10:41:40.843736
1658,1,1658,0.0168998613,2025-12-04T10:41:40.916624
1659,1,1659,0.0169008634,2025-12-04T10:41:40.989159
1660,1,1660,0.016900381,2025-12-04T10:41:41.031502
1661,1,1661,0.0168978925,2025-12-04T10:41:41.074351
1662,1,1662,0.0169012062,2025-12-04T10:41:41.148675
1663,1,1663,0.0168973468,2025-12-04T10:41:41.221423
1664,1,1664,0.016842544,2025-12-04T10:41:41.294241
1665,1,1665,0.0169045273,2025-12-04T10:41:41.336646
1666,1,1666,0.0169028155,2025-12-04T10:41:41.379033
1667,1,1667,0.0169027391,2025-12-04T10:41:41.399762
1668,1,1668,0.0169012006,2025-12-04T10:41:41.476688
1669,1,1669,0.0168988984,2025-12-04T10:41:41.544235
1670,1,1670,0.0168990921,2025-12-04T10:41:41.617118
1671,1,1671,0.0168975107,2025-12-04T10:41:41.659512
1672,1,1672,0.0169003959,2025-12-04T10:41:41.701859
1673,1,1673,0.0168990381,2025-12-04T10:41:41.774663
1674,1,1674,0.0169059317,2025-12-04T10:41:41.847734
1675,1,1675,0.0168991703,2025-12-04T10:41:41.919975
1676,1,1676,0.0168976839,2025-12-04T10:41:41.962518
1677,1,1677,0.0169002208,2025-12-04T10:41:42.005252
1678,1,1678,0.0168996341,2025-12-04T10:41:42.025215
1679,1,1679,0.0168965421,2025-12-04T10:41:42.097783
1680,1,1680,0.0168977528,2025-12-04T10:41:42.170402
1681,1,1681,0.0168957021,2025-12-04T10:41:42.243640
1682,1,1682,0.0168948937,2025-12-04T10:41:42.285960
1683,1,1683,0.0169077459,2025-12-04T10:41:42.328505
1684,1,1684,0.016898483,2025-12-04T10:41:42.400687
1685,1,1685,0.0168969146,2025-12-04T10:41:42.473534
1686,1,1686,0.0168963037,2025-12-04T10:41:42.546118
1687,1,1687,0.0168968066,2025-12-04T10:41:42.588601
1688,1,1688,0.0168967284,2025-12-04T10:41:42.630982
1689,1,1689,0.0168966334,2025-12-04T10:41:42.704201
1690,1,1690,0.0168944019,2025-12-04T10:41:42.777011
1691,1,1691,0.016900599,2025-12-04T10:41:42.849689
1692,1,1692,0.0168968141,2025-12-04T10:41:42.891871
1693,1,1693,0.0168935526,2025-12-04T10:41:42.934350
1694,1,1694,0.0168929062,2025-12-04T10:41:43.007162
1695,1,1695,0.0168945435,2025-12-04T10:41:43.079831
1696,1,1696,0.0168929342,2025-12-04T10:41:43.152714
1697,1,1697,0.0168925151,2025-12-04T10:41:43.194953
1698,1,1698,0.0168916303,2025-12-04T10:41:43.237476
1699,1,1699,0.0168919507,2025-12-04T10:41:43.257554
1700,1,1700,0.0169173609,2025-12-04T10:41:43.330372
1701,1,1701,0.0168944336,2025-12-04T10:41:43.403100
1702,1,1702,0.0168913826,2025-12-04T10:41:43.475664
1703,1,1703,0.0168913733,2025-12-04T10:41:43.517843
1704,1,1704,0.0168889407,2025-12-04T10:41:43.560550
1705,1,1705,0.0168875847,2025-12-04T10:41:43.633235
1706,1,1706,0.016887376,2025-12-04T10:41:43.705903
1707,1,1707,0.0168862007,2025-12-04T10:41:43.778783
1708,1,1708,0.0168893579,2025-12-04T10:41:43.821165
1709,1,1709,0.0168958827,2025-12-04T10:41:43.863277
1710,1,1710,0.016887281,2025-12-04T10:41:43.936364
1711,1,1711,0.0168842226,2025-12-04T10:41:44.008922
1712,1,1712,0.0168812051,2025-12-04T10:41:44.081652
1713,1,1713,0.0168830696,2025-12-04T10:41:44.123889
1714,1,1714,0.0168813727,2025-12-04T10:41:44.166583
1715,1,1715,0.0168807115,2025-12-04T10:41:44.186925
1716,1,1716,0.0168752502,2025-12-04T10:41:44.259508
1717,1,1717,0.0169162843,2025-12-04T10:41:44.332235
1718,1,1718,0.0168773308,2025-12-04T10:41:44.404581
1719,1,1719,0.0168746914,2025-12-04T10:41:44.447380
1720,1,1720,0.0168723315,2025-12-04T10:41:44.490271
1721,1,1721,0.0168710127,2025-12-04T10:41:44.564595
1722,1,1722,0.0168661512,2025-12-04T10:41:44.636903
1723,1,1723,0.0168645419,2025-12-04T10:41:44.710048
1724,1,1724,0.0168637465,2025-12-04T10:41:44.752342
1725,1,1725,0.0168579909,2025-12-04T10:41:44.794846
1726,1,1726,0.0168603714,2025-12-04T10:41:44.867102
1727,1,1727,0.0168415121,2025-12-04T10:41:44.940143
1728,1,1728,0.0168049894,2025-12-04T10:41:45.013117
1729,1,1729,0.0166795141,2025-12-04T10:41:45.055759
1730,1,1730,0.0167736914,2025-12-04T10:41:45.097727
1731,1,1731,0.0167743284,2025-12-04T10:41:45.117955
1732,1,1732,0.0167869348,2025-12-04T10:41:45.190482
1733,1,1733,0.0167798865,2025-12-04T10:41:45.263433
1734,1,1734,0.0168081782,2025-12-04T10:41:45.335990
1735,1,1735,0.0167696624,2025-12-04T10:41:45.378640
1736,1,1736,0.0158958714,2025-12-04T10:41:45.420909
1737,1,1737,0.0158737506,2025-12-04T10:41:45.493725
1738,1,1738,0.0158489495,2025-12-04T10:41:45.566102
1739,1,1739,0.0159541107,2025-12-04T10:41:45.639331
1740,1,1740,0.0159582793,2025-12-04T10:41:45.681672
1741,1,1741,0.0159846711,2025-12-04T10:41:45.723607
1742,1,1742,0.0159920156,2025-12-04T10:41:45.796449
1743,1,1743,0.0160051323,2025-12-04T10:41:45.869465
1744,1,1744,0.016017301,2025-12-04T10:41:45.941838
1745,1,1745,0.0160119663,2025-12-04T10:41:45.984687
1746,1,1746,0.0159892477,2025-12-04T10:41:46.026942
1747,1,1747,0.0159852672,2025-12-04T10:41:46.047591
1748,1,1748,0.0159773044,2025-12-04T10:41:46.119974
1749,1,1749,0.0159761868,2025-12-04T10:41:46.192638
1750,1,1750,0.0159697942,2025-12-04T10:41:46.265048
1751,1,1751,0.0159056298,2025-12-04T10:41:46.307309
1752,1,1752,0.0159835889,2025-12-04T10:41:46.349954
1753,1,1753,0.0159686151,2025-12-04T10:41:46.423167
1754,1,1754,0.0159687679,2025-12-04T10:41:46.495787
1755,1,1755,0.0159719251,2025-12-04T10:41:46.568413
1756,1,1756,0.0159703083,2025-12-04T10:41:46.610855
1757,1,1757,0.0159690566,2025-12-04T10:41:46.653196
1758,1,1758,0.0159659367,2025-12-04T10:41:46.673245
1759,1,1759,0.0159673597,2025-12-04T10:41:46.746119
1760,1,1760,0.0159280393,2025-12-04T10:41:46.819251
1761,1,1761,0.0159639399,2025-12-04T10:41:46.891580
1762,1,1762,0.0159615129,2025-12-04T10:41:46.933560
1763,1,1763,0.0159584861,2025-12-04T10:41:46.976030
1764,1,1764,0.0159577876,2025-12-04T10:41:46.996604
1765,1,1765,0.0159543007,2025-12-04T10:41:47.017233
1766,1,1766,0.0159545894,2025-12-04T10:41:47.037668
1767,1,1767,0.0159527137,2025-12-04T10:41:47.057485
1768,1,1768,0.0159496329,2025-12-04T10:41:47.130910
1769,1,1769,0.0159369315,2025-12-04T10:41:47.203808
1770,1,1770,0.0159515701,2025-12-04T10:41:47.276606
1771,1,1771,0.0158835388,2025-12-04T10:41:47.318411
1772,1,1772,0.0159184597,2025-12-04T10:41:47.361471
1773,1,1773,0.0159006845,2025-12-04T10:41:47.381835
1774,1,1774,0.015801154,2025-12-04T10:41:47.455199
1775,1,1775,0.0158263389,2025-12-04T10:41:47.527692
1776,1,1776,0.0159569531,2025-12-04T10:41:47.600255
1777,1,1777,0.0159847531,2025-12-04T10:41:47.642539
1778,1,1778,0.0160095747,2025-12-04T10:41:47.685164
1779,1,1779,0.0160151757,2025-12-04T10:41:47.757734
1780,1,1780,0.0160541981,2025-12-04T10:41:47.830381
1781,1,1781,0.016022183,2025-12-04T10:41:47.903161
1782,1,1782,0.0160218384,2025-12-04T10:41:47.945599
1783,1,1783,0.0160211678,2025-12-04T10:41:47.988054
1784,1,1784,0.0160210039,2025-12-04T10:41:48.063269
1785,1,1785,0.0160171166,2025-12-04T10:41:48.135701
1786,1,1786,0.0160081051,2025-12-04T10:41:48.208625
1787,1,1787,0.0160069596,2025-12-04T10:41:48.250817
1788,1,1788,0.0160178337,2025-12-04T10:41:48.293500
1789,1,1789,0.0159625858,2025-12-04T10:41:48.313578
1790,1,1790,0.0160228386,2025-12-04T10:41:48.386338
1791,1,1791,0.0160195939,2025-12-04T10:41:48.459055
1792,1,1792,0.0160144306,2025-12-04T10:41:48.531738
1793,1,1793,0.0159881357,2025-12-04T10:41:48.573837
1794,1,1794,0.0159768406,2025-12-04T10:41:48.616292
1795,1,1795,0.0159661658,2025-12-04T10:41:48.636365
1796,1,1796,0.0159616284,2025-12-04T10:41:48.709679
1797,1,1797,0.0159667339,2025-12-04T10:41:48.782308
1798,1,1798,0.0159646961,2025-12-04T10:41:48.854679
1799,1,1799,0.0159646421,2025-12-04T10:41:48.897362
1800,1,1800,0.0159595143,2025-12-04T10:41:48.939465
1801,1,1801,0.0165826492,2025-12-04T10:41:49.012240
1802,1,1802,0.0162268821,2025-12-04T10:41:49.085191
1803,1,1803,0.0159719027,2025-12-04T10:41:49.157636
1804,1,1804,0.015974082,2025-12-04T10:41:49.200606
1805,1,1805,0.0159759595,2025-12-04T10:41:49.242930
1806,1,1806,0.0159382428,2025-12-04T10:41:49.315571
1807,1,1807,0.0159608721,2025-12-04T10:41:49.388616
1808,1,1808,0.0169785059,2025-12-04T10:41:49.460902
1809,1,1809,0.0169906951,2025-12-04T10:41:49.503492
1810,1,1810,0.0170007739,2025-12-04T10:41:49.545781
1811,1,1811,0.0170032344,2025-12-04T10:41:49.618914
1812,1,1812,0.0169981569,2025-12-04T10:41:49.691280
1813,1,1813,0.0168109647,2025-12-04T10:41:49.764139
1814,1,1814,0.0166663173,2025-12-04T10:41:49.806308
1815,1,1815,0.0166825819,2025-12-04T10:41:49.849173
1816,1,1816,0.0166785605,2025-12-04T10:41:49.869461
1817,1,1817,0.015954636,2025-12-04T10:41:49.942400
1818,1,1818,0.0159439072,2025-12-04T10:41:50.015580
1819,1,1819,0.0159371122,2025-12-04T10:41:50.088567
1820,1,1820,0.0159304123,2025-12-04T10:41:50.130691
1821,1,1821,0.0159245077,2025-12-04T10:41:50.172707
1822,1,1822,0.0159161761,2025-12-04T10:41:50.245435
1823,1,1823,0.0158244073,2025-12-04T10:41:50.318432
1824,1,1824,0.0138974925,2025-12-04T10:41:50.391198
1825,1,1825,0.0138165364,2025-12-04T10:41:50.433465
1826,1,1826,0.0140249179,2025-12-04T10:41:50.476077
1827,1,1827,0.0141002964,2025-12-04T10:41:50.496439
1828,1,1828,0.0142238698,2025-12-04T10:41:50.568985
1829,1,1829,0.0142105985,2025-12-04T10:41:50.641617
1830,1,1830,0.0142269488,2025-12-04T10:41:50.714437
1831,1,1831,0.0142082627,2025-12-04T10:41:50.756404
1832,1,1832,0.0140996593,2025-12-04T10:41:50.799514
1833,1,1833,0.014156768,2025-12-04T10:41:50.871909
1834,1,1834,0.0141431903,2025-12-04T10:41:50.944366
1835,1,1835,0.0139272334,2025-12-04T10:41:51.017132
1836,1,1836,0.0138873485,2025-12-04T10:41:51.059816
1837,1,1837,0.0139232669,2025-12-04T10:41:51.102265
1838,1,1838,0.0160998757,2025-12-04T10:41:51.178609
1839,1,1839,0.0163129959,2025-12-04T10:41:51.251790
1840,1,1840,0.0162930972,2025-12-04T10:41:51.294322
1841,1,1841,0.0163165777,2025-12-04T10:41:51.336183
1842,1,1842,0.0163198579,2025-12-04T10:41:51.356018
1843,1,1843,0.016312804,2025-12-04T10:41:51.375792
1844,1,1844,0.0163149163,2025-12-04T10:41:51.448868
1845,1,1845,0.0163132194,2025-12-04T10:41:51.521222
1846,1,1846,0.0164294131,2025-12-04T10:41:51.594074
1847,1,1847,0.0162979606,2025-12-04T10:41:51.636647
1848,1,1848,0.0162903275,2025-12-04T10:41:51.684728
1849,1,1849,0.0162885207,2025-12-04T10:41:51.751510
1850,1,1850,0.0162302497,2025-12-04T10:41:51.824335
1851,1,1851,0.0162603314,2025-12-04T10:41:51.897126
1852,1,1852,0.0166916325,2025-12-04T10:41:51.939245
1853,1,1853,0.0167884062,2025-12-04T10:41:51.981557
1854,1,1854,0.0167345218,2025-12-04T10:41:52.001805
1855,1,1855,0.016270034,2025-12-04T10:41:52.074708
1856,1,1856,0.0162719637,2025-12-04T10:41:52.147529
1857,1,1857,0.0162715613,2025-12-04T10:41:52.219896
1858,1,1858,0.016273858,2025-12-04T10:41:52.262861
1859,1,1859,0.0162775199,2025-12-04T10:41:52.305055
1860,1,1860,0.0162457693,2025-12-04T10:41:52.325140
1861,1,1861,0.016284177,2025-12-04T10:41:52.345805
1862,1,1862,0.0162808559,2025-12-04T10:41:52.366459
1863,1,1863,0.0162810068,2025-12-04T10:41:52.386786
1864,1,1864,0.0162719581,2025-12-04T10:41:52.461528
1865,1,1865,0.0162686631,2025-12-04T10:41:52.534169
1866,1,1866,0.0162624567,2025-12-04T10:41:52.576898
1867,1,1867,0.0162536408,2025-12-04T10:41:52.619307
1868,1,1868,0.0162436161,2025-12-04T10:41:52.639351
1869,1,1869,0.0162387024,2025-12-04T10:41:52.659797
1870,1,1870,0.0162039734,2025-12-04T10:41:52.732028
1871,1,1871,0.0162945054,2025-12-04T10:41:52.805044
1872,1,1872,0.0162832569,2025-12-04T10:41:52.847520
1873,1,1873,0.0162352304,2025-12-04T10:41:52.889508
1874,1,1874,0.0161875486,2025-12-04T10:41:52.909521
1875,1,1875,0.0161906145,2025-12-04T10:41:52.982583
1876,1,1876,0.0162028763,2025-12-04T10:41:53.055089
1877,1,1877,0.0162692833,2025-12-04T10:41:53.127775
1878,1,1878,0.0162681899,2025-12-04T10:41:53.170348
1879,1,1879,0.0162281934,2025-12-04T10:41:53.212794
1880,1,1880,0.0162199046,2025-12-04T10:41:53.232759
1881,1,1881,0.0162985622,2025-12-04T10:41:53.305660
1882,1,1882,0.0162573885,2025-12-04T10:41:53.378986
1883,1,1883,0.0162908826,2025-12-04T10:41:53.451814
1884,1,1884,0.0162874963,2025-12-04T10:41:53.494030
1885,1,1885,0.0162811689,2025-12-04T10:41:53.536373
1886,1,1886,0.0162599701,2025-12-04T10:41:53.609127
1887,1,1887,0.0161706618,2025-12-04T10:41:53.681916
1888,1,1888,0.0161864235,2025-12-04T10:41:53.754589
1889,1,1889,0.0161921959,2025-12-04T10:41:53.796897
1890,1,1890,0.0161879062,2025-12-04T10:41:53.838958
1891,1,1891,0.016212007,2025-12-04T10:41:53.912173
1892,1,1892,0.0162217225,2025-12-04T10:41:53.984781
1893,1,1893,0.0161796156,2025-12-04T10:41:54.057240
1894,1,1894,0.0162543281,2025-12-04T10:41:54.099628
1895,1,1895,0.0162657257,2025-12-04T10:41:54.142348
1896,1,1896,0.0162708796,2025-12-04T10:41:54.162851
1897,1,1897,0.0162779502,2025-12-04T10:41:54.235022
1898,1,1898,0.0162741597,2025-12-04T10:41:54.307908
1899,1,1899,0.0162569116,2025-12-04T10:41:54.380716
1900,1,1900,0.0162671525,2025-12-04T10:41:54.422881
1901,1,1901,0.0162665545,2025-12-04T10:41:54.465382
1902,1,1902,0.016248418,2025-12-04T10:41:54.537935
1903,1,1903,0.0162679143,2025-12-04T10:41:54.611124
1904,1,1904,0.0162686575,2025-12-04T10:41:54.683282
1905,1,1905,0.016266901,2025-12-04T10:41:54.725826
1906,1,1906,0.0162609945,2025-12-04T10:41:54.768491
1907,1,1907,0.0162611696,2025-12-04T10:41:54.844406
1908,1,1908,0.0162675175,2025-12-04T10:41:54.917008
1909,1,1909,0.0162622518,2025-12-04T10:41:54.989568
1910,1,1910,0.0162601526,2025-12-04T10:41:55.032379
1911,1,1911,0.0162604786,2025-12-04T10:41:55.074396
1912,1,1912,0.0162589121,2025-12-04T10:41:55.094901
1913,1,1913,0.0162498932,2025-12-04T10:41:55.167466
1914,1,1914,0.0162417199,2025-12-04T10:41:55.239684
1915,1,1915,0.016241379,2025-12-04T10:41:55.282240
1916,1,1916,0.0162387955,2025-12-04T10:41:55.325043
1917,1,1917,0.0162377525,2025-12-04T10:41:55.345374
1918,1,1918,0.0162516254,2025-12-04T10:41:55.417543
1919,1,1919,0.0162274837,2025-12-04T10:41:55.490411
1920,1,1920,0.016222177,2025-12-04T10:41:55.563718
1921,1,1921,0.0162186399,2025-12-04T10:41:55.605371
1922,1,1922,0.0162187311,2025-12-04T10:41:55.647975
1923,1,1923,0.0162174459,2025-12-04T10:41:55.668378
1924,1,1924,0.0162091217,2025-12-04T10:41:55.740709
1925,1,1925,0.0162002388,2025-12-04T10:41:55.814136
1926,1,1926,0.0161763429,2025-12-04T10:41:55.886950
1927,1,1927,0.0162097401,2025-12-04T10:41:55.929243
1928,1,1928,0.0161945633,2025-12-04T10:41:55.971074
1929,1,1929,0.016186729,2025-12-04T10:41:56.043827
1930,1,1930,0.0161210522,2025-12-04T10:41:56.116783
1931,1,1931,0.0160812828,2025-12-04T10:41:56.189688
1932,1,1932,0.0160486549,2025-12-04T10:41:56.232309
1933,1,1933,0.0160592664,2025-12-04T10:41:56.274331
1934,1,1934,0.0168209411,2025-12-04T10:41:56.347161
1935,1,1935,0.016858343,2025-12-04T10:41:56.420022
1936,1,1936,0.0159285645,2025-12-04T10:41:56.492734
1937,1,1937,0.0137172779,2025-12-04T10:41:56.535159
1938,1,1938,0.014057652,2025-12-04T10:41:56.577419
1939,1,1939,0.0140475928,2025-12-04T10:41:56.649834
1940,1,1940,0.0146062551,2025-12-04T10:41:56.722899
1941,1,1941,0.0157827232,2025-12-04T10:41:56.795446
1942,1,1942,0.0140331946,2025-12-04T10:41:56.837661
1943,1,1943,0.0140286721,2025-12-04T10:41:56.880490
1944,1,1944,0.0138749359,2025-12-04T10:41:56.900717
1945,1,1945,0.0139383152,2025-12-04T10:41:56.973504
1946,1,1946,0.0139579288,2025-12-04T10:41:57.045818
1947,1,1947,0.0140021862,2025-12-04T10:41:57.118723
1948,1,1948,0.0140427928,2025-12-04T10:41:57.161034
1949,1,1949,0.0140682458,2025-12-04T10:41:57.204101
1950,1,1950,0.0163361169,2025-12-04T10:41:57.275902
1951,1,1951,0.0141007425,2025-12-04T10:41:57.349202
1952,1,1952,0.0141075337,2025-12-04T10:41:57.421404
1953,1,1953,0.0141115505,2025-12-04T10:41:57.464394
1954,1,1954,0.0140888085,2025-12-04T10:41:57.506375
1955,1,1955,0.0139595465,2025-12-04T10:41:57.579363
1956,1,1956,0.0158275682,2025-12-04T10:41:57.651710
1957,1,1957,0.015922686,2025-12-04T10:41:57.724383
1958,1,1958,0.0139561677,2025-12-04T10:41:57.766882
1959,1,1959,0.015269611,2025-12-04T10:41:57.809749
1960,1,1960,0.0162910688,2025-12-04T10:41:57.829946
1961,1,1961,0.0152075784,2025-12-04T10:41:57.902180
1962,1,1962,0.0145341688,2025-12-04T10:41:57.975328
1963,1,1963,0.0142539404,2025-12-04T10:41:58.048006
1964,1,1964,0.0161642879,2025-12-04T10:41:58.090497
1965,1,1965,0.0161832664,2025-12-04T10:41:58.133007
1966,1,1966,0.016141504,2025-12-04T10:41:58.205191
1967,1,1967,0.0167662277,2025-12-04T10:41:58.278531
1968,1,1968,0.0138501934,2025-12-04T10:41:58.350540
1969,1,1969,0.0136353075,2025-12-04T10:41:58.392955
1970,1,1970,0.0136790806,2025-12-04T10:41:58.435427
1971,1,1971,0.0136603526,2025-12-04T10:41:58.508016
1972,1,1972,0.013862566,2025-12-04T10:41:58.580766
1973,1,1973,0.0145646352,2025-12-04T10:41:58.653690
1974,1,1974,0.0136982202,2025-12-04T10:41:58.696147
1975,1,1975,0.0141822975,2025-12-04T10:41:58.738517
1976,1,1976,0.0141879636,2025-12-04T10:41:58.758952
1977,1,1977,0.014212693,2025-12-04T10:41:58.831489
1978,1,1978,0.0135662443,2025-12-04T10:41:58.904136
1979,1,1979,0.0135322902,2025-12-04T10:41:58.977257
1980,1,1980,0.0150893898,2025-12-04T10:41:59.019853
1981,1,1981,0.016330948,2025-12-04T10:41:59.061983
1982,1,1982,0.0164395533,2025-12-04T10:41:59.134283
1983,1,1983,0.0164405405,2025-12-04T10:41:59.207440
1984,1,1984,0.0164431668,2025-12-04T10:41:59.279768
1985,1,1985,0.0164370425,2025-12-04T10:41:59.322165
1986,1,1986,0.0164532791,2025-12-04T10:41:59.364693
1987,1,1987,0.0164498407,2025-12-04T10:41:59.384707
1988,1,1988,0.016458163,2025-12-04T10:41:59.457880
1989,1,1989,0.0164504311,2025-12-04T10:41:59.530640
1990,1,1990,0.0164489019,2025-12-04T10:41:59.603188
1991,1,1991,0.0164489578,2025-12-04T10:41:59.645671
1992,1,1992,0.0164460893,2025-12-04T10:41:59.687746
1993,1,1993,0.0164575781,2025-12-04T10:41:59.707641
1994,1,1994,0.0164583269,2025-12-04T10:41:59.728069
1995,1,1995,0.0164989419,2025-12-04T10:41:59.748846
1996,1,1996,0.0164953749,2025-12-04T10:41:59.769777
1997,1,1997,0.0164506547,2025-12-04T10:41:59.842927
1998,1,1998,0.0164260081,2025-12-04T10:41:59.915351
1999,1,1999,0.0164549723,2025-12-04T10:41:59.987955
2000,1,2000,0.0164544954,2025-12-04T10:42:00.030662
2001,1,2001,0.0164525602,2025-12-04T10:42:00.072670
2002,1,2002,0.0164543017,2025-12-04T10:42:00.093174
2003,1,2003,0.0164596792,2025-12-04T10:42:00.165976
2004,1,2004,0.0164558254,2025-12-04T10:42:00.238683
2005,1,2005,0.0164503213,2025-12-04T10:42:00.311330
2006,1,2006,0.0164302624,2025-12-04T10:42:00.353544
2007,1,2007,0.0164312254,2025-12-04T10:42:00.395975
2008,1,2008,0.0164034366,2025-12-04T10:42:00.415847
2009,1,2009,0.0164286326,2025-12-04T10:42:00.489069
2010,1,2010,0.0164254177,2025-12-04T10:42:00.561817
2011,1,2011,0.0164309833,2025-12-04T10:42:00.634325
2012,1,2012,0.016431868,2025-12-04T10:42:00.676943
2013,1,2013,0.0164273977,2025-12-04T10:42:00.719989
2014,1,2014,0.0164322797,2025-12-04T10:42:00.792040
2015,1,2015,0.0164303369,2025-12-04T10:42:00.864454
2016,1,2016,0.0164398197,2025-12-04T10:42:00.937088
2017,1,2017,0.0164301507,2025-12-04T10:42:00.980038
2018,1,2018,0.0164282601,2025-12-04T10:42:01.022154
2019,1,2019,0.0164268817,2025-12-04T10:42:01.095746
2020,1,2020,0.0164311304,2025-12-04T10:42:01.167451
2021,1,2021,0.0164266973,2025-12-04T10:42:01.240238
2022,1,2022,0.0164229497,2025-12-04T10:42:01.282587
2023,1,2023,0.0164222307,2025-12-04T10:42:01.325032
2024,1,2024,0.016421929,2025-12-04T10:42:01.344955
2025,1,2025,0.01643572,2025-12-04T10:42:01.418112
2026,1,2026,0.0164157245,2025-12-04T10:42:01.491006
2027,1,2027,0.0164120141,2025-12-04T10:42:01.563719
2028,1,2028,0.016410388,2025-12-04T10:42:01.606730
2029,1,2029,0.0164096914,2025-12-04T10:42:01.648321
2030,1,2030,0.0164075717,2025-12-04T10:42:01.668292
2031,1,2031,0.0164069794,2025-12-04T10:42:01.741575
2032,1,2032,0.0164079666,2025-12-04T10:42:01.814012
2033,1,2033,0.0164009667,2025-12-04T10:42:01.886505
2034,1,2034,0.0164131503,2025-12-04T10:42:01.929127
2035,1,2035,0.016399594,2025-12-04T10:42:01.971501
2036,1,2036,0.0163958184,2025-12-04T10:42:01.991795
2037,1,2037,0.0163982342,2025-12-04T10:42:02.012361
2038,1,2038,0.0163997765,2025-12-04T10:42:02.032444
2039,1,2039,0.0163978245,2025-12-04T10:42:02.052605
2040,1,2040,0.0163908042,2025-12-04T10:42:02.125740
2041,1,2041,0.0163884703,2025-12-04T10:42:02.197729
2042,1,2042,0.0163774713,2025-12-04T10:42:02.270294
2043,1,2043,0.0163754262,2025-12-04T10:42:02.312892
2044,1,2044,0.0163676515,2025-12-04T10:42:02.355329
2045,1,2045,0.0163653306,2025-12-04T10:42:02.375666
2046,1,2046,0.0163540206,2025-12-04T10:42:02.448601
2047,1,2047,0.0163433793,2025-12-04T10:42:02.521200
2048,1,2048,0.0163532327,2025-12-04T10:42:02.594067
2049,1,2049,0.0165589377,2025-12-04T10:42:02.636257
2050,1,2050,0.0165647063,2025-12-04T10:42:02.679068
2051,1,2051,0.0165646858,2025-12-04T10:42:02.751230
2052,1,2052,0.0165435075,2025-12-04T10:42:02.824270
2053,1,2053,0.0163567457,2025-12-04T10:42:02.896734
2054,1,2054,0.0163698475,2025-12-04T10:42:02.939333
2055,1,2055,0.016349228,2025-12-04T10:42:02.981920
2056,1,2056,0.0163461249,2025-12-04T10:42:03.054130
2057,1,2057,0.0163498073,2025-12-04T10:42:03.127313
2058,1,2058,0.0163542348,2025-12-04T10:42:03.199660
2059,1,2059,0.016354328,2025-12-04T10:42:03.242470
2060,1,2060,0.0163563247,2025-12-04T10:42:03.284940
2061,1,2061,0.0163601282,2025-12-04T10:42:03.357660
2062,1,2062,0.0163713376,2025-12-04T10:42:03.430050
2063,1,2063,0.0163572765,2025-12-04T10:42:03.502570
2064,1,2064,0.016356809,2025-12-04T10:42:03.545639
2065,1,2065,0.0163528062,2025-12-04T10:42:03.587733
2066,1,2066,0.0163546558,2025-12-04T10:42:03.608440
2067,1,2067,0.0163507498,2025-12-04T10:42:03.680178
2068,1,2068,0.016353067,2025-12-04T10:42:03.753064
2069,1,2069,0.0163514968,2025-12-04T10:42:03.825674
2070,1,2070,0.0163389444,2025-12-04T10:42:03.868084
2071,1,2071,0.0134840598,2025-12-04T10:42:03.910598
2072,1,2072,0.0136471111,2025-12-04T10:42:03.930495
2073,1,2073,0.0138061046,2025-12-04T10:42:04.003481
2074,1,2074,0.0148723516,2025-12-04T10:42:04.076608
2075,1,2075,0.0139733701,2025-12-04T10:42:04.148941
2076,1,2076,0.0137780411,2025-12-04T10:42:04.191303
2077,1,2077,0.0136577254,2025-12-04T10:42:04.233865
2078,1,2078,0.0137465065,2025-12-04T10:42:04.306528
2079,1,2079,0.0136903822,2025-12-04T10:42:04.379432
2080,1,2080,0.0137415193,2025-12-04T10:42:04.451880
2081,1,2081,0.013805068,2025-12-04T10:42:04.494518
2082,1,2082,0.0139620928,2025-12-04T10:42:04.537112
2083,1,2083,0.0137502476,2025-12-04T10:42:04.609974
2084,1,2084,0.01493752,2025-12-04T10:42:04.682252
2085,1,2085,0.0148703902,2025-12-04T10:42:04.755279
2086,1,2086,0.0148561717,2025-12-04T10:42:04.797437
2087,1,2087,0.0137127973,2025-12-04T10:42:04.840425
2088,1,2088,0.0138052534,2025-12-04T10:42:04.888179
2089,1,2089,0.013904714,2025-12-04T10:42:04.949934
2090,1,2090,0.0138898734,2025-12-04T10:42:05.023141
2091,1,2091,0.0138962538,2025-12-04T10:42:05.065416
2092,1,2092,0.0138537399,2025-12-04T10:42:05.107731
2093,1,2093,0.0138351116,2025-12-04T10:42:05.128448
2094,1,2094,0.0138388304,2025-12-04T10:42:05.200920
2095,1,2095,0.0138789378,2025-12-04T10:42:05.273437
2096,1,2096,0.0140688009,2025-12-04T10:42:05.346024
2097,1,2097,0.0140263056,2025-12-04T10:42:05.388888
2098,1,2098,0.0140987299,2025-12-04T10:42:05.431145
2099,1,2099,0.014392036,2025-12-04T10:42:05.506861
2100,1,2100,0.0143774095,2025-12-04T10:42:05.579511
2101,1,2101,0.0143701378,2025-12-04T10:42:05.652133
2102,1,2102,0.0144496653,2025-12-04T10:42:05.694876
2103,1,2103,0.0144055802,2025-12-04T10:42:05.736695
2104,1,2104,0.0144011871,2025-12-04T10:42:05.757008
2105,1,2105,0.0143865896,2025-12-04T10:42:05.829965
2106,1,2106,0.0144737148,2025-12-04T10:42:05.902374
2107,1,2107,0.0144714545,2025-12-04T10:42:05.975421
2108,1,2108,0.0164654217,2025-12-04T10:42:06.018270
2109,1,2109,0.0164864212,2025-12-04T10:42:06.059920
2110,1,2110,0.0164866466,2025-12-04T10:42:06.132580
2111,1,2111,0.0166951157,2025-12-04T10:42:06.205356
2112,1,2112,0.0167002789,2025-12-04T10:42:06.295329
2113,1,2113,0.0167007707,2025-12-04T10:42:06.346653
2114,1,2114,0.0166985616,2025-12-04T10:42:06.366433
2115,1,2115,0.0167069844,2025-12-04T10:42:06.439747
2116,1,2116,0.016700875,2025-12-04T10:42:06.512724
2117,1,2117,0.0166954919,2025-12-04T10:42:06.585315
2118,1,2118,0.0166988167,2025-12-04T10:42:06.627853
2119,1,2119,0.0166961029,2025-12-04T10:42:06.670065
2120,1,2120,0.016695993,2025-12-04T10:42:06.690578
2121,1,2121,0.0166977029,2025-12-04T10:42:06.763273
2122,1,2122,0.0166915711,2025-12-04T10:42:06.835583
2123,1,2123,0.0166916716,2025-12-04T10:42:06.908391
2124,1,2124,0.0166948903,2025-12-04T10:42:06.950606
2125,1,2125,0.0166922453,2025-12-04T10:42:06.993693
2126,1,2126,0.0166911538,2025-12-04T10:42:07.065884
2127,1,2127,0.0166934896,2025-12-04T10:42:07.139124
2128,1,2128,0.0166914667,2025-12-04T10:42:07.211389
2129,1,2129,0.0166904553,2025-12-04T10:42:07.253683
2130,1,2130,0.0166788771,2025-12-04T10:42:07.297007
2131,1,2131,0.0166945792,2025-12-04T10:42:07.372822
2132,1,2132,0.0166905149,2025-12-04T10:42:07.445579
2133,1,2133,0.0166883934,2025-12-04T10:42:07.518250
2134,1,2134,0.0166901983,2025-12-04T10:42:07.561071
2135,1,2135,0.0166897904,2025-12-04T10:42:07.603099
2136,1,2136,0.0166893843,2025-12-04T10:42:07.623549
2137,1,2137,0.0166859365,2025-12-04T10:42:07.696102
2138,1,2138,0.0166865773,2025-12-04T10:42:07.768754
2139,1,2139,0.0166954006,2025-12-04T10:42:07.842010
2140,1,2140,0.0166879706,2025-12-04T10:42:07.884647
2141,1,2141,0.0166855845,2025-12-04T10:42:07.926842
2142,1,2142,0.0166851636,2025-12-04T10:42:07.999523
2143,1,2143,0.0166799742,2025-12-04T10:42:08.071951
2144,1,2144,0.0166785176,2025-12-04T10:42:08.144934
2145,1,2145,0.0166759658,2025-12-04T10:42:08.187033
2146,1,2146,0.0166775025,2025-12-04T10:42:08.229693
2147,1,2147,0.0166741441,2025-12-04T10:42:08.249922
2148,1,2148,0.016659433,2025-12-04T10:42:08.322654
2149,1,2149,0.0166745334,2025-12-04T10:42:08.395661
2150,1,2150,0.0166633278,2025-12-04T10:42:08.468264
2151,1,2151,0.0166514813,2025-12-04T10:42:08.510463
2152,1,2152,0.0164656806,2025-12-04T10:42:08.552586
2153,1,2153,0.0164556633,2025-12-04T10:42:08.625581
2154,1,2154,0.0164407324,2025-12-04T10:42:08.698565
2155,1,2155,0.0164153277,2025-12-04T10:42:08.771088
2156,1,2156,0.014232519,2025-12-04T10:42:08.813264
2157,1,2157,0.014226838,2025-12-04T10:42:08.855984
2158,1,2158,0.0142153855,2025-12-04T10:42:08.928706
2159,1,2159,0.0142315868,2025-12-04T10:42:09.000948
2160,1,2160,0.0142279639,2025-12-04T10:42:09.073719
2161,1,2161,0.0142260529,2025-12-04T10:42:09.116080
2162,1,2162,0.0141982501,2025-12-04T10:42:09.158526
2163,1,2163,0.0141789056,2025-12-04T10:42:09.178382
2164,1,2164,0.014179537,2025-12-04T10:42:09.251543
2165,1,2165,0.014225441,2025-12-04T10:42:09.324550
2166,1,2166,0.0141271753,2025-12-04T10:42:09.397277
2167,1,2167,0.014125769,2025-12-04T10:42:09.439661
2168,1,2168,0.0169283114,2025-12-04T10:42:09.481714
2169,1,2169,0.014134977,2025-12-04T10:42:09.554681
2170,1,2170,0.0141426632,2025-12-04T10:42:09.627468
2171,1,2171,0.0141514195,2025-12-04T10:42:09.700471
2172,1,2172,0.0141399465,2025-12-04T10:42:09.742799
2173,1,2173,0.0141460159,2025-12-04T10:42:09.784773
2174,1,2174,0.015090336,2025-12-04T10:42:09.857875
2175,1,2175,0.0151824345,2025-12-04T10:42:09.930423
2176,1,2176,0.0151789253,2025-12-04T10:42:10.002988
2177,1,2177,0.0151832448,2025-12-04T10:42:10.045556
2178,1,2178,0.0151821672,2025-12-04T10:42:10.088068
2179,1,2179,0.0151861663,2025-12-04T10:42:10.160635
2180,1,2180,0.0151741942,2025-12-04T10:42:10.233967
2181,1,2181,0.0151321003,2025-12-04T10:42:10.306499
2182,1,2182,0.0151762738,2025-12-04T10:42:10.348902
2183,1,2183,0.0152462674,2025-12-04T10:42:10.391040
2184,1,2184,0.0151305971,2025-12-04T10:42:10.411583
2185,1,2185,0.016305793,2025-12-04T10:42:10.483892
2186,1,2186,0.0163184273,2025-12-04T10:42:10.556826
2187,1,2187,0.0163135658,2025-12-04T10:42:10.629224
2188,1,2188,0.0163090806,2025-12-04T10:42:10.671914
2189,1,2189,0.0163097586,2025-12-04T10:42:10.714345
2190,1,2190,0.0163054913,2025-12-04T10:42:10.789144
2191,1,2191,0.0162953045,2025-12-04T10:42:10.861541
2192,1,2192,0.0140864867,2025-12-04T10:42:10.934146
2193,1,2193,0.0140829533,2025-12-04T10:42:10.977105
2194,1,2194,0.0141132017,2025-12-04T10:42:11.019324
2195,1,2195,0.0141145065,2025-12-04T10:42:11.092225
2196,1,2196,0.0138047998,2025-12-04T10:42:11.164787
2197,1,2197,0.0137632023,2025-12-04T10:42:11.237051
2198,1,2198,0.0139514002,2025-12-04T10:42:11.279625
2199,1,2199,0.0139050912,2025-12-04T10:42:11.322407
2200,1,2200,0.013940446,2025-12-04T10:42:11.342807
2201,1,2201,0.0137310707,2025-12-04T10:42:11.414976
2202,1,2202,0.0139217479,2025-12-04T10:42:11.487651
2203,1,2203,0.0139103038,2025-12-04T10:42:11.560396
2204,1,2204,0.0139446994,2025-12-04T10:42:11.603358
2205,1,2205,0.0159667935,2025-12-04T10:42:11.645460
2206,1,2206,0.0159688405,2025-12-04T10:42:11.665552
2207,1,2207,0.0138579104,2025-12-04T10:42:11.738196
2208,1,2208,0.0138379363,2025-12-04T10:42:11.810868
2209,1,2209,0.0162223372,2025-12-04T10:42:11.883786
2210,1,2210,0.0137040195,2025-12-04T10:42:11.926324
2211,1,2211,0.0138906408,2025-12-04T10:42:11.968337
2212,1,2212,0.0144797023,2025-12-04T10:42:12.041586
2213,1,2213,0.0136578241,2025-12-04T10:42:12.114230
2214,1,2214,0.0136693539,2025-12-04T10:42:12.186785
2215,1,2215,0.0136705543,2025-12-04T10:42:12.229002
2216,1,2216,0.0138705773,2025-12-04T10:42:12.271305
2217,1,2217,0.013876534,2025-12-04T10:42:12.344052
2218,1,2218,0.0138349998,2025-12-04T10:42:12.417269
2219,1,2219,0.0143275698,2025-12-04T10:42:12.489607
2220,1,2220,0.0148956915,2025-12-04T10:42:12.532398
2221,1,2221,0.014919837,2025-12-04T10:42:12.574768
2222,1,2222,0.0138383312,2025-12-04T10:42:12.647566
2223,1,2223,0.0138269783,2025-12-04T10:42:12.720325
2224,1,2224,0.0139004327,2025-12-04T10:42:12.792984
2225,1,2225,0.014002596,2025-12-04T10:42:12.834861
2226,1,2226,0.0139932138,2025-12-04T10:42:12.877847
2227,1,2227,0.0139660537,2025-12-04T10:42:12.898340
2228,1,2228,0.0145218493,2025-12-04T10:42:12.970599
2229,1,2229,0.0145794861,2025-12-04T10:42:13.043591
2230,1,2230,0.0146424453,2025-12-04T10:42:13.116200
2231,1,2231,0.0147140575,2025-12-04T10:42:13.158594
2232,1,2232,0.0147609505,2025-12-04T10:42:13.200645
2233,1,2233,0.0145795727,2025-12-04T10:42:13.273694
2234,1,2234,0.0142436465,2025-12-04T10:42:13.345933
2235,1,2235,0.0142480824,2025-12-04T10:42:13.419037
2236,1,2236,0.014298506,2025-12-04T10:42:13.461557
2237,1,2237,0.0142759187,2025-12-04T10:42:13.503817
2238,1,2238,0.014270435,2025-12-04T10:42:13.524377
2239,1,2239,0.0142784779,2025-12-04T10:42:13.596789
2240,1,2240,0.0142753068,2025-12-04T10:42:13.669567
2241,1,2241,0.0142726134,2025-12-04T10:42:13.742195
2242,1,2242,0.0142847271,2025-12-04T10:42:13.784374
2243,1,2243,0.0142026264,2025-12-04T10:42:13.827162
2244,1,2244,0.0149667812,2025-12-04T10:42:13.899874
2245,1,2245,0.015209157,2025-12-04T10:42:13.972151
2246,1,2246,0.0154210925,2025-12-04T10:42:14.045611
2247,1,2247,0.0152074079,2025-12-04T10:42:14.087754
2248,1,2248,0.0152135957,2025-12-04T10:42:14.130200
2249,1,2249,0.0155298961,2025-12-04T10:42:14.202908
2250,1,2250,0.0155403353,2025-12-04T10:42:14.275113
2251,1,2251,0.015596128,2025-12-04T10:42:14.347819
2252,1,2252,0.015586121,2025-12-04T10:42:14.390232
2253,1,2253,0.0155722675,2025-12-04T10:42:14.432829
2254,1,2254,0.0155401136,2025-12-04T10:42:14.452896
2255,1,2255,0.0155362319,2025-12-04T10:42:14.525645
2256,1,2256,0.0155686158,2025-12-04T10:42:14.598401
2257,1,2257,0.0155715625,2025-12-04T10:42:14.641319
2258,1,2258,0.01557123,2025-12-04T10:42:14.683507
2259,1,2259,0.0155730368,2025-12-04T10:42:14.703983
2260,1,2260,0.0155772631,2025-12-04T10:42:14.776233
2261,1,2261,0.0155911073,2025-12-04T10:42:14.849320
2262,1,2262,0.015582513,2025-12-04T10:42:14.922071
2263,1,2263,0.0155815621,2025-12-04T10:42:14.964504
2264,1,2264,0.0156118227,2025-12-04T10:42:15.007039
2265,1,2265,0.015582201,2025-12-04T10:42:15.079104
2266,1,2266,0.0155825484,2025-12-04T10:42:15.151750
2267,1,2267,0.0156021723,2025-12-04T10:42:15.225009
2268,1,2268,0.0155925629,2025-12-04T10:42:15.267031
2269,1,2269,0.0155936693,2025-12-04T10:42:15.309392
2270,1,2270,0.0155055765,2025-12-04T10:42:15.329367
2271,1,2271,0.0155746461,2025-12-04T10:42:15.402734
2272,1,2272,0.0155679062,2025-12-04T10:42:15.475189
2273,1,2273,0.0155699839,2025-12-04T10:42:15.548234
2274,1,2274,0.0155709199,2025-12-04T10:42:15.590615
2275,1,2275,0.0155827654,2025-12-04T10:42:15.633143
2276,1,2276,0.0155802285,2025-12-04T10:42:15.705410
2277,1,2277,0.0155500462,2025-12-04T10:42:15.778055
2278,1,2278,0.0155920842,2025-12-04T10:42:15.850786
2279,1,2279,0.0155494194,2025-12-04T10:42:15.893374
2280,1,2280,0.0155486064,2025-12-04T10:42:15.935595
2281,1,2281,0.0155479647,2025-12-04T10:42:15.956034
2282,1,2282,0.0155431246,2025-12-04T10:42:16.028993
2283,1,2283,0.0155876083,2025-12-04T10:42:16.101533
2284,1,2284,0.0155845042,2025-12-04T10:42:16.174474
2285,1,2285,0.0155931804,2025-12-04T10:42:16.216593
2286,1,2286,0.0156244216,2025-12-04T10:42:16.259173
2287,1,2287,0.0155015708,2025-12-04T10:42:16.331950
2288,1,2288,0.015558185,2025-12-04T10:42:16.404296
2289,1,2289,0.0155529715,2025-12-04T10:42:16.476997
2290,1,2290,0.0155531708,2025-12-04T10:42:16.519533
2291,1,2291,0.0155675373,2025-12-04T10:42:16.561828
2292,1,2292,0.0155682899,2025-12-04T10:42:16.582302
2293,1,2293,0.0155646232,2025-12-04T10:42:16.655578
2294,1,2294,0.015575014,2025-12-04T10:42:16.727743
2295,1,2295,0.0155761605,2025-12-04T10:42:16.800152
2296,1,2296,0.0155963748,2025-12-04T10:42:16.843029
2297,1,2297,0.0155834499,2025-12-04T10:42:16.885246
2298,1,2298,0.0155720664,2025-12-04T10:42:16.957768
2299,1,2299,0.0155711667,2025-12-04T10:42:17.030943
2300,1,2300,0.0155699858,2025-12-04T10:42:17.103715
2301,1,2301,0.0155690684,2025-12-04T10:42:17.145944
2302,1,2302,0.0155619587,2025-12-04T10:42:17.205714
2303,1,2303,0.0155673604,2025-12-04T10:42:17.260778
2304,1,2304,0.0155307743,2025-12-04T10:42:17.333529
2305,1,2305,0.0155700528,2025-12-04T10:42:17.406602
2306,1,2306,0.0155688431,2025-12-04T10:42:17.449459
2307,1,2307,0.0155700612,2025-12-04T10:42:17.491359
2308,1,2308,0.0155702671,2025-12-04T10:42:17.511956
2309,1,2309,0.0155745567,2025-12-04T10:42:17.584258
2310,1,2310,0.0155744077,2025-12-04T10:42:17.657136
2311,1,2311,0.0155680272,2025-12-04T10:42:17.729704
2312,1,2312,0.0155756687,2025-12-04T10:42:17.772169
2313,1,2313,0.0156371146,2025-12-04T10:42:17.814903
2314,1,2314,0.0157715808,2025-12-04T10:42:17.887327
2315,1,2315,0.0157724507,2025-12-04T10:42:17.959638
2316,1,2316,0.0157720372,2025-12-04T10:42:18.032476
2317,1,2317,0.0157691035,2025-12-04T10:42:18.074980
2318,1,2318,0.0161826144,2025-12-04T10:42:18.117321
2319,1,2319,0.0168920159,2025-12-04T10:42:18.190334
2320,1,2320,0.0168780684,2025-12-04T10:42:18.262985
2321,1,2321,0.0168517865,2025-12-04T10:42:18.335677
2322,1,2322,0.01687463,2025-12-04T10:42:18.378190
2323,1,2323,0.0168726537,2025-12-04T10:42:18.420661
2324,1,2324,0.0168666653,2025-12-04T10:42:18.493417
2325,1,2325,0.0168683081,2025-12-04T10:42:18.565769
2326,1,2326,0.0168654471,2025-12-04T10:42:18.608615
2327,1,2327,0.0168597269,2025-12-04T10:42:18.650847
2328,1,2328,0.0168630108,2025-12-04T10:42:18.671347
2329,1,2329,0.0168601348,2025-12-04T10:42:18.691782
2330,1,2330,0.0168332029,2025-12-04T10:42:18.764165
2331,1,2331,0.0157418884,2025-12-04T10:42:18.836717
2332,1,2332,0.0159912444,2025-12-04T10:42:18.909513
2333,1,2333,0.0162490624,2025-12-04T10:42:18.952058
2334,1,2334,0.0162208247,2025-12-04T10:42:18.993982
2335,1,2335,0.0162172392,2025-12-04T10:42:19.066636
2336,1,2336,0.0162170305,2025-12-04T10:42:19.139606
2337,1,2337,0.01621937,2025-12-04T10:42:19.212366
2338,1,2338,0.0162185002,2025-12-04T10:42:19.254864
2339,1,2339,0.0162244718,2025-12-04T10:42:19.297429
2340,1,2340,0.0162250343,2025-12-04T10:42:19.372147
2341,1,2341,0.016230503,2025-12-04T10:42:19.444713
2342,1,2342,0.0162178017,2025-12-04T10:42:19.517237
2343,1,2343,0.0162233095,2025-12-04T10:42:19.559510
2344,1,2344,0.0162293687,2025-12-04T10:42:19.601834
2345,1,2345,0.0162253752,2025-12-04T10:42:19.621675
2346,1,2346,0.0162230748,2025-12-04T10:42:19.694742
2347,1,2347,0.0162186529,2025-12-04T10:42:19.767501
2348,1,2348,0.0162188559,2025-12-04T10:42:19.840188
2349,1,2349,0.0162187926,2025-12-04T10:42:19.882713
2350,1,2350,0.0161973461,2025-12-04T10:42:19.925488
2351,1,2351,0.0162208694,2025-12-04T10:42:19.998621
2352,1,2352,0.0162151865,2025-12-04T10:42:20.070821
2353,1,2353,0.0162111502,2025-12-04T10:42:20.143240
2354,1,2354,0.0162116605,2025-12-04T10:42:20.215989
2355,1,2355,0.0162109509,2025-12-04T10:42:20.288740
2356,1,2356,0.0162072461,2025-12-04T10:42:20.361469
2357,1,2357,0.0161862429,2025-12-04T10:42:20.434476
2358,1,2358,0.0162111539,2025-12-04T10:42:20.507261
2359,1,2359,0.0162114482,2025-12-04T10:42:20.549510
2360,1,2360,0.0162111967,2025-12-04T10:42:20.592261
2361,1,2361,0.0162116289,2025-12-04T10:42:20.612445
2362,1,2362,0.0162014458,2025-12-04T10:42:20.684566
2363,1,2363,0.0161985605,2025-12-04T10:42:20.757554
2364,1,2364,0.0161959324,2025-12-04T10:42:20.830514
2365,1,2365,0.0161939896,2025-12-04T10:42:20.872804
2366,1,2366,0.0161915048,2025-12-04T10:42:20.915228
2367,1,2367,0.0161886978,2025-12-04T10:42:20.990577
2368,1,2368,0.0161761231,2025-12-04T10:42:21.062696
2369,1,2369,0.0161606855,2025-12-04T10:42:21.135493
2370,1,2370,0.0160518605,2025-12-04T10:42:21.177855
2371,1,2371,0.0157696586,2025-12-04T10:42:21.220488
2372,1,2372,0.0157740581,2025-12-04T10:42:21.292678
2373,1,2373,0.0157729107,2025-12-04T10:42:21.365364
2374,1,2374,0.0157416146,2025-12-04T10:42:21.438571
2375,1,2375,0.015781749,2025-12-04T10:42:21.481204
2376,1,2376,0.0157782696,2025-12-04T10:42:21.523459
2377,1,2377,0.01577867,2025-12-04T10:42:21.543638
2378,1,2378,0.0157711282,2025-12-04T10:42:21.615847
2379,1,2379,0.0157708581,2025-12-04T10:42:21.689249
2380,1,2380,0.0157713815,2025-12-04T10:42:21.761651
2381,1,2381,0.0157639645,2025-12-04T10:42:21.804162
2382,1,2382,0.0157629083,2025-12-04T10:42:21.846586
2383,1,2383,0.0157576203,2025-12-04T10:42:21.919332
2384,1,2384,0.015765395,2025-12-04T10:42:21.992008
2385,1,2385,0.0157605838,2025-12-04T10:42:22.064721
2386,1,2386,0.0157623589,2025-12-04T10:42:22.107266
2387,1,2387,0.0157625731,2025-12-04T10:42:22.149207
2388,1,2388,0.0157632119,2025-12-04T10:42:22.223285
2389,1,2389,0.015770575,2025-12-04T10:42:22.295646
2390,1,2390,0.0157539956,2025-12-04T10:42:22.368765
2391,1,2391,0.0157635807,2025-12-04T10:42:22.411031
2392,1,2392,0.0157715231,2025-12-04T10:42:22.453581
2393,1,2393,0.0157777033,2025-12-04T10:42:22.474094
2394,1,2394,0.0157595891,2025-12-04T10:42:22.546504
2395,1,2395,0.0157536789,2025-12-04T10:42:22.618879
2396,1,2396,0.0157526955,2025-12-04T10:42:22.691994
2397,1,2397,0.015760228,2025-12-04T10:42:22.734544
2398,1,2398,0.015752485,2025-12-04T10:42:22.776358
2399,1,2399,0.0157517306,2025-12-04T10:42:22.848953
2400,1,2400,0.015748227,2025-12-04T10:42:22.922546
2401,1,2401,0.015758261,2025-12-04T10:42:22.994867
2402,1,2402,0.0157508645,2025-12-04T10:42:23.037394
2403,1,2403,0.0157486945,2025-12-04T10:42:23.079897
2404,1,2404,0.0157528296,2025-12-04T10:42:23.100201
2405,1,2405,0.0157586727,2025-12-04T10:42:23.173629
2406,1,2406,0.0157605316,2025-12-04T10:42:23.246341
2407,1,2407,0.0157527122,2025-12-04T10:42:23.318995
2408,1,2408,0.0157542228,2025-12-04T10:42:23.361527
2409,1,2409,0.0157544557,2025-12-04T10:42:23.404077
2410,1,2410,0.0157809685,2025-12-04T10:42:23.476623
2411,1,2411,0.0157552734,2025-12-04T10:42:23.549036
2412,1,2412,0.0157542712,2025-12-04T10:42:23.622065
2413,1,2413,0.0157524924,2025-12-04T10:42:23.664675
2414,1,2414,0.0157502256,2025-12-04T10:42:23.706575
2415,1,2415,0.015752511,2025-12-04T10:42:23.779656
2416,1,2416,0.0157583262,2025-12-04T10:42:23.851886
2417,1,2417,0.0157481804,2025-12-04T10:42:23.924906
2418,1,2418,0.0157896019,2025-12-04T10:42:23.967551
2419,1,2419,0.0157714057,2025-12-04T10:42:24.010117
2420,1,2420,0.0157673843,2025-12-04T10:42:24.030660
2421,1,2421,0.0157639309,2025-12-04T10:42:24.102908
2422,1,2422,0.0165279116,2025-12-04T10:42:24.175412
2423,1,2423,0.0165352988,2025-12-04T10:42:24.247836
2424,1,2424,0.0165364574,2025-12-04T10:42:24.290412
2425,1,2425,0.0165393184,2025-12-04T10:42:24.332791
2426,1,2426,0.01653843,2025-12-04T10:42:24.405591
2427,1,2427,0.0166050754,2025-12-04T10:42:24.478742
2428,1,2428,0.0165470074,2025-12-04T10:42:24.551321
2429,1,2429,0.0165457446,2025-12-04T10:42:24.593934
2430,1,2430,0.0165427569,2025-12-04T10:42:24.636287
2431,1,2431,0.0165458545,2025-12-04T10:42:24.708783
2432,1,2432,0.0165432747,2025-12-04T10:42:24.781163
2433,1,2433,0.0165412016,2025-12-04T10:42:24.854305
2434,1,2434,0.0165449269,2025-12-04T10:42:24.896188
2435,1,2435,0.0164834801,2025-12-04T10:42:24.938763
2436,1,2436,0.0165027957,2025-12-04T10:42:24.958668
2437,1,2437,0.0165536217,2025-12-04T10:42:25.031682
2438,1,2438,0.0165486987,2025-12-04T10:42:25.104395
2439,1,2439,0.016548071,2025-12-04T10:42:25.177058
2440,1,2440,0.0165438577,2025-12-04T10:42:25.219504
2441,1,2441,0.0165454111,2025-12-04T10:42:25.262367
2442,1,2442,0.0165436621,2025-12-04T10:42:25.335101
2443,1,2443,0.0165446735,2025-12-04T10:42:25.407686
2444,1,2444,0.0165825337,2025-12-04T10:42:25.480465
2445,1,2445,0.0165484994,2025-12-04T10:42:25.523253
2446,1,2446,0.0165473558,2025-12-04T10:42:25.564801
2447,1,2447,0.0165401995,2025-12-04T10:42:25.584850
2448,1,2448,0.0165435094,2025-12-04T10:42:25.658352
2449,1,2449,0.0165462717,2025-12-04T10:42:25.730568
2450,1,2450,0.0165448766,2025-12-04T10:42:25.803560
2451,1,2451,0.0165485311,2025-12-04T10:42:25.846430
2452,1,2452,0.0165445227,2025-12-04T10:42:25.888660
2453,1,2453,0.0165424551,2025-12-04T10:42:25.908900
2454,1,2454,0.0165456514,2025-12-04T10:42:25.929373
2455,1,2455,0.0164541285,2025-12-04T10:42:25.949675
2456,1,2456,0.0165951661,2025-12-04T10:42:25.969622
2457,1,2457,0.0165442321,2025-12-04T10:42:26.043206
2458,1,2458,0.0165415219,2025-12-04T10:42:26.115597
2459,1,2459,0.0165420901,2025-12-04T10:42:26.188295
2460,1,2460,0.0165420714,2025-12-04T10:42:26.230430
2461,1,2461,0.0165403839,2025-12-04T10:42:26.273413
2462,1,2462,0.0165418367,2025-12-04T10:42:26.293559
2463,1,2463,0.0165454056,2025-12-04T10:42:26.365971
2464,1,2464,0.0164980627,2025-12-04T10:42:26.439062
2465,1,2465,0.0165480971,2025-12-04T10:42:26.511682
2466,1,2466,0.0165429022,2025-12-04T10:42:26.554124
2467,1,2467,0.0165457446,2025-12-04T10:42:26.597057
2468,1,2468,0.0165442302,2025-12-04T10:42:26.616964
2469,1,2469,0.0165422521,2025-12-04T10:42:26.690362
2470,1,2470,0.0165457781,2025-12-04T10:42:26.763033
2471,1,2471,0.0165449846,2025-12-04T10:42:26.836060
2472,1,2472,0.0165479034,2025-12-04T10:42:26.878872
2473,1,2473,0.0165445301,2025-12-04T10:42:26.920966
2474,1,2474,0.0165509339,2025-12-04T10:42:26.993643
2475,1,2475,0.0165467653,2025-12-04T10:42:27.066272
2476,1,2476,0.0165439508,2025-12-04T10:42:27.139100
2477,1,2477,0.016545087,2025-12-04T10:42:27.180923
2478,1,2478,0.0165439099,2025-12-04T10:42:27.223817
2479,1,2479,0.0165447816,2025-12-04T10:42:27.296789
2480,1,2480,0.016540138,2025-12-04T10:42:27.369405
2481,1,2481,0.0164965838,2025-12-04T10:42:27.442221
2482,1,2482,0.0165480505,2025-12-04T10:42:27.484020
2483,1,2483,0.0165456514,2025-12-04T10:42:27.526642
2484,1,2484,0.016546905,2025-12-04T10:42:27.546892
2485,1,2485,0.0165406204,2025-12-04T10:42:27.619468
2486,1,2486,0.0165421031,2025-12-04T10:42:27.691979
2487,1,2487,0.016542118,2025-12-04T10:42:27.764618
2488,1,2488,0.0165418256,2025-12-04T10:42:27.807652
2489,1,2489,0.0165404491,2025-12-04T10:42:27.849752
2490,1,2490,0.016540898,2025-12-04T10:42:27.922488
2491,1,2491,0.0165467243,2025-12-04T10:42:27.995194
2492,1,2492,0.0165401827,2025-12-04T10:42:28.068255
2493,1,2493,0.0165393128,2025-12-04T10:42:28.140846
2494,1,2494,0.0165387298,2025-12-04T10:42:28.183209
2495,1,2495,0.0165405608,2025-12-04T10:42:28.225348
2496,1,2496,0.0165413208,2025-12-04T10:42:28.297960
2497,1,2497,0.0165364462,2025-12-04T10:42:28.371010
2498,1,2498,0.0164904631,2025-12-04T10:42:28.443805
2499,1,2499,0.0165467485,2025-12-04T10:42:28.486287
2500,1,2500,0.016543461,2025-12-04T10:42:28.528640
2501,1,2501,0.0165389291,2025-12-04T10:42:28.601532
2502,1,2502,0.0165367126,2025-12-04T10:42:28.674307
2503,1,2503,0.0165379643,2025-12-04T10:42:28.746636
2504,1,2504,0.0165362562,2025-12-04T10:42:28.789134
2505,1,2505,0.0165376327,2025-12-04T10:42:28.831334
2506,1,2506,0.0165359713,2025-12-04T10:42:28.851722
2507,1,2507,0.0165370367,2025-12-04T10:42:28.924495
2508,1,2508,0.0165418498,2025-12-04T10:42:28.997054
2509,1,2509,0.0165331736,2025-12-04T10:42:29.070215
2510,1,2510,0.0165375284,2025-12-04T10:42:29.112710
2511,1,2511,0.01653493,2025-12-04T10:42:29.154907
2512,1,2512,0.016534239,2025-12-04T10:42:29.227562
2513,1,2513,0.0165384225,2025-12-04T10:42:29.300259
2514,1,2514,0.016535161,2025-12-04T10:42:29.373003
2515,1,2515,0.0165373962,2025-12-04T10:42:29.415043
2516,1,2516,0.0165230333,2025-12-04T10:42:29.458218
2517,1,2517,0.0165376439,2025-12-04T10:42:29.530181
2518,1,2518,0.016536463,2025-12-04T10:42:29.603397
2519,1,2519,0.0165325924,2025-12-04T10:42:29.676012
2520,1,2520,0.0165337752,2025-12-04T10:42:29.718695
2521,1,2521,0.0165343098,2025-12-04T10:42:29.760847
2522,1,2522,0.0165322255,2025-12-04T10:42:29.833678
2523,1,2523,0.0165290087,2025-12-04T10:42:29.906213
2524,1,2524,0.0165261607,2025-12-04T10:42:29.978774
2525,1,2525,0.0165138132,2025-12-04T10:42:30.021275
2526,1,2526,0.0165124796,2025-12-04T10:42:30.063564
2527,1,2527,0.0165099538,2025-12-04T10:42:30.083914
2528,1,2528,0.0165150519,2025-12-04T10:42:30.156381
2529,1,2529,0.0165240522,2025-12-04T10:42:30.229113
2530,1,2530,0.0165246836,2025-12-04T10:42:30.301711
2531,1,2531,0.0165267493,2025-12-04T10:42:30.344228
2532,1,2532,0.0165225099,2025-12-04T10:42:30.386514
2533,1,2533,0.0165281724,2025-12-04T10:42:30.459397
2534,1,2534,0.0165285374,2025-12-04T10:42:30.532358
2535,1,2535,0.0165288876,2025-12-04T10:42:30.605184
2536,1,2536,0.0165418013,2025-12-04T10:42:30.647442
2537,1,2537,0.0165347512,2025-12-04T10:42:30.689618
2538,1,2538,0.0165356099,2025-12-04T10:42:30.763002
2539,1,2539,0.0165418349,2025-12-04T10:42:30.835127
2540,1,2540,0.0165344662,2025-12-04T10:42:30.908173
2541,1,2541,0.0165349058,2025-12-04T10:42:30.950539
2542,1,2542,0.0165342167,2025-12-04T10:42:30.993238
2543,1,2543,0.0165353901,2025-12-04T10:42:31.013107
2544,1,2544,0.0165341403,2025-12-04T10:42:31.086039
2545,1,2545,0.0165316034,2025-12-04T10:42:31.158747
2546,1,2546,0.016537493,2025-12-04T10:42:31.231424
2547,1,2547,0.0165352206,2025-12-04T10:42:31.273412
2548,1,2548,0.0165346525,2025-12-04T10:42:31.315889
2549,1,2549,0.0165334306,2025-12-04T10:42:31.336243
2550,1,2550,0.0165335834,2025-12-04T10:42:31.408910
2551,1,2551,0.0165410377,2025-12-04T10:42:31.481569
2552,1,2552,0.0165312662,2025-12-04T10:42:31.554781
2553,1,2553,0.0165352504,2025-12-04T10:42:31.596639
2554,1,2554,0.016533114,2025-12-04T10:42:31.639388
2555,1,2555,0.0165347531,2025-12-04T10:42:31.659704
2556,1,2556,0.0165363214,2025-12-04T10:42:31.679742
2557,1,2557,0.0165370814,2025-12-04T10:42:31.699823
2558,1,2558,0.0165335889,2025-12-04T10:42:31.719664
2559,1,2559,0.0165324453,2025-12-04T10:42:31.793903
2560,1,2560,0.0165350567,2025-12-04T10:42:31.866828
2561,1,2561,0.0165295545,2025-12-04T10:42:31.939462
2562,1,2562,0.0165311843,2025-12-04T10:42:31.981764
2563,1,2563,0.0165289267,2025-12-04T10:42:32.024151
2564,1,2564,0.0165292434,2025-12-04T10:42:32.096664
2565,1,2565,0.0165279526,2025-12-04T10:42:32.169360
2566,1,2566,0.0165300276,2025-12-04T10:42:32.242237
2567,1,2567,0.0165301803,2025-12-04T10:42:32.284794
2568,1,2568,0.0165284611,2025-12-04T10:42:32.327450
2569,1,2569,0.0165290068,2025-12-04T10:42:32.347386
2570,1,2570,0.0165297444,2025-12-04T10:42:32.420143
2571,1,2571,0.0165333282,2025-12-04T10:42:32.492572
2572,1,2572,0.016532693,2025-12-04T10:42:32.565763
2573,1,2573,0.0165292061,2025-12-04T10:42:32.607661
2574,1,2574,0.016530551,2025-12-04T10:42:32.650399
2575,1,2575,0.0165310278,2025-12-04T10:42:32.670893
2576,1,2576,0.0165297817,2025-12-04T10:42:32.743780
2577,1,2577,0.016526971,2025-12-04T10:42:32.815930
2578,1,2578,0.0165254473,2025-12-04T10:42:32.888852
2579,1,2579,0.0165283903,2025-12-04T10:42:32.931196
2580,1,2580,0.0165376383,2025-12-04T10:42:32.973425
2581,1,2581,0.0165300033,2025-12-04T10:42:33.046116
2582,1,2582,0.0165268797,2025-12-04T10:42:33.119030
2583,1,2583,0.0165253691,2025-12-04T10:42:33.191799
2584,1,2584,0.0165248326,2025-12-04T10:42:33.233992
2585,1,2585,0.0165241174,2025-12-04T10:42:33.276678
2586,1,2586,0.0165259018,2025-12-04T10:42:33.349416
2587,1,2587,0.016522821,2025-12-04T10:42:33.422038
2588,1,2588,0.0165524203,2025-12-04T10:42:33.464473
2589,1,2589,0.0165284927,2025-12-04T10:42:33.506708
2590,1,2590,0.0165264494,2025-12-04T10:42:33.527178
2591,1,2591,0.0165248289,2025-12-04T10:42:33.599496
2592,1,2592,0.0165208689,2025-12-04T10:42:33.672167
2593,1,2593,0.0165239255,2025-12-04T10:42:33.745616
2594,1,2594,0.0165251027,2025-12-04T10:42:33.787796
2595,1,2595,0.0165245644,2025-12-04T10:42:33.829778
2596,1,2596,0.0165243744,2025-12-04T10:42:33.850149
2597,1,2597,0.0165229085,2025-12-04T10:42:33.922839
2598,1,2598,0.0165380313,2025-12-04T10:42:33.995554
2599,1,2599,0.0165247879,2025-12-04T10:42:34.068586
2600,1,2600,0.0165218226,2025-12-04T10:42:34.111249
2601,1,2601,0.0165226738,2025-12-04T10:42:34.153497
2602,1,2602,0.0165217202,2025-12-04T10:42:34.225809
2603,1,2603,0.0165207404,2025-12-04T10:42:34.298782
2604,1,2604,0.0165219381,2025-12-04T10:42:34.371624
2605,1,2605,0.0165229402,2025-12-04T10:42:34.413846
2606,1,2606,0.0164388958,2025-12-04T10:42:34.456376
2607,1,2607,0.0165295545,2025-12-04T10:42:34.528611
2608,1,2608,0.0165260508,2025-12-04T10:42:34.601718
2609,1,2609,0.0165211502,2025-12-04T10:42:34.674114
2610,1,2610,0.0165216214,2025-12-04T10:42:34.717088
2611,1,2611,0.0165206752,2025-12-04T10:42:34.759412
2612,1,2612,0.0165194831,2025-12-04T10:42:34.779437
2613,1,2613,0.0165210664,2025-12-04T10:42:34.852762
2614,1,2614,0.0165185648,2025-12-04T10:42:34.924903
2615,1,2615,0.0165496766,2025-12-04T10:42:34.997784
2616,1,2616,0.0165288597,2025-12-04T10:42:35.039991
2617,1,2617,0.0165254529,2025-12-04T10:42:35.082631
2618,1,2618,0.0165152531,2025-12-04T10:42:35.154828
2619,1,2619,0.0165197737,2025-12-04T10:42:35.228582
2620,1,2620,0.0165200289,2025-12-04T10:42:35.300614
2621,1,2621,0.0165170934,2025-12-04T10:42:35.343152
2622,1,2622,0.0165176559,2025-12-04T10:42:35.385233
2623,1,2623,0.0164362322,2025-12-04T10:42:35.458103
2624,1,2624,0.0165285095,2025-12-04T10:42:35.530503
2625,1,2625,0.0165184363,2025-12-04T10:42:35.603148
2626,1,2626,0.0165171921,2025-12-04T10:42:35.645690
2627,1,2627,0.0165176801,2025-12-04T10:42:35.688085
2628,1,2628,0.0165160652,2025-12-04T10:42:35.760898
2629,1,2629,0.0165170878,2025-12-04T10:42:35.833706
2630,1,2630,0.0165159907,2025-12-04T10:42:35.877517
2631,1,2631,0.0165165811,2025-12-04T10:42:35.918808
2632,1,2632,0.0165140256,2025-12-04T10:42:35.938798
2633,1,2633,0.0164356324,2025-12-04T10:42:35.959086
2634,1,2634,0.016521655,2025-12-04T10:42:36.031517
2635,1,2635,0.0165156573,2025-12-04T10:42:36.104768
2636,1,2636,0.0165140461,2025-12-04T10:42:36.176948
2637,1,2637,0.016513003,2025-12-04T10:42:36.219355
2638,1,2638,0.0165115073,2025-12-04T10:42:36.262017
2639,1,2639,0.0165127459,2025-12-04T10:42:36.282067
2640,1,2640,0.0165119934,2025-12-04T10:42:36.355122
2641,1,2641,0.0165084041,2025-12-04T10:42:36.428367
2642,1,2642,0.0165306963,2025-12-04T10:42:36.500496
2643,1,2643,0.0165146403,2025-12-04T10:42:36.543117
2644,1,2644,0.0165088213,2025-12-04T10:42:36.585337
2645,1,2645,0.016505286,2025-12-04T10:42:36.658010
2646,1,2646,0.0165047645,2025-12-04T10:42:36.730988
2647,1,2647,0.0165022835,2025-12-04T10:42:36.803430
2648,1,2648,0.0165004935,2025-12-04T10:42:36.845618
2649,1,2649,0.0165001824,2025-12-04T10:42:36.888593
2650,1,2650,0.0164174307,2025-12-04T10:42:36.961898
2651,1,2651,0.0165069866,2025-12-04T10:42:37.034858
2652,1,2652,0.0164983794,2025-12-04T10:42:37.107678
2653,1,2653,0.0165010262,2025-12-04T10:42:37.149623
2654,1,2654,0.0164989586,2025-12-04T10:42:37.192426
2655,1,2655,0.0164974406,2025-12-04T10:42:37.212354
2656,1,2656,0.0164959672,2025-12-04T10:42:37.285189
2657,1,2657,0.0164931844,2025-12-04T10:42:37.357561
2658,1,2658,0.0164926107,2025-12-04T10:42:37.430856
2659,1,2659,0.0164864864,2025-12-04T10:42:37.473353
2660,1,2660,0.0164997708,2025-12-04T10:42:37.515511
2661,1,2661,0.0164903718,2025-12-04T10:42:37.588342
2662,1,2662,0.0164810381,2025-12-04T10:42:37.661177
2663,1,2663,0.0164782796,2025-12-04T10:42:37.703717
2664,1,2664,0.0164768584,2025-12-04T10:42:37.745485
2665,1,2665,0.0164756737,2025-12-04T10:42:37.765814
2666,1,2666,0.0164740886,2025-12-04T10:42:37.785809
2667,1,2667,0.0164659507,2025-12-04T10:42:37.858787
2668,1,2668,0.016461635,2025-12-04T10:42:37.931245
2669,1,2669,0.0162076521,2025-12-04T10:42:38.004414
2670,1,2670,0.0157772265,2025-12-04T10:42:38.046786
2671,1,2671,0.0157671887,2025-12-04T10:42:38.088843
2672,1,2672,0.0157599877,2025-12-04T10:42:38.161582
2673,1,2673,0.0157601386,2025-12-04T10:42:38.234665
2674,1,2674,0.0157570615,2025-12-04T10:42:38.307441
2675,1,2675,0.0157658327,2025-12-04T10:42:38.349501
2676,1,2676,0.0157727524,2025-12-04T10:42:38.392435
2677,1,2677,0.0156898126,2025-12-04T10:42:38.464903
2678,1,2678,0.0157821476,2025-12-04T10:42:38.537564
2679,1,2679,0.0157700125,2025-12-04T10:42:38.610496
2680,1,2680,0.015760947,2025-12-04T10:42:38.652698
2681,1,2681,0.0157647132,2025-12-04T10:42:38.694837
2682,1,2682,0.0157675053,2025-12-04T10:42:38.714614
2683,1,2683,0.0157688502,2025-12-04T10:42:38.788272
2684,1,2684,0.015760485,2025-12-04T10:42:38.860941
2685,1,2685,0.01578179,2025-12-04T10:42:38.933539
2686,1,2686,0.0157977472,2025-12-04T10:42:38.976415
2687,1,2687,0.0158064905,2025-12-04T10:42:39.018530
2688,1,2688,0.015772039,2025-12-04T10:42:39.091261
2689,1,2689,0.0157721415,2025-12-04T10:42:39.163621
2690,1,2690,0.0157706029,2025-12-04T10:42:39.237380
2691,1,2691,0.0157675314,2025-12-04T10:42:39.278610
2692,1,2692,0.0157746113,2025-12-04T10:42:39.321532
2693,1,2693,0.0157742686,2025-12-04T10:42:39.396059
2694,1,2694,0.0157776661,2025-12-04T10:42:39.468624
2695,1,2695,0.0157686453,2025-12-04T10:42:39.541723
2696,1,2696,0.0157711785,2025-12-04T10:42:39.583963
2697,1,2697,0.0157644785,2025-12-04T10:42:39.627040
2698,1,2698,0.0157686974,2025-12-04T10:42:39.646927
2699,1,2699,0.0157673042,2025-12-04T10:42:39.720305
2700,1,2700,0.015767239,2025-12-04T10:42:39.793213
2701,1,2701,0.0157696735,2025-12-04T10:42:39.865859
2702,1,2702,0.0157645866,2025-12-04T10:42:39.908200
2703,1,2703,0.0157680045,2025-12-04T10:42:39.950618
2704,1,2704,0.0157599225,2025-12-04T10:42:40.023649
2705,1,2705,0.0157644394,2025-12-04T10:42:40.095769
2706,1,2706,0.0157679561,2025-12-04T10:42:40.168411
2707,1,2707,0.0157664362,2025-12-04T10:42:40.210927
2708,1,2708,0.0157626662,2025-12-04T10:42:40.253733
2709,1,2709,0.0157657023,2025-12-04T10:42:40.330127
2710,1,2710,0.0157588683,2025-12-04T10:42:40.403151
2711,1,2711,0.0157648306,2025-12-04T10:42:40.475543
2712,1,2712,0.0157614499,2025-12-04T10:42:40.518597
2713,1,2713,0.0157600417,2025-12-04T10:42:40.560751
2714,1,2714,0.0157571416,2025-12-04T10:42:40.580723
2715,1,2715,0.0157595016,2025-12-04T10:42:40.653769
2716,1,2716,0.0157659444,2025-12-04T10:42:40.726398
2717,1,2717,0.0157618504,2025-12-04T10:42:40.798789
2718,1,2718,0.0157676264,2025-12-04T10:42:40.841522
2719,1,2719,0.0157125294,2025-12-04T10:42:40.883494
2720,1,2720,0.0157982613,2025-12-04T10:42:40.956204
2721,1,2721,0.015783336,2025-12-04T10:42:41.028911
2722,1,2722,0.0157772973,2025-12-04T10:42:41.101765
2723,1,2723,0.0157704465,2025-12-04T10:42:41.144103
2724,1,2724,0.0157696455,2025-12-04T10:42:41.187093
2725,1,2725,0.0157692693,2025-12-04T10:42:41.259402
2726,1,2726,0.0157722644,2025-12-04T10:42:41.332290
2727,1,2727,0.0158267077,2025-12-04T10:42:41.405097
2728,1,2728,0.0157831236,2025-12-04T10:42:41.447780
2729,1,2729,0.0157851558,2025-12-04T10:42:41.489593
2730,1,2730,0.0157700926,2025-12-04T10:42:41.563682
2731,1,2731,0.0157804805,2025-12-04T10:42:41.636011
2732,1,2732,0.0157700162,2025-12-04T10:42:41.709151
2733,1,2733,0.0157758928,2025-12-04T10:42:41.751675
2734,1,2734,0.0157697927,2025-12-04T10:42:41.794050
2735,1,2735,0.0169649589,2025-12-04T10:42:41.814094
2736,1,2736,0.015721675,2025-12-04T10:42:41.886980
2737,1,2737,0.0157932154,2025-12-04T10:42:41.959414
2738,1,2738,0.0157973784,2025-12-04T10:42:42.031929
2739,1,2739,0.0157860051,2025-12-04T10:42:42.074317
2740,1,2740,0.0158073194,2025-12-04T10:42:42.117112
2741,1,2741,0.0157872177,2025-12-04T10:42:42.189792
2742,1,2742,0.015801819,2025-12-04T10:42:42.262667
2743,1,2743,0.0157959479,2025-12-04T10:42:42.335490
2744,1,2744,0.0157554522,2025-12-04T10:42:42.377308
2745,1,2745,0.0158152095,2025-12-04T10:42:42.419778
2746,1,2746,0.0157951526,2025-12-04T10:42:42.439850
2747,1,2747,0.0157729294,2025-12-04T10:42:42.513490
2748,1,2748,0.0157834719,2025-12-04T10:42:42.585754
2749,1,2749,0.0157771594,2025-12-04T10:42:42.658433
2750,1,2750,0.0157789718,2025-12-04T10:42:42.700814
2751,1,2751,0.0157789271,2025-12-04T10:42:42.743692
2752,1,2752,0.0157751627,2025-12-04T10:42:42.816030
2753,1,2753,0.0156991872,2025-12-04T10:42:42.888365
2754,1,2754,0.0157748125,2025-12-04T10:42:42.961132
2755,1,2755,0.015776379,2025-12-04T10:42:43.003510
2756,1,2756,0.0157878678,2025-12-04T10:42:43.046070
2757,1,2757,0.0157899335,2025-12-04T10:42:43.066013
2758,1,2758,0.0157765634,2025-12-04T10:42:43.138890
2759,1,2759,0.015781233,2025-12-04T10:42:43.217465
2760,1,2760,0.0157785601,2025-12-04T10:42:43.284502
2761,1,2761,0.0157663952,2025-12-04T10:42:43.326848
2762,1,2762,0.0160429943,2025-12-04T10:42:43.369291
2763,1,2763,0.0159613918,2025-12-04T10:42:43.442319
2764,1,2764,0.0157589241,2025-12-04T10:42:43.515058
2765,1,2765,0.0157605744,2025-12-04T10:42:43.587597
2766,1,2766,0.0157562121,2025-12-04T10:42:43.630090
2767,1,2767,0.0157507937,2025-12-04T10:42:43.672161
2768,1,2768,0.0157450549,2025-12-04T10:42:43.748169
2769,1,2769,0.0157428067,2025-12-04T10:42:43.820577
2770,1,2770,0.0156969483,2025-12-04T10:42:43.893486
2771,1,2771,0.015749583,2025-12-04T10:42:43.936425
2772,1,2772,0.0157481394,2025-12-04T10:42:43.978287
2773,1,2773,0.0157486833,2025-12-04T10:42:43.998728
2774,1,2774,0.0157506112,2025-12-04T10:42:44.071461
2775,1,2775,0.0157604161,2025-12-04T10:42:44.143913
2776,1,2776,0.01575003,2025-12-04T10:42:44.216903
2777,1,2777,0.0157488808,2025-12-04T10:42:44.259663
2778,1,2778,0.0157535504,2025-12-04T10:42:44.301894
2779,1,2779,0.0157519895,2025-12-04T10:42:44.374641
2780,1,2780,0.0157613512,2025-12-04T10:42:44.447335
2781,1,2781,0.0157613456,2025-12-04T10:42:44.519752
2782,1,2782,0.0157579742,2025-12-04T10:42:44.562076
2783,1,2783,0.0157606638,2025-12-04T10:42:44.604863
2784,1,2784,0.0157644115,2025-12-04T10:42:44.624804
2785,1,2785,0.0158215444,2025-12-04T10:42:44.697749
2786,1,2786,0.0157483313,2025-12-04T10:42:44.770379
2787,1,2787,0.0157440286,2025-12-04T10:42:44.843117
2788,1,2788,0.015694838,2025-12-04T10:42:44.885717
2789,1,2789,0.0157480984,2025-12-04T10:42:44.927478
2790,1,2790,0.01573967,2025-12-04T10:42:45.000259
2791,1,2791,0.0157393347,2025-12-04T10:42:45.073131
2792,1,2792,0.0157372094,2025-12-04T10:42:45.146157
2793,1,2793,0.015739724,2025-12-04T10:42:45.188720
2794,1,2794,0.0157365091,2025-12-04T10:42:45.231321
2795,1,2795,0.015740456,2025-12-04T10:42:45.303807
2796,1,2796,0.0157350581,2025-12-04T10:42:45.376291
2797,1,2797,0.0157433785,2025-12-04T10:42:45.449077
2798,1,2798,0.0157392118,2025-12-04T10:42:45.521423
2799,1,2799,0.0157409515,2025-12-04T10:42:45.564059
2800,1,2800,0.0157395936,2025-12-04T10:42:45.606753
2801,1,2801,0.0157366041,2025-12-04T10:42:45.626807
2802,1,2802,0.0157351382,2025-12-04T10:42:45.646995
2803,1,2803,0.0157323814,2025-12-04T10:42:45.667300
2804,1,2804,0.0157347675,2025-12-04T10:42:45.687980
2805,1,2805,0.0157351531,2025-12-04T10:42:45.760113
2806,1,2806,0.0157384369,2025-12-04T10:42:45.832565
2807,1,2807,0.0157485976,2025-12-04T10:42:45.905641
2808,1,2808,0.0157411601,2025-12-04T10:42:45.948314
2809,1,2809,0.0157388411,2025-12-04T10:42:45.990609
2810,1,2810,0.0157380662,2025-12-04T10:42:46.064865
2811,1,2811,0.0157361384,2025-12-04T10:42:46.137865
2812,1,2812,0.0157306417,2025-12-04T10:42:46.210162
2813,1,2813,0.0157413166,2025-12-04T10:42:46.252543
2814,1,2814,0.0157394558,2025-12-04T10:42:46.295154
2815,1,2815,0.0157354995,2025-12-04T10:42:46.315017
2816,1,2816,0.0157147925,2025-12-04T10:42:46.388012
2817,1,2817,0.0157866906,2025-12-04T10:42:46.460715
2818,1,2818,0.0157582648,2025-12-04T10:42:46.533521
2819,1,2819,0.0157554037,2025-12-04T10:42:46.576181
2820,1,2820,0.0157582201,2025-12-04T10:42:46.618979
2821,1,2821,0.015762275,2025-12-04T10:42:46.691446
2822,1,2822,0.0157683454,2025-12-04T10:42:46.763882
2823,1,2823,0.0157765001,2025-12-04T10:42:46.836568
2824,1,2824,0.0157773718,2025-12-04T10:42:46.879226
2825,1,2825,0.0158855617,2025-12-04T10:42:46.921666
2826,1,2826,0.0158368553,2025-12-04T10:42:46.942442
2827,1,2827,0.0158289521,2025-12-04T10:42:47.014667
2828,1,2828,0.015833117,2025-12-04T10:42:47.086968
2829,1,2829,0.0158352367,2025-12-04T10:42:47.159527
2830,1,2830,0.0158437415,2025-12-04T10:42:47.202609
2831,1,2831,0.0158432628,2025-12-04T10:42:47.244644
2832,1,2832,0.0158498492,2025-12-04T10:42:47.265186
2833,1,2833,0.0158447157,2025-12-04T10:42:47.285725
2834,1,2834,0.0158442184,2025-12-04T10:42:47.306190
2835,1,2835,0.0158460754,2025-12-04T10:42:47.326232
2836,1,2836,0.0158426798,2025-12-04T10:42:47.346449
2837,1,2837,0.0158628355,2025-12-04T10:42:47.419279
2838,1,2838,0.0158563423,2025-12-04T10:42:47.492361
2839,1,2839,0.0158492326,2025-12-04T10:42:47.565229
2840,1,2840,0.0158540587,2025-12-04T10:42:47.607603
2841,1,2841,0.0158614981,2025-12-04T10:42:47.649850
2842,1,2842,0.015866978,2025-12-04T10:42:47.722623
2843,1,2843,0.0158736705,2025-12-04T10:42:47.795011
2844,1,2844,0.0158732831,2025-12-04T10:42:47.867665
2845,1,2845,0.0158241577,2025-12-04T10:42:47.910135
2846,1,2846,0.0158881433,2025-12-04T10:42:47.953005
2847,1,2847,0.0158721655,2025-12-04T10:42:47.973069
2848,1,2848,0.0158606693,2025-12-04T10:42:48.045994
2849,1,2849,0.0168791972,2025-12-04T10:42:48.118406
2850,1,2850,0.0168444532,2025-12-04T10:42:48.191400
2851,1,2851,0.0168129689,2025-12-04T10:42:48.233907
2852,1,2852,0.0168028213,2025-12-04T10:42:48.275617
2853,1,2853,0.0158311948,2025-12-04T10:42:48.348401
2854,1,2854,0.0158493872,2025-12-04T10:42:48.421155
2855,1,2855,0.0158330518,2025-12-04T10:42:48.493835
2856,1,2856,0.015825821,2025-12-04T10:42:48.537560
2857,1,2857,0.015825333,2025-12-04T10:42:48.578751
2858,1,2858,0.0158210247,2025-12-04T10:42:48.652246
2859,1,2859,0.0158227216,2025-12-04T10:42:48.724354
2860,1,2860,0.0158328376,2025-12-04T10:42:48.796806
2861,1,2861,0.0158242639,2025-12-04T10:42:48.839238
2862,1,2862,0.0158196147,2025-12-04T10:42:48.881690
2863,1,2863,0.0157456938,2025-12-04T10:42:48.901487
2864,1,2864,0.0158276315,2025-12-04T10:42:48.974530
2865,1,2865,0.0158344935,2025-12-04T10:42:49.047289
2866,1,2866,0.0158380642,2025-12-04T10:42:49.120460
2867,1,2867,0.0158335715,2025-12-04T10:42:49.162362
2868,1,2868,0.0158416423,2025-12-04T10:42:49.205294
2869,1,2869,0.015834501,2025-12-04T10:42:49.277680
2870,1,2870,0.0158358849,2025-12-04T10:42:49.350942
2871,1,2871,0.0160957779,2025-12-04T10:42:49.423537
2872,1,2872,0.0160570573,2025-12-04T10:42:49.465949
2873,1,2873,0.0160553045,2025-12-04T10:42:49.508687
2874,1,2874,0.0160623565,2025-12-04T10:42:49.582881
2875,1,2875,0.0160596519,2025-12-04T10:42:49.655967
2876,1,2876,0.0160602238,2025-12-04T10:42:49.728443
2877,1,2877,0.0160668697,2025-12-04T10:42:49.770907
2878,1,2878,0.0160645935,2025-12-04T10:42:49.813542
2879,1,2879,0.0160624329,2025-12-04T10:42:49.834060
2880,1,2880,0.016000146,2025-12-04T10:42:49.906298
2881,1,2881,0.0160601511,2025-12-04T10:42:49.978470
2882,1,2882,0.0160596072,2025-12-04T10:42:50.051265
2883,1,2883,0.0160629153,2025-12-04T10:42:50.093810
2884,1,2884,0.0160569176,2025-12-04T10:42:50.136001
2885,1,2885,0.0160587932,2025-12-04T10:42:50.208741
2886,1,2886,0.0160612352,2025-12-04T10:42:50.281533
2887,1,2887,0.0160490591,2025-12-04T10:42:50.354232
2888,1,2888,0.0158776603,2025-12-04T10:42:50.396601
2889,1,2889,0.0158785153,2025-12-04T10:42:50.439082
2890,1,2890,0.0158727411,2025-12-04T10:42:50.458908
2891,1,2891,0.0158682931,2025-12-04T10:42:50.532047
2892,1,2892,0.0158616807,2025-12-04T10:42:50.604726
2893,1,2893,0.0158596448,2025-12-04T10:42:50.677458
2894,1,2894,0.0158553738,2025-12-04T10:42:50.719796
2895,1,2895,0.0158508736,2025-12-04T10:42:50.762305
2896,1,2896,0.0158571638,2025-12-04T10:42:50.835082
2897,1,2897,0.0157664436,2025-12-04T10:42:50.907788
2898,1,2898,0.0158611927,2025-12-04T10:42:50.950137
2899,1,2899,0.0168271064,2025-12-04T10:42:50.992616
2900,1,2900,0.0164607781,2025-12-04T10:42:51.012546
2901,1,2901,0.0158771667,2025-12-04T10:42:51.085553
2902,1,2902,0.0158586911,2025-12-04T10:42:51.158312
2903,1,2903,0.0158771108,2025-12-04T10:42:51.230942
2904,1,2904,0.015884241,2025-12-04T10:42:51.273436
2905,1,2905,0.0158853139,2025-12-04T10:42:51.316118
2906,1,2906,0.015867887,2025-12-04T10:42:51.388684
2907,1,2907,0.0158799532,2025-12-04T10:42:51.461595
2908,1,2908,0.0158901512,2025-12-04T10:42:51.533891
2909,1,2909,0.0158834718,2025-12-04T10:42:51.576403
2910,1,2910,0.0158729311,2025-12-04T10:42:51.618707
2911,1,2911,0.0158861037,2025-12-04T10:42:51.638568
2912,1,2912,0.0158947277,2025-12-04T10:42:51.711657
2913,1,2913,0.0158909987,2025-12-04T10:42:51.784304
2914,1,2914,0.0158774144,2025-12-04T10:42:51.857631
2915,1,2915,0.0158336944,2025-12-04T10:42:51.899948
2916,1,2916,0.0158965177,2025-12-04T10:42:51.942051
2917,1,2917,0.0158811379,2025-12-04T10:42:52.017029
2918,1,2918,0.0158866401,2025-12-04T10:42:52.089545
2919,1,2919,0.0158632528,2025-12-04T10:42:52.162144
2920,1,2920,0.0158669259,2025-12-04T10:42:52.205308
2921,1,2921,0.0158585235,2025-12-04T10:42:52.247382
2922,1,2922,0.015866518,2025-12-04T10:42:52.320045
2923,1,2923,0.0158696454,2025-12-04T10:42:52.392460
2924,1,2924,0.0158699303,2025-12-04T10:42:52.465237
2925,1,2925,0.0158668868,2025-12-04T10:42:52.508120
2926,1,2926,0.0158626027,2025-12-04T10:42:52.550430
2927,1,2927,0.0158664472,2025-12-04T10:42:52.570835
2928,1,2928,0.0158783514,2025-12-04T10:42:52.643322
2929,1,2929,0.0158864669,2025-12-04T10:42:52.715680
2930,1,2930,0.0159392766,2025-12-04T10:42:52.788546
2931,1,2931,0.0158984865,2025-12-04T10:42:52.831282
2932,1,2932,0.0159004535,2025-12-04T10:42:52.874094
2933,1,2933,0.0158992856,2025-12-04T10:42:52.946400
2934,1,2934,0.0158940088,2025-12-04T10:42:53.018696
2935,1,2935,0.0158834271,2025-12-04T10:42:53.091376
2936,1,2936,0.0158978756,2025-12-04T10:42:53.134064
2937,1,2937,0.0159006137,2025-12-04T10:42:53.176239
2938,1,2938,0.0158996935,2025-12-04T10:42:53.251208
2939,1,2939,0.0159239657,2025-12-04T10:42:53.324475
2940,1,2940,0.0159063637,2025-12-04T10:42:53.396838
2941,1,2941,0.0159185416,2025-12-04T10:42:53.439274
2942,1,2942,0.0159160941,2025-12-04T10:42:53.488407
2943,1,2943,0.0159160234,2025-12-04T10:42:53.559252
2944,1,2944,0.0159282591,2025-12-04T10:42:53.632237
2945,1,2945,0.0159188527,2025-12-04T10:42:53.704762
2946,1,2946,0.0159308593,2025-12-04T10:42:53.777448
2947,1,2947,0.0159360151,2025-12-04T10:42:53.850286
2948,1,2948,0.0159363765,2025-12-04T10:42:53.892443
2949,1,2949,0.0159524548,2025-12-04T10:42:53.935137
2950,1,2950,0.0159431863,2025-12-04T10:42:53.955663
2951,1,2951,0.0159404203,2025-12-04T10:42:53.975621
2952,1,2952,0.0159338712,2025-12-04T10:42:53.996010
2953,1,2953,0.0159330852,2025-12-04T10:42:54.016367
2954,1,2954,0.0159389898,2025-12-04T10:42:54.089559
2955,1,2955,0.0159363597,2025-12-04T10:42:54.162362
2956,1,2956,0.0159336626,2025-12-04T10:42:54.234821
2957,1,2957,0.015971126,2025-12-04T10:42:54.277559
2958,1,2958,0.0159618873,2025-12-04T10:42:54.319926
2959,1,2959,0.0159498117,2025-12-04T10:42:54.392498
2960,1,2960,0.0159455761,2025-12-04T10:42:54.465374
2961,1,2961,0.0159357078,2025-12-04T10:42:54.537922
2962,1,2962,0.0159367714,2025-12-04T10:42:54.580390
2963,1,2963,0.0159322433,2025-12-04T10:42:54.623304
2964,1,2964,0.0159221049,2025-12-04T10:42:54.643127
2965,1,2965,0.0159336999,2025-12-04T10:42:54.716945
2966,1,2966,0.0159322097,2025-12-04T10:42:54.789167
2967,1,2967,0.0159280858,2025-12-04T10:42:54.862345
2968,1,2968,0.0159103143,2025-12-04T10:42:54.905231
2969,1,2969,0.015970055,2025-12-04T10:42:54.947077
2970,1,2970,0.0159452185,2025-12-04T10:42:55.019399
2971,1,2971,0.0159211196,2025-12-04T10:42:55.092624
2972,1,2972,0.0159181375,2025-12-04T10:42:55.164950
2973,1,2973,0.0159197896,2025-12-04T10:42:55.207483
2974,1,2974,0.0159131232,2025-12-04T10:42:55.250209
2975,1,2975,0.0159159451,2025-12-04T10:42:55.270442
2976,1,2976,0.0159189105,2025-12-04T10:42:55.343149
2977,1,2977,0.0158328469,2025-12-04T10:42:55.416200
2978,1,2978,0.0159162022,2025-12-04T10:42:55.488624
2979,1,2979,0.0159084126,2025-12-04T10:42:55.530996
2980,1,2980,0.0159107837,2025-12-04T10:42:55.573954
2981,1,2981,0.0159006845,2025-12-04T10:42:55.645895
2982,1,2982,0.0159141942,2025-12-04T10:42:55.718318
2983,1,2983,0.0159098654,2025-12-04T10:42:55.791135
2984,1,2984,0.0159068014,2025-12-04T10:42:55.833608
2985,1,2985,0.0159014016,2025-12-04T10:42:55.876075
2986,1,2986,0.0159140322,2025-12-04T10:42:55.952123
2987,1,2987,0.0159045811,2025-12-04T10:42:56.024407
2988,1,2988,0.0159056168,2025-12-04T10:42:56.097111
2989,1,2989,0.0159033332,2025-12-04T10:42:56.140412
2990,1,2990,0.0159095171,2025-12-04T10:42:56.182360
2991,1,2991,0.0159141942,2025-12-04T10:42:56.202931
2992,1,2992,0.0159140322,2025-12-04T10:42:56.274885
2993,1,2993,0.0159021578,2025-12-04T10:42:56.348063
2994,1,2994,0.015819123,2025-12-04T10:42:56.420651
2995,1,2995,0.0159012489,2025-12-04T10:42:56.463196
2996,1,2996,0.0158957224,2025-12-04T10:42:56.505323
2997,1,2997,0.0159035678,2025-12-04T10:42:56.578330
2998,1,2998,0.0158967822,2025-12-04T10:42:56.651234
2999,1,2999,0.0158977936,2025-12-04T10:42:56.723533
3000,1,3000,0.0158938597,2025-12-04T10:42:56.766008
3001,1,3001,0.015891198,2025-12-04T10:42:56.808105
3002,1,3002,0.0159089602,2025-12-04T10:42:56.828097
3003,1,3003,0.015895782,2025-12-04T10:42:56.901066
3004,1,3004,0.0159077197,2025-12-04T10:42:56.973741
3005,1,3005,0.0158841721,2025-12-04T10:42:57.046528
3006,1,3006,0.0158874634,2025-12-04T10:42:57.088950
3007,1,3007,0.0158821959,2025-12-04T10:42:57.131656
3008,1,3008,0.0158814806,2025-12-04T10:42:57.204408
3009,1,3009,0.0158839765,2025-12-04T10:42:57.276724
3010,1,3010,0.0158825442,2025-12-04T10:42:57.349919
3011,1,3011,0.0158834736,2025-12-04T10:42:57.392559
3012,1,3012,0.0159338358,2025-12-04T10:42:57.434875
3013,1,3013,0.0159097034,2025-12-04T10:42:57.507099
3014,1,3014,0.015890425,2025-12-04T10:42:57.580197
3015,1,3015,0.0158959869,2025-12-04T10:42:57.652910
3016,1,3016,0.015901409,2025-12-04T10:42:57.695308
3017,1,3017,0.0158961229,2025-12-04T10:42:57.737906
3018,1,3018,0.0158949568,2025-12-04T10:42:57.810582
3019,1,3019,0.0158889442,2025-12-04T10:42:57.883206
3020,1,3020,0.0159188602,2025-12-04T10:42:57.955982
3021,1,3021,0.0159079115,2025-12-04T10:42:57.998465
3022,1,3022,0.0159115064,2025-12-04T10:42:58.040433
3023,1,3023,0.0159087833,2025-12-04T10:42:58.060437
3024,1,3024,0.0159082338,2025-12-04T10:42:58.133546
3025,1,3025,0.0159068889,2025-12-04T10:42:58.206383
3026,1,3026,0.0159071497,2025-12-04T10:42:58.278646
3027,1,3027,0.015907932,2025-12-04T10:42:58.321045
3028,1,3028,0.015896527,2025-12-04T10:42:58.363782
3029,1,3029,0.0159340407,2025-12-04T10:42:58.436195
3030,1,3030,0.0159033555,2025-12-04T10:42:58.508954
3031,1,3031,0.0159010514,2025-12-04T10:42:58.581734
3032,1,3032,0.0158956404,2025-12-04T10:42:58.624045
3033,1,3033,0.0158959813,2025-12-04T10:42:58.666552
3034,1,3034,0.0159019883,2025-12-04T10:42:58.739342
3035,1,3035,0.0159364342,2025-12-04T10:42:58.812556
3036,1,3036,0.0159174911,2025-12-04T10:42:58.884858
3037,1,3037,0.0158721599,2025-12-04T10:42:58.927459
3038,1,3038,0.0159232653,2025-12-04T10:42:58.969971
3039,1,3039,0.0159201808,2025-12-04T10:42:58.990088
3040,1,3040,0.015913885,2025-12-04T10:42:59.062907
3041,1,3041,0.0159241333,2025-12-04T10:42:59.135083
3042,1,3042,0.0159192532,2025-12-04T10:42:59.207790
3043,1,3043,0.0159198381,2025-12-04T10:42:59.250356
3044,1,3044,0.0159044098,2025-12-04T10:42:59.292785
3045,1,3045,0.0159070771,2025-12-04T10:42:59.312689
3046,1,3046,0.0159049332,2025-12-04T10:42:59.386186
3047,1,3047,0.0165887698,2025-12-04T10:42:59.458862
3048,1,3048,0.0165959615,2025-12-04T10:42:59.531571
3049,1,3049,0.0165921673,2025-12-04T10:42:59.573713
3050,1,3050,0.0165921989,2025-12-04T10:42:59.616274
3051,1,3051,0.0165924355,2025-12-04T10:42:59.636282
3052,1,3052,0.0165934674,2025-12-04T10:42:59.656314
3053,1,3053,0.0165946353,2025-12-04T10:42:59.676437
3054,1,3054,0.0165941547,2025-12-04T10:42:59.696312
3055,1,3055,0.0165953449,2025-12-04T10:42:59.769886
3056,1,3056,0.0166000705,2025-12-04T10:42:59.842749
3057,1,3057,0.0165990181,2025-12-04T10:42:59.915397
3058,1,3058,0.0165974535,2025-12-04T10:42:59.957425
3059,1,3059,0.0165964756,2025-12-04T10:43:00.000376
3060,1,3060,0.0165959261,2025-12-04T10:43:00.020316
3061,1,3061,0.0165967568,2025-12-04T10:43:00.093750
3062,1,3062,0.016594069,2025-12-04T10:43:00.166731
3063,1,3063,0.0165936052,2025-12-04T10:43:00.239366
3064,1,3064,0.0165880713,2025-12-04T10:43:00.281517
3065,1,3065,0.0165922716,2025-12-04T10:43:00.323953
3066,1,3066,0.0165889132,2025-12-04T10:43:00.397196
3067,1,3067,0.016587859,2025-12-04T10:43:00.469712
3068,1,3068,0.0165903214,2025-12-04T10:43:00.542413
3069,1,3069,0.0165866073,2025-12-04T10:43:00.584497
3070,1,3070,0.0165879279,2025-12-04T10:43:00.627493
3071,1,3071,0.0165844913,2025-12-04T10:43:00.648032
3072,1,3072,0.016584685,2025-12-04T10:43:00.720219
3073,1,3073,0.0165863018,2025-12-04T10:43:00.792985
3074,1,3074,0.0165779199,2025-12-04T10:43:00.865745
3075,1,3075,0.0165787618,2025-12-04T10:43:00.908065
3076,1,3076,0.0165829267,2025-12-04T10:43:00.950536
3077,1,3077,0.0165817271,2025-12-04T10:43:01.022886
3078,1,3078,0.0165786352,2025-12-04T10:43:01.095947
3079,1,3079,0.0165767688,2025-12-04T10:43:01.168408
3080,1,3080,0.0165789872,2025-12-04T10:43:01.211105
3081,1,3081,0.0165800917,2025-12-04T10:43:01.253774
3082,1,3082,0.0165741611,2025-12-04T10:43:01.326369
3083,1,3083,0.0165707003,2025-12-04T10:43:01.399125
3084,1,3084,0.0165557526,2025-12-04T10:43:01.441276
3085,1,3085,0.0165764838,2025-12-04T10:43:01.483586
3086,1,3086,0.0165784414,2025-12-04T10:43:01.503744
3087,1,3087,0.0165735539,2025-12-04T10:43:01.576364
3088,1,3088,0.0165698993,2025-12-04T10:43:01.649096
3089,1,3089,0.0165676884,2025-12-04T10:43:01.722489
3090,1,3090,0.0165690425,2025-12-04T10:43:01.764530
3091,1,3091,0.016568711,2025-12-04T10:43:01.806620
3092,1,3092,0.0165767539,2025-12-04T10:43:01.826866
3093,1,3093,0.0165667049,2025-12-04T10:43:01.899915
3094,1,3094,0.0165710579,2025-12-04T10:43:01.972576
3095,1,3095,0.0165582615,2025-12-04T10:43:02.045003
3096,1,3096,0.01655237,2025-12-04T10:43:02.088082
3097,1,3097,0.0165496729,2025-12-04T10:43:02.154217
3098,1,3098,0.016544478,2025-12-04T10:43:02.174945
3099,1,3099,0.0165439713,2025-12-04T10:43:02.194891
3100,1,3100,0.0165400076,2025-12-04T10:43:02.214708
3101,1,3101,0.0165363065,2025-12-04T10:43:02.234445
3102,1,3102,0.0159166529,2025-12-04T10:43:02.307442
3103,1,3103,0.0159292891,2025-12-04T10:43:02.380312
3104,1,3104,0.0159261766,2025-12-04T10:43:02.452872
3105,1,3105,0.0159073602,2025-12-04T10:43:02.495827
3106,1,3106,0.0158914923,2025-12-04T10:43:02.538856
3107,1,3107,0.0158989969,2025-12-04T10:43:02.558871
3108,1,3108,0.0158898252,2025-12-04T10:43:02.631746
3109,1,3109,0.0158955734,2025-12-04T10:43:02.704481
3110,1,3110,0.0159004759,2025-12-04T10:43:02.777542
3111,1,3111,0.0158951636,2025-12-04T10:43:02.820177
3112,1,3112,0.0158921908,2025-12-04T10:43:02.862517
3113,1,3113,0.015869135,2025-12-04T10:43:02.935280
3114,1,3114,0.0159187316,2025-12-04T10:43:03.008069
3115,1,3115,0.0159044768,2025-12-04T10:43:03.050233
3116,1,3116,0.0158863086,2025-12-04T10:43:03.092418
3117,1,3117,0.0158857125,2025-12-04T10:43:03.112928
3118,1,3118,0.0158877447,2025-12-04T10:43:03.185614
3119,1,3119,0.0158827602,2025-12-04T10:43:03.258337
3120,1,3120,0.0158838126,2025-12-04T10:43:03.331182
3121,1,3121,0.0168429315,2025-12-04T10:43:03.373087
3122,1,3122,0.0158973224,2025-12-04T10:43:03.415901
3123,1,3123,0.0158913861,2025-12-04T10:43:03.489068
3124,1,3124,0.015898792,2025-12-04T10:43:03.561563
3125,1,3125,0.0158851947,2025-12-04T10:43:03.633715
3126,1,3126,0.015894005,2025-12-04T10:43:03.676480
3127,1,3127,0.0158787108,2025-12-04T10:43:03.719103
3128,1,3128,0.0158830974,2025-12-04T10:43:03.739145
3129,1,3129,0.0158888213,2025-12-04T10:43:03.812478
3130,1,3130,0.015887307,2025-12-04T10:43:03.884568
3131,1,3131,0.0158928893,2025-12-04T10:43:03.957080
3132,1,3132,0.0159042123,2025-12-04T10:43:03.999846
3133,1,3133,0.0159191936,2025-12-04T10:43:04.041813
3134,1,3134,0.0158915687,2025-12-04T10:43:04.115084
3135,1,3135,0.0159062687,2025-12-04T10:43:04.187891
3136,1,3136,0.0159345269,2025-12-04T10:43:04.260260
3137,1,3137,0.0159188434,2025-12-04T10:43:04.302837
3138,1,3138,0.0159287489,2025-12-04T10:43:04.345124
3139,1,3139,0.0159468445,2025-12-04T10:43:04.365169
3140,1,3140,0.0158873181,2025-12-04T10:43:04.438031
3141,1,3141,0.0159385371,2025-12-04T10:43:04.511113
3142,1,3142,0.0159292835,2025-12-04T10:43:04.583361
3143,1,3143,0.0159193836,2025-12-04T10:43:04.626063
3144,1,3144,0.0159077029,2025-12-04T10:43:04.668511
3145,1,3145,0.0159095413,2025-12-04T10:43:04.741034
3146,1,3146,0.0158972274,2025-12-04T10:43:04.814151
3147,1,3147,0.0158961862,2025-12-04T10:43:04.886375
3148,1,3148,0.0159089211,2025-12-04T10:43:04.928943
3149,1,3149,0.0159337315,2025-12-04T10:43:04.971738
3150,1,3150,0.0159113872,2025-12-04T10:43:05.043651
3151,1,3151,0.0160088017,2025-12-04T10:43:05.116958
3152,1,3152,0.0159086268,2025-12-04T10:43:05.189101
3153,1,3153,0.0159064885,2025-12-04T10:43:05.231955
3154,1,3154,0.0159111637,2025-12-04T10:43:05.274096
3155,1,3155,0.0159166418,2025-12-04T10:43:05.294463
3156,1,3156,0.0159086175,2025-12-04T10:43:05.367137
3157,1,3157,0.015870627,2025-12-04T10:43:05.439689
3158,1,3158,0.0159436613,2025-12-04T10:43:05.512748
3159,1,3159,0.0159359201,2025-12-04T10:43:05.555247
3160,1,3160,0.0159240309,2025-12-04T10:43:05.597491
3161,1,3161,0.0159069914,2025-12-04T10:43:05.670232
3162,1,3162,0.0159092694,2025-12-04T10:43:05.742989
3163,1,3163,0.0159252136,2025-12-04T10:43:05.815739
3164,1,3164,0.0159115567,2025-12-04T10:43:05.888280
3165,1,3165,0.0158634074,2025-12-04T10:43:05.961237
3166,1,3166,0.0159342922,2025-12-04T10:43:06.003930
3167,1,3167,0.0159199107,2025-12-04T10:43:06.045960
3168,1,3168,0.0159195885,2025-12-04T10:43:06.065895
3169,1,3169,0.0159208346,2025-12-04T10:43:06.085770
3170,1,3170,0.0159163363,2025-12-04T10:43:06.105546
3171,1,3171,0.0159072596,2025-12-04T10:43:06.181026
3172,1,3172,0.0159041192,2025-12-04T10:43:06.253660
3173,1,3173,0.0159197133,2025-12-04T10:43:06.326212
3174,1,3174,0.0159188248,2025-12-04T10:43:06.368619
3175,1,3175,0.0159153081,2025-12-04T10:43:06.411159
3176,1,3176,0.0159405246,2025-12-04T10:43:06.484148
3177,1,3177,0.0159205161,2025-12-04T10:43:06.557135
3178,1,3178,0.0159102734,2025-12-04T10:43:06.629387
3179,1,3179,0.0159067735,2025-12-04T10:43:06.671896
3180,1,3180,0.0159097947,2025-12-04T10:43:06.714687
3181,1,3181,0.0159023292,2025-12-04T10:43:06.735123
3182,1,3182,0.0159120149,2025-12-04T10:43:06.807328
3183,1,3183,0.0159014668,2025-12-04T10:43:06.880217
3184,1,3184,0.0158324949,2025-12-04T10:43:06.952625
3185,1,3185,0.0159195922,2025-12-04T10:43:06.995007
3186,1,3186,0.0158951655,2025-12-04T10:43:07.037632
3187,1,3187,0.0158977769,2025-12-04T10:43:07.057479
3188,1,3188,0.0159142259,2025-12-04T10:43:07.130831
3189,1,3189,0.0159117374,2025-12-04T10:43:07.203627
3190,1,3190,0.0159086715,2025-12-04T10:43:07.276139
3191,1,3191,0.0159257724,2025-12-04T10:43:07.318575
3192,1,3192,0.0159413162,2025-12-04T10:43:07.360923
3193,1,3193,0.0159503649,2025-12-04T10:43:07.433574
3194,1,3194,0.015925765,2025-12-04T10:43:07.505962
3195,1,3195,0.0159140154,2025-12-04T10:43:07.579487
3196,1,3196,0.015906943,2025-12-04T10:43:07.621883
3197,1,3197,0.0159083697,2025-12-04T10:43:07.663652
3198,1,3198,0.0159250777,2025-12-04T10:43:07.739225
3199,1,3199,0.0162632782,2025-12-04T10:43:07.812600
3200,1,3200,0.0162831395,2025-12-04T10:43:07.884848
3201,1,3201,0.016254777,2025-12-04T10:43:07.958058
3202,1,3202,0.0163001865,2025-12-04T10:43:08.000302
3203,1,3203,0.0163010861,2025-12-04T10:43:08.042813
3204,1,3204,0.0163043178,2025-12-04T10:43:08.063428
3205,1,3205,0.01629862,2025-12-04T10:43:08.083726
3206,1,3206,0.0163008607,2025-12-04T10:43:08.104047
3207,1,3207,0.0163019616,2025-12-04T10:43:08.124076
3208,1,3208,0.016295854,2025-12-04T10:43:08.198083
3209,1,3209,0.0163026358,2025-12-04T10:43:08.271185
3210,1,3210,0.0163042191,2025-12-04T10:43:08.343704
3211,1,3211,0.0163050591,2025-12-04T10:43:08.386063
3212,1,3212,0.0163048971,2025-12-04T10:43:08.428167
3213,1,3213,0.0162512138,2025-12-04T10:43:08.448905
3214,1,3214,0.0163100324,2025-12-04T10:43:08.521241
3215,1,3215,0.0163117181,2025-12-04T10:43:08.594272
3216,1,3216,0.0162975564,2025-12-04T10:43:08.666506
3217,1,3217,0.0163087472,2025-12-04T10:43:08.739339
3218,1,3218,0.0163109861,2025-12-04T10:43:08.782281
3219,1,3219,0.0163087677,2025-12-04T10:43:08.824396
3220,1,3220,0.0163052473,2025-12-04T10:43:08.896875
3221,1,3221,0.0163196269,2025-12-04T10:43:08.970029
3222,1,3222,0.0164213385,2025-12-04T10:43:09.042767
3223,1,3223,0.0163343418,2025-12-04T10:43:09.084907
3224,1,3224,0.0163357127,2025-12-04T10:43:09.127663
3225,1,3225,0.0163367651,2025-12-04T10:43:09.147946
3226,1,3226,0.0163338519,2025-12-04T10:43:09.168049
3227,1,3227,0.0163325797,2025-12-04T10:43:09.187940
3228,1,3228,0.0163372512,2025-12-04T10:43:09.207893
3229,1,3229,0.0163353625,2025-12-04T10:43:09.228162
3230,1,3230,0.0163211915,2025-12-04T10:43:09.301341
3231,1,3231,0.0163147654,2025-12-04T10:43:09.374022
3232,1,3232,0.016289791,2025-12-04T10:43:09.446811
3233,1,3233,0.0163329746,2025-12-04T10:43:09.488592
3234,1,3234,0.0163174029,2025-12-04T10:43:09.531507
3235,1,3235,0.0163197237,2025-12-04T10:43:09.604041
3236,1,3236,0.0163157712,2025-12-04T10:43:09.676922
3237,1,3237,0.0163176916,2025-12-04T10:43:09.749725
3238,1,3238,0.0163119342,2025-12-04T10:43:09.792111
3239,1,3239,0.0163165759,2025-12-04T10:43:09.834088
3240,1,3240,0.016319843,2025-12-04T10:43:09.907096
3241,1,3241,0.0163358636,2025-12-04T10:43:09.980002
3242,1,3242,0.0163197498,2025-12-04T10:43:10.052265
3243,1,3243,0.0163240619,2025-12-04T10:43:10.094899
3244,1,3244,0.0163227245,2025-12-04T10:43:10.137563
3245,1,3245,0.016309781,2025-12-04T10:43:10.209981
3246,1,3246,0.0163192283,2025-12-04T10:43:10.283124
3247,1,3247,0.0163189154,2025-12-04T10:43:10.355697
3248,1,3248,0.0163175351,2025-12-04T10:43:10.398268
3249,1,3249,0.0163203366,2025-12-04T10:43:10.440464
3250,1,3250,0.0162414815,2025-12-04T10:43:10.460517
3251,1,3251,0.0163224991,2025-12-04T10:43:10.533574
3252,1,3252,0.0163178462,2025-12-04T10:43:10.606139
3253,1,3253,0.0163225289,2025-12-04T10:43:10.678878
3254,1,3254,0.0163228996,2025-12-04T10:43:10.720935
3255,1,3255,0.0163196902,2025-12-04T10:43:10.764687
3256,1,3256,0.0163177214,2025-12-04T10:43:10.838968
3257,1,3257,0.0163205806,2025-12-04T10:43:10.912330
3258,1,3258,0.0163309928,2025-12-04T10:43:10.984453
3259,1,3259,0.0163093842,2025-12-04T10:43:11.027286
3260,1,3260,0.0163090657,2025-12-04T10:43:11.070283
3261,1,3261,0.0163104161,2025-12-04T10:43:11.142250
3262,1,3262,0.0163103435,2025-12-04T10:43:11.214947
3263,1,3263,0.0163093898,2025-12-04T10:43:11.287490
3264,1,3264,0.0163082983,2025-12-04T10:43:11.330333
3265,1,3265,0.0163119584,2025-12-04T10:43:11.372680
3266,1,3266,0.0163097754,2025-12-04T10:43:11.393250
3267,1,3267,0.0162206776,2025-12-04T10:43:11.465464
3268,1,3268,0.0163142345,2025-12-04T10:43:11.537981
3269,1,3269,0.0163075011,2025-12-04T10:43:11.611223
3270,1,3270,0.01630776,2025-12-04T10:43:11.653806
3271,1,3271,0.0163077749,2025-12-04T10:43:11.695988
3272,1,3272,0.0163051467,2025-12-04T10:43:11.716305
3273,1,3273,0.0163117293,2025-12-04T10:43:11.788364
3274,1,3274,0.0163120403,2025-12-04T10:43:11.861052
3275,1,3275,0.0163100287,2025-12-04T10:43:11.934055
3276,1,3276,0.0163335725,2025-12-04T10:43:11.976628
3277,1,3277,0.0163066983,2025-12-04T10:43:12.018741
3278,1,3278,0.0163025408,2025-12-04T10:43:12.091849
3279,1,3279,0.0163088198,2025-12-04T10:43:12.164425
3280,1,3280,0.0163059681,2025-12-04T10:43:12.236734
3281,1,3281,0.0163067616,2025-12-04T10:43:12.279301
3282,1,3282,0.0163082797,2025-12-04T10:43:12.321711
3283,1,3283,0.0163079537,2025-12-04T10:43:12.395005
3284,1,3284,0.0162847377,2025-12-04T10:43:12.467103
3285,1,3285,0.0162996761,2025-12-04T10:43:12.540436
3286,1,3286,0.0163002572,2025-12-04T10:43:12.582646
3287,1,3287,0.0163006335,2025-12-04T10:43:12.624594
3288,1,3288,0.0163213312,2025-12-04T10:43:12.697722
3289,1,3289,0.0163151919,2025-12-04T10:43:12.770083
3290,1,3290,0.0163214001,2025-12-04T10:43:12.842712
3291,1,3291,0.0163126923,2025-12-04T10:43:12.885151
3292,1,3292,0.0163096114,2025-12-04T10:43:12.927740
3293,1,3293,0.0163129363,2025-12-04T10:43:12.947599
3294,1,3294,0.016311869,2025-12-04T10:43:13.020539
3295,1,3295,0.0163164008,2025-12-04T10:43:13.093366
3296,1,3296,0.016313035,2025-12-04T10:43:13.166373
3297,1,3297,0.016305197,2025-12-04T10:43:13.209002
3298,1,3298,0.0163062941,2025-12-04T10:43:13.251353
3299,1,3299,0.0163060259,2025-12-04T10:43:13.323978
3300,1,3300,0.0163086485,2025-12-04T10:43:13.396425
3301,1,3301,0.0163076166,2025-12-04T10:43:13.469268
3302,1,3302,0.016310228,2025-12-04T10:43:13.511787
3303,1,3303,0.0163001008,2025-12-04T10:43:13.553830
3304,1,3304,0.0163073483,2025-12-04T10:43:13.627169
3305,1,3305,0.0163131505,2025-12-04T10:43:13.699718
3306,1,3306,0.0163157116,2025-12-04T10:43:13.772033
3307,1,3307,0.0163164585,2025-12-04T10:43:13.814859
3308,1,3308,0.0163229145,2025-12-04T10:43:13.857342
3309,1,3309,0.016317876,2025-12-04T10:43:13.877978
3310,1,3310,0.0163155291,2025-12-04T10:43:13.949993
3311,1,3311,0.0163071341,2025-12-04T10:43:14.022859
3312,1,3312,0.0163089781,2025-12-04T10:43:14.095287
3313,1,3313,0.0163134224,2025-12-04T10:43:14.137700
3314,1,3314,0.0163148604,2025-12-04T10:43:14.180335
3315,1,3315,0.0163133293,2025-12-04T10:43:14.253021
3316,1,3316,0.0163169689,2025-12-04T10:43:14.325612
3317,1,3317,0.0163108259,2025-12-04T10:43:14.398734
3318,1,3318,0.0163139682,2025-12-04T10:43:14.441200
3319,1,3319,0.0163222681,2025-12-04T10:43:14.483603
3320,1,3320,0.0163225047,2025-12-04T10:43:14.556383
3321,1,3321,0.0163208283,2025-12-04T10:43:14.629009
3322,1,3322,0.0163146015,2025-12-04T10:43:14.701398
3323,1,3323,0.0162505079,2025-12-04T10:43:14.743764
3324,1,3324,0.016324345,2025-12-04T10:43:14.786497
3325,1,3325,0.0163226854,2025-12-04T10:43:14.806440
3326,1,3326,0.0163159668,2025-12-04T10:43:14.878981
3327,1,3327,0.0163160618,2025-12-04T10:43:14.952005
3328,1,3328,0.0163162369,2025-12-04T10:43:15.024843
3329,1,3329,0.0167013052,2025-12-04T10:43:15.067403
3330,1,3330,0.0163893308,2025-12-04T10:43:15.109711
3331,1,3331,0.0163371916,2025-12-04T10:43:15.182422
3332,1,3332,0.016310187,2025-12-04T10:43:15.255291
3333,1,3333,0.0163379088,2025-12-04T10:43:15.327858
3334,1,3334,0.0163429491,2025-12-04T10:43:15.369885
3335,1,3335,0.0163515601,2025-12-04T10:43:15.412919
3336,1,3336,0.0163415353,2025-12-04T10:43:15.487011
3337,1,3337,0.0163423195,2025-12-04T10:43:15.559891
3338,1,3338,0.0163431484,2025-12-04T10:43:15.632653
3339,1,3339,0.0163491647,2025-12-04T10:43:15.675054
3340,1,3340,0.0163533594,2025-12-04T10:43:15.717926
3341,1,3341,0.0163365136,2025-12-04T10:43:15.737894
3342,1,3342,0.0163546875,2025-12-04T10:43:15.810565
3343,1,3343,0.0163556914,2025-12-04T10:43:15.883275
3344,1,3344,0.0163553524,2025-12-04T10:43:15.956189
3345,1,3345,0.0163504593,2025-12-04T10:43:15.998555
3346,1,3346,0.016347533,2025-12-04T10:43:16.040943
3347,1,3347,0.0163503922,2025-12-04T10:43:16.113357
3348,1,3348,0.0163573045,2025-12-04T10:43:16.186153
3349,1,3349,0.0163040738,2025-12-04T10:43:16.259257
3350,1,3350,0.0163679718,2025-12-04T10:43:16.301790
3351,1,3351,0.0163567773,2025-12-04T10:43:16.343592
3352,1,3352,0.0163549818,2025-12-04T10:43:16.363724
3353,1,3353,0.0163491033,2025-12-04T10:43:16.436393
3354,1,3354,0.0163421649,2025-12-04T10:43:16.509337
3355,1,3355,0.0163416117,2025-12-04T10:43:16.581802
3356,1,3356,0.0163473952,2025-12-04T10:43:16.624802
3357,1,3357,0.0163428373,2025-12-04T10:43:16.667115
3358,1,3358,0.0163486339,2025-12-04T10:43:16.739818
3359,1,3359,0.0163441281,2025-12-04T10:43:16.812350
3360,1,3360,0.0163501501,2025-12-04T10:43:16.885253
3361,1,3361,0.0163586288,2025-12-04T10:43:16.927693
3362,1,3362,0.0163268223,2025-12-04T10:43:16.969805
3363,1,3363,0.0163251813,2025-12-04T10:43:17.042372
3364,1,3364,0.016321823,2025-12-04T10:43:17.115675
3365,1,3365,0.0163287911,2025-12-04T10:43:17.188255
3366,1,3366,0.0162875056,2025-12-04T10:43:17.230830
3367,1,3367,0.016277546,2025-12-04T10:43:17.273165
3368,1,3368,0.0162869468,2025-12-04T10:43:17.293100
3369,1,3369,0.0162540618,2025-12-04T10:43:17.365956
3370,1,3370,0.0162556283,2025-12-04T10:43:17.438450
3371,1,3371,0.016235629,2025-12-04T10:43:17.511597
3372,1,3372,0.016247712,2025-12-04T10:43:17.553536
3373,1,3373,0.0162407401,2025-12-04T10:43:17.596241
3374,1,3374,0.0162353906,2025-12-04T10:43:17.669674
3375,1,3375,0.0162273477,2025-12-04T10:43:17.742765
3376,1,3376,0.0162399355,2025-12-04T10:43:17.815523
3377,1,3377,0.0162334945,2025-12-04T10:43:17.858107
3378,1,3378,0.0162344016,2025-12-04T10:43:17.900251
3379,1,3379,0.0162346307,2025-12-04T10:43:17.920209
3380,1,3380,0.0162385441,2025-12-04T10:43:17.993154
3381,1,3381,0.0162791833,2025-12-04T10:43:18.065862
3382,1,3382,0.0162462629,2025-12-04T10:43:18.138251
3383,1,3383,0.0162308961,2025-12-04T10:43:18.180571
3384,1,3384,0.0162394773,2025-12-04T10:43:18.223060
3385,1,3385,0.0162452384,2025-12-04T10:43:18.295700
3386,1,3386,0.0162442401,2025-12-04T10:43:18.368711
3387,1,3387,0.0162391867,2025-12-04T10:43:18.441186
3388,1,3388,0.0162383913,2025-12-04T10:43:18.483521
3389,1,3389,0.0162369757,2025-12-04T10:43:18.525950
3390,1,3390,0.0162493418,2025-12-04T10:43:18.545630
3391,1,3391,0.0162595547,2025-12-04T10:43:18.619007
3392,1,3392,0.0162621662,2025-12-04T10:43:18.691627
3393,1,3393,0.0162871647,2025-12-04T10:43:18.764289
3394,1,3394,0.0162411313,2025-12-04T10:43:18.806861
3395,1,3395,0.0162456408,2025-12-04T10:43:18.849300
3396,1,3396,0.0162291787,2025-12-04T10:43:18.921942
3397,1,3397,0.0162378307,2025-12-04T10:43:18.994669
3398,1,3398,0.0162394735,2025-12-04T10:43:19.067404
3399,1,3399,0.0162296686,2025-12-04T10:43:19.109884
3400,1,3400,0.0162252616,2025-12-04T10:43:19.152237
3401,1,3401,0.0161805395,2025-12-04T10:43:19.224982
3402,1,3402,0.0161845665,2025-12-04T10:43:19.297624
3403,1,3403,0.0161889027,2025-12-04T10:43:19.370432
3404,1,3404,0.0161877516,2025-12-04T10:43:19.412930
3405,1,3405,0.0161997359,2025-12-04T10:43:19.455564
3406,1,3406,0.0161958914,2025-12-04T10:43:19.475762
3407,1,3407,0.0161849539,2025-12-04T10:43:19.548228
3408,1,3408,0.0161663759,2025-12-04T10:43:19.621384
3409,1,3409,0.0161690115,2025-12-04T10:43:19.694100
3410,1,3410,0.0161561388,2025-12-04T10:43:19.736124
3411,1,3411,0.0161538477,2025-12-04T10:43:19.779116
3412,1,3412,0.0161374323,2025-12-04T10:43:19.851522
3413,1,3413,0.0161245726,2025-12-04T10:43:19.924372
3414,1,3414,0.0159201063,2025-12-04T10:43:19.997129
3415,1,3415,0.015933765,2025-12-04T10:43:20.039569
3416,1,3416,0.0159216988,2025-12-04T10:43:20.081832
3417,1,3417,0.0159308724,2025-12-04T10:43:20.173034
3418,1,3418,0.0159599073,2025-12-04T10:43:20.244362
3419,1,3419,0.0159589741,2025-12-04T10:43:20.286755
3420,1,3420,0.0159500204,2025-12-04T10:43:20.329306
3421,1,3421,0.0159376226,2025-12-04T10:43:20.349746
3422,1,3422,0.0159188788,2025-12-04T10:43:20.421943
3423,1,3423,0.0159014202,2025-12-04T10:43:20.494655
3424,1,3424,0.0159017387,2025-12-04T10:43:20.568025
3425,1,3425,0.0159000512,2025-12-04T10:43:20.610078
3426,1,3426,0.0159023944,2025-12-04T10:43:20.652207
3427,1,3427,0.0158932991,2025-12-04T10:43:20.672335
3428,1,3428,0.0160439964,2025-12-04T10:43:20.745063
3429,1,3429,0.0164089184,2025-12-04T10:43:20.818003
3430,1,3430,0.0164065156,2025-12-04T10:43:20.891003
3431,1,3431,0.0164473708,2025-12-04T10:43:20.933440
3432,1,3432,0.016456779,2025-12-04T10:43:20.975826
3433,1,3433,0.0164535958,2025-12-04T10:43:21.048552
3434,1,3434,0.0164541602,2025-12-04T10:43:21.121249
3435,1,3435,0.0164485108,2025-12-04T10:43:21.193963
3436,1,3436,0.0164471771,2025-12-04T10:43:21.235804
3437,1,3437,0.016491834,2025-12-04T10:43:21.279040
3438,1,3438,0.0164484847,2025-12-04T10:43:21.351655
3439,1,3439,0.0164438225,2025-12-04T10:43:21.423855
3440,1,3440,0.0164449997,2025-12-04T10:43:21.496979
3441,1,3441,0.0164427962,2025-12-04T10:43:21.538958
3442,1,3442,0.0164358094,2025-12-04T10:43:21.581789
3443,1,3443,0.0164348576,2025-12-04T10:43:21.601762
3444,1,3444,0.0164304543,2025-12-04T10:43:21.674573
3445,1,3445,0.016425006,2025-12-04T10:43:21.747302
3446,1,3446,0.0164332576,2025-12-04T10:43:21.819747
3447,1,3447,0.0164278931,2025-12-04T10:43:21.862859
3448,1,3448,0.016425779,2025-12-04T10:43:21.904575
3449,1,3449,0.0164160206,2025-12-04T10:43:21.977856
3450,1,3450,0.0164232999,2025-12-04T10:43:22.050532
3451,1,3451,0.0164192784,2025-12-04T10:43:22.123147
3452,1,3452,0.0164217017,2025-12-04T10:43:22.165553
3453,1,3453,0.01642045,2025-12-04T10:43:22.208407
3454,1,3454,0.0164185874,2025-12-04T10:43:22.280387
3455,1,3455,0.0164231825,2025-12-04T10:43:22.353051
3456,1,3456,0.0164247378,2025-12-04T10:43:22.426195
3457,1,3457,0.0164228081,2025-12-04T10:43:22.468272
3458,1,3458,0.0164218936,2025-12-04T10:43:22.510941
3459,1,3459,0.0164252836,2025-12-04T10:43:22.531624
3460,1,3460,0.0164204053,2025-12-04T10:43:22.603820
3461,1,3461,0.016412191,2025-12-04T10:43:22.676200
3462,1,3462,0.0164152067,2025-12-04T10:43:22.749290
3463,1,3463,0.0164634436,2025-12-04T10:43:22.792304
3464,1,3464,0.01642517,2025-12-04T10:43:22.834642
3465,1,3465,0.0163987409,2025-12-04T10:43:22.907010
3466,1,3466,0.0164175909,2025-12-04T10:43:22.979278
3467,1,3467,0.0163959003,2025-12-04T10:43:23.051880
3468,1,3468,0.016380418,2025-12-04T10:43:23.125157
3469,1,3469,0.0163784287,2025-12-04T10:43:23.197720
3470,1,3470,0.0163866225,2025-12-04T10:43:23.240176
3471,1,3471,0.0164216272,2025-12-04T10:43:23.282265
3472,1,3472,0.0163950752,2025-12-04T10:43:23.302197
3473,1,3473,0.0163855683,2025-12-04T10:43:23.322264
3474,1,3474,0.0163821652,2025-12-04T10:43:23.342690
3475,1,3475,0.0163801796,2025-12-04T10:43:23.417472
3476,1,3476,0.0163710564,2025-12-04T10:43:23.489767
3477,1,3477,0.0163661353,2025-12-04T10:43:23.561812
3478,1,3478,0.0163589473,2025-12-04T10:43:23.604318
3479,1,3479,0.016365543,2025-12-04T10:43:23.646711
3480,1,3480,0.0163585916,2025-12-04T10:43:23.666545
3481,1,3481,0.0163543634,2025-12-04T10:43:23.739731
3482,1,3482,0.0160098765,2025-12-04T10:43:23.812485
3483,1,3483,0.0158740486,2025-12-04T10:43:23.885198
3484,1,3484,0.0158693585,2025-12-04T10:43:23.928190
3485,1,3485,0.0158691331,2025-12-04T10:43:23.970059
3486,1,3486,0.0158492773,2025-12-04T10:43:24.042789
3487,1,3487,0.0158631317,2025-12-04T10:43:24.115748
3488,1,3488,0.015881624,2025-12-04T10:43:24.188601
3489,1,3489,0.0159071534,2025-12-04T10:43:24.230970
3490,1,3490,0.0160376876,2025-12-04T10:43:24.273523
3491,1,3491,0.0158562418,2025-12-04T10:43:24.348937
3492,1,3492,0.0158637817,2025-12-04T10:43:24.422313
3493,1,3493,0.015862409,2025-12-04T10:43:24.494146
3494,1,3494,0.0158714242,2025-12-04T10:43:24.536637
3495,1,3495,0.0158661641,2025-12-04T10:43:24.579138
3496,1,3496,0.0158679485,2025-12-04T10:43:24.599182
3497,1,3497,0.015889164,2025-12-04T10:43:24.672038
3498,1,3498,0.0158688668,2025-12-04T10:43:24.744880
3499,1,3499,0.0158653184,2025-12-04T10:43:24.817301
3500,1,3500,0.0158635694,2025-12-04T10:43:24.860396
3501,1,3501,0.0158587899,2025-12-04T10:43:24.902263
3502,1,3502,0.0158653426,2025-12-04T10:43:24.975151
3503,1,3503,0.0158644616,2025-12-04T10:43:25.048150
3504,1,3504,0.0158846285,2025-12-04T10:43:25.120676
3505,1,3505,0.0158923268,2025-12-04T10:43:25.163158
3506,1,3506,0.0158929359,2025-12-04T10:43:25.205641
3507,1,3507,0.0158865973,2025-12-04T10:43:25.226029
3508,1,3508,0.0158549342,2025-12-04T10:43:25.298361
3509,1,3509,0.0158440899,2025-12-04T10:43:25.371284
3510,1,3510,0.0158457066,2025-12-04T10:43:25.413769
3511,1,3511,0.0158425066,2025-12-04T10:43:25.455964
3512,1,3512,0.0158427786,2025-12-04T10:43:25.531869
3513,1,3513,0.0158489737,2025-12-04T10:43:25.604488
3514,1,3514,0.0158496163,2025-12-04T10:43:25.677586
3515,1,3515,0.015846366,2025-12-04T10:43:25.719634
3516,1,3516,0.015817197,2025-12-04T10:43:25.762137
3517,1,3517,0.0158411283,2025-12-04T10:43:25.782920
3518,1,3518,0.0158365909,2025-12-04T10:43:25.854885
3519,1,3519,0.0158380791,2025-12-04T10:43:25.928058
3520,1,3520,0.0158445183,2025-12-04T10:43:26.000294
3521,1,3521,0.015867941,2025-12-04T10:43:26.043046
3522,1,3522,0.0158508475,2025-12-04T10:43:26.084949
3523,1,3523,0.0158522538,2025-12-04T10:43:26.158165
3524,1,3524,0.0158421806,2025-12-04T10:43:26.230214
3525,1,3525,0.0158599372,2025-12-04T10:43:26.303464
3526,1,3526,0.0158616043,2025-12-04T10:43:26.345955
3527,1,3527,0.0160304363,2025-12-04T10:43:26.388298
3528,1,3528,0.0158632453,2025-12-04T10:43:26.408892
3529,1,3529,0.0158574711,2025-12-04T10:43:26.481231
3530,1,3530,0.0158576536,2025-12-04T10:43:26.554018
3531,1,3531,0.0158536173,2025-12-04T10:43:26.626539
3532,1,3532,0.0158454421,2025-12-04T10:43:26.668734
3533,1,3533,0.0158403385,2025-12-04T10:43:26.711613
3534,1,3534,0.0158233884,2025-12-04T10:43:26.783758
3535,1,3535,0.0158390309,2025-12-04T10:43:26.857153
3536,1,3536,0.015853431,2025-12-04T10:43:26.929380
3537,1,3537,0.0158369094,2025-12-04T10:43:26.972299
3538,1,3538,0.015836494,2025-12-04T10:43:27.014374
3539,1,3539,0.0158499255,2025-12-04T10:43:27.034320
3540,1,3540,0.0158586166,2025-12-04T10:43:27.107506
3541,1,3541,0.0158400144,2025-12-04T10:43:27.180050
3542,1,3542,0.0158489271,2025-12-04T10:43:27.252741
3543,1,3543,0.0158971417,2025-12-04T10:43:27.294979
3544,1,3544,0.0158845521,2025-12-04T10:43:27.337670
3545,1,3545,0.0158754941,2025-12-04T10:43:27.410510
3546,1,3546,0.0158733222,2025-12-04T10:43:27.483350
3547,1,3547,0.0158724244,2025-12-04T10:43:27.555861
3548,1,3548,0.0158604122,2025-12-04T10:43:27.599051
3549,1,3549,0.0158710647,2025-12-04T10:43:27.640730
3550,1,3550,0.0158641953,2025-12-04T10:43:27.714387
3551,1,3551,0.0158686656,2025-12-04T10:43:27.787232
3552,1,3552,0.0158699415,2025-12-04T10:43:27.860083
3553,1,3553,0.015861202,2025-12-04T10:43:27.902204
3554,1,3554,0.0158526226,2025-12-04T10:43:27.944812
3555,1,3555,0.0158434845,2025-12-04T10:43:27.964960
3556,1,3556,0.0158276297,2025-12-04T10:43:28.037713
3557,1,3557,0.0158241409,2025-12-04T10:43:28.110448
3558,1,3558,0.0158501733,2025-12-04T10:43:28.183245
3559,1,3559,0.0158409737,2025-12-04T10:43:28.225582
3560,1,3560,0.0158118158,2025-12-04T10:43:28.267428
3561,1,3561,0.0158449746,2025-12-04T10:43:28.340691
3562,1,3562,0.0158397108,2025-12-04T10:43:28.413329
3563,1,3563,0.0158308334,2025-12-04T10:43:28.485603
3564,1,3564,0.0158404987,2025-12-04T10:43:28.528138
3565,1,3565,0.0158365219,2025-12-04T10:43:28.570567
3566,1,3566,0.0158361643,2025-12-04T10:43:28.590426
3567,1,3567,0.0158326681,2025-12-04T10:43:28.663470
3568,1,3568,0.0158320311,2025-12-04T10:43:28.736127
3569,1,3569,0.0158427227,2025-12-04T10:43:28.808881
3570,1,3570,0.0158214885,2025-12-04T10:43:28.881482
3571,1,3571,0.015822174,2025-12-04T10:43:28.924143
3572,1,3572,0.0158187057,2025-12-04T10:43:28.966471
3573,1,3573,0.0158251971,2025-12-04T10:43:28.986393
3574,1,3574,0.0158272571,2025-12-04T10:43:29.006322
3575,1,3575,0.0158198606,2025-12-04T10:43:29.026157
3576,1,3576,0.0158272404,2025-12-04T10:43:29.098629
3577,1,3577,0.0158479791,2025-12-04T10:43:29.171322
3578,1,3578,0.0158358942,2025-12-04T10:43:29.244254
3579,1,3579,0.0158263146,2025-12-04T10:43:29.286578
3580,1,3580,0.0158420689,2025-12-04T10:43:29.328932
3581,1,3581,0.0158474445,2025-12-04T10:43:29.348893
3582,1,3582,0.0158357769,2025-12-04T10:43:29.421850
3583,1,3583,0.015838189,2025-12-04T10:43:29.494682
3584,1,3584,0.0158286411,2025-12-04T10:43:29.567302
3585,1,3585,0.0158272702,2025-12-04T10:43:29.609780
3586,1,3586,0.0158225633,2025-12-04T10:43:29.652193
3587,1,3587,0.0158283375,2025-12-04T10:43:29.672101
3588,1,3588,0.015819095,2025-12-04T10:43:29.745148
3589,1,3589,0.0158327259,2025-12-04T10:43:29.817904
3590,1,3590,0.0158265158,2025-12-04T10:43:29.860247
3591,1,3591,0.0158249139,2025-12-04T10:43:29.902668
3592,1,3592,0.015829591,2025-12-04T10:43:29.981010
3593,1,3593,0.0158354043,2025-12-04T10:43:30.047989
3594,1,3594,0.0158361662,2025-12-04T10:43:30.090548
3595,1,3595,0.015837498,2025-12-04T10:43:30.132892
3596,1,3596,0.0158403273,2025-12-04T10:43:30.152813
3597,1,3597,0.0158373732,2025-12-04T10:43:30.172651
3598,1,3598,0.0158231686,2025-12-04T10:43:30.246244
3599,1,3599,0.0158548764,2025-12-04T10:43:30.318846
3600,1,3600,0.0158453695,2025-12-04T10:43:30.391931
3601,1,3601,0.015841756,2025-12-04T10:43:30.433988
3602,1,3602,0.015836643,2025-12-04T10:43:30.476846
3603,1,3603,0.0158299412,2025-12-04T10:43:30.549264
3604,1,3604,0.0158323477,2025-12-04T10:43:30.621781
3605,1,3605,0.0158317741,2025-12-04T10:43:30.694786
3606,1,3606,0.0158344954,2025-12-04T10:43:30.737332
3607,1,3607,0.0157734788,2025-12-04T10:43:30.779356
3608,1,3608,0.0158668924,2025-12-04T10:43:30.799276
3609,1,3609,0.0158355161,2025-12-04T10:43:30.872371
3610,1,3610,0.0158319957,2025-12-04T10:43:30.945560
3611,1,3611,0.0158333908,2025-12-04T10:43:31.018144
3612,1,3612,0.0158348232,2025-12-04T10:43:31.060946
3613,1,3613,0.0158383678,2025-12-04T10:43:31.103048
3614,1,3614,0.0158405452,2025-12-04T10:43:31.176026
3615,1,3615,0.0158440805,2025-12-04T10:43:31.248675
3616,1,3616,0.0158598497,2025-12-04T10:43:31.321758
3617,1,3617,0.0158499833,2025-12-04T10:43:31.363503
3618,1,3618,0.0158436391,2025-12-04T10:43:31.406008
3619,1,3619,0.0158434528,2025-12-04T10:43:31.478420
3620,1,3620,0.0158332865,2025-12-04T10:43:31.551400
3621,1,3621,0.0158237703,2025-12-04T10:43:31.623998
3622,1,3622,0.0158332251,2025-12-04T10:43:31.666331
3623,1,3623,0.0158359613,2025-12-04T10:43:31.708856
3624,1,3624,0.0158372242,2025-12-04T10:43:31.729436
3625,1,3625,0.0158651601,2025-12-04T10:43:31.801793
3626,1,3626,0.0158409308,2025-12-04T10:43:31.874494
3627,1,3627,0.0158285405,2025-12-04T10:43:31.947268
3628,1,3628,0.0158282946,2025-12-04T10:43:31.989896
3629,1,3629,0.0158271063,2025-12-04T10:43:32.032583
3630,1,3630,0.0158270802,2025-12-04T10:43:32.104977
3631,1,3631,0.015827164,2025-12-04T10:43:32.177740
3632,1,3632,0.0158324707,2025-12-04T10:43:32.249976
3633,1,3633,0.0157567895,2025-12-04T10:43:32.292298
3634,1,3634,0.0158524084,2025-12-04T10:43:32.334921
3635,1,3635,0.0158385708,2025-12-04T10:43:32.355567
3636,1,3636,0.0158325675,2025-12-04T10:43:32.427681
3637,1,3637,0.0158250052,2025-12-04T10:43:32.500577
3638,1,3638,0.0158328823,2025-12-04T10:43:32.573234
3639,1,3639,0.0158447604,2025-12-04T10:43:32.615630
3640,1,3640,0.0158403478,2025-12-04T10:43:32.658520
3641,1,3641,0.0158393923,2025-12-04T10:43:32.731344
3642,1,3642,0.0158555861,2025-12-04T10:43:32.803692
3643,1,3643,0.0158384516,2025-12-04T10:43:32.876407
3644,1,3644,0.0158428791,2025-12-04T10:43:32.918816
3645,1,3645,0.0158307477,2025-12-04T10:43:32.961589
3646,1,3646,0.0158266779,2025-12-04T10:43:33.033953
3647,1,3647,0.0158290714,2025-12-04T10:43:33.106807
3648,1,3648,0.015832642,2025-12-04T10:43:33.179418
3649,1,3649,0.0158378873,2025-12-04T10:43:33.222011
3650,1,3650,0.0158402249,2025-12-04T10:43:33.264589
3651,1,3651,0.0157826542,2025-12-04T10:43:33.284621
3652,1,3652,0.0158522259,2025-12-04T10:43:33.357430
3653,1,3653,0.0158451534,2025-12-04T10:43:33.429940
3654,1,3654,0.0158426668,2025-12-04T10:43:33.502764
3655,1,3655,0.0158372279,2025-12-04T10:43:33.545083
3656,1,3656,0.0158379692,2025-12-04T10:43:33.587634
3657,1,3657,0.0158284716,2025-12-04T10:43:33.660320
3658,1,3658,0.0158353839,2025-12-04T10:43:33.732610
3659,1,3659,0.0158452112,2025-12-04T10:43:33.805778
3660,1,3660,0.0158571097,2025-12-04T10:43:33.848570
3661,1,3661,0.0158373396,2025-12-04T10:43:33.890597
3662,1,3662,0.0158406887,2025-12-04T10:43:33.963342
3663,1,3663,0.0158451329,2025-12-04T10:43:34.035798
3664,1,3664,0.015841756,2025-12-04T10:43:34.108723
3665,1,3665,0.0158426798,2025-12-04T10:43:34.151217
3666,1,3666,0.0158476401,2025-12-04T10:43:34.193064
3667,1,3667,0.015851384,2025-12-04T10:43:34.213051
3668,1,3668,0.015793737,2025-12-04T10:43:34.285959
3669,1,3669,0.0158779174,2025-12-04T10:43:34.358769
3670,1,3670,0.0158565696,2025-12-04T10:43:34.431446
3671,1,3671,0.0158586781,2025-12-04T10:43:34.474553
3672,1,3672,0.0158815309,2025-12-04T10:43:34.516330
3673,1,3673,0.0158641822,2025-12-04T10:43:34.589543
3674,1,3674,0.0158597137,2025-12-04T10:43:34.662117
3675,1,3675,0.0158705525,2025-12-04T10:43:34.734970
3676,1,3676,0.015874762,2025-12-04T10:43:34.777230
3677,1,3677,0.0159206539,2025-12-04T10:43:34.819879
3678,1,3678,0.015891632,2025-12-04T10:43:34.895054
3679,1,3679,0.0158766657,2025-12-04T10:43:34.967897
3680,1,3680,0.0158834625,2025-12-04T10:43:35.041092
3681,1,3681,0.0158786997,2025-12-04T10:43:35.083046
3682,1,3682,0.0158835034,2025-12-04T10:43:35.125920
3683,1,3683,0.0158873163,2025-12-04T10:43:35.146140
3684,1,3684,0.015883712,2025-12-04T10:43:35.218730
3685,1,3685,0.0157979112,2025-12-04T10:43:35.290967
3686,1,3686,0.0158615298,2025-12-04T10:43:35.364425
3687,1,3687,0.0158602688,2025-12-04T10:43:35.406575
3688,1,3688,0.0158543754,2025-12-04T10:43:35.448649
3689,1,3689,0.0158508401,2025-12-04T10:43:35.521675
3690,1,3690,0.0158522408,2025-12-04T10:43:35.594529
3691,1,3691,0.0158798526,2025-12-04T10:43:35.667281
3692,1,3692,0.0158574953,2025-12-04T10:43:35.709763
3693,1,3693,0.0158576592,2025-12-04T10:43:35.752043
3694,1,3694,0.0158879701,2025-12-04T10:43:35.827294
3695,1,3695,0.015877556,2025-12-04T10:43:35.900575
3696,1,3696,0.0159347597,2025-12-04T10:43:35.973312
3697,1,3697,0.0159229282,2025-12-04T10:43:36.015170
3698,1,3698,0.01594498,2025-12-04T10:43:36.058092
3699,1,3699,0.0159435067,2025-12-04T10:43:36.078525
3700,1,3700,0.0159555394,2025-12-04T10:43:36.150931
3701,1,3701,0.015957456,2025-12-04T10:43:36.223278
3702,1,3702,0.0158795081,2025-12-04T10:43:36.296362
3703,1,3703,0.0159648228,2025-12-04T10:43:36.338776
3704,1,3704,0.0159652978,2025-12-04T10:43:36.381589
3705,1,3705,0.0159710459,2025-12-04T10:43:36.453994
3706,1,3706,0.0159657876,2025-12-04T10:43:36.526602
3707,1,3707,0.0159739479,2025-12-04T10:43:36.599153
3708,1,3708,0.0159714855,2025-12-04T10:43:36.641391
3709,1,3709,0.0159588381,2025-12-04T10:43:36.684103
3710,1,3710,0.0158897191,2025-12-04T10:43:36.756584
3711,1,3711,0.0158608984,2025-12-04T10:43:36.829353
3712,1,3712,0.0158622972,2025-12-04T10:43:36.902516
3713,1,3713,0.015859941,2025-12-04T10:43:36.944511
3714,1,3714,0.015871251,2025-12-04T10:43:36.987403
3715,1,3715,0.0160338506,2025-12-04T10:43:37.060771
3716,1,3716,0.0158228762,2025-12-04T10:43:37.133636
3717,1,3717,0.0158259645,2025-12-04T10:43:37.206539
3718,1,3718,0.0158212389,2025-12-04T10:43:37.248500
3719,1,3719,0.0157728474,2025-12-04T10:43:37.291345
3720,1,3720,0.0158480014,2025-12-04T10:43:37.311397
3721,1,3721,0.0158292651,2025-12-04T10:43:37.384156
3722,1,3722,0.0158287826,2025-12-04T10:43:37.456768
3723,1,3723,0.0158381629,2025-12-04T10:43:37.529637
3724,1,3724,0.0158487986,2025-12-04T10:43:37.571901
3725,1,3725,0.0158438496,2025-12-04T10:43:37.614627
3726,1,3726,0.0158432852,2025-12-04T10:43:37.634709
3727,1,3727,0.0158470552,2025-12-04T10:43:37.707346
3728,1,3728,0.0158559214,2025-12-04T10:43:37.779915
3729,1,3729,0.0158551726,2025-12-04T10:43:37.852783
3730,1,3730,0.0158490501,2025-12-04T10:43:37.895097
3731,1,3731,0.0158462487,2025-12-04T10:43:37.937797
3732,1,3732,0.0158523935,2025-12-04T10:43:38.010485
3733,1,3733,0.0158441253,2025-12-04T10:43:38.082971
3734,1,3734,0.0158523488,2025-12-04T10:43:38.155776
3735,1,3735,0.0158681496,2025-12-04T10:43:38.197979
3736,1,3736,0.0158818271,2025-12-04T10:43:38.240625
3737,1,3737,0.0158546175,2025-12-04T10:43:38.313527
3738,1,3738,0.0158493556,2025-12-04T10:43:38.386333
3739,1,3739,0.0158477798,2025-12-04T10:43:38.458874
3740,1,3740,0.0158287212,2025-12-04T10:43:38.501248
3741,1,3741,0.0158290173,2025-12-04T10:43:38.543492
3742,1,3742,0.015830066,2025-12-04T10:43:38.563549
3743,1,3743,0.015827924,2025-12-04T10:43:38.636637
3744,1,3744,0.0158483888,2025-12-04T10:43:38.708848
3745,1,3745,0.0158513151,2025-12-04T10:43:38.781554
3746,1,3746,0.01584341,2025-12-04T10:43:38.824119
3747,1,3747,0.0158559773,2025-12-04T10:43:38.866591
3748,1,3748,0.01585472,2025-12-04T10:43:38.887072
3749,1,3749,0.0158451981,2025-12-04T10:43:38.959809
3750,1,3750,0.0158386975,2025-12-04T10:43:39.032170
3751,1,3751,0.015839219,2025-12-04T10:43:39.105169
3752,1,3752,0.0158394481,2025-12-04T10:43:39.147671
3753,1,3753,0.0158545244,2025-12-04T10:43:39.190039
3754,1,3754,0.0158391278,2025-12-04T10:43:39.262664
3755,1,3755,0.0158493034,2025-12-04T10:43:39.335522
3756,1,3756,0.0158433318,2025-12-04T10:43:39.408123
3757,1,3757,0.0158375352,2025-12-04T10:43:39.450160
3758,1,3758,0.0158390887,2025-12-04T10:43:39.492615
3759,1,3759,0.0158407315,2025-12-04T10:43:39.565297
3760,1,3760,0.0158401951,2025-12-04T10:43:39.637961
3761,1,3761,0.0158378332,2025-12-04T10:43:39.710661
3762,1,3762,0.0158372987,2025-12-04T10:43:39.753167
3763,1,3763,0.0158319845,2025-12-04T10:43:39.795850
3764,1,3764,0.0158325769,2025-12-04T10:43:39.816097
3765,1,3765,0.0158369038,2025-12-04T10:43:39.888734
3766,1,3766,0.0158374458,2025-12-04T10:43:39.961709
3767,1,3767,0.0158403161,2025-12-04T10:43:40.034554
3768,1,3768,0.0158413518,2025-12-04T10:43:40.076484
3769,1,3769,0.0158427283,2025-12-04T10:43:40.119390
3770,1,3770,0.0158533398,2025-12-04T10:43:40.191410
3771,1,3771,0.0158706177,2025-12-04T10:43:40.264336
3772,1,3772,0.0158489234,2025-12-04T10:43:40.336817
3773,1,3773,0.0158519726,2025-12-04T10:43:40.380088
3774,1,3774,0.0158327091,2025-12-04T10:43:40.422027
3775,1,3775,0.015866043,2025-12-04T10:43:40.494881
3776,1,3776,0.0158536452,2025-12-04T10:43:40.569488
3777,1,3777,0.0158428568,2025-12-04T10:43:40.639965
3778,1,3778,0.0158592853,2025-12-04T10:43:40.682708
3779,1,3779,0.0158585123,2025-12-04T10:43:40.725083
3780,1,3780,0.0158438384,2025-12-04T10:43:40.797650
3781,1,3781,0.0158447362,2025-12-04T10:43:40.870816
3782,1,3782,0.0158850755,2025-12-04T10:43:40.942883
3783,1,3783,0.0158838536,2025-12-04T10:43:40.985830
3784,1,3784,0.0158657897,2025-12-04T10:43:41.028257
3785,1,3785,0.0158648993,2025-12-04T10:43:41.048186
3786,1,3786,0.0158472266,2025-12-04T10:43:41.120807
3787,1,3787,0.015844034,2025-12-04T10:43:41.193499
3788,1,3788,0.0158255398,2025-12-04T10:43:41.266571
3789,1,3789,0.0158139728,2025-12-04T10:43:41.309001
3790,1,3790,0.0158095862,2025-12-04T10:43:41.351561
3791,1,3791,0.0157404411,2025-12-04T10:43:41.426222
3792,1,3792,0.0158005319,2025-12-04T10:43:41.498771
3793,1,3793,0.015790129,2025-12-04T10:43:41.571196
3794,1,3794,0.0156082464,2025-12-04T10:43:41.613683
3795,1,3795,0.0155926393,2025-12-04T10:43:41.656454
3796,1,3796,0.0155891114,2025-12-04T10:43:41.729234
3797,1,3797,0.0155529705,2025-12-04T10:43:41.801857
3798,1,3798,0.0155298765,2025-12-04T10:43:41.874585
3799,1,3799,0.0154774375,2025-12-04T10:43:41.917051
3800,1,3800,0.0156079605,2025-12-04T10:43:41.959457
3801,1,3801,0.015580601,2025-12-04T10:43:41.980107
3802,1,3802,0.0169810149,2025-12-04T10:43:42.051966
3803,1,3803,0.0169773884,2025-12-04T10:43:42.125067
3804,1,3804,0.016962694,2025-12-04T10:43:42.197435
3805,1,3805,0.0169611554,2025-12-04T10:43:42.239983
3806,1,3806,0.0169664788,2025-12-04T10:43:42.282563
3807,1,3807,0.0169656369,2025-12-04T10:43:42.355367
3808,1,3808,0.0169054716,2025-12-04T10:43:42.428170
3809,1,3809,0.0169760957,2025-12-04T10:43:42.500877
3810,1,3810,0.0169703103,2025-12-04T10:43:42.543106
3811,1,3811,0.0169677603,2025-12-04T10:43:42.585543
3812,1,3812,0.0169664863,2025-12-04T10:43:42.658321
3813,1,3813,0.0169666539,2025-12-04T10:43:42.730734
3814,1,3814,0.0169660858,2025-12-04T10:43:42.803813
3815,1,3815,0.0169695783,2025-12-04T10:43:42.845865
3816,1,3816,0.0169690418,2025-12-04T10:43:42.888143
3817,1,3817,0.0169687271,2025-12-04T10:43:42.908003
3818,1,3818,0.0169860012,2025-12-04T10:43:42.981152
3819,1,3819,0.0169698018,2025-12-04T10:43:43.054376
3820,1,3820,0.0169700141,2025-12-04T10:43:43.126832
3821,1,3821,0.0169680602,2025-12-04T10:43:43.169419
3822,1,3822,0.0169673189,2025-12-04T10:43:43.211310
3823,1,3823,0.0169650781,2025-12-04T10:43:43.284691
3824,1,3824,0.0169644225,2025-12-04T10:43:43.357433
3825,1,3825,0.0168980062,2025-12-04T10:43:43.429715
3826,1,3826,0.0169822946,2025-12-04T10:43:43.472484
3827,1,3827,0.0169709213,2025-12-04T10:43:43.514458
3828,1,3828,0.0169666502,2025-12-04T10:43:43.534855
3829,1,3829,0.0169609803,2025-12-04T10:43:43.607787
3830,1,3830,0.0169601626,2025-12-04T10:43:43.680056
3831,1,3831,0.0169568788,2025-12-04T10:43:43.753195
3832,1,3832,0.0169564224,2025-12-04T10:43:43.796083
3833,1,3833,0.0169540978,2025-12-04T10:43:43.838160
3834,1,3834,0.0169551037,2025-12-04T10:43:43.910668
3835,1,3835,0.0169638898,2025-12-04T10:43:43.983171
3836,1,3836,0.0169533435,2025-12-04T10:43:44.055809
3837,1,3837,0.016953295,2025-12-04T10:43:44.098540
3838,1,3838,0.0169494934,2025-12-04T10:43:44.140959
3839,1,3839,0.0169433783,2025-12-04T10:43:44.213453
3840,1,3840,0.0169296227,2025-12-04T10:43:44.286570
3841,1,3841,0.0155538227,2025-12-04T10:43:44.358801
3842,1,3842,0.0155463274,2025-12-04T10:43:44.401792
3843,1,3843,0.015547866,2025-12-04T10:43:44.444072
3844,1,3844,0.0155313471,2025-12-04T10:43:44.463963
3845,1,3845,0.0155027946,2025-12-04T10:43:44.536794
3846,1,3846,0.0154032949,2025-12-04T10:43:44.610069
3847,1,3847,0.0153900627,2025-12-04T10:43:44.682494
3848,1,3848,0.0153918936,2025-12-04T10:43:44.724659
3849,1,3849,0.0153095293,2025-12-04T10:43:44.767370
3850,1,3850,0.0153289325,2025-12-04T10:43:44.839474
3851,1,3851,0.0153259932,2025-12-04T10:43:44.912253
3852,1,3852,0.0153292529,2025-12-04T10:43:44.984889
3853,1,3853,0.0153153156,2025-12-04T10:43:45.027441
3854,1,3854,0.0153101198,2025-12-04T10:43:45.069796
3855,1,3855,0.0153158949,2025-12-04T10:43:45.142917
3856,1,3856,0.015295756,2025-12-04T10:43:45.215704
3857,1,3857,0.0153081454,2025-12-04T10:43:45.288588
3858,1,3858,0.0153164099,2025-12-04T10:43:45.330381
3859,1,3859,0.0153209688,2025-12-04T10:43:45.373371
3860,1,3860,0.0153733287,2025-12-04T10:43:45.393550
3861,1,3861,0.0153242554,2025-12-04T10:43:45.466083
3862,1,3862,0.015313182,2025-12-04T10:43:45.538610
3863,1,3863,0.0153311649,2025-12-04T10:43:45.611908
3864,1,3864,0.0153143806,2025-12-04T10:43:45.654075
3865,1,3865,0.0153125328,2025-12-04T10:43:45.696268
3866,1,3866,0.0152947669,2025-12-04T10:43:45.768740
3867,1,3867,0.0152600565,2025-12-04T10:43:45.841940
3868,1,3868,0.0168682299,2025-12-04T10:43:45.914609
3869,1,3869,0.0169606395,2025-12-04T10:43:45.956484
3870,1,3870,0.0169585254,2025-12-04T10:43:45.999346
3871,1,3871,0.0169554054,2025-12-04T10:43:46.019728
3872,1,3872,0.0169167183,2025-12-04T10:43:46.092317
3873,1,3873,0.0169188231,2025-12-04T10:43:46.165070
3874,1,3874,0.0169189777,2025-12-04T10:43:46.237700
3875,1,3875,0.0169205274,2025-12-04T10:43:46.279817
3876,1,3876,0.0169163476,2025-12-04T10:43:46.322676
3877,1,3877,0.0169199537,2025-12-04T10:43:46.395141
3878,1,3878,0.0169279556,2025-12-04T10:43:46.468215
3879,1,3879,0.0169198308,2025-12-04T10:43:46.540977
3880,1,3880,0.0169201381,2025-12-04T10:43:46.583312
3881,1,3881,0.0169198922,2025-12-04T10:43:46.625661
3882,1,3882,0.0169224794,2025-12-04T10:43:46.698424
3883,1,3883,0.0169163048,2025-12-04T10:43:46.771170
3884,1,3884,0.0169182699,2025-12-04T10:43:46.843695
3885,1,3885,0.0169173832,2025-12-04T10:43:46.886306
3886,1,3886,0.0168924238,2025-12-04T10:43:46.929214
3887,1,3887,0.0169250033,2025-12-04T10:43:46.949147
3888,1,3888,0.0169178526,2025-12-04T10:43:47.022682
3889,1,3889,0.0169200431,2025-12-04T10:43:47.094891
3890,1,3890,0.0169198848,2025-12-04T10:43:47.168095
3891,1,3891,0.0169211402,2025-12-04T10:43:47.210435
3892,1,3892,0.0169202163,2025-12-04T10:43:47.253007
3893,1,3893,0.0169217232,2025-12-04T10:43:47.326096
3894,1,3894,0.0169224068,2025-12-04T10:43:47.399430
3895,1,3895,0.0169285275,2025-12-04T10:43:47.472146
3896,1,3896,0.0169277135,2025-12-04T10:43:47.514281
3897,1,3897,0.0169236455,2025-12-04T10:43:47.556754
3898,1,3898,0.0169239938,2025-12-04T10:43:47.629138
3899,1,3899,0.0169241447,2025-12-04T10:43:47.702176
3900,1,3900,0.0169303175,2025-12-04T10:43:47.774612
3901,1,3901,0.0169331543,2025-12-04T10:43:47.817431
3902,1,3902,0.0169328507,2025-12-04T10:43:47.859638
3903,1,3903,0.0169323459,2025-12-04T10:43:47.879544
3904,1,3904,0.0169513951,2025-12-04T10:43:47.952834
3905,1,3905,0.0169370081,2025-12-04T10:43:48.025277
3906,1,3906,0.0169359669,2025-12-04T10:43:48.098140
3907,1,3907,0.0169354341,2025-12-04T10:43:48.140740
3908,1,3908,0.0169348958,2025-12-04T10:43:48.183198
3909,1,3909,0.0169301107,2025-12-04T10:43:48.255665
3910,1,3910,0.0169335585,2025-12-04T10:43:48.328807
3911,1,3911,0.0169365201,2025-12-04T10:43:48.401131
3912,1,3912,0.0169489011,2025-12-04T10:43:48.443805
3913,1,3913,0.016940128,2025-12-04T10:43:48.486056
3914,1,3914,0.016934514,2025-12-04T10:43:48.560767
3915,1,3915,0.0169356539,2025-12-04T10:43:48.633297
3916,1,3916,0.0169317889,2025-12-04T10:43:48.706281
3917,1,3917,0.0169358905,2025-12-04T10:43:48.748637
3918,1,3918,0.0169337298,2025-12-04T10:43:48.790979
3919,1,3919,0.0169349052,2025-12-04T10:43:48.811693
3920,1,3920,0.0169315952,2025-12-04T10:43:48.884129
3921,1,3921,0.016934799,2025-12-04T10:43:48.956644
3922,1,3922,0.0169297568,2025-12-04T10:43:49.029173
3923,1,3923,0.0169265791,2025-12-04T10:43:49.071894
3924,1,3924,0.0169305521,2025-12-04T10:43:49.114279
3925,1,3925,0.0169292986,2025-12-04T10:43:49.187067
3926,1,3926,0.0169288013,2025-12-04T10:43:49.259858
3927,1,3927,0.0169310718,2025-12-04T10:43:49.332480
3928,1,3928,0.0169277116,2025-12-04T10:43:49.374885
3929,1,3929,0.0169317983,2025-12-04T10:43:49.417472
3930,1,3930,0.0169298332,2025-12-04T10:43:49.494003
3931,1,3931,0.016929036,2025-12-04T10:43:49.566881
3932,1,3932,0.0169296879,2025-12-04T10:43:49.639046
3933,1,3933,0.0169331897,2025-12-04T10:43:49.681898
3934,1,3934,0.0169325284,2025-12-04T10:43:49.724187
3935,1,3935,0.016933443,2025-12-04T10:43:49.796694
3936,1,3936,0.016936494,2025-12-04T10:43:49.869768
3937,1,3937,0.0169335845,2025-12-04T10:43:49.942285
3938,1,3938,0.0169323645,2025-12-04T10:43:49.985006
3939,1,3939,0.0169319529,2025-12-04T10:43:50.027742
3940,1,3940,0.0169339366,2025-12-04T10:43:50.047692
3941,1,3941,0.0169328823,2025-12-04T10:43:50.120759
3942,1,3942,0.0169305093,2025-12-04T10:43:50.193656
3943,1,3943,0.0169309545,2025-12-04T10:43:50.236004
3944,1,3944,0.0169290564,2025-12-04T10:43:50.278359
3945,1,3945,0.0169268399,2025-12-04T10:43:50.298243
3946,1,3946,0.0169252883,2025-12-04T10:43:50.371367
3947,1,3947,0.0168519746,2025-12-04T10:43:50.444203
3948,1,3948,0.0142870778,2025-12-04T10:43:50.517340
3949,1,3949,0.0163763575,2025-12-04T10:43:50.559749
3950,1,3950,0.0144312409,2025-12-04T10:43:50.602012
3951,1,3951,0.0150006208,2025-12-04T10:43:50.678126
3952,1,3952,0.0145894819,2025-12-04T10:43:50.750062
3953,1,3953,0.0164402797,2025-12-04T10:43:50.822757
3954,1,3954,0.0165330041,2025-12-04T10:43:50.865609
3955,1,3955,0.0165264569,2025-12-04T10:43:50.907905
3956,1,3956,0.0165146142,2025-12-04T10:43:50.928217
3957,1,3957,0.0144106531,2025-12-04T10:43:51.000839
3958,1,3958,0.0164971891,2025-12-04T10:43:51.073440
3959,1,3959,0.0143681084,2025-12-04T10:43:51.149347
3960,1,3960,0.0142973409,2025-12-04T10:43:51.188925
3961,1,3961,0.015371209,2025-12-04T10:43:51.231150
3962,1,3962,0.0167310424,2025-12-04T10:43:51.251913
3963,1,3963,0.0167881622,2025-12-04T10:43:51.324070
3964,1,3964,0.0137239312,2025-12-04T10:43:51.396788
3965,1,3965,0.0137166744,2025-12-04T10:43:51.469729
3966,1,3966,0.0137395923,2025-12-04T10:43:51.511668
3967,1,3967,0.0151505488,2025-12-04T10:43:51.554381
3968,1,3968,0.0165118239,2025-12-04T10:43:51.627425
3969,1,3969,0.0164666995,2025-12-04T10:43:51.699404
3970,1,3970,0.0164317227,2025-12-04T10:43:51.772565
3971,1,3971,0.0164347346,2025-12-04T10:43:51.814628
3972,1,3972,0.0164260882,2025-12-04T10:43:51.857079
3973,1,3973,0.0164159759,2025-12-04T10:43:51.930014
3974,1,3974,0.016406754,2025-12-04T10:43:52.002957
3975,1,3975,0.0163936056,2025-12-04T10:43:52.075461
3976,1,3976,0.0164014454,2025-12-04T10:43:52.117585
3977,1,3977,0.0163817144,2025-12-04T10:43:52.160613
3978,1,3978,0.0163740515,2025-12-04T10:43:52.180445
3979,1,3979,0.0163494739,2025-12-04T10:43:52.252944
3980,1,3980,0.0137179205,2025-12-04T10:43:52.326131
3981,1,3981,0.0137317711,2025-12-04T10:43:52.398533
3982,1,3982,0.0146785508,2025-12-04T10:43:52.441337
3983,1,3983,0.016359061,2025-12-04T10:43:52.483226
3984,1,3984,0.0163738634,2025-12-04T10:43:52.556245
3985,1,3985,0.016388176,2025-12-04T10:43:52.629154
3986,1,3986,0.016391443,2025-12-04T10:43:52.701858
3987,1,3987,0.0163965076,2025-12-04T10:43:52.744460
3988,1,3988,0.0163950659,2025-12-04T10:43:52.787081
3989,1,3989,0.0163939706,2025-12-04T10:43:52.861013
3990,1,3990,0.0163937378,2025-12-04T10:43:52.934036
3991,1,3991,0.0163967702,2025-12-04T10:43:53.006679
3992,1,3992,0.0164033435,2025-12-04T10:43:53.048800
3993,1,3993,0.0163328256,2025-12-04T10:43:53.091635
3994,1,3994,0.0164279192,2025-12-04T10:43:53.111560
3995,1,3995,0.0164012592,2025-12-04T10:43:53.184525
3996,1,3996,0.016395267,2025-12-04T10:43:53.257222
3997,1,3997,0.016396733,2025-12-04T10:43:53.330000
3998,1,3998,0.0163967069,2025-12-04T10:43:53.372427
3999,1,3999,0.0164005663,2025-12-04T10:43:53.414830
4000,1,4000,0.0163981672,2025-12-04T10:43:53.487576
4001,1,4001,0.0163930989,2025-12-04T10:43:53.560140
4002,1,4002,0.0164158791,2025-12-04T10:43:53.633044
4003,1,4003,0.0164065919,2025-12-04T10:43:53.675465
4004,1,4004,0.0164099708,2025-12-04T10:43:53.717991
4005,1,4005,0.0164090897,2025-12-04T10:43:53.738708
4006,1,4006,0.0164072513,2025-12-04T10:43:53.811005
4007,1,4007,0.0164088308,2025-12-04T10:43:53.883082
4008,1,4008,0.0164349414,2025-12-04T10:43:53.955995
4009,1,4009,0.0164051689,2025-12-04T10:43:53.998590
4010,1,4010,0.0164014808,2025-12-04T10:43:54.041118
4011,1,4011,0.0164181049,2025-12-04T10:43:54.113407
4012,1,4012,0.0164002608,2025-12-04T10:43:54.186361
4013,1,4013,0.0163990445,2025-12-04T10:43:54.258998
4014,1,4014,0.016397152,2025-12-04T10:43:54.301743
4015,1,4015,0.0163937527,2025-12-04T10:43:54.344038
4016,1,4016,0.0163978729,2025-12-04T10:43:54.416763
4017,1,4017,0.0163997262,2025-12-04T10:43:54.489037
4018,1,4018,0.0163966324,2025-12-04T10:43:54.562132
4019,1,4019,0.0163326747,2025-12-04T10:43:54.604549
4020,1,4020,0.0164090692,2025-12-04T10:43:54.646688
4021,1,4021,0.0164025016,2025-12-04T10:43:54.667240
4022,1,4022,0.0163973923,2025-12-04T10:43:54.739864
4023,1,4023,0.0163928773,2025-12-04T10:43:54.812771
4024,1,4024,0.0163959506,2025-12-04T10:43:54.885344
4025,1,4025,0.0163939725,2025-12-04T10:43:54.927469
4026,1,4026,0.0163963157,2025-12-04T10:43:54.969899
4027,1,4027,0.0163950864,2025-12-04T10:43:55.043231
4028,1,4028,0.0163699537,2025-12-04T10:43:55.115697
4029,1,4029,0.0163960773,2025-12-04T10:43:55.187947
4030,1,4030,0.0163890719,2025-12-04T10:43:55.230791
4031,1,4031,0.016389124,2025-12-04T10:43:55.273120
4032,1,4032,0.016390521,2025-12-04T10:43:55.345570
4033,1,4033,0.0163849983,2025-12-04T10:43:55.418658
4034,1,4034,0.0163818728,2025-12-04T10:43:55.490854
4035,1,4035,0.0163870565,2025-12-04T10:43:55.533316
4036,1,4036,0.0163860395,2025-12-04T10:43:55.576064
4037,1,4037,0.0163199659,2025-12-04T10:43:55.596468
4038,1,4038,0.0163952279,2025-12-04T10:43:55.669604
4039,1,4039,0.01638907,2025-12-04T10:43:55.742712
4040,1,4040,0.0163919124,2025-12-04T10:43:55.815578
4041,1,4041,0.0163908991,2025-12-04T10:43:55.857921
4042,1,4042,0.0163896735,2025-12-04T10:43:55.900381
4043,1,4043,0.0165387801,2025-12-04T10:43:55.973029
4044,1,4044,0.0164276007,2025-12-04T10:43:56.045777
4045,1,4045,0.0164214689,2025-12-04T10:43:56.118551
4046,1,4046,0.0164320766,2025-12-04T10:43:56.160640
4047,1,4047,0.0164245627,2025-12-04T10:43:56.203143
4048,1,4048,0.0164151396,2025-12-04T10:43:56.278743
4049,1,4049,0.0164241027,2025-12-04T10:43:56.351892
4050,1,4050,0.0164197478,2025-12-04T10:43:56.424724
4051,1,4051,0.0164243523,2025-12-04T10:43:56.467039
4052,1,4052,0.0164209902,2025-12-04T10:43:56.509118
4053,1,4053,0.0164214875,2025-12-04T10:43:56.529142
4054,1,4054,0.0163510777,2025-12-04T10:43:56.601989
4055,1,4055,0.0164279453,2025-12-04T10:43:56.674973
4056,1,4056,0.0164304561,2025-12-04T10:43:56.747876
4057,1,4057,0.0164314564,2025-12-04T10:43:56.790357
4058,1,4058,0.0163970068,2025-12-04T10:43:56.832842
4059,1,4059,0.0163868162,2025-12-04T10:43:56.905329
4060,1,4060,0.016394319,2025-12-04T10:43:56.977654
4061,1,4061,0.0163872279,2025-12-04T10:43:57.050808
4062,1,4062,0.0163849703,2025-12-04T10:43:57.123288
4063,1,4063,0.0163747891,2025-12-04T10:43:57.165815
4064,1,4064,0.0163709912,2025-12-04T10:43:57.208594
4065,1,4065,0.0163659881,2025-12-04T10:43:57.281192
4066,1,4066,0.0163648799,2025-12-04T10:43:57.353326
4067,1,4067,0.0163700822,2025-12-04T10:43:57.426680
4068,1,4068,0.0163683686,2025-12-04T10:43:57.469274
4069,1,4069,0.0163664724,2025-12-04T10:43:57.510928
4070,1,4070,0.0163620598,2025-12-04T10:43:57.584092
4071,1,4071,0.0163647178,2025-12-04T10:43:57.656686
4072,1,4072,0.0163627471,2025-12-04T10:43:57.729600
4073,1,4073,0.0163616295,2025-12-04T10:43:57.771540
4074,1,4074,0.0163647904,2025-12-04T10:43:57.814510
4075,1,4075,0.016361352,2025-12-04T10:43:57.886710
4076,1,4076,0.0163552984,2025-12-04T10:43:57.959838
4077,1,4077,0.0163471084,2025-12-04T10:43:58.032127
4078,1,4078,0.0163483787,2025-12-04T10:43:58.075145
4079,1,4079,0.0163529608,2025-12-04T10:43:58.117393
4080,1,4080,0.0150782084,2025-12-04T10:43:58.190095
4081,1,4081,0.0137087749,2025-12-04T10:43:58.262536
4082,1,4082,0.0137459272,2025-12-04T10:43:58.335447
4083,1,4083,0.0142428129,2025-12-04T10:43:58.377454
4084,1,4084,0.0142554817,2025-12-04T10:43:58.420014
4085,1,4085,0.0142592228,2025-12-04T10:43:58.440274
4086,1,4086,0.0137669043,2025-12-04T10:43:58.513405
4087,1,4087,0.0136875864,2025-12-04T10:43:58.586338
4088,1,4088,0.0169682223,2025-12-04T10:43:58.658680
4089,1,4089,0.0136845866,2025-12-04T10:43:58.701081
4090,1,4090,0.0136301629,2025-12-04T10:43:58.743209
4091,1,4091,0.015893111,2025-12-04T10:43:58.816325
4092,1,4092,0.0158868674,2025-12-04T10:43:58.888764
4093,1,4093,0.0158717036,2025-12-04T10:43:58.961800
4094,1,4094,0.015859384,2025-12-04T10:43:59.004298
4095,1,4095,0.0158380027,2025-12-04T10:43:59.046609
4096,1,4096,0.0150938527,2025-12-04T10:43:59.067073
4097,1,4097,0.0136310579,2025-12-04T10:43:59.139290
4098,1,4098,0.0136987091,2025-12-04T10:43:59.212060
4099,1,4099,0.0140270674,2025-12-04T10:43:59.284550
4100,1,4100,0.0136533295,2025-12-04T10:43:59.327027
4101,1,4101,0.0136700663,2025-12-04T10:43:59.369980
4102,1,4102,0.0136287519,2025-12-04T10:43:59.445504
4103,1,4103,0.0169951282,2025-12-04T10:43:59.518103
4104,1,4104,0.0169727895,2025-12-04T10:43:59.590581
4105,1,4105,0.0169633552,2025-12-04T10:43:59.633523
4106,1,4106,0.0169469993,2025-12-04T10:43:59.676270
4107,1,4107,0.0169346891,2025-12-04T10:43:59.748531
4108,1,4108,0.0169229209,2025-12-04T10:43:59.821174
4109,1,4109,0.0169894825,2025-12-04T10:43:59.893638
4110,1,4110,0.0169968139,2025-12-04T10:43:59.936353
4111,1,4111,0.0170014165,2025-12-04T10:43:59.978485
4112,1,4112,0.0169998109,2025-12-04T10:43:59.998894
4113,1,4113,0.0170028544,2025-12-04T10:44:00.071635
4114,1,4114,0.0170055888,2025-12-04T10:44:00.144318
4115,1,4115,0.0170074813,2025-12-04T10:44:00.217164
4116,1,4116,0.0170045103,2025-12-04T10:44:00.289788
4117,1,4117,0.0170027855,2025-12-04T10:44:00.332364
4118,1,4118,0.0170038696,2025-12-04T10:44:00.374540
4119,1,4119,0.017004799,2025-12-04T10:44:00.394500
4120,1,4120,0.017006563,2025-12-04T10:44:00.414970
4121,1,4121,0.0170060209,2025-12-04T10:44:00.434923
4122,1,4122,0.0170053727,2025-12-04T10:44:00.455362
4123,1,4123,0.0170046668,2025-12-04T10:44:00.529313
4124,1,4124,0.0169747378,2025-12-04T10:44:00.602069
4125,1,4125,0.0170107875,2025-12-04T10:44:00.674287
4126,1,4126,0.0170103777,2025-12-04T10:44:00.717097
4127,1,4127,0.0170106887,2025-12-04T10:44:00.759019
4128,1,4128,0.0170124601,2025-12-04T10:44:00.831800
4129,1,4129,0.0170102007,2025-12-04T10:44:00.904541
4130,1,4130,0.017012855,2025-12-04T10:44:00.977265
4131,1,4131,0.0170134864,2025-12-04T10:44:01.049987
4132,1,4132,0.0170127991,2025-12-04T10:44:01.092769
4133,1,4133,0.0170332081,2025-12-04T10:44:01.135248
4134,1,4134,0.0170161854,2025-12-04T10:44:01.208103
4135,1,4135,0.0170167572,2025-12-04T10:44:01.280612
4136,1,4136,0.0170149337,2025-12-04T10:44:01.353528
4137,1,4137,0.0170164648,2025-12-04T10:44:01.395691
4138,1,4138,0.0170170664,2025-12-04T10:44:01.438563
4139,1,4139,0.0170195791,2025-12-04T10:44:01.511685
4140,1,4140,0.0170176178,2025-12-04T10:44:01.586827
4141,1,4141,0.0170280374,2025-12-04T10:44:01.657504
4142,1,4142,0.0170215964,2025-12-04T10:44:01.699988
4143,1,4143,0.0170200075,2025-12-04T10:44:01.742485
4144,1,4144,0.0170192774,2025-12-04T10:44:01.762708
4145,1,4145,0.0170203763,2025-12-04T10:44:01.835450
4146,1,4146,0.0170207377,2025-12-04T10:44:01.907933
4147,1,4147,0.0170193314,2025-12-04T10:44:01.980738
4148,1,4148,0.0170205645,2025-12-04T10:44:02.023034
4149,1,4149,0.0170215219,2025-12-04T10:44:02.065578
4150,1,4150,0.0170676615,2025-12-04T10:44:02.137811
4151,1,4151,0.0170223228,2025-12-04T10:44:02.210715
4152,1,4152,0.0170215759,2025-12-04T10:44:02.283871
4153,1,4153,0.0170218218,2025-12-04T10:44:02.325712
4154,1,4154,0.0170226898,2025-12-04T10:44:02.368513
4155,1,4155,0.0170217268,2025-12-04T10:44:02.441051
4156,1,4156,0.0170229263,2025-12-04T10:44:02.513977
4157,1,4157,0.017023161,2025-12-04T10:44:02.586490
4158,1,4158,0.0170273575,2025-12-04T10:44:02.628645
4159,1,4159,0.0170338544,2025-12-04T10:44:02.671579
4160,1,4160,0.0170268695,2025-12-04T10:44:02.744883
4161,1,4161,0.0170251093,2025-12-04T10:44:02.817979
4162,1,4162,0.0170245561,2025-12-04T10:44:02.890499
4163,1,4163,0.0170246362,2025-12-04T10:44:02.933169
4164,1,4164,0.0170245822,2025-12-04T10:44:02.975417
4165,1,4165,0.0170250535,2025-12-04T10:44:02.995437
4166,1,4166,0.0170232355,2025-12-04T10:44:03.068416
4167,1,4167,0.0170507319,2025-12-04T10:44:03.141211
4168,1,4168,0.017029941,2025-12-04T10:44:03.213862
4169,1,4169,0.0170306675,2025-12-04T10:44:03.256308
4170,1,4170,0.0170293524,2025-12-04T10:44:03.298805
4171,1,4171,0.0170297343,2025-12-04T10:44:03.319311
4172,1,4172,0.0170282088,2025-12-04T10:44:03.391777
4173,1,4173,0.0170279089,2025-12-04T10:44:03.464415
4174,1,4174,0.0170272551,2025-12-04T10:44:03.537008
4175,1,4175,0.0170271173,2025-12-04T10:44:03.579177
4176,1,4176,0.016982112,2025-12-04T10:44:03.621398
4177,1,4177,0.0170292779,2025-12-04T10:44:03.694584
4178,1,4178,0.0170285068,2025-12-04T10:44:03.766904
4179,1,4179,0.0170284509,2025-12-04T10:44:03.839921
4180,1,4180,0.0170289985,2025-12-04T10:44:03.882534
4181,1,4181,0.0170294307,2025-12-04T10:44:03.925155
4182,1,4182,0.0170299801,2025-12-04T10:44:03.997514
4183,1,4183,0.017027067,2025-12-04T10:44:04.069834
4184,1,4184,0.0170324277,2025-12-04T10:44:04.142645
4185,1,4185,0.0170304495,2025-12-04T10:44:04.185386
4186,1,4186,0.0170291345,2025-12-04T10:44:04.227490
4187,1,4187,0.0170293599,2025-12-04T10:44:04.247415
4188,1,4188,0.0170302446,2025-12-04T10:44:04.320886
4189,1,4189,0.0170310083,2025-12-04T10:44:04.393427
4190,1,4190,0.017031487,2025-12-04T10:44:04.466251
4191,1,4191,0.0170314982,2025-12-04T10:44:04.508078
4192,1,4192,0.0170304141,2025-12-04T10:44:04.551202
4193,1,4193,0.0170180778,2025-12-04T10:44:04.623826
4194,1,4194,0.0170304533,2025-12-04T10:44:04.696372
4195,1,4195,0.017027799,2025-12-04T10:44:04.769228
4196,1,4196,0.0170279778,2025-12-04T10:44:04.841825
4197,1,4197,0.0170313268,2025-12-04T10:44:04.914597
4198,1,4198,0.0170295219,2025-12-04T10:44:04.957214
4199,1,4199,0.0170269757,2025-12-04T10:44:04.999547
4200,1,4200,0.0170299634,2025-12-04T10:44:05.020033
4201,1,4201,0.0170305203,2025-12-04T10:44:05.040640
4202,1,4202,0.0170300919,2025-12-04T10:44:05.060836
4203,1,4203,0.017029494,2025-12-04T10:44:05.081334
4204,1,4204,0.0170366205,2025-12-04T10:44:05.153703
4205,1,4205,0.0170309338,2025-12-04T10:44:05.226274
4206,1,4206,0.0170297976,2025-12-04T10:44:05.299088
4207,1,4207,0.0170290507,2025-12-04T10:44:05.341446
4208,1,4208,0.0170283261,2025-12-04T10:44:05.383868
4209,1,4209,0.0170284174,2025-12-04T10:44:05.456584
4210,1,4210,0.0170281883,2025-12-04T10:44:05.529767
4211,1,4211,0.0170258898,2025-12-04T10:44:05.602120
4212,1,4212,0.0170585755,2025-12-04T10:44:05.644633
4213,1,4213,0.017035637,2025-12-04T10:44:05.687239
4214,1,4214,0.0170310754,2025-12-04T10:44:05.759640
4215,1,4215,0.0170290358,2025-12-04T10:44:05.832731
4216,1,4216,0.0170322395,2025-12-04T10:44:05.905463
4217,1,4217,0.0170274414,2025-12-04T10:44:05.978101
4218,1,4218,0.0170279499,2025-12-04T10:44:06.050782
4219,1,4219,0.0169542431,2025-12-04T10:44:06.123108
4220,1,4220,0.0170345082,2025-12-04T10:44:06.195900
4221,1,4221,0.0170310325,2025-12-04T10:44:06.268546
4222,1,4222,0.0170314908,2025-12-04T10:44:06.327204
4223,1,4223,0.0170325525,2025-12-04T10:44:06.360595
4224,1,4224,0.0170302521,2025-12-04T10:44:06.385025
4225,1,4225,0.0170318167,2025-12-04T10:44:06.453265
4226,1,4226,0.0170318521,2025-12-04T10:44:06.526460
4227,1,4227,0.0170292742,2025-12-04T10:44:06.599442
4228,1,4228,0.0170519463,2025-12-04T10:44:06.641467
4229,1,4229,0.0170371979,2025-12-04T10:44:06.684254
4230,1,4230,0.0170318912,2025-12-04T10:44:06.756840
4231,1,4231,0.0170291773,2025-12-04T10:44:06.829579
4232,1,4232,0.0170288737,2025-12-04T10:44:06.902004
4233,1,4233,0.0170306339,2025-12-04T10:44:06.944541
4234,1,4234,0.0170296896,2025-12-04T10:44:06.986909
4235,1,4235,0.0170284304,2025-12-04T10:44:07.007755
4236,1,4236,0.0170297604,2025-12-04T10:44:07.080010
4237,1,4237,0.0170774441,2025-12-04T10:44:07.152767
4238,1,4238,0.0170330759,2025-12-04T10:44:07.225095
4239,1,4239,0.0170312803,2025-12-04T10:44:07.267448
4240,1,4240,0.0170301627,2025-12-04T10:44:07.309844
4241,1,4241,0.0170309096,2025-12-04T10:44:07.382625
4242,1,4242,0.01702944,2025-12-04T10:44:07.455265
4243,1,4243,0.017029019,2025-12-04T10:44:07.528087
4244,1,4244,0.017031487,2025-12-04T10:44:07.570429
4245,1,4245,0.0170302074,2025-12-04T10:44:07.612836
4246,1,4246,0.0169638451,2025-12-04T10:44:07.632687
4247,1,4247,0.0170354656,2025-12-04T10:44:07.705665
4248,1,4248,0.0170323755,2025-12-04T10:44:07.778940
4249,1,4249,0.0170321371,2025-12-04T10:44:07.851760
4250,1,4250,0.0170298181,2025-12-04T10:44:07.894083
4251,1,4251,0.0170300249,2025-12-04T10:44:07.935986
4252,1,4252,0.0170285515,2025-12-04T10:44:08.009219
4253,1,4253,0.0170283503,2025-12-04T10:44:08.082104
4254,1,4254,0.0170616079,2025-12-04T10:44:08.154720
4255,1,4255,0.0170405954,2025-12-04T10:44:08.197290
4256,1,4256,0.0170354079,2025-12-04T10:44:08.239794
4257,1,4257,0.0170300472,2025-12-04T10:44:08.312366
4258,1,4258,0.0170339997,2025-12-04T10:44:08.384873
4259,1,4259,0.0170313138,2025-12-04T10:44:08.457243
4260,1,4260,0.0170300621,2025-12-04T10:44:08.499639
4261,1,4261,0.0170293841,2025-12-04T10:44:08.542007
4262,1,4262,0.0170291103,2025-12-04T10:44:08.561820
4263,1,4263,0.0169656164,2025-12-04T10:44:08.634907
4264,1,4264,0.017037874,2025-12-04T10:44:08.707725
4265,1,4265,0.0170338191,2025-12-04T10:44:08.780767
4266,1,4266,0.0170325841,2025-12-04T10:44:08.853502
4267,1,4267,0.0170306172,2025-12-04T10:44:08.926417
4268,1,4268,0.0170307029,2025-12-04T10:44:08.999109
4269,1,4269,0.0170324426,2025-12-04T10:44:09.071743
4270,1,4270,0.0169843398,2025-12-04T10:44:09.144449
4271,1,4271,0.0170466247,2025-12-04T10:44:09.186434
4272,1,4272,0.0170368105,2025-12-04T10:44:09.229301
4273,1,4273,0.0170331597,2025-12-04T10:44:09.302619
4274,1,4274,0.0170311387,2025-12-04T10:44:09.374382
4275,1,4275,0.0170320179,2025-12-04T10:44:09.447594
4276,1,4276,0.0170321427,2025-12-04T10:44:09.490001
4277,1,4277,0.0170324966,2025-12-04T10:44:09.532016
4278,1,4278,0.0170307904,2025-12-04T10:44:09.607258
4279,1,4279,0.0170471146,2025-12-04T10:44:09.679737
4280,1,4280,0.0170341394,2025-12-04T10:44:09.752454
4281,1,4281,0.0170321147,2025-12-04T10:44:09.794943
4282,1,4282,0.017030796,2025-12-04T10:44:09.837329
4283,1,4283,0.0170313697,2025-12-04T10:44:09.857403
4284,1,4284,0.0170324482,2025-12-04T10:44:09.930247
4285,1,4285,0.0170300044,2025-12-04T10:44:10.002536
4286,1,4286,0.0170309115,2025-12-04T10:44:10.075605
4287,1,4287,0.0170313231,2025-12-04T10:44:10.118340
4288,1,4288,0.0170564949,2025-12-04T10:44:10.160564
4289,1,4289,0.0170404873,2025-12-04T10:44:10.181116
4290,1,4290,0.017031867,2025-12-04T10:44:10.253185
4291,1,4291,0.0170309823,2025-12-04T10:44:10.325678
4292,1,4292,0.0170319974,2025-12-04T10:44:10.398444
4293,1,4293,0.0170282982,2025-12-04T10:44:10.471106
4294,1,4294,0.0170284155,2025-12-04T10:44:10.513616
4295,1,4295,0.0170284118,2025-12-04T10:44:10.556042
4296,1,4296,0.0170286558,2025-12-04T10:44:10.576178
4297,1,4297,0.0170294102,2025-12-04T10:44:10.596136
4298,1,4298,0.0170281361,2025-12-04T10:44:10.616013
4299,1,4299,0.0170352384,2025-12-04T10:44:10.690006
4300,1,4300,0.0170317552,2025-12-04T10:44:10.762455
4301,1,4301,0.0170311518,2025-12-04T10:44:10.834998
4302,1,4302,0.0170315653,2025-12-04T10:44:10.877126
4303,1,4303,0.0170312058,2025-12-04T10:44:10.919729
4304,1,4304,0.0170305203,2025-12-04T10:44:10.940251
4305,1,4305,0.0170327071,2025-12-04T10:44:11.013108
4306,1,4306,0.0170322656,2025-12-04T10:44:11.085709
4307,1,4307,0.0170504134,2025-12-04T10:44:11.158341
4308,1,4308,0.0170370154,2025-12-04T10:44:11.200461
4309,1,4309,0.0170341525,2025-12-04T10:44:11.242982
4310,1,4310,0.0170327071,2025-12-04T10:44:11.262847
4311,1,4311,0.0170321799,2025-12-04T10:44:11.336185
4312,1,4312,0.0170329287,2025-12-04T10:44:11.408618
4313,1,4313,0.017032193,2025-12-04T10:44:11.481111
4314,1,4314,0.0170333366,2025-12-04T10:44:11.523630
4315,1,4315,0.0170342903,2025-12-04T10:44:11.565983
4316,1,4316,0.0169860869,2025-12-04T10:44:11.638667
4317,1,4317,0.0170349776,2025-12-04T10:44:11.711316
4318,1,4318,0.0170334521,2025-12-04T10:44:11.784624
4319,1,4319,0.0170346479,2025-12-04T10:44:11.826694
4320,1,4320,0.0170334987,2025-12-04T10:44:11.868972
4321,1,4321,0.0170317441,2025-12-04T10:44:11.941665
4322,1,4322,0.0170334503,2025-12-04T10:44:12.014712
4323,1,4323,0.0170319937,2025-12-04T10:44:12.087421
4324,1,4324,0.017004488,2025-12-04T10:44:12.130192
4325,1,4325,0.0170369558,2025-12-04T10:44:12.173047
4326,1,4326,0.0170347187,2025-12-04T10:44:12.193497
4327,1,4327,0.0170354992,2025-12-04T10:44:12.266387
4328,1,4328,0.0170337408,2025-12-04T10:44:12.339374
4329,1,4329,0.0170355308,2025-12-04T10:44:12.411636
4330,1,4330,0.0170355159,2025-12-04T10:44:12.454399
4331,1,4331,0.0170469116,2025-12-04T10:44:12.496690
4332,1,4332,0.0170371513,2025-12-04T10:44:12.571422
4333,1,4333,0.0170355997,2025-12-04T10:44:12.644002
4334,1,4334,0.0170355979,2025-12-04T10:44:12.716772
4335,1,4335,0.0170344766,2025-12-04T10:44:12.759240
4336,1,4336,0.017036857,2025-12-04T10:44:12.801399
4337,1,4337,0.0170364808,2025-12-04T10:44:12.874061
4338,1,4338,0.0170352458,2025-12-04T10:44:12.947297
4339,1,4339,0.0170367956,2025-12-04T10:44:13.019444
4340,1,4340,0.0170352626,2025-12-04T10:44:13.062467
4341,1,4341,0.0170359332,2025-12-04T10:44:13.104239
4342,1,4342,0.0170344654,2025-12-04T10:44:13.124163
4343,1,4343,0.0170337501,2025-12-04T10:44:13.197675
4344,1,4344,0.0170353874,2025-12-04T10:44:13.270233
4345,1,4345,0.017034525,2025-12-04T10:44:13.342575
4346,1,4346,0.0170335825,2025-12-04T10:44:13.384979
4347,1,4347,0.017035596,2025-12-04T10:44:13.427420
4348,1,4348,0.0170397311,2025-12-04T10:44:13.500161
4349,1,4349,0.0170352663,2025-12-04T10:44:13.572965
4350,1,4350,0.0170346517,2025-12-04T10:44:13.645507
4351,1,4351,0.0170340053,2025-12-04T10:44:13.687947
4352,1,4352,0.01703443,2025-12-04T10:44:13.730411
4353,1,4353,0.0170336868,2025-12-04T10:44:13.803152
4354,1,4354,0.0170340258,2025-12-04T10:44:13.875835
4355,1,4355,0.0170380193,2025-12-04T10:44:13.948604
4356,1,4356,0.0170249752,2025-12-04T10:44:13.990933
4357,1,4357,0.0170368552,2025-12-04T10:44:14.033411
4358,1,4358,0.0170348938,2025-12-04T10:44:14.053328
4359,1,4359,0.0170360468,2025-12-04T10:44:14.126354
4360,1,4360,0.0170359071,2025-12-04T10:44:14.198996
4361,1,4361,0.0170339532,2025-12-04T10:44:14.241491
4362,1,4362,0.017034078,2025-12-04T10:44:14.283982
4363,1,4363,0.0170346312,2025-12-04T10:44:14.303849
4364,1,4364,0.0170333422,2025-12-04T10:44:14.376840
4365,1,4365,0.0170345026,2025-12-04T10:44:14.449616
4366,1,4366,0.0170339606,2025-12-04T10:44:14.522333
4367,1,4367,0.0170365069,2025-12-04T10:44:14.564706
4368,1,4368,0.0170354172,2025-12-04T10:44:14.607097
4369,1,4369,0.0170332193,2025-12-04T10:44:14.626911
4370,1,4370,0.0170344188,2025-12-04T10:44:14.700006
4371,1,4371,0.0170314162,2025-12-04T10:44:14.772667
4372,1,4372,0.0170300845,2025-12-04T10:44:14.845423
4373,1,4373,0.0170300118,2025-12-04T10:44:14.887839
4374,1,4374,0.0170290991,2025-12-04T10:44:14.930294
4375,1,4375,0.0170289091,2025-12-04T10:44:14.950258
4376,1,4376,0.0170299261,2025-12-04T10:44:14.970094
4377,1,4377,0.0170294549,2025-12-04T10:44:14.989882
4378,1,4378,0.0170301645,2025-12-04T10:44:15.009780
4379,1,4379,0.0170320458,2025-12-04T10:44:15.082837
4380,1,4380,0.0170339848,2025-12-04T10:44:15.155583
4381,1,4381,0.0169825144,2025-12-04T10:44:15.228296
4382,1,4382,0.017038932,2025-12-04T10:44:15.270651
4383,1,4383,0.0170350763,2025-12-04T10:44:15.313082
4384,1,4384,0.0170336011,2025-12-04T10:44:15.333034
4385,1,4385,0.0170341003,2025-12-04T10:44:15.405993
4386,1,4386,0.0170345567,2025-12-04T10:44:15.478625
4387,1,4387,0.0170314218,2025-12-04T10:44:15.551394
4388,1,4388,0.017033644,2025-12-04T10:44:15.593828
4389,1,4389,0.0170323234,2025-12-04T10:44:15.636287
4390,1,4390,0.017031731,2025-12-04T10:44:15.656345
4391,1,4391,0.0169598534,2025-12-04T10:44:15.729170
4392,1,4392,0.0170359797,2025-12-04T10:44:15.801961
4393,1,4393,0.0170344654,2025-12-04T10:44:15.874647
4394,1,4394,0.0170346014,2025-12-04T10:44:15.916912
4395,1,4395,0.0170341674,2025-12-04T10:44:15.959543
4396,1,4396,0.0170339923,2025-12-04T10:44:16.032156
4397,1,4397,0.0170356445,2025-12-04T10:44:16.105030
4398,1,4398,0.0170317627,2025-12-04T10:44:16.177663
4399,1,4399,0.017015364,2025-12-04T10:44:16.219984
4400,1,4400,0.0170445721,2025-12-04T10:44:16.262540
4401,1,4401,0.0170339737,2025-12-04T10:44:16.335190
4402,1,4402,0.0170339811,2025-12-04T10:44:16.408127
4403,1,4403,0.0170359592,2025-12-04T10:44:16.480538
4404,1,4404,0.0170343089,2025-12-04T10:44:16.523084
4405,1,4405,0.0170346293,2025-12-04T10:44:16.565456
4406,1,4406,0.0170341003,2025-12-04T10:44:16.585345
4407,1,4407,0.0170335751,2025-12-04T10:44:16.662368
4408,1,4408,0.0169650353,2025-12-04T10:44:16.731103
4409,1,4409,0.0170396063,2025-12-04T10:44:16.803795
4410,1,4410,0.0170372724,2025-12-04T10:44:16.846298
4411,1,4411,0.0170362759,2025-12-04T10:44:16.889662
4412,1,4412,0.0170350447,2025-12-04T10:44:16.961449
4413,1,4413,0.0170343555,2025-12-04T10:44:17.034082
4414,1,4414,0.017035352,2025-12-04T10:44:17.106741
4415,1,4415,0.0170343481,2025-12-04T10:44:17.149301
4416,1,4416,0.0170338973,2025-12-04T10:44:17.191689
4417,1,4417,0.0170349385,2025-12-04T10:44:17.211557
4418,1,4418,0.0170447304,2025-12-04T10:44:17.284561
4419,1,4419,0.0170371159,2025-12-04T10:44:17.357342
4420,1,4420,0.0170342419,2025-12-04T10:44:17.430034
4421,1,4421,0.0170342884,2025-12-04T10:44:17.472486
4422,1,4422,0.0170339085,2025-12-04T10:44:17.514952
4423,1,4423,0.0170351266,2025-12-04T10:44:17.587528
4424,1,4424,0.0170352011,2025-12-04T10:44:17.660296
4425,1,4425,0.0169652197,2025-12-04T10:44:17.732986
4426,1,4426,0.0170592628,2025-12-04T10:44:17.775440
4427,1,4427,0.0170415807,2025-12-04T10:44:17.817832
4428,1,4428,0.0170374009,2025-12-04T10:44:17.890587
4429,1,4429,0.0170375555,2025-12-04T10:44:17.963273
4430,1,4430,0.0170343108,2025-12-04T10:44:18.036003
4431,1,4431,0.0170357339,2025-12-04T10:44:18.078355
4432,1,4432,0.0170361045,2025-12-04T10:44:18.120986
4433,1,4433,0.0170348081,2025-12-04T10:44:18.140994
4434,1,4434,0.0170332305,2025-12-04T10:44:18.213827
4435,1,4435,0.0170523133,2025-12-04T10:44:18.286525
4436,1,4436,0.0170392692,2025-12-04T10:44:18.359123
4437,1,4437,0.0170382,2025-12-04T10:44:18.401664
4438,1,4438,0.017037915,2025-12-04T10:44:18.443975
4439,1,4439,0.0170353855,2025-12-04T10:44:18.516837
4440,1,4440,0.0170363355,2025-12-04T10:44:18.589431
4441,1,4441,0.0170354954,2025-12-04T10:44:18.631930
4442,1,4442,0.0170344468,2025-12-04T10:44:18.674358
4443,1,4443,0.0170333646,2025-12-04T10:44:18.694245
4444,1,4444,0.0170577634,2025-12-04T10:44:18.767152
4445,1,4445,0.0170410741,2025-12-04T10:44:18.839930
4446,1,4446,0.0170371383,2025-12-04T10:44:18.912681
4447,1,4447,0.0170362871,2025-12-04T10:44:18.955158
4448,1,4448,0.0170356649,2025-12-04T10:44:18.997484
4449,1,4449,0.0170357935,2025-12-04T10:44:19.017316
4450,1,4450,0.0170368012,2025-12-04T10:44:19.090525
4451,1,4451,0.0170365571,2025-12-04T10:44:19.163276
4452,1,4452,0.016969243,2025-12-04T10:44:19.235931
4453,1,4453,0.0170683842,2025-12-04T10:44:19.278346
4454,1,4454,0.0170427095,2025-12-04T10:44:19.320934
4455,1,4455,0.0170380193,2025-12-04T10:44:19.393544
4456,1,4456,0.0170358438,2025-12-04T10:44:19.466254
4457,1,4457,0.0170342139,2025-12-04T10:44:19.539082
4458,1,4458,0.0170354489,2025-12-04T10:44:19.581318
4459,1,4459,0.0170355215,2025-12-04T10:44:19.623785
4460,1,4460,0.0170367099,2025-12-04T10:44:19.643580
4461,1,4461,0.017036233,2025-12-04T10:44:19.716595
4462,1,4462,0.0170491915,2025-12-04T10:44:19.789412
4463,1,4463,0.0170391518,2025-12-04T10:44:19.862131
4464,1,4464,0.0170368049,2025-12-04T10:44:19.934913
4465,1,4465,0.0170352905,2025-12-04T10:44:20.007504
4466,1,4466,0.017036328,2025-12-04T10:44:20.080199
4467,1,4467,0.0170363988,2025-12-04T10:44:20.153044
4468,1,4468,0.0170371755,2025-12-04T10:44:20.225604
4469,1,4469,0.0170580688,2025-12-04T10:44:20.268100
4470,1,4470,0.0170414093,2025-12-04T10:44:20.310578
4471,1,4471,0.0170373134,2025-12-04T10:44:20.383274
4472,1,4472,0.017039664,2025-12-04T10:44:20.456059
4473,1,4473,0.0170357264,2025-12-04T10:44:20.528680
4474,1,4474,0.0170349888,2025-12-04T10:44:20.601412
4475,1,4475,0.0170362275,2025-12-04T10:44:20.643941
4476,1,4476,0.0170363113,2025-12-04T10:44:20.686272
4477,1,4477,0.0170676764,2025-12-04T10:44:20.759002
4478,1,4478,0.0170375388,2025-12-04T10:44:20.831674
4479,1,4479,0.0170376952,2025-12-04T10:44:20.904430
4480,1,4480,0.0170374903,2025-12-04T10:44:20.946840
4481,1,4481,0.017037265,2025-12-04T10:44:20.989416
4482,1,4482,0.0170374158,2025-12-04T10:44:21.009350
4483,1,4483,0.0170376654,2025-12-04T10:44:21.082277
4484,1,4484,0.0170374102,2025-12-04T10:44:21.154860
4485,1,4485,0.017036125,2025-12-04T10:44:21.227612
4486,1,4486,0.0170473065,2025-12-04T10:44:21.270112
4487,1,4487,0.0170387066,2025-12-04T10:44:21.312532
4488,1,4488,0.017036749,2025-12-04T10:44:21.385263
4489,1,4489,0.0170351527,2025-12-04T10:44:21.457907
4490,1,4490,0.0170394908,2025-12-04T10:44:21.530616
4491,1,4491,0.0170387476,2025-12-04T10:44:21.573065
4492,1,4492,0.0170377679,2025-12-04T10:44:21.615494
4493,1,4493,0.0170395225,2025-12-04T10:44:21.688232
4494,1,4494,0.0170734394,2025-12-04T10:44:21.760900
4495,1,4495,0.0170389879,2025-12-04T10:44:21.833628
4496,1,4496,0.0170396436,2025-12-04T10:44:21.876049
4497,1,4497,0.0170373804,2025-12-04T10:44:21.918504
4498,1,4498,0.0170377139,2025-12-04T10:44:21.991097
4499,1,4499,0.0170354284,2025-12-04T10:44:22.063882
4500,1,4500,0.0170371774,2025-12-04T10:44:22.136665
4501,1,4501,0.0170367471,2025-12-04T10:44:22.179084
4502,1,4502,0.0170374456,2025-12-04T10:44:22.221449
4503,1,4503,0.0169749036,2025-12-04T10:44:22.241331
4504,1,4504,0.0170394629,2025-12-04T10:44:22.314442
4505,1,4505,0.0170400179,2025-12-04T10:44:22.387228
4506,1,4506,0.0170387439,2025-12-04T10:44:22.459710
4507,1,4507,0.0170382671,2025-12-04T10:44:22.502165
4508,1,4508,0.0170391127,2025-12-04T10:44:22.544643
4509,1,4509,0.0170378517,2025-12-04T10:44:22.617420
4510,1,4510,0.0170385241,2025-12-04T10:44:22.690099
4511,1,4511,0.0170522648,2025-12-04T10:44:22.762891
4512,1,4512,0.0170418173,2025-12-04T10:44:22.805175
4513,1,4513,0.0170408748,2025-12-04T10:44:22.847655
4514,1,4514,0.0170413572,2025-12-04T10:44:22.867700
4515,1,4515,0.0170390121,2025-12-04T10:44:22.940471
4516,1,4516,0.0170394163,2025-12-04T10:44:23.013289
4517,1,4517,0.0170373003,2025-12-04T10:44:23.086055
4518,1,4518,0.0170377101,2025-12-04T10:44:23.128534
4519,1,4519,0.0170391183,2025-12-04T10:44:23.170902
4520,1,4520,0.0169721711,2025-12-04T10:44:23.243552
4521,1,4521,0.0170399695,2025-12-04T10:44:23.316282
4522,1,4522,0.0170384291,2025-12-04T10:44:23.389009
4523,1,4523,0.0170380696,2025-12-04T10:44:23.431619
4524,1,4524,0.0170395448,2025-12-04T10:44:23.473886
4525,1,4525,0.017037915,2025-12-04T10:44:23.546591
4526,1,4526,0.0170389041,2025-12-04T10:44:23.619311
4527,1,4527,0.0170394387,2025-12-04T10:44:23.692003
4528,1,4528,0.0170391052,2025-12-04T10:44:23.734488
4529,1,4529,0.0170454792,2025-12-04T10:44:23.776863
4530,1,4530,0.0170434191,2025-12-04T10:44:23.796870
4531,1,4531,0.017040627,2025-12-04T10:44:23.869844
4532,1,4532,0.0170389544,2025-12-04T10:44:23.942381
4533,1,4533,0.0170392096,2025-12-04T10:44:24.015255
4534,1,4534,0.017040139,2025-12-04T10:44:24.057606
4535,1,4535,0.0170410666,2025-12-04T10:44:24.100090
4536,1,4536,0.0170387439,2025-12-04T10:44:24.172795
4537,1,4537,0.0169766619,2025-12-04T10:44:24.245552
4538,1,4538,0.0170407779,2025-12-04T10:44:24.318186
4539,1,4539,0.0170384328,2025-12-04T10:44:24.360554
4540,1,4540,0.0170375742,2025-12-04T10:44:24.403106
4541,1,4541,0.0170370694,2025-12-04T10:44:24.422858
4542,1,4542,0.0170359238,2025-12-04T10:44:24.496014
4543,1,4543,0.0170350596,2025-12-04T10:44:24.568596
4544,1,4544,0.0170372128,2025-12-04T10:44:24.641285
4545,1,4545,0.0170369707,2025-12-04T10:44:24.683860
4546,1,4546,0.0170375909,2025-12-04T10:44:24.726245
4547,1,4547,0.0170379299,2025-12-04T10:44:24.798999
4548,1,4548,0.0170384366,2025-12-04T10:44:24.871636
4549,1,4549,0.0170372556,2025-12-04T10:44:24.944277
4550,1,4550,0.0170367434,2025-12-04T10:44:24.986852
4551,1,4551,0.0170371476,2025-12-04T10:44:25.029227
4552,1,4552,0.0170353129,2025-12-04T10:44:25.102025
4553,1,4553,0.0170360561,2025-12-04T10:44:25.174551
4554,1,4554,0.0170152131,2025-12-04T10:44:25.247488
4555,1,4555,0.0170371718,2025-12-04T10:44:25.289863
4556,1,4556,0.0170360282,2025-12-04T10:44:25.332293
4557,1,4557,0.0170369055,2025-12-04T10:44:25.352196
4558,1,4558,0.0170361902,2025-12-04T10:44:25.425191
4559,1,4559,0.0170355886,2025-12-04T10:44:25.498039
4560,1,4560,0.0170369073,2025-12-04T10:44:25.540329
4561,1,4561,0.0170358773,2025-12-04T10:44:25.582654
4562,1,4562,0.0170350801,2025-12-04T10:44:25.602544
4563,1,4563,0.0170340277,2025-12-04T10:44:25.675692
4564,1,4564,0.017003173,2025-12-04T10:44:25.748405
4565,1,4565,0.0170379187,2025-12-04T10:44:25.821089
4566,1,4566,0.0170357953,2025-12-04T10:44:25.863546
4567,1,4567,0.0170341376,2025-12-04T10:44:25.905979
4568,1,4568,0.0170358829,2025-12-04T10:44:25.980777
4569,1,4569,0.0170353148,2025-12-04T10:44:26.053546
4570,1,4570,0.0170362312,2025-12-04T10:44:26.126085
4571,1,4571,0.0170386191,2025-12-04T10:44:26.168439
4572,1,4572,0.0170378983,2025-12-04T10:44:26.210857
4573,1,4573,0.0170368757,2025-12-04T10:44:26.230740
4574,1,4574,0.0170423537,2025-12-04T10:44:26.313322
4575,1,4575,0.0170369967,2025-12-04T10:44:26.376585
4576,1,4576,0.0170372147,2025-12-04T10:44:26.449492
4577,1,4577,0.0170362684,2025-12-04T10:44:26.491862
4578,1,4578,0.0170380678,2025-12-04T10:44:26.534230
4579,1,4579,0.017038973,2025-12-04T10:44:26.606722
4580,1,4580,0.0170369092,2025-12-04T10:44:26.679706
4581,1,4581,0.0169711057,2025-12-04T10:44:26.752473
4582,1,4582,0.0170500073,2025-12-04T10:44:26.794604
4583,1,4583,0.0170410554,2025-12-04T10:44:26.837161
4584,1,4584,0.0170410349,2025-12-04T10:44:26.857079
4585,1,4585,0.0170351658,2025-12-04T10:44:26.930017
4586,1,4586,0.0170374158,2025-12-04T10:44:27.002839
4587,1,4587,0.017035041,2025-12-04T10:44:27.075467
4588,1,4588,0.0170345213,2025-12-04T10:44:27.117891
4589,1,4589,0.0170346181,2025-12-04T10:44:27.160328
4590,1,4590,0.0170376729,2025-12-04T10:44:27.233033
4591,1,4591,0.0170462336,2025-12-04T10:44:27.305761
4592,1,4592,0.0170377846,2025-12-04T10:44:27.378551
4593,1,4593,0.0170389246,2025-12-04T10:44:27.421006
4594,1,4594,0.017039597,2025-12-04T10:44:27.463697
4595,1,4595,0.0170379467,2025-12-04T10:44:27.536084
4596,1,4596,0.0170361846,2025-12-04T10:44:27.608707
4597,1,4597,0.0170373432,2025-12-04T10:44:27.681511
4598,1,4598,0.0170362982,2025-12-04T10:44:27.723983
4599,1,4599,0.0169811993,2025-12-04T10:44:27.766315
4600,1,4600,0.0170426126,2025-12-04T10:44:27.838982
4601,1,4601,0.0170386191,2025-12-04T10:44:27.911826
4602,1,4602,0.017037265,2025-12-04T10:44:27.984378
4603,1,4603,0.0170376822,2025-12-04T10:44:28.026835
4604,1,4604,0.01703877,2025-12-04T10:44:28.069379
4605,1,4605,0.017037943,2025-12-04T10:44:28.089337
4606,1,4606,0.0170373544,2025-12-04T10:44:28.163294
4607,1,4607,0.0170383304,2025-12-04T10:44:28.235986
4608,1,4608,0.0170530658,2025-12-04T10:44:28.308671
4609,1,4609,0.0170427504,2025-12-04T10:44:28.351168
4610,1,4610,0.0170400403,2025-12-04T10:44:28.393565
4611,1,4611,0.0170386917,2025-12-04T10:44:28.466287
4612,1,4612,0.0170405432,2025-12-04T10:44:28.538997
4613,1,4613,0.0170395784,2025-12-04T10:44:28.611791
4614,1,4614,0.0170406792,2025-12-04T10:44:28.654061
4615,1,4615,0.0170393884,2025-12-04T10:44:28.696569
4616,1,4616,0.0170398633,2025-12-04T10:44:28.716420
4617,1,4617,0.0170830357,2025-12-04T10:44:28.789464
4618,1,4618,0.0170405898,2025-12-04T10:44:28.862205
4619,1,4619,0.0170397777,2025-12-04T10:44:28.934878
4620,1,4620,0.0170377716,2025-12-04T10:44:28.977333
4621,1,4621,0.0170374941,2025-12-04T10:44:29.019753
4622,1,4622,0.0170371197,2025-12-04T10:44:29.092735
4623,1,4623,0.0170396137,2025-12-04T10:44:29.165168
4624,1,4624,0.0170388109,2025-12-04T10:44:29.238003
4625,1,4625,0.0170431267,2025-12-04T10:44:29.280198
4626,1,4626,0.017051937,2025-12-04T10:44:29.322821
4627,1,4627,0.0170405823,2025-12-04T10:44:29.395391
4628,1,4628,0.0170379299,2025-12-04T10:44:29.468269
4629,1,4629,0.0170389283,2025-12-04T10:44:29.540913
4630,1,4630,0.0170385297,2025-12-04T10:44:29.583194
4631,1,4631,0.0170387737,2025-12-04T10:44:29.625721
4632,1,4632,0.0170371588,2025-12-04T10:44:29.645647
4633,1,4633,0.0170354377,2025-12-04T10:44:29.718806
4634,1,4634,0.0170954372,2025-12-04T10:44:29.791420
4635,1,4635,0.0170415416,2025-12-04T10:44:29.863984
4636,1,4636,0.0170413255,2025-12-04T10:44:29.906563
4637,1,4637,0.0170392934,2025-12-04T10:44:29.948954
4638,1,4638,0.0170392096,2025-12-04T10:44:30.021564
4639,1,4639,0.0170355681,2025-12-04T10:44:30.094480
4640,1,4640,0.0170354358,2025-12-04T10:44:30.167169
4641,1,4641,0.0170379616,2025-12-04T10:44:30.209527
4642,1,4642,0.0170168653,2025-12-04T10:44:30.252073
4643,1,4643,0.0169844049,2025-12-04T10:44:30.271939
4644,1,4644,0.0170433036,2025-12-04T10:44:30.344861
4645,1,4645,0.017040871,2025-12-04T10:44:30.417559
4646,1,4646,0.0170390754,2025-12-04T10:44:30.490293
4647,1,4647,0.0170380529,2025-12-04T10:44:30.532734
4648,1,4648,0.0170385241,2025-12-04T10:44:30.575174
4649,1,4649,0.0170401223,2025-12-04T10:44:30.647858
4650,1,4650,0.0170382838,2025-12-04T10:44:30.720580
4651,1,4651,0.017056819,2025-12-04T10:44:30.793350
4652,1,4652,0.0170423127,2025-12-04T10:44:30.835762
4653,1,4653,0.0170406401,2025-12-04T10:44:30.878225
4654,1,4654,0.0170376803,2025-12-04T10:44:30.950890
4655,1,4655,0.0170390643,2025-12-04T10:44:31.023554
4656,1,4656,0.0170373152,2025-12-04T10:44:31.096185
4657,1,4657,0.0170387327,2025-12-04T10:44:31.138721
4658,1,4658,0.0170382875,2025-12-04T10:44:31.181173
4659,1,4659,0.0170375443,2025-12-04T10:44:31.201121
4660,1,4660,0.0170302242,2025-12-04T10:44:31.274040
4661,1,4661,0.017040586,2025-12-04T10:44:31.346683
4662,1,4662,0.0170378163,2025-12-04T10:44:31.419395
4663,1,4663,0.0170384403,2025-12-04T10:44:31.461801
4664,1,4664,0.0170380678,2025-12-04T10:44:31.504317
4665,1,4665,0.0170365832,2025-12-04T10:44:31.577063
4666,1,4666,0.0170374307,2025-12-04T10:44:31.649806
4667,1,4667,0.0170372277,2025-12-04T10:44:31.692199
4668,1,4668,0.0170383062,2025-12-04T10:44:31.734645
4669,1,4669,0.0170272067,2025-12-04T10:44:31.754510
4670,1,4670,0.0170398745,2025-12-04T10:44:31.827515
4671,1,4671,0.0170382745,2025-12-04T10:44:31.900269
4672,1,4672,0.0170370284,2025-12-04T10:44:31.972844
4673,1,4673,0.0170369297,2025-12-04T10:44:32.015360
4674,1,4674,0.0170381404,2025-12-04T10:44:32.057804
4675,1,4675,0.0170398969,2025-12-04T10:44:32.077727
4676,1,4676,0.017037265,2025-12-04T10:44:32.150799
4677,1,4677,0.0170369725,2025-12-04T10:44:32.223425
4678,1,4678,0.0170432012,2025-12-04T10:44:32.296267
4679,1,4679,0.0170404873,2025-12-04T10:44:32.338556
4680,1,4680,0.0170376412,2025-12-04T10:44:32.380927
4681,1,4681,0.0170386508,2025-12-04T10:44:32.453690
4682,1,4682,0.0170388389,2025-12-04T10:44:32.526405
4683,1,4683,0.0170377716,2025-12-04T10:44:32.599179
4684,1,4684,0.0170360412,2025-12-04T10:44:32.641490
4685,1,4685,0.0170396007,2025-12-04T10:44:32.684025
4686,1,4686,0.017039081,2025-12-04T10:44:32.703986
4687,1,4687,0.01703717,2025-12-04T10:44:32.776917
4688,1,4688,0.017036654,2025-12-04T10:44:32.849543
4689,1,4689,0.0170377977,2025-12-04T10:44:32.922427
4690,1,4690,0.0170362778,2025-12-04T10:44:32.964762
4691,1,4691,0.0170365832,2025-12-04T10:44:33.007186
4692,1,4692,0.0170353408,2025-12-04T10:44:33.079949
4693,1,4693,0.0170372426,2025-12-04T10:44:33.152593
4694,1,4694,0.0170344207,2025-12-04T10:44:33.225360
4695,1,4695,0.0170355662,2025-12-04T10:44:33.267957
4696,1,4696,0.0170342959,2025-12-04T10:44:33.310188
4697,1,4697,0.0170349627,2025-12-04T10:44:33.382920
4698,1,4698,0.0170350372,2025-12-04T10:44:33.455646
4699,1,4699,0.0170363299,2025-12-04T10:44:33.528364
4700,1,4700,0.0170372296,2025-12-04T10:44:33.570730
4701,1,4701,0.0170347169,2025-12-04T10:44:33.613117
4702,1,4702,0.0170329958,2025-12-04T10:44:33.632981
4703,1,4703,0.0170344784,2025-12-04T10:44:33.706118
4704,1,4704,0.0170323252,2025-12-04T10:44:33.778833
4705,1,4705,0.0170339979,2025-12-04T10:44:33.851647
4706,1,4706,0.0170338135,2025-12-04T10:44:33.893992
4707,1,4707,0.0170333199,2025-12-04T10:44:33.936406
4708,1,4708,0.0170349422,2025-12-04T10:44:34.009146
4709,1,4709,0.0170652549,2025-12-04T10:44:34.081826
4710,1,4710,0.0170360486,2025-12-04T10:44:34.154578
4711,1,4711,0.0170363113,2025-12-04T10:44:34.196944
4712,1,4712,0.0170367285,2025-12-04T10:44:34.239399
4713,1,4713,0.0170351937,2025-12-04T10:44:34.312010
4714,1,4714,0.0170360729,2025-12-04T10:44:34.384782
4715,1,4715,0.0170373413,2025-12-04T10:44:34.457588
4716,1,4716,0.0170335099,2025-12-04T10:44:34.499994
4717,1,4717,0.0170362219,2025-12-04T10:44:34.542418
4718,1,4718,0.0170133151,2025-12-04T10:44:34.562240
4719,1,4719,0.0170404594,2025-12-04T10:44:34.635296
4720,1,4720,0.0170348454,2025-12-04T10:44:34.708009
4721,1,4721,0.0170361977,2025-12-04T10:44:34.780772
4722,1,4722,0.01703763,2025-12-04T10:44:34.823225
4723,1,4723,0.0170368645,2025-12-04T10:44:34.865605
4724,1,4724,0.0170377492,2025-12-04T10:44:34.885448
4725,1,4725,0.0170369427,2025-12-04T10:44:34.958482
4726,1,4726,0.0170383062,2025-12-04T10:44:35.031087
4727,1,4727,0.0170820038,2025-12-04T10:44:35.103864
4728,1,4728,0.0170448683,2025-12-04T10:44:35.146356
4729,1,4729,0.017041346,2025-12-04T10:44:35.188776
4730,1,4730,0.017071871,2025-12-04T10:44:35.261543
4731,1,4731,0.0170681234,2025-12-04T10:44:35.334223
4732,1,4732,0.0170663725,2025-12-04T10:44:35.406914
4733,1,4733,0.0170658491,2025-12-04T10:44:35.449427
4734,1,4734,0.0170680843,2025-12-04T10:44:35.491808
4735,1,4735,0.0170664358,2025-12-04T10:44:35.511803
4736,1,4736,0.0170735139,2025-12-04T10:44:35.531505
4737,1,4737,0.017076306,2025-12-04T10:44:35.551438
4738,1,4738,0.0170154832,2025-12-04T10:44:35.571278
4739,1,4739,0.0170146338,2025-12-04T10:44:35.591120
4740,1,4740,0.0170639362,2025-12-04T10:44:35.663460
4741,1,4741,0.0170562211,2025-12-04T10:44:35.736182
4742,1,4742,0.0170636009,2025-12-04T10:44:35.808901
4743,1,4743,0.0170567855,2025-12-04T10:44:35.881669
4744,1,4744,0.0170589294,2025-12-04T10:44:35.924133
4745,1,4745,0.0170607455,2025-12-04T10:44:35.966529
4746,1,4746,0.0170609932,2025-12-04T10:44:35.986517
4747,1,4747,0.0170618724,2025-12-04T10:44:36.006130
4748,1,4748,0.0170612353,2025-12-04T10:44:36.025956
4749,1,4749,0.0170617047,2025-12-04T10:44:36.045643
4750,1,4750,0.0170795582,2025-12-04T10:44:36.119008
4751,1,4751,0.0170653667,2025-12-04T10:44:36.191713
4752,1,4752,0.0170635022,2025-12-04T10:44:36.264430
4753,1,4753,0.0170634835,2025-12-04T10:44:36.306840
4754,1,4754,0.0170607231,2025-12-04T10:44:36.349266
4755,1,4755,0.0170565452,2025-12-04T10:44:36.425111
4756,1,4756,0.0170568656,2025-12-04T10:44:36.497749
4757,1,4757,0.0170210599,2025-12-04T10:44:36.570391
4758,1,4758,0.0171204116,2025-12-04T10:44:36.612758
4759,1,4759,0.017063396,2025-12-04T10:44:36.655345
4760,1,4760,0.0170603562,2025-12-04T10:44:36.675188
4761,1,4761,0.0170632135,2025-12-04T10:44:36.748210
4762,1,4762,0.0170695241,2025-12-04T10:44:36.820918
4763,1,4763,0.0170630402,2025-12-04T10:44:36.893601
4764,1,4764,0.0170643497,2025-12-04T10:44:36.936088
4765,1,4765,0.0170605871,2025-12-04T10:44:36.978486
4766,1,4766,0.0170740988,2025-12-04T10:44:37.051149
4767,1,4767,0.0170963667,2025-12-04T10:44:37.123937
4768,1,4768,0.0170840527,2025-12-04T10:44:37.196796
4769,1,4769,0.0170481,2025-12-04T10:44:37.239057
4770,1,4770,0.0170513615,2025-12-04T10:44:37.281427
4771,1,4771,0.0170545689,2025-12-04T10:44:37.354208
4772,1,4772,0.0170480329,2025-12-04T10:44:37.426936
4773,1,4773,0.0170426815,2025-12-04T10:44:37.499598
4774,1,4774,0.0170418825,2025-12-04T10:44:37.542144
4775,1,4775,0.0169798117,2025-12-04T10:44:37.584491
4776,1,4776,0.017064847,2025-12-04T10:44:37.657242
4777,1,4777,0.0170586016,2025-12-04T10:44:37.729980
4778,1,4778,0.01703923,2025-12-04T10:44:37.802580
4779,1,4779,0.0170442927,2025-12-04T10:44:37.845102
4780,1,4780,0.0170358158,2025-12-04T10:44:37.887518
4781,1,4781,0.0170340873,2025-12-04T10:44:37.907252
4782,1,4782,0.017033413,2025-12-04T10:44:37.980336
4783,1,4783,0.017033901,2025-12-04T10:44:38.053043
4784,1,4784,0.0170493777,2025-12-04T10:44:38.125869
4785,1,4785,0.0170499961,2025-12-04T10:44:38.168387
4786,1,4786,0.0170464143,2025-12-04T10:44:38.210669
4787,1,4787,0.0170473959,2025-12-04T10:44:38.230482
4788,1,4788,0.0170447621,2025-12-04T10:44:38.303609
4789,1,4789,0.0170429497,2025-12-04T10:44:38.376293
4790,1,4790,0.0170395318,2025-12-04T10:44:38.449051
4791,1,4791,0.0170402638,2025-12-04T10:44:38.491438
4792,1,4792,0.0170369017,2025-12-04T10:44:38.533892
4793,1,4793,0.0170672368,2025-12-04T10:44:38.606549
4794,1,4794,0.0170398037,2025-12-04T10:44:38.679307
4795,1,4795,0.0170367211,2025-12-04T10:44:38.752080
4796,1,4796,0.0170405469,2025-12-04T10:44:38.794467
4797,1,4797,0.0170376449,2025-12-04T10:44:38.836881
4798,1,4798,0.0170390214,2025-12-04T10:44:38.909569
4799,1,4799,0.0170375239,2025-12-04T10:44:38.982385
4800,1,4800,0.0170381683,2025-12-04T10:44:39.055068
4801,1,4801,0.0170614104,2025-12-04T10:44:39.097835
4802,1,4802,0.0170426797,2025-12-04T10:44:39.139900
4803,1,4803,0.0170387476,2025-12-04T10:44:39.159614
4804,1,4804,0.0170387718,2025-12-04T10:44:39.232820
4805,1,4805,0.0170371308,2025-12-04T10:44:39.305600
4806,1,4806,0.0170381125,2025-12-04T10:44:39.378332
4807,1,4807,0.017036207,2025-12-04T10:44:39.420716
4808,1,4808,0.0170368086,2025-12-04T10:44:39.463042
4809,1,4809,0.0170374214,2025-12-04T10:44:39.535861
4810,1,4810,0.0170546602,2025-12-04T10:44:39.608547
4811,1,4811,0.0170365516,2025-12-04T10:44:39.681275
4812,1,4812,0.0170358698,2025-12-04T10:44:39.723690
4813,1,4813,0.0170358847,2025-12-04T10:44:39.766105
4814,1,4814,0.0170345194,2025-12-04T10:44:39.839837
4815,1,4815,0.0170384999,2025-12-04T10:44:39.912558
4816,1,4816,0.0170376319,2025-12-04T10:44:39.985319
4817,1,4817,0.017036356,2025-12-04T10:44:40.027683
4818,1,4818,0.0170361194,2025-12-04T10:44:40.070125
4819,1,4819,0.0170197691,2025-12-04T10:44:40.090061
4820,1,4820,0.0170405358,2025-12-04T10:44:40.163041
4821,1,4821,0.0170364119,2025-12-04T10:44:40.235682
4822,1,4822,0.0170376729,2025-12-04T10:44:40.308465
4823,1,4823,0.0170371662,2025-12-04T10:44:40.350903
4824,1,4824,0.0170386098,2025-12-04T10:44:40.393433
4825,1,4825,0.0170363076,2025-12-04T10:44:40.466101
4826,1,4826,0.017036274,2025-12-04T10:44:40.538683
4827,1,4827,0.0170400571,2025-12-04T10:44:40.611395
4828,1,4828,0.0170376338,2025-12-04T10:44:40.653847
4829,1,4829,0.0170370563,2025-12-04T10:44:40.696296
4830,1,4830,0.0170392524,2025-12-04T10:44:40.716111
4831,1,4831,0.0170393809,2025-12-04T10:44:40.789215
4832,1,4832,0.0170397646,2025-12-04T10:44:40.861845
4833,1,4833,0.017035814,2025-12-04T10:44:40.934701
4834,1,4834,0.0170369166,2025-12-04T10:44:41.007359
4835,1,4835,0.0170376077,2025-12-04T10:44:41.049819
4836,1,4836,0.017034823,2025-12-04T10:44:41.092132
4837,1,4837,0.0170372184,2025-12-04T10:44:41.111971
4838,1,4838,0.0170417986,2025-12-04T10:44:41.131853
4839,1,4839,0.0170407947,2025-12-04T10:44:41.151896
4840,1,4840,0.017039759,2025-12-04T10:44:41.171679
4841,1,4841,0.0170408822,2025-12-04T10:44:41.244846
4842,1,4842,0.017032599,2025-12-04T10:44:41.317484
4843,1,4843,0.0170395728,2025-12-04T10:44:41.390232
4844,1,4844,0.0170355122,2025-12-04T10:44:41.432780
4845,1,4845,0.0170372165,2025-12-04T10:44:41.475286
4846,1,4846,0.0170353557,2025-12-04T10:44:41.547745
4847,1,4847,0.0170353595,2025-12-04T10:44:41.620434
4848,1,4848,0.0170367024,2025-12-04T10:44:41.693160
4849,1,4849,0.0170355867,2025-12-04T10:44:41.735517
4850,1,4850,0.0170366335,2025-12-04T10:44:41.778032
4851,1,4851,0.0170388426,2025-12-04T10:44:41.797868
4852,1,4852,0.0170386061,2025-12-04T10:44:41.870909
4853,1,4853,0.0170385073,2025-12-04T10:44:41.943636
4854,1,4854,0.0170403085,2025-12-04T10:44:42.016352
4855,1,4855,0.0170396957,2025-12-04T10:44:42.058703
4856,1,4856,0.0170386061,2025-12-04T10:44:42.101400
4857,1,4857,0.0170382261,2025-12-04T10:44:42.173887
4858,1,4858,0.0170356575,2025-12-04T10:44:42.246616
4859,1,4859,0.0170360244,2025-12-04T10:44:42.319375
4860,1,4860,0.0170350857,2025-12-04T10:44:42.361830
4861,1,4861,0.0170390438,2025-12-04T10:44:42.404214
4862,1,4862,0.0170359965,2025-12-04T10:44:42.476923
4863,1,4863,0.0170376915,2025-12-04T10:44:42.549623
4864,1,4864,0.0170360002,2025-12-04T10:44:42.622349
4865,1,4865,0.0170350279,2025-12-04T10:44:42.664916
4866,1,4866,0.0170356743,2025-12-04T10:44:42.707287
4867,1,4867,0.0170329902,2025-12-04T10:44:42.727004
4868,1,4868,0.0170337501,2025-12-04T10:44:42.800153
4869,1,4869,0.0170352645,2025-12-04T10:44:42.872835
4870,1,4870,0.0170319676,2025-12-04T10:44:42.945512
4871,1,4871,0.0170313548,2025-12-04T10:44:42.987894
4872,1,4872,0.0170356854,2025-12-04T10:44:43.030472
4873,1,4873,0.0170377474,2025-12-04T10:44:43.104149
4874,1,4874,0.0170359592,2025-12-04T10:44:43.176830
4875,1,4875,0.0170348268,2025-12-04T10:44:43.219331
4876,1,4876,0.0170360803,2025-12-04T10:44:43.261645
4877,1,4877,0.0170379895,2025-12-04T10:44:43.281433
4878,1,4878,0.0170368123,2025-12-04T10:44:43.354591
4879,1,4879,0.017031366,2025-12-04T10:44:43.427319
4880,1,4880,0.0170368757,2025-12-04T10:44:43.500000
4881,1,4881,0.0170364677,2025-12-04T10:44:43.542520
4882,1,4882,0.0170342195,2025-12-04T10:44:43.584871
4883,1,4883,0.0170342009,2025-12-04T10:44:43.604733
4884,1,4884,0.0170389413,2025-12-04T10:44:43.677791
4885,1,4885,0.0170364845,2025-12-04T10:44:43.750573
4886,1,4886,0.0170355774,2025-12-04T10:44:43.823293
4887,1,4887,0.0170385483,2025-12-04T10:44:43.865688
4888,1,4888,0.0170369297,2025-12-04T10:44:43.908056
4889,1,4889,0.0170339029,2025-12-04T10:44:43.980767
4890,1,4890,0.0170347187,2025-12-04T10:44:44.053415
4891,1,4891,0.0170393604,2025-12-04T10:44:44.126203
4892,1,4892,0.0170349068,2025-12-04T10:44:44.168638
4893,1,4893,0.0170363076,2025-12-04T10:44:44.211079
4894,1,4894,0.0170368999,2025-12-04T10:44:44.286860
4895,1,4895,0.0170367341,2025-12-04T10:44:44.359556
4896,1,4896,0.0170384161,2025-12-04T10:44:44.432297
4897,1,4897,0.0170359984,2025-12-04T10:44:44.474674
4898,1,4898,0.0170362573,2025-12-04T10:44:44.517253
4899,1,4899,0.0170370116,2025-12-04T10:44:44.537289
4900,1,4900,0.017035827,2025-12-04T10:44:44.610063
4901,1,4901,0.0170350149,2025-12-04T10:44:44.682708
4902,1,4902,0.0170339941,2025-12-04T10:44:44.755456
4903,1,4903,0.0170367471,2025-12-04T10:44:44.797931
4904,1,4904,0.0170363876,2025-12-04T10:44:44.840331
4905,1,4905,0.01704075,2025-12-04T10:44:44.913037
4906,1,4906,0.0170394293,2025-12-04T10:44:44.985825
4907,1,4907,0.0170393008,2025-12-04T10:44:45.058498
4908,1,4908,0.0170381534,2025-12-04T10:44:45.100910
4909,1,4909,0.0170357096,2025-12-04T10:44:45.143278
4910,1,4910,0.0170374773,2025-12-04T10:44:45.216046
4911,1,4911,0.0170388836,2025-12-04T10:44:45.288625
4912,1,4912,0.017038837,2025-12-04T10:44:45.361518
4913,1,4913,0.0170584302,2025-12-04T10:44:45.403989
4914,1,4914,0.0170444939,2025-12-04T10:44:45.446336
4915,1,4915,0.0170393772,2025-12-04T10:44:45.519987
4916,1,4916,0.0170382838,2025-12-04T10:44:45.592791
4917,1,4917,0.0170390959,2025-12-04T10:44:45.665468
4918,1,4918,0.0170390233,2025-12-04T10:44:45.708019
4919,1,4919,0.0170363709,2025-12-04T10:44:45.750224
4920,1,4920,0.0170380175,2025-12-04T10:44:45.770163
4921,1,4921,0.0170373674,2025-12-04T10:44:45.843275
4922,1,4922,0.0170540995,2025-12-04T10:44:45.916006
4923,1,4923,0.0170407723,2025-12-04T10:44:45.988712
4924,1,4924,0.0170376095,2025-12-04T10:44:46.031235
4925,1,4925,0.0170402806,2025-12-04T10:44:46.082265
4926,1,4926,0.0170359648,2025-12-04T10:44:46.152308
4927,1,4927,0.0170378535,2025-12-04T10:44:46.224997
4928,1,4928,0.0170396082,2025-12-04T10:44:46.297783
4929,1,4929,0.0170387364,2025-12-04T10:44:46.340200
4930,1,4930,0.016956279,2025-12-04T10:44:46.382628
4931,1,4931,0.0170765388,2025-12-04T10:44:46.402517
4932,1,4932,0.0170398857,2025-12-04T10:44:46.475549
4933,1,4933,0.0170360133,2025-12-04T10:44:46.548312
4934,1,4934,0.0170336533,2025-12-04T10:44:46.621026
4935,1,4935,0.0170341283,2025-12-04T10:44:46.663370
4936,1,4936,0.0170341897,2025-12-04T10:44:46.705867
4937,1,4937,0.0170332789,2025-12-04T10:44:46.778512
4938,1,4938,0.0170349646,2025-12-04T10:44:46.851233
4939,1,4939,0.0170515514,2025-12-04T10:44:46.923968
4940,1,4940,0.0170396231,2025-12-04T10:44:46.966326
4941,1,4941,0.0170402154,2025-12-04T10:44:47.008784
4942,1,4942,0.017038187,2025-12-04T10:44:47.028646
4943,1,4943,0.0170403327,2025-12-04T10:44:47.101780
4944,1,4944,0.0170366708,2025-12-04T10:44:47.174353
4945,1,4945,0.017036885,2025-12-04T10:44:47.247060
4946,1,4946,0.017036179,2025-12-04T10:44:47.289654
4947,1,4947,0.0170383509,2025-12-04T10:44:47.331977
4948,1,4948,0.017080754,2025-12-04T10:44:47.404646
4949,1,4949,0.0170397404,2025-12-04T10:44:47.477421
4950,1,4950,0.0170385371,2025-12-04T10:44:47.550167
4951,1,4951,0.0170391984,2025-12-04T10:44:47.592773
4952,1,4952,0.017037319,2025-12-04T10:44:47.634872
4953,1,4953,0.0170366801,2025-12-04T10:44:47.707648
4954,1,4954,0.0170369725,2025-12-04T10:44:47.780297
4955,1,4955,0.0170375201,2025-12-04T10:44:47.853178
4956,1,4956,0.0170156434,2025-12-04T10:44:47.895456
4957,1,4957,0.0170480757,2025-12-04T10:44:47.938023
4958,1,4958,0.0170435123,2025-12-04T10:44:47.957919
4959,1,4959,0.0170365981,2025-12-04T10:44:48.031094
4960,1,4960,0.0170377939,2025-12-04T10:44:48.103625
4961,1,4961,0.0170376915,2025-12-04T10:44:48.176379
4962,1,4962,0.0170358214,2025-12-04T10:44:48.218745
4963,1,4963,0.0170367173,2025-12-04T10:44:48.261242
4964,1,4964,0.0170382615,2025-12-04T10:44:48.334876
4965,1,4965,0.0170587077,2025-12-04T10:44:48.407972
4966,1,4966,0.0170424263,2025-12-04T10:44:48.480327
4967,1,4967,0.017037617,2025-12-04T10:44:48.522773
4968,1,4968,0.0170386675,2025-12-04T10:44:48.565213
4969,1,4969,0.0170364845,2025-12-04T10:44:48.585473
4970,1,4970,0.0170356854,2025-12-04T10:44:48.658088
4971,1,4971,0.0170365553,2025-12-04T10:44:48.730920
4972,1,4972,0.0170363225,2025-12-04T10:44:48.803518
4973,1,4973,0.0170373842,2025-12-04T10:44:48.845927
4974,1,4974,0.0169541668,2025-12-04T10:44:48.888264
4975,1,4975,0.0170461256,2025-12-04T10:44:48.961121
4976,1,4976,0.0170425977,2025-12-04T10:44:49.033763
4977,1,4977,0.0170402675,2025-12-04T10:44:49.106555
4978,1,4978,0.0170379504,2025-12-04T10:44:49.149063
4979,1,4979,0.017038118,2025-12-04T10:44:49.191384
4980,1,4980,0.017038159,2025-12-04T10:44:49.264178
4981,1,4981,0.0170355159,2025-12-04T10:44:49.336902
4982,1,4982,0.0170659814,2025-12-04T10:44:49.409550
4983,1,4983,0.0170477163,2025-12-04T10:44:49.451864
4984,1,4984,0.0170411486,2025-12-04T10:44:49.494292
4985,1,4985,0.0170379579,2025-12-04T10:44:49.568083
4986,1,4986,0.0170390419,2025-12-04T10:44:49.640819
4987,1,4987,0.0170381907,2025-12-04T10:44:49.713525
4988,1,4988,0.0170369148,2025-12-04T10:44:49.755979
4989,1,4989,0.0170387644,2025-12-04T10:44:49.798399
4990,1,4990,0.0170400254,2025-12-04T10:44:49.818295
4991,1,4991,0.0169539805,2025-12-04T10:44:49.891627
4992,1,4992,0.0170421488,2025-12-04T10:44:49.964108
4993,1,4993,0.0170400068,2025-12-04T10:44:50.036619
4994,1,4994,0.0170398969,2025-12-04T10:44:50.079081
4995,1,4995,0.0170389842,2025-12-04T10:44:50.121524
4996,1,4996,0.0170405022,2025-12-04T10:44:50.141362
4997,1,4997,0.017038295,2025-12-04T10:44:50.214628
4998,1,4998,0.0170393064,2025-12-04T10:44:50.287219
4999,1,4999,0.0170365087,2025-12-04T10:44:50.359955
5000,1,5000,0.0170540325,2025-12-04T10:44:50.432579
5001,1,5001,0.0170395374,2025-12-04T10:44:50.505306
5002,1,5002,0.0170353446,2025-12-04T10:44:50.578012
5003,1,5003,0.0170352309,2025-12-04T10:44:50.650797
5004,1,5004,0.01703546,2025-12-04T10:44:50.723502
5005,1,5005,0.0170342437,2025-12-04T10:44:50.765976
5006,1,5006,0.017032925,2025-12-04T10:44:50.808362
5007,1,5007,0.0169838033,2025-12-04T10:44:50.884135
5008,1,5008,0.0170397832,2025-12-04T10:44:50.956833
5009,1,5009,0.0170354545,2025-12-04T10:44:51.029599
5010,1,5010,0.0170358493,2025-12-04T10:44:51.071968
5011,1,5011,0.0170348566,2025-12-04T10:44:51.114421
5012,1,5012,0.0170354582,2025-12-04T10:44:51.187118
5013,1,5013,0.0170349888,2025-12-04T10:44:51.259737
5014,1,5014,0.0170347932,2025-12-04T10:44:51.332444
5015,1,5015,0.0170623101,2025-12-04T10:44:51.405278
5016,1,5016,0.017039489,2025-12-04T10:44:51.478024
5017,1,5017,0.0170361958,2025-12-04T10:44:51.520424
5018,1,5018,0.0170363932,2025-12-04T10:44:51.562832
5019,1,5019,0.017035108,2025-12-04T10:44:51.582943
5020,1,5020,0.0170337725,2025-12-04T10:44:51.602814
5021,1,5021,0.01703367,2025-12-04T10:44:51.622589
5022,1,5022,0.0170342605,2025-12-04T10:44:51.642509
5023,1,5023,0.0170344356,2025-12-04T10:44:51.715387
5024,1,5024,0.0170341245,2025-12-04T10:44:51.788104
5025,1,5025,0.0170338582,2025-12-04T10:44:51.860820
5026,1,5026,0.0170605033,2025-12-04T10:44:51.903088
5027,1,5027,0.0170399919,2025-12-04T10:44:51.945647
5028,1,5028,0.0170347057,2025-12-04T10:44:52.018319
5029,1,5029,0.0170350726,2025-12-04T10:44:52.091120
5030,1,5030,0.0170355476,2025-12-04T10:44:52.163828
5031,1,5031,0.017036261,2025-12-04T10:44:52.206232
5032,1,5032,0.0170350503,2025-12-04T10:44:52.248601
5033,1,5033,0.0170354302,2025-12-04T10:44:52.268605
5034,1,5034,0.0170386545,2025-12-04T10:44:52.341450
5035,1,5035,0.0170473456,2025-12-04T10:44:52.414308
5036,1,5036,0.0170372184,2025-12-04T10:44:52.487222
5037,1,5037,0.0170357562,2025-12-04T10:44:52.529342
5038,1,5038,0.0170381553,2025-12-04T10:44:52.571727
5039,1,5039,0.0170349087,2025-12-04T10:44:52.644581
5040,1,5040,0.0170340985,2025-12-04T10:44:52.717251
5041,1,5041,0.0170330461,2025-12-04T10:44:52.789930
5042,1,5042,0.0170351285,2025-12-04T10:44:52.832411
5043,1,5043,0.0170341469,2025-12-04T10:44:52.874800
5044,1,5044,0.0170377753,2025-12-04T10:44:52.949593
5045,1,5045,0.0170353483,2025-12-04T10:44:53.022272
5046,1,5046,0.0170356091,2025-12-04T10:44:53.095030
5047,1,5047,0.0170350689,2025-12-04T10:44:53.137491
5048,1,5048,0.0170359518,2025-12-04T10:44:53.179986
5049,1,5049,0.0170384962,2025-12-04T10:44:53.252589
5050,1,5050,0.0170366242,2025-12-04T10:44:53.325303
5051,1,5051,0.016995728,2025-12-04T10:44:53.397993
5052,1,5052,0.0170415919,2025-12-04T10:44:53.440402
5053,1,5053,0.0170356854,2025-12-04T10:44:53.482918
5054,1,5054,0.0170369409,2025-12-04T10:44:53.502758
5055,1,5055,0.0170375853,2025-12-04T10:44:53.575630
5056,1,5056,0.017034227,2025-12-04T10:44:53.648378
5057,1,5057,0.0170345306,2025-12-04T10:44:53.721318
5058,1,5058,0.0170323848,2025-12-04T10:44:53.763586
5059,1,5059,0.0170308463,2025-12-04T10:44:53.806082
5060,1,5060,0.0170355439,2025-12-04T10:44:53.878814
5061,1,5061,0.017037604,2025-12-04T10:44:53.951631
5062,1,5062,0.0170357525,2025-12-04T10:44:54.024139
5063,1,5063,0.0170365944,2025-12-04T10:44:54.066572
5064,1,5064,0.0170364286,2025-12-04T10:44:54.108961
5065,1,5065,0.0170343108,2025-12-04T10:44:54.182742
5066,1,5066,0.017036857,2025-12-04T10:44:54.255439
5067,1,5067,0.0170344039,2025-12-04T10:44:54.328277
5068,1,5068,0.017034877,2025-12-04T10:44:54.370642
5069,1,5069,0.0170787405,2025-12-04T10:44:54.413384
5070,1,5070,0.0170428361,2025-12-04T10:44:54.433357
5071,1,5071,0.0170408487,2025-12-04T10:44:54.505981
5072,1,5072,0.0170354899,2025-12-04T10:44:54.578578
5073,1,5073,0.0170357339,2025-12-04T10:44:54.651286
5074,1,5074,0.0170355476,2025-12-04T10:44:54.693812
5075,1,5075,0.0170366317,2025-12-04T10:44:54.736248
5076,1,5076,0.0170343257,2025-12-04T10:44:54.808932
5077,1,5077,0.017035244,2025-12-04T10:44:54.881538
5078,1,5078,0.0170400179,2025-12-04T10:44:54.954419
5079,1,5079,0.017037753,2025-12-04T10:44:54.996865
5080,1,5080,0.0170357972,2025-12-04T10:44:55.039225
5081,1,5081,0.017036423,2025-12-04T10:44:55.111936
5082,1,5082,0.0170370787,2025-12-04T10:44:55.184711
5083,1,5083,0.0170332584,2025-12-04T10:44:55.257392
5084,1,5084,0.0170348156,2025-12-04T10:44:55.299830
5085,1,5085,0.0170349068,2025-12-04T10:44:55.342249
5086,1,5086,0.0170547142,2025-12-04T10:44:55.414884
5087,1,5087,0.0170350037,2025-12-04T10:44:55.487706
5088,1,5088,0.0170346535,2025-12-04T10:44:55.560384
5089,1,5089,0.0170340891,2025-12-04T10:44:55.602796
5090,1,5090,0.0170324482,2025-12-04T10:44:55.645239
5091,1,5091,0.0170339792,2025-12-04T10:44:55.665334
5092,1,5092,0.0170338433,2025-12-04T10:44:55.738201
5093,1,5093,0.0170352421,2025-12-04T10:44:55.810797
5094,1,5094,0.017035352,2025-12-04T10:44:55.883567
5095,1,5095,0.0170492567,2025-12-04T10:44:55.925951
5096,1,5096,0.0170407555,2025-12-04T10:44:55.968451
5097,1,5097,0.0170385651,2025-12-04T10:44:55.988362
5098,1,5098,0.0170356426,2025-12-04T10:44:56.061329
5099,1,5099,0.0170364268,2025-12-04T10:44:56.134071
5100,1,5100,0.0170360021,2025-12-04T10:44:56.206773
5101,1,5101,0.0170347485,2025-12-04T10:44:56.249208
5102,1,5102,0.0170349068,2025-12-04T10:44:56.291689
5103,1,5103,0.0170358568,2025-12-04T10:44:56.364270
5104,1,5104,0.0170442685,2025-12-04T10:44:56.437107
5105,1,5105,0.0170380808,2025-12-04T10:44:56.509787
5106,1,5106,0.0170381516,2025-12-04T10:44:56.552206
5107,1,5107,0.0170367043,2025-12-04T10:44:56.594687
5108,1,5108,0.017036803,2025-12-04T10:44:56.667375
5109,1,5109,0.0170360822,2025-12-04T10:44:56.740070
5110,1,5110,0.0170369688,2025-12-04T10:44:56.813107
5111,1,5111,0.0170355737,2025-12-04T10:44:56.855401
5112,1,5112,0.0170344915,2025-12-04T10:44:56.897610
5113,1,5113,0.017035678,2025-12-04T10:44:56.917481
5114,1,5114,0.0170363616,2025-12-04T10:44:56.990563
5115,1,5115,0.0170407611,2025-12-04T10:44:57.063224
5116,1,5116,0.0170354917,2025-12-04T10:44:57.135938
5117,1,5117,0.0170362498,2025-12-04T10:44:57.178451
5118,1,5118,0.0170421209,2025-12-04T10:44:57.221001
5119,1,5119,0.0170381926,2025-12-04T10:44:57.240948
5120,1,5120,0.0170355178,2025-12-04T10:44:57.313744
5121,1,5121,0.0170326121,2025-12-04T10:44:57.386475
5122,1,5122,0.0170344952,2025-12-04T10:44:57.459077
5123,1,5123,0.0170363523,2025-12-04T10:44:57.501605
5124,1,5124,0.0170366652,2025-12-04T10:44:57.544079
5125,1,5125,0.0170369911,2025-12-04T10:44:57.616674
5126,1,5126,0.0170352216,2025-12-04T10:44:57.689404
5127,1,5127,0.0170345064,2025-12-04T10:44:57.762163
5128,1,5128,0.017034443,2025-12-04T10:44:57.804596
5129,1,5129,0.0170369278,2025-12-04T10:44:57.846989
5130,1,5130,0.0170383024,2025-12-04T10:44:57.919725
5131,1,5131,0.0170342922,2025-12-04T10:44:57.992420
5132,1,5132,0.0170365199,2025-12-04T10:44:58.065068
5133,1,5133,0.0170369464,2025-12-04T10:44:58.107620
5134,1,5134,0.0170374307,2025-12-04T10:44:58.150030
5135,1,5135,0.0170331373,2025-12-04T10:44:58.169905
5136,1,5136,0.0170378889,2025-12-04T10:44:58.242945
5137,1,5137,0.0170393921,2025-12-04T10:44:58.315691
5138,1,5138,0.0170417446,2025-12-04T10:44:58.388413
5139,1,5139,0.0170374512,2025-12-04T10:44:58.430811
5140,1,5140,0.0170390568,2025-12-04T10:44:58.473255
5141,1,5141,0.0170387532,2025-12-04T10:44:58.545967
5142,1,5142,0.017042607,2025-12-04T10:44:58.618682
5143,1,5143,0.0170391034,2025-12-04T10:44:58.691377
5144,1,5144,0.0170400049,2025-12-04T10:44:58.733872
5145,1,5145,0.0170368365,2025-12-04T10:44:58.776157
5146,1,5146,0.0170362703,2025-12-04T10:44:58.848855
5147,1,5147,0.0170382261,2025-12-04T10:44:58.921712
5148,1,5148,0.0170367173,2025-12-04T10:44:58.964307
5149,1,5149,0.0170371029,2025-12-04T10:44:59.006540
5150,1,5150,0.0170355997,2025-12-04T10:44:59.026576
5151,1,5151,0.0170398335,2025-12-04T10:44:59.099421
5152,1,5152,0.0170407015,2025-12-04T10:44:59.172022
5153,1,5153,0.0170200932,2025-12-04T10:44:59.244870
5154,1,5154,0.0170417092,2025-12-04T10:44:59.287304
5155,1,5155,0.0170345772,2025-12-04T10:44:59.329618
5156,1,5156,0.0170316919,2025-12-04T10:44:59.402537
5157,1,5157,0.017032558,2025-12-04T10:44:59.475294
5158,1,5158,0.017035244,2025-12-04T10:44:59.548263
5159,1,5159,0.0170364286,2025-12-04T10:44:59.590330
5160,1,5160,0.0170334912,2025-12-04T10:44:59.632748
5161,1,5161,0.0170325431,2025-12-04T10:44:59.652503
5162,1,5162,0.0170337706,2025-12-04T10:44:59.725745
5163,1,5163,0.0170396417,2025-12-04T10:44:59.798364
5164,1,5164,0.0170336998,2025-12-04T10:44:59.871112
5165,1,5165,0.0170340724,2025-12-04T10:44:59.913498
5166,1,5166,0.0170332584,2025-12-04T10:44:59.956224
5167,1,5167,0.0170319247,2025-12-04T10:45:00.030662
5168,1,5168,0.0170321278,2025-12-04T10:45:00.103617
5169,1,5169,0.0170336253,2025-12-04T10:45:00.176290
5170,1,5170,0.0170361455,2025-12-04T10:45:00.218896
5171,1,5171,0.0170594975,2025-12-04T10:45:00.261102
5172,1,5172,0.0170494951,2025-12-04T10:45:00.281137
5173,1,5173,0.0170363634,2025-12-04T10:45:00.353836
5174,1,5174,0.0170356817,2025-12-04T10:45:00.426517
5175,1,5175,0.0170303639,2025-12-04T10:45:00.499458
5176,1,5176,0.0170331578,2025-12-04T10:45:00.541754
5177,1,5177,0.0170327126,2025-12-04T10:45:00.584591
5178,1,5178,0.0170304179,2025-12-04T10:45:00.656979
5179,1,5179,0.0170291475,2025-12-04T10:45:00.729670
5180,1,5180,0.0170426126,2025-12-04T10:45:00.802257
5181,1,5181,0.0170334968,2025-12-04T10:45:00.845080
5182,1,5182,0.0170326177,2025-12-04T10:45:00.887278
5183,1,5183,0.0170309972,2025-12-04T10:45:00.962890
5184,1,5184,0.0170279014,2025-12-04T10:45:01.036004
5185,1,5185,0.0170279778,2025-12-04T10:45:01.108417
5186,1,5186,0.017028667,2025-12-04T10:45:01.151111
5187,1,5187,0.0170280076,2025-12-04T10:45:01.193394
5188,1,5188,0.0170287992,2025-12-04T10:45:01.213371
5189,1,5189,0.0170753411,2025-12-04T10:45:01.286362
5190,1,5190,0.0170334018,2025-12-04T10:45:01.358917
5191,1,5191,0.0170343089,2025-12-04T10:45:01.431776
5192,1,5192,0.017033793,2025-12-04T10:45:01.474030
5193,1,5193,0.0170341152,2025-12-04T10:45:01.516740
5194,1,5194,0.0170323774,2025-12-04T10:45:01.589223
5195,1,5195,0.0170305464,2025-12-04T10:45:01.661728
5196,1,5196,0.0170101188,2025-12-04T10:45:01.734519
5197,1,5197,0.0170731805,2025-12-04T10:45:01.776875
5198,1,5198,0.0170395877,2025-12-04T10:45:01.819334
5199,1,5199,0.0170364677,2025-12-04T10:45:01.839628
5200,1,5200,0.0170319471,2025-12-04T10:45:01.912291
5201,1,5201,0.0170316807,2025-12-04T10:45:01.984894
5202,1,5202,0.0170292109,2025-12-04T10:45:02.057954
5203,1,5203,0.0170303545,2025-12-04T10:45:02.130521
5204,1,5204,0.0170298554,2025-12-04T10:45:02.173184
5205,1,5205,0.0170313809,2025-12-04T10:45:02.215329
5206,1,5206,0.0170182287,2025-12-04T10:45:02.235272
5207,1,5207,0.0169753096,2025-12-04T10:45:02.254944
5208,1,5208,0.017084591,2025-12-04T10:45:02.274822
5209,1,5209,0.0170377194,2025-12-04T10:45:02.347721
5210,1,5210,0.0170324202,2025-12-04T10:45:02.420864
5211,1,5211,0.0170338004,2025-12-04T10:45:02.493138
5212,1,5212,0.0170328058,2025-12-04T10:45:02.535480
5213,1,5213,0.0170336309,2025-12-04T10:45:02.578300
5214,1,5214,0.017031908,2025-12-04T10:45:02.598216
5215,1,5215,0.0170308966,2025-12-04T10:45:02.671112
5216,1,5216,0.0169721879,2025-12-04T10:45:02.743752
5217,1,5217,0.0170368999,2025-12-04T10:45:02.816356
5218,1,5218,0.017033847,2025-12-04T10:45:02.858678
5219,1,5219,0.0170349702,2025-12-04T10:45:02.901479
5220,1,5220,0.0170323103,2025-12-04T10:45:02.974193
5221,1,5221,0.0170292016,2025-12-04T10:45:03.046538
5222,1,5222,0.0170292071,2025-12-04T10:45:03.119177
5223,1,5223,0.0170311499,2025-12-04T10:45:03.161886
5224,1,5224,0.0170276723,2025-12-04T10:45:03.204241
5225,1,5225,0.0170468371,2025-12-04T10:45:03.276863
5226,1,5226,0.017031908,2025-12-04T10:45:03.349693
5227,1,5227,0.0170300975,2025-12-04T10:45:03.422361
5228,1,5228,0.0170294642,2025-12-04T10:45:03.494955
5229,1,5229,0.017029535,2025-12-04T10:45:03.567994
5230,1,5230,0.0170285515,2025-12-04T10:45:03.640840
5231,1,5231,0.0170286446,2025-12-04T10:45:03.713100
5232,1,5232,0.0170358475,2025-12-04T10:45:03.785848
5233,1,5233,0.0170317236,2025-12-04T10:45:03.828334
5234,1,5234,0.0170298367,2025-12-04T10:45:03.870655
5235,1,5235,0.0170315429,2025-12-04T10:45:03.890457
5236,1,5236,0.0170336104,2025-12-04T10:45:03.963460
5237,1,5237,0.0170358903,2025-12-04T10:45:04.036352
5238,1,5238,0.0170354843,2025-12-04T10:45:04.109499
5239,1,5239,0.0170470271,2025-12-04T10:45:04.151671
5240,1,5240,0.0170448962,2025-12-04T10:45:04.194362
5241,1,5241,0.0170473046,2025-12-04T10:45:04.214354
5242,1,5242,0.0170334614,2025-12-04T10:45:04.287229
5243,1,5243,0.0170426908,2025-12-04T10:45:04.359956
5244,1,5244,0.0170322433,2025-12-04T10:45:04.432243
5245,1,5245,0.0170299652,2025-12-04T10:45:04.474843
5246,1,5246,0.017028721,2025-12-04T10:45:04.517309
5247,1,5247,0.0170294139,2025-12-04T10:45:04.589880
5248,1,5248,0.0170305408,2025-12-04T10:45:04.662486
5249,1,5249,0.0170325655,2025-12-04T10:45:04.735363
5250,1,5250,0.0170306507,2025-12-04T10:45:04.777994
5251,1,5251,0.0170322004,2025-12-04T10:45:04.820580
5252,1,5252,0.0170317236,2025-12-04T10:45:04.894816
5253,1,5253,0.0170287452,2025-12-04T10:45:04.967531
5254,1,5254,0.0170314013,2025-12-04T10:45:05.040162
5255,1,5255,0.0170312672,2025-12-04T10:45:05.082751
5256,1,5256,0.0170319247,2025-12-04T10:45:05.125167
5257,1,5257,0.0170252192,2025-12-04T10:45:05.145041
5258,1,5258,0.0170315653,2025-12-04T10:45:05.218072
5259,1,5259,0.0170338414,2025-12-04T10:45:05.290717
5260,1,5260,0.0170314218,2025-12-04T10:45:05.363529
5261,1,5261,0.0170309804,2025-12-04T10:45:05.405968
5262,1,5262,0.0170334447,2025-12-04T10:45:05.448434
5263,1,5263,0.0170322973,2025-12-04T10:45:05.521104
5264,1,5264,0.0170305334,2025-12-04T10:45:05.593917
5265,1,5265,0.0170356705,2025-12-04T10:45:05.666578
5266,1,5266,0.0170329175,2025-12-04T10:45:05.708839
5267,1,5267,0.0170316267,2025-12-04T10:45:05.751643
5268,1,5268,0.017031854,2025-12-04T10:45:05.771580
5269,1,5269,0.0170300621,2025-12-04T10:45:05.844066
5270,1,5270,0.0170320346,2025-12-04T10:45:05.916815
5271,1,5271,0.0170325618,2025-12-04T10:45:05.989847
5272,1,5272,0.017029874,2025-12-04T10:45:06.032415
5273,1,5273,0.0170334391,2025-12-04T10:45:06.075128
5274,1,5274,0.0170347876,2025-12-04T10:45:06.147147
5275,1,5275,0.0170363355,2025-12-04T10:45:06.219822
5276,1,5276,0.0170321874,2025-12-04T10:45:06.292743
5277,1,5277,0.0170355997,2025-12-04T10:45:06.335151
5278,1,5278,0.0170352272,2025-12-04T10:45:06.388687
5279,1,5279,0.01703717,2025-12-04T10:45:06.450266
5280,1,5280,0.0170318596,2025-12-04T10:45:06.522967
5281,1,5281,0.0170321222,2025-12-04T10:45:06.595774
5282,1,5282,0.0170282628,2025-12-04T10:45:06.638258
5283,1,5283,0.0170284863,2025-12-04T10:45:06.680452
5284,1,5284,0.0170286893,2025-12-04T10:45:06.700308
5285,1,5285,0.017033888,2025-12-04T10:45:06.773529
5286,1,5286,0.0170317608,2025-12-04T10:45:06.846240
5287,1,5287,0.0170327164,2025-12-04T10:45:06.919021
5288,1,5288,0.0170314665,2025-12-04T10:45:06.961233
5289,1,5289,0.0170079562,2025-12-04T10:45:07.004010
5290,1,5290,0.0170318596,2025-12-04T10:45:07.076586
5291,1,5291,0.0170324407,2025-12-04T10:45:07.149210
5292,1,5292,0.0170305222,2025-12-04T10:45:07.221914
5293,1,5293,0.0170290302,2025-12-04T10:45:07.264353
5294,1,5294,0.0170326773,2025-12-04T10:45:07.306736
5295,1,5295,0.0170330889,2025-12-04T10:45:07.379612
5296,1,5296,0.0170345623,2025-12-04T10:45:07.452136
5297,1,5297,0.0170520432,2025-12-04T10:45:07.525024
5298,1,5298,0.017038783,2025-12-04T10:45:07.567518
5299,1,5299,0.0170350689,2025-12-04T10:45:07.610375
5300,1,5300,0.0170325897,2025-12-04T10:45:07.682458
5301,1,5301,0.0170324463,2025-12-04T10:45:07.755635
5302,1,5302,0.017033549,2025-12-04T10:45:07.827872
5303,1,5303,0.0170340035,2025-12-04T10:45:07.870300
5304,1,5304,0.0170326177,2025-12-04T10:45:07.912666
5305,1,5305,0.0170335285,2025-12-04T10:45:07.932628
5306,1,5306,0.017016109,2025-12-04T10:45:08.005597
5307,1,5307,0.0170414149,2025-12-04T10:45:08.078387
5308,1,5308,0.0170344579,2025-12-04T10:45:08.151406
5309,1,5309,0.0170336477,2025-12-04T10:45:08.193868
5310,1,5310,0.0170347969,2025-12-04T10:45:08.235946
5311,1,5311,0.017032219,2025-12-04T10:45:08.310620
5312,1,5312,0.0170332361,2025-12-04T10:45:08.383396
5313,1,5313,0.0170337837,2025-12-04T10:45:08.456083
5314,1,5314,0.0170323625,2025-12-04T10:45:08.498884
5315,1,5315,0.0170697327,2025-12-04T10:45:08.540960
5316,1,5316,0.0170380715,2025-12-04T10:45:08.613729
5317,1,5317,0.0170360077,2025-12-04T10:45:08.686356
5318,1,5318,0.0170337688,2025-12-04T10:45:08.759262
5319,1,5319,0.0170335248,2025-12-04T10:45:08.801704
5320,1,5320,0.0170335937,2025-12-04T10:45:08.844028
5321,1,5321,0.0170321278,2025-12-04T10:45:08.864029
5322,1,5322,0.0170301776,2025-12-04T10:45:08.936952
5323,1,5323,0.0169960875,2025-12-04T10:45:09.009764
5324,1,5324,0.01704197,2025-12-04T10:45:09.082630
5325,1,5325,0.0170373432,2025-12-04T10:45:09.124961
5326,1,5326,0.0170359946,2025-12-04T10:45:09.167075
5327,1,5327,0.017034715,2025-12-04T10:45:09.187091
5328,1,5328,0.0170351006,2025-12-04T10:45:09.260435
5329,1,5329,0.0170352719,2025-12-04T10:45:09.332831
5330,1,5330,0.0170330442,2025-12-04T10:45:09.405635
5331,1,5331,0.0170340556,2025-12-04T10:45:09.448030
5332,1,5332,0.0170346628,2025-12-04T10:45:09.490918
5333,1,5333,0.0170506183,2025-12-04T10:45:09.563129
5334,1,5334,0.0170357823,2025-12-04T10:45:09.635848
5335,1,5335,0.0170376524,2025-12-04T10:45:09.708446
5336,1,5336,0.0170339811,2025-12-04T10:45:09.781358
5337,1,5337,0.0170345921,2025-12-04T10:45:09.823813
5338,1,5338,0.0170355904,2025-12-04T10:45:09.866627
5339,1,5339,0.0170356091,2025-12-04T10:45:09.886992
5340,1,5340,0.0170357599,2025-12-04T10:45:09.906758
5341,1,5341,0.0170356035,2025-12-04T10:45:09.926536
5342,1,5342,0.0170356836,2025-12-04T10:45:09.946497
5343,1,5343,0.0169646535,2025-12-04T10:45:10.019606
5344,1,5344,0.0170433688,2025-12-04T10:45:10.092509
5345,1,5345,0.0170367266,2025-12-04T10:45:10.164888
5346,1,5346,0.017033251,2025-12-04T10:45:10.207348
5347,1,5347,0.0170335657,2025-12-04T10:45:10.249706
5348,1,5348,0.0170328356,2025-12-04T10:45:10.269567
5349,1,5349,0.017034294,2025-12-04T10:45:10.342800
5350,1,5350,0.0170330014,2025-12-04T10:45:10.415312
5351,1,5351,0.0170318782,2025-12-04T10:45:10.488151
5352,1,5352,0.0169762168,2025-12-04T10:45:10.530570
5353,1,5353,0.0170529317,2025-12-04T10:45:10.573035
5354,1,5354,0.0170348826,2025-12-04T10:45:10.645660
5355,1,5355,0.017032478,2025-12-04T10:45:10.718551
5356,1,5356,0.017032681,2025-12-04T10:45:10.791351
5357,1,5357,0.0170309692,2025-12-04T10:45:10.833666
5358,1,5358,0.0170302186,2025-12-04T10:45:10.876439
5359,1,5359,0.0170325618,2025-12-04T10:45:10.948795
5360,1,5360,0.0169609617,2025-12-04T10:45:11.021874
5361,1,5361,0.017039474,2025-12-04T10:45:11.094168
5362,1,5362,0.0170359071,2025-12-04T10:45:11.136675
5363,1,5363,0.0170339513,2025-12-04T10:45:11.179209
5364,1,5364,0.017033495,2025-12-04T10:45:11.251818
5365,1,5365,0.0170324351,2025-12-04T10:45:11.324482
5366,1,5366,0.0170328207,2025-12-04T10:45:11.397167
5367,1,5367,0.0170333627,2025-12-04T10:45:11.439645
5368,1,5368,0.0170346274,2025-12-04T10:45:11.482058
5369,1,5369,0.0170328039,2025-12-04T10:45:11.502496
5370,1,5370,0.0170410498,2025-12-04T10:45:11.575067
5371,1,5371,0.0170350316,2025-12-04T10:45:11.647870
5372,1,5372,0.0170321054,2025-12-04T10:45:11.720479
5373,1,5373,0.017034756,2025-12-04T10:45:11.762761
5374,1,5374,0.017033942,2025-12-04T10:45:11.805368
5375,1,5375,0.0170335322,2025-12-04T10:45:11.878090
5376,1,5376,0.0170320905,2025-12-04T10:45:11.950875
5377,1,5377,0.0170055665,2025-12-04T10:45:12.023435
5378,1,5378,0.0170372035,2025-12-04T10:45:12.065951
5379,1,5379,0.0170343406,2025-12-04T10:45:12.108324
5380,1,5380,0.0170325152,2025-12-04T10:45:12.128508
5381,1,5381,0.0170328542,2025-12-04T10:45:12.201156
5382,1,5382,0.0170331951,2025-12-04T10:45:12.274151
5383,1,5383,0.0170351136,2025-12-04T10:45:12.346894
5384,1,5384,0.0170334745,2025-12-04T10:45:12.388977
5385,1,5385,0.0170323867,2025-12-04T10:45:12.431623
5386,1,5386,0.0170310586,2025-12-04T10:45:12.504214
5387,1,5387,0.017034024,2025-12-04T10:45:12.576835
5388,1,5388,0.0170333143,2025-12-04T10:45:12.649943
5389,1,5389,0.0170314833,2025-12-04T10:45:12.691978
5390,1,5390,0.0170324537,2025-12-04T10:45:12.734620
5391,1,5391,0.0170310791,2025-12-04T10:45:12.810130
5392,1,5392,0.017039502,2025-12-04T10:45:12.882892
5393,1,5393,0.017031677,2025-12-04T10:45:12.955720
5394,1,5394,0.0170351117,2025-12-04T10:45:12.997970
5395,1,5395,0.0170362498,2025-12-04T10:45:13.040407
5396,1,5396,0.0170364156,2025-12-04T10:45:13.060264
5397,1,5397,0.0170367434,2025-12-04T10:45:13.133942
5398,1,5398,0.0170331466,2025-12-04T10:45:13.206379
5399,1,5399,0.0170345138,2025-12-04T10:45:13.278890
5400,1,5400,0.0170320887,2025-12-04T10:45:13.321142
5401,1,5401,0.0170368626,2025-12-04T10:45:13.363675
5402,1,5402,0.0170352645,2025-12-04T10:45:13.436393
5403,1,5403,0.0170346982,2025-12-04T10:45:13.508962
5404,1,5404,0.0170340426,2025-12-04T10:45:13.581791
5405,1,5405,0.0170334018,2025-12-04T10:45:13.624116
5406,1,5406,0.0170362498,2025-12-04T10:45:13.666795
5407,1,5407,0.017034281,2025-12-04T10:45:13.686627
5408,1,5408,0.0170338302,2025-12-04T10:45:13.759520
5409,1,5409,0.0170311089,2025-12-04T10:45:13.832329
5410,1,5410,0.0170321147,2025-12-04T10:45:13.905065
5411,1,5411,0.0170326642,2025-12-04T10:45:13.947427
5412,1,5412,0.0170329865,2025-12-04T10:45:13.989888
5413,1,5413,0.0170310288,2025-12-04T10:45:14.062545
5414,1,5414,0.0170316994,2025-12-04T10:45:14.135171
5415,1,5415,0.0170306973,2025-12-04T10:45:14.208268
5416,1,5416,0.0170313287,2025-12-04T10:45:14.250409
5417,1,5417,0.017031772,2025-12-04T10:45:14.292876
5418,1,5418,0.0170392226,2025-12-04T10:45:14.365519
5419,1,5419,0.0170322079,2025-12-04T10:45:14.438222
5420,1,5420,0.0170374065,2025-12-04T10:45:14.480780
5421,1,5421,0.0170074272,2025-12-04T10:45:14.523080
5422,1,5422,0.0170425251,2025-12-04T10:45:14.543017
5423,1,5423,0.0170357469,2025-12-04T10:45:14.615889
5424,1,5424,0.017032653,2025-12-04T10:45:14.688666
5425,1,5425,0.0170348156,2025-12-04T10:45:14.761344
5426,1,5426,0.0170330591,2025-12-04T10:45:14.834176
5427,1,5427,0.017034864,2025-12-04T10:45:14.876528
5428,1,5428,0.0170346349,2025-12-04T10:45:14.919023
5429,1,5429,0.0170344263,2025-12-04T10:45:14.991746
5430,1,5430,0.017039027,2025-12-04T10:45:15.064420
5431,1,5431,0.0170324333,2025-12-04T10:45:15.137066
5432,1,5432,0.0170334856,2025-12-04T10:45:15.179450
5433,1,5433,0.0170313399,2025-12-04T10:45:15.221962
5434,1,5434,0.0170326661,2025-12-04T10:45:15.294708
5435,1,5435,0.0170305594,2025-12-04T10:45:15.367417
5436,1,5436,0.0170349888,2025-12-04T10:45:15.440103
5437,1,5437,0.0170339252,2025-12-04T10:45:15.482550
5438,1,5438,0.0169618967,2025-12-04T10:45:15.525027
5439,1,5439,0.0170381199,2025-12-04T10:45:15.597593
5440,1,5440,0.0170350335,2025-12-04T10:45:15.670375
5441,1,5441,0.0170321576,2025-12-04T10:45:15.743122
5442,1,5442,0.0170332323,2025-12-04T10:45:15.785615
5443,1,5443,0.0170328058,2025-12-04T10:45:15.827931
5444,1,5444,0.0170349813,2025-12-04T10:45:15.847827
5445,1,5445,0.0170313958,2025-12-04T10:45:15.920929
5446,1,5446,0.0170334652,2025-12-04T10:45:15.993601
5447,1,5447,0.0170521456,2025-12-04T10:45:16.066243
5448,1,5448,0.0170370787,2025-12-04T10:45:16.108706
5449,1,5449,0.0170343592,2025-12-04T10:45:16.151063
5450,1,5450,0.0170275401,2025-12-04T10:45:16.170871
5451,1,5451,0.0170337073,2025-12-04T10:45:16.244159
5452,1,5452,0.0170337539,2025-12-04T10:45:16.316821
5453,1,5453,0.0170309823,2025-12-04T10:45:16.389571
5454,1,5454,0.0170349366,2025-12-04T10:45:16.431945
5455,1,5455,0.0170319397,2025-12-04T10:45:16.474268
5456,1,5456,0.0170302409,2025-12-04T10:45:16.494148
5457,1,5457,0.0170315131,2025-12-04T10:45:16.513949
5458,1,5458,0.0169424079,2025-12-04T10:45:16.533796
5459,1,5459,0.0170641336,2025-12-04T10:45:16.553536
5460,1,5460,0.0170356296,2025-12-04T10:45:16.626842
5461,1,5461,0.0170367043,2025-12-04T10:45:16.699579
5462,1,5462,0.0170311648,2025-12-04T10:45:16.772347
5463,1,5463,0.0170337073,2025-12-04T10:45:16.814706
5464,1,5464,0.0170317515,2025-12-04T10:45:16.857198
5465,1,5465,0.0170314684,2025-12-04T10:45:16.877235
5466,1,5466,0.0170332752,2025-12-04T10:45:16.950018
5467,1,5467,0.0169859379,2025-12-04T10:45:17.022776
5468,1,5468,0.0170426312,2025-12-04T10:45:17.095440
5469,1,5469,0.0170358717,2025-12-04T10:45:17.137943
5470,1,5470,0.0170342978,2025-12-04T10:45:17.180313
5471,1,5471,0.0170319974,2025-12-04T10:45:17.253281
5472,1,5472,0.0170293059,2025-12-04T10:45:17.325774
5473,1,5473,0.0170313101,2025-12-04T10:45:17.398485
5474,1,5474,0.0170287732,2025-12-04T10:45:17.441034
5475,1,5475,0.0170334018,2025-12-04T10:45:17.483353
5476,1,5476,0.0170303564,2025-12-04T10:45:17.503234
5477,1,5477,0.017056182,2025-12-04T10:45:17.576259
5478,1,5478,0.0170334558,2025-12-04T10:45:17.648918
5479,1,5479,0.0170354526,2025-12-04T10:45:17.721694
5480,1,5480,0.0170304421,2025-12-04T10:45:17.764165
5481,1,5481,0.0170270688,2025-12-04T10:45:17.806587
5482,1,5482,0.0170281976,2025-12-04T10:45:17.879248
5483,1,5483,0.017030172,2025-12-04T10:45:17.951968
5484,1,5484,0.0169866681,2025-12-04T10:45:18.024748
5485,1,5485,0.0170716401,2025-12-04T10:45:18.067119
5486,1,5486,0.017038526,2025-12-04T10:45:18.109559
5487,1,5487,0.0170333646,2025-12-04T10:45:18.182208
5488,1,5488,0.0170293394,2025-12-04T10:45:18.254892
5489,1,5489,0.0170280206,2025-12-04T10:45:18.327681
5490,1,5490,0.0170299801,2025-12-04T10:45:18.370081
5491,1,5491,0.0170313138,2025-12-04T10:45:18.412470
5492,1,5492,0.0170307159,2025-12-04T10:45:18.432232
5493,1,5493,0.017023554,2025-12-04T10:45:18.505474
5494,1,5494,0.017060358,2025-12-04T10:45:18.578222
5495,1,5495,0.0170376747,2025-12-04T10:45:18.650988
5496,1,5496,0.017033156,2025-12-04T10:45:18.693348
5497,1,5497,0.0170349143,2025-12-04T10:45:18.735758
5498,1,5498,0.0170309599,2025-12-04T10:45:18.811431
5499,1,5499,0.017031515,2025-12-04T10:45:18.884196
5500,1,5500,0.0170275364,2025-12-04T10:45:18.956899
5501,1,5501,0.0170308537,2025-12-04T10:45:18.999220
5502,1,5502,0.0169637221,2025-12-04T10:45:19.041806
5503,1,5503,0.01703698,2025-12-04T10:45:19.114477
5504,1,5504,0.0170325711,2025-12-04T10:45:19.187109
5505,1,5505,0.0170311573,2025-12-04T10:45:19.259906
5506,1,5506,0.0170300211,2025-12-04T10:45:19.302312
5507,1,5507,0.0170299448,2025-12-04T10:45:19.344780
5508,1,5508,0.017033603,2025-12-04T10:45:19.417472
5509,1,5509,0.0170270241,2025-12-04T10:45:19.490200
5510,1,5510,0.0170740839,2025-12-04T10:45:19.562854
5511,1,5511,0.0170358289,2025-12-04T10:45:19.605340
5512,1,5512,0.0170376282,2025-12-04T10:45:19.647730
5513,1,5513,0.0170332044,2025-12-04T10:45:19.667605
5514,1,5514,0.0170313194,2025-12-04T10:45:19.687416
5515,1,5515,0.0170297473,2025-12-04T10:45:19.759955
5516,1,5516,0.0170334801,2025-12-04T10:45:19.832587
5517,1,5517,0.017030159,2025-12-04T10:45:19.905275
5518,1,5518,0.0170303285,2025-12-04T10:45:19.947765
5519,1,5519,0.0170292742,2025-12-04T10:45:19.990182
5520,1,5520,0.017063437,2025-12-04T10:45:20.062896
5521,1,5521,0.0170348454,2025-12-04T10:45:20.135627
5522,1,5522,0.0170286595,2025-12-04T10:45:20.208379
5523,1,5523,0.0170339681,2025-12-04T10:45:20.250723
5524,1,5524,0.0170305613,2025-12-04T10:45:20.293187
5525,1,5525,0.0170306377,2025-12-04T10:45:20.365905
5526,1,5526,0.0170321017,2025-12-04T10:45:20.438544
5527,1,5527,0.0170306805,2025-12-04T10:45:20.511329
5528,1,5528,0.0170106701,2025-12-04T10:45:20.553705
5529,1,5529,0.0170409977,2025-12-04T10:45:20.596125
5530,1,5530,0.0170350484,2025-12-04T10:45:20.668891
5531,1,5531,0.0170296542,2025-12-04T10:45:20.741683
5532,1,5532,0.0170300304,2025-12-04T10:45:20.814312
5533,1,5533,0.0170279871,2025-12-04T10:45:20.856688
5534,1,5534,0.0170302931,2025-12-04T10:45:20.899152
5535,1,5535,0.0170320365,2025-12-04T10:45:20.918973
5536,1,5536,0.0170275252,2025-12-04T10:45:20.992092
5537,1,5537,0.0170585103,2025-12-04T10:45:21.064761
5538,1,5538,0.0170340668,2025-12-04T10:45:21.137527
5539,1,5539,0.0170311797,2025-12-04T10:45:21.179892
5540,1,5540,0.0170307476,2025-12-04T10:45:21.237146
5541,1,5541,0.0170306582,2025-12-04T10:45:21.296100
5542,1,5542,0.0170315168,2025-12-04T10:45:21.368772
5543,1,5543,0.0170258898,2025-12-04T10:45:21.441441
5544,1,5544,0.0170300062,2025-12-04T10:45:21.483860
5545,1,5545,0.0170287061,2025-12-04T10:45:21.526346
5546,1,5546,0.0170287135,2025-12-04T10:45:21.546150
5547,1,5547,0.0170317459,2025-12-04T10:45:21.619313
5548,1,5548,0.0170267019,2025-12-04T10:45:21.691972
5549,1,5549,0.0170308314,2025-12-04T10:45:21.764736
5550,1,5550,0.0170310884,2025-12-04T10:45:21.807317
5551,1,5551,0.0170315727,2025-12-04T10:45:21.849539
5552,1,5552,0.017034132,2025-12-04T10:45:21.922349
5553,1,5553,0.0170343685,2025-12-04T10:45:21.995018
5554,1,5554,0.017030511,2025-12-04T10:45:22.067708
5555,1,5555,0.0170305669,2025-12-04T10:45:22.110124
5556,1,5556,0.0170292258,2025-12-04T10:45:22.152574
5557,1,5557,0.0170288998,2025-12-04T10:45:22.225344
5558,1,5558,0.0170269533,2025-12-04T10:45:22.297961
5559,1,5559,0.0170294586,2025-12-04T10:45:22.370790
5560,1,5560,0.0170274898,2025-12-04T10:45:22.413159
5561,1,5561,0.0170325357,2025-12-04T10:45:22.455662
5562,1,5562,0.0170293096,2025-12-04T10:45:22.530190
5563,1,5563,0.0170318819,2025-12-04T10:45:22.602908
5564,1,5564,0.0170268788,2025-12-04T10:45:22.675759
5565,1,5565,0.0170267093,2025-12-04T10:45:22.718213
5566,1,5566,0.0170272663,2025-12-04T10:45:22.760644
5567,1,5567,0.0170287024,2025-12-04T10:45:22.780473
5568,1,5568,0.0170312095,2025-12-04T10:45:22.853540
5569,1,5569,0.0170144792,2025-12-04T10:45:22.926205
5570,1,5570,0.0170295313,2025-12-04T10:45:22.998887
5571,1,5571,0.0170216709,2025-12-04T10:45:23.041350
5572,1,5572,0.0170285552,2025-12-04T10:45:23.083889
5573,1,5573,0.0170307066,2025-12-04T10:45:23.103633
5574,1,5574,0.0170263051,2025-12-04T10:45:23.176629
5575,1,5575,0.0170274861,2025-12-04T10:45:23.249337
5576,1,5576,0.0170307736,2025-12-04T10:45:23.322052
5577,1,5577,0.0170278288,2025-12-04T10:45:23.364636
5578,1,5578,0.0170281399,2025-12-04T10:45:23.406969
5579,1,5579,0.0170281361,2025-12-04T10:45:23.479689
5580,1,5580,0.0170292928,2025-12-04T10:45:23.552437
5581,1,5581,0.0170273296,2025-12-04T10:45:23.625110
5582,1,5582,0.017028803,2025-12-04T10:45:23.667609
5583,1,5583,0.0170256905,2025-12-04T10:45:23.709980
5584,1,5584,0.0170258879,2025-12-04T10:45:23.782767
5585,1,5585,0.0170279927,2025-12-04T10:45:23.855470
5586,1,5586,0.0170142352,2025-12-04T10:45:23.928128
5587,1,5587,0.0170328821,2025-12-04T10:45:23.970498
5588,1,5588,0.0170268658,2025-12-04T10:45:24.012916
5589,1,5589,0.0170255266,2025-12-04T10:45:24.032777
5590,1,5590,0.0170263592,2025-12-04T10:45:24.105909
5591,1,5591,0.0170271433,2025-12-04T10:45:24.178504
5592,1,5592,0.0170259494,2025-12-04T10:45:24.251324
5593,1,5593,0.0170264318,2025-12-04T10:45:24.293794
5594,1,5594,0.017024409,2025-12-04T10:45:24.336289
5595,1,5595,0.0170237421,2025-12-04T10:45:24.408861
5596,1,5596,0.0170229412,2025-12-04T10:45:24.481579
5597,1,5597,0.01702228,2025-12-04T10:45:24.554321
5598,1,5598,0.0170176159,2025-12-04T10:45:24.596744
5599,1,5599,0.0170204732,2025-12-04T10:45:24.639170
5600,1,5600,0.017018482,2025-12-04T10:45:24.711906
5601,1,5601,0.017021954,2025-12-04T10:45:24.784639
5602,1,5602,0.017019242,2025-12-04T10:45:24.857438
5603,1,5603,0.0170223675,2025-12-04T10:45:24.899745
5604,1,5604,0.0170242711,2025-12-04T10:45:24.942202
5605,1,5605,0.017017506,2025-12-04T10:45:25.014859
5606,1,5606,0.0170195028,2025-12-04T10:45:25.087646
5607,1,5607,0.0170173011,2025-12-04T10:45:25.160248
5608,1,5608,0.0170185454,2025-12-04T10:45:25.202742
5609,1,5609,0.0170197039,2025-12-04T10:45:25.245194
5610,1,5610,0.0170213524,2025-12-04T10:45:25.265058
5611,1,5611,0.0170221347,2025-12-04T10:45:25.338070
5612,1,5612,0.0170194488,2025-12-04T10:45:25.410784
5613,1,5613,0.0170235857,2025-12-04T10:45:25.483476
5614,1,5614,0.0170248039,2025-12-04T10:45:25.525907
5615,1,5615,0.0170230306,2025-12-04T10:45:25.568291
5616,1,5616,0.0170232746,2025-12-04T10:45:25.588148
5617,1,5617,0.017021425,2025-12-04T10:45:25.661262
5618,1,5618,0.0170222502,2025-12-04T10:45:25.733970
5619,1,5619,0.0170228611,2025-12-04T10:45:25.806777
5620,1,5620,0.0170192569,2025-12-04T10:45:25.849177
5621,1,5621,0.0170197281,2025-12-04T10:45:25.891608
5622,1,5622,0.0170081406,2025-12-04T10:45:25.964353
5623,1,5623,0.0170244015,2025-12-04T10:45:26.037050
5624,1,5624,0.0170229878,2025-12-04T10:45:26.109708
5625,1,5625,0.0170245859,2025-12-04T10:45:26.182442
5626,1,5626,0.0170236565,2025-12-04T10:45:26.224863
5627,1,5627,0.0170230753,2025-12-04T10:45:26.267275
5628,1,5628,0.0170242823,2025-12-04T10:45:26.287128
5629,1,5629,0.017023269,2025-12-04T10:45:26.306911
5630,1,5630,0.0170210115,2025-12-04T10:45:26.326856
5631,1,5631,0.0170217659,2025-12-04T10:45:26.346599
5632,1,5632,0.017023418,2025-12-04T10:45:26.419750
5633,1,5633,0.0170248635,2025-12-04T10:45:26.492469
5634,1,5634,0.0170220825,2025-12-04T10:45:26.565186
5635,1,5635,0.0170227661,2025-12-04T10:45:26.607812
5636,1,5636,0.0170210152,2025-12-04T10:45:26.650084
5637,1,5637,0.0170221198,2025-12-04T10:45:26.669963
5638,1,5638,0.0170186758,2025-12-04T10:45:26.743052
5639,1,5639,0.0170230902,2025-12-04T10:45:26.815746
5640,1,5640,0.017021222,2025-12-04T10:45:26.888400
5641,1,5641,0.0170208923,2025-12-04T10:45:26.930888
5642,1,5642,0.0170191843,2025-12-04T10:45:26.973250
5643,1,5643,0.0170257072,2025-12-04T10:45:27.045995
5644,1,5644,0.0170228816,2025-12-04T10:45:27.118738
5645,1,5645,0.0170213226,2025-12-04T10:45:27.191418
5646,1,5646,0.0170220118,2025-12-04T10:45:27.233859
5647,1,5647,0.0170199796,2025-12-04T10:45:27.276255
5648,1,5648,0.0170210376,2025-12-04T10:45:27.349950
5649,1,5649,0.0170223023,2025-12-04T10:45:27.422744
5650,1,5650,0.0170386489,2025-12-04T10:45:27.495469
5651,1,5651,0.0170278102,2025-12-04T10:45:27.537826
5652,1,5652,0.0170234981,2025-12-04T10:45:27.580201
5653,1,5653,0.017022375,2025-12-04T10:45:27.600114
5654,1,5654,0.0170236974,2025-12-04T10:45:27.673121
5655,1,5655,0.0170195382,2025-12-04T10:45:27.745843
5656,1,5656,0.0170226041,2025-12-04T10:45:27.818548
5657,1,5657,0.0170195661,2025-12-04T10:45:27.861072
5658,1,5658,0.0170219521,2025-12-04T10:45:27.903425
5659,1,5659,0.0169793684,2025-12-04T10:45:27.976172
5660,1,5660,0.0170240774,2025-12-04T10:45:28.048974
5661,1,5661,0.0170249063,2025-12-04T10:45:28.121600
5662,1,5662,0.0170203261,2025-12-04T10:45:28.164043
5663,1,5663,0.0170224457,2025-12-04T10:45:28.206400
5664,1,5664,0.0170221589,2025-12-04T10:45:28.226355
5665,1,5665,0.0170200541,2025-12-04T10:45:28.299353
5666,1,5666,0.0170206464,2025-12-04T10:45:28.372259
5667,1,5667,0.0170172993,2025-12-04T10:45:28.444748
5668,1,5668,0.0170444268,2025-12-04T10:45:28.487244
5669,1,5669,0.0170246399,2025-12-04T10:45:28.529602
5670,1,5670,0.0170205887,2025-12-04T10:45:28.602401
5671,1,5671,0.0170187987,2025-12-04T10:45:28.675110
5672,1,5672,0.0170188397,2025-12-04T10:45:28.747779
5673,1,5673,0.0170215014,2025-12-04T10:45:28.790206
5674,1,5674,0.0170174781,2025-12-04T10:45:28.832687
5675,1,5675,0.0170213207,2025-12-04T10:45:28.905554
5676,1,5676,0.0169599708,2025-12-04T10:45:28.978020
5677,1,5677,0.0170197635,2025-12-04T10:45:29.050876
5678,1,5678,0.0170189905,2025-12-04T10:45:29.093235
5679,1,5679,0.0170191135,2025-12-04T10:45:29.135665
5680,1,5680,0.0170198939,2025-12-04T10:45:29.155691
5681,1,5681,0.0170152913,2025-12-04T10:45:29.228573
5682,1,5682,0.0170174073,2025-12-04T10:45:29.301265
5683,1,5683,0.0170182865,2025-12-04T10:45:29.374015
5684,1,5684,0.0170184299,2025-12-04T10:45:29.416512
5685,1,5685,0.0170174501,2025-12-04T10:45:29.458853
5686,1,5686,0.0170270521,2025-12-04T10:45:29.531613
5687,1,5687,0.0170212071,2025-12-04T10:45:29.604181
5688,1,5688,0.0170183423,2025-12-04T10:45:29.677093
5689,1,5689,0.0170163735,2025-12-04T10:45:29.719444
5690,1,5690,0.0170168653,2025-12-04T10:45:29.761886
5691,1,5691,0.0170196909,2025-12-04T10:45:29.834749
5692,1,5692,0.0170195307,2025-12-04T10:45:29.907362
5693,1,5693,0.0169605761,2025-12-04T10:45:29.979963
5694,1,5694,0.0170353483,2025-12-04T10:45:30.022493
5695,1,5695,0.0170233044,2025-12-04T10:45:30.064924
5696,1,5696,0.0170226432,2025-12-04T10:45:30.084694
5697,1,5697,0.0170197747,2025-12-04T10:45:30.157826
5698,1,5698,0.017019296,2025-12-04T10:45:30.230526
5699,1,5699,0.0170193426,2025-12-04T10:45:30.272875
5700,1,5700,0.0170183256,2025-12-04T10:45:30.315318
5701,1,5701,0.0170174501,2025-12-04T10:45:30.335087
5702,1,5702,0.0170181673,2025-12-04T10:45:30.408272
5703,1,5703,0.0169580411,2025-12-04T10:45:30.481024
5704,1,5704,0.0170249249,2025-12-04T10:45:30.553739
5705,1,5705,0.0170197803,2025-12-04T10:45:30.596149
5706,1,5706,0.0170231685,2025-12-04T10:45:30.638551
5707,1,5707,0.0170219,2025-12-04T10:45:30.658580
5708,1,5708,0.0170204211,2025-12-04T10:45:30.731443
5709,1,5709,0.0170199982,2025-12-04T10:45:30.804281
5710,1,5710,0.0170202534,2025-12-04T10:45:30.876902
5711,1,5711,0.0170180499,2025-12-04T10:45:30.919223
5712,1,5712,0.0170144606,2025-12-04T10:45:30.961787
5713,1,5713,0.0170291773,2025-12-04T10:45:31.034348
5714,1,5714,0.0170220788,2025-12-04T10:45:31.107204
5715,1,5715,0.0170162413,2025-12-04T10:45:31.179887
5716,1,5716,0.0170207712,2025-12-04T10:45:31.222413
5717,1,5717,0.0170187428,2025-12-04T10:45:31.264806
5718,1,5718,0.0170187521,2025-12-04T10:45:31.337456
5719,1,5719,0.0170185286,2025-12-04T10:45:31.410222
5720,1,5720,0.0169578287,2025-12-04T10:45:31.482796
5721,1,5721,0.017031379,2025-12-04T10:45:31.525342
5722,1,5722,0.0170225612,2025-12-04T10:45:31.593886
5723,1,5723,0.0170191321,2025-12-04T10:45:31.651564
5724,1,5724,0.0170192848,2025-12-04T10:45:31.724160
5725,1,5725,0.0170151367,2025-12-04T10:45:31.797016
5726,1,5726,0.017019758,2025-12-04T10:45:31.839561
5727,1,5727,0.0170187111,2025-12-04T10:45:31.881878
5728,1,5728,0.0170192997,2025-12-04T10:45:31.901704
5729,1,5729,0.0169494524,2025-12-04T10:45:31.974881
5730,1,5730,0.0170234479,2025-12-04T10:45:32.047555
5731,1,5731,0.0170198008,2025-12-04T10:45:32.120217
5732,1,5732,0.0170176122,2025-12-04T10:45:32.192825
5733,1,5733,0.0170190557,2025-12-04T10:45:32.265685
5734,1,5734,0.0170189179,2025-12-04T10:45:32.338358
5735,1,5735,0.0170161891,2025-12-04T10:45:32.411004
5736,1,5736,0.0169518738,2025-12-04T10:45:32.483812
5737,1,5737,0.0170282013,2025-12-04T10:45:32.526170
5738,1,5738,0.0170212257,2025-12-04T10:45:32.568654
5739,1,5739,0.0170211736,2025-12-04T10:45:32.588580
5740,1,5740,0.0170197729,2025-12-04T10:45:32.661561
5741,1,5741,0.0170184206,2025-12-04T10:45:32.734335
5742,1,5742,0.017019039,2025-12-04T10:45:32.806967
5743,1,5743,0.0170164145,2025-12-04T10:45:32.849467
5744,1,5744,0.0170179288,2025-12-04T10:45:32.891787
5745,1,5745,0.0170173067,2025-12-04T10:45:32.964546
5746,1,5746,0.0170241892,2025-12-04T10:45:33.037301
5747,1,5747,0.0170184168,2025-12-04T10:45:33.079686
5748,1,5748,0.0170208625,2025-12-04T10:45:33.122182
5749,1,5749,0.0170195605,2025-12-04T10:45:33.142019
5750,1,5750,0.0170177742,2025-12-04T10:45:33.215037
5751,1,5751,0.0170205216,2025-12-04T10:45:33.287917
5752,1,5752,0.0170206706,2025-12-04T10:45:33.360466
5753,1,5753,0.0170198958,2025-12-04T10:45:33.402911
5754,1,5754,0.0170185565,2025-12-04T10:45:33.445324
5755,1,5755,0.0170245282,2025-12-04T10:45:33.518956
5756,1,5756,0.0170218683,2025-12-04T10:45:33.591832
5757,1,5757,0.0170164108,2025-12-04T10:45:33.664530
5758,1,5758,0.0170219428,2025-12-04T10:45:33.706823
5759,1,5759,0.0170203186,2025-12-04T10:45:33.749288
5760,1,5760,0.0170193891,2025-12-04T10:45:33.768965
5761,1,5761,0.0170208141,2025-12-04T10:45:33.842319
5762,1,5762,0.0170189924,2025-12-04T10:45:33.914843
5763,1,5763,0.0170117635,2025-12-04T10:45:33.987644
5764,1,5764,0.0170235894,2025-12-04T10:45:34.030116
5765,1,5765,0.017021209,2025-12-04T10:45:34.072648
5766,1,5766,0.0170191153,2025-12-04T10:45:34.145153
5767,1,5767,0.0170189999,2025-12-04T10:45:34.217949
5768,1,5768,0.0170191936,2025-12-04T10:45:34.260368
5769,1,5769,0.0170173756,2025-12-04T10:45:34.302691
5770,1,5770,0.0170194767,2025-12-04T10:45:34.322426
5771,1,5771,0.0170191433,2025-12-04T10:45:34.342197
5772,1,5772,0.0170175023,2025-12-04T10:45:34.414861
5773,1,5773,0.0169976167,2025-12-04T10:45:34.487610
5774,1,5774,0.0170219689,2025-12-04T10:45:34.560281
5775,1,5775,0.0170215349,2025-12-04T10:45:34.602768
5776,1,5776,0.0170212555,2025-12-04T10:45:34.645229
5777,1,5777,0.0170170515,2025-12-04T10:45:34.717796
5778,1,5778,0.0170198809,2025-12-04T10:45:34.790625
5779,1,5779,0.0170169584,2025-12-04T10:45:34.863266
5780,1,5780,0.0170186962,2025-12-04T10:45:34.905823
5781,1,5781,0.0170162823,2025-12-04T10:45:34.948253
5782,1,5782,0.0170280095,2025-12-04T10:45:35.020921
5783,1,5783,0.0170194171,2025-12-04T10:45:35.093598
5784,1,5784,0.0170161314,2025-12-04T10:45:35.166312
5785,1,5785,0.0170177835,2025-12-04T10:45:35.208793
5786,1,5786,0.0170191712,2025-12-04T10:45:35.251146
5787,1,5787,0.0170197226,2025-12-04T10:45:35.270987
5788,1,5788,0.0170185845,2025-12-04T10:45:35.344098
5789,1,5789,0.0170184876,2025-12-04T10:45:35.416835
5790,1,5790,0.016992975,2025-12-04T10:45:35.489472
5791,1,5791,0.0170234404,2025-12-04T10:45:35.531971
5792,1,5792,0.0170221831,2025-12-04T10:45:35.574313
5793,1,5793,0.0170167163,2025-12-04T10:45:35.647038
5794,1,5794,0.0170195493,2025-12-04T10:45:35.719793
5795,1,5795,0.0170193463,2025-12-04T10:45:35.792562
5796,1,5796,0.0170186702,2025-12-04T10:45:35.834940
5797,1,5797,0.0170194357,2025-12-04T10:45:35.877402
5798,1,5798,0.0170167051,2025-12-04T10:45:35.953312
5799,1,5799,0.0170271359,2025-12-04T10:45:36.025880
5800,1,5800,0.0170170105,2025-12-04T10:45:36.098553
5801,1,5801,0.0170172601,2025-12-04T10:45:36.140990
5802,1,5802,0.0170164518,2025-12-04T10:45:36.183511
5803,1,5803,0.0170166436,2025-12-04T10:45:36.203301
5804,1,5804,0.0170165915,2025-12-04T10:45:36.276264
5805,1,5805,0.0170159097,2025-12-04T10:45:36.349052
5806,1,5806,0.0170178152,2025-12-04T10:45:36.421677
5807,1,5807,0.0170143991,2025-12-04T10:45:36.464234
5808,1,5808,0.017069688,2025-12-04T10:45:36.506624
5809,1,5809,0.0170229487,2025-12-04T10:45:36.579206
5810,1,5810,0.0170184895,2025-12-04T10:45:36.651992
5811,1,5811,0.017020924,2025-12-04T10:45:36.724691
5812,1,5812,0.01702087,2025-12-04T10:45:36.767132
5813,1,5813,0.0170208867,2025-12-04T10:45:36.809624
5814,1,5814,0.0170200206,2025-12-04T10:45:36.829371
5815,1,5815,0.0170199759,2025-12-04T10:45:36.902455
5816,1,5816,0.0170212537,2025-12-04T10:45:36.975208
5817,1,5817,0.0170226301,2025-12-04T10:45:37.047923
5818,1,5818,0.0170221924,2025-12-04T10:45:37.090421
5819,1,5819,0.0170208308,2025-12-04T10:45:37.132737
5820,1,5820,0.0170248523,2025-12-04T10:45:37.205510
5821,1,5821,0.0170194711,2025-12-04T10:45:37.278188
5822,1,5822,0.01701954,2025-12-04T10:45:37.350869
5823,1,5823,0.0170209556,2025-12-04T10:45:37.393426
5824,1,5824,0.017017601,2025-12-04T10:45:37.435821
5825,1,5825,0.0170342158,2025-12-04T10:45:37.508541
5826,1,5826,0.017018985,2025-12-04T10:45:37.581246
5827,1,5827,0.0170189868,2025-12-04T10:45:37.654027
5828,1,5828,0.0170183517,2025-12-04T10:45:37.696369
5829,1,5829,0.0170187763,2025-12-04T10:45:37.738803
5830,1,5830,0.0170209873,2025-12-04T10:45:37.758747
5831,1,5831,0.0170183349,2025-12-04T10:45:37.831677
5832,1,5832,0.0170158259,2025-12-04T10:45:37.904477
5833,1,5833,0.0170192848,2025-12-04T10:45:37.977196
5834,1,5834,0.0170239657,2025-12-04T10:45:38.019530
5835,1,5835,0.0170220024,2025-12-04T10:45:38.061968
5836,1,5836,0.0170172862,2025-12-04T10:45:38.136764
5837,1,5837,0.0170203708,2025-12-04T10:45:38.209461
5838,1,5838,0.0170182939,2025-12-04T10:45:38.282231
5839,1,5839,0.017015906,2025-12-04T10:45:38.324613
5840,1,5840,0.017017031,2025-12-04T10:45:38.367158
5841,1,5841,0.0170211438,2025-12-04T10:45:38.439743
5842,1,5842,0.01702472,2025-12-04T10:45:38.512484
5843,1,5843,0.01701851,2025-12-04T10:45:38.585172
5844,1,5844,0.0170211605,2025-12-04T10:45:38.627592
5845,1,5845,0.0170212592,2025-12-04T10:45:38.670061
5846,1,5846,0.0170202963,2025-12-04T10:45:38.690014
5847,1,5847,0.0170175451,2025-12-04T10:45:38.762953
5848,1,5848,0.0170197561,2025-12-04T10:45:38.835694
5849,1,5849,0.0170212853,2025-12-04T10:45:38.878148
5850,1,5850,0.0170182939,2025-12-04T10:45:38.920446
5851,1,5851,0.0170191321,2025-12-04T10:45:38.940269
5852,1,5852,0.0170300602,2025-12-04T10:45:39.013402
5853,1,5853,0.0170198529,2025-12-04T10:45:39.086241
5854,1,5854,0.0170194115,2025-12-04T10:45:39.158900
5855,1,5855,0.0170176699,2025-12-04T10:45:39.201309
5856,1,5856,0.0170171335,2025-12-04T10:45:39.243733
5857,1,5857,0.0170169509,2025-12-04T10:45:39.263503
5858,1,5858,0.0170168615,2025-12-04T10:45:39.336673
5859,1,5859,0.017019201,2025-12-04T10:45:39.409307
5860,1,5860,0.0169999655,2025-12-04T10:45:39.482037
5861,1,5861,0.0170330721,2025-12-04T10:45:39.524479
5862,1,5862,0.0170202963,2025-12-04T10:45:39.566952
5863,1,5863,0.0170205701,2025-12-04T10:45:39.586857
5864,1,5864,0.017019473,2025-12-04T10:45:39.606626
5865,1,5865,0.0170212574,2025-12-04T10:45:39.626313
5866,1,5866,0.0170195586,2025-12-04T10:45:39.646162
5867,1,5867,0.0170196183,2025-12-04T10:45:39.720496
5868,1,5868,0.017017994,2025-12-04T10:45:39.793015
5869,1,5869,0.0170160103,2025-12-04T10:45:39.835605
5870,1,5870,0.0170177556,2025-12-04T10:45:39.878007
5871,1,5871,0.017016692,2025-12-04T10:45:39.897842
5872,1,5872,0.0170178171,2025-12-04T10:45:39.917750
5873,1,5873,0.0169563274,2025-12-04T10:45:39.990098
5874,1,5874,0.0170251335,2025-12-04T10:45:40.062841
5875,1,5875,0.0170208793,2025-12-04T10:45:40.135533
5876,1,5876,0.0170212797,2025-12-04T10:45:40.177994
5877,1,5877,0.0170192252,2025-12-04T10:45:40.220497
5878,1,5878,0.0170197617,2025-12-04T10:45:40.293025
5879,1,5879,0.0170197188,2025-12-04T10:45:40.365788
5880,1,5880,0.0170201808,2025-12-04T10:45:40.438525
5881,1,5881,0.0170191861,2025-12-04T10:45:40.480912
5882,1,5882,0.0170738473,2025-12-04T10:45:40.523384
5883,1,5883,0.0170350763,2025-12-04T10:45:40.543172
5884,1,5884,0.0170214921,2025-12-04T10:45:40.616345
5885,1,5885,0.0170205887,2025-12-04T10:45:40.688922
5886,1,5886,0.0170214269,2025-12-04T10:45:40.761677
5887,1,5887,0.0170180648,2025-12-04T10:45:40.834485
5888,1,5888,0.017020449,2025-12-04T10:45:40.876863
5889,1,5889,0.0170190278,2025-12-04T10:45:40.919568
5890,1,5890,0.0169627498,2025-12-04T10:45:40.992017
5891,1,5891,0.0170274432,2025-12-04T10:45:41.064664
5892,1,5892,0.0170222893,2025-12-04T10:45:41.137481
5893,1,5893,0.0170218981,2025-12-04T10:45:41.179874
5894,1,5894,0.0170199777,2025-12-04T10:45:41.222294
5895,1,5895,0.0170188043,2025-12-04T10:45:41.294998
5896,1,5896,0.0170170422,2025-12-04T10:45:41.367733
5897,1,5897,0.0170178115,2025-12-04T10:45:41.440477
5898,1,5898,0.0170165244,2025-12-04T10:45:41.482848
5899,1,5899,0.017046133,2025-12-04T10:45:41.525256
5900,1,5900,0.0170237161,2025-12-04T10:45:41.599857
5901,1,5901,0.0170194897,2025-12-04T10:45:41.670747
5902,1,5902,0.0170197933,2025-12-04T10:45:41.743332
5903,1,5903,0.0170188769,2025-12-04T10:45:41.785848
5904,1,5904,0.0170191489,2025-12-04T10:45:41.828284
5905,1,5905,0.0170189347,2025-12-04T10:45:41.848230
5906,1,5906,0.0170166473,2025-12-04T10:45:41.921166
5907,1,5907,0.0169622302,2025-12-04T10:45:41.993914
5908,1,5908,0.0170291345,2025-12-04T10:45:42.066679
5909,1,5909,0.0170234702,2025-12-04T10:45:42.108928
5910,1,5910,0.0170204639,2025-12-04T10:45:42.151510
5911,1,5911,0.0170198641,2025-12-04T10:45:42.171497
5912,1,5912,0.0170217063,2025-12-04T10:45:42.191435
5913,1,5913,0.0170212462,2025-12-04T10:45:42.211244
5914,1,5914,0.0170203596,2025-12-04T10:45:42.230972
5915,1,5915,0.017016245,2025-12-04T10:45:42.305007
5916,1,5916,0.0170196108,2025-12-04T10:45:42.377698
5917,1,5917,0.0170151684,2025-12-04T10:45:42.450441
5918,1,5918,0.0169699136,2025-12-04T10:45:42.492777
5919,1,5919,0.0170718505,2025-12-04T10:45:42.535807
5920,1,5920,0.0170324016,2025-12-04T10:45:42.555723
5921,1,5921,0.0170212276,2025-12-04T10:45:42.628176
5922,1,5922,0.0170193314,2025-12-04T10:45:42.700839
5923,1,5923,0.0170188006,2025-12-04T10:45:42.773702
5924,1,5924,0.0170172564,2025-12-04T10:45:42.816069
5925,1,5925,0.0170207899,2025-12-04T10:45:42.858450
5926,1,5926,0.0170195531,2025-12-04T10:45:42.931243
5927,1,5927,0.0169353093,2025-12-04T10:45:43.003911
5928,1,5928,0.0170269813,2025-12-04T10:45:43.076669
5929,1,5929,0.0170202143,2025-12-04T10:45:43.119065
5930,1,5930,0.017019296,2025-12-04T10:45:43.161439
5931,1,5931,0.0170177277,2025-12-04T10:45:43.181241
5932,1,5932,0.0170189328,2025-12-04T10:45:43.254441
5933,1,5933,0.017020639,2025-12-04T10:45:43.327148
5934,1,5934,0.0170160885,2025-12-04T10:45:43.399813
5935,1,5935,0.0170201007,2025-12-04T10:45:43.442235
5936,1,5936,0.0170191209,2025-12-04T10:45:43.484671
5937,1,5937,0.0170284733,2025-12-04T10:45:43.557361
5938,1,5938,0.0170191321,2025-12-04T10:45:43.630151
5939,1,5939,0.0170179326,2025-12-04T10:45:43.702777
5940,1,5940,0.0170197132,2025-12-04T10:45:43.745249
5941,1,5941,0.0170180927,2025-12-04T10:45:43.787787
5942,1,5942,0.0170179121,2025-12-04T10:45:43.860359
5943,1,5943,0.017018279,2025-12-04T10:45:43.933098
5944,1,5944,0.0169374272,2025-12-04T10:45:44.005814
5945,1,5945,0.0170322544,2025-12-04T10:45:44.048233
5946,1,5946,0.0170246418,2025-12-04T10:45:44.090675
5947,1,5947,0.0170245114,2025-12-04T10:45:44.110603
5948,1,5948,0.0170205328,2025-12-04T10:45:44.183577
5949,1,5949,0.0170194711,2025-12-04T10:45:44.256251
5950,1,5950,0.0170192122,2025-12-04T10:45:44.328932
5951,1,5951,0.0170192178,2025-12-04T10:45:44.371475
5952,1,5952,0.0170191135,2025-12-04T10:45:44.413842
5953,1,5953,0.0170185491,2025-12-04T10:45:44.487626
5954,1,5954,0.0170281697,2025-12-04T10:45:44.560228
5955,1,5955,0.0170210003,2025-12-04T10:45:44.632922
5956,1,5956,0.0170208457,2025-12-04T10:45:44.675463
5957,1,5957,0.0170187838,2025-12-04T10:45:44.717932
5958,1,5958,0.017021466,2025-12-04T10:45:44.790659
5959,1,5959,0.0170185528,2025-12-04T10:45:44.863325
5960,1,5960,0.0170198567,2025-12-04T10:45:44.936095
5961,1,5961,0.0170205291,2025-12-04T10:45:44.978506
5962,1,5962,0.017052276,2025-12-04T10:45:45.020825
5963,1,5963,0.0170276295,2025-12-04T10:45:45.040689
5964,1,5964,0.0170214325,2025-12-04T10:45:45.113696
5965,1,5965,0.0170204415,2025-12-04T10:45:45.186424
5966,1,5966,0.0170223098,2025-12-04T10:45:45.259251
5967,1,5967,0.0170194655,2025-12-04T10:45:45.301659
5968,1,5968,0.0170210488,2025-12-04T10:45:45.344127
5969,1,5969,0.0170208457,2025-12-04T10:45:45.417072
5970,1,5970,0.0170196499,2025-12-04T10:45:45.489453
5971,1,5971,0.0170221272,2025-12-04T10:45:45.562361
5972,1,5972,0.0170214492,2025-12-04T10:45:45.604668
5973,1,5973,0.0170214138,2025-12-04T10:45:45.647087
5974,1,5974,0.0170181449,2025-12-04T10:45:45.719657
5975,1,5975,0.0170190762,2025-12-04T10:45:45.792396
5976,1,5976,0.0170151647,2025-12-04T10:45:45.865234
5977,1,5977,0.0170210618,2025-12-04T10:45:45.907692
5978,1,5978,0.0170206874,2025-12-04T10:45:45.950055
5979,1,5979,0.0170205999,2025-12-04T10:45:45.970022
5980,1,5980,0.0170280747,2025-12-04T10:45:46.042956
5981,1,5981,0.0170192308,2025-12-04T10:45:46.115619
5982,1,5982,0.0170194059,2025-12-04T10:45:46.188450
5983,1,5983,0.0170188993,2025-12-04T10:45:46.230887
5984,1,5984,0.0170187223,2025-12-04T10:45:46.273272
5985,1,5985,0.0170171856,2025-12-04T10:45:46.345981
5986,1,5986,0.0170166846,2025-12-04T10:45:46.418740
5987,1,5987,0.0170196648,2025-12-04T10:45:46.491472
5988,1,5988,0.017026389,2025-12-04T10:45:46.533880
5989,1,5989,0.0170211642,2025-12-04T10:45:46.576282
5990,1,5990,0.0170198436,2025-12-04T10:45:46.596198
5991,1,5991,0.0170186385,2025-12-04T10:45:46.669121
5992,1,5992,0.0170160848,2025-12-04T10:45:46.741884
5993,1,5993,0.0170145519,2025-12-04T10:45:46.814649
5994,1,5994,0.0170169472,2025-12-04T10:45:46.857060
5995,1,5995,0.0170170329,2025-12-04T10:45:46.899530
5996,1,5996,0.0170172583,2025-12-04T10:45:46.919401
5997,1,5997,0.0170160774,2025-12-04T10:45:46.939193
5998,1,5998,0.0170161966,2025-12-04T10:45:46.958986
5999,1,5999,0.0170171614,2025-12-04T10:45:46.978982
6000,1,6000,0.0170225054,2025-12-04T10:45:47.054056
6001,1,6001,0.0170196946,2025-12-04T10:45:47.126767
6002,1,6002,0.0170197542,2025-12-04T10:45:47.199445
6003,1,6003,0.0170208178,2025-12-04T10:45:47.241822
6004,1,6004,0.0170210469,2025-12-04T10:45:47.284386
6005,1,6005,0.0170213561,2025-12-04T10:45:47.304271
6006,1,6006,0.0170195717,2025-12-04T10:45:47.377115
6007,1,6007,0.0170162972,2025-12-04T10:45:47.449814
6008,1,6008,0.0170404016,2025-12-04T10:45:47.522607
6009,1,6009,0.0170214101,2025-12-04T10:45:47.565071
6010,1,6010,0.0170192793,2025-12-04T10:45:47.607464
6011,1,6011,0.0170183684,2025-12-04T10:45:47.627377
6012,1,6012,0.0170187912,2025-12-04T10:45:47.700521
6013,1,6013,0.0170195437,2025-12-04T10:45:47.773049
6014,1,6014,0.0170188937,2025-12-04T10:45:47.845822
6015,1,6015,0.0170183405,2025-12-04T10:45:47.888208
6016,1,6016,0.0170184876,2025-12-04T10:45:47.930783
6017,1,6017,0.0169794075,2025-12-04T10:45:48.003430
6018,1,6018,0.017021818,2025-12-04T10:45:48.076110
6019,1,6019,0.0170177165,2025-12-04T10:45:48.148822
6020,1,6020,0.017018605,2025-12-04T10:45:48.191262
6021,1,6021,0.017016964,2025-12-04T10:45:48.233743
6022,1,6022,0.0170175805,2025-12-04T10:45:48.306359
6023,1,6023,0.0170182976,2025-12-04T10:45:48.379096
6024,1,6024,0.0170167665,2025-12-04T10:45:48.451883
6025,1,6025,0.0170174334,2025-12-04T10:45:48.494274
6026,1,6026,0.0170286484,2025-12-04T10:45:48.536753
6027,1,6027,0.0170243643,2025-12-04T10:45:48.556664
6028,1,6028,0.0170184485,2025-12-04T10:45:48.629663
6029,1,6029,0.0170165747,2025-12-04T10:45:48.702344
6030,1,6030,0.0170171707,2025-12-04T10:45:48.744682
6031,1,6031,0.0170167293,2025-12-04T10:45:48.787203
6032,1,6032,0.0170161612,2025-12-04T10:45:48.807040
6033,1,6033,0.0170154348,2025-12-04T10:45:48.880005
6034,1,6034,0.0170179605,2025-12-04T10:45:48.952717
6035,1,6035,0.0170503072,2025-12-04T10:45:49.025445
6036,1,6036,0.0170201305,2025-12-04T10:45:49.067935
6037,1,6037,0.0170194655,2025-12-04T10:45:49.110432
6038,1,6038,0.0170190744,2025-12-04T10:45:49.130317
6039,1,6039,0.0170169193,2025-12-04T10:45:49.203252
6040,1,6040,0.0170177537,2025-12-04T10:45:49.276051
6041,1,6041,0.0170153044,2025-12-04T10:45:49.348750
6042,1,6042,0.017017113,2025-12-04T10:45:49.391128
6043,1,6043,0.0170157793,2025-12-04T10:45:49.433519
6044,1,6044,0.0169826913,2025-12-04T10:45:49.506259
6045,1,6045,0.0170114524,2025-12-04T10:45:49.578882
6046,1,6046,0.0170089565,2025-12-04T10:45:49.651695
6047,1,6047,0.0170086044,2025-12-04T10:45:49.694090
6048,1,6048,0.0170095972,2025-12-04T10:45:49.736640
6049,1,6049,0.0170106776,2025-12-04T10:45:49.809290
6050,1,6050,0.0170111674,2025-12-04T10:45:49.882028
6051,1,6051,0.0170070379,2025-12-04T10:45:49.954671
6052,1,6052,0.0170098617,2025-12-04T10:45:49.997183
6053,1,6053,0.0170388855,2025-12-04T10:45:50.039630
6054,1,6054,0.0170214921,2025-12-04T10:45:50.059499
6055,1,6055,0.0170184317,2025-12-04T10:45:50.132423
6056,1,6056,0.017018659,2025-12-04T10:45:50.205169
6057,1,6057,0.0170146375,2025-12-04T10:45:50.277807
6058,1,6058,0.0170140042,2025-12-04T10:45:50.320373
6059,1,6059,0.0170149691,2025-12-04T10:45:50.362740
6060,1,6060,0.0170149076,2025-12-04T10:45:50.436410
6061,1,6061,0.016978098,2025-12-04T10:45:50.509109
6062,1,6062,0.0170199442,2025-12-04T10:45:50.581949
6063,1,6063,0.0170166436,2025-12-04T10:45:50.624388
6064,1,6064,0.0170161537,2025-12-04T10:45:50.666891
6065,1,6065,0.0170157477,2025-12-04T10:45:50.686623
6066,1,6066,0.0170127004,2025-12-04T10:45:50.759641
6067,1,6067,0.0170154385,2025-12-04T10:45:50.832365
6068,1,6068,0.0170139167,2025-12-04T10:45:50.905162
6069,1,6069,0.0170137099,2025-12-04T10:45:50.947469
6070,1,6070,0.0170375332,2025-12-04T10:45:50.989864
6071,1,6071,0.017032409,2025-12-04T10:45:51.062578
6072,1,6072,0.017008176,2025-12-04T10:45:51.135426
6073,1,6073,0.0170053932,2025-12-04T10:45:51.208141
6074,1,6074,0.017004922,2025-12-04T10:45:51.250493
6075,1,6075,0.0170072093,2025-12-04T10:45:51.293092
6076,1,6076,0.0170065071,2025-12-04T10:45:51.313098
6077,1,6077,0.0170048996,2025-12-04T10:45:51.388368
6078,1,6078,0.0170035436,2025-12-04T10:45:51.458493
6079,1,6079,0.016991252,2025-12-04T10:45:51.531298
6080,1,6080,0.0170150175,2025-12-04T10:45:51.573712
6081,1,6081,0.0170076657,2025-12-04T10:45:51.616243
6082,1,6082,0.017006373,2025-12-04T10:45:51.636157
6083,1,6083,0.0170055478,2025-12-04T10:45:51.655906
6084,1,6084,0.0170072671,2025-12-04T10:45:51.675678
6085,1,6085,0.0170059595,2025-12-04T10:45:51.695484
6086,1,6086,0.0170065034,2025-12-04T10:45:51.769579
6087,1,6087,0.0170028321,2025-12-04T10:45:51.842337
6088,1,6088,0.0170044619,2025-12-04T10:45:51.915059
6089,1,6089,0.0170059464,2025-12-04T10:45:51.957481
6090,1,6090,0.0170049387,2025-12-04T10:45:52.000058
6091,1,6091,0.0169355552,2025-12-04T10:45:52.019883
6092,1,6092,0.0170091167,2025-12-04T10:45:52.092879
6093,1,6093,0.0170082151,2025-12-04T10:45:52.165495
6094,1,6094,0.01700541,2025-12-04T10:45:52.238250
6095,1,6095,0.0170057974,2025-12-04T10:45:52.280757
6096,1,6096,0.0170057192,2025-12-04T10:45:52.323067
6097,1,6097,0.0170072857,2025-12-04T10:45:52.395822
6098,1,6098,0.0170020535,2025-12-04T10:45:52.468576
6099,1,6099,0.0170474052,2025-12-04T10:45:52.541288
6100,1,6100,0.0170089267,2025-12-04T10:45:52.583795
6101,1,6101,0.0170093756,2025-12-04T10:45:52.626165
6102,1,6102,0.0170077979,2025-12-04T10:45:52.645878
6103,1,6103,0.0170047711,2025-12-04T10:45:52.719060
6104,1,6104,0.0170070491,2025-12-04T10:45:52.791781
6105,1,6105,0.0170063544,2025-12-04T10:45:52.864494
6106,1,6106,0.0170063786,2025-12-04T10:45:52.907013
6107,1,6107,0.0170064084,2025-12-04T10:45:52.949380
6108,1,6108,0.0169389452,2025-12-04T10:45:53.022089
6109,1,6109,0.0170105937,2025-12-04T10:45:53.094745
6110,1,6110,0.0170076321,2025-12-04T10:45:53.167453
6111,1,6111,0.0170070938,2025-12-04T10:45:53.209984
6112,1,6112,0.0170070528,2025-12-04T10:45:53.252461
6113,1,6113,0.0170045699,2025-12-04T10:45:53.325193
6114,1,6114,0.0170039627,2025-12-04T10:45:53.397752
6115,1,6115,0.0170072149,2025-12-04T10:45:53.470660
6116,1,6116,0.0170430764,2025-12-04T10:45:53.543267
6117,1,6117,0.0170084033,2025-12-04T10:45:53.615972
6118,1,6118,0.0170079916,2025-12-04T10:45:53.658339
6119,1,6119,0.01700739,2025-12-04T10:45:53.700790
6120,1,6120,0.0170055981,2025-12-04T10:45:53.720617
6121,1,6121,0.0170057024,2025-12-04T10:45:53.740466
6122,1,6122,0.0170056521,2025-12-04T10:45:53.760365
6123,1,6123,0.0170046836,2025-12-04T10:45:53.835080
6124,1,6124,0.0170066189,2025-12-04T10:45:53.907837
6125,1,6125,0.0170068088,2025-12-04T10:45:53.980551
6126,1,6126,0.0169399213,2025-12-04T10:45:54.023003
6127,1,6127,0.0170184765,2025-12-04T10:45:54.065380
6128,1,6128,0.0170148387,2025-12-04T10:45:54.085440
6129,1,6129,0.0170099996,2025-12-04T10:45:54.158336
6130,1,6130,0.017007241,2025-12-04T10:45:54.231082
6131,1,6131,0.0170062202,2025-12-04T10:45:54.303727
6132,1,6132,0.0170070491,2025-12-04T10:45:54.346168
6133,1,6133,0.017003443,2025-12-04T10:45:54.388565
6134,1,6134,0.0170058775,2025-12-04T10:45:54.461313
6135,1,6135,0.0170085132,2025-12-04T10:45:54.533962
6136,1,6136,0.0170055944,2025-12-04T10:45:54.606709
6137,1,6137,0.017005492,2025-12-04T10:45:54.649222
6138,1,6138,0.0170058347,2025-12-04T10:45:54.691622
6139,1,6139,0.0170050207,2025-12-04T10:45:54.711378
6140,1,6140,0.0170042626,2025-12-04T10:45:54.784579
6141,1,6141,0.0170090794,2025-12-04T10:45:54.857205
6142,1,6142,0.0170084368,2025-12-04T10:45:54.929888
6143,1,6143,0.0170116387,2025-12-04T10:45:54.972433
6144,1,6144,0.0170070324,2025-12-04T10:45:55.014786
6145,1,6145,0.0170078612,2025-12-04T10:45:55.087489
6146,1,6146,0.0170087292,2025-12-04T10:45:55.160276
6147,1,6147,0.0170072726,2025-12-04T10:45:55.232996
6148,1,6148,0.0170044228,2025-12-04T10:45:55.275293
6149,1,6149,0.0170064438,2025-12-04T10:45:55.317861
6150,1,6150,0.0170027576,2025-12-04T10:45:55.390612
6151,1,6151,0.0170019473,2025-12-04T10:45:55.463196
6152,1,6152,0.0170000009,2025-12-04T10:45:55.535865
6153,1,6153,0.0170133318,2025-12-04T10:45:55.578363
6154,1,6154,0.0170082673,2025-12-04T10:45:55.620745
6155,1,6155,0.0170080456,2025-12-04T10:45:55.640598
6156,1,6156,0.0170062128,2025-12-04T10:45:55.713613
6157,1,6157,0.0170252975,2025-12-04T10:45:55.786431
6158,1,6158,0.0170159768,2025-12-04T10:45:55.859115
6159,1,6159,0.0170038528,2025-12-04T10:45:55.901570
6160,1,6160,0.017004624,2025-12-04T10:45:55.943934
6161,1,6161,0.0170037113,2025-12-04T10:45:56.016596
6162,1,6162,0.0170086603,2025-12-04T10:45:56.089359
6163,1,6163,0.0170054417,2025-12-04T10:45:56.162194
6164,1,6164,0.017005939,2025-12-04T10:45:56.204550
6165,1,6165,0.0170052852,2025-12-04T10:45:56.246980
6166,1,6166,0.0170043203,2025-12-04T10:45:56.266900
6167,1,6167,0.0170032083,2025-12-04T10:45:56.339898
6168,1,6168,0.0170045644,2025-12-04T10:45:56.412612
6169,1,6169,0.0170024503,2025-12-04T10:45:56.485314
6170,1,6170,0.0169454887,2025-12-04T10:45:56.527694
6171,1,6171,0.0170172918,2025-12-04T10:45:56.570068
6172,1,6172,0.0170099884,2025-12-04T10:45:56.642809
6173,1,6173,0.0170035157,2025-12-04T10:45:56.715676
6174,1,6174,0.0170052591,2025-12-04T10:45:56.788286
6175,1,6175,0.0170044433,2025-12-04T10:45:56.830692
6176,1,6176,0.0170051679,2025-12-04T10:45:56.873174
6177,1,6177,0.017004244,2025-12-04T10:45:56.893004
6178,1,6178,0.0170021373,2025-12-04T10:45:56.966021
6179,1,6179,0.0169820431,2025-12-04T10:45:57.038831
6180,1,6180,0.0170050691,2025-12-04T10:45:57.111469
6181,1,6181,0.0170035902,2025-12-04T10:45:57.153970
6182,1,6182,0.0170071367,2025-12-04T10:45:57.196423
6183,1,6183,0.0170060694,2025-12-04T10:45:57.269017
6184,1,6184,0.0170066375,2025-12-04T10:45:57.341804
6185,1,6185,0.0170079395,2025-12-04T10:45:57.414532
6186,1,6186,0.0170081052,2025-12-04T10:45:57.456967
6187,1,6187,0.017006766,2025-12-04T10:45:57.499373
6188,1,6188,0.0170170534,2025-12-04T10:45:57.572107
6189,1,6189,0.0170084517,2025-12-04T10:45:57.644714
6190,1,6190,0.0170047506,2025-12-04T10:45:57.717543
6191,1,6191,0.017007457,2025-12-04T10:45:57.759941
6192,1,6192,0.0170030351,2025-12-04T10:45:57.802412
6193,1,6193,0.0170026831,2025-12-04T10:45:57.822211
6194,1,6194,0.0170050729,2025-12-04T10:45:57.895283
6195,1,6195,0.0170046258,2025-12-04T10:45:57.968011
6196,1,6196,0.0169355757,2025-12-04T10:45:58.040722
6197,1,6197,0.0170166082,2025-12-04T10:45:58.083173
6198,1,6198,0.0170105323,2025-12-04T10:45:58.125547
6199,1,6199,0.017004095,2025-12-04T10:45:58.198302
6200,1,6200,0.017003322,2025-12-04T10:45:58.270949
6201,1,6201,0.0170036777,2025-12-04T10:45:58.343752
6202,1,6202,0.0170042905,2025-12-04T10:45:58.386166
6203,1,6203,0.0170030519,2025-12-04T10:45:58.428501
6204,1,6204,0.0170051604,2025-12-04T10:45:58.501293
6205,1,6205,0.0170340146,2025-12-04T10:45:58.574100
6206,1,6206,0.0170088969,2025-12-04T10:45:58.646663
6207,1,6207,0.0170077048,2025-12-04T10:45:58.689088
6208,1,6208,0.0170061383,2025-12-04T10:45:58.731614
6209,1,6209,0.0170052964,2025-12-04T10:45:58.804353
6210,1,6210,0.0170074757,2025-12-04T10:45:58.877033
6211,1,6211,0.0170057732,2025-12-04T10:45:58.949743
6212,1,6212,0.0170076228,2025-12-04T10:45:58.992167
6213,1,6213,0.0169383864,2025-12-04T10:45:59.034625
6214,1,6214,0.016966721,2025-12-04T10:45:59.054531
6215,1,6215,0.0170166566,2025-12-04T10:45:59.127528
6216,1,6216,0.0170092564,2025-12-04T10:45:59.200157
6217,1,6217,0.017006753,2025-12-04T10:45:59.272831
6218,1,6218,0.0170089937,2025-12-04T10:45:59.315341
6219,1,6219,0.0170095525,2025-12-04T10:45:59.357866
6220,1,6220,0.0170074161,2025-12-04T10:45:59.431965
6221,1,6221,0.0170050803,2025-12-04T10:45:59.504269
6222,1,6222,0.0170429274,2025-12-04T10:45:59.576837
6223,1,6223,0.0170134585,2025-12-04T10:45:59.619375
6224,1,6224,0.0170092787,2025-12-04T10:45:59.661794
6225,1,6225,0.0170076806,2025-12-04T10:45:59.681738
6226,1,6226,0.0170077607,2025-12-04T10:45:59.754603
6227,1,6227,0.0170062892,2025-12-04T10:45:59.827403
6228,1,6228,0.0170067679,2025-12-04T10:45:59.900089
6229,1,6229,0.0170080959,2025-12-04T10:45:59.942569
6230,1,6230,0.0170077942,2025-12-04T10:45:59.985077
6231,1,6231,0.0169789101,2025-12-04T10:46:00.057675
6232,1,6232,0.0170113518,2025-12-04T10:46:00.130399
6233,1,6233,0.0170090291,2025-12-04T10:46:00.203083
6234,1,6234,0.0170053876,2025-12-04T10:46:00.245484
6235,1,6235,0.0170052759,2025-12-04T10:46:00.287997
6236,1,6236,0.0170043185,2025-12-04T10:46:00.307811
6237,1,6237,0.0170068647,2025-12-04T10:46:00.380854
6238,1,6238,0.017007282,2025-12-04T10:46:00.465167
6239,1,6239,0.0170068945,2025-12-04T10:46:00.526232
6240,1,6240,0.017051449,2025-12-04T10:46:00.568679
6241,1,6241,0.017016841,2025-12-04T10:46:00.611151
6242,1,6242,0.0170136503,2025-12-04T10:46:00.631047
6243,1,6243,0.0170115102,2025-12-04T10:46:00.650854
6244,1,6244,0.017009234,2025-12-04T10:46:00.670708
6245,1,6245,0.0170082822,2025-12-04T10:46:00.690522
6246,1,6246,0.0170059408,2025-12-04T10:46:00.764888
6247,1,6247,0.0170054975,2025-12-04T10:46:00.837387
6248,1,6248,0.0170039609,2025-12-04T10:46:00.910154
6249,1,6249,0.0170044805,2025-12-04T10:46:00.952592
6250,1,6250,0.0170034281,2025-12-04T10:46:00.994963
6251,1,6251,0.0170043576,2025-12-04T10:46:01.014767
6252,1,6252,0.0170164741,2025-12-04T10:46:01.087775
6253,1,6253,0.0170066133,2025-12-04T10:46:01.160674
6254,1,6254,0.0170056875,2025-12-04T10:46:01.233372
6255,1,6255,0.0170055069,2025-12-04T10:46:01.275715
6256,1,6256,0.0170062109,2025-12-04T10:46:01.318207
6257,1,6257,0.0170044526,2025-12-04T10:46:01.390931
6258,1,6258,0.0170032083,2025-12-04T10:46:01.463558
6259,1,6259,0.0169519893,2025-12-04T10:46:01.536295
6260,1,6260,0.0170183554,2025-12-04T10:46:01.578638
6261,1,6261,0.017009139,2025-12-04T10:46:01.621174
6262,1,6262,0.0170059166,2025-12-04T10:46:01.641103
6263,1,6263,0.0170055143,2025-12-04T10:46:01.714115
6264,1,6264,0.0170037578,2025-12-04T10:46:01.786819
6265,1,6265,0.0170039758,2025-12-04T10:46:01.859455
6266,1,6266,0.0170050486,2025-12-04T10:46:01.901913
6267,1,6267,0.0170047134,2025-12-04T10:46:01.944371
6268,1,6268,0.017004149,2025-12-04T10:46:02.016973
6269,1,6269,0.017009994,2025-12-04T10:46:02.089820
6270,1,6270,0.0170056335,2025-12-04T10:46:02.162485
6271,1,6271,0.017004596,2025-12-04T10:46:02.204965
6272,1,6272,0.0170041639,2025-12-04T10:46:02.247380
6273,1,6273,0.0170052926,2025-12-04T10:46:02.320052
6274,1,6274,0.0170056689,2025-12-04T10:46:02.392730
6275,1,6275,0.0170036107,2025-12-04T10:46:02.465490
6276,1,6276,0.0170035623,2025-12-04T10:46:02.507879
6277,1,6277,0.0169906076,2025-12-04T10:46:02.550279
6278,1,6278,0.0170144755,2025-12-04T10:46:02.570171
6279,1,6279,0.0170030724,2025-12-04T10:46:02.643210
6280,1,6280,0.0170033145,2025-12-04T10:46:02.716047
6281,1,6281,0.0170029178,2025-12-04T10:46:02.788691
6282,1,6282,0.0170020144,2025-12-04T10:46:02.831059
6283,1,6283,0.0170024819,2025-12-04T10:46:02.873552
6284,1,6284,0.0170023515,2025-12-04T10:46:02.946246
6285,1,6285,0.0170069057,2025-12-04T10:46:03.018983
6286,1,6286,0.017034078,2025-12-04T10:46:03.091680
6287,1,6287,0.017038349,2025-12-04T10:46:03.134122
6288,1,6288,0.0170376598,2025-12-04T10:46:03.176538
6289,1,6289,0.0170380678,2025-12-04T10:46:03.196387
6290,1,6290,0.0170335341,2025-12-04T10:46:03.269462
6291,1,6291,0.0170328766,2025-12-04T10:46:03.342168
6292,1,6292,0.0170337725,2025-12-04T10:46:03.414893
6293,1,6293,0.0170327313,2025-12-04T10:46:03.457351
6294,1,6294,0.0170315112,2025-12-04T10:46:03.499782
6295,1,6295,0.0170392356,2025-12-04T10:46:03.572470
6296,1,6296,0.0170292165,2025-12-04T10:46:03.645077
6297,1,6297,0.0170310847,2025-12-04T10:46:03.717907
6298,1,6298,0.0170305855,2025-12-04T10:46:03.760343
6299,1,6299,0.0170311536,2025-12-04T10:46:03.802773
6300,1,6300,0.0170328952,2025-12-04T10:46:03.822579
6301,1,6301,0.0170261785,2025-12-04T10:46:03.895728
6302,1,6302,0.0170231219,2025-12-04T10:46:03.968481
6303,1,6303,0.0169745739,2025-12-04T10:46:04.041144
6304,1,6304,0.0170301832,2025-12-04T10:46:04.083614
6305,1,6305,0.0170291773,2025-12-04T10:46:04.126037
6306,1,6306,0.0170308295,2025-12-04T10:46:04.198682
6307,1,6307,0.0170287359,2025-12-04T10:46:04.271303
6308,1,6308,0.0170275252,2025-12-04T10:46:04.344111
6309,1,6309,0.0170303713,2025-12-04T10:46:04.386508
6310,1,6310,0.0170310009,2025-12-04T10:46:04.428917
6311,1,6311,0.0170304924,2025-12-04T10:46:04.501645
6312,1,6312,0.0170364286,2025-12-04T10:46:04.574404
6313,1,6313,0.0170288085,2025-12-04T10:46:04.647248
6314,1,6314,0.0170270781,2025-12-04T10:46:04.689502
6315,1,6315,0.0170232392,2025-12-04T10:46:04.732025
6316,1,6316,0.0170205272,2025-12-04T10:46:04.751775
6317,1,6317,0.0170185174,2025-12-04T10:46:04.824778
6318,1,6318,0.0170111469,2025-12-04T10:46:04.897553
6319,1,6319,0.0170101951,2025-12-04T10:46:04.970289
6320,1,6320,0.0170054752,2025-12-04T10:46:05.012728
6321,1,6321,0.0169770065,2025-12-04T10:46:05.055149
6322,1,6322,0.0170091744,2025-12-04T10:46:05.075036
6323,1,6323,0.0170048009,2025-12-04T10:46:05.094728
6324,1,6324,0.0170029066,2025-12-04T10:46:05.114468
6325,1,6325,0.0170010961,2025-12-04T10:46:05.134352
6326,1,6326,0.0170011892,2025-12-04T10:46:05.154224
6327,1,6327,0.0169990826,2025-12-04T10:46:05.227081
6328,1,6328,0.0170006752,2025-12-04T10:46:05.299547
6329,1,6329,0.0169985275,2025-12-04T10:46:05.372342
6330,1,6330,0.0169994868,2025-12-04T10:46:05.414629
6331,1,6331,0.0170010942,2025-12-04T10:46:05.457221
6332,1,6332,0.0169982109,2025-12-04T10:46:05.529843
6333,1,6333,0.0170054025,2025-12-04T10:46:05.602452
6334,1,6334,0.0170013345,2025-12-04T10:46:05.675200
6335,1,6335,0.0170015674,2025-12-04T10:46:05.717760
6336,1,6336,0.0169988423,2025-12-04T10:46:05.760093
6337,1,6337,0.0169990602,2025-12-04T10:46:05.832743
6338,1,6338,0.0170005969,2025-12-04T10:46:05.905614
6339,1,6339,0.0169989503,2025-12-04T10:46:05.978302
6340,1,6340,0.016999036,2025-12-04T10:46:06.020701
6341,1,6341,0.0170247498,2025-12-04T10:46:06.063112
6342,1,6342,0.0170084536,2025-12-04T10:46:06.082888
6343,1,6343,0.0170185975,2025-12-04T10:46:06.156120
6344,1,6344,0.0170178953,2025-12-04T10:46:06.228710
6345,1,6345,0.0170180127,2025-12-04T10:46:06.301482
6346,1,6346,0.0170050952,2025-12-04T10:46:06.343878
6347,1,6347,0.0170018412,2025-12-04T10:46:06.402866
6348,1,6348,0.0169995948,2025-12-04T10:46:06.459038
6349,1,6349,0.0170017313,2025-12-04T10:46:06.531764
6350,1,6350,0.0170050822,2025-12-04T10:46:06.604563
6351,1,6351,0.0170013811,2025-12-04T10:46:06.646938
6352,1,6352,0.0170020703,2025-12-04T10:46:06.689320
6353,1,6353,0.0170010179,2025-12-04T10:46:06.762042
6354,1,6354,0.0170006696,2025-12-04T10:46:06.834731
6355,1,6355,0.0169999394,2025-12-04T10:46:06.907455
6356,1,6356,0.0170040633,2025-12-04T10:46:06.949838
6357,1,6357,0.0170024912,2025-12-04T10:46:06.992295
6358,1,6358,0.0170016493,2025-12-04T10:46:07.012169
6359,1,6359,0.0170112121,2025-12-04T10:46:07.085179
6360,1,6360,0.017002128,2025-12-04T10:46:07.158004
6361,1,6361,0.0170013438,2025-12-04T10:46:07.230636
6362,1,6362,0.0169993005,2025-12-04T10:46:07.273081
6363,1,6363,0.0169991161,2025-12-04T10:46:07.315498
6364,1,6364,0.0170006323,2025-12-04T10:46:07.388191
6365,1,6365,0.016999077,2025-12-04T10:46:07.460917
6366,1,6366,0.0169993136,2025-12-04T10:46:07.533686
6367,1,6367,0.017060304,2025-12-04T10:46:07.576097
6368,1,6368,0.0170148909,2025-12-04T10:46:07.618514
6369,1,6369,0.0170128457,2025-12-04T10:46:07.638453
6370,1,6370,0.0170055516,2025-12-04T10:46:07.711444
6371,1,6371,0.017001383,2025-12-04T10:46:07.784122
6372,1,6372,0.0169984567,2025-12-04T10:46:07.856863
6373,1,6373,0.0169985126,2025-12-04T10:46:07.899222
6374,1,6374,0.0169982742,2025-12-04T10:46:07.941653
6375,1,6375,0.0169997606,2025-12-04T10:46:08.014405
6376,1,6376,0.0170180797,2025-12-04T10:46:08.087125
6377,1,6377,0.0170006882,2025-12-04T10:46:08.159830
6378,1,6378,0.0170063935,2025-12-04T10:46:08.202243
6379,1,6379,0.0170051027,2025-12-04T10:46:08.244948
6380,1,6380,0.0170001797,2025-12-04T10:46:08.317443
6381,1,6381,0.0170012749,2025-12-04T10:46:08.390195
6382,1,6382,0.017000772,2025-12-04T10:46:08.462954
6383,1,6383,0.017005613,2025-12-04T10:46:08.505273
6384,1,6384,0.0169758461,2025-12-04T10:46:08.547832
6385,1,6385,0.0169850885,2025-12-04T10:46:08.567780
6386,1,6386,0.0170018319,2025-12-04T10:46:08.640615
6387,1,6387,0.0169992502,2025-12-04T10:46:08.713367
6388,1,6388,0.0170002188,2025-12-04T10:46:08.786054
6389,1,6389,0.0170031432,2025-12-04T10:46:08.828486
6390,1,6390,0.0170085262,2025-12-04T10:46:08.870889
6391,1,6391,0.0170009303,2025-12-04T10:46:08.944518
6392,1,6392,0.017002305,2025-12-04T10:46:09.017316
6393,1,6393,0.0170154646,2025-12-04T10:46:09.089991
6394,1,6394,0.0170034281,2025-12-04T10:46:09.132497
6395,1,6395,0.017001409,2025-12-04T10:46:09.174804
6396,1,6396,0.0170011557,2025-12-04T10:46:09.194595
6397,1,6397,0.0170032642,2025-12-04T10:46:09.267867
6398,1,6398,0.0170008484,2025-12-04T10:46:09.340658
6399,1,6399,0.0169991906,2025-12-04T10:46:09.413418
6400,1,6400,0.0169975869,2025-12-04T10:46:09.455910
6401,1,6401,0.0169993061,2025-12-04T10:46:09.498177
6402,1,6402,0.0170010644,2025-12-04T10:46:09.570735
6403,1,6403,0.0170017816,2025-12-04T10:46:09.643534
6404,1,6404,0.0170028861,2025-12-04T10:46:09.716187
6405,1,6405,0.017000148,2025-12-04T10:46:09.758722
6406,1,6406,0.0169983878,2025-12-04T10:46:09.801039
6407,1,6407,0.0170005615,2025-12-04T10:46:09.820850
6408,1,6408,0.0170066244,2025-12-04T10:46:09.894011
6409,1,6409,0.0170007999,2025-12-04T10:46:09.966746
6410,1,6410,0.0170016996,2025-12-04T10:46:10.009200
6411,1,6411,0.0169715955,2025-12-04T10:46:10.051576
6412,1,6412,0.0170160494,2025-12-04T10:46:10.071459
6413,1,6413,0.0170036181,2025-12-04T10:46:10.144519
6414,1,6414,0.0170009117,2025-12-04T10:46:10.217139
6415,1,6415,0.0169982705,2025-12-04T10:46:10.289999
6416,1,6416,0.0170006994,2025-12-04T10:46:10.332413
6417,1,6417,0.01699768,2025-12-04T10:46:10.374839
6418,1,6418,0.0169985797,2025-12-04T10:46:10.447506
6419,1,6419,0.0169963967,2025-12-04T10:46:10.520230
6420,1,6420,0.0170058552,2025-12-04T10:46:10.592885
6421,1,6421,0.0170009713,2025-12-04T10:46:10.635321
6422,1,6422,0.0170012116,2025-12-04T10:46:10.677839
6423,1,6423,0.017001735,2025-12-04T10:46:10.750409
6424,1,6424,0.0169990453,2025-12-04T10:46:10.823174
6425,1,6425,0.0169999282,2025-12-04T10:46:10.896047
6426,1,6426,0.0170040745,2025-12-04T10:46:10.938464
6427,1,6427,0.0170013438,2025-12-04T10:46:10.980821
6428,1,6428,0.0170034114,2025-12-04T10:46:11.000698
6429,1,6429,0.0170188266,2025-12-04T10:46:11.073699
6430,1,6430,0.0170018989,2025-12-04T10:46:11.146499
6431,1,6431,0.0170016344,2025-12-04T10:46:11.219192
6432,1,6432,0.0170001871,2025-12-04T10:46:11.261549
6433,1,6433,0.0169999636,2025-12-04T10:46:11.303917
6434,1,6434,0.0170015338,2025-12-04T10:46:11.377693
6435,1,6435,0.0170005168,2025-12-04T10:46:11.450455
6436,1,6436,0.0169962327,2025-12-04T10:46:11.523161
6437,1,6437,0.0169348642,2025-12-04T10:46:11.565522
6438,1,6438,0.0170076917,2025-12-04T10:46:11.608021
6439,1,6439,0.0170052703,2025-12-04T10:46:11.627860
6440,1,6440,0.0170015934,2025-12-04T10:46:11.700954
6441,1,6441,0.0170000437,2025-12-04T10:46:11.773703
6442,1,6442,0.0170012973,2025-12-04T10:46:11.846497
6443,1,6443,0.0169996917,2025-12-04T10:46:11.888822
6444,1,6444,0.0170014165,2025-12-04T10:46:11.931160
6445,1,6445,0.0170006733,2025-12-04T10:46:12.003953
6446,1,6446,0.0170039404,2025-12-04T10:46:12.076518
6447,1,6447,0.0170056205,2025-12-04T10:46:12.149406
6448,1,6448,0.017002495,2025-12-04T10:46:12.191898
6449,1,6449,0.0170033145,2025-12-04T10:46:12.234093
6450,1,6450,0.0170026347,2025-12-04T10:46:12.253861
6451,1,6451,0.0169976949,2025-12-04T10:46:12.327228
6452,1,6452,0.0170000251,2025-12-04T10:46:12.399809
6453,1,6453,0.0169985294,2025-12-04T10:46:12.472457
6454,1,6454,0.0169991757,2025-12-04T10:46:12.514944
6455,1,6455,0.0169659238,2025-12-04T10:46:12.557384
6456,1,6456,0.0170059502,2025-12-04T10:46:12.629992
6457,1,6457,0.0170008409,2025-12-04T10:46:12.702825
6458,1,6458,0.0169990397,2025-12-04T10:46:12.775601
6459,1,6459,0.016998358,2025-12-04T10:46:12.817949
6460,1,6460,0.0170013997,2025-12-04T10:46:12.860400
6461,1,6461,0.0169991403,2025-12-04T10:46:12.933052
6462,1,6462,0.0169965885,2025-12-04T10:46:13.005777
6463,1,6463,0.016945865,2025-12-04T10:46:13.078615
6464,1,6464,0.0170095767,2025-12-04T10:46:13.120944
6465,1,6465,0.0170039683,2025-12-04T10:46:13.163484
6466,1,6466,0.0170012079,2025-12-04T10:46:13.236144
6467,1,6467,0.0169998817,2025-12-04T10:46:13.308826
6468,1,6468,0.0169980712,2025-12-04T10:46:13.381568
6469,1,6469,0.0169973373,2025-12-04T10:46:13.423970
6470,1,6470,0.0169974211,2025-12-04T10:46:13.466433
6471,1,6471,0.0169979687,2025-12-04T10:46:13.486390
6472,1,6472,0.0169652085,2025-12-04T10:46:13.559308
6473,1,6473,0.017004773,2025-12-04T10:46:13.632028
6474,1,6474,0.0170012116,2025-12-04T10:46:13.674454
6475,1,6475,0.0170026328,2025-12-04T10:46:13.716823
6476,1,6476,0.0170013885,2025-12-04T10:46:13.736620
6477,1,6477,0.0169970467,2025-12-04T10:46:13.809865
6478,1,6478,0.0170065015,2025-12-04T10:46:13.882522
6479,1,6479,0.0170055665,2025-12-04T10:46:13.955247
6480,1,6480,0.0170063171,2025-12-04T10:46:13.997621
6481,1,6481,0.0170041341,2025-12-04T10:46:14.039969
6482,1,6482,0.0170193016,2025-12-04T10:46:14.112718
6483,1,6483,0.0170063562,2025-12-04T10:46:14.185412
6484,1,6484,0.0169991031,2025-12-04T10:46:14.258213
6485,1,6485,0.0169997029,2025-12-04T10:46:14.300641
6486,1,6486,0.0170040391,2025-12-04T10:46:14.343136
6487,1,6487,0.0169968288,2025-12-04T10:46:14.363008
6488,1,6488,0.0169962104,2025-12-04T10:46:14.436010
6489,1,6489,0.016995836,2025-12-04T10:46:14.508594
6490,1,6490,0.0169909466,2025-12-04T10:46:14.581333
6491,1,6491,0.0169986821,2025-12-04T10:46:14.623917
6492,1,6492,0.016993802,2025-12-04T10:46:14.666212
6493,1,6493,0.0169911496,2025-12-04T10:46:14.738921
6494,1,6494,0.0169911161,2025-12-04T10:46:14.811780
6495,1,6495,0.0169881228,2025-12-04T10:46:14.884436
6496,1,6496,0.0169897936,2025-12-04T10:46:14.926788
6497,1,6497,0.0169895403,2025-12-04T10:46:14.969305
6498,1,6498,0.016989082,2025-12-04T10:46:15.043927
6499,1,6499,0.0169990975,2025-12-04T10:46:15.116799
6500,1,6500,0.016990384,2025-12-04T10:46:15.189359
6501,1,6501,0.0169924218,2025-12-04T10:46:15.231918
6502,1,6502,0.0169929843,2025-12-04T10:46:15.274276
6503,1,6503,0.0169930774,2025-12-04T10:46:15.294208
6504,1,6504,0.0169899147,2025-12-04T10:46:15.367108
6505,1,6505,0.0169888827,2025-12-04T10:46:15.439947
6506,1,6506,0.0169877465,2025-12-04T10:46:15.512668
6507,1,6507,0.0169897805,2025-12-04T10:46:15.554993
6508,1,6508,0.0169996079,2025-12-04T10:46:15.597465
6509,1,6509,0.0169895514,2025-12-04T10:46:15.670111
6510,1,6510,0.0169887002,2025-12-04T10:46:15.742838
6511,1,6511,0.0169912576,2025-12-04T10:46:15.815644
6512,1,6512,0.0169926248,2025-12-04T10:46:15.858122
6513,1,6513,0.0169912222,2025-12-04T10:46:15.900489
6514,1,6514,0.0169878657,2025-12-04T10:46:15.920351
6515,1,6515,0.0169882271,2025-12-04T10:46:15.993387
6516,1,6516,0.0169481467,2025-12-04T10:46:16.066114
6517,1,6517,0.0169910956,2025-12-04T10:46:16.138951
6518,1,6518,0.0169887151,2025-12-04T10:46:16.181275
6519,1,6519,0.0169874131,2025-12-04T10:46:16.223643
6520,1,6520,0.0169887878,2025-12-04T10:46:16.296411
6521,1,6521,0.0169858112,2025-12-04T10:46:16.369126
6522,1,6522,0.0169881414,2025-12-04T10:46:16.441730
6523,1,6523,0.0169945061,2025-12-04T10:46:16.484221
6524,1,6524,0.0169924255,2025-12-04T10:46:16.526662
6525,1,6525,0.0170051194,2025-12-04T10:46:16.599396
6526,1,6526,0.0169879551,2025-12-04T10:46:16.671999
6527,1,6527,0.0169884171,2025-12-04T10:46:16.744912
6528,1,6528,0.0169868562,2025-12-04T10:46:16.787266
6529,1,6529,0.0169917661,2025-12-04T10:46:16.829858
6530,1,6530,0.016988635,2025-12-04T10:46:16.902323
6531,1,6531,0.0169866513,2025-12-04T10:46:16.975096
6532,1,6532,0.0169855784,2025-12-04T10:46:17.047862
6533,1,6533,0.0170033015,2025-12-04T10:46:17.090276
6534,1,6534,0.0169950313,2025-12-04T10:46:17.132646
6535,1,6535,0.0169901996,2025-12-04T10:46:17.152422
6536,1,6536,0.0169866792,2025-12-04T10:46:17.227588
6537,1,6537,0.0169880166,2025-12-04T10:46:17.300375
6538,1,6538,0.0169865936,2025-12-04T10:46:17.373111
6539,1,6539,0.0169910825,2025-12-04T10:46:17.415480
6540,1,6540,0.0169890578,2025-12-04T10:46:17.457860
6541,1,6541,0.0169873517,2025-12-04T10:46:17.530564
6542,1,6542,0.0170182585,2025-12-04T10:46:17.603321
6543,1,6543,0.0169883761,2025-12-04T10:46:17.676025
6544,1,6544,0.0169881116,2025-12-04T10:46:17.718461
6545,1,6545,0.016987957,2025-12-04T10:46:17.761003
6546,1,6546,0.01698968,2025-12-04T10:46:17.780976
6547,1,6547,0.0169854611,2025-12-04T10:46:17.853822
6548,1,6548,0.0169860534,2025-12-04T10:46:17.926489
6549,1,6549,0.0169851258,2025-12-04T10:46:17.999132
6550,1,6550,0.0169841684,2025-12-04T10:46:18.041623
6551,1,6551,0.01690902,2025-12-04T10:46:18.084105
6552,1,6552,0.0170049201,2025-12-04T10:46:18.103920
6553,1,6553,0.0169877279,2025-12-04T10:46:18.177102
6554,1,6554,0.0169889479,2025-12-04T10:46:18.249749
6555,1,6555,0.0169885866,2025-12-04T10:46:18.322419
6556,1,6556,0.0169903282,2025-12-04T10:46:18.364847
6557,1,6557,0.0169881321,2025-12-04T10:46:18.407343
6558,1,6558,0.0169886108,2025-12-04T10:46:18.427371
6559,1,6559,0.0169875416,2025-12-04T10:46:18.447388
6560,1,6560,0.0169882122,2025-12-04T10:46:18.467241
6561,1,6561,0.0169867128,2025-12-04T10:46:18.487018
6562,1,6562,0.0169841833,2025-12-04T10:46:18.560816
6563,1,6563,0.0169945582,2025-12-04T10:46:18.633529
6564,1,6564,0.0169858299,2025-12-04T10:46:18.706219
6565,1,6565,0.0169902648,2025-12-04T10:46:18.748677
6566,1,6566,0.0169968586,2025-12-04T10:46:18.791115
6567,1,6567,0.0169974975,2025-12-04T10:46:18.811029
6568,1,6568,0.0169972348,2025-12-04T10:46:18.884003
6569,1,6569,0.0169948861,2025-12-04T10:46:18.956742
6570,1,6570,0.0170007571,2025-12-04T10:46:19.029414
6571,1,6571,0.0169678702,2025-12-04T10:46:19.071761
6572,1,6572,0.0170130766,2025-12-04T10:46:19.114321
6573,1,6573,0.0169963669,2025-12-04T10:46:19.186968
6574,1,6574,0.0169890262,2025-12-04T10:46:19.259807
6575,1,6575,0.0169885847,2025-12-04T10:46:19.332425
6576,1,6576,0.0169909633,2025-12-04T10:46:19.374888
6577,1,6577,0.01698656,2025-12-04T10:46:19.417341
6578,1,6578,0.0169822629,2025-12-04T10:46:19.489964
6579,1,6579,0.0169846117,2025-12-04T10:46:19.562789
6580,1,6580,0.0169939212,2025-12-04T10:46:19.635449
6581,1,6581,0.0169865787,2025-12-04T10:46:19.677798
6582,1,6582,0.0169847141,2025-12-04T10:46:19.720258
6583,1,6583,0.0169848408,2025-12-04T10:46:19.794918
6584,1,6584,0.0169865339,2025-12-04T10:46:19.867751
6585,1,6585,0.0169821232,2025-12-04T10:46:19.940535
6586,1,6586,0.0169843025,2025-12-04T10:46:19.982852
6587,1,6587,0.0169830508,2025-12-04T10:46:20.025347
6588,1,6588,0.0169833917,2025-12-04T10:46:20.045340
6589,1,6589,0.0169968549,2025-12-04T10:46:20.118131
6590,1,6590,0.0169851146,2025-12-04T10:46:20.190940
6591,1,6591,0.016985597,2025-12-04T10:46:20.263612
6592,1,6592,0.0169816073,2025-12-04T10:46:20.306091
6593,1,6593,0.0169826392,2025-12-04T10:46:20.348418
6594,1,6594,0.0169822331,2025-12-04T10:46:20.368246
6595,1,6595,0.016980661,2025-12-04T10:46:20.441431
6596,1,6596,0.0169812459,2025-12-04T10:46:20.514118
6597,1,6597,0.0168992076,2025-12-04T10:46:20.586866
6598,1,6598,0.016993355,2025-12-04T10:46:20.629360
6599,1,6599,0.0169870778,2025-12-04T10:46:20.671744
6600,1,6600,0.0169856324,2025-12-04T10:46:20.691645
6601,1,6601,0.0169838629,2025-12-04T10:46:20.711556
6602,1,6602,0.016984662,2025-12-04T10:46:20.731511
6603,1,6603,0.0169856809,2025-12-04T10:46:20.751331
6604,1,6604,0.0169800389,2025-12-04T10:46:20.828800
6605,1,6605,0.0169816836,2025-12-04T10:46:20.896880
6606,1,6606,0.0169740729,2025-12-04T10:46:20.969571
6607,1,6607,0.0169720444,2025-12-04T10:46:21.012030
6608,1,6608,0.0169705506,2025-12-04T10:46:21.054470
6609,1,6609,0.0169710647,2025-12-04T10:46:21.074342
6610,1,6610,0.0169851183,2025-12-04T10:46:21.147390
6611,1,6611,0.0169730596,2025-12-04T10:46:21.220134
6612,1,6612,0.0169726461,2025-12-04T10:46:21.292870
6613,1,6613,0.0169735997,2025-12-04T10:46:21.335389
6614,1,6614,0.0169730074,2025-12-04T10:46:21.377729
6615,1,6615,0.0169738829,2025-12-04T10:46:21.397527
6616,1,6616,0.0169713161,2025-12-04T10:46:21.470515
6617,1,6617,0.0169661659,2025-12-04T10:46:21.543438
6618,1,6618,0.0170064941,2025-12-04T10:46:21.616088
6619,1,6619,0.0169725399,2025-12-04T10:46:21.658469
6620,1,6620,0.0169693455,2025-12-04T10:46:21.700898
6621,1,6621,0.0169652067,2025-12-04T10:46:21.773561
6622,1,6622,0.016964266,2025-12-04T10:46:21.846234
6623,1,6623,0.0169659983,2025-12-04T10:46:21.919119
6624,1,6624,0.016965907,2025-12-04T10:46:21.961470
6625,1,6625,0.016967168,2025-12-04T10:46:22.003871
6626,1,6626,0.016934257,2025-12-04T10:46:22.078584
6627,1,6627,0.0169771946,2025-12-04T10:46:22.151364
6628,1,6628,0.0169693883,2025-12-04T10:46:22.194242
6629,1,6629,0.0169660728,2025-12-04T10:46:22.236162
6630,1,6630,0.0169659834,2025-12-04T10:46:22.255980
6631,1,6631,0.0169636998,2025-12-04T10:46:22.329011
6632,1,6632,0.0169623773,2025-12-04T10:46:22.401939
6633,1,6633,0.0169593915,2025-12-04T10:46:22.474641
6634,1,6634,0.0169636495,2025-12-04T10:46:22.516904
6635,1,6635,0.0169631857,2025-12-04T10:46:22.559400
6636,1,6636,0.0169369,2025-12-04T10:46:22.579339
6637,1,6637,0.0169699434,2025-12-04T10:46:22.652331
6638,1,6638,0.0169632565,2025-12-04T10:46:22.724896
6639,1,6639,0.0169635042,2025-12-04T10:46:22.797755
6640,1,6640,0.0169608034,2025-12-04T10:46:22.840136
6641,1,6641,0.0169623289,2025-12-04T10:46:22.882628
6642,1,6642,0.0169615633,2025-12-04T10:46:22.955307
6643,1,6643,0.0169614497,2025-12-04T10:46:23.027929
6644,1,6644,0.0169774219,2025-12-04T10:46:23.100735
6645,1,6645,0.0169658306,2025-12-04T10:46:23.143203
6646,1,6646,0.0169630385,2025-12-04T10:46:23.185546
6647,1,6647,0.0169629026,2025-12-04T10:46:23.205513
6648,1,6648,0.0169593859,2025-12-04T10:46:23.278539
6649,1,6649,0.0169611945,2025-12-04T10:46:23.351179
6650,1,6650,0.0169578175,2025-12-04T10:46:23.423920
6651,1,6651,0.0169612038,2025-12-04T10:46:23.466385
6652,1,6652,0.0169581677,2025-12-04T10:46:23.508767
6653,1,6653,0.0169318802,2025-12-04T10:46:23.581445
6654,1,6654,0.0169603284,2025-12-04T10:46:23.654334
6655,1,6655,0.0169604048,2025-12-04T10:46:23.696682
6656,1,6656,0.0169563367,2025-12-04T10:46:23.739014
6657,1,6657,0.0169557817,2025-12-04T10:46:23.758830
6658,1,6658,0.0169583465,2025-12-04T10:46:23.832008
6659,1,6659,0.0169549454,2025-12-04T10:46:23.904716
6660,1,6660,0.0169576816,2025-12-04T10:46:23.947104
6661,1,6661,0.0169564485,2025-12-04T10:46:23.989545
6662,1,6662,0.016956117,2025-12-04T10:46:24.009486
6663,1,6663,0.0169321503,2025-12-04T10:46:24.082465
6664,1,6664,0.016958259,2025-12-04T10:46:24.155103
6665,1,6665,0.0169565435,2025-12-04T10:46:24.227875
6666,1,6666,0.0169571004,2025-12-04T10:46:24.270253
6667,1,6667,0.0169571638,2025-12-04T10:46:24.312758
6668,1,6668,0.0169571395,2025-12-04T10:46:24.332522
6669,1,6669,0.0169554091,2025-12-04T10:46:24.405619
6670,1,6670,0.0169549696,2025-12-04T10:46:24.478334
6671,1,6671,0.0169557295,2025-12-04T10:46:24.551036
6672,1,6672,0.0168814696,2025-12-04T10:46:24.593540
6673,1,6673,0.0169633626,2025-12-04T10:46:24.635915
6674,1,6674,0.0169554501,2025-12-04T10:46:24.708711
6675,1,6675,0.0169554986,2025-12-04T10:46:24.781353
6676,1,6676,0.0169554948,2025-12-04T10:46:24.854079
6677,1,6677,0.0169548429,2025-12-04T10:46:24.896481
6678,1,6678,0.0169562641,2025-12-04T10:46:24.938950
6679,1,6679,0.0169532988,2025-12-04T10:46:25.012578
6680,1,6680,0.0169249735,2025-12-04T10:46:25.085440
6681,1,6681,0.016958449,2025-12-04T10:46:25.158017
6682,1,6682,0.0169583894,2025-12-04T10:46:25.200522
6683,1,6683,0.0169552508,2025-12-04T10:46:25.243154
6684,1,6684,0.0169553272,2025-12-04T10:46:25.263267
6685,1,6685,0.0169577058,2025-12-04T10:46:25.335808
6686,1,6686,0.016952442,2025-12-04T10:46:25.408643
6687,1,6687,0.0169547218,2025-12-04T10:46:25.481212
6688,1,6688,0.0169501751,2025-12-04T10:46:25.523644
6689,1,6689,0.016954096,2025-12-04T10:46:25.566236
6690,1,6690,0.0169567205,2025-12-04T10:46:25.638860
6691,1,6691,0.016953513,2025-12-04T10:46:25.711496
6692,1,6692,0.016954543,2025-12-04T10:46:25.784277
6693,1,6693,0.0169482901,2025-12-04T10:46:25.857045
6694,1,6694,0.0169506985,2025-12-04T10:46:25.899503
6695,1,6695,0.0169503968,2025-12-04T10:46:25.941859
6696,1,6696,0.0169499013,2025-12-04T10:46:26.014549
6697,1,6697,0.016946746,2025-12-04T10:46:26.087321
6698,1,6698,0.0169480405,2025-12-04T10:46:26.160044
6699,1,6699,0.0169494636,2025-12-04T10:46:26.202427
6700,1,6700,0.0169465094,2025-12-04T10:46:26.244862
6701,1,6701,0.0169497616,2025-12-04T10:46:26.317589
6702,1,6702,0.0169376023,2025-12-04T10:46:26.390284
6703,1,6703,0.0169487576,2025-12-04T10:46:26.463018
6704,1,6704,0.0169448889,2025-12-04T10:46:26.505453
6705,1,6705,0.0169454999,2025-12-04T10:46:26.547818
6706,1,6706,0.0169448684,2025-12-04T10:46:26.620617
6707,1,6707,0.0169439483,2025-12-04T10:46:26.693257
6708,1,6708,0.016942216,2025-12-04T10:46:26.765901
6709,1,6709,0.0169397462,2025-12-04T10:46:26.808417
6710,1,6710,0.0169413629,2025-12-04T10:46:26.850897
6711,1,6711,0.0169366355,2025-12-04T10:46:26.870821
6712,1,6712,0.016939396,2025-12-04T10:46:26.943690
6713,1,6713,0.0169396027,2025-12-04T10:46:27.016397
6714,1,6714,0.0169358011,2025-12-04T10:46:27.089164
6715,1,6715,0.01693766,2025-12-04T10:46:27.131548
6716,1,6716,0.0169377736,2025-12-04T10:46:27.174008
6717,1,6717,0.0169357396,2025-12-04T10:46:27.246860
6718,1,6718,0.0169333163,2025-12-04T10:46:27.319488
6719,1,6719,0.0169335175,2025-12-04T10:46:27.392186
6720,1,6720,0.0169338192,2025-12-04T10:46:27.434672
6721,1,6721,0.0169307794,2025-12-04T10:46:27.476968
6722,1,6722,0.0169302243,2025-12-04T10:46:27.496882
6723,1,6723,0.016929306,2025-12-04T10:46:27.570036
6724,1,6724,0.0169278308,2025-12-04T10:46:27.642713
6725,1,6725,0.0169286485,2025-12-04T10:46:27.715414
6726,1,6726,0.0169273242,2025-12-04T10:46:27.757856
6727,1,6727,0.0169297214,2025-12-04T10:46:27.800251
6728,1,6728,0.0169169083,2025-12-04T10:46:27.872988
6729,1,6729,0.0169269517,2025-12-04T10:46:27.945676
6730,1,6730,0.0169253367,2025-12-04T10:46:28.018401
6731,1,6731,0.0169237162,2025-12-04T10:46:28.060793
6732,1,6732,0.016923923,2025-12-04T10:46:28.103236
6733,1,6733,0.0169215314,2025-12-04T10:46:28.123081
6734,1,6734,0.0169144924,2025-12-04T10:46:28.196164
6735,1,6735,0.0169137492,2025-12-04T10:46:28.268921
6736,1,6736,0.0169100649,2025-12-04T10:46:28.341733
6737,1,6737,0.0169139597,2025-12-04T10:46:28.384043
6738,1,6738,0.0169100686,2025-12-04T10:46:28.426464
6739,1,6739,0.0169097483,2025-12-04T10:46:28.499150
6740,1,6740,0.016902944,2025-12-04T10:46:28.571795
6741,1,6741,0.0169011149,2025-12-04T10:46:28.644667
6742,1,6742,0.0168966893,2025-12-04T10:46:28.687027
6743,1,6743,0.0168931111,2025-12-04T10:46:28.729461
6744,1,6744,0.0168873406,2025-12-04T10:46:28.802121
6745,1,6745,0.0168827977,2025-12-04T10:46:28.875066
6746,1,6746,0.0169211104,2025-12-04T10:46:28.947581
6747,1,6747,0.0169253628,2025-12-04T10:46:28.989975
6748,1,6748,0.0169286932,2025-12-04T10:46:29.032445
6749,1,6749,0.0169331785,2025-12-04T10:46:29.105058
6750,1,6750,0.0169378835,2025-12-04T10:46:29.177861
6751,1,6751,0.016936535,2025-12-04T10:46:29.250657
6752,1,6752,0.0169369224,2025-12-04T10:46:29.292971
6753,1,6753,0.016945064,2025-12-04T10:46:29.335483
6754,1,6754,0.016942922,2025-12-04T10:46:29.355145
6755,1,6755,0.0169481057,2025-12-04T10:46:29.428402
6756,1,6756,0.0169502925,2025-12-04T10:46:29.501052
6757,1,6757,0.016953459,2025-12-04T10:46:29.573784
6758,1,6758,0.0169556047,2025-12-04T10:46:29.616145
6759,1,6759,0.0169559661,2025-12-04T10:46:29.658754
6760,1,6760,0.0169604998,2025-12-04T10:46:29.731343
6761,1,6761,0.0169617235,2025-12-04T10:46:29.804037
6762,1,6762,0.016920913,2025-12-04T10:46:29.876783
6763,1,6763,0.0169754009,2025-12-04T10:46:29.919262
6764,1,6764,0.0169686637,2025-12-04T10:46:29.961648
6765,1,6765,0.0169692505,2025-12-04T10:46:29.981375
6766,1,6766,0.0169675666,2025-12-04T10:46:30.054439
6767,1,6767,0.016966477,2025-12-04T10:46:30.128441
6768,1,6768,0.0169697646,2025-12-04T10:46:30.199924
6769,1,6769,0.016964104,2025-12-04T10:46:30.242415
6770,1,6770,0.0169646926,2025-12-04T10:46:30.284865
6771,1,6771,0.0169653948,2025-12-04T10:46:30.357627
6772,1,6772,0.0169787667,2025-12-04T10:46:30.430253
6773,1,6773,0.016970992,2025-12-04T10:46:30.503046
6774,1,6774,0.0169700644,2025-12-04T10:46:30.545400
6775,1,6775,0.0169724654,2025-12-04T10:46:30.587810
6776,1,6776,0.0169718395,2025-12-04T10:46:30.607675
6777,1,6777,0.01697121,2025-12-04T10:46:30.680773
6778,1,6778,0.0169726405,2025-12-04T10:46:30.753411
6779,1,6779,0.0169706586,2025-12-04T10:46:30.826325
6780,1,6780,0.0169128477,2025-12-04T10:46:30.868492
6781,1,6781,0.0170202944,2025-12-04T10:46:30.911078
6782,1,6782,0.0169786904,2025-12-04T10:46:30.983770
6783,1,6783,0.0169756952,2025-12-04T10:46:31.056523
6784,1,6784,0.0169718191,2025-12-04T10:46:31.129261
6785,1,6785,0.0169738177,2025-12-04T10:46:31.177153
6786,1,6786,0.0169728863,2025-12-04T10:46:31.214068
6787,1,6787,0.0169721096,2025-12-04T10:46:31.286748
6788,1,6788,0.0169687885,2025-12-04T10:46:31.359443
6789,1,6789,0.0170032829,2025-12-04T10:46:31.432215
6790,1,6790,0.0169835127,2025-12-04T10:46:31.474695
6791,1,6791,0.016978994,2025-12-04T10:46:31.517076
6792,1,6792,0.0169734675,2025-12-04T10:46:31.589767
6793,1,6793,0.0169732458,2025-12-04T10:46:31.662391
6794,1,6794,0.0169739238,2025-12-04T10:46:31.735202
6795,1,6795,0.0169712584,2025-12-04T10:46:31.777533
6796,1,6796,0.016980553,2025-12-04T10:46:31.819944
6797,1,6797,0.0169836804,2025-12-04T10:46:31.839790
6798,1,6798,0.0169733725,2025-12-04T10:46:31.912932
6799,1,6799,0.016981909,2025-12-04T10:46:31.985619
6800,1,6800,0.01694962,2025-12-04T10:46:32.058338
6801,1,6801,0.0169830676,2025-12-04T10:46:32.131083
6802,1,6802,0.016978424,2025-12-04T10:46:32.173556
6803,1,6803,0.0169802177,2025-12-04T10:46:32.215959
6804,1,6804,0.0169807001,2025-12-04T10:46:32.288585
6805,1,6805,0.0169796589,2025-12-04T10:46:32.361395
6806,1,6806,0.0170118212,2025-12-04T10:46:32.434064
6807,1,6807,0.0169877596,2025-12-04T10:46:32.476547
6808,1,6808,0.0169864334,2025-12-04T10:46:32.519017
6809,1,6809,0.0169852562,2025-12-04T10:46:32.538792
6810,1,6810,0.0169563516,2025-12-04T10:46:32.558608
6811,1,6811,0.0169832743,2025-12-04T10:46:32.578442
6812,1,6812,0.0169831514,2025-12-04T10:46:32.598218
6813,1,6813,0.0169831793,2025-12-04T10:46:32.618043
6814,1,6814,0.0169832892,2025-12-04T10:46:32.690753
6815,1,6815,0.0169818345,2025-12-04T10:46:32.763357
6816,1,6816,0.0169784426,2025-12-04T10:46:32.836109
6817,1,6817,0.0169012695,2025-12-04T10:46:32.878500
6818,1,6818,0.017037319,2025-12-04T10:46:32.920880
6819,1,6819,0.0169982779,2025-12-04T10:46:32.993610
6820,1,6820,0.0169858988,2025-12-04T10:46:33.066341
6821,1,6821,0.0169839058,2025-12-04T10:46:33.139041
6822,1,6822,0.0169839411,2025-12-04T10:46:33.181501
6823,1,6823,0.0169821809,2025-12-04T10:46:33.223916
6824,1,6824,0.0169798526,2025-12-04T10:46:33.297660
6825,1,6825,0.0169426575,2025-12-04T10:46:33.370269
6826,1,6826,0.0169982239,2025-12-04T10:46:33.443103
6827,1,6827,0.0169903505,2025-12-04T10:46:33.485487
6828,1,6828,0.0169893559,2025-12-04T10:46:33.527837
6829,1,6829,0.0169885493,2025-12-04T10:46:33.547747
6830,1,6830,0.0169909317,2025-12-04T10:46:33.620850
6831,1,6831,0.0169839393,2025-12-04T10:46:33.693574
6832,1,6832,0.0169837996,2025-12-04T10:46:33.766318
6833,1,6833,0.0169870294,2025-12-04T10:46:33.808745
6834,1,6834,0.0169875621,2025-12-04T10:46:33.851178
6835,1,6835,0.0170011185,2025-12-04T10:46:33.923931
6836,1,6836,0.0169891566,2025-12-04T10:46:33.996615
6837,1,6837,0.0169889926,2025-12-04T10:46:34.069262
6838,1,6838,0.0169884413,2025-12-04T10:46:34.111697
6839,1,6839,0.0169932879,2025-12-04T10:46:34.154112
6840,1,6840,0.0169896595,2025-12-04T10:46:34.174012
6841,1,6841,0.0169871728,2025-12-04T10:46:34.246924
6842,1,6842,0.0169883593,2025-12-04T10:46:34.319773
6843,1,6843,0.0169355031,2025-12-04T10:46:34.392596
6844,1,6844,0.0169998407,2025-12-04T10:46:34.434965
6845,1,6845,0.0169885233,2025-12-04T10:46:34.477330
6846,1,6846,0.0169862844,2025-12-04T10:46:34.550083
6847,1,6847,0.0169890429,2025-12-04T10:46:34.622742
6848,1,6848,0.0169955883,2025-12-04T10:46:34.695445
6849,1,6849,0.0169947892,2025-12-04T10:46:34.737861
6850,1,6850,0.0169963333,2025-12-04T10:46:34.780293
6851,1,6851,0.0169992074,2025-12-04T10:46:34.852943
6852,1,6852,0.0170213766,2025-12-04T10:46:34.925838
6853,1,6853,0.0170165263,2025-12-04T10:46:34.998379
6854,1,6854,0.0170105826,2025-12-04T10:46:35.071211
6855,1,6855,0.0170079339,2025-12-04T10:46:35.143834
6856,1,6856,0.0170078724,2025-12-04T10:46:35.186332
6857,1,6857,0.0170095805,2025-12-04T10:46:35.228706
6858,1,6858,0.0170078929,2025-12-04T10:46:35.248481
6859,1,6859,0.01700937,2025-12-04T10:46:35.268429
6860,1,6860,0.017010333,2025-12-04T10:46:35.288180
6861,1,6861,0.0170129109,2025-12-04T10:46:35.308059
6862,1,6862,0.0169729162,2025-12-04T10:46:35.381270
6863,1,6863,0.0170155595,2025-12-04T10:46:35.453982
6864,1,6864,0.0170118976,2025-12-04T10:46:35.526729
6865,1,6865,0.0170133709,2025-12-04T10:46:35.569177
6866,1,6866,0.0170143861,2025-12-04T10:46:35.611530
6867,1,6867,0.0170211773,2025-12-04T10:46:35.684179
6868,1,6868,0.0170175321,2025-12-04T10:46:35.756975
6869,1,6869,0.0170160401,2025-12-04T10:46:35.829632
6870,1,6870,0.0170165468,2025-12-04T10:46:35.872231
6871,1,6871,0.0170160699,2025-12-04T10:46:35.914596
6872,1,6872,0.0170140117,2025-12-04T10:46:35.934517
6873,1,6873,0.0170182399,2025-12-04T10:46:36.007450
6874,1,6874,0.017017398,2025-12-04T10:46:36.080193
6875,1,6875,0.0170236565,2025-12-04T10:46:36.153712
6876,1,6876,0.0170192308,2025-12-04T10:46:36.195281
6877,1,6877,0.0170190874,2025-12-04T10:46:36.237689
6878,1,6878,0.0170170888,2025-12-04T10:46:36.310377
6879,1,6879,0.0170158836,2025-12-04T10:46:36.383129
6880,1,6880,0.0170148499,2025-12-04T10:46:36.455956
6881,1,6881,0.017017439,2025-12-04T10:46:36.498337
6882,1,6882,0.0170186236,2025-12-04T10:46:36.540765
6883,1,6883,0.0170124135,2025-12-04T10:46:36.615357
6884,1,6884,0.0170176494,2025-12-04T10:46:36.688169
6885,1,6885,0.0170139204,2025-12-04T10:46:36.760919
6886,1,6886,0.0170149467,2025-12-04T10:46:36.803315
6887,1,6887,0.0170158687,2025-12-04T10:46:36.845778
6888,1,6888,0.0170162469,2025-12-04T10:46:36.865619
6889,1,6889,0.0170160084,2025-12-04T10:46:36.938714
6890,1,6890,0.0170159768,2025-12-04T10:46:37.011412
6891,1,6891,0.0170153863,2025-12-04T10:46:37.084227
6892,1,6892,0.0170169323,2025-12-04T10:46:37.126580
6893,1,6893,0.0170167088,2025-12-04T10:46:37.168961
6894,1,6894,0.0170142967,2025-12-04T10:46:37.241666
6895,1,6895,0.0170139279,2025-12-04T10:46:37.314330
6896,1,6896,0.0170143153,2025-12-04T10:46:37.387113
6897,1,6897,0.0170141533,2025-12-04T10:46:37.429461
6898,1,6898,0.0170138962,2025-12-04T10:46:37.471957
6899,1,6899,0.0170135274,2025-12-04T10:46:37.492067
6900,1,6900,0.0170118361,2025-12-04T10:46:37.564917
6901,1,6901,0.0170176718,2025-12-04T10:46:37.637564
6902,1,6902,0.0170125029,2025-12-04T10:46:37.710322
6903,1,6903,0.0170131549,2025-12-04T10:46:37.752705
6904,1,6904,0.0170073229,2025-12-04T10:46:37.795216
6905,1,6905,0.0170036498,2025-12-04T10:46:37.867773
6906,1,6906,0.016997531,2025-12-04T10:46:37.940577
6907,1,6907,0.017001681,2025-12-04T10:46:38.013455
6908,1,6908,0.0170041769,2025-12-04T10:46:38.055814
6909,1,6909,0.0170046072,2025-12-04T10:46:38.098153
6910,1,6910,0.0170071013,2025-12-04T10:46:38.170868
6911,1,6911,0.0170049872,2025-12-04T10:46:38.243576
6912,1,6912,0.0170090869,2025-12-04T10:46:38.316325
6913,1,6913,0.0170119088,2025-12-04T10:46:38.358702
6914,1,6914,0.0170146077,2025-12-04T10:46:38.401110
6915,1,6915,0.0170155968,2025-12-04T10:46:38.473898
6916,1,6916,0.0170173216,2025-12-04T10:46:38.546567
6917,1,6917,0.0170159023,2025-12-04T10:46:38.619233
6918,1,6918,0.017020991,2025-12-04T10:46:38.691979
6919,1,6919,0.0170206017,2025-12-04T10:46:38.734435
6920,1,6920,0.0170188136,2025-12-04T10:46:38.776901
6921,1,6921,0.0170216728,2025-12-04T10:46:38.849608
6922,1,6922,0.0170208942,2025-12-04T10:46:38.922289
6923,1,6923,0.0170215535,2025-12-04T10:46:38.995004
6924,1,6924,0.0170228164,2025-12-04T10:46:39.037424
6925,1,6925,0.0170226581,2025-12-04T10:46:39.079892
6926,1,6926,0.0170247852,2025-12-04T10:46:39.152558
6927,1,6927,0.0170239731,2025-12-04T10:46:39.225555
6928,1,6928,0.0170250348,2025-12-04T10:46:39.298065
6929,1,6929,0.0170275457,2025-12-04T10:46:39.340438
6930,1,6930,0.0170239172,2025-12-04T10:46:39.382914
6931,1,6931,0.0170241799,2025-12-04T10:46:39.402767
6932,1,6932,0.0170286223,2025-12-04T10:46:39.475707
6933,1,6933,0.017025927,2025-12-04T10:46:39.548563
6934,1,6934,0.017018184,2025-12-04T10:46:39.621178
6935,1,6935,0.0170259717,2025-12-04T10:46:39.663692
6936,1,6936,0.0170246064,2025-12-04T10:46:39.706107
6937,1,6937,0.0170249044,2025-12-04T10:46:39.778803
6938,1,6938,0.0170242823,2025-12-04T10:46:39.851415
6939,1,6939,0.017024422,2025-12-04T10:46:39.924183
6940,1,6940,0.0170248001,2025-12-04T10:46:39.966619
6941,1,6941,0.0170244742,2025-12-04T10:46:40.009044
6942,1,6942,0.0170214511,2025-12-04T10:46:40.081833
6943,1,6943,0.0170227419,2025-12-04T10:46:40.154554
6944,1,6944,0.0170206278,2025-12-04T10:46:40.227250
6945,1,6945,0.0170223712,2025-12-04T10:46:40.269630
6946,1,6946,0.0170213226,2025-12-04T10:46:40.312121
6947,1,6947,0.0170176215,2025-12-04T10:46:40.331874
6948,1,6948,0.0170201621,2025-12-04T10:46:40.404904
6949,1,6949,0.0170182436,2025-12-04T10:46:40.477679
6950,1,6950,0.0170200858,2025-12-04T10:46:40.550452
6951,1,6951,0.0170193817,2025-12-04T10:46:40.592909
6952,1,6952,0.0170215815,2025-12-04T10:46:40.635224
6953,1,6953,0.017021967,2025-12-04T10:46:40.708010
6954,1,6954,0.0170224979,2025-12-04T10:46:40.780627
6955,1,6955,0.0170350689,2025-12-04T10:46:40.853456
6956,1,6956,0.0170283988,2025-12-04T10:46:40.895888
6957,1,6957,0.0170304886,2025-12-04T10:46:40.938260
6958,1,6958,0.0170318502,2025-12-04T10:46:40.958511
6959,1,6959,0.0170271992,2025-12-04T10:46:41.031119
6960,1,6960,0.0170234739,2025-12-04T10:46:41.103911
6961,1,6961,0.0170201137,2025-12-04T10:46:41.176586
6962,1,6962,0.0170204415,2025-12-04T10:46:41.218997
6963,1,6963,0.0170168913,2025-12-04T10:46:41.261464
6964,1,6964,0.0169680286,2025-12-04T10:46:41.334230
6965,1,6965,0.017015418,2025-12-04T10:46:41.406892
6966,1,6966,0.0170147493,2025-12-04T10:46:41.479541
6967,1,6967,0.0170140806,2025-12-04T10:46:41.550998
6968,1,6968,0.0170141533,2025-12-04T10:46:41.574007
6969,1,6969,0.0170109234,2025-12-04T10:46:41.645171
6970,1,6970,0.0170097779,2025-12-04T10:46:41.717938
6971,1,6971,0.0170170813,2025-12-04T10:46:41.790653
6972,1,6972,0.0169525016,2025-12-04T10:46:41.833183
6973,1,6973,0.0170267522,2025-12-04T10:46:41.875541
6974,1,6974,0.0170187782,2025-12-04T10:46:41.948227
6975,1,6975,0.0170149952,2025-12-04T10:46:42.020877
6976,1,6976,0.0170101262,2025-12-04T10:46:42.093669
6977,1,6977,0.0170125998,2025-12-04T10:46:42.136146
6978,1,6978,0.017011661,2025-12-04T10:46:42.178616
6979,1,6979,0.0170097853,2025-12-04T10:46:42.251144
6980,1,6980,0.017011471,2025-12-04T10:46:42.323988
6981,1,6981,0.01701851,2025-12-04T10:46:42.396736
6982,1,6982,0.0170175023,2025-12-04T10:46:42.439209
6983,1,6983,0.0170152708,2025-12-04T10:46:42.481497
6984,1,6984,0.0170135963,2025-12-04T10:46:42.501413
6985,1,6985,0.017009532,2025-12-04T10:46:42.574360
6986,1,6986,0.0170092284,2025-12-04T10:46:42.647160
6987,1,6987,0.0170077998,2025-12-04T10:46:42.719943
6988,1,6988,0.0170084927,2025-12-04T10:46:42.762396
6989,1,6989,0.0170073937,2025-12-04T10:46:42.804725
6990,1,6990,0.0170105118,2025-12-04T10:46:42.824805
6991,1,6991,0.0170180946,2025-12-04T10:46:42.897526
6992,1,6992,0.0170114245,2025-12-04T10:46:42.970361
6993,1,6993,0.017010767,2025-12-04T10:46:43.012752
6994,1,6994,0.0170100647,2025-12-04T10:46:43.055268
6995,1,6995,0.0170122273,2025-12-04T10:46:43.075180
6996,1,6996,0.0170079264,2025-12-04T10:46:43.147988
6997,1,6997,0.0170114934,2025-12-04T10:46:43.220840
6998,1,6998,0.0170094259,2025-12-04T10:46:43.263271
6999,1,6999,0.0170077439,2025-12-04T10:46:43.305825
7000,1,7000,0.0170076154,2025-12-04T10:46:43.325730
7001,1,7001,0.0170137025,2025-12-04T10:46:43.398655
7002,1,7002,0.0170111339,2025-12-04T10:46:43.471337
7003,1,7003,0.0170103758,2025-12-04T10:46:43.544100
7004,1,7004,0.0170097444,2025-12-04T10:46:43.586436
7005,1,7005,0.0170087572,2025-12-04T10:46:43.628879
7006,1,7006,0.0170083418,2025-12-04T10:46:43.701603
7007,1,7007,0.0170086268,2025-12-04T10:46:43.774313
7008,1,7008,0.0169444121,2025-12-04T10:46:43.847083
7009,1,7009,0.0170228648,2025-12-04T10:46:43.889406
7010,1,7010,0.0170140638,2025-12-04T10:46:43.931787
7011,1,7011,0.0170146189,2025-12-04T10:46:43.951728
7012,1,7012,0.0170123223,2025-12-04T10:46:44.024699
7013,1,7013,0.0170124582,2025-12-04T10:46:44.097504
7014,1,7014,0.0170129314,2025-12-04T10:46:44.170217
7015,1,7015,0.0170112773,2025-12-04T10:46:44.212670
7016,1,7016,0.0170105379,2025-12-04T10:46:44.255045
7017,1,7017,0.0169817488,2025-12-04T10:46:44.330757
7018,1,7018,0.0170280784,2025-12-04T10:46:44.403575
7019,1,7019,0.0170105118,2025-12-04T10:46:44.476298
7020,1,7020,0.017010549,2025-12-04T10:46:44.548970
7021,1,7021,0.0170094463,2025-12-04T10:46:44.621647
7022,1,7022,0.0170099567,2025-12-04T10:46:44.664141
7023,1,7023,0.0170086342,2025-12-04T10:46:44.706639
7024,1,7024,0.0170089546,2025-12-04T10:46:44.726482
7025,1,7025,0.0170099977,2025-12-04T10:46:44.746257
7026,1,7026,0.0170130319,2025-12-04T10:46:44.766095
7027,1,7027,0.0170130245,2025-12-04T10:46:44.785908
7028,1,7028,0.0169691462,2025-12-04T10:46:44.859066
7029,1,7029,0.0170198213,2025-12-04T10:46:44.931759
7030,1,7030,0.0170141793,2025-12-04T10:46:45.004707
7031,1,7031,0.0170125737,2025-12-04T10:46:45.046925
7032,1,7032,0.0170122962,2025-12-04T10:46:45.089339
7033,1,7033,0.0170128978,2025-12-04T10:46:45.162068
7034,1,7034,0.0170130059,2025-12-04T10:46:45.234776
7035,1,7035,0.0170147847,2025-12-04T10:46:45.307513
7036,1,7036,0.0169489458,2025-12-04T10:46:45.349955
7037,1,7037,0.017035976,2025-12-04T10:46:45.392259
7038,1,7038,0.0170167405,2025-12-04T10:46:45.464968
7039,1,7039,0.0170178189,2025-12-04T10:46:45.537915
7040,1,7040,0.0170171651,2025-12-04T10:46:45.610502
7041,1,7041,0.0170154329,2025-12-04T10:46:45.652893
7042,1,7042,0.0170192364,2025-12-04T10:46:45.695233
7043,1,7043,0.0170226767,2025-12-04T10:46:45.715178
7044,1,7044,0.0170240048,2025-12-04T10:46:45.788266
7045,1,7045,0.0170132704,2025-12-04T10:46:45.860911
7046,1,7046,0.0170293059,2025-12-04T10:46:45.933715
7047,1,7047,0.0170265026,2025-12-04T10:46:45.976013
7048,1,7048,0.0170265175,2025-12-04T10:46:46.018526
7049,1,7049,0.0170249976,2025-12-04T10:46:46.091226
7050,1,7050,0.0170256756,2025-12-04T10:46:46.163952
7051,1,7051,0.0170262102,2025-12-04T10:46:46.236638
7052,1,7052,0.017024612,2025-12-04T10:46:46.309389
7053,1,7053,0.016954815,2025-12-04T10:46:46.351821
7054,1,7054,0.0170328766,2025-12-04T10:46:46.394240
7055,1,7055,0.0170251931,2025-12-04T10:46:46.466887
7056,1,7056,0.0170270036,2025-12-04T10:46:46.539620
7057,1,7057,0.0170253124,2025-12-04T10:46:46.612494
7058,1,7058,0.0170208755,2025-12-04T10:46:46.654854
7059,1,7059,0.0170199386,2025-12-04T10:46:46.697239
7060,1,7060,0.0170222502,2025-12-04T10:46:46.769864
7061,1,7061,0.0169663596,2025-12-04T10:46:46.842732
7062,1,7062,0.0170295666,2025-12-04T10:46:46.915519
7063,1,7063,0.0170251075,2025-12-04T10:46:46.957785
7064,1,7064,0.0170275885,2025-12-04T10:46:47.000153
7065,1,7065,0.0170259345,2025-12-04T10:46:47.072893
7066,1,7066,0.0170237738,2025-12-04T10:46:47.145574
7067,1,7067,0.0170243363,2025-12-04T10:46:47.218378
7068,1,7068,0.0170264597,2025-12-04T10:46:47.260848
7069,1,7069,0.0170255918,2025-12-04T10:46:47.303234
7070,1,7070,0.0170297827,2025-12-04T10:46:47.379208
7071,1,7071,0.0170277617,2025-12-04T10:46:47.451733
7072,1,7072,0.0170294214,2025-12-04T10:46:47.524482
7073,1,7073,0.0170292258,2025-12-04T10:46:47.566810
7074,1,7074,0.0170305222,2025-12-04T10:46:47.609187
7075,1,7075,0.0170279182,2025-12-04T10:46:47.629044
7076,1,7076,0.0170269198,2025-12-04T10:46:47.702214
7077,1,7077,0.0170269533,2025-12-04T10:46:47.774938
7078,1,7078,0.0170282926,2025-12-04T10:46:47.847700
7079,1,7079,0.0170303899,2025-12-04T10:46:47.890041
7080,1,7080,0.0170290265,2025-12-04T10:46:47.932479
7081,1,7081,0.017029006,2025-12-04T10:46:47.952291
7082,1,7082,0.0170282293,2025-12-04T10:46:48.025498
7083,1,7083,0.0170312859,2025-12-04T10:46:48.098093
7084,1,7084,0.0170334633,2025-12-04T10:46:48.170891
7085,1,7085,0.0170306973,2025-12-04T10:46:48.213268
7086,1,7086,0.0170298404,2025-12-04T10:46:48.255873
7087,1,7087,0.0170293934,2025-12-04T10:46:48.328397
7088,1,7088,0.0170294232,2025-12-04T10:46:48.401097
7089,1,7089,0.0170281883,2025-12-04T10:46:48.474124
7090,1,7090,0.0170287936,2025-12-04T10:46:48.516247
7091,1,7091,0.0170306097,2025-12-04T10:46:48.558676
7092,1,7092,0.017032681,2025-12-04T10:46:48.631284
7093,1,7093,0.0170302819,2025-12-04T10:46:48.704063
7094,1,7094,0.0170315336,2025-12-04T10:46:48.776823
7095,1,7095,0.0170308575,2025-12-04T10:46:48.819250
7096,1,7096,0.0170290973,2025-12-04T10:46:48.861740
7097,1,7097,0.0170286837,2025-12-04T10:46:48.881430
7098,1,7098,0.0170291047,2025-12-04T10:46:48.954597
7099,1,7099,0.01702586,2025-12-04T10:46:49.027296
7100,1,7100,0.0170260071,2025-12-04T10:46:49.100026
7101,1,7101,0.0170240793,2025-12-04T10:46:49.142348
7102,1,7102,0.0170261412,2025-12-04T10:46:49.184826
7103,1,7103,0.0170255862,2025-12-04T10:46:49.204875
7104,1,7104,0.0170257203,2025-12-04T10:46:49.277751
7105,1,7105,0.0170275196,2025-12-04T10:46:49.350416
7106,1,7106,0.0170283,2025-12-04T10:46:49.423168
7107,1,7107,0.0170316211,2025-12-04T10:46:49.465619
7108,1,7108,0.0170276686,2025-12-04T10:46:49.508113
7109,1,7109,0.0170296765,2025-12-04T10:46:49.580833
7110,1,7110,0.0170280262,2025-12-04T10:46:49.653608
7111,1,7111,0.0170244202,2025-12-04T10:46:49.726127
7112,1,7112,0.0170220788,2025-12-04T10:46:49.768671
7113,1,7113,0.0170253813,2025-12-04T10:46:49.811116
7114,1,7114,0.0170263741,2025-12-04T10:46:49.883817
7115,1,7115,0.0170247964,2025-12-04T10:46:49.956501
7116,1,7116,0.0170000568,2025-12-04T10:46:50.029223
7117,1,7117,0.0170320253,2025-12-04T10:46:50.071660
7118,1,7118,0.0170281007,2025-12-04T10:46:50.114143
7119,1,7119,0.0170256346,2025-12-04T10:46:50.186831
7120,1,7120,0.0170237645,2025-12-04T10:46:50.259496
7121,1,7121,0.0170249789,2025-12-04T10:46:50.332200
7122,1,7122,0.0170249883,2025-12-04T10:46:50.374535
7123,1,7123,0.0170250628,2025-12-04T10:46:50.417058
7124,1,7124,0.017023161,2025-12-04T10:46:50.437008
7125,1,7125,0.0170244947,2025-12-04T10:46:50.510108
7126,1,7126,0.0170257277,2025-12-04T10:46:50.582662
7127,1,7127,0.0170242451,2025-12-04T10:46:50.655447
7128,1,7128,0.0170241948,2025-12-04T10:46:50.697790
7129,1,7129,0.0170221552,2025-12-04T10:46:50.740307
7130,1,7130,0.0170243196,2025-12-04T10:46:50.813026
7131,1,7131,0.0170180965,2025-12-04T10:46:50.885749
7132,1,7132,0.017021507,2025-12-04T10:46:50.958431
7133,1,7133,0.0170223824,2025-12-04T10:46:51.000829
7134,1,7134,0.0170401949,2025-12-04T10:46:51.043258
7135,1,7135,0.0170278921,2025-12-04T10:46:51.063060
7136,1,7136,0.0170248597,2025-12-04T10:46:51.138129
7137,1,7137,0.0170242581,2025-12-04T10:46:51.208949
7138,1,7138,0.0170235782,2025-12-04T10:46:51.281571
7139,1,7139,0.017024869,2025-12-04T10:46:51.324031
7140,1,7140,0.0170263089,2025-12-04T10:46:51.366478
7141,1,7141,0.0170242935,2025-12-04T10:46:51.439129
7142,1,7142,0.0170235391,2025-12-04T10:46:51.511879
7143,1,7143,0.0170279163,2025-12-04T10:46:51.584649
7144,1,7144,0.0170244425,2025-12-04T10:46:51.627049
7145,1,7145,0.0170243009,2025-12-04T10:46:51.669581
7146,1,7146,0.0170241817,2025-12-04T10:46:51.744107
7147,1,7147,0.0170242451,2025-12-04T10:46:51.816896
7148,1,7148,0.0170231834,2025-12-04T10:46:51.889605
7149,1,7149,0.0170266665,2025-12-04T10:46:51.932053
7150,1,7150,0.0170248728,2025-12-04T10:46:51.974380
7151,1,7151,0.0170237068,2025-12-04T10:46:51.994207
7152,1,7152,0.0170282814,2025-12-04T10:46:52.067432
7153,1,7153,0.017023798,2025-12-04T10:46:52.140070
7154,1,7154,0.0170245487,2025-12-04T10:46:52.212783
7155,1,7155,0.0170237068,2025-12-04T10:46:52.255260
7156,1,7156,0.0170242376,2025-12-04T10:46:52.297767
7157,1,7157,0.0170228052,2025-12-04T10:46:52.370411
7158,1,7158,0.0170251093,2025-12-04T10:46:52.443145
7159,1,7159,0.0170226097,2025-12-04T10:46:52.515768
7160,1,7160,0.0170306246,2025-12-04T10:46:52.558276
7161,1,7161,0.0170272178,2025-12-04T10:46:52.600638
7162,1,7162,0.0170254781,2025-12-04T10:46:52.620519
7163,1,7163,0.0170244295,2025-12-04T10:46:52.693600
7164,1,7164,0.0170237123,2025-12-04T10:46:52.766295
7165,1,7165,0.0170237459,2025-12-04T10:46:52.838939
7166,1,7166,0.0170239005,2025-12-04T10:46:52.881479
7167,1,7167,0.0170231834,2025-12-04T10:46:52.923879
7168,1,7168,0.0170223917,2025-12-04T10:46:52.996591
7169,1,7169,0.0170280244,2025-12-04T10:46:53.069424
7170,1,7170,0.0170242413,2025-12-04T10:46:53.141996
7171,1,7171,0.0170245878,2025-12-04T10:46:53.184413
7172,1,7172,0.017025344,2025-12-04T10:46:53.226846
7173,1,7173,0.0170221403,2025-12-04T10:46:53.299558
7174,1,7174,0.0170239303,2025-12-04T10:46:53.372277
7175,1,7175,0.017025642,2025-12-04T10:46:53.445111
7176,1,7176,0.0170236825,2025-12-04T10:46:53.487467
7177,1,7177,0.0169883575,2025-12-04T10:46:53.529876
7178,1,7178,0.0170264318,2025-12-04T10:46:53.602700
7179,1,7179,0.0170244965,2025-12-04T10:46:53.675256
7180,1,7180,0.0170239731,2025-12-04T10:46:53.747959
7181,1,7181,0.0170256868,2025-12-04T10:46:53.790408
7182,1,7182,0.0170251503,2025-12-04T10:46:53.832860
7183,1,7183,0.0170240998,2025-12-04T10:46:53.852800
7184,1,7184,0.0170252174,2025-12-04T10:46:53.925731
7185,1,7185,0.0170214939,2025-12-04T10:46:53.998543
7186,1,7186,0.0170337967,2025-12-04T10:46:54.071191
7187,1,7187,0.0170280169,2025-12-04T10:46:54.113721
7188,1,7188,0.0170250497,2025-12-04T10:46:54.156063
7189,1,7189,0.0170250404,2025-12-04T10:46:54.228713
7190,1,7190,0.0170254763,2025-12-04T10:46:54.301545
7191,1,7191,0.0170250777,2025-12-04T10:46:54.374182
7192,1,7192,0.0170251298,2025-12-04T10:46:54.416620
7193,1,7193,0.0170256253,2025-12-04T10:46:54.459073
7194,1,7194,0.0169751476,2025-12-04T10:46:54.534722
7195,1,7195,0.0170260444,2025-12-04T10:46:54.607538
7196,1,7196,0.0170259047,2025-12-04T10:46:54.680291
7197,1,7197,0.0170264597,2025-12-04T10:46:54.722768
7198,1,7198,0.0170255601,2025-12-04T10:46:54.765115
7199,1,7199,0.0170253328,2025-12-04T10:46:54.785011
7200,1,7200,0.0170253105,2025-12-04T10:46:54.858017
7201,1,7201,0.0170268025,2025-12-04T10:46:54.930763
7202,1,7202,0.0170248989,2025-12-04T10:46:55.003452
7203,1,7203,0.0169419106,2025-12-04T10:46:55.045863
7204,1,7204,0.0170390866,2025-12-04T10:46:55.088291
7205,1,7205,0.017030213,2025-12-04T10:46:55.161014
7206,1,7206,0.0170270167,2025-12-04T10:46:55.233723
7207,1,7207,0.0170282144,2025-12-04T10:46:55.306441
7208,1,7208,0.017028734,2025-12-04T10:46:55.348868
7209,1,7209,0.0170281194,2025-12-04T10:46:55.391408
7210,1,7210,0.0170268379,2025-12-04T10:46:55.411284
7211,1,7211,0.017027406,2025-12-04T10:46:55.484180
7212,1,7212,0.01698279,2025-12-04T10:46:55.557031
7213,1,7213,0.0170352235,2025-12-04T10:46:55.629636
7214,1,7214,0.0170317701,2025-12-04T10:46:55.671972
7215,1,7215,0.0170317385,2025-12-04T10:46:55.714406
7216,1,7216,0.0170313008,2025-12-04T10:46:55.787160
7217,1,7217,0.0170304588,2025-12-04T10:46:55.859880
7218,1,7218,0.0170308444,2025-12-04T10:46:55.932610
7219,1,7219,0.0170310735,2025-12-04T10:46:55.975140
7220,1,7220,0.0170306488,2025-12-04T10:46:56.017655
7221,1,7221,0.0170438326,2025-12-04T10:46:56.092214
7222,1,7222,0.0170366074,2025-12-04T10:46:56.164980
7223,1,7223,0.0170323085,2025-12-04T10:46:56.237676
7224,1,7224,0.0170324519,2025-12-04T10:46:56.280021
7225,1,7225,0.0170330144,2025-12-04T10:46:56.322436
7226,1,7226,0.0170328356,2025-12-04T10:46:56.395320
7227,1,7227,0.0170314181,2025-12-04T10:46:56.468052
7228,1,7228,0.0169739704,2025-12-04T10:46:56.540649
7229,1,7229,0.0170522611,2025-12-04T10:46:56.583086
7230,1,7230,0.017036315,2025-12-04T10:46:56.625539
7231,1,7231,0.0170344766,2025-12-04T10:46:56.645250
7232,1,7232,0.0170318949,2025-12-04T10:46:56.718441
7233,1,7233,0.0170327071,2025-12-04T10:46:56.791164
7234,1,7234,0.0170317571,2025-12-04T10:46:56.863766
7235,1,7235,0.0170314051,2025-12-04T10:46:56.906264
7236,1,7236,0.0170313343,2025-12-04T10:46:56.948605
7237,1,7237,0.0170321464,2025-12-04T10:46:57.021423
7238,1,7238,0.0170482452,2025-12-04T10:46:57.094155
7239,1,7239,0.0170341357,2025-12-04T10:46:57.166854
7240,1,7240,0.0170336365,2025-12-04T10:46:57.209245
7241,1,7241,0.0170318242,2025-12-04T10:46:57.251848
7242,1,7242,0.0170305687,2025-12-04T10:46:57.324378
7243,1,7243,0.0170300174,2025-12-04T10:46:57.397117
7244,1,7244,0.0170292835,2025-12-04T10:46:57.469866
7245,1,7245,0.0170297101,2025-12-04T10:46:57.512208
7246,1,7246,0.0169636886,2025-12-04T10:46:57.554688
7247,1,7247,0.0170670282,2025-12-04T10:46:57.574570
7248,1,7248,0.0170349534,2025-12-04T10:46:57.647741
7249,1,7249,0.017031135,2025-12-04T10:46:57.720375
7250,1,7250,0.0170285198,2025-12-04T10:46:57.793154
7251,1,7251,0.017029833,2025-12-04T10:46:57.835509
7252,1,7252,0.0170297045,2025-12-04T10:46:57.877862
7253,1,7253,0.0170288942,2025-12-04T10:46:57.950569
7254,1,7254,0.0170285459,2025-12-04T10:46:58.023384
7255,1,7255,0.0170422848,2025-12-04T10:46:58.096061
7256,1,7256,0.017032152,2025-12-04T10:46:58.138378
7257,1,7257,0.0170305632,2025-12-04T10:46:58.180990
7258,1,7258,0.0170291643,2025-12-04T10:46:58.200783
7259,1,7259,0.017029196,2025-12-04T10:46:58.273743
7260,1,7260,0.017028829,2025-12-04T10:46:58.346520
7261,1,7261,0.0170275177,2025-12-04T10:46:58.419185
7262,1,7262,0.0170282013,2025-12-04T10:46:58.461585
7263,1,7263,0.0170278698,2025-12-04T10:46:58.504020
7264,1,7264,0.0170471444,2025-12-04T10:46:58.576736
7265,1,7265,0.0170286465,2025-12-04T10:46:58.649431
7266,1,7266,0.017028097,2025-12-04T10:46:58.722229
7267,1,7267,0.0170275699,2025-12-04T10:46:58.764710
7268,1,7268,0.0170272421,2025-12-04T10:46:58.807144
7269,1,7269,0.0170277301,2025-12-04T10:46:58.879836
7270,1,7270,0.0170287042,2025-12-04T10:46:58.952521
7271,1,7271,0.0170269776,2025-12-04T10:46:58.994950
7272,1,7272,0.0170270856,2025-12-04T10:46:59.037494
7273,1,7273,0.0170236211,2025-12-04T10:46:59.057325
7274,1,7274,0.0170352142,2025-12-04T10:46:59.077201
7275,1,7275,0.0170286521,2025-12-04T10:46:59.150492
7276,1,7276,0.0170269683,2025-12-04T10:46:59.223244
7277,1,7277,0.0170268155,2025-12-04T10:46:59.295936
7278,1,7278,0.0170261021,2025-12-04T10:46:59.338376
7279,1,7279,0.0170260444,2025-12-04T10:46:59.380666
7280,1,7280,0.0170264765,2025-12-04T10:46:59.453412
7281,1,7281,0.0170250479,2025-12-04T10:46:59.526126
7282,1,7282,0.0170285087,2025-12-04T10:46:59.598943
7283,1,7283,0.0170263089,2025-12-04T10:46:59.641373
7284,1,7284,0.0170255005,2025-12-04T10:46:59.683795
7285,1,7285,0.0170249976,2025-12-04T10:46:59.757491
7286,1,7286,0.0170231088,2025-12-04T10:46:59.830219
7287,1,7287,0.0170243028,2025-12-04T10:46:59.902971
7288,1,7288,0.0170252248,2025-12-04T10:46:59.945425
7289,1,7289,0.0170248951,2025-12-04T10:46:59.987825
7290,1,7290,0.0170238465,2025-12-04T10:47:00.007718
7291,1,7291,0.017028341,2025-12-04T10:47:00.080723
7292,1,7292,0.0170242544,2025-12-04T10:47:00.153861
7293,1,7293,0.0170253328,2025-12-04T10:47:00.226128
7294,1,7294,0.0170235242,2025-12-04T10:47:00.268591
7295,1,7295,0.0170242562,2025-12-04T10:47:00.311004
7296,1,7296,0.0170292146,2025-12-04T10:47:00.383836
7297,1,7297,0.0170257631,2025-12-04T10:47:00.456400
7298,1,7298,0.0170226432,2025-12-04T10:47:00.529175
7299,1,7299,0.0170236676,2025-12-04T10:47:00.571444
7300,1,7300,0.0170233678,2025-12-04T10:47:00.613940
7301,1,7301,0.0170243289,2025-12-04T10:47:00.633825
7302,1,7302,0.017025005,2025-12-04T10:47:00.706920
7303,1,7303,0.0170244686,2025-12-04T10:47:00.779638
7304,1,7304,0.0170171987,2025-12-04T10:47:00.852455
7305,1,7305,0.0170274395,2025-12-04T10:47:00.894757
7306,1,7306,0.0170241016,2025-12-04T10:47:00.937192
7307,1,7307,0.017024219,2025-12-04T10:47:01.009903
7308,1,7308,0.0170235764,2025-12-04T10:47:01.082598
7309,1,7309,0.017020896,2025-12-04T10:47:01.155268
7310,1,7310,0.0170217771,2025-12-04T10:47:01.197699
7311,1,7311,0.0170233547,2025-12-04T10:47:01.240175
7312,1,7312,0.0170222334,2025-12-04T10:47:01.312910
7313,1,7313,0.0170236099,2025-12-04T10:47:01.385495
7314,1,7314,0.0170236602,2025-12-04T10:47:01.458319
7315,1,7315,0.0170229934,2025-12-04T10:47:01.500889
7316,1,7316,0.0170226134,2025-12-04T10:47:01.543182
7317,1,7317,0.0170218106,2025-12-04T10:47:01.563041
7318,1,7318,0.0170214176,2025-12-04T10:47:01.636059
7319,1,7319,0.0170217324,2025-12-04T10:47:01.708780
7320,1,7320,0.0170207656,2025-12-04T10:47:01.781496
7321,1,7321,0.0170206036,2025-12-04T10:47:01.823979
7322,1,7322,0.0170194357,2025-12-04T10:47:01.866327
7323,1,7323,0.0170209519,2025-12-04T10:47:01.940082
7324,1,7324,0.0170191042,2025-12-04T10:47:02.012825
7325,1,7325,0.0170222185,2025-12-04T10:47:02.085509
7326,1,7326,0.0170206688,2025-12-04T10:47:02.127984
7327,1,7327,0.0170199032,2025-12-04T10:47:02.170374
7328,1,7328,0.0170173253,2025-12-04T10:47:02.243094
7329,1,7329,0.0170178972,2025-12-04T10:47:02.315833
7330,1,7330,0.0170163046,2025-12-04T10:47:02.388537
7331,1,7331,0.0170166399,2025-12-04T10:47:02.430948
7332,1,7332,0.0170191153,2025-12-04T10:47:02.473441
7333,1,7333,0.0170184466,2025-12-04T10:47:02.493337
7334,1,7334,0.0170214362,2025-12-04T10:47:02.566333
7335,1,7335,0.0170188751,2025-12-04T10:47:02.638987
7336,1,7336,0.0169861651,2025-12-04T10:47:02.711832
7337,1,7337,0.0170272383,2025-12-04T10:47:02.754127
7338,1,7338,0.0170229878,2025-12-04T10:47:02.796643
7339,1,7339,0.0170215573,2025-12-04T10:47:02.816703
7340,1,7340,0.0170201584,2025-12-04T10:47:02.889482
7341,1,7341,0.0170219279,2025-12-04T10:47:02.962291
7342,1,7342,0.0170199032,2025-12-04T10:47:03.034984
7343,1,7343,0.0170193929,2025-12-04T10:47:03.077293
7344,1,7344,0.017019689,2025-12-04T10:47:03.119903
7345,1,7345,0.0170232895,2025-12-04T10:47:03.192510
7346,1,7346,0.0170242283,2025-12-04T10:47:03.265491
7347,1,7347,0.0170214865,2025-12-04T10:47:03.337893
7348,1,7348,0.0170234758,2025-12-04T10:47:03.380357
7349,1,7349,0.0170213989,2025-12-04T10:47:03.422796
7350,1,7350,0.0170204192,2025-12-04T10:47:03.495458
7351,1,7351,0.0170224718,2025-12-04T10:47:03.568204
7352,1,7352,0.017021954,2025-12-04T10:47:03.640907
7353,1,7353,0.0170208923,2025-12-04T10:47:03.683352
7354,1,7354,0.0170506518,2025-12-04T10:47:03.725751
7355,1,7355,0.0170250777,2025-12-04T10:47:03.798404
7356,1,7356,0.0170226097,2025-12-04T10:47:03.871091
7357,1,7357,0.0170234516,2025-12-04T10:47:03.943934
7358,1,7358,0.0170235764,2025-12-04T10:47:03.986399
7359,1,7359,0.0170233212,2025-12-04T10:47:04.028777
7360,1,7360,0.0170225016,2025-12-04T10:47:04.048697
7361,1,7361,0.0170215424,2025-12-04T10:47:04.121736
7362,1,7362,0.0170236919,2025-12-04T10:47:04.194464
7363,1,7363,0.0170317031,2025-12-04T10:47:04.267141
7364,1,7364,0.0170252732,2025-12-04T10:47:04.309523
7365,1,7365,0.017024666,2025-12-04T10:47:04.351952
7366,1,7366,0.0170232988,2025-12-04T10:47:04.424650
7367,1,7367,0.0170231908,2025-12-04T10:47:04.497328
7368,1,7368,0.017021764,2025-12-04T10:47:04.570020
7369,1,7369,0.0170226506,2025-12-04T10:47:04.612549
7370,1,7370,0.0170254223,2025-12-04T10:47:04.654926
7371,1,7371,0.0170226935,2025-12-04T10:47:04.674654
7372,1,7372,0.01705949,2025-12-04T10:47:04.747813
7373,1,7373,0.0170241799,2025-12-04T10:47:04.820596
7374,1,7374,0.0170235205,2025-12-04T10:47:04.893317
7375,1,7375,0.0170231088,2025-12-04T10:47:04.935766
7376,1,7376,0.0170228667,2025-12-04T10:47:04.978185
7377,1,7377,0.0170221179,2025-12-04T10:47:04.997883
7378,1,7378,0.017021574,2025-12-04T10:47:05.017864
7379,1,7379,0.0170218553,2025-12-04T10:47:05.040169
7380,1,7380,0.0170220136,2025-12-04T10:47:05.063025
7381,1,7381,0.0170223228,2025-12-04T10:47:05.138767
7382,1,7382,0.0169503614,2025-12-04T10:47:05.211530
7383,1,7383,0.0170316006,2025-12-04T10:47:05.284159
7384,1,7384,0.0170266274,2025-12-04T10:47:05.326544
7385,1,7385,0.0170224364,2025-12-04T10:47:05.369092
7386,1,7386,0.0170228146,2025-12-04T10:47:05.388998
7387,1,7387,0.0170224085,2025-12-04T10:47:05.461886
7388,1,7388,0.0170202497,2025-12-04T10:47:05.534641
7389,1,7389,0.0170207917,2025-12-04T10:47:05.607248
7390,1,7390,0.0170215964,2025-12-04T10:47:05.650042
7391,1,7391,0.0170240607,2025-12-04T10:47:05.692233
7392,1,7392,0.0169540513,2025-12-04T10:47:05.712025
7393,1,7393,0.0170311443,2025-12-04T10:47:05.785084
7394,1,7394,0.0170243568,2025-12-04T10:47:05.857803
7395,1,7395,0.0170237757,2025-12-04T10:47:05.930519
7396,1,7396,0.0170223973,2025-12-04T10:47:05.973013
7397,1,7397,0.0170204266,2025-12-04T10:47:06.015468
7398,1,7398,0.0170220602,2025-12-04T10:47:06.088163
7399,1,7399,0.0170221142,2025-12-04T10:47:06.160894
7400,1,7400,0.0169804953,2025-12-04T10:47:06.233838
7401,1,7401,0.017037196,2025-12-04T10:47:06.276135
7402,1,7402,0.0170275196,2025-12-04T10:47:06.318395
7403,1,7403,0.0170249212,2025-12-04T10:47:06.391315
7404,1,7404,0.017023066,2025-12-04T10:47:06.463836
7405,1,7405,0.0170237738,2025-12-04T10:47:06.536504
7406,1,7406,0.017024476,2025-12-04T10:47:06.578948
7407,1,7407,0.0170230902,2025-12-04T10:47:06.621388
7408,1,7408,0.0170223545,2025-12-04T10:47:06.641089
7409,1,7409,0.016954448,2025-12-04T10:47:06.714329
7410,1,7410,0.0170329995,2025-12-04T10:47:06.787037
7411,1,7411,0.0170265529,2025-12-04T10:47:06.859798
7412,1,7412,0.0170255564,2025-12-04T10:47:06.902216
7413,1,7413,0.0170267652,2025-12-04T10:47:06.944643
7414,1,7414,0.0170229412,2025-12-04T10:47:07.017280
7415,1,7415,0.0170240886,2025-12-04T10:47:07.090037
7416,1,7416,0.0170249864,2025-12-04T10:47:07.162710
7417,1,7417,0.0170252509,2025-12-04T10:47:07.205212
7418,1,7418,0.0170818436,2025-12-04T10:47:07.247647
7419,1,7419,0.0170275904,2025-12-04T10:47:07.321290
7420,1,7420,0.0170257426,2025-12-04T10:47:07.394121
7421,1,7421,0.0170251671,2025-12-04T10:47:07.436515
7422,1,7422,0.0170225035,2025-12-04T10:47:07.478968
7423,1,7423,0.0170215144,2025-12-04T10:47:07.498738
7424,1,7424,0.0170230716,2025-12-04T10:47:07.571866
7425,1,7425,0.0170231964,2025-12-04T10:47:07.644611
7426,1,7426,0.0169501081,2025-12-04T10:47:07.717285
7427,1,7427,0.0170364174,2025-12-04T10:47:07.759665
7428,1,7428,0.0170262455,2025-12-04T10:47:07.802034
7429,1,7429,0.017025981,2025-12-04T10:47:07.821957
7430,1,7430,0.0170222762,2025-12-04T10:47:07.895035
7431,1,7431,0.0170232281,2025-12-04T10:47:07.967748
7432,1,7432,0.0170215051,2025-12-04T10:47:08.040464
7433,1,7433,0.0170210897,2025-12-04T10:47:08.082936
7434,1,7434,0.0170202776,2025-12-04T10:47:08.125355
7435,1,7435,0.0170208774,2025-12-04T10:47:08.145269
7436,1,7436,0.0169514659,2025-12-04T10:47:08.218095
7437,1,7437,0.0170276407,2025-12-04T10:47:08.290975
7438,1,7438,0.0170222148,2025-12-04T10:47:08.363730
7439,1,7439,0.0170232318,2025-12-04T10:47:08.406039
7440,1,7440,0.0170243382,2025-12-04T10:47:08.448424
7441,1,7441,0.0170206483,2025-12-04T10:47:08.521250
7442,1,7442,0.0170226376,2025-12-04T10:47:08.594008
7443,1,7443,0.0170221067,2025-12-04T10:47:08.666717
7444,1,7444,0.0170090999,2025-12-04T10:47:08.708964
7445,1,7445,0.0170277319,2025-12-04T10:47:08.751508
7446,1,7446,0.0170232411,2025-12-04T10:47:08.824276
7447,1,7447,0.0170220043,2025-12-04T10:47:08.897295
7448,1,7448,0.0170209761,2025-12-04T10:47:08.969611
7449,1,7449,0.0170225054,2025-12-04T10:47:09.012101
7450,1,7450,0.0170226804,2025-12-04T10:47:09.054488
7451,1,7451,0.017023338,2025-12-04T10:47:09.074231
7452,1,7452,0.0170205514,2025-12-04T10:47:09.147505
7453,1,7453,0.0170205235,2025-12-04T10:47:09.220166
7454,1,7454,0.0170201957,2025-12-04T10:47:09.292895
7455,1,7455,0.0170196816,2025-12-04T10:47:09.335268
7456,1,7456,0.0170193593,2025-12-04T10:47:09.377725
7457,1,7457,0.0170192066,2025-12-04T10:47:09.397514
7458,1,7458,0.0170293487,2025-12-04T10:47:09.470660
7459,1,7459,0.0170212332,2025-12-04T10:47:09.543292
7460,1,7460,0.017019324,2025-12-04T10:47:09.616067
7461,1,7461,0.0170214548,2025-12-04T10:47:09.658359
7462,1,7462,0.0170207917,2025-12-04T10:47:09.701054
7463,1,7463,0.0170213524,2025-12-04T10:47:09.721107
7464,1,7464,0.0170217007,2025-12-04T10:47:09.740826
7465,1,7465,0.0170215703,2025-12-04T10:47:09.760622
7466,1,7466,0.0170185323,2025-12-04T10:47:09.780389
7467,1,7467,0.0170189514,2025-12-04T10:47:09.854410
7468,1,7468,0.0170205086,2025-12-04T10:47:09.927052
7469,1,7469,0.0170234795,2025-12-04T10:47:09.969553
7470,1,7470,0.017020069,2025-12-04T10:47:10.012007
7471,1,7471,0.0170199181,2025-12-04T10:47:10.031837
7472,1,7472,0.0170189123,2025-12-04T10:47:10.104800
7473,1,7473,0.017021289,2025-12-04T10:47:10.177632
7474,1,7474,0.0170191079,2025-12-04T10:47:10.250331
7475,1,7475,0.0170201864,2025-12-04T10:47:10.323071
7476,1,7476,0.0170190688,2025-12-04T10:47:10.365683
7477,1,7477,0.0170168299,2025-12-04T10:47:10.407833
7478,1,7478,0.0170154813,2025-12-04T10:47:10.480638
7479,1,7479,0.0170162357,2025-12-04T10:47:10.553283
7480,1,7480,0.0170160457,2025-12-04T10:47:10.626017
7481,1,7481,0.0170186106,2025-12-04T10:47:10.668460
7482,1,7482,0.0170190446,2025-12-04T10:47:10.710902
7483,1,7483,0.0170190259,2025-12-04T10:47:10.783549
7484,1,7484,0.0170199535,2025-12-04T10:47:10.856408
7485,1,7485,0.0170216634,2025-12-04T10:47:10.929033
7486,1,7486,0.0170210171,2025-12-04T10:47:10.971429
7487,1,7487,0.0170194357,2025-12-04T10:47:11.013801
7488,1,7488,0.0170176867,2025-12-04T10:47:11.087593
7489,1,7489,0.0170183945,2025-12-04T10:47:11.160288
7490,1,7490,0.0170180927,2025-12-04T10:47:11.202766
7491,1,7491,0.0170191805,2025-12-04T10:47:11.245167
7492,1,7492,0.0170174576,2025-12-04T10:47:11.265296
7493,1,7493,0.0170189868,2025-12-04T10:47:11.285215
7494,1,7494,0.0170187316,2025-12-04T10:47:11.358248
7495,1,7495,0.0170225333,2025-12-04T10:47:11.430974
7496,1,7496,0.0170185659,2025-12-04T10:47:11.503711
7497,1,7497,0.0170203223,2025-12-04T10:47:11.546171
7498,1,7498,0.0170200858,2025-12-04T10:47:11.588602
7499,1,7499,0.0170200075,2025-12-04T10:47:11.662277
7500,1,7500,0.0170193538,2025-12-04T10:47:11.735024
7501,1,7501,0.0170179884,2025-12-04T10:47:11.807829
7502,1,7502,0.0170178432,2025-12-04T10:47:11.850133
7503,1,7503,0.0170453861,2025-12-04T10:47:11.892543
7504,1,7504,0.0170246418,2025-12-04T10:47:11.912488
7505,1,7505,0.0170188602,2025-12-04T10:47:11.985499
7506,1,7506,0.0170192252,2025-12-04T10:47:12.058153
7507,1,7507,0.0170180592,2025-12-04T10:47:12.100779
7508,1,7508,0.0170159451,2025-12-04T10:47:12.142978
7509,1,7509,0.0170163027,2025-12-04T10:47:12.162818
7510,1,7510,0.0170154646,2025-12-04T10:47:12.235987
7511,1,7511,0.0170184131,2025-12-04T10:47:12.308864
7512,1,7512,0.0169605705,2025-12-04T10:47:12.381449
7513,1,7513,0.0170225352,2025-12-04T10:47:12.423820
7514,1,7514,0.0170187205,2025-12-04T10:47:12.466266
7515,1,7515,0.0170162264,2025-12-04T10:47:12.538864
7516,1,7516,0.0170167759,2025-12-04T10:47:12.611730
7517,1,7517,0.0170178096,2025-12-04T10:47:12.684367
7518,1,7518,0.0170175563,2025-12-04T10:47:12.726764
7519,1,7519,0.017016571,2025-12-04T10:47:12.769197
7520,1,7520,0.0170174781,2025-12-04T10:47:12.789072
7521,1,7521,0.0170161463,2025-12-04T10:47:12.862157
7522,1,7522,0.0170215107,2025-12-04T10:47:12.934909
7523,1,7523,0.0170161332,2025-12-04T10:47:13.007547
7524,1,7524,0.0170159209,2025-12-04T10:47:13.050153
7525,1,7525,0.0170161612,2025-12-04T10:47:13.092451
7526,1,7526,0.017016137,2025-12-04T10:47:13.112368
7527,1,7527,0.0170150287,2025-12-04T10:47:13.185365
7528,1,7528,0.0170170497,2025-12-04T10:47:13.258140
7529,1,7529,0.0170165766,2025-12-04T10:47:13.330795
7530,1,7530,0.016979726,2025-12-04T10:47:13.373262
7531,1,7531,0.0170275475,2025-12-04T10:47:13.415728
7532,1,7532,0.0170223135,2025-12-04T10:47:13.435606
7533,1,7533,0.0170196872,2025-12-04T10:47:13.455435
7534,1,7534,0.017020069,2025-12-04T10:47:13.475278
7535,1,7535,0.0170192662,2025-12-04T10:47:13.495066
7536,1,7536,0.017016422,2025-12-04T10:47:13.570190
7537,1,7537,0.017015608,2025-12-04T10:47:13.643099
7538,1,7538,0.0170138888,2025-12-04T10:47:13.715719
7539,1,7539,0.017016245,2025-12-04T10:47:13.758017
7540,1,7540,0.0170147791,2025-12-04T10:47:13.800472
7541,1,7541,0.0170146357,2025-12-04T10:47:13.820351
7542,1,7542,0.0170246195,2025-12-04T10:47:13.893411
7543,1,7543,0.0170178096,2025-12-04T10:47:13.966151
7544,1,7544,0.0170165821,2025-12-04T10:47:14.038859
7545,1,7545,0.0170167926,2025-12-04T10:47:14.111561
7546,1,7546,0.0170166976,2025-12-04T10:47:14.153976
7547,1,7547,0.0170156806,2025-12-04T10:47:14.196390
7548,1,7548,0.0170128177,2025-12-04T10:47:14.216264
7549,1,7549,0.0170140974,2025-12-04T10:47:14.236134
7550,1,7550,0.0170144028,2025-12-04T10:47:14.256034
7551,1,7551,0.0170156247,2025-12-04T10:47:14.275858
7552,1,7552,0.0170144401,2025-12-04T10:47:14.348832
7553,1,7553,0.0170255172,2025-12-04T10:47:14.421638
7554,1,7554,0.0170165132,2025-12-04T10:47:14.494369
7555,1,7555,0.0170162506,2025-12-04T10:47:14.536793
7556,1,7556,0.0170158855,2025-12-04T10:47:14.579224
7557,1,7557,0.0170149747,2025-12-04T10:47:14.653864
7558,1,7558,0.0170159973,2025-12-04T10:47:14.726639
7559,1,7559,0.0170150045,2025-12-04T10:47:14.799296
7560,1,7560,0.0170167796,2025-12-04T10:47:14.841786
7561,1,7561,0.0169456489,2025-12-04T10:47:14.884204
7562,1,7562,0.01704376,2025-12-04T10:47:14.904068
7563,1,7563,0.0170191321,2025-12-04T10:47:14.977216
7564,1,7564,0.0170145127,2025-12-04T10:47:15.049844
7565,1,7565,0.0170184299,2025-12-04T10:47:15.122508
7566,1,7566,0.0170140191,2025-12-04T10:47:15.165069
7567,1,7567,0.0170163474,2025-12-04T10:47:15.207298
7568,1,7568,0.017013831,2025-12-04T10:47:15.280068
7569,1,7569,0.0170148238,2025-12-04T10:47:15.352740
7570,1,7570,0.0170356612,2025-12-04T10:47:15.425547
7571,1,7571,0.0170202255,2025-12-04T10:47:15.467976
7572,1,7572,0.0170165598,2025-12-04T10:47:15.510433
7573,1,7573,0.0170173048,2025-12-04T10:47:15.530246
7574,1,7574,0.0170155353,2025-12-04T10:47:15.603289
7575,1,7575,0.0170162599,2025-12-04T10:47:15.675969
7576,1,7576,0.017014075,2025-12-04T10:47:15.748673
7577,1,7577,0.0170170161,2025-12-04T10:47:15.791254
7578,1,7578,0.0170142408,2025-12-04T10:47:15.833705
7579,1,7579,0.0170363485,2025-12-04T10:47:15.906243
7580,1,7580,0.0170179139,2025-12-04T10:47:15.978983
7581,1,7581,0.0170155744,2025-12-04T10:47:16.051786
7582,1,7582,0.0170148536,2025-12-04T10:47:16.094269
7583,1,7583,0.0170133784,2025-12-04T10:47:16.136597
7584,1,7584,0.0170147642,2025-12-04T10:47:16.209329
7585,1,7585,0.0170119181,2025-12-04T10:47:16.282014
7586,1,7586,0.0170124266,2025-12-04T10:47:16.354757
7587,1,7587,0.0169556941,2025-12-04T10:47:16.397218
7588,1,7588,0.0170255731,2025-12-04T10:47:16.439708
7589,1,7589,0.0170164518,2025-12-04T10:47:16.512330
7590,1,7590,0.0170135851,2025-12-04T10:47:16.585032
7591,1,7591,0.0170171596,2025-12-04T10:47:16.657829
7592,1,7592,0.0170143358,2025-12-04T10:47:16.700160
7593,1,7593,0.017014252,2025-12-04T10:47:16.742561
7594,1,7594,0.0170130524,2025-12-04T10:47:16.762471
7595,1,7595,0.0170116014,2025-12-04T10:47:16.835509
7596,1,7596,0.0170173235,2025-12-04T10:47:16.908363
7597,1,7597,0.0170182529,2025-12-04T10:47:16.980954
7598,1,7598,0.0170148871,2025-12-04T10:47:17.023392
7599,1,7599,0.017013913,2025-12-04T10:47:17.065914
7600,1,7600,0.0170138739,2025-12-04T10:47:17.138588
7601,1,7601,0.0170139521,2025-12-04T10:47:17.211234
7602,1,7602,0.0170145183,2025-12-04T10:47:17.283923
7603,1,7603,0.0170144289,2025-12-04T10:47:17.326328
7604,1,7604,0.0170118585,2025-12-04T10:47:17.368801
7605,1,7605,0.0169480182,2025-12-04T10:47:17.388630
7606,1,7606,0.0170223098,2025-12-04T10:47:17.461690
7607,1,7607,0.0170159339,2025-12-04T10:47:17.534442
7608,1,7608,0.0170152429,2025-12-04T10:47:17.607108
7609,1,7609,0.0170120764,2025-12-04T10:47:17.649521
7610,1,7610,0.0170134399,2025-12-04T10:47:17.691981
7611,1,7611,0.0170141384,2025-12-04T10:47:17.764844
7612,1,7612,0.017014129,2025-12-04T10:47:17.837312
7613,1,7613,0.0169750675,2025-12-04T10:47:17.910025
7614,1,7614,0.0170261412,2025-12-04T10:47:17.952502
7615,1,7615,0.0170178823,2025-12-04T10:47:17.994975
7616,1,7616,0.0170130152,2025-12-04T10:47:18.070688
7617,1,7617,0.0170133225,2025-12-04T10:47:18.143434
7618,1,7618,0.0170089434,2025-12-04T10:47:18.216225
7619,1,7619,0.0170121937,2025-12-04T10:47:18.258555
7620,1,7620,0.0170113835,2025-12-04T10:47:18.300939
7621,1,7621,0.0170107744,2025-12-04T10:47:18.320790
7622,1,7622,0.0169363226,2025-12-04T10:47:18.393913
7623,1,7623,0.0170187819,2025-12-04T10:47:18.466636
7624,1,7624,0.0170136019,2025-12-04T10:47:18.539309
7625,1,7625,0.0170109923,2025-12-04T10:47:18.581788
7626,1,7626,0.0170135349,2025-12-04T10:47:18.624229
7627,1,7627,0.0170101765,2025-12-04T10:47:18.696997
7628,1,7628,0.0170084387,2025-12-04T10:47:18.769659
7629,1,7629,0.0170104857,2025-12-04T10:47:18.842352
7630,1,7630,0.0169791188,2025-12-04T10:47:18.884800
7631,1,7631,0.0170438066,2025-12-04T10:47:18.927134
7632,1,7632,0.017021723,2025-12-04T10:47:18.947435
7633,1,7633,0.0170131102,2025-12-04T10:47:19.020243
7634,1,7634,0.0170130468,2025-12-04T10:47:19.092847
7635,1,7635,0.0170097872,2025-12-04T10:47:19.165529
7636,1,7636,0.0170112717,2025-12-04T10:47:19.208016
7637,1,7637,0.0170095786,2025-12-04T10:47:19.250338
7638,1,7638,0.0170144885,2025-12-04T10:47:19.323161
7639,1,7639,0.0169338434,2025-12-04T10:47:19.395913
7640,1,7640,0.0170139409,2025-12-04T10:47:19.468540
7641,1,7641,0.017010061,2025-12-04T10:47:19.510956
7642,1,7642,0.0170076824,2025-12-04T10:47:19.553375
7643,1,7643,0.0170096028,2025-12-04T10:47:19.626022
7644,1,7644,0.0170073118,2025-12-04T10:47:19.698777
7645,1,7645,0.0170076042,2025-12-04T10:47:19.771544
7646,1,7646,0.0170078352,2025-12-04T10:47:19.814008
7647,1,7647,0.0170093197,2025-12-04T10:47:19.856496
7648,1,7648,0.0170093588,2025-12-04T10:47:19.876301
7649,1,7649,0.0170081518,2025-12-04T10:47:19.949209
7650,1,7650,0.0170069597,2025-12-04T10:47:20.022022
7651,1,7651,0.0170065648,2025-12-04T10:47:20.094667
7652,1,7652,0.0170050784,2025-12-04T10:47:20.137168
7653,1,7653,0.017004162,2025-12-04T10:47:20.179618
7654,1,7654,0.017005762,2025-12-04T10:47:20.252359
7655,1,7655,0.0170066878,2025-12-04T10:47:20.325046
7656,1,7656,0.0170066505,2025-12-04T10:47:20.397748
7657,1,7657,0.017014658,2025-12-04T10:47:20.440205
7658,1,7658,0.0170054826,2025-12-04T10:47:20.482540
7659,1,7659,0.0170060005,2025-12-04T10:47:20.555380
7660,1,7660,0.0170067306,2025-12-04T10:47:20.628028
7661,1,7661,0.01701097,2025-12-04T10:47:20.700826
7662,1,7662,0.0170119777,2025-12-04T10:47:20.743120
7663,1,7663,0.017007187,2025-12-04T10:47:20.785508
7664,1,7664,0.0170070696,2025-12-04T10:47:20.858319
7665,1,7665,0.0170055888,2025-12-04T10:47:20.931023
7666,1,7666,0.0170048568,2025-12-04T10:47:21.003736
7667,1,7667,0.0170063469,2025-12-04T10:47:21.046270
7668,1,7668,0.0170078799,2025-12-04T10:47:21.088591
7669,1,7669,0.0170082505,2025-12-04T10:47:21.108432
7670,1,7670,0.0170088224,2025-12-04T10:47:21.181476
7671,1,7671,0.017005356,2025-12-04T10:47:21.254284
7672,1,7672,0.0170078892,2025-12-04T10:47:21.326848
7673,1,7673,0.0170043073,2025-12-04T10:47:21.369338
7674,1,7674,0.0170086026,2025-12-04T10:47:21.411702
7675,1,7675,0.0170044489,2025-12-04T10:47:21.484507
7676,1,7676,0.0170046892,2025-12-04T10:47:21.557198
7677,1,7677,0.0170040763,2025-12-04T10:47:21.630008
7678,1,7678,0.017003823,2025-12-04T10:47:21.672273
7679,1,7679,0.0170038845,2025-12-04T10:47:21.715006
7680,1,7680,0.0170034747,2025-12-04T10:47:21.788487
7681,1,7681,0.0170049704,2025-12-04T10:47:21.861227
7682,1,7682,0.0170001704,2025-12-04T10:47:21.934024
7683,1,7683,0.0170049481,2025-12-04T10:47:22.006635
7684,1,7684,0.0170009266,2025-12-04T10:47:22.049148
7685,1,7685,0.0170020088,2025-12-04T10:47:22.091505
7686,1,7686,0.0170068293,2025-12-04T10:47:22.164272
7687,1,7687,0.017002115,2025-12-04T10:47:22.236984
7688,1,7688,0.0170035995,2025-12-04T10:47:22.309729
7689,1,7689,0.0170014575,2025-12-04T10:47:22.352145
7690,1,7690,0.0170057918,2025-12-04T10:47:22.394607
7691,1,7691,0.0170054547,2025-12-04T10:47:22.414527
7692,1,7692,0.0170006211,2025-12-04T10:47:22.487416
7693,1,7693,0.0170053765,2025-12-04T10:47:22.560209
7694,1,7694,0.0170060731,2025-12-04T10:47:22.632852
7695,1,7695,0.0170061942,2025-12-04T10:47:22.675266
7696,1,7696,0.0170018766,2025-12-04T10:47:22.717641
7697,1,7697,0.0170040465,2025-12-04T10:47:22.790497
7698,1,7698,0.0170041099,2025-12-04T10:47:22.863172
7699,1,7699,0.0170010868,2025-12-04T10:47:22.935890
7700,1,7700,0.0170041844,2025-12-04T10:47:22.978243
7701,1,7701,0.0170004535,2025-12-04T10:47:23.020703
7702,1,7702,0.0170037765,2025-12-04T10:47:23.093478
7703,1,7703,0.0170035064,2025-12-04T10:47:23.166170
7704,1,7704,0.0170030724,2025-12-04T10:47:23.238868
7705,1,7705,0.0170022528,2025-12-04T10:47:23.281256
7706,1,7706,0.0170014277,2025-12-04T10:47:23.323742
7707,1,7707,0.0170016251,2025-12-04T10:47:23.396488
7708,1,7708,0.0170024037,2025-12-04T10:47:23.469171
7709,1,7709,0.0170029047,2025-12-04T10:47:23.541884
7710,1,7710,0.0170008484,2025-12-04T10:47:23.584260
7711,1,7711,0.0170019529,2025-12-04T10:47:23.626639
7712,1,7712,0.0170029029,2025-12-04T10:47:23.646583
7713,1,7713,0.0170017778,2025-12-04T10:47:23.719612
7714,1,7714,0.0170031134,2025-12-04T10:47:23.792321
7715,1,7715,0.0170025695,2025-12-04T10:47:23.864965
7716,1,7716,0.0170007869,2025-12-04T10:47:23.937763
7717,1,7717,0.0169998686,2025-12-04T10:47:24.010537
7718,1,7718,0.0170006211,2025-12-04T10:47:24.083202
7719,1,7719,0.0169983953,2025-12-04T10:47:24.155922
7720,1,7720,0.0169995576,2025-12-04T10:47:24.228687
7721,1,7721,0.016999321,2025-12-04T10:47:24.271057
7722,1,7722,0.0169994942,2025-12-04T10:47:24.313489
7723,1,7723,0.0169985797,2025-12-04T10:47:24.333403
7724,1,7724,0.0170000419,2025-12-04T10:47:24.406546
7725,1,7725,0.016998263,2025-12-04T10:47:24.479228
7726,1,7726,0.016997369,2025-12-04T10:47:24.551963
7727,1,7727,0.01701379,2025-12-04T10:47:24.594397
7728,1,7728,0.017000379,2025-12-04T10:47:24.636731
7729,1,7729,0.0170007813,2025-12-04T10:47:24.709349
7730,1,7730,0.0169997978,2025-12-04T10:47:24.782083
7731,1,7731,0.0169985014,2025-12-04T10:47:24.854787
7732,1,7732,0.0170013364,2025-12-04T10:47:24.897373
7733,1,7733,0.0170006416,2025-12-04T10:47:24.939626
7734,1,7734,0.0169969089,2025-12-04T10:47:25.012445
7735,1,7735,0.0169487111,2025-12-04T10:47:25.085246
7736,1,7736,0.0170008353,2025-12-04T10:47:25.157888
7737,1,7737,0.0169995632,2025-12-04T10:47:25.200283
7738,1,7738,0.0169966127,2025-12-04T10:47:25.242708
7739,1,7739,0.0169985778,2025-12-04T10:47:25.262788
7740,1,7740,0.0169970728,2025-12-04T10:47:25.335601
7741,1,7741,0.0169973,2025-12-04T10:47:25.408276
7742,1,7742,0.0169959627,2025-12-04T10:47:25.481027
7743,1,7743,0.0169971715,2025-12-04T10:47:25.523450
7744,1,7744,0.0169985163,2025-12-04T10:47:25.565871
7745,1,7745,0.0170026328,2025-12-04T10:47:25.640610
7746,1,7746,0.0170003734,2025-12-04T10:47:25.713354
7747,1,7747,0.0169958863,2025-12-04T10:47:25.786148
7748,1,7748,0.0169944502,2025-12-04T10:47:25.858672
7749,1,7749,0.0169964339,2025-12-04T10:47:25.931570
7750,1,7750,0.0169968344,2025-12-04T10:47:26.004239
7751,1,7751,0.0169500689,2025-12-04T10:47:26.076963
7752,1,7752,0.0170078314,2025-12-04T10:47:26.119372
7753,1,7753,0.0170017387,2025-12-04T10:47:26.161871
7754,1,7754,0.0170007776,2025-12-04T10:47:26.181789
7755,1,7755,0.0169962756,2025-12-04T10:47:26.257667
7756,1,7756,0.0169965494,2025-12-04T10:47:26.330487
7757,1,7757,0.0169927105,2025-12-04T10:47:26.403177
7758,1,7758,0.0169963464,2025-12-04T10:47:26.445628
7759,1,7759,0.0169937349,2025-12-04T10:47:26.488017
7760,1,7760,0.016993558,2025-12-04T10:47:26.507860
7761,1,7761,0.0169358085,2025-12-04T10:47:26.580895
7762,1,7762,0.016995415,2025-12-04T10:47:26.653689
7763,1,7763,0.0169953759,2025-12-04T10:47:26.726341
7764,1,7764,0.0169946104,2025-12-04T10:47:26.768811
7765,1,7765,0.0169965848,2025-12-04T10:47:26.811307
7766,1,7766,0.0169950332,2025-12-04T10:47:26.883958
7767,1,7767,0.0169937722,2025-12-04T10:47:26.956625
7768,1,7768,0.0169946514,2025-12-04T10:47:27.029355
7769,1,7769,0.0169915333,2025-12-04T10:47:27.072042
7770,1,7770,0.0170131996,2025-12-04T10:47:27.114308
7771,1,7771,0.0170006435,2025-12-04T10:47:27.134185
7772,1,7772,0.0169947836,2025-12-04T10:47:27.207158
7773,1,7773,0.0169948618,2025-12-04T10:47:27.279873
7774,1,7774,0.0169899538,2025-12-04T10:47:27.352511
7775,1,7775,0.0169924534,2025-12-04T10:47:27.395001
7776,1,7776,0.0169915631,2025-12-04T10:47:27.437466
7777,1,7777,0.0169925894,2025-12-04T10:47:27.510052
7778,1,7778,0.0169317815,2025-12-04T10:47:27.582822
7779,1,7779,0.0169971864,2025-12-04T10:47:27.655579
7780,1,7780,0.0169950202,2025-12-04T10:47:27.697995
7781,1,7781,0.0169908851,2025-12-04T10:47:27.740429
7782,1,7782,0.0169898271,2025-12-04T10:47:27.760202
7783,1,7783,0.0169893037,2025-12-04T10:47:27.833343
7784,1,7784,0.016990045,2025-12-04T10:47:27.906093
7785,1,7785,0.0169903654,2025-12-04T10:47:27.978809
7786,1,7786,0.0169898644,2025-12-04T10:47:28.021213
7787,1,7787,0.0169935803,2025-12-04T10:47:28.063576
7788,1,7788,0.0170046538,2025-12-04T10:47:28.136299
7789,1,7789,0.0169957503,2025-12-04T10:47:28.209001
7790,1,7790,0.0169931426,2025-12-04T10:47:28.281688
7791,1,7791,0.0169931501,2025-12-04T10:47:28.324167
7792,1,7792,0.0169899724,2025-12-04T10:47:28.366698
7793,1,7793,0.016988961,2025-12-04T10:47:28.441418
7794,1,7794,0.0169924218,2025-12-04T10:47:28.514041
7795,1,7795,0.0169220007,2025-12-04T10:47:28.586853
7796,1,7796,0.017017249,2025-12-04T10:47:28.629175
7797,1,7797,0.0169945117,2025-12-04T10:47:28.671674
7798,1,7798,0.0169941224,2025-12-04T10:47:28.691526
7799,1,7799,0.0169915128,2025-12-04T10:47:28.764550
7800,1,7800,0.0169852226,2025-12-04T10:47:28.837161
7801,1,7801,0.0169869009,2025-12-04T10:47:28.910065
7802,1,7802,0.0169860031,2025-12-04T10:47:28.952407
7803,1,7803,0.0169871896,2025-12-04T10:47:28.994846
7804,1,7804,0.0169854965,2025-12-04T10:47:29.067563
7805,1,7805,0.0170015655,2025-12-04T10:47:29.140350
7806,1,7806,0.0169885344,2025-12-04T10:47:29.212972
7807,1,7807,0.0169860832,2025-12-04T10:47:29.255461
7808,1,7808,0.0169862173,2025-12-04T10:47:29.297870
7809,1,7809,0.0169825907,2025-12-04T10:47:29.370637
7810,1,7810,0.0169828701,2025-12-04T10:47:29.443204
7811,1,7811,0.0169808939,2025-12-04T10:47:29.515984
7812,1,7812,0.0169793497,2025-12-04T10:47:29.558440
7813,1,7813,0.0169231742,2025-12-04T10:47:29.625208
7814,1,7814,0.0169804152,2025-12-04T10:47:29.675520
7815,1,7815,0.0169792454,2025-12-04T10:47:29.748312
7816,1,7816,0.0169733949,2025-12-04T10:47:29.820961
7817,1,7817,0.0169756617,2025-12-04T10:47:29.863437
7818,1,7818,0.0169729609,2025-12-04T10:47:29.905822
7819,1,7819,0.0169727709,2025-12-04T10:47:29.925585
7820,1,7820,0.016974302,2025-12-04T10:47:29.998716
7821,1,7821,0.0169712938,2025-12-04T10:47:30.071509
7822,1,7822,0.016976919,2025-12-04T10:47:30.144452
7823,1,7823,0.0169702507,2025-12-04T10:47:30.186657
7824,1,7824,0.0169691499,2025-12-04T10:47:30.229366
7825,1,7825,0.0169635191,2025-12-04T10:47:30.301806
7826,1,7826,0.0169625747,2025-12-04T10:47:30.374484
7827,1,7827,0.0169640425,2025-12-04T10:47:30.447194
7828,1,7828,0.0169581472,2025-12-04T10:47:30.489673
7829,1,7829,0.016957093,2025-12-04T10:47:30.532063
7830,1,7830,0.0169547814,2025-12-04T10:47:30.551859
7831,1,7831,0.0169759318,2025-12-04T10:47:30.624941
7832,1,7832,0.0169315617,2025-12-04T10:47:30.697676
7833,1,7833,0.0139142526,2025-12-04T10:47:30.770511
7834,1,7834,0.0138856749,2025-12-04T10:47:30.812874
7835,1,7835,0.0139033542,2025-12-04T10:47:30.855191
7836,1,7836,0.0138700725,2025-12-04T10:47:30.928048
7837,1,7837,0.0138749713,2025-12-04T10:47:31.000667
7838,1,7838,0.0139347705,2025-12-04T10:47:31.073391
7839,1,7839,0.0137800071,2025-12-04T10:47:31.115806
7840,1,7840,0.0148238185,2025-12-04T10:47:31.158143
7841,1,7841,0.0137575184,2025-12-04T10:47:31.230879
7842,1,7842,0.0137447705,2025-12-04T10:47:31.303626
7843,1,7843,0.0168150551,2025-12-04T10:47:31.376454
7844,1,7844,0.0168001055,2025-12-04T10:47:31.418718
7845,1,7845,0.0168021414,2025-12-04T10:47:31.461227
7846,1,7846,0.0168006401,2025-12-04T10:47:31.481004
7847,1,7847,0.0168034974,2025-12-04T10:47:31.554185
7848,1,7848,0.0163871645,2025-12-04T10:47:31.626892
7849,1,7849,0.0149612426,2025-12-04T10:47:31.699638
7850,1,7850,0.0157611425,2025-12-04T10:47:31.742056
7851,1,7851,0.0157461948,2025-12-04T10:47:31.784368
7852,1,7852,0.0157512407,2025-12-04T10:47:31.857177
7853,1,7853,0.0138387223,2025-12-04T10:47:31.929784
7854,1,7854,0.0137980487,2025-12-04T10:47:32.002633
7855,1,7855,0.01374768,2025-12-04T10:47:32.045103
7856,1,7856,0.0137398373,2025-12-04T10:47:32.087378
7857,1,7857,0.0137422438,2025-12-04T10:47:32.160168
7858,1,7858,0.0157593227,2025-12-04T10:47:32.232881
7859,1,7859,0.0157759226,2025-12-04T10:47:32.305546
7860,1,7860,0.0157796368,2025-12-04T10:47:32.348054
7861,1,7861,0.0157894585,2025-12-04T10:47:32.390430
7862,1,7862,0.015229592,2025-12-04T10:47:32.410322
7863,1,7863,0.0157454349,2025-12-04T10:47:32.483374
7864,1,7864,0.0157619901,2025-12-04T10:47:32.556089
7865,1,7865,0.0157803595,2025-12-04T10:47:32.628816
7866,1,7866,0.0157705023,2025-12-04T10:47:32.671224
7867,1,7867,0.015769694,2025-12-04T10:47:32.713550
7868,1,7868,0.0157712623,2025-12-04T10:47:32.786396
7869,1,7869,0.0157705117,2025-12-04T10:47:32.859002
7870,1,7870,0.0157749019,2025-12-04T10:47:32.931806
7871,1,7871,0.0157734509,2025-12-04T10:47:32.974126
7872,1,7872,0.0157766696,2025-12-04T10:47:33.016544
7873,1,7873,0.0157414544,2025-12-04T10:47:33.089371
7874,1,7874,0.0157742369,2025-12-04T10:47:33.162077
7875,1,7875,0.0157692022,2025-12-04T10:47:33.234778
7876,1,7876,0.0157737657,2025-12-04T10:47:33.277260
7877,1,7877,0.0158496424,2025-12-04T10:47:33.319580
7878,1,7878,0.0157689601,2025-12-04T10:47:33.394392
7879,1,7879,0.0157706048,2025-12-04T10:47:33.467076
7880,1,7880,0.0157649032,2025-12-04T10:47:33.539801
7881,1,7881,0.0157694462,2025-12-04T10:47:33.582238
7882,1,7882,0.0158170796,2025-12-04T10:47:33.624553
7883,1,7883,0.0157779287,2025-12-04T10:47:33.644558
7884,1,7884,0.0157747063,2025-12-04T10:47:33.717599
7885,1,7885,0.0157668069,2025-12-04T10:47:33.790288
7886,1,7886,0.0157752968,2025-12-04T10:47:33.863038
7887,1,7887,0.0157767608,2025-12-04T10:47:33.905457
7888,1,7888,0.0157662741,2025-12-04T10:47:33.947860
7889,1,7889,0.0168594382,2025-12-04T10:47:34.020637
7890,1,7890,0.0167578011,2025-12-04T10:47:34.093401
7891,1,7891,0.0157668404,2025-12-04T10:47:34.165909
7892,1,7892,0.0157629307,2025-12-04T10:47:34.208422
7893,1,7893,0.0157618094,2025-12-04T10:47:34.251026
7894,1,7894,0.0157594773,2025-12-04T10:47:34.270818
7895,1,7895,0.0157533716,2025-12-04T10:47:34.343806
7896,1,7896,0.0157477296,2025-12-04T10:47:34.416470
7897,1,7897,0.0157486014,2025-12-04T10:47:34.489232
7898,1,7898,0.0157531406,2025-12-04T10:47:34.531610
7899,1,7899,0.0157461296,2025-12-04T10:47:34.574058
7900,1,7900,0.0157558862,2025-12-04T10:47:34.646794
7901,1,7901,0.0159932561,2025-12-04T10:47:34.719512
7902,1,7902,0.0159891452,2025-12-04T10:47:34.792169
7903,1,7903,0.015985934,2025-12-04T10:47:34.834695
7904,1,7904,0.0159803237,2025-12-04T10:47:34.877153
7905,1,7905,0.0159724354,2025-12-04T10:47:34.897040
7906,1,7906,0.0157392006,2025-12-04T10:47:34.969839
7907,1,7907,0.0157313607,2025-12-04T10:47:35.042726
7908,1,7908,0.0156711731,2025-12-04T10:47:35.115473
7909,1,7909,0.0157202202,2025-12-04T10:47:35.157717
7910,1,7910,0.0157079063,2025-12-04T10:47:35.200217
7911,1,7911,0.0156766586,2025-12-04T10:47:35.273041
7912,1,7912,0.0146594364,2025-12-04T10:47:35.345707
7913,1,7913,0.0139524908,2025-12-04T10:47:35.418408
7914,1,7914,0.0137195112,2025-12-04T10:47:35.460856
7915,1,7915,0.0145600344,2025-12-04T10:47:35.503185
7916,1,7916,0.0138420918,2025-12-04T10:47:35.579018
7917,1,7917,0.0138057749,2025-12-04T10:47:35.651600
7918,1,7918,0.0138153964,2025-12-04T10:47:35.724394
7919,1,7919,0.0138397412,2025-12-04T10:47:35.766883
7920,1,7920,0.0137898325,2025-12-04T10:47:35.809253
7921,1,7921,0.0136823691,2025-12-04T10:47:35.829205
7922,1,7922,0.0138183413,2025-12-04T10:47:35.902220
7923,1,7923,0.0137523841,2025-12-04T10:47:35.974903
7924,1,7924,0.0137272598,2025-12-04T10:47:36.047592
7925,1,7925,0.0137809179,2025-12-04T10:47:36.090000
7926,1,7926,0.0139478063,2025-12-04T10:47:36.132470
7927,1,7927,0.0139646446,2025-12-04T10:47:36.205162
7928,1,7928,0.0139738004,2025-12-04T10:47:36.277845
7929,1,7929,0.0140007417,2025-12-04T10:47:36.320340
7930,1,7930,0.0137850921,2025-12-04T10:47:36.362750
7931,1,7931,0.0137694263,2025-12-04T10:47:36.382591
7932,1,7932,0.0139442421,2025-12-04T10:47:36.455640
7933,1,7933,0.014504332,2025-12-04T10:47:36.528355
7934,1,7934,0.0139566063,2025-12-04T10:47:36.601084
7935,1,7935,0.0139677273,2025-12-04T10:47:36.643625
7936,1,7936,0.0139679508,2025-12-04T10:47:36.686016
7937,1,7937,0.0139694986,2025-12-04T10:47:36.705714
7938,1,7938,0.0142819015,2025-12-04T10:47:36.778817
7939,1,7939,0.0139937466,2025-12-04T10:47:36.851588
7940,1,7940,0.0142063656,2025-12-04T10:47:36.924393
7941,1,7941,0.01403727,2025-12-04T10:47:36.966692
7942,1,7942,0.0140125611,2025-12-04T10:47:37.009171
7943,1,7943,0.0140178445,2025-12-04T10:47:37.081803
7944,1,7944,0.0154732074,2025-12-04T10:47:37.154617
7945,1,7945,0.015460791,2025-12-04T10:47:37.227327
7946,1,7946,0.0154664423,2025-12-04T10:47:37.269697
7947,1,7947,0.0154685247,2025-12-04T10:47:37.312269
7948,1,7948,0.0159742888,2025-12-04T10:47:37.384854
7949,1,7949,0.0159773323,2025-12-04T10:47:37.457566
7950,1,7950,0.015973391,2025-12-04T10:47:37.530211
7951,1,7951,0.0159794241,2025-12-04T10:47:37.572610
7952,1,7952,0.0159791987,2025-12-04T10:47:37.615147
7953,1,7953,0.0159792155,2025-12-04T10:47:37.634999
7954,1,7954,0.0159760527,2025-12-04T10:47:37.708121
7955,1,7955,0.0159926787,2025-12-04T10:47:37.780796
7956,1,7956,0.0160036124,2025-12-04T10:47:37.853555
7957,1,7957,0.0159993246,2025-12-04T10:47:37.895993
7958,1,7958,0.0159882754,2025-12-04T10:47:37.938324
7959,1,7959,0.0159921124,2025-12-04T10:47:38.011028
7960,1,7960,0.0159922335,2025-12-04T10:47:38.083785
7961,1,7961,0.0159898269,2025-12-04T10:47:38.156645
7962,1,7962,0.0159930828,2025-12-04T10:47:38.198869
7963,1,7963,0.0159875433,2025-12-04T10:47:38.241330
7964,1,7964,0.0159864462,2025-12-04T10:47:38.313951
7965,1,7965,0.0159882269,2025-12-04T10:47:38.386783
7966,1,7966,0.0159892085,2025-12-04T10:47:38.459439
7967,1,7967,0.015987331,2025-12-04T10:47:38.501902
7968,1,7968,0.0159859061,2025-12-04T10:47:38.544315
7969,1,7969,0.0159856434,2025-12-04T10:47:38.564117
7970,1,7970,0.0159880667,2025-12-04T10:47:38.637239
7971,1,7971,0.0159796401,2025-12-04T10:47:38.710021
7972,1,7972,0.0159789454,2025-12-04T10:47:38.782731
7973,1,7973,0.0159756839,2025-12-04T10:47:38.825444
7974,1,7974,0.0159771088,2025-12-04T10:47:38.867486
7975,1,7975,0.0159766636,2025-12-04T10:47:38.940237
7976,1,7976,0.0159673243,2025-12-04T10:47:39.013042
7977,1,7977,0.0158882923,2025-12-04T10:47:39.085725
7978,1,7978,0.015457862,2025-12-04T10:47:39.128133
7979,1,7979,0.0154593465,2025-12-04T10:47:39.170584
7980,1,7980,0.0154585689,2025-12-04T10:47:39.190601
7981,1,7981,0.0154471676,2025-12-04T10:47:39.263463
7982,1,7982,0.0154487285,2025-12-04T10:47:39.336205
7983,1,7983,0.0154153406,2025-12-04T10:47:39.408904
7984,1,7984,0.0154595356,2025-12-04T10:47:39.451328
7985,1,7985,0.0154454475,2025-12-04T10:47:39.493755
7986,1,7986,0.015441888,2025-12-04T10:47:39.566348
7987,1,7987,0.0154375126,2025-12-04T10:47:39.639184
7988,1,7988,0.0154323633,2025-12-04T10:47:39.711870
7989,1,7989,0.0152319967,2025-12-04T10:47:39.754257
7990,1,7990,0.0151634523,2025-12-04T10:47:39.796736
7991,1,7991,0.0151508431,2025-12-04T10:47:39.869368
7992,1,7992,0.0152147011,2025-12-04T10:47:39.942128
7993,1,7993,0.0151882721,2025-12-04T10:47:40.014807
7994,1,7994,0.015157327,2025-12-04T10:47:40.080467
7995,1,7995,0.0151976281,2025-12-04T10:47:40.105573
7996,1,7996,0.0151876369,2025-12-04T10:47:40.181535
7997,1,7997,0.0151834832,2025-12-04T10:47:40.254226
7998,1,7998,0.0151662537,2025-12-04T10:47:40.326977
7999,1,7999,0.0151677019,2025-12-04T10:47:40.369461
8000,1,8000,0.0151269584,2025-12-04T10:47:40.411842
8001,1,8001,0.0151122538,2025-12-04T10:47:40.431758
8002,1,8002,0.0141605883,2025-12-04T10:47:40.504733
8003,1,8003,0.013983854,2025-12-04T10:47:40.577480
8004,1,8004,0.0140381613,2025-12-04T10:47:40.650241
8005,1,8005,0.0140939941,2025-12-04T10:47:40.692591
8006,1,8006,0.0148124638,2025-12-04T10:47:40.734960
8007,1,8007,0.0149227781,2025-12-04T10:47:40.807604
8008,1,8008,0.0149298934,2025-12-04T10:47:40.880442
8009,1,8009,0.0150451185,2025-12-04T10:47:40.953182
8010,1,8010,0.0149996867,2025-12-04T10:47:40.995528
8011,1,8011,0.0149987591,2025-12-04T10:47:41.037921
8012,1,8012,0.0149955293,2025-12-04T10:47:41.057771
8013,1,8013,0.0150463767,2025-12-04T10:47:41.130925
8014,1,8014,0.0150116067,2025-12-04T10:47:41.203656
8015,1,8015,0.0150081673,2025-12-04T10:47:41.276364
8016,1,8016,0.0150077147,2025-12-04T10:47:41.318757
8017,1,8017,0.015007711,2025-12-04T10:47:41.361313
8018,1,8018,0.0149722844,2025-12-04T10:47:41.433959
8019,1,8019,0.0150310192,2025-12-04T10:47:41.506551
8020,1,8020,0.0150374341,2025-12-04T10:47:41.579274
8021,1,8021,0.0150385471,2025-12-04T10:47:41.621695
8022,1,8022,0.0150292394,2025-12-04T10:47:41.664193
8023,1,8023,0.0150319766,2025-12-04T10:47:41.736963
8024,1,8024,0.0150274094,2025-12-04T10:47:41.809698
8025,1,8025,0.0150475548,2025-12-04T10:47:41.882321
8026,1,8026,0.0149565218,2025-12-04T10:47:41.924903
8027,1,8027,0.0150683289,2025-12-04T10:47:41.967272
8028,1,8028,0.015053288,2025-12-04T10:47:41.987090
8029,1,8029,0.0150363482,2025-12-04T10:47:42.060038
8030,1,8030,0.0150472214,2025-12-04T10:47:42.132844
8031,1,8031,0.0150686083,2025-12-04T10:47:42.205571
8032,1,8032,0.0150541411,2025-12-04T10:47:42.247916
8033,1,8033,0.0150376139,2025-12-04T10:47:42.290490
8034,1,8034,0.0150497714,2025-12-04T10:47:42.363112
8035,1,8035,0.0150100123,2025-12-04T10:47:42.435824
8036,1,8036,0.0150576317,2025-12-04T10:47:42.508608
8037,1,8037,0.015068368,2025-12-04T10:47:42.550940
8038,1,8038,0.0150386346,2025-12-04T10:47:42.593483
8039,1,8039,0.0167943276,2025-12-04T10:47:42.666067
8040,1,8040,0.0168065987,2025-12-04T10:47:42.738778
8041,1,8041,0.0151608632,2025-12-04T10:47:42.811554
8042,1,8042,0.0150529704,2025-12-04T10:47:42.853941
8043,1,8043,0.0150475846,2025-12-04T10:47:42.896426
8044,1,8044,0.0150308115,2025-12-04T10:47:42.916271
8045,1,8045,0.016787244,2025-12-04T10:47:42.989396
8046,1,8046,0.0151198124,2025-12-04T10:47:43.061990
8047,1,8047,0.0150870447,2025-12-04T10:47:43.134856
8048,1,8048,0.0150623973,2025-12-04T10:47:43.177071
8049,1,8049,0.0150704495,2025-12-04T10:47:43.219615
8050,1,8050,0.0150890368,2025-12-04T10:47:43.292449
8051,1,8051,0.0151039175,2025-12-04T10:47:43.365070
8052,1,8052,0.0152137279,2025-12-04T10:47:43.437752
8053,1,8053,0.0150920376,2025-12-04T10:47:43.480196
8054,1,8054,0.0150751518,2025-12-04T10:47:43.522528
8055,1,8055,0.0150862308,2025-12-04T10:47:43.542443
8056,1,8056,0.0169692281,2025-12-04T10:47:43.615425
8057,1,8057,0.0169586669,2025-12-04T10:47:43.688264
8058,1,8058,0.0169328842,2025-12-04T10:47:43.760891
8059,1,8059,0.0169219151,2025-12-04T10:47:43.803378
8060,1,8060,0.0168959274,2025-12-04T10:47:43.845793
8061,1,8061,0.0168162137,2025-12-04T10:47:43.918496
8062,1,8062,0.0167704112,2025-12-04T10:47:43.991292
8063,1,8063,0.0150852128,2025-12-04T10:47:44.064083
8064,1,8064,0.015083204,2025-12-04T10:47:44.106392
8065,1,8065,0.0150744989,2025-12-04T10:47:44.148764
8066,1,8066,0.0150413503,2025-12-04T10:47:44.221469
8067,1,8067,0.0150384595,2025-12-04T10:47:44.294375
8068,1,8068,0.015041382,2025-12-04T10:47:44.366878
8069,1,8069,0.015041002,2025-12-04T10:47:44.409348
8070,1,8070,0.0150746637,2025-12-04T10:47:44.451804
8071,1,8071,0.015056895,2025-12-04T10:47:44.471578
8072,1,8072,0.0150392474,2025-12-04T10:47:44.544706
8073,1,8073,0.0150413447,2025-12-04T10:47:44.617493
8074,1,8074,0.0150261176,2025-12-04T10:47:44.690118
8075,1,8075,0.015044854,2025-12-04T10:47:44.732488
8076,1,8076,0.0150472568,2025-12-04T10:47:44.774950
8077,1,8077,0.0150477681,2025-12-04T10:47:44.849744
8078,1,8078,0.015026641,2025-12-04T10:47:44.922486
8079,1,8079,0.0150597086,2025-12-04T10:47:44.995059
8080,1,8080,0.0150834023,2025-12-04T10:47:45.067926
8081,1,8081,0.0150727601,2025-12-04T10:47:45.140548
8082,1,8082,0.0150666898,2025-12-04T10:47:45.183048
8083,1,8083,0.0150690479,2025-12-04T10:47:45.225538
8084,1,8084,0.0150706954,2025-12-04T10:47:45.245308
8085,1,8085,0.0150629589,2025-12-04T10:47:45.265043
8086,1,8086,0.0150619074,2025-12-04T10:47:45.284921
8087,1,8087,0.0150717496,2025-12-04T10:47:45.304753
8088,1,8088,0.0150454593,2025-12-04T10:47:45.377997
8089,1,8089,0.0150704858,2025-12-04T10:47:45.451194
8090,1,8090,0.015042725,2025-12-04T10:47:45.523348
8091,1,8091,0.015059106,2025-12-04T10:47:45.565920
8092,1,8092,0.0167494844,2025-12-04T10:47:45.608292
8093,1,8093,0.0168771706,2025-12-04T10:47:45.681075
8094,1,8094,0.0168439503,2025-12-04T10:47:45.753675
8095,1,8095,0.0168483722,2025-12-04T10:47:45.826394
8096,1,8096,0.0168478917,2025-12-04T10:47:45.868957
8097,1,8097,0.0168398693,2025-12-04T10:47:45.911305
8098,1,8098,0.0168362669,2025-12-04T10:47:45.983989
8099,1,8099,0.0168261006,2025-12-04T10:47:46.056699
8100,1,8100,0.0168261751,2025-12-04T10:47:46.129388
8101,1,8101,0.0168278831,2025-12-04T10:47:46.171813
8102,1,8102,0.0168302338,2025-12-04T10:47:46.214359
8103,1,8103,0.0168325621,2025-12-04T10:47:46.234201
8104,1,8104,0.0168326832,2025-12-04T10:47:46.307237
8105,1,8105,0.0168330315,2025-12-04T10:47:46.379895
8106,1,8106,0.0168265383,2025-12-04T10:47:46.452611
8107,1,8107,0.0168294105,2025-12-04T10:47:46.495030
8108,1,8108,0.016828902,2025-12-04T10:47:46.537476
8109,1,8109,0.0168320797,2025-12-04T10:47:46.610092
8110,1,8110,0.016830014,2025-12-04T10:47:46.682768
8111,1,8111,0.01683354,2025-12-04T10:47:46.755522
8112,1,8112,0.0168302413,2025-12-04T10:47:46.797959
8113,1,8113,0.0168320965,2025-12-04T10:47:46.840634
8114,1,8114,0.0168328154,2025-12-04T10:47:46.860605
8115,1,8115,0.0168320871,2025-12-04T10:47:46.933326
8116,1,8116,0.0168289113,2025-12-04T10:47:47.006142
8117,1,8117,0.016829783,2025-12-04T10:47:47.078695
8118,1,8118,0.0168285034,2025-12-04T10:47:47.121236
8119,1,8119,0.0168238542,2025-12-04T10:47:47.163571
8120,1,8120,0.0168221574,2025-12-04T10:47:47.236340
8121,1,8121,0.0168188512,2025-12-04T10:47:47.309093
8122,1,8122,0.0168184954,2025-12-04T10:47:47.381805
8123,1,8123,0.0168167781,2025-12-04T10:47:47.424463
8124,1,8124,0.0168183892,2025-12-04T10:47:47.466627
8125,1,8125,0.0168196875,2025-12-04T10:47:47.539234
8126,1,8126,0.0168143846,2025-12-04T10:47:47.611984
8127,1,8127,0.0168205332,2025-12-04T10:47:47.684868
8128,1,8128,0.016823491,2025-12-04T10:47:47.727214
8129,1,8129,0.0168255921,2025-12-04T10:47:47.769656
8130,1,8130,0.0168263912,2025-12-04T10:47:47.789465
8131,1,8131,0.0168148577,2025-12-04T10:47:47.862539
8132,1,8132,0.0168176293,2025-12-04T10:47:47.935241
8133,1,8133,0.0168170556,2025-12-04T10:47:48.008020
8134,1,8134,0.0168122574,2025-12-04T10:47:48.050666
8135,1,8135,0.0168141368,2025-12-04T10:47:48.092883
8136,1,8136,0.0168180987,2025-12-04T10:47:48.167474
8137,1,8137,0.0168189331,2025-12-04T10:47:48.240311
8138,1,8138,0.0168160945,2025-12-04T10:47:48.313020
8139,1,8139,0.0168165434,2025-12-04T10:47:48.355397
8140,1,8140,0.0168151706,2025-12-04T10:47:48.397892
8141,1,8141,0.0168163627,2025-12-04T10:47:48.470585
8142,1,8142,0.0168221537,2025-12-04T10:47:48.543183
8143,1,8143,0.016822461,2025-12-04T10:47:48.616016
8144,1,8144,0.0168312266,2025-12-04T10:47:48.658467
8145,1,8145,0.0168293714,2025-12-04T10:47:48.700894
8146,1,8146,0.016832089,2025-12-04T10:47:48.720759
8147,1,8147,0.0168367661,2025-12-04T10:47:48.793822
8148,1,8148,0.0168365892,2025-12-04T10:47:48.866374
8149,1,8149,0.0168335121,2025-12-04T10:47:48.939213
8150,1,8150,0.0168353542,2025-12-04T10:47:48.981675
8151,1,8151,0.0168403536,2025-12-04T10:47:49.024174
8152,1,8152,0.0168367438,2025-12-04T10:47:49.044057
8153,1,8153,0.0168314948,2025-12-04T10:47:49.117059
8154,1,8154,0.0168394371,2025-12-04T10:47:49.189632
8155,1,8155,0.0168354399,2025-12-04T10:47:49.262387
8156,1,8156,0.0168392676,2025-12-04T10:47:49.304788
8157,1,8157,0.0168336052,2025-12-04T10:47:49.347261
8158,1,8158,0.0168330948,2025-12-04T10:47:49.367088
8159,1,8159,0.0168343447,2025-12-04T10:47:49.386806
8160,1,8160,0.0168340541,2025-12-04T10:47:49.406579
8161,1,8161,0.016832197,2025-12-04T10:47:49.426561
8162,1,8162,0.0168326459,2025-12-04T10:47:49.499674
8163,1,8163,0.0168318878,2025-12-04T10:47:49.572553
8164,1,8164,0.0168355461,2025-12-04T10:47:49.645212
8165,1,8165,0.0168340168,2025-12-04T10:47:49.687584
8166,1,8166,0.0168293882,2025-12-04T10:47:49.730070
8167,1,8167,0.0168295633,2025-12-04T10:47:49.749842
8168,1,8168,0.0168251432,2025-12-04T10:47:49.822985
8169,1,8169,0.0168162658,2025-12-04T10:47:49.895660
8170,1,8170,0.0168153028,2025-12-04T10:47:49.968446
8171,1,8171,0.016805265,2025-12-04T10:47:50.042850
8172,1,8172,0.0167948454,2025-12-04T10:47:50.083541
8173,1,8173,0.016789712,2025-12-04T10:47:50.126005
8174,1,8174,0.016782945,2025-12-04T10:47:50.145988
8175,1,8175,0.0167643297,2025-12-04T10:47:50.165707
8176,1,8176,0.0167488772,2025-12-04T10:47:50.185546
8177,1,8177,0.0167647954,2025-12-04T10:47:50.205458
8178,1,8178,0.0167254526,2025-12-04T10:47:50.278560
8179,1,8179,0.0167305804,2025-12-04T10:47:50.351226
8180,1,8180,0.0151261407,2025-12-04T10:47:50.423948
8181,1,8181,0.0151310898,2025-12-04T10:47:50.466305
8182,1,8182,0.0151419378,2025-12-04T10:47:50.508731
8183,1,8183,0.015150668,2025-12-04T10:47:50.528519
8184,1,8184,0.0151452571,2025-12-04T10:47:50.601648
8185,1,8185,0.0168987885,2025-12-04T10:47:50.674350
8186,1,8186,0.0169237516,2025-12-04T10:47:50.747055
8187,1,8187,0.0169324856,2025-12-04T10:47:50.789595
8188,1,8188,0.0169322025,2025-12-04T10:47:50.831996
8189,1,8189,0.0169370174,2025-12-04T10:47:50.904660
8190,1,8190,0.0169394109,2025-12-04T10:47:50.977365
8191,1,8191,0.0169380381,2025-12-04T10:47:51.050092
8192,1,8192,0.0169412102,2025-12-04T10:47:51.092464
8193,1,8193,0.0169426687,2025-12-04T10:47:51.134877
8194,1,8194,0.0169626865,2025-12-04T10:47:51.207612
8195,1,8195,0.0169443897,2025-12-04T10:47:51.280481
8196,1,8196,0.0169467981,2025-12-04T10:47:51.353081
8197,1,8197,0.0169451497,2025-12-04T10:47:51.395464
8198,1,8198,0.0169464927,2025-12-04T10:47:51.437995
8199,1,8199,0.016947586,2025-12-04T10:47:51.457861
8200,1,8200,0.0169458054,2025-12-04T10:47:51.530885
8201,1,8201,0.0169506929,2025-12-04T10:47:51.603590
8202,1,8202,0.0169524587,2025-12-04T10:47:51.676219
8203,1,8203,0.0169907435,2025-12-04T10:47:51.718661
8204,1,8204,0.0169563889,2025-12-04T10:47:51.761158
8205,1,8205,0.016952211,2025-12-04T10:47:51.833868
8206,1,8206,0.0169524662,2025-12-04T10:47:51.906585
8207,1,8207,0.0169532857,2025-12-04T10:47:51.979194
8208,1,8208,0.016954774,2025-12-04T10:47:52.021666
8209,1,8209,0.0169528611,2025-12-04T10:47:52.064065
8210,1,8210,0.0169548615,2025-12-04T10:47:52.136815
8211,1,8211,0.0169011652,2025-12-04T10:47:52.209462
8212,1,8212,0.0169575102,2025-12-04T10:47:52.282329
8213,1,8213,0.0169567409,2025-12-04T10:47:52.324738
8214,1,8214,0.0169561319,2025-12-04T10:47:52.367207
8215,1,8215,0.0169560201,2025-12-04T10:47:52.387101
8216,1,8216,0.0169545114,2025-12-04T10:47:52.459938
8217,1,8217,0.0169535633,2025-12-04T10:47:52.532767
8218,1,8218,0.0169568639,2025-12-04T10:47:52.605506
8219,1,8219,0.0169523153,2025-12-04T10:47:52.647957
8220,1,8220,0.0169349331,2025-12-04T10:47:52.690375
8221,1,8221,0.0169657561,2025-12-04T10:47:52.762998
8222,1,8222,0.0169563572,2025-12-04T10:47:52.835833
8223,1,8223,0.0169543251,2025-12-04T10:47:52.908477
8224,1,8224,0.0169509314,2025-12-04T10:47:52.981181
8225,1,8225,0.0169550199,2025-12-04T10:47:53.023622
8226,1,8226,0.0169531982,2025-12-04T10:47:53.065980
8227,1,8227,0.0169538091,2025-12-04T10:47:53.086013
8228,1,8228,0.0169543065,2025-12-04T10:47:53.105953
8229,1,8229,0.0169540978,2025-12-04T10:47:53.125744
8230,1,8230,0.0169526375,2025-12-04T10:47:53.145489
8231,1,8231,0.0169092416,2025-12-04T10:47:53.218530
8232,1,8232,0.0169625747,2025-12-04T10:47:53.291303
8233,1,8233,0.0169547516,2025-12-04T10:47:53.363950
8234,1,8234,0.0169581472,2025-12-04T10:47:53.406569
8235,1,8235,0.0169549267,2025-12-04T10:47:53.448845
8236,1,8236,0.0169544965,2025-12-04T10:47:53.521455
8237,1,8237,0.0169533286,2025-12-04T10:47:53.594206
8238,1,8238,0.0169536415,2025-12-04T10:47:53.666987
8239,1,8239,0.0168850105,2025-12-04T10:47:53.709446
8240,1,8240,0.0169693659,2025-12-04T10:47:53.751843
8241,1,8241,0.0169627834,2025-12-04T10:47:53.771744
8242,1,8242,0.0169584937,2025-12-04T10:47:53.844737
8243,1,8243,0.0169560052,2025-12-04T10:47:53.917382
8244,1,8244,0.0169573649,2025-12-04T10:47:53.990169
8245,1,8245,0.0169562641,2025-12-04T10:47:54.032564
8246,1,8246,0.0169585049,2025-12-04T10:47:54.075192
8247,1,8247,0.0169577263,2025-12-04T10:47:54.095167
8248,1,8248,0.0169551726,2025-12-04T10:47:54.167962
8249,1,8249,0.0169802587,2025-12-04T10:47:54.240687
8250,1,8250,0.0169585011,2025-12-04T10:47:54.313417
8251,1,8251,0.0169590301,2025-12-04T10:47:54.355830
8252,1,8252,0.0169552545,2025-12-04T10:47:54.398173
8253,1,8253,0.016957432,2025-12-04T10:47:54.470990
8254,1,8254,0.0169579274,2025-12-04T10:47:54.543627
8255,1,8255,0.0169566273,2025-12-04T10:47:54.616416
8256,1,8256,0.0169601701,2025-12-04T10:47:54.658837
8257,1,8257,0.0168999843,2025-12-04T10:47:54.701256
8258,1,8258,0.0169666297,2025-12-04T10:47:54.773834
8259,1,8259,0.0169604588,2025-12-04T10:47:54.846695
8260,1,8260,0.0169596318,2025-12-04T10:47:54.919406
8261,1,8261,0.0169592201,2025-12-04T10:47:54.961810
8262,1,8262,0.0169593282,2025-12-04T10:47:55.004263
8263,1,8263,0.0169591121,2025-12-04T10:47:55.076943
8264,1,8264,0.0169578101,2025-12-04T10:47:55.149683
8265,1,8265,0.0169676505,2025-12-04T10:47:55.222460
8266,1,8266,0.0169658623,2025-12-04T10:47:55.264812
8267,1,8267,0.0169636011,2025-12-04T10:47:55.307419
8268,1,8268,0.0169621389,2025-12-04T10:47:55.327258
8269,1,8269,0.0169578064,2025-12-04T10:47:55.400096
8270,1,8270,0.0169595871,2025-12-04T10:47:55.472819
8271,1,8271,0.0169590115,2025-12-04T10:47:55.545559
8272,1,8272,0.0169588085,2025-12-04T10:47:55.588025
8273,1,8273,0.016958829,2025-12-04T10:47:55.630394
8274,1,8274,0.016896706,2025-12-04T10:47:55.704182
8275,1,8275,0.0169695299,2025-12-04T10:47:55.776865
8276,1,8276,0.0169596336,2025-12-04T10:47:55.849472
8277,1,8277,0.016961662,2025-12-04T10:47:55.891984
8278,1,8278,0.0169606748,2025-12-04T10:47:55.934380
8279,1,8279,0.0169589631,2025-12-04T10:47:55.954259
8280,1,8280,0.0169596374,2025-12-04T10:47:56.027474
8281,1,8281,0.0169566739,2025-12-04T10:47:56.100070
8282,1,8282,0.0169607456,2025-12-04T10:47:56.172818
8283,1,8283,0.0168895665,2025-12-04T10:47:56.215270
8284,1,8284,0.01697601,2025-12-04T10:47:56.257713
8285,1,8285,0.01696226,2025-12-04T10:47:56.330392
8286,1,8286,0.0169593561,2025-12-04T10:47:56.403025
8287,1,8287,0.0169631615,2025-12-04T10:47:56.475806
8288,1,8288,0.016960809,2025-12-04T10:47:56.518216
8289,1,8289,0.0169623158,2025-12-04T10:47:56.560664
8290,1,8290,0.0169606897,2025-12-04T10:47:56.580352
8291,1,8291,0.0169599615,2025-12-04T10:47:56.653602
8292,1,8292,0.0169175472,2025-12-04T10:47:56.726350
8293,1,8293,0.0169641207,2025-12-04T10:47:56.798992
8294,1,8294,0.0169643983,2025-12-04T10:47:56.841452
8295,1,8295,0.01696028,2025-12-04T10:47:56.883766
8296,1,8296,0.0169614274,2025-12-04T10:47:56.956578
8297,1,8297,0.0169597845,2025-12-04T10:47:57.029243
8298,1,8298,0.0169589407,2025-12-04T10:47:57.102004
8299,1,8299,0.0169604141,2025-12-04T10:47:57.144467
8300,1,8300,0.0169584266,2025-12-04T10:47:57.186845
8301,1,8301,0.0169749166,2025-12-04T10:47:57.259530
8302,1,8302,0.0169576089,2025-12-04T10:47:57.332408
8303,1,8303,0.0169586874,2025-12-04T10:47:57.405010
8304,1,8304,0.0169596076,2025-12-04T10:47:57.447530
8305,1,8305,0.0169590283,2025-12-04T10:47:57.489995
8306,1,8306,0.0169600266,2025-12-04T10:47:57.509927
8307,1,8307,0.0169550906,2025-12-04T10:47:57.582802
8308,1,8308,0.0169591866,2025-12-04T10:47:57.655691
8309,1,8309,0.0169913899,2025-12-04T10:47:57.728193
8310,1,8310,0.016963629,2025-12-04T10:47:57.770655
8311,1,8311,0.0169617049,2025-12-04T10:47:57.812949
8312,1,8312,0.0169596225,2025-12-04T10:47:57.887702
8313,1,8313,0.0169587526,2025-12-04T10:47:57.960368
8314,1,8314,0.016956482,2025-12-04T10:47:58.033223
8315,1,8315,0.0169597361,2025-12-04T10:47:58.075626
8316,1,8316,0.0169576741,2025-12-04T10:47:58.118148
8317,1,8317,0.0169578883,2025-12-04T10:47:58.190656
8318,1,8318,0.0169650856,2025-12-04T10:47:58.263610
8319,1,8319,0.0169589612,2025-12-04T10:47:58.336180
8320,1,8320,0.0169591736,2025-12-04T10:47:58.378627
8321,1,8321,0.0169588271,2025-12-04T10:47:58.421134
8322,1,8322,0.0169593449,2025-12-04T10:47:58.440979
8323,1,8323,0.0169593263,2025-12-04T10:47:58.513957
8324,1,8324,0.0169566962,2025-12-04T10:47:58.586692
8325,1,8325,0.0169595144,2025-12-04T10:47:58.659333
8326,1,8326,0.0169561374,2025-12-04T10:47:58.701750
8327,1,8327,0.0169698446,2025-12-04T10:47:58.744228
8328,1,8328,0.0169626101,2025-12-04T10:47:58.764074
8329,1,8329,0.0169579945,2025-12-04T10:47:58.837132
8330,1,8330,0.0169620141,2025-12-04T10:47:58.909918
8331,1,8331,0.0169523283,2025-12-04T10:47:58.982565
8332,1,8332,0.0169587377,2025-12-04T10:47:59.024991
8333,1,8333,0.0169561486,2025-12-04T10:47:59.067350
8334,1,8334,0.0169579107,2025-12-04T10:47:59.087182
8335,1,8335,0.0169593207,2025-12-04T10:47:59.107020
8336,1,8336,0.0169599112,2025-12-04T10:47:59.126676
8337,1,8337,0.0169589798,2025-12-04T10:47:59.146351
8338,1,8338,0.0169582404,2025-12-04T10:47:59.221939
8339,1,8339,0.0169612672,2025-12-04T10:47:59.294780
8340,1,8340,0.0169567782,2025-12-04T10:47:59.367390
8341,1,8341,0.0169570799,2025-12-04T10:47:59.440147
8342,1,8342,0.0169573817,2025-12-04T10:47:59.512822
8343,1,8343,0.0169565081,2025-12-04T10:47:59.555266
8344,1,8344,0.0169575195,2025-12-04T10:47:59.597582
8345,1,8345,0.0169558227,2025-12-04T10:47:59.617483
8346,1,8346,0.0169569365,2025-12-04T10:47:59.637375
8347,1,8347,0.0169590525,2025-12-04T10:47:59.657252
8348,1,8348,0.0169598851,2025-12-04T10:47:59.677139
8349,1,8349,0.0169620513,2025-12-04T10:47:59.750252
8350,1,8350,0.0169603992,2025-12-04T10:47:59.822941
8351,1,8351,0.0169584602,2025-12-04T10:47:59.895651
8352,1,8352,0.0169568266,2025-12-04T10:47:59.945761
8353,1,8353,0.0169583857,2025-12-04T10:47:59.980490
8354,1,8354,0.0169571414,2025-12-04T10:48:00.053200
8355,1,8355,0.0169577281,2025-12-04T10:48:00.125963
8356,1,8356,0.0169579088,2025-12-04T10:48:00.198601
8357,1,8357,0.0169722139,2025-12-04T10:48:00.241096
8358,1,8358,0.0169608071,2025-12-04T10:48:00.283416
8359,1,8359,0.0169591736,2025-12-04T10:48:00.356170
8360,1,8360,0.0169591996,2025-12-04T10:48:00.428953
8361,1,8361,0.0169526152,2025-12-04T10:48:00.501586
8362,1,8362,0.016956387,2025-12-04T10:48:00.544112
8363,1,8363,0.0169550105,2025-12-04T10:48:00.586505
8364,1,8364,0.0169574487,2025-12-04T10:48:00.659208
8365,1,8365,0.0169850308,2025-12-04T10:48:00.731919
8366,1,8366,0.016958002,2025-12-04T10:48:00.804666
8367,1,8367,0.016960049,2025-12-04T10:48:00.847022
8368,1,8368,0.0169575847,2025-12-04T10:48:00.889491
8369,1,8369,0.0169586632,2025-12-04T10:48:00.909249
8370,1,8370,0.0169561393,2025-12-04T10:48:00.982356
8371,1,8371,0.0169575419,2025-12-04T10:48:01.055162
8372,1,8372,0.0169584136,2025-12-04T10:48:01.127848
8373,1,8373,0.01695537,2025-12-04T10:48:01.170266
8374,1,8374,0.016914675,2025-12-04T10:48:01.212788
8375,1,8375,0.0169724225,2025-12-04T10:48:01.232634
8376,1,8376,0.0169600062,2025-12-04T10:48:01.305627
8377,1,8377,0.0169582795,2025-12-04T10:48:01.378347
8378,1,8378,0.0169548559,2025-12-04T10:48:01.451061
8379,1,8379,0.0169586669,2025-12-04T10:48:01.493467
8380,1,8380,0.0169562026,2025-12-04T10:48:01.535856
8381,1,8381,0.0169572364,2025-12-04T10:48:01.608493
8382,1,8382,0.0169592965,2025-12-04T10:48:01.681374
8383,1,8383,0.0168746542,2025-12-04T10:48:01.723764
8384,1,8384,0.0169660635,2025-12-04T10:48:01.766132
8385,1,8385,0.0169628672,2025-12-04T10:48:01.786122
8386,1,8386,0.0169616844,2025-12-04T10:48:01.859055
8387,1,8387,0.0169608145,2025-12-04T10:48:01.931763
8388,1,8388,0.0169600453,2025-12-04T10:48:02.004589
8389,1,8389,0.0169606432,2025-12-04T10:48:02.046995
8390,1,8390,0.016959235,2025-12-04T10:48:02.089337
8391,1,8391,0.0169685576,2025-12-04T10:48:02.109155
8392,1,8392,0.0169599596,2025-12-04T10:48:02.182243
8393,1,8393,0.0169696137,2025-12-04T10:48:02.254996
8394,1,8394,0.0169607643,2025-12-04T10:48:02.327755
8395,1,8395,0.0169582255,2025-12-04T10:48:02.370285
8396,1,8396,0.0169589743,2025-12-04T10:48:02.412505
8397,1,8397,0.0169556587,2025-12-04T10:48:02.485338
8398,1,8398,0.0169577281,2025-12-04T10:48:02.557963
8399,1,8399,0.0169584657,2025-12-04T10:48:02.630741
8400,1,8400,0.0169570744,2025-12-04T10:48:02.703428
8401,1,8401,0.016974952,2025-12-04T10:48:02.745845
8402,1,8402,0.0169634092,2025-12-04T10:48:02.788276
8403,1,8403,0.0169604253,2025-12-04T10:48:02.860984
8404,1,8404,0.0169593803,2025-12-04T10:48:02.933745
8405,1,8405,0.0169588588,2025-12-04T10:48:03.006397
8406,1,8406,0.0169580522,2025-12-04T10:48:03.048869
8407,1,8407,0.0169593058,2025-12-04T10:48:03.091255
8408,1,8408,0.0169599205,2025-12-04T10:48:03.163955
8409,1,8409,0.0169795528,2025-12-04T10:48:03.236761
8410,1,8410,0.0169592481,2025-12-04T10:48:03.309378
8411,1,8411,0.0169593449,2025-12-04T10:48:03.351827
8412,1,8412,0.0169615577,2025-12-04T10:48:03.394338
8413,1,8413,0.0169612336,2025-12-04T10:48:03.414251
8414,1,8414,0.0169574115,2025-12-04T10:48:03.487258
8415,1,8415,0.0169603098,2025-12-04T10:48:03.559871
8416,1,8416,0.016957676,2025-12-04T10:48:03.632535
8417,1,8417,0.0169546175,2025-12-04T10:48:03.705309
8418,1,8418,0.0169766191,2025-12-04T10:48:03.747724
8419,1,8419,0.0169603284,2025-12-04T10:48:03.790181
8420,1,8420,0.0169585812,2025-12-04T10:48:03.810095
8421,1,8421,0.0169583037,2025-12-04T10:48:03.829819
8422,1,8422,0.0169557649,2025-12-04T10:48:03.849634
8423,1,8423,0.0169543102,2025-12-04T10:48:03.924402
8424,1,8424,0.0169581416,2025-12-04T10:48:03.997100
8425,1,8425,0.0169538781,2025-12-04T10:48:04.070149
8426,1,8426,0.016957093,2025-12-04T10:48:04.112361
8427,1,8427,0.0169549454,2025-12-04T10:48:04.154796
8428,1,8428,0.0169570781,2025-12-04T10:48:04.174731
8429,1,8429,0.0169965755,2025-12-04T10:48:04.247836
8430,1,8430,0.0169565398,2025-12-04T10:48:04.320445
8431,1,8431,0.0169569253,2025-12-04T10:48:04.393131
8432,1,8432,0.0169556606,2025-12-04T10:48:04.435468
8433,1,8433,0.016958598,2025-12-04T10:48:04.477926
8434,1,8434,0.0169575363,2025-12-04T10:48:04.550731
8435,1,8435,0.0169565565,2025-12-04T10:48:04.623412
8436,1,8436,0.0169571936,2025-12-04T10:48:04.696143
8437,1,8437,0.0169129185,2025-12-04T10:48:04.738536
8438,1,8438,0.0169703736,2025-12-04T10:48:04.781103
8439,1,8439,0.0169635359,2025-12-04T10:48:04.802299
8440,1,8440,0.0169575139,2025-12-04T10:48:04.873820
8441,1,8441,0.0169556569,2025-12-04T10:48:04.946626
8442,1,8442,0.0169519148,2025-12-04T10:48:05.019467
8443,1,8443,0.0169562865,2025-12-04T10:48:05.061812
8444,1,8444,0.0169520154,2025-12-04T10:48:05.104156
8445,1,8445,0.0169534012,2025-12-04T10:48:05.123859
8446,1,8446,0.0169537495,2025-12-04T10:48:05.143697
8447,1,8447,0.0169544871,2025-12-04T10:48:05.163633
8448,1,8448,0.0169519074,2025-12-04T10:48:05.183426
8449,1,8449,0.0169838089,2025-12-04T10:48:05.258728
8450,1,8450,0.0169603582,2025-12-04T10:48:05.331438
8451,1,8451,0.0169529747,2025-12-04T10:48:05.404145
8452,1,8452,0.0169553142,2025-12-04T10:48:05.446650
8453,1,8453,0.016955398,2025-12-04T10:48:05.489057
8454,1,8454,0.0169548895,2025-12-04T10:48:05.508823
8455,1,8455,0.0169555228,2025-12-04T10:48:05.581938
8456,1,8456,0.0169534888,2025-12-04T10:48:05.654615
8457,1,8457,0.0168902575,2025-12-04T10:48:05.727312
8458,1,8458,0.0169643759,2025-12-04T10:48:05.769798
8459,1,8459,0.0169587731,2025-12-04T10:48:05.812175
8460,1,8460,0.0169568303,2025-12-04T10:48:05.884929
8461,1,8461,0.0169569365,2025-12-04T10:48:05.957574
8462,1,8462,0.0169583074,2025-12-04T10:48:06.030360
8463,1,8463,0.0169573966,2025-12-04T10:48:06.072705
8464,1,8464,0.0169588252,2025-12-04T10:48:06.115154
8465,1,8465,0.0169577598,2025-12-04T10:48:06.135020
8466,1,8466,0.0169546864,2025-12-04T10:48:06.208125
8467,1,8467,0.0169669426,2025-12-04T10:48:06.280767
8468,1,8468,0.0169554445,2025-12-04T10:48:06.353577
8469,1,8469,0.0169537849,2025-12-04T10:48:06.435112
8470,1,8470,0.0169549547,2025-12-04T10:48:06.470971
8471,1,8471,0.0169564876,2025-12-04T10:48:06.511342
8472,1,8472,0.0169565062,2025-12-04T10:48:06.531361
8473,1,8473,0.0169559996,2025-12-04T10:48:06.551039
8474,1,8474,0.0169550515,2025-12-04T10:48:06.570780
8475,1,8475,0.0169541519,2025-12-04T10:48:06.590676
8476,1,8476,0.0169579163,2025-12-04T10:48:06.663571
8477,1,8477,0.0168687012,2025-12-04T10:48:06.736424
8478,1,8478,0.016960809,2025-12-04T10:48:06.809155
8479,1,8479,0.0169561877,2025-12-04T10:48:06.851477
8480,1,8480,0.0169564262,2025-12-04T10:48:06.893945
8481,1,8481,0.0169571377,2025-12-04T10:48:06.913873
8482,1,8482,0.0169548261,2025-12-04T10:48:06.986778
8483,1,8483,0.016955018,2025-12-04T10:48:07.059575
8484,1,8484,0.0169572364,2025-12-04T10:48:07.132412
8485,1,8485,0.0169557593,2025-12-04T10:48:07.175645
8486,1,8486,0.0169575177,2025-12-04T10:48:07.217248
8487,1,8487,0.0169654451,2025-12-04T10:48:07.289754
8488,1,8488,0.01695971,2025-12-04T10:48:07.362514
8489,1,8489,0.0169567316,2025-12-04T10:48:07.435488
8490,1,8490,0.0169568657,2025-12-04T10:48:07.477688
8491,1,8491,0.0169556047,2025-12-04T10:48:07.520327
8492,1,8492,0.0169555507,2025-12-04T10:48:07.592701
8493,1,8493,0.0169568117,2025-12-04T10:48:07.665462
8494,1,8494,0.0168684553,2025-12-04T10:48:07.738211
8495,1,8495,0.0169714801,2025-12-04T10:48:07.780668
8496,1,8496,0.0169604104,2025-12-04T10:48:07.823045
8497,1,8497,0.0169596187,2025-12-04T10:48:07.842895
8498,1,8498,0.0169556457,2025-12-04T10:48:07.916028
8499,1,8499,0.0169565193,2025-12-04T10:48:07.988746
8500,1,8500,0.0169607661,2025-12-04T10:48:08.061457
8501,1,8501,0.0169533994,2025-12-04T10:48:08.103974
8502,1,8502,0.016955506,2025-12-04T10:48:08.146265
8503,1,8503,0.0169560294,2025-12-04T10:48:08.219058
8504,1,8504,0.0169620737,2025-12-04T10:48:08.291704
8505,1,8505,0.0169562567,2025-12-04T10:48:08.334136
8506,1,8506,0.0169557314,2025-12-04T10:48:08.376540
8507,1,8507,0.0169578175,2025-12-04T10:48:08.396404
8508,1,8508,0.0169569589,2025-12-04T10:48:08.416311
8509,1,8509,0.0169546939,2025-12-04T10:48:08.488696
8510,1,8510,0.0169553961,2025-12-04T10:48:08.561375
8511,1,8511,0.0169552545,2025-12-04T10:48:08.634113
8512,1,8512,0.0169536005,2025-12-04T10:48:08.676506
8513,1,8513,0.0169547852,2025-12-04T10:48:08.719085
8514,1,8514,0.0169589612,2025-12-04T10:48:08.791720
8515,1,8515,0.0169575661,2025-12-04T10:48:08.864404
8516,1,8516,0.0169548373,2025-12-04T10:48:08.937219
8517,1,8517,0.0169542115,2025-12-04T10:48:08.979513
8518,1,8518,0.0169527214,2025-12-04T10:48:09.021951
8519,1,8519,0.0169548187,2025-12-04T10:48:09.094678
8520,1,8520,0.0169536806,2025-12-04T10:48:09.167377
8521,1,8521,0.0169437192,2025-12-04T10:48:09.240130
8522,1,8522,0.0169627498,2025-12-04T10:48:09.282548
8523,1,8523,0.0169564373,2025-12-04T10:48:09.324943
8524,1,8524,0.0169569291,2025-12-04T10:48:09.344858
8525,1,8525,0.0169541295,2025-12-04T10:48:09.417851
8526,1,8526,0.0169551279,2025-12-04T10:48:09.490605
8527,1,8527,0.0169564187,2025-12-04T10:48:09.533061
8528,1,8528,0.0169539805,2025-12-04T10:48:09.575461
8529,1,8529,0.0169538259,2025-12-04T10:48:09.595384
8530,1,8530,0.0169548075,2025-12-04T10:48:09.668298
8531,1,8531,0.0169415231,2025-12-04T10:48:09.741014
8532,1,8532,0.016959114,2025-12-04T10:48:09.783504
8533,1,8533,0.0169572066,2025-12-04T10:48:09.825937
8534,1,8534,0.016956035,2025-12-04T10:48:09.845846
8535,1,8535,0.0169585533,2025-12-04T10:48:09.918933
8536,1,8536,0.0169565994,2025-12-04T10:48:09.991519
8537,1,8537,0.0169568937,2025-12-04T10:48:10.064246
8538,1,8538,0.0169559828,2025-12-04T10:48:10.106644
8539,1,8539,0.016956713,2025-12-04T10:48:10.149057
8540,1,8540,0.0169554166,2025-12-04T10:48:10.168861
8541,1,8541,0.0169336572,2025-12-04T10:48:10.242020
8542,1,8542,0.0169582441,2025-12-04T10:48:10.314744
8543,1,8543,0.0169553421,2025-12-04T10:48:10.387449
8544,1,8544,0.016956551,2025-12-04T10:48:10.429924
8545,1,8545,0.0169558599,2025-12-04T10:48:10.472332
8546,1,8546,0.0169546287,2025-12-04T10:48:10.545083
8547,1,8547,0.0169551335,2025-12-04T10:48:10.617724
8548,1,8548,0.0169525053,2025-12-04T10:48:10.690469
8549,1,8549,0.0169550888,2025-12-04T10:48:10.732862
8550,1,8550,0.016954353,2025-12-04T10:48:10.775332
8551,1,8551,0.0169578045,2025-12-04T10:48:10.795060
8552,1,8552,0.0169542506,2025-12-04T10:48:10.868382
8553,1,8553,0.0169551149,2025-12-04T10:48:10.941006
8554,1,8554,0.0169606525,2025-12-04T10:48:11.014576
8555,1,8555,0.0169575866,2025-12-04T10:48:11.056619
8556,1,8556,0.0169568751,2025-12-04T10:48:11.098503
8557,1,8557,0.0169547256,2025-12-04T10:48:11.171250
8558,1,8558,0.0169521812,2025-12-04T10:48:11.243918
8559,1,8559,0.016954137,2025-12-04T10:48:11.316657
8560,1,8560,0.0169529933,2025-12-04T10:48:11.359048
8561,1,8561,0.0169525742,2025-12-04T10:48:11.401585
8562,1,8562,0.0169518478,2025-12-04T10:48:11.476252
8563,1,8563,0.0169517584,2025-12-04T10:48:11.549024
8564,1,8564,0.0169490929,2025-12-04T10:48:11.621652
8565,1,8565,0.0169512201,2025-12-04T10:48:11.664003
8566,1,8566,0.016950244,2025-12-04T10:48:11.706536
8567,1,8567,0.0169510543,2025-12-04T10:48:11.726375
8568,1,8568,0.0169515144,2025-12-04T10:48:11.799448
8569,1,8569,0.0169494617,2025-12-04T10:48:11.872168
8570,1,8570,0.0169504899,2025-12-04T10:48:11.944802
8571,1,8571,0.0169484019,2025-12-04T10:48:11.987334
8572,1,8572,0.0169510804,2025-12-04T10:48:12.029738
8573,1,8573,0.0169501341,2025-12-04T10:48:12.102584
8574,1,8574,0.0169494375,2025-12-04T10:48:12.175223
8575,1,8575,0.0169501136,2025-12-04T10:48:12.247896
8576,1,8576,0.0169509109,2025-12-04T10:48:12.290289
8577,1,8577,0.0169518757,2025-12-04T10:48:12.332616
8578,1,8578,0.0169506277,2025-12-04T10:48:12.352463
8579,1,8579,0.0169487893,2025-12-04T10:48:12.425695
8580,1,8580,0.0169507358,2025-12-04T10:48:12.498403
8581,1,8581,0.0169491115,2025-12-04T10:48:12.571018
8582,1,8582,0.0169496312,2025-12-04T10:48:12.613531
8583,1,8583,0.0169505067,2025-12-04T10:48:12.656036
8584,1,8584,0.0169511903,2025-12-04T10:48:12.728653
8585,1,8585,0.0169490594,2025-12-04T10:48:12.801517
8586,1,8586,0.0169496648,2025-12-04T10:48:12.874096
8587,1,8587,0.016950896,2025-12-04T10:48:12.916511
8588,1,8588,0.0169510245,2025-12-04T10:48:12.959016
8589,1,8589,0.016952075,2025-12-04T10:48:13.031626
8590,1,8590,0.0169525817,2025-12-04T10:48:13.104396
8591,1,8591,0.0169519223,2025-12-04T10:48:13.177079
8592,1,8592,0.0169506911,2025-12-04T10:48:13.219486
8593,1,8593,0.0169475171,2025-12-04T10:48:13.261816
8594,1,8594,0.0169515106,2025-12-04T10:48:13.281609
8595,1,8595,0.0169479567,2025-12-04T10:48:13.354776
8596,1,8596,0.0169466082,2025-12-04T10:48:13.427646
8597,1,8597,0.0169521011,2025-12-04T10:48:13.500316
8598,1,8598,0.0169508755,2025-12-04T10:48:13.542782
8599,1,8599,0.0169539209,2025-12-04T10:48:13.585239
8600,1,8600,0.0169526357,2025-12-04T10:48:13.657798
8601,1,8601,0.0169086251,2025-12-04T10:48:13.730583
8602,1,8602,0.0169576946,2025-12-04T10:48:13.773006
8603,1,8603,0.0169556271,2025-12-04T10:48:13.815317
8604,1,8604,0.0169538147,2025-12-04T10:48:13.835263
8605,1,8605,0.016953798,2025-12-04T10:48:13.908354
8606,1,8606,0.0169546771,2025-12-04T10:48:13.981006
8607,1,8607,0.0169583372,2025-12-04T10:48:14.053767
8608,1,8608,0.0169545654,2025-12-04T10:48:14.096227
8609,1,8609,0.0169510878,2025-12-04T10:48:14.138645
8610,1,8610,0.016952591,2025-12-04T10:48:14.211290
8611,1,8611,0.0169623848,2025-12-04T10:48:14.284102
8612,1,8612,0.0169545058,2025-12-04T10:48:14.356724
8613,1,8613,0.0169546641,2025-12-04T10:48:14.399232
8614,1,8614,0.0169523507,2025-12-04T10:48:14.441639
8615,1,8615,0.0169533193,2025-12-04T10:48:14.461501
8616,1,8616,0.0169531796,2025-12-04T10:48:14.534611
8617,1,8617,0.0169519949,2025-12-04T10:48:14.607142
8618,1,8618,0.0169518385,2025-12-04T10:48:14.679969
8619,1,8619,0.0169248804,2025-12-04T10:48:14.722389
8620,1,8620,0.016983442,2025-12-04T10:48:14.764767
8621,1,8621,0.0169547088,2025-12-04T10:48:14.837494
8622,1,8622,0.016953811,2025-12-04T10:48:14.910303
8623,1,8623,0.0169563516,2025-12-04T10:48:14.982969
8624,1,8624,0.0169546436,2025-12-04T10:48:15.025400
8625,1,8625,0.0169536396,2025-12-04T10:48:15.067872
8626,1,8626,0.0169522948,2025-12-04T10:48:15.143497
8627,1,8627,0.0169546734,2025-12-04T10:48:15.216296
8628,1,8628,0.0169658977,2025-12-04T10:48:15.289003
8629,1,8629,0.0169575344,2025-12-04T10:48:15.331493
8630,1,8630,0.0169557463,2025-12-04T10:48:15.373862
8631,1,8631,0.0169553421,2025-12-04T10:48:15.393824
8632,1,8632,0.0169528182,2025-12-04T10:48:15.466813
8633,1,8633,0.0169515088,2025-12-04T10:48:15.539378
8634,1,8634,0.0169515106,2025-12-04T10:48:15.612349
8635,1,8635,0.0169529877,2025-12-04T10:48:15.654635
8636,1,8636,0.0169522296,2025-12-04T10:48:15.697001
8637,1,8637,0.0170009881,2025-12-04T10:48:15.769767
8638,1,8638,0.0169564262,2025-12-04T10:48:15.842484
8639,1,8639,0.0169527865,2025-12-04T10:48:15.915185
8640,1,8640,0.0169515684,2025-12-04T10:48:15.957621
8641,1,8641,0.0169538687,2025-12-04T10:48:16.000162
8642,1,8642,0.0169545765,2025-12-04T10:48:16.020301
8643,1,8643,0.0169514287,2025-12-04T10:48:16.092993
8644,1,8644,0.0169532876,2025-12-04T10:48:16.165668
8645,1,8645,0.0168700646,2025-12-04T10:48:16.238392
8646,1,8646,0.0169844403,2025-12-04T10:48:16.280705
8647,1,8647,0.0169592164,2025-12-04T10:48:16.323166
8648,1,8648,0.0169561877,2025-12-04T10:48:16.343047
8649,1,8649,0.0169542692,2025-12-04T10:48:16.362979
8650,1,8650,0.0169539358,2025-12-04T10:48:16.383269
8651,1,8651,0.0169524941,2025-12-04T10:48:16.403527
8652,1,8652,0.0169516932,2025-12-04T10:48:16.476786
8653,1,8653,0.0169530119,2025-12-04T10:48:16.549533
8654,1,8654,0.0169495083,2025-12-04T10:48:16.622245
8655,1,8655,0.0169526506,2025-12-04T10:48:16.664605
8656,1,8656,0.016951058,2025-12-04T10:48:16.706974
8657,1,8657,0.0169245582,2025-12-04T10:48:16.727339
8658,1,8658,0.0169655811,2025-12-04T10:48:16.800107
8659,1,8659,0.0169539209,2025-12-04T10:48:16.873158
8660,1,8660,0.0169536136,2025-12-04T10:48:16.945675
8661,1,8661,0.0169511195,2025-12-04T10:48:16.988469
8662,1,8662,0.0169513076,2025-12-04T10:48:17.030439
8663,1,8663,0.0169509388,2025-12-04T10:48:17.103424
8664,1,8664,0.0169504117,2025-12-04T10:48:17.176112
8665,1,8665,0.0168961398,2025-12-04T10:48:17.248879
8666,1,8666,0.0169547554,2025-12-04T10:48:17.321576
8667,1,8667,0.0169509202,2025-12-04T10:48:17.394444
8668,1,8668,0.0169516131,2025-12-04T10:48:17.436677
8669,1,8669,0.0169528257,2025-12-04T10:48:17.478679
8670,1,8670,0.0169533789,2025-12-04T10:48:17.499195
8671,1,8671,0.0169508401,2025-12-04T10:48:17.519374
8672,1,8672,0.0169504433,2025-12-04T10:48:17.539640
8673,1,8673,0.0169493742,2025-12-04T10:48:17.611993
8674,1,8674,0.0169492494,2025-12-04T10:48:17.684762
8675,1,8675,0.016983278,2025-12-04T10:48:17.757812
8676,1,8676,0.0169560313,2025-12-04T10:48:17.800903
8677,1,8677,0.0169518068,2025-12-04T10:48:17.842780
8678,1,8678,0.0169509891,2025-12-04T10:48:17.863109
8679,1,8679,0.0169513933,2025-12-04T10:48:17.935138
8680,1,8680,0.0169516392,2025-12-04T10:48:18.008011
8681,1,8681,0.016949078,2025-12-04T10:48:18.080568
8682,1,8682,0.0169501844,2025-12-04T10:48:18.153351
8683,1,8683,0.0169510114,2025-12-04T10:48:18.195975
8684,1,8684,0.0168814845,2025-12-04T10:48:18.238672
8685,1,8685,0.0169759243,2025-12-04T10:48:18.259197
8686,1,8686,0.0169552173,2025-12-04T10:48:18.280094
8687,1,8687,0.0169525351,2025-12-04T10:48:18.300277
8688,1,8688,0.016950719,2025-12-04T10:48:18.376013
8689,1,8689,0.0169512983,2025-12-04T10:48:18.448347
8690,1,8690,0.0169423818,2025-12-04T10:48:18.521573
8691,1,8691,0.0169501174,2025-12-04T10:48:18.563755
8692,1,8692,0.0169494729,2025-12-04T10:48:18.606301
8693,1,8693,0.0169498883,2025-12-04T10:48:18.626804
8694,1,8694,0.0169496182,2025-12-04T10:48:18.698929
8695,1,8695,0.0169603154,2025-12-04T10:48:18.772020
8696,1,8696,0.0169515497,2025-12-04T10:48:18.844342
8697,1,8697,0.0169498976,2025-12-04T10:48:18.886813
8698,1,8698,0.0169504024,2025-12-04T10:48:18.929415
8699,1,8699,0.0169507078,2025-12-04T10:48:18.949584
8700,1,8700,0.0169492661,2025-12-04T10:48:19.022572
8701,1,8701,0.0169475413,2025-12-04T10:48:19.094680
8702,1,8702,0.0169472619,2025-12-04T10:48:19.167363
8703,1,8703,0.016949106,2025-12-04T10:48:19.210081
8704,1,8704,0.0169641766,2025-12-04T10:48:19.252183
8705,1,8705,0.0169510655,2025-12-04T10:48:19.324974
8706,1,8706,0.0169516634,2025-12-04T10:48:19.398084
8707,1,8707,0.0169497895,2025-12-04T10:48:19.470780
8708,1,8708,0.016949797,2025-12-04T10:48:19.512792
8709,1,8709,0.0169470645,2025-12-04T10:48:19.555771
8710,1,8710,0.0169479008,2025-12-04T10:48:19.628127
8711,1,8711,0.0169476214,2025-12-04T10:48:19.700728
8712,1,8712,0.0169569477,2025-12-04T10:48:19.773936
8713,1,8713,0.0169525668,2025-12-04T10:48:19.816210
8714,1,8714,0.0169511083,2025-12-04T10:48:19.858801
8715,1,8715,0.0169503726,2025-12-04T10:48:19.878929
8716,1,8716,0.0169484782,2025-12-04T10:48:19.951156
8717,1,8717,0.0169488303,2025-12-04T10:48:20.024481
8718,1,8718,0.0169509351,2025-12-04T10:48:20.096991
8719,1,8719,0.0169472061,2025-12-04T10:48:20.139580
8720,1,8720,0.0169481039,2025-12-04T10:48:20.181759
8721,1,8721,0.0169670097,2025-12-04T10:48:20.254708
8722,1,8722,0.0169497989,2025-12-04T10:48:20.327346
8723,1,8723,0.0169497542,2025-12-04T10:48:20.400184
8724,1,8724,0.01695057,2025-12-04T10:48:20.442407
8725,1,8725,0.01695198,2025-12-04T10:48:20.484430
8726,1,8726,0.0169489141,2025-12-04T10:48:20.557640
8727,1,8727,0.0169501937,2025-12-04T10:48:20.630420
8728,1,8728,0.0169498641,2025-12-04T10:48:20.702902
8729,1,8729,0.0169526021,2025-12-04T10:48:20.775791
8730,1,8730,0.0169495269,2025-12-04T10:48:20.817774
8731,1,8731,0.0169486273,2025-12-04T10:48:20.860676
8732,1,8732,0.0169497039,2025-12-04T10:48:20.880746
8733,1,8733,0.0169500485,2025-12-04T10:48:20.900751
8734,1,8734,0.0169482398,2025-12-04T10:48:20.920732
8735,1,8735,0.016948305,2025-12-04T10:48:20.941025
8736,1,8736,0.01694878,2025-12-04T10:48:20.961709
8737,1,8737,0.0169497877,2025-12-04T10:48:21.033941
8738,1,8738,0.0169498249,2025-12-04T10:48:21.107097
8739,1,8739,0.0169512238,2025-12-04T10:48:21.149845
8740,1,8740,0.0169495157,2025-12-04T10:48:21.191913
8741,1,8741,0.0169494263,2025-12-04T10:48:21.212210
8742,1,8742,0.0169503204,2025-12-04T10:48:21.284363
8743,1,8743,0.0169479344,2025-12-04T10:48:21.357531
8744,1,8744,0.0169501993,2025-12-04T10:48:21.430288
8745,1,8745,0.0169474668,2025-12-04T10:48:21.472792
8746,1,8746,0.0169483292,2025-12-04T10:48:21.515215
8747,1,8747,0.0169485695,2025-12-04T10:48:21.587882
8748,1,8748,0.0169485695,2025-12-04T10:48:21.660749
8749,1,8749,0.0169471185,2025-12-04T10:48:21.732839
8750,1,8750,0.0169481243,2025-12-04T10:48:21.776970
8751,1,8751,0.0169489309,2025-12-04T10:48:21.817615
8752,1,8752,0.0169497393,2025-12-04T10:48:21.837561
8753,1,8753,0.0169480293,2025-12-04T10:48:21.910614
8754,1,8754,0.0169490836,2025-12-04T10:48:21.983658
8755,1,8755,0.016947152,2025-12-04T10:48:22.056068
8756,1,8756,0.0169481579,2025-12-04T10:48:22.098929
8757,1,8757,0.0169455707,2025-12-04T10:48:22.141243
8758,1,8758,0.0169526115,2025-12-04T10:48:22.214019
8759,1,8759,0.0169473439,2025-12-04T10:48:22.286618
8760,1,8760,0.016948061,2025-12-04T10:48:22.359109
8761,1,8761,0.0169502403,2025-12-04T10:48:22.401335
8762,1,8762,0.0169487167,2025-12-04T10:48:22.444571
8763,1,8763,0.0169479083,2025-12-04T10:48:22.464821
8764,1,8764,0.0169489234,2025-12-04T10:48:22.538101
8765,1,8765,0.0169496368,2025-12-04T10:48:22.610753
8766,1,8766,0.0169485844,2025-12-04T10:48:22.683352
8767,1,8767,0.0169802177,2025-12-04T10:48:22.726036
8768,1,8768,0.0169496294,2025-12-04T10:48:22.768136
8769,1,8769,0.0169441122,2025-12-04T10:48:22.840902
8770,1,8770,0.0169461295,2025-12-04T10:48:22.914396
8771,1,8771,0.0169467832,2025-12-04T10:48:22.986698
8772,1,8772,0.0169483218,2025-12-04T10:48:23.029108
8773,1,8773,0.016948631,2025-12-04T10:48:23.071460
8774,1,8774,0.0169478692,2025-12-04T10:48:23.144796
8775,1,8775,0.0169234573,2025-12-04T10:48:23.217460
8776,1,8776,0.0169462841,2025-12-04T10:48:23.290156
8777,1,8777,0.0169467944,2025-12-04T10:48:23.332835
8778,1,8778,0.0169462263,2025-12-04T10:48:23.375029
8779,1,8779,0.0169476047,2025-12-04T10:48:23.394764
8780,1,8780,0.0169475171,2025-12-04T10:48:23.467873
8781,1,8781,0.0169447567,2025-12-04T10:48:23.541160
8782,1,8782,0.0169479213,2025-12-04T10:48:23.613749
8783,1,8783,0.0169387254,2025-12-04T10:48:23.655955
8784,1,8784,0.0169476345,2025-12-04T10:48:23.699200
8785,1,8785,0.0169515088,2025-12-04T10:48:23.771539
8786,1,8786,0.0169485826,2025-12-04T10:48:23.844018
8787,1,8787,0.0169487614,2025-12-04T10:48:23.916593
8788,1,8788,0.0169468522,2025-12-04T10:48:23.959471
8789,1,8789,0.0169489253,2025-12-04T10:48:24.001305
8790,1,8790,0.0169465076,2025-12-04T10:48:24.074080
8791,1,8791,0.0169466231,2025-12-04T10:48:24.147073
8792,1,8792,0.016872365,2025-12-04T10:48:24.219943
8793,1,8793,0.0169561691,2025-12-04T10:48:24.261783
8794,1,8794,0.0169517751,2025-12-04T10:48:24.304654
8795,1,8795,0.0169503521,2025-12-04T10:48:24.379344
8796,1,8796,0.0169510748,2025-12-04T10:48:24.451990
8797,1,8797,0.0169471986,2025-12-04T10:48:24.524436
8798,1,8798,0.0169495586,2025-12-04T10:48:24.566762
8799,1,8799,0.0169458314,2025-12-04T10:48:24.609935
8800,1,8800,0.0169467255,2025-12-04T10:48:24.629934
8801,1,8801,0.0169471893,2025-12-04T10:48:24.703594
8802,1,8802,0.0169528555,2025-12-04T10:48:24.776068
8803,1,8803,0.0169491749,2025-12-04T10:48:24.849251
8804,1,8804,0.0169465914,2025-12-04T10:48:24.891617
8805,1,8805,0.0169487874,2025-12-04T10:48:24.933448
8806,1,8806,0.016948983,2025-12-04T10:48:24.953700
8807,1,8807,0.0169475004,2025-12-04T10:48:25.026732
8808,1,8808,0.0169733427,2025-12-04T10:48:25.099416
8809,1,8809,0.0169746167,2025-12-04T10:48:25.171916
8810,1,8810,0.016932927,2025-12-04T10:48:25.215044
8811,1,8811,0.0169900897,2025-12-04T10:48:25.257216
8812,1,8812,0.0169812422,2025-12-04T10:48:25.329716
8813,1,8813,0.0169848594,2025-12-04T10:48:25.402734
8814,1,8814,0.0169915016,2025-12-04T10:48:25.475422
8815,1,8815,0.0170012451,2025-12-04T10:48:25.517727
8816,1,8816,0.017004773,2025-12-04T10:48:25.560245
8817,1,8817,0.0170251559,2025-12-04T10:48:25.632455
8818,1,8818,0.0170700978,2025-12-04T10:48:25.705727
8819,1,8819,0.0170829202,2025-12-04T10:48:25.777831
8820,1,8820,0.0170815605,2025-12-04T10:48:25.820561
8821,1,8821,0.017080523,2025-12-04T10:48:25.863189
8822,1,8822,0.0170803926,2025-12-04T10:48:25.883155
8823,1,8823,0.0170840974,2025-12-04T10:48:25.955965
8824,1,8824,0.0170852728,2025-12-04T10:48:26.028783
8825,1,8825,0.0170876719,2025-12-04T10:48:26.101415
8826,1,8826,0.0170885156,2025-12-04T10:48:26.144296
8827,1,8827,0.0170912519,2025-12-04T10:48:26.186060
8828,1,8828,0.0170886944,2025-12-04T10:48:26.206677
8829,1,8829,0.0170957595,2025-12-04T10:48:26.279434
8830,1,8830,0.0170930903,2025-12-04T10:48:26.352338
8831,1,8831,0.0170900411,2025-12-04T10:48:26.424689
8832,1,8832,0.0170925017,2025-12-04T10:48:26.466630
8833,1,8833,0.0170898381,2025-12-04T10:48:26.509587
8834,1,8834,0.0170902311,2025-12-04T10:48:26.530233
8835,1,8835,0.0170918926,2025-12-04T10:48:26.550111
8836,1,8836,0.0170912556,2025-12-04T10:48:26.570024
8837,1,8837,0.0170920919,2025-12-04T10:48:26.589894
8838,1,8838,0.0170905161,2025-12-04T10:48:26.663844
8839,1,8839,0.0170867294,2025-12-04T10:48:26.736842
8840,1,8840,0.0170944575,2025-12-04T10:48:26.809425
8841,1,8841,0.017096322,2025-12-04T10:48:26.851806
8842,1,8842,0.0170931108,2025-12-04T10:48:26.894256
8843,1,8843,0.0170937888,2025-12-04T10:48:26.914771
8844,1,8844,0.0170935858,2025-12-04T10:48:26.987269
8845,1,8845,0.0170929301,2025-12-04T10:48:27.059629
8846,1,8846,0.0170921683,2025-12-04T10:48:27.132398
8847,1,8847,0.0170928724,2025-12-04T10:48:27.205551
8848,1,8848,0.0171041507,2025-12-04T10:48:27.278038
8849,1,8849,0.0170949175,2025-12-04T10:48:27.350843
8850,1,8850,0.0170938242,2025-12-04T10:48:27.423741
8851,1,8851,0.0170934759,2025-12-04T10:48:27.495879
8852,1,8852,0.0170930102,2025-12-04T10:48:27.538268
8853,1,8853,0.0170928277,2025-12-04T10:48:27.581427
8854,1,8854,0.0170951355,2025-12-04T10:48:27.653733
8855,1,8855,0.0170219298,2025-12-04T10:48:27.726369
8856,1,8856,0.0170988775,2025-12-04T10:48:27.798867
8857,1,8857,0.0170941632,2025-12-04T10:48:27.841899
8858,1,8858,0.0170956719,2025-12-04T10:48:27.883984
8859,1,8859,0.0170940309,2025-12-04T10:48:27.904445
8860,1,8860,0.0170920453,2025-12-04T10:48:27.976682
8861,1,8861,0.0170937683,2025-12-04T10:48:28.049469
8862,1,8862,0.0170933902,2025-12-04T10:48:28.122600
8863,1,8863,0.0170942395,2025-12-04T10:48:28.165417
8864,1,8864,0.0170933734,2025-12-04T10:48:28.207225
8865,1,8865,0.0171076375,2025-12-04T10:48:28.281250
8866,1,8866,0.0170974507,2025-12-04T10:48:28.353860
8867,1,8867,0.0170912668,2025-12-04T10:48:28.426622
8868,1,8868,0.0170937571,2025-12-04T10:48:28.468957
8869,1,8869,0.0170905888,2025-12-04T10:48:28.511324
8870,1,8870,0.0170923713,2025-12-04T10:48:28.583473
8871,1,8871,0.017093243,2025-12-04T10:48:28.656152
8872,1,8872,0.0170206129,2025-12-04T10:48:28.728959
8873,1,8873,0.0171134434,2025-12-04T10:48:28.771510
8874,1,8874,0.0170988421,2025-12-04T10:48:28.813905
8875,1,8875,0.0170971862,2025-12-04T10:48:28.833867
8876,1,8876,0.0170952361,2025-12-04T10:48:28.907115
8877,1,8877,0.0170952454,2025-12-04T10:48:28.979945
8878,1,8878,0.017094817,2025-12-04T10:48:29.052771
8879,1,8879,0.0170933138,2025-12-04T10:48:29.094648
8880,1,8880,0.0170964356,2025-12-04T10:48:29.137385
8881,1,8881,0.0170919727,2025-12-04T10:48:29.210027
8882,1,8882,0.017102614,2025-12-04T10:48:29.282498
8883,1,8883,0.0170975401,2025-12-04T10:48:29.355071
8884,1,8884,0.0170948579,2025-12-04T10:48:29.397707
8885,1,8885,0.01709407,2025-12-04T10:48:29.440115
8886,1,8886,0.0170939099,2025-12-04T10:48:29.514827
8887,1,8887,0.0170964952,2025-12-04T10:48:29.587494
8888,1,8888,0.0170921236,2025-12-04T10:48:29.660158
8889,1,8889,0.0170964039,2025-12-04T10:48:29.703134
8890,1,8890,0.0171112511,2025-12-04T10:48:29.745466
8891,1,8891,0.0171070098,2025-12-04T10:48:29.765363
8892,1,8892,0.0170975141,2025-12-04T10:48:29.838270
8893,1,8893,0.0170925576,2025-12-04T10:48:29.911231
8894,1,8894,0.0170952454,2025-12-04T10:48:29.983983
8895,1,8895,0.0170929301,2025-12-04T10:48:30.026325
8896,1,8896,0.0170942414,2025-12-04T10:48:30.068660
8897,1,8897,0.017094044,2025-12-04T10:48:30.141222
8898,1,8898,0.0170938409,2025-12-04T10:48:30.214435
8899,1,8899,0.0170986913,2025-12-04T10:48:30.286534
8900,1,8900,0.0170954316,2025-12-04T10:48:30.328849
8901,1,8901,0.0170961972,2025-12-04T10:48:30.371356
8902,1,8902,0.0170938689,2025-12-04T10:48:30.391210
8903,1,8903,0.0170934163,2025-12-04T10:48:30.464219
8904,1,8904,0.0170950833,2025-12-04T10:48:30.536882
8905,1,8905,0.0170920323,2025-12-04T10:48:30.609626
8906,1,8906,0.0170970521,2025-12-04T10:48:30.652110
8907,1,8907,0.0170944128,2025-12-04T10:48:30.694515
8908,1,8908,0.01709266,2025-12-04T10:48:30.767177
8909,1,8909,0.017094342,2025-12-04T10:48:30.839916
8910,1,8910,0.017100308,2025-12-04T10:48:30.912652
8911,1,8911,0.0170939583,2025-12-04T10:48:30.985518
8912,1,8912,0.0170928798,2025-12-04T10:48:31.027844
8913,1,8913,0.0170982871,2025-12-04T10:48:31.070528
8914,1,8914,0.0170943755,2025-12-04T10:48:31.090473
8915,1,8915,0.0170911736,2025-12-04T10:48:31.110406
8916,1,8916,0.0170917659,2025-12-04T10:48:31.130740
8917,1,8917,0.0170932374,2025-12-04T10:48:31.150681
8918,1,8918,0.0170932374,2025-12-04T10:48:31.224063
8919,1,8919,0.0170927066,2025-12-04T10:48:31.297109
8920,1,8920,0.0170924216,2025-12-04T10:48:31.369518
8921,1,8921,0.017095115,2025-12-04T10:48:31.411970
8922,1,8922,0.017095454,2025-12-04T10:48:31.454371
8923,1,8923,0.017095603,2025-12-04T10:48:31.474823
8924,1,8924,0.0170921999,2025-12-04T10:48:31.547686
8925,1,8925,0.0170945059,2025-12-04T10:48:31.619983
8926,1,8926,0.0170927736,2025-12-04T10:48:31.692981
8927,1,8927,0.0170936454,2025-12-04T10:48:31.735335
8928,1,8928,0.0170897748,2025-12-04T10:48:31.777153
8929,1,8929,0.0170904137,2025-12-04T10:48:31.797423
8930,1,8930,0.017089961,2025-12-04T10:48:31.817653
8931,1,8931,0.0170955788,2025-12-04T10:48:31.837996
8932,1,8932,0.0170921646,2025-12-04T10:48:31.858351
8933,1,8933,0.0170919802,2025-12-04T10:48:31.931801
8934,1,8934,0.0170932374,2025-12-04T10:48:32.005051
8935,1,8935,0.0170898437,2025-12-04T10:48:32.077389
8936,1,8936,0.0170939955,2025-12-04T10:48:32.120224
8937,1,8937,0.0170902982,2025-12-04T10:48:32.161995
8938,1,8938,0.0170908607,2025-12-04T10:48:32.181981
8939,1,8939,0.0170907713,2025-12-04T10:48:32.255375
8940,1,8940,0.0170894935,2025-12-04T10:48:32.327893
8941,1,8941,0.0170972775,2025-12-04T10:48:32.400510
8942,1,8942,0.0170712582,2025-12-04T10:48:32.442920
8943,1,8943,0.0170932374,2025-12-04T10:48:32.485163
8944,1,8944,0.0170932766,2025-12-04T10:48:32.505030
8945,1,8945,0.0170894451,2025-12-04T10:48:32.578494
8946,1,8946,0.0170933455,2025-12-04T10:48:32.651351
8947,1,8947,0.0170925687,2025-12-04T10:48:32.723991
8948,1,8948,0.0170923676,2025-12-04T10:48:32.796800
8949,1,8949,0.0170918311,2025-12-04T10:48:32.869591
8950,1,8950,0.0170941613,2025-12-04T10:48:32.942404
8951,1,8951,0.0170913785,2025-12-04T10:48:33.014595
8952,1,8952,0.0170914195,2025-12-04T10:48:33.057591
8953,1,8953,0.0170909818,2025-12-04T10:48:33.099485
8954,1,8954,0.0170924235,2025-12-04T10:48:33.120138
8955,1,8955,0.0170920621,2025-12-04T10:48:33.192188
8956,1,8956,0.0170907899,2025-12-04T10:48:33.264951
8957,1,8957,0.0170942917,2025-12-04T10:48:33.337855
8958,1,8958,0.0170932468,2025-12-04T10:48:33.380731
8959,1,8959,0.0170959122,2025-12-04T10:48:33.422856
8960,1,8960,0.017092444,2025-12-04T10:48:33.443279
8961,1,8961,0.0170900076,2025-12-04T10:48:33.515847
8962,1,8962,0.0170912221,2025-12-04T10:48:33.588655
8963,1,8963,0.0170876774,2025-12-04T10:48:33.661021
8964,1,8964,0.0170894023,2025-12-04T10:48:33.703724
8965,1,8965,0.0170909911,2025-12-04T10:48:33.745669
8966,1,8966,0.0170902982,2025-12-04T10:48:33.819000
8967,1,8967,0.0170837249,2025-12-04T10:48:33.891131
8968,1,8968,0.0170903112,2025-12-04T10:48:33.963848
8969,1,8969,0.0170919001,2025-12-04T10:48:34.006219
8970,1,8970,0.0170923694,2025-12-04T10:48:34.048765
8971,1,8971,0.0170912221,2025-12-04T10:48:34.121325
8972,1,8972,0.0170864965,2025-12-04T10:48:34.194201
8973,1,8973,0.0170864798,2025-12-04T10:48:34.267324
8974,1,8974,0.0170862153,2025-12-04T10:48:34.309121
8975,1,8975,0.0170861147,2025-12-04T10:48:34.352132
8976,1,8976,0.0170887261,2025-12-04T10:48:34.372315
8977,1,8977,0.0170890688,2025-12-04T10:48:34.444624
8978,1,8978,0.0170876737,2025-12-04T10:48:34.517744
8979,1,8979,0.017090382,2025-12-04T10:48:34.590567
8980,1,8980,0.0170899499,2025-12-04T10:48:34.632553
8981,1,8981,0.0170407854,2025-12-04T10:48:34.675940
8982,1,8982,0.0170942489,2025-12-04T10:48:34.747535
8983,1,8983,0.0170928742,2025-12-04T10:48:34.820811
8984,1,8984,0.017089311,2025-12-04T10:48:34.893032
8985,1,8985,0.0170897915,2025-12-04T10:48:34.935726
8986,1,8986,0.0170862637,2025-12-04T10:48:34.978489
8987,1,8987,0.0170901548,2025-12-04T10:48:35.050644
8988,1,8988,0.017090151,2025-12-04T10:48:35.124051
8989,1,8989,0.0170644316,2025-12-04T10:48:35.196832
8990,1,8990,0.017101204,2025-12-04T10:48:35.238466
8991,1,8991,0.0170939769,2025-12-04T10:48:35.280873
8992,1,8992,0.0170935019,2025-12-04T10:48:35.301013
8993,1,8993,0.0170873105,2025-12-04T10:48:35.374361
8994,1,8994,0.0170874893,2025-12-04T10:48:35.446618
8995,1,8995,0.0170902647,2025-12-04T10:48:35.519812
8996,1,8996,0.0170869864,2025-12-04T10:48:35.562153
8997,1,8997,0.0170888137,2025-12-04T10:48:35.604944
8998,1,8998,0.0170413497,2025-12-04T10:48:35.677171
8999,1,8999,0.0170991457,2025-12-04T10:48:35.749619
9000,1,9000,0.0170929711,2025-12-04T10:48:35.822658
9001,1,9001,0.0170895699,2025-12-04T10:48:35.864604
9002,1,9002,0.0170901101,2025-12-04T10:48:35.907572
9003,1,9003,0.0170856434,2025-12-04T10:48:35.982948
9004,1,9004,0.0170852802,2025-12-04T10:48:36.055726
9005,1,9005,0.0170823242,2025-12-04T10:48:36.128797
9006,1,9006,0.0170817617,2025-12-04T10:48:36.171179
9007,1,9007,0.0171186719,2025-12-04T10:48:36.213582
9008,1,9008,0.0170927122,2025-12-04T10:48:36.233772
9009,1,9009,0.0170813482,2025-12-04T10:48:36.306483
9010,1,9010,0.0170749519,2025-12-04T10:48:36.378849
9011,1,9011,0.0170742925,2025-12-04T10:48:36.451501
9012,1,9012,0.0170721337,2025-12-04T10:48:36.494365
9013,1,9013,0.0170759428,2025-12-04T10:48:36.536667
9014,1,9014,0.0170724671,2025-12-04T10:48:36.609298
9015,1,9015,0.0170117747,2025-12-04T10:48:36.682142
9016,1,9016,0.0170780792,2025-12-04T10:48:36.755056
9017,1,9017,0.0170720648,2025-12-04T10:48:36.797029
9018,1,9018,0.0170706249,2025-12-04T10:48:36.840014
9019,1,9019,0.017069621,2025-12-04T10:48:36.860018
9020,1,9020,0.0170681793,2025-12-04T10:48:36.933338
9021,1,9021,0.0170696116,2025-12-04T10:48:37.006413
9022,1,9022,0.0170652884,2025-12-04T10:48:37.079264
9023,1,9023,0.0170666575,2025-12-04T10:48:37.121453
9024,1,9024,0.017065037,2025-12-04T10:48:37.163626
9025,1,9025,0.0170808397,2025-12-04T10:48:37.236339
9026,1,9026,0.017066311,2025-12-04T10:48:37.308861
9027,1,9027,0.0170646551,2025-12-04T10:48:37.381993
9028,1,9028,0.0170641541,2025-12-04T10:48:37.424748
9029,1,9029,0.0170628968,2025-12-04T10:48:37.466844
9030,1,9030,0.0170647837,2025-12-04T10:48:37.539176
9031,1,9031,0.0170617476,2025-12-04T10:48:37.611817
9032,1,9032,0.0170003473,2025-12-04T10:48:37.685133
9033,1,9033,0.0170888528,2025-12-04T10:48:37.727162
9034,1,9034,0.0170684531,2025-12-04T10:48:37.770034
9035,1,9035,0.0170667394,2025-12-04T10:48:37.789985
9036,1,9036,0.0170611534,2025-12-04T10:48:37.863146
9037,1,9037,0.017059395,2025-12-04T10:48:37.935746
9038,1,9038,0.0170587282,2025-12-04T10:48:38.007919
9039,1,9039,0.0170582961,2025-12-04T10:48:38.050501
9040,1,9040,0.0170578025,2025-12-04T10:48:38.093228
9041,1,9041,0.0170565191,2025-12-04T10:48:38.167006
9042,1,9042,0.0170829575,2025-12-04T10:48:38.239277
9043,1,9043,0.0170584283,2025-12-04T10:48:38.312762
9044,1,9044,0.0170582458,2025-12-04T10:48:38.354243
9045,1,9045,0.0170558262,2025-12-04T10:48:38.396826
9046,1,9046,0.0170570183,2025-12-04T10:48:38.469838
9047,1,9047,0.0170539245,2025-12-04T10:48:38.542764
9048,1,9048,0.0170519966,2025-12-04T10:48:38.615220
9049,1,9049,0.0169905219,2025-12-04T10:48:38.688132
9050,1,9050,0.0170690789,2025-12-04T10:48:38.760317
9051,1,9051,0.0170588716,2025-12-04T10:48:38.803045
9052,1,9052,0.0170554872,2025-12-04T10:48:38.846107
9053,1,9053,0.0170555971,2025-12-04T10:48:38.866289
9054,1,9054,0.0170551761,2025-12-04T10:48:38.886595
9055,1,9055,0.0170563794,2025-12-04T10:48:38.906650
9056,1,9056,0.0170532446,2025-12-04T10:48:38.979530
9057,1,9057,0.0170546062,2025-12-04T10:48:39.052728
9058,1,9058,0.0170549172,2025-12-04T10:48:39.124771
9059,1,9059,0.0170550774,2025-12-04T10:48:39.167361
9060,1,9060,0.0170226991,2025-12-04T10:48:39.209672
9061,1,9061,0.0170779675,2025-12-04T10:48:39.229525
9062,1,9062,0.0170725267,2025-12-04T10:48:39.302609
9063,1,9063,0.0170703604,2025-12-04T10:48:39.375392
9064,1,9064,0.0170710235,2025-12-04T10:48:39.448406
9065,1,9065,0.0170742888,2025-12-04T10:48:39.490521
9066,1,9066,0.0170735288,2025-12-04T10:48:39.533877
9067,1,9067,0.0170737057,2025-12-04T10:48:39.554198
9068,1,9068,0.0170734059,2025-12-04T10:48:39.627117
9069,1,9069,0.0170111451,2025-12-04T10:48:39.699936
9070,1,9070,0.0170874949,2025-12-04T10:48:39.772875
9071,1,9071,0.0170784983,2025-12-04T10:48:39.815088
9072,1,9072,0.0170752592,2025-12-04T10:48:39.857343
9073,1,9073,0.0170744974,2025-12-04T10:48:39.929880
9074,1,9074,0.0170751977,2025-12-04T10:48:40.002919
9075,1,9075,0.017074624,2025-12-04T10:48:40.075807
9076,1,9076,0.0170762296,2025-12-04T10:48:40.118094
9077,1,9077,0.0170759689,2025-12-04T10:48:40.160657
9078,1,9078,0.017111415,2025-12-04T10:48:40.233235
9079,1,9079,0.0170807056,2025-12-04T10:48:40.305983
9080,1,9080,0.0170759893,2025-12-04T10:48:40.378422
9081,1,9081,0.0170760191,2025-12-04T10:48:40.421188
9082,1,9082,0.0170743893,2025-12-04T10:48:40.463384
9083,1,9083,0.0170748177,2025-12-04T10:48:40.483411
9084,1,9084,0.0170757491,2025-12-04T10:48:40.556044
9085,1,9085,0.0170736052,2025-12-04T10:48:40.628836
9086,1,9086,0.0170077532,2025-12-04T10:48:40.701671
9087,1,9087,0.0170791354,2025-12-04T10:48:40.744721
9088,1,9088,0.017078232,2025-12-04T10:48:40.786798
9089,1,9089,0.0170740634,2025-12-04T10:48:40.859427
9090,1,9090,0.0170724354,2025-12-04T10:48:40.932161
9091,1,9091,0.0170726515,2025-12-04T10:48:40.974581
9092,1,9092,0.0170715376,2025-12-04T10:48:41.017216
9093,1,9093,0.0170709863,2025-12-04T10:48:41.037734
9094,1,9094,0.0170683618,2025-12-04T10:48:41.109992
9095,1,9095,0.0170684289,2025-12-04T10:48:41.182432
9096,1,9096,0.0170726031,2025-12-04T10:48:41.255537
9097,1,9097,0.0170691572,2025-12-04T10:48:41.297435
9098,1,9098,0.0170704275,2025-12-04T10:48:41.339851
9099,1,9099,0.0170693751,2025-12-04T10:48:41.359694
9100,1,9100,0.0170686766,2025-12-04T10:48:41.432710
9101,1,9101,0.0170689281,2025-12-04T10:48:41.505782
9102,1,9102,0.017066827,2025-12-04T10:48:41.578724
9103,1,9103,0.0170666053,2025-12-04T10:48:41.621133
9104,1,9104,0.0170653872,2025-12-04T10:48:41.663106
9105,1,9105,0.0170705877,2025-12-04T10:48:41.736163
9106,1,9106,0.0170672014,2025-12-04T10:48:41.808874
9107,1,9107,0.0170655101,2025-12-04T10:48:41.881717
9108,1,9108,0.0170645322,2025-12-04T10:48:41.923970
9109,1,9109,0.0170657485,2025-12-04T10:48:41.966175
9110,1,9110,0.017067084,2025-12-04T10:48:41.986107
9111,1,9111,0.0170651879,2025-12-04T10:48:42.059507
9112,1,9112,0.0170654822,2025-12-04T10:48:42.132115
9113,1,9113,0.0170713495,2025-12-04T10:48:42.204518
9114,1,9114,0.0170695781,2025-12-04T10:48:42.247184
9115,1,9115,0.0170675981,2025-12-04T10:48:42.290010
9116,1,9116,0.0170652214,2025-12-04T10:48:42.361972
9117,1,9117,0.0170662943,2025-12-04T10:48:42.435039
9118,1,9118,0.0170650966,2025-12-04T10:48:42.507930
9119,1,9119,0.0170654803,2025-12-04T10:48:42.550263
9120,1,9120,0.0170648284,2025-12-04T10:48:42.592626
9121,1,9121,0.0170653425,2025-12-04T10:48:42.667324
9122,1,9122,0.0170722696,2025-12-04T10:48:42.740117
9123,1,9123,0.0170669052,2025-12-04T10:48:42.812386
9124,1,9124,0.0170673541,2025-12-04T10:48:42.855236
9125,1,9125,0.0170668736,2025-12-04T10:48:42.897644
9126,1,9126,0.0170656703,2025-12-04T10:48:42.918239
9127,1,9127,0.0170626509,2025-12-04T10:48:42.990252
9128,1,9128,0.0170630849,2025-12-04T10:48:43.062956
9129,1,9129,0.0170682184,2025-12-04T10:48:43.136182
9130,1,9130,0.0170636139,2025-12-04T10:48:43.178724
9131,1,9131,0.0170650668,2025-12-04T10:48:43.220541
9132,1,9132,0.0170667432,2025-12-04T10:48:43.293544
9133,1,9133,0.017063748,2025-12-04T10:48:43.365967
9134,1,9134,0.0170647725,2025-12-04T10:48:43.439032
9135,1,9135,0.0170632023,2025-12-04T10:48:43.481410
9136,1,9136,0.0170640125,2025-12-04T10:48:43.523818
9137,1,9137,0.017063843,2025-12-04T10:48:43.543958
9138,1,9138,0.0170608032,2025-12-04T10:48:43.616772
9139,1,9139,0.0170623138,2025-12-04T10:48:43.689258
9140,1,9140,0.0170627962,2025-12-04T10:48:43.761850
9141,1,9141,0.0170627925,2025-12-04T10:48:43.804744
9142,1,9142,0.0170599743,2025-12-04T10:48:43.846788
9143,1,9143,0.0170621089,2025-12-04T10:48:43.919828
9144,1,9144,0.0170614775,2025-12-04T10:48:43.992175
9145,1,9145,0.0170599371,2025-12-04T10:48:44.065283
9146,1,9146,0.017060576,2025-12-04T10:48:44.107607
9147,1,9147,0.0170601122,2025-12-04T10:48:44.149892
9148,1,9148,0.0170592777,2025-12-04T10:48:44.223169
9149,1,9149,0.0170576721,2025-12-04T10:48:44.295140
9150,1,9150,0.0170582719,2025-12-04T10:48:44.368301
9151,1,9151,0.0170564763,2025-12-04T10:48:44.410485
9152,1,9152,0.0170530192,2025-12-04T10:48:44.453005
9153,1,9153,0.0170534867,2025-12-04T10:48:44.473012
9154,1,9154,0.0170511677,2025-12-04T10:48:44.545398
9155,1,9155,0.017052317,2025-12-04T10:48:44.618355
9156,1,9156,0.0170520357,2025-12-04T10:48:44.690868
9157,1,9157,0.0170520544,2025-12-04T10:48:44.733395
9158,1,9158,0.0170519836,2025-12-04T10:48:44.775731
9159,1,9159,0.017047869,2025-12-04T10:48:44.848886
9160,1,9160,0.0170397963,2025-12-04T10:48:44.921737
9161,1,9161,0.0170256141,2025-12-04T10:48:44.994714
9162,1,9162,0.0170140191,2025-12-04T10:48:45.036889
9163,1,9163,0.0170069821,2025-12-04T10:48:45.078793
9164,1,9164,0.0169860143,2025-12-04T10:48:45.152001
9165,1,9165,0.0169456358,2025-12-04T10:48:45.224376
9166,1,9166,0.0169118251,2025-12-04T10:48:45.297363
9167,1,9167,0.016914349,2025-12-04T10:48:45.339900
9168,1,9168,0.016913576,2025-12-04T10:48:45.382227
9169,1,9169,0.0169202387,2025-12-04T10:48:45.455219
9170,1,9170,0.0169057939,2025-12-04T10:48:45.527352
9171,1,9171,0.0169117543,2025-12-04T10:48:45.600832
9172,1,9172,0.0169116072,2025-12-04T10:48:45.642943
9173,1,9173,0.0169129893,2025-12-04T10:48:45.685473
9174,1,9174,0.0169131681,2025-12-04T10:48:45.705412
9175,1,9175,0.0169111583,2025-12-04T10:48:45.778766
9176,1,9176,0.0169165041,2025-12-04T10:48:45.851943
9177,1,9177,0.0169149078,2025-12-04T10:48:45.924055
9178,1,9178,0.0169156882,2025-12-04T10:48:45.967070
9179,1,9179,0.0169154889,2025-12-04T10:48:46.009507
9180,1,9180,0.0169159006,2025-12-04T10:48:46.084198
9181,1,9181,0.0169165693,2025-12-04T10:48:46.156639
9182,1,9182,0.0169151965,2025-12-04T10:48:46.229297
9183,1,9183,0.0169151183,2025-12-04T10:48:46.272305
9184,1,9184,0.0169174131,2025-12-04T10:48:46.314392
9185,1,9185,0.016914891,2025-12-04T10:48:46.387295
9186,1,9186,0.0169164314,2025-12-04T10:48:46.459597
9187,1,9187,0.0169173646,2025-12-04T10:48:46.502462
9188,1,9188,0.0169176254,2025-12-04T10:48:46.544687
9189,1,9189,0.0169183164,2025-12-04T10:48:46.564716
9190,1,9190,0.0169170722,2025-12-04T10:48:46.585236
9191,1,9191,0.0169169772,2025-12-04T10:48:46.657503
9192,1,9192,0.0169175583,2025-12-04T10:48:46.730254
9193,1,9193,0.0169164389,2025-12-04T10:48:46.803300
9194,1,9194,0.0169127341,2025-12-04T10:48:46.845310
9195,1,9195,0.0169147513,2025-12-04T10:48:46.887868
9196,1,9196,0.016915461,2025-12-04T10:48:46.960733
9197,1,9197,0.0169147253,2025-12-04T10:48:47.033785
9198,1,9198,0.0169181525,2025-12-04T10:48:47.106410
9199,1,9199,0.016917508,2025-12-04T10:48:47.148795
9200,1,9200,0.0169209968,2025-12-04T10:48:47.191208
9201,1,9201,0.0169178582,2025-12-04T10:48:47.266891
9202,1,9202,0.016939491,2025-12-04T10:48:47.339873
9203,1,9203,0.0169181711,2025-12-04T10:48:47.412056
9204,1,9204,0.0169199127,2025-12-04T10:48:47.455017
9205,1,9205,0.0169186741,2025-12-04T10:48:47.496723
9206,1,9206,0.0169190205,2025-12-04T10:48:47.516937
9207,1,9207,0.0169210452,2025-12-04T10:48:47.590022
9208,1,9208,0.0169173907,2025-12-04T10:48:47.662378
9209,1,9209,0.0169208701,2025-12-04T10:48:47.704803
9210,1,9210,0.0169181153,2025-12-04T10:48:47.747627
9211,1,9211,0.0169178564,2025-12-04T10:48:47.768080
9212,1,9212,0.0169203914,2025-12-04T10:48:47.840624
9213,1,9213,0.0169186685,2025-12-04T10:48:47.913259
9214,1,9214,0.0169146806,2025-12-04T10:48:47.985786
9215,1,9215,0.0169127527,2025-12-04T10:48:48.028085
9216,1,9216,0.0169165078,2025-12-04T10:48:48.070593
9217,1,9217,0.016915705,2025-12-04T10:48:48.090550
9218,1,9218,0.016919244,2025-12-04T10:48:48.163714
9219,1,9219,0.0169203765,2025-12-04T10:48:48.236156
9220,1,9220,0.0169161744,2025-12-04T10:48:48.309274
9221,1,9221,0.0169388148,2025-12-04T10:48:48.351462
9222,1,9222,0.0169265624,2025-12-04T10:48:48.394106
9223,1,9223,0.0169221442,2025-12-04T10:48:48.466859
9224,1,9224,0.0169222522,2025-12-04T10:48:48.539593
9225,1,9225,0.0169199798,2025-12-04T10:48:48.612242
9226,1,9226,0.0169186536,2025-12-04T10:48:48.654844
9227,1,9227,0.0169197358,2025-12-04T10:48:48.696740
9228,1,9228,0.0169194396,2025-12-04T10:48:48.769807
9229,1,9229,0.0168594177,2025-12-04T10:48:48.842508
9230,1,9230,0.0169269684,2025-12-04T10:48:48.915129
9231,1,9231,0.0169242043,2025-12-04T10:48:48.957616
9232,1,9232,0.0169222019,2025-12-04T10:48:49.000192
9233,1,9233,0.0169219318,2025-12-04T10:48:49.020022
9234,1,9234,0.0169204808,2025-12-04T10:48:49.093259
9235,1,9235,0.0169178247,2025-12-04T10:48:49.165446
9236,1,9236,0.0169229861,2025-12-04T10:48:49.238693
9237,1,9237,0.0169230271,2025-12-04T10:48:49.280472
9238,1,9238,0.0169214904,2025-12-04T10:48:49.323150
9239,1,9239,0.0169371198,2025-12-04T10:48:49.395972
9240,1,9240,0.0169264376,2025-12-04T10:48:49.468804
9241,1,9241,0.0169221814,2025-12-04T10:48:49.541314
9242,1,9242,0.0169209763,2025-12-04T10:48:49.583352
9243,1,9243,0.0169234182,2025-12-04T10:48:49.626762
9244,1,9244,0.0169238243,2025-12-04T10:48:49.699122
9245,1,9245,0.0169224776,2025-12-04T10:48:49.771545
9246,1,9246,0.0168616063,2025-12-04T10:48:49.843871
9247,1,9247,0.0169359762,2025-12-04T10:48:49.916611
9248,1,9248,0.016923733,2025-12-04T10:48:49.989367
9249,1,9249,0.0169239845,2025-12-04T10:48:50.031751
9250,1,9250,0.0169232673,2025-12-04T10:48:50.074301
9251,1,9251,0.0169230904,2025-12-04T10:48:50.094165
9252,1,9252,0.0169222056,2025-12-04T10:48:50.114004
9253,1,9253,0.0169219207,2025-12-04T10:48:50.133917
9254,1,9254,0.0169224832,2025-12-04T10:48:50.154192
9255,1,9255,0.0169214736,2025-12-04T10:48:50.227104
9256,1,9256,0.0169208049,2025-12-04T10:48:50.299538
9257,1,9257,0.0169269684,2025-12-04T10:48:50.372707
9258,1,9258,0.016935734,2025-12-04T10:48:50.415199
9259,1,9259,0.0169279389,2025-12-04T10:48:50.457032
9260,1,9260,0.0169244892,2025-12-04T10:48:50.476897
9261,1,9261,0.0169202238,2025-12-04T10:48:50.550333
9262,1,9262,0.0169240385,2025-12-04T10:48:50.629145
9263,1,9263,0.0169241465,2025-12-04T10:48:50.695801
9264,1,9264,0.0169183574,2025-12-04T10:48:50.738330
9265,1,9265,0.0169188305,2025-12-04T10:48:50.780389
9266,1,9266,0.0168745182,2025-12-04T10:48:50.853650
9267,1,9267,0.0169349405,2025-12-04T10:48:50.926318
9268,1,9268,0.0169239975,2025-12-04T10:48:50.998962
9269,1,9269,0.0169218443,2025-12-04T10:48:51.041254
9270,1,9270,0.0169210396,2025-12-04T10:48:51.083740
9271,1,9271,0.0169234126,2025-12-04T10:48:51.156004
9272,1,9272,0.0169172566,2025-12-04T10:48:51.229022
9273,1,9273,0.0169193837,2025-12-04T10:48:51.301842
9274,1,9274,0.0169789716,2025-12-04T10:48:51.375105
9275,1,9275,0.0169222708,2025-12-04T10:48:51.447335
9276,1,9276,0.0169241838,2025-12-04T10:48:51.520041
9277,1,9277,0.0169242024,2025-12-04T10:48:51.593093
9278,1,9278,0.0169238112,2025-12-04T10:48:51.665456
9279,1,9279,0.0169250816,2025-12-04T10:48:51.707703
9280,1,9280,0.0169298984,2025-12-04T10:48:51.750504
9281,1,9281,0.0169340465,2025-12-04T10:48:51.770524
9282,1,9282,0.0168517753,2025-12-04T10:48:51.843268
9283,1,9283,0.0169338844,2025-12-04T10:48:51.916085
9284,1,9284,0.0169396158,2025-12-04T10:48:51.988415
9285,1,9285,0.0169618949,2025-12-04T10:48:52.030576
9286,1,9286,0.0169610902,2025-12-04T10:48:52.073429
9287,1,9287,0.0169591382,2025-12-04T10:48:52.145997
9288,1,9288,0.0169528704,2025-12-04T10:48:52.218920
9289,1,9289,0.0169587377,2025-12-04T10:48:52.291294
9290,1,9290,0.0169823616,2025-12-04T10:48:52.364455
9291,1,9291,0.016963955,2025-12-04T10:48:52.406739
9292,1,9292,0.0169597808,2025-12-04T10:48:52.449477
9293,1,9293,0.016959358,2025-12-04T10:48:52.521521
9294,1,9294,0.0169576462,2025-12-04T10:48:52.594229
9295,1,9295,0.0169558897,2025-12-04T10:48:52.667366
9296,1,9296,0.0169544816,2025-12-04T10:48:52.709739
9297,1,9297,0.0169562175,2025-12-04T10:48:52.751825
9298,1,9298,0.0169541183,2025-12-04T10:48:52.825185
9299,1,9299,0.0169602334,2025-12-04T10:48:52.897551
9300,1,9300,0.0169583261,2025-12-04T10:48:52.970357
9301,1,9301,0.0169554241,2025-12-04T10:48:53.012733
9302,1,9302,0.0169566422,2025-12-04T10:48:53.055306
9303,1,9303,0.0169556718,2025-12-04T10:48:53.075283
9304,1,9304,0.0169499255,2025-12-04T10:48:53.148357
9305,1,9305,0.0169537886,2025-12-04T10:48:53.220527
9306,1,9306,0.0169547162,2025-12-04T10:48:53.293304
9307,1,9307,0.016961731,2025-12-04T10:48:53.365949
9308,1,9308,0.0169584359,2025-12-04T10:48:53.409299
9309,1,9309,0.0169605053,2025-12-04T10:48:53.451179
9310,1,9310,0.0169607158,2025-12-04T10:48:53.471503
9311,1,9311,0.0169600956,2025-12-04T10:48:53.492404
9312,1,9312,0.0169572811,2025-12-04T10:48:53.512475
9313,1,9313,0.0169572215,2025-12-04T10:48:53.585607
9314,1,9314,0.0169605538,2025-12-04T10:48:53.657867
9315,1,9315,0.0169601142,2025-12-04T10:48:53.730982
9316,1,9316,0.0169581845,2025-12-04T10:48:53.773154
9317,1,9317,0.0169598553,2025-12-04T10:48:53.815942
9318,1,9318,0.0169605687,2025-12-04T10:48:53.836466
9319,1,9319,0.0169575922,2025-12-04T10:48:53.909046
9320,1,9320,0.0169627834,2025-12-04T10:48:53.981309
9321,1,9321,0.016964063,2025-12-04T10:48:54.053616
9322,1,9322,0.0169631987,2025-12-04T10:48:54.096478
9323,1,9323,0.0169680956,2025-12-04T10:48:54.138832
9324,1,9324,0.0169624611,2025-12-04T10:48:54.211672
9325,1,9325,0.0169648621,2025-12-04T10:48:54.284442
9326,1,9326,0.0169634111,2025-12-04T10:48:54.356866
9327,1,9327,0.0169620029,2025-12-04T10:48:54.399704
9328,1,9328,0.016951343,2025-12-04T10:48:54.442386
9329,1,9329,0.0169661343,2025-12-04T10:48:54.518629
9330,1,9330,0.0169648844,2025-12-04T10:48:54.591418
9331,1,9331,0.0169633813,2025-12-04T10:48:54.664286
9332,1,9332,0.0169664807,2025-12-04T10:48:54.706499
9333,1,9333,0.0169677995,2025-12-04T10:48:54.749157
9334,1,9334,0.0169664304,2025-12-04T10:48:54.769699
9335,1,9335,0.0169657822,2025-12-04T10:48:54.842638
9336,1,9336,0.016964104,2025-12-04T10:48:54.915555
9337,1,9337,0.0169665776,2025-12-04T10:48:54.988379
9338,1,9338,0.0169613324,2025-12-04T10:48:55.030399
9339,1,9339,0.0169643871,2025-12-04T10:48:55.073181
9340,1,9340,0.0169613063,2025-12-04T10:48:55.145981
9341,1,9341,0.0169638153,2025-12-04T10:48:55.218078
9342,1,9342,0.0169642623,2025-12-04T10:48:55.290980
9343,1,9343,0.0169644057,2025-12-04T10:48:55.333206
9344,1,9344,0.016963765,2025-12-04T10:48:55.375732
9345,1,9345,0.0169585049,2025-12-04T10:48:55.451408
9346,1,9346,0.0169681832,2025-12-04T10:48:55.525008
9347,1,9347,0.0169619098,2025-12-04T10:48:55.597476
9348,1,9348,0.0169633813,2025-12-04T10:48:55.639272
9349,1,9349,0.0169627163,2025-12-04T10:48:55.682482
9350,1,9350,0.016963385,2025-12-04T10:48:55.702774
9351,1,9351,0.0169666372,2025-12-04T10:48:55.775864
9352,1,9352,0.0169649478,2025-12-04T10:48:55.849020
9353,1,9353,0.0169674083,2025-12-04T10:48:55.921602
9354,1,9354,0.0169654432,2025-12-04T10:48:55.964012
9355,1,9355,0.0169676337,2025-12-04T10:48:56.006392
9356,1,9356,0.0169514566,2025-12-04T10:48:56.079400
9357,1,9357,0.0169632937,2025-12-04T10:48:56.151436
9358,1,9358,0.0169651675,2025-12-04T10:48:56.224745
9359,1,9359,0.0169631335,2025-12-04T10:48:56.267020
9360,1,9360,0.0169658549,2025-12-04T10:48:56.309079
9361,1,9361,0.0169653631,2025-12-04T10:48:56.385307
9362,1,9362,0.0169677827,2025-12-04T10:48:56.458034
9363,1,9363,0.0169636979,2025-12-04T10:48:56.530215
9364,1,9364,0.0169880073,2025-12-04T10:48:56.572933
9365,1,9365,0.0169709268,2025-12-04T10:48:56.615750
9366,1,9366,0.0169702935,2025-12-04T10:48:56.635736
9367,1,9367,0.0169662442,2025-12-04T10:48:56.709051
9368,1,9368,0.0169669687,2025-12-04T10:48:56.782170
9369,1,9369,0.0169692989,2025-12-04T10:48:56.854444
9370,1,9370,0.0169650278,2025-12-04T10:48:56.897225
9371,1,9371,0.0169647764,2025-12-04T10:48:56.939746
9372,1,9372,0.0169685892,2025-12-04T10:48:57.012541
9373,1,9373,0.0169829055,2025-12-04T10:48:57.085218
9374,1,9374,0.0169724076,2025-12-04T10:48:57.157832
9375,1,9375,0.0169703494,2025-12-04T10:48:57.200243
9376,1,9376,0.0169699639,2025-12-04T10:48:57.242248
9377,1,9377,0.0169693082,2025-12-04T10:48:57.262264
9378,1,9378,0.0169683918,2025-12-04T10:48:57.336163
9379,1,9379,0.0169699992,2025-12-04T10:48:57.408368
9380,1,9380,0.016968552,2025-12-04T10:48:57.480762
9381,1,9381,0.0169690493,2025-12-04T10:48:57.523003
9382,1,9382,0.0169328115,2025-12-04T10:48:57.565659
9383,1,9383,0.0169728919,2025-12-04T10:48:57.638676
9384,1,9384,0.0169687867,2025-12-04T10:48:57.711054
9385,1,9385,0.016966829,2025-12-04T10:48:57.784010
9386,1,9386,0.0169679876,2025-12-04T10:48:57.826159
9387,1,9387,0.016968837,2025-12-04T10:48:57.869163
9388,1,9388,0.016969284,2025-12-04T10:48:57.941866
9389,1,9389,0.0169674884,2025-12-04T10:48:58.014000
9390,1,9390,0.0170055571,2025-12-04T10:48:58.086511
9391,1,9391,0.0169769823,2025-12-04T10:48:58.128933
9392,1,9392,0.0169720482,2025-12-04T10:48:58.171631
9393,1,9393,0.0169706325,2025-12-04T10:48:58.244596
9394,1,9394,0.0169688239,2025-12-04T10:48:58.317070
9395,1,9395,0.0169693008,2025-12-04T10:48:58.390170
9396,1,9396,0.0169672407,2025-12-04T10:48:58.432418
9397,1,9397,0.0169694889,2025-12-04T10:48:58.475171
9398,1,9398,0.0169685482,2025-12-04T10:48:58.495486
9399,1,9399,0.0169114768,2025-12-04T10:48:58.568662
9400,1,9400,0.0169742163,2025-12-04T10:48:58.641662
9401,1,9401,0.0169687718,2025-12-04T10:48:58.714405
9402,1,9402,0.0169711858,2025-12-04T10:48:58.756635
9403,1,9403,0.0169692169,2025-12-04T10:48:58.799011
9404,1,9404,0.0169701687,2025-12-04T10:48:58.819566
9405,1,9405,0.0169671103,2025-12-04T10:48:58.891598
9406,1,9406,0.0169533547,2025-12-04T10:48:58.964673
9407,1,9407,0.0169529095,2025-12-04T10:48:59.037436
9408,1,9408,0.016982166,2025-12-04T10:48:59.079967
9409,1,9409,0.0169667042,2025-12-04T10:48:59.121882
9410,1,9410,0.0169611256,2025-12-04T10:48:59.194929
9411,1,9411,0.016959967,2025-12-04T10:48:59.267669
9412,1,9412,0.0169678479,2025-12-04T10:48:59.340293
9413,1,9413,0.0169679895,2025-12-04T10:48:59.382860
9414,1,9414,0.0169689506,2025-12-04T10:48:59.425013
9415,1,9415,0.0169673655,2025-12-04T10:48:59.445103
9416,1,9416,0.0169685836,2025-12-04T10:48:59.518116
9417,1,9417,0.0170271508,2025-12-04T10:48:59.591388
9418,1,9418,0.0169707685,2025-12-04T10:48:59.663690
9419,1,9419,0.0169729366,2025-12-04T10:48:59.706027
9420,1,9420,0.0169709343,2025-12-04T10:48:59.748618
9421,1,9421,0.016973745,2025-12-04T10:48:59.821113
9422,1,9422,0.0169724449,2025-12-04T10:48:59.894017
9423,1,9423,0.0169726405,2025-12-04T10:48:59.966596
9424,1,9424,0.0169757641,2025-12-04T10:49:00.008589
9425,1,9425,0.0169733613,2025-12-04T10:49:00.051612
9426,1,9426,0.0169842112,2025-12-04T10:49:00.124395
9427,1,9427,0.0169804766,2025-12-04T10:49:00.196488
9428,1,9428,0.0169740039,2025-12-04T10:49:00.269748
9429,1,9429,0.0169730763,2025-12-04T10:49:00.311995
9430,1,9430,0.0169742573,2025-12-04T10:49:00.354133
9431,1,9431,0.0169757213,2025-12-04T10:49:00.426708
9432,1,9432,0.0169738214,2025-12-04T10:49:00.499371
9433,1,9433,0.0169153995,2025-12-04T10:49:00.577560
9434,1,9434,0.0169855225,2025-12-04T10:49:00.616815
9435,1,9435,0.0169812031,2025-12-04T10:49:00.657459
9436,1,9436,0.0169775933,2025-12-04T10:49:00.677182
9437,1,9437,0.0169776063,2025-12-04T10:49:00.749832
9438,1,9438,0.0169777702,2025-12-04T10:49:00.822640
9439,1,9439,0.0169780347,2025-12-04T10:49:00.895288
9440,1,9440,0.0169763658,2025-12-04T10:49:00.937698
9441,1,9441,0.0169800389,2025-12-04T10:49:00.980194
9442,1,9442,0.016978003,2025-12-04T10:49:01.052888
9443,1,9443,0.0169852916,2025-12-04T10:49:01.126068
9444,1,9444,0.0169765725,2025-12-04T10:49:01.198811
9445,1,9445,0.0169781353,2025-12-04T10:49:01.241193
9446,1,9446,0.0169768165,2025-12-04T10:49:01.283620
9447,1,9447,0.0169773083,2025-12-04T10:49:01.304161
9448,1,9448,0.0169774442,2025-12-04T10:49:01.376082
9449,1,9449,0.0169734004,2025-12-04T10:49:01.448765
9450,1,9450,0.0169736407,2025-12-04T10:49:01.521579
9451,1,9451,0.0169065184,2025-12-04T10:49:01.564177
9452,1,9452,0.0169885512,2025-12-04T10:49:01.606377
9453,1,9453,0.0169761832,2025-12-04T10:49:01.679618
9454,1,9454,0.0169766489,2025-12-04T10:49:01.752245
9455,1,9455,0.0169806629,2025-12-04T10:49:01.824623
9456,1,9456,0.0169823281,2025-12-04T10:49:01.867357
9457,1,9457,0.0169874355,2025-12-04T10:49:01.909926
9458,1,9458,0.0169861484,2025-12-04T10:49:01.930419
9459,1,9459,0.0169871076,2025-12-04T10:49:02.002229
9460,1,9460,0.0169188231,2025-12-04T10:49:02.075538
9461,1,9461,0.0169744025,2025-12-04T10:49:02.147959
9462,1,9462,0.0169715266,2025-12-04T10:49:02.190158
9463,1,9463,0.0169671475,2025-12-04T10:49:02.233075
9464,1,9464,0.0169696193,2025-12-04T10:49:02.252883
9465,1,9465,0.016971156,2025-12-04T10:49:02.273332
9466,1,9466,0.0169720742,2025-12-04T10:49:02.293480
9467,1,9467,0.0169713348,2025-12-04T10:49:02.313657
9468,1,9468,0.0169666465,2025-12-04T10:49:02.387225
9469,1,9469,0.0169674605,2025-12-04T10:49:02.459888
9470,1,9470,0.0169689636,2025-12-04T10:49:02.532567
9471,1,9471,0.0169001743,2025-12-04T10:49:02.575261
9472,1,9472,0.0169789846,2025-12-04T10:49:02.617898
9473,1,9473,0.0169744491,2025-12-04T10:49:02.638207
9474,1,9474,0.0169732775,2025-12-04T10:49:02.710643
9475,1,9475,0.0169726945,2025-12-04T10:49:02.783573
9476,1,9476,0.0169727038,2025-12-04T10:49:02.856085
9477,1,9477,0.0169648416,2025-12-04T10:49:02.898643
9478,1,9478,0.0169690679,2025-12-04T10:49:02.940675
9479,1,9479,0.0169676747,2025-12-04T10:49:03.013639
9480,1,9480,0.0169832427,2025-12-04T10:49:03.086455
9481,1,9481,0.0169735979,2025-12-04T10:49:03.158885
9482,1,9482,0.0169690418,2025-12-04T10:49:03.201589
9483,1,9483,0.0169695448,2025-12-04T10:49:03.243993
9484,1,9484,0.016966708,2025-12-04T10:49:03.264589
9485,1,9485,0.0169681124,2025-12-04T10:49:03.336939
9486,1,9486,0.0169699229,2025-12-04T10:49:03.409581
9487,1,9487,0.0169637221,2025-12-04T10:49:03.482511
9488,1,9488,0.0169645007,2025-12-04T10:49:03.524330
9489,1,9489,0.0169048234,2025-12-04T10:49:03.567210
9490,1,9490,0.0169731229,2025-12-04T10:49:03.640430
9491,1,9491,0.0169656947,2025-12-04T10:49:03.712375
9492,1,9492,0.0169649627,2025-12-04T10:49:03.784997
9493,1,9493,0.0169660281,2025-12-04T10:49:03.827551
9494,1,9494,0.016963642,2025-12-04T10:49:03.870212
9495,1,9495,0.0169651005,2025-12-04T10:49:03.942904
9496,1,9496,0.0169617887,2025-12-04T10:49:04.015831
9497,1,9497,0.0169994644,2025-12-04T10:49:04.087979
9498,1,9498,0.0169684477,2025-12-04T10:49:04.130309
9499,1,9499,0.0169615466,2025-12-04T10:49:04.173009
9500,1,9500,0.0169632248,2025-12-04T10:49:04.193031
9501,1,9501,0.0169579591,2025-12-04T10:49:04.266272
9502,1,9502,0.0169590953,2025-12-04T10:49:04.338848
9503,1,9503,0.016959276,2025-12-04T10:49:04.411648
9504,1,9504,0.0169575493,2025-12-04T10:49:04.454088
9505,1,9505,0.0169563274,2025-12-04T10:49:04.496440
9506,1,9506,0.0168879814,2025-12-04T10:49:04.571287
9507,1,9507,0.0169603526,2025-12-04T10:49:04.643983
9508,1,9508,0.0169553291,2025-12-04T10:49:04.716429
9509,1,9509,0.016956618,2025-12-04T10:49:04.758876
9510,1,9510,0.0169561468,2025-12-04T10:49:04.801680
9511,1,9511,0.0169579014,2025-12-04T10:49:04.873858
9512,1,9512,0.0169559381,2025-12-04T10:49:04.947061
9513,1,9513,0.0169540699,2025-12-04T10:49:05.019644
9514,1,9514,0.0169583614,2025-12-04T10:49:05.062012
9515,1,9515,0.0169631056,2025-12-04T10:49:05.104472
9516,1,9516,0.0169564764,2025-12-04T10:49:05.176745
9517,1,9517,0.0169545132,2025-12-04T10:49:05.249879
9518,1,9518,0.0169553533,2025-12-04T10:49:05.322506
9519,1,9519,0.0169526692,2025-12-04T10:49:05.395316
9520,1,9520,0.0169541165,2025-12-04T10:49:05.437806
9521,1,9521,0.0169570539,2025-12-04T10:49:05.480184
9522,1,9522,0.016956482,2025-12-04T10:49:05.554794
9523,1,9523,0.0169599968,2025-12-04T10:49:05.627757
9524,1,9524,0.0169558618,2025-12-04T10:49:05.700070
9525,1,9525,0.0169579535,2025-12-04T10:49:05.742724
9526,1,9526,0.0169548299,2025-12-04T10:49:05.784674
9527,1,9527,0.0169548653,2025-12-04T10:49:05.857426
9528,1,9528,0.0169540084,2025-12-04T10:49:05.930083
9529,1,9529,0.0169512052,2025-12-04T10:49:06.002860
9530,1,9530,0.01695141,2025-12-04T10:49:06.045325
9531,1,9531,0.016984418,2025-12-04T10:49:06.087754
9532,1,9532,0.0169664192,2025-12-04T10:49:06.107656
9533,1,9533,0.0169595312,2025-12-04T10:49:06.180565
9534,1,9534,0.0169564299,2025-12-04T10:49:06.253396
9535,1,9535,0.016958449,2025-12-04T10:49:06.326137
9536,1,9536,0.0169552154,2025-12-04T10:49:06.368572
9537,1,9537,0.016955588,2025-12-04T10:49:06.410871
9538,1,9538,0.0169513486,2025-12-04T10:49:06.484261
9539,1,9539,0.0169523078,2025-12-04T10:49:06.556301
9540,1,9540,0.0169551391,2025-12-04T10:49:06.629137
9541,1,9541,0.0169522259,2025-12-04T10:49:06.671524
9542,1,9542,0.0169531125,2025-12-04T10:49:06.713928
9543,1,9543,0.0169526878,2025-12-04T10:49:06.788656
9544,1,9544,0.0169533025,2025-12-04T10:49:06.861277
9545,1,9545,0.0169508066,2025-12-04T10:49:06.934091
9546,1,9546,0.0169541463,2025-12-04T10:49:06.976451
9547,1,9547,0.0169528741,2025-12-04T10:49:07.018926
9548,1,9548,0.0169515311,2025-12-04T10:49:07.038882
9549,1,9549,0.0169576238,2025-12-04T10:49:07.111815
9550,1,9550,0.0169528406,2025-12-04T10:49:07.184462
9551,1,9551,0.0169508289,2025-12-04T10:49:07.257317
9552,1,9552,0.0169493947,2025-12-04T10:49:07.299735
9553,1,9553,0.0169518608,2025-12-04T10:49:07.342986
9554,1,9554,0.0169536285,2025-12-04T10:49:07.415417
9555,1,9555,0.0169513672,2025-12-04T10:49:07.487900
9556,1,9556,0.016954163,2025-12-04T10:49:07.560704
9557,1,9557,0.0169627685,2025-12-04T10:49:07.603174
9558,1,9558,0.0169568657,2025-12-04T10:49:07.645530
9559,1,9559,0.0169529188,2025-12-04T10:49:07.665589
9560,1,9560,0.0169520098,2025-12-04T10:49:07.738901
9561,1,9561,0.0169549584,2025-12-04T10:49:07.810801
9562,1,9562,0.0169513672,2025-12-04T10:49:07.883914
9563,1,9563,0.0169526319,2025-12-04T10:49:07.926544
9564,1,9564,0.016953377,2025-12-04T10:49:07.968619
9565,1,9565,0.0169576872,2025-12-04T10:49:08.041519
9566,1,9566,0.0169624034,2025-12-04T10:49:08.114591
9567,1,9567,0.0169571004,2025-12-04T10:49:08.186889
9568,1,9568,0.0169583261,2025-12-04T10:49:08.229440
9569,1,9569,0.0169589184,2025-12-04T10:49:08.272363
9570,1,9570,0.0169564336,2025-12-04T10:49:08.344172
9571,1,9571,0.0169524718,2025-12-04T10:49:08.417176
9572,1,9572,0.0169562082,2025-12-04T10:49:08.489743
9573,1,9573,0.0169560126,2025-12-04T10:49:08.532485
9574,1,9574,0.0169127006,2025-12-04T10:49:08.574674
9575,1,9575,0.0169968567,2025-12-04T10:49:08.595044
9576,1,9576,0.0169583857,2025-12-04T10:49:08.667451
9577,1,9577,0.0169571042,2025-12-04T10:49:08.740025
9578,1,9578,0.0169566944,2025-12-04T10:49:08.813230
9579,1,9579,0.0169575158,2025-12-04T10:49:08.855919
9580,1,9580,0.0169577077,2025-12-04T10:49:08.898603
9581,1,9581,0.0169568993,2025-12-04T10:49:08.970760
9582,1,9582,0.016956998,2025-12-04T10:49:09.043409
9583,1,9583,0.0169608984,2025-12-04T10:49:09.116113
9584,1,9584,0.0169583428,2025-12-04T10:49:09.158095
9585,1,9585,0.0169563144,2025-12-04T10:49:09.200989
9586,1,9586,0.0169622562,2025-12-04T10:49:09.273231
9587,1,9587,0.0169601645,2025-12-04T10:49:09.346144
9588,1,9588,0.0169616322,2025-12-04T10:49:09.418992
9589,1,9589,0.0169639866,2025-12-04T10:49:09.461399
9590,1,9590,0.0169616993,2025-12-04T10:49:09.503556
9591,1,9591,0.0169611852,2025-12-04T10:49:09.523477
9592,1,9592,0.0169741306,2025-12-04T10:49:09.596849
9593,1,9593,0.0169621277,2025-12-04T10:49:09.669615
9594,1,9594,0.0169641356,2025-12-04T10:49:09.742166
9595,1,9595,0.0169576983,2025-12-04T10:49:09.784222
9596,1,9596,0.0169600713,2025-12-04T10:49:09.827181
9597,1,9597,0.0169646982,2025-12-04T10:49:09.899889
9598,1,9598,0.0169616527,2025-12-04T10:49:09.972563
9599,1,9599,0.0169680099,2025-12-04T10:49:10.045524
9600,1,9600,0.0169636905,2025-12-04T10:49:10.088064
9601,1,9601,0.0169638413,2025-12-04T10:49:10.130307
9602,1,9602,0.0169609412,2025-12-04T10:49:10.205754
9603,1,9603,0.0169617328,2025-12-04T10:49:10.278769
9604,1,9604,0.0169606097,2025-12-04T10:49:10.350990
9605,1,9605,0.0169623866,2025-12-04T10:49:10.393739
9606,1,9606,0.0169630683,2025-12-04T10:49:10.436588
9607,1,9607,0.0169625785,2025-12-04T10:49:10.456508
9608,1,9608,0.0169632937,2025-12-04T10:49:10.530168
9609,1,9609,0.0169655922,2025-12-04T10:49:10.602840
9610,1,9610,0.0169632658,2025-12-04T10:49:10.675466
9611,1,9611,0.0169615522,2025-12-04T10:49:10.717892
9612,1,9612,0.0169630777,2025-12-04T10:49:10.760603
9613,1,9613,0.0169622208,2025-12-04T10:49:10.832841
9614,1,9614,0.016961446,2025-12-04T10:49:10.905498
9615,1,9615,0.0169630795,2025-12-04T10:49:10.978479
9616,1,9616,0.0169631093,2025-12-04T10:49:11.021133
9617,1,9617,0.016991984,2025-12-04T10:49:11.063389
9618,1,9618,0.0169627554,2025-12-04T10:49:11.083361
9619,1,9619,0.016963372,2025-12-04T10:49:11.156026
9620,1,9620,0.016963629,2025-12-04T10:49:11.229214
9621,1,9621,0.0169605202,2025-12-04T10:49:11.301282
9622,1,9622,0.0169623605,2025-12-04T10:49:11.343720
9623,1,9623,0.0169598497,2025-12-04T10:49:11.386217
9624,1,9624,0.0169621855,2025-12-04T10:49:11.405948
9625,1,9625,0.0169621556,2025-12-04T10:49:11.425796
9626,1,9626,0.0169644523,2025-12-04T10:49:11.445804
9627,1,9627,0.0169613994,2025-12-04T10:49:11.465682
9628,1,9628,0.0169432964,2025-12-04T10:49:11.539719
9629,1,9629,0.0169644411,2025-12-04T10:49:11.612930
9630,1,9630,0.016958341,2025-12-04T10:49:11.685482
9631,1,9631,0.0169593822,2025-12-04T10:49:11.728143
9632,1,9632,0.0169587954,2025-12-04T10:49:11.770454
9633,1,9633,0.016960239,2025-12-04T10:49:11.790525
9634,1,9634,0.0169609673,2025-12-04T10:49:11.863259
9635,1,9635,0.0169560611,2025-12-04T10:49:11.936027
9636,1,9636,0.0169596578,2025-12-04T10:49:12.008518
9637,1,9637,0.0168874263,2025-12-04T10:49:12.051275
9638,1,9638,0.0169729031,2025-12-04T10:49:12.093594
9639,1,9639,0.0169604793,2025-12-04T10:49:12.166469
9640,1,9640,0.0169569049,2025-12-04T10:49:12.238831
9641,1,9641,0.0169579386,2025-12-04T10:49:12.311392
9642,1,9642,0.0169565323,2025-12-04T10:49:12.353650
9643,1,9643,0.0169570427,2025-12-04T10:49:12.396490
9644,1,9644,0.0169568024,2025-12-04T10:49:12.416773
9645,1,9645,0.0169563647,2025-12-04T10:49:12.489115
9646,1,9646,0.0168982595,2025-12-04T10:49:12.562120
9647,1,9647,0.0169591084,2025-12-04T10:49:12.635060
9648,1,9648,0.0169594809,2025-12-04T10:49:12.677264
9649,1,9649,0.0169586241,2025-12-04T10:49:12.719435
9650,1,9650,0.0169542506,2025-12-04T10:49:12.792107
9651,1,9651,0.0169551372,2025-12-04T10:49:12.865496
9652,1,9652,0.0169536694,2025-12-04T10:49:12.937964
9653,1,9653,0.0169541165,2025-12-04T10:49:12.980501
9654,1,9654,0.0169540625,2025-12-04T10:49:13.022478
9655,1,9655,0.0169708728,2025-12-04T10:49:13.095485
9656,1,9656,0.0169559791,2025-12-04T10:49:13.168272
9657,1,9657,0.0169556848,2025-12-04T10:49:13.241146
9658,1,9658,0.0169557575,2025-12-04T10:49:13.283247
9659,1,9659,0.0169562734,2025-12-04T10:49:13.325457
9660,1,9660,0.0169570185,2025-12-04T10:49:13.345810
9661,1,9661,0.0169517807,2025-12-04T10:49:13.418800
9662,1,9662,0.0169537626,2025-12-04T10:49:13.491330
9663,1,9663,0.0168954674,2025-12-04T10:49:13.564223
9664,1,9664,0.0169617347,2025-12-04T10:49:13.606291
9665,1,9665,0.0169561468,2025-12-04T10:49:13.649135
9666,1,9666,0.0169526915,2025-12-04T10:49:13.721572
9667,1,9667,0.0169530194,2025-12-04T10:49:13.794742
9668,1,9668,0.0169527959,2025-12-04T10:49:13.867103
9669,1,9669,0.0169534813,2025-12-04T10:49:13.909588
9670,1,9670,0.0169528461,2025-12-04T10:49:13.952019
9671,1,9671,0.016950706,2025-12-04T10:49:14.024657
9672,1,9672,0.0169637892,2025-12-04T10:49:14.097670
9673,1,9673,0.0169529374,2025-12-04T10:49:14.170004
9674,1,9674,0.0169531423,2025-12-04T10:49:14.212593
9675,1,9675,0.016950095,2025-12-04T10:49:14.254981
9676,1,9676,0.01694935,2025-12-04T10:49:14.274963
9677,1,9677,0.0169509164,2025-12-04T10:49:14.347920
9678,1,9678,0.0169500894,2025-12-04T10:49:14.420121
9679,1,9679,0.0169498994,2025-12-04T10:49:14.493049
9680,1,9680,0.0169488992,2025-12-04T10:49:14.535756
9681,1,9681,0.0169648788,2025-12-04T10:49:14.578360
9682,1,9682,0.0169524233,2025-12-04T10:49:14.650871
9683,1,9683,0.0169502366,2025-12-04T10:49:14.723765
9684,1,9684,0.0169503819,2025-12-04T10:49:14.796387
9685,1,9685,0.0169484969,2025-12-04T10:49:14.838428
9686,1,9686,0.0169480331,2025-12-04T10:49:14.880804
9687,1,9687,0.0169483292,2025-12-04T10:49:14.956577
9688,1,9688,0.0169504843,2025-12-04T10:49:15.029682
9689,1,9689,0.0169705245,2025-12-04T10:49:15.102189
9690,1,9690,0.016955696,2025-12-04T10:49:15.145520
9691,1,9691,0.0169530995,2025-12-04T10:49:15.187501
9692,1,9692,0.016952468,2025-12-04T10:49:15.207495
9693,1,9693,0.0169497951,2025-12-04T10:49:15.279803
9694,1,9694,0.0169470198,2025-12-04T10:49:15.352566
9695,1,9695,0.0169464033,2025-12-04T10:49:15.425453
9696,1,9696,0.0169466715,2025-12-04T10:49:15.467854
9697,1,9697,0.0169468112,2025-12-04T10:49:15.510544
9698,1,9698,0.0169598739,2025-12-04T10:49:15.583164
9699,1,9699,0.016953554,2025-12-04T10:49:15.655471
9700,1,9700,0.0169497225,2025-12-04T10:49:15.728499
9701,1,9701,0.0169485155,2025-12-04T10:49:15.771288
9702,1,9702,0.0169490817,2025-12-04T10:49:15.813538
9703,1,9703,0.0169498641,2025-12-04T10:49:15.834197
9704,1,9704,0.0169486794,2025-12-04T10:49:15.906255
9705,1,9705,0.0169480871,2025-12-04T10:49:15.978845
9706,1,9706,0.016915746,2025-12-04T10:49:16.051454
9707,1,9707,0.0170021802,2025-12-04T10:49:16.094311
9708,1,9708,0.0169559791,2025-12-04T10:49:16.136785
9709,1,9709,0.0169508662,2025-12-04T10:49:16.209440
9710,1,9710,0.0169516205,2025-12-04T10:49:16.281810
9711,1,9711,0.0169491786,2025-12-04T10:49:16.354385
9712,1,9712,0.0169501136,2025-12-04T10:49:16.397410
9713,1,9713,0.0169511083,2025-12-04T10:49:16.439212
9714,1,9714,0.0169498734,2025-12-04T10:49:16.512439
9715,1,9715,0.0169656984,2025-12-04T10:49:16.585021
9716,1,9716,0.016952984,2025-12-04T10:49:16.657263
9717,1,9717,0.0169507376,2025-12-04T10:49:16.699744
9718,1,9718,0.0169498175,2025-12-04T10:49:16.742169
9719,1,9719,0.0169490762,2025-12-04T10:49:16.762156
9720,1,9720,0.0169476624,2025-12-04T10:49:16.835043
9721,1,9721,0.016950285,2025-12-04T10:49:16.907857
9722,1,9722,0.0169498417,2025-12-04T10:49:16.981089
9723,1,9723,0.0169497225,2025-12-04T10:49:17.023512
9724,1,9724,0.0168706048,2025-12-04T10:49:17.065460
9725,1,9725,0.0169592872,2025-12-04T10:49:17.138072
9726,1,9726,0.0169532746,2025-12-04T10:49:17.211265
9727,1,9727,0.0169518794,2025-12-04T10:49:17.283899
9728,1,9728,0.0169537831,2025-12-04T10:49:17.326596
9729,1,9729,0.0169519856,2025-12-04T10:49:17.368860
9730,1,9730,0.0169523544,2025-12-04T10:49:17.441225
9731,1,9731,0.016952794,2025-12-04T10:49:17.514388
9732,1,9732,0.0169772263,2025-12-04T10:49:17.587290
9733,1,9733,0.0169634632,2025-12-04T10:49:17.629349
9734,1,9734,0.016957581,2025-12-04T10:49:17.671409
9735,1,9735,0.0169578436,2025-12-04T10:49:17.691548
9736,1,9736,0.0169568527,2025-12-04T10:49:17.764754
9737,1,9737,0.0169532001,2025-12-04T10:49:17.837259
9738,1,9738,0.0169529188,2025-12-04T10:49:17.910257
9739,1,9739,0.0169528778,2025-12-04T10:49:17.952594
9740,1,9740,0.0169549491,2025-12-04T10:49:17.995191
9741,1,9741,0.0168726239,2025-12-04T10:49:18.067911
9742,1,9742,0.0169604308,2025-12-04T10:49:18.140649
9743,1,9743,0.01695613,2025-12-04T10:49:18.213451
9744,1,9744,0.016955519,2025-12-04T10:49:18.255597
9745,1,9745,0.0169546194,2025-12-04T10:49:18.297833
9746,1,9746,0.0169537328,2025-12-04T10:49:18.372704
9747,1,9747,0.0169529244,2025-12-04T10:49:18.445026
9748,1,9748,0.0169518794,2025-12-04T10:49:18.518086
9749,1,9749,0.0169035531,2025-12-04T10:49:18.560267
9750,1,9750,0.0169698968,2025-12-04T10:49:18.603702
9751,1,9751,0.0169620197,2025-12-04T10:49:18.624090
9752,1,9752,0.0169543363,2025-12-04T10:49:18.696841
9753,1,9753,0.0169566031,2025-12-04T10:49:18.770042
9754,1,9754,0.0169556327,2025-12-04T10:49:18.842535
9755,1,9755,0.0169548783,2025-12-04T10:49:18.915061
9756,1,9756,0.0169550888,2025-12-04T10:49:18.957440
9757,1,9757,0.0169560741,2025-12-04T10:49:18.999649
9758,1,9758,0.0169559568,2025-12-04T10:49:19.019792
9759,1,9759,0.0169554557,2025-12-04T10:49:19.039682
9760,1,9760,0.0169142801,2025-12-04T10:49:19.060031
9761,1,9761,0.0169595256,2025-12-04T10:49:19.080360
9762,1,9762,0.0169565491,2025-12-04T10:49:19.153653
9763,1,9763,0.0169554334,2025-12-04T10:49:19.226163
9764,1,9764,0.016953295,2025-12-04T10:49:19.298592
9765,1,9765,0.0169523805,2025-12-04T10:49:19.341144
9766,1,9766,0.0169524084,2025-12-04T10:49:19.383788
9767,1,9767,0.0169524084,2025-12-04T10:49:19.456290
9768,1,9768,0.0169524531,2025-12-04T10:49:19.528840
9769,1,9769,0.0169622078,2025-12-04T10:49:19.601691
9770,1,9770,0.0169583633,2025-12-04T10:49:19.644357
9771,1,9771,0.0169568769,2025-12-04T10:49:19.686993
9772,1,9772,0.0169542562,2025-12-04T10:49:19.707396
9773,1,9773,0.0169542189,2025-12-04T10:49:19.781191
9774,1,9774,0.0169534366,2025-12-04T10:49:19.853423
9775,1,9775,0.016953988,2025-12-04T10:49:19.925766
9776,1,9776,0.0169524922,2025-12-04T10:49:19.968758
9777,1,9777,0.0169506222,2025-12-04T10:49:20.010935
9778,1,9778,0.0169907715,2025-12-04T10:49:20.083652
9779,1,9779,0.0169542897,2025-12-04T10:49:20.156389
9780,1,9780,0.0169537588,2025-12-04T10:49:20.228771
9781,1,9781,0.0169532094,2025-12-04T10:49:20.271177
9782,1,9782,0.016953215,2025-12-04T10:49:20.314229
9783,1,9783,0.0169514771,2025-12-04T10:49:20.388473
9784,1,9784,0.016950285,2025-12-04T10:49:20.461043
9785,1,9785,0.0169515926,2025-12-04T10:49:20.534285
9786,1,9786,0.0169238653,2025-12-04T10:49:20.576613
9787,1,9787,0.0169551353,2025-12-04T10:49:20.619365
9788,1,9788,0.0169547665,2025-12-04T10:49:20.639290
9789,1,9789,0.0169537495,2025-12-04T10:49:20.712826
9790,1,9790,0.0169530212,2025-12-04T10:49:20.785432
9791,1,9791,0.0169525276,2025-12-04T10:49:20.858461
9792,1,9792,0.0169546324,2025-12-04T10:49:20.900719
9793,1,9793,0.0169538185,2025-12-04T10:49:20.943172
9794,1,9794,0.0169534068,2025-12-04T10:49:21.015456
9795,1,9795,0.0169677268,2025-12-04T10:49:21.088314
9796,1,9796,0.0169538278,2025-12-04T10:49:21.161346
9797,1,9797,0.0169533882,2025-12-04T10:49:21.203467
9798,1,9798,0.01695198,2025-12-04T10:49:21.246275
9799,1,9799,0.0169535428,2025-12-04T10:49:21.321942
9800,1,9800,0.0169516392,2025-12-04T10:49:21.394761
9801,1,9801,0.0169514473,2025-12-04T10:49:21.467531
9802,1,9802,0.0169531051,2025-12-04T10:49:21.510070
9803,1,9803,0.0169529356,2025-12-04T10:49:21.552521
9804,1,9804,0.0169278196,2025-12-04T10:49:21.572519
9805,1,9805,0.0169500447,2025-12-04T10:49:21.646158
9806,1,9806,0.0169502906,2025-12-04T10:49:21.719210
9807,1,9807,0.0169497504,2025-12-04T10:49:21.791187
9808,1,9808,0.0169507879,2025-12-04T10:49:21.834073
9809,1,9809,0.0169497337,2025-12-04T10:49:21.876497
9810,1,9810,0.0169496554,2025-12-04T10:49:21.948579
9811,1,9811,0.016950313,2025-12-04T10:49:22.021383
9812,1,9812,0.016964931,2025-12-04T10:49:22.094080
9813,1,9813,0.0169551055,2025-12-04T10:49:22.136547
9814,1,9814,0.0169542971,2025-12-04T10:49:22.178971
9815,1,9815,0.0169504471,2025-12-04T10:49:22.255159
9816,1,9816,0.0169496294,2025-12-04T10:49:22.327938
9817,1,9817,0.0169497877,2025-12-04T10:49:22.400542
9818,1,9818,0.0169476214,2025-12-04T10:49:22.443466
9819,1,9819,0.0169474817,2025-12-04T10:49:22.486157
9820,1,9820,0.0169487074,2025-12-04T10:49:22.506130
9821,1,9821,0.0169236846,2025-12-04T10:49:22.579533
9822,1,9822,0.0169524271,2025-12-04T10:49:22.651793
9823,1,9823,0.0169511549,2025-12-04T10:49:22.724861
9824,1,9824,0.016952781,2025-12-04T10:49:22.767039
9825,1,9825,0.0169524401,2025-12-04T10:49:22.809823
9826,1,9826,0.0169485639,2025-12-04T10:49:22.882238
9827,1,9827,0.0169482529,2025-12-04T10:49:22.955167
9828,1,9828,0.0169491656,2025-12-04T10:49:23.027940
9829,1,9829,0.0169480871,2025-12-04T10:49:23.069862
9830,1,9830,0.016949106,2025-12-04T10:49:23.112605
9831,1,9831,0.0169489588,2025-12-04T10:49:23.187115
9832,1,9832,0.0169473811,2025-12-04T10:49:23.260067
9833,1,9833,0.0169491786,2025-12-04T10:49:23.332784
9834,1,9834,0.0169511269,2025-12-04T10:49:23.375320
9835,1,9835,0.0169505588,2025-12-04T10:49:23.417700
9836,1,9836,0.0169511362,2025-12-04T10:49:23.490413
9837,1,9837,0.0169510003,2025-12-04T10:49:23.563396
9838,1,9838,0.0169497337,2025-12-04T10:49:23.605175
9839,1,9839,0.0169477313,2025-12-04T10:49:23.647729
9840,1,9840,0.0169505961,2025-12-04T10:49:23.668197
9841,1,9841,0.0169503223,2025-12-04T10:49:23.688278
9842,1,9842,0.0169499609,2025-12-04T10:49:23.761032
9843,1,9843,0.0169496238,2025-12-04T10:49:23.833395
9844,1,9844,0.0169495586,2025-12-04T10:49:23.906582
9845,1,9845,0.0169515516,2025-12-04T10:49:23.948820
9846,1,9846,0.0169506911,2025-12-04T10:49:23.991228
9847,1,9847,0.0169509872,2025-12-04T10:49:24.011590
9848,1,9848,0.0169513095,2025-12-04T10:49:24.084008
9849,1,9849,0.0169508624,2025-12-04T10:49:24.156937
9850,1,9850,0.0169493518,2025-12-04T10:49:24.229399
9851,1,9851,0.0169503185,2025-12-04T10:49:24.272187
9852,1,9852,0.0169492065,2025-12-04T10:49:24.314531
9853,1,9853,0.0169493816,2025-12-04T10:49:24.386923
9854,1,9854,0.0169484391,2025-12-04T10:49:24.460034
9855,1,9855,0.0169515144,2025-12-04T10:49:24.532358
9856,1,9856,0.0169484037,2025-12-04T10:49:24.575162
9857,1,9857,0.0169480592,2025-12-04T10:49:24.617318
9858,1,9858,0.0169515255,2025-12-04T10:49:24.690036
9859,1,9859,0.0169506072,2025-12-04T10:49:24.762680
9860,1,9860,0.0169476512,2025-12-04T10:49:24.835697
9861,1,9861,0.0169472526,2025-12-04T10:49:24.878176
9862,1,9862,0.0169494263,2025-12-04T10:49:24.920223
9863,1,9863,0.0169492196,2025-12-04T10:49:24.940240
9864,1,9864,0.0169465858,2025-12-04T10:49:25.013705
9865,1,9865,0.0169470477,2025-12-04T10:49:25.085911
9866,1,9866,0.0169724784,2025-12-04T10:49:25.159025
9867,1,9867,0.0169537533,2025-12-04T10:49:25.201371
9868,1,9868,0.0169500913,2025-12-04T10:49:25.243790
9869,1,9869,0.0169504713,2025-12-04T10:49:25.316174
9870,1,9870,0.0169500559,2025-12-04T10:49:25.389028
9871,1,9871,0.016949255,2025-12-04T10:49:25.462076
9872,1,9872,0.0169463343,2025-12-04T10:49:25.503920
9873,1,9873,0.0169498994,2025-12-04T10:49:25.547014
9874,1,9874,0.0169492829,2025-12-04T10:49:25.619222
9875,1,9875,0.0169602613,2025-12-04T10:49:25.692141
9876,1,9876,0.0169533137,2025-12-04T10:49:25.764970
9877,1,9877,0.0169509239,2025-12-04T10:49:25.807151
9878,1,9878,0.0169517491,2025-12-04T10:49:25.849360
9879,1,9879,0.0169495847,2025-12-04T10:49:25.869187
9880,1,9880,0.016951546,2025-12-04T10:49:25.942773
9881,1,9881,0.0169530492,2025-12-04T10:49:26.015122
9882,1,9882,0.01694954,2025-12-04T10:49:26.087670
9883,1,9883,0.0169511567,2025-12-04T10:49:26.130652
9884,1,9884,0.0169864781,2025-12-04T10:49:26.172960
9885,1,9885,0.016954381,2025-12-04T10:49:26.245347
9886,1,9886,0.0169528312,2025-12-04T10:49:26.318818
9887,1,9887,0.0169524084,2025-12-04T10:49:26.390719
9888,1,9888,0.0169531498,2025-12-04T10:49:26.433636
9889,1,9889,0.016952347,2025-12-04T10:49:26.476122
9890,1,9890,0.016950963,2025-12-04T10:49:26.552384
9891,1,9891,0.0169521421,2025-12-04T10:49:26.625337
9892,1,9892,0.016973162,2025-12-04T10:49:26.697863
9893,1,9893,0.0169582143,2025-12-04T10:49:26.740194
9894,1,9894,0.0169550869,2025-12-04T10:49:26.783001
9895,1,9895,0.016953634,2025-12-04T10:49:26.802802
9896,1,9896,0.0169525705,2025-12-04T10:49:26.875574
9897,1,9897,0.0169517751,2025-12-04T10:49:26.948672
9898,1,9898,0.0169526692,2025-12-04T10:49:27.021335
9899,1,9899,0.0169532168,2025-12-04T10:49:27.063728
9900,1,9900,0.0169523805,2025-12-04T10:49:27.106181
9901,1,9901,0.016954502,2025-12-04T10:49:27.178972
9902,1,9902,0.0169590786,2025-12-04T10:49:27.251305
9903,1,9903,0.0169527716,2025-12-04T10:49:27.323851
9904,1,9904,0.0169522836,2025-12-04T10:49:27.366370
9905,1,9905,0.0169516522,2025-12-04T10:49:27.408780
9906,1,9906,0.0169532373,2025-12-04T10:49:27.484558
9907,1,9907,0.0169498454,2025-12-04T10:49:27.557319
9908,1,9908,0.016953174,2025-12-04T10:49:27.630025
9909,1,9909,0.0169126987,2025-12-04T10:49:27.672832
9910,1,9910,0.0169670227,2025-12-04T10:49:27.715174
9911,1,9911,0.0169605426,2025-12-04T10:49:27.735187
9912,1,9912,0.0169537644,2025-12-04T10:49:27.808077
9913,1,9913,0.0169530566,2025-12-04T10:49:27.880799
9914,1,9914,0.0169508717,2025-12-04T10:49:27.953505
9915,1,9915,0.0169513318,2025-12-04T10:49:27.996077
9916,1,9916,0.0169492568,2025-12-04T10:49:28.038439
9917,1,9917,0.0169513449,2025-12-04T10:49:28.111406
9918,1,9918,0.0169844552,2025-12-04T10:49:28.184329
9919,1,9919,0.0169584695,2025-12-04T10:49:28.226478
9920,1,9920,0.0169548969,2025-12-04T10:49:28.268509
9921,1,9921,0.0169554632,2025-12-04T10:49:28.288479
9922,1,9922,0.0169544201,2025-12-04T10:49:28.309004
9923,1,9923,0.016951926,2025-12-04T10:49:28.381740
9924,1,9924,0.0169512499,2025-12-04T10:49:28.454237
9925,1,9925,0.0169520806,2025-12-04T10:49:28.527210
9926,1,9926,0.0169503688,2025-12-04T10:49:28.569292
9927,1,9927,0.0169500429,2025-12-04T10:49:28.611596
9928,1,9928,0.016983211,2025-12-04T10:49:28.684801
9929,1,9929,0.0169548504,2025-12-04T10:49:28.757552
9930,1,9930,0.0169517677,2025-12-04T10:49:28.830202
9931,1,9931,0.0169523674,2025-12-04T10:49:28.872578
9932,1,9932,0.0169529411,2025-12-04T10:49:28.915219
9933,1,9933,0.0169524494,2025-12-04T10:49:28.987349
9934,1,9934,0.01695312,2025-12-04T10:49:29.060613
9935,1,9935,0.016952848,2025-12-04T10:49:29.133227
9936,1,9936,0.016913332,2025-12-04T10:49:29.175680
9937,1,9937,0.0169663112,2025-12-04T10:49:29.218035
9938,1,9938,0.0169594995,2025-12-04T10:49:29.238205
9939,1,9939,0.0169548094,2025-12-04T10:49:29.311161
9940,1,9940,0.0169530771,2025-12-04T10:49:29.383530
9941,1,9941,0.0169517081,2025-12-04T10:49:29.456449
9942,1,9942,0.0169512052,2025-12-04T10:49:29.499011
9943,1,9943,0.0169537179,2025-12-04T10:49:29.541159
9944,1,9944,0.0169536676,2025-12-04T10:49:29.613992
9945,1,9945,0.0169902052,2025-12-04T10:49:29.686684
9946,1,9946,0.0169628523,2025-12-04T10:49:29.728802
9947,1,9947,0.0169535931,2025-12-04T10:49:29.771147
9948,1,9948,0.0169540178,2025-12-04T10:49:29.791639
9949,1,9949,0.0169504676,2025-12-04T10:49:29.866318
9950,1,9950,0.0169506147,2025-12-04T10:49:29.939183
9951,1,9951,0.0169494748,2025-12-04T10:49:30.020262
9952,1,9952,0.0169495921,2025-12-04T10:49:30.053902
9953,1,9953,0.0169496536,2025-12-04T10:49:30.096437
9954,1,9954,0.0169496107,2025-12-04T10:49:30.116626
9955,1,9955,0.016972715,2025-12-04T10:49:30.189508
9956,1,9956,0.0169524289,2025-12-04T10:49:30.262346
9957,1,9957,0.0169515106,2025-12-04T10:49:30.334810
9958,1,9958,0.0169519763,2025-12-04T10:49:30.377550
9959,1,9959,0.0169521309,2025-12-04T10:49:30.419742
9960,1,9960,0.0169497858,2025-12-04T10:49:30.492557
9961,1,9961,0.0169482845,2025-12-04T10:49:30.565348
9962,1,9962,0.0169496443,2025-12-04T10:49:30.637727
9963,1,9963,0.0169969443,2025-12-04T10:49:30.680374
9964,1,9964,0.0169533099,2025-12-04T10:49:30.723374
9965,1,9965,0.0169508643,2025-12-04T10:49:30.798852
9966,1,9966,0.0169512499,2025-12-04T10:49:30.871446
9967,1,9967,0.0169512946,2025-12-04T10:49:30.944341
9968,1,9968,0.0169506017,2025-12-04T10:49:30.986052
9969,1,9969,0.0169523861,2025-12-04T10:49:31.028808
9970,1,9970,0.0169522128,2025-12-04T10:49:31.049063
9971,1,9971,0.0169495735,2025-12-04T10:49:31.121964
9972,1,9972,0.0169632453,2025-12-04T10:49:31.194816
9973,1,9973,0.0169507768,2025-12-04T10:49:31.267366
9974,1,9974,0.016949851,2025-12-04T10:49:31.310002
9975,1,9975,0.0169491562,2025-12-04T10:49:31.351845
9976,1,9976,0.0169498957,2025-12-04T10:49:31.424978
9977,1,9977,0.0169503018,2025-12-04T10:49:31.497821
9978,1,9978,0.0169499497,2025-12-04T10:49:31.570406
9979,1,9979,0.0169509388,2025-12-04T10:49:31.612398
9980,1,9980,0.0169135574,2025-12-04T10:49:31.655300
9981,1,9981,0.0169520024,2025-12-04T10:49:31.675620
9982,1,9982,0.0169536229,2025-12-04T10:49:31.748068
9983,1,9983,0.0169496275,2025-12-04T10:49:31.820830
9984,1,9984,0.0169502831,2025-12-04T10:49:31.893739
9985,1,9985,0.0169492382,2025-12-04T10:49:31.935954
9986,1,9986,0.0169493202,2025-12-04T10:49:31.977921
9987,1,9987,0.0169486906,2025-12-04T10:49:32.050817
9988,1,9988,0.0169488638,2025-12-04T10:49:32.123863
9989,1,9989,0.0169577449,2025-12-04T10:49:32.196322
9990,1,9990,0.0169519111,2025-12-04T10:49:32.239174
9991,1,9991,0.0169521588,2025-12-04T10:49:32.281052
9992,1,9992,0.0169503837,2025-12-04T10:49:32.353721
9993,1,9993,0.0169491004,2025-12-04T10:49:32.426944
9994,1,9994,0.0169492457,2025-12-04T10:49:32.499376
9995,1,9995,0.0169511679,2025-12-04T10:49:32.542076
9996,1,9996,0.0169473271,2025-12-04T10:49:32.583946
9997,1,9997,0.016944874,2025-12-04T10:49:32.603879
9998,1,9998,0.0169857479,2025-12-04T10:49:32.676865
9999,1,9999,0.0169496797,2025-12-04T10:49:32.749598
10000,1,10000,0.0169497244,2025-12-04T10:49:32.792083
10001,1,10001,0.0169478524,2025-12-04T10:49:32.834736
10002,1,10002,0.0169482175,2025-12-04T10:49:32.854753
10003,1,10003,0.0169486142,2025-12-04T10:49:32.927374
10004,1,10004,0.016951425,2025-12-04T10:49:33.000227
10005,1,10005,0.0169470719,2025-12-04T10:49:33.073292
10006,1,10006,0.0169485937,2025-12-04T10:49:33.115619
10007,1,10007,0.0169479846,2025-12-04T10:49:33.158163
