Block,Sample_In_Block,Global_Sample,Voltage_V,Timestamp
1,1,1,-0.00416198698,2025-12-03T16:43:21.225397
2,1,2,-0.00416201725,2025-12-03T16:43:21.298199
3,1,3,-0.00416501984,2025-12-03T16:43:21.370906
4,1,4,-0.00416209967,2025-12-03T16:43:21.443646
5,1,5,-0.00416388502,2025-12-03T16:43:21.485938
6,1,6,-0.00416316976,2025-12-03T16:43:21.528410
7,1,7,-0.00416291784,2025-12-03T16:43:21.601279
8,1,8,-0.00416308967,2025-12-03T16:43:21.673936
9,1,9,-0.00416117999,2025-12-03T16:43:21.746531
10,1,10,-0.00416486663,2025-12-03T16:43:21.788959
11,1,11,-0.00416145473,2025-12-03T16:43:21.831349
12,1,12,-0.00416317209,2025-12-03T16:43:21.851564
13,1,13,-0.0041662096,2025-12-03T16:43:21.924315
14,1,14,-0.00416161073,2025-12-03T16:43:21.997137
15,1,15,-0.00416422914,2025-12-03T16:43:22.069743
16,1,16,-0.00416197348,2025-12-03T16:43:22.112259
17,1,17,-0.00416622497,2025-12-03T16:43:22.154680
18,1,18,-0.00416524056,2025-12-03T16:43:22.227329
19,1,19,-0.00416478049,2025-12-03T16:43:22.324305
20,1,20,-0.00416638702,2025-12-03T16:43:22.372810
21,1,21,-0.0041648345,2025-12-03T16:43:22.415128
22,1,22,-0.00416444148,2025-12-03T16:43:22.457597
23,1,23,-0.0041656224,2025-12-03T16:43:22.530377
24,1,24,-0.00416487315,2025-12-03T16:43:22.603034
25,1,25,-0.00416609086,2025-12-03T16:43:22.675841
26,1,26,-0.00416451692,2025-12-03T16:43:22.718226
27,1,27,-0.00416719261,2025-12-03T16:43:22.760691
28,1,28,-0.00416601169,2025-12-03T16:43:22.780603
29,1,29,-0.00416888855,2025-12-03T16:43:22.853616
30,1,30,-0.00416893232,2025-12-03T16:43:22.926373
31,1,31,-0.00416675815,2025-12-03T16:43:22.998970
32,1,32,-0.00416766433,2025-12-03T16:43:23.041456
33,1,33,-0.00416037905,2025-12-03T16:43:23.084063
34,1,34,-0.004166611,2025-12-03T16:43:23.156582
35,1,35,-0.00414627697,2025-12-03T16:43:23.229296
36,1,36,-0.00416047312,2025-12-03T16:43:23.301912
37,1,37,-0.00416046427,2025-12-03T16:43:23.344416
38,1,38,-0.00415791803,2025-12-03T16:43:23.386868
39,1,39,-0.00410067709,2025-12-03T16:43:23.460607
40,1,40,-0.0040908372,2025-12-03T16:43:23.533390
41,1,41,-0.00409305561,2025-12-03T16:43:23.606079
42,1,42,-0.00408855685,2025-12-03T16:43:23.648478
43,1,43,-0.00408926047,2025-12-03T16:43:23.690918
44,1,44,-0.00411975663,2025-12-03T16:43:23.710749
45,1,45,-0.00408658804,2025-12-03T16:43:23.784162
46,1,46,-0.00409306166,2025-12-03T16:43:23.856559
47,1,47,-0.00409154966,2025-12-03T16:43:23.929226
48,1,48,-0.00409106584,2025-12-03T16:43:23.971690
49,1,49,-0.00409226911,2025-12-03T16:43:24.014125
50,1,50,-0.00409038923,2025-12-03T16:43:24.086788
51,1,51,-0.0040879189,2025-12-03T16:43:24.159541
52,1,52,-0.00408508582,2025-12-03T16:43:24.232302
53,1,53,-0.00409057876,2025-12-03T16:43:24.274651
54,1,54,-0.00408893544,2025-12-03T16:43:24.317184
55,1,55,-0.00408985605,2025-12-03T16:43:24.337125
56,1,56,-0.00409430637,2025-12-03T16:43:24.410085
57,1,57,-0.00408958503,2025-12-03T16:43:24.482823
58,1,58,-0.00409160554,2025-12-03T16:43:24.555446
59,1,59,-0.00408944534,2025-12-03T16:43:24.597863
60,1,60,-0.00409375177,2025-12-03T16:43:24.640380
61,1,61,-0.0040907259,2025-12-03T16:43:24.713043
62,1,62,-0.00409298343,2025-12-03T16:43:24.785755
63,1,63,-0.00409286189,2025-12-03T16:43:24.828216
64,1,64,-0.00409173453,2025-12-03T16:43:24.870588
65,1,65,-0.00409444468,2025-12-03T16:43:24.890514
66,1,66,-0.00409277481,2025-12-03T16:43:24.963469
67,1,67,-0.00409416714,2025-12-03T16:43:25.036158
68,1,68,-0.00409323815,2025-12-03T16:43:25.108919
69,1,69,-0.00409441255,2025-12-03T16:43:25.151337
70,1,70,-0.00409250659,2025-12-03T16:43:25.193793
71,1,71,-0.00409102439,2025-12-03T16:43:25.213790
72,1,72,-0.00409256573,2025-12-03T16:43:25.286772
73,1,73,-0.00409624865,2025-12-03T16:43:25.359405
74,1,74,-0.00409345189,2025-12-03T16:43:25.432118
75,1,75,-0.00409851362,2025-12-03T16:43:25.474583
76,1,76,-0.00409285025,2025-12-03T16:43:25.517071
77,1,77,-0.00409992318,2025-12-03T16:43:25.589774
78,1,78,-0.0041007474,2025-12-03T16:43:25.662330
79,1,79,-0.004092996,2025-12-03T16:43:25.704734
80,1,80,-0.00409315014,2025-12-03T16:43:25.747297
81,1,81,-0.00409268122,2025-12-03T16:43:25.767578
82,1,82,-0.00409159483,2025-12-03T16:43:25.840026
83,1,83,-0.00409563165,2025-12-03T16:43:25.912775
84,1,84,-0.00409182813,2025-12-03T16:43:25.985554
85,1,85,-0.00409676879,2025-12-03T16:43:26.027941
86,1,86,-0.00409359857,2025-12-03T16:43:26.070418
87,1,87,-0.00409258669,2025-12-03T16:43:26.090346
88,1,88,-0.00410187756,2025-12-03T16:43:26.163434
89,1,89,-0.00409089401,2025-12-03T16:43:26.236456
90,1,90,-0.00409480184,2025-12-03T16:43:26.308763
91,1,91,-0.00409053824,2025-12-03T16:43:26.351347
92,1,92,-0.00409302162,2025-12-03T16:43:26.393572
93,1,93,-0.00408953474,2025-12-03T16:43:26.467061
94,1,94,-0.00409129075,2025-12-03T16:43:26.539043
95,1,95,-0.00409156363,2025-12-03T16:43:26.611751
96,1,96,-0.00409259274,2025-12-03T16:43:26.654240
97,1,97,-0.00408915244,2025-12-03T16:43:26.696687
98,1,98,-0.00408947793,2025-12-03T16:43:26.769388
99,1,99,-0.00409720465,2025-12-03T16:43:26.842029
100,1,100,-0.00409504119,2025-12-03T16:43:26.914813
101,1,101,-0.00409533875,2025-12-03T16:43:26.957138
102,1,102,-0.004092752,2025-12-03T16:43:27.000010
103,1,103,-0.00409300532,2025-12-03T16:43:27.019960
104,1,104,-0.0040968745,2025-12-03T16:43:27.092481
105,1,105,-0.00410126149,2025-12-03T16:43:27.165312
106,1,106,-0.00409499276,2025-12-03T16:43:27.238035
107,1,107,-0.00409470824,2025-12-03T16:43:27.280389
108,1,108,-0.00409478088,2025-12-03T16:43:27.322939
109,1,109,-0.00409469055,2025-12-03T16:43:27.397615
110,1,110,-0.0040931655,2025-12-03T16:43:27.470354
111,1,111,-0.00409851828,2025-12-03T16:43:27.543079
112,1,112,-0.00409252289,2025-12-03T16:43:27.585426
113,1,113,-0.00409635389,2025-12-03T16:43:27.627918
114,1,114,-0.00409214105,2025-12-03T16:43:27.700641
115,1,115,-0.00409559207,2025-12-03T16:43:27.773349
116,1,116,-0.00409761862,2025-12-03T16:43:27.846071
117,1,117,-0.00409630825,2025-12-03T16:43:27.888388
118,1,118,-0.00409728521,2025-12-03T16:43:27.930827
119,1,119,-0.0040967795,2025-12-03T16:43:27.950630
120,1,120,-0.00409542117,2025-12-03T16:43:28.023728
121,1,121,-0.00409486284,2025-12-03T16:43:28.096573
122,1,122,-0.00409805821,2025-12-03T16:43:28.169193
123,1,123,-0.00409355945,2025-12-03T16:43:28.211664
124,1,124,-0.00409357016,2025-12-03T16:43:28.254070
125,1,125,-0.00409519346,2025-12-03T16:43:28.273829
126,1,126,-0.00409869011,2025-12-03T16:43:28.347035
127,1,127,-0.00409815739,2025-12-03T16:43:28.419711
128,1,128,-0.00410050759,2025-12-03T16:43:28.462172
129,1,129,-0.00409470219,2025-12-03T16:43:28.504522
130,1,130,-0.00410016905,2025-12-03T16:43:28.577328
131,1,131,-0.00409886054,2025-12-03T16:43:28.649888
132,1,132,-0.00409929594,2025-12-03T16:43:28.722724
133,1,133,-0.0041005928,2025-12-03T16:43:28.765178
134,1,134,-0.00410001073,2025-12-03T16:43:28.807614
135,1,135,-0.00410163169,2025-12-03T16:43:28.882370
136,1,136,-0.0040993723,2025-12-03T16:43:28.955041
137,1,137,-0.00410431018,2025-12-03T16:43:29.027746
138,1,138,-0.00410020397,2025-12-03T16:43:29.070148
139,1,139,-0.00410042284,2025-12-03T16:43:29.112621
140,1,140,-0.0040994035,2025-12-03T16:43:29.132470
141,1,141,-0.00409762514,2025-12-03T16:43:29.205535
142,1,142,-0.00410591112,2025-12-03T16:43:29.278245
143,1,143,-0.00410043029,2025-12-03T16:43:29.350990
144,1,144,-0.00411014398,2025-12-03T16:43:29.393551
145,1,145,-0.00410060491,2025-12-03T16:43:29.435823
146,1,146,-0.00410030176,2025-12-03T16:43:29.455654
147,1,147,-0.0041027381,2025-12-03T16:43:29.528769
148,1,148,-0.00409858068,2025-12-03T16:43:29.601408
149,1,149,-0.00410001864,2025-12-03T16:43:29.643782
150,1,150,-0.00410026498,2025-12-03T16:43:29.686383
151,1,151,-0.00410032412,2025-12-03T16:43:29.706197
152,1,152,-0.00410447129,2025-12-03T16:43:29.779192
153,1,153,-0.00410111807,2025-12-03T16:43:29.851922
154,1,154,-0.00410398608,2025-12-03T16:43:29.924634
155,1,155,-0.00410452438,2025-12-03T16:43:29.967072
156,1,156,-0.00410536676,2025-12-03T16:43:30.009539
157,1,157,-0.00410468876,2025-12-03T16:43:30.083215
158,1,158,-0.00410427153,2025-12-03T16:43:30.155960
159,1,159,-0.00410776818,2025-12-03T16:43:30.228605
160,1,160,-0.00410299003,2025-12-03T16:43:30.271125
161,1,161,-0.00410830881,2025-12-03T16:43:30.313326
162,1,162,-0.0041001439,2025-12-03T16:43:30.386479
163,1,163,-0.0041019218,2025-12-03T16:43:30.474295
164,1,164,-0.00410873023,2025-12-03T16:43:30.532434
165,1,165,-0.00410651415,2025-12-03T16:43:30.574397
166,1,166,-0.00410820823,2025-12-03T16:43:30.616604
167,1,167,-0.00410560145,2025-12-03T16:43:30.636885
168,1,168,-0.00410390924,2025-12-03T16:43:30.709404
169,1,169,-0.00409770291,2025-12-03T16:43:30.783083
170,1,170,-0.00409372197,2025-12-03T16:43:30.854713
171,1,171,-0.00409592082,2025-12-03T16:43:30.897227
172,1,172,-0.00409528519,2025-12-03T16:43:30.939769
173,1,173,-0.00410096067,2025-12-03T16:43:31.012420
174,1,174,-0.0040991567,2025-12-03T16:43:31.085087
175,1,175,-0.00409840932,2025-12-03T16:43:31.157906
176,1,176,-0.00409745005,2025-12-03T16:43:31.200209
177,1,177,-0.00409713108,2025-12-03T16:43:31.242760
178,1,178,-0.00409209122,2025-12-03T16:43:31.315408
179,1,179,-0.00409427983,2025-12-03T16:43:31.388156
180,1,180,-0.0040982645,2025-12-03T16:43:31.460948
181,1,181,-0.00409878278,2025-12-03T16:43:31.503310
182,1,182,-0.00410171458,2025-12-03T16:43:31.545731
183,1,183,-0.00410129642,2025-12-03T16:43:31.565549
184,1,184,-0.00410086289,2025-12-03T16:43:31.638660
185,1,185,-0.00410401588,2025-12-03T16:43:31.711256
186,1,186,-0.00410325312,2025-12-03T16:43:31.783990
187,1,187,-0.00410005403,2025-12-03T16:43:31.826404
188,1,188,-0.00410002563,2025-12-03T16:43:31.868807
189,1,189,-0.00410292996,2025-12-03T16:43:31.941648
190,1,190,-0.00410749623,2025-12-03T16:43:32.014356
191,1,191,-0.00409964332,2025-12-03T16:43:32.086980
192,1,192,-0.00410250108,2025-12-03T16:43:32.129518
193,1,193,-0.00410044053,2025-12-03T16:43:32.171902
194,1,194,-0.00409950641,2025-12-03T16:43:32.244630
195,1,195,-0.00410068174,2025-12-03T16:43:32.317376
196,1,196,-0.00409906543,2025-12-03T16:43:32.390254
197,1,197,-0.00410246616,2025-12-03T16:43:32.432449
198,1,198,-0.00409371312,2025-12-03T16:43:32.474902
199,1,199,-0.00409611267,2025-12-03T16:43:32.494773
200,1,200,-0.00410199584,2025-12-03T16:43:32.567850
201,1,201,-0.00409693131,2025-12-03T16:43:32.640564
202,1,202,-0.00410244893,2025-12-03T16:43:32.713304
203,1,203,-0.0040983879,2025-12-03T16:43:32.755768
204,1,204,-0.00410103332,2025-12-03T16:43:32.798085
205,1,205,-0.00409658532,2025-12-03T16:43:32.870872
206,1,206,-0.00409819139,2025-12-03T16:43:32.943796
207,1,207,-0.00409499416,2025-12-03T16:43:32.986509
208,1,208,-0.00409430079,2025-12-03T16:43:33.028832
209,1,209,-0.00408924184,2025-12-03T16:43:33.048863
210,1,210,-0.00406915508,2025-12-03T16:43:33.121768
211,1,211,-0.004079103,2025-12-03T16:43:33.194452
212,1,212,-0.00407791463,2025-12-03T16:43:33.267058
213,1,213,-0.00407369388,2025-12-03T16:43:33.309228
214,1,214,-0.00407651485,2025-12-03T16:43:33.351660
215,1,215,-0.00407640216,2025-12-03T16:43:33.371968
216,1,216,-0.00407649436,2025-12-03T16:43:33.444922
217,1,217,-0.00407443242,2025-12-03T16:43:33.517277
218,1,218,-0.00407630437,2025-12-03T16:43:33.590004
219,1,219,-0.00408085715,2025-12-03T16:43:33.632363
220,1,220,-0.00407952908,2025-12-03T16:43:33.674805
221,1,221,-0.00408306112,2025-12-03T16:43:33.694776
222,1,222,-0.00408795103,2025-12-03T16:43:33.767746
223,1,223,-0.00408417778,2025-12-03T16:43:33.840413
224,1,224,-0.0040887515,2025-12-03T16:43:33.913169
225,1,225,-0.00409154221,2025-12-03T16:43:33.985888
226,1,226,-0.00408984394,2025-12-03T16:43:34.058529
227,1,227,-0.00409105466,2025-12-03T16:43:34.131299
228,1,228,-0.00407532509,2025-12-03T16:43:34.203955
229,1,229,-0.00408182526,2025-12-03T16:43:34.276793
230,1,230,-0.00408651959,2025-12-03T16:43:34.319052
231,1,231,-0.00408863276,2025-12-03T16:43:34.361635
232,1,232,-0.00408912496,2025-12-03T16:43:34.434275
233,1,233,-0.00408293399,2025-12-03T16:43:34.507052
234,1,234,-0.00408641202,2025-12-03T16:43:34.579775
235,1,235,-0.00408818759,2025-12-03T16:43:34.622084
236,1,236,-0.00408809864,2025-12-03T16:43:34.664574
237,1,237,-0.00408350583,2025-12-03T16:43:34.737367
238,1,238,-0.00408695545,2025-12-03T16:43:34.810027
239,1,239,-0.00408791843,2025-12-03T16:43:34.882789
240,1,240,-0.00408371305,2025-12-03T16:43:34.925155
241,1,241,-0.00409130798,2025-12-03T16:43:34.967630
242,1,242,-0.00408691633,2025-12-03T16:43:34.987360
243,1,243,-0.00408493448,2025-12-03T16:43:35.060471
244,1,244,-0.00409331265,2025-12-03T16:43:35.133156
245,1,245,-0.0040921159,2025-12-03T16:43:35.205889
246,1,246,-0.00409389287,2025-12-03T16:43:35.248288
247,1,247,-0.00409065978,2025-12-03T16:43:35.290762
248,1,248,-0.00409367633,2025-12-03T16:43:35.363534
249,1,249,-0.00409899512,2025-12-03T16:43:35.436209
250,1,250,-0.00409016618,2025-12-03T16:43:35.508998
251,1,251,-0.00409937324,2025-12-03T16:43:35.551401
252,1,252,-0.00409841164,2025-12-03T16:43:35.593819
253,1,253,-0.0040993737,2025-12-03T16:43:35.613786
254,1,254,-0.0040728175,2025-12-03T16:43:35.686781
255,1,255,-0.00407154392,2025-12-03T16:43:35.759480
256,1,256,-0.00407767016,2025-12-03T16:43:35.832099
257,1,257,-0.00408090371,2025-12-03T16:43:35.874564
258,1,258,-0.00408230768,2025-12-03T16:43:35.917102
259,1,259,-0.00408235983,2025-12-03T16:43:35.989789
260,1,260,-0.00408660713,2025-12-03T16:43:36.062475
261,1,261,-0.00409130193,2025-12-03T16:43:36.135178
262,1,262,-0.00408899039,2025-12-03T16:43:36.177532
263,1,263,-0.00409208051,2025-12-03T16:43:36.220029
264,1,264,-0.00409576436,2025-12-03T16:43:36.292731
265,1,265,-0.00410629808,2025-12-03T16:43:36.365442
266,1,266,-0.00410913536,2025-12-03T16:43:36.438109
267,1,267,-0.00411722576,2025-12-03T16:43:36.480579
268,1,268,-0.00410803128,2025-12-03T16:43:36.522997
269,1,269,-0.00410937983,2025-12-03T16:43:36.595772
270,1,270,-0.00410808483,2025-12-03T16:43:36.668435
271,1,271,-0.00410304591,2025-12-03T16:43:36.741166
272,1,272,-0.00409992085,2025-12-03T16:43:36.783619
273,1,273,-0.00409882562,2025-12-03T16:43:36.826035
274,1,274,-0.00409810012,2025-12-03T16:43:36.845746
275,1,275,-0.00409737927,2025-12-03T16:43:36.920960
276,1,276,-0.00409619743,2025-12-03T16:43:36.993633
277,1,277,-0.00409991946,2025-12-03T16:43:37.066398
278,1,278,-0.00409698346,2025-12-03T16:43:37.108716
279,1,279,-0.00409831898,2025-12-03T16:43:37.151235
280,1,280,-0.00409761629,2025-12-03T16:43:37.223908
281,1,281,-0.0040971022,2025-12-03T16:43:37.296728
282,1,282,-0.00409592455,2025-12-03T16:43:37.369416
283,1,283,-0.00409185513,2025-12-03T16:43:37.411778
284,1,284,-0.00409456109,2025-12-03T16:43:37.454296
285,1,285,-0.00409135362,2025-12-03T16:43:37.526951
286,1,286,-0.0040974426,2025-12-03T16:43:37.599772
287,1,287,-0.00409514456,2025-12-03T16:43:37.672333
288,1,288,-0.00409267656,2025-12-03T16:43:37.714813
289,1,289,-0.00409243535,2025-12-03T16:43:37.757584
290,1,290,-0.00409490754,2025-12-03T16:43:37.777434
291,1,291,-0.00409420346,2025-12-03T16:43:37.797354
292,1,292,-0.00409464724,2025-12-03T16:43:37.870409
293,1,293,-0.00409319484,2025-12-03T16:43:37.943001
294,1,294,-0.00409294199,2025-12-03T16:43:38.015724
295,1,295,-0.00409119296,2025-12-03T16:43:38.058209
296,1,296,-0.00409376155,2025-12-03T16:43:38.100671
297,1,297,-0.00409354642,2025-12-03T16:43:38.173366
298,1,298,-0.00409460999,2025-12-03T16:43:38.246155
299,1,299,-0.00409355852,2025-12-03T16:43:38.318724
300,1,300,-0.00409229425,2025-12-03T16:43:38.361263
301,1,301,-0.00409183604,2025-12-03T16:43:38.403591
302,1,302,-0.00409696949,2025-12-03T16:43:38.476372
303,1,303,-0.00409273756,2025-12-03T16:43:38.549012
304,1,304,-0.00409494386,2025-12-03T16:43:38.621819
305,1,305,-0.00409521441,2025-12-03T16:43:38.664167
306,1,306,-0.0040795044,2025-12-03T16:43:38.706643
307,1,307,-0.00407846271,2025-12-03T16:43:38.779297
308,1,308,-0.00407651765,2025-12-03T16:43:38.852129
309,1,309,-0.00407938798,2025-12-03T16:43:38.924756
310,1,310,-0.00407793326,2025-12-03T16:43:38.967251
311,1,311,-0.00407714117,2025-12-03T16:43:39.009529
312,1,312,-0.00407534651,2025-12-03T16:43:39.029365
313,1,313,-0.00407930696,2025-12-03T16:43:39.102549
314,1,314,-0.00407712161,2025-12-03T16:43:39.175277
315,1,315,-0.00407821452,2025-12-03T16:43:39.247988
316,1,316,-0.004077001,2025-12-03T16:43:39.290448
317,1,317,-0.00407878914,2025-12-03T16:43:39.332900
318,1,318,-0.00408017262,2025-12-03T16:43:39.407072
319,1,319,-0.00407696189,2025-12-03T16:43:39.479352
320,1,320,-0.00408176379,2025-12-03T16:43:39.552514
321,1,321,-0.00407878309,2025-12-03T16:43:39.594448
322,1,322,-0.00407919287,2025-12-03T16:43:39.637321
323,1,323,-0.00407790718,2025-12-03T16:43:39.657740
324,1,324,-0.00407885387,2025-12-03T16:43:39.730348
325,1,325,-0.00408460665,2025-12-03T16:43:39.802577
326,1,326,-0.00408323202,2025-12-03T16:43:39.875621
327,1,327,-0.00408436078,2025-12-03T16:43:39.918145
328,1,328,-0.00408022245,2025-12-03T16:43:39.960071
329,1,329,-0.00408060802,2025-12-03T16:43:40.032853
330,1,330,-0.00408186856,2025-12-03T16:43:40.106121
331,1,331,-0.00407885527,2025-12-03T16:43:40.178561
332,1,332,-0.00409441208,2025-12-03T16:43:40.220886
333,1,333,-0.00407703267,2025-12-03T16:43:40.263863
334,1,334,-0.00408333493,2025-12-03T16:43:40.336375
335,1,335,-0.00408179732,2025-12-03T16:43:40.409145
336,1,336,-0.00408304622,2025-12-03T16:43:40.481219
337,1,337,-0.00408322224,2025-12-03T16:43:40.523774
338,1,338,-0.00408417964,2025-12-03T16:43:40.566216
339,1,339,-0.0040864367,2025-12-03T16:43:40.641282
340,1,340,-0.0040957476,2025-12-03T16:43:40.713727
341,1,341,-0.00408488046,2025-12-03T16:43:40.786774
342,1,342,-0.00408016843,2025-12-03T16:43:40.828804
343,1,343,-0.00408313609,2025-12-03T16:43:40.871454
344,1,344,-0.00408202409,2025-12-03T16:43:40.891811
345,1,345,-0.00407905969,2025-12-03T16:43:40.964189
346,1,346,-0.004084751,2025-12-03T16:43:41.037259
347,1,347,-0.00408286461,2025-12-03T16:43:41.109857
348,1,348,-0.0040849219,2025-12-03T16:43:41.152201
349,1,349,-0.00407943548,2025-12-03T16:43:41.194667
350,1,350,-0.00408048229,2025-12-03T16:43:41.214523
351,1,351,-0.00408161152,2025-12-03T16:43:41.287183
352,1,352,-0.00408250512,2025-12-03T16:43:41.359931
353,1,353,-0.00409920187,2025-12-03T16:43:41.432684
354,1,354,-0.00408678827,2025-12-03T16:43:41.474990
355,1,355,-0.00409135641,2025-12-03T16:43:41.517513
356,1,356,-0.00411119498,2025-12-03T16:43:41.590200
357,1,357,-0.00411027949,2025-12-03T16:43:41.663016
358,1,358,-0.00411144783,2025-12-03T16:43:41.735670
359,1,359,-0.00410069711,2025-12-03T16:43:41.778100
360,1,360,-0.00410366943,2025-12-03T16:43:41.820572
361,1,361,-0.00410024449,2025-12-03T16:43:41.893156
362,1,362,-0.00409560976,2025-12-03T16:43:41.965862
363,1,363,-0.00410161027,2025-12-03T16:43:42.038616
364,1,364,-0.00409958977,2025-12-03T16:43:42.081101
365,1,365,-0.00410351017,2025-12-03T16:43:42.123489
366,1,366,-0.00409770477,2025-12-03T16:43:42.196269
367,1,367,-0.00409794319,2025-12-03T16:43:42.268916
368,1,368,-0.00410158652,2025-12-03T16:43:42.341604
369,1,369,-0.0041011814,2025-12-03T16:43:42.384070
370,1,370,-0.00410007126,2025-12-03T16:43:42.426499
371,1,371,-0.0041003907,2025-12-03T16:43:42.446284
372,1,372,-0.00408878643,2025-12-03T16:43:42.519318
373,1,373,-0.00410504778,2025-12-03T16:43:42.592049
374,1,374,-0.00409889221,2025-12-03T16:43:42.664807
375,1,375,-0.00410118093,2025-12-03T16:43:42.707213
376,1,376,-0.00410200376,2025-12-03T16:43:42.749644
377,1,377,-0.0041020303,2025-12-03T16:43:42.769364
378,1,378,-0.00410030409,2025-12-03T16:43:42.842618
379,1,379,-0.0040963022,2025-12-03T16:43:42.915348
380,1,380,-0.00410278234,2025-12-03T16:43:42.957776
381,1,381,-0.00410039164,2025-12-03T16:43:43.000196
382,1,382,-0.00409987475,2025-12-03T16:43:43.075953
383,1,383,-0.00409460905,2025-12-03T16:43:43.148659
384,1,384,-0.00410071946,2025-12-03T16:43:43.221375
385,1,385,-0.00409601256,2025-12-03T16:43:43.263829
386,1,386,-0.00409881398,2025-12-03T16:43:43.306293
387,1,387,-0.00409961352,2025-12-03T16:43:43.326093
388,1,388,-0.00409770617,2025-12-03T16:43:43.399090
389,1,389,-0.00410438794,2025-12-03T16:43:43.471855
390,1,390,-0.00410236744,2025-12-03T16:43:43.544582
391,1,391,-0.00410234183,2025-12-03T16:43:43.586977
392,1,392,-0.00409991061,2025-12-03T16:43:43.629390
393,1,393,-0.00409756554,2025-12-03T16:43:43.649326
394,1,394,-0.00410530949,2025-12-03T16:43:43.722368
395,1,395,-0.00410238606,2025-12-03T16:43:43.795085
396,1,396,-0.00410200469,2025-12-03T16:43:43.867737
397,1,397,-0.00410338304,2025-12-03T16:43:43.910165
398,1,398,-0.00410151062,2025-12-03T16:43:43.952548
399,1,399,-0.00410413881,2025-12-03T16:43:44.025355
400,1,400,-0.00408388115,2025-12-03T16:43:44.098107
401,1,401,-0.00408462109,2025-12-03T16:43:44.170770
402,1,402,-0.00408227415,2025-12-03T16:43:44.213095
403,1,403,-0.0040883054,2025-12-03T16:43:44.255618
404,1,404,-0.00408485159,2025-12-03T16:43:44.328307
405,1,405,-0.0040870388,2025-12-03T16:43:44.401098
406,1,406,-0.00409321533,2025-12-03T16:43:44.473768
407,1,407,-0.00408766465,2025-12-03T16:43:44.516215
408,1,408,-0.00409375363,2025-12-03T16:43:44.558620
409,1,409,-0.00409423559,2025-12-03T16:43:44.578442
410,1,410,-0.00410202378,2025-12-03T16:43:44.651548
411,1,411,-0.0041034827,2025-12-03T16:43:44.724282
412,1,412,-0.00410257326,2025-12-03T16:43:44.797020
413,1,413,-0.00410717818,2025-12-03T16:43:44.839338
414,1,414,-0.00410314975,2025-12-03T16:43:44.881863
415,1,415,-0.00410420401,2025-12-03T16:43:44.954580
416,1,416,-0.00410584174,2025-12-03T16:43:45.027255
417,1,417,-0.00410361727,2025-12-03T16:43:45.099927
418,1,418,-0.00410305708,2025-12-03T16:43:45.142440
419,1,419,-0.00410397304,2025-12-03T16:43:45.184832
420,1,420,-0.00410719309,2025-12-03T16:43:45.204834
421,1,421,-0.00411398336,2025-12-03T16:43:45.277696
422,1,422,-0.00411541294,2025-12-03T16:43:45.375144
423,1,423,-0.00412067491,2025-12-03T16:43:45.423192
424,1,424,-0.00411762809,2025-12-03T16:43:45.495920
425,1,425,-0.00411731796,2025-12-03T16:43:45.568650
426,1,426,-0.00411700271,2025-12-03T16:43:45.641286
427,1,427,-0.00411073165,2025-12-03T16:43:45.713919
428,1,428,-0.00408764462,2025-12-03T16:43:45.786757
429,1,429,-0.00409296108,2025-12-03T16:43:45.859535
430,1,430,-0.00408969027,2025-12-03T16:43:45.901868
431,1,431,-0.00409524748,2025-12-03T16:43:45.944293
432,1,432,-0.00409373454,2025-12-03T16:43:45.964094
433,1,433,-0.00409299088,2025-12-03T16:43:45.983954
434,1,434,-0.00409544771,2025-12-03T16:43:46.003809
435,1,435,-0.00409786403,2025-12-03T16:43:46.023778
436,1,436,-0.00409586448,2025-12-03T16:43:46.096891
437,1,437,-0.00409235898,2025-12-03T16:43:46.169514
438,1,438,-0.0040965327,2025-12-03T16:43:46.242386
439,1,439,-0.00409248331,2025-12-03T16:43:46.284732
440,1,440,-0.00409435527,2025-12-03T16:43:46.327118
441,1,441,-0.00409362697,2025-12-03T16:43:46.346934
442,1,442,-0.00409215874,2025-12-03T16:43:46.419972
443,1,443,-0.00409497413,2025-12-03T16:43:46.492758
444,1,444,-0.00409252382,2025-12-03T16:43:46.535182
445,1,445,-0.00409237574,2025-12-03T16:43:46.577645
446,1,446,-0.00409642187,2025-12-03T16:43:46.597647
447,1,447,-0.00409767962,2025-12-03T16:43:46.670573
448,1,448,-0.00409845402,2025-12-03T16:43:46.743330
449,1,449,-0.00409729965,2025-12-03T16:43:46.816015
450,1,450,-0.0041133752,2025-12-03T16:43:46.858232
451,1,451,-0.00408800086,2025-12-03T16:43:46.900856
452,1,452,-0.00408991798,2025-12-03T16:43:46.973558
453,1,453,-0.00408960878,2025-12-03T16:43:47.046249
454,1,454,-0.00408410374,2025-12-03T16:43:47.118943
455,1,455,-0.00408850423,2025-12-03T16:43:47.161371
456,1,456,-0.00408748444,2025-12-03T16:43:47.203828
457,1,457,-0.0040909457,2025-12-03T16:43:47.276584
458,1,458,-0.00408994918,2025-12-03T16:43:47.349308
459,1,459,-0.00408880738,2025-12-03T16:43:47.422011
460,1,460,-0.00408871611,2025-12-03T16:43:47.464307
461,1,461,-0.00408936385,2025-12-03T16:43:47.506850
462,1,462,-0.00407664291,2025-12-03T16:43:47.580506
463,1,463,-0.00408686418,2025-12-03T16:43:47.653238
464,1,464,-0.00409092521,2025-12-03T16:43:47.726026
465,1,465,-0.00408708211,2025-12-03T16:43:47.768332
466,1,466,-0.00409128982,2025-12-03T16:43:47.810813
467,1,467,-0.00409128237,2025-12-03T16:43:47.830794
468,1,468,-0.00409078458,2025-12-03T16:43:47.903773
469,1,469,-0.00409349659,2025-12-03T16:43:47.976432
470,1,470,-0.00409078877,2025-12-03T16:43:48.049118
471,1,471,-0.0040884437,2025-12-03T16:43:48.091622
472,1,472,-0.0040873154,2025-12-03T16:43:48.133990
473,1,473,-0.00408680038,2025-12-03T16:43:48.153842
474,1,474,-0.00409465702,2025-12-03T16:43:48.226931
475,1,475,-0.00409208657,2025-12-03T16:43:48.299743
476,1,476,-0.00409257225,2025-12-03T16:43:48.372438
477,1,477,-0.00409333966,2025-12-03T16:43:48.414855
478,1,478,-0.00409262673,2025-12-03T16:43:48.457247
479,1,479,-0.00409534666,2025-12-03T16:43:48.530031
480,1,480,-0.00409118365,2025-12-03T16:43:48.602571
481,1,481,-0.00409668637,2025-12-03T16:43:48.675401
482,1,482,-0.00409682933,2025-12-03T16:43:48.717764
483,1,483,-0.00410406012,2025-12-03T16:43:48.760290
484,1,484,-0.00411060312,2025-12-03T16:43:48.832909
485,1,485,-0.00410925038,2025-12-03T16:43:48.905678
486,1,486,-0.00410972582,2025-12-03T16:43:48.978324
487,1,487,-0.00410657748,2025-12-03T16:43:49.020829
488,1,488,-0.00410889647,2025-12-03T16:43:49.063214
489,1,489,-0.00410860124,2025-12-03T16:43:49.083104
490,1,490,-0.00410980032,2025-12-03T16:43:49.156160
491,1,491,-0.00411300454,2025-12-03T16:43:49.228915
492,1,492,-0.00410933094,2025-12-03T16:43:49.301635
493,1,493,-0.00411111256,2025-12-03T16:43:49.344049
494,1,494,-0.00410805409,2025-12-03T16:43:49.386460
495,1,495,-0.00411044294,2025-12-03T16:43:49.459188
496,1,496,-0.00411020312,2025-12-03T16:43:49.531851
497,1,497,-0.00410209549,2025-12-03T16:43:49.604629
498,1,498,-0.0041050096,2025-12-03T16:43:49.647039
499,1,499,-0.00410556094,2025-12-03T16:43:49.689474
500,1,500,-0.00410968996,2025-12-03T16:43:49.709393
501,1,501,-0.00410979567,2025-12-03T16:43:49.782390
502,1,502,-0.0041097314,2025-12-03T16:43:49.855112
503,1,503,-0.00411237217,2025-12-03T16:43:49.927812
504,1,504,-0.0041093016,2025-12-03T16:43:49.970279
505,1,505,-0.00411162478,2025-12-03T16:43:50.012684
506,1,506,-0.0040923804,2025-12-03T16:43:50.085381
507,1,507,-0.00409560557,2025-12-03T16:43:50.158089
508,1,508,-0.00409460207,2025-12-03T16:43:50.230732
509,1,509,-0.00409303605,2025-12-03T16:43:50.273182
510,1,510,-0.00409411033,2025-12-03T16:43:50.315587
511,1,511,-0.00409156503,2025-12-03T16:43:50.388425
512,1,512,-0.00409676134,2025-12-03T16:43:50.461087
513,1,513,-0.00409523397,2025-12-03T16:43:50.503488
514,1,514,-0.00409699743,2025-12-03T16:43:50.545905
515,1,515,-0.00409540394,2025-12-03T16:43:50.565792
516,1,516,-0.00409107003,2025-12-03T16:43:50.638890
517,1,517,-0.00409619975,2025-12-03T16:43:50.711559
518,1,518,-0.00409494712,2025-12-03T16:43:50.784301
519,1,519,-0.00409270962,2025-12-03T16:43:50.826777
520,1,520,-0.00409422814,2025-12-03T16:43:50.869188
521,1,521,-0.00409295829,2025-12-03T16:43:50.889091
522,1,522,-0.00409756973,2025-12-03T16:43:50.961955
523,1,523,-0.00409441348,2025-12-03T16:43:51.034801
524,1,524,-0.00409149425,2025-12-03T16:43:51.107499
525,1,525,-0.00409481162,2025-12-03T16:43:51.149903
526,1,526,-0.00409241532,2025-12-03T16:43:51.192362
527,1,527,-0.00409416481,2025-12-03T16:43:51.268012
528,1,528,-0.00409314408,2025-12-03T16:43:51.340765
529,1,529,-0.00409510359,2025-12-03T16:43:51.413529
530,1,530,-0.00409239437,2025-12-03T16:43:51.455976
531,1,531,-0.00409518741,2025-12-03T16:43:51.498333
532,1,532,-0.00409223651,2025-12-03T16:43:51.571060
533,1,533,-0.00409578764,2025-12-03T16:43:51.643851
534,1,534,-0.00409991201,2025-12-03T16:43:51.716555
535,1,535,-0.00409925822,2025-12-03T16:43:51.758964
536,1,536,-0.00409687124,2025-12-03T16:43:51.801404
537,1,537,-0.00409501045,2025-12-03T16:43:51.821215
538,1,538,-0.00409666914,2025-12-03T16:43:51.894312
539,1,539,-0.00409646099,2025-12-03T16:43:51.967000
540,1,540,-0.00409519299,2025-12-03T16:43:52.039775
541,1,541,-0.00409726193,2025-12-03T16:43:52.082187
542,1,542,-0.00409329449,2025-12-03T16:43:52.124592
543,1,543,-0.00409912783,2025-12-03T16:43:52.197297
544,1,544,-0.00409541977,2025-12-03T16:43:52.269967
545,1,545,-0.00409409916,2025-12-03T16:43:52.342774
546,1,546,-0.00409700348,2025-12-03T16:43:52.385153
547,1,547,-0.0040946952,2025-12-03T16:43:52.427518
548,1,548,-0.00409536808,2025-12-03T16:43:52.500380
549,1,549,-0.00409493222,2025-12-03T16:43:52.572989
550,1,550,-0.00409634876,2025-12-03T16:43:52.645727
551,1,551,-0.00409299274,2025-12-03T16:43:52.688170
552,1,552,-0.00409827334,2025-12-03T16:43:52.730595
553,1,553,-0.00409494806,2025-12-03T16:43:52.750473
554,1,554,-0.00409484328,2025-12-03T16:43:52.823524
555,1,555,-0.00410634279,2025-12-03T16:43:52.896204
556,1,556,-0.00409364653,2025-12-03T16:43:52.968967
557,1,557,-0.00409326702,2025-12-03T16:43:53.011372
558,1,558,-0.00409335736,2025-12-03T16:43:53.053825
559,1,559,-0.00409544259,2025-12-03T16:43:53.126581
560,1,560,-0.00409462535,2025-12-03T16:43:53.199193
561,1,561,-0.00409468216,2025-12-03T16:43:53.271853
562,1,562,-0.00409735552,2025-12-03T16:43:53.314254
563,1,563,-0.0040941406,2025-12-03T16:43:53.356797
564,1,564,-0.00409434316,2025-12-03T16:43:53.376831
565,1,565,-0.00409394176,2025-12-03T16:43:53.449787
566,1,566,-0.00409343605,2025-12-03T16:43:53.522367
567,1,567,-0.00409412709,2025-12-03T16:43:53.595099
568,1,568,-0.00409725168,2025-12-03T16:43:53.637522
569,1,569,-0.00409585377,2025-12-03T16:43:53.679962
570,1,570,-0.00409763772,2025-12-03T16:43:53.752784
571,1,571,-0.00409503839,2025-12-03T16:43:53.825355
572,1,572,-0.00409775832,2025-12-03T16:43:53.898116
573,1,573,-0.00409485632,2025-12-03T16:43:53.940599
574,1,574,-0.00409721955,2025-12-03T16:43:53.982964
575,1,575,-0.00409491127,2025-12-03T16:43:54.055781
576,1,576,-0.00409571314,2025-12-03T16:43:54.128364
577,1,577,-0.00409577647,2025-12-03T16:43:54.201191
578,1,578,-0.00409246515,2025-12-03T16:43:54.243743
579,1,579,-0.00409445865,2025-12-03T16:43:54.286005
580,1,580,-0.00409367168,2025-12-03T16:43:54.305838
581,1,581,-0.00408998271,2025-12-03T16:43:54.378945
582,1,582,-0.00409375643,2025-12-03T16:43:54.451571
583,1,583,-0.00409178109,2025-12-03T16:43:54.524357
584,1,584,-0.00409609545,2025-12-03T16:43:54.566805
585,1,585,-0.00409244792,2025-12-03T16:43:54.609133
586,1,586,-0.00409779371,2025-12-03T16:43:54.681953
587,1,587,-0.00409533223,2025-12-03T16:43:54.754602
588,1,588,-0.00409395992,2025-12-03T16:43:54.827367
589,1,589,-0.0040943548,2025-12-03T16:43:54.869734
590,1,590,-0.0040933825,2025-12-03T16:43:54.912244
591,1,591,-0.00409521861,2025-12-03T16:43:54.987875
592,1,592,-0.00409423746,2025-12-03T16:43:55.060619
593,1,593,-0.00409712316,2025-12-03T16:43:55.133313
594,1,594,-0.00409216945,2025-12-03T16:43:55.175696
595,1,595,-0.00409300904,2025-12-03T16:43:55.218097
596,1,596,-0.00409412337,2025-12-03T16:43:55.237995
597,1,597,-0.00409208657,2025-12-03T16:43:55.311195
598,1,598,-0.00409774202,2025-12-03T16:43:55.383903
599,1,599,-0.00409533502,2025-12-03T16:43:55.456785
600,1,600,-0.00409670453,2025-12-03T16:43:55.499017
601,1,601,-0.00409264257,2025-12-03T16:43:55.541464
602,1,602,-0.00409405771,2025-12-03T16:43:55.614159
603,1,603,-0.00409415178,2025-12-03T16:43:55.686842
604,1,604,-0.0040912046,2025-12-03T16:43:55.759639
605,1,605,-0.00409135082,2025-12-03T16:43:55.801932
606,1,606,-0.00409698532,2025-12-03T16:43:55.844385
607,1,607,-0.00408734427,2025-12-03T16:43:55.864252
608,1,608,-0.00409303139,2025-12-03T16:43:55.937327
609,1,609,-0.00409080786,2025-12-03T16:43:56.009963
610,1,610,-0.00409631384,2025-12-03T16:43:56.082798
611,1,611,-0.00409018434,2025-12-03T16:43:56.125229
612,1,612,-0.00409457506,2025-12-03T16:43:56.167670
613,1,613,-0.00409752037,2025-12-03T16:43:56.240345
614,1,614,-0.0040965313,2025-12-03T16:43:56.313017
615,1,615,-0.00409833015,2025-12-03T16:43:56.385732
616,1,616,-0.00409385235,2025-12-03T16:43:56.428179
617,1,617,-0.00409817788,2025-12-03T16:43:56.470663
618,1,618,-0.00409600278,2025-12-03T16:43:56.543352
619,1,619,-0.00409571127,2025-12-03T16:43:56.616132
620,1,620,-0.0040966887,2025-12-03T16:43:56.688836
621,1,621,-0.00409545423,2025-12-03T16:43:56.731249
622,1,622,-0.00409627053,2025-12-03T16:43:56.773693
623,1,623,-0.00410065101,2025-12-03T16:43:56.793390
624,1,624,-0.00413987319,2025-12-03T16:43:56.866549
625,1,625,-0.00409507472,2025-12-03T16:43:56.939274
626,1,626,-0.00409561628,2025-12-03T16:43:57.012015
627,1,627,-0.00409812154,2025-12-03T16:43:57.054409
628,1,628,-0.00409540627,2025-12-03T16:43:57.096866
629,1,629,-0.00409272313,2025-12-03T16:43:57.116655
630,1,630,-0.00409721443,2025-12-03T16:43:57.189781
631,1,631,-0.00409415224,2025-12-03T16:43:57.262406
632,1,632,-0.00409804936,2025-12-03T16:43:57.335228
633,1,633,-0.00409392872,2025-12-03T16:43:57.407934
634,1,634,-0.00408967956,2025-12-03T16:43:57.450393
635,1,635,-0.00409182673,2025-12-03T16:43:57.492902
636,1,636,-0.00409312546,2025-12-03T16:43:57.512827
637,1,637,-0.0040963334,2025-12-03T16:43:57.532778
638,1,638,-0.00409698346,2025-12-03T16:43:57.552659
639,1,639,-0.00409540254,2025-12-03T16:43:57.632292
640,1,640,-0.00409839348,2025-12-03T16:43:57.697876
641,1,641,-0.00409570522,2025-12-03T16:43:57.770544
642,1,642,-0.00409287819,2025-12-03T16:43:57.812953
643,1,643,-0.00410320283,2025-12-03T16:43:57.855369
644,1,644,-0.0040938151,2025-12-03T16:43:57.875261
645,1,645,-0.00409445958,2025-12-03T16:43:57.948298
646,1,646,-0.00409516505,2025-12-03T16:43:58.020922
647,1,647,-0.0040939534,2025-12-03T16:43:58.093780
648,1,648,-0.00409537879,2025-12-03T16:43:58.166464
649,1,649,-0.00409570802,2025-12-03T16:43:58.208850
650,1,650,-0.00409931456,2025-12-03T16:43:58.251264
651,1,651,-0.00409570476,2025-12-03T16:43:58.271131
652,1,652,-0.0040963767,2025-12-03T16:43:58.291054
653,1,653,-0.00409297924,2025-12-03T16:43:58.310884
654,1,654,-0.00409341417,2025-12-03T16:43:58.330778
655,1,655,-0.00409485166,2025-12-03T16:43:58.403853
656,1,656,-0.0040970887,2025-12-03T16:43:58.476546
657,1,657,-0.00409676786,2025-12-03T16:43:58.549147
658,1,658,-0.00409770663,2025-12-03T16:43:58.591589
659,1,659,-0.00409659277,2025-12-03T16:43:58.634104
660,1,660,-0.00409770105,2025-12-03T16:43:58.707802
661,1,661,-0.00408893125,2025-12-03T16:43:58.780408
662,1,662,-0.00409766798,2025-12-03T16:43:58.853195
663,1,663,-0.00409150077,2025-12-03T16:43:58.895702
664,1,664,-0.0040945704,2025-12-03T16:43:58.938014
665,1,665,-0.00409370101,2025-12-03T16:43:58.957766
666,1,666,-0.00409299321,2025-12-03T16:43:59.030958
667,1,667,-0.00409739371,2025-12-03T16:43:59.103742
668,1,668,-0.0040942342,2025-12-03T16:43:59.176363
669,1,669,-0.00409769266,2025-12-03T16:43:59.218887
670,1,670,-0.00409573642,2025-12-03T16:43:59.261294
671,1,671,-0.00409662211,2025-12-03T16:43:59.334008
672,1,672,-0.00409372244,2025-12-03T16:43:59.406776
673,1,673,-0.00409351335,2025-12-03T16:43:59.479470
674,1,674,-0.00409597996,2025-12-03T16:43:59.521827
675,1,675,-0.00409317156,2025-12-03T16:43:59.564297
676,1,676,-0.0040955618,2025-12-03T16:43:59.584137
677,1,677,-0.00409433105,2025-12-03T16:43:59.657152
678,1,678,-0.0040884735,2025-12-03T16:43:59.729843
679,1,679,-0.00409237248,2025-12-03T16:43:59.772396
680,1,680,-0.00409071426,2025-12-03T16:43:59.814818
681,1,681,-0.00409249821,2025-12-03T16:43:59.834602
682,1,682,-0.00409339368,2025-12-03T16:43:59.907681
683,1,683,-0.00409008469,2025-12-03T16:43:59.980398
684,1,684,-0.00409490428,2025-12-03T16:44:00.053100
685,1,685,-0.00409117154,2025-12-03T16:44:00.095530
686,1,686,-0.00409978721,2025-12-03T16:44:00.138009
687,1,687,-0.00409287121,2025-12-03T16:44:00.210616
688,1,688,-0.00409322418,2025-12-03T16:44:00.283415
689,1,689,-0.0040923329,2025-12-03T16:44:00.356065
690,1,690,-0.00409161858,2025-12-03T16:44:00.398573
691,1,691,-0.00409559952,2025-12-03T16:44:00.440972
692,1,692,-0.00409382535,2025-12-03T16:44:00.460747
693,1,693,-0.0040927371,2025-12-03T16:44:00.533896
694,1,694,-0.00409334525,2025-12-03T16:44:00.606617
695,1,695,-0.00409078691,2025-12-03T16:44:00.679393
696,1,696,-0.00409492058,2025-12-03T16:44:00.721785
697,1,697,-0.00409230403,2025-12-03T16:44:00.764184
698,1,698,-0.00409324094,2025-12-03T16:44:00.784062
699,1,699,-0.00409701792,2025-12-03T16:44:00.803953
700,1,700,-0.00409410288,2025-12-03T16:44:00.823744
701,1,701,-0.00409411825,2025-12-03T16:44:00.843592
702,1,702,-0.00409217318,2025-12-03T16:44:00.863484
703,1,703,-0.00409436319,2025-12-03T16:44:00.935841
704,1,704,-0.00409300345,2025-12-03T16:44:01.008596
705,1,705,-0.00409220112,2025-12-03T16:44:01.081361
706,1,706,-0.00409249542,2025-12-03T16:44:01.123739
707,1,707,-0.00409087259,2025-12-03T16:44:01.166174
708,1,708,-0.00409140484,2025-12-03T16:44:01.185944
709,1,709,-0.0040947413,2025-12-03T16:44:01.259100
710,1,710,-0.00409266678,2025-12-03T16:44:01.331777
711,1,711,-0.00409780815,2025-12-03T16:44:01.404454
712,1,712,-0.00409288378,2025-12-03T16:44:01.446819
713,1,713,-0.00409471755,2025-12-03T16:44:01.489281
714,1,714,-0.00409279949,2025-12-03T16:44:01.561991
715,1,715,-0.0040956512,2025-12-03T16:44:01.634718
716,1,716,-0.00409231381,2025-12-03T16:44:01.707448
717,1,717,-0.00409104535,2025-12-03T16:44:01.749868
718,1,718,-0.00409526051,2025-12-03T16:44:01.792350
719,1,719,-0.00409465096,2025-12-03T16:44:01.812412
720,1,720,-0.00409425236,2025-12-03T16:44:01.832260
721,1,721,-0.0040948661,2025-12-03T16:44:01.852129
722,1,722,-0.00409674923,2025-12-03T16:44:01.871960
723,1,723,-0.00409378809,2025-12-03T16:44:01.891957
724,1,724,-0.00409405957,2025-12-03T16:44:01.965027
725,1,725,-0.00409816764,2025-12-03T16:44:02.037803
726,1,726,-0.0040969965,2025-12-03T16:44:02.110475
727,1,727,-0.00409389939,2025-12-03T16:44:02.152997
728,1,728,-0.0040936782,2025-12-03T16:44:02.195352
729,1,729,-0.00409638555,2025-12-03T16:44:02.268079
730,1,730,-0.00410204427,2025-12-03T16:44:02.340777
731,1,731,-0.00410047452,2025-12-03T16:44:02.413518
732,1,732,-0.0041031125,2025-12-03T16:44:02.455889
733,1,733,-0.00409566331,2025-12-03T16:44:02.498360
734,1,734,-0.0040976135,2025-12-03T16:44:02.518187
735,1,735,-0.004099017,2025-12-03T16:44:02.591281
736,1,736,-0.00409930804,2025-12-03T16:44:02.663910
737,1,737,-0.00409826776,2025-12-03T16:44:02.736835
738,1,738,-0.00409872084,2025-12-03T16:44:02.779163
739,1,739,-0.00408489443,2025-12-03T16:44:02.821885
740,1,740,-0.00410232553,2025-12-03T16:44:02.894223
741,1,741,-0.00409852201,2025-12-03T16:44:02.967353
742,1,742,-0.00410250155,2025-12-03T16:44:03.040087
743,1,743,-0.00410313298,2025-12-03T16:44:03.112793
744,1,744,-0.00410189572,2025-12-03T16:44:03.185633
745,1,745,-0.00410307431,2025-12-03T16:44:03.258434
746,1,746,-0.00409900909,2025-12-03T16:44:03.331038
747,1,747,-0.00410184031,2025-12-03T16:44:03.403332
748,1,748,-0.00409953854,2025-12-03T16:44:03.445886
749,1,749,-0.00409621372,2025-12-03T16:44:03.488210
750,1,750,-0.00409315712,2025-12-03T16:44:03.561959
751,1,751,-0.00409585237,2025-12-03T16:44:03.634939
752,1,752,-0.00410480238,2025-12-03T16:44:03.707835
753,1,753,-0.00409790268,2025-12-03T16:44:03.749766
754,1,754,-0.00409906683,2025-12-03T16:44:03.792077
755,1,755,-0.00410016812,2025-12-03T16:44:03.811996
756,1,756,-0.0040958086,2025-12-03T16:44:03.885182
757,1,757,-0.00409998605,2025-12-03T16:44:03.957774
758,1,758,-0.00410540634,2025-12-03T16:44:04.030512
759,1,759,-0.00409349752,2025-12-03T16:44:04.072959
760,1,760,-0.00409385934,2025-12-03T16:44:04.115297
761,1,761,-0.0040951427,2025-12-03T16:44:04.135114
762,1,762,-0.00409815832,2025-12-03T16:44:04.208534
763,1,763,-0.00409542536,2025-12-03T16:44:04.280989
764,1,764,-0.00409808941,2025-12-03T16:44:04.353585
765,1,765,-0.00409854343,2025-12-03T16:44:04.396147
766,1,766,-0.00409754877,2025-12-03T16:44:04.438514
767,1,767,-0.00410168198,2025-12-03T16:44:04.511123
768,1,768,-0.00409237667,2025-12-03T16:44:04.584040
769,1,769,-0.00410058768,2025-12-03T16:44:04.656783
770,1,770,-0.0040982142,2025-12-03T16:44:04.699161
771,1,771,-0.00410282518,2025-12-03T16:44:04.741506
772,1,772,-0.00410021981,2025-12-03T16:44:04.814222
773,1,773,-0.00409892527,2025-12-03T16:44:04.887024
774,1,774,-0.0041009169,2025-12-03T16:44:04.959773
775,1,775,-0.00409832969,2025-12-03T16:44:05.002092
776,1,776,-0.00410206289,2025-12-03T16:44:05.044550
777,1,777,-0.00409863935,2025-12-03T16:44:05.117279
778,1,778,-0.00410154042,2025-12-03T16:44:05.190003
779,1,779,-0.00410074694,2025-12-03T16:44:05.262778
780,1,780,-0.00409927591,2025-12-03T16:44:05.305188
781,1,781,-0.00410045078,2025-12-03T16:44:05.347506
782,1,782,-0.00410034414,2025-12-03T16:44:05.367361
783,1,783,-0.00410128943,2025-12-03T16:44:05.440549
784,1,784,-0.00410068081,2025-12-03T16:44:05.513241
785,1,785,-0.00409802654,2025-12-03T16:44:05.585941
786,1,786,-0.00410032784,2025-12-03T16:44:05.628384
787,1,787,-0.00409899558,2025-12-03T16:44:05.670810
788,1,788,-0.00410109944,2025-12-03T16:44:05.746432
789,1,789,-0.0040985411,2025-12-03T16:44:05.819215
790,1,790,-0.00410280935,2025-12-03T16:44:05.891875
791,1,791,-0.00409840466,2025-12-03T16:44:05.934394
792,1,792,-0.0040969504,2025-12-03T16:44:05.976886
793,1,793,-0.00409629615,2025-12-03T16:44:05.996780
794,1,794,-0.0040991595,2025-12-03T16:44:06.069660
795,1,795,-0.00410383241,2025-12-03T16:44:06.142377
796,1,796,-0.00410073017,2025-12-03T16:44:06.215193
797,1,797,-0.00410083262,2025-12-03T16:44:06.257750
798,1,798,-0.00410130294,2025-12-03T16:44:06.300005
799,1,799,-0.00410198234,2025-12-03T16:44:06.372741
800,1,800,-0.00410562753,2025-12-03T16:44:06.445432
801,1,801,-0.0041038189,2025-12-03T16:44:06.518186
802,1,802,-0.00410932162,2025-12-03T16:44:06.590883
803,1,803,-0.00410278374,2025-12-03T16:44:06.633380
804,1,804,-0.00410637585,2025-12-03T16:44:06.675736
805,1,805,-0.00410474045,2025-12-03T16:44:06.748451
806,1,806,-0.00410265661,2025-12-03T16:44:06.821176
807,1,807,-0.0041044373,2025-12-03T16:44:06.893895
808,1,808,-0.00410737097,2025-12-03T16:44:06.936388
809,1,809,-0.00410233438,2025-12-03T16:44:06.978778
810,1,810,-0.00410230644,2025-12-03T16:44:07.051514
811,1,811,-0.00410381099,2025-12-03T16:44:07.124115
812,1,812,-0.00410553021,2025-12-03T16:44:07.196849
813,1,813,-0.00410241633,2025-12-03T16:44:07.239363
814,1,814,-0.0041031721,2025-12-03T16:44:07.281778
815,1,815,-0.00410021608,2025-12-03T16:44:07.354467
816,1,816,-0.00410428503,2025-12-03T16:44:07.427151
817,1,817,-0.00409907894,2025-12-03T16:44:07.499897
818,1,818,-0.00410436093,2025-12-03T16:44:07.542386
819,1,819,-0.0040999609,2025-12-03T16:44:07.584778
820,1,820,-0.00410063751,2025-12-03T16:44:07.604561
821,1,821,-0.00410403218,2025-12-03T16:44:07.677654
822,1,822,-0.00410161353,2025-12-03T16:44:07.750392
823,1,823,-0.00410258583,2025-12-03T16:44:07.823139
824,1,824,-0.00410105613,2025-12-03T16:44:07.865506
825,1,825,-0.00410087965,2025-12-03T16:44:07.907894
826,1,826,-0.00409979885,2025-12-03T16:44:07.981780
827,1,827,-0.00409919489,2025-12-03T16:44:08.054450
828,1,828,-0.00410362845,2025-12-03T16:44:08.127109
829,1,829,-0.00409866916,2025-12-03T16:44:08.169499
830,1,830,-0.00410045823,2025-12-03T16:44:08.211978
831,1,831,-0.00410058815,2025-12-03T16:44:08.231890
832,1,832,-0.00409704074,2025-12-03T16:44:08.304806
833,1,833,-0.00410364754,2025-12-03T16:44:08.377641
834,1,834,-0.00410615792,2025-12-03T16:44:08.450338
835,1,835,-0.00410319399,2025-12-03T16:44:08.492664
836,1,836,-0.00410178722,2025-12-03T16:44:08.535148
837,1,837,-0.00410335045,2025-12-03T16:44:08.607855
838,1,838,-0.00410444941,2025-12-03T16:44:08.680547
839,1,839,-0.00410109153,2025-12-03T16:44:08.753314
840,1,840,-0.00410168711,2025-12-03T16:44:08.795779
841,1,841,-0.00410071434,2025-12-03T16:44:08.838094
842,1,842,-0.00410254951,2025-12-03T16:44:08.857920
843,1,843,-0.00410315813,2025-12-03T16:44:08.931001
844,1,844,-0.00410170992,2025-12-03T16:44:09.003805
845,1,845,-0.00410699844,2025-12-03T16:44:09.076515
846,1,846,-0.00410234276,2025-12-03T16:44:09.118835
847,1,847,-0.00410598516,2025-12-03T16:44:09.161379
848,1,848,-0.00410436,2025-12-03T16:44:09.234078
849,1,849,-0.00410366011,2025-12-03T16:44:09.306722
850,1,850,-0.0041049146,2025-12-03T16:44:09.379435
851,1,851,-0.0041011488,2025-12-03T16:44:09.421957
852,1,852,-0.00410452578,2025-12-03T16:44:09.464392
853,1,853,-0.00410195207,2025-12-03T16:44:09.537113
854,1,854,-0.0041056443,2025-12-03T16:44:09.609735
855,1,855,-0.00410275068,2025-12-03T16:44:09.682509
856,1,856,-0.00410417327,2025-12-03T16:44:09.724910
857,1,857,-0.00410347152,2025-12-03T16:44:09.772273
858,1,858,-0.00410518236,2025-12-03T16:44:09.846559
859,1,859,-0.00410631904,2025-12-03T16:44:09.912703
860,1,860,-0.00410331645,2025-12-03T16:44:09.985430
861,1,861,-0.00410512741,2025-12-03T16:44:10.027995
862,1,862,-0.00410402147,2025-12-03T16:44:10.070401
863,1,863,-0.00410500308,2025-12-03T16:44:10.090511
864,1,864,-0.00410686107,2025-12-03T16:44:10.163237
865,1,865,-0.00410623708,2025-12-03T16:44:10.236008
866,1,866,-0.00410821242,2025-12-03T16:44:10.308668
867,1,867,-0.00410589622,2025-12-03T16:44:10.351181
868,1,868,-0.00410453695,2025-12-03T16:44:10.393582
869,1,869,-0.00410839775,2025-12-03T16:44:10.466401
870,1,870,-0.00408812565,2025-12-03T16:44:10.539105
871,1,871,-0.00410799728,2025-12-03T16:44:10.612134
872,1,872,-0.00410659052,2025-12-03T16:44:10.654561
873,1,873,-0.00410829531,2025-12-03T16:44:10.697253
874,1,874,-0.00410619843,2025-12-03T16:44:10.717169
875,1,875,-0.00410763453,2025-12-03T16:44:10.790654
876,1,876,-0.00410791393,2025-12-03T16:44:10.863317
877,1,877,-0.00410607829,2025-12-03T16:44:10.936364
878,1,878,-0.00410991255,2025-12-03T16:44:10.979010
879,1,879,-0.0041390378,2025-12-03T16:44:11.021363
880,1,880,-0.00408935081,2025-12-03T16:44:11.041348
881,1,881,-0.00410316558,2025-12-03T16:44:11.061067
882,1,882,-0.00410242471,2025-12-03T16:44:11.081486
883,1,883,-0.00410579424,2025-12-03T16:44:11.101792
884,1,884,-0.00410430412,2025-12-03T16:44:11.121767
885,1,885,-0.00410850252,2025-12-03T16:44:11.194582
886,1,886,-0.00410578772,2025-12-03T16:44:11.267212
887,1,887,-0.00410877959,2025-12-03T16:44:11.339839
888,1,888,-0.00410975469,2025-12-03T16:44:11.382334
889,1,889,-0.00410740636,2025-12-03T16:44:11.424720
890,1,890,-0.00410966482,2025-12-03T16:44:11.500431
891,1,891,-0.00410459097,2025-12-03T16:44:11.573265
892,1,892,-0.0041120639,2025-12-03T16:44:11.645973
893,1,893,-0.0041086222,2025-12-03T16:44:11.688413
894,1,894,-0.00411026552,2025-12-03T16:44:11.730787
895,1,895,-0.00410925829,2025-12-03T16:44:11.803515
896,1,896,-0.00410975562,2025-12-03T16:44:11.876279
897,1,897,-0.0041114483,2025-12-03T16:44:11.948872
898,1,898,-0.00412585074,2025-12-03T16:44:12.021780
899,1,899,-0.00410744454,2025-12-03T16:44:12.094393
900,1,900,-0.00410541798,2025-12-03T16:44:12.136840
901,1,901,-0.00410833768,2025-12-03T16:44:12.179299
902,1,902,-0.004107201,2025-12-03T16:44:12.199139
903,1,903,-0.00410682847,2025-12-03T16:44:12.218926
904,1,904,-0.00410552695,2025-12-03T16:44:12.238736
905,1,905,-0.00410816632,2025-12-03T16:44:12.311566
906,1,906,-0.00410822266,2025-12-03T16:44:12.384236
907,1,907,-0.00410680053,2025-12-03T16:44:12.457022
908,1,908,-0.00410936539,2025-12-03T16:44:12.499391
909,1,909,-0.00410850066,2025-12-03T16:44:12.541908
910,1,910,-0.00410824175,2025-12-03T16:44:12.561833
911,1,911,-0.00410817936,2025-12-03T16:44:12.634742
912,1,912,-0.0041080811,2025-12-03T16:44:12.707460
913,1,913,-0.00411315681,2025-12-03T16:44:12.780189
914,1,914,-0.00410853093,2025-12-03T16:44:12.822627
915,1,915,-0.00411000335,2025-12-03T16:44:12.865066
916,1,916,-0.00410943338,2025-12-03T16:44:12.884889
917,1,917,-0.00411010673,2025-12-03T16:44:12.957910
918,1,918,-0.0041121412,2025-12-03T16:44:13.030692
919,1,919,-0.00411058031,2025-12-03T16:44:13.103419
920,1,920,-0.00411264691,2025-12-03T16:44:13.145894
921,1,921,-0.00410937378,2025-12-03T16:44:13.188263
922,1,922,-0.00410991394,2025-12-03T16:44:13.260968
923,1,923,-0.00411160336,2025-12-03T16:44:13.333712
924,1,924,-0.00410909578,2025-12-03T16:44:13.406382
925,1,925,-0.0041201869,2025-12-03T16:44:13.448802
926,1,926,-0.00410465523,2025-12-03T16:44:13.491252
927,1,927,-0.0041070017,2025-12-03T16:44:13.511193
928,1,928,-0.00410904316,2025-12-03T16:44:13.584130
929,1,929,-0.00410857144,2025-12-03T16:44:13.656864
930,1,930,-0.00411369372,2025-12-03T16:44:13.729643
931,1,931,-0.00410987436,2025-12-03T16:44:13.771964
932,1,932,-0.00411401083,2025-12-03T16:44:13.814487
933,1,933,-0.00411160476,2025-12-03T16:44:13.834276
934,1,934,-0.00411227485,2025-12-03T16:44:13.854101
935,1,935,-0.00410993676,2025-12-03T16:44:13.873929
936,1,936,-0.0041117249,2025-12-03T16:44:13.893787
937,1,937,-0.00411040801,2025-12-03T16:44:13.969019
938,1,938,-0.00411006715,2025-12-03T16:44:14.041653
939,1,939,-0.00411435542,2025-12-03T16:44:14.114375
940,1,940,-0.00411036796,2025-12-03T16:44:14.187143
941,1,941,-0.00411459617,2025-12-03T16:44:14.229492
942,1,942,-0.00410437956,2025-12-03T16:44:14.272017
943,1,943,-0.00410950416,2025-12-03T16:44:14.345102
944,1,944,-0.00410930067,2025-12-03T16:44:14.417404
945,1,945,-0.00410902407,2025-12-03T16:44:14.490196
946,1,946,-0.00411130208,2025-12-03T16:44:14.532549
947,1,947,-0.00410931278,2025-12-03T16:44:14.575038
948,1,948,-0.00411317078,2025-12-03T16:44:14.647614
949,1,949,-0.00411170069,2025-12-03T16:44:14.720326
950,1,950,-0.00410896586,2025-12-03T16:44:14.793164
951,1,951,-0.004109025,2025-12-03T16:44:14.836005
952,1,952,-0.00411043362,2025-12-03T16:44:14.877976
953,1,953,-0.00411125179,2025-12-03T16:44:14.952713
954,1,954,-0.00410720985,2025-12-03T16:44:15.025393
955,1,955,-0.00411263201,2025-12-03T16:44:15.098554
956,1,956,-0.00410549575,2025-12-03T16:44:15.140520
957,1,957,-0.00410870509,2025-12-03T16:44:15.182998
958,1,958,-0.00410955119,2025-12-03T16:44:15.202823
959,1,959,-0.00410426221,2025-12-03T16:44:15.275906
960,1,960,-0.00411111395,2025-12-03T16:44:15.348636
961,1,961,-0.00410935049,2025-12-03T16:44:15.421337
962,1,962,-0.00411102175,2025-12-03T16:44:15.463742
963,1,963,-0.00410773139,2025-12-03T16:44:15.506333
964,1,964,-0.00410638237,2025-12-03T16:44:15.526530
965,1,965,-0.00410610344,2025-12-03T16:44:15.599369
966,1,966,-0.00410413509,2025-12-03T16:44:15.671827
967,1,967,-0.00410818913,2025-12-03T16:44:15.744600
968,1,968,-0.00409724982,2025-12-03T16:44:15.787010
969,1,969,-0.00409867428,2025-12-03T16:44:15.829439
970,1,970,-0.00409909244,2025-12-03T16:44:15.902093
971,1,971,-0.00409931968,2025-12-03T16:44:15.974881
972,1,972,-0.00410457933,2025-12-03T16:44:16.047587
973,1,973,-0.00410163262,2025-12-03T16:44:16.090005
974,1,974,-0.00410392601,2025-12-03T16:44:16.132528
975,1,975,-0.00410239491,2025-12-03T16:44:16.205073
976,1,976,-0.00410102168,2025-12-03T16:44:16.277826
977,1,977,-0.00410290947,2025-12-03T16:44:16.350515
978,1,978,-0.00410004518,2025-12-03T16:44:16.393021
979,1,979,-0.00408270442,2025-12-03T16:44:16.435423
980,1,980,-0.00408212095,2025-12-03T16:44:16.455540
981,1,981,-0.00408441247,2025-12-03T16:44:16.528424
982,1,982,-0.00408736523,2025-12-03T16:44:16.601084
983,1,983,-0.00408607162,2025-12-03T16:44:16.673775
984,1,984,-0.00409300858,2025-12-03T16:44:16.716313
985,1,985,-0.00409588078,2025-12-03T16:44:16.758748
986,1,986,-0.0040962249,2025-12-03T16:44:16.831340
987,1,987,-0.00409555062,2025-12-03T16:44:16.904107
988,1,988,-0.00409386213,2025-12-03T16:44:16.976851
989,1,989,-0.00409597903,2025-12-03T16:44:17.019147
990,1,990,-0.00409413594,2025-12-03T16:44:17.061631
991,1,991,-0.00409669149,2025-12-03T16:44:17.137380
992,1,992,-0.00409420719,2025-12-03T16:44:17.210079
993,1,993,-0.00409574341,2025-12-03T16:44:17.282865
994,1,994,-0.00409478647,2025-12-03T16:44:17.325261
995,1,995,-0.00409654667,2025-12-03T16:44:17.367612
996,1,996,-0.00409600278,2025-12-03T16:44:17.387561
997,1,997,-0.00409481441,2025-12-03T16:44:17.460584
998,1,998,-0.00409831898,2025-12-03T16:44:17.533248
999,1,999,-0.00409740768,2025-12-03T16:44:17.606047
1000,1,1000,-0.00410184171,2025-12-03T16:44:17.648429
1001,1,1001,-0.00409458065,2025-12-03T16:44:17.690899
1002,1,1002,-0.00409790128,2025-12-03T16:44:17.763589
1003,1,1003,-0.00409503513,2025-12-03T16:44:17.836312
1004,1,1004,-0.00409643817,2025-12-03T16:44:17.908973
1005,1,1005,-0.00409738672,2025-12-03T16:44:17.951478
1006,1,1006,-0.00409424817,2025-12-03T16:44:17.993817
1007,1,1007,-0.0040950505,2025-12-03T16:44:18.013625
1008,1,1008,-0.00409522838,2025-12-03T16:44:18.086784
1009,1,1009,-0.00409368565,2025-12-03T16:44:18.159425
1010,1,1010,-0.00409727171,2025-12-03T16:44:18.232231
1011,1,1011,-0.00409146444,2025-12-03T16:44:18.274647
1012,1,1012,-0.00409640464,2025-12-03T16:44:18.317040
1013,1,1013,-0.0040944172,2025-12-03T16:44:18.389802
1014,1,1014,-0.00409274036,2025-12-03T16:44:18.462445
1015,1,1015,-0.00409329775,2025-12-03T16:44:18.535157
1016,1,1016,-0.0040915315,2025-12-03T16:44:18.577575
1017,1,1017,-0.00409245118,2025-12-03T16:44:18.620076
1018,1,1018,-0.00409133965,2025-12-03T16:44:18.692784
1019,1,1019,-0.00408886978,2025-12-03T16:44:18.765500
1020,1,1020,-0.00409172009,2025-12-03T16:44:18.838244
1021,1,1021,-0.00409280927,2025-12-03T16:44:18.880663
1022,1,1022,-0.00409187469,2025-12-03T16:44:18.922986
1023,1,1023,-0.0040918868,2025-12-03T16:44:18.942809
1024,1,1024,-0.00409711105,2025-12-03T16:44:19.015886
1025,1,1025,-0.00409403536,2025-12-03T16:44:19.088695
1026,1,1026,-0.00409218017,2025-12-03T16:44:19.161448
1027,1,1027,-0.00409676972,2025-12-03T16:44:19.203890
1028,1,1028,-0.00409822724,2025-12-03T16:44:19.246267
1029,1,1029,-0.00409626169,2025-12-03T16:44:19.319022
1030,1,1030,-0.00409306399,2025-12-03T16:44:19.391761
1031,1,1031,-0.00409480091,2025-12-03T16:44:19.464349
1032,1,1032,-0.00409515667,2025-12-03T16:44:19.506844
1033,1,1033,-0.00410732626,2025-12-03T16:44:19.549249
1034,1,1034,-0.00409650569,2025-12-03T16:44:19.621915
1035,1,1035,-0.00409436598,2025-12-03T16:44:19.694665
1036,1,1036,-0.00409906357,2025-12-03T16:44:19.767441
1037,1,1037,-0.0040956554,2025-12-03T16:44:19.809895
1038,1,1038,-0.00410010339,2025-12-03T16:44:19.852388
1039,1,1039,-0.00409618113,2025-12-03T16:44:19.924939
1040,1,1040,-0.00409783609,2025-12-03T16:44:19.997632
1041,1,1041,-0.00409791292,2025-12-03T16:44:20.070412
1042,1,1042,-0.00409592315,2025-12-03T16:44:20.112874
1043,1,1043,-0.00409526564,2025-12-03T16:44:20.155259
1044,1,1044,-0.0040952214,2025-12-03T16:44:20.175171
1045,1,1045,-0.0040968731,2025-12-03T16:44:20.248062
1046,1,1046,-0.00409917766,2025-12-03T16:44:20.320841
1047,1,1047,-0.00409884471,2025-12-03T16:44:20.393615
1048,1,1048,-0.00410030409,2025-12-03T16:44:20.436066
1049,1,1049,-0.00409958744,2025-12-03T16:44:20.478508
1050,1,1050,-0.00409999256,2025-12-03T16:44:20.498399
1051,1,1051,-0.00410001678,2025-12-03T16:44:20.571422
1052,1,1052,-0.00409991247,2025-12-03T16:44:20.644155
1053,1,1053,-0.00409957719,2025-12-03T16:44:20.716803
1054,1,1054,-0.00409872131,2025-12-03T16:44:20.759303
1055,1,1055,-0.00409964844,2025-12-03T16:44:20.801621
1056,1,1056,-0.00410029152,2025-12-03T16:44:20.874358
1057,1,1057,-0.00409747846,2025-12-03T16:44:20.947173
1058,1,1058,-0.00409918464,2025-12-03T16:44:21.019872
1059,1,1059,-0.0040967362,2025-12-03T16:44:21.062277
1060,1,1060,-0.00410167174,2025-12-03T16:44:21.104671
1061,1,1061,-0.00410018209,2025-12-03T16:44:21.177348
1062,1,1062,-0.00410341424,2025-12-03T16:44:21.250110
1063,1,1063,-0.00410347897,2025-12-03T16:44:21.322891
1064,1,1064,-0.00409821467,2025-12-03T16:44:21.365261
1065,1,1065,-0.004098061,2025-12-03T16:44:21.407752
1066,1,1066,-0.00409733317,2025-12-03T16:44:21.427532
1067,1,1067,-0.00409953901,2025-12-03T16:44:21.500579
1068,1,1068,-0.00409855227,2025-12-03T16:44:21.573300
1069,1,1069,-0.00409956835,2025-12-03T16:44:21.646041
1070,1,1070,-0.00409839954,2025-12-03T16:44:21.688413
1071,1,1071,-0.004099668,2025-12-03T16:44:21.730883
1072,1,1072,-0.00410010153,2025-12-03T16:44:21.806606
1073,1,1073,-0.0041005495,2025-12-03T16:44:21.879319
1074,1,1074,-0.00410304265,2025-12-03T16:44:21.952107
1075,1,1075,-0.00409963494,2025-12-03T16:44:21.994471
1076,1,1076,-0.00410160422,2025-12-03T16:44:22.036964
1077,1,1077,-0.00409987336,2025-12-03T16:44:22.109666
1078,1,1078,-0.00410179654,2025-12-03T16:44:22.193299
1079,1,1079,-0.00409926567,2025-12-03T16:44:22.255126
1080,1,1080,-0.00409938767,2025-12-03T16:44:22.297440
1081,1,1081,-0.00410223519,2025-12-03T16:44:22.339960
1082,1,1082,-0.00410521822,2025-12-03T16:44:22.359835
1083,1,1083,-0.00409874739,2025-12-03T16:44:22.432770
1084,1,1084,-0.00410229898,2025-12-03T16:44:22.505545
1085,1,1085,-0.00410099793,2025-12-03T16:44:22.578284
1086,1,1086,-0.00409900443,2025-12-03T16:44:22.620727
1087,1,1087,-0.004097817,2025-12-03T16:44:22.663133
1088,1,1088,-0.00409689173,2025-12-03T16:44:22.735884
1089,1,1089,-0.00409687822,2025-12-03T16:44:22.808578
1090,1,1090,-0.00409585144,2025-12-03T16:44:22.881311
1091,1,1091,-0.00409431429,2025-12-03T16:44:22.923787
1092,1,1092,-0.00409336527,2025-12-03T16:44:22.966133
1093,1,1093,-0.00409549893,2025-12-03T16:44:23.039842
1094,1,1094,-0.00409234873,2025-12-03T16:44:23.112580
1095,1,1095,-0.00409316457,2025-12-03T16:44:23.185253
1096,1,1096,-0.00409362465,2025-12-03T16:44:23.227648
1097,1,1097,-0.00409387843,2025-12-03T16:44:23.270222
1098,1,1098,-0.00409309007,2025-12-03T16:44:23.290077
1099,1,1099,-0.00409050891,2025-12-03T16:44:23.363090
1100,1,1100,-0.0040923031,2025-12-03T16:44:23.435752
1101,1,1101,-0.00409214384,2025-12-03T16:44:23.508517
1102,1,1102,-0.0040920414,2025-12-03T16:44:23.550948
1103,1,1103,-0.00409136246,2025-12-03T16:44:23.593306
1104,1,1104,-0.00408952683,2025-12-03T16:44:23.666119
1105,1,1105,-0.00409221509,2025-12-03T16:44:23.738739
1106,1,1106,-0.00409149657,2025-12-03T16:44:23.811378
1107,1,1107,-0.00409421324,2025-12-03T16:44:23.854586
1108,1,1108,-0.00409067142,2025-12-03T16:44:23.896361
1109,1,1109,-0.00409220345,2025-12-03T16:44:23.916188
1110,1,1110,-0.0040921648,2025-12-03T16:44:23.989497
1111,1,1111,-0.00409324606,2025-12-03T16:44:24.061947
1112,1,1112,-0.00409573549,2025-12-03T16:44:24.134789
1113,1,1113,-0.00409288424,2025-12-03T16:44:24.177151
1114,1,1114,-0.00409617833,2025-12-03T16:44:24.219574
1115,1,1115,-0.00409794505,2025-12-03T16:44:24.292195
1116,1,1116,-0.00409654388,2025-12-03T16:44:24.364998
1117,1,1117,-0.00409626075,2025-12-03T16:44:24.437675
1118,1,1118,-0.00409440603,2025-12-03T16:44:24.480090
1119,1,1119,-0.0040922272,2025-12-03T16:44:24.522510
1120,1,1120,-0.00409399811,2025-12-03T16:44:24.595164
1121,1,1121,-0.00410145474,2025-12-03T16:44:24.667920
1122,1,1122,-0.00409815087,2025-12-03T16:44:24.740784
1123,1,1123,-0.00409569777,2025-12-03T16:44:24.783071
1124,1,1124,-0.00409460719,2025-12-03T16:44:24.825568
1125,1,1125,-0.00409545656,2025-12-03T16:44:24.845466
1126,1,1126,-0.00409891875,2025-12-03T16:44:24.918440
1127,1,1127,-0.00409296527,2025-12-03T16:44:24.991146
1128,1,1128,-0.00409291544,2025-12-03T16:44:25.063859
1129,1,1129,-0.00409398088,2025-12-03T16:44:25.106387
1130,1,1130,-0.00409277947,2025-12-03T16:44:25.148789
1131,1,1131,-0.00409356737,2025-12-03T16:44:25.224414
1132,1,1132,-0.00409180531,2025-12-03T16:44:25.297192
1133,1,1133,-0.00409608753,2025-12-03T16:44:25.369890
1134,1,1134,-0.00409476086,2025-12-03T16:44:25.412397
1135,1,1135,-0.00409370055,2025-12-03T16:44:25.454791
1136,1,1136,-0.00409263325,2025-12-03T16:44:25.527428
1137,1,1137,-0.00409016152,2025-12-03T16:44:25.600225
1138,1,1138,-0.00409129401,2025-12-03T16:44:25.672948
1139,1,1139,-0.00409159623,2025-12-03T16:44:25.715293
1140,1,1140,-0.00409244932,2025-12-03T16:44:25.757754
1141,1,1141,-0.00409168237,2025-12-03T16:44:25.777687
1142,1,1142,-0.00409870827,2025-12-03T16:44:25.850783
1143,1,1143,-0.00409754784,2025-12-03T16:44:25.923470
1144,1,1144,-0.00409002415,2025-12-03T16:44:25.996262
1145,1,1145,-0.00409260904,2025-12-03T16:44:26.038517
1146,1,1146,-0.00409331545,2025-12-03T16:44:26.080987
1147,1,1147,-0.00409575551,2025-12-03T16:44:26.100803
1148,1,1148,-0.00409598043,2025-12-03T16:44:26.173855
1149,1,1149,-0.00409549986,2025-12-03T16:44:26.246621
1150,1,1150,-0.00409975461,2025-12-03T16:44:26.319345
1151,1,1151,-0.00409613782,2025-12-03T16:44:26.361753
1152,1,1152,-0.00409717299,2025-12-03T16:44:26.404089
1153,1,1153,-0.0040976624,2025-12-03T16:44:26.423905
1154,1,1154,-0.00409697322,2025-12-03T16:44:26.443752
1155,1,1155,-0.00410306639,2025-12-03T16:44:26.463664
1156,1,1156,-0.00409778114,2025-12-03T16:44:26.483483
1157,1,1157,-0.00409892946,2025-12-03T16:44:26.557565
1158,1,1158,-0.00409972108,2025-12-03T16:44:26.630408
1159,1,1159,-0.00409912364,2025-12-03T16:44:26.703243
1160,1,1160,-0.00409800466,2025-12-03T16:44:26.745588
1161,1,1161,-0.00409993203,2025-12-03T16:44:26.787991
1162,1,1162,-0.00409779231,2025-12-03T16:44:26.807826
1163,1,1163,-0.00409796228,2025-12-03T16:44:26.880903
1164,1,1164,-0.00409987475,2025-12-03T16:44:26.953673
1165,1,1165,-0.00409602373,2025-12-03T16:44:27.026297
1166,1,1166,-0.00409861188,2025-12-03T16:44:27.068719
1167,1,1167,-0.00409492896,2025-12-03T16:44:27.111147
1168,1,1168,-0.00409457273,2025-12-03T16:44:27.183902
1169,1,1169,-0.00409336574,2025-12-03T16:44:27.256516
1170,1,1170,-0.0040900316,2025-12-03T16:44:27.329260
1171,1,1171,-0.00409485679,2025-12-03T16:44:27.371750
1172,1,1172,-0.00409192964,2025-12-03T16:44:27.414225
1173,1,1173,-0.00409452104,2025-12-03T16:44:27.486909
1174,1,1174,-0.00409326469,2025-12-03T16:44:27.559650
1175,1,1175,-0.00409328704,2025-12-03T16:44:27.632435
1176,1,1176,-0.00409512594,2025-12-03T16:44:27.674805
1177,1,1177,-0.0040941406,2025-12-03T16:44:27.717184
1178,1,1178,-0.00409517902,2025-12-03T16:44:27.791946
1179,1,1179,-0.00409484514,2025-12-03T16:44:27.864586
1180,1,1180,-0.00409689079,2025-12-03T16:44:27.937382
1181,1,1181,-0.00409479578,2025-12-03T16:44:28.010114
1182,1,1182,-0.00409656204,2025-12-03T16:44:28.052481
1183,1,1183,-0.00409407028,2025-12-03T16:44:28.094960
1184,1,1184,-0.00409593386,2025-12-03T16:44:28.167583
1185,1,1185,-0.00410123914,2025-12-03T16:44:28.240384
1186,1,1186,-0.00410138163,2025-12-03T16:44:28.313107
1187,1,1187,-0.0041011949,2025-12-03T16:44:28.355436
1188,1,1188,-0.00410038977,2025-12-03T16:44:28.397967
1189,1,1189,-0.00410039024,2025-12-03T16:44:28.417799
1190,1,1190,-0.00410095043,2025-12-03T16:44:28.490860
1191,1,1191,-0.00409984262,2025-12-03T16:44:28.563585
1192,1,1192,-0.00410540169,2025-12-03T16:44:28.636260
1193,1,1193,-0.00410157116,2025-12-03T16:44:28.678691
1194,1,1194,-0.00410280888,2025-12-03T16:44:28.721123
1195,1,1195,-0.00410333555,2025-12-03T16:44:28.793800
1196,1,1196,-0.00410160189,2025-12-03T16:44:28.866615
1197,1,1197,-0.00410300539,2025-12-03T16:44:28.939370
1198,1,1198,-0.00410481961,2025-12-03T16:44:28.981789
1199,1,1199,-0.00409913482,2025-12-03T16:44:29.024084
1200,1,1200,-0.00409889221,2025-12-03T16:44:29.096866
1201,1,1201,-0.00410342868,2025-12-03T16:44:29.169478
1202,1,1202,-0.00409978302,2025-12-03T16:44:29.242241
1203,1,1203,-0.0041018757,2025-12-03T16:44:29.284786
1204,1,1204,-0.0041015041,2025-12-03T16:44:29.327109
1205,1,1205,-0.00409850291,2025-12-03T16:44:29.346924
1206,1,1206,-0.00410441309,2025-12-03T16:44:29.419972
1207,1,1207,-0.00410075904,2025-12-03T16:44:29.492822
1208,1,1208,-0.00410158094,2025-12-03T16:44:29.565482
1209,1,1209,-0.00410151481,2025-12-03T16:44:29.607947
1210,1,1210,-0.00410187384,2025-12-03T16:44:29.650383
1211,1,1211,-0.00410270271,2025-12-03T16:44:29.725270
1212,1,1212,-0.00410185614,2025-12-03T16:44:29.797772
1213,1,1213,-0.00410445546,2025-12-03T16:44:29.870412
1214,1,1214,-0.0041020005,2025-12-03T16:44:29.912840
1215,1,1215,-0.00410431716,2025-12-03T16:44:29.955343
1216,1,1216,-0.00409891735,2025-12-03T16:44:30.027971
1217,1,1217,-0.00410069059,2025-12-03T16:44:30.100814
1218,1,1218,-0.00410095881,2025-12-03T16:44:30.173497
1219,1,1219,-0.00410060957,2025-12-03T16:44:30.215980
1220,1,1220,-0.0041009942,2025-12-03T16:44:30.258327
1221,1,1221,-0.0041010729,2025-12-03T16:44:30.278249
1222,1,1222,-0.00410140212,2025-12-03T16:44:30.351265
1223,1,1223,-0.00410157768,2025-12-03T16:44:30.423970
1224,1,1224,-0.00409727822,2025-12-03T16:44:30.519496
1225,1,1225,-0.0040984163,2025-12-03T16:44:30.570224
1226,1,1226,-0.00409951433,2025-12-03T16:44:30.644126
1227,1,1227,-0.00410165963,2025-12-03T16:44:30.716801
1228,1,1228,-0.0041032033,2025-12-03T16:44:30.789575
1229,1,1229,-0.00410063751,2025-12-03T16:44:30.832111
1230,1,1230,-0.00410108687,2025-12-03T16:44:30.874472
1231,1,1231,-0.00410058163,2025-12-03T16:44:30.894323
1232,1,1232,-0.00409957487,2025-12-03T16:44:30.967452
1233,1,1233,-0.00410013739,2025-12-03T16:44:31.040068
1234,1,1234,-0.00409857509,2025-12-03T16:44:31.112871
1235,1,1235,-0.00410219654,2025-12-03T16:44:31.155265
1236,1,1236,-0.00409907102,2025-12-03T16:44:31.197639
1237,1,1237,-0.00410036696,2025-12-03T16:44:31.217576
1238,1,1238,-0.00410199817,2025-12-03T16:44:31.290604
1239,1,1239,-0.00409936206,2025-12-03T16:44:31.363232
1240,1,1240,-0.00410038931,2025-12-03T16:44:31.435976
1241,1,1241,-0.00410136394,2025-12-03T16:44:31.508786
1242,1,1242,-0.00409706123,2025-12-03T16:44:31.581419
1243,1,1243,-0.00410006009,2025-12-03T16:44:31.654242
1244,1,1244,-0.00409738998,2025-12-03T16:44:31.726811
1245,1,1245,-0.00409696763,2025-12-03T16:44:31.799665
1246,1,1246,-0.00409860257,2025-12-03T16:44:31.842111
1247,1,1247,-0.00409917021,2025-12-03T16:44:31.884487
1248,1,1248,-0.00409835018,2025-12-03T16:44:31.959181
1249,1,1249,-0.00409796694,2025-12-03T16:44:32.032000
1250,1,1250,-0.00410299096,2025-12-03T16:44:32.104685
1251,1,1251,-0.00409990781,2025-12-03T16:44:32.147081
1252,1,1252,-0.00410138908,2025-12-03T16:44:32.189521
1253,1,1253,-0.00410007964,2025-12-03T16:44:32.209443
1254,1,1254,-0.00409777648,2025-12-03T16:44:32.282428
1255,1,1255,-0.00410371227,2025-12-03T16:44:32.355192
1256,1,1256,-0.004099885,2025-12-03T16:44:32.427794
1257,1,1257,-0.00410261936,2025-12-03T16:44:32.470302
1258,1,1258,-0.00409912364,2025-12-03T16:44:32.512635
1259,1,1259,-0.00409975135,2025-12-03T16:44:32.585369
1260,1,1260,-0.004101675,2025-12-03T16:44:32.658127
1261,1,1261,-0.00410138349,2025-12-03T16:44:32.730854
1262,1,1262,-0.00410277443,2025-12-03T16:44:32.773216
1263,1,1263,-0.00410179002,2025-12-03T16:44:32.815786
1264,1,1264,-0.00410123821,2025-12-03T16:44:32.835530
1265,1,1265,-0.00410244567,2025-12-03T16:44:32.908543
1266,1,1266,-0.00410796934,2025-12-03T16:44:32.981391
1267,1,1267,-0.00410226359,2025-12-03T16:44:33.054061
1268,1,1268,-0.00410087173,2025-12-03T16:44:33.096499
1269,1,1269,-0.00410291366,2025-12-03T16:44:33.138900
1270,1,1270,-0.00410105194,2025-12-03T16:44:33.211625
1271,1,1271,-0.00410124892,2025-12-03T16:44:33.284398
1272,1,1272,-0.00410305568,2025-12-03T16:44:33.357102
1273,1,1273,-0.00409998791,2025-12-03T16:44:33.399519
1274,1,1274,-0.00410097185,2025-12-03T16:44:33.441939
1275,1,1275,-0.00409652851,2025-12-03T16:44:33.514654
1276,1,1276,-0.00409970339,2025-12-03T16:44:33.587368
1277,1,1277,-0.00410201307,2025-12-03T16:44:33.660103
1278,1,1278,-0.00410052575,2025-12-03T16:44:33.702452
1279,1,1279,-0.00410073623,2025-12-03T16:44:33.744893
1280,1,1280,-0.00410438235,2025-12-03T16:44:33.817616
1281,1,1281,-0.00410315999,2025-12-03T16:44:33.890386
1282,1,1282,-0.00410162098,2025-12-03T16:44:33.963014
1283,1,1283,-0.00410185754,2025-12-03T16:44:34.005427
1284,1,1284,-0.00409826356,2025-12-03T16:44:34.047939
1285,1,1285,-0.0041003148,2025-12-03T16:44:34.120544
1286,1,1286,-0.00410178629,2025-12-03T16:44:34.193391
1287,1,1287,-0.00409970851,2025-12-03T16:44:34.266051
1288,1,1288,-0.00409968337,2025-12-03T16:44:34.308505
1289,1,1289,-0.00409691035,2025-12-03T16:44:34.351005
1290,1,1290,-0.00409866962,2025-12-03T16:44:34.371003
1291,1,1291,-0.00409871758,2025-12-03T16:44:34.443838
1292,1,1292,-0.00409775506,2025-12-03T16:44:34.516482
1293,1,1293,-0.00410150783,2025-12-03T16:44:34.589290
1294,1,1294,-0.00409944634,2025-12-03T16:44:34.631679
1295,1,1295,-0.00409926846,2025-12-03T16:44:34.674106
1296,1,1296,-0.00409882748,2025-12-03T16:44:34.746767
1297,1,1297,-0.00409964844,2025-12-03T16:44:34.819531
1298,1,1298,-0.00410080654,2025-12-03T16:44:34.892614
1299,1,1299,-0.00409837579,2025-12-03T16:44:34.934873
1300,1,1300,-0.00410154787,2025-12-03T16:44:34.977581
1301,1,1301,-0.00410063331,2025-12-03T16:44:34.997915
1302,1,1302,-0.00410064123,2025-12-03T16:44:35.069973
1303,1,1303,-0.00410137278,2025-12-03T16:44:35.143179
1304,1,1304,-0.00409954087,2025-12-03T16:44:35.215910
1305,1,1305,-0.00410191994,2025-12-03T16:44:35.258306
1306,1,1306,-0.0040992177,2025-12-03T16:44:35.300859
1307,1,1307,-0.0041009034,2025-12-03T16:44:35.320596
1308,1,1308,-0.00410164799,2025-12-03T16:44:35.393218
1309,1,1309,-0.00409918325,2025-12-03T16:44:35.466426
1310,1,1310,-0.00409980677,2025-12-03T16:44:35.538670
1311,1,1311,-0.00410034786,2025-12-03T16:44:35.581106
1312,1,1312,-0.00410180073,2025-12-03T16:44:35.623545
1313,1,1313,-0.00410131691,2025-12-03T16:44:35.696222
1314,1,1314,-0.00409993762,2025-12-03T16:44:35.768877
1315,1,1315,-0.00410068221,2025-12-03T16:44:35.841688
1316,1,1316,-0.00409979047,2025-12-03T16:44:35.884024
1317,1,1317,-0.00409820489,2025-12-03T16:44:35.926424
1318,1,1318,-0.0040982929,2025-12-03T16:44:35.999224
1319,1,1319,-0.00410046894,2025-12-03T16:44:36.071960
1320,1,1320,-0.00409824261,2025-12-03T16:44:36.144722
1321,1,1321,-0.00409637391,2025-12-03T16:44:36.186975
1322,1,1322,-0.00409650942,2025-12-03T16:44:36.229475
1323,1,1323,-0.00409620953,2025-12-03T16:44:36.302268
1324,1,1324,-0.00409928476,2025-12-03T16:44:36.374994
1325,1,1325,-0.00409962376,2025-12-03T16:44:36.447736
1326,1,1326,-0.00409946264,2025-12-03T16:44:36.490141
1327,1,1327,-0.00409883167,2025-12-03T16:44:36.532495
1328,1,1328,-0.00409977464,2025-12-03T16:44:36.605250
1329,1,1329,-0.00410123402,2025-12-03T16:44:36.677848
1330,1,1330,-0.00409524887,2025-12-03T16:44:36.750577
1331,1,1331,-0.00409899698,2025-12-03T16:44:36.793122
1332,1,1332,-0.00409858347,2025-12-03T16:44:36.835558
1333,1,1333,-0.00410101749,2025-12-03T16:44:36.855500
1334,1,1334,-0.00410004099,2025-12-03T16:44:36.929415
1335,1,1335,-0.00409844703,2025-12-03T16:44:37.002085
1336,1,1336,-0.0041018906,2025-12-03T16:44:37.074818
1337,1,1337,-0.00410035811,2025-12-03T16:44:37.117352
1338,1,1338,-0.00410291971,2025-12-03T16:44:37.159741
1339,1,1339,-0.00410169176,2025-12-03T16:44:37.232378
1340,1,1340,-0.00410041306,2025-12-03T16:44:37.305178
1341,1,1341,-0.00410288805,2025-12-03T16:44:37.377927
1342,1,1342,-0.00410217605,2025-12-03T16:44:37.420397
1343,1,1343,-0.00410160841,2025-12-03T16:44:37.462788
1344,1,1344,-0.00410178769,2025-12-03T16:44:37.482686
1345,1,1345,-0.00410040328,2025-12-03T16:44:37.555648
1346,1,1346,-0.00410267524,2025-12-03T16:44:37.628345
1347,1,1347,-0.00409849267,2025-12-03T16:44:37.701126
1348,1,1348,-0.0041010431,2025-12-03T16:44:37.743507
1349,1,1349,-0.00409728195,2025-12-03T16:44:37.785900
1350,1,1350,-0.00410173553,2025-12-03T16:44:37.858630
1351,1,1351,-0.00409909198,2025-12-03T16:44:37.931334
1352,1,1352,-0.00409876229,2025-12-03T16:44:38.004131
1353,1,1353,-0.00410203076,2025-12-03T16:44:38.046471
1354,1,1354,-0.00410202424,2025-12-03T16:44:38.088934
1355,1,1355,-0.00410309433,2025-12-03T16:44:38.163668
1356,1,1356,-0.00410042423,2025-12-03T16:44:38.236383
1357,1,1357,-0.00410400796,2025-12-03T16:44:38.309086
1358,1,1358,-0.004100502,2025-12-03T16:44:38.351424
1359,1,1359,-0.00410497747,2025-12-03T16:44:38.393980
1360,1,1360,-0.00410425104,2025-12-03T16:44:38.413814
1361,1,1361,-0.00410183053,2025-12-03T16:44:38.486869
1362,1,1362,-0.00410505151,2025-12-03T16:44:38.559612
1363,1,1363,-0.00410199956,2025-12-03T16:44:38.632539
1364,1,1364,-0.00410354183,2025-12-03T16:44:38.674797
1365,1,1365,-0.00410231342,2025-12-03T16:44:38.717416
1366,1,1366,-0.00410165684,2025-12-03T16:44:38.789863
1367,1,1367,-0.0041026608,2025-12-03T16:44:38.862622
1368,1,1368,-0.00410305615,2025-12-03T16:44:38.935392
1369,1,1369,-0.00410506781,2025-12-03T16:44:38.977742
1370,1,1370,-0.00410100026,2025-12-03T16:44:39.020115
1371,1,1371,-0.00410479633,2025-12-03T16:44:39.039938
1372,1,1372,-0.00410487595,2025-12-03T16:44:39.112980
1373,1,1373,-0.00410280935,2025-12-03T16:44:39.185742
1374,1,1374,-0.00410494301,2025-12-03T16:44:39.258521
1375,1,1375,-0.00410228595,2025-12-03T16:44:39.300923
1376,1,1376,-0.00410349387,2025-12-03T16:44:39.343777
1377,1,1377,-0.00410174857,2025-12-03T16:44:39.416003
1378,1,1378,-0.00410177838,2025-12-03T16:44:39.488762
1379,1,1379,-0.00410285219,2025-12-03T16:44:39.561464
1380,1,1380,-0.00410242611,2025-12-03T16:44:39.603980
1381,1,1381,-0.00410454068,2025-12-03T16:44:39.646349
1382,1,1382,-0.00410403637,2025-12-03T16:44:39.719105
1383,1,1383,-0.00413968088,2025-12-03T16:44:39.791882
1384,1,1384,-0.00410732533,2025-12-03T16:44:39.864579
1385,1,1385,-0.00410685176,2025-12-03T16:44:39.906923
1386,1,1386,-0.0041054883,2025-12-03T16:44:39.949352
1387,1,1387,-0.00410306407,2025-12-03T16:44:39.969476
1388,1,1388,-0.00410200748,2025-12-03T16:44:40.042345
1389,1,1389,-0.00410504452,2025-12-03T16:44:40.115038
1390,1,1390,-0.00410306639,2025-12-03T16:44:40.187749
1391,1,1391,-0.00410506548,2025-12-03T16:44:40.230076
1392,1,1392,-0.00410449085,2025-12-03T16:44:40.272505
1393,1,1393,-0.00410668132,2025-12-03T16:44:40.348384
1394,1,1394,-0.00410585291,2025-12-03T16:44:40.420983
1395,1,1395,-0.00410734256,2025-12-03T16:44:40.493779
1396,1,1396,-0.00409033382,2025-12-03T16:44:40.536178
1397,1,1397,-0.00410074926,2025-12-03T16:44:40.578591
1398,1,1398,-0.00409955717,2025-12-03T16:44:40.651432
1399,1,1399,-0.00410252809,2025-12-03T16:44:40.723967
1400,1,1400,-0.00410655885,2025-12-03T16:44:40.796813
1401,1,1401,-0.00410345522,2025-12-03T16:44:40.839223
1402,1,1402,-0.00410240935,2025-12-03T16:44:40.881653
1403,1,1403,-0.00410006754,2025-12-03T16:44:40.901511
1404,1,1404,-0.00410096999,2025-12-03T16:44:40.974570
1405,1,1405,-0.00409730197,2025-12-03T16:44:41.047337
1406,1,1406,-0.00409652525,2025-12-03T16:44:41.089705
1407,1,1407,-0.00409860303,2025-12-03T16:44:41.132054
1408,1,1408,-0.00409578578,2025-12-03T16:44:41.151853
1409,1,1409,-0.00409980397,2025-12-03T16:44:41.224927
1410,1,1410,-0.0041010878,2025-12-03T16:44:41.297632
1411,1,1411,-0.00409854156,2025-12-03T16:44:41.370472
1412,1,1412,-0.00410002889,2025-12-03T16:44:41.412900
1413,1,1413,-0.00409942027,2025-12-03T16:44:41.455306
1414,1,1414,-0.00410172808,2025-12-03T16:44:41.475165
1415,1,1415,-0.00409507798,2025-12-03T16:44:41.548216
1416,1,1416,-0.00409695552,2025-12-03T16:44:41.620948
1417,1,1417,-0.00410366849,2025-12-03T16:44:41.693644
1418,1,1418,-0.00410040048,2025-12-03T16:44:41.736020
1419,1,1419,-0.00410510832,2025-12-03T16:44:41.778526
1420,1,1420,-0.00410245126,2025-12-03T16:44:41.851242
1421,1,1421,-0.00410073483,2025-12-03T16:44:41.923958
1422,1,1422,-0.00410017184,2025-12-03T16:44:41.996677
1423,1,1423,-0.00409844098,2025-12-03T16:44:42.039090
1424,1,1424,-0.00409896951,2025-12-03T16:44:42.081523
1425,1,1425,-0.00409906683,2025-12-03T16:44:42.154276
1426,1,1426,-0.00410152412,2025-12-03T16:44:42.226958
1427,1,1427,-0.00410184916,2025-12-03T16:44:42.299655
1428,1,1428,-0.00410016579,2025-12-03T16:44:42.342101
1429,1,1429,-0.00409866683,2025-12-03T16:44:42.384532
1430,1,1430,-0.00409899977,2025-12-03T16:44:42.404356
1431,1,1431,-0.00410297233,2025-12-03T16:44:42.477382
1432,1,1432,-0.00409859605,2025-12-03T16:44:42.550378
1433,1,1433,-0.00409559626,2025-12-03T16:44:42.622800
1434,1,1434,-0.00409897277,2025-12-03T16:44:42.665255
1435,1,1435,-0.00409782864,2025-12-03T16:44:42.707655
1436,1,1436,-0.00409949431,2025-12-03T16:44:42.780349
1437,1,1437,-0.00409779464,2025-12-03T16:44:42.853154
1438,1,1438,-0.00409939419,2025-12-03T16:44:42.927081
1439,1,1439,-0.00409826822,2025-12-03T16:44:42.968296
1440,1,1440,-0.00409714318,2025-12-03T16:44:43.010669
1441,1,1441,-0.00409531313,2025-12-03T16:44:43.083364
1442,1,1442,-0.00409560929,2025-12-03T16:44:43.156117
1443,1,1443,-0.00409864401,2025-12-03T16:44:43.228872
1444,1,1444,-0.00409717997,2025-12-03T16:44:43.271138
1445,1,1445,-0.00409821979,2025-12-03T16:44:43.313651
1446,1,1446,-0.00409686891,2025-12-03T16:44:43.333482
1447,1,1447,-0.00409756787,2025-12-03T16:44:43.406619
1448,1,1448,-0.00410037627,2025-12-03T16:44:43.479383
1449,1,1449,-0.00409703422,2025-12-03T16:44:43.551993
1450,1,1450,-0.00409821094,2025-12-03T16:44:43.594440
1451,1,1451,-0.00409523211,2025-12-03T16:44:43.636941
1452,1,1452,-0.00409819046,2025-12-03T16:44:43.709537
1453,1,1453,-0.00409598136,2025-12-03T16:44:43.782393
1454,1,1454,-0.004096176,2025-12-03T16:44:43.855118
1455,1,1455,-0.00409670593,2025-12-03T16:44:43.897510
1456,1,1456,-0.00409691594,2025-12-03T16:44:43.939885
1457,1,1457,-0.00409651361,2025-12-03T16:44:43.959704
1458,1,1458,-0.00409604143,2025-12-03T16:44:44.033185
1459,1,1459,-0.00409525725,2025-12-03T16:44:44.105493
1460,1,1460,-0.00409875391,2025-12-03T16:44:44.178206
1461,1,1461,-0.00409598881,2025-12-03T16:44:44.220759
1462,1,1462,-0.00409812014,2025-12-03T16:44:44.262997
1463,1,1463,-0.00409728754,2025-12-03T16:44:44.335707
1464,1,1464,-0.00409802887,2025-12-03T16:44:44.408485
1465,1,1465,-0.00409723166,2025-12-03T16:44:44.481265
1466,1,1466,-0.00409903656,2025-12-03T16:44:44.523556
1467,1,1467,-0.00409641815,2025-12-03T16:44:44.566171
1468,1,1468,-0.00409485911,2025-12-03T16:44:44.638810
1469,1,1469,-0.00410158233,2025-12-03T16:44:44.711481
1470,1,1470,-0.00409539043,2025-12-03T16:44:44.784202
1471,1,1471,-0.00409644516,2025-12-03T16:44:44.826692
1472,1,1472,-0.00409499788,2025-12-03T16:44:44.869192
1473,1,1473,-0.00409578112,2025-12-03T16:44:44.889148
1474,1,1474,-0.00409630127,2025-12-03T16:44:44.962119
1475,1,1475,-0.00409340579,2025-12-03T16:44:45.034784
1476,1,1476,-0.00409194687,2025-12-03T16:44:45.107488
1477,1,1477,-0.00409395666,2025-12-03T16:44:45.149855
1478,1,1478,-0.0040939846,2025-12-03T16:44:45.192395
1479,1,1479,-0.00409379974,2025-12-03T16:44:45.268013
1480,1,1480,-0.00409225886,2025-12-03T16:44:45.340839
1481,1,1481,-0.00409856811,2025-12-03T16:44:45.413519
1482,1,1482,-0.00409237155,2025-12-03T16:44:45.455954
1483,1,1483,-0.00409492943,2025-12-03T16:44:45.498415
1484,1,1484,-0.00409233476,2025-12-03T16:44:45.571074
1485,1,1485,-0.00409332243,2025-12-03T16:44:45.643751
1486,1,1486,-0.00409526191,2025-12-03T16:44:45.716516
1487,1,1487,-0.00409400369,2025-12-03T16:44:45.758848
1488,1,1488,-0.00409414386,2025-12-03T16:44:45.801423
1489,1,1489,-0.00409434922,2025-12-03T16:44:45.821387
1490,1,1490,-0.00409287493,2025-12-03T16:44:45.894158
1491,1,1491,-0.00409566331,2025-12-03T16:44:45.967025
1492,1,1492,-0.00409387191,2025-12-03T16:44:46.039792
1493,1,1493,-0.00409396691,2025-12-03T16:44:46.082130
1494,1,1494,-0.00409496435,2025-12-03T16:44:46.124585
1495,1,1495,-0.00409763725,2025-12-03T16:44:46.144375
1496,1,1496,-0.00409608986,2025-12-03T16:44:46.217419
1497,1,1497,-0.00409508217,2025-12-03T16:44:46.290212
1498,1,1498,-0.00409595202,2025-12-03T16:44:46.332503
1499,1,1499,-0.00409386772,2025-12-03T16:44:46.375072
1500,1,1500,-0.00409649638,2025-12-03T16:44:46.394940
1501,1,1501,-0.00409481115,2025-12-03T16:44:46.467935
1502,1,1502,-0.00409221695,2025-12-03T16:44:46.540786
1503,1,1503,-0.00409663142,2025-12-03T16:44:46.613445
1504,1,1504,-0.00409500719,2025-12-03T16:44:46.655735
1505,1,1505,-0.00409835344,2025-12-03T16:44:46.698273
1506,1,1506,-0.00409547705,2025-12-03T16:44:46.770974
1507,1,1507,-0.00409521535,2025-12-03T16:44:46.843593
1508,1,1508,-0.00409721769,2025-12-03T16:44:46.916296
1509,1,1509,-0.00409635063,2025-12-03T16:44:46.958811
1510,1,1510,-0.00409564049,2025-12-03T16:44:47.001261
1511,1,1511,-0.00409438973,2025-12-03T16:44:47.073985
1512,1,1512,-0.00409704679,2025-12-03T16:44:47.148417
1513,1,1513,-0.00409789988,2025-12-03T16:44:47.219314
1514,1,1514,-0.00409722561,2025-12-03T16:44:47.261821
1515,1,1515,-0.00409539602,2025-12-03T16:44:47.304203
1516,1,1516,-0.00409584399,2025-12-03T16:44:47.324032
1517,1,1517,-0.00409786216,2025-12-03T16:44:47.397196
1518,1,1518,-0.00409627752,2025-12-03T16:44:47.469906
1519,1,1519,-0.00409445026,2025-12-03T16:44:47.542584
1520,1,1520,-0.0040955469,2025-12-03T16:44:47.585053
1521,1,1521,-0.00409557716,2025-12-03T16:44:47.627444
1522,1,1522,-0.00409733084,2025-12-03T16:44:47.702177
1523,1,1523,-0.00409366376,2025-12-03T16:44:47.774827
1524,1,1524,-0.0040977695,2025-12-03T16:44:47.847545
1525,1,1525,-0.00409219926,2025-12-03T16:44:47.890059
1526,1,1526,-0.00409610802,2025-12-03T16:44:47.932629
1527,1,1527,-0.00409576296,2025-12-03T16:44:48.005164
1528,1,1528,-0.00409690244,2025-12-03T16:44:48.077904
1529,1,1529,-0.00409943936,2025-12-03T16:44:48.150599
1530,1,1530,-0.00410026917,2025-12-03T16:44:48.193103
1531,1,1531,-0.00409933086,2025-12-03T16:44:48.235385
1532,1,1532,-0.00409819511,2025-12-03T16:44:48.255227
1533,1,1533,-0.00409870455,2025-12-03T16:44:48.328368
1534,1,1534,-0.00409973133,2025-12-03T16:44:48.401029
1535,1,1535,-0.00409496854,2025-12-03T16:44:48.473818
1536,1,1536,-0.00409617368,2025-12-03T16:44:48.516183
1537,1,1537,-0.00409445818,2025-12-03T16:44:48.558697
1538,1,1538,-0.0040995432,2025-12-03T16:44:48.631403
1539,1,1539,-0.00409761443,2025-12-03T16:44:48.704087
1540,1,1540,-0.00409572105,2025-12-03T16:44:48.776863
1541,1,1541,-0.00409580208,2025-12-03T16:44:48.819130
1542,1,1542,-0.00409563397,2025-12-03T16:44:48.861706
1543,1,1543,-0.00409033801,2025-12-03T16:44:48.935424
1544,1,1544,-0.00409398926,2025-12-03T16:44:49.008129
1545,1,1545,-0.00409675901,2025-12-03T16:44:49.080794
1546,1,1546,-0.00409600324,2025-12-03T16:44:49.123274
1547,1,1547,-0.00409715669,2025-12-03T16:44:49.165691
1548,1,1548,-0.00409578438,2025-12-03T16:44:49.185544
1549,1,1549,-0.0040953774,2025-12-03T16:44:49.258501
1550,1,1550,-0.00409676181,2025-12-03T16:44:49.331278
1551,1,1551,-0.0041015204,2025-12-03T16:44:49.404040
1552,1,1552,-0.0040960987,2025-12-03T16:44:49.446464
1553,1,1553,-0.00409627845,2025-12-03T16:44:49.488948
1554,1,1554,-0.00409756274,2025-12-03T16:44:49.561573
1555,1,1555,-0.004098712,2025-12-03T16:44:49.634333
1556,1,1556,-0.00409711757,2025-12-03T16:44:49.706939
1557,1,1557,-0.00409877765,2025-12-03T16:44:49.749416
1558,1,1558,-0.00409464724,2025-12-03T16:44:49.791793
1559,1,1559,-0.00409685121,2025-12-03T16:44:49.811584
1560,1,1560,-0.00409870129,2025-12-03T16:44:49.884818
1561,1,1561,-0.00409455504,2025-12-03T16:44:49.957548
1562,1,1562,-0.00409869756,2025-12-03T16:44:50.030288
1563,1,1563,-0.00409730058,2025-12-03T16:44:50.102982
1564,1,1564,-0.00409734901,2025-12-03T16:44:50.145309
1565,1,1565,-0.00409750267,2025-12-03T16:44:50.187732
1566,1,1566,-0.00409427471,2025-12-03T16:44:50.207437
1567,1,1567,-0.00409548124,2025-12-03T16:44:50.227341
1568,1,1568,-0.00409785937,2025-12-03T16:44:50.247238
1569,1,1569,-0.00409615039,2025-12-03T16:44:50.267307
1570,1,1570,-0.00409634085,2025-12-03T16:44:50.340425
1571,1,1571,-0.00412412174,2025-12-03T16:44:50.413005
1572,1,1572,-0.00410045217,2025-12-03T16:44:50.485750
1573,1,1573,-0.00409932527,2025-12-03T16:44:50.528211
1574,1,1574,-0.0040996056,2025-12-03T16:44:50.570616
1575,1,1575,-0.00409877579,2025-12-03T16:44:50.643413
1576,1,1576,-0.00409474456,2025-12-03T16:44:50.715974
1577,1,1577,-0.00409494061,2025-12-03T16:44:50.788799
1578,1,1578,-0.00409753713,2025-12-03T16:44:50.831250
1579,1,1579,-0.00409316224,2025-12-03T16:44:50.873547
1580,1,1580,-0.00409365491,2025-12-03T16:44:50.946303
1581,1,1581,-0.00409736204,2025-12-03T16:44:51.019026
1582,1,1582,-0.00409773178,2025-12-03T16:44:51.091672
1583,1,1583,-0.0040971334,2025-12-03T16:44:51.134100
1584,1,1584,-0.00409598043,2025-12-03T16:44:51.176648
1585,1,1585,-0.00409773131,2025-12-03T16:44:51.252402
1586,1,1586,-0.00409493548,2025-12-03T16:44:51.324957
1587,1,1587,-0.00409620488,2025-12-03T16:44:51.397798
1588,1,1588,-0.00409565633,2025-12-03T16:44:51.440262
1589,1,1589,-0.00409598136,2025-12-03T16:44:51.482628
1590,1,1590,-0.0040956675,2025-12-03T16:44:51.502481
1591,1,1591,-0.00409521907,2025-12-03T16:44:51.575466
1592,1,1592,-0.00409534852,2025-12-03T16:44:51.648174
1593,1,1593,-0.00409387936,2025-12-03T16:44:51.720880
1594,1,1594,-0.00409620301,2025-12-03T16:44:51.763322
1595,1,1595,-0.00409474316,2025-12-03T16:44:51.805855
1596,1,1596,-0.00409448659,2025-12-03T16:44:51.825636
1597,1,1597,-0.00409609172,2025-12-03T16:44:51.898640
1598,1,1598,-0.00409880792,2025-12-03T16:44:51.971400
1599,1,1599,-0.0040945108,2025-12-03T16:44:52.044166
1600,1,1600,-0.00409433385,2025-12-03T16:44:52.086588
1601,1,1601,-0.00409594178,2025-12-03T16:44:52.129060
1602,1,1602,-0.00408868305,2025-12-03T16:44:52.201744
1603,1,1603,-0.0040913932,2025-12-03T16:44:52.274480
1604,1,1604,-0.00409349659,2025-12-03T16:44:52.347083
1605,1,1605,-0.00409194407,2025-12-03T16:44:52.389590
1606,1,1606,-0.0040941406,2025-12-03T16:44:52.431980
1607,1,1607,-0.00409052381,2025-12-03T16:44:52.504813
1608,1,1608,-0.00409455876,2025-12-03T16:44:52.577451
1609,1,1609,-0.00409565027,2025-12-03T16:44:52.650144
1610,1,1610,-0.00409703701,2025-12-03T16:44:52.692591
1611,1,1611,-0.0040932754,2025-12-03T16:44:52.735083
1612,1,1612,-0.00409233337,2025-12-03T16:44:52.754976
1613,1,1613,-0.00409342302,2025-12-03T16:44:52.827967
1614,1,1614,-0.00409543327,2025-12-03T16:44:52.900692
1615,1,1615,-0.00409362837,2025-12-03T16:44:52.973457
1616,1,1616,-0.0040951441,2025-12-03T16:44:53.015810
1617,1,1617,-0.00409183604,2025-12-03T16:44:53.058179
1618,1,1618,-0.00409511942,2025-12-03T16:44:53.131077
1619,1,1619,-0.00409446936,2025-12-03T16:44:53.203716
1620,1,1620,-0.00409352174,2025-12-03T16:44:53.276312
1621,1,1621,-0.00409444514,2025-12-03T16:44:53.349064
1622,1,1622,-0.00409228866,2025-12-03T16:44:53.391551
1623,1,1623,-0.00409326842,2025-12-03T16:44:53.433880
1624,1,1624,-0.00409398181,2025-12-03T16:44:53.453793
1625,1,1625,-0.00409483537,2025-12-03T16:44:53.473838
1626,1,1626,-0.00409239018,2025-12-03T16:44:53.493753
1627,1,1627,-0.00409440696,2025-12-03T16:44:53.513612
1628,1,1628,-0.0040959916,2025-12-03T16:44:53.586424
1629,1,1629,-0.00409773644,2025-12-03T16:44:53.659154
1630,1,1630,-0.00409342907,2025-12-03T16:44:53.731808
1631,1,1631,-0.00409325212,2025-12-03T16:44:53.774286
1632,1,1632,-0.0040940172,2025-12-03T16:44:53.816801
1633,1,1633,-0.00409256992,2025-12-03T16:44:53.836689
1634,1,1634,-0.00409541372,2025-12-03T16:44:53.909692
1635,1,1635,-0.00409322418,2025-12-03T16:44:53.982400
1636,1,1636,-0.0040926137,2025-12-03T16:44:54.055033
1637,1,1637,-0.00409126887,2025-12-03T16:44:54.097449
1638,1,1638,-0.00409095548,2025-12-03T16:44:54.139854
1639,1,1639,-0.00409231567,2025-12-03T16:44:54.212710
1640,1,1640,-0.00409563397,2025-12-03T16:44:54.285280
1641,1,1641,-0.00409392546,2025-12-03T16:44:54.358134
1642,1,1642,-0.00409540906,2025-12-03T16:44:54.400410
1643,1,1643,-0.00409524934,2025-12-03T16:44:54.443063
1644,1,1644,-0.0040959469,2025-12-03T16:44:54.515576
1645,1,1645,-0.00409275759,2025-12-03T16:44:54.588386
1646,1,1646,-0.00409463467,2025-12-03T16:44:54.661135
1647,1,1647,-0.00410136766,2025-12-03T16:44:54.703545
1648,1,1648,-0.00408875476,2025-12-03T16:44:54.746000
1649,1,1649,-0.00409404607,2025-12-03T16:44:54.818719
1650,1,1650,-0.00409262441,2025-12-03T16:44:54.891403
1651,1,1651,-0.00409424537,2025-12-03T16:44:54.964212
1652,1,1652,-0.00409353338,2025-12-03T16:44:55.006569
1653,1,1653,-0.00409326702,2025-12-03T16:44:55.048999
1654,1,1654,-0.00409456668,2025-12-03T16:44:55.068907
1655,1,1655,-0.00409504352,2025-12-03T16:44:55.141935
1656,1,1656,-0.00409172242,2025-12-03T16:44:55.214587
1657,1,1657,-0.00409391568,2025-12-03T16:44:55.287821
1658,1,1658,-0.00409428728,2025-12-03T16:44:55.330355
1659,1,1659,-0.00409578345,2025-12-03T16:44:55.372325
1660,1,1660,-0.00409552268,2025-12-03T16:44:55.444975
1661,1,1661,-0.00409638183,2025-12-03T16:44:55.517620
1662,1,1662,-0.00409683398,2025-12-03T16:44:55.590396
1663,1,1663,-0.00409774063,2025-12-03T16:44:55.632803
1664,1,1664,-0.00409703375,2025-12-03T16:44:55.675189
1665,1,1665,-0.00410124007,2025-12-03T16:44:55.695070
1666,1,1666,-0.00409651873,2025-12-03T16:44:55.768102
1667,1,1667,-0.00409791246,2025-12-03T16:44:55.840802
1668,1,1668,-0.00409870687,2025-12-03T16:44:55.913579
1669,1,1669,-0.00409757206,2025-12-03T16:44:55.955984
1670,1,1670,-0.00409839302,2025-12-03T16:44:55.998334
1671,1,1671,-0.00409860536,2025-12-03T16:44:56.071110
1672,1,1672,-0.0040979851,2025-12-03T16:44:56.143764
1673,1,1673,-0.00409473385,2025-12-03T16:44:56.216551
1674,1,1674,-0.00409701326,2025-12-03T16:44:56.258918
1675,1,1675,-0.00409691454,2025-12-03T16:44:56.301415
1676,1,1676,-0.00409797113,2025-12-03T16:44:56.321214
1677,1,1677,-0.00409751525,2025-12-03T16:44:56.394318
1678,1,1678,-0.00409911153,2025-12-03T16:44:56.467034
1679,1,1679,-0.00409617554,2025-12-03T16:44:56.539619
1680,1,1680,-0.00409775646,2025-12-03T16:44:56.582086
1681,1,1681,-0.00409709801,2025-12-03T16:44:56.624579
1682,1,1682,-0.00410347199,2025-12-03T16:44:56.697337
1683,1,1683,-0.00409658579,2025-12-03T16:44:56.769926
1684,1,1684,-0.00409666355,2025-12-03T16:44:56.842819
1685,1,1685,-0.00409607077,2025-12-03T16:44:56.885129
1686,1,1686,-0.00409452477,2025-12-03T16:44:56.927623
1687,1,1687,-0.00409383606,2025-12-03T16:44:57.001250
1688,1,1688,-0.00409470451,2025-12-03T16:44:57.074101
1689,1,1689,-0.00409474736,2025-12-03T16:44:57.146763
1690,1,1690,-0.00409426074,2025-12-03T16:44:57.189210
1691,1,1691,-0.00409430684,2025-12-03T16:44:57.231595
1692,1,1692,-0.00409555202,2025-12-03T16:44:57.251412
1693,1,1693,-0.00409783096,2025-12-03T16:44:57.324539
1694,1,1694,-0.00409949431,2025-12-03T16:44:57.397217
1695,1,1695,-0.00410080095,2025-12-03T16:44:57.469928
1696,1,1696,-0.00409791711,2025-12-03T16:44:57.512391
1697,1,1697,-0.00409787381,2025-12-03T16:44:57.554806
1698,1,1698,-0.00409842561,2025-12-03T16:44:57.627411
1699,1,1699,-0.004143022,2025-12-03T16:44:57.700227
1700,1,1700,-0.00409538671,2025-12-03T16:44:57.772882
1701,1,1701,-0.00409811781,2025-12-03T16:44:57.815426
1702,1,1702,-0.00409800512,2025-12-03T16:44:57.857806
1703,1,1703,-0.0040989886,2025-12-03T16:44:57.930445
1704,1,1704,-0.00409891316,2025-12-03T16:44:58.003179
1705,1,1705,-0.00409939093,2025-12-03T16:44:58.075883
1706,1,1706,-0.00409803166,2025-12-03T16:44:58.118405
1707,1,1707,-0.00409727776,2025-12-03T16:44:58.160847
1708,1,1708,-0.00409479252,2025-12-03T16:44:58.234499
1709,1,1709,-0.004099573,2025-12-03T16:44:58.307267
1710,1,1710,-0.00410011922,2025-12-03T16:44:58.349635
1711,1,1711,-0.00410038791,2025-12-03T16:44:58.392071
1712,1,1712,-0.0041001765,2025-12-03T16:44:58.413091
1713,1,1713,-0.00410037254,2025-12-03T16:44:58.433101
1714,1,1714,-0.00410011736,2025-12-03T16:44:58.506173
1715,1,1715,-0.00410157395,2025-12-03T16:44:58.578935
1716,1,1716,-0.00410113623,2025-12-03T16:44:58.651674
1717,1,1717,-0.00411762902,2025-12-03T16:44:58.693985
1718,1,1718,-0.00409555481,2025-12-03T16:44:58.736390
1719,1,1719,-0.00409744493,2025-12-03T16:44:58.756277
1720,1,1720,-0.00409852387,2025-12-03T16:44:58.829356
1721,1,1721,-0.00409949105,2025-12-03T16:44:58.902053
1722,1,1722,-0.00410147802,2025-12-03T16:44:58.974868
1723,1,1723,-0.00410086428,2025-12-03T16:44:59.017226
1724,1,1724,-0.0041012275,2025-12-03T16:44:59.059657
1725,1,1725,-0.00410164054,2025-12-03T16:44:59.132441
1726,1,1726,-0.00413397653,2025-12-03T16:44:59.205147
1727,1,1727,-0.0040976298,2025-12-03T16:44:59.277874
1728,1,1728,-0.00409698206,2025-12-03T16:44:59.320238
1729,1,1729,-0.00409657042,2025-12-03T16:44:59.362943
1730,1,1730,-0.0040964717,2025-12-03T16:44:59.435409
1731,1,1731,-0.00410018814,2025-12-03T16:44:59.508127
1732,1,1732,-0.00410014577,2025-12-03T16:44:59.580866
1733,1,1733,-0.0041006417,2025-12-03T16:44:59.623298
1734,1,1734,-0.00410059187,2025-12-03T16:44:59.665796
1735,1,1735,-0.0040904195,2025-12-03T16:44:59.738385
1736,1,1736,-0.00409813597,2025-12-03T16:44:59.811184
1737,1,1737,-0.00409835018,2025-12-03T16:44:59.853583
1738,1,1738,-0.00409822864,2025-12-03T16:44:59.919525
1739,1,1739,-0.00409887265,2025-12-03T16:44:59.986889
1740,1,1740,-0.00410038977,2025-12-03T16:45:00.059543
1741,1,1741,-0.00410023378,2025-12-03T16:45:00.132418
1742,1,1742,-0.00409942818,2025-12-03T16:45:00.174642
1743,1,1743,-0.00411619339,2025-12-03T16:45:00.217204
1744,1,1744,-0.00408974941,2025-12-03T16:45:00.237110
1745,1,1745,-0.004097661,2025-12-03T16:45:00.310055
1746,1,1746,-0.00410111388,2025-12-03T16:45:00.382871
1747,1,1747,-0.004099051,2025-12-03T16:45:00.455499
1748,1,1748,-0.00410021841,2025-12-03T16:45:00.497983
1749,1,1749,-0.00410090154,2025-12-03T16:45:00.540402
1750,1,1750,-0.00410106545,2025-12-03T16:45:00.560304
1751,1,1751,-0.00410119583,2025-12-03T16:45:00.633306
1752,1,1752,-0.00414268998,2025-12-03T16:45:00.705949
1753,1,1753,-0.00409724563,2025-12-03T16:45:00.778769
1754,1,1754,-0.00409910967,2025-12-03T16:45:00.821195
1755,1,1755,-0.00409934343,2025-12-03T16:45:00.863452
1756,1,1756,-0.00409755157,2025-12-03T16:45:00.936353
1757,1,1757,-0.00409964798,2025-12-03T16:45:01.008951
1758,1,1758,-0.00410012528,2025-12-03T16:45:01.081804
1759,1,1759,-0.00410030642,2025-12-03T16:45:01.124123
1760,1,1760,-0.00409913482,2025-12-03T16:45:01.166641
1761,1,1761,-0.00409286003,2025-12-03T16:45:01.239313
1762,1,1762,-0.00409769359,2025-12-03T16:45:01.312003
1763,1,1763,-0.00409852992,2025-12-03T16:45:01.384681
1764,1,1764,-0.00410051643,2025-12-03T16:45:01.427078
1765,1,1765,-0.00409902166,2025-12-03T16:45:01.469515
1766,1,1766,-0.00409870827,2025-12-03T16:45:01.489441
1767,1,1767,-0.00409988407,2025-12-03T16:45:01.562483
1768,1,1768,-0.00410028453,2025-12-03T16:45:01.635248
1769,1,1769,-0.00414177682,2025-12-03T16:45:01.707907
1770,1,1770,-0.00409425795,2025-12-03T16:45:01.750335
1771,1,1771,-0.00409866031,2025-12-03T16:45:01.792733
1772,1,1772,-0.00409767171,2025-12-03T16:45:01.865473
1773,1,1773,-0.00409935601,2025-12-03T16:45:01.938058
1774,1,1774,-0.00410269293,2025-12-03T16:45:02.010962
1775,1,1775,-0.00410076836,2025-12-03T16:45:02.053412
1776,1,1776,-0.00410065567,2025-12-03T16:45:02.095847
1777,1,1777,-0.00410071108,2025-12-03T16:45:02.115655
1778,1,1778,-0.00410030083,2025-12-03T16:45:02.188561
1779,1,1779,-0.00410027755,2025-12-03T16:45:02.261292
1780,1,1780,-0.00409602932,2025-12-03T16:45:02.334083
1781,1,1781,-0.00409461976,2025-12-03T16:45:02.376564
1782,1,1782,-0.00409642839,2025-12-03T16:45:02.418984
1783,1,1783,-0.00409931084,2025-12-03T16:45:02.491707
1784,1,1784,-0.00409911014,2025-12-03T16:45:02.564410
1785,1,1785,-0.00409743795,2025-12-03T16:45:02.637152
1786,1,1786,-0.0040980326,2025-12-03T16:45:02.679556
1787,1,1787,-0.00409987987,2025-12-03T16:45:02.721964
1788,1,1788,-0.00410077441,2025-12-03T16:45:02.741801
1789,1,1789,-0.00410133507,2025-12-03T16:45:02.814838
1790,1,1790,-0.004100129,2025-12-03T16:45:02.887623
1791,1,1791,-0.00410133739,2025-12-03T16:45:02.960422
1792,1,1792,-0.00410079443,2025-12-03T16:45:03.002803
1793,1,1793,-0.00410106405,2025-12-03T16:45:03.045218
1794,1,1794,-0.00410171225,2025-12-03T16:45:03.117902
1795,1,1795,-0.00410241587,2025-12-03T16:45:03.190608
1796,1,1796,-0.00410146731,2025-12-03T16:45:03.263397
1797,1,1797,-0.00410137558,2025-12-03T16:45:03.305786
1798,1,1798,-0.00411070184,2025-12-03T16:45:03.348254
1799,1,1799,-0.00410096673,2025-12-03T16:45:03.420890
1800,1,1800,-0.00410029338,2025-12-03T16:45:03.493645
1801,1,1801,-0.00409906404,2025-12-03T16:45:03.566307
1802,1,1802,-0.004100685,2025-12-03T16:45:03.608753
1803,1,1803,-0.00410079117,2025-12-03T16:45:03.651171
1804,1,1804,-0.00410015601,2025-12-03T16:45:03.671025
1805,1,1805,-0.00410107569,2025-12-03T16:45:03.744152
1806,1,1806,-0.00409968243,2025-12-03T16:45:03.816850
1807,1,1807,-0.00409918418,2025-12-03T16:45:03.889596
1808,1,1808,-0.00409812945,2025-12-03T16:45:03.931978
1809,1,1809,-0.00409939512,2025-12-03T16:45:03.974331
1810,1,1810,-0.00409821746,2025-12-03T16:45:04.046979
1811,1,1811,-0.00409938581,2025-12-03T16:45:04.119749
1812,1,1812,-0.00409950315,2025-12-03T16:45:04.192470
1813,1,1813,-0.00410007825,2025-12-03T16:45:04.234888
1814,1,1814,-0.0041000056,2025-12-03T16:45:04.277294
1815,1,1815,-0.00411292538,2025-12-03T16:45:04.350121
1816,1,1816,-0.00410269526,2025-12-03T16:45:04.422788
1817,1,1817,-0.00410449039,2025-12-03T16:45:04.495471
1818,1,1818,-0.00410443032,2025-12-03T16:45:04.568197
1819,1,1819,-0.00410383008,2025-12-03T16:45:04.610695
1820,1,1820,-0.00410253973,2025-12-03T16:45:04.653107
1821,1,1821,-0.00410378072,2025-12-03T16:45:04.672873
1822,1,1822,-0.00410575,2025-12-03T16:45:04.692702
1823,1,1823,-0.00410352135,2025-12-03T16:45:04.712488
1824,1,1824,-0.00410501286,2025-12-03T16:45:04.732286
1825,1,1825,-0.00410297932,2025-12-03T16:45:04.805632
1826,1,1826,-0.00409854948,2025-12-03T16:45:04.878344
1827,1,1827,-0.00410359306,2025-12-03T16:45:04.951059
1828,1,1828,-0.00410233298,2025-12-03T16:45:04.993396
1829,1,1829,-0.00410349015,2025-12-03T16:45:05.035839
1830,1,1830,-0.00410199817,2025-12-03T16:45:05.055622
1831,1,1831,-0.00410353485,2025-12-03T16:45:05.128788
1832,1,1832,-0.00410232646,2025-12-03T16:45:05.201549
1833,1,1833,-0.00410461751,2025-12-03T16:45:05.274261
1834,1,1834,-0.00410393485,2025-12-03T16:45:05.316804
1835,1,1835,-0.00410983432,2025-12-03T16:45:05.359164
1836,1,1836,-0.00410074181,2025-12-03T16:45:05.431785
1837,1,1837,-0.00410064961,2025-12-03T16:45:05.504575
1838,1,1838,-0.00410141609,2025-12-03T16:45:05.577317
1839,1,1839,-0.00410071061,2025-12-03T16:45:05.619821
1840,1,1840,-0.00410147476,2025-12-03T16:45:05.662023
1841,1,1841,-0.00410063518,2025-12-03T16:45:05.734854
1842,1,1842,-0.00410201959,2025-12-03T16:45:05.807482
1843,1,1843,-0.00409778859,2025-12-03T16:45:05.880313
1844,1,1844,-0.00409953342,2025-12-03T16:45:05.922694
1845,1,1845,-0.00409994367,2025-12-03T16:45:05.965035
1846,1,1846,-0.00410043867,2025-12-03T16:45:05.984835
1847,1,1847,-0.00410073902,2025-12-03T16:45:06.058071
1848,1,1848,-0.00410056021,2025-12-03T16:45:06.130738
1849,1,1849,-0.00410228595,2025-12-03T16:45:06.203442
1850,1,1850,-0.00410216301,2025-12-03T16:45:06.245920
1851,1,1851,-0.00410295557,2025-12-03T16:45:06.288342
1852,1,1852,-0.00410240795,2025-12-03T16:45:06.308226
1853,1,1853,-0.00409932387,2025-12-03T16:45:06.381228
1854,1,1854,-0.00409825285,2025-12-03T16:45:06.453811
1855,1,1855,-0.00410121819,2025-12-03T16:45:06.526691
1856,1,1856,-0.00410116277,2025-12-03T16:45:06.569009
1857,1,1857,-0.00409740814,2025-12-03T16:45:06.611544
1858,1,1858,-0.00409618252,2025-12-03T16:45:06.684147
1859,1,1859,-0.00409863283,2025-12-03T16:45:06.756884
1860,1,1860,-0.00409929035,2025-12-03T16:45:06.829712
1861,1,1861,-0.00409684004,2025-12-03T16:45:06.872032
1862,1,1862,-0.00409843306,2025-12-03T16:45:06.914567
1863,1,1863,-0.00409923866,2025-12-03T16:45:06.987242
1864,1,1864,-0.00409928848,2025-12-03T16:45:07.060036
1865,1,1865,-0.00409854063,2025-12-03T16:45:07.132701
1866,1,1866,-0.00409966148,2025-12-03T16:45:07.175038
1867,1,1867,-0.00410054298,2025-12-03T16:45:07.217564
1868,1,1868,-0.00409837067,2025-12-03T16:45:07.237443
1869,1,1869,-0.00409914785,2025-12-03T16:45:07.310456
1870,1,1870,-0.00409821048,2025-12-03T16:45:07.383159
1871,1,1871,-0.00409826403,2025-12-03T16:45:07.455776
1872,1,1872,-0.00409835996,2025-12-03T16:45:07.498274
1873,1,1873,-0.00409926986,2025-12-03T16:45:07.540657
1874,1,1874,-0.00409894715,2025-12-03T16:45:07.613420
1875,1,1875,-0.00409859744,2025-12-03T16:45:07.686217
1876,1,1876,-0.0041015991,2025-12-03T16:45:07.758913
1877,1,1877,-0.00409954693,2025-12-03T16:45:07.801323
1878,1,1878,-0.0041045458,2025-12-03T16:45:07.843792
1879,1,1879,-0.00410041073,2025-12-03T16:45:07.916367
1880,1,1880,-0.00410121958,2025-12-03T16:45:07.989118
1881,1,1881,-0.00410292623,2025-12-03T16:45:08.061834
1882,1,1882,-0.00410274975,2025-12-03T16:45:08.104297
1883,1,1883,-0.00410379329,2025-12-03T16:45:08.146874
1884,1,1884,-0.00410163821,2025-12-03T16:45:08.219449
1885,1,1885,-0.00410183705,2025-12-03T16:45:08.292106
1886,1,1886,-0.00410736212,2025-12-03T16:45:08.334610
1887,1,1887,-0.00410790555,2025-12-03T16:45:08.377056
1888,1,1888,-0.00410733371,2025-12-03T16:45:08.397030
1889,1,1889,-0.00410866132,2025-12-03T16:45:08.416976
1890,1,1890,-0.00411088252,2025-12-03T16:45:08.490172
1891,1,1891,-0.00411196006,2025-12-03T16:45:08.562767
1892,1,1892,-0.0041128667,2025-12-03T16:45:08.635595
1893,1,1893,-0.00411252863,2025-12-03T16:45:08.677954
1894,1,1894,-0.0041119568,2025-12-03T16:45:08.720365
1895,1,1895,-0.00411368208,2025-12-03T16:45:08.740198
1896,1,1896,-0.00411250581,2025-12-03T16:45:08.760027
1897,1,1897,-0.00411284854,2025-12-03T16:45:08.779949
1898,1,1898,-0.0041112164,2025-12-03T16:45:08.799938
1899,1,1899,-0.00411114888,2025-12-03T16:45:08.872911
1900,1,1900,-0.00411222968,2025-12-03T16:45:08.945890
1901,1,1901,-0.00411177985,2025-12-03T16:45:09.018972
1902,1,1902,-0.00411233538,2025-12-03T16:45:09.061235
1903,1,1903,-0.00411082385,2025-12-03T16:45:09.103632
1904,1,1904,-0.00409889966,2025-12-03T16:45:09.123943
1905,1,1905,-0.00409852107,2025-12-03T16:45:09.196141
1906,1,1906,-0.00409967359,2025-12-03T16:45:09.269458
1907,1,1907,-0.00409944448,2025-12-03T16:45:09.341918
1908,1,1908,-0.00409780349,2025-12-03T16:45:09.384310
1909,1,1909,-0.00409842655,2025-12-03T16:45:09.426286
1910,1,1910,-0.00409881072,2025-12-03T16:45:09.446272
1911,1,1911,-0.00409985007,2025-12-03T16:45:09.519642
1912,1,1912,-0.00409772899,2025-12-03T16:45:09.592052
1913,1,1913,-0.00409928057,2025-12-03T16:45:09.664785
1914,1,1914,-0.00409656297,2025-12-03T16:45:09.707168
1915,1,1915,-0.00409801723,2025-12-03T16:45:09.749584
1916,1,1916,-0.00409623142,2025-12-03T16:45:09.822319
1917,1,1917,-0.00409649312,2025-12-03T16:45:09.894950
1918,1,1918,-0.0040961625,2025-12-03T16:45:09.967755
1919,1,1919,-0.00409733084,2025-12-03T16:45:10.010168
1920,1,1920,-0.00409710081,2025-12-03T16:45:10.052621
1921,1,1921,-0.00409710314,2025-12-03T16:45:10.072414
1922,1,1922,-0.00409763911,2025-12-03T16:45:10.145440
1923,1,1923,-0.00409549521,2025-12-03T16:45:10.218168
1924,1,1924,-0.00409789849,2025-12-03T16:45:10.290966
1925,1,1925,-0.00409640185,2025-12-03T16:45:10.333325
1926,1,1926,-0.00409731501,2025-12-03T16:45:10.375832
1927,1,1927,-0.00409839302,2025-12-03T16:45:10.448445
1928,1,1928,-0.00409850943,2025-12-03T16:45:10.521318
1929,1,1929,-0.0040974766,2025-12-03T16:45:10.593943
1930,1,1930,-0.00409687636,2025-12-03T16:45:10.636354
1931,1,1931,-0.00409688754,2025-12-03T16:45:10.678798
1932,1,1932,-0.00409644469,2025-12-03T16:45:10.751587
1933,1,1933,-0.00409651873,2025-12-03T16:45:10.824278
1934,1,1934,-0.00409617554,2025-12-03T16:45:10.866690
1935,1,1935,-0.00408923253,2025-12-03T16:45:10.909144
1936,1,1936,-0.00409153755,2025-12-03T16:45:10.928906
1937,1,1937,-0.00409507984,2025-12-03T16:45:11.002041
1938,1,1938,-0.00409578066,2025-12-03T16:45:11.074668
1939,1,1939,-0.00409607496,2025-12-03T16:45:11.147432
1940,1,1940,-0.00409664958,2025-12-03T16:45:11.189805
1941,1,1941,-0.00409607775,2025-12-03T16:45:11.232217
1942,1,1942,-0.00409769453,2025-12-03T16:45:11.304996
1943,1,1943,-0.00413625547,2025-12-03T16:45:11.377781
1944,1,1944,-0.00409159203,2025-12-03T16:45:11.450404
1945,1,1945,-0.0040961774,2025-12-03T16:45:11.492916
1946,1,1946,-0.00409356411,2025-12-03T16:45:11.543039
1947,1,1947,-0.00409453734,2025-12-03T16:45:11.611986
1948,1,1948,-0.00409405305,2025-12-03T16:45:11.684658
1949,1,1949,-0.00409464864,2025-12-03T16:45:11.757527
1950,1,1950,-0.00409293361,2025-12-03T16:45:11.799864
1951,1,1951,-0.004093491,2025-12-03T16:45:11.842293
1952,1,1952,-0.00409369962,2025-12-03T16:45:11.862076
1953,1,1953,-0.00409153103,2025-12-03T16:45:11.935277
1954,1,1954,-0.00409287773,2025-12-03T16:45:12.007943
1955,1,1955,-0.00409402139,2025-12-03T16:45:12.080681
1956,1,1956,-0.00409474037,2025-12-03T16:45:12.123028
1957,1,1957,-0.00409406144,2025-12-03T16:45:12.165502
1958,1,1958,-0.00408640131,2025-12-03T16:45:12.238212
1959,1,1959,-0.00408957339,2025-12-03T16:45:12.310983
1960,1,1960,-0.00409305421,2025-12-03T16:45:12.383637
1961,1,1961,-0.00409176293,2025-12-03T16:45:12.426050
1962,1,1962,-0.00409431383,2025-12-03T16:45:12.468556
1963,1,1963,-0.00409358832,2025-12-03T16:45:12.488379
1964,1,1964,-0.00409271242,2025-12-03T16:45:12.561394
1965,1,1965,-0.00409339275,2025-12-03T16:45:12.634199
1966,1,1966,-0.0040937853,2025-12-03T16:45:12.706911
1967,1,1967,-0.00409065047,2025-12-03T16:45:12.749336
1968,1,1968,-0.00409218715,2025-12-03T16:45:12.791803
1969,1,1969,-0.00409394688,2025-12-03T16:45:12.864513
1970,1,1970,-0.00409277481,2025-12-03T16:45:12.937210
1971,1,1971,-0.00409497274,2025-12-03T16:45:13.009889
1972,1,1972,-0.00409535551,2025-12-03T16:45:13.052319
1973,1,1973,-0.00409384025,2025-12-03T16:45:13.094715
1974,1,1974,-0.00409457599,2025-12-03T16:45:13.167383
1975,1,1975,-0.00409560417,2025-12-03T16:45:13.240183
1976,1,1976,-0.00409147236,2025-12-03T16:45:13.312836
1977,1,1977,-0.00409359391,2025-12-03T16:45:13.355338
1978,1,1978,-0.00409212056,2025-12-03T16:45:13.397637
1979,1,1979,-0.00409293314,2025-12-03T16:45:13.417590
1980,1,1980,-0.00409332523,2025-12-03T16:45:13.490588
1981,1,1981,-0.00409235712,2025-12-03T16:45:13.563411
1982,1,1982,-0.00409348029,2025-12-03T16:45:13.636141
1983,1,1983,-0.00409309985,2025-12-03T16:45:13.678494
1984,1,1984,-0.00410005077,2025-12-03T16:45:13.720914
1985,1,1985,-0.00409295549,2025-12-03T16:45:13.794671
1986,1,1986,-0.00409339834,2025-12-03T16:45:13.867432
1987,1,1987,-0.00409313105,2025-12-03T16:45:13.940011
1988,1,1988,-0.0040931995,2025-12-03T16:45:13.982410
1989,1,1989,-0.00409278087,2025-12-03T16:45:14.025008
1990,1,1990,-0.00409246049,2025-12-03T16:45:14.097591
1991,1,1991,-0.00409207772,2025-12-03T16:45:14.170341
1992,1,1992,-0.00409164093,2025-12-03T16:45:14.243125
1993,1,1993,-0.00409121252,2025-12-03T16:45:14.285537
1994,1,1994,-0.00409202836,2025-12-03T16:45:14.327989
1995,1,1995,-0.00409329542,2025-12-03T16:45:14.347859
1996,1,1996,-0.00409395294,2025-12-03T16:45:14.420887
1997,1,1997,-0.00409401487,2025-12-03T16:45:14.493594
1998,1,1998,-0.00409564655,2025-12-03T16:45:14.566412
1999,1,1999,-0.0040939087,2025-12-03T16:45:14.608800
2000,1,2000,-0.00409210519,2025-12-03T16:45:14.651133
2001,1,2001,-0.00409416388,2025-12-03T16:45:14.670957
2002,1,2002,-0.00409411778,2025-12-03T16:45:14.743993
2003,1,2003,-0.00409178202,2025-12-03T16:45:14.816751
2004,1,2004,-0.0040926123,2025-12-03T16:45:14.889522
2005,1,2005,-0.00409230729,2025-12-03T16:45:14.931937
2006,1,2006,-0.00409306865,2025-12-03T16:45:14.974397
2007,1,2007,-0.00409407401,2025-12-03T16:45:14.994264
2008,1,2008,-0.00409431895,2025-12-03T16:45:15.014031
2009,1,2009,-0.00409366749,2025-12-03T16:45:15.033930
2010,1,2010,-0.00409342302,2025-12-03T16:45:15.053673
2011,1,2011,-0.00409414246,2025-12-03T16:45:15.126779
2012,1,2012,-0.00409452989,2025-12-03T16:45:15.199558
2013,1,2013,-0.00409175781,2025-12-03T16:45:15.272342
2014,1,2014,-0.00409232592,2025-12-03T16:45:15.314802
2015,1,2015,-0.00409407448,2025-12-03T16:45:15.357187
2016,1,2016,-0.00409309053,2025-12-03T16:45:15.429923
2017,1,2017,-0.00409326702,2025-12-03T16:45:15.502521
2018,1,2018,-0.00409448798,2025-12-03T16:45:15.575344
2019,1,2019,-0.00409414153,2025-12-03T16:45:15.617813
2020,1,2020,-0.00409283628,2025-12-03T16:45:15.660097
2021,1,2021,-0.0040931832,2025-12-03T16:45:15.679893
2022,1,2022,-0.00409062672,2025-12-03T16:45:15.753049
2023,1,2023,-0.00409318599,2025-12-03T16:45:15.825803
2024,1,2024,-0.00409287353,2025-12-03T16:45:15.898572
2025,1,2025,-0.00409422628,2025-12-03T16:45:15.940964
2026,1,2026,-0.00409493409,2025-12-03T16:45:15.983410
2027,1,2027,-0.00409412523,2025-12-03T16:45:16.003250
2028,1,2028,-0.0040944037,2025-12-03T16:45:16.076235
2029,1,2029,-0.00409198598,2025-12-03T16:45:16.148934
2030,1,2030,-0.00409835157,2025-12-03T16:45:16.221684
2031,1,2031,-0.00409111659,2025-12-03T16:45:16.264123
2032,1,2032,-0.00409198878,2025-12-03T16:45:16.306600
2033,1,2033,-0.00409379834,2025-12-03T16:45:16.379281
2034,1,2034,-0.00409461278,2025-12-03T16:45:16.452034
2035,1,2035,-0.00409517483,2025-12-03T16:45:16.524677
2036,1,2036,-0.00409537227,2025-12-03T16:45:16.567157
2037,1,2037,-0.00409400369,2025-12-03T16:45:16.609738
2038,1,2038,-0.00409521069,2025-12-03T16:45:16.682307
2039,1,2039,-0.00409425375,2025-12-03T16:45:16.755020
2040,1,2040,-0.00409384211,2025-12-03T16:45:16.827801
2041,1,2041,-0.00409401673,2025-12-03T16:45:16.870180
2042,1,2042,-0.00409442046,2025-12-03T16:45:16.912581
2043,1,2043,-0.00409432919,2025-12-03T16:45:16.932499
2044,1,2044,-0.004095159,2025-12-03T16:45:17.005453
2045,1,2045,-0.00409431196,2025-12-03T16:45:17.078143
2046,1,2046,-0.00409499322,2025-12-03T16:45:17.150947
2047,1,2047,-0.00409384723,2025-12-03T16:45:17.193385
2048,1,2048,-0.00409623375,2025-12-03T16:45:17.235905
2049,1,2049,-0.00409341556,2025-12-03T16:45:17.309362
2050,1,2050,-0.00409427797,2025-12-03T16:45:17.382242
2051,1,2051,-0.00409328378,2025-12-03T16:45:17.454957
2052,1,2052,-0.00409366469,2025-12-03T16:45:17.497400
2053,1,2053,-0.00409414013,2025-12-03T16:45:17.539810
2054,1,2054,-0.00409322138,2025-12-03T16:45:17.559559
2055,1,2055,-0.00409365864,2025-12-03T16:45:17.632800
2056,1,2056,-0.00409411778,2025-12-03T16:45:17.705345
2057,1,2057,-0.00409356644,2025-12-03T16:45:17.778164
2058,1,2058,-0.00409543607,2025-12-03T16:45:17.820561
2059,1,2059,-0.0040945094,2025-12-03T16:45:17.863022
2060,1,2060,-0.00409613503,2025-12-03T16:45:17.935715
2061,1,2061,-0.0040962384,2025-12-03T16:45:18.008343
2062,1,2062,-0.00409493455,2025-12-03T16:45:18.081136
2063,1,2063,-0.00409540627,2025-12-03T16:45:18.123588
2064,1,2064,-0.00409561488,2025-12-03T16:45:18.165990
2065,1,2065,-0.00409587193,2025-12-03T16:45:18.185876
2066,1,2066,-0.00412128074,2025-12-03T16:45:18.258879
2067,1,2067,-0.00409188168,2025-12-03T16:45:18.331573
2068,1,2068,-0.00409377226,2025-12-03T16:45:18.404380
2069,1,2069,-0.00409515807,2025-12-03T16:45:18.446797
2070,1,2070,-0.00409529311,2025-12-03T16:45:18.489239
2071,1,2071,-0.00409555342,2025-12-03T16:45:18.561907
2072,1,2072,-0.00409687869,2025-12-03T16:45:18.634640
2073,1,2073,-0.00409706588,2025-12-03T16:45:18.707325
2074,1,2074,-0.00411094259,2025-12-03T16:45:18.749800
2075,1,2075,-0.00408942578,2025-12-03T16:45:18.792132
2076,1,2076,-0.00409252336,2025-12-03T16:45:18.812019
2077,1,2077,-0.00409350031,2025-12-03T16:45:18.831887
2078,1,2078,-0.00409521441,2025-12-03T16:45:18.851802
2079,1,2079,-0.00409581419,2025-12-03T16:45:18.871696
2080,1,2080,-0.00409658905,2025-12-03T16:45:18.944622
2081,1,2081,-0.00409724703,2025-12-03T16:45:19.017377
2082,1,2082,-0.0040966249,2025-12-03T16:45:19.090077
2083,1,2083,-0.00409723911,2025-12-03T16:45:19.132449
2084,1,2084,-0.00409714644,2025-12-03T16:45:19.174976
2085,1,2085,-0.00409798836,2025-12-03T16:45:19.194893
2086,1,2086,-0.00412948103,2025-12-03T16:45:19.267853
2087,1,2087,-0.00409243721,2025-12-03T16:45:19.340631
2088,1,2088,-0.00409449962,2025-12-03T16:45:19.413341
2089,1,2089,-0.00409353245,2025-12-03T16:45:19.455806
2090,1,2090,-0.00409404281,2025-12-03T16:45:19.498190
2091,1,2091,-0.00409361487,2025-12-03T16:45:19.517974
2092,1,2092,-0.00409417599,2025-12-03T16:45:19.591145
2093,1,2093,-0.00409455597,2025-12-03T16:45:19.663794
2094,1,2094,-0.00409344444,2025-12-03T16:45:19.736550
2095,1,2095,-0.0040868069,2025-12-03T16:45:19.778956
2096,1,2096,-0.0040903124,2025-12-03T16:45:19.821402
2097,1,2097,-0.00409413129,2025-12-03T16:45:19.894024
2098,1,2098,-0.00409454479,2025-12-03T16:45:19.966828
2099,1,2099,-0.00409584259,2025-12-03T16:45:20.039551
2100,1,2100,-0.00409418763,2025-12-03T16:45:20.082002
2101,1,2101,-0.00409434176,2025-12-03T16:45:20.124432
2102,1,2102,-0.00409488892,2025-12-03T16:45:20.197082
2103,1,2103,-0.00411622878,2025-12-03T16:45:20.269832
2104,1,2104,-0.00409150542,2025-12-03T16:45:20.342507
2105,1,2105,-0.00409207493,2025-12-03T16:45:20.384923
2106,1,2106,-0.00409365911,2025-12-03T16:45:20.427485
2107,1,2107,-0.00409364653,2025-12-03T16:45:20.447335
2108,1,2108,-0.00409558508,2025-12-03T16:45:20.520307
2109,1,2109,-0.00409262999,2025-12-03T16:45:20.593051
2110,1,2110,-0.00409410335,2025-12-03T16:45:20.665812
2111,1,2111,-0.00409331591,2025-12-03T16:45:20.708288
2112,1,2112,-0.0040931385,2025-12-03T16:45:20.750543
2113,1,2113,-0.00409076176,2025-12-03T16:45:20.824327
2114,1,2114,-0.00409134011,2025-12-03T16:45:20.897017
2115,1,2115,-0.00408830959,2025-12-03T16:45:20.969742
2116,1,2116,-0.00409047864,2025-12-03T16:45:21.012575
2117,1,2117,-0.00408240966,2025-12-03T16:45:21.054559
2118,1,2118,-0.00408497545,2025-12-03T16:45:21.127301
2119,1,2119,-0.00408777175,2025-12-03T16:45:21.199977
2120,1,2120,-0.00408812845,2025-12-03T16:45:21.272734
2121,1,2121,-0.00408977083,2025-12-03T16:45:21.315124
2122,1,2122,-0.00408903229,2025-12-03T16:45:21.357622
2123,1,2123,-0.00408880179,2025-12-03T16:45:21.377531
2124,1,2124,-0.00409010099,2025-12-03T16:45:21.450518
2125,1,2125,-0.00409057457,2025-12-03T16:45:21.523241
2126,1,2126,-0.00408930238,2025-12-03T16:45:21.595904
2127,1,2127,-0.00409112917,2025-12-03T16:45:21.638327
2128,1,2128,-0.00409324793,2025-12-03T16:45:21.680763
2129,1,2129,-0.00409241067,2025-12-03T16:45:21.753475
2130,1,2130,-0.00409456994,2025-12-03T16:45:21.826217
2131,1,2131,-0.0040929499,2025-12-03T16:45:21.898971
2132,1,2132,-0.00409576715,2025-12-03T16:45:21.941438
2133,1,2133,-0.00409393804,2025-12-03T16:45:21.983797
2134,1,2134,-0.00409474177,2025-12-03T16:45:22.056550
2135,1,2135,-0.00409267237,2025-12-03T16:45:22.129186
2136,1,2136,-0.00409238785,2025-12-03T16:45:22.201954
2137,1,2137,-0.00409372756,2025-12-03T16:45:22.244416
2138,1,2138,-0.00409500766,2025-12-03T16:45:22.286760
2139,1,2139,-0.00409540347,2025-12-03T16:45:22.306564
2140,1,2140,-0.00409741885,2025-12-03T16:45:22.379802
2141,1,2141,-0.00409784587,2025-12-03T16:45:22.452441
2142,1,2142,-0.00409634457,2025-12-03T16:45:22.525092
2143,1,2143,-0.00409676088,2025-12-03T16:45:22.567602
2144,1,2144,-0.00410257,2025-12-03T16:45:22.610034
2145,1,2145,-0.00409640092,2025-12-03T16:45:22.682798
2146,1,2146,-0.00409550545,2025-12-03T16:45:22.755472
2147,1,2147,-0.00409839069,2025-12-03T16:45:22.828092
2148,1,2148,-0.00409053871,2025-12-03T16:45:22.900915
2149,1,2149,-0.00409172754,2025-12-03T16:45:22.943337
2150,1,2150,-0.00409191241,2025-12-03T16:45:22.985805
2151,1,2151,-0.00409488892,2025-12-03T16:45:23.058486
2152,1,2152,-0.00409497693,2025-12-03T16:45:23.131181
2153,1,2153,-0.00409414852,2025-12-03T16:45:23.203909
2154,1,2154,-0.00410013645,2025-12-03T16:45:23.246258
2155,1,2155,-0.00409846007,2025-12-03T16:45:23.288806
2156,1,2156,-0.00409768195,2025-12-03T16:45:23.308618
2157,1,2157,-0.00409534759,2025-12-03T16:45:23.362130
2158,1,2158,-0.0040960568,2025-12-03T16:45:23.415409
2159,1,2159,-0.00409828033,2025-12-03T16:45:23.487622
2160,1,2160,-0.00409923167,2025-12-03T16:45:23.560428
2161,1,2161,-0.00410021748,2025-12-03T16:45:23.633142
2162,1,2162,-0.00409821374,2025-12-03T16:45:23.675582
2163,1,2163,-0.00409716553,2025-12-03T16:45:23.718002
2164,1,2164,-0.00409811269,2025-12-03T16:45:23.790674
2165,1,2165,-0.00409776391,2025-12-03T16:45:23.863441
2166,1,2166,-0.00409548915,2025-12-03T16:45:23.936099
2167,1,2167,-0.00409739976,2025-12-03T16:45:23.978588
2168,1,2168,-0.00409768382,2025-12-03T16:45:24.021031
2169,1,2169,-0.00409620953,2025-12-03T16:45:24.040830
2170,1,2170,-0.00409899,2025-12-03T16:45:24.113918
2171,1,2171,-0.00409859046,2025-12-03T16:45:24.186653
2172,1,2172,-0.0040985397,2025-12-03T16:45:24.259405
2173,1,2173,-0.00409838417,2025-12-03T16:45:24.332020
2174,1,2174,-0.00410974398,2025-12-03T16:45:24.404803
2175,1,2175,-0.00409781234,2025-12-03T16:45:24.477500
2176,1,2176,-0.00409926287,2025-12-03T16:45:24.550247
2177,1,2177,-0.00409870035,2025-12-03T16:45:24.622850
2178,1,2178,-0.00409843167,2025-12-03T16:45:24.665413
2179,1,2179,-0.00409852806,2025-12-03T16:45:24.707759
2180,1,2180,-0.00409752922,2025-12-03T16:45:24.727514
2181,1,2181,-0.00409721815,2025-12-03T16:45:24.800634
2182,1,2182,-0.00409720791,2025-12-03T16:45:24.873396
2183,1,2183,-0.00409610662,2025-12-03T16:45:24.946165
2184,1,2184,-0.00409572664,2025-12-03T16:45:25.018925
2185,1,2185,-0.00409684795,2025-12-03T16:45:25.061306
2186,1,2186,-0.00409659743,2025-12-03T16:45:25.103802
2187,1,2187,-0.00409653317,2025-12-03T16:45:25.123521
2188,1,2188,-0.00409608753,2025-12-03T16:45:25.143351
2189,1,2189,-0.00409713992,2025-12-03T16:45:25.163266
2190,1,2190,-0.00409649359,2025-12-03T16:45:25.237994
2191,1,2191,-0.00409726612,2025-12-03T16:45:25.310766
2192,1,2192,-0.00409882562,2025-12-03T16:45:25.383418
2193,1,2193,-0.00409251917,2025-12-03T16:45:25.425875
2194,1,2194,-0.00409558136,2025-12-03T16:45:25.468404
2195,1,2195,-0.00409550825,2025-12-03T16:45:25.488311
2196,1,2196,-0.00409574201,2025-12-03T16:45:25.561276
2197,1,2197,-0.00409668823,2025-12-03T16:45:25.633968
2198,1,2198,-0.00409738998,2025-12-03T16:45:25.708537
2199,1,2199,-0.00409655459,2025-12-03T16:45:25.749038
2200,1,2200,-0.00409781327,2025-12-03T16:45:25.791522
2201,1,2201,-0.00409821467,2025-12-03T16:45:25.811430
2202,1,2202,-0.00409950641,2025-12-03T16:45:25.884295
2203,1,2203,-0.00409622723,2025-12-03T16:45:25.957178
2204,1,2204,-0.004097939,2025-12-03T16:45:26.029906
2205,1,2205,-0.00409797951,2025-12-03T16:45:26.072266
2206,1,2206,-0.00409738253,2025-12-03T16:45:26.114811
2207,1,2207,-0.00410002237,2025-12-03T16:45:26.187314
2208,1,2208,-0.00410004984,2025-12-03T16:45:26.260130
2209,1,2209,-0.00409729545,2025-12-03T16:45:26.332857
2210,1,2210,-0.0040987404,2025-12-03T16:45:26.375333
2211,1,2211,-0.00410023005,2025-12-03T16:45:26.417779
2212,1,2212,-0.00409663096,2025-12-03T16:45:26.490489
2213,1,2213,-0.00409755157,2025-12-03T16:45:26.563221
2214,1,2214,-0.00409887311,2025-12-03T16:45:26.635915
2215,1,2215,-0.00409775972,2025-12-03T16:45:26.678348
2216,1,2216,-0.00409730477,2025-12-03T16:45:26.720797
2217,1,2217,-0.00409814389,2025-12-03T16:45:26.740574
2218,1,2218,-0.00409666355,2025-12-03T16:45:26.813622
2219,1,2219,-0.00409897137,2025-12-03T16:45:26.886361
2220,1,2220,-0.00409601768,2025-12-03T16:45:26.959090
2221,1,2221,-0.00409845216,2025-12-03T16:45:27.001527
2222,1,2222,-0.00409802608,2025-12-03T16:45:27.043929
2223,1,2223,-0.00409843865,2025-12-03T16:45:27.063830
2224,1,2224,-0.00409848894,2025-12-03T16:45:27.136886
2225,1,2225,-0.00409831246,2025-12-03T16:45:27.209521
2226,1,2226,-0.00409693503,2025-12-03T16:45:27.282252
2227,1,2227,-0.00409923773,2025-12-03T16:45:27.324657
2228,1,2228,-0.00409889034,2025-12-03T16:45:27.367176
2229,1,2229,-0.00409759394,2025-12-03T16:45:27.387000
2230,1,2230,-0.00410344731,2025-12-03T16:45:27.406843
2231,1,2231,-0.00409866729,2025-12-03T16:45:27.426860
2232,1,2232,-0.00409620441,2025-12-03T16:45:27.446731
2233,1,2233,-0.00409754738,2025-12-03T16:45:27.520654
2234,1,2234,-0.00409772759,2025-12-03T16:45:27.593323
2235,1,2235,-0.00409823702,2025-12-03T16:45:27.666218
2236,1,2236,-0.00409648194,2025-12-03T16:45:27.708509
2237,1,2237,-0.00409874692,2025-12-03T16:45:27.750949
2238,1,2238,-0.00409759301,2025-12-03T16:45:27.823602
2239,1,2239,-0.0040988028,2025-12-03T16:45:27.896368
2240,1,2240,-0.00409838603,2025-12-03T16:45:27.969071
2241,1,2241,-0.00409752829,2025-12-03T16:45:28.011479
2242,1,2242,-0.00409803492,2025-12-03T16:45:28.053944
2243,1,2243,-0.004097878,2025-12-03T16:45:28.126591
2244,1,2244,-0.00409756833,2025-12-03T16:45:28.199365
2245,1,2245,-0.00409703981,2025-12-03T16:45:28.271980
2246,1,2246,-0.0040983241,2025-12-03T16:45:28.314514
2247,1,2247,-0.00409700674,2025-12-03T16:45:28.356878
2248,1,2248,-0.00409874645,2025-12-03T16:45:28.376733
2249,1,2249,-0.00409914832,2025-12-03T16:45:28.396619
2250,1,2250,-0.00409749476,2025-12-03T16:45:28.469040
2251,1,2251,-0.00409875763,2025-12-03T16:45:28.541802
2252,1,2252,-0.00409481115,2025-12-03T16:45:28.614521
2253,1,2253,-0.00409840326,2025-12-03T16:45:28.656846
2254,1,2254,-0.00409836787,2025-12-03T16:45:28.699281
2255,1,2255,-0.00409695785,2025-12-03T16:45:28.719159
2256,1,2256,-0.00409613503,2025-12-03T16:45:28.739031
2257,1,2257,-0.00409818394,2025-12-03T16:45:28.758867
2258,1,2258,-0.00409816158,2025-12-03T16:45:28.778804
2259,1,2259,-0.00409727124,2025-12-03T16:45:28.852857
2260,1,2260,-0.00409731315,2025-12-03T16:45:28.925577
2261,1,2261,-0.00409646844,2025-12-03T16:45:28.998286
2262,1,2262,-0.00409833528,2025-12-03T16:45:29.040650
2263,1,2263,-0.00409798603,2025-12-03T16:45:29.083079
2264,1,2264,-0.00409804424,2025-12-03T16:45:29.102880
2265,1,2265,-0.00409922981,2025-12-03T16:45:29.176092
2266,1,2266,-0.00409417506,2025-12-03T16:45:29.249157
2267,1,2267,-0.00409760558,2025-12-03T16:45:29.321885
2268,1,2268,-0.00409601302,2025-12-03T16:45:29.364258
2269,1,2269,-0.00409771688,2025-12-03T16:45:29.406921
2270,1,2270,-0.004096766,2025-12-03T16:45:29.427019
2271,1,2271,-0.00409714458,2025-12-03T16:45:29.446914
2272,1,2272,-0.00409636972,2025-12-03T16:45:29.466797
2273,1,2273,-0.00409613782,2025-12-03T16:45:29.486645
2274,1,2274,-0.00409804936,2025-12-03T16:45:29.506463
2275,1,2275,-0.00409536855,2025-12-03T16:45:29.579063
2276,1,2276,-0.00410013692,2025-12-03T16:45:29.651805
2277,1,2277,-0.00409932062,2025-12-03T16:45:29.724503
2278,1,2278,-0.00410014903,2025-12-03T16:45:29.766802
2279,1,2279,-0.00409943424,2025-12-03T16:45:29.809390
2280,1,2280,-0.00409986777,2025-12-03T16:45:29.829199
2281,1,2281,-0.00409849965,2025-12-03T16:45:29.902234
2282,1,2282,-0.00409770989,2025-12-03T16:45:29.975004
2283,1,2283,-0.00409675715,2025-12-03T16:45:30.047707
2284,1,2284,-0.00409816857,2025-12-03T16:45:30.089998
2285,1,2285,-0.00408318452,2025-12-03T16:45:30.132545
2286,1,2286,-0.00409554783,2025-12-03T16:45:30.205181
2287,1,2287,-0.00409567169,2025-12-03T16:45:30.277942
2288,1,2288,-0.00409648427,2025-12-03T16:45:30.350601
2289,1,2289,-0.00409672362,2025-12-03T16:45:30.393219
2290,1,2290,-0.0040973355,2025-12-03T16:45:30.435626
2291,1,2291,-0.00409836927,2025-12-03T16:45:30.513127
2292,1,2292,-0.00409711105,2025-12-03T16:45:30.580906
2293,1,2293,-0.0040875487,2025-12-03T16:45:30.653679
2294,1,2294,-0.00409451592,2025-12-03T16:45:30.696189
2295,1,2295,-0.00409609405,2025-12-03T16:45:30.738400
2296,1,2296,-0.00409676181,2025-12-03T16:45:30.758715
2297,1,2297,-0.00409594923,2025-12-03T16:45:30.831513
2298,1,2298,-0.00409633014,2025-12-03T16:45:30.904192
2299,1,2299,-0.00409747473,2025-12-03T16:45:30.976937
2300,1,2300,-0.00409653503,2025-12-03T16:45:31.019314
2301,1,2301,-0.00409647217,2025-12-03T16:45:31.061761
2302,1,2302,-0.00408871751,2025-12-03T16:45:31.134398
2303,1,2303,-0.0040940619,2025-12-03T16:45:31.207212
2304,1,2304,-0.00409561442,2025-12-03T16:45:31.279932
2305,1,2305,-0.00409549102,2025-12-03T16:45:31.322571
2306,1,2306,-0.0040955767,2025-12-03T16:45:31.364647
2307,1,2307,-0.00409651733,2025-12-03T16:45:31.437489
2308,1,2308,-0.00409638136,2025-12-03T16:45:31.510143
2309,1,2309,-0.00409813458,2025-12-03T16:45:31.582938
2310,1,2310,-0.00411359453,2025-12-03T16:45:31.625296
2311,1,2311,-0.00409318134,2025-12-03T16:45:31.667809
2312,1,2312,-0.00409428542,2025-12-03T16:45:31.740469
2313,1,2313,-0.00409546634,2025-12-03T16:45:31.813196
2314,1,2314,-0.00409630779,2025-12-03T16:45:31.885899
2315,1,2315,-0.00409546215,2025-12-03T16:45:31.928304
2316,1,2316,-0.00409497693,2025-12-03T16:45:31.970861
2317,1,2317,-0.00409698998,2025-12-03T16:45:32.043446
2318,1,2318,-0.00412112427,2025-12-03T16:45:32.116206
2319,1,2319,-0.00409388216,2025-12-03T16:45:32.188955
2320,1,2320,-0.00409542024,2025-12-03T16:45:32.231243
2321,1,2321,-0.00409509241,2025-12-03T16:45:32.273726
2322,1,2322,-0.00409696716,2025-12-03T16:45:32.293832
2323,1,2323,-0.0040973993,2025-12-03T16:45:32.367963
2324,1,2324,-0.00409633154,2025-12-03T16:45:32.440416
2325,1,2325,-0.00409745518,2025-12-03T16:45:32.513204
2326,1,2326,-0.00409642467,2025-12-03T16:45:32.555625
2327,1,2327,-0.0040947888,2025-12-03T16:45:32.597905
2328,1,2328,-0.00409503886,2025-12-03T16:45:32.617644
2329,1,2329,-0.00409790175,2025-12-03T16:45:32.690890
2330,1,2330,-0.00409719115,2025-12-03T16:45:32.763556
2331,1,2331,-0.00409123115,2025-12-03T16:45:32.836381
2332,1,2332,-0.00409371638,2025-12-03T16:45:32.878804
2333,1,2333,-0.00409477483,2025-12-03T16:45:32.921155
2334,1,2334,-0.00409500719,2025-12-03T16:45:32.941179
2335,1,2335,-0.00409497879,2025-12-03T16:45:32.961054
2336,1,2336,-0.00409436272,2025-12-03T16:45:32.980918
2337,1,2337,-0.00409422442,2025-12-03T16:45:33.000672
2338,1,2338,-0.00409558461,2025-12-03T16:45:33.073602
2339,1,2339,-0.00409527309,2025-12-03T16:45:33.146425
2340,1,2340,-0.00409538904,2025-12-03T16:45:33.219095
2341,1,2341,-0.00409664213,2025-12-03T16:45:33.261468
2342,1,2342,-0.00409333128,2025-12-03T16:45:33.303911
2343,1,2343,-0.00409452756,2025-12-03T16:45:33.323806
2344,1,2344,-0.00409559626,2025-12-03T16:45:33.343812
2345,1,2345,-0.00409559253,2025-12-03T16:45:33.416977
2346,1,2346,-0.00409564981,2025-12-03T16:45:33.489765
2347,1,2347,-0.00409598881,2025-12-03T16:45:33.562544
2348,1,2348,-0.0040972894,2025-12-03T16:45:33.635256
2349,1,2349,-0.00409418344,2025-12-03T16:45:33.677651
2350,1,2350,-0.00409486657,2025-12-03T16:45:33.720087
2351,1,2351,-0.00409659417,2025-12-03T16:45:33.739918
2352,1,2352,-0.0040961001,2025-12-03T16:45:33.759813
2353,1,2353,-0.00410304311,2025-12-03T16:45:33.779649
2354,1,2354,-0.00409613037,2025-12-03T16:45:33.852419
2355,1,2355,-0.00409664167,2025-12-03T16:45:33.925135
2356,1,2356,-0.00409651594,2025-12-03T16:45:33.997834
2357,1,2357,-0.00409581651,2025-12-03T16:45:34.040189
2358,1,2358,-0.00409698486,2025-12-03T16:45:34.082660
2359,1,2359,-0.0040990971,2025-12-03T16:45:34.102807
2360,1,2360,-0.0040968121,2025-12-03T16:45:34.175589
2361,1,2361,-0.00409732665,2025-12-03T16:45:34.248318
2362,1,2362,-0.0040950654,2025-12-03T16:45:34.321051
2363,1,2363,-0.00409649452,2025-12-03T16:45:34.363434
2364,1,2364,-0.00409702863,2025-12-03T16:45:34.405761
2365,1,2365,-0.00409720651,2025-12-03T16:45:34.478598
2366,1,2366,-0.00409757485,2025-12-03T16:45:34.551248
2367,1,2367,-0.0040988638,2025-12-03T16:45:34.624085
2368,1,2368,-0.00409825379,2025-12-03T16:45:34.666435
2369,1,2369,-0.00409728148,2025-12-03T16:45:34.708890
2370,1,2370,-0.00410516606,2025-12-03T16:45:34.781519
2371,1,2371,-0.00409656576,2025-12-03T16:45:34.854314
2372,1,2372,-0.00409744726,2025-12-03T16:45:34.926963
2373,1,2373,-0.00409692153,2025-12-03T16:45:34.969466
2374,1,2374,-0.00409810664,2025-12-03T16:45:35.011858
2375,1,2375,-0.00409814063,2025-12-03T16:45:35.031643
2376,1,2376,-0.00409875158,2025-12-03T16:45:35.104827
2377,1,2377,-0.00409630406,2025-12-03T16:45:35.177483
2378,1,2378,-0.00409683212,2025-12-03T16:45:35.250247
2379,1,2379,-0.00410028779,2025-12-03T16:45:35.292650
2380,1,2380,-0.00409399764,2025-12-03T16:45:35.335090
2381,1,2381,-0.00409586681,2025-12-03T16:45:35.407765
2382,1,2382,-0.00409700116,2025-12-03T16:45:35.480511
2383,1,2383,-0.00409652711,2025-12-03T16:45:35.553170
2384,1,2384,-0.00409790268,2025-12-03T16:45:35.595628
2385,1,2385,-0.00409511011,2025-12-03T16:45:35.638065
2386,1,2386,-0.0040939846,2025-12-03T16:45:35.710757
2387,1,2387,-0.00410126475,2025-12-03T16:45:35.783481
2388,1,2388,-0.00409332057,2025-12-03T16:45:35.856272
2389,1,2389,-0.00409408146,2025-12-03T16:45:35.898632
2390,1,2390,-0.00409545702,2025-12-03T16:45:35.941142
2391,1,2391,-0.00409721722,2025-12-03T16:45:36.015822
2392,1,2392,-0.00409650709,2025-12-03T16:45:36.088504
2393,1,2393,-0.00409927731,2025-12-03T16:45:36.161212
2394,1,2394,-0.0040972298,2025-12-03T16:45:36.203616
2395,1,2395,-0.00409729033,2025-12-03T16:45:36.246050
2396,1,2396,-0.00409744353,2025-12-03T16:45:36.265964
2397,1,2397,-0.00409496203,2025-12-03T16:45:36.339024
2398,1,2398,-0.00409843074,2025-12-03T16:45:36.411812
2399,1,2399,-0.00409537367,2025-12-03T16:45:36.484311
2400,1,2400,-0.00409548822,2025-12-03T16:45:36.526814
2401,1,2401,-0.00409839721,2025-12-03T16:45:36.569227
2402,1,2402,-0.00410035392,2025-12-03T16:45:36.642047
2403,1,2403,-0.0040999311,2025-12-03T16:45:36.714810
2404,1,2404,-0.00410495046,2025-12-03T16:45:36.787469
2405,1,2405,-0.00409832876,2025-12-03T16:45:36.829905
2406,1,2406,-0.00409926613,2025-12-03T16:45:36.872280
2407,1,2407,-0.00409830594,2025-12-03T16:45:36.892152
2408,1,2408,-0.00409924797,2025-12-03T16:45:36.965156
2409,1,2409,-0.00410194043,2025-12-03T16:45:37.037879
2410,1,2410,-0.00409859092,2025-12-03T16:45:37.110611
2411,1,2411,-0.00409905891,2025-12-03T16:45:37.153085
2412,1,2412,-0.00409615179,2025-12-03T16:45:37.195540
2413,1,2413,-0.00409994041,2025-12-03T16:45:37.268221
2414,1,2414,-0.00409729685,2025-12-03T16:45:37.340980
2415,1,2415,-0.00409859931,2025-12-03T16:45:37.413701
2416,1,2416,-0.00409897509,2025-12-03T16:45:37.456132
2417,1,2417,-0.00409762421,2025-12-03T16:45:37.498462
2418,1,2418,-0.00409876788,2025-12-03T16:45:37.518424
2419,1,2419,-0.00409974204,2025-12-03T16:45:37.591391
2420,1,2420,-0.0040988014,2025-12-03T16:45:37.664158
2421,1,2421,-0.00409956229,2025-12-03T16:45:37.736839
2422,1,2422,-0.00409832177,2025-12-03T16:45:37.779237
2423,1,2423,-0.00409972108,2025-12-03T16:45:37.821673
2424,1,2424,-0.00409901747,2025-12-03T16:45:37.894401
2425,1,2425,-0.00409484142,2025-12-03T16:45:37.967098
2426,1,2426,-0.00409866403,2025-12-03T16:45:38.039892
2427,1,2427,-0.00409584026,2025-12-03T16:45:38.082183
2428,1,2428,-0.00409768894,2025-12-03T16:45:38.124822
2429,1,2429,-0.00409692293,2025-12-03T16:45:38.197440
2430,1,2430,-0.00409670593,2025-12-03T16:45:38.270183
2431,1,2431,-0.00409478973,2025-12-03T16:45:38.342894
2432,1,2432,-0.00409540534,2025-12-03T16:45:38.385225
2433,1,2433,-0.00409532571,2025-12-03T16:45:38.427655
2434,1,2434,-0.00409608241,2025-12-03T16:45:38.447547
2435,1,2435,-0.0040957774,2025-12-03T16:45:38.520679
2436,1,2436,-0.00409447774,2025-12-03T16:45:38.593429
2437,1,2437,-0.0040956675,2025-12-03T16:45:38.666095
2438,1,2438,-0.00409545935,2025-12-03T16:45:38.708488
2439,1,2439,-0.00409637391,2025-12-03T16:45:38.750892
2440,1,2440,-0.00409561814,2025-12-03T16:45:38.823640
2441,1,2441,-0.0040950193,2025-12-03T16:45:38.896407
2442,1,2442,-0.00409421185,2025-12-03T16:45:38.969066
2443,1,2443,-0.00409520743,2025-12-03T16:45:39.011476
2444,1,2444,-0.00409703701,2025-12-03T16:45:39.053970
2445,1,2445,-0.00409688381,2025-12-03T16:45:39.073884
2446,1,2446,-0.00409594178,2025-12-03T16:45:39.146859
2447,1,2447,-0.00409762142,2025-12-03T16:45:39.219549
2448,1,2448,-0.00410411553,2025-12-03T16:45:39.292318
2449,1,2449,-0.00409474316,2025-12-03T16:45:39.334675
2450,1,2450,-0.0040948945,2025-12-03T16:45:39.377057
2451,1,2451,-0.00409504491,2025-12-03T16:45:39.396934
2452,1,2452,-0.00409473478,2025-12-03T16:45:39.416793
2453,1,2453,-0.00409388775,2025-12-03T16:45:39.436628
2454,1,2454,-0.00409503094,2025-12-03T16:45:39.457150
2455,1,2455,-0.00409501418,2025-12-03T16:45:39.529561
2456,1,2456,-0.00409685168,2025-12-03T16:45:39.602436
2457,1,2457,-0.00409420952,2025-12-03T16:45:39.675079
2458,1,2458,-0.00409598741,2025-12-03T16:45:39.717507
2459,1,2459,-0.00409501465,2025-12-03T16:45:39.759920
2460,1,2460,-0.00409462722,2025-12-03T16:45:39.779771
2461,1,2461,-0.00409529125,2025-12-03T16:45:39.852869
2462,1,2462,-0.0040936903,2025-12-03T16:45:39.925542
2463,1,2463,-0.00409559719,2025-12-03T16:45:39.998281
2464,1,2464,-0.0040953774,2025-12-03T16:45:40.040727
2465,1,2465,-0.00409568147,2025-12-03T16:45:40.083104
2466,1,2466,-0.00409567216,2025-12-03T16:45:40.102931
2467,1,2467,-0.00409707101,2025-12-03T16:45:40.175951
2468,1,2468,-0.00409550173,2025-12-03T16:45:40.248687
2469,1,2469,-0.00409768801,2025-12-03T16:45:40.321413
2470,1,2470,-0.00409595668,2025-12-03T16:45:40.363837
2471,1,2471,-0.00409651175,2025-12-03T16:45:40.406410
2472,1,2472,-0.00409447355,2025-12-03T16:45:40.479023
2473,1,2473,-0.00409427983,2025-12-03T16:45:40.551805
2474,1,2474,-0.00409572571,2025-12-03T16:45:40.624415
2475,1,2475,-0.00409769453,2025-12-03T16:45:40.667196
2476,1,2476,-0.00409593619,2025-12-03T16:45:40.709343
2477,1,2477,-0.00409898534,2025-12-03T16:45:40.781956
2478,1,2478,-0.00409983564,2025-12-03T16:45:40.854805
2479,1,2479,-0.00410039816,2025-12-03T16:45:40.927719
2480,1,2480,-0.00409971131,2025-12-03T16:45:40.970467
2481,1,2481,-0.00409769266,2025-12-03T16:45:41.012439
2482,1,2482,-0.00409662257,2025-12-03T16:45:41.032654
2483,1,2483,-0.00409718323,2025-12-03T16:45:41.105199
2484,1,2484,-0.00410901475,2025-12-03T16:45:41.177960
2485,1,2485,-0.00409401627,2025-12-03T16:45:41.250691
2486,1,2486,-0.004094759,2025-12-03T16:45:41.293157
2487,1,2487,-0.00409540859,2025-12-03T16:45:41.335546
2488,1,2488,-0.0040953136,2025-12-03T16:45:41.355428
2489,1,2489,-0.00409629149,2025-12-03T16:45:41.428457
2490,1,2490,-0.0040963944,2025-12-03T16:45:41.501181
2491,1,2491,-0.0040979674,2025-12-03T16:45:41.573818
2492,1,2492,-0.00409584771,2025-12-03T16:45:41.616366
2493,1,2493,-0.00409540301,2025-12-03T16:45:41.658701
2494,1,2494,-0.00409385981,2025-12-03T16:45:41.731334
2495,1,2495,-0.00409463606,2025-12-03T16:45:41.804176
2496,1,2496,-0.00409473339,2025-12-03T16:45:41.876889
2497,1,2497,-0.00409465515,2025-12-03T16:45:41.919271
2498,1,2498,-0.00409614201,2025-12-03T16:45:41.961704
2499,1,2499,-0.00409405678,2025-12-03T16:45:42.034396
2500,1,2500,-0.00409667752,2025-12-03T16:45:42.107194
2501,1,2501,-0.00409603537,2025-12-03T16:45:42.179792
2502,1,2502,-0.00409480836,2025-12-03T16:45:42.222288
2503,1,2503,-0.00409317621,2025-12-03T16:45:42.264790
2504,1,2504,-0.00409086421,2025-12-03T16:45:42.337397
2505,1,2505,-0.00409657647,2025-12-03T16:45:42.410110
2506,1,2506,-0.00409532012,2025-12-03T16:45:42.482848
2507,1,2507,-0.00409537181,2025-12-03T16:45:42.525370
2508,1,2508,-0.00409447588,2025-12-03T16:45:42.567814
2509,1,2509,-0.00409491034,2025-12-03T16:45:42.587670
2510,1,2510,-0.00409619789,2025-12-03T16:45:42.660667
2511,1,2511,-0.00409531313,2025-12-03T16:45:42.733402
2512,1,2512,-0.00407475931,2025-12-03T16:45:42.806041
2513,1,2513,-0.00409441161,2025-12-03T16:45:42.848461
2514,1,2514,-0.00409463513,2025-12-03T16:45:42.890925
2515,1,2515,-0.00409448426,2025-12-03T16:45:42.963637
2516,1,2516,-0.00409584492,2025-12-03T16:45:43.036395
2517,1,2517,-0.00409477204,2025-12-03T16:45:43.109086
2518,1,2518,-0.00409692572,2025-12-03T16:45:43.151501
2519,1,2519,-0.00409509986,2025-12-03T16:45:43.193954
2520,1,2520,-0.00409468635,2025-12-03T16:45:43.213820
2521,1,2521,-0.00409163394,2025-12-03T16:45:43.286809
2522,1,2522,-0.00409509241,2025-12-03T16:45:43.359587
2523,1,2523,-0.00409404607,2025-12-03T16:45:43.432188
2524,1,2524,-0.00409484002,2025-12-03T16:45:43.474808
2525,1,2525,-0.00409387843,2025-12-03T16:45:43.517097
2526,1,2526,-0.00409596506,2025-12-03T16:45:43.589870
2527,1,2527,-0.00409632595,2025-12-03T16:45:43.662482
2528,1,2528,-0.00409549148,2025-12-03T16:45:43.735281
2529,1,2529,-0.00410208338,2025-12-03T16:45:43.777686
2530,1,2530,-0.0040921038,2025-12-03T16:45:43.820128
2531,1,2531,-0.00409388914,2025-12-03T16:45:43.894871
2532,1,2532,-0.00409566238,2025-12-03T16:45:43.967532
2533,1,2533,-0.00409557297,2025-12-03T16:45:44.040344
2534,1,2534,-0.00409526377,2025-12-03T16:45:44.082671
2535,1,2535,-0.00409263139,2025-12-03T16:45:44.125146
2536,1,2536,-0.00409517111,2025-12-03T16:45:44.197906
2537,1,2537,-0.00410288432,2025-12-03T16:45:44.270565
2538,1,2538,-0.00409633154,2025-12-03T16:45:44.343274
2539,1,2539,-0.00409539462,2025-12-03T16:45:44.385803
2540,1,2540,-0.004095281,2025-12-03T16:45:44.428178
2541,1,2541,-0.00409663794,2025-12-03T16:45:44.448119
2542,1,2542,-0.00409619137,2025-12-03T16:45:44.521117
2543,1,2543,-0.00409638276,2025-12-03T16:45:44.593766
2544,1,2544,-0.00409643864,2025-12-03T16:45:44.666520
2545,1,2545,-0.0040959008,2025-12-03T16:45:44.708879
2546,1,2546,-0.00409557623,2025-12-03T16:45:44.751425
2547,1,2547,-0.00409512082,2025-12-03T16:45:44.824070
2548,1,2548,-0.00409554876,2025-12-03T16:45:44.896836
2549,1,2549,-0.00409622676,2025-12-03T16:45:44.969556
2550,1,2550,-0.00409682188,2025-12-03T16:45:45.011971
2551,1,2551,-0.00409561814,2025-12-03T16:45:45.054310
2552,1,2552,-0.00409839488,2025-12-03T16:45:45.128138
2553,1,2553,-0.00409332849,2025-12-03T16:45:45.200773
2554,1,2554,-0.00410023517,2025-12-03T16:45:45.273512
2555,1,2555,-0.00409366609,2025-12-03T16:45:45.315978
2556,1,2556,-0.00409672735,2025-12-03T16:45:45.358327
2557,1,2557,-0.004096827,2025-12-03T16:45:45.378106
2558,1,2558,-0.00409774668,2025-12-03T16:45:45.451291
2559,1,2559,-0.00409409264,2025-12-03T16:45:45.524033
2560,1,2560,-0.00409599486,2025-12-03T16:45:45.596804
2561,1,2561,-0.00409348029,2025-12-03T16:45:45.639098
2562,1,2562,-0.00409628776,2025-12-03T16:45:45.681530
2563,1,2563,-0.00409620022,2025-12-03T16:45:45.754254
2564,1,2564,-0.00409565353,2025-12-03T16:45:45.826944
2565,1,2565,-0.004104638,2025-12-03T16:45:45.899661
2566,1,2566,-0.00410412764,2025-12-03T16:45:45.942251
2567,1,2567,-0.00410410249,2025-12-03T16:45:45.984612
2568,1,2568,-0.00410359539,2025-12-03T16:45:46.004500
2569,1,2569,-0.00410103565,2025-12-03T16:45:46.077491
2570,1,2570,-0.00409798836,2025-12-03T16:45:46.150159
2571,1,2571,-0.00409808522,2025-12-03T16:45:46.222928
2572,1,2572,-0.00409485865,2025-12-03T16:45:46.265342
2573,1,2573,-0.00409507099,2025-12-03T16:45:46.307772
2574,1,2574,-0.00409371592,2025-12-03T16:45:46.380491
2575,1,2575,-0.00409492244,2025-12-03T16:45:46.453191
2576,1,2576,-0.00409369077,2025-12-03T16:45:46.495676
2577,1,2577,-0.00409496156,2025-12-03T16:45:46.538110
2578,1,2578,-0.00409508496,2025-12-03T16:45:46.557980
2579,1,2579,-0.00409372197,2025-12-03T16:45:46.630945
2580,1,2580,-0.00409516319,2025-12-03T16:45:46.703720
2581,1,2581,-0.00410359259,2025-12-03T16:45:46.776450
2582,1,2582,-0.0040919804,2025-12-03T16:45:46.818758
2583,1,2583,-0.00409343326,2025-12-03T16:45:46.861232
2584,1,2584,-0.00409422628,2025-12-03T16:45:46.881075
2585,1,2585,-0.00409338995,2025-12-03T16:45:46.954135
2586,1,2586,-0.00409390637,2025-12-03T16:45:47.026844
2587,1,2587,-0.00409314688,2025-12-03T16:45:47.099630
2588,1,2588,-0.00409469846,2025-12-03T16:45:47.142069
2589,1,2589,-0.00409391708,2025-12-03T16:45:47.184481
2590,1,2590,-0.00409280508,2025-12-03T16:45:47.257121
2591,1,2591,-0.00409026816,2025-12-03T16:45:47.329929
2592,1,2592,-0.00409422954,2025-12-03T16:45:47.402678
2593,1,2593,-0.00409457879,2025-12-03T16:45:47.445021
2594,1,2594,-0.00409280508,2025-12-03T16:45:47.487430
2595,1,2595,-0.00409238552,2025-12-03T16:45:47.560198
2596,1,2596,-0.00409001717,2025-12-03T16:45:47.632832
2597,1,2597,-0.00409288844,2025-12-03T16:45:47.726226
2598,1,2598,-0.00409170193,2025-12-03T16:45:47.760277
2599,1,2599,-0.0040914705,2025-12-03T16:45:47.790534
2600,1,2600,-0.00409169588,2025-12-03T16:45:47.810312
2601,1,2601,-0.00409219553,2025-12-03T16:45:47.883271
2602,1,2602,-0.00409372616,2025-12-03T16:45:47.956157
2603,1,2603,-0.00409259228,2025-12-03T16:45:48.028871
2604,1,2604,-0.00409289589,2025-12-03T16:45:48.071238
2605,1,2605,-0.00409239623,2025-12-03T16:45:48.113701
2606,1,2606,-0.00409303652,2025-12-03T16:45:48.186376
2607,1,2607,-0.00409292336,2025-12-03T16:45:48.259058
2608,1,2608,-0.00409246329,2025-12-03T16:45:48.331776
2609,1,2609,-0.00409279577,2025-12-03T16:45:48.374189
2610,1,2610,-0.00409225607,2025-12-03T16:45:48.416590
2611,1,2611,-0.00409274874,2025-12-03T16:45:48.436324
2612,1,2612,-0.00409391522,2025-12-03T16:45:48.509605
2613,1,2613,-0.00409340346,2025-12-03T16:45:48.582325
2614,1,2614,-0.00409637484,2025-12-03T16:45:48.655034
2615,1,2615,-0.00409406516,2025-12-03T16:45:48.697386
2616,1,2616,-0.00409602746,2025-12-03T16:45:48.739891
2617,1,2617,-0.00409246748,2025-12-03T16:45:48.812618
2618,1,2618,-0.00409436412,2025-12-03T16:45:48.885312
2619,1,2619,-0.00409631663,2025-12-03T16:45:48.958038
2620,1,2620,-0.00409502722,2025-12-03T16:45:49.000397
2621,1,2621,-0.00409595575,2025-12-03T16:45:49.042891
2622,1,2622,-0.0040938328,2025-12-03T16:45:49.115616
2623,1,2623,-0.00409391894,2025-12-03T16:45:49.188234
2624,1,2624,-0.00409354502,2025-12-03T16:45:49.260963
2625,1,2625,-0.00409125583,2025-12-03T16:45:49.303472
2626,1,2626,-0.00409247633,2025-12-03T16:45:49.345888
2627,1,2627,-0.00409276736,2025-12-03T16:45:49.365654
2628,1,2628,-0.00409298297,2025-12-03T16:45:49.438770
2629,1,2629,-0.00409427098,2025-12-03T16:45:49.511516
2630,1,2630,-0.00409328471,2025-12-03T16:45:49.584187
2631,1,2631,-0.00409496435,2025-12-03T16:45:49.656908
2632,1,2632,-0.0040923357,2025-12-03T16:45:49.699432
2633,1,2633,-0.00409286282,2025-12-03T16:45:49.741765
2634,1,2634,-0.00409226678,2025-12-03T16:45:49.814492
2635,1,2635,-0.00409300858,2025-12-03T16:45:49.887252
2636,1,2636,-0.00409397156,2025-12-03T16:45:49.929635
2637,1,2637,-0.00409490941,2025-12-03T16:45:49.972141
2638,1,2638,-0.00409401254,2025-12-03T16:45:49.991990
2639,1,2639,-0.00409422116,2025-12-03T16:45:50.065009
2640,1,2640,-0.00409488473,2025-12-03T16:45:50.137812
2641,1,2641,-0.00409228401,2025-12-03T16:45:50.210466
2642,1,2642,-0.00409369915,2025-12-03T16:45:50.252891
2643,1,2643,-0.00409505004,2025-12-03T16:45:50.295319
2644,1,2644,-0.00409212242,2025-12-03T16:45:50.367977
2645,1,2645,-0.00409423233,2025-12-03T16:45:50.440723
2646,1,2646,-0.00409204838,2025-12-03T16:45:50.513376
2647,1,2647,-0.00409526331,2025-12-03T16:45:50.555871
2648,1,2648,-0.00409436505,2025-12-03T16:45:50.598320
2649,1,2649,-0.00409395387,2025-12-03T16:45:50.670995
2650,1,2650,-0.00409284792,2025-12-03T16:45:50.743823
2651,1,2651,-0.00409211264,2025-12-03T16:45:50.816437
2652,1,2652,-0.00409136107,2025-12-03T16:45:50.858910
2653,1,2653,-0.00409237062,2025-12-03T16:45:50.901361
2654,1,2654,-0.00409274036,2025-12-03T16:45:50.975029
2655,1,2655,-0.00409274874,2025-12-03T16:45:51.047683
2656,1,2656,-0.00409327493,2025-12-03T16:45:51.120437
2657,1,2657,-0.00409336108,2025-12-03T16:45:51.162918
2658,1,2658,-0.00409311614,2025-12-03T16:45:51.205300
2659,1,2659,-0.00409299228,2025-12-03T16:45:51.225091
2660,1,2660,-0.00409325864,2025-12-03T16:45:51.298208
2661,1,2661,-0.00409176945,2025-12-03T16:45:51.370933
2662,1,2662,-0.00409265235,2025-12-03T16:45:51.443670
2663,1,2663,-0.00409083161,2025-12-03T16:45:51.486073
2664,1,2664,-0.00409240368,2025-12-03T16:45:51.528501
2665,1,2665,-0.00409266771,2025-12-03T16:45:51.548422
2666,1,2666,-0.00409290473,2025-12-03T16:45:51.621325
2667,1,2667,-0.0040937094,2025-12-03T16:45:51.694096
2668,1,2668,-0.00409296015,2025-12-03T16:45:51.766898
2669,1,2669,-0.0040924428,2025-12-03T16:45:51.809321
2670,1,2670,-0.00409102672,2025-12-03T16:45:51.851649
2671,1,2671,-0.00409255363,2025-12-03T16:45:51.924369
2672,1,2672,-0.00409228308,2025-12-03T16:45:51.997159
2673,1,2673,-0.00409401627,2025-12-03T16:45:52.069763
2674,1,2674,-0.00409213127,2025-12-03T16:45:52.112192
2675,1,2675,-0.00409465841,2025-12-03T16:45:52.154721
2676,1,2676,-0.00409325957,2025-12-03T16:45:52.227454
2677,1,2677,-0.00409499881,2025-12-03T16:45:52.300217
2678,1,2678,-0.00409204931,2025-12-03T16:45:52.372895
2679,1,2679,-0.00409211451,2025-12-03T16:45:52.415288
2680,1,2680,-0.00409045023,2025-12-03T16:45:52.457702
2681,1,2681,-0.00409174617,2025-12-03T16:45:52.477538
2682,1,2682,-0.00408884603,2025-12-03T16:45:52.550701
2683,1,2683,-0.00409176852,2025-12-03T16:45:52.623385
2684,1,2684,-0.0040954966,2025-12-03T16:45:52.696079
2685,1,2685,-0.00409619603,2025-12-03T16:45:52.738488
2686,1,2686,-0.00409563491,2025-12-03T16:45:52.780933
2687,1,2687,-0.0040960377,2025-12-03T16:45:52.800787
2688,1,2688,-0.0040962384,2025-12-03T16:45:52.873838
2689,1,2689,-0.00409536669,2025-12-03T16:45:52.946476
2690,1,2690,-0.00409329123,2025-12-03T16:45:53.019301
2691,1,2691,-0.00408460898,2025-12-03T16:45:53.061580
2692,1,2692,-0.00408979225,2025-12-03T16:45:53.104150
2693,1,2693,-0.00409353524,2025-12-03T16:45:53.176772
2694,1,2694,-0.00409399718,2025-12-03T16:45:53.249570
2695,1,2695,-0.00409472826,2025-12-03T16:45:53.322313
2696,1,2696,-0.00409449171,2025-12-03T16:45:53.364740
2697,1,2697,-0.00409394782,2025-12-03T16:45:53.407137
2698,1,2698,-0.004093891,2025-12-03T16:45:53.479870
2699,1,2699,-0.00415217597,2025-12-03T16:45:53.552567
2700,1,2700,-0.00409134989,2025-12-03T16:45:53.625223
2701,1,2701,-0.00409374618,2025-12-03T16:45:53.667778
2702,1,2702,-0.00409190915,2025-12-03T16:45:53.710065
2703,1,2703,-0.00409227795,2025-12-03T16:45:53.729887
2704,1,2704,-0.00409251358,2025-12-03T16:45:53.803017
2705,1,2705,-0.00409339694,2025-12-03T16:45:53.875815
2706,1,2706,-0.00409423932,2025-12-03T16:45:53.948455
2707,1,2707,-0.0040924726,2025-12-03T16:45:53.990893
2708,1,2708,-0.00409224675,2025-12-03T16:45:54.033325
2709,1,2709,-0.00408988492,2025-12-03T16:45:54.106033
2710,1,2710,-0.00409297551,2025-12-03T16:45:54.178811
2711,1,2711,-0.00409246748,2025-12-03T16:45:54.251393
2712,1,2712,-0.00409268308,2025-12-03T16:45:54.293892
2713,1,2713,-0.00409280741,2025-12-03T16:45:54.336408
2714,1,2714,-0.00409222953,2025-12-03T16:45:54.408990
2715,1,2715,-0.00409350218,2025-12-03T16:45:54.481773
2716,1,2716,-0.00410483218,2025-12-03T16:45:54.554386
2717,1,2717,-0.00409288797,2025-12-03T16:45:54.627221
2718,1,2718,-0.00409303745,2025-12-03T16:45:54.669662
2719,1,2719,-0.00409139133,2025-12-03T16:45:54.712048
2720,1,2720,-0.00409251358,2025-12-03T16:45:54.731958
2721,1,2721,-0.00409284001,2025-12-03T16:45:54.751843
2722,1,2722,-0.00409216387,2025-12-03T16:45:54.771805
2723,1,2723,-0.00408684555,2025-12-03T16:45:54.791604
2724,1,2724,-0.00408796966,2025-12-03T16:45:54.864743
2725,1,2725,-0.00409108307,2025-12-03T16:45:54.937332
2726,1,2726,-0.00409095641,2025-12-03T16:45:54.979872
2727,1,2727,-0.00409228075,2025-12-03T16:45:55.022151
2728,1,2728,-0.00409126607,2025-12-03T16:45:55.042059
2729,1,2729,-0.00409259973,2025-12-03T16:45:55.115032
2730,1,2730,-0.00409053172,2025-12-03T16:45:55.187816
2731,1,2731,-0.00409455923,2025-12-03T16:45:55.260430
2732,1,2732,-0.00409139553,2025-12-03T16:45:55.302818
2733,1,2733,-0.00408841809,2025-12-03T16:45:55.345331
2734,1,2734,-0.00409036269,2025-12-03T16:45:55.365067
2735,1,2735,-0.00409103929,2025-12-03T16:45:55.438275
2736,1,2736,-0.00409190123,2025-12-03T16:45:55.510894
2737,1,2737,-0.00408933358,2025-12-03T16:45:55.583640
2738,1,2738,-0.00409104442,2025-12-03T16:45:55.626057
2739,1,2739,-0.00409073475,2025-12-03T16:45:55.668572
2740,1,2740,-0.00409170472,2025-12-03T16:45:55.741197
2741,1,2741,-0.00408964045,2025-12-03T16:45:55.813874
2742,1,2742,-0.00408992869,2025-12-03T16:45:55.886610
2743,1,2743,-0.00408894382,2025-12-03T16:45:55.928996
2744,1,2744,-0.00408978387,2025-12-03T16:45:55.971447
2745,1,2745,-0.00409079389,2025-12-03T16:45:55.991336
2746,1,2746,-0.00409076176,2025-12-03T16:45:56.064460
2747,1,2747,-0.00409137038,2025-12-03T16:45:56.137122
2748,1,2748,-0.00408907141,2025-12-03T16:45:56.209921
2749,1,2749,-0.00409085396,2025-12-03T16:45:56.252302
2750,1,2750,-0.00409284885,2025-12-03T16:45:56.294686
2751,1,2751,-0.00408961344,2025-12-03T16:45:56.367390
2752,1,2752,-0.00409197062,2025-12-03T16:45:56.440102
2753,1,2753,-0.00409118551,2025-12-03T16:45:56.512861
2754,1,2754,-0.00409141415,2025-12-03T16:45:56.555326
2755,1,2755,-0.00409238645,2025-12-03T16:45:56.597682
2756,1,2756,-0.00409415224,2025-12-03T16:45:56.670419
2757,1,2757,-0.0040908223,2025-12-03T16:45:56.743120
2758,1,2758,-0.00409187655,2025-12-03T16:45:56.815932
2759,1,2759,-0.00409050472,2025-12-03T16:45:56.858272
2760,1,2760,-0.00409257272,2025-12-03T16:45:56.900701
2761,1,2761,-0.0040932605,2025-12-03T16:45:56.920657
2762,1,2762,-0.00409224629,2025-12-03T16:45:56.993650
2763,1,2763,-0.00409379834,2025-12-03T16:45:57.066377
2764,1,2764,-0.00409350823,2025-12-03T16:45:57.139109
2765,1,2765,-0.00409335317,2025-12-03T16:45:57.181533
2766,1,2766,-0.00409271009,2025-12-03T16:45:57.223866
2767,1,2767,-0.00409414526,2025-12-03T16:45:57.296668
2768,1,2768,-0.00409260438,2025-12-03T16:45:57.369376
2769,1,2769,-0.00409366982,2025-12-03T16:45:57.442052
2770,1,2770,-0.00409135781,2025-12-03T16:45:57.484425
2771,1,2771,-0.00409459741,2025-12-03T16:45:57.526931
2772,1,2772,-0.00409337133,2025-12-03T16:45:57.546888
2773,1,2773,-0.00409280089,2025-12-03T16:45:57.619867
2774,1,2774,-0.00409122649,2025-12-03T16:45:57.692486
2775,1,2775,-0.00409100018,2025-12-03T16:45:57.765303
2776,1,2776,-0.0040919641,2025-12-03T16:45:57.807717
2777,1,2777,-0.00409181695,2025-12-03T16:45:57.850213
2778,1,2778,-0.00409119017,2025-12-03T16:45:57.870100
2779,1,2779,-0.00409313011,2025-12-03T16:45:57.890045
2780,1,2780,-0.0040916549,2025-12-03T16:45:57.909811
2781,1,2781,-0.0040907897,2025-12-03T16:45:57.929656
2782,1,2782,-0.00409178389,2025-12-03T16:45:57.949585
2783,1,2783,-0.00409402139,2025-12-03T16:45:58.022834
2784,1,2784,-0.00409186352,2025-12-03T16:45:58.095565
2785,1,2785,-0.00410002376,2025-12-03T16:45:58.168262
2786,1,2786,-0.00409011077,2025-12-03T16:45:58.210665
2787,1,2787,-0.00409243581,2025-12-03T16:45:58.253132
2788,1,2788,-0.00409333128,2025-12-03T16:45:58.325758
2789,1,2789,-0.00409264629,2025-12-03T16:45:58.398476
2790,1,2790,-0.00409468309,2025-12-03T16:45:58.471126
2791,1,2791,-0.00409371266,2025-12-03T16:45:58.513556
2792,1,2792,-0.00409306958,2025-12-03T16:45:58.556060
2793,1,2793,-0.00409379275,2025-12-03T16:45:58.575815
2794,1,2794,-0.00409123161,2025-12-03T16:45:58.648918
2795,1,2795,-0.00409216759,2025-12-03T16:45:58.721766
2796,1,2796,-0.00409388635,2025-12-03T16:45:58.794482
2797,1,2797,-0.00409349706,2025-12-03T16:45:58.836854
2798,1,2798,-0.00409310683,2025-12-03T16:45:58.879340
2799,1,2799,-0.00409301882,2025-12-03T16:45:58.952044
2800,1,2800,-0.00409263139,2025-12-03T16:45:59.024681
2801,1,2801,-0.00409514131,2025-12-03T16:45:59.097441
2802,1,2802,-0.00409322837,2025-12-03T16:45:59.139906
2803,1,2803,-0.00409435341,2025-12-03T16:45:59.182353
2804,1,2804,-0.00409421743,2025-12-03T16:45:59.254997
2805,1,2805,-0.00409406889,2025-12-03T16:45:59.327784
2806,1,2806,-0.0040944931,2025-12-03T16:45:59.400499
2807,1,2807,-0.00409382535,2025-12-03T16:45:59.442952
2808,1,2808,-0.00409462163,2025-12-03T16:45:59.485466
2809,1,2809,-0.00409550592,2025-12-03T16:45:59.505448
2810,1,2810,-0.00409547379,2025-12-03T16:45:59.578193
2811,1,2811,-0.00409230031,2025-12-03T16:45:59.658684
2812,1,2812,-0.00409388262,2025-12-03T16:45:59.723519
2813,1,2813,-0.00409301649,2025-12-03T16:45:59.766012
2814,1,2814,-0.0040950221,2025-12-03T16:45:59.808457
2815,1,2815,-0.00409277668,2025-12-03T16:45:59.881286
2816,1,2816,-0.00409300159,2025-12-03T16:45:59.953901
2817,1,2817,-0.00409375317,2025-12-03T16:46:00.026642
2818,1,2818,-0.00409398647,2025-12-03T16:46:00.069133
2819,1,2819,-0.00409154687,2025-12-03T16:46:00.111523
2820,1,2820,-0.00409173825,2025-12-03T16:46:00.131395
2821,1,2821,-0.00409216852,2025-12-03T16:46:00.204387
2822,1,2822,-0.00409476459,2025-12-03T16:46:00.277138
2823,1,2823,-0.0040897252,2025-12-03T16:46:00.349778
2824,1,2824,-0.0040918067,2025-12-03T16:46:00.392268
2825,1,2825,-0.00409067096,2025-12-03T16:46:00.434782
2826,1,2826,-0.00409141834,2025-12-03T16:46:00.507416
2827,1,2827,-0.00409059831,2025-12-03T16:46:00.580066
2828,1,2828,-0.00409141276,2025-12-03T16:46:00.622485
2829,1,2829,-0.00409228587,2025-12-03T16:46:00.664939
2830,1,2830,-0.00409209821,2025-12-03T16:46:00.684948
2831,1,2831,-0.00408940063,2025-12-03T16:46:00.757874
2832,1,2832,-0.00409063789,2025-12-03T16:46:00.830696
2833,1,2833,-0.00409148633,2025-12-03T16:46:00.873140
2834,1,2834,-0.00409121392,2025-12-03T16:46:00.915580
2835,1,2835,-0.00409071287,2025-12-03T16:46:00.935479
2836,1,2836,-0.0040949122,2025-12-03T16:46:01.008415
2837,1,2837,-0.00409228075,2025-12-03T16:46:01.081154
2838,1,2838,-0.00409223791,2025-12-03T16:46:01.153862
2839,1,2839,-0.00409149425,2025-12-03T16:46:01.196301
2840,1,2840,-0.00409186584,2025-12-03T16:46:01.238634
2841,1,2841,-0.00409197201,2025-12-03T16:46:01.258403
2842,1,2842,-0.00409191055,2025-12-03T16:46:01.331574
2843,1,2843,-0.00409230776,2025-12-03T16:46:01.404416
2844,1,2844,-0.00409345934,2025-12-03T16:46:01.477031
2845,1,2845,-0.00409260205,2025-12-03T16:46:01.519451
2846,1,2846,-0.00409277481,2025-12-03T16:46:01.561845
2847,1,2847,-0.00409286934,2025-12-03T16:46:01.637675
2848,1,2848,-0.00409769499,2025-12-03T16:46:01.710347
2849,1,2849,-0.00409336294,2025-12-03T16:46:01.782994
2850,1,2850,-0.00409245258,2025-12-03T16:46:01.825459
2851,1,2851,-0.00409200601,2025-12-03T16:46:01.868142
2852,1,2852,-0.00409369915,2025-12-03T16:46:01.940676
2853,1,2853,-0.00409325491,2025-12-03T16:46:02.013281
2854,1,2854,-0.00409334152,2025-12-03T16:46:02.086004
2855,1,2855,-0.00409335643,2025-12-03T16:46:02.128424
2856,1,2856,-0.00409328332,2025-12-03T16:46:02.170790
2857,1,2857,-0.00409381464,2025-12-03T16:46:02.190606
2858,1,2858,-0.00409459229,2025-12-03T16:46:02.263881
2859,1,2859,-0.00409524608,2025-12-03T16:46:02.336599
2860,1,2860,-0.0040953271,2025-12-03T16:46:02.409478
2861,1,2861,-0.00409507285,2025-12-03T16:46:02.451708
2862,1,2862,-0.0040946342,2025-12-03T16:46:02.494181
2863,1,2863,-0.00409716041,2025-12-03T16:46:02.566832
2864,1,2864,-0.00409326935,2025-12-03T16:46:02.639566
2865,1,2865,-0.00409554829,2025-12-03T16:46:02.712298
2866,1,2866,-0.0040933215,2025-12-03T16:46:02.754727
2867,1,2867,-0.00413338607,2025-12-03T16:46:02.797150
2868,1,2868,-0.00409094337,2025-12-03T16:46:02.869804
2869,1,2869,-0.00409245444,2025-12-03T16:46:02.942593
2870,1,2870,-0.0040929662,2025-12-03T16:46:03.015274
2871,1,2871,-0.00409486331,2025-12-03T16:46:03.057636
2872,1,2872,-0.00409525958,2025-12-03T16:46:03.100144
2873,1,2873,-0.00409541465,2025-12-03T16:46:03.120080
2874,1,2874,-0.00409583607,2025-12-03T16:46:03.193116
2875,1,2875,-0.00409608893,2025-12-03T16:46:03.265704
2876,1,2876,-0.00408038729,2025-12-03T16:46:03.338454
2877,1,2877,-0.00409114826,2025-12-03T16:46:03.380923
2878,1,2878,-0.00409241253,2025-12-03T16:46:03.423331
2879,1,2879,-0.00409339042,2025-12-03T16:46:03.496044
2880,1,2880,-0.00409251172,2025-12-03T16:46:03.568825
2881,1,2881,-0.00409464258,2025-12-03T16:46:03.641485
2882,1,2882,-0.00409295922,2025-12-03T16:46:03.683954
2883,1,2883,-0.00409395806,2025-12-03T16:46:03.726295
2884,1,2884,-0.00409449031,2025-12-03T16:46:03.746172
2885,1,2885,-0.00411089649,2025-12-03T16:46:03.819253
2886,1,2886,-0.00409076549,2025-12-03T16:46:03.891919
2887,1,2887,-0.00409481627,2025-12-03T16:46:03.964647
2888,1,2888,-0.00409390358,2025-12-03T16:46:04.007059
2889,1,2889,-0.00409325165,2025-12-03T16:46:04.049500
2890,1,2890,-0.00409305375,2025-12-03T16:46:04.122399
2891,1,2891,-0.00409351335,2025-12-03T16:46:04.194979
2892,1,2892,-0.00409514317,2025-12-03T16:46:04.267717
2893,1,2893,-0.0041304687,2025-12-03T16:46:04.310130
2894,1,2894,-0.00408732658,2025-12-03T16:46:04.352571
2895,1,2895,-0.00409205723,2025-12-03T16:46:04.425243
2896,1,2896,-0.00409295735,2025-12-03T16:46:04.497995
2897,1,2897,-0.00409219507,2025-12-03T16:46:04.540387
2898,1,2898,-0.00409278552,2025-12-03T16:46:04.582804
2899,1,2899,-0.00409402186,2025-12-03T16:46:04.602971
2900,1,2900,-0.00409425375,2025-12-03T16:46:04.623173
2901,1,2901,-0.00409421836,2025-12-03T16:46:04.695984
2902,1,2902,-0.00409576809,2025-12-03T16:46:04.768703
2903,1,2903,-0.00409268122,2025-12-03T16:46:04.841324
2904,1,2904,-0.00409297412,2025-12-03T16:46:04.883783
2905,1,2905,-0.00409234315,2025-12-03T16:46:04.926222
2906,1,2906,-0.00409519486,2025-12-03T16:46:04.998864
2907,1,2907,-0.00409472454,2025-12-03T16:46:05.071584
2908,1,2908,-0.00409294199,2025-12-03T16:46:05.144380
2909,1,2909,-0.00409542489,2025-12-03T16:46:05.186824
2910,1,2910,-0.00409544957,2025-12-03T16:46:05.229175
2911,1,2911,-0.0040958058,2025-12-03T16:46:05.303010
2912,1,2912,-0.00409219786,2025-12-03T16:46:05.375553
2913,1,2913,-0.00409383606,2025-12-03T16:46:05.448555
2914,1,2914,-0.00409070914,2025-12-03T16:46:05.491127
2915,1,2915,-0.0040922868,2025-12-03T16:46:05.533143
2916,1,2916,-0.00409232219,2025-12-03T16:46:05.552857
2917,1,2917,-0.00408585323,2025-12-03T16:46:05.626107
2918,1,2918,-0.00409073848,2025-12-03T16:46:05.698962
2919,1,2919,-0.00408919015,2025-12-03T16:46:05.771637
2920,1,2920,-0.00409117713,2025-12-03T16:46:05.814029
2921,1,2921,-0.00409164233,2025-12-03T16:46:05.860413
2922,1,2922,-0.00409139739,2025-12-03T16:46:05.929168
2923,1,2923,-0.00409265933,2025-12-03T16:46:06.001822
2924,1,2924,-0.00409358832,2025-12-03T16:46:06.074616
2925,1,2925,-0.00409088097,2025-12-03T16:46:06.116886
2926,1,2926,-0.00409045955,2025-12-03T16:46:06.159449
2927,1,2927,-0.0040964554,2025-12-03T16:46:06.179494
2928,1,2928,-0.00409148819,2025-12-03T16:46:06.252339
2929,1,2929,-0.00409317016,2025-12-03T16:46:06.325005
2930,1,2930,-0.00409095082,2025-12-03T16:46:06.397815
2931,1,2931,-0.004093925,2025-12-03T16:46:06.440151
2932,1,2932,-0.00409122463,2025-12-03T16:46:06.482653
2933,1,2933,-0.00409239623,2025-12-03T16:46:06.555382
2934,1,2934,-0.00408932287,2025-12-03T16:46:06.628015
2935,1,2935,-0.00409282231,2025-12-03T16:46:06.700779
2936,1,2936,-0.00409235153,2025-12-03T16:46:06.743143
2937,1,2937,-0.00409127958,2025-12-03T16:46:06.810165
2938,1,2938,-0.00409209961,2025-12-03T16:46:06.858337
2939,1,2939,-0.00409321114,2025-12-03T16:46:06.931078
2940,1,2940,-0.00409258948,2025-12-03T16:46:07.003732
2941,1,2941,-0.00409224675,2025-12-03T16:46:07.046072
2942,1,2942,-0.00409532897,2025-12-03T16:46:07.088597
2943,1,2943,-0.00409604003,2025-12-03T16:46:07.108482
2944,1,2944,-0.00409145001,2025-12-03T16:46:07.181576
2945,1,2945,-0.0040925336,2025-12-03T16:46:07.254258
2946,1,2946,-0.00409377459,2025-12-03T16:46:07.327027
2947,1,2947,-0.00409327773,2025-12-03T16:46:07.369347
2948,1,2948,-0.00409332243,2025-12-03T16:46:07.411867
2949,1,2949,-0.00409204605,2025-12-03T16:46:07.484572
2950,1,2950,-0.00408978853,2025-12-03T16:46:07.557347
2951,1,2951,-0.00408931076,2025-12-03T16:46:07.630132
2952,1,2952,-0.00409013126,2025-12-03T16:46:07.672424
2953,1,2953,-0.00409082043,2025-12-03T16:46:07.714911
2954,1,2954,-0.00409203162,2025-12-03T16:46:07.734924
2955,1,2955,-0.00409223837,2025-12-03T16:46:07.807787
2956,1,2956,-0.0040917308,2025-12-03T16:46:07.880418
2957,1,2957,-0.004090311,2025-12-03T16:46:07.953170
2958,1,2958,-0.00409164093,2025-12-03T16:46:08.025849
2959,1,2959,-0.00409995298,2025-12-03T16:46:08.098627
2960,1,2960,-0.00409121857,2025-12-03T16:46:08.171322
2961,1,2961,-0.00409154314,2025-12-03T16:46:08.244127
2962,1,2962,-0.00409201811,2025-12-03T16:46:08.286530
2963,1,2963,-0.00409065559,2025-12-03T16:46:08.328987
2964,1,2964,-0.00409146118,2025-12-03T16:46:08.348929
2965,1,2965,-0.00409142347,2025-12-03T16:46:08.421901
2966,1,2966,-0.00409352546,2025-12-03T16:46:08.494609
2967,1,2967,-0.00409128656,2025-12-03T16:46:08.567223
2968,1,2968,-0.00409929594,2025-12-03T16:46:08.609664
2969,1,2969,-0.00408964138,2025-12-03T16:46:08.652074
2970,1,2970,-0.00409302441,2025-12-03T16:46:08.724863
2971,1,2971,-0.00409039901,2025-12-03T16:46:08.797638
2972,1,2972,-0.0040926896,2025-12-03T16:46:08.870218
2973,1,2973,-0.00409285165,2025-12-03T16:46:08.912641
2974,1,2974,-0.00409165676,2025-12-03T16:46:08.955126
2975,1,2975,-0.00409445306,2025-12-03T16:46:09.027751
2976,1,2976,-0.00410159677,2025-12-03T16:46:09.100578
2977,1,2977,-0.00409135548,2025-12-03T16:46:09.173266
2978,1,2978,-0.00409306678,2025-12-03T16:46:09.215673
2979,1,2979,-0.0040903287,2025-12-03T16:46:09.258120
2980,1,2980,-0.00409273151,2025-12-03T16:46:09.277985
2981,1,2981,-0.00409138714,2025-12-03T16:46:09.351084
2982,1,2982,-0.00409221369,2025-12-03T16:46:09.423819
2983,1,2983,-0.00409154919,2025-12-03T16:46:09.496424
2984,1,2984,-0.00409454852,2025-12-03T16:46:09.538958
2985,1,2985,-0.00409208657,2025-12-03T16:46:09.581333
2986,1,2986,-0.00410061841,2025-12-03T16:46:09.601179
2987,1,2987,-0.00409027095,2025-12-03T16:46:09.674307
2988,1,2988,-0.00409128284,2025-12-03T16:46:09.746977
2989,1,2989,-0.00409118318,2025-12-03T16:46:09.819696
2990,1,2990,-0.00409110262,2025-12-03T16:46:09.862084
2991,1,2991,-0.00409067282,2025-12-03T16:46:09.904481
2992,1,2992,-0.00409160321,2025-12-03T16:46:09.977097
2993,1,2993,-0.00409407448,2025-12-03T16:46:10.050105
2994,1,2994,-0.00409953156,2025-12-03T16:46:10.122714
2995,1,2995,-0.00408997572,2025-12-03T16:46:10.165130
2996,1,2996,-0.00409215502,2025-12-03T16:46:10.207582
2997,1,2997,-0.00409237761,2025-12-03T16:46:10.227535
2998,1,2998,-0.00409281998,2025-12-03T16:46:10.300425
2999,1,2999,-0.00409247074,2025-12-03T16:46:10.373227
3000,1,3000,-0.00409268541,2025-12-03T16:46:10.445878
3001,1,3001,-0.00409204978,2025-12-03T16:46:10.488420
3002,1,3002,-0.00409361021,2025-12-03T16:46:10.530801
3003,1,3003,-0.00409269705,2025-12-03T16:46:10.550714
3004,1,3004,-0.00409316411,2025-12-03T16:46:10.570631
3005,1,3005,-0.00409239949,2025-12-03T16:46:10.590860
3006,1,3006,-0.00410207128,2025-12-03T16:46:10.610641
3007,1,3007,-0.00409228168,2025-12-03T16:46:10.683246
3008,1,3008,-0.0040923492,2025-12-03T16:46:10.755999
3009,1,3009,-0.00409217691,2025-12-03T16:46:10.828730
3010,1,3010,-0.00409243581,2025-12-03T16:46:10.871156
3011,1,3011,-0.00409211032,2025-12-03T16:46:10.913496
3012,1,3012,-0.00409221416,2025-12-03T16:46:10.933312
3013,1,3013,-0.00409362185,2025-12-03T16:46:11.006479
3014,1,3014,-0.00409199669,2025-12-03T16:46:11.079209
3015,1,3015,-0.00408988958,2025-12-03T16:46:11.151913
3016,1,3016,-0.00409352406,2025-12-03T16:46:11.194505
3017,1,3017,-0.00409106398,2025-12-03T16:46:11.236825
3018,1,3018,-0.00409054849,2025-12-03T16:46:11.309467
3019,1,3019,-0.00409114314,2025-12-03T16:46:11.382186
3020,1,3020,-0.00409341929,2025-12-03T16:46:11.454827
3021,1,3021,-0.00409200415,2025-12-03T16:46:11.497285
3022,1,3022,-0.00409082276,2025-12-03T16:46:11.539827
3023,1,3023,-0.00409087305,2025-12-03T16:46:11.559698
3024,1,3024,-0.00409161904,2025-12-03T16:46:11.632606
3025,1,3025,-0.00409017689,2025-12-03T16:46:11.705419
3026,1,3026,-0.0040903748,2025-12-03T16:46:11.778041
3027,1,3027,-0.00409126747,2025-12-03T16:46:11.820575
3028,1,3028,-0.0040906826,2025-12-03T16:46:11.863011
3029,1,3029,-0.00409070262,2025-12-03T16:46:11.935630
3030,1,3030,-0.00409290613,2025-12-03T16:46:12.008438
3031,1,3031,-0.00409250799,2025-12-03T16:46:12.081181
3032,1,3032,-0.00409205956,2025-12-03T16:46:12.123521
3033,1,3033,-0.00409280089,2025-12-03T16:46:12.165957
3034,1,3034,-0.00409175734,2025-12-03T16:46:12.238644
3035,1,3035,-0.00409379182,2025-12-03T16:46:12.311423
3036,1,3036,-0.00409265747,2025-12-03T16:46:12.384137
3037,1,3037,-0.00409213919,2025-12-03T16:46:12.426559
3038,1,3038,-0.00409109657,2025-12-03T16:46:12.468945
3039,1,3039,-0.00408987142,2025-12-03T16:46:12.488813
3040,1,3040,-0.00409417739,2025-12-03T16:46:12.561822
3041,1,3041,-0.00409233616,2025-12-03T16:46:12.634595
3042,1,3042,-0.00409121671,2025-12-03T16:46:12.707264
3043,1,3043,-0.0040922882,2025-12-03T16:46:12.749797
3044,1,3044,-0.00409387703,2025-12-03T16:46:12.792144
3045,1,3045,-0.0040942151,2025-12-03T16:46:12.865884
3046,1,3046,-0.00409350218,2025-12-03T16:46:12.938505
3047,1,3047,-0.00409683911,2025-12-03T16:46:13.011326
3048,1,3048,-0.00409543421,2025-12-03T16:46:13.084074
3049,1,3049,-0.00409514456,2025-12-03T16:46:13.126498
3050,1,3050,-0.00409527914,2025-12-03T16:46:13.168801
3051,1,3051,-0.0040946342,2025-12-03T16:46:13.241582
3052,1,3052,-0.00409323722,2025-12-03T16:46:13.314269
3053,1,3053,-0.00409103464,2025-12-03T16:46:13.387031
3054,1,3054,-0.00409236084,2025-12-03T16:46:13.429500
3055,1,3055,-0.00409279344,2025-12-03T16:46:13.471824
3056,1,3056,-0.00409189378,2025-12-03T16:46:13.544540
3057,1,3057,-0.00409235293,2025-12-03T16:46:13.617235
3058,1,3058,-0.00409115198,2025-12-03T16:46:13.689981
3059,1,3059,-0.00409209216,2025-12-03T16:46:13.732460
3060,1,3060,-0.00409305514,2025-12-03T16:46:13.774904
3061,1,3061,-0.00410387432,2025-12-03T16:46:13.847611
3062,1,3062,-0.00409135827,2025-12-03T16:46:13.920310
3063,1,3063,-0.00409229425,2025-12-03T16:46:13.992957
3064,1,3064,-0.00409418437,2025-12-03T16:46:14.035496
3065,1,3065,-0.0040936903,2025-12-03T16:46:14.078374
3066,1,3066,-0.00409440975,2025-12-03T16:46:14.098203
3067,1,3067,-0.00409305281,2025-12-03T16:46:14.170851
3068,1,3068,-0.00409270357,2025-12-03T16:46:14.243501
3069,1,3069,-0.00409213546,2025-12-03T16:46:14.316256
3070,1,3070,-0.00409236457,2025-12-03T16:46:14.358674
3071,1,3071,-0.00409377599,2025-12-03T16:46:14.401094
3072,1,3072,-0.00409444328,2025-12-03T16:46:14.473812
3073,1,3073,-0.00409336388,2025-12-03T16:46:14.568160
3074,1,3074,-0.00409403024,2025-12-03T16:46:14.619172
3075,1,3075,-0.00409466307,2025-12-03T16:46:14.661505
3076,1,3076,-0.00409256853,2025-12-03T16:46:14.704168
3077,1,3077,-0.00409325398,2025-12-03T16:46:14.724362
3078,1,3078,-0.00409326609,2025-12-03T16:46:14.796887
3079,1,3079,-0.00409261649,2025-12-03T16:46:14.869676
3080,1,3080,-0.00409350125,2025-12-03T16:46:14.942412
3081,1,3081,-0.00409363629,2025-12-03T16:46:14.984933
3082,1,3082,-0.00409490847,2025-12-03T16:46:15.027635
3083,1,3083,-0.00409413967,2025-12-03T16:46:15.047430
3084,1,3084,-0.00409442698,2025-12-03T16:46:15.067292
3085,1,3085,-0.00409218203,2025-12-03T16:46:15.087039
3086,1,3086,-0.00409365212,2025-12-03T16:46:15.106979
3087,1,3087,-0.0040965327,2025-12-03T16:46:15.180317
3088,1,3088,-0.00408963905,2025-12-03T16:46:15.252474
3089,1,3089,-0.00409338949,2025-12-03T16:46:15.325204
3090,1,3090,-0.00409006979,2025-12-03T16:46:15.367691
3091,1,3091,-0.00408848794,2025-12-03T16:46:15.410089
3092,1,3092,-0.00409040413,2025-12-03T16:46:15.430779
3093,1,3093,-0.00409044092,2025-12-03T16:46:15.503013
3094,1,3094,-0.00409350497,2025-12-03T16:46:15.575702
3095,1,3095,-0.00409304909,2025-12-03T16:46:15.648479
3096,1,3096,-0.00409372802,2025-12-03T16:46:15.690867
3097,1,3097,-0.00409242324,2025-12-03T16:46:15.733302
3098,1,3098,-0.00409224489,2025-12-03T16:46:15.753113
3099,1,3099,-0.00409322511,2025-12-03T16:46:15.826219
3100,1,3100,-0.00409357668,2025-12-03T16:46:15.898929
3101,1,3101,-0.00409430079,2025-12-03T16:46:15.971639
3102,1,3102,-0.00409291544,2025-12-03T16:46:16.014111
3103,1,3103,-0.00409281998,2025-12-03T16:46:16.056524
3104,1,3104,-0.00409331871,2025-12-03T16:46:16.129159
3105,1,3105,-0.00409263139,2025-12-03T16:46:16.201785
3106,1,3106,-0.00409313384,2025-12-03T16:46:16.244405
3107,1,3107,-0.00409373734,2025-12-03T16:46:16.286781
3108,1,3108,-0.00409410987,2025-12-03T16:46:16.306694
3109,1,3109,-0.00409557251,2025-12-03T16:46:16.381699
3110,1,3110,-0.00409510498,2025-12-03T16:46:16.454428
3111,1,3111,-0.00409373547,2025-12-03T16:46:16.527207
3112,1,3112,-0.0040942654,2025-12-03T16:46:16.569508
3113,1,3113,-0.00409190077,2025-12-03T16:46:16.611956
3114,1,3114,-0.00409191241,2025-12-03T16:46:16.684706
3115,1,3115,-0.00409265141,2025-12-03T16:46:16.757370
3116,1,3116,-0.00408653821,2025-12-03T16:46:16.830133
3117,1,3117,-0.00408771215,2025-12-03T16:46:16.872550
3118,1,3118,-0.0040880423,2025-12-03T16:46:16.915157
3119,1,3119,-0.00408829189,2025-12-03T16:46:16.935060
3120,1,3120,-0.00409016292,2025-12-03T16:46:17.007919
3121,1,3121,-0.00409050658,2025-12-03T16:46:17.080674
3122,1,3122,-0.00409049354,2025-12-03T16:46:17.153407
3123,1,3123,-0.00409209867,2025-12-03T16:46:17.195837
3124,1,3124,-0.00409099273,2025-12-03T16:46:17.238162
3125,1,3125,-0.00409089773,2025-12-03T16:46:17.257995
3126,1,3126,-0.0040847077,2025-12-03T16:46:17.331150
3127,1,3127,-0.00408900342,2025-12-03T16:46:17.403805
3128,1,3128,-0.00409011915,2025-12-03T16:46:17.476579
3129,1,3129,-0.00409040274,2025-12-03T16:46:17.518978
3130,1,3130,-0.00409097317,2025-12-03T16:46:17.561423
3131,1,3131,-0.00409191986,2025-12-03T16:46:17.634169
3132,1,3132,-0.00409152312,2025-12-03T16:46:17.706875
3133,1,3133,-0.00410512927,2025-12-03T16:46:17.779523
3134,1,3134,-0.0040842127,2025-12-03T16:46:17.822028
3135,1,3135,-0.0040881955,2025-12-03T16:46:17.864445
3136,1,3136,-0.00409084185,2025-12-03T16:46:17.937036
3137,1,3137,-0.00409223046,2025-12-03T16:46:18.009838
3138,1,3138,-0.00409188121,2025-12-03T16:46:18.082596
3139,1,3139,-0.00409052474,2025-12-03T16:46:18.124924
3140,1,3140,-0.00409142347,2025-12-03T16:46:18.167419
3141,1,3141,-0.00409150077,2025-12-03T16:46:18.187234
3142,1,3142,-0.00409156084,2025-12-03T16:46:18.260210
3143,1,3143,-0.0040901401,2025-12-03T16:46:18.333071
3144,1,3144,-0.00409066304,2025-12-03T16:46:18.405826
3145,1,3145,-0.00409180205,2025-12-03T16:46:18.448147
3146,1,3146,-0.00409123022,2025-12-03T16:46:18.490657
3147,1,3147,-0.00409106817,2025-12-03T16:46:18.563323
3148,1,3148,-0.00409315712,2025-12-03T16:46:18.636067
3149,1,3149,-0.00409040274,2025-12-03T16:46:18.708826
3150,1,3150,-0.00409133313,2025-12-03T16:46:18.751238
3151,1,3151,-0.00408245064,2025-12-03T16:46:18.793691
3152,1,3152,-0.00408446136,2025-12-03T16:46:18.813432
3153,1,3153,-0.00408506579,2025-12-03T16:46:18.833213
3154,1,3154,-0.00408633379,2025-12-03T16:46:18.853127
3155,1,3155,-0.00408920412,2025-12-03T16:46:18.872944
3156,1,3156,-0.00408994266,2025-12-03T16:46:18.947145
3157,1,3157,-0.00409061415,2025-12-03T16:46:19.019767
3158,1,3158,-0.00408932473,2025-12-03T16:46:19.092501
3159,1,3159,-0.00409141276,2025-12-03T16:46:19.135014
3160,1,3160,-0.00408936943,2025-12-03T16:46:19.177462
3161,1,3161,-0.00409029563,2025-12-03T16:46:19.197225
3162,1,3162,-0.00409785658,2025-12-03T16:46:19.270292
3163,1,3163,-0.0040905606,2025-12-03T16:46:19.343039
3164,1,3164,-0.00408877991,2025-12-03T16:46:19.415833
3165,1,3165,-0.00409002695,2025-12-03T16:46:19.458213
3166,1,3166,-0.00409250706,2025-12-03T16:46:19.500623
3167,1,3167,-0.00409106491,2025-12-03T16:46:19.520387
3168,1,3168,-0.00409023324,2025-12-03T16:46:19.593573
3169,1,3169,-0.00408907514,2025-12-03T16:46:19.666269
3170,1,3170,-0.00408935965,2025-12-03T16:46:19.738946
3171,1,3171,-0.00409138295,2025-12-03T16:46:19.781426
3172,1,3172,-0.00407994538,2025-12-03T16:46:19.823785
3173,1,3173,-0.00408993475,2025-12-03T16:46:19.896430
3174,1,3174,-0.00409155618,2025-12-03T16:46:19.969312
3175,1,3175,-0.00409193383,2025-12-03T16:46:20.041903
3176,1,3176,-0.00409493455,2025-12-03T16:46:20.084316
3177,1,3177,-0.00409293407,2025-12-03T16:46:20.126681
3178,1,3178,-0.00409274734,2025-12-03T16:46:20.199468
3179,1,3179,-0.00409916788,2025-12-03T16:46:20.272185
3180,1,3180,-0.00408943882,2025-12-03T16:46:20.346162
3181,1,3181,-0.00409122323,2025-12-03T16:46:20.387312
3182,1,3182,-0.00409106677,2025-12-03T16:46:20.429815
3183,1,3183,-0.00409204931,2025-12-03T16:46:20.449776
3184,1,3184,-0.00409083534,2025-12-03T16:46:20.522643
3185,1,3185,-0.00409299274,2025-12-03T16:46:20.595451
3186,1,3186,-0.00409340206,2025-12-03T16:46:20.668119
3187,1,3187,-0.00409393804,2025-12-03T16:46:20.710619
3188,1,3188,-0.00409177318,2025-12-03T16:46:20.753022
3189,1,3189,-0.00410104636,2025-12-03T16:46:20.772853
3190,1,3190,-0.00409115245,2025-12-03T16:46:20.845942
3191,1,3191,-0.00409537274,2025-12-03T16:46:20.918611
3192,1,3192,-0.00409421091,2025-12-03T16:46:20.991363
3193,1,3193,-0.00409580674,2025-12-03T16:46:21.033811
3194,1,3194,-0.004100624,2025-12-03T16:46:21.076166
3195,1,3195,-0.00409912085,2025-12-03T16:46:21.148878
3196,1,3196,-0.0040981709,2025-12-03T16:46:21.221667
3197,1,3197,-0.00410619005,2025-12-03T16:46:21.294345
3198,1,3198,-0.00409518741,2025-12-03T16:46:21.336843
3199,1,3199,-0.00409571779,2025-12-03T16:46:21.379190
3200,1,3200,-0.00410154974,2025-12-03T16:46:21.451900
3201,1,3201,-0.00410116277,2025-12-03T16:46:21.524678
3202,1,3202,-0.00410019,2025-12-03T16:46:21.597433
3203,1,3203,-0.00409925822,2025-12-03T16:46:21.639805
3204,1,3204,-0.00409987336,2025-12-03T16:46:21.682151
3205,1,3205,-0.00410189712,2025-12-03T16:46:21.702059
3206,1,3206,-0.00410690018,2025-12-03T16:46:21.775161
3207,1,3207,-0.00409871898,2025-12-03T16:46:21.847799
3208,1,3208,-0.00410115486,2025-12-03T16:46:21.920657
3209,1,3209,-0.00410097325,2025-12-03T16:46:21.963001
3210,1,3210,-0.00410004705,2025-12-03T16:46:22.005484
3211,1,3211,-0.00410000514,2025-12-03T16:46:22.078188
3212,1,3212,-0.00410087313,2025-12-03T16:46:22.150834
3213,1,3213,-0.0041007339,2025-12-03T16:46:22.223626
3214,1,3214,-0.00410197395,2025-12-03T16:46:22.266016
3215,1,3215,-0.00409999722,2025-12-03T16:46:22.308458
3216,1,3216,-0.0040967972,2025-12-03T16:46:22.328405
3217,1,3217,-0.00409740582,2025-12-03T16:46:22.348439
3218,1,3218,-0.00409718416,2025-12-03T16:46:22.368351
3219,1,3219,-0.00409942772,2025-12-03T16:46:22.388431
3220,1,3220,-0.0041007488,2025-12-03T16:46:22.460957
3221,1,3221,-0.00410006986,2025-12-03T16:46:22.533565
3222,1,3222,-0.00410015229,2025-12-03T16:46:22.606315
3223,1,3223,-0.00410476606,2025-12-03T16:46:22.648812
3224,1,3224,-0.00410350691,2025-12-03T16:46:22.691243
3225,1,3225,-0.00410519028,2025-12-03T16:46:22.710975
3226,1,3226,-0.00411434285,2025-12-03T16:46:22.783985
3227,1,3227,-0.00410191062,2025-12-03T16:46:22.856904
3228,1,3228,-0.00410274975,2025-12-03T16:46:22.929582
3229,1,3229,-0.00410412531,2025-12-03T16:46:22.971956
3230,1,3230,-0.00410551717,2025-12-03T16:46:23.014473
3231,1,3231,-0.00410480936,2025-12-03T16:46:23.034325
3232,1,3232,-0.00410304125,2025-12-03T16:46:23.107450
3233,1,3233,-0.00410297699,2025-12-03T16:46:23.180005
3234,1,3234,-0.00410595303,2025-12-03T16:46:23.252818
3235,1,3235,-0.00411498267,2025-12-03T16:46:23.295175
3236,1,3236,-0.00410305848,2025-12-03T16:46:23.337636
3237,1,3237,-0.00408293958,2025-12-03T16:46:23.410338
3238,1,3238,-0.00408229464,2025-12-03T16:46:23.483216
3239,1,3239,-0.00408177636,2025-12-03T16:46:23.555827
3240,1,3240,-0.00408332515,2025-12-03T16:46:23.598170
3241,1,3241,-0.00408252933,2025-12-03T16:46:23.640585
3242,1,3242,-0.00408417591,2025-12-03T16:46:23.713434
3243,1,3243,-0.00409261882,2025-12-03T16:46:23.786007
3244,1,3244,-0.00408137729,2025-12-03T16:46:23.858816
3245,1,3245,-0.00408070115,2025-12-03T16:46:23.901232
3246,1,3246,-0.00408103363,2025-12-03T16:46:23.943582
3247,1,3247,-0.00408108159,2025-12-03T16:46:23.963382
3248,1,3248,-0.00408111559,2025-12-03T16:46:24.036597
3249,1,3249,-0.00408084644,2025-12-03T16:46:24.109227
3250,1,3250,-0.00408242642,2025-12-03T16:46:24.181912
3251,1,3251,-0.00408222293,2025-12-03T16:46:24.224430
3252,1,3252,-0.00408257497,2025-12-03T16:46:24.266849
3253,1,3253,-0.00408719806,2025-12-03T16:46:24.286691
3254,1,3254,-0.00408171955,2025-12-03T16:46:24.359827
3255,1,3255,-0.00408145925,2025-12-03T16:46:24.432495
3256,1,3256,-0.0040823738,2025-12-03T16:46:24.505111
3257,1,3257,-0.00408300524,2025-12-03T16:46:24.547655
3258,1,3258,-0.00408355053,2025-12-03T16:46:24.590050
3259,1,3259,-0.00408439571,2025-12-03T16:46:24.662849
3260,1,3260,-0.00408512586,2025-12-03T16:46:24.735471
3261,1,3261,-0.00408381829,2025-12-03T16:46:24.808187
3262,1,3262,-0.00408386392,2025-12-03T16:46:24.850651
3263,1,3263,-0.00408267602,2025-12-03T16:46:24.893057
3264,1,3264,-0.00408245483,2025-12-03T16:46:24.965829
3265,1,3265,-0.00408315518,2025-12-03T16:46:25.038430
3266,1,3266,-0.00408387742,2025-12-03T16:46:25.122211
3267,1,3267,-0.00408336427,2025-12-03T16:46:25.153669
3268,1,3268,-0.00408575963,2025-12-03T16:46:25.196032
3269,1,3269,-0.00408512959,2025-12-03T16:46:25.268809
3270,1,3270,-0.00408596452,2025-12-03T16:46:25.341513
3271,1,3271,-0.00408496614,2025-12-03T16:46:25.414241
3272,1,3272,-0.00408173305,2025-12-03T16:46:25.456675
3273,1,3273,-0.00408351421,2025-12-03T16:46:25.499038
3274,1,3274,-0.00408278172,2025-12-03T16:46:25.518744
3275,1,3275,-0.0041126674,2025-12-03T16:46:25.591922
3276,1,3276,-0.00408075284,2025-12-03T16:46:25.664612
3277,1,3277,-0.00408106716,2025-12-03T16:46:25.737356
3278,1,3278,-0.00408146064,2025-12-03T16:46:25.779771
3279,1,3279,-0.00408135494,2025-12-03T16:46:25.822208
3280,1,3280,-0.00408089021,2025-12-03T16:46:25.894966
3281,1,3281,-0.00408259173,2025-12-03T16:46:25.967589
3282,1,3282,-0.0040823901,2025-12-03T16:46:26.040428
3283,1,3283,-0.0040828376,2025-12-03T16:46:26.082824
3284,1,3284,-0.00407620007,2025-12-03T16:46:26.125283
3285,1,3285,-0.0040770173,2025-12-03T16:46:26.145080
3286,1,3286,-0.00408146437,2025-12-03T16:46:26.218167
3287,1,3287,-0.0040821745,2025-12-03T16:46:26.290879
3288,1,3288,-0.00408284179,2025-12-03T16:46:26.363648
3289,1,3289,-0.00408224808,2025-12-03T16:46:26.406049
3290,1,3290,-0.00408250978,2025-12-03T16:46:26.448405
3291,1,3291,-0.00408287066,2025-12-03T16:46:26.468193
3292,1,3292,-0.00408150441,2025-12-03T16:46:26.488001
3293,1,3293,-0.00408312072,2025-12-03T16:46:26.507783
3294,1,3294,-0.00408322922,2025-12-03T16:46:26.527632
3295,1,3295,-0.00408245995,2025-12-03T16:46:26.547649
3296,1,3296,-0.00407075928,2025-12-03T16:46:26.620105
3297,1,3297,-0.00408071465,2025-12-03T16:46:26.692756
3298,1,3298,-0.00408153887,2025-12-03T16:46:26.765538
3299,1,3299,-0.00408235052,2025-12-03T16:46:26.807914
3300,1,3300,-0.00408336427,2025-12-03T16:46:26.850398
3301,1,3301,-0.00408333772,2025-12-03T16:46:26.924131
3302,1,3302,-0.00408206507,2025-12-03T16:46:26.996910
3303,1,3303,-0.00408189836,2025-12-03T16:46:27.069635
3304,1,3304,-0.0040899096,2025-12-03T16:46:27.111952
3305,1,3305,-0.00407633837,2025-12-03T16:46:27.154440
3306,1,3306,-0.00408109975,2025-12-03T16:46:27.227120
3307,1,3307,-0.0040816362,2025-12-03T16:46:27.299850
3308,1,3308,-0.0040826844,2025-12-03T16:46:27.372612
3309,1,3309,-0.00408220384,2025-12-03T16:46:27.415270
3310,1,3310,-0.00408251443,2025-12-03T16:46:27.457470
3311,1,3311,-0.00408325158,2025-12-03T16:46:27.477475
3312,1,3312,-0.00408236356,2025-12-03T16:46:27.550369
3313,1,3313,-0.00407274812,2025-12-03T16:46:27.623088
3314,1,3314,-0.00407952023,2025-12-03T16:46:27.665537
3315,1,3315,-0.00408034073,2025-12-03T16:46:27.707830
3316,1,3316,-0.00408199662,2025-12-03T16:46:27.727626
3317,1,3317,-0.00408170418,2025-12-03T16:46:27.800880
3318,1,3318,-0.00408335588,2025-12-03T16:46:27.873486
3319,1,3319,-0.00408284645,2025-12-03T16:46:27.946315
3320,1,3320,-0.00408328836,2025-12-03T16:46:27.988634
3321,1,3321,-0.00408400269,2025-12-03T16:46:28.031066
3322,1,3322,-0.00408248649,2025-12-03T16:46:28.050940
3323,1,3323,-0.00407514255,2025-12-03T16:46:28.124083
3324,1,3324,-0.00408126739,2025-12-03T16:46:28.196781
3325,1,3325,-0.00408049672,2025-12-03T16:46:28.269531
3326,1,3326,-0.00408317847,2025-12-03T16:46:28.311924
3327,1,3327,-0.00408284645,2025-12-03T16:46:28.354346
3328,1,3328,-0.00408348254,2025-12-03T16:46:28.427034
3329,1,3329,-0.00408372189,2025-12-03T16:46:28.499828
3330,1,3330,-0.0040822532,2025-12-03T16:46:28.572530
3331,1,3331,-0.00407623965,2025-12-03T16:46:28.614939
3332,1,3332,-0.00408058566,2025-12-03T16:46:28.657332
3333,1,3333,-0.00408325856,2025-12-03T16:46:28.729961
3334,1,3334,-0.00408167392,2025-12-03T16:46:28.802816
3335,1,3335,-0.00408381642,2025-12-03T16:46:28.875514
3336,1,3336,-0.00408133724,2025-12-03T16:46:28.917900
3337,1,3337,-0.0040821447,2025-12-03T16:46:28.960256
3338,1,3338,-0.00408294377,2025-12-03T16:46:28.980079
3339,1,3339,-0.00407832348,2025-12-03T16:46:29.053272
3340,1,3340,-0.00407924968,2025-12-03T16:46:29.126036
3341,1,3341,-0.00408382294,2025-12-03T16:46:29.198734
3342,1,3342,-0.00408242782,2025-12-03T16:46:29.241027
3343,1,3343,-0.00408353377,2025-12-03T16:46:29.283536
3344,1,3344,-0.00408332888,2025-12-03T16:46:29.356301
3345,1,3345,-0.00408279011,2025-12-03T16:46:29.428900
3346,1,3346,-0.00408312631,2025-12-03T16:46:29.501608
3347,1,3347,-0.00408743554,2025-12-03T16:46:29.544008
3348,1,3348,-0.00408180058,2025-12-03T16:46:29.586614
3349,1,3349,-0.00408317847,2025-12-03T16:46:29.659268
3350,1,3350,-0.00408264482,2025-12-03T16:46:29.731986
3351,1,3351,-0.00408441526,2025-12-03T16:46:29.804827
3352,1,3352,-0.00408299826,2025-12-03T16:46:29.847138
3353,1,3353,-0.00408438546,2025-12-03T16:46:29.889493
3354,1,3354,-0.00408536195,2025-12-03T16:46:29.909351
3355,1,3355,-0.00408292422,2025-12-03T16:46:29.982449
3356,1,3356,-0.00408971356,2025-12-03T16:46:30.055189
3357,1,3357,-0.00408275611,2025-12-03T16:46:30.127877
3358,1,3358,-0.00408361386,2025-12-03T16:46:30.170325
3359,1,3359,-0.00408423878,2025-12-03T16:46:30.212772
3360,1,3360,-0.00408299919,2025-12-03T16:46:30.232577
3361,1,3361,-0.00408480456,2025-12-03T16:46:30.305690
3362,1,3362,-0.0040823468,2025-12-03T16:46:30.378431
3363,1,3363,-0.00408448977,2025-12-03T16:46:30.464934
3364,1,3364,-0.00408359896,2025-12-03T16:46:30.539108
3365,1,3365,-0.00408305786,2025-12-03T16:46:30.596436
3366,1,3366,-0.00408469885,2025-12-03T16:46:30.669202
3367,1,3367,-0.00408466905,2025-12-03T16:46:30.741808
3368,1,3368,-0.00408465601,2025-12-03T16:46:30.814707
3369,1,3369,-0.00408406043,2025-12-03T16:46:30.857086
3370,1,3370,-0.00408366741,2025-12-03T16:46:30.899575
3371,1,3371,-0.00408383971,2025-12-03T16:46:30.972198
3372,1,3372,-0.00408199755,2025-12-03T16:46:31.044889
3373,1,3373,-0.00408258661,2025-12-03T16:46:31.117654
3374,1,3374,-0.00408426253,2025-12-03T16:46:31.160056
3375,1,3375,-0.00408452516,2025-12-03T16:46:31.202556
3376,1,3376,-0.00408452283,2025-12-03T16:46:31.275284
3377,1,3377,-0.0040854034,2025-12-03T16:46:31.348016
3378,1,3378,-0.00408376893,2025-12-03T16:46:31.420744
3379,1,3379,-0.00408535823,2025-12-03T16:46:31.463144
3380,1,3380,-0.00408423878,2025-12-03T16:46:31.505494
3381,1,3381,-0.00408261921,2025-12-03T16:46:31.525315
3382,1,3382,-0.00408284086,2025-12-03T16:46:31.598472
3383,1,3383,-0.00408443296,2025-12-03T16:46:31.671204
3384,1,3384,-0.00408420525,2025-12-03T16:46:31.743907
3385,1,3385,-0.00408510211,2025-12-03T16:46:31.786263
3386,1,3386,-0.00408455217,2025-12-03T16:46:31.828811
3387,1,3387,-0.0040847389,2025-12-03T16:46:31.848699
3388,1,3388,-0.00408552773,2025-12-03T16:46:31.921618
3389,1,3389,-0.00408653961,2025-12-03T16:46:31.994338
3390,1,3390,-0.00409086327,2025-12-03T16:46:32.067100
3391,1,3391,-0.00408394075,2025-12-03T16:46:32.109463
3392,1,3392,-0.00408366415,2025-12-03T16:46:32.151969
3393,1,3393,-0.00408437475,2025-12-03T16:46:32.224660
3394,1,3394,-0.00408305181,2025-12-03T16:46:32.297375
3395,1,3395,-0.00408453308,2025-12-03T16:46:32.370057
3396,1,3396,-0.00408521341,2025-12-03T16:46:32.412551
3397,1,3397,-0.00408308207,2025-12-03T16:46:32.455011
3398,1,3398,-0.00408461922,2025-12-03T16:46:32.527743
3399,1,3399,-0.0040818341,2025-12-03T16:46:32.600431
3400,1,3400,-0.00408460199,2025-12-03T16:46:32.673200
3401,1,3401,-0.00408477149,2025-12-03T16:46:32.716115
3402,1,3402,-0.00408393656,2025-12-03T16:46:32.758366
3403,1,3403,-0.00408428953,2025-12-03T16:46:32.831151
3404,1,3404,-0.00408427976,2025-12-03T16:46:32.903346
3405,1,3405,-0.00408316776,2025-12-03T16:46:32.976134
3406,1,3406,-0.00408522132,2025-12-03T16:46:33.018538
3407,1,3407,-0.00408792402,2025-12-03T16:46:33.060994
3408,1,3408,-0.00408436357,2025-12-03T16:46:33.081010
3409,1,3409,-0.00408303644,2025-12-03T16:46:33.153920
3410,1,3410,-0.00408298056,2025-12-03T16:46:33.226601
3411,1,3411,-0.0040829489,2025-12-03T16:46:33.299336
3412,1,3412,-0.00408439058,2025-12-03T16:46:33.341815
3413,1,3413,-0.00408302433,2025-12-03T16:46:33.384183
3414,1,3414,-0.00408404367,2025-12-03T16:46:33.456804
3415,1,3415,-0.00408477289,2025-12-03T16:46:33.529639
3416,1,3416,-0.00408271793,2025-12-03T16:46:33.602329
3417,1,3417,-0.00408277194,2025-12-03T16:46:33.644707
3418,1,3418,-0.00408283527,2025-12-03T16:46:33.687186
3419,1,3419,-0.00408391747,2025-12-03T16:46:33.759769
3420,1,3420,-0.00408399803,2025-12-03T16:46:33.832614
3421,1,3421,-0.00408334098,2025-12-03T16:46:33.905336
3422,1,3422,-0.00408572982,2025-12-03T16:46:33.947827
3423,1,3423,-0.00408641155,2025-12-03T16:46:33.990175
3424,1,3424,-0.00408703647,2025-12-03T16:46:34.009962
3425,1,3425,-0.00408695871,2025-12-03T16:46:34.083074
3426,1,3426,-0.00408723251,2025-12-03T16:46:34.155824
3427,1,3427,-0.00408630073,2025-12-03T16:46:34.228532
3428,1,3428,-0.00408634729,2025-12-03T16:46:34.270927
3429,1,3429,-0.00408615032,2025-12-03T16:46:34.313389
3430,1,3430,-0.00408536894,2025-12-03T16:46:34.386025
3431,1,3431,-0.00407994026,2025-12-03T16:46:34.458793
3432,1,3432,-0.00408420711,2025-12-03T16:46:34.531562
3433,1,3433,-0.00408536847,2025-12-03T16:46:34.573988
3434,1,3434,-0.00408495031,2025-12-03T16:46:34.616418
3435,1,3435,-0.00408552912,2025-12-03T16:46:34.636255
3436,1,3436,-0.00408498663,2025-12-03T16:46:34.709222
3437,1,3437,-0.00408530002,2025-12-03T16:46:34.782021
3438,1,3438,-0.00408473797,2025-12-03T16:46:34.854700
3439,1,3439,-0.00408278172,2025-12-03T16:46:34.897186
3440,1,3440,-0.00407984759,2025-12-03T16:46:34.939584
3441,1,3441,-0.00408477429,2025-12-03T16:46:35.012230
3442,1,3442,-0.00408446881,2025-12-03T16:46:35.085010
3443,1,3443,-0.00408425321,2025-12-03T16:46:35.127430
3444,1,3444,-0.0040844609,2025-12-03T16:46:35.169789
3445,1,3445,-0.00408503832,2025-12-03T16:46:35.189658
3446,1,3446,-0.00408389,2025-12-03T16:46:35.262820
3447,1,3447,-0.00408563762,2025-12-03T16:46:35.335462
3448,1,3448,-0.00408350583,2025-12-03T16:46:35.408165
3449,1,3449,-0.00408044597,2025-12-03T16:46:35.450628
3450,1,3450,-0.00408131862,2025-12-03T16:46:35.493398
3451,1,3451,-0.00408203573,2025-12-03T16:46:35.513302
3452,1,3452,-0.00408190954,2025-12-03T16:46:35.586022
3453,1,3453,-0.00408281572,2025-12-03T16:46:35.658627
3454,1,3454,-0.00408403016,2025-12-03T16:46:35.701125
3455,1,3455,-0.00408264622,2025-12-03T16:46:35.743526
3456,1,3456,-0.00408298149,2025-12-03T16:46:35.763433
3457,1,3457,-0.00408398918,2025-12-03T16:46:35.836454
3458,1,3458,-0.00408625649,2025-12-03T16:46:35.909214
3459,1,3459,-0.00408131815,2025-12-03T16:46:35.981905
3460,1,3460,-0.00408146856,2025-12-03T16:46:36.024262
3461,1,3461,-0.00408383132,2025-12-03T16:46:36.066713
3462,1,3462,-0.00408387649,2025-12-03T16:46:36.139371
3463,1,3463,-0.00408371957,2025-12-03T16:46:36.212113
3464,1,3464,-0.00408444274,2025-12-03T16:46:36.284799
3465,1,3465,-0.00408467231,2025-12-03T16:46:36.327305
3466,1,3466,-0.00408339407,2025-12-03T16:46:36.369594
3467,1,3467,-0.00408379593,2025-12-03T16:46:36.389442
3468,1,3468,-0.00408260663,2025-12-03T16:46:36.462566
3469,1,3469,-0.004083456,2025-12-03T16:46:36.535328
3470,1,3470,-0.0040826369,2025-12-03T16:46:36.608142
3471,1,3471,-0.00408399337,2025-12-03T16:46:36.650609
3472,1,3472,-0.00408618571,2025-12-03T16:46:36.692952
3473,1,3473,-0.004084168,2025-12-03T16:46:36.712833
3474,1,3474,-0.004083334,2025-12-03T16:46:36.732687
3475,1,3475,-0.00408313376,2025-12-03T16:46:36.752600
3476,1,3476,-0.00408366741,2025-12-03T16:46:36.772523
3477,1,3477,-0.0040829759,2025-12-03T16:46:36.792333
3478,1,3478,-0.00408458244,2025-12-03T16:46:36.865656
3479,1,3479,-0.00408439524,2025-12-03T16:46:36.938439
3480,1,3480,-0.00407837796,2025-12-03T16:46:37.011096
3481,1,3481,-0.00407871371,2025-12-03T16:46:37.053612
3482,1,3482,-0.00408119102,2025-12-03T16:46:37.095952
3483,1,3483,-0.00408017029,2025-12-03T16:46:37.168655
3484,1,3484,-0.00408235331,2025-12-03T16:46:37.241346
3485,1,3485,-0.00408340571,2025-12-03T16:46:37.314087
3486,1,3486,-0.00408320548,2025-12-03T16:46:37.356498
3487,1,3487,-0.00408083759,2025-12-03T16:46:37.398970
3488,1,3488,-0.0040823007,2025-12-03T16:46:37.418707
3489,1,3489,-0.00407925015,2025-12-03T16:46:37.491818
3490,1,3490,-0.00408225832,2025-12-03T16:46:37.564559
3491,1,3491,-0.004083795,2025-12-03T16:46:37.637314
3492,1,3492,-0.00408319523,2025-12-03T16:46:37.679702
3493,1,3493,-0.00408321944,2025-12-03T16:46:37.722119
3494,1,3494,-0.00408480642,2025-12-03T16:46:37.794878
3495,1,3495,-0.00408440735,2025-12-03T16:46:37.867566
3496,1,3496,-0.00408625975,2025-12-03T16:46:37.940238
3497,1,3497,-0.00408581085,2025-12-03T16:46:37.982702
3498,1,3498,-0.00408405624,2025-12-03T16:46:38.025118
3499,1,3499,-0.00408204039,2025-12-03T16:46:38.045027
3500,1,3500,-0.00408197706,2025-12-03T16:46:38.118092
3501,1,3501,-0.00408081337,2025-12-03T16:46:38.190780
3502,1,3502,-0.00407078769,2025-12-03T16:46:38.263489
3503,1,3503,-0.00407906761,2025-12-03T16:46:38.305840
3504,1,3504,-0.00408071372,2025-12-03T16:46:38.348389
3505,1,3505,-0.00408185366,2025-12-03T16:46:38.368136
3506,1,3506,-0.0040827943,2025-12-03T16:46:38.388007
3507,1,3507,-0.00408345926,2025-12-03T16:46:38.407945
3508,1,3508,-0.00408262014,2025-12-03T16:46:38.427952
3509,1,3509,-0.00408451724,2025-12-03T16:46:38.501852
3510,1,3510,-0.00408358592,2025-12-03T16:46:38.574671
3511,1,3511,-0.00408469792,2025-12-03T16:46:38.647279
3512,1,3512,-0.00408447301,2025-12-03T16:46:38.689698
3513,1,3513,-0.00408508628,2025-12-03T16:46:38.732154
3514,1,3514,-0.00413807108,2025-12-03T16:46:38.752028
3515,1,3515,-0.00408142386,2025-12-03T16:46:38.825034
3516,1,3516,-0.00408309139,2025-12-03T16:46:38.897827
3517,1,3517,-0.0040839347,2025-12-03T16:46:38.970482
3518,1,3518,-0.0040838248,2025-12-03T16:46:39.012897
3519,1,3519,-0.00408411026,2025-12-03T16:46:39.055340
3520,1,3520,-0.00408288044,2025-12-03T16:46:39.128063
3521,1,3521,-0.00408438406,2025-12-03T16:46:39.200701
3522,1,3522,-0.00407464755,2025-12-03T16:46:39.273507
3523,1,3523,-0.00407980242,2025-12-03T16:46:39.315880
3524,1,3524,-0.00408064108,2025-12-03T16:46:39.358390
3525,1,3525,-0.00408255215,2025-12-03T16:46:39.378369
3526,1,3526,-0.0040834248,2025-12-03T16:46:39.451292
3527,1,3527,-0.00408419268,2025-12-03T16:46:39.523974
3528,1,3528,-0.00408416986,2025-12-03T16:46:39.596665
3529,1,3529,-0.00408301502,2025-12-03T16:46:39.639147
3530,1,3530,-0.00408430723,2025-12-03T16:46:39.681563
3531,1,3531,-0.00408514542,2025-12-03T16:46:39.754290
3532,1,3532,-0.00408234447,2025-12-03T16:46:39.826962
3533,1,3533,-0.00407849252,2025-12-03T16:46:39.899702
3534,1,3534,-0.00407962361,2025-12-03T16:46:39.942152
3535,1,3535,-0.00408219033,2025-12-03T16:46:39.984455
3536,1,3536,-0.00408154306,2025-12-03T16:46:40.057181
3537,1,3537,-0.00408428674,2025-12-03T16:46:40.130011
3538,1,3538,-0.00408380338,2025-12-03T16:46:40.202719
3539,1,3539,-0.0040839021,2025-12-03T16:46:40.245177
3540,1,3540,-0.00408233422,2025-12-03T16:46:40.287574
3541,1,3541,-0.00408393191,2025-12-03T16:46:40.307370
3542,1,3542,-0.00408068671,2025-12-03T16:46:40.380425
3543,1,3543,-0.0040833177,2025-12-03T16:46:40.453177
3544,1,3544,-0.00408326042,2025-12-03T16:46:40.525913
3545,1,3545,-0.00408383691,2025-12-03T16:46:40.568256
3546,1,3546,-0.0040833,2025-12-03T16:46:40.610748
3547,1,3547,-0.00408407999,2025-12-03T16:46:40.684491
3548,1,3548,-0.00408506207,2025-12-03T16:46:40.757213
3549,1,3549,-0.00408276496,2025-12-03T16:46:40.829946
3550,1,3550,-0.00408492656,2025-12-03T16:46:40.872286
3551,1,3551,-0.00408229185,2025-12-03T16:46:40.914829
3552,1,3552,-0.00408287625,2025-12-03T16:46:40.934649
3553,1,3553,-0.00408353889,2025-12-03T16:46:41.007827
3554,1,3554,-0.00408375216,2025-12-03T16:46:41.080427
3555,1,3555,-0.00408342713,2025-12-03T16:46:41.153079
3556,1,3556,-0.00408346299,2025-12-03T16:46:41.195493
3557,1,3557,-0.0040833312,2025-12-03T16:46:41.237990
3558,1,3558,-0.00408323016,2025-12-03T16:46:41.310685
3559,1,3559,-0.00408226391,2025-12-03T16:46:41.383413
3560,1,3560,-0.00408270023,2025-12-03T16:46:41.456150
3561,1,3561,-0.00408313889,2025-12-03T16:46:41.498440
3562,1,3562,-0.00408291583,2025-12-03T16:46:41.540957
3563,1,3563,-0.00408262433,2025-12-03T16:46:41.560892
3564,1,3564,-0.00408307183,2025-12-03T16:46:41.633922
3565,1,3565,-0.00408357335,2025-12-03T16:46:41.706454
3566,1,3566,-0.0040848134,2025-12-03T16:46:41.779242
3567,1,3567,-0.00408155797,2025-12-03T16:46:41.821793
3568,1,3568,-0.00409427378,2025-12-03T16:46:41.864221
3569,1,3569,-0.00408157799,2025-12-03T16:46:41.936796
3570,1,3570,-0.00408234028,2025-12-03T16:46:42.009669
3571,1,3571,-0.00408323807,2025-12-03T16:46:42.082310
3572,1,3572,-0.00408383505,2025-12-03T16:46:42.124785
3573,1,3573,-0.00408413261,2025-12-03T16:46:42.167217
3574,1,3574,-0.00408433983,2025-12-03T16:46:42.187037
3575,1,3575,-0.00408343644,2025-12-03T16:46:42.206967
3576,1,3576,-0.00408324692,2025-12-03T16:46:42.226768
3577,1,3577,-0.00408242689,2025-12-03T16:46:42.246867
3578,1,3578,-0.00408461596,2025-12-03T16:46:42.266730
3579,1,3579,-0.00408321525,2025-12-03T16:46:42.339913
3580,1,3580,-0.00408061454,2025-12-03T16:46:42.412607
3581,1,3581,-0.00408281758,2025-12-03T16:46:42.485311
3582,1,3582,-0.00408278452,2025-12-03T16:46:42.527740
3583,1,3583,-0.00408393284,2025-12-03T16:46:42.570117
3584,1,3584,-0.00408381456,2025-12-03T16:46:42.642903
3585,1,3585,-0.0040845219,2025-12-03T16:46:42.715617
3586,1,3586,-0.00408286554,2025-12-03T16:46:42.788349
3587,1,3587,-0.00408443668,2025-12-03T16:46:42.830825
3588,1,3588,-0.00408552447,2025-12-03T16:46:42.873197
3589,1,3589,-0.0040832716,2025-12-03T16:46:42.893008
3590,1,3590,-0.00408349186,2025-12-03T16:46:42.966120
3591,1,3591,-0.0040833312,2025-12-03T16:46:43.038827
3592,1,3592,-0.00408403808,2025-12-03T16:46:43.111551
3593,1,3593,-0.0040835645,2025-12-03T16:46:43.153954
3594,1,3594,-0.00408425275,2025-12-03T16:46:43.196429
3595,1,3595,-0.00408250559,2025-12-03T16:46:43.269077
3596,1,3596,-0.00408457359,2025-12-03T16:46:43.341829
3597,1,3597,-0.00408346857,2025-12-03T16:46:43.414517
3598,1,3598,-0.00408419687,2025-12-03T16:46:43.456951
3599,1,3599,-0.00408432027,2025-12-03T16:46:43.499383
3600,1,3600,-0.00408398453,2025-12-03T16:46:43.572096
3601,1,3601,-0.00408460618,2025-12-03T16:46:43.644835
3602,1,3602,-0.00408444087,2025-12-03T16:46:43.717534
3603,1,3603,-0.00408280873,2025-12-03T16:46:43.759950
3604,1,3604,-0.00408461783,2025-12-03T16:46:43.802434
3605,1,3605,-0.0040837964,2025-12-03T16:46:43.822197
3606,1,3606,-0.00408276543,2025-12-03T16:46:43.895296
3607,1,3607,-0.00408392725,2025-12-03T16:46:43.967967
3608,1,3608,-0.00408419733,2025-12-03T16:46:44.040826
3609,1,3609,-0.00408376101,2025-12-03T16:46:44.083492
3610,1,3610,-0.00408362969,2025-12-03T16:46:44.125512
3611,1,3611,-0.00408487627,2025-12-03T16:46:44.199316
3612,1,3612,-0.00408588116,2025-12-03T16:46:44.271955
3613,1,3613,-0.00408449908,2025-12-03T16:46:44.344821
3614,1,3614,-0.0040836581,2025-12-03T16:46:44.387160
3615,1,3615,-0.00408425042,2025-12-03T16:46:44.429656
3616,1,3616,-0.00408501969,2025-12-03T16:46:44.502275
3617,1,3617,-0.00408415636,2025-12-03T16:46:44.574976
3618,1,3618,-0.00408532749,2025-12-03T16:46:44.647821
3619,1,3619,-0.00408491818,2025-12-03T16:46:44.690155
3620,1,3620,-0.00408563297,2025-12-03T16:46:44.732646
3621,1,3621,-0.00408511376,2025-12-03T16:46:44.752469
3622,1,3622,-0.00408408651,2025-12-03T16:46:44.825508
3623,1,3623,-0.00408218475,2025-12-03T16:46:44.898234
3624,1,3624,-0.00408307835,2025-12-03T16:46:44.970916
3625,1,3625,-0.0040831631,2025-12-03T16:46:45.013413
3626,1,3626,-0.00408362457,2025-12-03T16:46:45.055833
3627,1,3627,-0.00408384436,2025-12-03T16:46:45.128494
3628,1,3628,-0.00408511143,2025-12-03T16:46:45.201215
3629,1,3629,-0.00408487813,2025-12-03T16:46:45.273875
3630,1,3630,-0.00408397242,2025-12-03T16:46:45.316414
3631,1,3631,-0.00408530281,2025-12-03T16:46:45.358826
3632,1,3632,-0.00408364459,2025-12-03T16:46:45.431529
3633,1,3633,-0.00408304575,2025-12-03T16:46:45.504217
3634,1,3634,-0.00408420944,2025-12-03T16:46:45.576994
3635,1,3635,-0.00408170931,2025-12-03T16:46:45.619411
3636,1,3636,-0.00408407952,2025-12-03T16:46:45.661833
3637,1,3637,-0.00408383272,2025-12-03T16:46:45.681836
3638,1,3638,-0.00408296566,2025-12-03T16:46:45.754651
3639,1,3639,-0.00408381223,2025-12-03T16:46:45.827443
3640,1,3640,-0.00408338382,2025-12-03T16:46:45.900099
3641,1,3641,-0.00408410746,2025-12-03T16:46:45.942579
3642,1,3642,-0.00408243574,2025-12-03T16:46:45.985025
3643,1,3643,-0.00408412143,2025-12-03T16:46:46.057828
3644,1,3644,-0.00408396031,2025-12-03T16:46:46.130355
3645,1,3645,-0.00408374518,2025-12-03T16:46:46.203147
3646,1,3646,-0.00408397242,2025-12-03T16:46:46.245578
3647,1,3647,-0.00408495124,2025-12-03T16:46:46.288056
3648,1,3648,-0.00408636732,2025-12-03T16:46:46.360721
3649,1,3649,-0.00408445531,2025-12-03T16:46:46.433454
3650,1,3650,-0.00408647721,2025-12-03T16:46:46.506128
3651,1,3651,-0.0040875324,2025-12-03T16:46:46.548591
3652,1,3652,-0.00408523902,2025-12-03T16:46:46.590952
3653,1,3653,-0.00408649025,2025-12-03T16:46:46.664671
3654,1,3654,-0.00408863974,2025-12-03T16:46:46.737462
3655,1,3655,-0.00408674869,2025-12-03T16:46:46.810140
3656,1,3656,-0.00408706488,2025-12-03T16:46:46.852546
3657,1,3657,-0.00408993288,2025-12-03T16:46:46.895026
3658,1,3658,-0.00409058993,2025-12-03T16:46:46.914833
3659,1,3659,-0.00409114733,2025-12-03T16:46:46.987952
3660,1,3660,-0.004091301,2025-12-03T16:46:47.060620
3661,1,3661,-0.00409151101,2025-12-03T16:46:47.133443
3662,1,3662,-0.00409550918,2025-12-03T16:46:47.175784
3663,1,3663,-0.00409741932,2025-12-03T16:46:47.218151
3664,1,3664,-0.00409686472,2025-12-03T16:46:47.237863
3665,1,3665,-0.00418371474,2025-12-03T16:46:47.311101
3666,1,3666,-0.00418400671,2025-12-03T16:46:47.383792
3667,1,3667,-0.00418297713,2025-12-03T16:46:47.456540
3668,1,3668,-0.00418313872,2025-12-03T16:46:47.523223
3669,1,3669,-0.00418321741,2025-12-03T16:46:47.597868
3670,1,3670,-0.00418143207,2025-12-03T16:46:47.670618
3671,1,3671,-0.00418341439,2025-12-03T16:46:47.743505
3672,1,3672,-0.00418112194,2025-12-03T16:46:47.786032
3673,1,3673,-0.00418257573,2025-12-03T16:46:47.828571
3674,1,3674,-0.00418282672,2025-12-03T16:46:47.848497
3675,1,3675,-0.00418140878,2025-12-03T16:46:47.921174
3676,1,3676,-0.00418199365,2025-12-03T16:46:47.993837
3677,1,3677,-0.00418074568,2025-12-03T16:46:48.066561
3678,1,3678,-0.00418144371,2025-12-03T16:46:48.109050
3679,1,3679,-0.00418192474,2025-12-03T16:46:48.151489
3680,1,3680,-0.00418206444,2025-12-03T16:46:48.171289
3681,1,3681,-0.00418119225,2025-12-03T16:46:48.244415
3682,1,3682,-0.00418119784,2025-12-03T16:46:48.317102
3683,1,3683,-0.00418119039,2025-12-03T16:46:48.389826
3684,1,3684,-0.00418020784,2025-12-03T16:46:48.432155
3685,1,3685,-0.00418745027,2025-12-03T16:46:48.474622
3686,1,3686,-0.00417874474,2025-12-03T16:46:48.494502
3687,1,3687,-0.00417830049,2025-12-03T16:46:48.514326
3688,1,3688,-0.00417751306,2025-12-03T16:46:48.534184
3689,1,3689,-0.00417761038,2025-12-03T16:46:48.554094
3690,1,3690,-0.00417715311,2025-12-03T16:46:48.573906
3691,1,3691,-0.00408000173,2025-12-03T16:46:48.646445
3692,1,3692,-0.00408218055,2025-12-03T16:46:48.719119
3693,1,3693,-0.00408404227,2025-12-03T16:46:48.791833
3694,1,3694,-0.00408242316,2025-12-03T16:46:48.864438
3695,1,3695,-0.00408364459,2025-12-03T16:46:48.937207
3696,1,3696,-0.00408833101,2025-12-03T16:46:48.979686
3697,1,3697,-0.00408113468,2025-12-03T16:46:49.022020
3698,1,3698,-0.00408303691,2025-12-03T16:46:49.041902
3699,1,3699,-0.00408231047,2025-12-03T16:46:49.061832
3700,1,3700,-0.00408270256,2025-12-03T16:46:49.081644
3701,1,3701,-0.00408352818,2025-12-03T16:46:49.154419
3702,1,3702,-0.00408316217,2025-12-03T16:46:49.227158
3703,1,3703,-0.00408355938,2025-12-03T16:46:49.299833
3704,1,3704,-0.00408341875,2025-12-03T16:46:49.342267
3705,1,3705,-0.00408389139,2025-12-03T16:46:49.384679
3706,1,3706,-0.00408351235,2025-12-03T16:46:49.404554
3707,1,3707,-0.00408906955,2025-12-03T16:46:49.477523
3708,1,3708,-0.00408240919,2025-12-03T16:46:49.550278
3709,1,3709,-0.00408370699,2025-12-03T16:46:49.623055
3710,1,3710,-0.00408543553,2025-12-03T16:46:49.665440
3711,1,3711,-0.00408641947,2025-12-03T16:46:49.707840
3712,1,3712,-0.00408403901,2025-12-03T16:46:49.780610
3713,1,3713,-0.00408531399,2025-12-03T16:46:49.853314
3714,1,3714,-0.00408368464,2025-12-03T16:46:49.895829
3715,1,3715,-0.00408569211,2025-12-03T16:46:49.938129
3716,1,3716,-0.00408558826,2025-12-03T16:46:49.958065
3717,1,3717,-0.00408400828,2025-12-03T16:46:50.031100
3718,1,3718,-0.00408454518,2025-12-03T16:46:50.103835
3719,1,3719,-0.00408498011,2025-12-03T16:46:50.176456
3720,1,3720,-0.00408505322,2025-12-03T16:46:50.218846
3721,1,3721,-0.00408678688,2025-12-03T16:46:50.261441
3722,1,3722,-0.00408561434,2025-12-03T16:46:50.281296
3723,1,3723,-0.00408731494,2025-12-03T16:46:50.354215
3724,1,3724,-0.00408544205,2025-12-03T16:46:50.426996
3725,1,3725,-0.00408227043,2025-12-03T16:46:50.499726
3726,1,3726,-0.00408502761,2025-12-03T16:46:50.542072
3727,1,3727,-0.00408511608,2025-12-03T16:46:50.584568
3728,1,3728,-0.00408607395,2025-12-03T16:46:50.657290
3729,1,3729,-0.0040861573,2025-12-03T16:46:50.729961
3730,1,3730,-0.00408754032,2025-12-03T16:46:50.802691
3731,1,3731,-0.00408656336,2025-12-03T16:46:50.845152
3732,1,3732,-0.0040864055,2025-12-03T16:46:50.887611
3733,1,3733,-0.00408801622,2025-12-03T16:46:50.960207
3734,1,3734,-0.00408348534,2025-12-03T16:46:51.032939
3735,1,3735,-0.00408605206,2025-12-03T16:46:51.105728
3736,1,3736,-0.00408619968,2025-12-03T16:46:51.148058
3737,1,3737,-0.00408526835,2025-12-03T16:46:51.190572
3738,1,3738,-0.00408497592,2025-12-03T16:46:51.210457
3739,1,3739,-0.00408680783,2025-12-03T16:46:51.283470
3740,1,3740,-0.00408741272,2025-12-03T16:46:51.356182
3741,1,3741,-0.00408739829,2025-12-03T16:46:51.428808
3742,1,3742,-0.00408757757,2025-12-03T16:46:51.471503
3743,1,3743,-0.00408530654,2025-12-03T16:46:51.513832
3744,1,3744,-0.00408561667,2025-12-03T16:46:51.586496
3745,1,3745,-0.00408561155,2025-12-03T16:46:51.659180
3746,1,3746,-0.00408544391,2025-12-03T16:46:51.701593
3747,1,3747,-0.00408566975,2025-12-03T16:46:51.744012
3748,1,3748,-0.00408612331,2025-12-03T16:46:51.763889
3749,1,3749,-0.00408540107,2025-12-03T16:46:51.783717
3750,1,3750,-0.00408692611,2025-12-03T16:46:51.856148
3751,1,3751,-0.00408607162,2025-12-03T16:46:51.928788
3752,1,3752,-0.00408606836,2025-12-03T16:46:52.001602
3753,1,3753,-0.00408459501,2025-12-03T16:46:52.044028
3754,1,3754,-0.00408521899,2025-12-03T16:46:52.086479
3755,1,3755,-0.00408564927,2025-12-03T16:46:52.159191
3756,1,3756,-0.0040856963,2025-12-03T16:46:52.231844
3757,1,3757,-0.00408624392,2025-12-03T16:46:52.304590
3758,1,3758,-0.00408754916,2025-12-03T16:46:52.347024
3759,1,3759,-0.00408766977,2025-12-03T16:46:52.389414
3760,1,3760,-0.00408803299,2025-12-03T16:46:52.462173
3761,1,3761,-0.00408562319,2025-12-03T16:46:52.534890
3762,1,3762,-0.00408633472,2025-12-03T16:46:52.607596
3763,1,3763,-0.00408620061,2025-12-03T16:46:52.650002
3764,1,3764,-0.0040856786,2025-12-03T16:46:52.692392
3765,1,3765,-0.00408541643,2025-12-03T16:46:52.765126
3766,1,3766,-0.00408725626,2025-12-03T16:46:52.837809
3767,1,3767,-0.00408659316,2025-12-03T16:46:52.910620
3768,1,3768,-0.00408726138,2025-12-03T16:46:52.952959
3769,1,3769,-0.00408577267,2025-12-03T16:46:52.995376
3770,1,3770,-0.00408524181,2025-12-03T16:46:53.015212
3771,1,3771,-0.00408657966,2025-12-03T16:46:53.088426
3772,1,3772,-0.00408613216,2025-12-03T16:46:53.161112
3773,1,3773,-0.00408532936,2025-12-03T16:46:53.233827
3774,1,3774,-0.00408527022,2025-12-03T16:46:53.306566
3775,1,3775,-0.00408523576,2025-12-03T16:46:53.348905
3776,1,3776,-0.00408358732,2025-12-03T16:46:53.391445
3777,1,3777,-0.00408720783,2025-12-03T16:46:53.464137
3778,1,3778,-0.00408825045,2025-12-03T16:46:53.536824
3779,1,3779,-0.0040882565,2025-12-03T16:46:53.609541
3780,1,3780,-0.00408679386,2025-12-03T16:46:53.651946
3781,1,3781,-0.00408641295,2025-12-03T16:46:53.694440
3782,1,3782,-0.00408683763,2025-12-03T16:46:53.767014
3783,1,3783,-0.00408590072,2025-12-03T16:46:53.839833
3784,1,3784,-0.00408667605,2025-12-03T16:46:53.912454
3785,1,3785,-0.00408131117,2025-12-03T16:46:53.954934
3786,1,3786,-0.00408330885,2025-12-03T16:46:53.997366
3787,1,3787,-0.00408466579,2025-12-03T16:46:54.017423
3788,1,3788,-0.00408646417,2025-12-03T16:46:54.090299
3789,1,3789,-0.00408563297,2025-12-03T16:46:54.162968
3790,1,3790,-0.00408724602,2025-12-03T16:46:54.235746
3791,1,3791,-0.0040876707,2025-12-03T16:46:54.278175
3792,1,3792,-0.00408708024,2025-12-03T16:46:54.320668
3793,1,3793,-0.00408653169,2025-12-03T16:46:54.393283
3794,1,3794,-0.00407854467,2025-12-03T16:46:54.465933
3795,1,3795,-0.00408531306,2025-12-03T16:46:54.538716
3796,1,3796,-0.00408531678,2025-12-03T16:46:54.581186
3797,1,3797,-0.00408565532,2025-12-03T16:46:54.623691
3798,1,3798,-0.00408676546,2025-12-03T16:46:54.696309
3799,1,3799,-0.00408714031,2025-12-03T16:46:54.768999
3800,1,3800,-0.00408728001,2025-12-03T16:46:54.841833
3801,1,3801,-0.00408709608,2025-12-03T16:46:54.914393
3802,1,3802,-0.00407890882,2025-12-03T16:46:54.987137
3803,1,3803,-0.0040838872,2025-12-03T16:46:55.059914
3804,1,3804,-0.00408599758,2025-12-03T16:46:55.132646
3805,1,3805,-0.00408530374,2025-12-03T16:46:55.205266
3806,1,3806,-0.00408561341,2025-12-03T16:46:55.247830
3807,1,3807,-0.00408629234,2025-12-03T16:46:55.290181
3808,1,3808,-0.00408663833,2025-12-03T16:46:55.362936
3809,1,3809,-0.00414044363,2025-12-03T16:46:55.435609
3810,1,3810,-0.00408175075,2025-12-03T16:46:55.508341
3811,1,3811,-0.00408421969,2025-12-03T16:46:55.550837
3812,1,3812,-0.00408659409,2025-12-03T16:46:55.593226
3813,1,3813,-0.00408639525,2025-12-03T16:46:55.613104
3814,1,3814,-0.00408743275,2025-12-03T16:46:55.686116
3815,1,3815,-0.00408809352,2025-12-03T16:46:55.758837
3816,1,3816,-0.00408702855,2025-12-03T16:46:55.831563
3817,1,3817,-0.00408808607,2025-12-03T16:46:55.873982
3818,1,3818,-0.0040872097,2025-12-03T16:46:55.916335
3819,1,3819,-0.00413961056,2025-12-03T16:46:55.936149
3820,1,3820,-0.00408273935,2025-12-03T16:46:56.009263
3821,1,3821,-0.00408626953,2025-12-03T16:46:56.082030
3822,1,3822,-0.00408648699,2025-12-03T16:46:56.154733
3823,1,3823,-0.00408732751,2025-12-03T16:46:56.197099
3824,1,3824,-0.00408732332,2025-12-03T16:46:56.239544
3825,1,3825,-0.00408667419,2025-12-03T16:46:56.312339
3826,1,3826,-0.00408650329,2025-12-03T16:46:56.385044
3827,1,3827,-0.00406534085,2025-12-03T16:46:56.457733
3828,1,3828,-0.00408189697,2025-12-03T16:46:56.530457
3829,1,3829,-0.00408492749,2025-12-03T16:46:56.572911
3830,1,3830,-0.00408366648,2025-12-03T16:46:56.615244
3831,1,3831,-0.00408639479,2025-12-03T16:46:56.635024
3832,1,3832,-0.00408545322,2025-12-03T16:46:56.654886
3833,1,3833,-0.00408554077,2025-12-03T16:46:56.674838
3834,1,3834,-0.00408520177,2025-12-03T16:46:56.694717
3835,1,3835,-0.00408485112,2025-12-03T16:46:56.767834
3836,1,3836,-0.00408715009,2025-12-03T16:46:56.840567
3837,1,3837,-0.00408679805,2025-12-03T16:46:56.913241
3838,1,3838,-0.00408092094,2025-12-03T16:46:56.955711
3839,1,3839,-0.00408306252,2025-12-03T16:46:56.998106
3840,1,3840,-0.00408287299,2025-12-03T16:46:57.017912
3841,1,3841,-0.00408563343,2025-12-03T16:46:57.090958
3842,1,3842,-0.00408605812,2025-12-03T16:46:57.163825
3843,1,3843,-0.004087531,2025-12-03T16:46:57.236418
3844,1,3844,-0.00408678129,2025-12-03T16:46:57.278866
3845,1,3845,-0.00408554216,2025-12-03T16:46:57.321261
3846,1,3846,-0.00407874304,2025-12-03T16:46:57.394053
3847,1,3847,-0.00408150115,2025-12-03T16:46:57.466734
3848,1,3848,-0.00408648094,2025-12-03T16:46:57.539473
3849,1,3849,-0.00408349325,2025-12-03T16:46:57.581888
3850,1,3850,-0.00408468674,2025-12-03T16:46:57.624327
3851,1,3851,-0.00408528186,2025-12-03T16:46:57.696929
3852,1,3852,-0.00408739689,2025-12-03T16:46:57.769833
3853,1,3853,-0.00408669933,2025-12-03T16:46:57.842386
3854,1,3854,-0.0040929988,2025-12-03T16:46:57.884856
3855,1,3855,-0.00408548722,2025-12-03T16:46:57.927334
3856,1,3856,-0.00408707652,2025-12-03T16:46:58.000015
3857,1,3857,-0.00408784346,2025-12-03T16:46:58.072752
3858,1,3858,-0.00408739317,2025-12-03T16:46:58.145392
3859,1,3859,-0.00408712308,2025-12-03T16:46:58.187842
3860,1,3860,-0.00408579595,2025-12-03T16:46:58.230236
3861,1,3861,-0.00408758642,2025-12-03T16:46:58.250368
3862,1,3862,-0.00408749561,2025-12-03T16:46:58.270283
3863,1,3863,-0.00408841483,2025-12-03T16:46:58.343398
3864,1,3864,-0.00408621132,2025-12-03T16:46:58.416171
3865,1,3865,-0.00408639293,2025-12-03T16:46:58.488851
3866,1,3866,-0.00408701924,2025-12-03T16:46:58.531341
3867,1,3867,-0.00408834731,2025-12-03T16:46:58.589719
3868,1,3868,-0.00409003207,2025-12-03T16:46:58.679718
3869,1,3869,-0.00409056618,2025-12-03T16:46:58.722178
3870,1,3870,-0.00409077899,2025-12-03T16:46:58.764583
3871,1,3871,-0.00408949516,2025-12-03T16:46:58.784705
3872,1,3872,-0.00409272965,2025-12-03T16:46:58.857519
3873,1,3873,-0.00408831797,2025-12-03T16:46:58.930206
3874,1,3874,-0.00409021601,2025-12-03T16:46:59.002925
3875,1,3875,-0.00409086933,2025-12-03T16:46:59.045405
3876,1,3876,-0.00409172102,2025-12-03T16:46:59.087826
3877,1,3877,-0.00409288285,2025-12-03T16:46:59.107871
3878,1,3878,-0.00409165164,2025-12-03T16:46:59.180818
3879,1,3879,-0.00409227563,2025-12-03T16:46:59.253423
3880,1,3880,-0.00409268634,2025-12-03T16:46:59.326215
3881,1,3881,-0.00409314082,2025-12-03T16:46:59.368609
3882,1,3882,-0.00409535458,2025-12-03T16:46:59.411014
3883,1,3883,-0.00409044185,2025-12-03T16:46:59.430865
3884,1,3884,-0.00409350823,2025-12-03T16:46:59.503900
3885,1,3885,-0.0040948172,2025-12-03T16:46:59.576657
3886,1,3886,-0.00409209169,2025-12-03T16:46:59.649333
3887,1,3887,-0.00409171218,2025-12-03T16:46:59.691831
3888,1,3888,-0.00409045768,2025-12-03T16:46:59.734116
3889,1,3889,-0.0040916535,2025-12-03T16:46:59.806957
3890,1,3890,-0.00409373454,2025-12-03T16:46:59.879552
3891,1,3891,-0.00408789329,2025-12-03T16:46:59.952281
3892,1,3892,-0.00409011216,2025-12-03T16:46:59.994854
3893,1,3893,-0.00409011635,2025-12-03T16:47:00.037192
3894,1,3894,-0.00409053312,2025-12-03T16:47:00.110933
3895,1,3895,-0.00408979551,2025-12-03T16:47:00.183655
3896,1,3896,-0.00409296993,2025-12-03T16:47:00.256443
3897,1,3897,-0.00409117713,2025-12-03T16:47:00.298797
3898,1,3898,-0.00409268727,2025-12-03T16:47:00.341227
3899,1,3899,-0.00409262441,2025-12-03T16:47:00.361094
3900,1,3900,-0.00408969167,2025-12-03T16:47:00.434137
3901,1,3901,-0.00409156223,2025-12-03T16:47:00.506882
3902,1,3902,-0.00408817036,2025-12-03T16:47:00.579556
3903,1,3903,-0.00409237295,2025-12-03T16:47:00.622034
3904,1,3904,-0.00409198692,2025-12-03T16:47:00.664358
3905,1,3905,-0.00409238459,2025-12-03T16:47:00.737089
3906,1,3906,-0.0040927669,2025-12-03T16:47:00.809874
3907,1,3907,-0.00409552734,2025-12-03T16:47:00.882582
3908,1,3908,-0.00409052148,2025-12-03T16:47:00.925026
3909,1,3909,-0.00409145466,2025-12-03T16:47:00.967396
3910,1,3910,-0.00409302348,2025-12-03T16:47:00.987249
3911,1,3911,-0.00409513199,2025-12-03T16:47:01.060444
3912,1,3912,-0.00409321393,2025-12-03T16:47:01.132998
3913,1,3913,-0.0040943874,2025-12-03T16:47:01.205839
3914,1,3914,-0.00409346492,2025-12-03T16:47:01.248211
3915,1,3915,-0.00409360881,2025-12-03T16:47:01.290561
3916,1,3916,-0.00409499742,2025-12-03T16:47:01.363352
3917,1,3917,-0.00409419042,2025-12-03T16:47:01.436072
3918,1,3918,-0.00409589614,2025-12-03T16:47:01.508834
3919,1,3919,-0.00409469613,2025-12-03T16:47:01.551226
3920,1,3920,-0.00409613829,2025-12-03T16:47:01.593652
3921,1,3921,-0.00409631105,2025-12-03T16:47:01.666280
3922,1,3922,-0.00409841584,2025-12-03T16:47:01.739069
3923,1,3923,-0.00409771315,2025-12-03T16:47:01.811825
3924,1,3924,-0.00410667899,2025-12-03T16:47:01.854257
3925,1,3925,-0.00411677593,2025-12-03T16:47:01.896613
3926,1,3926,-0.00410579098,2025-12-03T16:47:01.916524
3927,1,3927,-0.00411559641,2025-12-03T16:47:01.989576
3928,1,3928,-0.0041156304,2025-12-03T16:47:02.062286
3929,1,3929,-0.00412294222,2025-12-03T16:47:02.134915
3930,1,3930,-0.00412467448,2025-12-03T16:47:02.177448
3931,1,3931,-0.00412847427,2025-12-03T16:47:02.219797
3932,1,3932,-0.00412230333,2025-12-03T16:47:02.293507
3933,1,3933,-0.00412901071,2025-12-03T16:47:02.366205
3934,1,3934,-0.00412534642,2025-12-03T16:47:02.438946
3935,1,3935,-0.00412524864,2025-12-03T16:47:02.481304
3936,1,3936,-0.00413306057,2025-12-03T16:47:02.523759
3937,1,3937,-0.00412896834,2025-12-03T16:47:02.596469
3938,1,3938,-0.00423926906,2025-12-03T16:47:02.669260
3939,1,3939,-0.00424275407,2025-12-03T16:47:02.742038
3940,1,3940,-0.00424039736,2025-12-03T16:47:02.784402
3941,1,3941,-0.00424102554,2025-12-03T16:47:02.826892
3942,1,3942,-0.00424071587,2025-12-03T16:47:02.846713
3943,1,3943,-0.00423972774,2025-12-03T16:47:02.919674
3944,1,3944,-0.00423964019,2025-12-03T16:47:02.992500
3945,1,3945,-0.00423930352,2025-12-03T16:47:03.065129
3946,1,3946,-0.00423911353,2025-12-03T16:47:03.107597
3947,1,3947,-0.00423950469,2025-12-03T16:47:03.150033
3948,1,3948,-0.00424058036,2025-12-03T16:47:03.169864
3949,1,3949,-0.00424104882,2025-12-03T16:47:03.242971
3950,1,3950,-0.0042409189,2025-12-03T16:47:03.315684
3951,1,3951,-0.00424692267,2025-12-03T16:47:03.388361
3952,1,3952,-0.00424754945,2025-12-03T16:47:03.430803
3953,1,3953,-0.0042529162,2025-12-03T16:47:03.473222
3954,1,3954,-0.0042522503,2025-12-03T16:47:03.493076
3955,1,3955,-0.00425155507,2025-12-03T16:47:03.512912
3956,1,3956,-0.00425141351,2025-12-03T16:47:03.532836
3957,1,3957,-0.00425243703,2025-12-03T16:47:03.552703
3958,1,3958,-0.00425668014,2025-12-03T16:47:03.625675
3959,1,3959,-0.00425725104,2025-12-03T16:47:03.698458
3960,1,3960,-0.00425634719,2025-12-03T16:47:03.771116
3961,1,3961,-0.00425647851,2025-12-03T16:47:03.813540
3962,1,3962,-0.00425860099,2025-12-03T16:47:03.856082
3963,1,3963,-0.00425732834,2025-12-03T16:47:03.875886
3964,1,3964,-0.00425562076,2025-12-03T16:47:03.948987
3965,1,3965,-0.00425523286,2025-12-03T16:47:04.021684
3966,1,3966,-0.00425034854,2025-12-03T16:47:04.094462
3967,1,3967,-0.00425036391,2025-12-03T16:47:04.136860
3968,1,3968,-0.0042543984,2025-12-03T16:47:04.179307
3969,1,3969,-0.00423502223,2025-12-03T16:47:04.251934
3970,1,3970,-0.00423546787,2025-12-03T16:47:04.324689
3971,1,3971,-0.0042367177,2025-12-03T16:47:04.397400
3972,1,3972,-0.0042352383,2025-12-03T16:47:04.439837
3973,1,3973,-0.0042335717,2025-12-03T16:47:04.482228
3974,1,3974,-0.00423427019,2025-12-03T16:47:04.502050
3975,1,3975,-0.00423572165,2025-12-03T16:47:04.575170
3976,1,3976,-0.00423470279,2025-12-03T16:47:04.647884
3977,1,3977,-0.00423565832,2025-12-03T16:47:04.720583
3978,1,3978,-0.00423589348,2025-12-03T16:47:04.762948
3979,1,3979,-0.00423929141,2025-12-03T16:47:04.805467
3980,1,3980,-0.00423767138,2025-12-03T16:47:04.878654
3981,1,3981,-0.00423772074,2025-12-03T16:47:04.950970
3982,1,3982,-0.00423819618,2025-12-03T16:47:04.993338
3983,1,3983,-0.00423640618,2025-12-03T16:47:05.035796
3984,1,3984,-0.004236456,2025-12-03T16:47:05.055640
3985,1,3985,-0.00423617474,2025-12-03T16:47:05.128656
3986,1,3986,-0.00423524994,2025-12-03T16:47:05.201319
3987,1,3987,-0.00422100955,2025-12-03T16:47:05.274090
3988,1,3988,-0.00423254771,2025-12-03T16:47:05.316518
3989,1,3989,-0.00423421571,2025-12-03T16:47:05.358909
3990,1,3990,-0.00423384131,2025-12-03T16:47:05.378650
3991,1,3991,-0.00423567928,2025-12-03T16:47:05.451858
3992,1,3992,-0.00423478335,2025-12-03T16:47:05.524569
3993,1,3993,-0.00423356145,2025-12-03T16:47:05.597223
3994,1,3994,-0.00423588603,2025-12-03T16:47:05.639737
3995,1,3995,-0.00423571234,2025-12-03T16:47:05.682153
3996,1,3996,-0.00425062747,2025-12-03T16:47:05.754819
3997,1,3997,-0.00423239078,2025-12-03T16:47:05.827593
3998,1,3998,-0.00423399405,2025-12-03T16:47:05.900301
3999,1,3999,-0.00423413887,2025-12-03T16:47:05.942745
4000,1,4000,-0.00423484807,2025-12-03T16:47:05.985129
4001,1,4001,-0.00423636054,2025-12-03T16:47:06.060845
4002,1,4002,-0.00423434935,2025-12-03T16:47:06.133521
4003,1,4003,-0.00423648115,2025-12-03T16:47:06.206341
4004,1,4004,-0.00423498358,2025-12-03T16:47:06.248742
4005,1,4005,-0.00423344876,2025-12-03T16:47:06.291212
4006,1,4006,-0.00423510977,2025-12-03T16:47:06.363888
4007,1,4007,-0.0042368439,2025-12-03T16:47:06.436592
4008,1,4008,-0.00423649884,2025-12-03T16:47:06.509377
4009,1,4009,-0.00423746788,2025-12-03T16:47:06.551770
4010,1,4010,-0.00423700176,2025-12-03T16:47:06.594194
4011,1,4011,-0.00423564994,2025-12-03T16:47:06.614042
4012,1,4012,-0.00423762574,2025-12-03T16:47:06.687105
4013,1,4013,-0.0042618541,2025-12-03T16:47:06.759806
4014,1,4014,-0.00423193769,2025-12-03T16:47:06.832412
4015,1,4015,-0.00423423061,2025-12-03T16:47:06.874870
4016,1,4016,-0.0042348653,2025-12-03T16:47:06.917290
4017,1,4017,-0.00423454074,2025-12-03T16:47:06.937059
4018,1,4018,-0.00423597171,2025-12-03T16:47:07.010298
4019,1,4019,-0.00423470651,2025-12-03T16:47:07.083015
4020,1,4020,-0.0042375396,2025-12-03T16:47:07.155849
4021,1,4021,-0.00423547485,2025-12-03T16:47:07.198160
4022,1,4022,-0.00423641968,2025-12-03T16:47:07.240571
4023,1,4023,-0.00426108762,2025-12-03T16:47:07.260424
4024,1,4024,-0.0042278571,2025-12-03T16:47:07.280191
4025,1,4025,-0.00422925269,2025-12-03T16:47:07.299967
4026,1,4026,-0.00423279311,2025-12-03T16:47:07.319841
4027,1,4027,-0.00423496821,2025-12-03T16:47:07.394113
4028,1,4028,-0.00423410441,2025-12-03T16:47:07.466794
4029,1,4029,-0.00423643132,2025-12-03T16:47:07.539535
4030,1,4030,-0.00423436658,2025-12-03T16:47:07.581964
4031,1,4031,-0.00423491513,2025-12-03T16:47:07.624378
4032,1,4032,-0.00423553911,2025-12-03T16:47:07.644187
4033,1,4033,-0.00423622503,2025-12-03T16:47:07.717284
4034,1,4034,-0.00423100823,2025-12-03T16:47:07.789976
4035,1,4035,-0.00423319172,2025-12-03T16:47:07.832405
4036,1,4036,-0.00423487881,2025-12-03T16:47:07.874819
4037,1,4037,-0.00423613842,2025-12-03T16:47:07.894650
4038,1,4038,-0.00423698173,2025-12-03T16:47:07.967795
4039,1,4039,-0.00423857383,2025-12-03T16:47:08.040551
4040,1,4040,-0.00423757219,2025-12-03T16:47:08.113225
4041,1,4041,-0.00423821574,2025-12-03T16:47:08.155686
4042,1,4042,-0.00423726439,2025-12-03T16:47:08.198081
4043,1,4043,-0.00426776614,2025-12-03T16:47:08.270779
4044,1,4044,-0.00423522247,2025-12-03T16:47:08.343425
4045,1,4045,-0.00423535797,2025-12-03T16:47:08.416192
4046,1,4046,-0.00423636008,2025-12-03T16:47:08.458690
4047,1,4047,-0.00423745298,2025-12-03T16:47:08.501031
4048,1,4048,-0.00423799874,2025-12-03T16:47:08.521053
4049,1,4049,-0.00423628138,2025-12-03T16:47:08.593947
4050,1,4050,-0.0042386176,2025-12-03T16:47:08.666707
4051,1,4051,-0.00423830142,2025-12-03T16:47:08.709506
4052,1,4052,-0.00423695566,2025-12-03T16:47:08.752053
4053,1,4053,-0.00423552095,2025-12-03T16:47:08.824720
4054,1,4054,-0.00423619989,2025-12-03T16:47:08.896955
4055,1,4055,-0.0042358227,2025-12-03T16:47:08.969606
4056,1,4056,-0.00423712329,2025-12-03T16:47:09.012078
4057,1,4057,-0.00424397503,2025-12-03T16:47:09.054483
4058,1,4058,-0.00423543853,2025-12-03T16:47:09.074195
4059,1,4059,-0.0042310697,2025-12-03T16:47:09.147408
4060,1,4060,-0.00423602806,2025-12-03T16:47:09.220262
4061,1,4061,-0.00423617567,2025-12-03T16:47:09.292857
4062,1,4062,-0.00423628324,2025-12-03T16:47:09.335252
4063,1,4063,-0.00423546275,2025-12-03T16:47:09.377745
4064,1,4064,-0.0042344816,2025-12-03T16:47:09.397593
4065,1,4065,-0.0042371829,2025-12-03T16:47:09.470685
4066,1,4066,-0.00423539942,2025-12-03T16:47:09.543440
4067,1,4067,-0.00423823483,2025-12-03T16:47:09.616095
4068,1,4068,-0.00423625996,2025-12-03T16:47:09.658565
4069,1,4069,-0.00423634238,2025-12-03T16:47:09.700943
4070,1,4070,-0.00423757871,2025-12-03T16:47:09.773710
4071,1,4071,-0.00423686299,2025-12-03T16:47:09.846346
4072,1,4072,-0.00423768814,2025-12-03T16:47:09.919116
4073,1,4073,-0.00423843599,2025-12-03T16:47:09.961513
4074,1,4074,-0.00423738639,2025-12-03T16:47:10.004007
4075,1,4075,-0.0042397473,2025-12-03T16:47:10.077705
4076,1,4076,-0.00423525366,2025-12-03T16:47:10.150400
4077,1,4077,-0.0042398544,2025-12-03T16:47:10.223155
4078,1,4078,-0.00423768255,2025-12-03T16:47:10.265491
4079,1,4079,-0.00423872657,2025-12-03T16:47:10.307926
4080,1,4080,-0.00423933751,2025-12-03T16:47:10.327857
4081,1,4081,-0.00423903996,2025-12-03T16:47:10.400887
4082,1,4082,-0.00423704693,2025-12-03T16:47:10.473607
4083,1,4083,-0.00423690909,2025-12-03T16:47:10.546256
4084,1,4084,-0.00423785904,2025-12-03T16:47:10.588646
4085,1,4085,-0.00423499662,2025-12-03T16:47:10.631192
4086,1,4086,-0.0042371503,2025-12-03T16:47:10.703887
4087,1,4087,-0.00423927977,2025-12-03T16:47:10.776603
4088,1,4088,-0.00423818966,2025-12-03T16:47:10.849356
4089,1,4089,-0.00423786742,2025-12-03T16:47:10.898302
4090,1,4090,-0.00423986371,2025-12-03T16:47:11.010883
4091,1,4091,-0.00423729373,2025-12-03T16:47:11.083630
4092,1,4092,-0.00423860689,2025-12-03T16:47:11.156437
4093,1,4093,-0.00423876009,2025-12-03T16:47:11.198798
4094,1,4094,-0.00423882389,2025-12-03T16:47:11.241263
4095,1,4095,-0.0042387396,2025-12-03T16:47:11.261185
4096,1,4096,-0.00423882389,2025-12-03T16:47:11.334195
4097,1,4097,-0.00423938035,2025-12-03T16:47:11.406835
4098,1,4098,-0.00423944462,2025-12-03T16:47:11.479582
4099,1,4099,-0.0042410898,2025-12-03T16:47:11.522008
4100,1,4100,-0.00424083368,2025-12-03T16:47:11.564425
4101,1,4101,-0.004239419,2025-12-03T16:47:11.637150
4102,1,4102,-0.00423902785,2025-12-03T16:47:11.709833
4103,1,4103,-0.00423886999,2025-12-03T16:47:11.782478
4104,1,4104,-0.00423954147,2025-12-03T16:47:11.824969
4105,1,4105,-0.00423864554,2025-12-03T16:47:11.867495
4106,1,4106,-0.00424049468,2025-12-03T16:47:11.944136
4107,1,4107,-0.00424041552,2025-12-03T16:47:12.016919
4108,1,4108,-0.00424027489,2025-12-03T16:47:12.089541
4109,1,4109,-0.00423883646,2025-12-03T16:47:12.132006
4110,1,4110,-0.0042403182,2025-12-03T16:47:12.174394
4111,1,4111,-0.00424184091,2025-12-03T16:47:12.194324
4112,1,4112,-0.0042423103,2025-12-03T16:47:12.267371
4113,1,4113,-0.00424165138,2025-12-03T16:47:12.340040
4114,1,4114,-0.00424120435,2025-12-03T16:47:12.412807
4115,1,4115,-0.00424278015,2025-12-03T16:47:12.455236
4116,1,4116,-0.00424200622,2025-12-03T16:47:12.497614
4117,1,4117,-0.00424249004,2025-12-03T16:47:12.517442
4118,1,4118,-0.00424362858,2025-12-03T16:47:12.590576
4119,1,4119,-0.00424276152,2025-12-03T16:47:12.663300
4120,1,4120,-0.00424458086,2025-12-03T16:47:12.736009
4121,1,4121,-0.00424520578,2025-12-03T16:47:12.778469
4122,1,4122,-0.00424575572,2025-12-03T16:47:12.820891
4123,1,4123,-0.0042453208,2025-12-03T16:47:12.893546
4124,1,4124,-0.00424573104,2025-12-03T16:47:12.966306
4125,1,4125,-0.00424320111,2025-12-03T16:47:13.038996
4126,1,4126,-0.00424375338,2025-12-03T16:47:13.081419
4127,1,4127,-0.00424837321,2025-12-03T16:47:13.123900
4128,1,4128,-0.00424224371,2025-12-03T16:47:13.196573
4129,1,4129,-0.00424488028,2025-12-03T16:47:13.269235
4130,1,4130,-0.00424451334,2025-12-03T16:47:13.342037
4131,1,4131,-0.00424477271,2025-12-03T16:47:13.384418
4132,1,4132,-0.00424447515,2025-12-03T16:47:13.426890
4133,1,4133,-0.00424485746,2025-12-03T16:47:13.499559
4134,1,4134,-0.00424594152,2025-12-03T16:47:13.572262
4135,1,4135,-0.00424584792,2025-12-03T16:47:13.645063
4136,1,4136,-0.00425456976,2025-12-03T16:47:13.687448
4137,1,4137,-0.00425420235,2025-12-03T16:47:13.729863
4138,1,4138,-0.00425328547,2025-12-03T16:47:13.749832
4139,1,4139,-0.00425657071,2025-12-03T16:47:13.822791
4140,1,4140,-0.00426178891,2025-12-03T16:47:13.895451
4141,1,4141,-0.00426215399,2025-12-03T16:47:13.968226
4142,1,4142,-0.00426220707,2025-12-03T16:47:14.010674
4143,1,4143,-0.00426299544,2025-12-03T16:47:14.053100
4144,1,4144,-0.0042713508,2025-12-03T16:47:14.125799
4145,1,4145,-0.00423685368,2025-12-03T16:47:14.198466
4146,1,4146,-0.00424055475,2025-12-03T16:47:14.271227
4147,1,4147,-0.0042382474,2025-12-03T16:47:14.313624
4148,1,4148,-0.0042394381,2025-12-03T16:47:14.356119
4149,1,4149,-0.00423899805,2025-12-03T16:47:14.428695
4150,1,4150,-0.00423826882,2025-12-03T16:47:14.501487
4151,1,4151,-0.00424028374,2025-12-03T16:47:14.574170
4152,1,4152,-0.00424341065,2025-12-03T16:47:14.616645
4153,1,4153,-0.0042379219,2025-12-03T16:47:14.659083
4154,1,4154,-0.00423806486,2025-12-03T16:47:14.678814
4155,1,4155,-0.00423956569,2025-12-03T16:47:14.751885
4156,1,4156,-0.00424117315,2025-12-03T16:47:14.824636
4157,1,4157,-0.00423978967,2025-12-03T16:47:14.897479
4158,1,4158,-0.00424201646,2025-12-03T16:47:14.939869
4159,1,4159,-0.00423827581,2025-12-03T16:47:14.982272
4160,1,4160,-0.00424045324,2025-12-03T16:47:15.002192
4161,1,4161,-0.0042423224,2025-12-03T16:47:15.075123
4162,1,4162,-0.00423845322,2025-12-03T16:47:15.147924
4163,1,4163,-0.00423889374,2025-12-03T16:47:15.220585
4164,1,4164,-0.00423826882,2025-12-03T16:47:15.263101
4165,1,4165,-0.00423999503,2025-12-03T16:47:15.305515
4166,1,4166,-0.00424038525,2025-12-03T16:47:15.378126
4167,1,4167,-0.00423946091,2025-12-03T16:47:15.450846
4168,1,4168,-0.00424006208,2025-12-03T16:47:15.523559
4169,1,4169,-0.00424007,2025-12-03T16:47:15.566046
4170,1,4170,-0.00424069212,2025-12-03T16:47:15.608484
4171,1,4171,-0.00424205278,2025-12-03T16:47:15.681132
4172,1,4172,-0.00424361787,2025-12-03T16:47:15.753919
4173,1,4173,-0.00424153404,2025-12-03T16:47:15.826598
4174,1,4174,-0.00424190843,2025-12-03T16:47:15.869022
4175,1,4175,-0.00424110703,2025-12-03T16:47:15.911500
4176,1,4176,-0.00423985579,2025-12-03T16:47:15.984147
4177,1,4177,-0.00424064323,2025-12-03T16:47:16.056920
4178,1,4178,-0.00423875963,2025-12-03T16:47:16.129586
4179,1,4179,-0.0042397445,2025-12-03T16:47:16.172022
4180,1,4180,-0.00423930119,2025-12-03T16:47:16.214474
4181,1,4181,-0.00423973333,2025-12-03T16:47:16.234380
4182,1,4182,-0.00424064556,2025-12-03T16:47:16.310439
4183,1,4183,-0.00423963926,2025-12-03T16:47:16.383254
4184,1,4184,-0.00424157176,2025-12-03T16:47:16.455867
4185,1,4185,-0.00424207141,2025-12-03T16:47:16.498293
4186,1,4186,-0.00424230145,2025-12-03T16:47:16.540955
4187,1,4187,-0.00423544086,2025-12-03T16:47:16.613729
4188,1,4188,-0.00423986511,2025-12-03T16:47:16.686089
4189,1,4189,-0.00423920108,2025-12-03T16:47:16.728479
4190,1,4190,-0.00423968909,2025-12-03T16:47:16.770982
4191,1,4191,-0.00423964159,2025-12-03T16:47:16.790883
4192,1,4192,-0.00424126302,2025-12-03T16:47:16.864465
4193,1,4193,-0.00424100412,2025-12-03T16:47:16.936577
4194,1,4194,-0.00424102554,2025-12-03T16:47:16.979055
4195,1,4195,-0.00424131751,2025-12-03T16:47:17.021377
4196,1,4196,-0.0042416132,2025-12-03T16:47:17.041189
4197,1,4197,-0.00425331899,2025-12-03T16:47:17.061043
4198,1,4198,-0.00424047233,2025-12-03T16:47:17.133566
4199,1,4199,-0.00424326723,2025-12-03T16:47:17.206228
4200,1,4200,-0.00423834333,2025-12-03T16:47:17.278940
4201,1,4201,-0.0042429259,2025-12-03T16:47:17.321359
4202,1,4202,-0.00424259994,2025-12-03T16:47:17.363870
4203,1,4203,-0.00424356013,2025-12-03T16:47:17.383687
4204,1,4204,-0.00424405327,2025-12-03T16:47:17.456661
4205,1,4205,-0.00424389308,2025-12-03T16:47:17.529355
4206,1,4206,-0.00424094498,2025-12-03T16:47:17.602200
4207,1,4207,-0.00424190657,2025-12-03T16:47:17.644641
4208,1,4208,-0.00424233451,2025-12-03T16:47:17.687086
4209,1,4209,-0.00424282578,2025-12-03T16:47:17.759847
4210,1,4210,-0.00424207653,2025-12-03T16:47:17.832548
4211,1,4211,-0.00424307724,2025-12-03T16:47:17.905263
4212,1,4212,-0.00424364674,2025-12-03T16:47:17.947613
4213,1,4213,-0.00424252124,2025-12-03T16:47:17.990086
4214,1,4214,-0.00424153497,2025-12-03T16:47:18.062840
4215,1,4215,-0.00424288259,2025-12-03T16:47:18.135436
4216,1,4216,-0.00424427818,2025-12-03T16:47:18.208146
4217,1,4217,-0.00424295477,2025-12-03T16:47:18.250619
4218,1,4218,-0.00424394942,2025-12-03T16:47:18.293086
4219,1,4219,-0.00424339389,2025-12-03T16:47:18.312864
4220,1,4220,-0.00424471031,2025-12-03T16:47:18.385942
4221,1,4221,-0.004245135,2025-12-03T16:47:18.458692
4222,1,4222,-0.00423858501,2025-12-03T16:47:18.531467
4223,1,4223,-0.00424454547,2025-12-03T16:47:18.573831
4224,1,4224,-0.00425490457,2025-12-03T16:47:18.616240
4225,1,4225,-0.00425450177,2025-12-03T16:47:18.688909
4226,1,4226,-0.00425487151,2025-12-03T16:47:18.761620
4227,1,4227,-0.0042559877,2025-12-03T16:47:18.834444
4228,1,4228,-0.00426058843,2025-12-03T16:47:18.876863
4229,1,4229,-0.00425988808,2025-12-03T16:47:18.919306
4230,1,4230,-0.00425863172,2025-12-03T16:47:18.992989
4231,1,4231,-0.00425295671,2025-12-03T16:47:19.065689
4232,1,4232,-0.00423942459,2025-12-03T16:47:19.138467
4233,1,4233,-0.00423725834,2025-12-03T16:47:19.180855
4234,1,4234,-0.00423873635,2025-12-03T16:47:19.223316
4235,1,4235,-0.004237941,2025-12-03T16:47:19.295972
4236,1,4236,-0.00423943717,2025-12-03T16:47:19.368648
4237,1,4237,-0.00423883739,2025-12-03T16:47:19.411172
4238,1,4238,-0.00423976453,2025-12-03T16:47:19.453625
4239,1,4239,-0.00424998765,2025-12-03T16:47:19.473513
4240,1,4240,-0.00423577241,2025-12-03T16:47:19.493380
4241,1,4241,-0.00423989165,2025-12-03T16:47:19.566630
4242,1,4242,-0.00424033543,2025-12-03T16:47:19.639379
4243,1,4243,-0.00423971004,2025-12-03T16:47:19.712161
4244,1,4244,-0.00424129469,2025-12-03T16:47:19.754502
4245,1,4245,-0.00423990469,2025-12-03T16:47:19.796937
4246,1,4246,-0.00424110889,2025-12-03T16:47:19.816673
4247,1,4247,-0.00424070004,2025-12-03T16:47:19.889824
4248,1,4248,-0.00424323836,2025-12-03T16:47:19.962534
4249,1,4249,-0.00423901341,2025-12-03T16:47:20.035354
4250,1,4250,-0.00423840899,2025-12-03T16:47:20.077698
4251,1,4251,-0.00423713447,2025-12-03T16:47:20.120211
4252,1,4252,-0.0042405636,2025-12-03T16:47:20.192829
4253,1,4253,-0.00423995824,2025-12-03T16:47:20.265613
4254,1,4254,-0.00424182321,2025-12-03T16:47:20.338369
4255,1,4255,-0.00424066465,2025-12-03T16:47:20.380738
4256,1,4256,-0.00423885369,2025-12-03T16:47:20.423145
4257,1,4257,-0.00424412125,2025-12-03T16:47:20.495854
4258,1,4258,-0.00423799781,2025-12-03T16:47:20.584052
4259,1,4259,-0.00424013845,2025-12-03T16:47:20.641332
4260,1,4260,-0.00423892587,2025-12-03T16:47:20.683713
4261,1,4261,-0.00424034474,2025-12-03T16:47:20.726147
4262,1,4262,-0.00424028653,2025-12-03T16:47:20.746030
4263,1,4263,-0.00424095662,2025-12-03T16:47:20.819050
4264,1,4264,-0.00423970771,2025-12-03T16:47:20.891836
4265,1,4265,-0.00424332497,2025-12-03T16:47:20.964472
4266,1,4266,-0.00423948746,2025-12-03T16:47:21.006848
4267,1,4267,-0.00423836894,2025-12-03T16:47:21.049449
4268,1,4268,-0.00423917919,2025-12-03T16:47:21.122024
4269,1,4269,-0.00424042809,2025-12-03T16:47:21.194843
4270,1,4270,-0.004241399,2025-12-03T16:47:21.267548
4271,1,4271,-0.00424092076,2025-12-03T16:47:21.309935
4272,1,4272,-0.00424162996,2025-12-03T16:47:21.352368
4273,1,4273,-0.0042423373,2025-12-03T16:47:21.426104
4274,1,4274,-0.00424022227,2025-12-03T16:47:21.498788
4275,1,4275,-0.0042409473,2025-12-03T16:47:21.571473
4276,1,4276,-0.00423871865,2025-12-03T16:47:21.613939
4277,1,4277,-0.00423873029,2025-12-03T16:47:21.656426
4278,1,4278,-0.00423939526,2025-12-03T16:47:21.676305
4279,1,4279,-0.00424193777,2025-12-03T16:47:21.749207
4280,1,4280,-0.00424212962,2025-12-03T16:47:21.822075
4281,1,4281,-0.00423976872,2025-12-03T16:47:21.894872
4282,1,4282,-0.00424129981,2025-12-03T16:47:21.937130
4283,1,4283,-0.00425012642,2025-12-03T16:47:21.979608
4284,1,4284,-0.00424002436,2025-12-03T16:47:22.052311
4285,1,4285,-0.00424056593,2025-12-03T16:47:22.125070
4286,1,4286,-0.00423953309,2025-12-03T16:47:22.197779
4287,1,4287,-0.00423974357,2025-12-03T16:47:22.240209
4288,1,4288,-0.00424077967,2025-12-03T16:47:22.282534
4289,1,4289,-0.004240809,2025-12-03T16:47:22.302371
4290,1,4290,-0.00424185255,2025-12-03T16:47:22.375536
4291,1,4291,-0.0042414898,2025-12-03T16:47:22.448214
4292,1,4292,-0.00423862226,2025-12-03T16:47:22.520875
4293,1,4293,-0.00423871772,2025-12-03T16:47:22.563322
4294,1,4294,-0.0042393892,2025-12-03T16:47:22.605688
4295,1,4295,-0.00424042949,2025-12-03T16:47:22.678391
4296,1,4296,-0.00424095662,2025-12-03T16:47:22.751100
4297,1,4297,-0.00424239784,2025-12-03T16:47:22.823943
4298,1,4298,-0.00424066791,2025-12-03T16:47:22.866458
4299,1,4299,-0.00424230098,2025-12-03T16:47:22.908839
4300,1,4300,-0.00424695061,2025-12-03T16:47:22.981469
4301,1,4301,-0.0042430805,2025-12-03T16:47:23.054165
4302,1,4302,-0.0042411955,2025-12-03T16:47:23.126934
4303,1,4303,-0.00423879874,2025-12-03T16:47:23.169303
4304,1,4304,-0.00423806533,2025-12-03T16:47:23.211802
4305,1,4305,-0.00423949211,2025-12-03T16:47:23.231608
4306,1,4306,-0.00424090446,2025-12-03T16:47:23.304719
4307,1,4307,-0.00424089794,2025-12-03T16:47:23.377402
4308,1,4308,-0.00424123695,2025-12-03T16:47:23.450158
4309,1,4309,-0.00423883367,2025-12-03T16:47:23.492644
4310,1,4310,-0.00424086023,2025-12-03T16:47:23.535035
4311,1,4311,-0.00424116384,2025-12-03T16:47:23.607735
4312,1,4312,-0.00424077222,2025-12-03T16:47:23.680404
4313,1,4313,-0.00424212263,2025-12-03T16:47:23.753140
4314,1,4314,-0.00424214499,2025-12-03T16:47:23.825907
4315,1,4315,-0.00424087652,2025-12-03T16:47:23.868326
4316,1,4316,-0.00424127792,2025-12-03T16:47:23.910701
4317,1,4317,-0.0042422139,2025-12-03T16:47:23.930457
4318,1,4318,-0.00424228934,2025-12-03T16:47:23.950578
4319,1,4319,-0.00424314942,2025-12-03T16:47:23.970624
4320,1,4320,-0.0042406558,2025-12-03T16:47:23.990506
4321,1,4321,-0.0042404253,2025-12-03T16:47:24.063243
4322,1,4322,-0.00424307491,2025-12-03T16:47:24.135950
4323,1,4323,-0.00423986045,2025-12-03T16:47:24.208731
4324,1,4324,-0.00424128631,2025-12-03T16:47:24.251088
4325,1,4325,-0.00424190144,2025-12-03T16:47:24.293468
4326,1,4326,-0.00424134451,2025-12-03T16:47:24.313232
4327,1,4327,-0.00424190051,2025-12-03T16:47:24.386441
4328,1,4328,-0.00424188142,2025-12-03T16:47:24.459140
4329,1,4329,-0.0042413799,2025-12-03T16:47:24.531881
4330,1,4330,-0.00424312334,2025-12-03T16:47:24.574404
4331,1,4331,-0.00424214871,2025-12-03T16:47:24.616705
4332,1,4332,-0.00424375617,2025-12-03T16:47:24.691454
4333,1,4333,-0.00424171704,2025-12-03T16:47:24.764135
4334,1,4334,-0.00424330681,2025-12-03T16:47:24.836805
4335,1,4335,-0.00424399599,2025-12-03T16:47:24.879302
4336,1,4336,-0.00424256129,2025-12-03T16:47:24.921750
4337,1,4337,-0.00424082018,2025-12-03T16:47:24.994509
4338,1,4338,-0.00424186745,2025-12-03T16:47:25.067172
4339,1,4339,-0.00424250913,2025-12-03T16:47:25.139921
4340,1,4340,-0.00424254219,2025-12-03T16:47:25.182269
4341,1,4341,-0.00424326397,2025-12-03T16:47:25.224690
4342,1,4342,-0.00424151448,2025-12-03T16:47:25.244595
4343,1,4343,-0.00424270285,2025-12-03T16:47:25.317483
4344,1,4344,-0.00424158619,2025-12-03T16:47:25.390273
4345,1,4345,-0.0042404239,2025-12-03T16:47:25.463082
4346,1,4346,-0.00424304138,2025-12-03T16:47:25.505435
4347,1,4347,-0.00424112705,2025-12-03T16:47:25.547953
4348,1,4348,-0.00424126489,2025-12-03T16:47:25.567854
4349,1,4349,-0.00424297945,2025-12-03T16:47:25.640847
4350,1,4350,-0.0042450861,2025-12-03T16:47:25.713534
4351,1,4351,-0.00424196384,2025-12-03T16:47:25.786331
4352,1,4352,-0.00424230657,2025-12-03T16:47:25.828714
4353,1,4353,-0.00424233777,2025-12-03T16:47:25.871149
4354,1,4354,-0.00424182368,2025-12-03T16:47:25.943876
4355,1,4355,-0.00424054916,2025-12-03T16:47:26.016490
4356,1,4356,-0.00424169003,2025-12-03T16:47:26.089329
4357,1,4357,-0.00424262089,2025-12-03T16:47:26.131729
4358,1,4358,-0.00424169097,2025-12-03T16:47:26.174148
4359,1,4359,-0.00424205372,2025-12-03T16:47:26.193896
4360,1,4360,-0.00424116663,2025-12-03T16:47:26.213769
4361,1,4361,-0.004242138,2025-12-03T16:47:26.233666
4362,1,4362,-0.00424198247,2025-12-03T16:47:26.253769
4363,1,4363,-0.00424131192,2025-12-03T16:47:26.273647
4364,1,4364,-0.00424101529,2025-12-03T16:47:26.346802
4365,1,4365,-0.00424343254,2025-12-03T16:47:26.419612
4366,1,4366,-0.00424494594,2025-12-03T16:47:26.492235
4367,1,4367,-0.00423968117,2025-12-03T16:47:26.534738
4368,1,4368,-0.00424142554,2025-12-03T16:47:26.577193
4369,1,4369,-0.00424186745,2025-12-03T16:47:26.649874
4370,1,4370,-0.00424142973,2025-12-03T16:47:26.722577
4371,1,4371,-0.00424112332,2025-12-03T16:47:26.795260
4372,1,4372,-0.00424097571,2025-12-03T16:47:26.837611
4373,1,4373,-0.00424265628,2025-12-03T16:47:26.880170
4374,1,4374,-0.00424243463,2025-12-03T16:47:26.900273
4375,1,4375,-0.00424230424,2025-12-03T16:47:26.972995
4376,1,4376,-0.00424120901,2025-12-03T16:47:27.045712
4377,1,4377,-0.00424130167,2025-12-03T16:47:27.118464
4378,1,4378,-0.00424200994,2025-12-03T16:47:27.160914
4379,1,4379,-0.0042415671,2025-12-03T16:47:27.203335
4380,1,4380,-0.00424216408,2025-12-03T16:47:27.276022
4381,1,4381,-0.00424255989,2025-12-03T16:47:27.348846
4382,1,4382,-0.00424186792,2025-12-03T16:47:27.421493
4383,1,4383,-0.00424288585,2025-12-03T16:47:27.463948
4384,1,4384,-0.0042403452,2025-12-03T16:47:27.506369
4385,1,4385,-0.00424218736,2025-12-03T16:47:27.579014
4386,1,4386,-0.00424179295,2025-12-03T16:47:27.651848
4387,1,4387,-0.00424191774,2025-12-03T16:47:27.724408
4388,1,4388,-0.00424313824,2025-12-03T16:47:27.766882
4389,1,4389,-0.00424226466,2025-12-03T16:47:27.809353
4390,1,4390,-0.00424304883,2025-12-03T16:47:27.882072
4391,1,4391,-0.00424176873,2025-12-03T16:47:27.954674
4392,1,4392,-0.00423937197,2025-12-03T16:47:28.027491
4393,1,4393,-0.00424081133,2025-12-03T16:47:28.069966
4394,1,4394,-0.00424110656,2025-12-03T16:47:28.112327
4395,1,4395,-0.00424149632,2025-12-03T16:47:28.132253
4396,1,4396,-0.00424220459,2025-12-03T16:47:28.205289
4397,1,4397,-0.00424061343,2025-12-03T16:47:28.277922
4398,1,4398,-0.00424192938,2025-12-03T16:47:28.376968
4399,1,4399,-0.00424230936,2025-12-03T16:47:28.419374
4400,1,4400,-0.00424176175,2025-12-03T16:47:28.439142
4401,1,4401,-0.00424231123,2025-12-03T16:47:28.512249
4402,1,4402,-0.00424323137,2025-12-03T16:47:28.584888
4403,1,4403,-0.00424177711,2025-12-03T16:47:28.657781
4404,1,4404,-0.00424085278,2025-12-03T16:47:28.700616
4405,1,4405,-0.00424212682,2025-12-03T16:47:28.742448
4406,1,4406,-0.00424303254,2025-12-03T16:47:28.762384
4407,1,4407,-0.00424150982,2025-12-03T16:47:28.835552
4408,1,4408,-0.00424227444,2025-12-03T16:47:28.908241
4409,1,4409,-0.00424318993,2025-12-03T16:47:28.980903
4410,1,4410,-0.00424199085,2025-12-03T16:47:29.023453
4411,1,4411,-0.00424248492,2025-12-03T16:47:29.065844
4412,1,4412,-0.00424412498,2025-12-03T16:47:29.140610
4413,1,4413,-0.00424310285,2025-12-03T16:47:29.213151
4414,1,4414,-0.00424227071,2025-12-03T16:47:29.285944
4415,1,4415,-0.00424257945,2025-12-03T16:47:29.328439
4416,1,4416,-0.00424273777,2025-12-03T16:47:29.370848
4417,1,4417,-0.00424442766,2025-12-03T16:47:29.443517
4418,1,4418,-0.00424578413,2025-12-03T16:47:29.516266
4419,1,4419,-0.00424582837,2025-12-03T16:47:29.588896
4420,1,4420,-0.00424714758,2025-12-03T16:47:29.631402
4421,1,4421,-0.00424582837,2025-12-03T16:47:29.673850
4422,1,4422,-0.00424582138,2025-12-03T16:47:29.693732
4423,1,4423,-0.00424168398,2025-12-03T16:47:29.766850
4424,1,4424,-0.00424321787,2025-12-03T16:47:29.839454
4425,1,4425,-0.0042426316,2025-12-03T16:47:29.912189
4426,1,4426,-0.00424046022,2025-12-03T16:47:29.954589
4427,1,4427,-0.00424126442,2025-12-03T16:47:29.996924
4428,1,4428,-0.00424267444,2025-12-03T16:47:30.069729
4429,1,4429,-0.00424332031,2025-12-03T16:47:30.142412
4430,1,4430,-0.00424067582,2025-12-03T16:47:30.215102
4431,1,4431,-0.00424206396,2025-12-03T16:47:30.257538
4432,1,4432,-0.00424219435,2025-12-03T16:47:30.299926
4433,1,4433,-0.00424313591,2025-12-03T16:47:30.373971
4434,1,4434,-0.00424213986,2025-12-03T16:47:30.464367
4435,1,4435,-0.00424719136,2025-12-03T16:47:30.533168
4436,1,4436,-0.00424397923,2025-12-03T16:47:30.559608
4437,1,4437,-0.00424178596,2025-12-03T16:47:30.581573
4438,1,4438,-0.00424099154,2025-12-03T16:47:30.656462
4439,1,4439,-0.00424160342,2025-12-03T16:47:30.729158
4440,1,4440,-0.00424202717,2025-12-03T16:47:30.801947
4441,1,4441,-0.00424194987,2025-12-03T16:47:30.844418
4442,1,4442,-0.00424085976,2025-12-03T16:47:30.886809
4443,1,4443,-0.00424108514,2025-12-03T16:47:30.906641
4444,1,4444,-0.00424244767,2025-12-03T16:47:30.979846
4445,1,4445,-0.00424273125,2025-12-03T16:47:31.052463
4446,1,4446,-0.00424310984,2025-12-03T16:47:31.125206
4447,1,4447,-0.00424356432,2025-12-03T16:47:31.167602
4448,1,4448,-0.00424384837,2025-12-03T16:47:31.210040
4449,1,4449,-0.00424444256,2025-12-03T16:47:31.229904
4450,1,4450,-0.00424420693,2025-12-03T16:47:31.302935
4451,1,4451,-0.00424437038,2025-12-03T16:47:31.375659
4452,1,4452,-0.0042451038,2025-12-03T16:47:31.448409
4453,1,4453,-0.0042426018,2025-12-03T16:47:31.490851
4454,1,4454,-0.00424174917,2025-12-03T16:47:31.533234
4455,1,4455,-0.00424461066,2025-12-03T16:47:31.605964
4456,1,4456,-0.00424267165,2025-12-03T16:47:31.678648
4457,1,4457,-0.00424349727,2025-12-03T16:47:31.751448
4458,1,4458,-0.0042431592,2025-12-03T16:47:31.793842
4459,1,4459,-0.00424280762,2025-12-03T16:47:31.836283
4460,1,4460,-0.00424297759,2025-12-03T16:47:31.909041
4461,1,4461,-0.0042418465,2025-12-03T16:47:31.981730
4462,1,4462,-0.00424159597,2025-12-03T16:47:32.054370
4463,1,4463,-0.00425072433,2025-12-03T16:47:32.096838
4464,1,4464,-0.00423941109,2025-12-03T16:47:32.139215
4465,1,4465,-0.00424114847,2025-12-03T16:47:32.211918
4466,1,4466,-0.00424208119,2025-12-03T16:47:32.284685
4467,1,4467,-0.00424186326,2025-12-03T16:47:32.357407
4468,1,4468,-0.00424269866,2025-12-03T16:47:32.399801
4469,1,4469,-0.00424091005,2025-12-03T16:47:32.442196
4470,1,4470,-0.00424138456,2025-12-03T16:47:32.461957
4471,1,4471,-0.00424103531,2025-12-03T16:47:32.481855
4472,1,4472,-0.00424160854,2025-12-03T16:47:32.554298
4473,1,4473,-0.00423776451,2025-12-03T16:47:32.626974
4474,1,4474,-0.00424215756,2025-12-03T16:47:32.699850
4475,1,4475,-0.00424191402,2025-12-03T16:47:32.742209
4476,1,4476,-0.00424232985,2025-12-03T16:47:32.784677
4477,1,4477,-0.00424170121,2025-12-03T16:47:32.857287
4478,1,4478,-0.004240904,2025-12-03T16:47:32.929935
4479,1,4479,-0.004240904,2025-12-03T16:47:33.002660
4480,1,4480,-0.00424238666,2025-12-03T16:47:33.045218
4481,1,4481,-0.00424432568,2025-12-03T16:47:33.087588
4482,1,4482,-0.00423914426,2025-12-03T16:47:33.160354
4483,1,4483,-0.0042429124,2025-12-03T16:47:33.233117
4484,1,4484,-0.0042417692,2025-12-03T16:47:33.305854
4485,1,4485,-0.00424084439,2025-12-03T16:47:33.348273
4486,1,4486,-0.00424153869,2025-12-03T16:47:33.390689
4487,1,4487,-0.00424015335,2025-12-03T16:47:33.463328
4488,1,4488,-0.00424288073,2025-12-03T16:47:33.536071
4489,1,4489,-0.00424253055,2025-12-03T16:47:33.608900
4490,1,4490,-0.00423985486,2025-12-03T16:47:33.651263
4491,1,4491,-0.00424030376,2025-12-03T16:47:33.693669
4492,1,4492,-0.00424068886,2025-12-03T16:47:33.713525
4493,1,4493,-0.00424158154,2025-12-03T16:47:33.786544
4494,1,4494,-0.0042410288,2025-12-03T16:47:33.859203
4495,1,4495,-0.00424320856,2025-12-03T16:47:33.932037
4496,1,4496,-0.00424111448,2025-12-03T16:47:33.974422
4497,1,4497,-0.00424201413,2025-12-03T16:47:34.016864
4498,1,4498,-0.00424340274,2025-12-03T16:47:34.089590
4499,1,4499,-0.0042409175,2025-12-03T16:47:34.162880
4500,1,4500,-0.0042413068,2025-12-03T16:47:34.235029
4501,1,4501,-0.0042411643,2025-12-03T16:47:34.277358
4502,1,4502,-0.00424106512,2025-12-03T16:47:34.319856
4503,1,4503,-0.00424220273,2025-12-03T16:47:34.339851
4504,1,4504,-0.00424277782,2025-12-03T16:47:34.412842
4505,1,4505,-0.00424263207,2025-12-03T16:47:34.485478
4506,1,4506,-0.0042417827,2025-12-03T16:47:34.558133
4507,1,4507,-0.00424809521,2025-12-03T16:47:34.600634
4508,1,4508,-0.00424031727,2025-12-03T16:47:34.643076
4509,1,4509,-0.00424176314,2025-12-03T16:47:34.715896
4510,1,4510,-0.00424091191,2025-12-03T16:47:34.788942
4511,1,4511,-0.00423969654,2025-12-03T16:47:34.861206
4512,1,4512,-0.00424197129,2025-12-03T16:47:34.904044
4513,1,4513,-0.00424260552,2025-12-03T16:47:34.946128
4514,1,4514,-0.004242694,2025-12-03T16:47:35.021847
4515,1,4515,-0.00424073915,2025-12-03T16:47:35.094470
4516,1,4516,-0.00424061389,2025-12-03T16:47:35.167228
4517,1,4517,-0.00423820922,2025-12-03T16:47:35.209610
4518,1,4518,-0.0042404537,2025-12-03T16:47:35.252022
4519,1,4519,-0.00424113729,2025-12-03T16:47:35.271814
4520,1,4520,-0.0042429082,2025-12-03T16:47:35.344981
4521,1,4521,-0.00424255616,2025-12-03T16:47:35.417719
4522,1,4522,-0.00424436386,2025-12-03T16:47:35.460150
4523,1,4523,-0.00424295105,2025-12-03T16:47:35.502593
4524,1,4524,-0.00424177851,2025-12-03T16:47:35.522457
4525,1,4525,-0.00424287468,2025-12-03T16:47:35.595496
4526,1,4526,-0.00424234895,2025-12-03T16:47:35.668221
4527,1,4527,-0.00424216082,2025-12-03T16:47:35.740824
4528,1,4528,-0.0042412416,2025-12-03T16:47:35.783327
4529,1,4529,-0.00424303626,2025-12-03T16:47:35.825741
4530,1,4530,-0.00424092262,2025-12-03T16:47:35.898495
4531,1,4531,-0.00424242578,2025-12-03T16:47:35.971169
4532,1,4532,-0.00424267724,2025-12-03T16:47:36.043958
4533,1,4533,-0.00424112798,2025-12-03T16:47:36.086257
4534,1,4534,-0.00424041599,2025-12-03T16:47:36.128815
4535,1,4535,-0.00424340693,2025-12-03T16:47:36.204457
4536,1,4536,-0.004244145,2025-12-03T16:47:36.277194
4537,1,4537,-0.00424441695,2025-12-03T16:47:36.349868
4538,1,4538,-0.00424438435,2025-12-03T16:47:36.392542
4539,1,4539,-0.00424363231,2025-12-03T16:47:36.434843
4540,1,4540,-0.00424280716,2025-12-03T16:47:36.454619
4541,1,4541,-0.00424438714,2025-12-03T16:47:36.527698
4542,1,4542,-0.00424205046,2025-12-03T16:47:36.600372
4543,1,4543,-0.00424056919,2025-12-03T16:47:36.673024
4544,1,4544,-0.00424225628,2025-12-03T16:47:36.715531
4545,1,4545,-0.00424041924,2025-12-03T16:47:36.757971
4546,1,4546,-0.00424071354,2025-12-03T16:47:36.830719
4547,1,4547,-0.00424168212,2025-12-03T16:47:36.903391
4548,1,4548,-0.00424126861,2025-12-03T16:47:36.976145
4549,1,4549,-0.00424089562,2025-12-03T16:47:37.018590
4550,1,4550,-0.00424152053,2025-12-03T16:47:37.060935
4551,1,4551,-0.00424157874,2025-12-03T16:47:37.080821
4552,1,4552,-0.00423892494,2025-12-03T16:47:37.153884
4553,1,4553,-0.00423991959,2025-12-03T16:47:37.226698
4554,1,4554,-0.00424061389,2025-12-03T16:47:37.299312
4555,1,4555,-0.0042412877,2025-12-03T16:47:37.341707
4556,1,4556,-0.00424102041,2025-12-03T16:47:37.384152
4557,1,4557,-0.00424168957,2025-12-03T16:47:37.456902
4558,1,4558,-0.00424165325,2025-12-03T16:47:37.529613
4559,1,4559,-0.00424225255,2025-12-03T16:47:37.602365
4560,1,4560,-0.00423501851,2025-12-03T16:47:37.644803
4561,1,4561,-0.00423901993,2025-12-03T16:47:37.687255
4562,1,4562,-0.00424007466,2025-12-03T16:47:37.759870
4563,1,4563,-0.00424162345,2025-12-03T16:47:37.832670
4564,1,4564,-0.00424228794,2025-12-03T16:47:37.905327
4565,1,4565,-0.00424073264,2025-12-03T16:47:37.947854
4566,1,4566,-0.00424068188,2025-12-03T16:47:37.990254
4567,1,4567,-0.00424188189,2025-12-03T16:47:38.010065
4568,1,4568,-0.00423991261,2025-12-03T16:47:38.083023
4569,1,4569,-0.00423377146,2025-12-03T16:47:38.155869
4570,1,4570,-0.00424012169,2025-12-03T16:47:38.228556
4571,1,4571,-0.00424082065,2025-12-03T16:47:38.270939
4572,1,4572,-0.00424022041,2025-12-03T16:47:38.313588
4573,1,4573,-0.00424222741,2025-12-03T16:47:38.387085
4574,1,4574,-0.00424018921,2025-12-03T16:47:38.459873
4575,1,4575,-0.00424136966,2025-12-03T16:47:38.532603
4576,1,4576,-0.0042424146,2025-12-03T16:47:38.605231
4577,1,4577,-0.00423430884,2025-12-03T16:47:38.678019
4578,1,4578,-0.00424036942,2025-12-03T16:47:38.750712
4579,1,4579,-0.00423982692,2025-12-03T16:47:38.823395
4580,1,4580,-0.00424132123,2025-12-03T16:47:38.896173
4581,1,4581,-0.00424140412,2025-12-03T16:47:38.968923
4582,1,4582,-0.00424151821,2025-12-03T16:47:39.011330
4583,1,4583,-0.00424231775,2025-12-03T16:47:39.053694
4584,1,4584,-0.0042694197,2025-12-03T16:47:39.126502
4585,1,4585,-0.00423773285,2025-12-03T16:47:39.199230
4586,1,4586,-0.00424110423,2025-12-03T16:47:39.271896
4587,1,4587,-0.00424247561,2025-12-03T16:47:39.314347
4588,1,4588,-0.00424133893,2025-12-03T16:47:39.356681
4589,1,4589,-0.00424146745,2025-12-03T16:47:39.376588
4590,1,4590,-0.00424271682,2025-12-03T16:47:39.449669
4591,1,4591,-0.00424163136,2025-12-03T16:47:39.522441
4592,1,4592,-0.00424177898,2025-12-03T16:47:39.595071
4593,1,4593,-0.00429724995,2025-12-03T16:47:39.637552
4594,1,4594,-0.00423457473,2025-12-03T16:47:39.679978
4595,1,4595,-0.00423683039,2025-12-03T16:47:39.699837
4596,1,4596,-0.00423759268,2025-12-03T16:47:39.719695
4597,1,4597,-0.00423927092,2025-12-03T16:47:39.739547
4598,1,4598,-0.00423904508,2025-12-03T16:47:39.759505
4599,1,4599,-0.00423926953,2025-12-03T16:47:39.779310
4600,1,4600,-0.00424213241,2025-12-03T16:47:39.852662
4601,1,4601,-0.00424147164,2025-12-03T16:47:39.925307
4602,1,4602,-0.00424280297,2025-12-03T16:47:39.998046
4603,1,4603,-0.00424150004,2025-12-03T16:47:40.040532
4604,1,4604,-0.00424285,2025-12-03T16:47:40.082996
4605,1,4605,-0.00423558242,2025-12-03T16:47:40.155675
4606,1,4606,-0.00424036011,2025-12-03T16:47:40.228433
4607,1,4607,-0.00424075638,2025-12-03T16:47:40.301056
4608,1,4608,-0.00424130959,2025-12-03T16:47:40.343532
4609,1,4609,-0.00424223346,2025-12-03T16:47:40.386020
4610,1,4610,-0.00424079643,2025-12-03T16:47:40.458693
4611,1,4611,-0.0042430195,2025-12-03T16:47:40.531307
4612,1,4612,-0.00424113729,2025-12-03T16:47:40.604060
4613,1,4613,-0.00423605134,2025-12-03T16:47:40.646569
4614,1,4614,-0.0042318874,2025-12-03T16:47:40.689239
4615,1,4615,-0.00423101894,2025-12-03T16:47:40.709124
4616,1,4616,-0.00423320056,2025-12-03T16:47:40.781837
4617,1,4617,-0.00423442153,2025-12-03T16:47:40.855080
4618,1,4618,-0.00423116004,2025-12-03T16:47:40.928042
4619,1,4619,-0.00423286948,2025-12-03T16:47:40.970034
4620,1,4620,-0.00423227483,2025-12-03T16:47:41.012087
4621,1,4621,-0.00423180498,2025-12-03T16:47:41.086812
4622,1,4622,-0.00423242105,2025-12-03T16:47:41.159954
4623,1,4623,-0.00423387577,2025-12-03T16:47:41.232748
4624,1,4624,-0.00423362432,2025-12-03T16:47:41.275039
4625,1,4625,-0.0042319321,2025-12-03T16:47:41.317794
4626,1,4626,-0.00423169462,2025-12-03T16:47:41.390233
4627,1,4627,-0.00422825105,2025-12-03T16:47:41.462586
4628,1,4628,-0.00423198426,2025-12-03T16:47:41.535354
4629,1,4629,-0.00423043407,2025-12-03T16:47:41.577707
4630,1,4630,-0.00423212489,2025-12-03T16:47:41.620385
4631,1,4631,-0.00423230836,2025-12-03T16:47:41.640245
4632,1,4632,-0.00423088669,2025-12-03T16:47:41.713070
4633,1,4633,-0.00423195725,2025-12-03T16:47:41.785810
4634,1,4634,-0.00423094211,2025-12-03T16:47:41.858488
4635,1,4635,-0.00423715449,2025-12-03T16:47:41.900943
4636,1,4636,-0.00422953115,2025-12-03T16:47:41.943343
4637,1,4637,-0.00423135748,2025-12-03T16:47:41.963440
4638,1,4638,-0.00423239823,2025-12-03T16:47:42.036292
4639,1,4639,-0.00423111021,2025-12-03T16:47:42.109014
4640,1,4640,-0.0042328746,2025-12-03T16:47:42.181760
4641,1,4641,-0.00423178076,2025-12-03T16:47:42.224079
4642,1,4642,-0.00423229206,2025-12-03T16:47:42.266507
4643,1,4643,-0.00423356797,2025-12-03T16:47:42.339254
4644,1,4644,-0.0042407047,2025-12-03T16:47:42.412046
4645,1,4645,-0.00423134164,2025-12-03T16:47:42.484664
4646,1,4646,-0.00423159077,2025-12-03T16:47:42.527141
4647,1,4647,-0.00423131976,2025-12-03T16:47:42.569618
4648,1,4648,-0.00423139426,2025-12-03T16:47:42.642292
4649,1,4649,-0.0042318101,2025-12-03T16:47:42.715027
4650,1,4650,-0.00423133047,2025-12-03T16:47:42.757453
4651,1,4651,-0.00423165177,2025-12-03T16:47:42.799860
4652,1,4652,-0.00423172255,2025-12-03T16:47:42.819810
4653,1,4653,-0.00423406995,2025-12-03T16:47:42.892690
4654,1,4654,-0.00423011742,2025-12-03T16:47:42.965537
4655,1,4655,-0.00423271628,2025-12-03T16:47:43.038141
4656,1,4656,-0.00423150369,2025-12-03T16:47:43.110960
4657,1,4657,-0.004232503,2025-12-03T16:47:43.153353
4658,1,4658,-0.00423198705,2025-12-03T16:47:43.195675
4659,1,4659,-0.00423315633,2025-12-03T16:47:43.215743
4660,1,4660,-0.00423279311,2025-12-03T16:47:43.235533
4661,1,4661,-0.00423226458,2025-12-03T16:47:43.255928
4662,1,4662,-0.0042312392,2025-12-03T16:47:43.275688
4663,1,4663,-0.00423176307,2025-12-03T16:47:43.295505
4664,1,4664,-0.00423363549,2025-12-03T16:47:43.368406
4665,1,4665,-0.00422669015,2025-12-03T16:47:43.441207
4666,1,4666,-0.00423093046,2025-12-03T16:47:43.483629
4667,1,4667,-0.00423060916,2025-12-03T16:47:43.526060
4668,1,4668,-0.00423242943,2025-12-03T16:47:43.598857
4669,1,4669,-0.00423321779,2025-12-03T16:47:43.671567
4670,1,4670,-0.00423181476,2025-12-03T16:47:43.744126
4671,1,4671,-0.00423285225,2025-12-03T16:47:43.786656
4672,1,4672,-0.00423370441,2025-12-03T16:47:43.829006
4673,1,4673,-0.00423449929,2025-12-03T16:47:43.849134
4674,1,4674,-0.00423909071,2025-12-03T16:47:43.922016
4675,1,4675,-0.00423001684,2025-12-03T16:47:43.994696
4676,1,4676,-0.00423280801,2025-12-03T16:47:44.067452
4677,1,4677,-0.00423009553,2025-12-03T16:47:44.109875
4678,1,4678,-0.00423249509,2025-12-03T16:47:44.152188
4679,1,4679,-0.00423232093,2025-12-03T16:47:44.172091
4680,1,4680,-0.00423228181,2025-12-03T16:47:44.245157
4681,1,4681,-0.00423363316,2025-12-03T16:47:44.317903
4682,1,4682,-0.00423269625,2025-12-03T16:47:44.390479
4683,1,4683,-0.00423076748,2025-12-03T16:47:44.433086
4684,1,4684,-0.00422945804,2025-12-03T16:47:44.475451
4685,1,4685,-0.00423223106,2025-12-03T16:47:44.548157
4686,1,4686,-0.00423135003,2025-12-03T16:47:44.620781
4687,1,4687,-0.00423136632,2025-12-03T16:47:44.693588
4688,1,4688,-0.00423243734,2025-12-03T16:47:44.736079
4689,1,4689,-0.00423142546,2025-12-03T16:47:44.778404
4690,1,4690,-0.00423115026,2025-12-03T16:47:44.853155
4691,1,4691,-0.00422968575,2025-12-03T16:47:44.925877
4692,1,4692,-0.00423177005,2025-12-03T16:47:44.998653
4693,1,4693,-0.00423079822,2025-12-03T16:47:45.040988
4694,1,4694,-0.00423058448,2025-12-03T16:47:45.083519
4695,1,4695,-0.00423071347,2025-12-03T16:47:45.103293
4696,1,4696,-0.00422990648,2025-12-03T16:47:45.176401
4697,1,4697,-0.00423113955,2025-12-03T16:47:45.249097
4698,1,4698,-0.00423876428,2025-12-03T16:47:45.321837
4699,1,4699,-0.00423845322,2025-12-03T16:47:45.394558
4700,1,4700,-0.00423724902,2025-12-03T16:47:45.436963
4701,1,4701,-0.00423696124,2025-12-03T16:47:45.479520
4702,1,4702,-0.00423869816,2025-12-03T16:47:45.499444
4703,1,4703,-0.00423711352,2025-12-03T16:47:45.519330
4704,1,4704,-0.0042373999,2025-12-03T16:47:45.539145
4705,1,4705,-0.00423804251,2025-12-03T16:47:45.559098
4706,1,4706,-0.00423837359,2025-12-03T16:47:45.631886
4707,1,4707,-0.00423744088,2025-12-03T16:47:45.704602
4708,1,4708,-0.0042401175,2025-12-03T16:47:45.777366
4709,1,4709,-0.00423846067,2025-12-03T16:47:45.819667
4710,1,4710,-0.00423921644,2025-12-03T16:47:45.862271
4711,1,4711,-0.00424291146,2025-12-03T16:47:45.936923
4712,1,4712,-0.00424075918,2025-12-03T16:47:46.009639
4713,1,4713,-0.00424349587,2025-12-03T16:47:46.082380
4714,1,4714,-0.00424021016,2025-12-03T16:47:46.124856
4715,1,4715,-0.00424215011,2025-12-03T16:47:46.167238
4716,1,4716,-0.00424083834,2025-12-03T16:47:46.240009
4717,1,4717,-0.0042422451,2025-12-03T16:47:46.312662
4718,1,4718,-0.00424231681,2025-12-03T16:47:46.385404
4719,1,4719,-0.00424164021,2025-12-03T16:47:46.458012
4720,1,4720,-0.00424325047,2025-12-03T16:47:46.500547
4721,1,4721,-0.00424232473,2025-12-03T16:47:46.542914
4722,1,4722,-0.00424329424,2025-12-03T16:47:46.615695
4723,1,4723,-0.00424457201,2025-12-03T16:47:46.688507
4724,1,4724,-0.0042449641,2025-12-03T16:47:46.761183
4725,1,4725,-0.00424414174,2025-12-03T16:47:46.803557
4726,1,4726,-0.00424526212,2025-12-03T16:47:46.845974
4727,1,4727,-0.00424581579,2025-12-03T16:47:46.919689
4728,1,4728,-0.00424281135,2025-12-03T16:47:46.992325
4729,1,4729,-0.00424423115,2025-12-03T16:47:47.065107
4730,1,4730,-0.00424160808,2025-12-03T16:47:47.107354
4731,1,4731,-0.00424329424,2025-12-03T16:47:47.149864
4732,1,4732,-0.00426094979,2025-12-03T16:47:47.169756
4733,1,4733,-0.00424059759,2025-12-03T16:47:47.242860
4734,1,4734,-0.00424192147,2025-12-03T16:47:47.315532
4735,1,4735,-0.00424131611,2025-12-03T16:47:47.388300
4736,1,4736,-0.00424734456,2025-12-03T16:47:47.430770
4737,1,4737,-0.00424155499,2025-12-03T16:47:47.473162
4738,1,4738,-0.00424201413,2025-12-03T16:47:47.545905
4739,1,4739,-0.0042428798,2025-12-03T16:47:47.618629
4740,1,4740,-0.00423629954,2025-12-03T16:47:47.691348
4741,1,4741,-0.00423994148,2025-12-03T16:47:47.733603
4742,1,4742,-0.00424066837,2025-12-03T16:47:47.776198
4743,1,4743,-0.00424150051,2025-12-03T16:47:47.795991
4744,1,4744,-0.00424132123,2025-12-03T16:47:47.868946
4745,1,4745,-0.00424046674,2025-12-03T16:47:47.941860
4746,1,4746,-0.00424299482,2025-12-03T16:47:48.014356
4747,1,4747,-0.00424074754,2025-12-03T16:47:48.056919
4748,1,4748,-0.0042444365,2025-12-03T16:47:48.099340
4749,1,4749,-0.00426868675,2025-12-03T16:47:48.172078
4750,1,4750,-0.00424096873,2025-12-03T16:47:48.244864
4751,1,4751,-0.00424313219,2025-12-03T16:47:48.317441
4752,1,4752,-0.00424381764,2025-12-03T16:47:48.359921
4753,1,4753,-0.00424354476,2025-12-03T16:47:48.402261
4754,1,4754,-0.00424294592,2025-12-03T16:47:48.475103
4755,1,4755,-0.00424325838,2025-12-03T16:47:48.547855
4756,1,4756,-0.00424110703,2025-12-03T16:47:48.620450
4757,1,4757,-0.00425804266,2025-12-03T16:47:48.662861
4758,1,4758,-0.00423669442,2025-12-03T16:47:48.705315
4759,1,4759,-0.00423919036,2025-12-03T16:47:48.725115
4760,1,4760,-0.00424217898,2025-12-03T16:47:48.798238
4761,1,4761,-0.00424330634,2025-12-03T16:47:48.870916
4762,1,4762,-0.00424219621,2025-12-03T16:47:48.943717
4763,1,4763,-0.00424374034,2025-12-03T16:47:48.986145
4764,1,4764,-0.0042438996,2025-12-03T16:47:49.028623
4765,1,4765,-0.00424352567,2025-12-03T16:47:49.103294
4766,1,4766,-0.00425639562,2025-12-03T16:47:49.175929
4767,1,4767,-0.00424401275,2025-12-03T16:47:49.248779
4768,1,4768,-0.00424206489,2025-12-03T16:47:49.291189
4769,1,4769,-0.00424443883,2025-12-03T16:47:49.333612
4770,1,4770,-0.00424405885,2025-12-03T16:47:49.406272
4771,1,4771,-0.00424222461,2025-12-03T16:47:49.479056
4772,1,4772,-0.00424568308,2025-12-03T16:47:49.551853
4773,1,4773,-0.00424512149,2025-12-03T16:47:49.594115
4774,1,4774,-0.00424366863,2025-12-03T16:47:49.636574
4775,1,4775,-0.00424344604,2025-12-03T16:47:49.656466
4776,1,4776,-0.0042440705,2025-12-03T16:47:49.729497
4777,1,4777,-0.00424440251,2025-12-03T16:47:49.802135
4778,1,4778,-0.00424343906,2025-12-03T16:47:49.874958
4779,1,4779,-0.00424424605,2025-12-03T16:47:49.917390
4780,1,4780,-0.00424307305,2025-12-03T16:47:49.959805
4781,1,4781,-0.00424336735,2025-12-03T16:47:49.979855
4782,1,4782,-0.00424338411,2025-12-03T16:47:50.052707
4783,1,4783,-0.00424245093,2025-12-03T16:47:50.125414
4784,1,4784,-0.0042435741,2025-12-03T16:47:50.198163
4785,1,4785,-0.00424453476,2025-12-03T16:47:50.270810
4786,1,4786,-0.00424420321,2025-12-03T16:47:50.313318
4787,1,4787,-0.00424340879,2025-12-03T16:47:50.355841
4788,1,4788,-0.0042423252,2025-12-03T16:47:50.375803
4789,1,4789,-0.0042418139,2025-12-03T16:47:50.395722
4790,1,4790,-0.00424300692,2025-12-03T16:47:50.415539
4791,1,4791,-0.00424534408,2025-12-03T16:47:50.488004
4792,1,4792,-0.00424437131,2025-12-03T16:47:50.560711
4793,1,4793,-0.00424440484,2025-12-03T16:47:50.633442
4794,1,4794,-0.00424301205,2025-12-03T16:47:50.675846
4795,1,4795,-0.00424344977,2025-12-03T16:47:50.718364
4796,1,4796,-0.00424304464,2025-12-03T16:47:50.738091
4797,1,4797,-0.00424276152,2025-12-03T16:47:50.811195
4798,1,4798,-0.00424535572,2025-12-03T16:47:50.883931
4799,1,4799,-0.00424100086,2025-12-03T16:47:50.956699
4800,1,4800,-0.00424169842,2025-12-03T16:47:50.999086
4801,1,4801,-0.00424279039,2025-12-03T16:47:51.041514
4802,1,4802,-0.00423754239,2025-12-03T16:47:51.114190
4803,1,4803,-0.00424265582,2025-12-03T16:47:51.186821
4804,1,4804,-0.00424311729,2025-12-03T16:47:51.259626
4805,1,4805,-0.00424230797,2025-12-03T16:47:51.302060
4806,1,4806,-0.00424184883,2025-12-03T16:47:51.344637
4807,1,4807,-0.00423670187,2025-12-03T16:47:51.420273
4808,1,4808,-0.00410381983,2025-12-03T16:47:51.492874
4809,1,4809,-0.00410074181,2025-12-03T16:47:51.565652
4810,1,4810,-0.00409614574,2025-12-03T16:47:51.608167
4811,1,4811,-0.00409972434,2025-12-03T16:47:51.650490
4812,1,4812,-0.00409926008,2025-12-03T16:47:51.670224
4813,1,4813,-0.00409580534,2025-12-03T16:47:51.743479
4814,1,4814,-0.00410262262,2025-12-03T16:47:51.816166
4815,1,4815,-0.00410117395,2025-12-03T16:47:51.888837
4816,1,4816,-0.00410247361,2025-12-03T16:47:51.931315
4817,1,4817,-0.00409683631,2025-12-03T16:47:51.973639
4818,1,4818,-0.00410254299,2025-12-03T16:47:52.046396
4819,1,4819,-0.00410330807,2025-12-03T16:47:52.119126
4820,1,4820,-0.00410338491,2025-12-03T16:47:52.191891
4821,1,4821,-0.00410330621,2025-12-03T16:47:52.234216
4822,1,4822,-0.00410267198,2025-12-03T16:47:52.276702
4823,1,4823,-0.00410456582,2025-12-03T16:47:52.296599
4824,1,4824,-0.00410438561,2025-12-03T16:47:52.369620
4825,1,4825,-0.00410769227,2025-12-03T16:47:52.442415
4826,1,4826,-0.00410523591,2025-12-03T16:47:52.515035
4827,1,4827,-0.00410200469,2025-12-03T16:47:52.557436
4828,1,4828,-0.00410370109,2025-12-03T16:47:52.599900
4829,1,4829,-0.00410297838,2025-12-03T16:47:52.672589
4830,1,4830,-0.00410401867,2025-12-03T16:47:52.745412
4831,1,4831,-0.00410439912,2025-12-03T16:47:52.817984
4832,1,4832,-0.00410571973,2025-12-03T16:47:52.860610
4833,1,4833,-0.00410569692,2025-12-03T16:47:52.903055
4834,1,4834,-0.00410407176,2025-12-03T16:47:52.975868
4835,1,4835,-0.00410562334,2025-12-03T16:47:53.048433
4836,1,4836,-0.0041069691,2025-12-03T16:47:53.121035
4837,1,4837,-0.00410635164,2025-12-03T16:47:53.163558
4838,1,4838,-0.00410630041,2025-12-03T16:47:53.205919
4839,1,4839,-0.00410788226,2025-12-03T16:47:53.225840
4840,1,4840,-0.004105594,2025-12-03T16:47:53.298869
4841,1,4841,-0.00410554232,2025-12-03T16:47:53.371510
4842,1,4842,-0.00411240477,2025-12-03T16:47:53.444340
4843,1,4843,-0.00410456815,2025-12-03T16:47:53.486704
4844,1,4844,-0.00411042245,2025-12-03T16:47:53.529167
4845,1,4845,-0.00412852875,2025-12-03T16:47:53.602880
4846,1,4846,-0.00413588015,2025-12-03T16:47:53.675613
4847,1,4847,-0.00413675233,2025-12-03T16:47:53.748263
4848,1,4848,-0.00413718027,2025-12-03T16:47:53.790672
4849,1,4849,-0.00413527572,2025-12-03T16:47:53.833175
4850,1,4850,-0.00413438118,2025-12-03T16:47:53.905810
4851,1,4851,-0.00413340749,2025-12-03T16:47:53.978597
4852,1,4852,-0.00413866108,2025-12-03T16:47:54.051309
4853,1,4853,-0.00413672439,2025-12-03T16:47:54.093719
4854,1,4854,-0.00413666898,2025-12-03T16:47:54.136166
4855,1,4855,-0.00413624756,2025-12-03T16:47:54.156029
4856,1,4856,-0.00413443567,2025-12-03T16:47:54.229062
4857,1,4857,-0.00413560168,2025-12-03T16:47:54.301852
4858,1,4858,-0.00413551181,2025-12-03T16:47:54.374463
4859,1,4859,-0.00413534883,2025-12-03T16:47:54.416948
4860,1,4860,-0.0041341558,2025-12-03T16:47:54.459403
4861,1,4861,-0.00413433928,2025-12-03T16:47:54.531997
4862,1,4862,-0.00413417909,2025-12-03T16:47:54.604715
4863,1,4863,-0.00413418188,2025-12-03T16:47:54.677459
4864,1,4864,-0.00413382053,2025-12-03T16:47:54.719924
4865,1,4865,-0.00413228338,2025-12-03T16:47:54.762387
4866,1,4866,-0.00413246871,2025-12-03T16:47:54.837018
4867,1,4867,-0.00412878254,2025-12-03T16:47:54.909774
4868,1,4868,-0.00413175579,2025-12-03T16:47:54.982496
4869,1,4869,-0.0041296822,2025-12-03T16:47:55.024922
4870,1,4870,-0.00413146428,2025-12-03T16:47:55.067429
4871,1,4871,-0.00413182796,2025-12-03T16:47:55.087314
4872,1,4872,-0.00413036393,2025-12-03T16:47:55.160252
4873,1,4873,-0.00413317652,2025-12-03T16:47:55.232978
4874,1,4874,-0.00413067545,2025-12-03T16:47:55.305775
4875,1,4875,-0.00413006683,2025-12-03T16:47:55.348184
4876,1,4876,-0.00413025962,2025-12-03T16:47:55.390514
4877,1,4877,-0.00412684166,2025-12-03T16:47:55.463324
4878,1,4878,-0.00412846915,2025-12-03T16:47:55.536062
4879,1,4879,-0.00412791967,2025-12-03T16:47:55.608684
4880,1,4880,-0.00412469776,2025-12-03T16:47:55.651170
4881,1,4881,-0.00412502838,2025-12-03T16:47:55.693724
4882,1,4882,-0.00412464328,2025-12-03T16:47:55.713541
4883,1,4883,-0.00412561232,2025-12-03T16:47:55.786503
4884,1,4884,-0.0041228435,2025-12-03T16:47:55.859242
4885,1,4885,-0.00412553269,2025-12-03T16:47:55.931944
4886,1,4886,-0.00412503816,2025-12-03T16:47:56.004645
4887,1,4887,-0.00412916438,2025-12-03T16:47:56.047046
4888,1,4888,-0.00412436295,2025-12-03T16:47:56.089486
4889,1,4889,-0.00412906659,2025-12-03T16:47:56.109212
4890,1,4890,-0.00412500137,2025-12-03T16:47:56.129060
4891,1,4891,-0.0041241534,2025-12-03T16:47:56.148938
4892,1,4892,-0.00412299158,2025-12-03T16:47:56.168907
4893,1,4893,-0.00410855701,2025-12-03T16:47:56.241998
4894,1,4894,-0.00411213608,2025-12-03T16:47:56.314699
4895,1,4895,-0.00411035446,2025-12-03T16:47:56.387459
4896,1,4896,-0.00410959729,2025-12-03T16:47:56.429853
4897,1,4897,-0.00410945992,2025-12-03T16:47:56.472318
4898,1,4898,-0.00411116797,2025-12-03T16:47:56.544982
4899,1,4899,-0.00411236286,2025-12-03T16:47:56.617756
4900,1,4900,-0.00411045551,2025-12-03T16:47:56.690405
4901,1,4901,-0.00411342177,2025-12-03T16:47:56.732860
4902,1,4902,-0.00410988321,2025-12-03T16:47:56.775325
4903,1,4903,-0.00410902965,2025-12-03T16:47:56.847978
4904,1,4904,-0.00410739239,2025-12-03T16:47:56.920692
4905,1,4905,-0.0041071223,2025-12-03T16:47:56.993388
4906,1,4906,-0.00410755071,2025-12-03T16:47:57.035895
4907,1,4907,-0.00410656677,2025-12-03T16:47:57.078303
4908,1,4908,-0.00410573277,2025-12-03T16:47:57.153051
4909,1,4909,-0.00410628225,2025-12-03T16:47:57.225844
4910,1,4910,-0.00411141291,2025-12-03T16:47:57.298539
4911,1,4911,-0.00411115633,2025-12-03T16:47:57.341018
4912,1,4912,-0.0041118008,2025-12-03T16:47:57.392139
4913,1,4913,-0.00411278428,2025-12-03T16:47:57.469195
4914,1,4914,-0.00411251978,2025-12-03T16:47:57.541910
4915,1,4915,-0.00412971433,2025-12-03T16:47:57.614636
4916,1,4916,-0.00413412181,2025-12-03T16:47:57.687200
4917,1,4917,-0.00413467921,2025-12-03T16:47:57.729753
4918,1,4918,-0.00413421262,2025-12-03T16:47:57.772164
4919,1,4919,-0.00413455627,2025-12-03T16:47:57.844974
4920,1,4920,-0.004135516,2025-12-03T16:47:57.917647
4921,1,4921,-0.00413085427,2025-12-03T16:47:57.990320
4922,1,4922,-0.00413151411,2025-12-03T16:47:58.032780
4923,1,4923,-0.004129868,2025-12-03T16:47:58.075212
4924,1,4924,-0.00412889197,2025-12-03T16:47:58.095137
4925,1,4925,-0.0041288929,2025-12-03T16:47:58.168127
4926,1,4926,-0.0041286,2025-12-03T16:47:58.240854
4927,1,4927,-0.00412931945,2025-12-03T16:47:58.283211
4928,1,4928,-0.00412935251,2025-12-03T16:47:58.325758
4929,1,4929,-0.00412939023,2025-12-03T16:47:58.345647
4930,1,4930,-0.004131163,2025-12-03T16:47:58.418605
4931,1,4931,-0.00412983959,2025-12-03T16:47:58.491281
4932,1,4932,-0.00413268618,2025-12-03T16:47:58.564029
4933,1,4933,-0.00413731159,2025-12-03T16:47:58.606462
4934,1,4934,-0.00412919605,2025-12-03T16:47:58.648908
4935,1,4935,-0.00413081934,2025-12-03T16:47:58.721636
4936,1,4936,-0.00413077324,2025-12-03T16:47:58.794245
4937,1,4937,-0.00413212459,2025-12-03T16:47:58.866930
4938,1,4938,-0.00413003098,2025-12-03T16:47:58.909469
4939,1,4939,-0.00413076486,2025-12-03T16:47:58.951883
4940,1,4940,-0.00413175206,2025-12-03T16:47:58.971646
4941,1,4941,-0.00412933621,2025-12-03T16:47:59.044851
4942,1,4942,-0.00413002353,2025-12-03T16:47:59.117452
4943,1,4943,-0.00413078255,2025-12-03T16:47:59.190200
4944,1,4944,-0.00413040211,2025-12-03T16:47:59.232649
4945,1,4945,-0.00412794249,2025-12-03T16:47:59.275034
4946,1,4946,-0.0041338182,2025-12-03T16:47:59.347851
4947,1,4947,-0.00413044542,2025-12-03T16:47:59.420521
4948,1,4948,-0.00412896927,2025-12-03T16:47:59.493271
4949,1,4949,-0.00413193553,2025-12-03T16:47:59.565965
4950,1,4950,-0.00413160771,2025-12-03T16:47:59.608457
4951,1,4951,-0.00413315417,2025-12-03T16:47:59.650812
4952,1,4952,-0.00413350434,2025-12-03T16:47:59.670594
4953,1,4953,-0.00413347454,2025-12-03T16:47:59.690395
4954,1,4954,-0.00413314346,2025-12-03T16:47:59.710295
4955,1,4955,-0.00413402263,2025-12-03T16:47:59.730188
4956,1,4956,-0.00413342332,2025-12-03T16:47:59.803241
4957,1,4957,-0.00413397094,2025-12-03T16:47:59.875957
4958,1,4958,-0.00413085659,2025-12-03T16:47:59.948762
4959,1,4959,-0.00413155183,2025-12-03T16:47:59.991171
4960,1,4960,-0.00412989594,2025-12-03T16:48:00.033643
4961,1,4961,-0.00412957835,2025-12-03T16:48:00.053551
4962,1,4962,-0.00412685563,2025-12-03T16:48:00.126467
4963,1,4963,-0.00412939209,2025-12-03T16:48:00.199224
4964,1,4964,-0.00412943633,2025-12-03T16:48:00.271873
4965,1,4965,-0.00413054553,2025-12-03T16:48:00.314451
4966,1,4966,-0.00413050176,2025-12-03T16:48:00.356882
4967,1,4967,-0.00412978744,2025-12-03T16:48:00.429540
4968,1,4968,-0.00413004215,2025-12-03T16:48:00.502149
4969,1,4969,-0.0041453382,2025-12-03T16:48:00.574948
4970,1,4970,-0.00412556482,2025-12-03T16:48:00.617361
4971,1,4971,-0.00412831502,2025-12-03T16:48:00.659855
4972,1,4972,-0.00413063121,2025-12-03T16:48:00.735532
4973,1,4973,-0.00412870943,2025-12-03T16:48:00.808222
4974,1,4974,-0.00413057114,2025-12-03T16:48:00.880963
4975,1,4975,-0.00412886589,2025-12-03T16:48:00.923701
4976,1,4976,-0.00412973808,2025-12-03T16:48:00.965865
4977,1,4977,-0.00412892084,2025-12-03T16:48:00.985739
4978,1,4978,-0.00413182424,2025-12-03T16:48:01.059079
4979,1,4979,-0.00413061026,2025-12-03T16:48:01.131768
4980,1,4980,-0.00412917695,2025-12-03T16:48:01.204230
4981,1,4981,-0.00413126265,2025-12-03T16:48:01.246528
4982,1,4982,-0.00413118023,2025-12-03T16:48:01.289509
4983,1,4983,-0.00413200864,2025-12-03T16:48:01.309361
4984,1,4984,-0.00413156859,2025-12-03T16:48:01.329891
4985,1,4985,-0.00413132505,2025-12-03T16:48:01.350238
4986,1,4986,-0.00413143215,2025-12-03T16:48:01.370307
4987,1,4987,-0.00413064425,2025-12-03T16:48:01.390471
4988,1,4988,-0.00413146568,2025-12-03T16:48:01.463136
4989,1,4989,-0.0041320119,2025-12-03T16:48:01.535576
4990,1,4990,-0.00412644445,2025-12-03T16:48:01.608605
4991,1,4991,-0.00412717368,2025-12-03T16:48:01.650937
4992,1,4992,-0.0041299127,2025-12-03T16:48:01.693106
4993,1,4993,-0.00412929477,2025-12-03T16:48:01.769297
4994,1,4994,-0.00412873597,2025-12-03T16:48:01.841545
4995,1,4995,-0.00413017114,2025-12-03T16:48:01.914253
4996,1,4996,-0.00412807986,2025-12-03T16:48:01.956630
4997,1,4997,-0.00412856275,2025-12-03T16:48:01.999032
4998,1,4998,-0.00412817485,2025-12-03T16:48:02.071768
4999,1,4999,-0.00412891339,2025-12-03T16:48:02.144407
5000,1,5000,-0.00412770872,2025-12-03T16:48:02.217232
5001,1,5001,-0.0041293432,2025-12-03T16:48:02.259635
5002,1,5002,-0.00413109455,2025-12-03T16:48:02.302008
5003,1,5003,-0.00413112668,2025-12-03T16:48:02.321873
5004,1,5004,-0.00412856414,2025-12-03T16:48:02.394976
5005,1,5005,-0.00412723748,2025-12-03T16:48:02.467854
5006,1,5006,-0.00412735948,2025-12-03T16:48:02.540378
5007,1,5007,-0.00412519648,2025-12-03T16:48:02.582812
5008,1,5008,-0.00412551825,2025-12-03T16:48:02.625183
5009,1,5009,-0.00412540603,2025-12-03T16:48:02.644995
5010,1,5010,-0.00412702886,2025-12-03T16:48:02.718046
5011,1,5011,-0.0041258377,2025-12-03T16:48:02.790779
5012,1,5012,-0.00412723608,2025-12-03T16:48:02.863552
5013,1,5013,-0.00412431964,2025-12-03T16:48:02.905964
5014,1,5014,-0.00412446213,2025-12-03T16:48:02.948602
5015,1,5015,-0.00412335945,2025-12-03T16:48:03.021185
5016,1,5016,-0.004122762,2025-12-03T16:48:03.093914
5017,1,5017,-0.00412342045,2025-12-03T16:48:03.166541
5018,1,5018,-0.00412276899,2025-12-03T16:48:03.209001
5019,1,5019,-0.00412294454,2025-12-03T16:48:03.251408
5020,1,5020,-0.00412151124,2025-12-03T16:48:03.324236
5021,1,5021,-0.00412241322,2025-12-03T16:48:03.396956
5022,1,5022,-0.00412172684,2025-12-03T16:48:03.469693
5023,1,5023,-0.00412307912,2025-12-03T16:48:03.512123
5024,1,5024,-0.00412377202,2025-12-03T16:48:03.554498
5025,1,5025,-0.00412575108,2025-12-03T16:48:03.574390
5026,1,5026,-0.00411924161,2025-12-03T16:48:03.647457
5027,1,5027,-0.00412158714,2025-12-03T16:48:03.720132
5028,1,5028,-0.00412176689,2025-12-03T16:48:03.792813
5029,1,5029,-0.0041218684,2025-12-03T16:48:03.835269
5030,1,5030,-0.0041208174,2025-12-03T16:48:03.877726
5031,1,5031,-0.00412051379,2025-12-03T16:48:03.950456
5032,1,5032,-0.00411939062,2025-12-03T16:48:04.023121
5033,1,5033,-0.00411574169,2025-12-03T16:48:04.095856
5034,1,5034,-0.00411580502,2025-12-03T16:48:04.138241
5035,1,5035,-0.00411668233,2025-12-03T16:48:04.180713
5036,1,5036,-0.00411739479,2025-12-03T16:48:04.253368
5037,1,5037,-0.0041178707,2025-12-03T16:48:04.326099
5038,1,5038,-0.0041168374,2025-12-03T16:48:04.398847
5039,1,5039,-0.00411863392,2025-12-03T16:48:04.441243
5040,1,5040,-0.00411936175,2025-12-03T16:48:04.483640
5041,1,5041,-0.00412220275,2025-12-03T16:48:04.556456
5042,1,5042,-0.00411777524,2025-12-03T16:48:04.629093
5043,1,5043,-0.00411670375,2025-12-03T16:48:04.701814
5044,1,5044,-0.00410138675,2025-12-03T16:48:04.744293
5045,1,5045,-0.00410169269,2025-12-03T16:48:04.786622
5046,1,5046,-0.00410161679,2025-12-03T16:48:04.806438
5047,1,5047,-0.00410344265,2025-12-03T16:48:04.879626
5048,1,5048,-0.00410294998,2025-12-03T16:48:04.952349
5049,1,5049,-0.00410239817,2025-12-03T16:48:05.024996
5050,1,5050,-0.00411177147,2025-12-03T16:48:05.067446
5051,1,5051,-0.0040994035,2025-12-03T16:48:05.109877
5052,1,5052,-0.00410234276,2025-12-03T16:48:05.183608
5053,1,5053,-0.0041027856,2025-12-03T16:48:05.256277
5054,1,5054,-0.00410325825,2025-12-03T16:48:05.329053
5055,1,5055,-0.00410269293,2025-12-03T16:48:05.371389
5056,1,5056,-0.00410311669,2025-12-03T16:48:05.413941
5057,1,5057,-0.00410281261,2025-12-03T16:48:05.486616
5058,1,5058,-0.00410674791,2025-12-03T16:48:05.559358
5059,1,5059,-0.00410056766,2025-12-03T16:48:05.601774
5060,1,5060,-0.00410080142,2025-12-03T16:48:05.644170
5061,1,5061,-0.00410087732,2025-12-03T16:48:05.664002
5062,1,5062,-0.00410075671,2025-12-03T16:48:05.683882
5063,1,5063,-0.00410323264,2025-12-03T16:48:05.756185
5064,1,5064,-0.00410411227,2025-12-03T16:48:05.828924
5065,1,5065,-0.00410395767,2025-12-03T16:48:05.871426
5066,1,5066,-0.00410341005,2025-12-03T16:48:05.913880
5067,1,5067,-0.0041035274,2025-12-03T16:48:05.933654
5068,1,5068,-0.00410366896,2025-12-03T16:48:06.006771
5069,1,5069,-0.00410892022,2025-12-03T16:48:06.079491
5070,1,5070,-0.0041026934,2025-12-03T16:48:06.152225
5071,1,5071,-0.00410326896,2025-12-03T16:48:06.224941
5072,1,5072,-0.00410234695,2025-12-03T16:48:06.267294
5073,1,5073,-0.00410330994,2025-12-03T16:48:06.309856
5074,1,5074,-0.00410396,2025-12-03T16:48:06.382411
5075,1,5075,-0.00410528481,2025-12-03T16:48:06.455162
5076,1,5076,-0.0041045323,2025-12-03T16:48:06.527943
5077,1,5077,-0.00411264458,2025-12-03T16:48:06.570350
5078,1,5078,-0.00410226034,2025-12-03T16:48:06.612740
5079,1,5079,-0.00410535139,2025-12-03T16:48:06.685435
5080,1,5080,-0.00410543614,2025-12-03T16:48:06.758220
5081,1,5081,-0.00410516001,2025-12-03T16:48:06.830926
5082,1,5082,-0.00410863012,2025-12-03T16:48:06.873275
5083,1,5083,-0.00410672277,2025-12-03T16:48:06.915679
5084,1,5084,-0.00410953443,2025-12-03T16:48:06.988422
5085,1,5085,-0.00410976074,2025-12-03T16:48:07.061223
5086,1,5086,-0.0041053039,2025-12-03T16:48:07.133887
5087,1,5087,-0.00410596374,2025-12-03T16:48:07.176289
5088,1,5088,-0.00410655513,2025-12-03T16:48:07.218855
5089,1,5089,-0.00410546036,2025-12-03T16:48:07.238751
5090,1,5090,-0.00410548457,2025-12-03T16:48:07.311671
5091,1,5091,-0.0041068322,2025-12-03T16:48:07.384475
5092,1,5092,-0.00410546176,2025-12-03T16:48:07.457122
5093,1,5093,-0.00410571834,2025-12-03T16:48:07.499561
5094,1,5094,-0.00410668691,2025-12-03T16:48:07.542006
5095,1,5095,-0.00410596467,2025-12-03T16:48:07.616722
5096,1,5096,-0.00410866318,2025-12-03T16:48:07.689430
5097,1,5097,-0.00413070991,2025-12-03T16:48:07.762170
5098,1,5098,-0.00413160398,2025-12-03T16:48:07.804729
5099,1,5099,-0.00413163844,2025-12-03T16:48:07.846949
5100,1,5100,-0.00413059536,2025-12-03T16:48:07.866711
5101,1,5101,-0.00412004254,2025-12-03T16:48:07.939839
5102,1,5102,-0.00410467619,2025-12-03T16:48:08.012665
5103,1,5103,-0.00410283077,2025-12-03T16:48:08.085337
5104,1,5104,-0.00410321354,2025-12-03T16:48:08.127850
5105,1,5105,-0.00410274928,2025-12-03T16:48:08.170217
5106,1,5106,-0.00410718657,2025-12-03T16:48:08.242927
5107,1,5107,-0.00410120282,2025-12-03T16:48:08.315591
5108,1,5108,-0.00410350225,2025-12-03T16:48:08.388617
5109,1,5109,-0.00410269387,2025-12-03T16:48:08.430852
5110,1,5110,-0.00410443777,2025-12-03T16:48:08.473194
5111,1,5111,-0.00410454068,2025-12-03T16:48:08.545864
5112,1,5112,-0.00410346174,2025-12-03T16:48:08.618561
5113,1,5113,-0.00410394044,2025-12-03T16:48:08.691353
5114,1,5114,-0.00410249549,2025-12-03T16:48:08.733769
5115,1,5115,-0.00409821281,2025-12-03T16:48:08.776215
5116,1,5116,-0.00410032086,2025-12-03T16:48:08.796010
5117,1,5117,-0.00410246057,2025-12-03T16:48:08.869105
5118,1,5118,-0.00410426035,2025-12-03T16:48:08.942124
5119,1,5119,-0.00410438328,2025-12-03T16:48:09.014567
5120,1,5120,-0.00410305103,2025-12-03T16:48:09.056968
5121,1,5121,-0.00410550739,2025-12-03T16:48:09.099430
5122,1,5122,-0.00410327129,2025-12-03T16:48:09.172037
5123,1,5123,-0.00410436745,2025-12-03T16:48:09.244880
5124,1,5124,-0.00410276791,2025-12-03T16:48:09.317594
5125,1,5125,-0.00410270411,2025-12-03T16:48:09.360020
5126,1,5126,-0.00410327641,2025-12-03T16:48:09.402423
5127,1,5127,-0.00410307804,2025-12-03T16:48:09.422268
5128,1,5128,-0.00410693325,2025-12-03T16:48:09.495299
5129,1,5129,-0.00410654675,2025-12-03T16:48:09.567962
5130,1,5130,-0.0041085151,2025-12-03T16:48:09.640859
5131,1,5131,-0.00410836003,2025-12-03T16:48:09.683184
5132,1,5132,-0.00410953676,2025-12-03T16:48:09.725561
5133,1,5133,-0.00412406679,2025-12-03T16:48:09.798335
5134,1,5134,-0.00412756949,2025-12-03T16:48:09.871037
5135,1,5135,-0.00413243239,2025-12-03T16:48:09.943775
5136,1,5136,-0.00413455814,2025-12-03T16:48:10.016516
5137,1,5137,-0.00413237139,2025-12-03T16:48:10.086562
5138,1,5138,-0.00413462053,2025-12-03T16:48:10.123552
5139,1,5139,-0.00413405336,2025-12-03T16:48:10.143486
5140,1,5140,-0.00413505034,2025-12-03T16:48:10.163342
5141,1,5141,-0.0041344827,2025-12-03T16:48:10.183211
5142,1,5142,-0.00413434393,2025-12-03T16:48:10.255823
5143,1,5143,-0.00413526315,2025-12-03T16:48:10.328531
5144,1,5144,-0.00413290504,2025-12-03T16:48:10.401224
5145,1,5145,-0.00413157464,2025-12-03T16:48:10.443747
5146,1,5146,-0.00413440028,2025-12-03T16:48:10.486191
5147,1,5147,-0.00413557048,2025-12-03T16:48:10.506012
5148,1,5148,-0.00412773061,2025-12-03T16:48:10.578995
5149,1,5149,-0.00413135578,2025-12-03T16:48:10.651757
5150,1,5150,-0.00413155602,2025-12-03T16:48:10.724502
5151,1,5151,-0.00412533339,2025-12-03T16:48:10.766939
5152,1,5152,-0.00412956578,2025-12-03T16:48:10.809344
5153,1,5153,-0.00412981491,2025-12-03T16:48:10.882013
5154,1,5154,-0.00413125008,2025-12-03T16:48:10.954709
5155,1,5155,-0.00412780651,2025-12-03T16:48:11.027465
5156,1,5156,-0.00412832247,2025-12-03T16:48:11.069937
5157,1,5157,-0.00412809522,2025-12-03T16:48:11.112381
5158,1,5158,-0.00412739766,2025-12-03T16:48:11.132173
5159,1,5159,-0.0041266256,2025-12-03T16:48:11.205256
5160,1,5160,-0.00412714108,2025-12-03T16:48:11.277980
5161,1,5161,-0.00412527658,2025-12-03T16:48:11.350692
5162,1,5162,-0.00412744516,2025-12-03T16:48:11.393118
5163,1,5163,-0.00412791734,2025-12-03T16:48:11.435555
5164,1,5164,-0.00412764074,2025-12-03T16:48:11.508260
5165,1,5165,-0.00412747031,2025-12-03T16:48:11.581533
5166,1,5166,-0.00412886962,2025-12-03T16:48:11.653713
5167,1,5167,-0.00413037184,2025-12-03T16:48:11.696179
5168,1,5168,-0.00413032667,2025-12-03T16:48:11.738558
5169,1,5169,-0.0041311006,2025-12-03T16:48:11.814314
5170,1,5170,-0.00413223262,2025-12-03T16:48:11.887057
5171,1,5171,-0.00412856228,2025-12-03T16:48:11.959760
5172,1,5172,-0.00412915088,2025-12-03T16:48:12.002063
5173,1,5173,-0.00412632711,2025-12-03T16:48:12.044639
5174,1,5174,-0.00413241144,2025-12-03T16:48:12.064408
5175,1,5175,-0.0041279816,2025-12-03T16:48:12.137466
5176,1,5176,-0.00412886915,2025-12-03T16:48:12.210233
5177,1,5177,-0.00412839977,2025-12-03T16:48:12.282967
5178,1,5178,-0.00412715692,2025-12-03T16:48:12.325366
5179,1,5179,-0.00412750942,2025-12-03T16:48:12.367860
5180,1,5180,-0.00412861304,2025-12-03T16:48:12.440464
5181,1,5181,-0.00412937346,2025-12-03T16:48:12.513227
5182,1,5182,-0.0041145971,2025-12-03T16:48:12.585942
5183,1,5183,-0.00412671174,2025-12-03T16:48:12.628364
5184,1,5184,-0.0041244938,2025-12-03T16:48:12.670892
5185,1,5185,-0.00412724912,2025-12-03T16:48:12.746507
5186,1,5186,-0.00412693759,2025-12-03T16:48:12.819261
5187,1,5187,-0.00412333989,2025-12-03T16:48:12.891927
5188,1,5188,-0.00412323512,2025-12-03T16:48:12.934465
5189,1,5189,-0.00412297947,2025-12-03T16:48:12.976858
5190,1,5190,-0.00412423629,2025-12-03T16:48:12.996696
5191,1,5191,-0.00412064976,2025-12-03T16:48:13.069759
5192,1,5192,-0.0041238158,2025-12-03T16:48:13.142487
5193,1,5193,-0.00412350287,2025-12-03T16:48:13.215194
5194,1,5194,-0.00412382232,2025-12-03T16:48:13.257586
5195,1,5195,-0.00412769615,2025-12-03T16:48:13.300021
5196,1,5196,-0.00412511639,2025-12-03T16:48:13.372748
5197,1,5197,-0.00412229122,2025-12-03T16:48:13.445447
5198,1,5198,-0.00412423443,2025-12-03T16:48:13.518138
5199,1,5199,-0.00412121275,2025-12-03T16:48:13.560593
5200,1,5200,-0.00412174547,2025-12-03T16:48:13.603009
5201,1,5201,-0.00412136875,2025-12-03T16:48:13.622969
5202,1,5202,-0.00411868654,2025-12-03T16:48:13.695963
5203,1,5203,-0.00410406244,2025-12-03T16:48:13.768679
5204,1,5204,-0.00410287315,2025-12-03T16:48:13.841392
5205,1,5205,-0.00410304218,2025-12-03T16:48:13.883857
5206,1,5206,-0.00410200189,2025-12-03T16:48:13.926129
5207,1,5207,-0.00410492019,2025-12-03T16:48:13.998871
5208,1,5208,-0.00410187011,2025-12-03T16:48:14.071565
5209,1,5209,-0.00410175789,2025-12-03T16:48:14.144395
5210,1,5210,-0.00410257186,2025-12-03T16:48:14.186856
5211,1,5211,-0.0041013807,2025-12-03T16:48:14.229205
5212,1,5212,-0.00410270923,2025-12-03T16:48:14.301981
5213,1,5213,-0.00410379283,2025-12-03T16:48:14.374695
5214,1,5214,-0.00410342263,2025-12-03T16:48:14.447401
5215,1,5215,-0.00410190876,2025-12-03T16:48:14.489858
5216,1,5216,-0.00410634372,2025-12-03T16:48:14.532239
5217,1,5217,-0.00410314695,2025-12-03T16:48:14.552139
5218,1,5218,-0.00410353019,2025-12-03T16:48:14.625149
5219,1,5219,-0.00410223053,2025-12-03T16:48:14.697919
5220,1,5220,-0.00410245824,2025-12-03T16:48:14.770565
5221,1,5221,-0.00410260213,2025-12-03T16:48:14.812895
5222,1,5222,-0.00410199025,2025-12-03T16:48:14.855380
5223,1,5223,-0.00410323636,2025-12-03T16:48:14.928203
5224,1,5224,-0.00410491833,2025-12-03T16:48:15.000863
5225,1,5225,-0.00410207221,2025-12-03T16:48:15.073601
5226,1,5226,-0.00410229759,2025-12-03T16:48:15.115950
5227,1,5227,-0.00410188315,2025-12-03T16:48:15.158440
5228,1,5228,-0.0041019693,2025-12-03T16:48:15.178340
5229,1,5229,-0.00410233857,2025-12-03T16:48:15.251322
5230,1,5230,-0.0041041621,2025-12-03T16:48:15.323995
5231,1,5231,-0.00410154694,2025-12-03T16:48:15.396720
5232,1,5232,-0.00409883586,2025-12-03T16:48:15.439203
5233,1,5233,-0.00409974204,2025-12-03T16:48:15.481671
5234,1,5234,-0.0041011977,2025-12-03T16:48:15.554299
5235,1,5235,-0.00410083634,2025-12-03T16:48:15.627081
5236,1,5236,-0.00410227011,2025-12-03T16:48:15.699707
5237,1,5237,-0.00410383054,2025-12-03T16:48:15.742215
5238,1,5238,-0.00412670429,2025-12-03T16:48:15.784675
5239,1,5239,-0.00412672944,2025-12-03T16:48:15.804469
5240,1,5240,-0.00410211784,2025-12-03T16:48:15.877483
5241,1,5241,-0.0040987893,2025-12-03T16:48:15.950313
5242,1,5242,-0.00410605128,2025-12-03T16:48:16.023006
5243,1,5243,-0.00409715389,2025-12-03T16:48:16.065374
5244,1,5244,-0.00409790081,2025-12-03T16:48:16.107862
5245,1,5245,-0.00410054763,2025-12-03T16:48:16.180599
5246,1,5246,-0.00410119676,2025-12-03T16:48:16.253271
5247,1,5247,-0.00410342775,2025-12-03T16:48:16.325991
5248,1,5248,-0.00410303054,2025-12-03T16:48:16.368383
5249,1,5249,-0.00410421472,2025-12-03T16:48:16.410860
5250,1,5250,-0.00410363636,2025-12-03T16:48:16.483522
5251,1,5251,-0.00411080755,2025-12-03T16:48:16.556256
5252,1,5252,-0.00410564616,2025-12-03T16:48:16.629010
5253,1,5253,-0.00410412438,2025-12-03T16:48:16.671467
5254,1,5254,-0.00410434789,2025-12-03T16:48:16.713859
5255,1,5255,-0.0041053472,2025-12-03T16:48:16.786657
5256,1,5256,-0.00410470087,2025-12-03T16:48:16.859261
5257,1,5257,-0.00410336581,2025-12-03T16:48:16.931928
5258,1,5258,-0.00410529458,2025-12-03T16:48:16.974362
5259,1,5259,-0.00410670135,2025-12-03T16:48:17.016862
5260,1,5260,-0.00411511911,2025-12-03T16:48:17.036719
5261,1,5261,-0.00410482799,2025-12-03T16:48:17.109746
5262,1,5262,-0.00410569831,2025-12-03T16:48:17.182460
5263,1,5263,-0.00410473486,2025-12-03T16:48:17.255137
5264,1,5264,-0.00410348689,2025-12-03T16:48:17.297627
5265,1,5265,-0.00410284195,2025-12-03T16:48:17.340061
5266,1,5266,-0.00410487083,2025-12-03T16:48:17.412762
5267,1,5267,-0.0041045947,2025-12-03T16:48:17.485481
5268,1,5268,-0.00411218078,2025-12-03T16:48:17.558217
5269,1,5269,-0.00410206662,2025-12-03T16:48:17.600580
5270,1,5270,-0.0041239513,2025-12-03T16:48:17.643049
5271,1,5271,-0.00412364164,2025-12-03T16:48:17.662936
5272,1,5272,-0.00410101749,2025-12-03T16:48:17.735913
5273,1,5273,-0.00409971689,2025-12-03T16:48:17.808707
5274,1,5274,-0.00410180771,2025-12-03T16:48:17.881436
5275,1,5275,-0.00410450529,2025-12-03T16:48:17.923857
5276,1,5276,-0.00412208307,2025-12-03T16:48:17.966281
5277,1,5277,-0.00412948895,2025-12-03T16:48:18.038985
5278,1,5278,-0.0041192267,2025-12-03T16:48:18.111644
5279,1,5279,-0.00412095757,2025-12-03T16:48:18.184383
5280,1,5280,-0.00412085512,2025-12-03T16:48:18.226859
5281,1,5281,-0.00412624981,2025-12-03T16:48:18.269231
5282,1,5282,-0.0041253101,2025-12-03T16:48:18.343963
5283,1,5283,-0.00412444584,2025-12-03T16:48:18.416718
5284,1,5284,-0.00412475131,2025-12-03T16:48:18.489439
5285,1,5285,-0.0041304673,2025-12-03T16:48:18.531858
5286,1,5286,-0.00412218412,2025-12-03T16:48:18.574295
5287,1,5287,-0.00412149308,2025-12-03T16:48:18.594035
5288,1,5288,-0.00412038806,2025-12-03T16:48:18.667190
5289,1,5289,-0.00412390148,2025-12-03T16:48:18.739885
5290,1,5290,-0.00412318669,2025-12-03T16:48:18.812621
5291,1,5291,-0.00412516156,2025-12-03T16:48:18.854988
5292,1,5292,-0.00412301998,2025-12-03T16:48:18.897457
5293,1,5293,-0.00412577902,2025-12-03T16:48:18.970189
5294,1,5294,-0.00413258513,2025-12-03T16:48:19.042932
5295,1,5295,-0.00412425631,2025-12-03T16:48:19.085278
5296,1,5296,-0.00412508612,2025-12-03T16:48:19.127730
5297,1,5297,-0.00412469822,2025-12-03T16:48:19.147518
5298,1,5298,-0.00412622187,2025-12-03T16:48:19.220669
5299,1,5299,-0.00412426656,2025-12-03T16:48:19.293435
5300,1,5300,-0.00412657251,2025-12-03T16:48:19.366043
5301,1,5301,-0.00412368588,2025-12-03T16:48:19.408506
5302,1,5302,-0.0041254498,2025-12-03T16:48:19.450959
5303,1,5303,-0.00412749079,2025-12-03T16:48:19.470844
5304,1,5304,-0.00413077371,2025-12-03T16:48:19.543890
5305,1,5305,-0.00412448635,2025-12-03T16:48:19.616539
5306,1,5306,-0.00412223348,2025-12-03T16:48:19.689332
5307,1,5307,-0.00412473501,2025-12-03T16:48:19.731690
5308,1,5308,-0.00412584701,2025-12-03T16:48:19.774192
5309,1,5309,-0.00412716111,2025-12-03T16:48:19.846825
5310,1,5310,-0.00412505352,2025-12-03T16:48:19.919558
5311,1,5311,-0.00412976695,2025-12-03T16:48:19.992314
5312,1,5312,-0.00414059404,2025-12-03T16:48:20.034764
5313,1,5313,-0.00410954281,2025-12-03T16:48:20.077178
5314,1,5314,-0.00410939333,2025-12-03T16:48:20.149821
5315,1,5315,-0.00411006994,2025-12-03T16:48:20.222599
5316,1,5316,-0.00410628924,2025-12-03T16:48:20.295373
5317,1,5317,-0.00410575279,2025-12-03T16:48:20.338061
5318,1,5318,-0.0041051195,2025-12-03T16:48:20.380180
5319,1,5319,-0.00410315627,2025-12-03T16:48:20.400038
5320,1,5320,-0.00410640891,2025-12-03T16:48:20.473092
5321,1,5321,-0.00410425988,2025-12-03T16:48:20.545865
5322,1,5322,-0.00410284288,2025-12-03T16:48:20.618558
5323,1,5323,-0.0041037607,2025-12-03T16:48:20.660941
5324,1,5324,-0.00410432368,2025-12-03T16:48:20.703314
5325,1,5325,-0.00410748599,2025-12-03T16:48:20.777008
5326,1,5326,-0.004103404,2025-12-03T16:48:20.849859
5327,1,5327,-0.00410664826,2025-12-03T16:48:20.922549
5328,1,5328,-0.00410251924,2025-12-03T16:48:20.964982
5329,1,5329,-0.0041042841,2025-12-03T16:48:21.007397
5330,1,5330,-0.00410380912,2025-12-03T16:48:21.027259
5331,1,5331,-0.00410241959,2025-12-03T16:48:21.100290
5332,1,5332,-0.00410472555,2025-12-03T16:48:21.172956
5333,1,5333,-0.00410618633,2025-12-03T16:48:21.245609
5334,1,5334,-0.00410729087,2025-12-03T16:48:21.288159
5335,1,5335,-0.0041139936,2025-12-03T16:48:21.330571
5336,1,5336,-0.0041227173,2025-12-03T16:48:21.403331
5337,1,5337,-0.00410924991,2025-12-03T16:48:21.475972
5338,1,5338,-0.0041055018,2025-12-03T16:48:21.548676
5339,1,5339,-0.00410883175,2025-12-03T16:48:21.591097
5340,1,5340,-0.0041091945,2025-12-03T16:48:21.633534
5341,1,5341,-0.00410606106,2025-12-03T16:48:21.653347
5342,1,5342,-0.00410525221,2025-12-03T16:48:21.726466
5343,1,5343,-0.00410588411,2025-12-03T16:48:21.799171
5344,1,5344,-0.00410506408,2025-12-03T16:48:21.871979
5345,1,5345,-0.00410959729,2025-12-03T16:48:21.914280
5346,1,5346,-0.00411475403,2025-12-03T16:48:21.956722
5347,1,5347,-0.0041008722,2025-12-03T16:48:22.029401
5348,1,5348,-0.00410059606,2025-12-03T16:48:22.102291
5349,1,5349,-0.00410062214,2025-12-03T16:48:22.174940
5350,1,5350,-0.00409481115,2025-12-03T16:48:22.217385
5351,1,5351,-0.00409659044,2025-12-03T16:48:22.259786
5352,1,5352,-0.00410114601,2025-12-03T16:48:22.332435
5353,1,5353,-0.00410075485,2025-12-03T16:48:22.405180
5354,1,5354,-0.00410159723,2025-12-03T16:48:22.477953
5355,1,5355,-0.00410214252,2025-12-03T16:48:22.520336
5356,1,5356,-0.00410150038,2025-12-03T16:48:22.562869
5357,1,5357,-0.00410122051,2025-12-03T16:48:22.582756
5358,1,5358,-0.0041007772,2025-12-03T16:48:22.655648
5359,1,5359,-0.00409338902,2025-12-03T16:48:22.728472
5360,1,5360,-0.00409962097,2025-12-03T16:48:22.801457
5361,1,5361,-0.00410055089,2025-12-03T16:48:22.843574
5362,1,5362,-0.00410062726,2025-12-03T16:48:22.885896
5363,1,5363,-0.00410072365,2025-12-03T16:48:22.905753
5364,1,5364,-0.00410331925,2025-12-03T16:48:22.925575
5365,1,5365,-0.00410287221,2025-12-03T16:48:22.945398
5366,1,5366,-0.00410194788,2025-12-03T16:48:22.965267
5367,1,5367,-0.0041022594,2025-12-03T16:48:22.985164
5368,1,5368,-0.00410153903,2025-12-03T16:48:23.057684
5369,1,5369,-0.00410237116,2025-12-03T16:48:23.130430
5370,1,5370,-0.00415928568,2025-12-03T16:48:23.203052
5371,1,5371,-0.00409374572,2025-12-03T16:48:23.245508
5372,1,5372,-0.00409798463,2025-12-03T16:48:23.288015
5373,1,5373,-0.00409955438,2025-12-03T16:48:23.360638
5374,1,5374,-0.00410121539,2025-12-03T16:48:23.433467
5375,1,5375,-0.00410088337,2025-12-03T16:48:23.506036
5376,1,5376,-0.00410012993,2025-12-03T16:48:23.548457
5377,1,5377,-0.00410067103,2025-12-03T16:48:23.590952
5378,1,5378,-0.00410000747,2025-12-03T16:48:23.663617
5379,1,5379,-0.00409649033,2025-12-03T16:48:23.736449
5380,1,5380,-0.00409830175,2025-12-03T16:48:23.809141
5381,1,5381,-0.00409784633,2025-12-03T16:48:23.851510
5382,1,5382,-0.00409907568,2025-12-03T16:48:23.893957
5383,1,5383,-0.0040990496,2025-12-03T16:48:23.966687
5384,1,5384,-0.00409914879,2025-12-03T16:48:24.039461
5385,1,5385,-0.00410015555,2025-12-03T16:48:24.112181
5386,1,5386,-0.00410109944,2025-12-03T16:48:24.154569
5387,1,5387,-0.00413524685,2025-12-03T16:48:24.196978
5388,1,5388,-0.00411192793,2025-12-03T16:48:24.216886
5389,1,5389,-0.00409549847,2025-12-03T16:48:24.289854
5390,1,5390,-0.00409783655,2025-12-03T16:48:24.362649
5391,1,5391,-0.00409956881,2025-12-03T16:48:24.405046
5392,1,5392,-0.00409945845,2025-12-03T16:48:24.447415
5393,1,5393,-0.00410069245,2025-12-03T16:48:24.467230
5394,1,5394,-0.00410032272,2025-12-03T16:48:24.540464
5395,1,5395,-0.00410062493,2025-12-03T16:48:24.613108
5396,1,5396,-0.00409993575,2025-12-03T16:48:24.685855
5397,1,5397,-0.0040825149,2025-12-03T16:48:24.728279
5398,1,5398,-0.00409456947,2025-12-03T16:48:24.770613
5399,1,5399,-0.00409750314,2025-12-03T16:48:24.790452
5400,1,5400,-0.00409850897,2025-12-03T16:48:24.863537
5401,1,5401,-0.00409974018,2025-12-03T16:48:24.936230
5402,1,5402,-0.00410102633,2025-12-03T16:48:25.009052
5403,1,5403,-0.00409974949,2025-12-03T16:48:25.051537
5404,1,5404,-0.00410060957,2025-12-03T16:48:25.093885
5405,1,5405,-0.00410090014,2025-12-03T16:48:25.166542
5406,1,5406,-0.00409573595,2025-12-03T16:48:25.239247
5407,1,5407,-0.00409984542,2025-12-03T16:48:25.311928
5408,1,5408,-0.00410080514,2025-12-03T16:48:25.354483
5409,1,5409,-0.00409986544,2025-12-03T16:48:25.396886
5410,1,5410,-0.00410123961,2025-12-03T16:48:25.416722
5411,1,5411,-0.00410164985,2025-12-03T16:48:25.489684
5412,1,5412,-0.00410302216,2025-12-03T16:48:25.562510
5413,1,5413,-0.00410362146,2025-12-03T16:48:25.635209
5414,1,5414,-0.00410330016,2025-12-03T16:48:25.677684
5415,1,5415,-0.00410375697,2025-12-03T16:48:25.720179
5416,1,5416,-0.00410454906,2025-12-03T16:48:25.792858
5417,1,5417,-0.00410276651,2025-12-03T16:48:25.865460
5418,1,5418,-0.00409703375,2025-12-03T16:48:25.938166
5419,1,5419,-0.00409756414,2025-12-03T16:48:25.980595
5420,1,5420,-0.00409882701,2025-12-03T16:48:26.023066
5421,1,5421,-0.00410158839,2025-12-03T16:48:26.095765
5422,1,5422,-0.00410281028,2025-12-03T16:48:26.168441
5423,1,5423,-0.00410121493,2025-12-03T16:48:26.241236
5424,1,5424,-0.00410376908,2025-12-03T16:48:26.283692
5425,1,5425,-0.00410255603,2025-12-03T16:48:26.326072
5426,1,5426,-0.00410140771,2025-12-03T16:48:26.345889
5427,1,5427,-0.0041051777,2025-12-03T16:48:26.419019
5428,1,5428,-0.00410113763,2025-12-03T16:48:26.491697
5429,1,5429,-0.00410175602,2025-12-03T16:48:26.564377
5430,1,5430,-0.00410118931,2025-12-03T16:48:26.606856
5431,1,5431,-0.00410247966,2025-12-03T16:48:26.649219
5432,1,5432,-0.00410375185,2025-12-03T16:48:26.725006
5433,1,5433,-0.00410282285,2025-12-03T16:48:26.797709
5434,1,5434,-0.00410158187,2025-12-03T16:48:26.870366
5435,1,5435,-0.00410482706,2025-12-03T16:48:26.912878
5436,1,5436,-0.00410352088,2025-12-03T16:48:26.955267
5437,1,5437,-0.00410184776,2025-12-03T16:48:27.028049
5438,1,5438,-0.00410231249,2025-12-03T16:48:27.100757
5439,1,5439,-0.0041036522,2025-12-03T16:48:27.173382
5440,1,5440,-0.00410229433,2025-12-03T16:48:27.215828
5441,1,5441,-0.00410279585,2025-12-03T16:48:27.258372
5442,1,5442,-0.00410317257,2025-12-03T16:48:27.278240
5443,1,5443,-0.00410258118,2025-12-03T16:48:27.351205
5444,1,5444,-0.00410246569,2025-12-03T16:48:27.423948
5445,1,5445,-0.00410078512,2025-12-03T16:48:27.496626
5446,1,5446,-0.00410191202,2025-12-03T16:48:27.539031
5447,1,5447,-0.0041019991,2025-12-03T16:48:27.581515
5448,1,5448,-0.00410191621,2025-12-03T16:48:27.654210
5449,1,5449,-0.0041020303,2025-12-03T16:48:27.726872
5450,1,5450,-0.00410086568,2025-12-03T16:48:27.799564
5451,1,5451,-0.00410344731,2025-12-03T16:48:27.842109
5452,1,5452,-0.00409743981,2025-12-03T16:48:27.884412
5453,1,5453,-0.00410639401,2025-12-03T16:48:27.957246
5454,1,5454,-0.00410091551,2025-12-03T16:48:28.029990
5455,1,5455,-0.00410161726,2025-12-03T16:48:28.102665
5456,1,5456,-0.00410229852,2025-12-03T16:48:28.145089
5457,1,5457,-0.00410216674,2025-12-03T16:48:28.187439
5458,1,5458,-0.00410331506,2025-12-03T16:48:28.207316
5459,1,5459,-0.00410293787,2025-12-03T16:48:28.280480
5460,1,5460,-0.00410503661,2025-12-03T16:48:28.353184
5461,1,5461,-0.00410372205,2025-12-03T16:48:28.425819
5462,1,5462,-0.00409999163,2025-12-03T16:48:28.468257
5463,1,5463,-0.00410315906,2025-12-03T16:48:28.510640
5464,1,5464,-0.00410401634,2025-12-03T16:48:28.583360
5465,1,5465,-0.00410414161,2025-12-03T16:48:28.656208
5466,1,5466,-0.00410653417,2025-12-03T16:48:28.728867
5467,1,5467,-0.00410676794,2025-12-03T16:48:28.771307
5468,1,5468,-0.00410499563,2025-12-03T16:48:28.813728
5469,1,5469,-0.00410418538,2025-12-03T16:48:28.833542
5470,1,5470,-0.00410781288,2025-12-03T16:48:28.906554
5471,1,5471,-0.00410330574,2025-12-03T16:48:28.979286
5472,1,5472,-0.00410487549,2025-12-03T16:48:29.052055
5473,1,5473,-0.00410531694,2025-12-03T16:48:29.094422
5474,1,5474,-0.00410469388,2025-12-03T16:48:29.136868
5475,1,5475,-0.0041053025,2025-12-03T16:48:29.209555
5476,1,5476,-0.0041076322,2025-12-03T16:48:29.282360
5477,1,5477,-0.00410671764,2025-12-03T16:48:29.355071
5478,1,5478,-0.00410590693,2025-12-03T16:48:29.397493
5479,1,5479,-0.00410860497,2025-12-03T16:48:29.439947
5480,1,5480,-0.00410234928,2025-12-03T16:48:29.512575
5481,1,5481,-0.00410461705,2025-12-03T16:48:29.585357
5482,1,5482,-0.00410414719,2025-12-03T16:48:29.658086
5483,1,5483,-0.00410450994,2025-12-03T16:48:29.700559
5484,1,5484,-0.00410267384,2025-12-03T16:48:29.742881
5485,1,5485,-0.00410110782,2025-12-03T16:48:29.762744
5486,1,5486,-0.00410206848,2025-12-03T16:48:29.835820
5487,1,5487,-0.00410185102,2025-12-03T16:48:29.908908
5488,1,5488,-0.00411149812,2025-12-03T16:48:29.950998
5489,1,5489,-0.00409873854,2025-12-03T16:48:29.993887
5490,1,5490,-0.00409995624,2025-12-03T16:48:30.014057
5491,1,5491,-0.00410100771,2025-12-03T16:48:30.086918
5492,1,5492,-0.00410145847,2025-12-03T16:48:30.159562
5493,1,5493,-0.00410040002,2025-12-03T16:48:30.231679
5494,1,5494,-0.00410166289,2025-12-03T16:48:30.274203
5495,1,5495,-0.00409983796,2025-12-03T16:48:30.316584
5496,1,5496,-0.00410065194,2025-12-03T16:48:30.389239
5497,1,5497,-0.00409950315,2025-12-03T16:48:30.506942
5498,1,5498,-0.00409754272,2025-12-03T16:48:30.538464
5499,1,5499,-0.00409740116,2025-12-03T16:48:30.575045
5500,1,5500,-0.00409677019,2025-12-03T16:48:30.594891
5501,1,5501,-0.00409841816,2025-12-03T16:48:30.614743
5502,1,5502,-0.00410050386,2025-12-03T16:48:30.687297
5503,1,5503,-0.00409914599,2025-12-03T16:48:30.759900
5504,1,5504,-0.00410122564,2025-12-03T16:48:30.832653
5505,1,5505,-0.00409993948,2025-12-03T16:48:30.875088
5506,1,5506,-0.00409921025,2025-12-03T16:48:30.917524
5507,1,5507,-0.00409862026,2025-12-03T16:48:30.990271
5508,1,5508,-0.00410013878,2025-12-03T16:48:31.062930
5509,1,5509,-0.00409936113,2025-12-03T16:48:31.135735
5510,1,5510,-0.00409925775,2025-12-03T16:48:31.178131
5511,1,5511,-0.00409935042,2025-12-03T16:48:31.220509
5512,1,5512,-0.00410018023,2025-12-03T16:48:31.293262
5513,1,5513,-0.00410086475,2025-12-03T16:48:31.365957
5514,1,5514,-0.00409924052,2025-12-03T16:48:31.438739
5515,1,5515,-0.00409937137,2025-12-03T16:48:31.481109
5516,1,5516,-0.0040976908,2025-12-03T16:48:31.523584
5517,1,5517,-0.00409921677,2025-12-03T16:48:31.543421
5518,1,5518,-0.00409870408,2025-12-03T16:48:31.616585
5519,1,5519,-0.00409945193,2025-12-03T16:48:31.689255
5520,1,5520,-0.00409980677,2025-12-03T16:48:31.761871
5521,1,5521,-0.00409783655,2025-12-03T16:48:31.804382
5522,1,5522,-0.00409949244,2025-12-03T16:48:31.846709
5523,1,5523,-0.00409957254,2025-12-03T16:48:31.921452
5524,1,5524,-0.00409581698,2025-12-03T16:48:31.994252
5525,1,5525,-0.00409928336,2025-12-03T16:48:32.066914
5526,1,5526,-0.00409659789,2025-12-03T16:48:32.109275
5527,1,5527,-0.00409661233,2025-12-03T16:48:32.151696
5528,1,5528,-0.00409840978,2025-12-03T16:48:32.224502
5529,1,5529,-0.00409851735,2025-12-03T16:48:32.297215
5530,1,5530,-0.00409850385,2025-12-03T16:48:32.369976
5531,1,5531,-0.00410361588,2025-12-03T16:48:32.412451
5532,1,5532,-0.00410285918,2025-12-03T16:48:32.454864
5533,1,5533,-0.00410347292,2025-12-03T16:48:32.474686
5534,1,5534,-0.00410258071,2025-12-03T16:48:32.547697
5535,1,5535,-0.0041022324,2025-12-03T16:48:32.620467
5536,1,5536,-0.00410055229,2025-12-03T16:48:32.693132
5537,1,5537,-0.00410031201,2025-12-03T16:48:32.735549
5538,1,5538,-0.00409551803,2025-12-03T16:48:32.777982
5539,1,5539,-0.00409866962,2025-12-03T16:48:32.850710
5540,1,5540,-0.00409997673,2025-12-03T16:48:32.923507
5541,1,5541,-0.00410040374,2025-12-03T16:48:32.996129
5542,1,5542,-0.00409937324,2025-12-03T16:48:33.038560
5543,1,5543,-0.00409912737,2025-12-03T16:48:33.081019
5544,1,5544,-0.00409886101,2025-12-03T16:48:33.154670
5545,1,5545,-0.00409991014,2025-12-03T16:48:33.227398
5546,1,5546,-0.00409751478,2025-12-03T16:48:33.300042
5547,1,5547,-0.00409997673,2025-12-03T16:48:33.342518
5548,1,5548,-0.00410097464,2025-12-03T16:48:33.384956
5549,1,5549,-0.00410007964,2025-12-03T16:48:33.404758
5550,1,5550,-0.00409793714,2025-12-03T16:48:33.477937
5551,1,5551,-0.00410156045,2025-12-03T16:48:33.550566
5552,1,5552,-0.00409761024,2025-12-03T16:48:33.623361
5553,1,5553,-0.0040999921,2025-12-03T16:48:33.665767
5554,1,5554,-0.0040992666,2025-12-03T16:48:33.708183
5555,1,5555,-0.00409368472,2025-12-03T16:48:33.780916
5556,1,5556,-0.00409899093,2025-12-03T16:48:33.853587
5557,1,5557,-0.0040994049,2025-12-03T16:48:33.926407
5558,1,5558,-0.00409874971,2025-12-03T16:48:33.968867
5559,1,5559,-0.00409802747,2025-12-03T16:48:34.011174
5560,1,5560,-0.00409863144,2025-12-03T16:48:34.083878
5561,1,5561,-0.00409691967,2025-12-03T16:48:34.157292
5562,1,5562,-0.00409599486,2025-12-03T16:48:34.229289
5563,1,5563,-0.00410669203,2025-12-03T16:48:34.271650
5564,1,5564,-0.00409281253,2025-12-03T16:48:34.314130
5565,1,5565,-0.00409613922,2025-12-03T16:48:34.387840
5566,1,5566,-0.00409642467,2025-12-03T16:48:34.460675
5567,1,5567,-0.00409971503,2025-12-03T16:48:34.533497
5568,1,5568,-0.00409774389,2025-12-03T16:48:34.575834
5569,1,5569,-0.00409833993,2025-12-03T16:48:34.618244
5570,1,5570,-0.00409965449,2025-12-03T16:48:34.638054
5571,1,5571,-0.00409845542,2025-12-03T16:48:34.711204
5572,1,5572,-0.00409863796,2025-12-03T16:48:34.783883
5573,1,5573,-0.00409892806,2025-12-03T16:48:34.856634
5574,1,5574,-0.00409829383,2025-12-03T16:48:34.898972
5575,1,5575,-0.00409808754,2025-12-03T16:48:34.941462
5576,1,5576,-0.00409849546,2025-12-03T16:48:35.014098
5577,1,5577,-0.00409960607,2025-12-03T16:48:35.086674
5578,1,5578,-0.0041114944,2025-12-03T16:48:35.159566
5579,1,5579,-0.00409632688,2025-12-03T16:48:35.201975
5580,1,5580,-0.00409879023,2025-12-03T16:48:35.244466
5581,1,5581,-0.00410093367,2025-12-03T16:48:35.264232
5582,1,5582,-0.00409865099,2025-12-03T16:48:35.337269
5583,1,5583,-0.00410039816,2025-12-03T16:48:35.410009
5584,1,5584,-0.00409890431,2025-12-03T16:48:35.482736
5585,1,5585,-0.00409829383,2025-12-03T16:48:35.525220
5586,1,5586,-0.00409936206,2025-12-03T16:48:35.567620
5587,1,5587,-0.00409787986,2025-12-03T16:48:35.640322
5588,1,5588,-0.00409872084,2025-12-03T16:48:35.712959
5589,1,5589,-0.00409997627,2025-12-03T16:48:35.785696
5590,1,5590,-0.00409832736,2025-12-03T16:48:35.828196
5591,1,5591,-0.0040980163,2025-12-03T16:48:35.870546
5592,1,5592,-0.00409860443,2025-12-03T16:48:35.890495
5593,1,5593,-0.00409216759,2025-12-03T16:48:35.963506
5594,1,5594,-0.0040964405,2025-12-03T16:48:36.036250
5595,1,5595,-0.00409908965,2025-12-03T16:48:36.109004
5596,1,5596,-0.00409925356,2025-12-03T16:48:36.151472
5597,1,5597,-0.00409896159,2025-12-03T16:48:36.193844
5598,1,5598,-0.00409926287,2025-12-03T16:48:36.266562
5599,1,5599,-0.00410141237,2025-12-03T16:48:36.339283
5600,1,5600,-0.00410320563,2025-12-03T16:48:36.411982
5601,1,5601,-0.00410895142,2025-12-03T16:48:36.454436
5602,1,5602,-0.0041018431,2025-12-03T16:48:36.496825
5603,1,5603,-0.00410068826,2025-12-03T16:48:36.569488
5604,1,5604,-0.00409977138,2025-12-03T16:48:36.642157
5605,1,5605,-0.0040997616,2025-12-03T16:48:36.715053
5606,1,5606,-0.00409823283,2025-12-03T16:48:36.757467
5607,1,5607,-0.00409800373,2025-12-03T16:48:36.799794
5608,1,5608,-0.00409897463,2025-12-03T16:48:36.819638
5609,1,5609,-0.00409713247,2025-12-03T16:48:36.892686
5610,1,5610,-0.0041021388,2025-12-03T16:48:36.965435
5611,1,5611,-0.00409878371,2025-12-03T16:48:37.038211
5612,1,5612,-0.00409894995,2025-12-03T16:48:37.080622
5613,1,5613,-0.00409827521,2025-12-03T16:48:37.123085
5614,1,5614,-0.00409887917,2025-12-03T16:48:37.195751
5615,1,5615,-0.00409831851,2025-12-03T16:48:37.268447
5616,1,5616,-0.00409843539,2025-12-03T16:48:37.341201
5617,1,5617,-0.00409967731,2025-12-03T16:48:37.383603
5618,1,5618,-0.00409903936,2025-12-03T16:48:37.426052
5619,1,5619,-0.00410072505,2025-12-03T16:48:37.445933
5620,1,5620,-0.0040984461,2025-12-03T16:48:37.518951
5621,1,5621,-0.00409816112,2025-12-03T16:48:37.591715
5622,1,5622,-0.00409840466,2025-12-03T16:48:37.664702
5623,1,5623,-0.0040987893,2025-12-03T16:48:37.707099
5624,1,5624,-0.00410003587,2025-12-03T16:48:37.749434
5625,1,5625,-0.0040998361,2025-12-03T16:48:37.822355
5626,1,5626,-0.00410068454,2025-12-03T16:48:37.895032
5627,1,5627,-0.00410143611,2025-12-03T16:48:37.967747
5628,1,5628,-0.00410049408,2025-12-03T16:48:38.040521
5629,1,5629,-0.00409964658,2025-12-03T16:48:38.112887
5630,1,5630,-0.00409969128,2025-12-03T16:48:38.186132
5631,1,5631,-0.00409946264,2025-12-03T16:48:38.258784
5632,1,5632,-0.00410034321,2025-12-03T16:48:38.331288
5633,1,5633,-0.00409919768,2025-12-03T16:48:38.373517
5634,1,5634,-0.00409906404,2025-12-03T16:48:38.416005
5635,1,5635,-0.00409983098,2025-12-03T16:48:38.435918
5636,1,5636,-0.00409806147,2025-12-03T16:48:38.509064
5637,1,5637,-0.00410027569,2025-12-03T16:48:38.582228
5638,1,5638,-0.00410337373,2025-12-03T16:48:38.654519
5639,1,5639,-0.00410423614,2025-12-03T16:48:38.696622
5640,1,5640,-0.00410278048,2025-12-03T16:48:38.738973
5641,1,5641,-0.00410338258,2025-12-03T16:48:38.811802
5642,1,5642,-0.00410272646,2025-12-03T16:48:38.884496
5643,1,5643,-0.00411410536,2025-12-03T16:48:38.957180
5644,1,5644,-0.00410939939,2025-12-03T16:48:38.999667
5645,1,5645,-0.00411645602,2025-12-03T16:48:39.042051
5646,1,5646,-0.00411500409,2025-12-03T16:48:39.061902
5647,1,5647,-0.00411578314,2025-12-03T16:48:39.135010
5648,1,5648,-0.00411580363,2025-12-03T16:48:39.207576
5649,1,5649,-0.00411735381,2025-12-03T16:48:39.280478
5650,1,5650,-0.00411720247,2025-12-03T16:48:39.322814
5651,1,5651,-0.00411706557,2025-12-03T16:48:39.365220
5652,1,5652,-0.00411737011,2025-12-03T16:48:39.385192
5653,1,5653,-0.00411922577,2025-12-03T16:48:39.405030
5654,1,5654,-0.00411537056,2025-12-03T16:48:39.424967
5655,1,5655,-0.00411713356,2025-12-03T16:48:39.444691
5656,1,5656,-0.00411542644,2025-12-03T16:48:39.518700
5657,1,5657,-0.00411685649,2025-12-03T16:48:39.591387
5658,1,5658,-0.00411855103,2025-12-03T16:48:39.664146
5659,1,5659,-0.00411645928,2025-12-03T16:48:39.706638
5660,1,5660,-0.00411619991,2025-12-03T16:48:39.749000
5661,1,5661,-0.00411707023,2025-12-03T16:48:39.768874
5662,1,5662,-0.00412207283,2025-12-03T16:48:39.841918
5663,1,5663,-0.0041165729,2025-12-03T16:48:39.914691
5664,1,5664,-0.00410999078,2025-12-03T16:48:39.987389
5665,1,5665,-0.00411307578,2025-12-03T16:48:40.029732
5666,1,5666,-0.00412053009,2025-12-03T16:48:40.072276
5667,1,5667,-0.00411577569,2025-12-03T16:48:40.092061
5668,1,5668,-0.00411801878,2025-12-03T16:48:40.165089
5669,1,5669,-0.00412074988,2025-12-03T16:48:40.237946
5670,1,5670,-0.00411713123,2025-12-03T16:48:40.310674
5671,1,5671,-0.00411589303,2025-12-03T16:48:40.353031
5672,1,5672,-0.00411344319,2025-12-03T16:48:40.395464
5673,1,5673,-0.00412464328,2025-12-03T16:48:40.468242
5674,1,5674,-0.00411112466,2025-12-03T16:48:40.540864
5675,1,5675,-0.00411130581,2025-12-03T16:48:40.613607
5676,1,5676,-0.00411016773,2025-12-03T16:48:40.656078
5677,1,5677,-0.00411257613,2025-12-03T16:48:40.698454
5678,1,5678,-0.00411718571,2025-12-03T16:48:40.771183
5679,1,5679,-0.00411408906,2025-12-03T16:48:40.843892
5680,1,5680,-0.00411669071,2025-12-03T16:48:40.916634
5681,1,5681,-0.004118192,2025-12-03T16:48:40.959021
5682,1,5682,-0.00411326345,2025-12-03T16:48:41.001481
5683,1,5683,-0.00411287462,2025-12-03T16:48:41.021376
5684,1,5684,-0.0041128965,2025-12-03T16:48:41.094323
5685,1,5685,-0.00411268835,2025-12-03T16:48:41.167002
5686,1,5686,-0.00411380175,2025-12-03T16:48:41.239844
5687,1,5687,-0.00411481317,2025-12-03T16:48:41.282127
5688,1,5688,-0.00411543343,2025-12-03T16:48:41.324506
5689,1,5689,-0.00411852588,2025-12-03T16:48:41.344216
5690,1,5690,-0.00411871587,2025-12-03T16:48:41.417459
5691,1,5691,-0.00411596754,2025-12-03T16:48:41.490197
5692,1,5692,-0.0041167587,2025-12-03T16:48:41.563045
5693,1,5693,-0.0041184891,2025-12-03T16:48:41.605381
5694,1,5694,-0.0041191806,2025-12-03T16:48:41.647940
5695,1,5695,-0.00411859387,2025-12-03T16:48:41.720601
5696,1,5696,-0.00411822693,2025-12-03T16:48:41.793280
5697,1,5697,-0.00411889981,2025-12-03T16:48:41.835651
5698,1,5698,-0.00412185676,2025-12-03T16:48:41.878158
5699,1,5699,-0.00413661636,2025-12-03T16:48:41.950855
5700,1,5700,-0.00413902383,2025-12-03T16:48:42.023570
5701,1,5701,-0.0041463552,2025-12-03T16:48:42.096256
5702,1,5702,-0.00414668163,2025-12-03T16:48:42.138670
5703,1,5703,-0.00414304388,2025-12-03T16:48:42.181367
5704,1,5704,-0.00414557196,2025-12-03T16:48:42.201556
5705,1,5705,-0.00414607068,2025-12-03T16:48:42.273981
5706,1,5706,-0.00414183083,2025-12-03T16:48:42.346866
5707,1,5707,-0.0041411505,2025-12-03T16:48:42.419452
5708,1,5708,-0.00414204457,2025-12-03T16:48:42.461947
5709,1,5709,-0.00414337217,2025-12-03T16:48:42.504267
5710,1,5710,-0.00414399662,2025-12-03T16:48:42.524044
5711,1,5711,-0.00414508068,2025-12-03T16:48:42.597196
5712,1,5712,-0.00414721574,2025-12-03T16:48:42.669959
5713,1,5713,-0.00414851494,2025-12-03T16:48:42.742722
5714,1,5714,-0.00414844462,2025-12-03T16:48:42.815434
5715,1,5715,-0.00414557429,2025-12-03T16:48:42.857860
5716,1,5716,-0.00412731897,2025-12-03T16:48:42.900407
5717,1,5717,-0.00414049951,2025-12-03T16:48:42.920279
5718,1,5718,-0.00414241338,2025-12-03T16:48:42.940024
5719,1,5719,-0.00414389371,2025-12-03T16:48:42.959942
5720,1,5720,-0.00414571119,2025-12-03T16:48:43.033522
5721,1,5721,-0.00414665089,2025-12-03T16:48:43.106328
5722,1,5722,-0.00414560781,2025-12-03T16:48:43.178983
5723,1,5723,-0.0041454737,2025-12-03T16:48:43.221447
5724,1,5724,-0.00414514355,2025-12-03T16:48:43.263978
5725,1,5725,-0.00414575729,2025-12-03T16:48:43.283943
5726,1,5726,-0.00414348999,2025-12-03T16:48:43.356871
5727,1,5727,-0.00414074445,2025-12-03T16:48:43.429535
5728,1,5728,-0.00414320407,2025-12-03T16:48:43.502148
5729,1,5729,-0.00414341455,2025-12-03T16:48:43.544580
5730,1,5730,-0.0041461843,2025-12-03T16:48:43.587109
5731,1,5731,-0.00414667744,2025-12-03T16:48:43.606952
5732,1,5732,-0.00414661131,2025-12-03T16:48:43.680086
5733,1,5733,-0.00414697499,2025-12-03T16:48:43.752737
5734,1,5734,-0.00414452841,2025-12-03T16:48:43.825493
5735,1,5735,-0.00414474681,2025-12-03T16:48:43.867846
5736,1,5736,-0.00414556777,2025-12-03T16:48:43.910277
5737,1,5737,-0.00414314353,2025-12-03T16:48:43.930206
5738,1,5738,-0.00414363341,2025-12-03T16:48:43.950174
5739,1,5739,-0.00414481246,2025-12-03T16:48:43.970027
5740,1,5740,-0.00414545228,2025-12-03T16:48:43.989855
5741,1,5741,-0.00414475006,2025-12-03T16:48:44.009723
5742,1,5742,-0.00414607161,2025-12-03T16:48:44.103270
5743,1,5743,-0.00414423085,2025-12-03T16:48:44.172780
5744,1,5744,-0.00414336938,2025-12-03T16:48:44.215258
5745,1,5745,-0.00414388813,2025-12-03T16:48:44.257730
5746,1,5746,-0.00414434634,2025-12-03T16:48:44.277491
5747,1,5747,-0.00414407765,2025-12-03T16:48:44.350631
5748,1,5748,-0.00414370093,2025-12-03T16:48:44.423331
5749,1,5749,-0.00414200359,2025-12-03T16:48:44.496046
5750,1,5750,-0.00414179731,2025-12-03T16:48:44.538501
5751,1,5751,-0.00413846923,2025-12-03T16:48:44.580849
5752,1,5752,-0.00413537072,2025-12-03T16:48:44.653583
5753,1,5753,-0.00413623685,2025-12-03T16:48:44.726351
5754,1,5754,-0.00413975585,2025-12-03T16:48:44.799097
5755,1,5755,-0.00413631135,2025-12-03T16:48:44.841499
5756,1,5756,-0.00413750298,2025-12-03T16:48:44.883951
5757,1,5757,-0.00413802964,2025-12-03T16:48:44.903884
5758,1,5758,-0.0041218386,2025-12-03T16:48:44.976870
5759,1,5759,-0.00412091426,2025-12-03T16:48:45.049505
5760,1,5760,-0.00412066606,2025-12-03T16:48:45.122305
5761,1,5761,-0.00411912053,2025-12-03T16:48:45.164592
5762,1,5762,-0.00411892309,2025-12-03T16:48:45.207102
5763,1,5763,-0.00411990843,2025-12-03T16:48:45.281816
5764,1,5764,-0.00412129377,2025-12-03T16:48:45.354588
5765,1,5765,-0.00412527658,2025-12-03T16:48:45.427305
5766,1,5766,-0.00412738276,2025-12-03T16:48:45.469741
5767,1,5767,-0.00412364769,2025-12-03T16:48:45.512182
5768,1,5768,-0.00412003649,2025-12-03T16:48:45.584863
5769,1,5769,-0.00412465725,2025-12-03T16:48:45.657577
5770,1,5770,-0.00411701761,2025-12-03T16:48:45.730360
5771,1,5771,-0.00411754008,2025-12-03T16:48:45.772696
5772,1,5772,-0.00411639316,2025-12-03T16:48:45.815112
5773,1,5773,-0.00411724811,2025-12-03T16:48:45.834970
5774,1,5774,-0.00411698967,2025-12-03T16:48:45.908094
5775,1,5775,-0.00411670235,2025-12-03T16:48:45.980735
5776,1,5776,-0.00411325506,2025-12-03T16:48:46.053523
5777,1,5777,-0.004113934,2025-12-03T16:48:46.095882
5778,1,5778,-0.00411735009,2025-12-03T16:48:46.138362
5779,1,5779,-0.00411307765,2025-12-03T16:48:46.211074
5780,1,5780,-0.00411510374,2025-12-03T16:48:46.283758
5781,1,5781,-0.0041149361,2025-12-03T16:48:46.356500
5782,1,5782,-0.00411553168,2025-12-03T16:48:46.398915
5783,1,5783,-0.00411557732,2025-12-03T16:48:46.441343
5784,1,5784,-0.00411779247,2025-12-03T16:48:46.514979
5785,1,5785,-0.00412070285,2025-12-03T16:48:46.587704
5786,1,5786,-0.00412449473,2025-12-03T16:48:46.660472
5787,1,5787,-0.00412018038,2025-12-03T16:48:46.702843
5788,1,5788,-0.00411990797,2025-12-03T16:48:46.745381
5789,1,5789,-0.00411726022,2025-12-03T16:48:46.765220
5790,1,5790,-0.00412436807,2025-12-03T16:48:46.838295
5791,1,5791,-0.00412852037,2025-12-03T16:48:46.910963
5792,1,5792,-0.00413488037,2025-12-03T16:48:46.983692
5793,1,5793,-0.0041314857,2025-12-03T16:48:47.026043
5794,1,5794,-0.00413869181,2025-12-03T16:48:47.068592
5795,1,5795,-0.00413785642,2025-12-03T16:48:47.141212
5796,1,5796,-0.00414270069,2025-12-03T16:48:47.213950
5797,1,5797,-0.00414453493,2025-12-03T16:48:47.286695
5798,1,5798,-0.00414134934,2025-12-03T16:48:47.329091
5799,1,5799,-0.00414142571,2025-12-03T16:48:47.371526
5800,1,5800,-0.00414287578,2025-12-03T16:48:47.391395
5801,1,5801,-0.00414233841,2025-12-03T16:48:47.464412
5802,1,5802,-0.00414421828,2025-12-03T16:48:47.537236
5803,1,5803,-0.00414499174,2025-12-03T16:48:47.609876
5804,1,5804,-0.00414593704,2025-12-03T16:48:47.652395
5805,1,5805,-0.00414861598,2025-12-03T16:48:47.694777
5806,1,5806,-0.00415105419,2025-12-03T16:48:47.714562
5807,1,5807,-0.00415124092,2025-12-03T16:48:47.734372
5808,1,5808,-0.00415332755,2025-12-03T16:48:47.754257
5809,1,5809,-0.00415194034,2025-12-03T16:48:47.774129
5810,1,5810,-0.00415201019,2025-12-03T16:48:47.847272
5811,1,5811,-0.00415156129,2025-12-03T16:48:47.919987
5812,1,5812,-0.00415098853,2025-12-03T16:48:47.992693
5813,1,5813,-0.0041533783,2025-12-03T16:48:48.035129
5814,1,5814,-0.00414709467,2025-12-03T16:48:48.077571
5815,1,5815,-0.00414647115,2025-12-03T16:48:48.097421
5816,1,5816,-0.00414748676,2025-12-03T16:48:48.170508
5817,1,5817,-0.00415355991,2025-12-03T16:48:48.243234
5818,1,5818,-0.00414964044,2025-12-03T16:48:48.315873
5819,1,5819,-0.00415173638,2025-12-03T16:48:48.358376
5820,1,5820,-0.00414955522,2025-12-03T16:48:48.400742
5821,1,5821,-0.00415188819,2025-12-03T16:48:48.420669
5822,1,5822,-0.00414871796,2025-12-03T16:48:48.493714
5823,1,5823,-0.00415043998,2025-12-03T16:48:48.566409
5824,1,5824,-0.00414987467,2025-12-03T16:48:48.639128
5825,1,5825,-0.00414961157,2025-12-03T16:48:48.681549
5826,1,5826,-0.00414836639,2025-12-03T16:48:48.723925
5827,1,5827,-0.0041496912,2025-12-03T16:48:48.796628
5828,1,5828,-0.00414822064,2025-12-03T16:48:48.869369
5829,1,5829,-0.00414897128,2025-12-03T16:48:48.942121
5830,1,5830,-0.00415424723,2025-12-03T16:48:49.014876
5831,1,5831,-0.00415961677,2025-12-03T16:48:49.057300
5832,1,5832,-0.00415977183,2025-12-03T16:48:49.099722
5833,1,5833,-0.0041564824,2025-12-03T16:48:49.172451
5834,1,5834,-0.00415781652,2025-12-03T16:48:49.245104
5835,1,5835,-0.00415762746,2025-12-03T16:48:49.317880
5836,1,5836,-0.00415894156,2025-12-03T16:48:49.360201
5837,1,5837,-0.00415792828,2025-12-03T16:48:49.402669
5838,1,5838,-0.00415314594,2025-12-03T16:48:49.475392
5839,1,5839,-0.00414715753,2025-12-03T16:48:49.548134
5840,1,5840,-0.00414955429,2025-12-03T16:48:49.620869
5841,1,5841,-0.00414639757,2025-12-03T16:48:49.663197
5842,1,5842,-0.00414590025,2025-12-03T16:48:49.705686
5843,1,5843,-0.00414835382,2025-12-03T16:48:49.779496
5844,1,5844,-0.00414864532,2025-12-03T16:48:49.852068
5845,1,5845,-0.00414575776,2025-12-03T16:48:49.924828
5846,1,5846,-0.00414866628,2025-12-03T16:48:49.967212
5847,1,5847,-0.0041469275,2025-12-03T16:48:50.009989
5848,1,5848,-0.00414551142,2025-12-03T16:48:50.029935
5849,1,5849,-0.00414663972,2025-12-03T16:48:50.102617
5850,1,5850,-0.00414580153,2025-12-03T16:48:50.175235
5851,1,5851,-0.0041467864,2025-12-03T16:48:50.247994
5852,1,5852,-0.00414541596,2025-12-03T16:48:50.290360
5853,1,5853,-0.00415035896,2025-12-03T16:48:50.332778
5854,1,5854,-0.00414739968,2025-12-03T16:48:50.405488
5855,1,5855,-0.00415174569,2025-12-03T16:48:50.478354
5856,1,5856,-0.00414923299,2025-12-03T16:48:50.551028
5857,1,5857,-0.00414955057,2025-12-03T16:48:50.593444
5858,1,5858,-0.00415134057,2025-12-03T16:48:50.636207
5859,1,5859,-0.00414794264,2025-12-03T16:48:50.709000
5860,1,5860,-0.00414784578,2025-12-03T16:48:50.781398
5861,1,5861,-0.00414934428,2025-12-03T16:48:50.854175
5862,1,5862,-0.00414875661,2025-12-03T16:48:50.896715
5863,1,5863,-0.00414724228,2025-12-03T16:48:50.938947
5864,1,5864,-0.00414891354,2025-12-03T16:48:51.012593
5865,1,5865,-0.00414827978,2025-12-03T16:48:51.085375
5866,1,5866,-0.00414839992,2025-12-03T16:48:51.158134
5867,1,5867,-0.00414791423,2025-12-03T16:48:51.200494
5868,1,5868,-0.0041449326,2025-12-03T16:48:51.242932
5869,1,5869,-0.00414566462,2025-12-03T16:48:51.262650
5870,1,5870,-0.004145307,2025-12-03T16:48:51.335871
5871,1,5871,-0.00414730329,2025-12-03T16:48:51.408531
5872,1,5872,-0.00414358079,2025-12-03T16:48:51.481313
5873,1,5873,-0.00414465228,2025-12-03T16:48:51.523742
5874,1,5874,-0.00414270395,2025-12-03T16:48:51.566054
5875,1,5875,-0.00414090882,2025-12-03T16:48:51.585981
5876,1,5876,-0.00414227228,2025-12-03T16:48:51.659080
5877,1,5877,-0.00414129579,2025-12-03T16:48:51.731750
5878,1,5878,-0.00414241896,2025-12-03T16:48:51.804460
5879,1,5879,-0.00414115795,2025-12-03T16:48:51.846880
5880,1,5880,-0.00414239009,2025-12-03T16:48:51.889259
5881,1,5881,-0.00414156634,2025-12-03T16:48:51.909085
5882,1,5882,-0.00413992535,2025-12-03T16:48:51.929255
5883,1,5883,-0.00414038682,2025-12-03T16:48:51.949203
5884,1,5884,-0.0041378038,2025-12-03T16:48:51.969007
5885,1,5885,-0.00414052093,2025-12-03T16:48:51.988865
5886,1,5886,-0.00413865409,2025-12-03T16:48:52.062006
5887,1,5887,-0.0041399803,2025-12-03T16:48:52.134757
5888,1,5888,-0.00412926822,2025-12-03T16:48:52.207454
5889,1,5889,-0.00413398211,2025-12-03T16:48:52.249866
5890,1,5890,-0.00413095438,2025-12-03T16:48:52.292213
5891,1,5891,-0.00413144705,2025-12-03T16:48:52.365076
5892,1,5892,-0.00412944611,2025-12-03T16:48:52.437765
5893,1,5893,-0.00412881281,2025-12-03T16:48:52.510539
5894,1,5894,-0.00412769755,2025-12-03T16:48:52.552862
5895,1,5895,-0.0041265469,2025-12-03T16:48:52.595388
5896,1,5896,-0.00412811525,2025-12-03T16:48:52.615298
5897,1,5897,-0.00412654876,2025-12-03T16:48:52.688243
5898,1,5898,-0.00412975577,2025-12-03T16:48:52.760947
5899,1,5899,-0.00412881234,2025-12-03T16:48:52.833607
5900,1,5900,-0.00412894831,2025-12-03T16:48:52.876057
5901,1,5901,-0.00412570871,2025-12-03T16:48:52.918521
5902,1,5902,-0.00412198342,2025-12-03T16:48:52.991148
5903,1,5903,-0.00412198202,2025-12-03T16:48:53.064004
5904,1,5904,-0.00412941025,2025-12-03T16:48:53.136596
5905,1,5905,-0.00411957874,2025-12-03T16:48:53.179062
5906,1,5906,-0.00412454875,2025-12-03T16:48:53.221520
5907,1,5907,-0.00412692967,2025-12-03T16:48:53.295383
5908,1,5908,-0.00410808948,2025-12-03T16:48:53.367974
5909,1,5909,-0.00411605136,2025-12-03T16:48:53.440615
5910,1,5910,-0.00410875352,2025-12-03T16:48:53.483129
5911,1,5911,-0.00410852488,2025-12-03T16:48:53.525537
5912,1,5912,-0.0041101654,2025-12-03T16:48:53.545361
5913,1,5913,-0.0041136099,2025-12-03T16:48:53.618422
5914,1,5914,-0.00410142587,2025-12-03T16:48:53.691227
5915,1,5915,-0.00410524429,2025-12-03T16:48:53.763870
5916,1,5916,-0.00410543009,2025-12-03T16:48:53.806280
5917,1,5917,-0.00410534767,2025-12-03T16:48:53.848687
5918,1,5918,-0.0041057365,2025-12-03T16:48:53.921418
5919,1,5919,-0.00410563405,2025-12-03T16:48:53.994178
5920,1,5920,-0.00410412903,2025-12-03T16:48:54.066926
5921,1,5921,-0.00410622591,2025-12-03T16:48:54.109320
5922,1,5922,-0.0041037877,2025-12-03T16:48:54.151746
5923,1,5923,-0.00410321634,2025-12-03T16:48:54.171692
5924,1,5924,-0.00410450855,2025-12-03T16:48:54.244609
5925,1,5925,-0.004104116,2025-12-03T16:48:54.317334
5926,1,5926,-0.00410178909,2025-12-03T16:48:54.390112
5927,1,5927,-0.0040954519,2025-12-03T16:48:54.432571
5928,1,5928,-0.00409895041,2025-12-03T16:48:54.474975
5929,1,5929,-0.00410136394,2025-12-03T16:48:54.547677
5930,1,5930,-0.00410191435,2025-12-03T16:48:54.620477
5931,1,5931,-0.00410139933,2025-12-03T16:48:54.693074
5932,1,5932,-0.00410349806,2025-12-03T16:48:54.735500
5933,1,5933,-0.00410271994,2025-12-03T16:48:54.777895
5934,1,5934,-0.00410389993,2025-12-03T16:48:54.850683
5935,1,5935,-0.00410105334,2025-12-03T16:48:54.923331
5936,1,5936,-0.00410275487,2025-12-03T16:48:54.995985
5937,1,5937,-0.00410399958,2025-12-03T16:48:55.038429
5938,1,5938,-0.00410296581,2025-12-03T16:48:55.080899
5939,1,5939,-0.00410390226,2025-12-03T16:48:55.100797
5940,1,5940,-0.00410155765,2025-12-03T16:48:55.173876
5941,1,5941,-0.00410205963,2025-12-03T16:48:55.246546
5942,1,5942,-0.00410311203,2025-12-03T16:48:55.319300
5943,1,5943,-0.00410212716,2025-12-03T16:48:55.361802
5944,1,5944,-0.00410823523,2025-12-03T16:48:55.404223
5945,1,5945,-0.00410149479,2025-12-03T16:48:55.477863
5946,1,5946,-0.00410199211,2025-12-03T16:48:55.550577
5947,1,5947,-0.0041033877,2025-12-03T16:48:55.623348
5948,1,5948,-0.00410326989,2025-12-03T16:48:55.665777
5949,1,5949,-0.00410425011,2025-12-03T16:48:55.708205
5950,1,5950,-0.00410447129,2025-12-03T16:48:55.728098
5951,1,5951,-0.00410404428,2025-12-03T16:48:55.801085
5952,1,5952,-0.00410387432,2025-12-03T16:48:55.873819
5953,1,5953,-0.00410680985,2025-12-03T16:48:55.916234
5954,1,5954,-0.00410234415,2025-12-03T16:48:55.958629
5955,1,5955,-0.00410445826,2025-12-03T16:48:56.031330
5956,1,5956,-0.00410526851,2025-12-03T16:48:56.104150
5957,1,5957,-0.00410612719,2025-12-03T16:48:56.176722
5958,1,5958,-0.00410660356,2025-12-03T16:48:56.249553
5959,1,5959,-0.00410712277,2025-12-03T16:48:56.291940
5960,1,5960,-0.0041035572,2025-12-03T16:48:56.352407
5961,1,5961,-0.00410408526,2025-12-03T16:48:56.424242
5962,1,5962,-0.00410375138,2025-12-03T16:48:56.496911
5963,1,5963,-0.00410514045,2025-12-03T16:48:56.539267
5964,1,5964,-0.00410465989,2025-12-03T16:48:56.581863
5965,1,5965,-0.00410538539,2025-12-03T16:48:56.601683
5966,1,5966,-0.00410445686,2025-12-03T16:48:56.676697
5967,1,5967,-0.00410457095,2025-12-03T16:48:56.749487
5968,1,5968,-0.00410390272,2025-12-03T16:48:56.822214
5969,1,5969,-0.00410438282,2025-12-03T16:48:56.864581
5970,1,5970,-0.00411194004,2025-12-03T16:48:56.906966
5971,1,5971,-0.00410254066,2025-12-03T16:48:56.926765
5972,1,5972,-0.00410318095,2025-12-03T16:48:56.999975
5973,1,5973,-0.00410575559,2025-12-03T16:48:57.072695
5974,1,5974,-0.00410424778,2025-12-03T16:48:57.145444
5975,1,5975,-0.0041050571,2025-12-03T16:48:57.187878
5976,1,5976,-0.00410265289,2025-12-03T16:48:57.230205
5977,1,5977,-0.00410522939,2025-12-03T16:48:57.302931
5978,1,5978,-0.0041058273,2025-12-03T16:48:57.375583
5979,1,5979,-0.00410150736,2025-12-03T16:48:57.448270
5980,1,5980,-0.00410256627,2025-12-03T16:48:57.490778
5981,1,5981,-0.00410394789,2025-12-03T16:48:57.533132
5982,1,5982,-0.00410412717,2025-12-03T16:48:57.552952
5983,1,5983,-0.00410457793,2025-12-03T16:48:57.626146
5984,1,5984,-0.00410538027,2025-12-03T16:48:57.698943
5985,1,5985,-0.00410685455,2025-12-03T16:48:57.771501
5986,1,5986,-0.00410566385,2025-12-03T16:48:57.814060
5987,1,5987,-0.00410509621,2025-12-03T16:48:57.856453
5988,1,5988,-0.00410554464,2025-12-03T16:48:57.876323
5989,1,5989,-0.00410571368,2025-12-03T16:48:57.896204
5990,1,5990,-0.00411435728,2025-12-03T16:48:57.916056
5991,1,5991,-0.00410278886,2025-12-03T16:48:57.935932
5992,1,5992,-0.00410365918,2025-12-03T16:48:58.009976
5993,1,5993,-0.004105133,2025-12-03T16:48:58.082645
5994,1,5994,-0.00410418398,2025-12-03T16:48:58.155319
5995,1,5995,-0.00410410016,2025-12-03T16:48:58.197638
5996,1,5996,-0.00410305615,2025-12-03T16:48:58.240259
5997,1,5997,-0.00410428503,2025-12-03T16:48:58.260038
5998,1,5998,-0.0041052387,2025-12-03T16:48:58.333139
5999,1,5999,-0.00411190744,2025-12-03T16:48:58.405882
6000,1,6000,-0.00410242751,2025-12-03T16:48:58.478511
6001,1,6001,-0.00410411134,2025-12-03T16:48:58.520994
6002,1,6002,-0.00410530017,2025-12-03T16:48:58.563581
6003,1,6003,-0.00410443916,2025-12-03T16:48:58.583404
6004,1,6004,-0.00410531507,2025-12-03T16:48:58.656376
6005,1,6005,-0.004109025,2025-12-03T16:48:58.729111
6006,1,6006,-0.00411119684,2025-12-03T16:48:58.801878
6007,1,6007,-0.00410403031,2025-12-03T16:48:58.844233
6008,1,6008,-0.00410247547,2025-12-03T16:48:58.886595
6009,1,6009,-0.00410002516,2025-12-03T16:48:58.959371
6010,1,6010,-0.00410276418,2025-12-03T16:48:59.032035
6011,1,6011,-0.00410412251,2025-12-03T16:48:59.104881
6012,1,6012,-0.00410372531,2025-12-03T16:48:59.147239
6013,1,6013,-0.00410281494,2025-12-03T16:48:59.189640
6014,1,6014,-0.00410216161,2025-12-03T16:48:59.262397
6015,1,6015,-0.00410393578,2025-12-03T16:48:59.335082
6016,1,6016,-0.00410937331,2025-12-03T16:48:59.407677
6017,1,6017,-0.00410287501,2025-12-03T16:48:59.450211
6018,1,6018,-0.00410263007,2025-12-03T16:48:59.492699
6019,1,6019,-0.00410186219,2025-12-03T16:48:59.512627
6020,1,6020,-0.00410402426,2025-12-03T16:48:59.585490
6021,1,6021,-0.00410464731,2025-12-03T16:48:59.658294
6022,1,6022,-0.00410339189,2025-12-03T16:48:59.731031
6023,1,6023,-0.00410319771,2025-12-03T16:48:59.773472
6024,1,6024,-0.0041057039,2025-12-03T16:48:59.815879
6025,1,6025,-0.0041059195,2025-12-03T16:48:59.835713
6026,1,6026,-0.00411107717,2025-12-03T16:48:59.908768
6027,1,6027,-0.00410398747,2025-12-03T16:48:59.981497
6028,1,6028,-0.0041031721,2025-12-03T16:49:00.054281
6029,1,6029,-0.00410268222,2025-12-03T16:49:00.096662
6030,1,6030,-0.00410302635,2025-12-03T16:49:00.139263
6031,1,6031,-0.00410253275,2025-12-03T16:49:00.211801
6032,1,6032,-0.0041033579,2025-12-03T16:49:00.284546
6033,1,6033,-0.00410418165,2025-12-03T16:49:00.357252
6034,1,6034,-0.00410362705,2025-12-03T16:49:00.399650
6035,1,6035,-0.00410172156,2025-12-03T16:49:00.442060
6036,1,6036,-0.00410330435,2025-12-03T16:49:00.514784
6037,1,6037,-0.00410389015,2025-12-03T16:49:00.587446
6038,1,6038,-0.0041039586,2025-12-03T16:49:00.629928
6039,1,6039,-0.00410507246,2025-12-03T16:49:00.672286
6040,1,6040,-0.00410626921,2025-12-03T16:49:00.692093
6041,1,6041,-0.00410473439,2025-12-03T16:49:00.765215
6042,1,6042,-0.00410604709,2025-12-03T16:49:00.837959
6043,1,6043,-0.00410417607,2025-12-03T16:49:00.910672
6044,1,6044,-0.0041120327,2025-12-03T16:49:00.953052
6045,1,6045,-0.00410436373,2025-12-03T16:49:00.995763
6046,1,6046,-0.00410500122,2025-12-03T16:49:01.015634
6047,1,6047,-0.0041208649,2025-12-03T16:49:01.088447
6048,1,6048,-0.004095593,2025-12-03T16:49:01.161119
6049,1,6049,-0.00410117208,2025-12-03T16:49:01.233818
6050,1,6050,-0.00410079816,2025-12-03T16:49:01.276316
6051,1,6051,-0.00410056533,2025-12-03T16:49:01.318752
6052,1,6052,-0.00410387199,2025-12-03T16:49:01.391465
6053,1,6053,-0.00410075532,2025-12-03T16:49:01.464218
6054,1,6054,-0.00410285964,2025-12-03T16:49:01.536903
6055,1,6055,-0.00409948173,2025-12-03T16:49:01.579307
6056,1,6056,-0.00409171171,2025-12-03T16:49:01.621805
6057,1,6057,-0.00409871712,2025-12-03T16:49:01.694451
6058,1,6058,-0.00410324754,2025-12-03T16:49:01.767085
6059,1,6059,-0.00410434231,2025-12-03T16:49:01.839836
6060,1,6060,-0.00410414207,2025-12-03T16:49:01.882315
6061,1,6061,-0.00410381378,2025-12-03T16:49:01.924760
6062,1,6062,-0.00410473486,2025-12-03T16:49:01.944563
6063,1,6063,-0.00410528108,2025-12-03T16:49:02.017689
6064,1,6064,-0.0041259448,2025-12-03T16:49:02.090386
6065,1,6065,-0.00409665331,2025-12-03T16:49:02.163112
6066,1,6066,-0.00410079117,2025-12-03T16:49:02.205532
6067,1,6067,-0.00410328479,2025-12-03T16:49:02.247951
6068,1,6068,-0.00410581286,2025-12-03T16:49:02.320741
6069,1,6069,-0.004105411,2025-12-03T16:49:02.393361
6070,1,6070,-0.00410570204,2025-12-03T16:49:02.466068
6071,1,6071,-0.00410558935,2025-12-03T16:49:02.508462
6072,1,6072,-0.00410558795,2025-12-03T16:49:02.550979
6073,1,6073,-0.00410989159,2025-12-03T16:49:02.623558
6074,1,6074,-0.00410029478,2025-12-03T16:49:02.696273
6075,1,6075,-0.00410434277,2025-12-03T16:49:02.768912
6076,1,6076,-0.00410418771,2025-12-03T16:49:02.811417
6077,1,6077,-0.00410606386,2025-12-03T16:49:02.853823
6078,1,6078,-0.00410609506,2025-12-03T16:49:02.873576
6079,1,6079,-0.00410558702,2025-12-03T16:49:02.946726
6080,1,6080,-0.00410649878,2025-12-03T16:49:03.019677
6081,1,6081,-0.00412345258,2025-12-03T16:49:03.092187
6082,1,6082,-0.00409379228,2025-12-03T16:49:03.134631
6083,1,6083,-0.00410028686,2025-12-03T16:49:03.177110
6084,1,6084,-0.00410498538,2025-12-03T16:49:03.249867
6085,1,6085,-0.00410596746,2025-12-03T16:49:03.322587
6086,1,6086,-0.00410668877,2025-12-03T16:49:03.395341
6087,1,6087,-0.00410582544,2025-12-03T16:49:03.437666
6088,1,6088,-0.00410537328,2025-12-03T16:49:03.480166
6089,1,6089,-0.00410609412,2025-12-03T16:49:03.500077
6090,1,6090,-0.00410624314,2025-12-03T16:49:03.573117
6091,1,6091,-0.00409744866,2025-12-03T16:49:03.645718
6092,1,6092,-0.00410416815,2025-12-03T16:49:03.718466
6093,1,6093,-0.00410489458,2025-12-03T16:49:03.760914
6094,1,6094,-0.00410514464,2025-12-03T16:49:03.803371
6095,1,6095,-0.00410461006,2025-12-03T16:49:03.876179
6096,1,6096,-0.00410617375,2025-12-03T16:49:03.948827
6097,1,6097,-0.00410674605,2025-12-03T16:49:04.021650
6098,1,6098,-0.00410730065,2025-12-03T16:49:04.064303
6099,1,6099,-0.00413432018,2025-12-03T16:49:04.106736
6100,1,6100,-0.00410294206,2025-12-03T16:49:04.179220
6101,1,6101,-0.00410452391,2025-12-03T16:49:04.251768
6102,1,6102,-0.00410573789,2025-12-03T16:49:04.324702
6103,1,6103,-0.00410524243,2025-12-03T16:49:04.367386
6104,1,6104,-0.00410628784,2025-12-03T16:49:04.410333
6105,1,6105,-0.00410580821,2025-12-03T16:49:04.430481
6106,1,6106,-0.00410799868,2025-12-03T16:49:04.503269
6107,1,6107,-0.00409901095,2025-12-03T16:49:04.575930
6108,1,6108,-0.00410317024,2025-12-03T16:49:04.648667
6109,1,6109,-0.00410408433,2025-12-03T16:49:04.691125
6110,1,6110,-0.00410365266,2025-12-03T16:49:04.733540
6111,1,6111,-0.00410487037,2025-12-03T16:49:04.808322
6112,1,6112,-0.00410572718,2025-12-03T16:49:04.880949
6113,1,6113,-0.00410603359,2025-12-03T16:49:04.953731
6114,1,6114,-0.00410509807,2025-12-03T16:49:04.996099
6115,1,6115,-0.00410731974,2025-12-03T16:49:05.038622
6116,1,6116,-0.00410428969,2025-12-03T16:49:05.111277
6117,1,6117,-0.00410459935,2025-12-03T16:49:05.184082
6118,1,6118,-0.00410605827,2025-12-03T16:49:05.256698
6119,1,6119,-0.00410657003,2025-12-03T16:49:05.299093
6120,1,6120,-0.00410655234,2025-12-03T16:49:05.341558
6121,1,6121,-0.00410570576,2025-12-03T16:49:05.361387
6122,1,6122,-0.00410635769,2025-12-03T16:49:05.434473
6123,1,6123,-0.00410758284,2025-12-03T16:49:05.507225
6124,1,6124,-0.0041043777,2025-12-03T16:49:05.579960
6125,1,6125,-0.00410018535,2025-12-03T16:49:05.622283
6126,1,6126,-0.00410092342,2025-12-03T16:49:05.664881
6127,1,6127,-0.00410130945,2025-12-03T16:49:05.684733
6128,1,6128,-0.0041024005,2025-12-03T16:49:05.757697
6129,1,6129,-0.00410116976,2025-12-03T16:49:05.830459
6130,1,6130,-0.00410370528,2025-12-03T16:49:05.903104
6131,1,6131,-0.00410335185,2025-12-03T16:49:05.945468
6132,1,6132,-0.00410125963,2025-12-03T16:49:05.988015
6133,1,6133,-0.00411087134,2025-12-03T16:49:06.060739
6134,1,6134,-0.00410145148,2025-12-03T16:49:06.133483
6135,1,6135,-0.00410719122,2025-12-03T16:49:06.206091
6136,1,6136,-0.00410753814,2025-12-03T16:49:06.248506
6137,1,6137,-0.0041067521,2025-12-03T16:49:06.291048
6138,1,6138,-0.00410596048,2025-12-03T16:49:06.363618
6139,1,6139,-0.00410868693,2025-12-03T16:49:06.436479
6140,1,6140,-0.0041061528,2025-12-03T16:49:06.509166
6141,1,6141,-0.00411221524,2025-12-03T16:49:06.551604
6142,1,6142,-0.00409739417,2025-12-03T16:49:06.594063
6143,1,6143,-0.00409755669,2025-12-03T16:49:06.613959
6144,1,6144,-0.00410100724,2025-12-03T16:49:06.686895
6145,1,6145,-0.00410059327,2025-12-03T16:49:06.759641
6146,1,6146,-0.00410132156,2025-12-03T16:49:06.832366
6147,1,6147,-0.00410159677,2025-12-03T16:49:06.874788
6148,1,6148,-0.00410240609,2025-12-03T16:49:06.917197
6149,1,6149,-0.00410350784,2025-12-03T16:49:06.989916
6150,1,6150,-0.00411161314,2025-12-03T16:49:07.062593
6151,1,6151,-0.00410187151,2025-12-03T16:49:07.135384
6152,1,6152,-0.00410089455,2025-12-03T16:49:07.177767
6153,1,6153,-0.00410183938,2025-12-03T16:49:07.220162
6154,1,6154,-0.00410208525,2025-12-03T16:49:07.293021
6155,1,6155,-0.00410237768,2025-12-03T16:49:07.365683
6156,1,6156,-0.00410245172,2025-12-03T16:49:07.438789
6157,1,6157,-0.00410291599,2025-12-03T16:49:07.480970
6158,1,6158,-0.00410287082,2025-12-03T16:49:07.523709
6159,1,6159,-0.00409789942,2025-12-03T16:49:07.596355
6160,1,6160,-0.00410152552,2025-12-03T16:49:07.668638
6161,1,6161,-0.00410244334,2025-12-03T16:49:07.741338
6162,1,6162,-0.00410210248,2025-12-03T16:49:07.783721
6163,1,6163,-0.0041025104,2025-12-03T16:49:07.826146
6164,1,6164,-0.00410236837,2025-12-03T16:49:07.846222
6165,1,6165,-0.00410327967,2025-12-03T16:49:07.919114
6166,1,6166,-0.00410292157,2025-12-03T16:49:07.991690
6167,1,6167,-0.00411146739,2025-12-03T16:49:08.064532
6168,1,6168,-0.00410022959,2025-12-03T16:49:08.106892
6169,1,6169,-0.0041007949,2025-12-03T16:49:08.149408
6170,1,6170,-0.00410337559,2025-12-03T16:49:08.222074
6171,1,6171,-0.00410256907,2025-12-03T16:49:08.294812
6172,1,6172,-0.00410285219,2025-12-03T16:49:08.367521
6173,1,6173,-0.00410314835,2025-12-03T16:49:08.409903
6174,1,6174,-0.00410283869,2025-12-03T16:49:08.452424
6175,1,6175,-0.00410370575,2025-12-03T16:49:08.525110
6176,1,6176,-0.00410078931,2025-12-03T16:49:08.597904
6177,1,6177,-0.00410287827,2025-12-03T16:49:08.670477
6178,1,6178,-0.00410142308,2025-12-03T16:49:08.712997
6179,1,6179,-0.00410222029,2025-12-03T16:49:08.755474
6180,1,6180,-0.00410262076,2025-12-03T16:49:08.775392
6181,1,6181,-0.00410355301,2025-12-03T16:49:08.848264
6182,1,6182,-0.00410219328,2025-12-03T16:49:08.921057
6183,1,6183,-0.00409927358,2025-12-03T16:49:08.993749
6184,1,6184,-0.0041026324,2025-12-03T16:49:09.036208
6185,1,6185,-0.00410118512,2025-12-03T16:49:09.078617
6186,1,6186,-0.0041001616,2025-12-03T16:49:09.151341
6187,1,6187,-0.00410153763,2025-12-03T16:49:09.224040
6188,1,6188,-0.00410058861,2025-12-03T16:49:09.296774
6189,1,6189,-0.00410180212,2025-12-03T16:49:09.339224
6190,1,6190,-0.00410056812,2025-12-03T16:49:09.381549
6191,1,6191,-0.00410240143,2025-12-03T16:49:09.457343
6192,1,6192,-0.00410263473,2025-12-03T16:49:09.530067
6193,1,6193,-0.00410001026,2025-12-03T16:49:09.602814
6194,1,6194,-0.00410076649,2025-12-03T16:49:09.645263
6195,1,6195,-0.00410211645,2025-12-03T16:49:09.687683
6196,1,6196,-0.00410102354,2025-12-03T16:49:09.707528
6197,1,6197,-0.00410121213,2025-12-03T16:49:09.780610
6198,1,6198,-0.00410126103,2025-12-03T16:49:09.853268
6199,1,6199,-0.00410147011,2025-12-03T16:49:09.925944
6200,1,6200,-0.00410333834,2025-12-03T16:49:09.968573
6201,1,6201,-0.00410079071,2025-12-03T16:49:10.010988
6202,1,6202,-0.00409994972,2025-12-03T16:49:10.083634
6203,1,6203,-0.00410342123,2025-12-03T16:49:10.156276
6204,1,6204,-0.00410270597,2025-12-03T16:49:10.229028
6205,1,6205,-0.00410304311,2025-12-03T16:49:10.271398
6206,1,6206,-0.00410452811,2025-12-03T16:49:10.313863
6207,1,6207,-0.00410604849,2025-12-03T16:49:10.386476
6208,1,6208,-0.00410527829,2025-12-03T16:49:10.459193
6209,1,6209,-0.00410671718,2025-12-03T16:49:10.531935
6210,1,6210,-0.00410936027,2025-12-03T16:49:10.574460
6211,1,6211,-0.0041041309,2025-12-03T16:49:10.616874
6212,1,6212,-0.00410451646,2025-12-03T16:49:10.690603
6213,1,6213,-0.0041041607,2025-12-03T16:49:10.763300
6214,1,6214,-0.00410574255,2025-12-03T16:49:10.835996
6215,1,6215,-0.00410491274,2025-12-03T16:49:10.878410
6216,1,6216,-0.00410602753,2025-12-03T16:49:10.920850
6217,1,6217,-0.00410557771,2025-12-03T16:49:10.940702
6218,1,6218,-0.00410582777,2025-12-03T16:49:11.013876
6219,1,6219,-0.00410489039,2025-12-03T16:49:11.086485
6220,1,6220,-0.00410464452,2025-12-03T16:49:11.159242
6221,1,6221,-0.00410613184,2025-12-03T16:49:11.201683
6222,1,6222,-0.00410619005,2025-12-03T16:49:11.244239
6223,1,6223,-0.00410627434,2025-12-03T16:49:11.264197
6224,1,6224,-0.00410602008,2025-12-03T16:49:11.336910
6225,1,6225,-0.00410443963,2025-12-03T16:49:11.409727
6226,1,6226,-0.00410559307,2025-12-03T16:49:11.482460
6227,1,6227,-0.00410564662,2025-12-03T16:49:11.524878
6228,1,6228,-0.00410868739,2025-12-03T16:49:11.567319
6229,1,6229,-0.00410599028,2025-12-03T16:49:11.639898
6230,1,6230,-0.00410710042,2025-12-03T16:49:11.712659
6231,1,6231,-0.00410966482,2025-12-03T16:49:11.785471
6232,1,6232,-0.00410930486,2025-12-03T16:49:11.827874
6233,1,6233,-0.00410991627,2025-12-03T16:49:11.870286
6234,1,6234,-0.00410887459,2025-12-03T16:49:11.943034
6235,1,6235,-0.0041055493,2025-12-03T16:49:12.015725
6236,1,6236,-0.0041062124,2025-12-03T16:49:12.088382
6237,1,6237,-0.00410513626,2025-12-03T16:49:12.130871
6238,1,6238,-0.00410568295,2025-12-03T16:49:12.173232
6239,1,6239,-0.00410506082,2025-12-03T16:49:12.193055
6240,1,6240,-0.00410685734,2025-12-03T16:49:12.266138
6241,1,6241,-0.00410624453,2025-12-03T16:49:12.338860
6242,1,6242,-0.00410726014,2025-12-03T16:49:12.381354
6243,1,6243,-0.00410682428,2025-12-03T16:49:12.423725
6244,1,6244,-0.00410666037,2025-12-03T16:49:12.443662
6245,1,6245,-0.00410579005,2025-12-03T16:49:12.516618
6246,1,6246,-0.00410626223,2025-12-03T16:49:12.589392
6247,1,6247,-0.00410501519,2025-12-03T16:49:12.662108
6248,1,6248,-0.00410580448,2025-12-03T16:49:12.704552
6249,1,6249,-0.00410564942,2025-12-03T16:49:12.746940
6250,1,6250,-0.00410664221,2025-12-03T16:49:12.766758
6251,1,6251,-0.00410652905,2025-12-03T16:49:12.839900
6252,1,6252,-0.00409980025,2025-12-03T16:49:12.912630
6253,1,6253,-0.00410398002,2025-12-03T16:49:12.985252
6254,1,6254,-0.00410241028,2025-12-03T16:49:13.027627
6255,1,6255,-0.004104116,2025-12-03T16:49:13.070090
6256,1,6256,-0.00410441774,2025-12-03T16:49:13.142837
6257,1,6257,-0.00410587713,2025-12-03T16:49:13.215586
6258,1,6258,-0.0041058748,2025-12-03T16:49:13.288338
6259,1,6259,-0.00410642102,2025-12-03T16:49:13.330713
6260,1,6260,-0.00410551205,2025-12-03T16:49:13.373087
6261,1,6261,-0.00410573557,2025-12-03T16:49:13.445807
6262,1,6262,-0.00410829577,2025-12-03T16:49:13.518512
6263,1,6263,-0.00410563778,2025-12-03T16:49:13.591843
6264,1,6264,-0.00410728575,2025-12-03T16:49:13.633631
6265,1,6265,-0.00410607876,2025-12-03T16:49:13.676183
6266,1,6266,-0.00410478655,2025-12-03T16:49:13.696072
6267,1,6267,-0.00410753162,2025-12-03T16:49:13.768962
6268,1,6268,-0.00410622917,2025-12-03T16:49:13.841940
6269,1,6269,-0.00410551484,2025-12-03T16:49:13.914397
6270,1,6270,-0.00410285312,2025-12-03T16:49:13.956849
6271,1,6271,-0.00410317955,2025-12-03T16:49:13.999276
6272,1,6272,-0.00410440238,2025-12-03T16:49:14.072970
6273,1,6273,-0.00410620961,2025-12-03T16:49:14.145884
6274,1,6274,-0.0041063833,2025-12-03T16:49:14.218535
6275,1,6275,-0.00410468503,2025-12-03T16:49:14.260994
6276,1,6276,-0.00410531461,2025-12-03T16:49:14.303443
6277,1,6277,-0.00410591484,2025-12-03T16:49:14.323185
6278,1,6278,-0.00410390272,2025-12-03T16:49:14.396178
6279,1,6279,-0.00410539191,2025-12-03T16:49:14.468968
6280,1,6280,-0.00410649366,2025-12-03T16:49:14.541686
6281,1,6281,-0.00410585291,2025-12-03T16:49:14.614505
6282,1,6282,-0.00410562986,2025-12-03T16:49:14.656957
6283,1,6283,-0.00410528481,2025-12-03T16:49:14.699253
6284,1,6284,-0.00410692533,2025-12-03T16:49:14.719104
6285,1,6285,-0.00410600332,2025-12-03T16:49:14.738942
6286,1,6286,-0.00410598004,2025-12-03T16:49:14.759019
6287,1,6287,-0.00410436652,2025-12-03T16:49:14.780419
6288,1,6288,-0.00411402108,2025-12-03T16:49:14.852858
6289,1,6289,-0.00410440703,2025-12-03T16:49:14.925466
6290,1,6290,-0.00410611554,2025-12-03T16:49:14.998275
6291,1,6291,-0.00410610344,2025-12-03T16:49:15.040857
6292,1,6292,-0.00410643452,2025-12-03T16:49:15.083051
6293,1,6293,-0.00411625672,2025-12-03T16:49:15.155852
6294,1,6294,-0.00411885837,2025-12-03T16:49:15.228571
6295,1,6295,-0.00411743856,2025-12-03T16:49:15.301298
6296,1,6296,-0.00411307159,2025-12-03T16:49:15.373950
6297,1,6297,-0.00411244528,2025-12-03T16:49:15.416422
6298,1,6298,-0.00411155633,2025-12-03T16:49:15.458841
6299,1,6299,-0.00411130674,2025-12-03T16:49:15.478616
6300,1,6300,-0.00411007367,2025-12-03T16:49:15.498467
6301,1,6301,-0.00411271443,2025-12-03T16:49:15.518405
6302,1,6302,-0.00411235867,2025-12-03T16:49:15.538208
6303,1,6303,-0.0041113696,2025-12-03T16:49:15.611354
6304,1,6304,-0.00411203457,2025-12-03T16:49:15.684087
6305,1,6305,-0.00410925364,2025-12-03T16:49:15.756874
6306,1,6306,-0.00411114608,2025-12-03T16:49:15.799225
6307,1,6307,-0.00411001546,2025-12-03T16:49:15.841656
6308,1,6308,-0.00411430234,2025-12-03T16:49:15.861561
6309,1,6309,-0.0041075889,2025-12-03T16:49:15.934564
6310,1,6310,-0.00410826504,2025-12-03T16:49:16.007236
6311,1,6311,-0.00410800799,2025-12-03T16:49:16.079884
6312,1,6312,-0.00410881964,2025-12-03T16:49:16.122287
6313,1,6313,-0.00410788971,2025-12-03T16:49:16.164838
6314,1,6314,-0.00411020591,2025-12-03T16:49:16.237572
6315,1,6315,-0.00410746596,2025-12-03T16:49:16.310288
6316,1,6316,-0.00410900497,2025-12-03T16:49:16.382910
6317,1,6317,-0.0041069095,2025-12-03T16:49:16.425406
6318,1,6318,-0.00410748552,2025-12-03T16:49:16.467891
6319,1,6319,-0.00410636095,2025-12-03T16:49:16.540809
6320,1,6320,-0.00410697422,2025-12-03T16:49:16.613142
6321,1,6321,-0.0041073244,2025-12-03T16:49:16.685890
6322,1,6322,-0.00410617329,2025-12-03T16:49:16.728417
6323,1,6323,-0.0041050408,2025-12-03T16:49:16.770846
6324,1,6324,-0.00410501379,2025-12-03T16:49:16.790725
6325,1,6325,-0.00410534301,2025-12-03T16:49:16.863759
6326,1,6326,-0.00410650949,2025-12-03T16:49:16.936460
6327,1,6327,-0.00410447316,2025-12-03T16:49:17.036566
6328,1,6328,-0.00410486571,2025-12-03T16:49:17.077848
6329,1,6329,-0.00410489644,2025-12-03T16:49:17.097574
6330,1,6330,-0.0041077868,2025-12-03T16:49:17.170759
6331,1,6331,-0.00410676421,2025-12-03T16:49:17.243497
6332,1,6332,-0.00410946924,2025-12-03T16:49:17.285968
6333,1,6333,-0.00410465709,2025-12-03T16:49:17.328298
6334,1,6334,-0.00410800566,2025-12-03T16:49:17.348169
6335,1,6335,-0.00410966342,2025-12-03T16:49:17.422238
6336,1,6336,-0.00410853326,2025-12-03T16:49:17.494973
6337,1,6337,-0.00410962151,2025-12-03T16:49:17.567700
6338,1,6338,-0.00410754,2025-12-03T16:49:17.610097
6339,1,6339,-0.00410981383,2025-12-03T16:49:17.652568
6340,1,6340,-0.00410646526,2025-12-03T16:49:17.672436
6341,1,6341,-0.0041067712,2025-12-03T16:49:17.745520
6342,1,6342,-0.00410853652,2025-12-03T16:49:17.818195
6343,1,6343,-0.00410496117,2025-12-03T16:49:17.890860
6344,1,6344,-0.00409617554,2025-12-03T16:49:17.933340
6345,1,6345,-0.00410662451,2025-12-03T16:49:17.975730
6346,1,6346,-0.00410647364,2025-12-03T16:49:17.995472
6347,1,6347,-0.00410847133,2025-12-03T16:49:18.015182
6348,1,6348,-0.00410899473,2025-12-03T16:49:18.035259
6349,1,6349,-0.00410881545,2025-12-03T16:49:18.055237
6350,1,6350,-0.00410832464,2025-12-03T16:49:18.075011
6351,1,6351,-0.00410977797,2025-12-03T16:49:18.147535
6352,1,6352,-0.00410988554,2025-12-03T16:49:18.220229
6353,1,6353,-0.00411045085,2025-12-03T16:49:18.292864
6354,1,6354,-0.00415926333,2025-12-03T16:49:18.335336
6355,1,6355,-0.00409897929,2025-12-03T16:49:18.377697
6356,1,6356,-0.00410681497,2025-12-03T16:49:18.450486
6357,1,6357,-0.00410798657,2025-12-03T16:49:18.523296
6358,1,6358,-0.00410973699,2025-12-03T16:49:18.595965
6359,1,6359,-0.00423633493,2025-12-03T16:49:18.638298
6360,1,6360,-0.00424363836,2025-12-03T16:49:18.680737
6361,1,6361,-0.00424353778,2025-12-03T16:49:18.756852
6362,1,6362,-0.00427101226,2025-12-03T16:49:18.829170
6363,1,6363,-0.00423973053,2025-12-03T16:49:18.901904
6364,1,6364,-0.00423969607,2025-12-03T16:49:18.944656
6365,1,6365,-0.00424110284,2025-12-03T16:49:18.986699
6366,1,6366,-0.00424188934,2025-12-03T16:49:19.007112
6367,1,6367,-0.00424271728,2025-12-03T16:49:19.079867
6368,1,6368,-0.00424334406,2025-12-03T16:49:19.152363
6369,1,6369,-0.00424212124,2025-12-03T16:49:19.225206
6370,1,6370,-0.00424311682,2025-12-03T16:49:19.267514
6371,1,6371,-0.00424174545,2025-12-03T16:49:19.309975
6372,1,6372,-0.00423720059,2025-12-03T16:49:19.382720
6373,1,6373,-0.00424320762,2025-12-03T16:49:19.455496
6374,1,6374,-0.0042434968,2025-12-03T16:49:19.528191
6375,1,6375,-0.00424590101,2025-12-03T16:49:19.600832
6376,1,6376,-0.00424365885,2025-12-03T16:49:19.643280
6377,1,6377,-0.00424354337,2025-12-03T16:49:19.685675
6378,1,6378,-0.00424321275,2025-12-03T16:49:19.758444
6379,1,6379,-0.00424067815,2025-12-03T16:49:19.831172
6380,1,6380,-0.00424004206,2025-12-03T16:49:19.903730
6381,1,6381,-0.00424287561,2025-12-03T16:49:19.946262
6382,1,6382,-0.00424288166,2025-12-03T16:49:19.988653
6383,1,6383,-0.00424376642,2025-12-03T16:49:20.061449
6384,1,6384,-0.00424334453,2025-12-03T16:49:20.134120
6385,1,6385,-0.00424368679,2025-12-03T16:49:20.206835
6386,1,6386,-0.00424347212,2025-12-03T16:49:20.249222
6387,1,6387,-0.00424327468,2025-12-03T16:49:20.291697
6388,1,6388,-0.00424187816,2025-12-03T16:49:20.364443
6389,1,6389,-0.0042449343,2025-12-03T16:49:20.437206
6390,1,6390,-0.00424396013,2025-12-03T16:49:20.479617
6391,1,6391,-0.00424401415,2025-12-03T16:49:20.521963
6392,1,6392,-0.00424356339,2025-12-03T16:49:20.542264
6393,1,6393,-0.00424367282,2025-12-03T16:49:20.562240
6394,1,6394,-0.00424350937,2025-12-03T16:49:20.635092
6395,1,6395,-0.00424365699,2025-12-03T16:49:20.707889
6396,1,6396,-0.00424433872,2025-12-03T16:49:20.780515
6397,1,6397,-0.00424325279,2025-12-03T16:49:20.823439
6398,1,6398,-0.00424034614,2025-12-03T16:49:20.865392
6399,1,6399,-0.00424420554,2025-12-03T16:49:20.938581
6400,1,6400,-0.00424280762,2025-12-03T16:49:21.010848
6401,1,6401,-0.00424294127,2025-12-03T16:49:21.083567
6402,1,6402,-0.00424538226,2025-12-03T16:49:21.125893
6403,1,6403,-0.00424457108,2025-12-03T16:49:21.168412
6404,1,6404,-0.00424513593,2025-12-03T16:49:21.241041
6405,1,6405,-0.00424576643,2025-12-03T16:49:21.313884
6406,1,6406,-0.00424145581,2025-12-03T16:49:21.386482
6407,1,6407,-0.00424234708,2025-12-03T16:49:21.429009
6408,1,6408,-0.00424397457,2025-12-03T16:49:21.471425
6409,1,6409,-0.00424309866,2025-12-03T16:49:21.491322
6410,1,6410,-0.00424343021,2025-12-03T16:49:21.564362
6411,1,6411,-0.00424429634,2025-12-03T16:49:21.637030
6412,1,6412,-0.00424399645,2025-12-03T16:49:21.709790
6413,1,6413,-0.00424498599,2025-12-03T16:49:21.752207
6414,1,6414,-0.004241738,2025-12-03T16:49:21.794616
6415,1,6415,-0.00424344139,2025-12-03T16:49:21.814497
6416,1,6416,-0.00424299342,2025-12-03T16:49:21.887539
6417,1,6417,-0.00424352521,2025-12-03T16:49:21.960234
6418,1,6418,-0.00424455711,2025-12-03T16:49:22.032964
6419,1,6419,-0.00424321368,2025-12-03T16:49:22.075350
6420,1,6420,-0.00424399552,2025-12-03T16:49:22.117884
6421,1,6421,-0.00424519972,2025-12-03T16:49:22.190526
6422,1,6422,-0.00424437271,2025-12-03T16:49:22.263248
6423,1,6423,-0.00424970733,2025-12-03T16:49:22.335993
6424,1,6424,-0.00424342555,2025-12-03T16:49:22.378366
6425,1,6425,-0.00424108235,2025-12-03T16:49:22.420800
6426,1,6426,-0.00424414034,2025-12-03T16:49:22.493500
6427,1,6427,-0.00424697296,2025-12-03T16:49:22.566174
6428,1,6428,-0.00424395175,2025-12-03T16:49:22.638889
6429,1,6429,-0.00424423953,2025-12-03T16:49:22.681369
6430,1,6430,-0.00424456875,2025-12-03T16:49:22.723711
6431,1,6431,-0.00424593035,2025-12-03T16:49:22.796536
6432,1,6432,-0.00424251891,2025-12-03T16:49:22.869253
6433,1,6433,-0.00424367329,2025-12-03T16:49:22.941988
6434,1,6434,-0.00424389401,2025-12-03T16:49:22.984303
6435,1,6435,-0.00424452777,2025-12-03T16:49:23.026880
6436,1,6436,-0.00424512382,2025-12-03T16:49:23.046713
6437,1,6437,-0.00424576876,2025-12-03T16:49:23.119709
6438,1,6438,-0.00424512429,2025-12-03T16:49:23.192469
6439,1,6439,-0.00424611754,2025-12-03T16:49:23.265109
6440,1,6440,-0.00424544932,2025-12-03T16:49:23.307521
6441,1,6441,-0.00425401516,2025-12-03T16:49:23.349993
6442,1,6442,-0.00424433778,2025-12-03T16:49:23.422662
6443,1,6443,-0.00424528867,2025-12-03T16:49:23.495468
6444,1,6444,-0.00424711359,2025-12-03T16:49:23.568147
6445,1,6445,-0.00424554944,2025-12-03T16:49:23.640833
6446,1,6446,-0.00424552708,2025-12-03T16:49:23.713533
6447,1,6447,-0.00424654455,2025-12-03T16:49:23.755965
6448,1,6448,-0.00424656551,2025-12-03T16:49:23.798434
6449,1,6449,-0.00424591312,2025-12-03T16:49:23.818318
6450,1,6450,-0.00425002723,2025-12-03T16:49:23.838052
6451,1,6451,-0.00424841465,2025-12-03T16:49:23.857948
6452,1,6452,-0.00424680439,2025-12-03T16:49:23.877885
6453,1,6453,-0.00424628611,2025-12-03T16:49:23.950984
6454,1,6454,-0.00424612499,2025-12-03T16:49:24.023664
6455,1,6455,-0.00424643279,2025-12-03T16:49:24.096379
6456,1,6456,-0.00424579763,2025-12-03T16:49:24.138883
6457,1,6457,-0.00424606353,2025-12-03T16:49:24.181265
6458,1,6458,-0.00424606166,2025-12-03T16:49:24.201057
6459,1,6459,-0.00424770684,2025-12-03T16:49:24.220935
6460,1,6460,-0.00424713455,2025-12-03T16:49:24.240868
6461,1,6461,-0.0042464137,2025-12-03T16:49:24.260726
6462,1,6462,-0.00424610357,2025-12-03T16:49:24.280659
6463,1,6463,-0.00424953922,2025-12-03T16:49:24.353894
6464,1,6464,-0.0042453478,2025-12-03T16:49:24.426625
6465,1,6465,-0.00424420135,2025-12-03T16:49:24.499392
6466,1,6466,-0.00424648914,2025-12-03T16:49:24.541798
6467,1,6467,-0.00424657808,2025-12-03T16:49:24.584164
6468,1,6468,-0.00424779066,2025-12-03T16:49:24.656896
6469,1,6469,-0.00424709357,2025-12-03T16:49:24.729625
6470,1,6470,-0.00424580322,2025-12-03T16:49:24.802403
6471,1,6471,-0.00424637738,2025-12-03T16:49:24.875126
6472,1,6472,-0.0042461208,2025-12-03T16:49:24.917527
6473,1,6473,-0.00424661347,2025-12-03T16:49:24.959986
6474,1,6474,-0.00424642208,2025-12-03T16:49:24.979893
6475,1,6475,-0.00424870243,2025-12-03T16:49:24.999742
6476,1,6476,-0.00424783676,2025-12-03T16:49:25.019629
6477,1,6477,-0.00424737203,2025-12-03T16:49:25.039525
6478,1,6478,-0.00425404775,2025-12-03T16:49:25.113486
6479,1,6479,-0.00425409479,2025-12-03T16:49:25.186202
6480,1,6480,-0.00425278022,2025-12-03T16:49:25.258846
6481,1,6481,-0.00425181072,2025-12-03T16:49:25.301307
6482,1,6482,-0.00425037974,2025-12-03T16:49:25.343785
6483,1,6483,-0.00425005145,2025-12-03T16:49:25.363584
6484,1,6484,-0.00424720626,2025-12-03T16:49:25.436605
6485,1,6485,-0.00424236431,2025-12-03T16:49:25.509373
6486,1,6486,-0.00424519041,2025-12-03T16:49:25.582051
6487,1,6487,-0.00424512289,2025-12-03T16:49:25.624506
6488,1,6488,-0.00424656458,2025-12-03T16:49:25.666984
6489,1,6489,-0.0042467406,2025-12-03T16:49:25.739659
6490,1,6490,-0.00424632243,2025-12-03T16:49:25.812465
6491,1,6491,-0.00424733757,2025-12-03T16:49:25.885125
6492,1,6492,-0.00424747355,2025-12-03T16:49:25.927512
6493,1,6493,-0.00424744794,2025-12-03T16:49:25.969979
6494,1,6494,-0.0042457804,2025-12-03T16:49:25.989840
6495,1,6495,-0.00424738088,2025-12-03T16:49:26.062854
6496,1,6496,-0.00424768822,2025-12-03T16:49:26.135612
6497,1,6497,-0.00424569752,2025-12-03T16:49:26.208248
6498,1,6498,-0.00424736691,2025-12-03T16:49:26.250771
6499,1,6499,-0.00424537528,2025-12-03T16:49:26.293220
6500,1,6500,-0.00424682954,2025-12-03T16:49:26.365906
6501,1,6501,-0.00424690451,2025-12-03T16:49:26.438512
6502,1,6502,-0.00424688169,2025-12-03T16:49:26.511327
6503,1,6503,-0.00425790436,2025-12-03T16:49:26.553656
6504,1,6504,-0.00424407236,2025-12-03T16:49:26.596221
6505,1,6505,-0.0042452868,2025-12-03T16:49:26.671897
6506,1,6506,-0.0042459825,2025-12-03T16:49:26.744656
6507,1,6507,-0.00424745213,2025-12-03T16:49:26.817285
6508,1,6508,-0.00424507912,2025-12-03T16:49:26.859764
6509,1,6509,-0.00424510845,2025-12-03T16:49:26.902127
6510,1,6510,-0.00424504233,2025-12-03T16:49:26.921982
6511,1,6511,-0.0042459974,2025-12-03T16:49:26.995050
6512,1,6512,-0.00423309998,2025-12-03T16:49:27.067879
6513,1,6513,-0.00424444489,2025-12-03T16:49:27.140572
6514,1,6514,-0.00424517923,2025-12-03T16:49:27.182952
6515,1,6515,-0.00424391683,2025-12-03T16:49:27.225413
6516,1,6516,-0.00424488866,2025-12-03T16:49:27.245168
6517,1,6517,-0.00424442673,2025-12-03T16:49:27.265038
6518,1,6518,-0.00424470053,2025-12-03T16:49:27.284936
6519,1,6519,-0.00424539949,2025-12-03T16:49:27.304866
6520,1,6520,-0.00424583163,2025-12-03T16:49:27.324883
6521,1,6521,-0.0042450712,2025-12-03T16:49:27.397109
6522,1,6522,-0.00424656504,2025-12-03T16:49:27.469752
6523,1,6523,-0.00424573384,2025-12-03T16:49:27.542548
6524,1,6524,-0.00423912843,2025-12-03T16:49:27.584982
6525,1,6525,-0.00424383999,2025-12-03T16:49:27.627500
6526,1,6526,-0.00424355687,2025-12-03T16:49:27.647287
6527,1,6527,-0.00424672476,2025-12-03T16:49:27.720307
6528,1,6528,-0.00424664746,2025-12-03T16:49:27.793412
6529,1,6529,-0.00424622697,2025-12-03T16:49:27.866133
6530,1,6530,-0.00424655433,2025-12-03T16:49:27.908148
6531,1,6531,-0.00424809055,2025-12-03T16:49:27.950707
6532,1,6532,-0.00424687052,2025-12-03T16:49:28.023338
6533,1,6533,-0.0042384346,2025-12-03T16:49:28.096399
6534,1,6534,-0.0042443457,2025-12-03T16:49:28.168704
6535,1,6535,-0.00424455618,2025-12-03T16:49:28.211235
6536,1,6536,-0.0042445301,2025-12-03T16:49:28.253610
6537,1,6537,-0.00424559414,2025-12-03T16:49:28.326294
6538,1,6538,-0.00424575526,2025-12-03T16:49:28.399039
6539,1,6539,-0.00424546003,2025-12-03T16:49:28.471704
6540,1,6540,-0.00424535479,2025-12-03T16:49:28.514194
6541,1,6541,-0.0042794072,2025-12-03T16:49:28.556552
6542,1,6542,-0.00424118852,2025-12-03T16:49:28.629323
6543,1,6543,-0.00424554897,2025-12-03T16:49:28.702017
6544,1,6544,-0.00424395501,2025-12-03T16:49:28.774741
6545,1,6545,-0.00424520904,2025-12-03T16:49:28.817134
6546,1,6546,-0.00424536317,2025-12-03T16:49:28.859529
6547,1,6547,-0.00424546096,2025-12-03T16:49:28.879477
6548,1,6548,-0.00424396479,2025-12-03T16:49:28.952527
6549,1,6549,-0.00424385769,2025-12-03T16:49:29.025182
6550,1,6550,-0.00423947349,2025-12-03T16:49:29.097889
6551,1,6551,-0.00424233078,2025-12-03T16:49:29.140369
6552,1,6552,-0.00424375198,2025-12-03T16:49:29.182753
6553,1,6553,-0.00424436293,2025-12-03T16:49:29.255500
6554,1,6554,-0.00424352334,2025-12-03T16:49:29.344653
6555,1,6555,-0.00424457248,2025-12-03T16:49:29.401005
6556,1,6556,-0.00424405699,2025-12-03T16:49:29.443297
6557,1,6557,-0.00424378365,2025-12-03T16:49:29.485776
6558,1,6558,-0.00427833432,2025-12-03T16:49:29.558430
6559,1,6559,-0.00422148872,2025-12-03T16:49:29.631244
6560,1,6560,-0.00424302276,2025-12-03T16:49:29.703982
6561,1,6561,-0.00424367655,2025-12-03T16:49:29.746408
6562,1,6562,-0.00424358947,2025-12-03T16:49:29.788761
6563,1,6563,-0.0042437883,2025-12-03T16:49:29.808657
6564,1,6564,-0.00424570823,2025-12-03T16:49:29.881722
6565,1,6565,-0.00424464512,2025-12-03T16:49:29.954472
6566,1,6566,-0.00424511032,2025-12-03T16:49:30.027064
6567,1,6567,-0.00424419948,2025-12-03T16:49:30.069520
6568,1,6568,-0.00424443185,2025-12-03T16:49:30.111935
6569,1,6569,-0.0042451932,2025-12-03T16:49:30.186817
6570,1,6570,-0.00423681223,2025-12-03T16:49:30.259452
6571,1,6571,-0.00424237968,2025-12-03T16:49:30.332148
6572,1,6572,-0.00424341997,2025-12-03T16:49:30.374530
6573,1,6573,-0.00424342369,2025-12-03T16:49:30.416961
6574,1,6574,-0.0042439443,2025-12-03T16:49:30.489750
6575,1,6575,-0.00424394337,2025-12-03T16:49:30.594400
6576,1,6576,-0.00424531474,2025-12-03T16:49:30.633146
6577,1,6577,-0.00424244021,2025-12-03T16:49:30.683596
6578,1,6578,-0.00424395501,2025-12-03T16:49:30.704542
6579,1,6579,-0.00424388656,2025-12-03T16:49:30.777517
6580,1,6580,-0.00424522906,2025-12-03T16:49:30.850308
6581,1,6581,-0.00424411753,2025-12-03T16:49:30.923083
6582,1,6582,-0.00424626888,2025-12-03T16:49:30.965447
6583,1,6583,-0.00424590101,2025-12-03T16:49:31.007920
6584,1,6584,-0.00424401415,2025-12-03T16:49:31.027916
6585,1,6585,-0.00424591079,2025-12-03T16:49:31.100708
6586,1,6586,-0.00424488354,2025-12-03T16:49:31.173516
6587,1,6587,-0.004250939,2025-12-03T16:49:31.246219
6588,1,6588,-0.0042431429,2025-12-03T16:49:31.288660
6589,1,6589,-0.00424410915,2025-12-03T16:49:31.331012
6590,1,6590,-0.00424478901,2025-12-03T16:49:31.403858
6591,1,6591,-0.00424423022,2025-12-03T16:49:31.476513
6592,1,6592,-0.00424561556,2025-12-03T16:49:31.549221
6593,1,6593,-0.00424405047,2025-12-03T16:49:31.591606
6594,1,6594,-0.00424475036,2025-12-03T16:49:31.634100
6595,1,6595,-0.00424577202,2025-12-03T16:49:31.653851
6596,1,6596,-0.00424490729,2025-12-03T16:49:31.726919
6597,1,6597,-0.00424262741,2025-12-03T16:49:31.799727
6598,1,6598,-0.00424417993,2025-12-03T16:49:31.872396
6599,1,6599,-0.0042442698,2025-12-03T16:49:31.914844
6600,1,6600,-0.00424499902,2025-12-03T16:49:31.957282
6601,1,6601,-0.00424416083,2025-12-03T16:49:32.029996
6602,1,6602,-0.00424584373,2025-12-03T16:49:32.102649
6603,1,6603,-0.00424394756,2025-12-03T16:49:32.175405
6604,1,6604,-0.00424630148,2025-12-03T16:49:32.217876
6605,1,6605,-0.00425200909,2025-12-03T16:49:32.260295
6606,1,6606,-0.00424468889,2025-12-03T16:49:32.333017
6607,1,6607,-0.00424371752,2025-12-03T16:49:32.405740
6608,1,6608,-0.00424464792,2025-12-03T16:49:32.478479
6609,1,6609,-0.00424464652,2025-12-03T16:49:32.520749
6610,1,6610,-0.00424492266,2025-12-03T16:49:32.563278
6611,1,6611,-0.00424565654,2025-12-03T16:49:32.635986
6612,1,6612,-0.00424359273,2025-12-03T16:49:32.708661
6613,1,6613,-0.00424576317,2025-12-03T16:49:32.781398
6614,1,6614,-0.00423983857,2025-12-03T16:49:32.823882
6615,1,6615,-0.00424259295,2025-12-03T16:49:32.866206
6616,1,6616,-0.00424317456,2025-12-03T16:49:32.885958
6617,1,6617,-0.0042414437,2025-12-03T16:49:32.959187
6618,1,6618,-0.00424094172,2025-12-03T16:49:33.031847
6619,1,6619,-0.00424091052,2025-12-03T16:49:33.104533
6620,1,6620,-0.00424165232,2025-12-03T16:49:33.147023
6621,1,6621,-0.00424187164,2025-12-03T16:49:33.189468
6622,1,6622,-0.00424203416,2025-12-03T16:49:33.209344
6623,1,6623,-0.00424181018,2025-12-03T16:49:33.282410
6624,1,6624,-0.00424202531,2025-12-03T16:49:33.355137
6625,1,6625,-0.0042418004,2025-12-03T16:49:33.427884
6626,1,6626,-0.00424201786,2025-12-03T16:49:33.470186
6627,1,6627,-0.00424241973,2025-12-03T16:49:33.512689
6628,1,6628,-0.00424273498,2025-12-03T16:49:33.585313
6629,1,6629,-0.00424330774,2025-12-03T16:49:33.658133
6630,1,6630,-0.0042435741,2025-12-03T16:49:33.730868
6631,1,6631,-0.00424221949,2025-12-03T16:49:33.773216
6632,1,6632,-0.00424365326,2025-12-03T16:49:33.815694
6633,1,6633,-0.00424336129,2025-12-03T16:49:33.888338
6634,1,6634,-0.0042417501,2025-12-03T16:49:33.961102
6635,1,6635,-0.00424420833,2025-12-03T16:49:34.033845
6636,1,6636,-0.00424252822,2025-12-03T16:49:34.076241
6637,1,6637,-0.00424339342,2025-12-03T16:49:34.118719
6638,1,6638,-0.00424376176,2025-12-03T16:49:34.138496
6639,1,6639,-0.00424329098,2025-12-03T16:49:34.211528
6640,1,6640,-0.00424402812,2025-12-03T16:49:34.284259
6641,1,6641,-0.00424192519,2025-12-03T16:49:34.357044
6642,1,6642,-0.00424201693,2025-12-03T16:49:34.399465
6643,1,6643,-0.00424223113,2025-12-03T16:49:34.441910
6644,1,6644,-0.00424038758,2025-12-03T16:49:34.514526
6645,1,6645,-0.00424262369,2025-12-03T16:49:34.587203
6646,1,6646,-0.00424337247,2025-12-03T16:49:34.659946
6647,1,6647,-0.00424319924,2025-12-03T16:49:34.702515
6648,1,6648,-0.00424287002,2025-12-03T16:49:34.744913
6649,1,6649,-0.00424171285,2025-12-03T16:49:34.820054
6650,1,6650,-0.00424164952,2025-12-03T16:49:34.892345
6651,1,6651,-0.00424285512,2025-12-03T16:49:34.965096
6652,1,6652,-0.00424192054,2025-12-03T16:49:35.007490
6653,1,6653,-0.00424249004,2025-12-03T16:49:35.049911
6654,1,6654,-0.0042422288,2025-12-03T16:49:35.069754
6655,1,6655,-0.00424433266,2025-12-03T16:49:35.142840
6656,1,6656,-0.00424446305,2025-12-03T16:49:35.215577
6657,1,6657,-0.00424347072,2025-12-03T16:49:35.288221
6658,1,6658,-0.00424233917,2025-12-03T16:49:35.330692
6659,1,6659,-0.00424163416,2025-12-03T16:49:35.373116
6660,1,6660,-0.0042431592,2025-12-03T16:49:35.445885
6661,1,6661,-0.0042432961,2025-12-03T16:49:35.518450
6662,1,6662,-0.00424356386,2025-12-03T16:49:35.591128
6663,1,6663,-0.00424365,2025-12-03T16:49:35.633629
6664,1,6664,-0.00424411473,2025-12-03T16:49:35.676128
6665,1,6665,-0.00424300041,2025-12-03T16:49:35.751810
6666,1,6666,-0.00424221297,2025-12-03T16:49:35.824538
6667,1,6667,-0.00424379762,2025-12-03T16:49:35.897298
6668,1,6668,-0.00424438761,2025-12-03T16:49:35.939751
6669,1,6669,-0.00424416502,2025-12-03T16:49:35.982127
6670,1,6670,-0.00424365978,2025-12-03T16:49:36.001999
6671,1,6671,-0.00424398714,2025-12-03T16:49:36.075022
6672,1,6672,-0.00424513826,2025-12-03T16:49:36.147790
6673,1,6673,-0.0042436514,2025-12-03T16:49:36.220495
6674,1,6674,-0.00424322858,2025-12-03T16:49:36.262949
6675,1,6675,-0.00424497202,2025-12-03T16:49:36.305333
6676,1,6676,-0.00424306141,2025-12-03T16:49:36.378014
6677,1,6677,-0.00424415618,2025-12-03T16:49:36.450758
6678,1,6678,-0.00424243649,2025-12-03T16:49:36.523446
6679,1,6679,-0.00424483604,2025-12-03T16:49:36.565937
6680,1,6680,-0.0042444705,2025-12-03T16:49:36.608328
6681,1,6681,-0.00424356386,2025-12-03T16:49:36.628177
6682,1,6682,-0.00424520345,2025-12-03T16:49:36.701185
6683,1,6683,-0.00425179442,2025-12-03T16:49:36.773886
6684,1,6684,-0.00425031315,2025-12-03T16:49:36.846699
6685,1,6685,-0.00425042724,2025-12-03T16:49:36.889153
6686,1,6686,-0.00424759229,2025-12-03T16:49:36.931516
6687,1,6687,-0.00424957368,2025-12-03T16:49:37.004229
6688,1,6688,-0.00424703443,2025-12-03T16:49:37.076952
6689,1,6689,-0.00424878858,2025-12-03T16:49:37.149667
6690,1,6690,-0.0042472817,2025-12-03T16:49:37.192033
6691,1,6691,-0.00424877507,2025-12-03T16:49:37.234719
6692,1,6692,-0.00424772873,2025-12-03T16:49:37.307479
6693,1,6693,-0.00425263866,2025-12-03T16:49:37.380340
6694,1,6694,-0.00424900138,2025-12-03T16:49:37.452776
6695,1,6695,-0.00424837507,2025-12-03T16:49:37.495201
6696,1,6696,-0.00425070617,2025-12-03T16:49:37.537559
6697,1,6697,-0.00425070524,2025-12-03T16:49:37.557491
6698,1,6698,-0.00425190012,2025-12-03T16:49:37.630523
6699,1,6699,-0.00424935435,2025-12-03T16:49:37.703083
6700,1,6700,-0.0042497497,2025-12-03T16:49:37.775924
6701,1,6701,-0.00424873642,2025-12-03T16:49:37.818254
6702,1,6702,-0.0042497362,2025-12-03T16:49:37.860761
6703,1,6703,-0.00424872757,2025-12-03T16:49:37.933484
6704,1,6704,-0.0042492412,2025-12-03T16:49:38.006123
6705,1,6705,-0.0042501213,2025-12-03T16:49:38.078931
6706,1,6706,-0.0042486065,2025-12-03T16:49:38.121303
6707,1,6707,-0.00424992665,2025-12-03T16:49:38.163803
6708,1,6708,-0.00424906378,2025-12-03T16:49:38.183662
6709,1,6709,-0.00424969149,2025-12-03T16:49:38.256590
6710,1,6710,-0.00424972036,2025-12-03T16:49:38.329360
6711,1,6711,-0.00424947403,2025-12-03T16:49:38.402032
6712,1,6712,-0.00424928357,2025-12-03T16:49:38.444545
6713,1,6713,-0.00424992619,2025-12-03T16:49:38.486881
6714,1,6714,-0.00424966402,2025-12-03T16:49:38.559607
6715,1,6715,-0.00424880255,2025-12-03T16:49:38.632338
6716,1,6716,-0.00424898043,2025-12-03T16:49:38.705138
6717,1,6717,-0.00424734549,2025-12-03T16:49:38.747543
6718,1,6718,-0.00424929149,2025-12-03T16:49:38.789976
6719,1,6719,-0.00424911407,2025-12-03T16:49:38.809884
6720,1,6720,-0.00425167428,2025-12-03T16:49:38.882913
6721,1,6721,-0.00424744701,2025-12-03T16:49:38.955563
6722,1,6722,-0.00424771849,2025-12-03T16:49:39.028343
6723,1,6723,-0.00424989312,2025-12-03T16:49:39.070704
6724,1,6724,-0.00424986938,2025-12-03T16:49:39.113134
6725,1,6725,-0.00424915784,2025-12-03T16:49:39.185876
6726,1,6726,-0.00424767797,2025-12-03T16:49:39.258625
6727,1,6727,-0.00425061909,2025-12-03T16:49:39.331323
6728,1,6728,-0.00424946518,2025-12-03T16:49:39.373705
6729,1,6729,-0.00424708332,2025-12-03T16:49:39.416147
6730,1,6730,-0.00424820045,2025-12-03T16:49:39.488890
6731,1,6731,-0.00424798205,2025-12-03T16:49:39.561539
6732,1,6732,-0.00424723746,2025-12-03T16:49:39.634316
6733,1,6733,-0.00424792477,2025-12-03T16:49:39.676783
6734,1,6734,-0.00424796761,2025-12-03T16:49:39.719068
6735,1,6735,-0.00424758531,2025-12-03T16:49:39.791852
6736,1,6736,-0.0042500412,2025-12-03T16:49:39.864631
6737,1,6737,-0.00424751127,2025-12-03T16:49:39.937292
6738,1,6738,-0.00424748426,2025-12-03T16:49:39.979744
6739,1,6739,-0.00425076065,2025-12-03T16:49:40.022141
6740,1,6740,-0.00424696505,2025-12-03T16:49:40.094915
6741,1,6741,-0.00424911454,2025-12-03T16:49:40.167649
6742,1,6742,-0.0042467704,2025-12-03T16:49:40.240264
6743,1,6743,-0.00424718484,2025-12-03T16:49:40.282756
6744,1,6744,-0.00424565561,2025-12-03T16:49:40.325219
6745,1,6745,-0.00424673361,2025-12-03T16:49:40.344996
6746,1,6746,-0.0042468179,2025-12-03T16:49:40.418071
6747,1,6747,-0.00424452265,2025-12-03T16:49:40.490755
6748,1,6748,-0.00424557691,2025-12-03T16:49:40.563574
6749,1,6749,-0.00424622278,2025-12-03T16:49:40.605965
6750,1,6750,-0.0042459527,2025-12-03T16:49:40.648366
6751,1,6751,-0.00424646632,2025-12-03T16:49:40.668235
6752,1,6752,-0.0042460272,2025-12-03T16:49:40.741289
6753,1,6753,-0.00424779113,2025-12-03T16:49:40.813988
6754,1,6754,-0.00424464978,2025-12-03T16:49:40.886713
6755,1,6755,-0.00424575898,2025-12-03T16:49:40.929141
6756,1,6756,-0.00424680672,2025-12-03T16:49:40.971502
6757,1,6757,-0.00424586003,2025-12-03T16:49:41.044241
6758,1,6758,-0.00424697296,2025-12-03T16:49:41.117039
6759,1,6759,-0.00424725189,2025-12-03T16:49:41.189775
6760,1,6760,-0.00424695899,2025-12-03T16:49:41.232216
6761,1,6761,-0.00424560764,2025-12-03T16:49:41.274564
6762,1,6762,-0.00424593687,2025-12-03T16:49:41.349308
6763,1,6763,-0.00424740277,2025-12-03T16:49:41.421979
6764,1,6764,-0.00424494734,2025-12-03T16:49:41.494761
6765,1,6765,-0.00424635363,2025-12-03T16:49:41.537159
6766,1,6766,-0.00424507632,2025-12-03T16:49:41.579537
6767,1,6767,-0.00424425536,2025-12-03T16:49:41.599387
6768,1,6768,-0.00424540648,2025-12-03T16:49:41.672555
6769,1,6769,-0.00424343906,2025-12-03T16:49:41.745240
6770,1,6770,-0.00424345675,2025-12-03T16:49:41.817938
6771,1,6771,-0.00424217199,2025-12-03T16:49:41.860403
6772,1,6772,-0.00424418039,2025-12-03T16:49:41.902748
6773,1,6773,-0.00424320716,2025-12-03T16:49:41.975450
6774,1,6774,-0.00424228888,2025-12-03T16:49:42.048269
6775,1,6775,-0.00424297666,2025-12-03T16:49:42.120976
6776,1,6776,-0.00424312287,2025-12-03T16:49:42.163364
6777,1,6777,-0.00424277689,2025-12-03T16:49:42.205789
6778,1,6778,-0.00424310192,2025-12-03T16:49:42.225681
6779,1,6779,-0.00424211192,2025-12-03T16:49:42.298714
6780,1,6780,-0.00424182461,2025-12-03T16:49:42.371503
6781,1,6781,-0.00424322579,2025-12-03T16:49:42.444177
6782,1,6782,-0.0042417231,2025-12-03T16:49:42.486588
6783,1,6783,-0.00424413895,2025-12-03T16:49:42.528995
6784,1,6784,-0.00424178782,2025-12-03T16:49:42.601719
6785,1,6785,-0.00424268236,2025-12-03T16:49:42.674458
6786,1,6786,-0.00424215942,2025-12-03T16:49:42.747173
6787,1,6787,-0.004242538,2025-12-03T16:49:42.789627
6788,1,6788,-0.00424217293,2025-12-03T16:49:42.832004
6789,1,6789,-0.00424260366,2025-12-03T16:49:42.904723
6790,1,6790,-0.00424416316,2025-12-03T16:49:42.977496
6791,1,6791,-0.0042442712,2025-12-03T16:49:43.050176
6792,1,6792,-0.0042461194,2025-12-03T16:49:43.092578
6793,1,6793,-0.00424774549,2025-12-03T16:49:43.134998
6794,1,6794,-0.00424825353,2025-12-03T16:49:43.154937
6795,1,6795,-0.00424418412,2025-12-03T16:49:43.227843
6796,1,6796,-0.00424170959,2025-12-03T16:49:43.300603
6797,1,6797,-0.00424281554,2025-12-03T16:49:43.373410
6798,1,6798,-0.00424171285,2025-12-03T16:49:43.415789
6799,1,6799,-0.00423892447,2025-12-03T16:49:43.458176
6800,1,6800,-0.00424123881,2025-12-03T16:49:43.530905
6801,1,6801,-0.00424239877,2025-12-03T16:49:43.604120
6802,1,6802,-0.00423911353,2025-12-03T16:49:43.676283
6803,1,6803,-0.00423903483,2025-12-03T16:49:43.749116
6804,1,6804,-0.00423983624,2025-12-03T16:49:43.791453
6805,1,6805,-0.00424080202,2025-12-03T16:49:43.833895
6806,1,6806,-0.00424020458,2025-12-03T16:49:43.853836
6807,1,6807,-0.00424004625,2025-12-03T16:49:43.873755
6808,1,6808,-0.00424001598,2025-12-03T16:49:43.893639
6809,1,6809,-0.00424003414,2025-12-03T16:49:43.913537
6810,1,6810,-0.00423566019,2025-12-03T16:49:43.986501
6811,1,6811,-0.00423926161,2025-12-03T16:49:44.059224
6812,1,6812,-0.00423910049,2025-12-03T16:49:44.131847
6813,1,6813,-0.0042392984,2025-12-03T16:49:44.174357
6814,1,6814,-0.00423985393,2025-12-03T16:49:44.216735
6815,1,6815,-0.00423959968,2025-12-03T16:49:44.289442
6816,1,6816,-0.00424055522,2025-12-03T16:49:44.362147
6817,1,6817,-0.00425421493,2025-12-03T16:49:44.434841
6818,1,6818,-0.00423907954,2025-12-03T16:49:44.477323
6819,1,6819,-0.00423957314,2025-12-03T16:49:44.519731
6820,1,6820,-0.00423988141,2025-12-03T16:49:44.539524
6821,1,6821,-0.00424032565,2025-12-03T16:49:44.612577
6822,1,6822,-0.00424015708,2025-12-03T16:49:44.685376
6823,1,6823,-0.00424023903,2025-12-03T16:49:44.758113
6824,1,6824,-0.00423894496,2025-12-03T16:49:44.800503
6825,1,6825,-0.00424067676,2025-12-03T16:49:44.842897
6826,1,6826,-0.00423937896,2025-12-03T16:49:44.916010
6827,1,6827,-0.00423917127,2025-12-03T16:49:44.988284
6828,1,6828,-0.00423265993,2025-12-03T16:49:45.061017
6829,1,6829,-0.0042333547,2025-12-03T16:49:45.103387
6830,1,6830,-0.00423737661,2025-12-03T16:49:45.145963
6831,1,6831,-0.00423623016,2025-12-03T16:49:45.218638
6832,1,6832,-0.00423925323,2025-12-03T16:49:45.291341
6833,1,6833,-0.00423907395,2025-12-03T16:49:45.364036
6834,1,6834,-0.00423970073,2025-12-03T16:49:45.406452
6835,1,6835,-0.00423909071,2025-12-03T16:49:45.448901
6836,1,6836,-0.00423961225,2025-12-03T16:49:45.468699
6837,1,6837,-0.00424617668,2025-12-03T16:49:45.541850
6838,1,6838,-0.00423845369,2025-12-03T16:49:45.614519
6839,1,6839,-0.00423945346,2025-12-03T16:49:45.687337
6840,1,6840,-0.00423934543,2025-12-03T16:49:45.729641
6841,1,6841,-0.00424003368,2025-12-03T16:49:45.772145
6842,1,6842,-0.00424093613,2025-12-03T16:49:45.846853
6843,1,6843,-0.00424016034,2025-12-03T16:49:45.919634
6844,1,6844,-0.00423989444,2025-12-03T16:49:46.001073
6845,1,6845,-0.00423835776,2025-12-03T16:49:46.036681
6846,1,6846,-0.00423863762,2025-12-03T16:49:46.100521
6847,1,6847,-0.00423923553,2025-12-03T16:49:46.173098
6848,1,6848,-0.00423974823,2025-12-03T16:49:46.245851
6849,1,6849,-0.00423886347,2025-12-03T16:49:46.288250
6850,1,6850,-0.00423968024,2025-12-03T16:49:46.330614
6851,1,6851,-0.00424125092,2025-12-03T16:49:46.350600
6852,1,6852,-0.00423944322,2025-12-03T16:49:46.423597
6853,1,6853,-0.00424065953,2025-12-03T16:49:46.496282
6854,1,6854,-0.00423963693,2025-12-03T16:49:46.569005
6855,1,6855,-0.00423894124,2025-12-03T16:49:46.611428
6856,1,6856,-0.00423847604,2025-12-03T16:49:46.653850
6857,1,6857,-0.00423932215,2025-12-03T16:49:46.673712
6858,1,6858,-0.00423858221,2025-12-03T16:49:46.746727
6859,1,6859,-0.00423956941,2025-12-03T16:49:46.819429
6860,1,6860,-0.00424025114,2025-12-03T16:49:46.892241
6861,1,6861,-0.00424069585,2025-12-03T16:49:46.934595
6862,1,6862,-0.00424205698,2025-12-03T16:49:46.977061
6863,1,6863,-0.00424261065,2025-12-03T16:49:47.049619
6864,1,6864,-0.00424186373,2025-12-03T16:49:47.122536
6865,1,6865,-0.00424100831,2025-12-03T16:49:47.195131
6866,1,6866,-0.00424125976,2025-12-03T16:49:47.237645
6867,1,6867,-0.00423912424,2025-12-03T16:49:47.280034
6868,1,6868,-0.0042393892,2025-12-03T16:49:47.352792
6869,1,6869,-0.00423779198,2025-12-03T16:49:47.425492
6870,1,6870,-0.00424042204,2025-12-03T16:49:47.498264
6871,1,6871,-0.00423973938,2025-12-03T16:49:47.540664
6872,1,6872,-0.00423933286,2025-12-03T16:49:47.583103
6873,1,6873,-0.00424040015,2025-12-03T16:49:47.603561
6874,1,6874,-0.00424025254,2025-12-03T16:49:47.676009
6875,1,6875,-0.00423859525,2025-12-03T16:49:47.748703
6876,1,6876,-0.00423887604,2025-12-03T16:49:47.821461
6877,1,6877,-0.00423770491,2025-12-03T16:49:47.863882
6878,1,6878,-0.0042393906,2025-12-03T16:49:47.906324
6879,1,6879,-0.00423461617,2025-12-03T16:49:47.980036
6880,1,6880,-0.00423768628,2025-12-03T16:49:48.052657
6881,1,6881,-0.00423820316,2025-12-03T16:49:48.125501
6882,1,6882,-0.0042389892,2025-12-03T16:49:48.167889
6883,1,6883,-0.00423919735,2025-12-03T16:49:48.210340
6884,1,6884,-0.00423950282,2025-12-03T16:49:48.230223
6885,1,6885,-0.00423916336,2025-12-03T16:49:48.303209
6886,1,6886,-0.00423884578,2025-12-03T16:49:48.375939
6887,1,6887,-0.00424482347,2025-12-03T16:49:48.448660
6888,1,6888,-0.00423981295,2025-12-03T16:49:48.491109
6889,1,6889,-0.00423972122,2025-12-03T16:49:48.533548
6890,1,6890,-0.00423962483,2025-12-03T16:49:48.606239
6891,1,6891,-0.00424052402,2025-12-03T16:49:48.678971
6892,1,6892,-0.00423966022,2025-12-03T16:49:48.751661
6893,1,6893,-0.00423893053,2025-12-03T16:49:48.794007
6894,1,6894,-0.00424056639,2025-12-03T16:49:48.836499
6895,1,6895,-0.004239358,2025-12-03T16:49:48.856335
6896,1,6896,-0.00423923786,2025-12-03T16:49:48.929369
6897,1,6897,-0.00423822132,2025-12-03T16:49:49.002122
6898,1,6898,-0.00423965416,2025-12-03T16:49:49.074847
6899,1,6899,-0.00423957174,2025-12-03T16:49:49.117327
6900,1,6900,-0.00423993961,2025-12-03T16:49:49.159802
6901,1,6901,-0.00423863064,2025-12-03T16:49:49.232503
6902,1,6902,-0.00424101669,2025-12-03T16:49:49.305064
6903,1,6903,-0.00424085557,2025-12-03T16:49:49.347552
6904,1,6904,-0.00424196384,2025-12-03T16:49:49.390013
6905,1,6905,-0.00424017244,2025-12-03T16:49:49.409905
6906,1,6906,-0.00423582363,2025-12-03T16:49:49.482839
6907,1,6907,-0.00424020364,2025-12-03T16:49:49.555588
6908,1,6908,-0.00423993822,2025-12-03T16:49:49.628291
6909,1,6909,-0.0042380793,2025-12-03T16:49:49.670749
6910,1,6910,-0.00423850584,2025-12-03T16:49:49.713211
6911,1,6911,-0.00424090772,2025-12-03T16:49:49.785891
6912,1,6912,-0.00423763971,2025-12-03T16:49:49.858528
6913,1,6913,-0.00423800991,2025-12-03T16:49:49.931331
6914,1,6914,-0.00423750514,2025-12-03T16:49:49.973699
6915,1,6915,-0.00423472514,2025-12-03T16:49:50.016224
6916,1,6916,-0.00423576962,2025-12-03T16:49:50.036076
6917,1,6917,-0.00423811236,2025-12-03T16:49:50.109119
6918,1,6918,-0.00423749536,2025-12-03T16:49:50.181770
6919,1,6919,-0.00423878012,2025-12-03T16:49:50.254578
6920,1,6920,-0.00423856405,2025-12-03T16:49:50.297138
6921,1,6921,-0.00423802156,2025-12-03T16:49:50.339410
6922,1,6922,-0.00423788744,2025-12-03T16:49:50.359267
6923,1,6923,-0.00423890631,2025-12-03T16:49:50.379136
6924,1,6924,-0.00423777755,2025-12-03T16:49:50.399183
6925,1,6925,-0.00423841224,2025-12-03T16:49:50.419120
6926,1,6926,-0.00423748837,2025-12-03T16:49:50.439171
6927,1,6927,-0.00423834333,2025-12-03T16:49:50.512053
6928,1,6928,-0.00423771981,2025-12-03T16:49:50.584776
6929,1,6929,-0.00423915684,2025-12-03T16:49:50.657472
6930,1,6930,-0.00423840805,2025-12-03T16:49:50.699916
6931,1,6931,-0.0042393133,2025-12-03T16:49:50.742382
6932,1,6932,-0.00423840805,2025-12-03T16:49:50.815063
6933,1,6933,-0.00423842528,2025-12-03T16:49:50.887887
6934,1,6934,-0.00423843879,2025-12-03T16:49:50.960503
6935,1,6935,-0.00423782691,2025-12-03T16:49:51.002988
6936,1,6936,-0.00423821154,2025-12-03T16:49:51.045369
6937,1,6937,-0.00423796987,2025-12-03T16:49:51.118006
6938,1,6938,-0.00423963926,2025-12-03T16:49:51.190799
6939,1,6939,-0.00423978827,2025-12-03T16:49:51.263540
6940,1,6940,-0.00423842202,2025-12-03T16:49:51.305974
6941,1,6941,-0.0042385105,2025-12-03T16:49:51.348323
6942,1,6942,-0.00424037361,2025-12-03T16:49:51.368047
6943,1,6943,-0.00423817988,2025-12-03T16:49:51.441309
6944,1,6944,-0.00423806766,2025-12-03T16:49:51.513961
6945,1,6945,-0.00423750234,2025-12-03T16:49:51.556497
6946,1,6946,-0.00423859246,2025-12-03T16:49:51.598830
6947,1,6947,-0.00423891656,2025-12-03T16:49:51.618728
6948,1,6948,-0.00423835171,2025-12-03T16:49:51.691777
6949,1,6949,-0.00423839222,2025-12-03T16:49:51.764475
6950,1,6950,-0.00423784973,2025-12-03T16:49:51.837115
6951,1,6951,-0.00423806626,2025-12-03T16:49:51.879580
6952,1,6952,-0.00423806346,2025-12-03T16:49:51.922043
6953,1,6953,-0.00423895474,2025-12-03T16:49:51.995703
6954,1,6954,-0.00423817895,2025-12-03T16:49:52.068712
6955,1,6955,-0.00423856265,2025-12-03T16:49:52.141161
6956,1,6956,-0.00423859478,2025-12-03T16:49:52.183583
6957,1,6957,-0.00423923507,2025-12-03T16:49:52.226086
6958,1,6958,-0.00423728395,2025-12-03T16:49:52.245944
6959,1,6959,-0.00423926208,2025-12-03T16:49:52.319020
6960,1,6960,-0.00423775333,2025-12-03T16:49:52.392375
6961,1,6961,-0.00423781806,2025-12-03T16:49:52.464478
6962,1,6962,-0.00423977943,2025-12-03T16:49:52.506880
6963,1,6963,-0.0042433748,2025-12-03T16:49:52.549271
6964,1,6964,-0.00423905346,2025-12-03T16:49:52.621995
6965,1,6965,-0.00424004904,2025-12-03T16:49:52.694642
6966,1,6966,-0.00423745904,2025-12-03T16:49:52.767498
6967,1,6967,-0.004239297,2025-12-03T16:49:52.809757
6968,1,6968,-0.00423796614,2025-12-03T16:49:52.852306
6969,1,6969,-0.00423791492,2025-12-03T16:49:52.872147
6970,1,6970,-0.00423937803,2025-12-03T16:49:52.945215
6971,1,6971,-0.0042383247,2025-12-03T16:49:53.017902
6972,1,6972,-0.00423784647,2025-12-03T16:49:53.090668
6973,1,6973,-0.00423736032,2025-12-03T16:49:53.133016
6974,1,6974,-0.00423807511,2025-12-03T16:49:53.175481
6975,1,6975,-0.00423807278,2025-12-03T16:49:53.248246
6976,1,6976,-0.00423805741,2025-12-03T16:49:53.320970
6977,1,6977,-0.00423804996,2025-12-03T16:49:53.393572
6978,1,6978,-0.00423733191,2025-12-03T16:49:53.435996
6979,1,6979,-0.00423853471,2025-12-03T16:49:53.478383
6980,1,6980,-0.00423961179,2025-12-03T16:49:53.551210
6981,1,6981,-0.00423788698,2025-12-03T16:49:53.623941
6982,1,6982,-0.00423826929,2025-12-03T16:49:53.696579
6983,1,6983,-0.00423858966,2025-12-03T16:49:53.739040
6984,1,6984,-0.00423785438,2025-12-03T16:49:53.781456
6985,1,6985,-0.00423430558,2025-12-03T16:49:53.801446
6986,1,6986,-0.00423983624,2025-12-03T16:49:53.874328
6987,1,6987,-0.00423781154,2025-12-03T16:49:53.947120
6988,1,6988,-0.00423813052,2025-12-03T16:49:54.019897
6989,1,6989,-0.00424039782,2025-12-03T16:49:54.062173
6990,1,6990,-0.00423592235,2025-12-03T16:49:54.104644
6991,1,6991,-0.0042381552,2025-12-03T16:49:54.178404
6992,1,6992,-0.00423722993,2025-12-03T16:49:54.251078
6993,1,6993,-0.00423954846,2025-12-03T16:49:54.323887
6994,1,6994,-0.00423728488,2025-12-03T16:49:54.366263
6995,1,6995,-0.004237385,2025-12-03T16:49:54.408620
6996,1,6996,-0.00423782132,2025-12-03T16:49:54.481530
6997,1,6997,-0.00423744553,2025-12-03T16:49:54.554131
6998,1,6998,-0.00423823017,2025-12-03T16:49:54.626844
6999,1,6999,-0.00423767697,2025-12-03T16:49:54.699562
7000,1,7000,-0.00423760339,2025-12-03T16:49:54.742000
7001,1,7001,-0.0042372765,2025-12-03T16:49:54.784528
7002,1,7002,-0.00423548603,2025-12-03T16:49:54.857145
7003,1,7003,-0.00423663575,2025-12-03T16:49:54.929891
7004,1,7004,-0.00423506414,2025-12-03T16:49:55.002499
7005,1,7005,-0.00423643924,2025-12-03T16:49:55.045001
7006,1,7006,-0.00423546973,2025-12-03T16:49:55.087368
7007,1,7007,-0.00423714146,2025-12-03T16:49:55.162107
7008,1,7008,-0.00423676287,2025-12-03T16:49:55.234850
7009,1,7009,-0.00423743622,2025-12-03T16:49:55.307614
7010,1,7010,-0.0042370418,2025-12-03T16:49:55.350015
7011,1,7011,-0.00423610722,2025-12-03T16:49:55.392470
7012,1,7012,-0.00423599965,2025-12-03T16:49:55.412361
7013,1,7013,-0.00423492304,2025-12-03T16:49:55.485302
7014,1,7014,-0.00423704925,2025-12-03T16:49:55.558044
7015,1,7015,-0.00423683319,2025-12-03T16:49:55.630726
7016,1,7016,-0.00423592142,2025-12-03T16:49:55.673180
7017,1,7017,-0.00423652911,2025-12-03T16:49:55.715516
7018,1,7018,-0.00423613563,2025-12-03T16:49:55.788391
7019,1,7019,-0.00423743994,2025-12-03T16:49:55.861086
7020,1,7020,-0.00423590093,2025-12-03T16:49:55.933888
7021,1,7021,-0.00423623807,2025-12-03T16:49:55.976180
7022,1,7022,-0.00423451606,2025-12-03T16:49:56.018665
7023,1,7023,-0.00423708325,2025-12-03T16:49:56.091278
7024,1,7024,-0.00423700734,2025-12-03T16:49:56.164024
7025,1,7025,-0.00423540221,2025-12-03T16:49:56.236740
7026,1,7026,-0.0042368751,2025-12-03T16:49:56.279230
7027,1,7027,-0.00423570722,2025-12-03T16:49:56.322049
7028,1,7028,-0.00423766253,2025-12-03T16:49:56.395769
7029,1,7029,-0.00423549162,2025-12-03T16:49:56.468186
7030,1,7030,-0.0042382474,2025-12-03T16:49:56.541260
7031,1,7031,-0.00423625763,2025-12-03T16:49:56.583282
7032,1,7032,-0.00423941388,2025-12-03T16:49:56.626029
7033,1,7033,-0.00423852959,2025-12-03T16:49:56.646340
7034,1,7034,-0.00423560803,2025-12-03T16:49:56.718776
7035,1,7035,-0.00423748791,2025-12-03T16:49:56.791321
7036,1,7036,-0.00423557218,2025-12-03T16:49:56.864016
7037,1,7037,-0.00423917546,2025-12-03T16:49:56.906538
7038,1,7038,-0.00423761969,2025-12-03T16:49:56.948845
7039,1,7039,-0.00423513818,2025-12-03T16:49:57.021547
7040,1,7040,-0.00423670187,2025-12-03T16:49:57.094308
7041,1,7041,-0.00423683086,2025-12-03T16:49:57.166993
7042,1,7042,-0.00423622457,2025-12-03T16:49:57.209418
7043,1,7043,-0.00423696637,2025-12-03T16:49:57.251884
7044,1,7044,-0.00423705764,2025-12-03T16:49:57.271645
7045,1,7045,-0.00423671584,2025-12-03T16:49:57.344702
7046,1,7046,-0.00423512049,2025-12-03T16:49:57.417444
7047,1,7047,-0.00423820596,2025-12-03T16:49:57.490118
7048,1,7048,-0.00423473259,2025-12-03T16:49:57.532616
7049,1,7049,-0.00423689605,2025-12-03T16:49:57.575075
7050,1,7050,-0.00423524575,2025-12-03T16:49:57.647782
7051,1,7051,-0.00423594424,2025-12-03T16:49:57.720522
7052,1,7052,-0.0042367056,2025-12-03T16:49:57.793130
7053,1,7053,-0.00423363549,2025-12-03T16:49:57.835652
7054,1,7054,-0.00423603085,2025-12-03T16:49:57.878065
7055,1,7055,-0.00423622131,2025-12-03T16:49:57.897871
7056,1,7056,-0.00423603178,2025-12-03T16:49:57.986678
7057,1,7057,-0.00423672841,2025-12-03T16:49:58.043655
7058,1,7058,-0.00423577707,2025-12-03T16:49:58.116471
7059,1,7059,-0.00423732399,2025-12-03T16:49:58.158844
7060,1,7060,-0.00423399358,2025-12-03T16:49:58.201289
7061,1,7061,-0.00423758802,2025-12-03T16:49:58.274020
7062,1,7062,-0.00423716753,2025-12-03T16:49:58.346644
7063,1,7063,-0.0042340178,2025-12-03T16:49:58.419337
7064,1,7064,-0.00423695612,2025-12-03T16:49:58.461888
7065,1,7065,-0.00423602759,2025-12-03T16:49:58.504278
7066,1,7066,-0.00423556566,2025-12-03T16:49:58.579982
7067,1,7067,-0.00423612538,2025-12-03T16:49:58.652653
7068,1,7068,-0.00423672422,2025-12-03T16:49:58.725429
7069,1,7069,-0.0042348979,2025-12-03T16:49:58.767891
7070,1,7070,-0.00423502083,2025-12-03T16:49:58.810282
7071,1,7071,-0.00423530396,2025-12-03T16:49:58.830073
7072,1,7072,-0.00423467997,2025-12-03T16:49:58.903238
7073,1,7073,-0.00423737382,2025-12-03T16:49:58.975999
7074,1,7074,-0.00423475774,2025-12-03T16:49:59.048697
7075,1,7075,-0.00423584692,2025-12-03T16:49:59.091124
7076,1,7076,-0.00423513446,2025-12-03T16:49:59.133556
7077,1,7077,-0.00423591537,2025-12-03T16:49:59.153307
7078,1,7078,-0.00423652864,2025-12-03T16:49:59.173141
7079,1,7079,-0.00423614261,2025-12-03T16:49:59.193003
7080,1,7080,-0.00423469766,2025-12-03T16:49:59.212880
7081,1,7081,-0.00423494121,2025-12-03T16:49:59.232644
7082,1,7082,-0.00423484761,2025-12-03T16:49:59.305165
7083,1,7083,-0.00423673586,2025-12-03T16:49:59.377917
7084,1,7084,-0.00423486344,2025-12-03T16:49:59.450645
7085,1,7085,-0.00424174172,2025-12-03T16:49:59.493066
7086,1,7086,-0.00423293886,2025-12-03T16:49:59.535417
7087,1,7087,-0.0042375545,2025-12-03T16:49:59.608125
7088,1,7088,-0.00423562433,2025-12-03T16:49:59.680941
7089,1,7089,-0.00423639267,2025-12-03T16:49:59.753574
7090,1,7090,-0.00423550372,2025-12-03T16:49:59.796083
7091,1,7091,-0.00423686439,2025-12-03T16:49:59.838493
7092,1,7092,-0.00423602107,2025-12-03T16:49:59.913230
7093,1,7093,-0.0042402707,2025-12-03T16:49:59.985899
7094,1,7094,-0.0042364872,2025-12-03T16:50:00.058718
7095,1,7095,-0.0042345752,2025-12-03T16:50:00.101107
7096,1,7096,-0.00423609791,2025-12-03T16:50:00.143521
7097,1,7097,-0.00423586461,2025-12-03T16:50:00.163308
7098,1,7098,-0.00423454865,2025-12-03T16:50:00.236407
7099,1,7099,-0.00423849513,2025-12-03T16:50:00.309122
7100,1,7100,-0.00423626368,2025-12-03T16:50:00.381838
7101,1,7101,-0.00424188794,2025-12-03T16:50:00.424310
7102,1,7102,-0.0042342171,2025-12-03T16:50:00.466626
7103,1,7103,-0.00423396844,2025-12-03T16:50:00.539509
7104,1,7104,-0.00423535145,2025-12-03T16:50:00.612060
7105,1,7105,-0.00423382502,2025-12-03T16:50:00.684852
7106,1,7106,-0.00423492165,2025-12-03T16:50:00.727302
7107,1,7107,-0.00423259008,2025-12-03T16:50:00.769648
7108,1,7108,-0.00423354236,2025-12-03T16:50:00.789579
7109,1,7109,-0.00423440383,2025-12-03T16:50:00.862603
7110,1,7110,-0.00423484342,2025-12-03T16:50:00.935301
7111,1,7111,-0.00423509953,2025-12-03T16:50:01.008131
7112,1,7112,-0.00423368299,2025-12-03T16:50:01.050532
7113,1,7113,-0.00423601875,2025-12-03T16:50:01.092947
7114,1,7114,-0.00423392653,2025-12-03T16:50:01.165652
7115,1,7115,-0.00423489836,2025-12-03T16:50:01.238379
7116,1,7116,-0.00423567043,2025-12-03T16:50:01.280891
7117,1,7117,-0.00423630652,2025-12-03T16:50:01.323240
7118,1,7118,-0.00423818919,2025-12-03T16:50:01.343145
7119,1,7119,-0.00423456402,2025-12-03T16:50:01.416037
7120,1,7120,-0.00424086302,2025-12-03T16:50:01.488895
7121,1,7121,-0.00423362758,2025-12-03T16:50:01.561473
7122,1,7122,-0.00423297146,2025-12-03T16:50:01.604005
7123,1,7123,-0.00423467624,2025-12-03T16:50:01.646402
7124,1,7124,-0.00423257471,2025-12-03T16:50:01.719050
7125,1,7125,-0.00423707254,2025-12-03T16:50:01.791892
7126,1,7126,-0.0042354688,2025-12-03T16:50:01.864538
7127,1,7127,-0.00423182547,2025-12-03T16:50:01.906978
7128,1,7128,-0.00423338962,2025-12-03T16:50:01.949307
7129,1,7129,-0.00423301057,2025-12-03T16:50:01.969207
7130,1,7130,-0.00423350837,2025-12-03T16:50:02.042346
7131,1,7131,-0.00423447461,2025-12-03T16:50:02.114948
7132,1,7132,-0.00423491792,2025-12-03T16:50:02.187822
7133,1,7133,-0.00423513306,2025-12-03T16:50:02.230087
7134,1,7134,-0.00423432514,2025-12-03T16:50:02.272564
7135,1,7135,-0.00423689885,2025-12-03T16:50:02.347281
7136,1,7136,-0.00423423433,2025-12-03T16:50:02.420002
7137,1,7137,-0.00424297433,2025-12-03T16:50:02.492879
7138,1,7138,-0.00423300825,2025-12-03T16:50:02.535194
7139,1,7139,-0.00423632841,2025-12-03T16:50:02.577654
7140,1,7140,-0.00423489604,2025-12-03T16:50:02.650276
7141,1,7141,-0.00423603504,2025-12-03T16:50:02.723059
7142,1,7142,-0.00423648767,2025-12-03T16:50:02.795805
7143,1,7143,-0.0042367028,2025-12-03T16:50:02.838135
7144,1,7144,-0.00423508929,2025-12-03T16:50:02.880643
7145,1,7145,-0.00423457752,2025-12-03T16:50:02.900507
7146,1,7146,-0.00423660362,2025-12-03T16:50:02.973482
7147,1,7147,-0.00423506367,2025-12-03T16:50:03.046334
7148,1,7148,-0.00423481268,2025-12-03T16:50:03.118982
7149,1,7149,-0.0042372127,2025-12-03T16:50:03.161299
7150,1,7150,-0.00423588789,2025-12-03T16:50:03.203851
7151,1,7151,-0.00423760386,2025-12-03T16:50:03.223602
7152,1,7152,-0.00423598103,2025-12-03T16:50:03.297475
7153,1,7153,-0.00423623481,2025-12-03T16:50:03.369484
7154,1,7154,-0.00423796428,2025-12-03T16:50:03.442231
7155,1,7155,-0.00423671724,2025-12-03T16:50:03.484565
7156,1,7156,-0.00423701619,2025-12-03T16:50:03.527004
7157,1,7157,-0.00423712236,2025-12-03T16:50:03.599681
7158,1,7158,-0.00423594191,2025-12-03T16:50:03.672443
7159,1,7159,-0.00423793494,2025-12-03T16:50:03.745105
7160,1,7160,-0.0042371219,2025-12-03T16:50:03.787541
7161,1,7161,-0.00423799641,2025-12-03T16:50:03.830187
7162,1,7162,-0.00423909956,2025-12-03T16:50:03.902720
7163,1,7163,-0.00424601184,2025-12-03T16:50:03.975485
7164,1,7164,-0.0042400062,2025-12-03T16:50:04.048153
7165,1,7165,-0.00423653563,2025-12-03T16:50:04.090556
7166,1,7166,-0.00423674006,2025-12-03T16:50:04.133022
7167,1,7167,-0.00423613283,2025-12-03T16:50:04.205764
7168,1,7168,-0.0042363503,2025-12-03T16:50:04.278562
7169,1,7169,-0.00423526158,2025-12-03T16:50:04.351206
7170,1,7170,-0.00423708651,2025-12-03T16:50:04.393642
7171,1,7171,-0.00423582317,2025-12-03T16:50:04.436075
7172,1,7172,-0.00424242392,2025-12-03T16:50:04.508738
7173,1,7173,-0.00423642806,2025-12-03T16:50:04.581407
7174,1,7174,-0.00423795683,2025-12-03T16:50:04.654216
7175,1,7175,-0.0042388183,2025-12-03T16:50:04.696562
7176,1,7176,-0.00423533562,2025-12-03T16:50:04.738952
7177,1,7177,-0.00423977477,2025-12-03T16:50:04.758771
7178,1,7178,-0.00423758942,2025-12-03T16:50:04.831974
7179,1,7179,-0.00423633959,2025-12-03T16:50:04.904734
7180,1,7180,-0.00423759082,2025-12-03T16:50:04.977339
7181,1,7181,-0.00423527322,2025-12-03T16:50:05.019897
7182,1,7182,-0.00423682853,2025-12-03T16:50:05.062253
7183,1,7183,-0.00423768535,2025-12-03T16:50:05.082148
7184,1,7184,-0.00423697801,2025-12-03T16:50:05.155177
7185,1,7185,-0.00423090765,2025-12-03T16:50:05.227884
7186,1,7186,-0.00423402944,2025-12-03T16:50:05.300535
7187,1,7187,-0.00423757871,2025-12-03T16:50:05.342936
7188,1,7188,-0.00423402059,2025-12-03T16:50:05.385500
7189,1,7189,-0.00423681875,2025-12-03T16:50:05.458132
7190,1,7190,-0.00423566484,2025-12-03T16:50:05.530884
7191,1,7191,-0.0042362851,2025-12-03T16:50:05.603627
7192,1,7192,-0.00423614494,2025-12-03T16:50:05.646003
7193,1,7193,-0.00423558056,2025-12-03T16:50:05.688488
7194,1,7194,-0.00424083461,2025-12-03T16:50:05.708493
7195,1,7195,-0.00423679035,2025-12-03T16:50:05.781418
7196,1,7196,-0.00423533655,2025-12-03T16:50:05.854083
7197,1,7197,-0.0042393459,2025-12-03T16:50:05.926777
7198,1,7198,-0.00423656776,2025-12-03T16:50:05.969191
7199,1,7199,-0.00423705857,2025-12-03T16:50:06.011673
7200,1,7200,-0.00423670094,2025-12-03T16:50:06.084325
7201,1,7201,-0.00423695892,2025-12-03T16:50:06.157022
7202,1,7202,-0.00423626229,2025-12-03T16:50:06.229754
7203,1,7203,-0.00423426693,2025-12-03T16:50:06.272179
7204,1,7204,-0.00423715543,2025-12-03T16:50:06.314601
7205,1,7205,-0.00423550885,2025-12-03T16:50:06.387431
7206,1,7206,-0.00423746183,2025-12-03T16:50:06.460129
7207,1,7207,-0.00423688255,2025-12-03T16:50:06.532749
7208,1,7208,-0.00423612305,2025-12-03T16:50:06.575257
7209,1,7209,-0.0042341249,2025-12-03T16:50:06.617666
7210,1,7210,-0.00423536729,2025-12-03T16:50:06.637497
7211,1,7211,-0.00424662139,2025-12-03T16:50:06.710589
7212,1,7212,-0.00423524947,2025-12-03T16:50:06.783329
7213,1,7213,-0.00423550233,2025-12-03T16:50:06.856498
7214,1,7214,-0.00423581898,2025-12-03T16:50:06.898391
7215,1,7215,-0.00423599453,2025-12-03T16:50:06.940932
7216,1,7216,-0.00423548603,2025-12-03T16:50:07.013475
7217,1,7217,-0.00423656729,2025-12-03T16:50:07.086584
7218,1,7218,-0.00423626136,2025-12-03T16:50:07.128790
7219,1,7219,-0.00423740362,2025-12-03T16:50:07.171638
7220,1,7220,-0.00423748698,2025-12-03T16:50:07.191516
7221,1,7221,-0.00423565041,2025-12-03T16:50:07.264043
7222,1,7222,-0.00423539848,2025-12-03T16:50:07.337377
7223,1,7223,-0.00423920899,2025-12-03T16:50:07.409835
7224,1,7224,-0.00423649465,2025-12-03T16:50:07.452367
7225,1,7225,-0.00423658173,2025-12-03T16:50:07.494912
7226,1,7226,-0.00423699757,2025-12-03T16:50:07.567655
7227,1,7227,-0.00423744088,2025-12-03T16:50:07.640348
7228,1,7228,-0.00424252497,2025-12-03T16:50:07.712481
7229,1,7229,-0.00423356238,2025-12-03T16:50:07.754886
7230,1,7230,-0.00423625158,2025-12-03T16:50:07.797208
7231,1,7231,-0.00423578871,2025-12-03T16:50:07.817055
7232,1,7232,-0.00423720758,2025-12-03T16:50:07.890181
7233,1,7233,-0.00423574494,2025-12-03T16:50:07.962958
7234,1,7234,-0.00423589395,2025-12-03T16:50:08.035576
7235,1,7235,-0.00423514656,2025-12-03T16:50:08.078233
7236,1,7236,-0.00423584412,2025-12-03T16:50:08.120460
7237,1,7237,-0.00423636101,2025-12-03T16:50:08.193152
7238,1,7238,-0.00423467252,2025-12-03T16:50:08.265846
7239,1,7239,-0.00423435773,2025-12-03T16:50:08.338557
7240,1,7240,-0.00423541618,2025-12-03T16:50:08.380987
7241,1,7241,-0.00423493795,2025-12-03T16:50:08.423491
7242,1,7242,-0.00423748651,2025-12-03T16:50:08.499196
7243,1,7243,-0.00423424923,2025-12-03T16:50:08.572034
7244,1,7244,-0.0042372113,2025-12-03T16:50:08.644668
7245,1,7245,-0.00423389952,2025-12-03T16:50:08.687148
7246,1,7246,-0.00423533841,2025-12-03T16:50:08.729472
7247,1,7247,-0.0042343284,2025-12-03T16:50:08.802236
7248,1,7248,-0.00423561967,2025-12-03T16:50:08.874951
7249,1,7249,-0.00423573888,2025-12-03T16:50:08.947656
7250,1,7250,-0.00423466227,2025-12-03T16:50:08.990005
7251,1,7251,-0.00423654681,2025-12-03T16:50:09.032546
7252,1,7252,-0.0042354851,2025-12-03T16:50:09.052328
7253,1,7253,-0.004235656,2025-12-03T16:50:09.125419
7254,1,7254,-0.00423712702,2025-12-03T16:50:09.198165
7255,1,7255,-0.00423348788,2025-12-03T16:50:09.270873
7256,1,7256,-0.00423485273,2025-12-03T16:50:09.313297
7257,1,7257,-0.00423319777,2025-12-03T16:50:09.355820
7258,1,7258,-0.00423649512,2025-12-03T16:50:09.428380
7259,1,7259,-0.00423562014,2025-12-03T16:50:09.501152
7260,1,7260,-0.0042360546,2025-12-03T16:50:09.573896
7261,1,7261,-0.00423528486,2025-12-03T16:50:09.616229
7262,1,7262,-0.00423555588,2025-12-03T16:50:09.658745
7263,1,7263,-0.00423666788,2025-12-03T16:50:09.732319
7264,1,7264,-0.00423440244,2025-12-03T16:50:09.805179
7265,1,7265,-0.00423687556,2025-12-03T16:50:09.877910
7266,1,7266,-0.00423483317,2025-12-03T16:50:09.920344
7267,1,7267,-0.00423579104,2025-12-03T16:50:09.971380
7268,1,7268,-0.00423681689,2025-12-03T16:50:10.049545
7269,1,7269,-0.00423570629,2025-12-03T16:50:10.122249
7270,1,7270,-0.00423809699,2025-12-03T16:50:10.195054
7271,1,7271,-0.00423333002,2025-12-03T16:50:10.237459
7272,1,7272,-0.00423528021,2025-12-03T16:50:10.279830
7273,1,7273,-0.00423534912,2025-12-03T16:50:10.299724
7274,1,7274,-0.00423494121,2025-12-03T16:50:10.372807
7275,1,7275,-0.00423734961,2025-12-03T16:50:10.445542
7276,1,7276,-0.00423518288,2025-12-03T16:50:10.518120
7277,1,7277,-0.00423790002,2025-12-03T16:50:10.560579
7278,1,7278,-0.00423426367,2025-12-03T16:50:10.603078
7279,1,7279,-0.00423697056,2025-12-03T16:50:10.675752
7280,1,7280,-0.00423536123,2025-12-03T16:50:10.748539
7281,1,7281,-0.00423504924,2025-12-03T16:50:10.790857
7282,1,7282,-0.00423501478,2025-12-03T16:50:10.833351
7283,1,7283,-0.0042349603,2025-12-03T16:50:10.853191
7284,1,7284,-0.00423486065,2025-12-03T16:50:10.872986
7285,1,7285,-0.00423553958,2025-12-03T16:50:10.945427
7286,1,7286,-0.00423501664,2025-12-03T16:50:11.018246
7287,1,7287,-0.00423376774,2025-12-03T16:50:11.090834
7288,1,7288,-0.00423453049,2025-12-03T16:50:11.133342
7289,1,7289,-0.00423313071,2025-12-03T16:50:11.175848
7290,1,7290,-0.00423514377,2025-12-03T16:50:11.248386
7291,1,7291,-0.00423294724,2025-12-03T16:50:11.321203
7292,1,7292,-0.00423536915,2025-12-03T16:50:11.393901
7293,1,7293,-0.00423490256,2025-12-03T16:50:11.436249
7294,1,7294,-0.00423511071,2025-12-03T16:50:11.478851
7295,1,7295,-0.0042347596,2025-12-03T16:50:11.551464
7296,1,7296,-0.00423312559,2025-12-03T16:50:11.624128
7297,1,7297,-0.00423327321,2025-12-03T16:50:11.696902
7298,1,7298,-0.00423095189,2025-12-03T16:50:11.739351
7299,1,7299,-0.00423221709,2025-12-03T16:50:11.781755
7300,1,7300,-0.00423171697,2025-12-03T16:50:11.801603
7301,1,7301,-0.00423174491,2025-12-03T16:50:11.874656
7302,1,7302,-0.00423261895,2025-12-03T16:50:11.947349
7303,1,7303,-0.00423018401,2025-12-03T16:50:12.020007
7304,1,7304,-0.00423084665,2025-12-03T16:50:12.092720
7305,1,7305,-0.00423130765,2025-12-03T16:50:12.135275
7306,1,7306,-0.00423383526,2025-12-03T16:50:12.177727
7307,1,7307,-0.00423135748,2025-12-03T16:50:12.197656
7308,1,7308,-0.00423545809,2025-12-03T16:50:12.217487
7309,1,7309,-0.00422962242,2025-12-03T16:50:12.237375
7310,1,7310,-0.00423023523,2025-12-03T16:50:12.257184
7311,1,7311,-0.00423127226,2025-12-03T16:50:12.330103
7312,1,7312,-0.00423086294,2025-12-03T16:50:12.402905
7313,1,7313,-0.00423185154,2025-12-03T16:50:12.475580
7314,1,7314,-0.00423105061,2025-12-03T16:50:12.518060
7315,1,7315,-0.00423255562,2025-12-03T16:50:12.560403
7316,1,7316,-0.00423052906,2025-12-03T16:50:12.633171
7317,1,7317,-0.00422984175,2025-12-03T16:50:12.705873
7318,1,7318,-0.0042312243,2025-12-03T16:50:12.778635
7319,1,7319,-0.00422865571,2025-12-03T16:50:12.821037
7320,1,7320,-0.00422929273,2025-12-03T16:50:12.863790
7321,1,7321,-0.00422943523,2025-12-03T16:50:12.936102
7322,1,7322,-0.0042287521,2025-12-03T16:50:13.008898
7323,1,7323,-0.00422875257,2025-12-03T16:50:13.081641
7324,1,7324,-0.00422730995,2025-12-03T16:50:13.124039
7325,1,7325,-0.00422898074,2025-12-03T16:50:13.166397
7326,1,7326,-0.00422735465,2025-12-03T16:50:13.186171
7327,1,7327,-0.0042292606,2025-12-03T16:50:13.259435
7328,1,7328,-0.00422829436,2025-12-03T16:50:13.332059
7329,1,7329,-0.00422666966,2025-12-03T16:50:13.404850
7330,1,7330,-0.00422761077,2025-12-03T16:50:13.447340
7331,1,7331,-0.00422512181,2025-12-03T16:50:13.489654
7332,1,7332,-0.00422533461,2025-12-03T16:50:13.509386
7333,1,7333,-0.00422408711,2025-12-03T16:50:13.582630
7334,1,7334,-0.00422257836,2025-12-03T16:50:13.655336
7335,1,7335,-0.00422647269,2025-12-03T16:50:13.728041
7336,1,7336,-0.00422238418,2025-12-03T16:50:13.770499
7337,1,7337,-0.0042259884,2025-12-03T16:50:13.812835
7338,1,7338,-0.00422418257,2025-12-03T16:50:13.885613
7339,1,7339,-0.00422520376,2025-12-03T16:50:13.958252
7340,1,7340,-0.00422502821,2025-12-03T16:50:14.031054
7341,1,7341,-0.00422472786,2025-12-03T16:50:14.073449
7342,1,7342,-0.0042260685,2025-12-03T16:50:14.115904
7343,1,7343,-0.00422360142,2025-12-03T16:50:14.188538
7344,1,7344,-0.00422367313,2025-12-03T16:50:14.261287
7345,1,7345,-0.00422535324,2025-12-03T16:50:14.334059
7346,1,7346,-0.00422305986,2025-12-03T16:50:14.376464
7347,1,7347,-0.00422348268,2025-12-03T16:50:14.418836
7348,1,7348,-0.00422218581,2025-12-03T16:50:14.491592
7349,1,7349,-0.00422379933,2025-12-03T16:50:14.564215
7350,1,7350,-0.00422196788,2025-12-03T16:50:14.637036
7351,1,7351,-0.00422520004,2025-12-03T16:50:14.679462
7352,1,7352,-0.00422034692,2025-12-03T16:50:14.721811
7353,1,7353,-0.00422138674,2025-12-03T16:50:14.741563
7354,1,7354,-0.00422291317,2025-12-03T16:50:14.817850
7355,1,7355,-0.0042220205,2025-12-03T16:50:14.890530
7356,1,7356,-0.00422528572,2025-12-03T16:50:14.963229
7357,1,7357,-0.00422063563,2025-12-03T16:50:15.005628
7358,1,7358,-0.00422314833,2025-12-03T16:50:15.048009
7359,1,7359,-0.00422086473,2025-12-03T16:50:15.120843
7360,1,7360,-0.00422233203,2025-12-03T16:50:15.193591
7361,1,7361,-0.00422211457,2025-12-03T16:50:15.266264
7362,1,7362,-0.00422192271,2025-12-03T16:50:15.308673
7363,1,7363,-0.00422193063,2025-12-03T16:50:15.351036
7364,1,7364,-0.00422172015,2025-12-03T16:50:15.370903
7365,1,7365,-0.00422250293,2025-12-03T16:50:15.444120
7366,1,7366,-0.0042226715,2025-12-03T16:50:15.516661
7367,1,7367,-0.00421921256,2025-12-03T16:50:15.589941
7368,1,7368,-0.00422130851,2025-12-03T16:50:15.631934
7369,1,7369,-0.00421548727,2025-12-03T16:50:15.674233
7370,1,7370,-0.00422074878,2025-12-03T16:50:15.747087
7371,1,7371,-0.00421670358,2025-12-03T16:50:15.819801
7372,1,7372,-0.00421558413,2025-12-03T16:50:15.892429
7373,1,7373,-0.00421327818,2025-12-03T16:50:15.934851
7374,1,7374,-0.00421351147,2025-12-03T16:50:15.977525
7375,1,7375,-0.00421259365,2025-12-03T16:50:16.051083
7376,1,7376,-0.00421466771,2025-12-03T16:50:16.123866
7377,1,7377,-0.00421658903,2025-12-03T16:50:16.196435
7378,1,7378,-0.00421437527,2025-12-03T16:50:16.269255
7379,1,7379,-0.00421328842,2025-12-03T16:50:16.311644
7380,1,7380,-0.00421225838,2025-12-03T16:50:16.354073
7381,1,7381,-0.00421258527,2025-12-03T16:50:16.426705
7382,1,7382,-0.00421451311,2025-12-03T16:50:16.499461
7383,1,7383,-0.0042093438,2025-12-03T16:50:16.572216
7384,1,7384,-0.0042125117,2025-12-03T16:50:16.644910
7385,1,7385,-0.00421184208,2025-12-03T16:50:16.687260
7386,1,7386,-0.00421357713,2025-12-03T16:50:16.729813
7387,1,7387,-0.00420769443,2025-12-03T16:50:16.802376
7388,1,7388,-0.00409968057,2025-12-03T16:50:16.875235
7389,1,7389,-0.00410446291,2025-12-03T16:50:16.947959
7390,1,7390,-0.00410052342,2025-12-03T16:50:16.990266
7391,1,7391,-0.00410010945,2025-12-03T16:50:17.032858
7392,1,7392,-0.0041008112,2025-12-03T16:50:17.052678
7393,1,7393,-0.00410307571,2025-12-03T16:50:17.072486
7394,1,7394,-0.00410702405,2025-12-03T16:50:17.092300
7395,1,7395,-0.00410912511,2025-12-03T16:50:17.112086
7396,1,7396,-0.00410503568,2025-12-03T16:50:17.185279
7397,1,7397,-0.0041040224,2025-12-03T16:50:17.258011
7398,1,7398,-0.00410764245,2025-12-03T16:50:17.330720
7399,1,7399,-0.00410330248,2025-12-03T16:50:17.373184
7400,1,7400,-0.00411003408,2025-12-03T16:50:17.415552
7401,1,7401,-0.00410726666,2025-12-03T16:50:17.435452
7402,1,7402,-0.00412857625,2025-12-03T16:50:17.508502
7403,1,7403,-0.0041043614,2025-12-03T16:50:17.581200
7404,1,7404,-0.00410510366,2025-12-03T16:50:17.653933
7405,1,7405,-0.00410950928,2025-12-03T16:50:17.696280
7406,1,7406,-0.00410715024,2025-12-03T16:50:17.738778
7407,1,7407,-0.00410484662,2025-12-03T16:50:17.758585
7408,1,7408,-0.00410592369,2025-12-03T16:50:17.831601
7409,1,7409,-0.00410538539,2025-12-03T16:50:17.904414
7410,1,7410,-0.00410545663,2025-12-03T16:50:17.977119
7411,1,7411,-0.00413930928,2025-12-03T16:50:18.019445
7412,1,7412,-0.00410331739,2025-12-03T16:50:18.062002
7413,1,7413,-0.00410698354,2025-12-03T16:50:18.134700
7414,1,7414,-0.00410517118,2025-12-03T16:50:18.207411
7415,1,7415,-0.00410810252,2025-12-03T16:50:18.280099
7416,1,7416,-0.00410547805,2025-12-03T16:50:18.322523
7417,1,7417,-0.00410572858,2025-12-03T16:50:18.364922
7418,1,7418,-0.00410384917,2025-12-03T16:50:18.437782
7419,1,7419,-0.00412706332,2025-12-03T16:50:18.510457
7420,1,7420,-0.00410601682,2025-12-03T16:50:18.583102
7421,1,7421,-0.00410626782,2025-12-03T16:50:18.625627
7422,1,7422,-0.00410801358,2025-12-03T16:50:18.668049
7423,1,7423,-0.00410765875,2025-12-03T16:50:18.740746
7424,1,7424,-0.00411108834,2025-12-03T16:50:18.813396
7425,1,7425,-0.00410867296,2025-12-03T16:50:18.886116
7426,1,7426,-0.00410770298,2025-12-03T16:50:18.928558
7427,1,7427,-0.00410759495,2025-12-03T16:50:18.971070
7428,1,7428,-0.00410468829,2025-12-03T16:50:18.990929
7429,1,7429,-0.00412616739,2025-12-03T16:50:19.010881
7430,1,7430,-0.00410620169,2025-12-03T16:50:19.083082
7431,1,7431,-0.00410627853,2025-12-03T16:50:19.155845
7432,1,7432,-0.00410976354,2025-12-03T16:50:19.228572
7433,1,7433,-0.00410912185,2025-12-03T16:50:19.270946
7434,1,7434,-0.00411112699,2025-12-03T16:50:19.313394
7435,1,7435,-0.00411102548,2025-12-03T16:50:19.386162
7436,1,7436,-0.00410877401,2025-12-03T16:50:19.458866
7437,1,7437,-0.00410427106,2025-12-03T16:50:19.531580
7438,1,7438,-0.00410455884,2025-12-03T16:50:19.573898
7439,1,7439,-0.00410509668,2025-12-03T16:50:19.616342
7440,1,7440,-0.00410800194,2025-12-03T16:50:19.689122
7441,1,7441,-0.00410811742,2025-12-03T16:50:19.761908
7442,1,7442,-0.00410910416,2025-12-03T16:50:19.834507
7443,1,7443,-0.00410978542,2025-12-03T16:50:19.876968
7444,1,7444,-0.00410677818,2025-12-03T16:50:19.919369
7445,1,7445,-0.00410866132,2025-12-03T16:50:19.992129
7446,1,7446,-0.00410735327,2025-12-03T16:50:20.064832
7447,1,7447,-0.00410463567,2025-12-03T16:50:20.137573
7448,1,7448,-0.00409643165,2025-12-03T16:50:20.179992
7449,1,7449,-0.00410432461,2025-12-03T16:50:20.222381
7450,1,7450,-0.00410509621,2025-12-03T16:50:20.242187
7451,1,7451,-0.00410909857,2025-12-03T16:50:20.315309
7452,1,7452,-0.00410586968,2025-12-03T16:50:20.387984
7453,1,7453,-0.00410613557,2025-12-03T16:50:20.460724
7454,1,7454,-0.00410636747,2025-12-03T16:50:20.503112
7455,1,7455,-0.00410578493,2025-12-03T16:50:20.545639
7456,1,7456,-0.00410642614,2025-12-03T16:50:20.619320
7457,1,7457,-0.00410591624,2025-12-03T16:50:20.692078
7458,1,7458,-0.00409919675,2025-12-03T16:50:20.764764
7459,1,7459,-0.00410045031,2025-12-03T16:50:20.807080
7460,1,7460,-0.00410283729,2025-12-03T16:50:20.849681
7461,1,7461,-0.00410325499,2025-12-03T16:50:20.922214
7462,1,7462,-0.00410542497,2025-12-03T16:50:20.995006
7463,1,7463,-0.00410534674,2025-12-03T16:50:21.067686
7464,1,7464,-0.00410626688,2025-12-03T16:50:21.110119
7465,1,7465,-0.00410637306,2025-12-03T16:50:21.152622
7466,1,7466,-0.00410463474,2025-12-03T16:50:21.172387
7467,1,7467,-0.00410624733,2025-12-03T16:50:21.245481
7468,1,7468,-0.00410550273,2025-12-03T16:50:21.318192
7469,1,7469,-0.00410503288,2025-12-03T16:50:21.390898
7470,1,7470,-0.00410613231,2025-12-03T16:50:21.433510
7471,1,7471,-0.00410493928,2025-12-03T16:50:21.475846
7472,1,7472,-0.00410850811,2025-12-03T16:50:21.548552
7473,1,7473,-0.00410596653,2025-12-03T16:50:21.621263
7474,1,7474,-0.00410602474,2025-12-03T16:50:21.693877
7475,1,7475,-0.00410496117,2025-12-03T16:50:21.736343
7476,1,7476,-0.00410133274,2025-12-03T16:50:21.778865
7477,1,7477,-0.0041048415,2025-12-03T16:50:21.853447
7478,1,7478,-0.00410523824,2025-12-03T16:50:21.926262
7479,1,7479,-0.00410765781,2025-12-03T16:50:21.999002
7480,1,7480,-0.00410641031,2025-12-03T16:50:22.041371
7481,1,7481,-0.00410961639,2025-12-03T16:50:22.083863
7482,1,7482,-0.00410974863,2025-12-03T16:50:22.103770
7483,1,7483,-0.00410477304,2025-12-03T16:50:22.176668
7484,1,7484,-0.004109025,2025-12-03T16:50:22.249431
7485,1,7485,-0.0041062464,2025-12-03T16:50:22.322248
7486,1,7486,-0.00410598702,2025-12-03T16:50:22.364573
7487,1,7487,-0.00410494953,2025-12-03T16:50:22.407046
7488,1,7488,-0.00410565035,2025-12-03T16:50:22.512491
7489,1,7489,-0.00410736585,2025-12-03T16:50:22.569747
7490,1,7490,-0.00410723779,2025-12-03T16:50:22.612075
7491,1,7491,-0.00410592043,2025-12-03T16:50:22.654471
7492,1,7492,-0.00410648854,2025-12-03T16:50:22.674382
7493,1,7493,-0.00410606293,2025-12-03T16:50:22.694199
7494,1,7494,-0.00411425158,2025-12-03T16:50:22.766585
7495,1,7495,-0.00410501612,2025-12-03T16:50:22.839303
7496,1,7496,-0.0041056713,2025-12-03T16:50:22.912048
7497,1,7497,-0.00410549342,2025-12-03T16:50:22.954453
7498,1,7498,-0.00410654814,2025-12-03T16:50:22.996828
7499,1,7499,-0.00410739891,2025-12-03T16:50:23.069671
7500,1,7500,-0.00410616444,2025-12-03T16:50:23.142402
7501,1,7501,-0.00410664966,2025-12-03T16:50:23.215055
7502,1,7502,-0.00411124015,2025-12-03T16:50:23.257452
7503,1,7503,-0.00410614861,2025-12-03T16:50:23.299896
7504,1,7504,-0.00410458771,2025-12-03T16:50:23.372658
7505,1,7505,-0.00410467153,2025-12-03T16:50:23.445302
7506,1,7506,-0.00410464033,2025-12-03T16:50:23.488025
7507,1,7507,-0.00410509994,2025-12-03T16:50:23.530244
7508,1,7508,-0.00410665851,2025-12-03T16:50:23.550094
7509,1,7509,-0.00410427153,2025-12-03T16:50:23.569881
7510,1,7510,-0.00410384824,2025-12-03T16:50:23.642608
7511,1,7511,-0.00410823151,2025-12-03T16:50:23.714953
7512,1,7512,-0.00410424219,2025-12-03T16:50:23.787733
7513,1,7513,-0.00410406757,2025-12-03T16:50:23.830141
7514,1,7514,-0.00410351995,2025-12-03T16:50:23.872596
7515,1,7515,-0.00410435255,2025-12-03T16:50:23.945315
7516,1,7516,-0.00410440517,2025-12-03T16:50:24.017969
7517,1,7517,-0.00410397304,2025-12-03T16:50:24.090758
7518,1,7518,-0.0041060578,2025-12-03T16:50:24.133208
7519,1,7519,-0.00410277023,2025-12-03T16:50:24.175603
7520,1,7520,-0.00410403404,2025-12-03T16:50:24.195535
7521,1,7521,-0.00410713162,2025-12-03T16:50:24.268374
7522,1,7522,-0.00410323869,2025-12-03T16:50:24.341184
7523,1,7523,-0.0041059521,2025-12-03T16:50:24.413895
7524,1,7524,-0.00410445686,2025-12-03T16:50:24.456403
7525,1,7525,-0.00410700682,2025-12-03T16:50:24.498778
7526,1,7526,-0.00410484196,2025-12-03T16:50:24.571515
7527,1,7527,-0.00410388968,2025-12-03T16:50:24.644202
7528,1,7528,-0.00410664966,2025-12-03T16:50:24.716963
7529,1,7529,-0.00410859286,2025-12-03T16:50:24.759329
7530,1,7530,-0.004102353,2025-12-03T16:50:24.801718
7531,1,7531,-0.00410362612,2025-12-03T16:50:24.874486
7532,1,7532,-0.00410497374,2025-12-03T16:50:24.947216
7533,1,7533,-0.00410533649,2025-12-03T16:50:25.019916
7534,1,7534,-0.0041049961,2025-12-03T16:50:25.062350
7535,1,7535,-0.00410507479,2025-12-03T16:50:25.104768
7536,1,7536,-0.00410450017,2025-12-03T16:50:25.177512
7537,1,7537,-0.00410774536,2025-12-03T16:50:25.250226
7538,1,7538,-0.00410709157,2025-12-03T16:50:25.322936
7539,1,7539,-0.00410717632,2025-12-03T16:50:25.365360
7540,1,7540,-0.00410766014,2025-12-03T16:50:25.407766
7541,1,7541,-0.00410787388,2025-12-03T16:50:25.427715
7542,1,7542,-0.00410988181,2025-12-03T16:50:25.500668
7543,1,7543,-0.00410980917,2025-12-03T16:50:25.573354
7544,1,7544,-0.00410978822,2025-12-03T16:50:25.646116
7545,1,7545,-0.0041095186,2025-12-03T16:50:25.688543
7546,1,7546,-0.00410892209,2025-12-03T16:50:25.730965
7547,1,7547,-0.00410776631,2025-12-03T16:50:25.804607
7548,1,7548,-0.00410847272,2025-12-03T16:50:25.877436
7549,1,7549,-0.00411204993,2025-12-03T16:50:25.950149
7550,1,7550,-0.00410958798,2025-12-03T16:50:25.992578
7551,1,7551,-0.00411143153,2025-12-03T16:50:26.034914
7552,1,7552,-0.00410986738,2025-12-03T16:50:26.054863
7553,1,7553,-0.00411098217,2025-12-03T16:50:26.127848
7554,1,7554,-0.0041128844,2025-12-03T16:50:26.200573
7555,1,7555,-0.00411619711,2025-12-03T16:50:26.273294
7556,1,7556,-0.00410945899,2025-12-03T16:50:26.315773
7557,1,7557,-0.0041085002,2025-12-03T16:50:26.358202
7558,1,7558,-0.00410973001,2025-12-03T16:50:26.430887
7559,1,7559,-0.00411013653,2025-12-03T16:50:26.503571
7560,1,7560,-0.00410716282,2025-12-03T16:50:26.576336
7561,1,7561,-0.00411001639,2025-12-03T16:50:26.618726
7562,1,7562,-0.00410616444,2025-12-03T16:50:26.661299
7563,1,7563,-0.00410880055,2025-12-03T16:50:26.681048
7564,1,7564,-0.00411160336,2025-12-03T16:50:26.753967
7565,1,7565,-0.00410845363,2025-12-03T16:50:26.826860
7566,1,7566,-0.00411140779,2025-12-03T16:50:26.899437
7567,1,7567,-0.00410948693,2025-12-03T16:50:26.941885
7568,1,7568,-0.00411383574,2025-12-03T16:50:26.984407
7569,1,7569,-0.00411124061,2025-12-03T16:50:27.057055
7570,1,7570,-0.00411003874,2025-12-03T16:50:27.129902
7571,1,7571,-0.00411133887,2025-12-03T16:50:27.202569
7572,1,7572,-0.00411005923,2025-12-03T16:50:27.244970
7573,1,7573,-0.00411146692,2025-12-03T16:50:27.287372
7574,1,7574,-0.00410837307,2025-12-03T16:50:27.307174
7575,1,7575,-0.0041090059,2025-12-03T16:50:27.327042
7576,1,7576,-0.00410874327,2025-12-03T16:50:27.346868
7577,1,7577,-0.00411201687,2025-12-03T16:50:27.366741
7578,1,7578,-0.00410984084,2025-12-03T16:50:27.386531
7579,1,7579,-0.0041094236,2025-12-03T16:50:27.459018
7580,1,7580,-0.00411251047,2025-12-03T16:50:27.531827
7581,1,7581,-0.00411256961,2025-12-03T16:50:27.604538
7582,1,7582,-0.00411372771,2025-12-03T16:50:27.646874
7583,1,7583,-0.00411199172,2025-12-03T16:50:27.689299
7584,1,7584,-0.0041129277,2025-12-03T16:50:27.762044
7585,1,7585,-0.00411127926,2025-12-03T16:50:27.834829
7586,1,7586,-0.00411185622,2025-12-03T16:50:27.907493
7587,1,7587,-0.0041144588,2025-12-03T16:50:27.949949
7588,1,7588,-0.00411243876,2025-12-03T16:50:27.992498
7589,1,7589,-0.00411359826,2025-12-03T16:50:28.065544
7590,1,7590,-0.00411295937,2025-12-03T16:50:28.138277
7591,1,7591,-0.00411228602,2025-12-03T16:50:28.210934
7592,1,7592,-0.00411262409,2025-12-03T16:50:28.253034
7593,1,7593,-0.00411085318,2025-12-03T16:50:28.295429
7594,1,7594,-0.00411159731,2025-12-03T16:50:28.315405
7595,1,7595,-0.00411355448,2025-12-03T16:50:28.388247
7596,1,7596,-0.00411132629,2025-12-03T16:50:28.460997
7597,1,7597,-0.00411576498,2025-12-03T16:50:28.533747
7598,1,7598,-0.00411415146,2025-12-03T16:50:28.576130
7599,1,7599,-0.00411348696,2025-12-03T16:50:28.618520
7600,1,7600,-0.00410557445,2025-12-03T16:50:28.691428
7601,1,7601,-0.00411631446,2025-12-03T16:50:28.764002
7602,1,7602,-0.00415449915,2025-12-03T16:50:28.836749
7603,1,7603,-0.00415463373,2025-12-03T16:50:28.879162
7604,1,7604,-0.00415459973,2025-12-03T16:50:28.921593
7605,1,7605,-0.00415242323,2025-12-03T16:50:28.941416
7606,1,7606,-0.00415545748,2025-12-03T16:50:29.014408
7607,1,7607,-0.00415448425,2025-12-03T16:50:29.087381
7608,1,7608,-0.00415532849,2025-12-03T16:50:29.159931
7609,1,7609,-0.00415505189,2025-12-03T16:50:29.202349
7610,1,7610,-0.00415441673,2025-12-03T16:50:29.244776
7611,1,7611,-0.00415588263,2025-12-03T16:50:29.317419
7612,1,7612,-0.00415540579,2025-12-03T16:50:29.390130
7613,1,7613,-0.00415476551,2025-12-03T16:50:29.462944
7614,1,7614,-0.00415548635,2025-12-03T16:50:29.505390
7615,1,7615,-0.00415479717,2025-12-03T16:50:29.547763
7616,1,7616,-0.00415388308,2025-12-03T16:50:29.622535
7617,1,7617,-0.00415264349,2025-12-03T16:50:29.695205
7618,1,7618,-0.00415716227,2025-12-03T16:50:29.768008
7619,1,7619,-0.00415049865,2025-12-03T16:50:29.810398
7620,1,7620,-0.00415423139,2025-12-03T16:50:29.853179
7621,1,7621,-0.00415281206,2025-12-03T16:50:29.873081
7622,1,7622,-0.00415223091,2025-12-03T16:50:29.945678
7623,1,7623,-0.00415538763,2025-12-03T16:50:30.018430
7624,1,7624,-0.00415308075,2025-12-03T16:50:30.091159
7625,1,7625,-0.00414538336,2025-12-03T16:50:30.133645
7626,1,7626,-0.00415386212,2025-12-03T16:50:30.176037
7627,1,7627,-0.00415143836,2025-12-03T16:50:30.196003
7628,1,7628,-0.004152745,2025-12-03T16:50:30.215895
7629,1,7629,-0.00415379554,2025-12-03T16:50:30.235767
7630,1,7630,-0.00415467657,2025-12-03T16:50:30.255590
7631,1,7631,-0.00415062345,2025-12-03T16:50:30.328458
7632,1,7632,-0.00415479298,2025-12-03T16:50:30.401160
7633,1,7633,-0.00415298575,2025-12-03T16:50:30.474053
7634,1,7634,-0.00415216386,2025-12-03T16:50:30.562518
7635,1,7635,-0.00415232498,2025-12-03T16:50:30.637280
7636,1,7636,-0.00415215408,2025-12-03T16:50:30.709091
7637,1,7637,-0.00414934009,2025-12-03T16:50:30.779013
7638,1,7638,-0.00415567634,2025-12-03T16:50:30.851705
7639,1,7639,-0.00415067328,2025-12-03T16:50:30.894167
7640,1,7640,-0.00415213312,2025-12-03T16:50:30.936622
7641,1,7641,-0.00415233662,2025-12-03T16:50:30.957331
7642,1,7642,-0.0041524358,2025-12-03T16:50:31.030493
7643,1,7643,-0.00415295595,2025-12-03T16:50:31.103165
7644,1,7644,-0.00415287632,2025-12-03T16:50:31.175961
7645,1,7645,-0.00415494292,2025-12-03T16:50:31.218390
7646,1,7646,-0.00415348308,2025-12-03T16:50:31.260765
7647,1,7647,-0.00415469426,2025-12-03T16:50:31.333449
7648,1,7648,-0.00415367586,2025-12-03T16:50:31.406188
7649,1,7649,-0.00415075803,2025-12-03T16:50:31.478828
7650,1,7650,-0.00415074778,2025-12-03T16:50:31.521329
7651,1,7651,-0.0041512656,2025-12-03T16:50:31.563791
7652,1,7652,-0.00415096525,2025-12-03T16:50:31.583641
7653,1,7653,-0.00415170565,2025-12-03T16:50:31.656725
7654,1,7654,-0.00414693681,2025-12-03T16:50:31.729444
7655,1,7655,-0.00415247399,2025-12-03T16:50:31.802116
7656,1,7656,-0.0041494132,2025-12-03T16:50:31.844474
7657,1,7657,-0.00415049958,2025-12-03T16:50:31.886849
7658,1,7658,-0.00414943881,2025-12-03T16:50:31.959610
7659,1,7659,-0.00415128795,2025-12-03T16:50:32.032449
7660,1,7660,-0.00415149051,2025-12-03T16:50:32.105071
7661,1,7661,-0.00415233802,2025-12-03T16:50:32.147429
7662,1,7662,-0.0041323346,2025-12-03T16:50:32.189884
7663,1,7663,-0.00414738664,2025-12-03T16:50:32.262653
7664,1,7664,-0.00415288144,2025-12-03T16:50:32.335442
7665,1,7665,-0.00415140157,2025-12-03T16:50:32.408113
7666,1,7666,-0.00415103416,2025-12-03T16:50:32.450459
7667,1,7667,-0.00415087305,2025-12-03T16:50:32.493016
7668,1,7668,-0.00414964742,2025-12-03T16:50:32.513006
7669,1,7669,-0.00415253499,2025-12-03T16:50:32.585825
7670,1,7670,-0.00415080599,2025-12-03T16:50:32.658534
7671,1,7671,-0.00414537498,2025-12-03T16:50:32.731275
7672,1,7672,-0.00414885953,2025-12-03T16:50:32.773789
7673,1,7673,-0.00414930842,2025-12-03T16:50:32.816184
7674,1,7674,-0.00415015919,2025-12-03T16:50:32.890866
7675,1,7675,-0.00414927024,2025-12-03T16:50:32.963559
7676,1,7676,-0.00415393523,2025-12-03T16:50:33.036338
7677,1,7677,-0.00415004137,2025-12-03T16:50:33.078666
7678,1,7678,-0.00415229052,2025-12-03T16:50:33.121080
7679,1,7679,-0.0041404739,2025-12-03T16:50:33.193825
7680,1,7680,-0.0041498132,2025-12-03T16:50:33.266540
7681,1,7681,-0.00415141321,2025-12-03T16:50:33.339346
7682,1,7682,-0.00415170658,2025-12-03T16:50:33.381701
7683,1,7683,-0.00415147328,2025-12-03T16:50:33.424174
7684,1,7684,-0.0041519599,2025-12-03T16:50:33.444014
7685,1,7685,-0.00415192777,2025-12-03T16:50:33.517020
7686,1,7686,-0.00415292382,2025-12-03T16:50:33.589838
7687,1,7687,-0.00415757577,2025-12-03T16:50:33.662547
7688,1,7688,-0.0041464027,2025-12-03T16:50:33.704946
7689,1,7689,-0.00414927117,2025-12-03T16:50:33.747378
7690,1,7690,-0.00415134197,2025-12-03T16:50:33.767181
7691,1,7691,-0.00415223091,2025-12-03T16:50:33.840350
7692,1,7692,-0.00415103277,2025-12-03T16:50:33.913015
7693,1,7693,-0.00415348215,2025-12-03T16:50:33.985747
7694,1,7694,-0.00415194453,2025-12-03T16:50:34.058399
7695,1,7695,-0.00415088934,2025-12-03T16:50:34.100913
7696,1,7696,-0.00414877617,2025-12-03T16:50:34.143315
7697,1,7697,-0.00415057921,2025-12-03T16:50:34.163096
7698,1,7698,-0.00415127631,2025-12-03T16:50:34.182823
7699,1,7699,-0.00415326096,2025-12-03T16:50:34.202666
7700,1,7700,-0.00415041856,2025-12-03T16:50:34.275628
7701,1,7701,-0.00415231799,2025-12-03T16:50:34.348342
7702,1,7702,-0.0041519138,2025-12-03T16:50:34.421049
7703,1,7703,-0.00414877478,2025-12-03T16:50:34.463390
7704,1,7704,-0.00415098899,2025-12-03T16:50:34.505898
7705,1,7705,-0.00415028911,2025-12-03T16:50:34.525726
7706,1,7706,-0.00415384955,2025-12-03T16:50:34.598866
7707,1,7707,-0.00415102113,2025-12-03T16:50:34.671519
7708,1,7708,-0.00415068631,2025-12-03T16:50:34.744267
7709,1,7709,-0.00415353616,2025-12-03T16:50:34.786695
7710,1,7710,-0.00415010377,2025-12-03T16:50:34.829089
7711,1,7711,-0.00418085884,2025-12-03T16:50:34.901836
7712,1,7712,-0.00415260484,2025-12-03T16:50:34.974540
7713,1,7713,-0.0041503068,2025-12-03T16:50:35.047186
7714,1,7714,-0.0041526379,2025-12-03T16:50:35.089629
7715,1,7715,-0.00415241904,2025-12-03T16:50:35.132130
7716,1,7716,-0.0041524237,2025-12-03T16:50:35.204827
7717,1,7717,-0.00415122322,2025-12-03T16:50:35.277486
7718,1,7718,-0.0041526081,2025-12-03T16:50:35.350260
7719,1,7719,-0.00415332289,2025-12-03T16:50:35.392635
7720,1,7720,-0.00415459694,2025-12-03T16:50:35.435108
7721,1,7721,-0.00415355013,2025-12-03T16:50:35.507760
7722,1,7722,-0.0041467105,2025-12-03T16:50:35.580579
7723,1,7723,-0.00415330007,2025-12-03T16:50:35.653247
7724,1,7724,-0.00415067235,2025-12-03T16:50:35.696019
7725,1,7725,-0.00415292149,2025-12-03T16:50:35.738075
7726,1,7726,-0.00415288843,2025-12-03T16:50:35.757878
7727,1,7727,-0.00414981134,2025-12-03T16:50:35.830932
7728,1,7728,-0.00415290892,2025-12-03T16:50:35.903721
7729,1,7729,-0.00415088795,2025-12-03T16:50:35.976447
7730,1,7730,-0.00415332289,2025-12-03T16:50:36.018877
7731,1,7731,-0.00414988026,2025-12-03T16:50:36.061314
7732,1,7732,-0.00414884788,2025-12-03T16:50:36.081077
7733,1,7733,-0.0041534854,2025-12-03T16:50:36.154164
7734,1,7734,-0.00414963485,2025-12-03T16:50:36.226977
7735,1,7735,-0.00415114918,2025-12-03T16:50:36.299695
7736,1,7736,-0.00414862949,2025-12-03T16:50:36.342119
7737,1,7737,-0.00414525857,2025-12-03T16:50:36.384457
7738,1,7738,-0.00414530513,2025-12-03T16:50:36.457207
7739,1,7739,-0.0041426476,2025-12-03T16:50:36.529918
7740,1,7740,-0.00410410994,2025-12-03T16:50:36.602652
7741,1,7741,-0.00410368479,2025-12-03T16:50:36.645008
7742,1,7742,-0.00410577608,2025-12-03T16:50:36.687512
7743,1,7743,-0.00410415465,2025-12-03T16:50:36.760203
7744,1,7744,-0.0041047777,2025-12-03T16:50:36.832923
7745,1,7745,-0.00410612812,2025-12-03T16:50:36.905687
7746,1,7746,-0.00410538632,2025-12-03T16:50:36.948097
7747,1,7747,-0.00410466175,2025-12-03T16:50:36.990537
7748,1,7748,-0.00410438235,2025-12-03T16:50:37.010391
7749,1,7749,-0.00410441495,2025-12-03T16:50:37.083454
7750,1,7750,-0.00410532811,2025-12-03T16:50:37.156192
7751,1,7751,-0.00410490948,2025-12-03T16:50:37.228894
7752,1,7752,-0.00410581286,2025-12-03T16:50:37.271317
7753,1,7753,-0.00410214299,2025-12-03T16:50:37.313717
7754,1,7754,-0.0041042231,2025-12-03T16:50:37.333610
7755,1,7755,-0.00410609366,2025-12-03T16:50:37.406606
7756,1,7756,-0.00410579191,2025-12-03T16:50:37.479291
7757,1,7757,-0.00410478748,2025-12-03T16:50:37.552083
7758,1,7758,-0.00410597072,2025-12-03T16:50:37.594811
7759,1,7759,-0.00410727504,2025-12-03T16:50:37.637394
7760,1,7760,-0.00410693837,2025-12-03T16:50:37.657277
7761,1,7761,-0.00410445546,2025-12-03T16:50:37.677116
7762,1,7762,-0.00410496629,2025-12-03T16:50:37.697440
7763,1,7763,-0.00410579796,2025-12-03T16:50:37.717969
7764,1,7764,-0.00410565827,2025-12-03T16:50:37.791503
7765,1,7765,-0.00410593161,2025-12-03T16:50:37.864733
7766,1,7766,-0.00410816911,2025-12-03T16:50:37.937311
7767,1,7767,-0.00410561449,2025-12-03T16:50:37.979246
7768,1,7768,-0.00410584593,2025-12-03T16:50:38.021787
7769,1,7769,-0.00410491507,2025-12-03T16:50:38.094462
7770,1,7770,-0.00410679867,2025-12-03T16:50:38.167384
7771,1,7771,-0.0041051791,2025-12-03T16:50:38.239960
7772,1,7772,-0.0041076513,2025-12-03T16:50:38.282594
7773,1,7773,-0.00410504406,2025-12-03T16:50:38.324775
7774,1,7774,-0.00410433299,2025-12-03T16:50:38.344714
7775,1,7775,-0.00410593766,2025-12-03T16:50:38.418253
7776,1,7776,-0.00410515442,2025-12-03T16:50:38.490670
7777,1,7777,-0.00410470087,2025-12-03T16:50:38.563096
7778,1,7778,-0.00410518981,2025-12-03T16:50:38.606623
7779,1,7779,-0.00410507479,2025-12-03T16:50:38.648224
7780,1,7780,-0.0041050571,2025-12-03T16:50:38.668650
7781,1,7781,-0.00410431856,2025-12-03T16:50:38.741080
7782,1,7782,-0.00410135509,2025-12-03T16:50:38.813943
7783,1,7783,-0.00410644151,2025-12-03T16:50:38.886270
7784,1,7784,-0.00410420307,2025-12-03T16:50:38.928748
7785,1,7785,-0.0041063386,2025-12-03T16:50:38.971116
7786,1,7786,-0.00410614255,2025-12-03T16:50:39.043719
7787,1,7787,-0.00410674791,2025-12-03T16:50:39.116466
7788,1,7788,-0.00410483544,2025-12-03T16:50:39.189343
7789,1,7789,-0.00410326942,2025-12-03T16:50:39.262045
7790,1,7790,-0.00410773791,2025-12-03T16:50:39.304453
7791,1,7791,-0.00410203728,2025-12-03T16:50:39.346856
7792,1,7792,-0.0041034785,2025-12-03T16:50:39.366677
7793,1,7793,-0.00410547433,2025-12-03T16:50:39.386414
7794,1,7794,-0.00410499656,2025-12-03T16:50:39.406376
7795,1,7795,-0.0041037607,2025-12-03T16:50:39.426328
7796,1,7796,-0.00410507339,2025-12-03T16:50:39.499317
7797,1,7797,-0.0041061216,2025-12-03T16:50:39.571983
7798,1,7798,-0.00410602288,2025-12-03T16:50:39.644665
7799,1,7799,-0.00410672277,2025-12-03T16:50:39.687148
7800,1,7800,-0.0041066315,2025-12-03T16:50:39.729654
7801,1,7801,-0.00411032931,2025-12-03T16:50:39.802342
7802,1,7802,-0.00410498352,2025-12-03T16:50:39.874970
7803,1,7803,-0.00410548597,2025-12-03T16:50:39.947861
7804,1,7804,-0.00410578586,2025-12-03T16:50:39.990236
7805,1,7805,-0.00410646433,2025-12-03T16:50:40.032547
7806,1,7806,-0.00410708738,2025-12-03T16:50:40.105369
7807,1,7807,-0.00410581286,2025-12-03T16:50:40.178067
7808,1,7808,-0.0041076499,2025-12-03T16:50:40.250704
7809,1,7809,-0.00411735288,2025-12-03T16:50:40.293251
7810,1,7810,-0.00410544825,2025-12-03T16:50:40.335670
7811,1,7811,-0.00410558469,2025-12-03T16:50:40.408288
7812,1,7812,-0.00410580029,2025-12-03T16:50:40.480981
7813,1,7813,-0.00410733558,2025-12-03T16:50:40.553766
7814,1,7814,-0.00410570437,2025-12-03T16:50:40.596166
7815,1,7815,-0.00410537468,2025-12-03T16:50:40.638668
7816,1,7816,-0.00410548644,2025-12-03T16:50:40.658523
7817,1,7817,-0.00410590227,2025-12-03T16:50:40.732464
7818,1,7818,-0.00410870136,2025-12-03T16:50:40.804371
7819,1,7819,-0.00410569738,2025-12-03T16:50:40.877055
7820,1,7820,-0.00410607969,2025-12-03T16:50:40.919432
7821,1,7821,-0.0041066017,2025-12-03T16:50:40.961906
7822,1,7822,-0.00410610763,2025-12-03T16:50:41.034573
7823,1,7823,-0.004106462,2025-12-03T16:50:41.107324
7824,1,7824,-0.00410645641,2025-12-03T16:50:41.180048
7825,1,7825,-0.00410747528,2025-12-03T16:50:41.222464
7826,1,7826,-0.0041046869,2025-12-03T16:50:41.264961
7827,1,7827,-0.00410565407,2025-12-03T16:50:41.337585
7828,1,7828,-0.00410595349,2025-12-03T16:50:41.410327
7829,1,7829,-0.00410594092,2025-12-03T16:50:41.483095
7830,1,7830,-0.00410521402,2025-12-03T16:50:41.525454
7831,1,7831,-0.00410600239,2025-12-03T16:50:41.567905
7832,1,7832,-0.00410591065,2025-12-03T16:50:41.587715
7833,1,7833,-0.00410687411,2025-12-03T16:50:41.660874
7834,1,7834,-0.00410758983,2025-12-03T16:50:41.733543
7835,1,7835,-0.00410758284,2025-12-03T16:50:41.806165
7836,1,7836,-0.00410515815,2025-12-03T16:50:41.848634
7837,1,7837,-0.00410614814,2025-12-03T16:50:41.891081
7838,1,7838,-0.00410721125,2025-12-03T16:50:41.911015
7839,1,7839,-0.00410586642,2025-12-03T16:50:41.983896
7840,1,7840,-0.00410610856,2025-12-03T16:50:42.056617
7841,1,7841,-0.00410685595,2025-12-03T16:50:42.129450
7842,1,7842,-0.0041082031,2025-12-03T16:50:42.171888
7843,1,7843,-0.00410796934,2025-12-03T16:50:42.214264
7844,1,7844,-0.00410973699,2025-12-03T16:50:42.286997
7845,1,7845,-0.00410705478,2025-12-03T16:50:42.359596
7846,1,7846,-0.00410633254,2025-12-03T16:50:42.432436
7847,1,7847,-0.00410828599,2025-12-03T16:50:42.474747
7848,1,7848,-0.00410670181,2025-12-03T16:50:42.517280
7849,1,7849,-0.0041076201,2025-12-03T16:50:42.591898
7850,1,7850,-0.00410199398,2025-12-03T16:50:42.664689
7851,1,7851,-0.00410599727,2025-12-03T16:50:42.737499
7852,1,7852,-0.00410614348,2025-12-03T16:50:42.779867
7853,1,7853,-0.00410606339,2025-12-03T16:50:42.822275
7854,1,7854,-0.00410522008,2025-12-03T16:50:42.842142
7855,1,7855,-0.00410406664,2025-12-03T16:50:42.915196
7856,1,7856,-0.00410603126,2025-12-03T16:50:42.987948
7857,1,7857,-0.00410574581,2025-12-03T16:50:43.060641
7858,1,7858,-0.00413973396,2025-12-03T16:50:43.103077
7859,1,7859,-0.00409743748,2025-12-03T16:50:43.145502
7860,1,7860,-0.00410414906,2025-12-03T16:50:43.218212
7861,1,7861,-0.00410498725,2025-12-03T16:50:43.290936
7862,1,7862,-0.00410580681,2025-12-03T16:50:43.363520
7863,1,7863,-0.00410556653,2025-12-03T16:50:43.406053
7864,1,7864,-0.00410497281,2025-12-03T16:50:43.448504
7865,1,7865,-0.00410445081,2025-12-03T16:50:43.468384
7866,1,7866,-0.00410568807,2025-12-03T16:50:43.541395
7867,1,7867,-0.00414708303,2025-12-03T16:50:43.614116
7868,1,7868,-0.00410419935,2025-12-03T16:50:43.686861
7869,1,7869,-0.00410467153,2025-12-03T16:50:43.729251
7870,1,7870,-0.00410483172,2025-12-03T16:50:43.771665
7871,1,7871,-0.00410494394,2025-12-03T16:50:43.844348
7872,1,7872,-0.0041060131,2025-12-03T16:50:43.916990
7873,1,7873,-0.00410671764,2025-12-03T16:50:43.989738
7874,1,7874,-0.00410683965,2025-12-03T16:50:44.032274
7875,1,7875,-0.00410701427,2025-12-03T16:50:44.074691
7876,1,7876,-0.00410052295,2025-12-03T16:50:44.147437
7877,1,7877,-0.00410429155,2025-12-03T16:50:44.220093
7878,1,7878,-0.00410568527,2025-12-03T16:50:44.292823
7879,1,7879,-0.0041051656,2025-12-03T16:50:44.335173
7880,1,7880,-0.00410638423,2025-12-03T16:50:44.377711
7881,1,7881,-0.00410725781,2025-12-03T16:50:44.450460
7882,1,7882,-0.00410567875,2025-12-03T16:50:44.523146
7883,1,7883,-0.00410683266,2025-12-03T16:50:44.595822
7884,1,7884,-0.00410396046,2025-12-03T16:50:44.638266
7885,1,7885,-0.00410433439,2025-12-03T16:50:44.680608
7886,1,7886,-0.00410551251,2025-12-03T16:50:44.700498
7887,1,7887,-0.00410610204,2025-12-03T16:50:44.773488
7888,1,7888,-0.00410817656,2025-12-03T16:50:44.846251
7889,1,7889,-0.00410672277,2025-12-03T16:50:44.919049
7890,1,7890,-0.00410829437,2025-12-03T16:50:44.961386
7891,1,7891,-0.00410723499,2025-12-03T16:50:45.003853
7892,1,7892,-0.00410623475,2025-12-03T16:50:45.076477
7893,1,7893,-0.00410701194,2025-12-03T16:50:45.149288
7894,1,7894,-0.00410789391,2025-12-03T16:50:45.222042
7895,1,7895,-0.00410611508,2025-12-03T16:50:45.264486
7896,1,7896,-0.00410666922,2025-12-03T16:50:45.306820
7897,1,7897,-0.00410691648,2025-12-03T16:50:45.379480
7898,1,7898,-0.0041070031,2025-12-03T16:50:45.452287
7899,1,7899,-0.00410505244,2025-12-03T16:50:45.524954
7900,1,7900,-0.00410639913,2025-12-03T16:50:45.567464
7901,1,7901,-0.00410605687,2025-12-03T16:50:45.609946
7902,1,7902,-0.00410433858,2025-12-03T16:50:45.629869
7903,1,7903,-0.0041059833,2025-12-03T16:50:45.702862
7904,1,7904,-0.00410724896,2025-12-03T16:50:45.775452
7905,1,7905,-0.00410474278,2025-12-03T16:50:45.848228
7906,1,7906,-0.00410621333,2025-12-03T16:50:45.890586
7907,1,7907,-0.00410630041,2025-12-03T16:50:45.933127
7908,1,7908,-0.00410641217,2025-12-03T16:50:46.007863
7909,1,7909,-0.00410585291,2025-12-03T16:50:46.080455
7910,1,7910,-0.00410617515,2025-12-03T16:50:46.153222
7911,1,7911,-0.00410545384,2025-12-03T16:50:46.195622
7912,1,7912,-0.00410541798,2025-12-03T16:50:46.238135
7913,1,7913,-0.00410723453,2025-12-03T16:50:46.310902
7914,1,7914,-0.00410731742,2025-12-03T16:50:46.383626
7915,1,7915,-0.00410663522,2025-12-03T16:50:46.456311
7916,1,7916,-0.00410617562,2025-12-03T16:50:46.498679
7917,1,7917,-0.00410755025,2025-12-03T16:50:46.541096
7918,1,7918,-0.004116124,2025-12-03T16:50:46.560851
7919,1,7919,-0.00411707721,2025-12-03T16:50:46.634103
7920,1,7920,-0.00411545066,2025-12-03T16:50:46.706770
7921,1,7921,-0.00411065388,2025-12-03T16:50:46.779415
7922,1,7922,-0.00411080941,2025-12-03T16:50:46.821916
7923,1,7923,-0.00411041313,2025-12-03T16:50:46.864345
7924,1,7924,-0.00411351257,2025-12-03T16:50:46.884243
7925,1,7925,-0.0041103512,2025-12-03T16:50:46.957161
7926,1,7926,-0.00410918612,2025-12-03T16:50:47.029880
7927,1,7927,-0.00410772534,2025-12-03T16:50:47.102680
7928,1,7928,-0.0041074329,2025-12-03T16:50:47.175284
7929,1,7929,-0.00410772534,2025-12-03T16:50:47.248193
7930,1,7930,-0.00410897703,2025-12-03T16:50:47.320867
7931,1,7931,-0.00410699052,2025-12-03T16:50:47.393468
7932,1,7932,-0.00410550693,2025-12-03T16:50:47.435967
7933,1,7933,-0.00410733092,2025-12-03T16:50:47.478459
7934,1,7934,-0.00410679727,2025-12-03T16:50:47.498377
7935,1,7935,-0.00410683639,2025-12-03T16:50:47.571352
7936,1,7936,-0.00410902826,2025-12-03T16:50:47.644075
7937,1,7937,-0.00410734768,2025-12-03T16:50:47.716709
7938,1,7938,-0.00410740356,2025-12-03T16:50:47.759170
7939,1,7939,-0.00410416396,2025-12-03T16:50:47.801608
7940,1,7940,-0.00410811277,2025-12-03T16:50:47.874220
7941,1,7941,-0.00410739006,2025-12-03T16:50:47.947051
7942,1,7942,-0.00410763407,2025-12-03T16:50:47.989394
7943,1,7943,-0.00410843221,2025-12-03T16:50:48.031825
7944,1,7944,-0.00410783803,2025-12-03T16:50:48.051607
7945,1,7945,-0.00410844013,2025-12-03T16:50:48.124786
7946,1,7946,-0.00410871719,2025-12-03T16:50:48.197510
7947,1,7947,-0.00410820636,2025-12-03T16:50:48.270280
7948,1,7948,-0.00410910975,2025-12-03T16:50:48.312695
7949,1,7949,-0.00410747015,2025-12-03T16:50:48.369238
7950,1,7950,-0.00410728389,2025-12-03T16:50:48.438855
7951,1,7951,-0.00410636421,2025-12-03T16:50:48.511636
7952,1,7952,-0.00410713581,2025-12-03T16:50:48.584344
7953,1,7953,-0.00410717073,2025-12-03T16:50:48.657065
7954,1,7954,-0.00410641124,2025-12-03T16:50:48.699667
7955,1,7955,-0.00410801265,2025-12-03T16:50:48.741943
7956,1,7956,-0.00410739332,2025-12-03T16:50:48.814634
7957,1,7957,-0.00410644989,2025-12-03T16:50:48.887439
7958,1,7958,-0.00410847831,2025-12-03T16:50:48.960019
7959,1,7959,-0.0041066925,2025-12-03T16:50:49.002427
7960,1,7960,-0.00410765409,2025-12-03T16:50:49.044928
7961,1,7961,-0.0041072322,2025-12-03T16:50:49.064900
7962,1,7962,-0.00410744175,2025-12-03T16:50:49.137868
7963,1,7963,-0.00410739611,2025-12-03T16:50:49.210568
7964,1,7964,-0.00410668831,2025-12-03T16:50:49.283193
7965,1,7965,-0.00410754187,2025-12-03T16:50:49.325710
7966,1,7966,-0.00409848941,2025-12-03T16:50:49.368146
7967,1,7967,-0.00410344824,2025-12-03T16:50:49.440755
7968,1,7968,-0.00410645455,2025-12-03T16:50:49.513579
7969,1,7969,-0.00410799542,2025-12-03T16:50:49.586367
7970,1,7970,-0.00410754885,2025-12-03T16:50:49.628771
7971,1,7971,-0.00410721031,2025-12-03T16:50:49.671066
7972,1,7972,-0.00410914095,2025-12-03T16:50:49.690848
7973,1,7973,-0.00410897005,2025-12-03T16:50:49.710635
7974,1,7974,-0.00410751951,2025-12-03T16:50:49.730459
7975,1,7975,-0.00410665757,2025-12-03T16:50:49.750150
7976,1,7976,-0.00410705292,2025-12-03T16:50:49.770026
7977,1,7977,-0.0041103037,2025-12-03T16:50:49.842867
7978,1,7978,-0.00411009835,2025-12-03T16:50:49.915525
7979,1,7979,-0.00410890532,2025-12-03T16:50:49.988283
7980,1,7980,-0.00410880241,2025-12-03T16:50:50.030685
7981,1,7981,-0.0041094399,2025-12-03T16:50:50.073129
7982,1,7982,-0.00410850346,2025-12-03T16:50:50.145850
7983,1,7983,-0.00410908646,2025-12-03T16:50:50.218514
7984,1,7984,-0.00410969369,2025-12-03T16:50:50.260976
7985,1,7985,-0.00410789158,2025-12-03T16:50:50.303455
7986,1,7986,-0.0041092094,2025-12-03T16:50:50.323455
7987,1,7987,-0.00411014212,2025-12-03T16:50:50.343323
7988,1,7988,-0.00410788459,2025-12-03T16:50:50.416524
7989,1,7989,-0.00410765456,2025-12-03T16:50:50.489226
7990,1,7990,-0.00410996098,2025-12-03T16:50:50.561848
7991,1,7991,-0.00411069486,2025-12-03T16:50:50.604466
7992,1,7992,-0.00410841871,2025-12-03T16:50:50.646863
7993,1,7993,-0.00411057658,2025-12-03T16:50:50.719443
7994,1,7994,-0.00411194982,2025-12-03T16:50:50.792230
7995,1,7995,-0.00411218497,2025-12-03T16:50:50.864946
7996,1,7996,-0.00410841498,2025-12-03T16:50:50.907378
7997,1,7997,-0.00410756608,2025-12-03T16:50:50.950031
7998,1,7998,-0.00410982174,2025-12-03T16:50:51.022419
7999,1,7999,-0.00410887459,2025-12-03T16:50:51.095239
8000,1,8000,-0.0041097803,2025-12-03T16:50:51.168001
8001,1,8001,-0.0041097179,2025-12-03T16:50:51.210376
8002,1,8002,-0.00410761777,2025-12-03T16:50:51.252766
8003,1,8003,-0.00410772813,2025-12-03T16:50:51.272707
8004,1,8004,-0.00410804105,2025-12-03T16:50:51.345783
8005,1,8005,-0.00410876609,2025-12-03T16:50:51.418442
8006,1,8006,-0.00410837493,2025-12-03T16:50:51.491121
8007,1,8007,-0.00410844245,2025-12-03T16:50:51.533523
8008,1,8008,-0.00410925969,2025-12-03T16:50:51.575946
8009,1,8009,-0.00410955399,2025-12-03T16:50:51.595687
8010,1,8010,-0.00410773279,2025-12-03T16:50:51.668914
8011,1,8011,-0.00411001546,2025-12-03T16:50:51.741712
8012,1,8012,-0.00410738447,2025-12-03T16:50:51.814368
8013,1,8013,-0.00410853419,2025-12-03T16:50:51.856899
8014,1,8014,-0.00410562567,2025-12-03T16:50:51.899207
8015,1,8015,-0.00411013932,2025-12-03T16:50:51.971950
8016,1,8016,-0.00410990789,2025-12-03T16:50:52.044651
8017,1,8017,-0.004109703,2025-12-03T16:50:52.117575
8018,1,8018,-0.00411203969,2025-12-03T16:50:52.159710
8019,1,8019,-0.0041125603,2025-12-03T16:50:52.202238
8020,1,8020,-0.00411192514,2025-12-03T16:50:52.274947
8021,1,8021,-0.00411091605,2025-12-03T16:50:52.347689
8022,1,8022,-0.00411388697,2025-12-03T16:50:52.420488
8023,1,8023,-0.00410885503,2025-12-03T16:50:52.462745
8024,1,8024,-0.00411071022,2025-12-03T16:50:52.505368
8025,1,8025,-0.00411092676,2025-12-03T16:50:52.525136
8026,1,8026,-0.00411060266,2025-12-03T16:50:52.598119
8027,1,8027,-0.00410711998,2025-12-03T16:50:52.670890
8028,1,8028,-0.00410922942,2025-12-03T16:50:52.743586
8029,1,8029,-0.00410950928,2025-12-03T16:50:52.785990
8030,1,8030,-0.00410875398,2025-12-03T16:50:52.828533
8031,1,8031,-0.00410857563,2025-12-03T16:50:52.848232
8032,1,8032,-0.00410911208,2025-12-03T16:50:52.868074
8033,1,8033,-0.0041106292,2025-12-03T16:50:52.887864
8034,1,8034,-0.00411092676,2025-12-03T16:50:52.907750
8035,1,8035,-0.00410967227,2025-12-03T16:50:52.927537
8036,1,8036,-0.00410930672,2025-12-03T16:50:53.000105
8037,1,8037,-0.00410922104,2025-12-03T16:50:53.072863
8038,1,8038,-0.00410253647,2025-12-03T16:50:53.145559
8039,1,8039,-0.0041039884,2025-12-03T16:50:53.187985
8040,1,8040,-0.00410631764,2025-12-03T16:50:53.230449
8041,1,8041,-0.00410892441,2025-12-03T16:50:53.303082
8042,1,8042,-0.0041092839,2025-12-03T16:50:53.375861
8043,1,8043,-0.00411020684,2025-12-03T16:50:53.448572
8044,1,8044,-0.00411091372,2025-12-03T16:50:53.490964
8045,1,8045,-0.00410989718,2025-12-03T16:50:53.533435
8046,1,8046,-0.00410996051,2025-12-03T16:50:53.606139
8047,1,8047,-0.00410496629,2025-12-03T16:50:53.678863
8048,1,8048,-0.0041077556,2025-12-03T16:50:53.751561
8049,1,8049,-0.00410734396,2025-12-03T16:50:53.793937
8050,1,8050,-0.00410852301,2025-12-03T16:50:53.836408
8051,1,8051,-0.00410818913,2025-12-03T16:50:53.856359
8052,1,8052,-0.0041083456,2025-12-03T16:50:53.929265
8053,1,8053,-0.00410940125,2025-12-03T16:50:54.002044
8054,1,8054,-0.00410901196,2025-12-03T16:50:54.044433
8055,1,8055,-0.00410942779,2025-12-03T16:50:54.086821
8056,1,8056,-0.00411056447,2025-12-03T16:50:54.106553
8057,1,8057,-0.00410499749,2025-12-03T16:50:54.179789
8058,1,8058,-0.00410822546,2025-12-03T16:50:54.252547
8059,1,8059,-0.00410834047,2025-12-03T16:50:54.325250
8060,1,8060,-0.00410953396,2025-12-03T16:50:54.367683
8061,1,8061,-0.00410836189,2025-12-03T16:50:54.410002
8062,1,8062,-0.00410902174,2025-12-03T16:50:54.484862
8063,1,8063,-0.00411039544,2025-12-03T16:50:54.557564
8064,1,8064,-0.00415420299,2025-12-03T16:50:54.630144
8065,1,8065,-0.00410355208,2025-12-03T16:50:54.672575
8066,1,8066,-0.0041061826,2025-12-03T16:50:54.715097
8067,1,8067,-0.00410727225,2025-12-03T16:50:54.734908
8068,1,8068,-0.0041105845,2025-12-03T16:50:54.807923
8069,1,8069,-0.00411037961,2025-12-03T16:50:54.880634
8070,1,8070,-0.00410974631,2025-12-03T16:50:54.953456
8071,1,8071,-0.00410889508,2025-12-03T16:50:54.995922
8072,1,8072,-0.00410945853,2025-12-03T16:50:55.038389
8073,1,8073,-0.00410925922,2025-12-03T16:50:55.110969
8074,1,8074,-0.00410535559,2025-12-03T16:50:55.183633
8075,1,8075,-0.00410859333,2025-12-03T16:50:55.256450
8076,1,8076,-0.00410982314,2025-12-03T16:50:55.298889
8077,1,8077,-0.00410947576,2025-12-03T16:50:55.341310
8078,1,8078,-0.00410979334,2025-12-03T16:50:55.414028
8079,1,8079,-0.00410814909,2025-12-03T16:50:55.486733
8080,1,8080,-0.00410981848,2025-12-03T16:50:55.559458
8081,1,8081,-0.00410893512,2025-12-03T16:50:55.601859
8082,1,8082,-0.00410851463,2025-12-03T16:50:55.644365
8083,1,8083,-0.00410449597,2025-12-03T16:50:55.718068
8084,1,8084,-0.00410895189,2025-12-03T16:50:55.790787
8085,1,8085,-0.00410845922,2025-12-03T16:50:55.863443
8086,1,8086,-0.00410915957,2025-12-03T16:50:55.905916
8087,1,8087,-0.00410925736,2025-12-03T16:50:55.948370
8088,1,8088,-0.00410870043,2025-12-03T16:50:55.968405
8089,1,8089,-0.00411023851,2025-12-03T16:50:56.041194
8090,1,8090,-0.0041093477,2025-12-03T16:50:56.113965
8091,1,8091,-0.00411274842,2025-12-03T16:50:56.186666
8092,1,8092,-0.00410708645,2025-12-03T16:50:56.229112
8093,1,8093,-0.00410760985,2025-12-03T16:50:56.271469
8094,1,8094,-0.00411006249,2025-12-03T16:50:56.344092
8095,1,8095,-0.00410884944,2025-12-03T16:50:56.416989
8096,1,8096,-0.00410859938,2025-12-03T16:50:56.459364
8097,1,8097,-0.00410979613,2025-12-03T16:50:56.501756
8098,1,8098,-0.0041092066,2025-12-03T16:50:56.521649
8099,1,8099,-0.00410786503,2025-12-03T16:50:56.541465
8100,1,8100,-0.00410960242,2025-12-03T16:50:56.613887
8101,1,8101,-0.00412096176,2025-12-03T16:50:56.686657
8102,1,8102,-0.00410992978,2025-12-03T16:50:56.759310
8103,1,8103,-0.00411000289,2025-12-03T16:50:56.801841
8104,1,8104,-0.00410994328,2025-12-03T16:50:56.844256
8105,1,8105,-0.00410975469,2025-12-03T16:50:56.916836
8106,1,8106,-0.00410972815,2025-12-03T16:50:56.989702
8107,1,8107,-0.00410959636,2025-12-03T16:50:57.062326
8108,1,8108,-0.00411201454,2025-12-03T16:50:57.104806
8109,1,8109,-0.00411138497,2025-12-03T16:50:57.147178
8110,1,8110,-0.00410768995,2025-12-03T16:50:57.220297
8111,1,8111,-0.00411019148,2025-12-03T16:50:57.293113
8112,1,8112,-0.00411003595,2025-12-03T16:50:57.365762
8113,1,8113,-0.00411096494,2025-12-03T16:50:57.408324
8114,1,8114,-0.00411023385,2025-12-03T16:50:57.450677
8115,1,8115,-0.00411209976,2025-12-03T16:50:57.523272
8116,1,8116,-0.00411156658,2025-12-03T16:50:57.596252
8117,1,8117,-0.00410989159,2025-12-03T16:50:57.669236
8118,1,8118,-0.00410857424,2025-12-03T16:50:57.710915
8119,1,8119,-0.00410771276,2025-12-03T16:50:57.753178
8120,1,8120,-0.00410796841,2025-12-03T16:50:57.773210
8121,1,8121,-0.00411015981,2025-12-03T16:50:57.846110
8122,1,8122,-0.00411071581,2025-12-03T16:50:57.918823
8123,1,8123,-0.00411060499,2025-12-03T16:50:57.991578
8124,1,8124,-0.00411025807,2025-12-03T16:50:58.033972
8125,1,8125,-0.00410974211,2025-12-03T16:50:58.076336
8126,1,8126,-0.0041114008,2025-12-03T16:50:58.150056
8127,1,8127,-0.00410921219,2025-12-03T16:50:58.222863
8128,1,8128,-0.00410964572,2025-12-03T16:50:58.295463
8129,1,8129,-0.0041093789,2025-12-03T16:50:58.337971
8130,1,8130,-0.00411088438,2025-12-03T16:50:58.380459
8131,1,8131,-0.00411053234,2025-12-03T16:50:58.400266
8132,1,8132,-0.00411490211,2025-12-03T16:50:58.473355
8133,1,8133,-0.00411980599,2025-12-03T16:50:58.546044
8134,1,8134,-0.00412265351,2025-12-03T16:50:58.618863
8135,1,8135,-0.00412190146,2025-12-03T16:50:58.661205
8136,1,8136,-0.00412283465,2025-12-03T16:50:58.703626
8137,1,8137,-0.00412098364,2025-12-03T16:50:58.776228
8138,1,8138,-0.00412417622,2025-12-03T16:50:58.849074
8139,1,8139,-0.00412520812,2025-12-03T16:50:58.921768
8140,1,8140,-0.00412604957,2025-12-03T16:50:58.964198
8141,1,8141,-0.00412568496,2025-12-03T16:50:59.006631
8142,1,8142,-0.00412816228,2025-12-03T16:50:59.079328
8143,1,8143,-0.00412763003,2025-12-03T16:50:59.151953
8144,1,8144,-0.00414370372,2025-12-03T16:50:59.224760
8145,1,8145,-0.00414460338,2025-12-03T16:50:59.267200
8146,1,8146,-0.00414536194,2025-12-03T16:50:59.309620
8147,1,8147,-0.00414907978,2025-12-03T16:50:59.382351
8148,1,8148,-0.00415179831,2025-12-03T16:50:59.455058
8149,1,8149,-0.00415552267,2025-12-03T16:50:59.527899
8150,1,8150,-0.00415375316,2025-12-03T16:50:59.570193
8151,1,8151,-0.00415468076,2025-12-03T16:50:59.612534
8152,1,8152,-0.00415537506,2025-12-03T16:50:59.632369
8153,1,8153,-0.00415601814,2025-12-03T16:50:59.705591
8154,1,8154,-0.00415557622,2025-12-03T16:50:59.778274
8155,1,8155,-0.0041572866,2025-12-03T16:50:59.851069
8156,1,8156,-0.0041569285,2025-12-03T16:50:59.893477
8157,1,8157,-0.00415630824,2025-12-03T16:50:59.935880
8158,1,8158,-0.00415738578,2025-12-03T16:50:59.955741
8159,1,8159,-0.00415559438,2025-12-03T16:51:00.028873
8160,1,8160,-0.00415753433,2025-12-03T16:51:00.101488
8161,1,8161,-0.00415673712,2025-12-03T16:51:00.174211
8162,1,8162,-0.00415691547,2025-12-03T16:51:00.216603
8163,1,8163,-0.00415534852,2025-12-03T16:51:00.258994
8164,1,8164,-0.00415557669,2025-12-03T16:51:00.278840
8165,1,8165,-0.00415689218,2025-12-03T16:51:00.298688
8166,1,8166,-0.00415749708,2025-12-03T16:51:00.318446
8167,1,8167,-0.00415723351,2025-12-03T16:51:00.338232
8168,1,8168,-0.00415631337,2025-12-03T16:51:00.358192
8169,1,8169,-0.00415775366,2025-12-03T16:51:00.430687
8170,1,8170,-0.00415559625,2025-12-03T16:51:00.503441
8171,1,8171,-0.00415635714,2025-12-03T16:51:00.576049
8172,1,8172,-0.00415567168,2025-12-03T16:51:00.618468
8173,1,8173,-0.00415693409,2025-12-03T16:51:00.661006
8174,1,8174,-0.00415669381,2025-12-03T16:51:00.733654
8175,1,8175,-0.00415710126,2025-12-03T16:51:00.806489
8176,1,8176,-0.00415829429,2025-12-03T16:51:00.879075
8177,1,8177,-0.00415646471,2025-12-03T16:51:00.951991
8178,1,8178,-0.00415734667,2025-12-03T16:51:00.994328
8179,1,8179,-0.0041566668,2025-12-03T16:51:01.036870
8180,1,8180,-0.00415725586,2025-12-03T16:51:01.056744
8181,1,8181,-0.00415652524,2025-12-03T16:51:01.076368
8182,1,8182,-0.00415573874,2025-12-03T16:51:01.096226
8183,1,8183,-0.00415654992,2025-12-03T16:51:01.116075
8184,1,8184,-0.00415767123,2025-12-03T16:51:01.135862
8185,1,8185,-0.00415629567,2025-12-03T16:51:01.208453
8186,1,8186,-0.00415817648,2025-12-03T16:51:01.281139
8187,1,8187,-0.00415960047,2025-12-03T16:51:01.353868
8188,1,8188,-0.00415788497,2025-12-03T16:51:01.396296
8189,1,8189,-0.00415671616,2025-12-03T16:51:01.438694
8190,1,8190,-0.00415798602,2025-12-03T16:51:01.511475
8191,1,8191,-0.00415798323,2025-12-03T16:51:01.584231
8192,1,8192,-0.0041584908,2025-12-03T16:51:01.656867
8193,1,8193,-0.0041598007,2025-12-03T16:51:01.699328
8194,1,8194,-0.00415895739,2025-12-03T16:51:01.741689
8195,1,8195,-0.00416000094,2025-12-03T16:51:01.814463
8196,1,8196,-0.00415749521,2025-12-03T16:51:01.887046
8197,1,8197,-0.00415770383,2025-12-03T16:51:01.959865
8198,1,8198,-0.00415762513,2025-12-03T16:51:02.002308
8199,1,8199,-0.00415618252,2025-12-03T16:51:02.044759
8200,1,8200,-0.00415666261,2025-12-03T16:51:02.064491
8201,1,8201,-0.00415309704,2025-12-03T16:51:02.137601
8202,1,8202,-0.00415445258,2025-12-03T16:51:02.210327
8203,1,8203,-0.004155247,2025-12-03T16:51:02.283003
8204,1,8204,-0.00415476039,2025-12-03T16:51:02.325449
8205,1,8205,-0.00415628263,2025-12-03T16:51:02.367959
8206,1,8206,-0.00415479391,2025-12-03T16:51:02.440704
8207,1,8207,-0.00415529264,2025-12-03T16:51:02.513405
8208,1,8208,-0.0041541839,2025-12-03T16:51:02.586100
8209,1,8209,-0.00415002135,2025-12-03T16:51:02.628408
8210,1,8210,-0.00415331311,2025-12-03T16:51:02.670892
8211,1,8211,-0.00415381463,2025-12-03T16:51:02.690782
8212,1,8212,-0.00415461044,2025-12-03T16:51:02.763865
8213,1,8213,-0.00415628962,2025-12-03T16:51:02.836565
8214,1,8214,-0.00415536807,2025-12-03T16:51:02.909171
8215,1,8215,-0.00415423186,2025-12-03T16:51:02.951724
8216,1,8216,-0.00415305746,2025-12-03T16:51:02.994130
8217,1,8217,-0.00415556645,2025-12-03T16:51:03.066918
8218,1,8218,-0.00415463792,2025-12-03T16:51:03.139505
8219,1,8219,-0.00415522325,2025-12-03T16:51:03.212242
8220,1,8220,-0.00415505375,2025-12-03T16:51:03.254904
8221,1,8221,-0.00415428634,2025-12-03T16:51:03.297079
8222,1,8222,-0.00414939131,2025-12-03T16:51:03.369875
8223,1,8223,-0.00415190774,2025-12-03T16:51:03.442455
8224,1,8224,-0.00415198085,2025-12-03T16:51:03.515161
8225,1,8225,-0.00415254849,2025-12-03T16:51:03.557620
8226,1,8226,-0.00415320042,2025-12-03T16:51:03.600098
8227,1,8227,-0.00415182719,2025-12-03T16:51:03.619901
8228,1,8228,-0.00415481487,2025-12-03T16:51:03.693020
8229,1,8229,-0.0041542272,2025-12-03T16:51:03.765751
8230,1,8230,-0.00415381602,2025-12-03T16:51:03.838473
8231,1,8231,-0.00415348447,2025-12-03T16:51:03.880930
8232,1,8232,-0.00415402324,2025-12-03T16:51:03.923314
8233,1,8233,-0.00415505701,2025-12-03T16:51:03.997039
8234,1,8234,-0.00415611034,2025-12-03T16:51:04.069737
8235,1,8235,-0.00415496993,2025-12-03T16:51:04.142470
8236,1,8236,-0.00415621558,2025-12-03T16:51:04.184820
8237,1,8237,-0.00415520509,2025-12-03T16:51:04.227295
8238,1,8238,-0.00415588729,2025-12-03T16:51:04.247002
8239,1,8239,-0.00416271016,2025-12-03T16:51:04.320267
8240,1,8240,-0.00415440741,2025-12-03T16:51:04.392917
8241,1,8241,-0.00415431009,2025-12-03T16:51:04.465697
8242,1,8242,-0.0041548484,2025-12-03T16:51:04.508131
8243,1,8243,-0.00415516318,2025-12-03T16:51:04.550568
8244,1,8244,-0.00415725586,2025-12-03T16:51:04.623246
8245,1,8245,-0.00415546121,2025-12-03T16:51:04.695948
8246,1,8246,-0.00415559066,2025-12-03T16:51:04.768628
8247,1,8247,-0.00415549334,2025-12-03T16:51:04.811118
8248,1,8248,-0.00415477482,2025-12-03T16:51:04.853442
8249,1,8249,-0.00415545888,2025-12-03T16:51:04.926306
8250,1,8250,-0.00415556691,2025-12-03T16:51:04.998872
8251,1,8251,-0.00415547052,2025-12-03T16:51:05.071679
8252,1,8252,-0.00415511569,2025-12-03T16:51:05.114109
8253,1,8253,-0.00415514456,2025-12-03T16:51:05.156566
8254,1,8254,-0.00415641209,2025-12-03T16:51:05.229283
8255,1,8255,-0.00415549287,2025-12-03T16:51:05.301875
8256,1,8256,-0.00415375316,2025-12-03T16:51:05.374723
8257,1,8257,-0.00415423233,2025-12-03T16:51:05.447355
8258,1,8258,-0.00415524234,2025-12-03T16:51:05.520148
8259,1,8259,-0.00415545003,2025-12-03T16:51:05.562539
8260,1,8260,-0.0041548456,2025-12-03T16:51:05.604978
8261,1,8261,-0.00415433105,2025-12-03T16:51:05.624873
8262,1,8262,-0.00415536202,2025-12-03T16:51:05.644791
8263,1,8263,-0.00415578065,2025-12-03T16:51:05.664553
8264,1,8264,-0.00415575597,2025-12-03T16:51:05.684396
8265,1,8265,-0.00415616622,2025-12-03T16:51:05.757401
8266,1,8266,-0.00416142027,2025-12-03T16:51:05.830235
8267,1,8267,-0.00415536714,2025-12-03T16:51:05.902853
8268,1,8268,-0.0041549066,2025-12-03T16:51:05.945456
8269,1,8269,-0.00415437621,2025-12-03T16:51:05.987788
8270,1,8270,-0.00415381416,2025-12-03T16:51:06.062520
8271,1,8271,-0.00415553851,2025-12-03T16:51:06.135279
8272,1,8272,-0.00415418529,2025-12-03T16:51:06.207979
8273,1,8273,-0.00415615364,2025-12-03T16:51:06.250446
8274,1,8274,-0.00415519066,2025-12-03T16:51:06.292862
8275,1,8275,-0.00415480788,2025-12-03T16:51:06.312691
8276,1,8276,-0.00415381044,2025-12-03T16:51:06.385700
8277,1,8277,-0.00415470264,2025-12-03T16:51:06.458457
8278,1,8278,-0.00415544165,2025-12-03T16:51:06.531099
8279,1,8279,-0.00415500765,2025-12-03T16:51:06.573595
8280,1,8280,-0.00415363628,2025-12-03T16:51:06.615997
8281,1,8281,-0.00415620813,2025-12-03T16:51:06.688793
8282,1,8282,-0.00415504304,2025-12-03T16:51:06.761455
8283,1,8283,-0.00415532011,2025-12-03T16:51:06.834242
8284,1,8284,-0.00415456434,2025-12-03T16:51:06.876622
8285,1,8285,-0.00415518833,2025-12-03T16:51:06.919074
8286,1,8286,-0.00415427656,2025-12-03T16:51:06.991696
8287,1,8287,-0.0041565746,2025-12-03T16:51:07.064472
8288,1,8288,-0.00415764702,2025-12-03T16:51:07.137220
8289,1,8289,-0.00415781466,2025-12-03T16:51:07.179606
8290,1,8290,-0.00415795575,2025-12-03T16:51:07.221968
8291,1,8291,-0.0041567604,2025-12-03T16:51:07.294753
8292,1,8292,-0.00415410427,2025-12-03T16:51:07.367387
8293,1,8293,-0.00415408704,2025-12-03T16:51:07.440158
8294,1,8294,-0.00415482185,2025-12-03T16:51:07.482621
8295,1,8295,-0.00415504397,2025-12-03T16:51:07.524940
8296,1,8296,-0.00414543831,2025-12-03T16:51:07.544742
8297,1,8297,-0.00415056338,2025-12-03T16:51:07.617932
8298,1,8298,-0.00415097735,2025-12-03T16:51:07.690681
8299,1,8299,-0.00415174569,2025-12-03T16:51:07.763536
8300,1,8300,-0.00415204139,2025-12-03T16:51:07.805742
8301,1,8301,-0.00415086932,2025-12-03T16:51:07.848172
8302,1,8302,-0.00415126094,2025-12-03T16:51:07.868058
8303,1,8303,-0.00415166979,2025-12-03T16:51:07.941143
8304,1,8304,-0.00419967854,2025-12-03T16:51:08.013875
8305,1,8305,-0.00414658477,2025-12-03T16:51:08.086534
8306,1,8306,-0.0041486267,2025-12-03T16:51:08.128954
8307,1,8307,-0.00415002508,2025-12-03T16:51:08.171462
8308,1,8308,-0.00415094243,2025-12-03T16:51:08.244058
8309,1,8309,-0.00415021367,2025-12-03T16:51:08.337436
8310,1,8310,-0.00415044091,2025-12-03T16:51:08.389518
8311,1,8311,-0.00415007863,2025-12-03T16:51:08.431965
8312,1,8312,-0.00414955569,2025-12-03T16:51:08.474532
8313,1,8313,-0.00413626711,2025-12-03T16:51:08.547092
8314,1,8314,-0.00414617825,2025-12-03T16:51:08.619880
8315,1,8315,-0.00414365995,2025-12-03T16:51:08.692612
8316,1,8316,-0.00413978518,2025-12-03T16:51:08.735000
8317,1,8317,-0.00414270721,2025-12-03T16:51:08.777448
8318,1,8318,-0.00414343969,2025-12-03T16:51:08.797294
8319,1,8319,-0.00414344621,2025-12-03T16:51:08.870338
8320,1,8320,-0.00414396869,2025-12-03T16:51:08.943076
8321,1,8321,-0.0041924566,2025-12-03T16:51:09.015858
8322,1,8322,-0.00413742475,2025-12-03T16:51:09.088507
8323,1,8323,-0.00414205482,2025-12-03T16:51:09.161219
8324,1,8324,-0.00414308672,2025-12-03T16:51:09.233904
8325,1,8325,-0.00414421781,2025-12-03T16:51:09.306553
8326,1,8326,-0.00414435565,2025-12-03T16:51:09.379356
8327,1,8327,-0.00414342107,2025-12-03T16:51:09.421873
8328,1,8328,-0.00414208509,2025-12-03T16:51:09.464172
8329,1,8329,-0.00410305801,2025-12-03T16:51:09.484083
8330,1,8330,-0.00409034918,2025-12-03T16:51:09.557105
8331,1,8331,-0.00410071527,2025-12-03T16:51:09.629881
8332,1,8332,-0.00410245638,2025-12-03T16:51:09.702579
8333,1,8333,-0.00410321541,2025-12-03T16:51:09.744943
8334,1,8334,-0.00410330155,2025-12-03T16:51:09.787435
8335,1,8335,-0.00410328479,2025-12-03T16:51:09.860279
8336,1,8336,-0.00410384917,2025-12-03T16:51:09.933036
8337,1,8337,-0.00410514045,2025-12-03T16:51:10.005614
8338,1,8338,-0.00409589428,2025-12-03T16:51:10.048067
8339,1,8339,-0.00410112552,2025-12-03T16:51:10.090517
8340,1,8340,-0.00410397211,2025-12-03T16:51:10.163054
8341,1,8341,-0.0041049919,2025-12-03T16:51:10.235828
8342,1,8342,-0.00410542264,2025-12-03T16:51:10.308654
8343,1,8343,-0.00410489877,2025-12-03T16:51:10.350938
8344,1,8344,-0.00410595582,2025-12-03T16:51:10.393449
8345,1,8345,-0.0041062003,2025-12-03T16:51:10.413357
8346,1,8346,-0.00410658912,2025-12-03T16:51:10.486356
8347,1,8347,-0.00409977929,2025-12-03T16:51:10.558985
8348,1,8348,-0.0041049649,2025-12-03T16:51:10.631757
8349,1,8349,-0.00410562427,2025-12-03T16:51:10.674169
8350,1,8350,-0.00410532206,2025-12-03T16:51:10.716650
8351,1,8351,-0.00410561449,2025-12-03T16:51:10.736475
8352,1,8352,-0.00410613743,2025-12-03T16:51:10.809498
8353,1,8353,-0.00410631485,2025-12-03T16:51:10.882310
8354,1,8354,-0.00410604849,2025-12-03T16:51:10.924635
8355,1,8355,-0.00410754187,2025-12-03T16:51:10.967135
8356,1,8356,-0.00410763965,2025-12-03T16:51:10.987051
8357,1,8357,-0.00410238141,2025-12-03T16:51:11.060072
8358,1,8358,-0.00410502776,2025-12-03T16:51:11.132742
8359,1,8359,-0.00410557445,2025-12-03T16:51:11.205508
8360,1,8360,-0.00410572858,2025-12-03T16:51:11.247835
8361,1,8361,-0.00410600611,2025-12-03T16:51:11.290264
8362,1,8362,-0.00410686014,2025-12-03T16:51:11.363018
8363,1,8363,-0.00410490389,2025-12-03T16:51:11.435788
8364,1,8364,-0.00410596141,2025-12-03T16:51:11.508468
8365,1,8365,-0.00410491647,2025-12-03T16:51:11.550862
8366,1,8366,-0.00410566618,2025-12-03T16:51:11.593333
8367,1,8367,-0.00410192506,2025-12-03T16:51:11.666036
8368,1,8368,-0.0041059642,2025-12-03T16:51:11.738667
8369,1,8369,-0.00410670507,2025-12-03T16:51:11.811479
8370,1,8370,-0.00410673627,2025-12-03T16:51:11.853876
8371,1,8371,-0.00410671159,2025-12-03T16:51:11.896314
8372,1,8372,-0.00410742545,2025-12-03T16:51:11.916124
8373,1,8373,-0.00410847412,2025-12-03T16:51:11.989218
8374,1,8374,-0.0041064443,2025-12-03T16:51:12.061963
8375,1,8375,-0.00410767225,2025-12-03T16:51:12.134689
8376,1,8376,-0.00410578818,2025-12-03T16:51:12.177113
8377,1,8377,-0.00410519214,2025-12-03T16:51:12.219788
8378,1,8378,-0.00410758238,2025-12-03T16:51:12.292178
8379,1,8379,-0.00410598702,2025-12-03T16:51:12.364908
8380,1,8380,-0.00410708924,2025-12-03T16:51:12.437687
8381,1,8381,-0.00410646153,2025-12-03T16:51:12.480110
8382,1,8382,-0.00410499377,2025-12-03T16:51:12.522561
8383,1,8383,-0.0041070315,2025-12-03T16:51:12.595275
8384,1,8384,-0.00410552043,2025-12-03T16:51:12.667936
8385,1,8385,-0.00410609971,2025-12-03T16:51:12.740836
8386,1,8386,-0.00410657795,2025-12-03T16:51:12.783127
8387,1,8387,-0.00410433532,2025-12-03T16:51:12.825750
8388,1,8388,-0.00410656491,2025-12-03T16:51:12.845603
8389,1,8389,-0.0041054245,2025-12-03T16:51:12.918414
8390,1,8390,-0.00410728901,2025-12-03T16:51:12.991103
8391,1,8391,-0.00410816259,2025-12-03T16:51:13.063855
8392,1,8392,-0.00410809507,2025-12-03T16:51:13.106345
8393,1,8393,-0.0041091158,2025-12-03T16:51:13.149477
8394,1,8394,-0.00410664826,2025-12-03T16:51:13.225454
8395,1,8395,-0.00410749623,2025-12-03T16:51:13.298210
8396,1,8396,-0.00410599214,2025-12-03T16:51:13.370900
8397,1,8397,-0.0041069691,2025-12-03T16:51:13.413339
8398,1,8398,-0.00410758657,2025-12-03T16:51:13.455775
8399,1,8399,-0.00410797493,2025-12-03T16:51:13.528505
8400,1,8400,-0.00410727085,2025-12-03T16:51:13.601157
8401,1,8401,-0.00410420214,2025-12-03T16:51:13.673830
8402,1,8402,-0.00410619052,2025-12-03T16:51:13.716231
8403,1,8403,-0.00410702545,2025-12-03T16:51:13.758649
8404,1,8404,-0.00410669762,2025-12-03T16:51:13.778569
8405,1,8405,-0.00410783523,2025-12-03T16:51:13.851687
8406,1,8406,-0.00410661567,2025-12-03T16:51:13.924466
8407,1,8407,-0.00410851882,2025-12-03T16:51:13.997009
8408,1,8408,-0.0041112476,2025-12-03T16:51:14.069736
8409,1,8409,-0.0041080336,2025-12-03T16:51:14.112265
8410,1,8410,-0.00410874467,2025-12-03T16:51:14.154690
8411,1,8411,-0.00410369131,2025-12-03T16:51:14.174719
8412,1,8412,-0.00410513719,2025-12-03T16:51:14.194616
8413,1,8413,-0.0041063209,2025-12-03T16:51:14.215600
8414,1,8414,-0.00410558981,2025-12-03T16:51:14.235448
8415,1,8415,-0.00410779705,2025-12-03T16:51:14.308308
8416,1,8416,-0.00410691462,2025-12-03T16:51:14.380973
8417,1,8417,-0.00410750973,2025-12-03T16:51:14.453649
8418,1,8418,-0.00410791486,2025-12-03T16:51:14.495958
8419,1,8419,-0.00410791346,2025-12-03T16:51:14.538479
8420,1,8420,-0.00410855701,2025-12-03T16:51:14.611149
8421,1,8421,-0.00410483451,2025-12-03T16:51:14.683948
8422,1,8422,-0.00410767877,2025-12-03T16:51:14.756620
8423,1,8423,-0.00410658912,2025-12-03T16:51:14.799066
8424,1,8424,-0.00410777656,2025-12-03T16:51:14.841393
8425,1,8425,-0.00410592695,2025-12-03T16:51:14.861215
8426,1,8426,-0.00410837167,2025-12-03T16:51:14.934456
8427,1,8427,-0.00410879123,2025-12-03T16:51:15.007132
8428,1,8428,-0.0041091796,2025-12-03T16:51:15.049578
8429,1,8429,-0.00410932395,2025-12-03T16:51:15.091957
8430,1,8430,-0.00410736259,2025-12-03T16:51:15.111767
8431,1,8431,-0.00410675629,2025-12-03T16:51:15.184923
8432,1,8432,-0.00410908926,2025-12-03T16:51:15.257590
8433,1,8433,-0.00410688482,2025-12-03T16:51:15.330333
8434,1,8434,-0.00410834001,2025-12-03T16:51:15.372759
8435,1,8435,-0.00410781893,2025-12-03T16:51:15.415216
8436,1,8436,-0.00410804152,2025-12-03T16:51:15.435145
8437,1,8437,-0.00410799216,2025-12-03T16:51:15.508031
8438,1,8438,-0.00410853512,2025-12-03T16:51:15.580852
8439,1,8439,-0.00411103246,2025-12-03T16:51:15.653537
8440,1,8440,-0.00410644896,2025-12-03T16:51:15.695950
8441,1,8441,-0.0041075251,2025-12-03T16:51:15.738457
8442,1,8442,-0.00410732394,2025-12-03T16:51:15.811069
8443,1,8443,-0.00410899845,2025-12-03T16:51:15.883870
8444,1,8444,-0.00410931697,2025-12-03T16:51:15.956574
8445,1,8445,-0.00410879123,2025-12-03T16:51:15.999011
8446,1,8446,-0.00410944921,2025-12-03T16:51:16.041443
8447,1,8447,-0.00410764105,2025-12-03T16:51:16.114183
8448,1,8448,-0.00410630926,2025-12-03T16:51:16.186792
8449,1,8449,-0.00410871068,2025-12-03T16:51:16.259437
8450,1,8450,-0.00410530623,2025-12-03T16:51:16.301919
8451,1,8451,-0.0041072159,2025-12-03T16:51:16.344420
8452,1,8452,-0.00410756887,2025-12-03T16:51:16.364216
8453,1,8453,-0.00410770392,2025-12-03T16:51:16.437168
8454,1,8454,-0.0041082222,2025-12-03T16:51:16.509932
8455,1,8455,-0.00410704873,2025-12-03T16:51:16.582770
8456,1,8456,-0.0041112909,2025-12-03T16:51:16.625158
8457,1,8457,-0.00410687457,2025-12-03T16:51:16.667570
8458,1,8458,-0.00410774629,2025-12-03T16:51:16.741401
8459,1,8459,-0.00410759728,2025-12-03T16:51:16.814082
8460,1,8460,-0.00410740869,2025-12-03T16:51:16.886718
8461,1,8461,-0.0041060145,2025-12-03T16:51:16.929205
8462,1,8462,-0.00410613929,2025-12-03T16:51:16.971445
8463,1,8463,-0.00410542543,2025-12-03T16:51:16.991257
8464,1,8464,-0.00410328013,2025-12-03T16:51:17.064475
8465,1,8465,-0.00411025853,2025-12-03T16:51:17.137246
8466,1,8466,-0.00410513719,2025-12-03T16:51:17.209949
8467,1,8467,-0.00410666177,2025-12-03T16:51:17.252446
8468,1,8468,-0.00410602753,2025-12-03T16:51:17.294729
8469,1,8469,-0.00410839449,2025-12-03T16:51:17.367566
8470,1,8470,-0.00410833489,2025-12-03T16:51:17.440234
8471,1,8471,-0.00410799542,2025-12-03T16:51:17.512880
8472,1,8472,-0.00410804431,2025-12-03T16:51:17.555368
8473,1,8473,-0.00410820543,2025-12-03T16:51:17.597914
8474,1,8474,-0.00410862499,2025-12-03T16:51:17.617719
8475,1,8475,-0.00410880334,2025-12-03T16:51:17.690690
8476,1,8476,-0.00410819007,2025-12-03T16:51:17.763434
8477,1,8477,-0.0041066138,2025-12-03T16:51:17.836210
8478,1,8478,-0.00410771928,2025-12-03T16:51:17.878444
8479,1,8479,-0.00410662731,2025-12-03T16:51:17.921014
8480,1,8480,-0.00410770112,2025-12-03T16:51:17.940876
8481,1,8481,-0.00410671019,2025-12-03T16:51:17.960669
8482,1,8482,-0.00410696445,2025-12-03T16:51:17.980474
8483,1,8483,-0.0041083591,2025-12-03T16:51:18.000265
8484,1,8484,-0.00410751905,2025-12-03T16:51:18.074499
8485,1,8485,-0.00410912046,2025-12-03T16:51:18.147295
8486,1,8486,-0.00411054585,2025-12-03T16:51:18.219976
8487,1,8487,-0.00410956935,2025-12-03T16:51:18.262457
8488,1,8488,-0.00410988181,2025-12-03T16:51:18.304703
8489,1,8489,-0.00410958658,2025-12-03T16:51:18.324498
8490,1,8490,-0.00411061057,2025-12-03T16:51:18.397751
8491,1,8491,-0.00411493284,2025-12-03T16:51:18.470519
8492,1,8492,-0.00410989252,2025-12-03T16:51:18.543098
8493,1,8493,-0.0041397172,2025-12-03T16:51:18.585573
8494,1,8494,-0.00410264544,2025-12-03T16:51:18.627951
8495,1,8495,-0.00410705013,2025-12-03T16:51:18.700645
8496,1,8496,-0.00410999776,2025-12-03T16:51:18.773449
8497,1,8497,-0.0041083307,2025-12-03T16:51:18.846182
8498,1,8498,-0.00410863943,2025-12-03T16:51:18.888614
8499,1,8499,-0.0041082045,2025-12-03T16:51:18.931104
8500,1,8500,-0.00410817284,2025-12-03T16:51:18.950988
8501,1,8501,-0.00410922383,2025-12-03T16:51:19.024018
8502,1,8502,-0.00409671152,2025-12-03T16:51:19.096704
8503,1,8503,-0.00411025527,2025-12-03T16:51:19.169296
8504,1,8504,-0.00410799821,2025-12-03T16:51:19.211878
8505,1,8505,-0.00411020265,2025-12-03T16:51:19.254446
8506,1,8506,-0.00410736259,2025-12-03T16:51:19.326960
8507,1,8507,-0.0041102902,2025-12-03T16:51:19.399650
8508,1,8508,-0.00411141244,2025-12-03T16:51:19.472373
8509,1,8509,-0.00411063479,2025-12-03T16:51:19.514708
8510,1,8510,-0.00410926714,2025-12-03T16:51:19.557268
8511,1,8511,-0.00410688389,2025-12-03T16:51:19.629888
8512,1,8512,-0.00410986319,2025-12-03T16:51:19.702701
8513,1,8513,-0.00410868274,2025-12-03T16:51:19.775385
8514,1,8514,-0.00410932395,2025-12-03T16:51:19.817833
8515,1,8515,-0.00410994701,2025-12-03T16:51:19.860217
8516,1,8516,-0.0041099512,2025-12-03T16:51:19.932857
8517,1,8517,-0.00411136588,2025-12-03T16:51:20.005632
8518,1,8518,-0.00410863757,2025-12-03T16:51:20.078312
8519,1,8519,-0.0041103526,2025-12-03T16:51:20.120680
8520,1,8520,-0.00411031302,2025-12-03T16:51:20.163195
8521,1,8521,-0.00411052443,2025-12-03T16:51:20.183013
8522,1,8522,-0.00411112699,2025-12-03T16:51:20.256111
8523,1,8523,-0.00410894118,2025-12-03T16:51:20.333011
8524,1,8524,-0.00411046622,2025-12-03T16:51:20.401535
8525,1,8525,-0.00411088904,2025-12-03T16:51:20.444009
8526,1,8526,-0.00411100033,2025-12-03T16:51:20.486463
8527,1,8527,-0.00411201873,2025-12-03T16:51:20.559040
8528,1,8528,-0.00410622265,2025-12-03T16:51:20.631877
8529,1,8529,-0.00410969881,2025-12-03T16:51:20.704568
8530,1,8530,-0.00410890905,2025-12-03T16:51:20.746931
8531,1,8531,-0.00410846341,2025-12-03T16:51:20.789469
8532,1,8532,-0.00410813186,2025-12-03T16:51:20.862099
8533,1,8533,-0.00410720193,2025-12-03T16:51:20.934755
8534,1,8534,-0.00410943059,2025-12-03T16:51:21.007566
8535,1,8535,-0.004110164,2025-12-03T16:51:21.049979
8536,1,8536,-0.0041108136,2025-12-03T16:51:21.092494
8537,1,8537,-0.0041075563,2025-12-03T16:51:21.112334
8538,1,8538,-0.00410975376,2025-12-03T16:51:21.185357
8539,1,8539,-0.0041108001,2025-12-03T16:51:21.257962
8540,1,8540,-0.00410982547,2025-12-03T16:51:21.300475
8541,1,8541,-0.00410941708,2025-12-03T16:51:21.342898
8542,1,8542,-0.00411034608,2025-12-03T16:51:21.362732
8543,1,8543,-0.00411256635,2025-12-03T16:51:21.435717
8544,1,8544,-0.0041110441,2025-12-03T16:51:21.508527
8545,1,8545,-0.00411765743,2025-12-03T16:51:21.581307
8546,1,8546,-0.00411069253,2025-12-03T16:51:21.623697
8547,1,8547,-0.00411196099,2025-12-03T16:51:21.666106
8548,1,8548,-0.00411082804,2025-12-03T16:51:21.740899
8549,1,8549,-0.00411216542,2025-12-03T16:51:21.813538
8550,1,8550,-0.00411287834,2025-12-03T16:51:21.886289
8551,1,8551,-0.00411292631,2025-12-03T16:51:21.928608
8552,1,8552,-0.00411264877,2025-12-03T16:51:21.971132
8553,1,8553,-0.00411131372,2025-12-03T16:51:21.990946
8554,1,8554,-0.00411188881,2025-12-03T16:51:22.064018
8555,1,8555,-0.00411213049,2025-12-03T16:51:22.136697
8556,1,8556,-0.00411137472,2025-12-03T16:51:22.209457
8557,1,8557,-0.00411252258,2025-12-03T16:51:22.251835
8558,1,8558,-0.00411091092,2025-12-03T16:51:22.294271
8559,1,8559,-0.00411075819,2025-12-03T16:51:22.314033
8560,1,8560,-0.00411200989,2025-12-03T16:51:22.387166
8561,1,8561,-0.00410956004,2025-12-03T16:51:22.459950
8562,1,8562,-0.00411112792,2025-12-03T16:51:22.532684
8563,1,8563,-0.00411046249,2025-12-03T16:51:22.575084
8564,1,8564,-0.00411226274,2025-12-03T16:51:22.617504
8565,1,8565,-0.00411179056,2025-12-03T16:51:22.690156
8566,1,8566,-0.00410946831,2025-12-03T16:51:22.763011
8567,1,8567,-0.00411250768,2025-12-03T16:51:22.835708
8568,1,8568,-0.00411230558,2025-12-03T16:51:22.878121
8569,1,8569,-0.00411190465,2025-12-03T16:51:22.920420
8570,1,8570,-0.0041128369,2025-12-03T16:51:22.993197
8571,1,8571,-0.00411164388,2025-12-03T16:51:23.065955
8572,1,8572,-0.00411214306,2025-12-03T16:51:23.138583
8573,1,8573,-0.0041107526,2025-12-03T16:51:23.181056
8574,1,8574,-0.00411210115,2025-12-03T16:51:23.223512
8575,1,8575,-0.00410975189,2025-12-03T16:51:23.243426
8576,1,8576,-0.00411269534,2025-12-03T16:51:23.316358
8577,1,8577,-0.0041106576,2025-12-03T16:51:23.389230
8578,1,8578,-0.00411191955,2025-12-03T16:51:23.461875
8579,1,8579,-0.0041130972,2025-12-03T16:51:23.504209
8580,1,8580,-0.00411248765,2025-12-03T16:51:23.546672
8581,1,8581,-0.00411540968,2025-12-03T16:51:23.619361
8582,1,8582,-0.00411529233,2025-12-03T16:51:23.692104
8583,1,8583,-0.00411502551,2025-12-03T16:51:23.764875
8584,1,8584,-0.00411328114,2025-12-03T16:51:23.807449
8585,1,8585,-0.00411409465,2025-12-03T16:51:23.849720
8586,1,8586,-0.00411266088,2025-12-03T16:51:23.924495
8587,1,8587,-0.00410884572,2025-12-03T16:51:23.997253
8588,1,8588,-0.00411415332,2025-12-03T16:51:24.069974
8589,1,8589,-0.00411056773,2025-12-03T16:51:24.112599
8590,1,8590,-0.00411227717,2025-12-03T16:51:24.154806
8591,1,8591,-0.00411205459,2025-12-03T16:51:24.174701
8592,1,8592,-0.00411135284,2025-12-03T16:51:24.247733
8593,1,8593,-0.0041127298,2025-12-03T16:51:24.320494
8594,1,8594,-0.00411413609,2025-12-03T16:51:24.393080
8595,1,8595,-0.00411547999,2025-12-03T16:51:24.435458
8596,1,8596,-0.00411175377,2025-12-03T16:51:24.477891
8597,1,8597,-0.00411372818,2025-12-03T16:51:24.550682
8598,1,8598,-0.00411318335,2025-12-03T16:51:24.623353
8599,1,8599,-0.00410547759,2025-12-03T16:51:24.696135
8600,1,8600,-0.00410766899,2025-12-03T16:51:24.738513
8601,1,8601,-0.00410830182,2025-12-03T16:51:24.780974
8602,1,8602,-0.00411003874,2025-12-03T16:51:24.800798
8603,1,8603,-0.00410933094,2025-12-03T16:51:24.873920
8604,1,8604,-0.00411069113,2025-12-03T16:51:24.946546
8605,1,8605,-0.0041132518,2025-12-03T16:51:25.019304
8606,1,8606,-0.00411139894,2025-12-03T16:51:25.061753
8607,1,8607,-0.00411137472,2025-12-03T16:51:25.104168
8608,1,8608,-0.00411199452,2025-12-03T16:51:25.176877
8609,1,8609,-0.00410931603,2025-12-03T16:51:25.249601
8610,1,8610,-0.00410991255,2025-12-03T16:51:25.322305
8611,1,8611,-0.00411038193,2025-12-03T16:51:25.364774
8612,1,8612,-0.00411142315,2025-12-03T16:51:25.407198
8613,1,8613,-0.00410995539,2025-12-03T16:51:25.479765
8614,1,8614,-0.00411245459,2025-12-03T16:51:25.552623
8615,1,8615,-0.00411328021,2025-12-03T16:51:25.625329
8616,1,8616,-0.00411636289,2025-12-03T16:51:25.667670
8617,1,8617,-0.0041103973,2025-12-03T16:51:25.710104
8618,1,8618,-0.00410838611,2025-12-03T16:51:25.729990
8619,1,8619,-0.00411219336,2025-12-03T16:51:25.803097
8620,1,8620,-0.00411067251,2025-12-03T16:51:25.875879
8621,1,8621,-0.00411266181,2025-12-03T16:51:25.948986
8622,1,8622,-0.00411111861,2025-12-03T16:51:25.991158
8623,1,8623,-0.00410995027,2025-12-03T16:51:26.033699
8624,1,8624,-0.00411082245,2025-12-03T16:51:26.108675
8625,1,8625,-0.00411100685,2025-12-03T16:51:26.180909
8626,1,8626,-0.00411041779,2025-12-03T16:51:26.223248
8627,1,8627,-0.00410999869,2025-12-03T16:51:26.265662
8628,1,8628,-0.0041123568,2025-12-03T16:51:26.286042
8629,1,8629,-0.00411142921,2025-12-03T16:51:26.359024
8630,1,8630,-0.00411027995,2025-12-03T16:51:26.431727
8631,1,8631,-0.0041119242,2025-12-03T16:51:26.504504
8632,1,8632,-0.0041086548,2025-12-03T16:51:26.546438
8633,1,8633,-0.00410952232,2025-12-03T16:51:26.588830
8634,1,8634,-0.00411078892,2025-12-03T16:51:26.608637
8635,1,8635,-0.00411455053,2025-12-03T16:51:26.681777
8636,1,8636,-0.00411070976,2025-12-03T16:51:26.754505
8637,1,8637,-0.00410965038,2025-12-03T16:51:26.827110
8638,1,8638,-0.00411192886,2025-12-03T16:51:26.869650
8639,1,8639,-0.00410886527,2025-12-03T16:51:26.912141
8640,1,8640,-0.00411037029,2025-12-03T16:51:26.984723
8641,1,8641,-0.00411042012,2025-12-03T16:51:27.057405
8642,1,8642,-0.00410910462,2025-12-03T16:51:27.130269
8643,1,8643,-0.00411577336,2025-12-03T16:51:27.172709
8644,1,8644,-0.00410550646,2025-12-03T16:51:27.215072
8645,1,8645,-0.00411059614,2025-12-03T16:51:27.287873
8646,1,8646,-0.00410871533,2025-12-03T16:51:27.360512
8647,1,8647,-0.00410997774,2025-12-03T16:51:27.433222
8648,1,8648,-0.00411091558,2025-12-03T16:51:27.475649
8649,1,8649,-0.00411084387,2025-12-03T16:51:27.518044
8650,1,8650,-0.00411029392,2025-12-03T16:51:27.591799
8651,1,8651,-0.00410748738,2025-12-03T16:51:27.664498
8652,1,8652,-0.00410986412,2025-12-03T16:51:27.737160
8653,1,8653,-0.00410795351,2025-12-03T16:51:27.779660
8654,1,8654,-0.00410983618,2025-12-03T16:51:27.822032
8655,1,8655,-0.00411030417,2025-12-03T16:51:27.841877
8656,1,8656,-0.00410987902,2025-12-03T16:51:27.915024
8657,1,8657,-0.00411247136,2025-12-03T16:51:27.987739
8658,1,8658,-0.00411078426,2025-12-03T16:51:28.060459
8659,1,8659,-0.00411400198,2025-12-03T16:51:28.102905
8660,1,8660,-0.00411051884,2025-12-03T16:51:28.145287
8661,1,8661,-0.00411036377,2025-12-03T16:51:28.165245
8662,1,8662,-0.00411023758,2025-12-03T16:51:28.238255
8663,1,8663,-0.00410966714,2025-12-03T16:51:28.310938
8664,1,8664,-0.00411069113,2025-12-03T16:51:28.383659
8665,1,8665,-0.00411040103,2025-12-03T16:51:28.425986
8666,1,8666,-0.00410916702,2025-12-03T16:51:28.468516
8667,1,8667,-0.00411059195,2025-12-03T16:51:28.541201
8668,1,8668,-0.00410623848,2025-12-03T16:51:28.613937
8669,1,8669,-0.00411711679,2025-12-03T16:51:28.686641
8670,1,8670,-0.00410722894,2025-12-03T16:51:28.729033
8671,1,8671,-0.00411080103,2025-12-03T16:51:28.771489
8672,1,8672,-0.00410961965,2025-12-03T16:51:28.844203
8673,1,8673,-0.00410960987,2025-12-03T16:51:28.916866
8674,1,8674,-0.00411146739,2025-12-03T16:51:28.989640
8675,1,8675,-0.00410999869,2025-12-03T16:51:29.032082
8676,1,8676,-0.00410957448,2025-12-03T16:51:29.074464
8677,1,8677,-0.00410855794,2025-12-03T16:51:29.147108
8678,1,8678,-0.00411271816,2025-12-03T16:51:29.219964
8679,1,8679,-0.00411125924,2025-12-03T16:51:29.292612
8680,1,8680,-0.00410928204,2025-12-03T16:51:29.335141
8681,1,8681,-0.00411073537,2025-12-03T16:51:29.377748
8682,1,8682,-0.00410989299,2025-12-03T16:51:29.397794
8683,1,8683,-0.00411226181,2025-12-03T16:51:29.470440
8684,1,8684,-0.00410966854,2025-12-03T16:51:29.543178
8685,1,8685,-0.00411181244,2025-12-03T16:51:29.615856
8686,1,8686,-0.00411303108,2025-12-03T16:51:29.658243
8687,1,8687,-0.00411224504,2025-12-03T16:51:29.700740
8688,1,8688,-0.00411320524,2025-12-03T16:51:29.773496
8689,1,8689,-0.00411068182,2025-12-03T16:51:29.846164
8690,1,8690,-0.00411235587,2025-12-03T16:51:29.918887
8691,1,8691,-0.00411098543,2025-12-03T16:51:29.961324
8692,1,8692,-0.00411486253,2025-12-03T16:51:30.003656
8693,1,8693,-0.00411207135,2025-12-03T16:51:30.023508
8694,1,8694,-0.00410489877,2025-12-03T16:51:30.096657
8695,1,8695,-0.0041098874,2025-12-03T16:51:30.169405
8696,1,8696,-0.00411103153,2025-12-03T16:51:30.242035
8697,1,8697,-0.00410887645,2025-12-03T16:51:30.284499
8698,1,8698,-0.00410978915,2025-12-03T16:51:30.326920
8699,1,8699,-0.00411036284,2025-12-03T16:51:30.399609
8700,1,8700,-0.00411150511,2025-12-03T16:51:30.472324
8701,1,8701,-0.00410927226,2025-12-03T16:51:30.514748
8702,1,8702,-0.00414524134,2025-12-03T16:51:30.588815
8703,1,8703,-0.00410819705,2025-12-03T16:51:30.660580
8704,1,8704,-0.00410929275,2025-12-03T16:51:30.731926
8705,1,8705,-0.00411213701,2025-12-03T16:51:30.804697
8706,1,8706,-0.00411070417,2025-12-03T16:51:30.847136
8707,1,8707,-0.00411312282,2025-12-03T16:51:30.889561
8708,1,8708,-0.00411219475,2025-12-03T16:51:30.909432
8709,1,8709,-0.00411033863,2025-12-03T16:51:30.982426
8710,1,8710,-0.00416795071,2025-12-03T16:51:31.055137
8711,1,8711,-0.00410842336,2025-12-03T16:51:31.127861
8712,1,8712,-0.00411558244,2025-12-03T16:51:31.170254
8713,1,8713,-0.00410904176,2025-12-03T16:51:31.212778
8714,1,8714,-0.00411164993,2025-12-03T16:51:31.285488
8715,1,8715,-0.0041125263,2025-12-03T16:51:31.358138
8716,1,8716,-0.0041107214,2025-12-03T16:51:31.430888
8717,1,8717,-0.00411192281,2025-12-03T16:51:31.473318
8718,1,8718,-0.00410877121,2025-12-03T16:51:31.515624
8719,1,8719,-0.00410625943,2025-12-03T16:51:31.588385
8720,1,8720,-0.00411022361,2025-12-03T16:51:31.661313
8721,1,8721,-0.00411027995,2025-12-03T16:51:31.733884
8722,1,8722,-0.00411118473,2025-12-03T16:51:31.776248
8723,1,8723,-0.00411060592,2025-12-03T16:51:31.818684
8724,1,8724,-0.00410953536,2025-12-03T16:51:31.891385
8725,1,8725,-0.00410931138,2025-12-03T16:51:31.964102
8726,1,8726,-0.00411034049,2025-12-03T16:51:32.036845
8727,1,8727,-0.0041100122,2025-12-03T16:51:32.079258
8728,1,8728,-0.00411048205,2025-12-03T16:51:32.121703
8729,1,8729,-0.00411072,2025-12-03T16:51:32.141491
8730,1,8730,-0.00410363031,2025-12-03T16:51:32.214621
8731,1,8731,-0.00410270458,2025-12-03T16:51:32.287374
8732,1,8732,-0.00410898821,2025-12-03T16:51:32.360083
8733,1,8733,-0.00410822685,2025-12-03T16:51:32.402464
8734,1,8734,-0.00410974118,2025-12-03T16:51:32.444892
8735,1,8735,-0.00410918658,2025-12-03T16:51:32.464797
8736,1,8736,-0.00411260779,2025-12-03T16:51:32.537806
8737,1,8737,-0.00410918612,2025-12-03T16:51:32.610561
8738,1,8738,-0.00411681318,2025-12-03T16:51:32.683294
8739,1,8739,-0.00410824501,2025-12-03T16:51:32.725589
8740,1,8740,-0.00410835165,2025-12-03T16:51:32.768089
8741,1,8741,-0.0041086236,2025-12-03T16:51:32.840883
8742,1,8742,-0.00410744315,2025-12-03T16:51:32.913456
8743,1,8743,-0.00410823198,2025-12-03T16:51:32.986269
8744,1,8744,-0.00410834886,2025-12-03T16:51:33.028672
8745,1,8745,-0.00410859379,2025-12-03T16:51:33.071060
8746,1,8746,-0.00410643126,2025-12-03T16:51:33.143859
8747,1,8747,-0.00410392414,2025-12-03T16:51:33.216969
8748,1,8748,-0.00410834047,2025-12-03T16:51:33.289606
8749,1,8749,-0.00410658866,2025-12-03T16:51:33.332018
8750,1,8750,-0.0041076471,2025-12-03T16:51:33.374496
8751,1,8751,-0.00410666037,2025-12-03T16:51:33.446884
8752,1,8752,-0.00410743942,2025-12-03T16:51:33.520141
8753,1,8753,-0.00410909997,2025-12-03T16:51:33.592717
8754,1,8754,-0.00410979753,2025-12-03T16:51:33.635191
8755,1,8755,-0.00410926295,2025-12-03T16:51:33.677661
8756,1,8756,-0.00411618687,2025-12-03T16:51:33.698349
8757,1,8757,-0.00410731649,2025-12-03T16:51:33.771474
8758,1,8758,-0.00410896586,2025-12-03T16:51:33.844420
8759,1,8759,-0.00411864742,2025-12-03T16:51:33.916946
8760,1,8760,-0.00412019249,2025-12-03T16:51:33.958934
8761,1,8761,-0.00411861902,2025-12-03T16:51:34.001746
8762,1,8762,-0.00411712983,2025-12-03T16:51:34.077693
8763,1,8763,-0.00411446299,2025-12-03T16:51:34.150300
8764,1,8764,-0.00411383481,2025-12-03T16:51:34.222535
8765,1,8765,-0.00411169556,2025-12-03T16:51:34.265408
8766,1,8766,-0.00411329418,2025-12-03T16:51:34.307270
8767,1,8767,-0.00411261431,2025-12-03T16:51:34.327762
8768,1,8768,-0.00411115121,2025-12-03T16:51:34.400687
8769,1,8769,-0.00411441223,2025-12-03T16:51:34.473369
8770,1,8770,-0.00411267066,2025-12-03T16:51:34.545949
8771,1,8771,-0.00411388557,2025-12-03T16:51:34.618958
8772,1,8772,-0.00411332165,2025-12-03T16:51:34.660856
8773,1,8773,-0.00411395682,2025-12-03T16:51:34.703229
8774,1,8774,-0.00411082198,2025-12-03T16:51:34.723021
8775,1,8775,-0.00410948228,2025-12-03T16:51:34.742926
8776,1,8776,-0.00410856259,2025-12-03T16:51:34.762960
8777,1,8777,-0.00411050068,2025-12-03T16:51:34.782914
8778,1,8778,-0.00411398336,2025-12-03T16:51:34.855764
8779,1,8779,-0.00411183526,2025-12-03T16:51:34.928513
8780,1,8780,-0.00411042245,2025-12-03T16:51:35.001237
8781,1,8781,-0.00411080941,2025-12-03T16:51:35.043874
8782,1,8782,-0.00411167973,2025-12-03T16:51:35.086544
8783,1,8783,-0.00411161221,2025-12-03T16:51:35.160988
8784,1,8784,-0.00410749716,2025-12-03T16:51:35.234337
8785,1,8785,-0.00411343993,2025-12-03T16:51:35.306218
8786,1,8786,-0.00411130953,2025-12-03T16:51:35.348982
8787,1,8787,-0.00411240523,2025-12-03T16:51:35.391659
8788,1,8788,-0.00411246344,2025-12-03T16:51:35.411642
8789,1,8789,-0.00411144224,2025-12-03T16:51:35.483982
8790,1,8790,-0.00411499477,2025-12-03T16:51:35.556705
8791,1,8791,-0.00411205878,2025-12-03T16:51:35.629363
8792,1,8792,-0.00411568395,2025-12-03T16:51:35.671875
8793,1,8793,-0.00410920055,2025-12-03T16:51:35.714255
8794,1,8794,-0.00411192607,2025-12-03T16:51:35.787187
8795,1,8795,-0.00411071581,2025-12-03T16:51:35.859724
8796,1,8796,-0.00411000894,2025-12-03T16:51:35.932472
8797,1,8797,-0.00411114143,2025-12-03T16:51:35.974748
8798,1,8798,-0.00410918798,2025-12-03T16:51:36.017290
8799,1,8799,-0.00411321781,2025-12-03T16:51:36.037095
8800,1,8800,-0.00411059055,2025-12-03T16:51:36.110220
8801,1,8801,-0.00411363644,2025-12-03T16:51:36.182900
8802,1,8802,-0.00411175796,2025-12-03T16:51:36.255625
8803,1,8803,-0.00411003688,2025-12-03T16:51:36.298088
8804,1,8804,-0.0041109086,2025-12-03T16:51:36.340487
8805,1,8805,-0.0041112299,2025-12-03T16:51:36.413194
8806,1,8806,-0.00411230931,2025-12-03T16:51:36.485840
8807,1,8807,-0.00411297567,2025-12-03T16:51:36.558544
8808,1,8808,-0.00411156471,2025-12-03T16:51:36.601058
8809,1,8809,-0.00411270093,2025-12-03T16:51:36.643474
8810,1,8810,-0.00410717772,2025-12-03T16:51:36.716221
8811,1,8811,-0.00411243969,2025-12-03T16:51:36.788841
8812,1,8812,-0.00411235028,2025-12-03T16:51:36.861645
8813,1,8813,-0.00411233864,2025-12-03T16:51:36.904092
8814,1,8814,-0.00411228742,2025-12-03T16:51:36.946518
8815,1,8815,-0.00411188276,2025-12-03T16:51:36.966391
8816,1,8816,-0.00411495566,2025-12-03T16:51:37.039482
8817,1,8817,-0.00411147391,2025-12-03T16:51:37.112111
8818,1,8818,-0.0041162353,2025-12-03T16:51:37.184915
8819,1,8819,-0.0041117575,2025-12-03T16:51:37.227238
8820,1,8820,-0.00411179522,2025-12-03T16:51:37.269593
8821,1,8821,-0.00411285134,2025-12-03T16:51:37.342496
8822,1,8822,-0.00411147437,2025-12-03T16:51:37.415115
8823,1,8823,-0.00411447836,2025-12-03T16:51:37.487882
8824,1,8824,-0.00411319034,2025-12-03T16:51:37.530290
8825,1,8825,-0.00411654636,2025-12-03T16:51:37.572657
8826,1,8826,-0.00411434052,2025-12-03T16:51:37.645383
8827,1,8827,-0.00411325925,2025-12-03T16:51:37.718125
8828,1,8828,-0.00411237403,2025-12-03T16:51:37.790883
8829,1,8829,-0.00411125086,2025-12-03T16:51:37.833266
8830,1,8830,-0.00411296868,2025-12-03T16:51:37.875725
8831,1,8831,-0.00411399081,2025-12-03T16:51:37.895578
8832,1,8832,-0.00411217659,2025-12-03T16:51:37.968640
8833,1,8833,-0.00411223899,2025-12-03T16:51:38.041355
8834,1,8834,-0.00411221059,2025-12-03T16:51:38.113975
8835,1,8835,-0.00411449884,2025-12-03T16:51:38.186748
8836,1,8836,-0.0041112639,2025-12-03T16:51:38.229213
8837,1,8837,-0.00411239778,2025-12-03T16:51:38.271556
8838,1,8838,-0.00411353074,2025-12-03T16:51:38.291441
8839,1,8839,-0.00411197729,2025-12-03T16:51:38.311233
8840,1,8840,-0.00411170674,2025-12-03T16:51:38.331057
8841,1,8841,-0.00411165691,2025-12-03T16:51:38.351001
8842,1,8842,-0.00411550747,2025-12-03T16:51:38.424080
8843,1,8843,-0.00411257846,2025-12-03T16:51:38.496760
8844,1,8844,-0.00411258684,2025-12-03T16:51:38.569469
8845,1,8845,-0.00411087088,2025-12-03T16:51:38.611895
8846,1,8846,-0.00411277776,2025-12-03T16:51:38.654408
8847,1,8847,-0.0041119419,2025-12-03T16:51:38.727112
8848,1,8848,-0.00410938123,2025-12-03T16:51:38.799892
8849,1,8849,-0.00411193771,2025-12-03T16:51:38.872588
8850,1,8850,-0.00411076052,2025-12-03T16:51:38.914983
8851,1,8851,-0.00411054119,2025-12-03T16:51:38.957472
8852,1,8852,-0.00411079544,2025-12-03T16:51:38.977293
8853,1,8853,-0.00411127647,2025-12-03T16:51:39.050269
8854,1,8854,-0.00411428837,2025-12-03T16:51:39.122971
8855,1,8855,-0.00411164155,2025-12-03T16:51:39.195797
8856,1,8856,-0.00411202386,2025-12-03T16:51:39.238118
8857,1,8857,-0.00411285087,2025-12-03T16:51:39.280607
8858,1,8858,-0.00411289557,2025-12-03T16:51:39.353327
8859,1,8859,-0.00411232328,2025-12-03T16:51:39.426024
8860,1,8860,-0.00411141198,2025-12-03T16:51:39.498764
8861,1,8861,-0.00411362852,2025-12-03T16:51:39.541214
8862,1,8862,-0.00411106459,2025-12-03T16:51:39.583589
8863,1,8863,-0.00411285553,2025-12-03T16:51:39.656310
8864,1,8864,-0.00411207135,2025-12-03T16:51:39.728976
8865,1,8865,-0.00410937657,2025-12-03T16:51:39.801808
8866,1,8866,-0.00411348277,2025-12-03T16:51:39.844124
8867,1,8867,-0.00411110743,2025-12-03T16:51:39.886647
8868,1,8868,-0.00411168485,2025-12-03T16:51:39.962276
8869,1,8869,-0.00411087507,2025-12-03T16:51:40.035126
8870,1,8870,-0.00411346647,2025-12-03T16:51:40.107770
8871,1,8871,-0.00410987203,2025-12-03T16:51:40.150178
8872,1,8872,-0.00411641458,2025-12-03T16:51:40.192651
8873,1,8873,-0.00411269161,2025-12-03T16:51:40.212600
8874,1,8874,-0.00411221897,2025-12-03T16:51:40.285597
8875,1,8875,-0.00411365134,2025-12-03T16:51:40.358335
8876,1,8876,-0.00411183107,2025-12-03T16:51:40.431054
8877,1,8877,-0.00411390187,2025-12-03T16:51:40.473521
8878,1,8878,-0.00410952698,2025-12-03T16:51:40.515931
8879,1,8879,-0.004112727,2025-12-03T16:51:40.588601
8880,1,8880,-0.00411130301,2025-12-03T16:51:40.661294
8881,1,8881,-0.00410820916,2025-12-03T16:51:40.734008
8882,1,8882,-0.00411159824,2025-12-03T16:51:40.776401
8883,1,8883,-0.00411088485,2025-12-03T16:51:40.818888
8884,1,8884,-0.0041136574,2025-12-03T16:51:40.838770
8885,1,8885,-0.00411346554,2025-12-03T16:51:40.911787
8886,1,8886,-0.00411062128,2025-12-03T16:51:40.984501
8887,1,8887,-0.00411600712,2025-12-03T16:51:41.057164
8888,1,8888,-0.0041133929,2025-12-03T16:51:41.099645
8889,1,8889,-0.00411541759,2025-12-03T16:51:41.142098
8890,1,8890,-0.00410578679,2025-12-03T16:51:41.214733
8891,1,8891,-0.00411470141,2025-12-03T16:51:41.287420
8892,1,8892,-0.00411396007,2025-12-03T16:51:41.360236
8893,1,8893,-0.00411601923,2025-12-03T16:51:41.402669
8894,1,8894,-0.00412071123,2025-12-03T16:51:41.445207
8895,1,8895,-0.00412061251,2025-12-03T16:51:41.465058
8896,1,8896,-0.00412278855,2025-12-03T16:51:41.537922
8897,1,8897,-0.00412606867,2025-12-03T16:51:41.610648
8898,1,8898,-0.00415959954,2025-12-03T16:51:41.683434
8899,1,8899,-0.00415828172,2025-12-03T16:51:41.725889
8900,1,8900,-0.00415843492,2025-12-03T16:51:41.768185
8901,1,8901,-0.0041624261,2025-12-03T16:51:41.840955
8902,1,8902,-0.00415995856,2025-12-03T16:51:41.913717
8903,1,8903,-0.00415933085,2025-12-03T16:51:41.986494
8904,1,8904,-0.00415988499,2025-12-03T16:51:42.028885
8905,1,8905,-0.0041602659,2025-12-03T16:51:42.071255
8906,1,8906,-0.00415908172,2025-12-03T16:51:42.145921
8907,1,8907,-0.004157688,2025-12-03T16:51:42.218720
8908,1,8908,-0.00416028406,2025-12-03T16:51:42.291476
8909,1,8909,-0.00415823515,2025-12-03T16:51:42.333850
8910,1,8910,-0.004158922,2025-12-03T16:51:42.376324
8911,1,8911,-0.00415809405,2025-12-03T16:51:42.448994
8912,1,8912,-0.00416012667,2025-12-03T16:51:42.521638
8913,1,8913,-0.00415947055,2025-12-03T16:51:42.594474
8914,1,8914,-0.00415980163,2025-12-03T16:51:42.636829
8915,1,8915,-0.00415860954,2025-12-03T16:51:42.679312
8916,1,8916,-0.00416716886,2025-12-03T16:51:42.699179
8917,1,8917,-0.00415884843,2025-12-03T16:51:42.772224
8918,1,8918,-0.00416039628,2025-12-03T16:51:42.844970
8919,1,8919,-0.0041584731,2025-12-03T16:51:42.917636
8920,1,8920,-0.00415833434,2025-12-03T16:51:42.960064
8921,1,8921,-0.00416048103,2025-12-03T16:51:43.002439
8922,1,8922,-0.00416045356,2025-12-03T16:51:43.022344
8923,1,8923,-0.00416033808,2025-12-03T16:51:43.095353
8924,1,8924,-0.00415728893,2025-12-03T16:51:43.168125
8925,1,8925,-0.00415998511,2025-12-03T16:51:43.240901
8926,1,8926,-0.00415775831,2025-12-03T16:51:43.283351
8927,1,8927,-0.00415828265,2025-12-03T16:51:43.325673
8928,1,8928,-0.00415838696,2025-12-03T16:51:43.345664
8929,1,8929,-0.00415891688,2025-12-03T16:51:43.365502
8930,1,8930,-0.00415926473,2025-12-03T16:51:43.385364
8931,1,8931,-0.00415918836,2025-12-03T16:51:43.405136
8932,1,8932,-0.00415896438,2025-12-03T16:51:43.479273
8933,1,8933,-0.00415545748,2025-12-03T16:51:43.551968
8934,1,8934,-0.00416099559,2025-12-03T16:51:43.624608
8935,1,8935,-0.00415725167,2025-12-03T16:51:43.667057
8936,1,8936,-0.00415893597,2025-12-03T16:51:43.709474
8937,1,8937,-0.00415738485,2025-12-03T16:51:43.782219
8938,1,8938,-0.00415833108,2025-12-03T16:51:43.854848
8939,1,8939,-0.00415934901,2025-12-03T16:51:43.927676
8940,1,8940,-0.0041562207,2025-12-03T16:51:43.969978
8941,1,8941,-0.00415773224,2025-12-03T16:51:44.012503
8942,1,8942,-0.00415786216,2025-12-03T16:51:44.032286
8943,1,8943,-0.00415873574,2025-12-03T16:51:44.105393
8944,1,8944,-0.00415803538,2025-12-03T16:51:44.178176
8945,1,8945,-0.00415890617,2025-12-03T16:51:44.250894
8946,1,8946,-0.00415825052,2025-12-03T16:51:44.293281
8947,1,8947,-0.00415716553,2025-12-03T16:51:44.335672
8948,1,8948,-0.00416025985,2025-12-03T16:51:44.355548
8949,1,8949,-0.00416098069,2025-12-03T16:51:44.428629
8950,1,8950,-0.00416081584,2025-12-03T16:51:44.501276
8951,1,8951,-0.00416203541,2025-12-03T16:51:44.573955
8952,1,8952,-0.00416036741,2025-12-03T16:51:44.616498
8953,1,8953,-0.00416143331,2025-12-03T16:51:44.658853
8954,1,8954,-0.00415874505,2025-12-03T16:51:44.731652
8955,1,8955,-0.00417849095,2025-12-03T16:51:44.804286
8956,1,8956,-0.00415706774,2025-12-03T16:51:44.877076
8957,1,8957,-0.0041564838,2025-12-03T16:51:44.919729
8958,1,8958,-0.0041563292,2025-12-03T16:51:44.961914
8959,1,8959,-0.00415607308,2025-12-03T16:51:45.034546
8960,1,8960,-0.00416149757,2025-12-03T16:51:45.107279
8961,1,8961,-0.00415629567,2025-12-03T16:51:45.180045
8962,1,8962,-0.00415649591,2025-12-03T16:51:45.222468
8963,1,8963,-0.00415632314,2025-12-03T16:51:45.264938
8964,1,8964,-0.00415264815,2025-12-03T16:51:45.338571
8965,1,8965,-0.00415606005,2025-12-03T16:51:45.411263
8966,1,8966,-0.00415488891,2025-12-03T16:51:45.484078
8967,1,8967,-0.00415608845,2025-12-03T16:51:45.526515
8968,1,8968,-0.00415482325,2025-12-03T16:51:45.568914
8969,1,8969,-0.00415508216,2025-12-03T16:51:45.588825
8970,1,8970,-0.00415273196,2025-12-03T16:51:45.661905
8971,1,8971,-0.0041566384,2025-12-03T16:51:45.734638
8972,1,8972,-0.00415238318,2025-12-03T16:51:45.807259
8973,1,8973,-0.00415586819,2025-12-03T16:51:45.849717
8974,1,8974,-0.00415833014,2025-12-03T16:51:45.892155
8975,1,8975,-0.00415714085,2025-12-03T16:51:45.964893
8976,1,8976,-0.00415670312,2025-12-03T16:51:46.037508
8977,1,8977,-0.00415810476,2025-12-03T16:51:46.110293
8978,1,8978,-0.00415359018,2025-12-03T16:51:46.152665
8979,1,8979,-0.00415711291,2025-12-03T16:51:46.195171
8980,1,8980,-0.00415622768,2025-12-03T16:51:46.215116
8981,1,8981,-0.00415671803,2025-12-03T16:51:46.288041
8982,1,8982,-0.00415062019,2025-12-03T16:51:46.360711
8983,1,8983,-0.00414991332,2025-12-03T16:51:46.433434
8984,1,8984,-0.00415230309,2025-12-03T16:51:46.475940
8985,1,8985,-0.00415015872,2025-12-03T16:51:46.518275
8986,1,8986,-0.00415312452,2025-12-03T16:51:46.591092
8987,1,8987,-0.00415032077,2025-12-03T16:51:46.663779
8988,1,8988,-0.00415029516,2025-12-03T16:51:46.736494
8989,1,8989,-0.00415115663,2025-12-03T16:51:46.778887
8990,1,8990,-0.00415137875,2025-12-03T16:51:46.821237
8991,1,8991,-0.00415282882,2025-12-03T16:51:46.897049
8992,1,8992,-0.00415054336,2025-12-03T16:51:46.969794
8993,1,8993,-0.00415312591,2025-12-03T16:51:47.042420
8994,1,8994,-0.0041491664,2025-12-03T16:51:47.084934
8995,1,8995,-0.00415668543,2025-12-03T16:51:47.127321
8996,1,8996,-0.00414956593,2025-12-03T16:51:47.147139
8997,1,8997,-0.00414753006,2025-12-03T16:51:47.225211
8998,1,8998,-0.00414856988,2025-12-03T16:51:47.292939
8999,1,8999,-0.00414991145,2025-12-03T16:51:47.365681
9000,1,9000,-0.00415079435,2025-12-03T16:51:47.408127
9001,1,9001,-0.00414795987,2025-12-03T16:51:47.450572
9002,1,9002,-0.00414831424,2025-12-03T16:51:47.523275
9003,1,9003,-0.00415011821,2025-12-03T16:51:47.595930
9004,1,9004,-0.00414589559,2025-12-03T16:51:47.668698
9005,1,9005,-0.00414705835,2025-12-03T16:51:47.711104
9006,1,9006,-0.00414727255,2025-12-03T16:51:47.753594
9007,1,9007,-0.00414889818,2025-12-03T16:51:47.773469
9008,1,9008,-0.00414840504,2025-12-03T16:51:47.846437
9009,1,9009,-0.00414764508,2025-12-03T16:51:47.919172
9010,1,9010,-0.00415023695,2025-12-03T16:51:47.991913
9011,1,9011,-0.00414864253,2025-12-03T16:51:48.034340
9012,1,9012,-0.00414828164,2025-12-03T16:51:48.076690
9013,1,9013,-0.00414624018,2025-12-03T16:51:48.149391
9014,1,9014,-0.00414866395,2025-12-03T16:51:48.222169
9015,1,9015,-0.00414986861,2025-12-03T16:51:48.294890
9016,1,9016,-0.00414696987,2025-12-03T16:51:48.337238
9017,1,9017,-0.00414959155,2025-12-03T16:51:48.379698
9018,1,9018,-0.00414605159,2025-12-03T16:51:48.452469
9019,1,9019,-0.0041481764,2025-12-03T16:51:48.525219
9020,1,9020,-0.00414582528,2025-12-03T16:51:48.597913
9021,1,9021,-0.00414610747,2025-12-03T16:51:48.640361
9022,1,9022,-0.00414528185,2025-12-03T16:51:48.682774
9023,1,9023,-0.00414846092,2025-12-03T16:51:48.755389
9024,1,9024,-0.00414860108,2025-12-03T16:51:48.828215
9025,1,9025,-0.00414593191,2025-12-03T16:51:48.900968
9026,1,9026,-0.00414844043,2025-12-03T16:51:48.943363
9027,1,9027,-0.00414531631,2025-12-03T16:51:48.985660
9028,1,9028,-0.0041464786,2025-12-03T16:51:49.005610
9029,1,9029,-0.00414903415,2025-12-03T16:51:49.078642
9030,1,9030,-0.00414595613,2025-12-03T16:51:49.151412
9031,1,9031,-0.00414768466,2025-12-03T16:51:49.224235
9032,1,9032,-0.00414633657,2025-12-03T16:51:49.266552
9033,1,9033,-0.00414933729,2025-12-03T16:51:49.309033
9034,1,9034,-0.00414802553,2025-12-03T16:51:49.381681
9035,1,9035,-0.00414835009,2025-12-03T16:51:49.454392
9036,1,9036,-0.00414765393,2025-12-03T16:51:49.527098
9037,1,9037,-0.00414747511,2025-12-03T16:51:49.569641
9038,1,9038,-0.00414778431,2025-12-03T16:51:49.611912
9039,1,9039,-0.00415481673,2025-12-03T16:51:49.631918
9040,1,9040,-0.0041465871,2025-12-03T16:51:49.704896
9041,1,9041,-0.00414821691,2025-12-03T16:51:49.777521
9042,1,9042,-0.00414702435,2025-12-03T16:51:49.850317
9043,1,9043,-0.0041490863,2025-12-03T16:51:49.892686
9044,1,9044,-0.00414809538,2025-12-03T16:51:49.935215
9045,1,9045,-0.00415003811,2025-12-03T16:51:50.007862
9046,1,9046,-0.00414889678,2025-12-03T16:51:50.080599
9047,1,9047,-0.0041455822,2025-12-03T16:51:50.153378
9048,1,9048,-0.00414781365,2025-12-03T16:51:50.195741
9049,1,9049,-0.0041468041,2025-12-03T16:51:50.238216
9050,1,9050,-0.00414713565,2025-12-03T16:51:50.313850
9051,1,9051,-0.00414664903,2025-12-03T16:51:50.386612
9052,1,9052,-0.00414800504,2025-12-03T16:51:50.429054
9053,1,9053,-0.00414841203,2025-12-03T16:51:50.471496
9054,1,9054,-0.00415653549,2025-12-03T16:51:50.491449
9055,1,9055,-0.00414848327,2025-12-03T16:51:50.564379
9056,1,9056,-0.0041540754,2025-12-03T16:51:50.637131
9057,1,9057,-0.00414948724,2025-12-03T16:51:50.709889
9058,1,9058,-0.0041471254,2025-12-03T16:51:50.752255
9059,1,9059,-0.00414809444,2025-12-03T16:51:50.794701
9060,1,9060,-0.00414815032,2025-12-03T16:51:50.814587
9061,1,9061,-0.00414766743,2025-12-03T16:51:50.887544
9062,1,9062,-0.00414989981,2025-12-03T16:51:50.960338
9063,1,9063,-0.00414909096,2025-12-03T16:51:51.033150
9064,1,9064,-0.00415123114,2025-12-03T16:51:51.075530
9065,1,9065,-0.00414650933,2025-12-03T16:51:51.117864
9066,1,9066,-0.00414677802,2025-12-03T16:51:51.190643
9067,1,9067,-0.00414725858,2025-12-03T16:51:51.263261
9068,1,9068,-0.00414833705,2025-12-03T16:51:51.305685
9069,1,9069,-0.00414784858,2025-12-03T16:51:51.348189
9070,1,9070,-0.00414941646,2025-12-03T16:51:51.368129
9071,1,9071,-0.00414838502,2025-12-03T16:51:51.388021
9072,1,9072,-0.00414866302,2025-12-03T16:51:51.461324
9073,1,9073,-0.00414793519,2025-12-03T16:51:51.534100
9074,1,9074,-0.00414817361,2025-12-03T16:51:51.606754
9075,1,9075,-0.00414555286,2025-12-03T16:51:51.649085
9076,1,9076,-0.00414537638,2025-12-03T16:51:51.691625
9077,1,9077,-0.0041483324,2025-12-03T16:51:51.764308
9078,1,9078,-0.00414792075,2025-12-03T16:51:51.837023
9079,1,9079,-0.00415121391,2025-12-03T16:51:51.909763
9080,1,9080,-0.00414819503,2025-12-03T16:51:51.952122
9081,1,9081,-0.0041502905,2025-12-03T16:51:51.994582
9082,1,9082,-0.00414775498,2025-12-03T16:51:52.067197
9083,1,9083,-0.00415351893,2025-12-03T16:51:52.140047
9084,1,9084,-0.00414828583,2025-12-03T16:51:52.212733
9085,1,9085,-0.00414872867,2025-12-03T16:51:52.255082
9086,1,9086,-0.00414899922,2025-12-03T16:51:52.297505
9087,1,9087,-0.00414824252,2025-12-03T16:51:52.317299
9088,1,9088,-0.00414976291,2025-12-03T16:51:52.390500
9089,1,9089,-0.00415021134,2025-12-03T16:51:52.463223
9090,1,9090,-0.00414956454,2025-12-03T16:51:52.535970
9091,1,9091,-0.00414986535,2025-12-03T16:51:52.578260
9092,1,9092,-0.00414793053,2025-12-03T16:51:52.620812
9093,1,9093,-0.00415022671,2025-12-03T16:51:52.693497
9094,1,9094,-0.00414833845,2025-12-03T16:51:52.766238
9095,1,9095,-0.00414910027,2025-12-03T16:51:52.838911
9096,1,9096,-0.00414992542,2025-12-03T16:51:52.881358
9097,1,9097,-0.00415535736,2025-12-03T16:51:52.923794
9098,1,9098,-0.00415891222,2025-12-03T16:51:52.996498
9099,1,9099,-0.00415853597,2025-12-03T16:51:53.069237
9100,1,9100,-0.00416668411,2025-12-03T16:51:53.141945
9101,1,9101,-0.00415608985,2025-12-03T16:51:53.184399
9102,1,9102,-0.00415906775,2025-12-03T16:51:53.226809
9103,1,9103,-0.00415819697,2025-12-03T16:51:53.246692
9104,1,9104,-0.00415651919,2025-12-03T16:51:53.319670
9105,1,9105,-0.00416071619,2025-12-03T16:51:53.392306
9106,1,9106,-0.00415836321,2025-12-03T16:51:53.465129
9107,1,9107,-0.00415803957,2025-12-03T16:51:53.507514
9108,1,9108,-0.0041582603,2025-12-03T16:51:53.549925
9109,1,9109,-0.00415751663,2025-12-03T16:51:53.622725
9110,1,9110,-0.00415745191,2025-12-03T16:51:53.695448
9111,1,9111,-0.00415689405,2025-12-03T16:51:53.768164
9112,1,9112,-0.0041593085,2025-12-03T16:51:53.810539
9113,1,9113,-0.00415690988,2025-12-03T16:51:53.853001
9114,1,9114,-0.00415859185,2025-12-03T16:51:53.872909
9115,1,9115,-0.00415948359,2025-12-03T16:51:53.945913
9116,1,9116,-0.00415578577,2025-12-03T16:51:54.018808
9117,1,9117,-0.00415886426,2025-12-03T16:51:54.091351
9118,1,9118,-0.00415943283,2025-12-03T16:51:54.133734
9119,1,9119,-0.00415932619,2025-12-03T16:51:54.176181
9120,1,9120,-0.00415848102,2025-12-03T16:51:54.248899
9121,1,9121,-0.0041584894,2025-12-03T16:51:54.321615
9122,1,9122,-0.00416224496,2025-12-03T16:51:54.394348
9123,1,9123,-0.00416008895,2025-12-03T16:51:54.436789
9124,1,9124,-0.00416069477,2025-12-03T16:51:54.479138
9125,1,9125,-0.00416015787,2025-12-03T16:51:54.551926
9126,1,9126,-0.00416057603,2025-12-03T16:51:54.624672
9127,1,9127,-0.00415880512,2025-12-03T16:51:54.697368
9128,1,9128,-0.00415935367,2025-12-03T16:51:54.739732
9129,1,9129,-0.00415830593,2025-12-03T16:51:54.782135
9130,1,9130,-0.00415793946,2025-12-03T16:51:54.801961
9131,1,9131,-0.00415194733,2025-12-03T16:51:54.875093
9132,1,9132,-0.00415716366,2025-12-03T16:51:54.947742
9133,1,9133,-0.00415574619,2025-12-03T16:51:55.020526
9134,1,9134,-0.00415692059,2025-12-03T16:51:55.062968
9135,1,9135,-0.00415547331,2025-12-03T16:51:55.105457
9136,1,9136,-0.00415818765,2025-12-03T16:51:55.125323
9137,1,9137,-0.00415768893,2025-12-03T16:51:55.198318
9138,1,9138,-0.00415718974,2025-12-03T16:51:55.271022
9139,1,9139,-0.00416430924,2025-12-03T16:51:55.343773
9140,1,9140,-0.00414941692,2025-12-03T16:51:55.386220
9141,1,9141,-0.00415577925,2025-12-03T16:51:55.428618
9142,1,9142,-0.00415696436,2025-12-03T16:51:55.448503
9143,1,9143,-0.00415670918,2025-12-03T16:51:55.468330
9144,1,9144,-0.00415597343,2025-12-03T16:51:55.488147
9145,1,9145,-0.00415836926,2025-12-03T16:51:55.508022
9146,1,9146,-0.00415880652,2025-12-03T16:51:55.582135
9147,1,9147,-0.00415805587,2025-12-03T16:51:55.654872
9148,1,9148,-0.00415628449,2025-12-03T16:51:55.727545
9149,1,9149,-0.00415290892,2025-12-03T16:51:55.800242
9150,1,9150,-0.00417146645,2025-12-03T16:51:55.842654
9151,1,9151,-0.00414353469,2025-12-03T16:51:55.885006
9152,1,9152,-0.00414647022,2025-12-03T16:51:55.904751
9153,1,9153,-0.00414904952,2025-12-03T16:51:55.924541
9154,1,9154,-0.00415333872,2025-12-03T16:51:55.944502
9155,1,9155,-0.00415262533,2025-12-03T16:51:55.964248
9156,1,9156,-0.00415272545,2025-12-03T16:51:55.984129
9157,1,9157,-0.00415520695,2025-12-03T16:51:56.056894
9158,1,9158,-0.00415721815,2025-12-03T16:51:56.129547
9159,1,9159,-0.00415637809,2025-12-03T16:51:56.202175
9160,1,9160,-0.00415944959,2025-12-03T16:51:56.244679
9161,1,9161,-0.00415603956,2025-12-03T16:51:56.287046
9162,1,9162,-0.00415563909,2025-12-03T16:51:56.306878
9163,1,9163,-0.00421000178,2025-12-03T16:51:56.326716
9164,1,9164,-0.00415227608,2025-12-03T16:51:56.346557
9165,1,9165,-0.00414434587,2025-12-03T16:51:56.366403
9166,1,9166,-0.00414734333,2025-12-03T16:51:56.386227
9167,1,9167,-0.00415422348,2025-12-03T16:51:56.458809
9168,1,9168,-0.00415779696,2025-12-03T16:51:56.531476
9169,1,9169,-0.00415642885,2025-12-03T16:51:56.604275
9170,1,9170,-0.00415693875,2025-12-03T16:51:56.646685
9171,1,9171,-0.00415598321,2025-12-03T16:51:56.689087
9172,1,9172,-0.00415725214,2025-12-03T16:51:56.708976
9173,1,9173,-0.00415891176,2025-12-03T16:51:56.782001
9174,1,9174,-0.00414678175,2025-12-03T16:51:56.854725
9175,1,9175,-0.00415727449,2025-12-03T16:51:56.927508
9176,1,9176,-0.00415626913,2025-12-03T16:51:56.969901
9177,1,9177,-0.0041584596,2025-12-03T16:51:57.012267
9178,1,9178,-0.00415704865,2025-12-03T16:51:57.085036
9179,1,9179,-0.00415812898,2025-12-03T16:51:57.157715
9180,1,9180,-0.00415775133,2025-12-03T16:51:57.230501
9181,1,9181,-0.00415512919,2025-12-03T16:51:57.272896
9182,1,9182,-0.00411543389,2025-12-03T16:51:57.315285
9183,1,9183,-0.00410752976,2025-12-03T16:51:57.388069
9184,1,9184,-0.00411249557,2025-12-03T16:51:57.460722
9185,1,9185,-0.00411393446,2025-12-03T16:51:57.533955
9186,1,9186,-0.0041193813,2025-12-03T16:51:57.576318
9187,1,9187,-0.00411689095,2025-12-03T16:51:57.618653
9188,1,9188,-0.00411666557,2025-12-03T16:51:57.691083
9189,1,9189,-0.00412067677,2025-12-03T16:51:57.763714
9190,1,9190,-0.00411690725,2025-12-03T16:51:57.836449
9191,1,9191,-0.00412088772,2025-12-03T16:51:57.878770
9192,1,9192,-0.00411769468,2025-12-03T16:51:57.921185
9193,1,9193,-0.00411979248,2025-12-03T16:51:57.941098
9194,1,9194,-0.00410742638,2025-12-03T16:51:58.014223
9195,1,9195,-0.00411089928,2025-12-03T16:51:58.086892
9196,1,9196,-0.00411350885,2025-12-03T16:51:58.159651
9197,1,9197,-0.00411216821,2025-12-03T16:51:58.202052
9198,1,9198,-0.00411706557,2025-12-03T16:51:58.244498
9199,1,9199,-0.00411537708,2025-12-03T16:51:58.317219
9200,1,9200,-0.00411880714,2025-12-03T16:51:58.389949
9201,1,9201,-0.0041216053,2025-12-03T16:51:58.462652
9202,1,9202,-0.00412455806,2025-12-03T16:51:58.505108
9203,1,9203,-0.00411609699,2025-12-03T16:51:58.547493
9204,1,9204,-0.00411897944,2025-12-03T16:51:58.620232
9205,1,9205,-0.00412218784,2025-12-03T16:51:58.692916
9206,1,9206,-0.00412130448,2025-12-03T16:51:58.735280
9207,1,9207,-0.00412139762,2025-12-03T16:51:58.777690
9208,1,9208,-0.00412085372,2025-12-03T16:51:58.797488
9209,1,9209,-0.00412309868,2025-12-03T16:51:58.817339
9210,1,9210,-0.00415228446,2025-12-03T16:51:58.889852
9211,1,9211,-0.00415280973,2025-12-03T16:51:58.962524
9212,1,9212,-0.00414712121,2025-12-03T16:51:59.035334
9213,1,9213,-0.00414895638,2025-12-03T16:51:59.090122
9214,1,9214,-0.00414881436,2025-12-03T16:51:59.126145
9215,1,9215,-0.00415144674,2025-12-03T16:51:59.198985
9216,1,9216,-0.00415006559,2025-12-03T16:51:59.271812
9217,1,9217,-0.00415395153,2025-12-03T16:51:59.344407
9218,1,9218,-0.00415225233,2025-12-03T16:51:59.386902
9219,1,9219,-0.00415279855,2025-12-03T16:51:59.429230
9220,1,9220,-0.00415208283,2025-12-03T16:51:59.501946
9221,1,9221,-0.00414953054,2025-12-03T16:51:59.574668
9222,1,9222,-0.00415113987,2025-12-03T16:51:59.647374
9223,1,9223,-0.00415012892,2025-12-03T16:51:59.689725
9224,1,9224,-0.00415082229,2025-12-03T16:51:59.732232
9225,1,9225,-0.00415056943,2025-12-03T16:51:59.752060
9226,1,9226,-0.00415114266,2025-12-03T16:51:59.825152
9227,1,9227,-0.00415287213,2025-12-03T16:51:59.897897
9228,1,9228,-0.00415017455,2025-12-03T16:51:59.970592
9229,1,9229,-0.00415778625,2025-12-03T16:52:00.012927
9230,1,9230,-0.00414451677,2025-12-03T16:52:00.055487
9231,1,9231,-0.00415143743,2025-12-03T16:52:00.128143
9232,1,9232,-0.00414929818,2025-12-03T16:52:00.200775
9233,1,9233,-0.00414878176,2025-12-03T16:52:00.273519
9234,1,9234,-0.00415110168,2025-12-03T16:52:00.316035
9235,1,9235,-0.00414975034,2025-12-03T16:52:00.358492
9236,1,9236,-0.00415080366,2025-12-03T16:52:00.433194
9237,1,9237,-0.00415393663,2025-12-03T16:52:00.505893
9238,1,9238,-0.00415019597,2025-12-03T16:52:00.578626
9239,1,9239,-0.00414954777,2025-12-03T16:52:00.620972
9240,1,9240,-0.00414993939,2025-12-03T16:52:00.663396
9241,1,9241,-0.00415092473,2025-12-03T16:52:00.683236
9242,1,9242,-0.00415041251,2025-12-03T16:52:00.756294
9243,1,9243,-0.00414975779,2025-12-03T16:52:00.829127
9244,1,9244,-0.00415029749,2025-12-03T16:52:00.901833
9245,1,9245,-0.00415893644,2025-12-03T16:52:00.944241
9246,1,9246,-0.00414998224,2025-12-03T16:52:00.986665
9247,1,9247,-0.004149599,2025-12-03T16:52:01.059368
9248,1,9248,-0.00415152683,2025-12-03T16:52:01.132006
9249,1,9249,-0.00415004463,2025-12-03T16:52:01.204774
9250,1,9250,-0.00415198737,2025-12-03T16:52:01.247228
9251,1,9251,-0.00414943648,2025-12-03T16:52:01.289581
9252,1,9252,-0.00415136897,2025-12-03T16:52:01.309389
9253,1,9253,-0.00415196456,2025-12-03T16:52:01.382565
9254,1,9254,-0.00415079854,2025-12-03T16:52:01.455225
9255,1,9255,-0.00416265148,2025-12-03T16:52:01.528021
9256,1,9256,-0.00415020436,2025-12-03T16:52:01.570475
9257,1,9257,-0.00415235292,2025-12-03T16:52:01.612889
9258,1,9258,-0.00415214756,2025-12-03T16:52:01.685520
9259,1,9259,-0.00415169633,2025-12-03T16:52:01.758228
9260,1,9260,-0.00415150215,2025-12-03T16:52:01.831060
9261,1,9261,-0.00414878036,2025-12-03T16:52:01.873551
9262,1,9262,-0.00415068771,2025-12-03T16:52:01.915892
9263,1,9263,-0.00415194779,2025-12-03T16:52:01.988579
9264,1,9264,-0.00415079807,2025-12-03T16:52:02.061302
9265,1,9265,-0.00415241671,2025-12-03T16:52:02.134047
9266,1,9266,-0.00415178807,2025-12-03T16:52:02.176460
9267,1,9267,-0.00415245071,2025-12-03T16:52:02.218902
9268,1,9268,-0.00415185745,2025-12-03T16:52:02.238783
9269,1,9269,-0.00415448145,2025-12-03T16:52:02.311908
9270,1,9270,-0.00415366049,2025-12-03T16:52:02.384526
9271,1,9271,-0.00415167026,2025-12-03T16:52:02.457240
9272,1,9272,-0.00415343279,2025-12-03T16:52:02.499615
9273,1,9273,-0.00415140856,2025-12-03T16:52:02.542076
9274,1,9274,-0.00415264349,2025-12-03T16:52:02.616716
9275,1,9275,-0.00415293266,2025-12-03T16:52:02.689515
9276,1,9276,-0.00415314873,2025-12-03T16:52:02.762183
9277,1,9277,-0.00415138294,2025-12-03T16:52:02.804605
9278,1,9278,-0.00415358506,2025-12-03T16:52:02.847040
9279,1,9279,-0.00415075803,2025-12-03T16:52:02.919897
9280,1,9280,-0.00415192125,2025-12-03T16:52:02.992434
9281,1,9281,-0.00415086327,2025-12-03T16:52:03.065131
9282,1,9282,-0.00415233243,2025-12-03T16:52:03.107637
9283,1,9283,-0.00415276922,2025-12-03T16:52:03.150077
9284,1,9284,-0.0041515869,2025-12-03T16:52:03.169885
9285,1,9285,-0.00415229005,2025-12-03T16:52:03.243014
9286,1,9286,-0.00415251916,2025-12-03T16:52:03.315711
9287,1,9287,-0.00415153708,2025-12-03T16:52:03.388385
9288,1,9288,-0.00415189936,2025-12-03T16:52:03.430889
9289,1,9289,-0.00415176153,2025-12-03T16:52:03.473286
9290,1,9290,-0.00415250333,2025-12-03T16:52:03.545900
9291,1,9291,-0.00414882181,2025-12-03T16:52:03.618687
9292,1,9292,-0.0041493047,2025-12-03T16:52:03.691411
9293,1,9293,-0.00414933636,2025-12-03T16:52:03.733900
9294,1,9294,-0.00414780993,2025-12-03T16:52:03.776211
9295,1,9295,-0.00415115198,2025-12-03T16:52:03.849931
9296,1,9296,-0.00415018759,2025-12-03T16:52:03.922737
9297,1,9297,-0.00415210239,2025-12-03T16:52:03.995487
9298,1,9298,-0.00415143463,2025-12-03T16:52:04.037855
9299,1,9299,-0.00415231101,2025-12-03T16:52:04.080313
9300,1,9300,-0.0041514514,2025-12-03T16:52:04.153014
9301,1,9301,-0.00415283255,2025-12-03T16:52:04.225724
9302,1,9302,-0.00415340531,2025-12-03T16:52:04.298471
9303,1,9303,-0.00415349565,2025-12-03T16:52:04.340891
9304,1,9304,-0.00415540952,2025-12-03T16:52:04.383203
9305,1,9305,-0.00415571825,2025-12-03T16:52:04.403090
9306,1,9306,-0.00415739603,2025-12-03T16:52:04.476245
9307,1,9307,-0.00415534572,2025-12-03T16:52:04.548948
9308,1,9308,-0.0041563767,2025-12-03T16:52:04.621797
9309,1,9309,-0.00415572244,2025-12-03T16:52:04.664608
9310,1,9310,-0.00415644655,2025-12-03T16:52:04.706898
9311,1,9311,-0.00415667332,2025-12-03T16:52:04.727380
9312,1,9312,-0.00415474502,2025-12-03T16:52:04.799823
9313,1,9313,-0.00415229285,2025-12-03T16:52:04.872451
9314,1,9314,-0.00415464956,2025-12-03T16:52:04.945369
9315,1,9315,-0.00415356317,2025-12-03T16:52:04.987817
9316,1,9316,-0.00415504723,2025-12-03T16:52:05.029733
9317,1,9317,-0.0041566221,2025-12-03T16:52:05.102943
9318,1,9318,-0.00415583699,2025-12-03T16:52:05.175592
9319,1,9319,-0.00415595807,2025-12-03T16:52:05.248088
9320,1,9320,-0.00415426213,2025-12-03T16:52:05.290647
9321,1,9321,-0.00415344676,2025-12-03T16:52:05.333195
9322,1,9322,-0.00415425468,2025-12-03T16:52:05.405844
9323,1,9323,-0.0041538584,2025-12-03T16:52:05.478697
9324,1,9324,-0.00415156269,2025-12-03T16:52:05.551328
9325,1,9325,-0.00415275152,2025-12-03T16:52:05.593666
9326,1,9326,-0.00415191194,2025-12-03T16:52:05.636293
9327,1,9327,-0.0041531152,2025-12-03T16:52:05.708458
9328,1,9328,-0.00415387935,2025-12-03T16:52:05.781247
9329,1,9329,-0.00415247865,2025-12-03T16:52:05.854017
9330,1,9330,-0.00415429845,2025-12-03T16:52:05.896700
9331,1,9331,-0.00415296806,2025-12-03T16:52:05.938752
9332,1,9332,-0.00415302347,2025-12-03T16:52:05.958902
9333,1,9333,-0.00415349937,2025-12-03T16:52:06.034035
9334,1,9334,-0.00415280321,2025-12-03T16:52:06.106817
9335,1,9335,-0.00415290612,2025-12-03T16:52:06.179167
9336,1,9336,-0.00415163766,2025-12-03T16:52:06.221598
9337,1,9337,-0.00415301043,2025-12-03T16:52:06.264100
9338,1,9338,-0.00415173172,2025-12-03T16:52:06.336823
9339,1,9339,-0.00415229098,2025-12-03T16:52:06.409997
9340,1,9340,-0.00415163207,2025-12-03T16:52:06.482374
9341,1,9341,-0.00415205257,2025-12-03T16:52:06.524966
9342,1,9342,-0.00414962694,2025-12-03T16:52:06.567060
9343,1,9343,-0.00414944859,2025-12-03T16:52:06.587338
9344,1,9344,-0.00415150588,2025-12-03T16:52:06.660278
9345,1,9345,-0.00415027327,2025-12-03T16:52:06.733042
9346,1,9346,-0.00414991052,2025-12-03T16:52:06.805769
9347,1,9347,-0.00415165256,2025-12-03T16:52:06.877973
9348,1,9348,-0.00414965627,2025-12-03T16:52:06.920711
9349,1,9349,-0.0041511855,2025-12-03T16:52:06.963262
9350,1,9350,-0.00415075989,2025-12-03T16:52:06.983597
9351,1,9351,-0.00415079807,2025-12-03T16:52:07.004012
9352,1,9352,-0.00415211217,2025-12-03T16:52:07.024179
9353,1,9353,-0.00415113242,2025-12-03T16:52:07.044594
9354,1,9354,-0.00415049772,2025-12-03T16:52:07.116354
9355,1,9355,-0.00414904486,2025-12-03T16:52:07.189077
9356,1,9356,-0.00415163999,2025-12-03T16:52:07.261850
9357,1,9357,-0.00414830259,2025-12-03T16:52:07.304177
9358,1,9358,-0.00415022578,2025-12-03T16:52:07.346719
9359,1,9359,-0.00414963578,2025-12-03T16:52:07.419468
9360,1,9360,-0.00415136292,2025-12-03T16:52:07.492139
9361,1,9361,-0.00415157899,2025-12-03T16:52:07.564804
9362,1,9362,-0.00415168842,2025-12-03T16:52:07.607236
9363,1,9363,-0.00414770515,2025-12-03T16:52:07.649675
9364,1,9364,-0.00414924789,2025-12-03T16:52:07.722376
9365,1,9365,-0.00415087072,2025-12-03T16:52:07.795095
9366,1,9366,-0.0041510798,2025-12-03T16:52:07.867886
9367,1,9367,-0.00414944719,2025-12-03T16:52:07.910251
9368,1,9368,-0.0041497969,2025-12-03T16:52:07.952639
9369,1,9369,-0.00415002647,2025-12-03T16:52:07.972461
9370,1,9370,-0.00415163254,2025-12-03T16:52:08.045685
9371,1,9371,-0.00414831284,2025-12-03T16:52:08.118319
9372,1,9372,-0.00415144721,2025-12-03T16:52:08.190996
9373,1,9373,-0.00414938433,2025-12-03T16:52:08.233471
9374,1,9374,-0.00415041157,2025-12-03T16:52:08.275914
9375,1,9375,-0.0041482374,2025-12-03T16:52:08.350626
9376,1,9376,-0.00414904253,2025-12-03T16:52:08.423307
9377,1,9377,-0.00415035383,2025-12-03T16:52:08.465623
9378,1,9378,-0.00415066117,2025-12-03T16:52:08.508167
9379,1,9379,-0.00415174383,2025-12-03T16:52:08.527913
9380,1,9380,-0.00414973078,2025-12-03T16:52:08.547660
9381,1,9381,-0.00414999527,2025-12-03T16:52:08.620222
9382,1,9382,-0.00415113661,2025-12-03T16:52:08.692971
9383,1,9383,-0.00415098201,2025-12-03T16:52:08.765763
9384,1,9384,-0.00414890376,2025-12-03T16:52:08.808138
9385,1,9385,-0.00414843903,2025-12-03T16:52:08.850583
9386,1,9386,-0.00414822902,2025-12-03T16:52:08.923284
9387,1,9387,-0.00415006186,2025-12-03T16:52:08.995995
9388,1,9388,-0.00415041018,2025-12-03T16:52:09.068703
9389,1,9389,-0.00414980389,2025-12-03T16:52:09.111161
9390,1,9390,-0.00415024301,2025-12-03T16:52:09.153487
9391,1,9391,-0.00414997572,2025-12-03T16:52:09.226276
9392,1,9392,-0.00415136665,2025-12-03T16:52:09.298988
9393,1,9393,-0.00414986908,2025-12-03T16:52:09.371714
9394,1,9394,-0.00415015313,2025-12-03T16:52:09.414131
9395,1,9395,-0.00414843065,2025-12-03T16:52:09.456616
9396,1,9396,-0.00415007816,2025-12-03T16:52:09.476311
9397,1,9397,-0.00415036128,2025-12-03T16:52:09.549484
9398,1,9398,-0.0041475757,2025-12-03T16:52:09.622218
9399,1,9399,-0.0041510649,2025-12-03T16:52:09.694897
9400,1,9400,-0.00414918176,2025-12-03T16:52:09.737319
9401,1,9401,-0.00415125628,2025-12-03T16:52:09.779754
9402,1,9402,-0.00414580292,2025-12-03T16:52:09.852553
9403,1,9403,-0.00415022717,2025-12-03T16:52:09.925219
9404,1,9404,-0.00415196456,2025-12-03T16:52:09.997844
9405,1,9405,-0.00415107002,2025-12-03T16:52:10.040334
9406,1,9406,-0.00415150215,2025-12-03T16:52:10.082762
9407,1,9407,-0.00415274547,2025-12-03T16:52:10.102650
9408,1,9408,-0.00415107747,2025-12-03T16:52:10.175669
9409,1,9409,-0.00415292521,2025-12-03T16:52:10.248475
9410,1,9410,-0.00414841156,2025-12-03T16:52:10.321147
9411,1,9411,-0.00415099132,2025-12-03T16:52:10.363587
9412,1,9412,-0.004149904,2025-12-03T16:52:10.405936
9413,1,9413,-0.0041530407,2025-12-03T16:52:10.478676
9414,1,9414,-0.00415165675,2025-12-03T16:52:10.551302
9415,1,9415,-0.00415291031,2025-12-03T16:52:10.624133
9416,1,9416,-0.00415259739,2025-12-03T16:52:10.666524
9417,1,9417,-0.00415369728,2025-12-03T16:52:10.708968
9418,1,9418,-0.00415330985,2025-12-03T16:52:10.783699
9419,1,9419,-0.00415388355,2025-12-03T16:52:10.856473
9420,1,9420,-0.00415449496,2025-12-03T16:52:10.929078
9421,1,9421,-0.00415082694,2025-12-03T16:52:10.984330
9422,1,9422,-0.00415292382,2025-12-03T16:52:11.023232
9423,1,9423,-0.00415305839,2025-12-03T16:52:11.043093
9424,1,9424,-0.00415607728,2025-12-03T16:52:11.115993
9425,1,9425,-0.00415578298,2025-12-03T16:52:11.188625
9426,1,9426,-0.00415811175,2025-12-03T16:52:11.261446
9427,1,9427,-0.00415606098,2025-12-03T16:52:11.303887
9428,1,9428,-0.00415450055,2025-12-03T16:52:11.346286
9429,1,9429,-0.0041537024,2025-12-03T16:52:11.366141
9430,1,9430,-0.00415364466,2025-12-03T16:52:11.385924
9431,1,9431,-0.00415269145,2025-12-03T16:52:11.405736
9432,1,9432,-0.00415446516,2025-12-03T16:52:11.425583
9433,1,9433,-0.00415338343,2025-12-03T16:52:11.499759
9434,1,9434,-0.00414864299,2025-12-03T16:52:11.572461
9435,1,9435,-0.00415152544,2025-12-03T16:52:11.645117
9436,1,9436,-0.00415102019,2025-12-03T16:52:11.687669
9437,1,9437,-0.00415176805,2025-12-03T16:52:11.730095
9438,1,9438,-0.00415225513,2025-12-03T16:52:11.749995
9439,1,9439,-0.00415212614,2025-12-03T16:52:11.822994
9440,1,9440,-0.00415484188,2025-12-03T16:52:11.895747
9441,1,9441,-0.00415300764,2025-12-03T16:52:11.968434
9442,1,9442,-0.00415462767,2025-12-03T16:52:12.010921
9443,1,9443,-0.00418777996,2025-12-03T16:52:12.053303
9444,1,9444,-0.00415146676,2025-12-03T16:52:12.125920
9445,1,9445,-0.00415365723,2025-12-03T16:52:12.198650
9446,1,9446,-0.00415231846,2025-12-03T16:52:12.271386
9447,1,9447,-0.00415415689,2025-12-03T16:52:12.313916
9448,1,9448,-0.00415291497,2025-12-03T16:52:12.356272
9449,1,9449,-0.00415389146,2025-12-03T16:52:12.376184
9450,1,9450,-0.00415513617,2025-12-03T16:52:12.449126
9451,1,9451,-0.00415278365,2025-12-03T16:52:12.521930
9452,1,9452,-0.00414954451,2025-12-03T16:52:12.594655
9453,1,9453,-0.00415014242,2025-12-03T16:52:12.637012
9454,1,9454,-0.004153057,2025-12-03T16:52:12.679423
9455,1,9455,-0.00415361206,2025-12-03T16:52:12.752209
9456,1,9456,-0.004154786,2025-12-03T16:52:12.824940
9457,1,9457,-0.00415266398,2025-12-03T16:52:12.897543
9458,1,9458,-0.00415486842,2025-12-03T16:52:12.970261
9459,1,9459,-0.00415331218,2025-12-03T16:52:13.012753
9460,1,9460,-0.00415262859,2025-12-03T16:52:13.055222
9461,1,9461,-0.00415225932,2025-12-03T16:52:13.075062
9462,1,9462,-0.00415420392,2025-12-03T16:52:13.094888
9463,1,9463,-0.00415251962,2025-12-03T16:52:13.114659
9464,1,9464,-0.00415343511,2025-12-03T16:52:13.134518
9465,1,9465,-0.00415354873,2025-12-03T16:52:13.207712
9466,1,9466,-0.0041527152,2025-12-03T16:52:13.280457
9467,1,9467,-0.00415420113,2025-12-03T16:52:13.353069
9468,1,9468,-0.00415511988,2025-12-03T16:52:13.395606
9469,1,9469,-0.00415220484,2025-12-03T16:52:13.438032
9470,1,9470,-0.00415264721,2025-12-03T16:52:13.457846
9471,1,9471,-0.00415403535,2025-12-03T16:52:13.530886
9472,1,9472,-0.00414773542,2025-12-03T16:52:13.603537
9473,1,9473,-0.00415301043,2025-12-03T16:52:13.676355
9474,1,9474,-0.00415264256,2025-12-03T16:52:13.718776
9475,1,9475,-0.00415343604,2025-12-03T16:52:13.761218
9476,1,9476,-0.00415358087,2025-12-03T16:52:13.833936
9477,1,9477,-0.00415312731,2025-12-03T16:52:13.906628
9478,1,9478,-0.00415347702,2025-12-03T16:52:13.979409
9479,1,9479,-0.00415443582,2025-12-03T16:52:14.021659
9480,1,9480,-0.00415724143,2025-12-03T16:52:14.064215
9481,1,9481,-0.0041519897,2025-12-03T16:52:14.136938
9482,1,9482,-0.00415445072,2025-12-03T16:52:14.209665
9483,1,9483,-0.00415435759,2025-12-03T16:52:14.282409
9484,1,9484,-0.00415388401,2025-12-03T16:52:14.355101
9485,1,9485,-0.00415426725,2025-12-03T16:52:14.397472
9486,1,9486,-0.00415448285,2025-12-03T16:52:14.439961
9487,1,9487,-0.00415435433,2025-12-03T16:52:14.512518
9488,1,9488,-0.0041541229,2025-12-03T16:52:14.585352
9489,1,9489,-0.00415257737,2025-12-03T16:52:14.657977
9490,1,9490,-0.00415347469,2025-12-03T16:52:14.700509
9491,1,9491,-0.00415337178,2025-12-03T16:52:14.742937
9492,1,9492,-0.0041538407,2025-12-03T16:52:14.816674
9493,1,9493,-0.00415428727,2025-12-03T16:52:14.889438
9494,1,9494,-0.00415480509,2025-12-03T16:52:14.962162
9495,1,9495,-0.00415375782,2025-12-03T16:52:15.004582
9496,1,9496,-0.00415351381,2025-12-03T16:52:15.046931
9497,1,9497,-0.00415224814,2025-12-03T16:52:15.119689
9498,1,9498,-0.00415408425,2025-12-03T16:52:15.192356
9499,1,9499,-0.00415296619,2025-12-03T16:52:15.265101
9500,1,9500,-0.00415368145,2025-12-03T16:52:15.307456
9501,1,9501,-0.00415332242,2025-12-03T16:52:15.349880
9502,1,9502,-0.00415505515,2025-12-03T16:52:15.369628
9503,1,9503,-0.00415331637,2025-12-03T16:52:15.442921
9504,1,9504,-0.00415426306,2025-12-03T16:52:15.515502
9505,1,9505,-0.00415414664,2025-12-03T16:52:15.588210
9506,1,9506,-0.00415358832,2025-12-03T16:52:15.630689
9507,1,9507,-0.00415298156,2025-12-03T16:52:15.673181
9508,1,9508,-0.00415341276,2025-12-03T16:52:15.693084
9509,1,9509,-0.00415367214,2025-12-03T16:52:15.766035
9510,1,9510,-0.00415407586,2025-12-03T16:52:15.838774
9511,1,9511,-0.00415510917,2025-12-03T16:52:15.911542
9512,1,9512,-0.00415322277,2025-12-03T16:52:15.953920
9513,1,9513,-0.00415434269,2025-12-03T16:52:15.996333
9514,1,9514,-0.00415667612,2025-12-03T16:52:16.069078
9515,1,9515,-0.00415332196,2025-12-03T16:52:16.141786
9516,1,9516,-0.00415336247,2025-12-03T16:52:16.214516
9517,1,9517,-0.00415369682,2025-12-03T16:52:16.256969
9518,1,9518,-0.00415383232,2025-12-03T16:52:16.299377
9519,1,9519,-0.00415485398,2025-12-03T16:52:16.372067
9520,1,9520,-0.00415573362,2025-12-03T16:52:16.444708
9521,1,9521,-0.00415468495,2025-12-03T16:52:16.517574
9522,1,9522,-0.00415676133,2025-12-03T16:52:16.559965
9523,1,9523,-0.00415421929,2025-12-03T16:52:16.602281
9524,1,9524,-0.00415382394,2025-12-03T16:52:16.675059
9525,1,9525,-0.00415433337,2025-12-03T16:52:16.747737
9526,1,9526,-0.00415393291,2025-12-03T16:52:16.820458
9527,1,9527,-0.00415532942,2025-12-03T16:52:16.862864
9528,1,9528,-0.0041506025,2025-12-03T16:52:16.905270
9529,1,9529,-0.00415370753,2025-12-03T16:52:16.925143
9530,1,9530,-0.00415445258,2025-12-03T16:52:16.998252
9531,1,9531,-0.0041538584,2025-12-03T16:52:17.071024
9532,1,9532,-0.00415312638,2025-12-03T16:52:17.143623
9533,1,9533,-0.00415485212,2025-12-03T16:52:17.186129
9534,1,9534,-0.00415501743,2025-12-03T16:52:17.228576
9535,1,9535,-0.00415414804,2025-12-03T16:52:17.301269
9536,1,9536,-0.00415201857,2025-12-03T16:52:17.373975
9537,1,9537,-0.00415469938,2025-12-03T16:52:17.446695
9538,1,9538,-0.0041510812,2025-12-03T16:52:17.489177
9539,1,9539,-0.0041538272,2025-12-03T16:52:17.531572
9540,1,9540,-0.004152189,2025-12-03T16:52:17.604260
9541,1,9541,-0.00415425514,2025-12-03T16:52:17.677150
9542,1,9542,-0.00415378808,2025-12-03T16:52:17.749758
9543,1,9543,-0.00415433244,2025-12-03T16:52:17.792111
9544,1,9544,-0.0041531804,2025-12-03T16:52:17.835453
9545,1,9545,-0.00415240507,2025-12-03T16:52:17.855330
9546,1,9546,-0.00415449496,2025-12-03T16:52:17.928472
9547,1,9547,-0.00415382022,2025-12-03T16:52:18.001266
9548,1,9548,-0.00415268214,2025-12-03T16:52:18.073847
9549,1,9549,-0.00415278924,2025-12-03T16:52:18.116383
9550,1,9550,-0.00415260251,2025-12-03T16:52:18.158825
9551,1,9551,-0.00415289681,2025-12-03T16:52:18.231515
9552,1,9552,-0.00415213918,2025-12-03T16:52:18.304113
9553,1,9553,-0.00415196409,2025-12-03T16:52:18.376942
9554,1,9554,-0.00415395293,2025-12-03T16:52:18.419345
9555,1,9555,-0.00415502814,2025-12-03T16:52:18.461767
9556,1,9556,-0.00415278226,2025-12-03T16:52:18.481531
9557,1,9557,-0.00415161531,2025-12-03T16:52:18.554677
9558,1,9558,-0.00415311567,2025-12-03T16:52:18.637258
9559,1,9559,-0.00415346166,2025-12-03T16:52:18.700075
9560,1,9560,-0.00415262533,2025-12-03T16:52:18.742557
9561,1,9561,-0.00415356038,2025-12-03T16:52:18.785003
9562,1,9562,-0.00415180809,2025-12-03T16:52:18.857700
9563,1,9563,-0.00415447959,2025-12-03T16:52:18.930399
9564,1,9564,-0.00415303278,2025-12-03T16:52:19.003134
9565,1,9565,-0.00415446935,2025-12-03T16:52:19.045560
9566,1,9566,-0.00415222626,2025-12-03T16:52:19.087874
9567,1,9567,-0.00415352266,2025-12-03T16:52:19.107594
9568,1,9568,-0.00415489776,2025-12-03T16:52:19.180914
9569,1,9569,-0.0041522975,2025-12-03T16:52:19.253656
9570,1,9570,-0.00415370985,2025-12-03T16:52:19.326238
9571,1,9571,-0.00415470451,2025-12-03T16:52:19.368669
9572,1,9572,-0.00415332429,2025-12-03T16:52:19.411173
9573,1,9573,-0.00415404653,2025-12-03T16:52:19.430872
9574,1,9574,-0.00415418716,2025-12-03T16:52:19.450796
9575,1,9575,-0.00415353011,2025-12-03T16:52:19.470782
9576,1,9576,-0.00415255082,2025-12-03T16:52:19.490686
9577,1,9577,-0.0041529797,2025-12-03T16:52:19.563682
9578,1,9578,-0.0041528684,2025-12-03T16:52:19.636522
9579,1,9579,-0.0041537648,2025-12-03T16:52:19.709221
9580,1,9580,-0.0041526067,2025-12-03T16:52:19.751527
9581,1,9581,-0.0041531166,2025-12-03T16:52:19.793980
9582,1,9582,-0.00415435526,2025-12-03T16:52:19.813818
9583,1,9583,-0.00415210006,2025-12-03T16:52:19.886898
9584,1,9584,-0.00415405863,2025-12-03T16:52:19.959945
9585,1,9585,-0.00415245071,2025-12-03T16:52:20.032612
9586,1,9586,-0.00415167491,2025-12-03T16:52:20.105527
9587,1,9587,-0.00415349332,2025-12-03T16:52:20.148039
9588,1,9588,-0.00415144534,2025-12-03T16:52:20.190417
9589,1,9589,-0.00415432546,2025-12-03T16:52:20.262739
9590,1,9590,-0.00415360741,2025-12-03T16:52:20.335306
9591,1,9591,-0.00415315758,2025-12-03T16:52:20.408622
9592,1,9592,-0.00415366981,2025-12-03T16:52:20.450901
9593,1,9593,-0.00415251776,2025-12-03T16:52:20.492914
9594,1,9594,-0.00415259413,2025-12-03T16:52:20.565570
9595,1,9595,-0.00415352499,2025-12-03T16:52:20.638324
9596,1,9596,-0.00415401579,2025-12-03T16:52:20.711036
9597,1,9597,-0.0041534854,2025-12-03T16:52:20.753435
9598,1,9598,-0.00415417039,2025-12-03T16:52:20.795849
9599,1,9599,-0.00415187561,2025-12-03T16:52:20.868571
9600,1,9600,-0.00415178854,2025-12-03T16:52:20.941345
9601,1,9601,-0.00415785796,2025-12-03T16:52:21.014045
9602,1,9602,-0.00414930656,2025-12-03T16:52:21.056439
9603,1,9603,-0.00415164465,2025-12-03T16:52:21.098860
9604,1,9604,-0.0041519613,2025-12-03T16:52:21.118721
9605,1,9605,-0.00415219739,2025-12-03T16:52:21.191804
9606,1,9606,-0.00415303604,2025-12-03T16:52:21.264408
9607,1,9607,-0.0041513266,2025-12-03T16:52:21.337183
9608,1,9608,-0.00415389426,2025-12-03T16:52:21.379734
9609,1,9609,-0.00415047677,2025-12-03T16:52:21.422114
9610,1,9610,-0.00415237061,2025-12-03T16:52:21.494811
9611,1,9611,-0.00415063649,2025-12-03T16:52:21.567500
9612,1,9612,-0.00415099598,2025-12-03T16:52:21.640187
9613,1,9613,-0.00415087072,2025-12-03T16:52:21.682565
9614,1,9614,-0.00415096338,2025-12-03T16:52:21.725135
9615,1,9615,-0.00414947653,2025-12-03T16:52:21.745017
9616,1,9616,-0.00415071751,2025-12-03T16:52:21.817899
9617,1,9617,-0.00415098899,2025-12-03T16:52:21.890730
9618,1,9618,-0.00415183277,2025-12-03T16:52:21.963469
9619,1,9619,-0.00415071891,2025-12-03T16:52:22.005888
9620,1,9620,-0.00414943136,2025-12-03T16:52:22.048340
9621,1,9621,-0.00415004556,2025-12-03T16:52:22.120929
9622,1,9622,-0.00415161624,2025-12-03T16:52:22.193826
9623,1,9623,-0.00415150495,2025-12-03T16:52:22.266487
9624,1,9624,-0.00415224255,2025-12-03T16:52:22.308915
9625,1,9625,-0.0041514975,2025-12-03T16:52:22.351290
9626,1,9626,-0.00415087211,2025-12-03T16:52:22.424021
9627,1,9627,-0.00415189797,2025-12-03T16:52:22.496777
9628,1,9628,-0.00415089819,2025-12-03T16:52:22.569471
9629,1,9629,-0.00415347702,2025-12-03T16:52:22.611918
9630,1,9630,-0.0041517578,2025-12-03T16:52:22.654366
9631,1,9631,-0.00415045861,2025-12-03T16:52:22.674248
9632,1,9632,-0.00415118178,2025-12-03T16:52:22.747304
9633,1,9633,-0.00415162555,2025-12-03T16:52:22.819847
9634,1,9634,-0.00415195245,2025-12-03T16:52:22.892688
9635,1,9635,-0.0041510933,2025-12-03T16:52:22.935026
9636,1,9636,-0.00415026815,2025-12-03T16:52:22.977514
9637,1,9637,-0.00415130518,2025-12-03T16:52:23.051226
9638,1,9638,-0.0041524521,2025-12-03T16:52:23.123969
9639,1,9639,-0.00415407633,2025-12-03T16:52:23.196663
9640,1,9640,-0.00415308447,2025-12-03T16:52:23.239093
9641,1,9641,-0.00415311427,2025-12-03T16:52:23.281469
9642,1,9642,-0.00414867186,2025-12-03T16:52:23.354214
9643,1,9643,-0.00415082694,2025-12-03T16:52:23.426883
9644,1,9644,-0.00414958642,2025-12-03T16:52:23.499740
9645,1,9645,-0.00417638244,2025-12-03T16:52:23.542076
9646,1,9646,-0.0041454588,2025-12-03T16:52:23.584568
9647,1,9647,-0.00414691492,2025-12-03T16:52:23.604485
9648,1,9648,-0.00414886092,2025-12-03T16:52:23.677338
9649,1,9649,-0.00415068166,2025-12-03T16:52:23.750182
9650,1,9650,-0.0041501671,2025-12-03T16:52:23.822916
9651,1,9651,-0.00415109843,2025-12-03T16:52:23.865313
9652,1,9652,-0.00415151612,2025-12-03T16:52:23.907750
9653,1,9653,-0.00415094103,2025-12-03T16:52:23.980441
9654,1,9654,-0.00417538871,2025-12-03T16:52:24.053175
9655,1,9655,-0.00414879154,2025-12-03T16:52:24.125891
9656,1,9656,-0.00414993707,2025-12-03T16:52:24.168204
9657,1,9657,-0.00414997898,2025-12-03T16:52:24.210798
9658,1,9658,-0.00415109284,2025-12-03T16:52:24.284384
9659,1,9659,-0.00414991192,2025-12-03T16:52:24.357125
9660,1,9660,-0.00415107747,2025-12-03T16:52:24.429850
9661,1,9661,-0.00415004324,2025-12-03T16:52:24.472346
9662,1,9662,-0.0041502919,2025-12-03T16:52:24.514756
9663,1,9663,-0.00415019039,2025-12-03T16:52:24.534612
9664,1,9664,-0.0041513117,2025-12-03T16:52:24.607653
9665,1,9665,-0.00414633471,2025-12-03T16:52:24.680247
9666,1,9666,-0.00414812937,2025-12-03T16:52:24.753076
9667,1,9667,-0.00414997525,2025-12-03T16:52:24.795492
9668,1,9668,-0.0041494714,2025-12-03T16:52:24.837964
9669,1,9669,-0.00415100716,2025-12-03T16:52:24.910648
9670,1,9670,-0.00415094243,2025-12-03T16:52:24.983398
9671,1,9671,-0.00415065838,2025-12-03T16:52:25.056080
9672,1,9672,-0.00415113521,2025-12-03T16:52:25.098528
9673,1,9673,-0.00414899922,2025-12-03T16:52:25.140900
9674,1,9674,-0.00414888886,2025-12-03T16:52:25.160728
9675,1,9675,-0.0041499664,2025-12-03T16:52:25.233889
9676,1,9676,-0.00414948118,2025-12-03T16:52:25.306586
9677,1,9677,-0.00415025139,2025-12-03T16:52:25.379284
9678,1,9678,-0.00415092892,2025-12-03T16:52:25.421743
9679,1,9679,-0.00414909143,2025-12-03T16:52:25.464152
9680,1,9680,-0.00414984719,2025-12-03T16:52:25.536891
9681,1,9681,-0.0041473098,2025-12-03T16:52:25.609564
9682,1,9682,-0.00414450326,2025-12-03T16:52:25.682224
9683,1,9683,-0.00414456985,2025-12-03T16:52:25.724670
9684,1,9684,-0.00414479151,2025-12-03T16:52:25.767123
9685,1,9685,-0.00414630351,2025-12-03T16:52:25.839749
9686,1,9686,-0.00414712261,2025-12-03T16:52:25.912602
9687,1,9687,-0.00414821272,2025-12-03T16:52:25.985604
9688,1,9688,-0.00414742762,2025-12-03T16:52:26.027967
9689,1,9689,-0.00414677336,2025-12-03T16:52:26.070656
9690,1,9690,-0.00415454618,2025-12-03T16:52:26.143378
9691,1,9691,-0.00414694193,2025-12-03T16:52:26.216384
9692,1,9692,-0.0041457042,2025-12-03T16:52:26.288305
9693,1,9693,-0.00414643762,2025-12-03T16:52:26.330945
9694,1,9694,-0.00414536055,2025-12-03T16:52:26.373706
9695,1,9695,-0.0041451524,2025-12-03T16:52:26.393592
9696,1,9696,-0.00413636444,2025-12-03T16:52:26.467006
9697,1,9697,-0.00411851285,2025-12-03T16:52:26.539783
9698,1,9698,-0.00412103533,2025-12-03T16:52:26.612599
9699,1,9699,-0.00412146141,2025-12-03T16:52:26.654943
9700,1,9700,-0.00411795824,2025-12-03T16:52:26.697339
9701,1,9701,-0.00411810586,2025-12-03T16:52:26.717265
9702,1,9702,-0.00411922158,2025-12-03T16:52:26.790280
9703,1,9703,-0.00412076432,2025-12-03T16:52:26.863013
9704,1,9704,-0.00411778176,2025-12-03T16:52:26.935717
9705,1,9705,-0.00412069493,2025-12-03T16:52:26.978159
9706,1,9706,-0.00411882391,2025-12-03T16:52:27.020434
9707,1,9707,-0.00412077317,2025-12-03T16:52:27.093271
9708,1,9708,-0.00411429442,2025-12-03T16:52:27.166030
9709,1,9709,-0.00411429768,2025-12-03T16:52:27.208491
9710,1,9710,-0.00411697616,2025-12-03T16:52:27.250961
9711,1,9711,-0.00411750748,2025-12-03T16:52:27.270894
9712,1,9712,-0.00411798758,2025-12-03T16:52:27.343693
9713,1,9713,-0.00411852542,2025-12-03T16:52:27.416509
9714,1,9714,-0.0041175601,2025-12-03T16:52:27.489137
9715,1,9715,-0.00411814684,2025-12-03T16:52:27.531646
9716,1,9716,-0.00411846255,2025-12-03T16:52:27.574040
9717,1,9717,-0.00411707768,2025-12-03T16:52:27.593813
9718,1,9718,-0.00412083184,2025-12-03T16:52:27.666974
9719,1,9719,-0.00411781808,2025-12-03T16:52:27.739731
9720,1,9720,-0.00412056967,2025-12-03T16:52:27.812468
9721,1,9721,-0.00412089983,2025-12-03T16:52:27.854888
9722,1,9722,-0.00412090355,2025-12-03T16:52:27.897253
9723,1,9723,-0.00412122299,2025-12-03T16:52:27.969978
9724,1,9724,-0.00412149028,2025-12-03T16:52:28.042667
9725,1,9725,-0.00412181857,2025-12-03T16:52:28.115478
9726,1,9726,-0.00412315642,2025-12-03T16:52:28.157895
9727,1,9727,-0.00412386609,2025-12-03T16:52:28.200329
9728,1,9728,-0.00412542326,2025-12-03T16:52:28.272986
9729,1,9729,-0.00412638997,2025-12-03T16:52:28.345707
9730,1,9730,-0.00412526028,2025-12-03T16:52:28.418317
9731,1,9731,-0.0041228584,2025-12-03T16:52:28.460715
9732,1,9732,-0.00412345072,2025-12-03T16:52:28.503293
9733,1,9733,-0.00412169098,2025-12-03T16:52:28.523149
9734,1,9734,-0.00412426562,2025-12-03T16:52:28.596228
9735,1,9735,-0.00412277597,2025-12-03T16:52:28.668885
9736,1,9736,-0.00412500789,2025-12-03T16:52:28.741578
9737,1,9737,-0.00412293337,2025-12-03T16:52:28.783944
9738,1,9738,-0.00412220973,2025-12-03T16:52:28.826407
9739,1,9739,-0.00412333523,2025-12-03T16:52:28.899310
9740,1,9740,-0.00412238249,2025-12-03T16:52:28.971909
9741,1,9741,-0.00412269774,2025-12-03T16:52:29.044530
9742,1,9742,-0.00411961786,2025-12-03T16:52:29.086925
9743,1,9743,-0.00412325095,2025-12-03T16:52:29.129469
9744,1,9744,-0.00413006264,2025-12-03T16:52:29.149346
9745,1,9745,-0.00412048865,2025-12-03T16:52:29.222406
9746,1,9746,-0.00412136362,2025-12-03T16:52:29.295129
9747,1,9747,-0.00412341486,2025-12-03T16:52:29.367897
9748,1,9748,-0.00412247935,2025-12-03T16:52:29.440548
9749,1,9749,-0.00412185257,2025-12-03T16:52:29.482943
9750,1,9750,-0.00412345351,2025-12-03T16:52:29.525478
9751,1,9751,-0.00412332499,2025-12-03T16:52:29.545333
9752,1,9752,-0.00412255944,2025-12-03T16:52:29.565136
9753,1,9753,-0.00412084534,2025-12-03T16:52:29.585021
9754,1,9754,-0.00412125093,2025-12-03T16:52:29.604890
9755,1,9755,-0.00412152148,2025-12-03T16:52:29.677856
9756,1,9756,-0.00412127422,2025-12-03T16:52:29.750564
9757,1,9757,-0.00412117037,2025-12-03T16:52:29.823329
9758,1,9758,-0.00412102229,2025-12-03T16:52:29.865745
9759,1,9759,-0.00412098364,2025-12-03T16:52:29.908229
9760,1,9760,-0.00411936733,2025-12-03T16:52:29.982849
9761,1,9761,-0.00412091938,2025-12-03T16:52:30.055639
9762,1,9762,-0.00412311311,2025-12-03T16:52:30.128354
9763,1,9763,-0.00411847047,2025-12-03T16:52:30.170752
9764,1,9764,-0.00411907397,2025-12-03T16:52:30.213233
9765,1,9765,-0.00412072008,2025-12-03T16:52:30.285848
9766,1,9766,-0.00412127235,2025-12-03T16:52:30.358592
9767,1,9767,-0.00412172917,2025-12-03T16:52:30.431299
9768,1,9768,-0.00412170309,2025-12-03T16:52:30.473670
9769,1,9769,-0.00412069633,2025-12-03T16:52:30.542080
9770,1,9770,-0.00412083417,2025-12-03T16:52:30.606084
9771,1,9771,-0.00412047374,2025-12-03T16:52:30.678897
9772,1,9772,-0.00412153173,2025-12-03T16:52:30.721236
9773,1,9773,-0.00412138644,2025-12-03T16:52:30.763648
9774,1,9774,-0.00412151729,2025-12-03T16:52:30.783538
9775,1,9775,-0.00412114989,2025-12-03T16:52:30.803374
9776,1,9776,-0.00412237038,2025-12-03T16:52:30.875718
9777,1,9777,-0.00412213802,2025-12-03T16:52:30.948520
9778,1,9778,-0.00412191916,2025-12-03T16:52:31.021226
9779,1,9779,-0.00412154151,2025-12-03T16:52:31.063624
9780,1,9780,-0.0041214358,2025-12-03T16:52:31.105927
9781,1,9781,-0.00412234291,2025-12-03T16:52:31.125733
9782,1,9782,-0.00412223488,2025-12-03T16:52:31.199006
9783,1,9783,-0.00412168493,2025-12-03T16:52:31.271742
9784,1,9784,-0.00412418786,2025-12-03T16:52:31.344399
9785,1,9785,-0.00412382837,2025-12-03T16:52:31.387133
9786,1,9786,-0.00412471638,2025-12-03T16:52:31.429776
9787,1,9787,-0.00412561139,2025-12-03T16:52:31.502473
9788,1,9788,-0.00412475317,2025-12-03T16:52:31.575140
9789,1,9789,-0.00412697857,2025-12-03T16:52:31.647999
9790,1,9790,-0.00412242719,2025-12-03T16:52:31.690233
9791,1,9791,-0.00412169983,2025-12-03T16:52:31.732355
9792,1,9792,-0.004121467,2025-12-03T16:52:31.805578
9793,1,9793,-0.00411762529,2025-12-03T16:52:31.877670
9794,1,9794,-0.00412017293,2025-12-03T16:52:31.950404
9795,1,9795,-0.00411975895,2025-12-03T16:52:31.992892
9796,1,9796,-0.00411956151,2025-12-03T16:52:32.035230
9797,1,9797,-0.00412072334,2025-12-03T16:52:32.055094
9798,1,9798,-0.00412076851,2025-12-03T16:52:32.128156
9799,1,9799,-0.00412233266,2025-12-03T16:52:32.200757
9800,1,9800,-0.00412039132,2025-12-03T16:52:32.273580
9801,1,9801,-0.00412313314,2025-12-03T16:52:32.315997
9802,1,9802,-0.00412235874,2025-12-03T16:52:32.358480
9803,1,9803,-0.00411758758,2025-12-03T16:52:32.432132
9804,1,9804,-0.00412112334,2025-12-03T16:52:32.504891
9805,1,9805,-0.004121962,2025-12-03T16:52:32.577581
9806,1,9806,-0.00412347307,2025-12-03T16:52:32.620036
9807,1,9807,-0.00412287656,2025-12-03T16:52:32.662389
9808,1,9808,-0.00412225397,2025-12-03T16:52:32.682251
9809,1,9809,-0.0041217152,2025-12-03T16:52:32.755387
9810,1,9810,-0.00411667395,2025-12-03T16:52:32.828105
9811,1,9811,-0.00411753263,2025-12-03T16:52:32.870423
9812,1,9812,-0.00411958852,2025-12-03T16:52:32.912983
9813,1,9813,-0.00411914708,2025-12-03T16:52:32.932719
9814,1,9814,-0.00412115128,2025-12-03T16:52:33.005894
9815,1,9815,-0.00412087561,2025-12-03T16:52:33.078620
9816,1,9816,-0.0041208188,2025-12-03T16:52:33.151173
9817,1,9817,-0.00412088399,2025-12-03T16:52:33.193705
9818,1,9818,-0.00412020739,2025-12-03T16:52:33.236046
9819,1,9819,-0.00412087934,2025-12-03T16:52:33.308944
9820,1,9820,-0.00412118993,2025-12-03T16:52:33.381539
9821,1,9821,-0.00411957129,2025-12-03T16:52:33.454295
9822,1,9822,-0.00412055384,2025-12-03T16:52:33.496731
9823,1,9823,-0.00412238109,2025-12-03T16:52:33.539151
9824,1,9824,-0.00411979248,2025-12-03T16:52:33.611770
9825,1,9825,-0.0041198316,2025-12-03T16:52:33.684602
9826,1,9826,-0.00412127654,2025-12-03T16:52:33.757290
9827,1,9827,-0.00413036346,2025-12-03T16:52:33.799723
9828,1,9828,-0.00412126863,2025-12-03T16:52:33.842089
9829,1,9829,-0.00412161089,2025-12-03T16:52:33.915893
9830,1,9830,-0.00411969888,2025-12-03T16:52:33.988604
9831,1,9831,-0.00412134081,2025-12-03T16:52:34.061277
9832,1,9832,-0.00411962484,2025-12-03T16:52:34.103815
9833,1,9833,-0.00412123184,2025-12-03T16:52:34.146086
9834,1,9834,-0.00412095896,2025-12-03T16:52:34.166006
9835,1,9835,-0.00412071496,2025-12-03T16:52:34.239107
9836,1,9836,-0.00412634946,2025-12-03T16:52:34.311738
9837,1,9837,-0.00412088772,2025-12-03T16:52:34.384533
9838,1,9838,-0.00412071356,2025-12-03T16:52:34.426852
9839,1,9839,-0.00411965278,2025-12-03T16:52:34.469354
9840,1,9840,-0.00412026559,2025-12-03T16:52:34.489170
9841,1,9841,-0.00412089889,2025-12-03T16:52:34.562264
9842,1,9842,-0.00412118341,2025-12-03T16:52:34.634971
9843,1,9843,-0.00412086024,2025-12-03T16:52:34.707697
9844,1,9844,-0.00412127608,2025-12-03T16:52:34.750120
9845,1,9845,-0.00412025302,2025-12-03T16:52:34.792521
9846,1,9846,-0.00412014964,2025-12-03T16:52:34.865253
9847,1,9847,-0.00412086118,2025-12-03T16:52:34.937974
9848,1,9848,-0.00412285653,2025-12-03T16:52:35.010796
9849,1,9849,-0.0041222414,2025-12-03T16:52:35.053128
9850,1,9850,-0.00412365281,2025-12-03T16:52:35.095587
9851,1,9851,-0.00412202905,2025-12-03T16:52:35.168287
9852,1,9852,-0.00412212312,2025-12-03T16:52:35.240969
9853,1,9853,-0.00412633968,2025-12-03T16:52:35.313824
9854,1,9854,-0.00412030704,2025-12-03T16:52:35.356146
9855,1,9855,-0.00412048725,2025-12-03T16:52:35.398555
9856,1,9856,-0.00412098271,2025-12-03T16:52:35.418500
9857,1,9857,-0.00411961739,2025-12-03T16:52:35.491462
9858,1,9858,-0.00412136549,2025-12-03T16:52:35.564218
9859,1,9859,-0.00412125466,2025-12-03T16:52:35.636852
9860,1,9860,-0.0041219783,2025-12-03T16:52:35.679227
9861,1,9861,-0.00412113498,2025-12-03T16:52:35.721782
9862,1,9862,-0.00412300229,2025-12-03T16:52:35.741635
9863,1,9863,-0.00412753084,2025-12-03T16:52:35.814630
9864,1,9864,-0.00412055011,2025-12-03T16:52:35.887474
9865,1,9865,-0.00412209099,2025-12-03T16:52:35.929862
9866,1,9866,-0.00412051379,2025-12-03T16:52:35.972254
9867,1,9867,-0.00412268284,2025-12-03T16:52:36.044942
9868,1,9868,-0.00412312522,2025-12-03T16:52:36.117690
9869,1,9869,-0.00412274571,2025-12-03T16:52:36.190441
9870,1,9870,-0.00412354944,2025-12-03T16:52:36.232966
9871,1,9871,-0.00412278249,2025-12-03T16:52:36.275232
9872,1,9872,-0.00412144046,2025-12-03T16:52:36.348988
9873,1,9873,-0.00412288121,2025-12-03T16:52:36.421779
9874,1,9874,-0.00412219855,2025-12-03T16:52:36.494513
9875,1,9875,-0.00412250682,2025-12-03T16:52:36.536785
9876,1,9876,-0.00412255944,2025-12-03T16:52:36.579300
9877,1,9877,-0.00412204395,2025-12-03T16:52:36.599181
9878,1,9878,-0.00412259064,2025-12-03T16:52:36.672277
9879,1,9879,-0.0041252193,2025-12-03T16:52:36.745075
9880,1,9880,-0.00412033358,2025-12-03T16:52:36.817666
9881,1,9881,-0.00411893287,2025-12-03T16:52:36.859968
9882,1,9882,-0.00412054872,2025-12-03T16:52:36.902541
9883,1,9883,-0.00412066467,2025-12-03T16:52:36.922357
9884,1,9884,-0.00412265723,2025-12-03T16:52:36.995447
9885,1,9885,-0.00412286305,2025-12-03T16:52:37.068137
9886,1,9886,-0.00412104371,2025-12-03T16:52:37.140951
9887,1,9887,-0.00412310706,2025-12-03T16:52:37.183309
9888,1,9888,-0.00412301393,2025-12-03T16:52:37.225652
9889,1,9889,-0.00412345025,2025-12-03T16:52:37.298345
9890,1,9890,-0.00412695761,2025-12-03T16:52:37.371154
9891,1,9891,-0.00413271412,2025-12-03T16:52:37.443933
9892,1,9892,-0.00412732176,2025-12-03T16:52:37.486304
9893,1,9893,-0.00413183588,2025-12-03T16:52:37.528771
9894,1,9894,-0.00412834901,2025-12-03T16:52:37.601406
9895,1,9895,-0.00412807334,2025-12-03T16:52:37.674071
9896,1,9896,-0.00412877695,2025-12-03T16:52:37.746841
9897,1,9897,-0.0041269795,2025-12-03T16:52:37.789293
9898,1,9898,-0.00412754854,2025-12-03T16:52:37.831704
9899,1,9899,-0.00412888545,2025-12-03T16:52:37.851580
9900,1,9900,-0.00412611803,2025-12-03T16:52:37.924658
9901,1,9901,-0.00413020234,2025-12-03T16:52:37.997264
9902,1,9902,-0.00412966217,2025-12-03T16:52:38.070109
9903,1,9903,-0.0041306219,2025-12-03T16:52:38.112438
9904,1,9904,-0.00412991596,2025-12-03T16:52:38.154928
9905,1,9905,-0.00413101026,2025-12-03T16:52:38.227651
9906,1,9906,-0.00412611151,2025-12-03T16:52:38.300304
9907,1,9907,-0.00412664189,2025-12-03T16:52:38.373000
9908,1,9908,-0.00412787124,2025-12-03T16:52:38.415447
9909,1,9909,-0.00412406399,2025-12-03T16:52:38.457932
9910,1,9910,-0.00412596669,2025-12-03T16:52:38.532646
9911,1,9911,-0.00412718812,2025-12-03T16:52:38.605406
9912,1,9912,-0.0041304212,2025-12-03T16:52:38.678027
9913,1,9913,-0.00412995228,2025-12-03T16:52:38.720452
9914,1,9914,-0.00412877555,2025-12-03T16:52:38.762905
9915,1,9915,-0.00412838952,2025-12-03T16:52:38.782895
9916,1,9916,-0.00412587961,2025-12-03T16:52:38.855828
9917,1,9917,-0.00412924122,2025-12-03T16:52:38.928591
9918,1,9918,-0.00412263115,2025-12-03T16:52:39.001264
9919,1,9919,-0.00412412127,2025-12-03T16:52:39.043729
9920,1,9920,-0.00412457808,2025-12-03T16:52:39.086205
9921,1,9921,-0.00412976089,2025-12-03T16:52:39.158841
9922,1,9922,-0.00412758812,2025-12-03T16:52:39.231595
9923,1,9923,-0.00412834249,2025-12-03T16:52:39.304295
9924,1,9924,-0.00413228571,2025-12-03T16:52:39.346629
9925,1,9925,-0.00412912806,2025-12-03T16:52:39.389043
9926,1,9926,-0.00412801373,2025-12-03T16:52:39.408936
9927,1,9927,-0.00412479089,2025-12-03T16:52:39.482008
9928,1,9928,-0.00412639789,2025-12-03T16:52:39.554816
9929,1,9929,-0.00413031736,2025-12-03T16:52:39.627371
9930,1,9930,-0.00412728497,2025-12-03T16:52:39.669897
9931,1,9931,-0.00412838067,2025-12-03T16:52:39.712481
9932,1,9932,-0.0041314233,2025-12-03T16:52:39.785093
9933,1,9933,-0.00412882631,2025-12-03T16:52:39.857698
9934,1,9934,-0.00412897765,2025-12-03T16:52:39.930535
9935,1,9935,-0.00412658043,2025-12-03T16:52:40.003225
9936,1,9936,-0.00413154065,2025-12-03T16:52:40.045678
9937,1,9937,-0.00413059908,2025-12-03T16:52:40.088038
9938,1,9938,-0.0041298042,2025-12-03T16:52:40.107862
9939,1,9939,-0.00413002911,2025-12-03T16:52:40.127681
9940,1,9940,-0.00412779394,2025-12-03T16:52:40.147536
9941,1,9941,-0.00412831874,2025-12-03T16:52:40.167369
9942,1,9942,-0.00413036812,2025-12-03T16:52:40.240559
9943,1,9943,-0.00412944285,2025-12-03T16:52:40.313268
9944,1,9944,-0.00413020234,2025-12-03T16:52:40.386021
9945,1,9945,-0.00413027172,2025-12-03T16:52:40.428531
9946,1,9946,-0.00412713456,2025-12-03T16:52:40.470799
9947,1,9947,-0.0041273483,2025-12-03T16:52:40.543597
9948,1,9948,-0.00412947591,2025-12-03T16:52:40.616295
9949,1,9949,-0.00412922678,2025-12-03T16:52:40.688981
9950,1,9950,-0.00412939162,2025-12-03T16:52:40.731443
9951,1,9951,-0.00412639416,2025-12-03T16:52:40.773942
9952,1,9952,-0.00412782188,2025-12-03T16:52:40.793729
9953,1,9953,-0.0041271965,2025-12-03T16:52:40.866703
9954,1,9954,-0.00413491996,2025-12-03T16:52:40.939853
9955,1,9955,-0.00413136603,2025-12-03T16:52:41.012212
9956,1,9956,-0.00412974553,2025-12-03T16:52:41.054661
9957,1,9957,-0.00413296138,2025-12-03T16:52:41.096990
9958,1,9958,-0.00413265125,2025-12-03T16:52:41.169779
9959,1,9959,-0.00412850221,2025-12-03T16:52:41.242520
9960,1,9960,-0.00413392856,2025-12-03T16:52:41.315223
9961,1,9961,-0.00413026753,2025-12-03T16:52:41.357642
9962,1,9962,-0.00413117418,2025-12-03T16:52:41.399995
9963,1,9963,-0.00413187267,2025-12-03T16:52:41.419853
9964,1,9964,-0.004130729,2025-12-03T16:52:41.492961
9965,1,9965,-0.00413080863,2025-12-03T16:52:41.565707
9966,1,9966,-0.00412975484,2025-12-03T16:52:41.638406
9967,1,9967,-0.00413092086,2025-12-03T16:52:41.680911
9968,1,9968,-0.00412896834,2025-12-03T16:52:41.723163
9969,1,9969,-0.00413373578,2025-12-03T16:52:41.795952
9970,1,9970,-0.00412822235,2025-12-03T16:52:41.868749
9971,1,9971,-0.00413543544,2025-12-03T16:52:41.941397
9972,1,9972,-0.00412783958,2025-12-03T16:52:41.983939
9973,1,9973,-0.00412922957,2025-12-03T16:52:42.026253
9974,1,9974,-0.00413100887,2025-12-03T16:52:42.099957
9975,1,9975,-0.00412907451,2025-12-03T16:52:42.172652
9976,1,9976,-0.00413102237,2025-12-03T16:52:42.245348
9977,1,9977,-0.00412950897,2025-12-03T16:52:42.287813
9978,1,9978,-0.00413127476,2025-12-03T16:52:42.330266
9979,1,9979,-0.00413082446,2025-12-03T16:52:42.350184
9980,1,9980,-0.00412718858,2025-12-03T16:52:42.423183
9981,1,9981,-0.00412967801,2025-12-03T16:52:42.495937
9982,1,9982,-0.00413075229,2025-12-03T16:52:42.568644
9983,1,9983,-0.00413224194,2025-12-03T16:52:42.611091
9984,1,9984,-0.00413201609,2025-12-03T16:52:42.653525
9985,1,9985,-0.00412907544,2025-12-03T16:52:42.726161
9986,1,9986,-0.00413098186,2025-12-03T16:52:42.798882
9987,1,9987,-0.00413342379,2025-12-03T16:52:42.871611
9988,1,9988,-0.00413471413,2025-12-03T16:52:42.913913
9989,1,9989,-0.00413274532,2025-12-03T16:52:42.956410
9990,1,9990,-0.00413090223,2025-12-03T16:52:42.976294
9991,1,9991,-0.00413157651,2025-12-03T16:52:43.049369
9992,1,9992,-0.00413349783,2025-12-03T16:52:43.122100
9993,1,9993,-0.00413470296,2025-12-03T16:52:43.194793
9994,1,9994,-0.00412998581,2025-12-03T16:52:43.237299
9995,1,9995,-0.00413212366,2025-12-03T16:52:43.279658
9996,1,9996,-0.00413075042,2025-12-03T16:52:43.352393
9997,1,9997,-0.00413035741,2025-12-03T16:52:43.425136
9998,1,9998,-0.00413029687,2025-12-03T16:52:43.497823
9999,1,9999,-0.00412805425,2025-12-03T16:52:43.540348
10000,1,10000,-0.00412839185,2025-12-03T16:52:43.582711
10001,1,10001,-0.00412925845,2025-12-03T16:52:43.655428
10002,1,10002,-0.00413172319,2025-12-03T16:52:43.728134
10003,1,10003,-0.00413251481,2025-12-03T16:52:43.800780
10004,1,10004,-0.00412523327,2025-12-03T16:52:43.843173
10005,1,10005,-0.00412849616,2025-12-03T16:52:43.885603
10006,1,10006,-0.00413028383,2025-12-03T16:52:43.905373
10007,1,10007,-0.00415652198,2025-12-03T16:52:43.978757
10008,1,10008,-0.00412735901,2025-12-03T16:52:44.051355
