Timestamp,Sample,Ciclo,Fase,TIVA Voltage (V),TIVA Voltage w/FPB(V),KEITHLEY Voltage (V),TIVA Temp (C),Alicat Presion (kPA),Alicat Setpoint (kPA),Setpoint Enviado (kPA)
17:18:54,1,1,subida,-0.007455,-0.007454,-0.007452,10.670000,0.0,0.001,0.0
17:18:54,2,1,subida,-0.007455,-0.007454,-0.007452,10.670000,0.0,0.001,0.0
17:18:55,3,1,subida,-0.007454,-0.007454,-0.007454,10.670000,0.0,0.001,0.0
17:18:55,4,1,subida,-0.007453,-0.007454,-0.007454,10.670000,0.0,0.001,0.0
17:18:55,5,1,subida,-0.007453,-0.007454,-0.007452,10.670000,0.0,0.001,0.0
17:18:55,6,1,subida,-0.007455,-0.007454,-0.007453,10.670000,0.001,0.0,0.0
17:18:55,7,1,subida,-0.007455,-0.007454,-0.007452,10.670000,0.0,0.001,0.0
17:18:55,8,1,subida,-0.007454,-0.007454,-0.007453,10.670000,0.0,0.001,0.0
17:18:55,9,1,subida,-0.007454,-0.007454,-0.007454,10.670000,0.0,0.001,0.0
17:18:55,10,1,subida,-0.007454,-0.007454,-0.007453,10.670000,0.0,0.001,0.0
17:18:55,11,1,subida,-0.007453,-0.007454,-0.007453,10.670000,0.0,0.001,0.0
17:18:55,12,1,subida,-0.007452,-0.007454,-0.007449,10.670000,0.0,0.001,0.0
17:18:55,13,1,subida,-0.007452,-0.007454,-0.007449,10.670000,0.0,0.001,0.0
17:18:55,14,1,subida,-0.007452,-0.007453,-0.007449,10.670000,0.001,0.0,0.0
17:18:55,15,1,subida,-0.007452,-0.007453,-0.007450,10.670000,0.0,0.001,0.0
17:18:55,16,1,subida,-0.007453,-0.007453,-0.007449,10.670000,0.0,0.001,0.0
17:18:55,17,1,subida,-0.007453,-0.007453,-0.007449,10.670000,0.0,0.001,0.0
17:18:55,18,1,subida,-0.007454,-0.007453,-0.007450,10.670000,0.0,0.001,0.0
17:18:55,19,1,subida,-0.007454,-0.007453,-0.007451,10.670000,0.0,0.001,0.0
17:18:55,20,1,subida,-0.007453,-0.007453,-0.007452,10.670000,0.0,0.001,0.0
17:18:55,21,1,subida,-0.007453,-0.007453,-0.007451,10.670000,0.0,0.001,0.0
17:18:55,22,1,subida,-0.007455,-0.007453,-0.007455,10.670000,0.0,0.001,0.0
17:18:55,23,1,subida,-0.007455,-0.007454,-0.007457,10.670000,0.0,0.001,0.0
17:18:55,24,1,subida,-0.007455,-0.007454,-0.007458,10.670000,0.0,0.001,0.0
17:18:56,25,1,subida,-0.007455,-0.007454,-0.007456,10.670000,0.0,0.001,0.0
17:18:56,26,1,subida,-0.007456,-0.007454,-0.007458,10.670000,0.0,0.001,0.0
17:18:56,27,1,subida,-0.007456,-0.007454,-0.007457,10.670000,0.0,0.001,0.0
17:18:56,28,1,subida,-0.007456,-0.007455,-0.007455,10.670000,0.0,0.001,0.0
17:18:56,29,1,subida,-0.007455,-0.007455,-0.007454,10.670000,0.0,0.001,0.0
17:18:56,30,1,subida,-0.007453,-0.007454,-0.007455,10.670000,0.0,0.001,0.0
17:18:56,31,1,subida,-0.007452,-0.007454,-0.007456,10.670000,0.0,0.001,0.0
17:18:56,32,1,subida,-0.007452,-0.007454,-0.007456,10.670000,0.0,0.001,0.0
17:18:56,33,1,subida,-0.007452,-0.007454,-0.007453,10.670000,0.0,0.001,0.0
17:18:56,34,1,subida,-0.007452,-0.007454,-0.007453,10.670000,0.0,0.001,0.0
17:18:56,35,1,subida,-0.007454,-0.007454,-0.007453,10.670000,0.0,0.001,0.0
17:18:56,36,1,subida,-0.007455,-0.007454,-0.007455,10.670000,0.001,0.0,0.0
17:18:56,37,1,subida,-0.007455,-0.007454,-0.007455,10.670000,0.0,0.001,0.0
17:18:56,38,1,subida,-0.007455,-0.007454,-0.007453,10.670000,0.0,0.001,0.0
17:18:56,39,1,subida,-0.007457,-0.007454,-0.007452,10.670000,0.0,0.001,0.0
17:18:56,40,1,subida,-0.007459,-0.007455,-0.007451,10.670000,0.0,0.001,0.0
17:18:56,41,1,subida,-0.007460,-0.007455,-0.007450,10.670000,0.0,0.001,0.0
17:18:56,42,1,subida,-0.007460,-0.007456,-0.007450,10.670000,0.0,0.001,0.0
17:18:56,43,1,subida,-0.007460,-0.007456,-0.007450,10.670000,0.0,0.001,0.0
17:18:56,44,1,subida,-0.007460,-0.007456,-0.007452,10.670000,0.001,0.0,0.0
17:18:56,45,1,subida,-0.007459,-0.007457,-0.007451,10.670000,0.0,0.001,0.0
17:18:56,46,1,subida,-0.007458,-0.007457,-0.007452,10.670000,0.0,0.001,0.0
17:18:56,47,1,subida,-0.007458,-0.007457,-0.007453,10.670000,0.0,0.001,0.0
17:18:56,48,1,subida,-0.007458,-0.007457,-0.007454,10.670000,0.0,0.002,0.0
17:18:56,49,1,subida,-0.007457,-0.007457,-0.007454,10.670000,0.0,0.001,0.0
17:18:56,50,1,subida,-0.007457,-0.007457,-0.007453,10.670000,0.0,0.001,0.0
17:18:56,51,1,subida,-0.007457,-0.007457,-0.007452,10.670000,0.0,0.001,0.0
17:18:57,52,1,subida,-0.007457,-0.007457,-0.007451,10.670000,0.0,0.001,0.0
17:18:57,53,1,subida,-0.007455,-0.007457,-0.007452,10.670000,0.0,0.001,0.0
17:18:57,54,1,subida,-0.007454,-0.007457,-0.007452,10.670000,0.0,0.001,0.0
17:18:57,55,1,subida,-0.007453,-0.007456,-0.007453,10.670000,0.0,0.001,0.0
17:18:57,56,1,subida,-0.007454,-0.007456,-0.007451,10.670000,0.0,0.001,0.0
17:18:57,57,1,subida,-0.007455,-0.007456,-0.007452,10.670000,0.0,0.002,0.0
17:18:57,58,1,subida,-0.007456,-0.007456,-0.007452,10.670000,0.0,0.001,0.0
17:18:57,59,1,subida,-0.007457,-0.007456,-0.007452,10.670000,0.0,0.001,0.0
17:18:57,60,1,subida,-0.007456,-0.007456,-0.007452,10.670000,0.0,0.001,0.0
17:18:57,61,1,subida,-0.007456,-0.007456,-0.007452,10.670000,0.0,0.001,0.0
17:18:57,62,1,subida,-0.007456,-0.007456,-0.007451,10.670000,0.0,0.002,0.0
17:18:57,63,1,subida,-0.007455,-0.007456,-0.007450,10.670000,0.0,0.001,0.0
17:18:57,64,1,subida,-0.007455,-0.007456,-0.007453,10.670000,0.0,0.001,0.0
17:18:57,65,1,subida,-0.007455,-0.007456,-0.007454,10.670000,0.0,0.001,0.0
17:18:57,66,1,subida,-0.007454,-0.007456,-0.007453,10.670000,0.0,0.001,0.0
17:18:57,67,1,subida,-0.007455,-0.007455,-0.007453,10.670000,0.0,0.001,0.0
17:18:57,68,1,subida,-0.007455,-0.007455,-0.007455,10.670000,0.0,0.001,0.0
17:18:57,69,1,subida,-0.007455,-0.007455,-0.007454,10.670000,0.0,0.001,0.0
17:18:57,70,1,subida,-0.007455,-0.007455,-0.007452,10.670000,0.0,0.001,0.0
17:18:57,71,1,subida,-0.007455,-0.007455,-0.007451,10.670000,0.0,0.001,0.0
17:18:57,72,1,subida,-0.007454,-0.007455,-0.007452,10.670000,0.0,0.001,0.0
17:18:57,73,1,subida,-0.007455,-0.007455,-0.007453,10.670000,0.0,0.001,0.0
17:18:58,74,1,subida,-0.007456,-0.007455,-0.007452,10.670000,0.0,0.001,0.0
17:18:58,75,1,subida,-0.007457,-0.007455,-0.007454,10.670000,0.0,0.001,0.0
17:18:58,76,1,subida,-0.007457,-0.007456,-0.007452,10.670000,0.0,0.001,0.0
17:18:58,77,1,subida,-0.007457,-0.007456,-0.007452,10.670000,0.0,0.001,0.0
17:18:58,78,1,subida,-0.007457,-0.007456,-0.007451,10.670000,0.001,0.0,0.0
17:18:58,79,1,subida,-0.007456,-0.007456,-0.007450,10.670000,0.0,0.001,0.0
17:18:58,80,1,subida,-0.007455,-0.007456,-0.007453,10.670000,0.0,0.001,0.0
17:18:58,81,1,subida,-0.007455,-0.007456,-0.007453,10.670000,0.0,0.001,0.0
17:18:58,82,1,subida,-0.007455,-0.007456,-0.007453,10.670000,0.0,0.001,0.0
17:18:58,83,1,subida,-0.007456,-0.007456,-0.007452,10.670000,0.001,0.0,0.0
17:18:58,84,1,subida,-0.007456,-0.007456,-0.007453,10.670000,0.0,0.001,0.0
17:18:58,85,1,subida,-0.007456,-0.007456,-0.007452,10.670000,0.0,0.001,0.0
17:18:58,86,1,subida,-0.007455,-0.007456,-0.007451,10.670000,0.0,0.001,0.0
17:18:58,87,1,subida,-0.007455,-0.007456,-0.007450,10.670000,0.0,0.001,0.0
17:18:58,88,1,subida,-0.007455,-0.007456,-0.007451,10.670000,0.0,0.001,0.0
17:18:58,89,1,subida,-0.007455,-0.007455,-0.007452,10.670000,0.0,0.001,0.0
17:18:58,90,1,subida,-0.007456,-0.007456,-0.007451,10.670000,0.001,0.0,0.0
17:18:58,91,1,subida,-0.007457,-0.007456,-0.007452,10.670000,0.0,0.001,0.0
17:18:58,92,1,subida,-0.007456,-0.007456,-0.007451,10.670000,0.001,0.0,0.0
17:18:58,93,1,subida,-0.007455,-0.007456,-0.007451,10.670000,0.0,0.001,0.0
17:18:58,94,1,subida,-0.007454,-0.007456,-0.007450,10.670000,0.0,0.001,0.0
17:18:59,95,1,subida,-0.007454,-0.007455,-0.007451,10.670000,0.0,0.001,0.0
17:18:59,96,1,subida,-0.007454,-0.007455,-0.007450,10.670000,0.0,0.001,0.0
17:18:59,97,1,subida,-0.007455,-0.007455,-0.007453,10.670000,0.0,0.001,0.0
17:18:59,98,1,subida,-0.007455,-0.007455,-0.007453,10.670000,0.0,0.001,0.0
17:18:59,99,1,subida,-0.007455,-0.007455,-0.007453,10.670000,0.001,0.0,0.0
17:18:59,100,1,subida,-0.007455,-0.007455,-0.007452,10.670000,0.0,0.001,0.0
17:18:59,101,1,subida,-0.007454,-0.007455,-0.007451,10.670000,0.001,0.0,0.0
17:18:59,102,1,subida,-0.007453,-0.007455,-0.007448,10.670000,0.0,0.001,0.0
17:18:59,103,1,subida,-0.007453,-0.007455,-0.007450,10.670000,0.0,0.001,0.0
17:18:59,104,1,subida,-0.007454,-0.007455,-0.007451,10.670000,0.0,0.001,0.0
17:18:59,105,1,subida,-0.007456,-0.007455,-0.007448,10.670000,0.0,0.001,0.0
17:18:59,106,1,subida,-0.007457,-0.007455,-0.007448,10.670000,0.0,0.001,0.0
17:18:59,107,1,subida,-0.007457,-0.007455,-0.007449,10.670000,0.0,0.001,0.0
17:18:59,108,1,subida,-0.007456,-0.007455,-0.007451,10.670000,0.0,0.001,0.0
17:18:59,109,1,subida,-0.007454,-0.007455,-0.007451,10.670000,0.0,0.001,0.0
17:18:59,111,1,subida,-0.007454,-0.007455,-0.007452,10.670000,0.0,0.001,0.0
17:18:59,112,1,subida,-0.007454,-0.007455,-0.007451,10.670000,0.0,0.001,0.0
17:18:59,113,1,subida,-0.007453,-0.007455,-0.007451,10.670000,0.0,0.001,0.0
17:18:59,114,1,subida,-0.007453,-0.007454,-0.007450,10.670000,0.0,0.001,0.0
17:18:59,115,1,subida,-0.007452,-0.007454,-0.007450,10.670000,0.001,0.0,0.0
17:19:00,116,1,subida,-0.007454,-0.007454,-0.007452,10.670000,0.0,0.001,0.0
17:19:00,117,1,subida,-0.007454,-0.007454,-0.007450,10.670000,0.0,0.001,0.0
17:19:00,118,1,subida,-0.007455,-0.007454,-0.007450,10.670000,0.0,0.001,0.0
17:19:00,119,1,subida,-0.007455,-0.007454,-0.007450,10.670000,0.0,0.001,0.0
17:19:00,120,1,subida,-0.007454,-0.007454,-0.007450,10.670000,0.0,0.001,0.0
17:19:00,121,1,subida,-0.007453,-0.007454,-0.007450,10.670000,0.0,0.001,0.0
17:19:00,122,1,subida,-0.007453,-0.007454,-0.007448,10.670000,0.0,0.001,0.0
17:19:00,123,1,subida,-0.007454,-0.007454,-0.007449,10.670000,0.0,0.001,0.0
17:19:00,124,1,subida,-0.007454,-0.007454,-0.007450,10.670000,0.0,0.001,0.0
17:19:00,125,1,subida,-0.007453,-0.007454,-0.007449,10.670000,0.0,0.001,0.0
17:19:00,126,1,subida,-0.007453,-0.007454,-0.007450,10.670000,0.0,0.001,0.0
17:19:00,127,1,subida,-0.007453,-0.007454,-0.007451,10.670000,0.0,0.001,0.0
17:19:00,128,1,subida,-0.007454,-0.007454,-0.007450,10.670000,0.0,0.001,0.0
17:19:00,129,1,subida,-0.007454,-0.007454,-0.007450,10.670000,0.0,0.001,0.0
17:19:00,130,1,subida,-0.007453,-0.007454,-0.007450,10.670000,0.0,0.001,0.0
17:19:00,131,1,subida,-0.007453,-0.007454,-0.007451,10.670000,0.0,0.001,0.0
17:19:00,132,1,subida,-0.007452,-0.007453,-0.007450,10.670000,0.0,0.001,0.0
17:19:00,133,1,subida,-0.007453,-0.007453,-0.007451,10.670000,0.0,0.001,0.0
17:19:00,134,1,subida,-0.007454,-0.007453,-0.007451,10.670000,0.0,0.001,0.0
17:19:01,135,1,subida,-0.007454,-0.007453,-0.007452,10.670000,0.0,0.001,0.0
17:19:01,136,1,subida,-0.007454,-0.007454,-0.007453,10.670000,0.0,0.001,0.0
17:19:01,137,1,subida,-0.007454,-0.007454,-0.007451,10.670000,0.0,0.001,0.0
17:19:01,138,1,subida,-0.007454,-0.007454,-0.007451,10.670000,0.0,0.001,0.0
17:19:01,139,1,subida,-0.007454,-0.007454,-0.007450,10.670000,0.0,0.001,0.0
17:19:01,140,1,subida,-0.007455,-0.007454,-0.007451,10.670000,0.0,0.001,0.0
17:19:01,141,1,subida,-0.007455,-0.007454,-0.007453,10.670000,0.0,0.001,0.0
17:19:01,142,1,subida,-0.007455,-0.007454,-0.007452,10.670000,0.0,0.001,0.0
17:19:01,143,1,subida,-0.007455,-0.007454,-0.007451,10.670000,0.0,0.001,0.0
17:19:01,144,1,subida,-0.007455,-0.007454,-0.007451,10.670000,0.0,0.001,0.0
17:19:01,145,1,subida,-0.007455,-0.007454,-0.007452,10.670000,0.0,0.001,0.0
17:19:01,146,1,subida,-0.007455,-0.007454,-0.007453,10.670000,0.0,0.001,0.0
17:19:01,147,1,subida,-0.007457,-0.007455,-0.007451,10.670000,0.0,0.001,0.0
17:19:01,148,1,subida,-0.007456,-0.007455,-0.007453,10.670000,0.0,0.001,0.0
17:19:01,149,1,subida,-0.007455,-0.007455,-0.007452,10.670000,0.0,0.001,0.0
17:19:01,150,1,subida,-0.007455,-0.007455,-0.007452,10.670000,0.0,0.001,0.0
17:19:01,151,1,subida,-0.007456,-0.007455,-0.007452,10.670000,0.0,0.001,0.0
17:19:01,152,1,subida,-0.007456,-0.007455,-0.007453,10.670000,0.0,0.001,0.0
17:19:01,153,1,subida,-0.007456,-0.007455,-0.007453,10.670000,0.0,0.001,0.0
17:19:01,154,1,subida,-0.007455,-0.007455,-0.007454,10.670000,0.001,0.0,0.0
17:19:01,155,1,subida,-0.007456,-0.007455,-0.007453,10.670000,0.0,0.001,0.0
17:19:01,156,1,subida,-0.007456,-0.007455,-0.007453,10.670000,0.0,0.001,0.0
17:19:01,157,1,subida,-0.007456,-0.007455,-0.007453,10.670000,0.0,0.001,0.0
17:19:02,158,1,subida,-0.007456,-0.007455,-0.007453,10.670000,0.0,0.001,0.0
17:19:02,159,1,subida,-0.007456,-0.007455,-0.007452,10.670000,0.0,0.001,0.0
17:19:02,160,1,subida,-0.007456,-0.007456,-0.007451,10.670000,0.0,0.001,0.0
17:19:02,161,1,subida,-0.007456,-0.007456,-0.007452,10.670000,0.0,0.001,0.0
17:19:02,162,1,subida,-0.007455,-0.007456,-0.007451,10.670000,0.0,0.001,0.0
17:19:02,163,1,subida,-0.007455,-0.007456,-0.007450,10.670000,0.0,0.001,0.0
17:19:02,164,1,subida,-0.007455,-0.007455,-0.007453,10.670000,0.0,0.001,0.0
17:19:02,165,1,subida,-0.007455,-0.007455,-0.007453,10.670000,0.0,0.001,0.0
17:19:02,166,1,subida,-0.007454,-0.007455,-0.007454,10.670000,0.0,0.001,0.0
17:19:02,167,1,subida,-0.007454,-0.007455,-0.007453,10.670000,0.0,0.001,0.0
17:19:02,168,1,subida,-0.007455,-0.007455,-0.007453,10.670000,0.0,0.001,0.0
17:19:02,169,1,subida,-0.007457,-0.007455,-0.007452,10.670000,0.0,0.001,0.0
17:19:02,170,1,subida,-0.007457,-0.007455,-0.007454,10.670000,0.001,0.0,0.0
17:19:02,171,1,subida,-0.007457,-0.007456,-0.007454,10.670000,0.0,0.001,0.0
17:19:02,172,1,subida,-0.007456,-0.007456,-0.007453,10.670000,0.001,0.0,0.0
17:19:02,173,1,subida,-0.007455,-0.007456,-0.007454,10.670000,0.0,0.001,0.0
17:19:02,174,1,subida,-0.007456,-0.007456,-0.007455,10.670000,0.001,0.0,0.0
17:19:02,175,1,subida,-0.007457,-0.007456,-0.007452,10.670000,0.001,0.0,0.0
17:19:02,176,1,subida,-0.007457,-0.007456,-0.007454,10.670000,0.0,0.001,0.0
17:19:03,177,1,subida,-0.007457,-0.007456,-0.007452,10.670000,0.0,0.001,0.0
17:19:03,178,1,subida,-0.007457,-0.007456,-0.007453,10.670000,0.0,0.001,0.0
17:19:03,179,1,subida,-0.007456,-0.007456,-0.007453,10.670000,0.0,0.001,0.0
17:19:03,180,1,subida,-0.007457,-0.007456,-0.007452,10.670000,0.0,0.001,0.0
17:19:03,181,1,subida,-0.007457,-0.007456,-0.007452,10.670000,0.0,0.001,0.0
17:19:03,182,1,subida,-0.007456,-0.007456,-0.007451,10.670000,0.0,0.001,0.0
17:19:03,183,1,subida,-0.007456,-0.007456,-0.007450,10.670000,0.0,0.001,0.0
17:19:03,184,1,subida,-0.007456,-0.007456,-0.007451,10.670000,0.0,0.001,0.0
17:19:03,185,1,subida,-0.007456,-0.007456,-0.007453,10.670000,0.0,0.001,0.0
17:19:03,186,1,subida,-0.007455,-0.007456,-0.007453,10.670000,0.0,0.001,0.0
17:19:03,187,1,subida,-0.007455,-0.007456,-0.007452,10.670000,0.0,0.001,0.0
17:19:03,188,1,subida,-0.007455,-0.007456,-0.007452,10.670000,0.0,0.001,0.0
17:19:03,189,1,subida,-0.007454,-0.007456,-0.007451,10.670000,0.0,0.001,0.0
17:19:03,190,1,subida,-0.007454,-0.007456,-0.007450,10.670000,0.001,0.0,0.0
17:19:03,191,1,subida,-0.007455,-0.007456,-0.007452,10.670000,0.0,0.001,0.0
17:19:03,192,1,subida,-0.007456,-0.007456,-0.007452,10.670000,0.0,0.001,0.0
17:19:03,193,1,subida,-0.007456,-0.007456,-0.007453,10.670000,0.0,0.001,0.0
17:19:03,194,1,subida,-0.007455,-0.007456,-0.007452,10.670000,0.0,0.001,0.0
17:19:03,195,1,subida,-0.007454,-0.007455,-0.007450,10.670000,0.001,0.0,0.0
17:19:03,196,1,subida,-0.007454,-0.007455,-0.007452,10.670000,0.0,0.001,0.0
17:19:03,197,1,subida,-0.007455,-0.007455,-0.007452,10.670000,0.0,0.001,0.0
17:19:03,198,1,subida,-0.007456,-0.007455,-0.007451,10.670000,0.001,0.0,0.0
17:19:04,199,1,subida,-0.007455,-0.007455,-0.007451,10.670000,0.0,0.001,0.0
17:19:04,200,1,subida,-0.007455,-0.007455,-0.007451,10.670000,0.001,0.0,0.0
17:19:04,201,1,subida,-0.007455,-0.007455,-0.007451,10.670000,0.0,0.001,0.0
17:19:04,202,1,subida,-0.007454,-0.007455,-0.007453,10.670000,0.0,0.001,0.0
17:19:04,203,1,subida,-0.007454,-0.007455,-0.007452,10.670000,0.0,0.001,0.0
17:19:04,204,1,subida,-0.007455,-0.007455,-0.007451,10.670000,0.001,0.0,0.0
17:19:04,205,1,subida,-0.007456,-0.007455,-0.007451,10.670000,0.0,0.001,0.0
17:19:04,206,1,subida,-0.007456,-0.007455,-0.007452,10.670000,0.0,0.001,0.0
17:19:04,207,1,subida,-0.007455,-0.007455,-0.007451,10.670000,0.0,0.001,0.0
17:19:04,208,1,subida,-0.007455,-0.007455,-0.007452,10.670000,0.0,0.001,0.0
17:19:04,209,1,subida,-0.007455,-0.007455,-0.007450,10.670000,0.001,0.0,0.0
17:19:04,210,1,subida,-0.007455,-0.007455,-0.007451,10.670000,0.001,0.0,0.0
17:19:04,211,1,subida,-0.007454,-0.007455,-0.007451,10.670000,0.0,0.001,0.0
17:19:04,212,1,subida,-0.007454,-0.007455,-0.007451,10.670000,0.001,0.0,0.0
17:19:04,213,1,subida,-0.007454,-0.007455,-0.007452,10.670000,0.0,0.001,0.0
17:19:04,214,1,subida,-0.007455,-0.007455,-0.007454,10.670000,0.0,0.001,0.0
17:19:04,215,1,subida,-0.007455,-0.007455,-0.007454,10.670000,0.0,0.001,0.0
17:19:04,216,1,subida,-0.007456,-0.007455,-0.007453,10.670000,0.0,0.001,0.0
17:19:04,217,1,subida,-0.007457,-0.007455,-0.007452,10.670000,0.0,0.001,0.0
17:19:04,218,1,subida,-0.007457,-0.007455,-0.007451,10.670000,0.0,0.001,0.0
17:19:04,219,1,subida,-0.007456,-0.007455,-0.007453,10.670000,0.0,0.001,0.0
17:19:04,220,1,subida,-0.007456,-0.007455,-0.007452,10.670000,0.0,0.001,0.0
17:19:05,221,1,subida,-0.007456,-0.007455,-0.007453,10.670000,0.0,0.001,0.0
17:19:05,222,1,subida,-0.007456,-0.007455,-0.007454,10.670000,0.0,0.001,0.0
17:19:05,223,1,subida,-0.007457,-0.007456,-0.007455,10.670000,0.0,0.001,0.0
17:19:05,225,1,subida,-0.007458,-0.007456,-0.007454,10.670000,0.0,0.001,0.0
17:19:05,226,1,subida,-0.007458,-0.007456,-0.007454,10.670000,0.0,0.001,0.0
17:19:05,227,1,subida,-0.007458,-0.007456,-0.007455,10.670000,0.0,0.001,0.0
17:19:05,228,1,subida,-0.007458,-0.007456,-0.007455,10.670000,0.0,0.001,0.0
17:19:05,230,1,subida,-0.007458,-0.007456,-0.007453,10.670000,0.0,0.001,0.0
17:19:05,231,1,subida,-0.007457,-0.007457,-0.007454,10.670000,0.0,0.001,0.0
17:19:05,232,1,subida,-0.007457,-0.007457,-0.007452,10.670000,0.0,0.001,0.0
17:19:05,233,1,subida,-0.007457,-0.007457,-0.007452,10.670000,0.0,0.001,0.0
17:19:05,234,1,subida,-0.007456,-0.007457,-0.007451,10.670000,0.001,0.0,0.0
17:19:05,235,1,subida,-0.007455,-0.007456,-0.007452,10.670000,0.0,0.001,0.0
17:19:05,237,1,subida,-0.007455,-0.007456,-0.007450,10.670000,0.0,0.001,0.0
17:19:05,238,1,subida,-0.007455,-0.007456,-0.007451,10.670000,0.0,0.001,0.0
17:19:05,239,1,subida,-0.007454,-0.007456,-0.007451,10.670000,0.0,0.001,0.0
17:19:05,240,1,subida,-0.007454,-0.007456,-0.007451,10.670000,0.001,0.0,0.0
17:19:05,241,1,subida,-0.007454,-0.007456,-0.007451,10.670000,0.0,0.001,0.0
17:19:05,242,1,subida,-0.007454,-0.007455,-0.007451,10.670000,0.0,0.001,0.0
17:19:06,244,1,subida,-0.007454,-0.007455,-0.007452,10.670000,0.0,0.001,0.0
17:19:06,245,1,subida,-0.007455,-0.007455,-0.007451,10.670000,0.001,0.0,0.0
17:19:06,246,1,subida,-0.007455,-0.007455,-0.007450,10.670000,0.0,0.001,0.0
17:19:06,247,1,subida,-0.007454,-0.007455,-0.007451,10.670000,0.0,0.001,0.0
17:19:06,248,1,subida,-0.007454,-0.007455,-0.007452,10.670000,0.0,0.001,0.0
17:19:06,249,1,subida,-0.007454,-0.007455,-0.007451,10.670000,0.0,0.001,0.0
17:19:06,250,1,subida,-0.007455,-0.007455,-0.007453,10.670000,0.0,0.001,0.0
17:19:06,251,1,subida,-0.007455,-0.007455,-0.007452,10.670000,0.0,0.001,0.0
17:19:06,252,1,subida,-0.007456,-0.007455,-0.007454,10.670000,0.0,0.001,0.0
17:19:06,253,1,subida,-0.007456,-0.007455,-0.007454,10.670000,0.0,0.001,0.0
17:19:06,254,1,subida,-0.007457,-0.007455,-0.007454,10.670000,0.0,0.001,0.0
17:19:06,255,1,subida,-0.007458,-0.007455,-0.007456,10.670000,0.0,0.001,0.0
17:19:06,256,1,subida,-0.007458,-0.007456,-0.007455,10.670000,0.0,0.001,0.0
17:19:06,257,1,subida,-0.007459,-0.007456,-0.007454,10.670000,0.0,0.001,0.0
17:19:06,258,1,subida,-0.007459,-0.007456,-0.007453,10.670000,0.0,0.001,0.0
17:19:06,259,1,subida,-0.007458,-0.007456,-0.007453,10.670000,0.0,0.001,0.0
17:19:06,260,1,subida,-0.007457,-0.007457,-0.007454,10.670000,0.0,0.001,0.0
17:19:06,261,1,subida,-0.007457,-0.007457,-0.007452,10.670000,0.0,0.001,0.0
17:19:06,263,1,subida,-0.007457,-0.007457,-0.007452,10.670000,0.0,0.001,0.0
17:19:06,264,1,subida,-0.007456,-0.007457,-0.007454,10.670000,0.0,0.001,0.0
17:19:07,265,1,subida,-0.007457,-0.007457,-0.007453,10.670000,0.0,0.001,0.0
17:19:07,266,1,subida,-0.007457,-0.007457,-0.007451,10.670000,0.0,0.001,0.0
17:19:07,267,1,subida,-0.007457,-0.007457,-0.007451,10.670000,0.0,0.001,0.0
17:19:07,268,1,subida,-0.007457,-0.007457,-0.007452,10.670000,0.0,0.001,0.0
17:19:07,269,1,subida,-0.007456,-0.007457,-0.007451,10.670000,0.0,0.001,0.0
17:19:07,270,1,subida,-0.007455,-0.007457,-0.007453,10.670000,0.0,0.001,0.0
17:19:07,271,1,subida,-0.007456,-0.007457,-0.007452,10.670000,0.0,0.001,0.0
17:19:07,272,1,subida,-0.007457,-0.007457,-0.007453,10.670000,0.0,0.001,0.0
17:19:07,273,1,subida,-0.007457,-0.007457,-0.007454,10.670000,0.0,0.002,0.0
17:19:07,274,1,subida,-0.007457,-0.007457,-0.007452,10.670000,0.001,0.0,0.0
17:19:07,275,1,subida,-0.007457,-0.007457,-0.007454,10.670000,0.0,0.001,0.0
17:19:07,276,1,subida,-0.007458,-0.007457,-0.007455,10.670000,0.001,0.0,0.0
17:19:07,277,1,subida,-0.007459,-0.007457,-0.007455,10.670000,0.0,0.001,0.0
17:19:07,279,1,subida,-0.007459,-0.007457,-0.007455,10.670000,0.0,0.001,0.0
17:19:07,280,1,subida,-0.007458,-0.007457,-0.007454,10.670000,0.0,0.001,0.0
17:19:07,281,1,subida,-0.007458,-0.007457,-0.007454,10.670000,0.001,0.0,0.0
17:19:07,282,1,subida,-0.007459,-0.007457,-0.007455,10.670000,0.0,0.001,0.0
17:19:07,284,1,subida,-0.007459,-0.007458,-0.007454,10.670000,0.0,0.001,0.0
17:19:07,285,1,subida,-0.007458,-0.007458,-0.007455,10.670000,0.0,0.001,0.0
17:19:07,287,1,subida,-0.007458,-0.007458,-0.007457,10.670000,0.0,0.001,0.0
17:19:08,288,1,subida,-0.007460,-0.007458,-0.007454,10.670000,0.0,0.001,0.0
17:19:08,289,1,subida,-0.007460,-0.007458,-0.007452,10.670000,0.0,0.001,0.0
17:19:08,290,1,subida,-0.007458,-0.007458,-0.007452,10.670000,0.0,0.001,0.0
17:19:08,291,1,subida,-0.007457,-0.007458,-0.007451,10.670000,0.0,0.001,0.0
17:19:08,292,1,subida,-0.007457,-0.007458,-0.007454,10.670000,0.0,0.001,0.0
17:19:08,293,1,subida,-0.007457,-0.007458,-0.007453,10.670000,0.0,0.001,0.0
17:19:08,295,1,subida,-0.007457,-0.007458,-0.007450,10.670000,0.0,0.001,0.0
17:19:08,296,1,subida,-0.007457,-0.007457,-0.007452,10.670000,0.0,0.001,0.0
17:19:08,297,1,subida,-0.007457,-0.007457,-0.007453,10.670000,0.0,0.001,0.0
17:19:08,298,1,subida,-0.007457,-0.007457,-0.007453,10.670000,0.0,0.001,0.0
17:19:08,299,1,subida,-0.007456,-0.007457,-0.007450,10.670000,0.0,0.001,0.0
17:19:08,300,1,subida,-0.007456,-0.007457,-0.007451,10.670000,0.0,0.001,0.0
17:19:08,301,1,subida,-0.007456,-0.007457,-0.007452,10.670000,0.0,0.001,0.0
17:19:08,302,1,subida,-0.007456,-0.007457,-0.007451,10.670000,0.0,0.001,0.0
17:19:08,303,1,subida,-0.007455,-0.007457,-0.007454,10.670000,0.0,0.001,0.0
17:19:08,304,1,subida,-0.007455,-0.007457,-0.007454,10.670000,0.0,0.001,0.0
17:19:08,305,1,subida,-0.007456,-0.007457,-0.007453,10.670000,0.0,0.001,0.0
17:19:08,306,1,subida,-0.007457,-0.007457,-0.007451,10.670000,0.0,0.001,0.0
17:19:09,307,1,subida,-0.007457,-0.007457,-0.007450,10.670000,0.0,0.001,0.0
17:19:09,308,1,subida,-0.007457,-0.007457,-0.007448,10.670000,0.0,0.001,0.0
17:19:09,309,1,subida,-0.007456,-0.007457,-0.007449,10.670000,0.0,0.001,0.0
17:19:09,310,1,subida,-0.007455,-0.007457,-0.007450,10.670000,0.0,0.001,0.0
17:19:09,311,1,subida,-0.007455,-0.007456,-0.007453,10.670000,0.0,0.001,0.0
17:19:09,312,1,subida,-0.007454,-0.007456,-0.007453,10.670000,0.0,0.001,0.0
17:19:09,313,1,subida,-0.007452,-0.007456,-0.007453,10.670000,0.0,0.001,0.0
17:19:09,314,1,subida,-0.007453,-0.007455,-0.007452,10.670000,0.0,0.001,0.0
17:19:09,315,1,subida,-0.007456,-0.007456,-0.007452,10.670000,0.0,0.001,0.0
17:19:09,316,1,subida,-0.007456,-0.007456,-0.007452,10.670000,0.0,0.001,0.0
17:19:09,317,1,subida,-0.007456,-0.007456,-0.007452,10.670000,0.0,0.001,0.0
17:19:09,318,1,subida,-0.007456,-0.007456,-0.007452,10.670000,0.0,0.001,0.0
17:19:09,319,1,subida,-0.007456,-0.007456,-0.007454,10.670000,0.001,0.0,0.0
17:19:09,320,1,subida,-0.007455,-0.007456,-0.007453,10.670000,0.0,0.001,0.0
17:19:09,321,1,subida,-0.007455,-0.007456,-0.007451,10.670000,0.0,0.001,0.0
17:19:09,322,1,subida,-0.007456,-0.007456,-0.007452,10.670000,0.0,0.001,0.0
17:19:09,323,1,subida,-0.007457,-0.007456,-0.007450,10.670000,0.0,0.001,0.0
17:19:09,324,1,subida,-0.007456,-0.007456,-0.007451,10.670000,0.0,0.001,0.0
17:19:09,325,1,subida,-0.007455,-0.007456,-0.007450,10.670000,0.0,0.001,0.0
17:19:09,326,1,subida,-0.007455,-0.007456,-0.007450,10.670000,0.001,0.0,0.0
17:19:09,327,1,subida,-0.007454,-0.007455,-0.007451,10.670000,0.0,0.001,0.0
17:19:10,328,1,subida,-0.007454,-0.007455,-0.007452,10.670000,0.001,0.0,0.0
17:19:10,329,1,subida,-0.007454,-0.007455,-0.007452,10.670000,0.0,0.001,0.0
17:19:10,330,1,subida,-0.007455,-0.007455,-0.007451,10.670000,0.0,0.001,0.0
17:19:10,331,1,subida,-0.007454,-0.007455,-0.007451,10.670000,0.0,0.001,0.0
17:19:10,332,1,subida,-0.007454,-0.007455,-0.007451,10.670000,0.0,0.001,0.0
17:19:10,333,1,subida,-0.007455,-0.007455,-0.007451,10.670000,0.0,0.001,0.0
17:19:10,334,1,subida,-0.007455,-0.007455,-0.007450,10.670000,0.0,0.001,0.0
17:19:10,335,1,subida,-0.007455,-0.007455,-0.007449,10.670000,0.0,0.001,0.0
17:19:10,336,1,subida,-0.007454,-0.007455,-0.007449,10.670000,0.0,0.001,0.0
17:19:10,337,1,subida,-0.007454,-0.007455,-0.007451,10.670000,0.0,0.001,0.0
17:19:10,338,1,subida,-0.007454,-0.007455,-0.007451,10.670000,0.0,0.001,0.0
17:19:10,339,1,subida,-0.007455,-0.007455,-0.007453,10.670000,0.0,0.001,0.0
17:19:10,341,1,subida,-0.007457,-0.007455,-0.007456,10.670000,0.0,0.001,0.0
17:19:10,342,1,subida,-0.007458,-0.007455,-0.007454,10.670000,0.0,0.001,0.0
17:19:10,343,1,subida,-0.007458,-0.007455,-0.007453,10.670000,0.0,0.001,0.0
17:19:10,344,1,subida,-0.007457,-0.007456,-0.007452,10.670000,0.0,0.001,0.0
17:19:10,345,1,subida,-0.007456,-0.007456,-0.007453,10.670000,0.001,0.0,0.0
17:19:10,346,1,subida,-0.007457,-0.007456,-0.007453,10.670000,0.0,0.001,0.0
17:19:10,347,1,subida,-0.007458,-0.007456,-0.007454,10.670000,0.0,0.001,0.0
17:19:10,348,1,subida,-0.007458,-0.007456,-0.007451,10.670000,0.0,0.001,0.0
17:19:11,349,1,subida,-0.007458,-0.007456,-0.007452,10.670000,0.0,0.001,0.0
17:19:11,350,1,subida,-0.007457,-0.007456,-0.007451,10.670000,0.0,0.001,0.0
17:19:11,351,1,subida,-0.007455,-0.007456,-0.007454,10.670000,0.0,0.001,0.0
17:19:11,352,1,subida,-0.007456,-0.007456,-0.007451,10.670000,0.0,0.001,0.0
17:19:11,353,1,subida,-0.007456,-0.007456,-0.007451,10.670000,0.001,0.0,0.0
17:19:11,354,1,subida,-0.007455,-0.007456,-0.007453,10.670000,0.0,0.001,0.0
17:19:11,355,1,subida,-0.007455,-0.007456,-0.007452,10.670000,0.0,0.001,0.0
17:19:11,356,1,subida,-0.007455,-0.007456,-0.007449,10.670000,0.0,0.001,0.0
17:19:11,357,1,subida,-0.007455,-0.007456,-0.007451,10.670000,0.0,0.001,0.0
17:19:11,358,1,subida,-0.007454,-0.007456,-0.007450,10.670000,0.0,0.001,0.0
17:19:11,359,1,subida,-0.007453,-0.007455,-0.007449,10.670000,0.001,0.0,0.0
17:19:11,360,1,subida,-0.007453,-0.007455,-0.007450,10.670000,0.0,0.001,0.0
17:19:11,361,1,subida,-0.007454,-0.007455,-0.007450,10.670000,0.0,0.001,0.0
17:19:11,362,1,subida,-0.007454,-0.007455,-0.007448,10.670000,0.0,0.001,0.0
17:19:11,363,1,subida,-0.007454,-0.007455,-0.007449,10.670000,0.001,0.0,0.0
17:19:11,364,1,subida,-0.007453,-0.007455,-0.007448,10.670000,0.0,0.001,0.0
17:19:11,365,1,subida,-0.007453,-0.007454,-0.007448,10.670000,0.0,0.001,0.0
17:19:11,366,1,subida,-0.007453,-0.007454,-0.007448,10.670000,0.0,0.001,0.0
17:19:11,367,1,subida,-0.007452,-0.007454,-0.007448,10.670000,0.0,0.001,0.0
17:19:11,368,1,subida,-0.007451,-0.007454,-0.007450,10.670000,0.0,0.001,0.0
17:19:11,369,1,subida,-0.007452,-0.007454,-0.007450,10.670000,0.0,0.001,0.0
17:19:12,370,1,subida,-0.007453,-0.007454,-0.007450,10.670000,0.0,0.001,0.0
17:19:12,371,1,subida,-0.007454,-0.007454,-0.007451,10.670000,0.0,0.001,0.0
17:19:12,373,1,subida,-0.007454,-0.007454,-0.007448,10.670000,0.0,0.001,0.0
17:19:12,374,1,subida,-0.007452,-0.007454,-0.007451,10.670000,0.0,0.001,0.0
17:19:12,375,1,subida,-0.007452,-0.007453,-0.007450,10.670000,0.0,0.001,0.0
17:19:12,376,1,subida,-0.007454,-0.007453,-0.007448,10.670000,0.0,0.001,0.0
17:19:12,377,1,subida,-0.007453,-0.007453,-0.007448,10.670000,0.0,0.001,0.0
17:19:12,378,1,subida,-0.007452,-0.007453,-0.007447,10.670000,0.0,0.001,0.0
17:19:12,380,1,subida,-0.007452,-0.007453,-0.007449,10.670000,0.0,0.001,0.0
17:19:12,381,1,subida,-0.007452,-0.007453,-0.007449,10.670000,0.0,0.001,0.0
17:19:12,382,1,subida,-0.007453,-0.007453,-0.007450,10.670000,0.0,0.001,0.0
17:19:12,383,1,subida,-0.007453,-0.007453,-0.007449,10.670000,0.0,0.002,0.0
17:19:12,384,1,subida,-0.007453,-0.007453,-0.007449,10.670000,0.0,0.001,0.0
17:19:12,385,1,subida,-0.007454,-0.007453,-0.007452,10.670000,0.0,0.001,0.0
17:19:12,386,1,subida,-0.007456,-0.007453,-0.007453,10.670000,0.001,0.0,0.0
17:19:12,388,1,subida,-0.007454,-0.007454,-0.007450,10.680000,0.0,0.001,0.0
17:19:12,390,1,subida,-0.007453,-0.007453,-0.007450,10.670000,0.0,0.001,0.0
17:19:12,391,1,subida,-0.007453,-0.007453,-0.007451,10.670000,0.0,0.001,0.0
17:19:12,392,1,subida,-0.007454,-0.007454,-0.007453,10.670000,0.0,0.001,0.0
17:19:13,393,1,subida,-0.007455,-0.007454,-0.007453,10.670000,0.0,0.001,0.0
17:19:13,394,1,subida,-0.007456,-0.007454,-0.007452,10.670000,0.0,0.001,0.0
17:19:13,395,1,subida,-0.007456,-0.007454,-0.007451,10.670000,0.001,0.0,0.0
17:19:13,396,1,subida,-0.007455,-0.007454,-0.007453,10.670000,0.0,0.001,0.0
17:19:13,397,1,subida,-0.007456,-0.007454,-0.007452,10.670000,0.0,0.001,0.0
17:19:13,398,1,subida,-0.007456,-0.007454,-0.007451,10.670000,0.0,0.001,0.0
17:19:13,399,1,subida,-0.007456,-0.007455,-0.007452,10.670000,0.001,0.0,0.0
17:19:13,401,1,subida,-0.007456,-0.007455,-0.007453,10.670000,0.001,0.0,0.0
17:19:13,402,1,subida,-0.007456,-0.007455,-0.007453,10.670000,0.0,0.001,0.0
17:19:13,403,1,subida,-0.007456,-0.007455,-0.007451,10.670000,0.001,0.0,0.0
17:19:13,405,1,subida,-0.007455,-0.007455,-0.007452,10.670000,0.0,0.001,0.0
17:19:13,406,1,subida,-0.007455,-0.007455,-0.007451,10.670000,0.0,0.001,0.0
17:19:13,407,1,subida,-0.007455,-0.007455,-0.007450,10.670000,0.0,0.001,0.0
17:19:13,408,1,subida,-0.007454,-0.007455,-0.007452,10.670000,0.0,0.001,0.0
17:19:13,409,1,subida,-0.007454,-0.007455,-0.007450,10.670000,0.0,0.001,0.0
17:19:13,410,1,subida,-0.007454,-0.007455,-0.007451,10.670000,0.0,0.001,0.0
17:19:13,411,1,subida,-0.007455,-0.007455,-0.007452,10.670000,0.0,0.001,0.0
17:19:13,412,1,subida,-0.007455,-0.007455,-0.007453,10.670000,0.0,0.001,0.0
17:19:13,413,1,subida,-0.007455,-0.007455,-0.007453,10.670000,0.0,0.001,0.0
17:19:14,414,1,subida,-0.007456,-0.007455,-0.007453,10.670000,0.0,0.001,0.0
17:19:14,415,1,subida,-0.007456,-0.007455,-0.007451,10.670000,0.0,0.001,0.0
17:19:14,416,1,subida,-0.007456,-0.007455,-0.007450,10.670000,0.0,0.001,0.0
17:19:14,417,1,subida,-0.007456,-0.007455,-0.007451,10.670000,0.0,0.001,0.0
17:19:14,418,1,subida,-0.007455,-0.007455,-0.007449,10.670000,0.0,0.001,0.0
17:19:14,419,1,subida,-0.007455,-0.007455,-0.007447,10.670000,0.0,0.001,0.0
17:19:14,421,1,subida,-0.007452,-0.007455,-0.007448,10.670000,0.0,0.001,0.0
17:19:14,422,1,subida,-0.007452,-0.007454,-0.007449,10.670000,0.0,0.001,0.0
17:19:14,425,1,subida,-0.007453,-0.007454,-0.007450,10.670000,0.0,0.001,0.0
17:19:14,426,1,subida,-0.007453,-0.007454,-0.007450,10.670000,0.0,0.001,0.0
17:19:14,427,1,subida,-0.007454,-0.007454,-0.007451,10.670000,0.0,0.001,0.0
17:19:14,428,1,subida,-0.007455,-0.007454,-0.007451,10.670000,0.0,0.001,0.0
17:19:14,431,1,subida,-0.007454,-0.007454,-0.007450,10.670000,0.0,0.001,0.0
17:19:14,432,1,subida,-0.007454,-0.007454,-0.007450,10.670000,0.0,0.001,0.0
17:19:14,433,1,subida,-0.007455,-0.007454,-0.007452,10.670000,0.0,0.001,0.0
17:19:14,435,1,subida,-0.007456,-0.007454,-0.007451,10.670000,0.0,0.001,0.0
17:20:25,437,1,subida,0.008109,0.008108,0.008101,10.670000,3.5,3.502,3.5
17:20:25,438,1,subida,0.008109,0.008108,0.008101,10.670000,3.5,3.503,3.5
17:20:25,439,1,subida,0.008109,0.008108,0.008100,10.670000,3.502,3.5,3.5
17:20:25,440,1,subida,0.008108,0.008108,0.008100,10.670000,3.5,3.503,3.5
17:20:25,441,1,subida,0.008107,0.008108,0.008098,10.670000,3.5,3.503,3.5
17:20:25,442,1,subida,0.008106,0.008108,0.008099,10.670000,3.5,3.502,3.5
17:20:25,443,1,subida,0.008107,0.008108,0.008100,10.670000,3.5,3.502,3.5
17:20:25,444,1,subida,0.008108,0.008108,0.008101,10.670000,3.502,3.5,3.5
17:20:25,445,1,subida,0.008108,0.008108,0.008100,10.670000,3.5,3.502,3.5
17:20:25,447,1,subida,0.008109,0.008108,0.008100,10.670000,3.5,3.502,3.5
17:20:25,448,1,subida,0.008108,0.008108,0.008100,10.670000,3.502,3.5,3.5
17:20:25,449,1,subida,0.008108,0.008108,0.008100,10.670000,3.5,3.502,3.5
17:20:25,450,1,subida,0.008108,0.008108,0.008099,10.670000,3.502,3.5,3.5
17:20:25,451,1,subida,0.008107,0.008108,0.008099,10.670000,3.5,3.501,3.5
17:20:26,452,1,subida,0.008107,0.008108,0.008099,10.670000,3.5,3.501,3.5
17:20:26,453,1,subida,0.008106,0.008108,0.008098,10.670000,3.5,3.502,3.5
17:20:26,454,1,subida,0.008106,0.008107,0.008100,10.670000,3.5,3.501,3.5
17:20:26,455,1,subida,0.008107,0.008107,0.008100,10.670000,3.5,3.501,3.5
17:20:26,456,1,subida,0.008107,0.008107,0.008100,10.670000,3.5,3.502,3.5
17:20:26,457,1,subida,0.008107,0.008107,0.008100,10.670000,3.5,3.501,3.5
17:20:26,458,1,subida,0.008107,0.008107,0.008101,10.670000,3.5,3.501,3.5
17:20:26,459,1,subida,0.008107,0.008107,0.008102,10.670000,3.5,3.501,3.5
17:20:26,460,1,subida,0.008108,0.008107,0.008101,10.670000,3.5,3.501,3.5
17:20:26,461,1,subida,0.008109,0.008107,0.008102,10.670000,3.5,3.501,3.5
17:20:26,462,1,subida,0.008108,0.008107,0.008102,10.670000,3.5,3.501,3.5
17:20:26,463,1,subida,0.008108,0.008108,0.008101,10.670000,3.5,3.501,3.5
17:20:26,464,1,subida,0.008109,0.008108,0.008101,10.670000,3.5,3.501,3.5
17:20:26,465,1,subida,0.008108,0.008108,0.008100,10.670000,3.5,3.501,3.5
17:20:26,466,1,subida,0.008107,0.008108,0.008098,10.670000,3.5,3.501,3.5
17:20:26,467,1,subida,0.008106,0.008108,0.008096,10.670000,3.5,3.501,3.5
17:20:26,468,1,subida,0.008105,0.008107,0.008095,10.670000,3.5,3.501,3.5
17:20:26,469,1,subida,0.008103,0.008107,0.008097,10.670000,3.5,3.501,3.5
17:20:27,470,1,subida,0.008102,0.008106,0.008095,10.670000,3.5,3.5,3.5
17:20:27,471,1,subida,0.008103,0.008106,0.008094,10.670000,3.5,3.501,3.5
17:20:27,472,1,subida,0.008104,0.008106,0.008092,10.670000,3.5,3.5,3.5
17:20:27,473,1,subida,0.008103,0.008106,0.008095,10.670000,3.5,3.501,3.5
17:20:27,474,1,subida,0.008102,0.008105,0.008094,10.670000,3.5,3.501,3.5
17:20:27,475,1,subida,0.008101,0.008105,0.008092,10.670000,3.5,3.5,3.5
17:20:27,476,1,subida,0.008101,0.008104,0.008092,10.670000,3.5,3.501,3.5
17:20:27,477,1,subida,0.008102,0.008104,0.008095,10.670000,3.5,3.5,3.5
17:20:27,478,1,subida,0.008101,0.008104,0.008095,10.670000,3.5,3.5,3.5
17:20:27,479,1,subida,0.008100,0.008104,0.008093,10.670000,3.5,3.5,3.5
17:20:27,480,1,subida,0.008100,0.008103,0.008093,10.670000,3.5,3.5,3.5
17:20:27,481,1,subida,0.008101,0.008103,0.008094,10.670000,3.5,3.5,3.5
17:20:27,482,1,subida,0.008102,0.008103,0.008095,10.670000,3.5,3.5,3.5
17:20:27,483,1,subida,0.008102,0.008103,0.008093,10.670000,3.5,3.5,3.5
17:20:27,484,1,subida,0.008101,0.008103,0.008096,10.670000,3.5,3.501,3.5
17:20:27,485,1,subida,0.008101,0.008103,0.008096,10.670000,3.5,3.501,3.5
17:20:28,486,1,subida,0.008102,0.008103,0.008097,10.670000,3.5,3.501,3.5
17:20:28,487,1,subida,0.008102,0.008103,0.008095,10.670000,3.5,3.501,3.5
17:20:28,488,1,subida,0.008102,0.008103,0.008097,10.670000,3.5,3.501,3.5
17:20:28,489,1,subida,0.008102,0.008102,0.008097,10.670000,3.5,3.501,3.5
17:20:28,490,1,subida,0.008102,0.008102,0.008096,10.670000,3.5,3.501,3.5
17:20:28,491,1,subida,0.008103,0.008102,0.008096,10.670000,3.5,3.501,3.5
17:20:28,492,1,subida,0.008103,0.008102,0.008096,10.670000,3.5,3.501,3.5
17:20:28,493,1,subida,0.008103,0.008103,0.008095,10.670000,3.5,3.501,3.5
17:20:28,494,1,subida,0.008103,0.008103,0.008096,10.670000,3.5,3.501,3.5
17:20:28,495,1,subida,0.008103,0.008103,0.008096,10.670000,3.5,3.501,3.5
17:20:28,496,1,subida,0.008104,0.008103,0.008097,10.670000,3.5,3.501,3.5
17:20:28,497,1,subida,0.008104,0.008103,0.008096,10.670000,3.5,3.501,3.5
17:20:28,498,1,subida,0.008104,0.008103,0.008097,10.670000,3.5,3.501,3.5
17:20:28,499,1,subida,0.008104,0.008103,0.008096,10.670000,3.5,3.501,3.5
17:20:28,500,1,subida,0.008103,0.008103,0.008094,10.670000,3.5,3.501,3.5
17:20:28,501,1,subida,0.008103,0.008103,0.008095,10.670000,3.5,3.501,3.5
17:20:28,502,1,subida,0.008104,0.008103,0.008091,10.670000,3.5,3.501,3.5
17:20:28,503,1,subida,0.008104,0.008103,0.008093,10.670000,3.5,3.501,3.5
17:20:29,504,1,subida,0.008104,0.008103,0.008095,10.670000,3.5,3.501,3.5
17:20:29,505,1,subida,0.008105,0.008104,0.008096,10.670000,3.5,3.501,3.5
17:20:29,506,1,subida,0.008104,0.008104,0.008096,10.670000,3.5,3.501,3.5
17:20:29,507,1,subida,0.008103,0.008104,0.008097,10.670000,3.5,3.501,3.5
17:20:29,508,1,subida,0.008102,0.008103,0.008097,10.670000,3.5,3.5,3.5
17:20:29,509,1,subida,0.008102,0.008103,0.008095,10.670000,3.5,3.501,3.5
17:20:29,510,1,subida,0.008101,0.008103,0.008095,10.670000,3.5,3.5,3.5
17:20:29,511,1,subida,0.008100,0.008103,0.008095,10.670000,3.5,3.501,3.5
17:20:29,512,1,subida,0.008100,0.008103,0.008096,10.670000,3.5,3.5,3.5
17:20:29,513,1,subida,0.008101,0.008102,0.008097,10.670000,3.5,3.501,3.5
17:20:29,514,1,subida,0.008102,0.008102,0.008095,10.670000,3.5,3.5,3.5
17:20:29,515,1,subida,0.008102,0.008102,0.008095,10.670000,3.5,3.5,3.5
17:20:29,516,1,subida,0.008102,0.008102,0.008094,10.670000,3.5,3.501,3.5
17:20:29,517,1,subida,0.008104,0.008102,0.008092,10.670000,3.5,3.501,3.5
17:20:29,518,1,subida,0.008103,0.008103,0.008093,10.670000,3.5,3.5,3.5
17:20:29,519,1,subida,0.008103,0.008103,0.008092,10.670000,3.5,3.501,3.5
17:20:30,520,1,subida,0.008103,0.008103,0.008092,10.670000,3.5,3.5,3.5
17:20:30,521,1,subida,0.008102,0.008103,0.008091,10.670000,3.5,3.5,3.5
17:20:30,522,1,subida,0.008101,0.008103,0.008090,10.670000,3.5,3.5,3.5
17:20:30,523,1,subida,0.008102,0.008103,0.008090,10.670000,3.5,3.501,3.5
17:20:30,524,1,subida,0.008103,0.008103,0.008092,10.660000,3.5,3.5,3.5
17:20:30,525,1,subida,0.008103,0.008103,0.008092,10.660000,3.5,3.5,3.5
17:20:30,526,1,subida,0.008104,0.008103,0.008091,10.670000,3.5,3.5,3.5
17:20:30,527,1,subida,0.008103,0.008103,0.008092,10.670000,3.5,3.5,3.5
17:20:30,528,1,subida,0.008102,0.008103,0.008092,10.670000,3.5,3.5,3.5
17:20:30,529,1,subida,0.008102,0.008103,0.008092,10.670000,3.5,3.5,3.5
17:20:30,530,1,subida,0.008101,0.008102,0.008091,10.670000,3.5,3.5,3.5
17:20:30,532,1,subida,0.008100,0.008102,0.008091,10.670000,3.5,3.5,3.5
17:20:30,533,1,subida,0.008099,0.008102,0.008092,10.670000,3.5,3.5,3.5
17:20:30,534,1,subida,0.008097,0.008101,0.008092,10.670000,3.5,3.5,3.5
17:20:30,535,1,subida,0.008098,0.008101,0.008091,10.670000,3.5,3.5,3.5
17:20:30,536,1,subida,0.008098,0.008101,0.008090,10.660000,3.5,3.5,3.5
17:20:30,537,1,subida,0.008099,0.008100,0.008092,10.660000,3.5,3.5,3.5
17:20:30,538,1,subida,0.008099,0.008100,0.008092,10.660000,3.5,3.499,3.5
17:20:30,539,1,subida,0.008099,0.008100,0.008091,10.660000,3.5,3.499,3.5
17:20:30,540,1,subida,0.008099,0.008100,0.008091,10.670000,3.5,3.499,3.5
17:20:30,541,1,subida,0.008099,0.008100,0.008092,10.670000,3.5,3.499,3.5
17:20:30,542,1,subida,0.008099,0.008100,0.008093,10.670000,3.5,3.499,3.5
17:20:31,543,1,subida,0.008099,0.008100,0.008092,10.670000,3.5,3.499,3.5
17:20:31,544,1,subida,0.008099,0.008100,0.008091,10.670000,3.5,3.499,3.5
17:20:31,545,1,subida,0.008098,0.008100,0.008092,10.670000,3.5,3.499,3.5
17:20:31,546,1,subida,0.008098,0.008099,0.008092,10.660000,3.5,3.499,3.5
17:20:31,547,1,subida,0.008098,0.008099,0.008090,10.660000,3.5,3.499,3.5
17:20:31,548,1,subida,0.008098,0.008099,0.008090,10.670000,3.499,3.5,3.5
17:20:31,549,1,subida,0.008098,0.008099,0.008090,10.670000,3.5,3.499,3.5
17:20:31,550,1,subida,0.008098,0.008099,0.008091,10.660000,3.5,3.499,3.5
17:20:31,551,1,subida,0.008099,0.008099,0.008091,10.660000,3.5,3.499,3.5
17:20:31,552,1,subida,0.008099,0.008099,0.008089,10.660000,3.5,3.499,3.5
17:20:31,553,1,subida,0.008099,0.008099,0.008089,10.660000,3.5,3.499,3.5
17:20:31,554,1,subida,0.008100,0.008099,0.008090,10.660000,3.5,3.499,3.5
17:20:31,555,1,subida,0.008099,0.008099,0.008090,10.660000,3.5,3.499,3.5
17:20:31,556,1,subida,0.008097,0.008099,0.008091,10.670000,3.5,3.499,3.5
17:20:31,557,1,subida,0.008097,0.008099,0.008088,10.670000,3.5,3.499,3.5
17:20:31,558,1,subida,0.008098,0.008099,0.008087,10.660000,3.5,3.499,3.5
17:20:31,559,1,subida,0.008098,0.008099,0.008088,10.660000,3.5,3.499,3.5
17:20:31,561,1,subida,0.008097,0.008098,0.008088,10.660000,3.5,3.499,3.5
17:20:31,562,1,subida,0.008097,0.008098,0.008087,10.660000,3.5,3.499,3.5
17:20:31,564,1,subida,0.008096,0.008098,0.008088,10.670000,3.5,3.499,3.5
17:20:31,565,1,subida,0.008095,0.008098,0.008088,10.670000,3.5,3.499,3.5
17:20:31,566,1,subida,0.008096,0.008097,0.008086,10.660000,3.5,3.498,3.5
17:20:31,567,1,subida,0.008095,0.008097,0.008088,10.660000,3.5,3.499,3.5
17:20:32,568,1,subida,0.008095,0.008097,0.008086,10.660000,3.5,3.498,3.5
17:20:32,569,1,subida,0.008095,0.008097,0.008088,10.660000,3.5,3.498,3.5
17:20:32,570,1,subida,0.008094,0.008097,0.008090,10.660000,3.5,3.499,3.5
17:20:32,571,1,subida,0.008094,0.008096,0.008090,10.660000,3.5,3.499,3.5
17:20:32,572,1,subida,0.008094,0.008096,0.008089,10.660000,3.498,3.5,3.5
17:20:32,573,1,subida,0.008095,0.008096,0.008088,10.660000,3.5,3.498,3.5
17:20:32,574,1,subida,0.008096,0.008096,0.008088,10.660000,3.5,3.498,3.5
17:20:32,575,1,subida,0.008097,0.008096,0.008089,10.660000,3.498,3.5,3.5
17:20:32,576,1,subida,0.008097,0.008096,0.008088,10.660000,3.5,3.498,3.5
17:20:32,577,1,subida,0.008096,0.008096,0.008087,10.660000,3.5,3.498,3.5
17:20:32,578,1,subida,0.008096,0.008096,0.008087,10.670000,3.5,3.498,3.5
17:20:32,579,1,subida,0.008095,0.008096,0.008086,10.670000,3.5,3.498,3.5
17:20:32,580,1,subida,0.008095,0.008096,0.008086,10.660000,3.5,3.498,3.5
17:20:32,581,1,subida,0.008095,0.008096,0.008087,10.660000,3.498,3.5,3.5
17:20:32,582,1,subida,0.008095,0.008096,0.008087,10.660000,3.5,3.498,3.5
17:20:32,583,1,subida,0.008094,0.008096,0.008088,10.660000,3.5,3.498,3.5
17:20:32,584,1,subida,0.008094,0.008096,0.008089,10.670000,3.5,3.498,3.5
17:20:32,585,1,subida,0.008094,0.008095,0.008088,10.670000,3.5,3.498,3.5
17:20:32,586,1,subida,0.008095,0.008095,0.008085,10.660000,3.5,3.498,3.5
17:20:32,587,1,subida,0.008095,0.008095,0.008084,10.660000,3.5,3.498,3.5
17:20:33,588,1,subida,0.008093,0.008095,0.008085,10.670000,3.5,3.497,3.5
17:20:33,589,1,subida,0.008092,0.008095,0.008084,10.670000,3.5,3.497,3.5
17:20:33,590,1,subida,0.008092,0.008095,0.008084,10.670000,3.5,3.497,3.5
17:20:33,591,1,subida,0.008093,0.008094,0.008085,10.670000,3.5,3.497,3.5
17:20:33,592,1,subida,0.008092,0.008094,0.008084,10.660000,3.5,3.497,3.5
17:20:33,593,1,subida,0.008091,0.008094,0.008082,10.660000,3.5,3.497,3.5
17:20:33,594,1,subida,0.008091,0.008094,0.008082,10.670000,3.5,3.497,3.5
17:20:33,595,1,subida,0.008091,0.008093,0.008081,10.670000,3.5,3.497,3.5
17:20:33,596,1,subida,0.008091,0.008093,0.008079,10.670000,3.5,3.497,3.5
17:20:33,597,1,subida,0.008090,0.008093,0.008079,10.670000,3.5,3.497,3.5
17:20:33,598,1,subida,0.008088,0.008092,0.008081,10.660000,3.5,3.497,3.5
17:20:33,599,1,subida,0.008087,0.008092,0.008077,10.660000,3.5,3.496,3.5
17:20:33,600,1,subida,0.008087,0.008091,0.008077,10.660000,3.5,3.497,3.5
17:20:33,601,1,subida,0.008087,0.008091,0.008077,10.660000,3.5,3.496,3.5
17:20:33,602,1,subida,0.008086,0.008090,0.008078,10.660000,3.5,3.496,3.5
17:20:33,603,1,subida,0.008084,0.008090,0.008077,10.660000,3.5,3.496,3.5
17:20:33,604,1,subida,0.008083,0.008089,0.008075,10.660000,3.5,3.496,3.5
17:20:33,605,1,subida,0.008084,0.008089,0.008076,10.670000,3.5,3.496,3.5
17:20:33,606,1,subida,0.008085,0.008088,0.008077,10.670000,3.5,3.496,3.5
17:20:33,607,1,subida,0.008084,0.008088,0.008076,10.670000,3.5,3.496,3.5
17:20:33,608,1,subida,0.008083,0.008087,0.008076,10.670000,3.5,3.496,3.5
17:20:33,609,1,subida,0.008084,0.008087,0.008077,10.670000,3.5,3.495,3.5
17:20:34,610,1,subida,0.008084,0.008087,0.008075,10.670000,3.5,3.496,3.5
17:20:34,611,1,subida,0.008083,0.008086,0.008075,10.670000,3.5,3.495,3.5
17:20:34,612,1,subida,0.008084,0.008086,0.008074,10.670000,3.5,3.495,3.5
17:20:34,613,1,subida,0.008083,0.008086,0.008074,10.670000,3.5,3.496,3.5
17:20:34,614,1,subida,0.008082,0.008085,0.008076,10.670000,3.5,3.496,3.5
17:20:34,615,1,subida,0.008082,0.008085,0.008076,10.660000,3.5,3.495,3.5
17:20:34,616,1,subida,0.008082,0.008085,0.008074,10.660000,3.5,3.496,3.5
17:20:34,617,1,subida,0.008083,0.008085,0.008075,10.670000,3.5,3.495,3.5
17:20:34,618,1,subida,0.008082,0.008084,0.008077,10.670000,3.5,3.495,3.5
17:20:34,619,1,subida,0.008082,0.008084,0.008076,10.670000,3.5,3.496,3.5
17:20:34,620,1,subida,0.008083,0.008084,0.008076,10.670000,3.5,3.495,3.5
17:20:34,621,1,subida,0.008084,0.008084,0.008078,10.670000,3.495,3.5,3.5
17:20:34,622,1,subida,0.008084,0.008084,0.008076,10.670000,3.5,3.495,3.5
17:20:34,623,1,subida,0.008084,0.008084,0.008076,10.670000,3.495,3.5,3.5
17:20:34,624,1,subida,0.008084,0.008084,0.008075,10.670000,3.5,3.495,3.5
17:20:34,625,1,subida,0.008084,0.008084,0.008074,10.670000,3.495,3.5,3.5
17:20:34,626,1,subida,0.008083,0.008084,0.008073,10.670000,3.5,3.496,3.5
17:20:34,627,1,subida,0.008082,0.008084,0.008075,10.670000,3.5,3.495,3.5
17:20:34,628,1,subida,0.008082,0.008084,0.008072,10.670000,3.5,3.496,3.5
17:20:35,629,1,subida,0.008081,0.008083,0.008075,10.670000,3.5,3.495,3.5
17:20:35,630,1,subida,0.008080,0.008083,0.008075,10.670000,3.5,3.496,3.5
17:20:35,631,1,subida,0.008079,0.008083,0.008072,10.670000,3.5,3.496,3.5
17:20:35,633,1,subida,0.008080,0.008082,0.008071,10.670000,3.5,3.496,3.5
17:20:35,634,1,subida,0.008081,0.008082,0.008073,10.670000,3.5,3.495,3.5
17:20:35,635,1,subida,0.008081,0.008082,0.008073,10.670000,3.5,3.496,3.5
17:20:35,636,1,subida,0.008080,0.008082,0.008073,10.670000,3.5,3.496,3.5
17:20:35,637,1,subida,0.008079,0.008082,0.008072,10.670000,3.5,3.496,3.5
17:20:35,638,1,subida,0.008080,0.008081,0.008072,10.670000,3.5,3.496,3.5
17:20:35,639,1,subida,0.008080,0.008081,0.008073,10.670000,3.496,3.5,3.5
17:20:35,640,1,subida,0.008079,0.008081,0.008072,10.670000,3.5,3.496,3.5
17:20:35,641,1,subida,0.008079,0.008081,0.008074,10.670000,3.5,3.496,3.5
17:20:35,642,1,subida,0.008080,0.008081,0.008074,10.670000,3.5,3.496,3.5
17:20:35,643,1,subida,0.008081,0.008081,0.008073,10.670000,3.5,3.496,3.5
17:20:35,644,1,subida,0.008080,0.008081,0.008071,10.670000,3.5,3.496,3.5
17:20:35,645,1,subida,0.008079,0.008081,0.008073,10.670000,3.5,3.496,3.5
17:20:35,646,1,subida,0.008080,0.008081,0.008074,10.670000,3.5,3.496,3.5
17:20:35,647,1,subida,0.008080,0.008080,0.008071,10.660000,3.5,3.497,3.5
17:20:35,648,1,subida,0.008079,0.008080,0.008071,10.660000,3.5,3.497,3.5
17:20:35,649,1,subida,0.008078,0.008080,0.008071,10.670000,3.5,3.497,3.5
17:20:35,650,1,subida,0.008079,0.008080,0.008072,10.670000,3.5,3.498,3.5
17:20:36,651,1,subida,0.008078,0.008080,0.008073,10.670000,3.5,3.498,3.5
17:20:36,652,1,subida,0.008078,0.008080,0.008073,10.670000,3.5,3.499,3.5
17:20:36,653,1,subida,0.008079,0.008080,0.008075,10.670000,3.5,3.499,3.5
17:20:36,654,1,subida,0.008081,0.008080,0.008075,10.670000,3.5,3.5,3.5
17:20:36,655,1,subida,0.008082,0.008080,0.008079,10.670000,3.5,3.501,3.5
17:20:36,656,1,subida,0.008083,0.008080,0.008079,10.670000,3.5,3.502,3.5
17:20:36,657,1,subida,0.008084,0.008081,0.008079,10.660000,3.5,3.502,3.5
17:20:36,658,1,subida,0.008084,0.008081,0.008080,10.660000,3.5,3.502,3.5
17:20:36,659,1,subida,0.008085,0.008081,0.008080,10.660000,3.5,3.502,3.5
17:20:36,660,1,subida,0.008086,0.008082,0.008080,10.660000,3.5,3.502,3.5
17:20:36,661,1,subida,0.008086,0.008082,0.008082,10.660000,3.5,3.502,3.5
17:20:36,662,1,subida,0.008086,0.008083,0.008085,10.660000,3.5,3.502,3.5
17:20:36,663,1,subida,0.008087,0.008083,0.008087,10.670000,3.5,3.503,3.5
17:20:36,664,1,subida,0.008088,0.008083,0.008088,10.670000,3.5,3.502,3.5
17:20:36,665,1,subida,0.008090,0.008084,0.008089,10.670000,3.5,3.503,3.5
17:20:36,666,1,subida,0.008092,0.008085,0.008091,10.670000,3.5,3.502,3.5
17:20:36,668,1,subida,0.008095,0.008086,0.008091,10.670000,3.5,3.503,3.5
17:20:37,669,1,subida,0.008096,0.008087,0.008093,10.660000,3.5,3.503,3.5
17:20:37,670,1,subida,0.008097,0.008088,0.008092,10.660000,3.5,3.502,3.5
17:20:37,671,1,subida,0.008098,0.008089,0.008093,10.660000,3.5,3.502,3.5
17:20:37,672,1,subida,0.008099,0.008090,0.008095,10.660000,3.5,3.503,3.5
17:20:37,673,1,subida,0.008100,0.008091,0.008094,10.670000,3.5,3.502,3.5
17:20:37,674,1,subida,0.008101,0.008092,0.008094,10.670000,3.5,3.502,3.5
17:20:37,675,1,subida,0.008101,0.008093,0.008090,10.670000,3.5,3.503,3.5
17:20:37,676,1,subida,0.008100,0.008094,0.008094,10.670000,3.5,3.503,3.5
17:20:37,677,1,subida,0.008100,0.008094,0.008093,10.670000,3.5,3.502,3.5
17:20:37,678,1,subida,0.008100,0.008095,0.008092,10.670000,3.5,3.502,3.5
17:20:37,679,1,subida,0.008100,0.008095,0.008093,10.660000,3.5,3.502,3.5
17:20:37,680,1,subida,0.008100,0.008096,0.008092,10.660000,3.5,3.502,3.5
17:20:37,681,1,subida,0.008100,0.008096,0.008094,10.660000,3.5,3.502,3.5
17:20:37,682,1,subida,0.008100,0.008097,0.008096,10.660000,3.5,3.502,3.5
17:20:37,683,1,subida,0.008101,0.008097,0.008096,10.670000,3.5,3.502,3.5
17:20:37,684,1,subida,0.008102,0.008097,0.008097,10.670000,3.5,3.502,3.5
17:20:37,685,1,subida,0.008104,0.008098,0.008098,10.660000,3.5,3.502,3.5
17:20:37,686,1,subida,0.008105,0.008099,0.008097,10.660000,3.5,3.502,3.5
17:20:37,688,1,subida,0.008105,0.008099,0.008096,10.660000,3.5,3.502,3.5
17:20:37,689,1,subida,0.008104,0.008100,0.008100,10.660000,3.5,3.502,3.5
17:20:37,690,1,subida,0.008105,0.008100,0.008100,10.670000,3.5,3.501,3.5
17:20:38,691,1,subida,0.008106,0.008101,0.008100,10.670000,3.5,3.502,3.5
17:20:38,692,1,subida,0.008107,0.008101,0.008100,10.660000,3.5,3.501,3.5
17:20:38,693,1,subida,0.008108,0.008102,0.008100,10.660000,3.5,3.502,3.5
17:20:38,694,1,subida,0.008107,0.008102,0.008099,10.670000,3.5,3.501,3.5
17:20:38,695,1,subida,0.008107,0.008103,0.008099,10.670000,3.5,3.502,3.5
17:20:38,696,1,subida,0.008106,0.008103,0.008099,10.670000,3.501,3.5,3.5
17:20:38,697,1,subida,0.008106,0.008103,0.008099,10.670000,3.5,3.502,3.5
17:20:38,698,1,subida,0.008106,0.008104,0.008099,10.660000,3.5,3.501,3.5
17:20:38,699,1,subida,0.008106,0.008104,0.008100,10.660000,3.5,3.501,3.5
17:20:38,700,1,subida,0.008105,0.008104,0.008100,10.670000,3.5,3.501,3.5
17:20:38,701,1,subida,0.008105,0.008104,0.008101,10.670000,3.5,3.501,3.5
17:20:38,702,1,subida,0.008105,0.008104,0.008101,10.670000,3.5,3.502,3.5
17:20:38,703,1,subida,0.008105,0.008104,0.008099,10.670000,3.5,3.501,3.5
17:20:38,704,1,subida,0.008105,0.008104,0.008099,10.660000,3.5,3.502,3.5
17:20:38,705,1,subida,0.008106,0.008105,0.008099,10.660000,3.5,3.501,3.5
17:20:38,706,1,subida,0.008107,0.008105,0.008099,10.660000,3.5,3.502,3.5
17:20:38,707,1,subida,0.008107,0.008105,0.008099,10.660000,3.5,3.501,3.5
17:20:39,708,1,subida,0.008107,0.008105,0.008099,10.670000,3.5,3.502,3.5
17:20:39,709,1,subida,0.008106,0.008105,0.008099,10.670000,3.5,3.501,3.5
17:20:39,710,1,subida,0.008107,0.008105,0.008100,10.670000,3.5,3.501,3.5
17:20:39,711,1,subida,0.008107,0.008106,0.008094,10.670000,3.5,3.501,3.5
17:20:39,712,1,subida,0.008106,0.008106,0.008097,10.670000,3.5,3.501,3.5
17:20:39,713,1,subida,0.008106,0.008106,0.008098,10.670000,3.501,3.5,3.5
17:20:39,714,1,subida,0.008106,0.008106,0.008097,10.670000,3.5,3.501,3.5
17:20:39,715,1,subida,0.008107,0.008106,0.008096,10.670000,3.5,3.501,3.5
17:20:39,716,1,subida,0.008105,0.008106,0.008096,10.670000,3.5,3.501,3.5
17:20:39,717,1,subida,0.008103,0.008105,0.008096,10.670000,3.5,3.502,3.5
17:20:39,718,1,subida,0.008102,0.008105,0.008097,10.660000,3.501,3.5,3.5
17:20:39,719,1,subida,0.008103,0.008105,0.008098,10.660000,3.5,3.501,3.5
17:20:39,720,1,subida,0.008103,0.008105,0.008097,10.670000,3.5,3.501,3.5
17:20:39,721,1,subida,0.008103,0.008105,0.008097,10.670000,3.5,3.501,3.5
17:20:39,722,1,subida,0.008103,0.008104,0.008097,10.670000,3.5,3.501,3.5
17:20:39,723,1,subida,0.008102,0.008104,0.008096,10.670000,3.5,3.501,3.5
17:20:39,724,1,subida,0.008103,0.008104,0.008097,10.670000,3.5,3.501,3.5
17:20:39,725,1,subida,0.008104,0.008104,0.008097,10.670000,3.5,3.502,3.5
17:20:39,726,1,subida,0.008104,0.008104,0.008099,10.670000,3.502,3.5,3.5
17:20:39,727,1,subida,0.008104,0.008104,0.008098,10.670000,3.5,3.501,3.5
17:20:40,728,1,subida,0.008104,0.008104,0.008098,10.670000,3.502,3.5,3.5
17:20:40,729,1,subida,0.008103,0.008104,0.008098,10.670000,3.5,3.501,3.5
17:20:40,730,1,subida,0.008103,0.008104,0.008100,10.670000,3.5,3.502,3.5
17:20:40,731,1,subida,0.008104,0.008104,0.008099,10.670000,3.5,3.502,3.5
17:20:40,732,1,subida,0.008105,0.008104,0.008098,10.670000,3.5,3.501,3.5
17:20:40,733,1,subida,0.008105,0.008104,0.008097,10.670000,3.5,3.502,3.5
17:20:40,734,1,subida,0.008105,0.008104,0.008097,10.670000,3.5,3.502,3.5
17:20:40,735,1,subida,0.008106,0.008104,0.008099,10.670000,3.5,3.501,3.5
17:20:40,736,1,subida,0.008104,0.008104,0.008097,10.670000,3.5,3.502,3.5
17:20:40,737,1,subida,0.008104,0.008104,0.008098,10.670000,3.5,3.501,3.5
17:20:40,738,1,subida,0.008104,0.008104,0.008099,10.670000,3.5,3.502,3.5
17:20:40,739,1,subida,0.008104,0.008104,0.008099,10.670000,3.5,3.502,3.5
17:20:40,740,1,subida,0.008105,0.008104,0.008100,10.670000,3.5,3.501,3.5
17:20:40,741,1,subida,0.008105,0.008104,0.008102,10.670000,3.5,3.502,3.5
17:20:40,742,1,subida,0.008105,0.008104,0.008099,10.670000,3.5,3.502,3.5
17:20:40,743,1,subida,0.008106,0.008105,0.008099,10.670000,3.5,3.502,3.5
17:20:40,744,1,subida,0.008106,0.008105,0.008096,10.670000,3.5,3.502,3.5
17:20:40,745,1,subida,0.008106,0.008105,0.008098,10.670000,3.5,3.502,3.5
17:20:40,746,1,subida,0.008106,0.008105,0.008099,10.670000,3.5,3.502,3.5
17:20:40,747,1,subida,0.008105,0.008105,0.008100,10.670000,3.5,3.502,3.5
17:20:41,748,1,subida,0.008104,0.008105,0.008099,10.670000,3.5,3.501,3.5
17:20:41,749,1,subida,0.008104,0.008105,0.008098,10.670000,3.5,3.501,3.5
17:20:41,750,1,subida,0.008105,0.008105,0.008101,10.670000,3.5,3.502,3.5
17:20:41,751,1,subida,0.008106,0.008105,0.008101,10.670000,3.5,3.502,3.5
17:20:41,752,1,subida,0.008105,0.008105,0.008100,10.670000,3.5,3.501,3.5
17:20:41,753,1,subida,0.008104,0.008105,0.008101,10.670000,3.5,3.502,3.5
17:20:41,754,1,subida,0.008105,0.008105,0.008100,10.670000,3.5,3.501,3.5
17:20:41,755,1,subida,0.008106,0.008105,0.008100,10.670000,3.502,3.5,3.5
17:20:41,756,1,subida,0.008107,0.008105,0.008097,10.670000,3.5,3.502,3.5
17:20:41,757,1,subida,0.008106,0.008105,0.008099,10.670000,3.5,3.501,3.5
17:20:41,758,1,subida,0.008106,0.008105,0.008098,10.670000,3.501,3.5,3.5
17:20:41,759,1,subida,0.008106,0.008105,0.008097,10.670000,3.5,3.501,3.5
17:20:41,760,1,subida,0.008105,0.008105,0.008099,10.670000,3.5,3.502,3.5
17:20:41,761,1,subida,0.008105,0.008105,0.008095,10.670000,3.501,3.5,3.5
17:20:41,762,1,subida,0.008105,0.008105,0.008097,10.670000,3.5,3.501,3.5
17:20:42,763,1,subida,0.008104,0.008105,0.008097,10.670000,3.5,3.501,3.5
17:20:42,764,1,subida,0.008104,0.008105,0.008098,10.670000,3.5,3.501,3.5
17:20:42,765,1,subida,0.008105,0.008105,0.008098,10.670000,3.5,3.501,3.5
17:20:42,766,1,subida,0.008104,0.008105,0.008097,10.670000,3.5,3.501,3.5
17:20:42,767,1,subida,0.008104,0.008105,0.008098,10.670000,3.5,3.501,3.5
17:20:42,768,1,subida,0.008103,0.008105,0.008097,10.670000,3.5,3.501,3.5
17:20:42,769,1,subida,0.008103,0.008105,0.008096,10.670000,3.5,3.501,3.5
17:20:42,770,1,subida,0.008104,0.008104,0.008098,10.670000,3.5,3.501,3.5
17:20:42,771,1,subida,0.008103,0.008104,0.008097,10.670000,3.5,3.501,3.5
17:20:42,772,1,subida,0.008103,0.008104,0.008098,10.670000,3.5,3.501,3.5
17:20:42,773,1,subida,0.008104,0.008104,0.008097,10.670000,3.5,3.501,3.5
17:20:42,774,1,subida,0.008104,0.008104,0.008096,10.670000,3.5,3.501,3.5
17:20:42,775,1,subida,0.008104,0.008104,0.008096,10.670000,3.5,3.501,3.5
17:20:42,776,1,subida,0.008103,0.008104,0.008094,10.670000,3.5,3.5,3.5
17:20:42,777,1,subida,0.008104,0.008104,0.008093,10.670000,3.5,3.5,3.5
17:20:42,778,1,subida,0.008104,0.008104,0.008093,10.670000,3.5,3.501,3.5
17:20:42,779,1,subida,0.008104,0.008104,0.008094,10.670000,3.5,3.5,3.5
17:20:42,780,1,subida,0.008103,0.008104,0.008094,10.670000,3.5,3.501,3.5
17:20:42,781,1,subida,0.008103,0.008104,0.008092,10.670000,3.5,3.5,3.5
17:20:42,782,1,subida,0.008103,0.008104,0.008092,10.670000,3.5,3.501,3.5
17:20:42,783,1,subida,0.008101,0.008104,0.008093,10.670000,3.5,3.5,3.5
17:20:42,784,1,subida,0.008100,0.008103,0.008094,10.670000,3.5,3.501,3.5
17:20:42,785,1,subida,0.008100,0.008103,0.008095,10.670000,3.5,3.5,3.5
17:20:42,786,1,subida,0.008100,0.008103,0.008094,10.670000,3.5,3.5,3.5
17:20:42,787,1,subida,0.008100,0.008102,0.008092,10.670000,3.5,3.5,3.5
17:20:43,788,1,subida,0.008100,0.008102,0.008090,10.670000,3.5,3.501,3.5
17:20:43,789,1,subida,0.008100,0.008102,0.008091,10.670000,3.5,3.5,3.5
17:20:43,790,1,subida,0.008101,0.008102,0.008092,10.670000,3.5,3.501,3.5
17:20:43,791,1,subida,0.008100,0.008102,0.008094,10.660000,3.5,3.5,3.5
17:20:43,792,1,subida,0.008098,0.008101,0.008094,10.660000,3.5,3.5,3.5
17:20:43,793,1,subida,0.008098,0.008101,0.008091,10.670000,3.5,3.5,3.5
17:20:43,794,1,subida,0.008100,0.008101,0.008093,10.670000,3.5,3.5,3.5
17:20:43,795,1,subida,0.008100,0.008101,0.008091,10.670000,3.5,3.5,3.5
17:20:43,796,1,subida,0.008099,0.008101,0.008091,10.670000,3.5,3.501,3.5
17:20:43,797,1,subida,0.008098,0.008100,0.008090,10.670000,3.5,3.5,3.5
17:20:43,798,1,subida,0.008098,0.008100,0.008091,10.670000,3.5,3.5,3.5
17:20:43,799,1,subida,0.008097,0.008100,0.008090,10.670000,3.5,3.5,3.5
17:20:43,800,1,subida,0.008098,0.008100,0.008089,10.670000,3.5,3.501,3.5
17:20:43,801,1,subida,0.008097,0.008099,0.008090,10.670000,3.5,3.5,3.5
17:20:43,802,1,subida,0.008097,0.008099,0.008090,10.670000,3.5,3.5,3.5
17:20:43,803,1,subida,0.008096,0.008099,0.008090,10.670000,3.5,3.5,3.5
17:20:43,804,1,subida,0.008096,0.008099,0.008092,10.670000,3.5,3.5,3.5
17:20:43,805,1,subida,0.008098,0.008099,0.008092,10.670000,3.5,3.5,3.5
17:20:43,806,1,subida,0.008098,0.008099,0.008089,10.670000,3.5,3.5,3.5
17:20:43,807,1,subida,0.008098,0.008098,0.008091,10.660000,3.5,3.5,3.5
17:20:43,809,1,subida,0.008098,0.008098,0.008091,10.660000,3.5,3.5,3.5
17:20:43,810,1,subida,0.008098,0.008098,0.008090,10.660000,3.5,3.5,3.5
17:20:43,811,1,subida,0.008097,0.008098,0.008089,10.660000,3.5,3.5,3.5
17:20:43,812,1,subida,0.008096,0.008098,0.008089,10.660000,3.5,3.5,3.5
17:20:44,814,1,subida,0.008097,0.008098,0.008090,10.660000,3.5,3.5,3.5
17:20:44,815,1,subida,0.008098,0.008098,0.008091,10.660000,3.5,3.5,3.5
17:20:44,816,1,subida,0.008097,0.008098,0.008090,10.660000,3.5,3.5,3.5
17:20:44,817,1,subida,0.008097,0.008098,0.008091,10.660000,3.5,3.5,3.5
17:20:44,818,1,subida,0.008098,0.008098,0.008093,10.660000,3.5,3.5,3.5
17:20:44,820,1,subida,0.008099,0.008098,0.008093,10.660000,3.5,3.5,3.5
17:20:44,821,1,subida,0.008099,0.008098,0.008090,10.660000,3.5,3.5,3.5
17:20:44,823,1,subida,0.008098,0.008098,0.008092,10.660000,3.5,3.5,3.5
17:20:44,824,1,subida,0.008098,0.008098,0.008094,10.660000,3.5,3.5,3.5
17:20:44,825,1,subida,0.008099,0.008098,0.008092,10.660000,3.5,3.499,3.5
17:20:44,827,1,subida,0.008098,0.008098,0.008092,10.660000,3.5,3.499,3.5
17:20:44,828,1,subida,0.008098,0.008098,0.008093,10.660000,3.5,3.5,3.5
17:20:44,829,1,subida,0.008099,0.008098,0.008095,10.660000,3.5,3.499,3.5
17:20:44,830,1,subida,0.008101,0.008098,0.008094,10.660000,3.5,3.5,3.5
17:20:44,831,1,subida,0.008101,0.008099,0.008095,10.660000,3.5,3.499,3.5
17:20:44,833,1,subida,0.008100,0.008099,0.008093,10.660000,3.5,3.499,3.5
17:20:44,834,1,subida,0.008100,0.008099,0.008093,10.660000,3.5,3.5,3.5
17:20:44,836,1,subida,0.008100,0.008099,0.008093,10.660000,3.5,3.5,3.5
17:20:44,837,1,subida,0.008100,0.008099,0.008094,10.660000,3.499,3.5,3.5
17:20:45,838,1,subida,0.008100,0.008099,0.008094,10.660000,3.499,3.5,3.5
17:20:45,839,1,subida,0.008100,0.008099,0.008092,10.660000,3.499,3.5,3.5
17:20:45,840,1,subida,0.008100,0.008099,0.008092,10.660000,3.5,3.499,3.5
17:20:45,841,1,subida,0.008099,0.008099,0.008091,10.660000,3.499,3.5,3.5
17:20:45,842,1,subida,0.008098,0.008099,0.008091,10.660000,3.5,3.499,3.5
17:21:55,844,1,subida,0.021369,0.021370,0.021353,10.650000,6.5,6.5,6.5
17:21:55,845,1,subida,0.021371,0.021370,0.021356,10.650000,6.5,6.5,6.5
17:21:55,848,1,subida,0.021372,0.021370,0.021355,10.650000,6.5,6.5,6.5
17:21:55,849,1,subida,0.021372,0.021370,0.021354,10.650000,6.5,6.5,6.5
17:21:55,850,1,subida,0.021371,0.021371,0.021356,10.650000,6.5,6.5,6.5
17:21:55,852,1,subida,0.021372,0.021371,0.021356,10.650000,6.5,6.5,6.5
17:21:55,853,1,subida,0.021372,0.021371,0.021355,10.650000,6.5,6.5,6.5
17:21:55,854,1,subida,0.021372,0.021371,0.021356,10.650000,6.5,6.5,6.5
17:21:55,855,1,subida,0.021373,0.021371,0.021357,10.650000,6.5,6.5,6.5
17:21:55,856,1,subida,0.021374,0.021371,0.021356,10.650000,6.5,6.5,6.5
17:21:56,857,1,subida,0.021373,0.021372,0.021356,10.650000,6.5,6.5,6.5
17:21:56,859,1,subida,0.021372,0.021372,0.021357,10.650000,6.5,6.5,6.5
17:21:56,860,1,subida,0.021372,0.021372,0.021357,10.650000,6.5,6.5,6.5
17:21:56,861,1,subida,0.021374,0.021372,0.021356,10.650000,6.5,6.5,6.5
17:21:56,862,1,subida,0.021374,0.021372,0.021358,10.650000,6.5,6.5,6.5
17:21:56,864,1,subida,0.021374,0.021372,0.021357,10.650000,6.5,6.499,6.5
17:21:56,865,1,subida,0.021373,0.021372,0.021356,10.650000,6.5,6.499,6.5
17:21:56,866,1,subida,0.021372,0.021372,0.021354,10.650000,6.5,6.499,6.5
17:21:56,867,1,subida,0.021372,0.021372,0.021355,10.650000,6.5,6.499,6.5
17:21:56,868,1,subida,0.021372,0.021372,0.021355,10.650000,6.5,6.499,6.5
17:21:56,870,1,subida,0.021372,0.021372,0.021353,10.650000,6.5,6.499,6.5
17:21:56,871,1,subida,0.021372,0.021372,0.021352,10.650000,6.5,6.499,6.5
17:21:56,872,1,subida,0.021371,0.021372,0.021353,10.650000,6.5,6.499,6.5
17:21:56,873,1,subida,0.021369,0.021372,0.021353,10.650000,6.499,6.5,6.5
17:21:56,874,1,subida,0.021369,0.021372,0.021353,10.650000,6.5,6.499,6.5
17:21:56,875,1,subida,0.021369,0.021371,0.021352,10.650000,6.5,6.499,6.5
17:21:56,876,1,subida,0.021368,0.021371,0.021350,10.650000,6.5,6.499,6.5
17:21:56,878,1,subida,0.021366,0.021371,0.021349,10.650000,6.5,6.499,6.5
17:21:56,879,1,subida,0.021365,0.021370,0.021349,10.650000,6.5,6.499,6.5
17:21:57,880,1,subida,0.021365,0.021370,0.021349,10.650000,6.5,6.498,6.5
17:21:57,881,1,subida,0.021367,0.021369,0.021352,10.650000,6.5,6.499,6.5
17:21:57,883,1,subida,0.021368,0.021369,0.021349,10.650000,6.5,6.498,6.5
17:21:57,884,1,subida,0.021368,0.021369,0.021349,10.650000,6.5,6.498,6.5
17:21:57,885,1,subida,0.021366,0.021369,0.021349,10.650000,6.5,6.498,6.5
17:21:57,886,1,subida,0.021366,0.021369,0.021349,10.650000,6.5,6.498,6.5
17:21:57,887,1,subida,0.021366,0.021368,0.021348,10.650000,6.5,6.498,6.5
17:21:57,888,1,subida,0.021366,0.021368,0.021350,10.650000,6.5,6.498,6.5
17:21:57,889,1,subida,0.021367,0.021368,0.021350,10.650000,6.5,6.498,6.5
17:21:57,891,1,subida,0.021368,0.021368,0.021350,10.650000,6.5,6.498,6.5
17:21:57,892,1,subida,0.021367,0.021368,0.021349,10.650000,6.5,6.497,6.5
17:21:57,893,1,subida,0.021366,0.021368,0.021347,10.650000,6.5,6.498,6.5
17:21:57,895,1,subida,0.021366,0.021367,0.021349,10.650000,6.5,6.498,6.5
17:21:57,896,1,subida,0.021366,0.021367,0.021348,10.650000,6.5,6.498,6.5
17:21:57,897,1,subida,0.021365,0.021367,0.021346,10.650000,6.5,6.498,6.5
17:21:57,898,1,subida,0.021364,0.021367,0.021345,10.650000,6.5,6.498,6.5
17:21:57,900,1,subida,0.021362,0.021366,0.021342,10.650000,6.5,6.498,6.5
17:21:57,901,1,subida,0.021361,0.021366,0.021343,10.650000,6.5,6.497,6.5
17:21:57,902,1,subida,0.021360,0.021365,0.021343,10.650000,6.5,6.498,6.5
17:21:57,904,1,subida,0.021360,0.021365,0.021343,10.650000,6.5,6.498,6.5
17:21:58,905,1,subida,0.021360,0.021364,0.021343,10.650000,6.5,6.498,6.5
17:21:58,906,1,subida,0.021361,0.021364,0.021344,10.650000,6.5,6.498,6.5
17:21:58,907,1,subida,0.021361,0.021364,0.021345,10.650000,6.5,6.498,6.5
17:21:58,909,1,subida,0.021362,0.021364,0.021344,10.650000,6.5,6.498,6.5
17:21:58,910,1,subida,0.021361,0.021363,0.021344,10.650000,6.5,6.498,6.5
17:21:58,911,1,subida,0.021361,0.021363,0.021344,10.650000,6.5,6.499,6.5
17:21:58,912,1,subida,0.021359,0.021363,0.021341,10.650000,6.5,6.498,6.5
17:21:58,914,1,subida,0.021358,0.021362,0.021341,10.650000,6.5,6.499,6.5
17:21:58,915,1,subida,0.021358,0.021362,0.021339,10.650000,6.5,6.498,6.5
17:21:58,917,1,subida,0.021357,0.021361,0.021342,10.650000,6.5,6.499,6.5
17:21:58,918,1,subida,0.021358,0.021361,0.021341,10.650000,6.499,6.5,6.5
17:21:58,919,1,subida,0.021358,0.021361,0.021342,10.650000,6.5,6.499,6.5
17:21:58,921,1,subida,0.021359,0.021361,0.021346,10.650000,6.5,6.499,6.5
17:21:58,922,1,subida,0.021362,0.021361,0.021347,10.650000,6.5,6.5,6.5
17:21:58,923,1,subida,0.021364,0.021361,0.021347,10.650000,6.5,6.5,6.5
17:21:58,924,1,subida,0.021364,0.021361,0.021346,10.650000,6.5,6.5,6.5
17:21:58,925,1,subida,0.021363,0.021362,0.021347,10.650000,6.5,6.501,6.5
17:21:58,927,1,subida,0.021363,0.021362,0.021343,10.650000,6.5,6.5,6.5
17:21:58,928,1,subida,0.021361,0.021362,0.021344,10.650000,6.5,6.501,6.5
17:21:58,929,1,subida,0.021361,0.021361,0.021345,10.650000,6.5,6.501,6.5
17:21:59,930,1,subida,0.021362,0.021361,0.021345,10.650000,6.5,6.5,6.5
17:21:59,932,1,subida,0.021361,0.021361,0.021343,10.650000,6.501,6.5,6.5
17:21:59,933,1,subida,0.021361,0.021361,0.021344,10.650000,6.5,6.501,6.5
17:21:59,934,1,subida,0.021361,0.021361,0.021344,10.650000,6.5,6.501,6.5
17:21:59,935,1,subida,0.021361,0.021361,0.021344,10.650000,6.5,6.501,6.5
17:21:59,937,1,subida,0.021361,0.021361,0.021346,10.650000,6.5,6.501,6.5
17:21:59,938,1,subida,0.021363,0.021362,0.021349,10.650000,6.501,6.5,6.5
17:21:59,939,1,subida,0.021365,0.021362,0.021352,10.650000,6.5,6.501,6.5
17:21:59,941,1,subida,0.021366,0.021362,0.021350,10.650000,6.5,6.501,6.5
17:21:59,942,1,subida,0.021366,0.021363,0.021351,10.650000,6.501,6.5,6.5
17:21:59,943,1,subida,0.021367,0.021363,0.021350,10.650000,6.5,6.501,6.5
17:21:59,945,1,subida,0.021367,0.021363,0.021351,10.650000,6.502,6.5,6.5
17:21:59,946,1,subida,0.021368,0.021364,0.021352,10.650000,6.5,6.501,6.5
17:21:59,947,1,subida,0.021368,0.021364,0.021353,10.650000,6.5,6.501,6.5
17:21:59,948,1,subida,0.021368,0.021365,0.021353,10.650000,6.5,6.501,6.5
17:21:59,949,1,subida,0.021369,0.021365,0.021355,10.650000,6.5,6.501,6.5
17:21:59,950,1,subida,0.021369,0.021366,0.021356,10.650000,6.5,6.501,6.5
17:21:59,951,1,subida,0.021371,0.021366,0.021354,10.650000,6.5,6.501,6.5
17:21:59,952,1,subida,0.021372,0.021367,0.021357,10.650000,6.5,6.501,6.5
17:21:59,953,1,subida,0.021373,0.021367,0.021356,10.650000,6.5,6.501,6.5
17:22:00,954,1,subida,0.021372,0.021368,0.021354,10.650000,6.5,6.501,6.5
17:22:00,956,1,subida,0.021371,0.021368,0.021355,10.650000,6.5,6.501,6.5
17:22:00,957,1,subida,0.021372,0.021368,0.021356,10.650000,6.5,6.501,6.5
17:22:00,958,1,subida,0.021373,0.021369,0.021356,10.650000,6.5,6.501,6.5
17:22:00,959,1,subida,0.021373,0.021369,0.021356,10.650000,6.501,6.5,6.5
17:22:00,961,1,subida,0.021374,0.021370,0.021359,10.650000,6.5,6.501,6.5
17:22:00,962,1,subida,0.021376,0.021370,0.021360,10.650000,6.5,6.501,6.5
17:22:00,964,1,subida,0.021376,0.021371,0.021359,10.650000,6.501,6.5,6.5
17:22:00,965,1,subida,0.021376,0.021371,0.021358,10.650000,6.5,6.501,6.5
17:22:00,967,1,subida,0.021374,0.021372,0.021358,10.650000,6.501,6.5,6.5
17:22:00,968,1,subida,0.021374,0.021372,0.021361,10.650000,6.5,6.501,6.5
17:22:00,969,1,subida,0.021376,0.021372,0.021360,10.650000,6.501,6.5,6.5
17:22:00,970,1,subida,0.021376,0.021373,0.021360,10.650000,6.5,6.501,6.5
17:22:00,971,1,subida,0.021375,0.021373,0.021358,10.650000,6.5,6.501,6.5
17:22:00,972,1,subida,0.021375,0.021373,0.021359,10.650000,6.5,6.501,6.5
17:22:00,974,1,subida,0.021375,0.021373,0.021356,10.650000,6.5,6.501,6.5
17:22:00,975,1,subida,0.021374,0.021373,0.021356,10.650000,6.5,6.501,6.5
17:22:00,976,1,subida,0.021373,0.021373,0.021357,10.650000,6.5,6.501,6.5
17:22:00,978,1,subida,0.021373,0.021373,0.021357,10.650000,6.501,6.5,6.5
17:22:00,979,1,subida,0.021373,0.021373,0.021358,10.650000,6.5,6.501,6.5
17:22:01,980,1,subida,0.021374,0.021373,0.021357,10.650000,6.5,6.501,6.5
17:22:01,981,1,subida,0.021375,0.021373,0.021359,10.650000,6.5,6.5,6.5
17:22:01,982,1,subida,0.021375,0.021374,0.021356,10.650000,6.5,6.501,6.5
17:22:01,983,1,subida,0.021375,0.021374,0.021360,10.650000,6.501,6.5,6.5
17:22:01,984,1,subida,0.021375,0.021374,0.021358,10.650000,6.5,6.501,6.5
17:22:01,985,1,subida,0.021375,0.021374,0.021357,10.650000,6.5,6.501,6.5
17:22:01,986,1,subida,0.021374,0.021374,0.021355,10.650000,6.5,6.501,6.5
17:22:01,987,1,subida,0.021372,0.021374,0.021355,10.650000,6.5,6.5,6.5
17:22:01,989,1,subida,0.021371,0.021374,0.021353,10.650000,6.5,6.5,6.5
17:22:01,990,1,subida,0.021371,0.021373,0.021355,10.650000,6.5,6.5,6.5
17:22:01,991,1,subida,0.021371,0.021373,0.021355,10.650000,6.5,6.5,6.5
17:22:01,993,1,subida,0.021373,0.021373,0.021355,10.650000,6.5,6.5,6.5
17:22:01,994,1,subida,0.021372,0.021373,0.021353,10.650000,6.5,6.5,6.5
17:22:01,995,1,subida,0.021371,0.021373,0.021352,10.650000,6.5,6.5,6.5
17:22:01,996,1,subida,0.021370,0.021372,0.021353,10.650000,6.5,6.5,6.5
17:22:01,997,1,subida,0.021370,0.021372,0.021354,10.650000,6.5,6.5,6.5
17:22:01,998,1,subida,0.021371,0.021372,0.021355,10.650000,6.5,6.5,6.5
17:22:01,999,1,subida,0.021372,0.021372,0.021355,10.650000,6.5,6.5,6.5
17:22:01,1001,1,subida,0.021372,0.021372,0.021357,10.650000,6.5,6.5,6.5
17:22:01,1002,1,subida,0.021372,0.021372,0.021356,10.650000,6.5,6.5,6.5
17:22:02,1003,1,subida,0.021373,0.021372,0.021355,10.650000,6.5,6.5,6.5
17:22:02,1005,1,subida,0.021373,0.021372,0.021357,10.650000,6.5,6.5,6.5
17:22:02,1006,1,subida,0.021373,0.021372,0.021356,10.650000,6.5,6.5,6.5
17:22:02,1008,1,subida,0.021374,0.021372,0.021359,10.650000,6.5,6.499,6.5
17:22:02,1009,1,subida,0.021375,0.021373,0.021359,10.650000,6.5,6.5,6.5
17:22:02,1010,1,subida,0.021376,0.021373,0.021359,10.650000,6.5,6.5,6.5
17:22:02,1011,1,subida,0.021375,0.021373,0.021357,10.650000,6.5,6.5,6.5
17:22:02,1013,1,subida,0.021374,0.021373,0.021358,10.650000,6.5,6.5,6.5
17:22:02,1016,1,subida,0.021374,0.021373,0.021357,10.650000,6.5,6.499,6.5
17:22:02,1017,1,subida,0.021374,0.021373,0.021355,10.650000,6.5,6.499,6.5
17:22:02,1018,1,subida,0.021373,0.021373,0.021355,10.650000,6.5,6.5,6.5
17:22:02,1019,1,subida,0.021372,0.021373,0.021355,10.650000,6.499,6.5,6.5
17:22:02,1020,1,subida,0.021372,0.021373,0.021354,10.650000,6.5,6.5,6.5
17:22:02,1021,1,subida,0.021372,0.021373,0.021354,10.650000,6.499,6.5,6.5
17:22:02,1022,1,subida,0.021372,0.021373,0.021355,10.650000,6.5,6.499,6.5
17:22:02,1024,1,subida,0.021371,0.021373,0.021354,10.650000,6.5,6.499,6.5
17:22:02,1025,1,subida,0.021370,0.021372,0.021355,10.650000,6.5,6.499,6.5
17:22:02,1026,1,subida,0.021371,0.021372,0.021352,10.650000,6.5,6.499,6.5
17:22:03,1027,1,subida,0.021371,0.021372,0.021354,10.650000,6.5,6.499,6.5
17:22:03,1028,1,subida,0.021371,0.021372,0.021355,10.650000,6.5,6.499,6.5
17:22:03,1029,1,subida,0.021372,0.021372,0.021355,10.650000,6.5,6.499,6.5
17:22:03,1030,1,subida,0.021371,0.021372,0.021354,10.650000,6.5,6.499,6.5
17:22:03,1031,1,subida,0.021371,0.021372,0.021355,10.650000,6.5,6.499,6.5
17:22:03,1033,1,subida,0.021372,0.021372,0.021354,10.650000,6.5,6.499,6.5
17:22:03,1034,1,subida,0.021371,0.021372,0.021353,10.650000,6.5,6.499,6.5
17:22:03,1035,1,subida,0.021370,0.021372,0.021354,10.650000,6.5,6.499,6.5
17:22:03,1037,1,subida,0.021370,0.021372,0.021353,10.650000,6.5,6.499,6.5
17:22:03,1038,1,subida,0.021370,0.021371,0.021354,10.650000,6.5,6.499,6.5
17:22:03,1039,1,subida,0.021370,0.021371,0.021353,10.650000,6.5,6.5,6.5
17:22:03,1040,1,subida,0.021370,0.021371,0.021351,10.650000,6.5,6.5,6.5
17:22:03,1041,1,subida,0.021370,0.021371,0.021352,10.650000,6.5,6.499,6.5
17:22:03,1043,1,subida,0.021369,0.021371,0.021353,10.650000,6.499,6.5,6.5
17:22:03,1044,1,subida,0.021370,0.021371,0.021354,10.650000,6.5,6.5,6.5
17:22:03,1045,1,subida,0.021370,0.021371,0.021354,10.650000,6.5,6.499,6.5
17:22:03,1046,1,subida,0.021370,0.021371,0.021353,10.650000,6.5,6.5,6.5
17:22:03,1048,1,subida,0.021370,0.021371,0.021353,10.650000,6.5,6.5,6.5
17:22:03,1049,1,subida,0.021370,0.021371,0.021354,10.650000,6.5,6.5,6.5
17:22:03,1050,1,subida,0.021370,0.021371,0.021353,10.650000,6.5,6.5,6.5
17:22:04,1051,1,subida,0.021369,0.021370,0.021349,10.650000,6.5,6.5,6.5
17:22:04,1052,1,subida,0.021367,0.021370,0.021349,10.650000,6.5,6.5,6.5
17:22:04,1053,1,subida,0.021365,0.021370,0.021349,10.650000,6.5,6.5,6.5
17:22:04,1054,1,subida,0.021366,0.021369,0.021351,10.650000,6.5,6.5,6.5
17:22:04,1055,1,subida,0.021367,0.021369,0.021350,10.650000,6.5,6.5,6.5
17:22:04,1056,1,subida,0.021367,0.021369,0.021351,10.650000,6.5,6.5,6.5
17:22:04,1058,1,subida,0.021367,0.021369,0.021349,10.650000,6.5,6.5,6.5
17:22:04,1059,1,subida,0.021367,0.021369,0.021350,10.650000,6.5,6.499,6.5
17:22:04,1060,1,subida,0.021367,0.021368,0.021351,10.650000,6.5,6.5,6.5
17:22:04,1062,1,subida,0.021367,0.021368,0.021349,10.650000,6.5,6.5,6.5
17:22:04,1063,1,subida,0.021366,0.021368,0.021351,10.650000,6.5,6.5,6.5
17:22:04,1064,1,subida,0.021366,0.021368,0.021351,10.650000,6.5,6.501,6.5
17:22:04,1065,1,subida,0.021367,0.021368,0.021353,10.650000,6.5,6.5,6.5
17:22:04,1066,1,subida,0.021368,0.021368,0.021352,10.650000,6.5,6.5,6.5
17:22:04,1067,1,subida,0.021369,0.021368,0.021353,10.650000,6.5,6.501,6.5
17:22:04,1069,1,subida,0.021369,0.021368,0.021354,10.650000,6.501,6.5,6.5
17:22:04,1070,1,subida,0.021369,0.021368,0.021354,10.650000,6.5,6.5,6.5
17:22:04,1071,1,subida,0.021371,0.021368,0.021355,10.650000,6.5,6.501,6.5
17:22:04,1072,1,subida,0.021372,0.021369,0.021355,10.650000,6.5,6.501,6.5
17:22:04,1073,1,subida,0.021372,0.021369,0.021354,10.650000,6.5,6.501,6.5
17:22:04,1074,1,subida,0.021371,0.021369,0.021354,10.650000,6.5,6.501,6.5
17:22:05,1075,1,subida,0.021371,0.021369,0.021354,10.650000,6.5,6.501,6.5
17:22:05,1077,1,subida,0.021370,0.021369,0.021353,10.650000,6.5,6.501,6.5
17:22:05,1078,1,subida,0.021369,0.021369,0.021353,10.650000,6.5,6.501,6.5
17:22:05,1079,1,subida,0.021369,0.021369,0.021353,10.650000,6.5,6.501,6.5
17:22:05,1080,1,subida,0.021369,0.021369,0.021353,10.650000,6.5,6.501,6.5
17:22:05,1081,1,subida,0.021370,0.021369,0.021356,10.650000,6.5,6.501,6.5
17:22:05,1082,1,subida,0.021371,0.021370,0.021354,10.650000,6.5,6.501,6.5
17:22:05,1083,1,subida,0.021371,0.021370,0.021355,10.650000,6.5,6.501,6.5
17:22:05,1084,1,subida,0.021371,0.021370,0.021354,10.650000,6.5,6.501,6.5
17:22:05,1086,1,subida,0.021370,0.021370,0.021354,10.650000,6.5,6.501,6.5
17:22:05,1087,1,subida,0.021370,0.021370,0.021354,10.650000,6.5,6.502,6.5
17:22:05,1089,1,subida,0.021371,0.021370,0.021355,10.650000,6.5,6.502,6.5
17:22:05,1090,1,subida,0.021372,0.021370,0.021358,10.650000,6.5,6.502,6.5
17:22:05,1091,1,subida,0.021373,0.021371,0.021357,10.650000,6.5,6.501,6.5
17:22:05,1092,1,subida,0.021374,0.021371,0.021357,10.650000,6.5,6.501,6.5
17:22:05,1093,1,subida,0.021374,0.021371,0.021358,10.650000,6.5,6.501,6.5
17:22:05,1094,1,subida,0.021374,0.021371,0.021358,10.650000,6.5,6.502,6.5
17:22:05,1095,1,subida,0.021374,0.021372,0.021358,10.650000,6.5,6.501,6.5
17:22:05,1097,1,subida,0.021374,0.021372,0.021359,10.650000,6.5,6.502,6.5
17:22:06,1098,1,subida,0.021375,0.021372,0.021360,10.650000,6.5,6.501,6.5
17:22:06,1099,1,subida,0.021375,0.021372,0.021362,10.650000,6.5,6.501,6.5
17:22:06,1100,1,subida,0.021377,0.021373,0.021361,10.650000,6.5,6.501,6.5
17:22:06,1101,1,subida,0.021378,0.021373,0.021359,10.650000,6.5,6.501,6.5
17:22:06,1102,1,subida,0.021377,0.021374,0.021358,10.650000,6.502,6.5,6.5
17:22:06,1103,1,subida,0.021375,0.021374,0.021358,10.650000,6.5,6.502,6.5
17:22:06,1105,1,subida,0.021375,0.021374,0.021359,10.650000,6.5,6.501,6.5
17:22:06,1106,1,subida,0.021376,0.021374,0.021359,10.650000,6.502,6.5,6.5
17:22:06,1107,1,subida,0.021375,0.021374,0.021357,10.650000,6.5,6.501,6.5
17:22:06,1108,1,subida,0.021374,0.021374,0.021357,10.650000,6.502,6.5,6.5
17:22:06,1110,1,subida,0.021374,0.021374,0.021359,10.650000,6.502,6.5,6.5
17:22:06,1111,1,subida,0.021375,0.021374,0.021359,10.650000,6.5,6.501,6.5
17:22:06,1112,1,subida,0.021375,0.021374,0.021360,10.650000,6.5,6.502,6.5
17:22:06,1113,1,subida,0.021376,0.021374,0.021360,10.650000,6.5,6.502,6.5
17:22:06,1114,1,subida,0.021376,0.021375,0.021360,10.650000,6.5,6.502,6.5
17:22:06,1115,1,subida,0.021376,0.021375,0.021358,10.650000,6.5,6.501,6.5
17:22:06,1117,1,subida,0.021376,0.021375,0.021357,10.650000,6.5,6.502,6.5
17:22:06,1118,1,subida,0.021375,0.021375,0.021354,10.650000,6.5,6.502,6.5
17:22:06,1119,1,subida,0.021372,0.021375,0.021353,10.650000,6.5,6.501,6.5
17:22:06,1120,1,subida,0.021369,0.021374,0.021350,10.650000,6.5,6.502,6.5
17:22:07,1121,1,subida,0.021368,0.021373,0.021353,10.650000,6.5,6.502,6.5
17:22:07,1122,1,subida,0.021369,0.021373,0.021352,10.650000,6.5,6.502,6.5
17:22:07,1125,1,subida,0.021371,0.021372,0.021358,10.650000,6.5,6.502,6.5
17:22:07,1126,1,subida,0.021373,0.021373,0.021359,10.650000,6.5,6.502,6.5
17:22:07,1127,1,subida,0.021374,0.021373,0.021359,10.650000,6.501,6.5,6.5
17:22:07,1128,1,subida,0.021375,0.021373,0.021358,10.650000,6.5,6.502,6.5
17:22:07,1129,1,subida,0.021373,0.021373,0.021355,10.650000,6.501,6.5,6.5
17:22:07,1130,1,subida,0.021372,0.021373,0.021355,10.650000,6.5,6.501,6.5
17:22:07,1132,1,subida,0.021371,0.021373,0.021354,10.650000,6.5,6.502,6.5
17:22:07,1133,1,subida,0.021370,0.021372,0.021353,10.650000,6.502,6.5,6.5
17:22:07,1134,1,subida,0.021370,0.021372,0.021353,10.650000,6.5,6.502,6.5
17:22:07,1135,1,subida,0.021370,0.021372,0.021355,10.650000,6.5,6.502,6.5
17:22:07,1137,1,subida,0.021370,0.021372,0.021356,10.650000,6.5,6.502,6.5
17:22:07,1138,1,subida,0.021372,0.021372,0.021360,10.650000,6.5,6.502,6.5
17:22:07,1139,1,subida,0.021376,0.021372,0.021361,10.650000,6.5,6.502,6.5
17:22:07,1140,1,subida,0.021378,0.021373,0.021362,10.650000,6.5,6.501,6.5
17:22:07,1142,1,subida,0.021378,0.021373,0.021359,10.650000,6.5,6.502,6.5
17:22:07,1143,1,subida,0.021376,0.021373,0.021357,10.650000,6.5,6.502,6.5
17:22:07,1145,1,subida,0.021374,0.021374,0.021358,10.650000,6.5,6.502,6.5
17:22:08,1146,1,subida,0.021374,0.021374,0.021359,10.650000,6.5,6.501,6.5
17:22:08,1147,1,subida,0.021375,0.021374,0.021358,10.650000,6.502,6.5,6.5
17:22:08,1149,1,subida,0.021376,0.021374,0.021359,10.650000,6.502,6.5,6.5
17:22:08,1150,1,subida,0.021375,0.021374,0.021360,10.650000,6.5,6.502,6.5
17:22:08,1151,1,subida,0.021376,0.021374,0.021360,10.650000,6.5,6.501,6.5
17:22:08,1152,1,subida,0.021376,0.021374,0.021359,10.650000,6.502,6.5,6.5
17:22:08,1153,1,subida,0.021376,0.021375,0.021359,10.650000,6.5,6.502,6.5
17:22:08,1154,1,subida,0.021376,0.021375,0.021359,10.650000,6.5,6.502,6.5
17:22:08,1155,1,subida,0.021376,0.021375,0.021359,10.650000,6.5,6.502,6.5
17:22:08,1158,1,subida,0.021377,0.021375,0.021362,10.650000,6.5,6.502,6.5
17:22:08,1159,1,subida,0.021378,0.021375,0.021364,10.650000,6.5,6.502,6.5
17:22:08,1160,1,subida,0.021379,0.021376,0.021363,10.650000,6.5,6.502,6.5
17:22:08,1162,1,subida,0.021379,0.021376,0.021364,10.650000,6.5,6.502,6.5
17:22:08,1163,1,subida,0.021379,0.021376,0.021364,10.650000,6.5,6.502,6.5
17:22:08,1164,1,subida,0.021380,0.021377,0.021364,10.650000,6.5,6.502,6.5
17:22:08,1165,1,subida,0.021380,0.021377,0.021362,10.650000,6.502,6.5,6.5
17:22:08,1166,1,subida,0.021379,0.021377,0.021361,10.650000,6.5,6.502,6.5
17:22:08,1167,1,subida,0.021378,0.021377,0.021359,10.650000,6.5,6.502,6.5
17:22:09,1168,1,subida,0.021377,0.021377,0.021361,10.650000,6.5,6.502,6.5
17:22:09,1169,1,subida,0.021377,0.021377,0.021361,10.650000,6.5,6.502,6.5
17:22:09,1170,1,subida,0.021377,0.021377,0.021361,10.650000,6.5,6.503,6.5
17:22:09,1172,1,subida,0.021377,0.021377,0.021360,10.650000,6.5,6.503,6.5
17:22:09,1173,1,subida,0.021376,0.021377,0.021358,10.650000,6.5,6.502,6.5
17:22:09,1174,1,subida,0.021375,0.021377,0.021360,10.650000,6.502,6.5,6.5
17:22:09,1176,1,subida,0.021376,0.021377,0.021358,10.650000,6.5,6.502,6.5
17:22:09,1177,1,subida,0.021376,0.021377,0.021360,10.650000,6.5,6.502,6.5
17:22:09,1178,1,subida,0.021375,0.021377,0.021359,10.650000,6.5,6.502,6.5
17:22:09,1179,1,subida,0.021376,0.021376,0.021361,10.650000,6.502,6.5,6.5
17:22:09,1180,1,subida,0.021377,0.021377,0.021362,10.650000,6.5,6.502,6.5
17:22:09,1181,1,subida,0.021378,0.021377,0.021360,10.650000,6.5,6.502,6.5
17:22:09,1182,1,subida,0.021377,0.021377,0.021357,10.650000,6.5,6.502,6.5
17:22:09,1183,1,subida,0.021375,0.021377,0.021359,10.650000,6.5,6.502,6.5
17:22:09,1185,1,subida,0.021374,0.021376,0.021359,10.650000,6.5,6.502,6.5
17:22:09,1186,1,subida,0.021375,0.021376,0.021359,10.650000,6.5,6.502,6.5
17:22:09,1187,1,subida,0.021375,0.021376,0.021359,10.650000,6.5,6.502,6.5
17:22:09,1188,1,subida,0.021376,0.021376,0.021359,10.650000,6.502,6.5,6.5
17:22:09,1189,1,subida,0.021376,0.021376,0.021359,10.650000,6.5,6.502,6.5
17:22:09,1191,1,subida,0.021376,0.021376,0.021360,10.650000,6.502,6.5,6.5
17:22:10,1192,1,subida,0.021375,0.021376,0.021360,10.650000,6.5,6.502,6.5
17:22:10,1193,1,subida,0.021376,0.021376,0.021360,10.650000,6.5,6.502,6.5
17:22:10,1194,1,subida,0.021377,0.021376,0.021361,10.650000,6.5,6.502,6.5
17:22:10,1195,1,subida,0.021376,0.021376,0.021360,10.650000,6.5,6.501,6.5
17:22:10,1196,1,subida,0.021377,0.021376,0.021361,10.650000,6.5,6.502,6.5
17:22:10,1197,1,subida,0.021378,0.021376,0.021362,10.650000,6.5,6.501,6.5
17:22:10,1199,1,subida,0.021380,0.021377,0.021364,10.650000,6.5,6.501,6.5
17:22:10,1200,1,subida,0.021381,0.021377,0.021363,10.650000,6.5,6.502,6.5
17:22:10,1201,1,subida,0.021380,0.021377,0.021362,10.650000,6.5,6.502,6.5
17:22:10,1202,1,subida,0.021378,0.021377,0.021361,10.650000,6.5,6.501,6.5
17:22:10,1204,1,subida,0.021378,0.021377,0.021360,10.650000,6.5,6.501,6.5
17:22:10,1205,1,subida,0.021378,0.021377,0.021362,10.650000,6.5,6.501,6.5
17:22:10,1207,1,subida,0.021378,0.021377,0.021365,10.650000,6.5,6.502,6.5
17:22:10,1208,1,subida,0.021380,0.021378,0.021365,10.650000,6.5,6.501,6.5
17:22:10,1209,1,subida,0.021380,0.021378,0.021363,10.650000,6.5,6.501,6.5
17:22:10,1211,1,subida,0.021380,0.021378,0.021360,10.650000,6.5,6.501,6.5
17:22:10,1212,1,subida,0.021379,0.021378,0.021361,10.650000,6.5,6.501,6.5
17:22:10,1213,1,subida,0.021378,0.021378,0.021361,10.650000,6.5,6.501,6.5
17:22:10,1214,1,subida,0.021378,0.021378,0.021360,10.650000,6.501,6.5,6.5
17:22:10,1215,1,subida,0.021377,0.021378,0.021361,10.650000,6.5,6.501,6.5
17:22:10,1216,1,subida,0.021376,0.021378,0.021362,10.650000,6.501,6.5,6.5
17:22:11,1217,1,subida,0.021377,0.021378,0.021361,10.650000,6.5,6.501,6.5
17:22:11,1218,1,subida,0.021377,0.021378,0.021358,10.650000,6.5,6.501,6.5
17:22:11,1220,1,subida,0.021375,0.021377,0.021360,10.650000,6.5,6.501,6.5
17:22:11,1221,1,subida,0.021375,0.021377,0.021359,10.650000,6.5,6.501,6.5
17:22:11,1222,1,subida,0.021376,0.021377,0.021360,10.650000,6.5,6.5,6.5
17:22:11,1223,1,subida,0.021377,0.021377,0.021362,10.650000,6.5,6.501,6.5
17:22:11,1224,1,subida,0.021377,0.021377,0.021359,10.650000,6.5,6.501,6.5
17:22:11,1226,1,subida,0.021376,0.021377,0.021359,10.650000,6.5,6.501,6.5
17:22:11,1227,1,subida,0.021376,0.021377,0.021361,10.650000,6.5,6.501,6.5
17:22:11,1228,1,subida,0.021377,0.021377,0.021361,10.650000,6.5,6.501,6.5
17:22:11,1229,1,subida,0.021378,0.021377,0.021362,10.650000,6.501,6.5,6.5
17:22:11,1231,1,subida,0.021377,0.021377,0.021359,10.650000,6.501,6.5,6.5
17:22:11,1232,1,subida,0.021377,0.021377,0.021359,10.650000,6.5,6.501,6.5
17:22:11,1233,1,subida,0.021376,0.021377,0.021359,10.650000,6.501,6.5,6.5
17:22:11,1234,1,subida,0.021376,0.021377,0.021360,10.650000,6.5,6.5,6.5
17:22:11,1235,1,subida,0.021378,0.021377,0.021362,10.650000,6.501,6.5,6.5
17:22:11,1237,1,subida,0.021379,0.021377,0.021361,10.650000,6.5,6.5,6.5
17:22:11,1238,1,subida,0.021378,0.021377,0.021361,10.650000,6.5,6.5,6.5
17:22:11,1239,1,subida,0.021378,0.021377,0.021361,10.650000,6.5,6.5,6.5
17:22:11,1241,1,subida,0.021377,0.021377,0.021359,10.650000,6.5,6.5,6.5
17:22:12,1242,1,subida,0.021376,0.021377,0.021359,10.650000,6.5,6.5,6.5
17:22:12,1243,1,subida,0.021377,0.021377,0.021360,10.650000,6.5,6.5,6.5
17:22:12,1245,1,subida,0.021377,0.021377,0.021360,10.650000,6.5,6.5,6.5
17:22:12,1246,1,subida,0.021377,0.021377,0.021359,10.650000,6.5,6.5,6.5
17:22:12,1247,1,subida,0.021376,0.021377,0.021360,10.650000,6.5,6.5,6.5
17:22:12,1248,1,subida,0.021376,0.021377,0.021359,10.650000,6.5,6.5,6.5
17:22:12,1249,1,subida,0.021376,0.021377,0.021359,10.650000,6.5,6.5,6.5
17:22:12,1250,1,subida,0.021375,0.021377,0.021359,10.650000,6.5,6.5,6.5
17:22:12,1251,1,subida,0.021375,0.021377,0.021358,10.650000,6.5,6.5,6.5
17:22:12,1253,1,subida,0.021374,0.021376,0.021357,10.650000,6.5,6.5,6.5
17:22:12,1254,1,subida,0.021374,0.021376,0.021357,10.650000,6.5,6.499,6.5
17:22:12,1256,1,subida,0.021372,0.021376,0.021354,10.650000,6.5,6.5,6.5
17:22:12,1257,1,subida,0.021371,0.021375,0.021356,10.650000,6.5,6.5,6.5
17:22:12,1258,1,subida,0.021371,0.021375,0.021354,10.650000,6.5,6.5,6.5
17:22:12,1259,1,subida,0.021370,0.021374,0.021353,10.650000,6.5,6.499,6.5
17:22:12,1261,1,subida,0.021369,0.021374,0.021352,10.650000,6.5,6.499,6.5
17:22:12,1263,1,subida,0.021368,0.021373,0.021352,10.650000,6.5,6.499,6.5
17:22:12,1264,1,subida,0.021368,0.021373,0.021351,10.650000,6.5,6.499,6.5
17:22:12,1265,1,subida,0.021368,0.021372,0.021354,10.650000,6.5,6.499,6.5
17:22:13,1267,1,subida,0.021370,0.021372,0.021354,10.650000,6.5,6.499,6.5
17:22:13,1268,1,subida,0.021370,0.021372,0.021354,10.650000,6.5,6.499,6.5
17:22:13,1269,1,subida,0.021370,0.021372,0.021351,10.650000,6.5,6.499,6.5
17:22:13,1270,1,subida,0.021369,0.021371,0.021353,10.650000,6.5,6.499,6.5
17:22:13,1271,1,subida,0.021368,0.021371,0.021352,10.650000,6.5,6.499,6.5
17:22:13,1272,1,subida,0.021370,0.021371,0.021354,10.650000,6.5,6.499,6.5
17:22:13,1273,1,subida,0.021370,0.021371,0.021354,10.650000,6.5,6.499,6.5
17:22:13,1275,1,subida,0.021370,0.021371,0.021354,10.650000,6.5,6.499,6.5
17:22:13,1276,1,subida,0.021370,0.021371,0.021353,10.650000,6.499,6.5,6.5
17:22:13,1277,1,subida,0.021369,0.021371,0.021352,10.650000,6.5,6.498,6.5
17:22:13,1278,1,subida,0.021369,0.021370,0.021354,10.650000,6.499,6.5,6.5
17:22:13,1280,1,subida,0.021369,0.021370,0.021351,10.650000,6.5,6.498,6.5
17:22:13,1281,1,subida,0.021369,0.021370,0.021351,10.650000,6.5,6.498,6.5
17:22:13,1282,1,subida,0.021368,0.021370,0.021353,10.650000,6.498,6.5,6.5
17:22:13,1284,1,subida,0.021368,0.021370,0.021354,10.650000,6.498,6.5,6.5
17:22:13,1285,1,subida,0.021369,0.021370,0.021353,10.650000,6.5,6.498,6.5
17:22:13,1286,1,subida,0.021370,0.021370,0.021351,10.650000,6.5,6.498,6.5
17:22:13,1287,1,subida,0.021369,0.021370,0.021352,10.650000,6.5,6.498,6.5
17:22:13,1289,1,subida,0.021368,0.021369,0.021351,10.650000,6.5,6.497,6.5
17:22:13,1290,1,subida,0.021368,0.021369,0.021351,10.650000,6.5,6.498,6.5
17:22:14,1291,1,subida,0.021367,0.021369,0.021349,10.650000,6.5,6.498,6.5
17:22:14,1292,1,subida,0.021366,0.021369,0.021349,10.650000,6.5,6.498,6.5
17:22:14,1293,1,subida,0.021365,0.021368,0.021348,10.650000,6.5,6.498,6.5
17:22:14,1294,1,subida,0.021364,0.021368,0.021347,10.650000,6.5,6.498,6.5
17:22:14,1295,1,subida,0.021363,0.021368,0.021347,10.650000,6.5,6.498,6.5
17:22:14,1297,1,subida,0.021363,0.021367,0.021348,10.650000,6.5,6.498,6.5
17:22:14,1298,1,subida,0.021363,0.021367,0.021342,10.650000,6.497,6.5,6.5
17:22:14,1299,1,subida,0.021361,0.021366,0.021341,10.650000,6.5,6.497,6.5
17:22:14,1300,1,subida,0.021358,0.021365,0.021342,10.650000,6.5,6.498,6.5
17:22:14,1301,1,subida,0.021359,0.021365,0.021344,10.650000,6.5,6.497,6.5
17:22:14,1302,1,subida,0.021359,0.021364,0.021344,10.650000,6.498,6.5,6.5
17:22:14,1304,1,subida,0.021360,0.021364,0.021342,10.650000,6.5,6.497,6.5
17:22:14,1305,1,subida,0.021359,0.021363,0.021342,10.650000,6.5,6.497,6.5
17:22:14,1307,1,subida,0.021359,0.021363,0.021342,10.650000,6.5,6.497,6.5
17:22:14,1308,1,subida,0.021359,0.021363,0.021340,10.650000,6.5,6.496,6.5
17:22:14,1309,1,subida,0.021358,0.021362,0.021341,10.650000,6.5,6.497,6.5
17:22:14,1310,1,subida,0.021358,0.021362,0.021342,10.650000,6.5,6.497,6.5
17:22:14,1312,1,subida,0.021358,0.021361,0.021342,10.650000,6.5,6.497,6.5
17:22:14,1313,1,subida,0.021359,0.021361,0.021343,10.650000,6.5,6.496,6.5
17:22:14,1314,1,subida,0.021359,0.021361,0.021344,10.650000,6.5,6.496,6.5
17:22:14,1315,1,subida,0.021360,0.021361,0.021344,10.650000,6.5,6.496,6.5
17:22:15,1316,1,subida,0.021360,0.021361,0.021344,10.650000,6.5,6.497,6.5
17:22:15,1317,1,subida,0.021360,0.021361,0.021343,10.650000,6.5,6.496,6.5
17:22:15,1318,1,subida,0.021359,0.021361,0.021342,10.650000,6.5,6.496,6.5
17:22:15,1320,1,subida,0.021359,0.021360,0.021340,10.650000,6.5,6.496,6.5
17:22:15,1321,1,subida,0.021358,0.021360,0.021341,10.650000,6.497,6.5,6.5
17:22:15,1322,1,subida,0.021357,0.021360,0.021341,10.650000,6.5,6.496,6.5
17:22:15,1323,1,subida,0.021357,0.021360,0.021339,10.650000,6.5,6.496,6.5
17:22:15,1325,1,subida,0.021356,0.021359,0.021339,10.650000,6.496,6.5,6.5
17:23:05,1327,1,subida,0.022689,0.022686,0.022673,10.660000,6.8,6.801,6.8
17:23:05,1328,1,subida,0.022690,0.022686,0.022673,10.660000,6.8,6.8,6.8
17:23:05,1329,1,subida,0.022690,0.022687,0.022672,10.660000,6.8,6.801,6.8
17:23:05,1330,1,subida,0.022691,0.022687,0.022674,10.660000,6.8,6.8,6.8
17:23:05,1332,1,subida,0.022690,0.022687,0.022673,10.660000,6.799,6.8,6.8
17:23:05,1333,1,subida,0.022690,0.022687,0.022666,10.660000,6.8,6.799,6.8
17:23:06,1334,1,subida,0.022686,0.022687,0.022666,10.650000,6.8,6.798,6.8
17:23:06,1335,1,subida,0.022684,0.022687,0.022666,10.650000,6.8,6.798,6.8
17:23:06,1336,1,subida,0.022683,0.022687,0.022665,10.660000,6.8,6.798,6.8
17:23:06,1337,1,subida,0.022683,0.022686,0.022666,10.660000,6.8,6.799,6.8
17:23:06,1338,1,subida,0.022683,0.022686,0.022665,10.660000,6.8,6.799,6.8
17:23:06,1339,1,subida,0.022682,0.022686,0.022665,10.660000,6.8,6.8,6.8
17:23:06,1340,1,subida,0.022683,0.022685,0.022667,10.660000,6.8,6.8,6.8
17:23:06,1342,1,subida,0.022683,0.022685,0.022667,10.660000,6.8,6.801,6.8
17:23:06,1343,1,subida,0.022684,0.022685,0.022668,10.660000,6.8,6.8,6.8
17:23:06,1344,1,subida,0.022685,0.022685,0.022669,10.660000,6.8,6.801,6.8
17:23:06,1345,1,subida,0.022685,0.022685,0.022669,10.660000,6.8,6.801,6.8
17:23:06,1346,1,subida,0.022685,0.022685,0.022667,10.660000,6.8,6.801,6.8
17:23:06,1348,1,subida,0.022685,0.022685,0.022670,10.660000,6.8,6.801,6.8
17:23:06,1349,1,subida,0.022686,0.022685,0.022669,10.660000,6.8,6.801,6.8
17:23:06,1350,1,subida,0.022687,0.022685,0.022669,10.660000,6.8,6.801,6.8
17:23:06,1351,1,subida,0.022687,0.022685,0.022672,10.660000,6.8,6.801,6.8
17:23:06,1352,1,subida,0.022688,0.022686,0.022672,10.660000,6.8,6.801,6.8
17:23:06,1354,1,subida,0.022689,0.022686,0.022674,10.660000,6.8,6.8,6.8
17:23:06,1355,1,subida,0.022690,0.022686,0.022673,10.660000,6.8,6.801,6.8
17:23:06,1356,1,subida,0.022690,0.022687,0.022673,10.660000,6.8,6.801,6.8
17:23:07,1357,1,subida,0.022690,0.022687,0.022672,10.660000,6.8,6.801,6.8
17:23:07,1358,1,subida,0.022690,0.022687,0.022673,10.660000,6.8,6.801,6.8
17:23:07,1360,1,subida,0.022689,0.022688,0.022671,10.660000,6.8,6.801,6.8
17:23:07,1361,1,subida,0.022689,0.022688,0.022672,10.660000,6.8,6.801,6.8
17:23:07,1362,1,subida,0.022690,0.022688,0.022672,10.660000,6.8,6.801,6.8
17:23:07,1364,1,subida,0.022690,0.022688,0.022672,10.660000,6.8,6.801,6.8
17:23:07,1365,1,subida,0.022690,0.022688,0.022674,10.660000,6.801,6.8,6.8
17:23:07,1366,1,subida,0.022690,0.022689,0.022673,10.660000,6.8,6.801,6.8
17:23:07,1367,1,subida,0.022690,0.022689,0.022674,10.660000,6.8,6.801,6.8
17:23:07,1368,1,subida,0.022691,0.022689,0.022674,10.660000,6.8,6.801,6.8
17:23:07,1370,1,subida,0.022692,0.022689,0.022674,10.660000,6.8,6.801,6.8
17:23:07,1371,1,subida,0.022691,0.022689,0.022672,10.660000,6.8,6.801,6.8
17:23:07,1372,1,subida,0.022691,0.022689,0.022674,10.660000,6.801,6.8,6.8
17:23:07,1373,1,subida,0.022691,0.022690,0.022674,10.660000,6.8,6.801,6.8
17:23:07,1375,1,subida,0.022691,0.022690,0.022675,10.660000,6.8,6.801,6.8
17:23:07,1376,1,subida,0.022691,0.022690,0.022675,10.660000,6.8,6.801,6.8
17:23:07,1378,1,subida,0.022691,0.022690,0.022675,10.660000,6.8,6.801,6.8
17:23:07,1379,1,subida,0.022691,0.022690,0.022675,10.660000,6.8,6.801,6.8
17:23:07,1380,1,subida,0.022692,0.022690,0.022674,10.660000,6.8,6.801,6.8
17:23:07,1382,1,subida,0.022691,0.022690,0.022676,10.660000,6.8,6.801,6.8
17:23:08,1383,1,subida,0.022692,0.022691,0.022674,10.660000,6.8,6.8,6.8
17:23:08,1384,1,subida,0.022692,0.022691,0.022675,10.660000,6.801,6.8,6.8
17:23:08,1385,1,subida,0.022691,0.022691,0.022676,10.660000,6.8,6.801,6.8
17:23:08,1386,1,subida,0.022692,0.022691,0.022675,10.660000,6.8,6.8,6.8
17:23:08,1387,1,subida,0.022693,0.022691,0.022676,10.660000,6.8,6.801,6.8
17:23:08,1388,1,subida,0.022694,0.022691,0.022678,10.660000,6.8,6.801,6.8
17:23:08,1389,1,subida,0.022695,0.022692,0.022677,10.660000,6.8,6.802,6.8
17:23:08,1390,1,subida,0.022695,0.022692,0.022676,10.660000,6.8,6.801,6.8
17:23:08,1392,1,subida,0.022694,0.022692,0.022678,10.660000,6.8,6.801,6.8
17:23:08,1393,1,subida,0.022694,0.022692,0.022674,10.660000,6.8,6.8,6.8
17:23:08,1394,1,subida,0.022693,0.022692,0.022675,10.660000,6.8,6.8,6.8
17:23:08,1396,1,subida,0.022692,0.022692,0.022676,10.660000,6.8,6.801,6.8
17:23:08,1397,1,subida,0.022693,0.022692,0.022675,10.650000,6.8,6.8,6.8
17:23:08,1398,1,subida,0.022692,0.022692,0.022674,10.650000,6.8,6.8,6.8
17:23:08,1399,1,subida,0.022692,0.022692,0.022675,10.660000,6.8,6.8,6.8
17:23:08,1400,1,subida,0.022693,0.022692,0.022676,10.660000,6.8,6.8,6.8
17:23:08,1401,1,subida,0.022693,0.022692,0.022675,10.650000,6.8,6.8,6.8
17:23:08,1402,1,subida,0.022693,0.022692,0.022677,10.650000,6.8,6.8,6.8
17:23:08,1404,1,subida,0.022693,0.022693,0.022675,10.650000,6.8,6.8,6.8
17:23:08,1405,1,subida,0.022693,0.022693,0.022674,10.650000,6.8,6.8,6.8
17:23:08,1406,1,subida,0.022692,0.022692,0.022673,10.650000,6.8,6.8,6.8
17:23:09,1407,1,subida,0.022691,0.022692,0.022672,10.650000,6.8,6.8,6.8
17:23:09,1409,1,subida,0.022690,0.022692,0.022672,10.650000,6.8,6.8,6.8
17:23:09,1410,1,subida,0.022690,0.022692,0.022673,10.650000,6.8,6.8,6.8
17:23:09,1412,1,subida,0.022690,0.022692,0.022673,10.650000,6.8,6.8,6.8
17:23:09,1413,1,subida,0.022691,0.022692,0.022673,10.650000,6.8,6.8,6.8
17:23:09,1415,1,subida,0.022690,0.022692,0.022673,10.650000,6.8,6.8,6.8
17:23:09,1416,1,subida,0.022690,0.022691,0.022671,10.650000,6.799,6.8,6.8
17:23:09,1418,1,subida,0.022690,0.022691,0.022673,10.650000,6.8,6.8,6.8
17:23:09,1419,1,subida,0.022690,0.022691,0.022671,10.650000,6.8,6.8,6.8
17:23:09,1420,1,subida,0.022689,0.022691,0.022671,10.650000,6.8,6.8,6.8
17:23:09,1421,1,subida,0.022688,0.022691,0.022671,10.650000,6.8,6.8,6.8
17:23:09,1422,1,subida,0.022688,0.022691,0.022671,10.650000,6.799,6.8,6.8
17:23:09,1423,1,subida,0.022689,0.022690,0.022671,10.650000,6.8,6.8,6.8
17:23:09,1425,1,subida,0.022689,0.022690,0.022671,10.650000,6.8,6.8,6.8
17:23:09,1426,1,subida,0.022689,0.022690,0.022672,10.650000,6.8,6.8,6.8
17:23:09,1427,1,subida,0.022689,0.022690,0.022672,10.650000,6.8,6.8,6.8
17:23:09,1428,1,subida,0.022689,0.022690,0.022670,10.650000,6.8,6.8,6.8
17:23:09,1429,1,subida,0.022687,0.022690,0.022669,10.650000,6.8,6.8,6.8
17:23:09,1431,1,subida,0.022687,0.022689,0.022672,10.650000,6.8,6.8,6.8
17:23:10,1432,1,subida,0.022688,0.022689,0.022670,10.650000,6.8,6.8,6.8
17:23:10,1433,1,subida,0.022689,0.022689,0.022669,10.650000,6.8,6.8,6.8
17:23:10,1434,1,subida,0.022687,0.022689,0.022671,10.650000,6.8,6.8,6.8
17:23:10,1435,1,subida,0.022687,0.022689,0.022671,10.650000,6.8,6.799,6.8
17:23:10,1436,1,subida,0.022688,0.022689,0.022669,10.650000,6.8,6.8,6.8
17:23:10,1437,1,subida,0.022688,0.022689,0.022670,10.650000,6.8,6.799,6.8
17:23:10,1438,1,subida,0.022688,0.022689,0.022670,10.650000,6.8,6.799,6.8
17:23:10,1440,1,subida,0.022687,0.022688,0.022670,10.650000,6.8,6.799,6.8
17:23:10,1441,1,subida,0.022687,0.022688,0.022668,10.650000,6.8,6.799,6.8
17:23:10,1442,1,subida,0.022686,0.022688,0.022669,10.650000,6.8,6.798,6.8
17:23:10,1443,1,subida,0.022686,0.022688,0.022669,10.650000,6.8,6.799,6.8
17:23:10,1445,1,subida,0.022686,0.022688,0.022669,10.650000,6.8,6.799,6.8
17:23:10,1446,1,subida,0.022687,0.022688,0.022669,10.650000,6.8,6.798,6.8
17:23:10,1447,1,subida,0.022687,0.022688,0.022670,10.650000,6.8,6.799,6.8
17:23:10,1448,1,subida,0.022687,0.022687,0.022669,10.650000,6.8,6.798,6.8
17:23:10,1450,1,subida,0.022687,0.022687,0.022668,10.650000,6.8,6.798,6.8
17:23:10,1451,1,subida,0.022686,0.022687,0.022667,10.650000,6.798,6.8,6.8
17:23:10,1452,1,subida,0.022686,0.022687,0.022667,10.650000,6.8,6.798,6.8
17:23:10,1453,1,subida,0.022685,0.022687,0.022668,10.650000,6.8,6.798,6.8
17:23:10,1455,1,subida,0.022685,0.022687,0.022668,10.650000,6.8,6.798,6.8
17:23:11,1456,1,subida,0.022685,0.022687,0.022667,10.650000,6.798,6.8,6.8
17:23:11,1458,1,subida,0.022684,0.022686,0.022666,10.650000,6.8,6.797,6.8
17:23:11,1459,1,subida,0.022683,0.022686,0.022665,10.650000,6.798,6.8,6.8
17:23:11,1461,1,subida,0.022683,0.022686,0.022666,10.660000,6.8,6.798,6.8
17:23:11,1462,1,subida,0.022683,0.022685,0.022667,10.660000,6.8,6.797,6.8
17:23:11,1463,1,subida,0.022684,0.022685,0.022666,10.650000,6.8,6.798,6.8
17:23:11,1464,1,subida,0.022683,0.022685,0.022665,10.650000,6.8,6.797,6.8
17:23:11,1465,1,subida,0.022682,0.022685,0.022663,10.650000,6.797,6.8,6.8
17:23:11,1466,1,subida,0.022681,0.022684,0.022664,10.650000,6.8,6.798,6.8
17:23:11,1467,1,subida,0.022681,0.022684,0.022662,10.650000,6.8,6.797,6.8
17:23:11,1468,1,subida,0.022679,0.022684,0.022659,10.650000,6.8,6.798,6.8
17:23:11,1469,1,subida,0.022677,0.022683,0.022657,10.650000,6.8,6.797,6.8
17:23:11,1470,1,subida,0.022676,0.022682,0.022659,10.650000,6.798,6.8,6.8
17:23:11,1471,1,subida,0.022677,0.022682,0.022659,10.650000,6.8,6.798,6.8
17:23:11,1472,1,subida,0.022677,0.022681,0.022661,10.650000,6.8,6.798,6.8
17:23:11,1474,1,subida,0.022678,0.022681,0.022663,10.650000,6.8,6.799,6.8
17:23:11,1475,1,subida,0.022680,0.022681,0.022663,10.650000,6.8,6.799,6.8
17:23:11,1476,1,subida,0.022680,0.022681,0.022663,10.650000,6.8,6.799,6.8
17:23:11,1477,1,subida,0.022681,0.022681,0.022664,10.650000,6.8,6.8,6.8
17:23:11,1479,1,subida,0.022682,0.022681,0.022663,10.650000,6.8,6.8,6.8
17:23:12,1480,1,subida,0.022682,0.022681,0.022664,10.650000,6.8,6.8,6.8
17:23:12,1481,1,subida,0.022681,0.022681,0.022662,10.650000,6.8,6.801,6.8
17:23:12,1483,1,subida,0.022681,0.022681,0.022666,10.650000,6.8,6.801,6.8
17:23:12,1484,1,subida,0.022682,0.022681,0.022668,10.660000,6.8,6.802,6.8
17:23:12,1485,1,subida,0.022683,0.022681,0.022667,10.660000,6.8,6.801,6.8
17:23:12,1486,1,subida,0.022685,0.022682,0.022670,10.650000,6.8,6.802,6.8
17:23:12,1487,1,subida,0.022686,0.022682,0.022669,10.650000,6.8,6.802,6.8
17:23:12,1488,1,subida,0.022687,0.022683,0.022673,10.650000,6.8,6.802,6.8
17:23:12,1489,1,subida,0.022689,0.022683,0.022672,10.650000,6.802,6.8,6.8
17:23:12,1490,1,subida,0.022689,0.022684,0.022670,10.650000,6.8,6.802,6.8
17:23:12,1492,1,subida,0.022689,0.022684,0.022673,10.650000,6.8,6.802,6.8
17:23:12,1493,1,subida,0.022689,0.022685,0.022672,10.650000,6.8,6.802,6.8
17:23:12,1494,1,subida,0.022689,0.022685,0.022671,10.650000,6.8,6.802,6.8
17:23:12,1495,1,subida,0.022689,0.022686,0.022672,10.650000,6.8,6.802,6.8
17:23:12,1496,1,subida,0.022689,0.022686,0.022673,10.650000,6.8,6.802,6.8
17:23:12,1498,1,subida,0.022691,0.022686,0.022674,10.650000,6.8,6.803,6.8
17:23:12,1499,1,subida,0.022691,0.022687,0.022674,10.650000,6.8,6.802,6.8
17:23:12,1500,1,subida,0.022691,0.022687,0.022673,10.660000,6.803,6.8,6.8
17:23:12,1501,1,subida,0.022691,0.022688,0.022674,10.660000,6.8,6.803,6.8
17:23:13,1504,1,subida,0.022693,0.022689,0.022676,10.660000,6.8,6.803,6.8
17:23:13,1505,1,subida,0.022695,0.022689,0.022679,10.650000,6.8,6.802,6.8
17:23:13,1507,1,subida,0.022695,0.022690,0.022679,10.650000,6.8,6.802,6.8
17:23:13,1508,1,subida,0.022696,0.022690,0.022678,10.660000,6.8,6.803,6.8
17:23:13,1509,1,subida,0.022696,0.022691,0.022678,10.660000,6.8,6.802,6.8
17:23:13,1510,1,subida,0.022696,0.022691,0.022679,10.650000,6.803,6.8,6.8
17:23:13,1511,1,subida,0.022696,0.022692,0.022679,10.650000,6.8,6.802,6.8
17:23:13,1513,1,subida,0.022697,0.022692,0.022682,10.660000,6.8,6.802,6.8
17:23:13,1514,1,subida,0.022698,0.022693,0.022681,10.660000,6.802,6.8,6.8
17:23:13,1515,1,subida,0.022699,0.022693,0.022682,10.650000,6.8,6.802,6.8
17:23:13,1516,1,subida,0.022699,0.022694,0.022682,10.650000,6.8,6.802,6.8
17:23:13,1518,1,subida,0.022699,0.022694,0.022680,10.660000,6.8,6.802,6.8
17:23:13,1519,1,subida,0.022698,0.022695,0.022679,10.660000,6.8,6.802,6.8
17:23:13,1520,1,subida,0.022697,0.022695,0.022680,10.660000,6.8,6.802,6.8
17:23:13,1521,1,subida,0.022697,0.022695,0.022679,10.660000,6.8,6.801,6.8
17:23:13,1523,1,subida,0.022696,0.022695,0.022682,10.660000,6.8,6.802,6.8
17:23:13,1524,1,subida,0.022698,0.022696,0.022681,10.660000,6.8,6.802,6.8
17:23:13,1525,1,subida,0.022699,0.022696,0.022681,10.660000,6.8,6.801,6.8
17:23:13,1526,1,subida,0.022698,0.022696,0.022679,10.660000,6.8,6.801,6.8
17:23:14,1528,1,subida,0.022697,0.022696,0.022680,10.660000,6.8,6.801,6.8
17:23:14,1529,1,subida,0.022698,0.022696,0.022681,10.660000,6.8,6.802,6.8
17:23:14,1530,1,subida,0.022698,0.022696,0.022682,10.660000,6.8,6.802,6.8
17:23:14,1531,1,subida,0.022698,0.022697,0.022681,10.660000,6.8,6.802,6.8
17:23:14,1533,1,subida,0.022699,0.022697,0.022682,10.660000,6.8,6.802,6.8
17:23:14,1534,1,subida,0.022700,0.022697,0.022683,10.660000,6.8,6.802,6.8
17:23:14,1535,1,subida,0.022700,0.022697,0.022683,10.660000,6.8,6.802,6.8
17:23:14,1536,1,subida,0.022701,0.022698,0.022681,10.660000,6.8,6.802,6.8
17:23:14,1537,1,subida,0.022699,0.022698,0.022680,10.660000,6.8,6.802,6.8
17:23:14,1538,1,subida,0.022698,0.022698,0.022679,10.660000,6.8,6.802,6.8
17:23:14,1539,1,subida,0.022697,0.022698,0.022680,10.660000,6.8,6.802,6.8
17:23:14,1540,1,subida,0.022696,0.022698,0.022679,10.660000,6.8,6.802,6.8
17:23:14,1542,1,subida,0.022697,0.022698,0.022679,10.660000,6.8,6.802,6.8
17:23:14,1543,1,subida,0.022697,0.022697,0.022678,10.660000,6.8,6.802,6.8
17:23:14,1544,1,subida,0.022696,0.022697,0.022679,10.660000,6.8,6.802,6.8
17:23:14,1546,1,subida,0.022696,0.022697,0.022680,10.660000,6.802,6.8,6.8
17:23:14,1547,1,subida,0.022697,0.022697,0.022677,10.660000,6.8,6.802,6.8
17:23:14,1548,1,subida,0.022696,0.022697,0.022678,10.660000,6.802,6.8,6.8
17:23:14,1549,1,subida,0.022695,0.022697,0.022677,10.660000,6.8,6.802,6.8
17:23:14,1551,1,subida,0.022696,0.022697,0.022680,10.660000,6.8,6.803,6.8
17:23:15,1552,1,subida,0.022697,0.022697,0.022683,10.650000,6.8,6.803,6.8
17:23:15,1553,1,subida,0.022699,0.022697,0.022684,10.650000,6.8,6.802,6.8
17:23:15,1554,1,subida,0.022701,0.022698,0.022682,10.660000,6.8,6.802,6.8
17:23:15,1555,1,subida,0.022701,0.022698,0.022684,10.660000,6.8,6.802,6.8
17:23:15,1556,1,subida,0.022702,0.022698,0.022686,10.660000,6.8,6.803,6.8
17:23:15,1557,1,subida,0.022703,0.022699,0.022687,10.660000,6.8,6.803,6.8
17:23:15,1558,1,subida,0.022704,0.022699,0.022686,10.660000,6.8,6.803,6.8
17:23:15,1559,1,subida,0.022704,0.022700,0.022686,10.660000,6.8,6.803,6.8
17:23:15,1560,1,subida,0.022703,0.022700,0.022686,10.660000,6.8,6.803,6.8
17:23:15,1561,1,subida,0.022703,0.022700,0.022684,10.660000,6.8,6.803,6.8
17:23:15,1562,1,subida,0.022703,0.022700,0.022686,10.660000,6.8,6.803,6.8
17:23:15,1563,1,subida,0.022703,0.022701,0.022685,10.660000,6.8,6.803,6.8
17:23:15,1564,1,subida,0.022703,0.022701,0.022684,10.660000,6.8,6.803,6.8
17:23:15,1565,1,subida,0.022701,0.022701,0.022683,10.660000,6.8,6.802,6.8
17:23:15,1567,1,subida,0.022701,0.022701,0.022685,10.660000,6.8,6.803,6.8
17:23:15,1568,1,subida,0.022702,0.022701,0.022686,10.660000,6.8,6.802,6.8
17:23:15,1569,1,subida,0.022703,0.022701,0.022686,10.660000,6.8,6.803,6.8
17:23:15,1570,1,subida,0.022704,0.022702,0.022686,10.660000,6.8,6.802,6.8
17:23:15,1571,1,subida,0.022703,0.022702,0.022684,10.650000,6.802,6.8,6.8
17:23:15,1572,1,subida,0.022702,0.022702,0.022684,10.650000,6.8,6.802,6.8
17:23:15,1573,1,subida,0.022702,0.022702,0.022684,10.660000,6.802,6.8,6.8
17:23:16,1575,1,subida,0.022702,0.022702,0.022684,10.660000,6.803,6.8,6.8
17:23:16,1576,1,subida,0.022702,0.022702,0.022684,10.660000,6.8,6.803,6.8
17:23:16,1577,1,subida,0.022701,0.022702,0.022682,10.660000,6.8,6.802,6.8
17:23:16,1578,1,subida,0.022701,0.022702,0.022683,10.660000,6.8,6.803,6.8
17:23:16,1579,1,subida,0.022700,0.022701,0.022680,10.660000,6.8,6.803,6.8
17:23:16,1580,1,subida,0.022698,0.022701,0.022682,10.660000,6.8,6.803,6.8
17:23:16,1581,1,subida,0.022697,0.022701,0.022684,10.660000,6.8,6.803,6.8
17:23:16,1582,1,subida,0.022699,0.022700,0.022682,10.660000,6.8,6.803,6.8
17:23:16,1583,1,subida,0.022700,0.022700,0.022684,10.660000,6.8,6.803,6.8
17:23:16,1584,1,subida,0.022700,0.022700,0.022683,10.650000,6.8,6.803,6.8
17:23:16,1585,1,subida,0.022700,0.022700,0.022682,10.650000,6.8,6.803,6.8
17:23:16,1586,1,subida,0.022698,0.022700,0.022680,10.660000,6.8,6.803,6.8
17:23:16,1587,1,subida,0.022698,0.022700,0.022681,10.660000,6.803,6.8,6.8
17:23:16,1589,1,subida,0.022699,0.022700,0.022683,10.660000,6.8,6.803,6.8
17:23:16,1590,1,subida,0.022700,0.022700,0.022682,10.660000,6.8,6.803,6.8
17:23:16,1592,1,subida,0.022700,0.022700,0.022680,10.660000,6.803,6.8,6.8
17:23:16,1593,1,subida,0.022699,0.022700,0.022681,10.660000,6.8,6.803,6.8
17:23:16,1594,1,subida,0.022698,0.022700,0.022680,10.660000,6.8,6.802,6.8
17:23:16,1595,1,subida,0.022698,0.022699,0.022679,10.660000,6.8,6.803,6.8
17:23:17,1597,1,subida,0.022697,0.022699,0.022680,10.660000,6.803,6.8,6.8
17:23:17,1598,1,subida,0.022697,0.022699,0.022680,10.660000,6.8,6.803,6.8
17:23:17,1600,1,subida,0.022698,0.022699,0.022680,10.660000,6.8,6.803,6.8
17:23:17,1601,1,subida,0.022698,0.022699,0.022680,10.660000,6.8,6.803,6.8
17:23:17,1602,1,subida,0.022698,0.022699,0.022682,10.660000,6.8,6.803,6.8
17:23:17,1603,1,subida,0.022699,0.022699,0.022682,10.660000,6.8,6.803,6.8
17:23:17,1604,1,subida,0.022700,0.022699,0.022682,10.660000,6.8,6.803,6.8
17:23:17,1606,1,subida,0.022699,0.022699,0.022680,10.650000,6.8,6.802,6.8
17:23:17,1607,1,subida,0.022699,0.022699,0.022680,10.650000,6.8,6.803,6.8
17:23:17,1608,1,subida,0.022698,0.022699,0.022681,10.660000,6.8,6.802,6.8
17:23:17,1609,1,subida,0.022697,0.022699,0.022679,10.660000,6.8,6.803,6.8
17:23:17,1610,1,subida,0.022697,0.022698,0.022680,10.660000,6.8,6.803,6.8
17:23:17,1611,1,subida,0.022698,0.022698,0.022679,10.660000,6.8,6.803,6.8
17:23:17,1612,1,subida,0.022698,0.022698,0.022681,10.660000,6.8,6.803,6.8
17:23:17,1613,1,subida,0.022699,0.022698,0.022682,10.660000,6.8,6.802,6.8
17:23:17,1615,1,subida,0.022699,0.022698,0.022683,10.660000,6.8,6.802,6.8
17:23:17,1616,1,subida,0.022700,0.022699,0.022682,10.660000,6.8,6.802,6.8
17:23:17,1617,1,subida,0.022700,0.022699,0.022683,10.660000,6.8,6.802,6.8
17:23:17,1618,1,subida,0.022700,0.022699,0.022683,10.660000,6.802,6.8,6.8
17:23:17,1619,1,subida,0.022699,0.022699,0.022681,10.660000,6.8,6.803,6.8
17:23:18,1620,1,subida,0.022699,0.022699,0.022682,10.660000,6.8,6.802,6.8
17:23:18,1621,1,subida,0.022699,0.022699,0.022681,10.660000,6.8,6.802,6.8
17:23:18,1622,1,subida,0.022699,0.022699,0.022682,10.660000,6.8,6.802,6.8
17:23:18,1623,1,subida,0.022700,0.022699,0.022681,10.660000,6.802,6.8,6.8
17:23:18,1624,1,subida,0.022700,0.022699,0.022682,10.660000,6.8,6.802,6.8
17:23:18,1625,1,subida,0.022699,0.022699,0.022682,10.660000,6.8,6.802,6.8
17:23:18,1627,1,subida,0.022699,0.022699,0.022682,10.660000,6.8,6.802,6.8
17:23:18,1628,1,subida,0.022699,0.022699,0.022681,10.660000,6.8,6.802,6.8
17:23:18,1629,1,subida,0.022699,0.022699,0.022682,10.660000,6.8,6.803,6.8
17:23:18,1631,1,subida,0.022699,0.022699,0.022682,10.660000,6.8,6.802,6.8
17:23:18,1632,1,subida,0.022699,0.022699,0.022682,10.660000,6.8,6.802,6.8
17:23:18,1633,1,subida,0.022699,0.022699,0.022681,10.650000,6.8,6.802,6.8
17:23:18,1634,1,subida,0.022698,0.022699,0.022681,10.650000,6.8,6.801,6.8
17:23:18,1636,1,subida,0.022698,0.022699,0.022680,10.660000,6.8,6.801,6.8
17:23:18,1637,1,subida,0.022698,0.022699,0.022681,10.660000,6.8,6.801,6.8
17:23:18,1638,1,subida,0.022698,0.022699,0.022681,10.660000,6.8,6.802,6.8
17:23:18,1639,1,subida,0.022698,0.022699,0.022679,10.660000,6.8,6.801,6.8
17:23:18,1640,1,subida,0.022698,0.022699,0.022679,10.660000,6.8,6.801,6.8
17:23:18,1641,1,subida,0.022697,0.022698,0.022677,10.660000,6.8,6.801,6.8
17:23:18,1642,1,subida,0.022695,0.022698,0.022676,10.650000,6.8,6.801,6.8
17:23:18,1643,1,subida,0.022694,0.022698,0.022676,10.650000,6.8,6.801,6.8
17:23:19,1644,1,subida,0.022694,0.022697,0.022675,10.660000,6.8,6.801,6.8
17:23:19,1645,1,subida,0.022694,0.022697,0.022677,10.660000,6.8,6.802,6.8
17:23:19,1646,1,subida,0.022694,0.022697,0.022677,10.660000,6.8,6.801,6.8
17:23:19,1647,1,subida,0.022694,0.022697,0.022677,10.660000,6.8,6.801,6.8
17:23:19,1649,1,subida,0.022694,0.022696,0.022676,10.650000,6.8,6.801,6.8
17:23:19,1650,1,subida,0.022693,0.022696,0.022677,10.650000,6.8,6.801,6.8
17:23:19,1652,1,subida,0.022694,0.022696,0.022679,10.650000,6.8,6.801,6.8
17:23:19,1653,1,subida,0.022696,0.022696,0.022679,10.650000,6.8,6.801,6.8
17:23:19,1654,1,subida,0.022696,0.022696,0.022678,10.650000,6.8,6.801,6.8
17:23:19,1655,1,subida,0.022695,0.022696,0.022677,10.650000,6.801,6.8,6.8
17:23:19,1657,1,subida,0.022694,0.022696,0.022677,10.650000,6.8,6.801,6.8
17:23:19,1658,1,subida,0.022694,0.022695,0.022680,10.650000,6.8,6.8,6.8
17:23:19,1659,1,subida,0.022696,0.022695,0.022678,10.650000,6.8,6.8,6.8
17:23:19,1660,1,subida,0.022697,0.022696,0.022679,10.650000,6.8,6.801,6.8
17:23:19,1662,1,subida,0.022697,0.022696,0.022678,10.650000,6.8,6.8,6.8
17:23:19,1663,1,subida,0.022697,0.022696,0.022678,10.650000,6.8,6.8,6.8
17:23:19,1664,1,subida,0.022696,0.022696,0.022677,10.650000,6.8,6.8,6.8
17:23:19,1665,1,subida,0.022695,0.022696,0.022678,10.650000,6.8,6.8,6.8
17:23:19,1667,1,subida,0.022696,0.022696,0.022678,10.650000,6.8,6.801,6.8
17:23:20,1668,1,subida,0.022696,0.022696,0.022680,10.650000,6.8,6.8,6.8
17:23:20,1669,1,subida,0.022696,0.022696,0.022678,10.650000,6.8,6.8,6.8
17:23:20,1670,1,subida,0.022696,0.022696,0.022680,10.650000,6.8,6.8,6.8
17:23:20,1672,1,subida,0.022696,0.022696,0.022678,10.650000,6.8,6.8,6.8
17:23:20,1673,1,subida,0.022696,0.022696,0.022679,10.650000,6.8,6.8,6.8
17:23:20,1674,1,subida,0.022696,0.022696,0.022678,10.650000,6.8,6.8,6.8
17:23:20,1675,1,subida,0.022697,0.022696,0.022677,10.650000,6.8,6.8,6.8
17:23:20,1676,1,subida,0.022696,0.022696,0.022678,10.650000,6.8,6.8,6.8
17:23:20,1677,1,subida,0.022695,0.022696,0.022679,10.650000,6.8,6.8,6.8
17:23:20,1678,1,subida,0.022695,0.022696,0.022677,10.650000,6.8,6.8,6.8
17:23:20,1681,1,subida,0.022695,0.022696,0.022677,10.650000,6.8,6.8,6.8
17:23:20,1682,1,subida,0.022694,0.022696,0.022676,10.650000,6.8,6.8,6.8
17:23:20,1683,1,subida,0.022694,0.022695,0.022677,10.650000,6.8,6.8,6.8
17:23:20,1685,1,subida,0.022695,0.022695,0.022680,10.650000,6.8,6.8,6.8
17:23:20,1688,1,subida,0.022695,0.022695,0.022675,10.650000,6.8,6.799,6.8
17:23:20,1689,1,subida,0.022693,0.022695,0.022674,10.650000,6.8,6.799,6.8
17:23:20,1690,1,subida,0.022692,0.022695,0.022675,10.650000,6.8,6.799,6.8
17:23:20,1692,1,subida,0.022693,0.022695,0.022678,10.650000,6.8,6.798,6.8
17:23:21,1693,1,subida,0.022694,0.022695,0.022676,10.650000,6.8,6.798,6.8
17:23:21,1694,1,subida,0.022694,0.022695,0.022677,10.650000,6.8,6.798,6.8
17:23:21,1695,1,subida,0.022695,0.022695,0.022678,10.650000,6.8,6.798,6.8
17:23:21,1696,1,subida,0.022694,0.022695,0.022676,10.650000,6.8,6.798,6.8
17:23:21,1698,1,subida,0.022693,0.022694,0.022674,10.650000,6.8,6.797,6.8
17:23:21,1699,1,subida,0.022692,0.022694,0.022672,10.650000,6.8,6.797,6.8
17:23:21,1700,1,subida,0.022691,0.022694,0.022673,10.650000,6.8,6.797,6.8
17:23:21,1702,1,subida,0.022690,0.022694,0.022672,10.650000,6.8,6.797,6.8
17:23:21,1703,1,subida,0.022689,0.022693,0.022673,10.650000,6.8,6.797,6.8
17:23:21,1705,1,subida,0.022690,0.022693,0.022670,10.650000,6.8,6.797,6.8
17:23:21,1706,1,subida,0.022689,0.022692,0.022670,10.650000,6.797,6.8,6.8
17:23:21,1707,1,subida,0.022687,0.022692,0.022668,10.650000,6.8,6.797,6.8
17:23:21,1708,1,subida,0.022685,0.022691,0.022669,10.650000,6.8,6.796,6.8
17:23:21,1710,1,subida,0.022685,0.022691,0.022667,10.650000,6.8,6.796,6.8
17:23:21,1711,1,subida,0.022684,0.022690,0.022666,10.650000,6.8,6.796,6.8
17:23:21,1713,1,subida,0.022683,0.022689,0.022665,10.650000,6.8,6.796,6.8
17:23:21,1714,1,subida,0.022683,0.022689,0.022665,10.650000,6.8,6.795,6.8
17:23:21,1715,1,subida,0.022683,0.022688,0.022663,10.650000,6.8,6.795,6.8
17:23:21,1716,1,subida,0.022681,0.022688,0.022663,10.650000,6.8,6.795,6.8
17:23:21,1717,1,subida,0.022680,0.022687,0.022662,10.650000,6.8,6.795,6.8
17:23:22,1718,1,subida,0.022680,0.022686,0.022661,10.650000,6.8,6.795,6.8
17:23:22,1719,1,subida,0.022679,0.022686,0.022660,10.650000,6.8,6.795,6.8
17:23:22,1720,1,subida,0.022679,0.022685,0.022662,10.650000,6.8,6.795,6.8
17:23:22,1721,1,subida,0.022680,0.022684,0.022663,10.650000,6.8,6.795,6.8
17:23:22,1723,1,subida,0.022679,0.022684,0.022661,10.650000,6.8,6.795,6.8
17:23:22,1724,1,subida,0.022678,0.022683,0.022659,10.650000,6.8,6.795,6.8
17:23:22,1727,1,subida,0.022675,0.022682,0.022655,10.650000,6.8,6.795,6.8
17:23:22,1728,1,subida,0.022673,0.022681,0.022655,10.650000,6.8,6.795,6.8
17:23:22,1729,1,subida,0.022672,0.022680,0.022657,10.650000,6.8,6.795,6.8
17:23:22,1730,1,subida,0.022673,0.022680,0.022657,10.650000,6.8,6.795,6.8
17:23:22,1732,1,subida,0.022673,0.022679,0.022655,10.650000,6.8,6.795,6.8
17:23:22,1733,1,subida,0.022673,0.022678,0.022654,10.650000,6.8,6.795,6.8
17:23:22,1734,1,subida,0.022672,0.022678,0.022654,10.650000,6.8,6.795,6.8
17:23:22,1735,1,subida,0.022672,0.022677,0.022654,10.650000,6.8,6.795,6.8
17:23:22,1736,1,subida,0.022671,0.022677,0.022652,10.650000,6.795,6.8,6.8
17:23:22,1737,1,subida,0.022670,0.022676,0.022652,10.650000,6.8,6.795,6.8
17:23:22,1739,1,subida,0.022670,0.022675,0.022652,10.650000,6.8,6.796,6.8
17:23:22,1740,1,subida,0.022671,0.022675,0.022653,10.650000,6.8,6.796,6.8
17:23:22,1741,1,subida,0.022670,0.022674,0.022652,10.650000,6.8,6.796,6.8
17:23:23,1742,1,subida,0.022670,0.022674,0.022652,10.650000,6.8,6.796,6.8
17:23:23,1744,1,subida,0.022670,0.022674,0.022654,10.650000,6.8,6.797,6.8
17:23:23,1745,1,subida,0.022671,0.022673,0.022655,10.650000,6.8,6.797,6.8
17:23:23,1746,1,subida,0.022672,0.022673,0.022656,10.650000,6.8,6.797,6.8
17:23:23,1747,1,subida,0.022673,0.022673,0.022654,10.650000,6.8,6.797,6.8
17:23:23,1748,1,subida,0.022672,0.022673,0.022654,10.650000,6.8,6.797,6.8
17:23:23,1749,1,subida,0.022672,0.022673,0.022655,10.650000,6.8,6.797,6.8
17:23:23,1750,1,subida,0.022673,0.022673,0.022657,10.650000,6.8,6.797,6.8
17:23:23,1752,1,subida,0.022674,0.022673,0.022658,10.650000,6.8,6.797,6.8
17:23:23,1754,1,subida,0.022674,0.022673,0.022657,10.650000,6.8,6.797,6.8
17:23:23,1755,1,subida,0.022674,0.022673,0.022657,10.650000,6.8,6.797,6.8
17:23:23,1756,1,subida,0.022675,0.022673,0.022658,10.650000,6.8,6.797,6.8
17:23:23,1758,1,subida,0.022675,0.022674,0.022658,10.650000,6.8,6.797,6.8
17:23:23,1759,1,subida,0.022675,0.022674,0.022658,10.650000,6.8,6.797,6.8
17:23:23,1760,1,subida,0.022676,0.022674,0.022660,10.650000,6.8,6.797,6.8
17:23:23,1762,1,subida,0.022676,0.022674,0.022658,10.650000,6.8,6.797,6.8
17:23:23,1763,1,subida,0.022676,0.022674,0.022659,10.650000,6.8,6.797,6.8
17:23:23,1764,1,subida,0.022676,0.022674,0.022658,10.650000,6.8,6.797,6.8
17:23:23,1765,1,subida,0.022676,0.022675,0.022659,10.650000,6.796,6.8,6.8
17:23:23,1766,1,subida,0.022677,0.022675,0.022659,10.650000,6.8,6.797,6.8
17:23:24,1767,1,subida,0.022676,0.022675,0.022658,10.650000,6.8,6.796,6.8
17:23:24,1769,1,subida,0.022674,0.022675,0.022658,10.650000,6.8,6.796,6.8
17:23:24,1770,1,subida,0.022674,0.022675,0.022659,10.650000,6.8,6.797,6.8
17:23:24,1772,1,subida,0.022676,0.022675,0.022656,10.650000,6.8,6.796,6.8
17:23:24,1773,1,subida,0.022675,0.022675,0.022655,10.650000,6.8,6.796,6.8
17:23:24,1774,1,subida,0.022673,0.022675,0.022656,10.650000,6.8,6.796,6.8
17:23:24,1775,1,subida,0.022674,0.022675,0.022658,10.650000,6.8,6.796,6.8
17:23:24,1777,1,subida,0.022674,0.022675,0.022655,10.650000,6.8,6.796,6.8
17:23:24,1778,1,subida,0.022674,0.022674,0.022657,10.650000,6.8,6.796,6.8
17:23:24,1779,1,subida,0.022674,0.022674,0.022658,10.650000,6.8,6.796,6.8
17:23:24,1780,1,subida,0.022675,0.022674,0.022659,10.650000,6.8,6.796,6.8
17:23:24,1782,1,subida,0.022676,0.022675,0.022659,10.650000,6.8,6.797,6.8
17:23:24,1783,1,subida,0.022676,0.022675,0.022659,10.660000,6.796,6.8,6.8
17:23:24,1785,1,subida,0.022675,0.022675,0.022657,10.660000,6.8,6.796,6.8
17:23:24,1786,1,subida,0.022675,0.022675,0.022657,10.650000,6.8,6.797,6.8
17:23:24,1787,1,subida,0.022675,0.022675,0.022657,10.650000,6.8,6.796,6.8
17:23:24,1788,1,subida,0.022676,0.022675,0.022660,10.660000,6.797,6.8,6.8
17:23:24,1789,1,subida,0.022677,0.022675,0.022659,10.660000,6.8,6.797,6.8
17:23:24,1790,1,subida,0.022677,0.022675,0.022660,10.660000,6.796,6.8,6.8
17:23:24,1791,1,subida,0.022677,0.022675,0.022659,10.660000,6.8,6.797,6.8
17:23:25,1793,1,subida,0.022678,0.022676,0.022660,10.660000,6.8,6.796,6.8
17:23:25,1794,1,subida,0.022678,0.022676,0.022657,10.660000,6.796,6.8,6.8
17:23:25,1795,1,subida,0.022677,0.022676,0.022656,10.660000,6.8,6.796,6.8
17:23:25,1796,1,subida,0.022674,0.022676,0.022655,10.660000,6.796,6.8,6.8
17:23:25,1797,1,subida,0.022673,0.022676,0.022656,10.660000,6.8,6.797,6.8
17:23:25,1798,1,subida,0.022673,0.022675,0.022654,10.660000,6.8,6.797,6.8
17:23:25,1800,1,subida,0.022672,0.022675,0.022656,10.660000,6.796,6.8,6.8
17:23:25,1801,1,subida,0.022673,0.022675,0.022656,10.660000,6.8,6.797,6.8
17:23:25,1802,1,subida,0.022673,0.022675,0.022656,10.660000,6.8,6.797,6.8
17:23:25,1803,1,subida,0.022673,0.022675,0.022656,10.660000,6.8,6.797,6.8
17:23:25,1805,1,subida,0.022674,0.022674,0.022659,10.660000,6.8,6.797,6.8
17:23:25,1806,1,subida,0.022675,0.022675,0.022660,10.660000,6.8,6.798,6.8
17:24:15,1809,1,bajada,0.021382,0.021380,0.021365,10.670000,6.5,6.501,6.5
17:24:16,1810,1,bajada,0.021382,0.021381,0.021365,10.670000,6.501,6.5,6.5
17:24:16,1811,1,bajada,0.021382,0.021381,0.021364,10.670000,6.5,6.501,6.5
17:24:16,1812,1,bajada,0.021381,0.021381,0.021363,10.670000,6.5,6.501,6.5
17:24:16,1813,1,bajada,0.021381,0.021381,0.021364,10.670000,6.5,6.501,6.5
17:24:16,1814,1,bajada,0.021381,0.021381,0.021364,10.670000,6.5,6.501,6.5
17:24:16,1816,1,bajada,0.021380,0.021381,0.021360,10.670000,6.5,6.501,6.5
17:24:16,1817,1,bajada,0.021378,0.021380,0.021358,10.670000,6.5,6.5,6.5
17:24:16,1818,1,bajada,0.021377,0.021380,0.021361,10.670000,6.5,6.501,6.5
17:24:16,1819,1,bajada,0.021376,0.021380,0.021362,10.670000,6.5,6.501,6.5
17:24:16,1820,1,bajada,0.021377,0.021379,0.021362,10.670000,6.5,6.5,6.5
17:24:16,1821,1,bajada,0.021379,0.021379,0.021361,10.670000,6.5,6.5,6.5
17:24:16,1822,1,bajada,0.021379,0.021379,0.021361,10.670000,6.5,6.501,6.5
17:24:16,1823,1,bajada,0.021378,0.021379,0.021362,10.670000,6.5,6.5,6.5
17:24:16,1824,1,bajada,0.021379,0.021379,0.021361,10.670000,6.5,6.5,6.5
17:24:16,1826,1,bajada,0.021379,0.021379,0.021361,10.670000,6.5,6.5,6.5
17:24:16,1827,1,bajada,0.021379,0.021379,0.021359,10.670000,6.5,6.5,6.5
17:24:16,1828,1,bajada,0.021377,0.021379,0.021359,10.670000,6.5,6.5,6.5
17:24:16,1829,1,bajada,0.021376,0.021379,0.021359,10.670000,6.5,6.499,6.5
17:24:16,1830,1,bajada,0.021376,0.021378,0.021358,10.670000,6.5,6.5,6.5
17:24:16,1831,1,bajada,0.021376,0.021378,0.021359,10.670000,6.5,6.499,6.5
17:24:17,1832,1,bajada,0.021376,0.021378,0.021358,10.670000,6.5,6.5,6.5
17:24:17,1833,1,bajada,0.021375,0.021378,0.021357,10.670000,6.5,6.5,6.5
17:24:17,1834,1,bajada,0.021375,0.021377,0.021358,10.670000,6.5,6.5,6.5
17:24:17,1836,1,bajada,0.021375,0.021377,0.021356,10.670000,6.5,6.499,6.5
17:24:17,1837,1,bajada,0.021374,0.021377,0.021356,10.670000,6.5,6.499,6.5
17:24:17,1838,1,bajada,0.021373,0.021376,0.021355,10.670000,6.5,6.499,6.5
17:24:17,1839,1,bajada,0.021372,0.021376,0.021354,10.670000,6.499,6.5,6.5
17:24:17,1840,1,bajada,0.021372,0.021376,0.021355,10.670000,6.5,6.499,6.5
17:24:17,1842,1,bajada,0.021371,0.021375,0.021355,10.670000,6.5,6.499,6.5
17:24:17,1845,1,bajada,0.021372,0.021375,0.021356,10.670000,6.5,6.499,6.5
17:24:17,1846,1,bajada,0.021373,0.021374,0.021356,10.680000,6.5,6.499,6.5
17:24:17,1847,1,bajada,0.021373,0.021374,0.021357,10.680000,6.5,6.499,6.5
17:24:17,1848,1,bajada,0.021374,0.021374,0.021356,10.670000,6.5,6.499,6.5
17:24:17,1850,1,bajada,0.021372,0.021374,0.021351,10.670000,6.5,6.499,6.5
17:24:17,1851,1,bajada,0.021369,0.021374,0.021353,10.670000,6.5,6.498,6.5
17:24:17,1852,1,bajada,0.021369,0.021373,0.021354,10.670000,6.5,6.499,6.5
17:24:17,1853,1,bajada,0.021371,0.021373,0.021354,10.670000,6.499,6.5,6.5
17:24:17,1855,1,bajada,0.021371,0.021373,0.021354,10.670000,6.5,6.499,6.5
17:24:17,1856,1,bajada,0.021371,0.021373,0.021355,10.670000,6.5,6.498,6.5
17:24:18,1857,1,bajada,0.021371,0.021372,0.021353,10.670000,6.5,6.498,6.5
17:24:18,1858,1,bajada,0.021369,0.021372,0.021350,10.670000,6.5,6.498,6.5
17:24:18,1860,1,bajada,0.021367,0.021372,0.021349,10.670000,6.5,6.498,6.5
17:24:18,1861,1,bajada,0.021366,0.021371,0.021347,10.670000,6.5,6.498,6.5
17:24:18,1862,1,bajada,0.021364,0.021371,0.021347,10.670000,6.498,6.5,6.5
17:24:18,1863,1,bajada,0.021364,0.021370,0.021347,10.670000,6.5,6.498,6.5
17:24:18,1864,1,bajada,0.021364,0.021369,0.021345,10.670000,6.5,6.498,6.5
17:24:18,1865,1,bajada,0.021363,0.021369,0.021345,10.670000,6.5,6.498,6.5
17:24:18,1866,1,bajada,0.021362,0.021368,0.021345,10.670000,6.5,6.497,6.5
17:24:18,1867,1,bajada,0.021362,0.021368,0.021346,10.680000,6.5,6.498,6.5
17:24:18,1868,1,bajada,0.021363,0.021367,0.021345,10.680000,6.5,6.497,6.5
17:24:18,1870,1,bajada,0.021363,0.021367,0.021343,10.670000,6.5,6.497,6.5
17:24:18,1871,1,bajada,0.021363,0.021366,0.021343,10.670000,6.5,6.497,6.5
17:24:18,1872,1,bajada,0.021361,0.021366,0.021344,10.670000,6.5,6.497,6.5
17:24:18,1873,1,bajada,0.021361,0.021365,0.021345,10.670000,6.5,6.498,6.5
17:24:18,1874,1,bajada,0.021361,0.021365,0.021343,10.670000,6.5,6.497,6.5
17:24:18,1876,1,bajada,0.021360,0.021365,0.021345,10.670000,6.5,6.497,6.5
17:24:18,1877,1,bajada,0.021361,0.021364,0.021345,10.670000,6.5,6.497,6.5
17:24:18,1878,1,bajada,0.021362,0.021364,0.021345,10.670000,6.5,6.497,6.5
17:24:18,1880,1,bajada,0.021361,0.021364,0.021343,10.670000,6.497,6.5,6.5
17:24:19,1881,1,bajada,0.021361,0.021363,0.021345,10.670000,6.5,6.497,6.5
17:24:19,1882,1,bajada,0.021361,0.021363,0.021344,10.670000,6.5,6.497,6.5
17:24:19,1883,1,bajada,0.021361,0.021363,0.021343,10.670000,6.5,6.497,6.5
17:24:19,1885,1,bajada,0.021360,0.021363,0.021345,10.670000,6.5,6.497,6.5
17:24:19,1886,1,bajada,0.021361,0.021362,0.021344,10.670000,6.5,6.497,6.5
17:24:19,1887,1,bajada,0.021361,0.021362,0.021345,10.670000,6.497,6.5,6.5
17:24:19,1889,1,bajada,0.021361,0.021362,0.021344,10.670000,6.497,6.5,6.5
17:24:19,1890,1,bajada,0.021361,0.021362,0.021343,10.670000,6.5,6.497,6.5
17:24:19,1891,1,bajada,0.021361,0.021362,0.021344,10.670000,6.5,6.497,6.5
17:24:19,1892,1,bajada,0.021360,0.021362,0.021343,10.670000,6.497,6.5,6.5
17:24:19,1894,1,bajada,0.021361,0.021362,0.021345,10.670000,6.5,6.497,6.5
17:24:19,1895,1,bajada,0.021360,0.021362,0.021342,10.670000,6.5,6.496,6.5
17:24:19,1896,1,bajada,0.021359,0.021361,0.021343,10.670000,6.5,6.496,6.5
17:24:19,1898,1,bajada,0.021359,0.021361,0.021341,10.670000,6.5,6.497,6.5
17:24:19,1899,1,bajada,0.021358,0.021361,0.021342,10.670000,6.496,6.5,6.5
17:24:19,1901,1,bajada,0.021358,0.021361,0.021342,10.670000,6.496,6.5,6.5
17:24:19,1902,1,bajada,0.021358,0.021360,0.021342,10.670000,6.5,6.496,6.5
17:24:19,1903,1,bajada,0.021359,0.021360,0.021342,10.680000,6.5,6.496,6.5
17:24:19,1905,1,bajada,0.021358,0.021360,0.021339,10.680000,6.496,6.5,6.5
17:24:20,1906,1,bajada,0.021356,0.021360,0.021338,10.670000,6.5,6.496,6.5
17:24:20,1907,1,bajada,0.021356,0.021359,0.021340,10.670000,6.5,6.496,6.5
17:24:20,1908,1,bajada,0.021357,0.021359,0.021339,10.670000,6.5,6.496,6.5
17:24:20,1910,1,bajada,0.021357,0.021359,0.021340,10.670000,6.5,6.496,6.5
17:24:20,1911,1,bajada,0.021357,0.021359,0.021339,10.680000,6.5,6.496,6.5
17:24:20,1913,1,bajada,0.021357,0.021358,0.021340,10.680000,6.5,6.497,6.5
17:24:20,1914,1,bajada,0.021357,0.021358,0.021338,10.670000,6.5,6.496,6.5
17:24:20,1915,1,bajada,0.021355,0.021358,0.021337,10.670000,6.5,6.497,6.5
17:24:20,1916,1,bajada,0.021354,0.021358,0.021336,10.670000,6.5,6.498,6.5
17:24:20,1918,1,bajada,0.021353,0.021357,0.021335,10.670000,6.5,6.498,6.5
17:24:20,1919,1,bajada,0.021353,0.021357,0.021336,10.670000,6.5,6.498,6.5
17:24:20,1920,1,bajada,0.021353,0.021356,0.021338,10.670000,6.5,6.499,6.5
17:24:20,1921,1,bajada,0.021354,0.021356,0.021339,10.670000,6.5,6.499,6.5
17:24:20,1923,1,bajada,0.021356,0.021356,0.021339,10.670000,6.5,6.499,6.5
17:24:20,1924,1,bajada,0.021357,0.021356,0.021341,10.670000,6.499,6.5,6.5
17:24:20,1926,1,bajada,0.021357,0.021356,0.021340,10.670000,6.5,6.5,6.5
17:24:20,1927,1,bajada,0.021358,0.021356,0.021342,10.670000,6.5,6.5,6.5
17:24:20,1928,1,bajada,0.021359,0.021357,0.021343,10.670000,6.5,6.5,6.5
17:24:20,1930,1,bajada,0.021360,0.021357,0.021344,10.670000,6.5,6.501,6.5
17:24:20,1931,1,bajada,0.021361,0.021357,0.021344,10.670000,6.5,6.501,6.5
17:24:20,1932,1,bajada,0.021361,0.021358,0.021343,10.670000,6.5,6.501,6.5
17:24:21,1934,1,bajada,0.021361,0.021358,0.021346,10.670000,6.5,6.501,6.5
17:24:21,1935,1,bajada,0.021362,0.021358,0.021347,10.670000,6.5,6.501,6.5
17:24:21,1936,1,bajada,0.021364,0.021359,0.021349,10.670000,6.5,6.501,6.5
17:24:21,1937,1,bajada,0.021365,0.021360,0.021350,10.670000,6.5,6.502,6.5
17:24:21,1938,1,bajada,0.021366,0.021360,0.021351,10.670000,6.501,6.5,6.5
17:24:21,1939,1,bajada,0.021367,0.021361,0.021349,10.670000,6.5,6.502,6.5
17:24:21,1940,1,bajada,0.021367,0.021361,0.021351,10.670000,6.5,6.502,6.5
17:24:21,1941,1,bajada,0.021368,0.021362,0.021352,10.670000,6.5,6.502,6.5
17:24:21,1943,1,bajada,0.021369,0.021363,0.021354,10.670000,6.502,6.5,6.5
17:24:21,1944,1,bajada,0.021370,0.021363,0.021354,10.670000,6.5,6.502,6.5
17:24:21,1945,1,bajada,0.021371,0.021364,0.021355,10.670000,6.5,6.502,6.5
17:24:21,1946,1,bajada,0.021372,0.021365,0.021356,10.670000,6.5,6.502,6.5
17:24:21,1947,1,bajada,0.021372,0.021366,0.021356,10.670000,6.5,6.502,6.5
17:24:21,1948,1,bajada,0.021373,0.021366,0.021356,10.670000,6.5,6.502,6.5
17:24:21,1949,1,bajada,0.021373,0.021367,0.021357,10.670000,6.5,6.502,6.5
17:24:21,1950,1,bajada,0.021373,0.021368,0.021355,10.670000,6.5,6.502,6.5
17:24:21,1951,1,bajada,0.021373,0.021368,0.021355,10.670000,6.5,6.502,6.5
17:24:21,1953,1,bajada,0.021373,0.021368,0.021357,10.670000,6.5,6.502,6.5
17:24:21,1954,1,bajada,0.021374,0.021369,0.021358,10.670000,6.5,6.502,6.5
17:24:22,1955,1,bajada,0.021374,0.021369,0.021358,10.670000,6.5,6.502,6.5
17:24:22,1956,1,bajada,0.021375,0.021370,0.021361,10.670000,6.5,6.502,6.5
17:24:22,1957,1,bajada,0.021377,0.021371,0.021362,10.670000,6.5,6.502,6.5
17:24:22,1958,1,bajada,0.021379,0.021371,0.021361,10.670000,6.5,6.502,6.5
17:24:22,1959,1,bajada,0.021379,0.021372,0.021360,10.670000,6.5,6.501,6.5
17:24:22,1960,1,bajada,0.021378,0.021373,0.021360,10.670000,6.5,6.502,6.5
17:24:22,1962,1,bajada,0.021377,0.021373,0.021360,10.670000,6.5,6.502,6.5
17:24:22,1963,1,bajada,0.021377,0.021373,0.021362,10.670000,6.5,6.501,6.5
17:24:22,1964,1,bajada,0.021378,0.021374,0.021361,10.670000,6.5,6.501,6.5
17:24:22,1965,1,bajada,0.021378,0.021374,0.021362,10.670000,6.5,6.502,6.5
17:24:22,1966,1,bajada,0.021379,0.021375,0.021361,10.670000,6.5,6.502,6.5
17:24:22,1968,1,bajada,0.021378,0.021375,0.021362,10.670000,6.5,6.502,6.5
17:24:22,1969,1,bajada,0.021378,0.021375,0.021362,10.670000,6.5,6.501,6.5
17:24:22,1970,1,bajada,0.021379,0.021376,0.021363,10.670000,6.502,6.5,6.5
17:24:22,1971,1,bajada,0.021379,0.021376,0.021362,10.670000,6.5,6.501,6.5
17:24:22,1973,1,bajada,0.021379,0.021376,0.021360,10.670000,6.501,6.5,6.5
17:24:22,1974,1,bajada,0.021378,0.021376,0.021360,10.670000,6.5,6.501,6.5
17:24:22,1975,1,bajada,0.021378,0.021377,0.021362,10.670000,6.5,6.502,6.5
17:24:22,1977,1,bajada,0.021378,0.021377,0.021359,10.670000,6.5,6.501,6.5
17:24:22,1978,1,bajada,0.021377,0.021377,0.021359,10.670000,6.501,6.5,6.5
17:24:23,1980,1,bajada,0.021376,0.021377,0.021358,10.670000,6.5,6.501,6.5
17:24:23,1981,1,bajada,0.021375,0.021376,0.021356,10.670000,6.5,6.502,6.5
17:24:23,1982,1,bajada,0.021374,0.021376,0.021357,10.670000,6.5,6.501,6.5
17:24:23,1983,1,bajada,0.021374,0.021376,0.021357,10.670000,6.5,6.501,6.5
17:24:23,1984,1,bajada,0.021374,0.021376,0.021356,10.670000,6.5,6.501,6.5
17:24:23,1985,1,bajada,0.021373,0.021376,0.021356,10.670000,6.5,6.5,6.5
17:24:23,1986,1,bajada,0.021374,0.021375,0.021358,10.670000,6.5,6.501,6.5
17:24:23,1987,1,bajada,0.021375,0.021375,0.021358,10.670000,6.5,6.501,6.5
17:24:23,1989,1,bajada,0.021376,0.021375,0.021359,10.670000,6.5,6.501,6.5
17:24:23,1990,1,bajada,0.021377,0.021376,0.021360,10.670000,6.501,6.5,6.5
17:24:23,1991,1,bajada,0.021377,0.021376,0.021359,10.670000,6.5,6.501,6.5
17:24:23,1992,1,bajada,0.021376,0.021376,0.021360,10.670000,6.5,6.501,6.5
17:24:23,1993,1,bajada,0.021376,0.021376,0.021359,10.670000,6.5,6.501,6.5
17:24:23,1995,1,bajada,0.021376,0.021376,0.021356,10.670000,6.501,6.5,6.5
17:24:23,1996,1,bajada,0.021375,0.021376,0.021356,10.670000,6.5,6.501,6.5
17:24:23,1997,1,bajada,0.021373,0.021375,0.021356,10.670000,6.5,6.501,6.5
17:24:23,1998,1,bajada,0.021373,0.021375,0.021358,10.670000,6.5,6.5,6.5
17:24:23,2000,1,bajada,0.021374,0.021375,0.021356,10.670000,6.5,6.5,6.5
17:24:23,2001,1,bajada,0.021373,0.021375,0.021355,10.670000,6.5,6.501,6.5
17:24:23,2002,1,bajada,0.021373,0.021375,0.021355,10.670000,6.5,6.5,6.5
17:24:23,2003,1,bajada,0.021373,0.021375,0.021355,10.670000,6.5,6.501,6.5
17:24:24,2004,1,bajada,0.021371,0.021374,0.021354,10.670000,6.5,6.5,6.5
17:24:24,2006,1,bajada,0.021371,0.021374,0.021356,10.670000,6.5,6.5,6.5
17:24:24,2007,1,bajada,0.021373,0.021374,0.021356,10.670000,6.5,6.5,6.5
17:24:24,2008,1,bajada,0.021373,0.021374,0.021355,10.670000,6.5,6.5,6.5
17:24:24,2009,1,bajada,0.021373,0.021374,0.021356,10.670000,6.5,6.5,6.5
17:24:24,2011,1,bajada,0.021373,0.021374,0.021355,10.670000,6.5,6.5,6.5
17:24:24,2012,1,bajada,0.021372,0.021374,0.021356,10.670000,6.5,6.5,6.5
17:24:24,2013,1,bajada,0.021372,0.021373,0.021355,10.670000,6.5,6.499,6.5
17:24:24,2014,1,bajada,0.021372,0.021373,0.021355,10.670000,6.5,6.5,6.5
17:24:24,2015,1,bajada,0.021372,0.021373,0.021355,10.670000,6.5,6.5,6.5
17:24:24,2017,1,bajada,0.021371,0.021373,0.021354,10.670000,6.5,6.5,6.5
17:24:24,2018,1,bajada,0.021371,0.021373,0.021354,10.670000,6.5,6.5,6.5
17:24:24,2019,1,bajada,0.021371,0.021373,0.021355,10.670000,6.5,6.5,6.5
17:24:24,2021,1,bajada,0.021372,0.021373,0.021354,10.670000,6.5,6.5,6.5
17:24:24,2022,1,bajada,0.021372,0.021372,0.021355,10.670000,6.5,6.499,6.5
17:24:24,2023,1,bajada,0.021372,0.021372,0.021353,10.670000,6.5,6.499,6.5
17:24:24,2024,1,bajada,0.021372,0.021372,0.021354,10.670000,6.5,6.499,6.5
17:24:24,2025,1,bajada,0.021371,0.021372,0.021354,10.670000,6.5,6.5,6.5
17:24:24,2026,1,bajada,0.021372,0.021372,0.021355,10.670000,6.5,6.499,6.5
17:24:25,2028,1,bajada,0.021373,0.021372,0.021357,10.670000,6.5,6.499,6.5
17:24:25,2029,1,bajada,0.021374,0.021372,0.021355,10.670000,6.5,6.499,6.5
17:24:25,2030,1,bajada,0.021372,0.021372,0.021354,10.670000,6.5,6.499,6.5
17:24:25,2032,1,bajada,0.021372,0.021372,0.021354,10.670000,6.5,6.5,6.5
17:24:25,2033,1,bajada,0.021371,0.021372,0.021354,10.670000,6.499,6.5,6.5
17:24:25,2034,1,bajada,0.021371,0.021372,0.021354,10.670000,6.5,6.499,6.5
17:24:25,2035,1,bajada,0.021371,0.021372,0.021354,10.670000,6.5,6.499,6.5
17:24:25,2036,1,bajada,0.021370,0.021372,0.021352,10.670000,6.5,6.499,6.5
17:24:25,2037,1,bajada,0.021369,0.021372,0.021352,10.670000,6.5,6.499,6.5
17:24:25,2039,1,bajada,0.021370,0.021371,0.021352,10.670000,6.5,6.498,6.5
17:24:25,2040,1,bajada,0.021370,0.021371,0.021351,10.670000,6.5,6.499,6.5
17:24:25,2041,1,bajada,0.021369,0.021371,0.021350,10.670000,6.5,6.499,6.5
17:24:25,2042,1,bajada,0.021368,0.021371,0.021352,10.670000,6.5,6.499,6.5
17:24:25,2043,1,bajada,0.021368,0.021371,0.021352,10.670000,6.5,6.499,6.5
17:24:25,2045,1,bajada,0.021369,0.021370,0.021352,10.670000,6.5,6.499,6.5
17:24:25,2046,1,bajada,0.021369,0.021370,0.021352,10.670000,6.5,6.499,6.5
17:24:25,2047,1,bajada,0.021369,0.021370,0.021351,10.670000,6.5,6.499,6.5
17:24:25,2048,1,bajada,0.021369,0.021370,0.021351,10.670000,6.5,6.498,6.5
17:24:25,2049,1,bajada,0.021367,0.021370,0.021348,10.670000,6.5,6.499,6.5
17:24:25,2051,1,bajada,0.021366,0.021369,0.021349,10.670000,6.5,6.499,6.5
17:24:26,2052,1,bajada,0.021365,0.021369,0.021349,10.670000,6.5,6.498,6.5
17:24:26,2053,1,bajada,0.021366,0.021369,0.021348,10.670000,6.5,6.499,6.5
17:24:26,2054,1,bajada,0.021366,0.021368,0.021348,10.670000,6.5,6.498,6.5
17:24:26,2056,1,bajada,0.021366,0.021368,0.021349,10.670000,6.5,6.498,6.5
17:24:26,2057,1,bajada,0.021366,0.021368,0.021350,10.670000,6.5,6.498,6.5
17:24:26,2058,1,bajada,0.021367,0.021368,0.021350,10.670000,6.5,6.498,6.5
17:24:26,2059,1,bajada,0.021367,0.021368,0.021350,10.670000,6.498,6.5,6.5
17:24:26,2060,1,bajada,0.021367,0.021368,0.021351,10.670000,6.5,6.498,6.5
17:24:26,2062,1,bajada,0.021368,0.021368,0.021349,10.670000,6.5,6.498,6.5
17:24:26,2063,1,bajada,0.021367,0.021368,0.021349,10.670000,6.5,6.498,6.5
17:24:26,2064,1,bajada,0.021366,0.021368,0.021348,10.670000,6.498,6.5,6.5
17:24:26,2065,1,bajada,0.021366,0.021367,0.021350,10.670000,6.5,6.498,6.5
17:24:26,2066,1,bajada,0.021367,0.021367,0.021349,10.670000,6.5,6.498,6.5
17:24:26,2067,1,bajada,0.021367,0.021367,0.021351,10.670000,6.497,6.5,6.5
17:24:26,2068,1,bajada,0.021367,0.021367,0.021346,10.670000,6.5,6.498,6.5
17:24:26,2070,1,bajada,0.021366,0.021367,0.021346,10.670000,6.5,6.498,6.5
17:24:26,2071,1,bajada,0.021364,0.021367,0.021347,10.670000,6.498,6.5,6.5
17:24:26,2072,1,bajada,0.021363,0.021366,0.021346,10.670000,6.5,6.498,6.5
17:24:26,2073,1,bajada,0.021364,0.021366,0.021345,10.670000,6.5,6.498,6.5
17:24:26,2074,1,bajada,0.021363,0.021366,0.021346,10.670000,6.497,6.5,6.5
17:24:27,2075,1,bajada,0.021363,0.021366,0.021347,10.670000,6.5,6.498,6.5
17:24:27,2076,1,bajada,0.021364,0.021365,0.021348,10.670000,6.5,6.498,6.5
17:24:27,2078,1,bajada,0.021365,0.021365,0.021347,10.670000,6.5,6.498,6.5
17:24:27,2079,1,bajada,0.021365,0.021365,0.021349,10.670000,6.5,6.498,6.5
17:24:27,2080,1,bajada,0.021366,0.021365,0.021350,10.670000,6.5,6.498,6.5
17:24:27,2082,1,bajada,0.021367,0.021366,0.021347,10.670000,6.5,6.498,6.5
17:24:27,2083,1,bajada,0.021367,0.021366,0.021348,10.670000,6.5,6.499,6.5
17:24:27,2084,1,bajada,0.021365,0.021366,0.021346,10.670000,6.5,6.499,6.5
17:24:27,2085,1,bajada,0.021364,0.021365,0.021344,10.670000,6.5,6.499,6.5
17:24:27,2086,1,bajada,0.021362,0.021365,0.021346,10.670000,6.5,6.498,6.5
17:24:27,2088,1,bajada,0.021362,0.021365,0.021345,10.670000,6.5,6.499,6.5
17:24:27,2089,1,bajada,0.021362,0.021365,0.021346,10.670000,6.5,6.499,6.5
17:24:27,2090,1,bajada,0.021363,0.021364,0.021347,10.670000,6.5,6.499,6.5
17:24:27,2091,1,bajada,0.021364,0.021364,0.021347,10.670000,6.5,6.499,6.5
17:24:27,2093,1,bajada,0.021364,0.021364,0.021347,10.670000,6.5,6.499,6.5
17:24:27,2094,1,bajada,0.021364,0.021364,0.021347,10.670000,6.5,6.5,6.5
17:24:27,2095,1,bajada,0.021364,0.021364,0.021347,10.670000,6.5,6.499,6.5
17:24:27,2096,1,bajada,0.021365,0.021364,0.021346,10.670000,6.5,6.5,6.5
17:24:27,2097,1,bajada,0.021364,0.021364,0.021346,10.670000,6.5,6.499,6.5
17:24:27,2099,1,bajada,0.021363,0.021364,0.021347,10.670000,6.5,6.5,6.5
17:24:28,2100,1,bajada,0.021363,0.021364,0.021346,10.670000,6.5,6.5,6.5
17:24:28,2101,1,bajada,0.021364,0.021364,0.021350,10.670000,6.5,6.5,6.5
17:24:28,2102,1,bajada,0.021365,0.021364,0.021348,10.670000,6.5,6.5,6.5
17:24:28,2103,1,bajada,0.021365,0.021364,0.021348,10.670000,6.5,6.5,6.5
17:24:28,2105,1,bajada,0.021366,0.021365,0.021350,10.670000,6.5,6.5,6.5
17:24:28,2106,1,bajada,0.021367,0.021365,0.021352,10.670000,6.5,6.5,6.5
17:24:28,2107,1,bajada,0.021368,0.021365,0.021351,10.670000,6.5,6.501,6.5
17:24:28,2108,1,bajada,0.021368,0.021365,0.021351,10.670000,6.501,6.5,6.5
17:24:28,2109,1,bajada,0.021368,0.021366,0.021351,10.670000,6.5,6.501,6.5
17:24:28,2110,1,bajada,0.021369,0.021366,0.021350,10.670000,6.501,6.5,6.5
17:24:28,2111,1,bajada,0.021367,0.021366,0.021348,10.670000,6.5,6.501,6.5
17:24:28,2113,1,bajada,0.021366,0.021366,0.021350,10.670000,6.5,6.501,6.5
17:24:28,2114,1,bajada,0.021367,0.021366,0.021351,10.670000,6.5,6.501,6.5
17:24:28,2115,1,bajada,0.021367,0.021366,0.021353,10.670000,6.501,6.5,6.5
17:24:28,2116,1,bajada,0.021368,0.021366,0.021352,10.670000,6.5,6.501,6.5
17:24:28,2117,1,bajada,0.021370,0.021367,0.021355,10.670000,6.5,6.501,6.5
17:24:28,2118,1,bajada,0.021370,0.021367,0.021354,10.670000,6.5,6.501,6.5
17:24:28,2119,1,bajada,0.021371,0.021367,0.021356,10.670000,6.5,6.501,6.5
17:24:28,2121,1,bajada,0.021373,0.021368,0.021359,10.670000,6.5,6.502,6.5
17:24:29,2122,1,bajada,0.021375,0.021369,0.021358,10.670000,6.5,6.501,6.5
17:24:29,2123,1,bajada,0.021375,0.021369,0.021356,10.670000,6.5,6.501,6.5
17:24:29,2124,1,bajada,0.021374,0.021370,0.021357,10.670000,6.5,6.502,6.5
17:24:29,2125,1,bajada,0.021373,0.021370,0.021358,10.670000,6.5,6.501,6.5
17:24:29,2126,1,bajada,0.021374,0.021370,0.021358,10.670000,6.5,6.501,6.5
17:24:29,2127,1,bajada,0.021373,0.021371,0.021354,10.670000,6.5,6.502,6.5
17:24:29,2128,1,bajada,0.021372,0.021371,0.021356,10.670000,6.5,6.501,6.5
17:24:29,2130,1,bajada,0.021374,0.021371,0.021358,10.670000,6.5,6.502,6.5
17:24:29,2131,1,bajada,0.021375,0.021371,0.021360,10.670000,6.502,6.5,6.5
17:24:29,2132,1,bajada,0.021376,0.021372,0.021358,10.670000,6.5,6.501,6.5
17:24:29,2133,1,bajada,0.021376,0.021372,0.021360,10.670000,6.5,6.501,6.5
17:24:29,2134,1,bajada,0.021376,0.021373,0.021360,10.670000,6.5,6.501,6.5
17:24:29,2136,1,bajada,0.021377,0.021373,0.021362,10.670000,6.5,6.502,6.5
17:24:29,2137,1,bajada,0.021378,0.021374,0.021362,10.670000,6.5,6.502,6.5
17:24:29,2138,1,bajada,0.021378,0.021374,0.021361,10.670000,6.5,6.502,6.5
17:24:29,2139,1,bajada,0.021379,0.021374,0.021362,10.670000,6.5,6.502,6.5
17:24:29,2140,1,bajada,0.021380,0.021375,0.021364,10.670000,6.5,6.501,6.5
17:24:29,2142,1,bajada,0.021380,0.021375,0.021362,10.670000,6.5,6.501,6.5
17:24:29,2143,1,bajada,0.021379,0.021376,0.021363,10.670000,6.5,6.502,6.5
17:24:29,2145,1,bajada,0.021379,0.021376,0.021361,10.670000,6.5,6.502,6.5
17:24:29,2146,1,bajada,0.021379,0.021376,0.021362,10.670000,6.5,6.501,6.5
17:24:30,2147,1,bajada,0.021379,0.021377,0.021363,10.670000,6.5,6.501,6.5
17:24:30,2148,1,bajada,0.021380,0.021377,0.021364,10.670000,6.501,6.5,6.5
17:24:30,2150,1,bajada,0.021380,0.021377,0.021364,10.670000,6.5,6.501,6.5
17:24:30,2151,1,bajada,0.021380,0.021378,0.021361,10.670000,6.5,6.501,6.5
17:24:30,2152,1,bajada,0.021379,0.021378,0.021361,10.670000,6.5,6.501,6.5
17:24:30,2153,1,bajada,0.021378,0.021378,0.021360,10.670000,6.5,6.501,6.5
17:24:30,2155,1,bajada,0.021377,0.021378,0.021361,10.670000,6.5,6.501,6.5
17:24:30,2156,1,bajada,0.021376,0.021377,0.021360,10.670000,6.5,6.501,6.5
17:24:30,2157,1,bajada,0.021376,0.021377,0.021360,10.670000,6.5,6.501,6.5
17:24:30,2158,1,bajada,0.021376,0.021377,0.021361,10.670000,6.5,6.501,6.5
17:24:30,2160,1,bajada,0.021376,0.021377,0.021358,10.670000,6.501,6.5,6.5
17:24:30,2161,1,bajada,0.021375,0.021377,0.021360,10.670000,6.5,6.501,6.5
17:24:30,2162,1,bajada,0.021375,0.021377,0.021359,10.670000,6.5,6.501,6.5
17:24:30,2163,1,bajada,0.021375,0.021377,0.021355,10.670000,6.5,6.501,6.5
17:24:30,2164,1,bajada,0.021374,0.021376,0.021357,10.670000,6.5,6.501,6.5
17:24:30,2165,1,bajada,0.021374,0.021376,0.021357,10.670000,6.5,6.501,6.5
17:24:30,2166,1,bajada,0.021374,0.021376,0.021357,10.670000,6.5,6.501,6.5
17:24:30,2167,1,bajada,0.021374,0.021376,0.021358,10.670000,6.5,6.501,6.5
17:24:30,2168,1,bajada,0.021375,0.021376,0.021359,10.670000,6.5,6.501,6.5
17:24:30,2169,1,bajada,0.021376,0.021376,0.021359,10.670000,6.5,6.501,6.5
17:24:31,2170,1,bajada,0.021375,0.021376,0.021358,10.670000,6.5,6.501,6.5
17:24:31,2171,1,bajada,0.021374,0.021375,0.021357,10.670000,6.5,6.501,6.5
17:24:31,2172,1,bajada,0.021373,0.021375,0.021357,10.670000,6.5,6.501,6.5
17:24:31,2174,1,bajada,0.021374,0.021375,0.021357,10.670000,6.5,6.5,6.5
17:24:31,2175,1,bajada,0.021375,0.021375,0.021359,10.670000,6.5,6.501,6.5
17:24:31,2176,1,bajada,0.021375,0.021375,0.021359,10.670000,6.5,6.5,6.5
17:24:31,2177,1,bajada,0.021375,0.021375,0.021357,10.670000,6.5,6.501,6.5
17:24:31,2178,1,bajada,0.021374,0.021375,0.021357,10.670000,6.5,6.5,6.5
17:24:31,2179,1,bajada,0.021374,0.021375,0.021357,10.670000,6.5,6.5,6.5
17:24:31,2180,1,bajada,0.021374,0.021375,0.021358,10.670000,6.5,6.5,6.5
17:24:31,2182,1,bajada,0.021374,0.021375,0.021356,10.670000,6.5,6.5,6.5
17:24:31,2183,1,bajada,0.021374,0.021375,0.021356,10.670000,6.5,6.5,6.5
17:24:31,2185,1,bajada,0.021373,0.021375,0.021357,10.670000,6.5,6.5,6.5
17:24:31,2186,1,bajada,0.021374,0.021375,0.021358,10.670000,6.5,6.5,6.5
17:24:31,2187,1,bajada,0.021374,0.021374,0.021356,10.670000,6.5,6.5,6.5
17:24:31,2189,1,bajada,0.021373,0.021374,0.021355,10.670000,6.5,6.5,6.5
17:24:31,2190,1,bajada,0.021373,0.021374,0.021355,10.670000,6.5,6.5,6.5
17:24:31,2191,1,bajada,0.021372,0.021374,0.021354,10.670000,6.5,6.5,6.5
17:24:32,2193,1,bajada,0.021372,0.021374,0.021356,10.670000,6.5,6.5,6.5
17:24:32,2194,1,bajada,0.021372,0.021374,0.021356,10.670000,6.5,6.5,6.5
17:24:32,2195,1,bajada,0.021373,0.021374,0.021355,10.670000,6.5,6.5,6.5
17:24:32,2196,1,bajada,0.021373,0.021373,0.021356,10.670000,6.5,6.5,6.5
17:24:32,2197,1,bajada,0.021373,0.021373,0.021356,10.670000,6.5,6.5,6.5
17:24:32,2198,1,bajada,0.021373,0.021373,0.021355,10.670000,6.5,6.499,6.5
17:24:32,2199,1,bajada,0.021372,0.021373,0.021355,10.670000,6.5,6.5,6.5
17:24:32,2200,1,bajada,0.021371,0.021373,0.021354,10.670000,6.5,6.499,6.5
17:24:32,2201,1,bajada,0.021370,0.021373,0.021353,10.670000,6.5,6.499,6.5
17:24:32,2202,1,bajada,0.021370,0.021372,0.021352,10.670000,6.5,6.499,6.5
17:24:32,2203,1,bajada,0.021369,0.021372,0.021351,10.670000,6.5,6.499,6.5
17:24:32,2205,1,bajada,0.021369,0.021372,0.021351,10.670000,6.5,6.499,6.5
17:24:32,2206,1,bajada,0.021368,0.021371,0.021350,10.670000,6.5,6.499,6.5
17:24:32,2207,1,bajada,0.021366,0.021371,0.021349,10.670000,6.5,6.499,6.5
17:24:32,2208,1,bajada,0.021366,0.021371,0.021350,10.670000,6.5,6.499,6.5
17:24:32,2209,1,bajada,0.021367,0.021370,0.021350,10.670000,6.5,6.499,6.5
17:24:32,2211,1,bajada,0.021367,0.021370,0.021351,10.670000,6.5,6.499,6.5
17:24:32,2212,1,bajada,0.021368,0.021370,0.021351,10.670000,6.5,6.499,6.5
17:24:32,2213,1,bajada,0.021367,0.021369,0.021352,10.670000,6.5,6.499,6.5
17:24:32,2214,1,bajada,0.021368,0.021369,0.021350,10.670000,6.5,6.499,6.5
17:24:32,2215,1,bajada,0.021368,0.021369,0.021350,10.670000,6.5,6.499,6.5
17:24:32,2216,1,bajada,0.021367,0.021369,0.021349,10.670000,6.499,6.5,6.5
17:24:33,2217,1,bajada,0.021366,0.021369,0.021349,10.670000,6.5,6.499,6.5
17:24:33,2218,1,bajada,0.021366,0.021368,0.021349,10.670000,6.5,6.499,6.5
17:24:33,2219,1,bajada,0.021366,0.021368,0.021350,10.670000,6.5,6.499,6.5
17:24:33,2220,1,bajada,0.021367,0.021368,0.021350,10.670000,6.5,6.499,6.5
17:24:33,2221,1,bajada,0.021367,0.021368,0.021349,10.670000,6.5,6.499,6.5
17:24:33,2222,1,bajada,0.021366,0.021368,0.021349,10.670000,6.5,6.499,6.5
17:24:33,2223,1,bajada,0.021366,0.021368,0.021350,10.670000,6.5,6.499,6.5
17:24:33,2224,1,bajada,0.021367,0.021368,0.021350,10.670000,6.5,6.498,6.5
17:24:33,2225,1,bajada,0.021367,0.021368,0.021351,10.670000,6.5,6.498,6.5
17:24:33,2227,1,bajada,0.021367,0.021367,0.021349,10.670000,6.5,6.498,6.5
17:24:33,2228,1,bajada,0.021366,0.021367,0.021348,10.670000,6.5,6.499,6.5
17:24:33,2229,1,bajada,0.021366,0.021367,0.021351,10.670000,6.5,6.498,6.5
17:24:33,2230,1,bajada,0.021367,0.021367,0.021352,10.670000,6.5,6.499,6.5
17:24:33,2231,1,bajada,0.021368,0.021367,0.021351,10.670000,6.5,6.498,6.5
17:24:33,2233,1,bajada,0.021367,0.021367,0.021351,10.670000,6.5,6.498,6.5
17:24:33,2234,1,bajada,0.021367,0.021367,0.021349,10.670000,6.498,6.5,6.5
17:24:33,2235,1,bajada,0.021366,0.021367,0.021347,10.670000,6.5,6.498,6.5
17:24:33,2237,1,bajada,0.021365,0.021367,0.021348,10.670000,6.5,6.499,6.5
17:24:33,2238,1,bajada,0.021365,0.021367,0.021349,10.670000,6.5,6.498,6.5
17:24:34,2239,1,bajada,0.021365,0.021367,0.021346,10.670000,6.5,6.499,6.5
17:24:34,2240,1,bajada,0.021364,0.021366,0.021347,10.670000,6.498,6.5,6.5
17:24:34,2241,1,bajada,0.021364,0.021366,0.021349,10.670000,6.5,6.498,6.5
17:24:34,2242,1,bajada,0.021365,0.021366,0.021349,10.670000,6.498,6.5,6.5
17:24:34,2244,1,bajada,0.021365,0.021366,0.021348,10.670000,6.5,6.498,6.5
17:24:34,2245,1,bajada,0.021365,0.021366,0.021347,10.670000,6.5,6.499,6.5
17:24:34,2246,1,bajada,0.021365,0.021366,0.021349,10.670000,6.5,6.498,6.5
17:24:34,2247,1,bajada,0.021365,0.021366,0.021348,10.670000,6.5,6.499,6.5
17:24:34,2249,1,bajada,0.021366,0.021366,0.021348,10.670000,6.5,6.498,6.5
17:24:34,2250,1,bajada,0.021366,0.021366,0.021348,10.670000,6.5,6.499,6.5
17:24:34,2251,1,bajada,0.021365,0.021366,0.021348,10.670000,6.5,6.498,6.5
17:24:34,2252,1,bajada,0.021365,0.021366,0.021351,10.670000,6.5,6.499,6.5
17:24:34,2253,1,bajada,0.021366,0.021366,0.021350,10.670000,6.498,6.5,6.5
17:24:34,2254,1,bajada,0.021367,0.021366,0.021349,10.670000,6.5,6.499,6.5
17:24:34,2255,1,bajada,0.021367,0.021366,0.021350,10.670000,6.499,6.5,6.5
17:24:34,2257,1,bajada,0.021367,0.021366,0.021349,10.670000,6.499,6.5,6.5
17:24:34,2258,1,bajada,0.021366,0.021366,0.021347,10.670000,6.5,6.499,6.5
17:24:34,2259,1,bajada,0.021366,0.021366,0.021349,10.670000,6.5,6.499,6.5
17:24:34,2261,1,bajada,0.021366,0.021366,0.021349,10.670000,6.5,6.499,6.5
17:24:34,2262,1,bajada,0.021365,0.021366,0.021352,10.670000,6.499,6.5,6.5
17:24:35,2263,1,bajada,0.021366,0.021366,0.021351,10.670000,6.5,6.499,6.5
17:24:35,2264,1,bajada,0.021367,0.021366,0.021350,10.670000,6.5,6.499,6.5
17:24:35,2266,1,bajada,0.021366,0.021366,0.021352,10.670000,6.5,6.499,6.5
17:24:35,2267,1,bajada,0.021367,0.021366,0.021351,10.670000,6.5,6.499,6.5
17:24:35,2268,1,bajada,0.021368,0.021366,0.021352,10.670000,6.5,6.499,6.5
17:24:35,2269,1,bajada,0.021368,0.021367,0.021351,10.670000,6.5,6.5,6.5
17:24:35,2271,1,bajada,0.021369,0.021367,0.021354,10.670000,6.5,6.5,6.5
17:24:35,2272,1,bajada,0.021369,0.021367,0.021353,10.670000,6.5,6.499,6.5
17:24:35,2273,1,bajada,0.021371,0.021367,0.021355,10.670000,6.5,6.5,6.5
17:24:35,2274,1,bajada,0.021371,0.021368,0.021355,10.670000,6.5,6.5,6.5
17:24:35,2275,1,bajada,0.021371,0.021368,0.021355,10.670000,6.5,6.5,6.5
17:24:35,2277,1,bajada,0.021371,0.021368,0.021354,10.670000,6.5,6.5,6.5
17:24:35,2278,1,bajada,0.021371,0.021369,0.021355,10.670000,6.5,6.5,6.5
17:24:35,2279,1,bajada,0.021371,0.021369,0.021352,10.670000,6.5,6.5,6.5
17:24:35,2280,1,bajada,0.021370,0.021369,0.021354,10.670000,6.5,6.501,6.5
17:24:35,2281,1,bajada,0.021369,0.021369,0.021355,10.670000,6.5,6.5,6.5
17:24:35,2282,1,bajada,0.021370,0.021369,0.021356,10.670000,6.5,6.501,6.5
17:24:35,2283,1,bajada,0.021372,0.021369,0.021355,10.670000,6.5,6.5,6.5
17:25:26,2285,1,bajada,0.008052,0.008053,0.008045,10.660000,3.488,3.5,3.5
17:25:26,2286,1,bajada,0.008053,0.008053,0.008044,10.660000,3.5,3.488,3.5
17:25:26,2287,1,bajada,0.008052,0.008053,0.008043,10.650000,3.5,3.489,3.5
17:25:26,2289,1,bajada,0.008051,0.008053,0.008043,10.650000,3.488,3.5,3.5
17:25:26,2290,1,bajada,0.008051,0.008053,0.008043,10.650000,3.5,3.488,3.5
17:25:26,2291,1,bajada,0.008050,0.008053,0.008041,10.650000,3.488,3.5,3.5
17:25:26,2293,1,bajada,0.008049,0.008052,0.008044,10.660000,3.5,3.489,3.5
17:25:26,2294,1,bajada,0.008050,0.008052,0.008043,10.660000,3.5,3.488,3.5
17:25:26,2295,1,bajada,0.008051,0.008052,0.008044,10.660000,3.5,3.489,3.5
17:25:26,2296,1,bajada,0.008051,0.008052,0.008044,10.660000,3.5,3.488,3.5
17:25:26,2298,1,bajada,0.008051,0.008052,0.008042,10.660000,3.5,3.488,3.5
17:25:26,2299,1,bajada,0.008050,0.008052,0.008042,10.660000,3.5,3.488,3.5
17:25:26,2300,1,bajada,0.008050,0.008052,0.008042,10.650000,3.5,3.488,3.5
17:25:26,2301,1,bajada,0.008049,0.008051,0.008044,10.650000,3.5,3.488,3.5
17:25:26,2302,1,bajada,0.008050,0.008051,0.008043,10.660000,3.5,3.488,3.5
17:25:26,2303,1,bajada,0.008051,0.008051,0.008043,10.660000,3.5,3.488,3.5
17:25:27,2304,1,bajada,0.008051,0.008051,0.008043,10.650000,3.5,3.488,3.5
17:25:27,2305,1,bajada,0.008051,0.008051,0.008044,10.650000,3.5,3.488,3.5
17:25:27,2307,1,bajada,0.008050,0.008051,0.008041,10.650000,3.5,3.488,3.5
17:25:27,2308,1,bajada,0.008049,0.008051,0.008042,10.650000,3.5,3.488,3.5
17:25:27,2309,1,bajada,0.008049,0.008051,0.008041,10.660000,3.5,3.488,3.5
17:25:27,2311,1,bajada,0.008049,0.008050,0.008040,10.660000,3.5,3.488,3.5
17:25:27,2312,1,bajada,0.008048,0.008050,0.008040,10.660000,3.5,3.488,3.5
17:25:27,2313,1,bajada,0.008048,0.008050,0.008039,10.660000,3.5,3.488,3.5
17:25:27,2314,1,bajada,0.008047,0.008050,0.008038,10.660000,3.5,3.488,3.5
17:25:27,2315,1,bajada,0.008046,0.008049,0.008039,10.660000,3.5,3.488,3.5
17:25:27,2316,1,bajada,0.008046,0.008049,0.008037,10.650000,3.5,3.488,3.5
17:25:27,2317,1,bajada,0.008046,0.008049,0.008037,10.650000,3.5,3.488,3.5
17:25:27,2318,1,bajada,0.008045,0.008048,0.008037,10.660000,3.5,3.488,3.5
17:25:27,2319,1,bajada,0.008045,0.008048,0.008037,10.660000,3.5,3.488,3.5
17:25:27,2320,1,bajada,0.008045,0.008048,0.008037,10.660000,3.5,3.488,3.5
17:25:27,2322,1,bajada,0.008045,0.008047,0.008035,10.660000,3.5,3.488,3.5
17:25:27,2323,1,bajada,0.008044,0.008047,0.008036,10.660000,3.5,3.488,3.5
17:25:27,2324,1,bajada,0.008044,0.008047,0.008037,10.660000,3.488,3.5,3.5
17:25:27,2325,1,bajada,0.008045,0.008047,0.008037,10.660000,3.5,3.488,3.5
17:25:27,2326,1,bajada,0.008045,0.008047,0.008037,10.660000,3.5,3.488,3.5
17:25:28,2328,1,bajada,0.008046,0.008046,0.008037,10.650000,3.5,3.498,3.5
17:25:28,2329,1,bajada,0.008046,0.008046,0.008037,10.650000,3.5,3.499,3.5
17:25:28,2330,1,bajada,0.008046,0.008046,0.008040,10.660000,3.501,3.5,3.5
17:25:28,2331,1,bajada,0.008046,0.008046,0.008040,10.660000,3.5,3.502,3.5
17:25:28,2332,1,bajada,0.008048,0.008047,0.008044,10.660000,3.503,3.5,3.5
17:25:28,2333,1,bajada,0.008051,0.008047,0.008047,10.660000,3.5,3.503,3.5
17:25:28,2335,1,bajada,0.008056,0.008048,0.008052,10.660000,3.5,3.503,3.5
17:25:28,2336,1,bajada,0.008060,0.008049,0.008057,10.660000,3.5,3.504,3.5
17:25:28,2337,1,bajada,0.008064,0.008050,0.008061,10.660000,3.5,3.504,3.5
17:25:28,2338,1,bajada,0.008066,0.008052,0.008064,10.660000,3.5,3.504,3.5
17:25:28,2339,1,bajada,0.008069,0.008053,0.008068,10.660000,3.5,3.504,3.5
17:25:28,2340,1,bajada,0.008072,0.008055,0.008072,10.660000,3.5,3.504,3.5
17:25:28,2341,1,bajada,0.008076,0.008057,0.008074,10.660000,3.5,3.504,3.5
17:25:28,2342,1,bajada,0.008080,0.008059,0.008077,10.660000,3.5,3.504,3.5
17:25:28,2343,1,bajada,0.008082,0.008061,0.008077,10.660000,3.5,3.504,3.5
17:25:28,2344,1,bajada,0.008084,0.008064,0.008080,10.660000,3.5,3.504,3.5
17:25:28,2345,1,bajada,0.008087,0.008066,0.008083,10.660000,3.5,3.504,3.5
17:25:28,2347,1,bajada,0.008090,0.008068,0.008086,10.660000,3.5,3.504,3.5
17:25:28,2348,1,bajada,0.008093,0.008071,0.008087,10.660000,3.5,3.505,3.5
17:25:28,2349,1,bajada,0.008094,0.008073,0.008086,10.660000,3.5,3.504,3.5
17:25:29,2351,1,bajada,0.008095,0.008075,0.008089,10.660000,3.5,3.504,3.5
17:25:29,2352,1,bajada,0.008096,0.008077,0.008092,10.660000,3.5,3.504,3.5
17:25:29,2353,1,bajada,0.008098,0.008079,0.008092,10.660000,3.5,3.504,3.5
17:25:29,2354,1,bajada,0.008099,0.008081,0.008092,10.660000,3.5,3.504,3.5
17:25:29,2356,1,bajada,0.008099,0.008083,0.008092,10.660000,3.5,3.504,3.5
17:25:29,2357,1,bajada,0.008099,0.008084,0.008092,10.660000,3.5,3.504,3.5
17:25:29,2358,1,bajada,0.008101,0.008086,0.008097,10.660000,3.5,3.505,3.5
17:25:29,2359,1,bajada,0.008103,0.008087,0.008097,10.660000,3.5,3.504,3.5
17:25:29,2360,1,bajada,0.008104,0.008089,0.008100,10.660000,3.5,3.505,3.5
17:25:29,2362,1,bajada,0.008107,0.008092,0.008098,10.660000,3.5,3.504,3.5
17:25:29,2364,1,bajada,0.008107,0.008094,0.008101,10.660000,3.5,3.505,3.5
17:25:29,2365,1,bajada,0.008108,0.008095,0.008103,10.660000,3.5,3.504,3.5
17:25:29,2366,1,bajada,0.008109,0.008096,0.008101,10.660000,3.5,3.505,3.5
17:25:29,2368,1,bajada,0.008110,0.008098,0.008101,10.660000,3.5,3.505,3.5
17:25:29,2369,1,bajada,0.008110,0.008099,0.008104,10.660000,3.5,3.505,3.5
17:25:29,2370,1,bajada,0.008111,0.008100,0.008104,10.660000,3.505,3.5,3.5
17:25:29,2372,1,bajada,0.008112,0.008101,0.008105,10.660000,3.5,3.505,3.5
17:25:29,2373,1,bajada,0.008112,0.008102,0.008105,10.660000,3.5,3.505,3.5
17:25:30,2374,1,bajada,0.008113,0.008103,0.008107,10.660000,3.5,3.505,3.5
17:25:30,2376,1,bajada,0.008115,0.008104,0.008107,10.660000,3.505,3.5,3.5
17:25:30,2377,1,bajada,0.008115,0.008105,0.008108,10.660000,3.5,3.506,3.5
17:25:30,2378,1,bajada,0.008115,0.008106,0.008110,10.660000,3.5,3.505,3.5
17:25:30,2379,1,bajada,0.008116,0.008107,0.008110,10.660000,3.5,3.506,3.5
17:25:30,2380,1,bajada,0.008118,0.008108,0.008109,10.660000,3.505,3.5,3.5
17:25:30,2381,1,bajada,0.008118,0.008109,0.008110,10.660000,3.5,3.505,3.5
17:25:30,2382,1,bajada,0.008118,0.008110,0.008109,10.660000,3.505,3.5,3.5
17:25:30,2384,1,bajada,0.008118,0.008111,0.008110,10.660000,3.5,3.506,3.5
17:25:30,2385,1,bajada,0.008118,0.008111,0.008112,10.660000,3.5,3.506,3.5
17:25:30,2386,1,bajada,0.008119,0.008112,0.008109,10.660000,3.5,3.506,3.5
17:25:30,2387,1,bajada,0.008118,0.008113,0.008110,10.660000,3.5,3.506,3.5
17:25:30,2388,1,bajada,0.008118,0.008113,0.008112,10.660000,3.5,3.506,3.5
17:25:30,2389,1,bajada,0.008119,0.008114,0.008111,10.660000,3.5,3.506,3.5
17:25:30,2391,1,bajada,0.008120,0.008114,0.008112,10.660000,3.5,3.505,3.5
17:25:30,2394,1,bajada,0.008120,0.008115,0.008111,10.660000,3.5,3.505,3.5
17:25:30,2395,1,bajada,0.008120,0.008116,0.008112,10.660000,3.5,3.506,3.5
17:25:30,2396,1,bajada,0.008120,0.008116,0.008112,10.660000,3.5,3.505,3.5
17:25:30,2397,1,bajada,0.008119,0.008116,0.008111,10.660000,3.5,3.505,3.5
17:25:31,2399,1,bajada,0.008119,0.008117,0.008113,10.660000,3.5,3.505,3.5
17:25:31,2400,1,bajada,0.008120,0.008117,0.008113,10.660000,3.5,3.505,3.5
17:25:31,2401,1,bajada,0.008120,0.008117,0.008110,10.660000,3.5,3.505,3.5
17:25:31,2402,1,bajada,0.008119,0.008117,0.008112,10.660000,3.5,3.505,3.5
17:25:31,2404,1,bajada,0.008120,0.008118,0.008114,10.660000,3.5,3.505,3.5
17:25:31,2405,1,bajada,0.008121,0.008118,0.008113,10.660000,3.5,3.505,3.5
17:25:31,2406,1,bajada,0.008121,0.008118,0.008113,10.660000,3.5,3.505,3.5
17:25:31,2407,1,bajada,0.008121,0.008118,0.008114,10.660000,3.5,3.505,3.5
17:25:31,2408,1,bajada,0.008122,0.008119,0.008116,10.660000,3.5,3.505,3.5
17:25:31,2409,1,bajada,0.008123,0.008119,0.008115,10.660000,3.5,3.505,3.5
17:25:31,2411,1,bajada,0.008122,0.008119,0.008113,10.660000,3.5,3.505,3.5
17:25:31,2412,1,bajada,0.008123,0.008120,0.008115,10.660000,3.504,3.5,3.5
17:25:31,2413,1,bajada,0.008123,0.008120,0.008114,10.660000,3.5,3.505,3.5
17:25:31,2414,1,bajada,0.008121,0.008120,0.008113,10.660000,3.5,3.505,3.5
17:25:31,2416,1,bajada,0.008121,0.008120,0.008114,10.660000,3.504,3.5,3.5
17:25:31,2417,1,bajada,0.008121,0.008120,0.008114,10.660000,3.5,3.505,3.5
17:25:31,2418,1,bajada,0.008121,0.008120,0.008112,10.660000,3.5,3.504,3.5
17:25:31,2420,1,bajada,0.008120,0.008120,0.008111,10.660000,3.5,3.504,3.5
17:25:31,2421,1,bajada,0.008119,0.008120,0.008112,10.660000,3.5,3.504,3.5
17:25:32,2423,1,bajada,0.008119,0.008120,0.008113,10.660000,3.5,3.504,3.5
17:25:32,2424,1,bajada,0.008120,0.008120,0.008111,10.660000,3.504,3.5,3.5
17:25:32,2425,1,bajada,0.008120,0.008120,0.008112,10.660000,3.5,3.504,3.5
17:25:32,2426,1,bajada,0.008120,0.008120,0.008113,10.660000,3.5,3.503,3.5
17:25:32,2427,1,bajada,0.008121,0.008120,0.008114,10.660000,3.5,3.504,3.5
17:25:32,2428,1,bajada,0.008122,0.008120,0.008116,10.660000,3.5,3.503,3.5
17:25:32,2430,1,bajada,0.008122,0.008121,0.008111,10.660000,3.5,3.503,3.5
17:25:32,2431,1,bajada,0.008120,0.008121,0.008111,10.660000,3.5,3.503,3.5
17:25:32,2433,1,bajada,0.008119,0.008120,0.008112,10.660000,3.5,3.503,3.5
17:25:32,2434,1,bajada,0.008120,0.008120,0.008111,10.660000,3.5,3.503,3.5
17:25:32,2435,1,bajada,0.008120,0.008120,0.008113,10.660000,3.5,3.503,3.5
17:25:32,2437,1,bajada,0.008120,0.008120,0.008110,10.660000,3.5,3.503,3.5
17:25:32,2438,1,bajada,0.008119,0.008120,0.008109,10.660000,3.5,3.502,3.5
17:25:32,2439,1,bajada,0.008118,0.008120,0.008109,10.660000,3.502,3.5,3.5
17:25:32,2440,1,bajada,0.008117,0.008120,0.008108,10.660000,3.5,3.503,3.5
17:25:32,2441,1,bajada,0.008117,0.008119,0.008107,10.660000,3.5,3.502,3.5
17:25:32,2442,1,bajada,0.008116,0.008119,0.008108,10.660000,3.5,3.502,3.5
17:25:32,2443,1,bajada,0.008115,0.008119,0.008106,10.660000,3.502,3.5,3.5
17:25:32,2444,1,bajada,0.008114,0.008118,0.008107,10.660000,3.5,3.502,3.5
17:25:32,2445,1,bajada,0.008114,0.008118,0.008106,10.660000,3.5,3.502,3.5
17:25:33,2447,1,bajada,0.008114,0.008117,0.008106,10.660000,3.5,3.502,3.5
17:25:33,2448,1,bajada,0.008114,0.008117,0.008106,10.660000,3.5,3.502,3.5
17:25:33,2449,1,bajada,0.008114,0.008117,0.008107,10.660000,3.5,3.502,3.5
17:25:33,2450,1,bajada,0.008114,0.008116,0.008105,10.660000,3.5,3.501,3.5
17:25:33,2451,1,bajada,0.008113,0.008116,0.008105,10.660000,3.5,3.502,3.5
17:25:33,2453,1,bajada,0.008112,0.008116,0.008101,10.660000,3.5,3.501,3.5
17:25:33,2454,1,bajada,0.008111,0.008115,0.008102,10.660000,3.5,3.501,3.5
17:25:33,2455,1,bajada,0.008110,0.008115,0.008103,10.660000,3.501,3.5,3.5
17:25:33,2456,1,bajada,0.008110,0.008114,0.008104,10.660000,3.5,3.501,3.5
17:25:33,2457,1,bajada,0.008111,0.008114,0.008104,10.660000,3.5,3.501,3.5
17:25:33,2458,1,bajada,0.008112,0.008114,0.008104,10.660000,3.5,3.5,3.5
17:25:33,2459,1,bajada,0.008112,0.008114,0.008103,10.660000,3.5,3.501,3.5
17:25:33,2460,1,bajada,0.008111,0.008113,0.008103,10.660000,3.5,3.5,3.5
17:25:33,2461,1,bajada,0.008111,0.008113,0.008101,10.660000,3.5,3.5,3.5
17:25:33,2462,1,bajada,0.008110,0.008113,0.008102,10.660000,3.5,3.5,3.5
17:25:33,2464,1,bajada,0.008109,0.008112,0.008100,10.660000,3.5,3.5,3.5
17:25:33,2465,1,bajada,0.008108,0.008112,0.008102,10.660000,3.5,3.5,3.5
17:25:33,2466,1,bajada,0.008108,0.008112,0.008101,10.660000,3.5,3.5,3.5
17:25:33,2467,1,bajada,0.008108,0.008111,0.008099,10.660000,3.5,3.5,3.5
17:25:33,2468,1,bajada,0.008107,0.008111,0.008099,10.660000,3.5,3.5,3.5
17:25:34,2470,1,bajada,0.008106,0.008111,0.008097,10.660000,3.5,3.5,3.5
17:25:34,2471,1,bajada,0.008105,0.008110,0.008096,10.660000,3.5,3.5,3.5
17:25:34,2472,1,bajada,0.008104,0.008109,0.008096,10.660000,3.5,3.5,3.5
17:25:34,2473,1,bajada,0.008104,0.008109,0.008097,10.660000,3.5,3.5,3.5
17:25:34,2474,1,bajada,0.008104,0.008109,0.008094,10.660000,3.5,3.499,3.5
17:25:34,2475,1,bajada,0.008102,0.008108,0.008092,10.660000,3.5,3.499,3.5
17:25:34,2476,1,bajada,0.008101,0.008107,0.008093,10.660000,3.5,3.5,3.5
17:25:34,2478,1,bajada,0.008101,0.008107,0.008093,10.660000,3.5,3.5,3.5
17:25:34,2479,1,bajada,0.008101,0.008106,0.008092,10.660000,3.5,3.5,3.5
17:25:34,2480,1,bajada,0.008101,0.008106,0.008093,10.660000,3.5,3.499,3.5
17:25:34,2481,1,bajada,0.008101,0.008105,0.008094,10.660000,3.5,3.5,3.5
17:25:34,2482,1,bajada,0.008101,0.008105,0.008093,10.660000,3.5,3.5,3.5
17:25:34,2484,1,bajada,0.008101,0.008104,0.008092,10.660000,3.5,3.499,3.5
17:25:34,2485,1,bajada,0.008100,0.008104,0.008095,10.660000,3.5,3.5,3.5
17:25:34,2486,1,bajada,0.008101,0.008104,0.008093,10.660000,3.5,3.5,3.5
17:25:34,2487,1,bajada,0.008102,0.008104,0.008093,10.660000,3.5,3.5,3.5
17:25:34,2488,1,bajada,0.008101,0.008103,0.008093,10.660000,3.5,3.5,3.5
17:25:34,2489,1,bajada,0.008100,0.008103,0.008091,10.660000,3.5,3.5,3.5
17:25:34,2491,1,bajada,0.008098,0.008103,0.008090,10.660000,3.5,3.5,3.5
17:25:35,2492,1,bajada,0.008097,0.008102,0.008088,10.660000,3.5,3.5,3.5
17:25:35,2493,1,bajada,0.008097,0.008102,0.008089,10.660000,3.5,3.5,3.5
17:25:35,2494,1,bajada,0.008098,0.008101,0.008090,10.660000,3.5,3.5,3.5
17:25:35,2496,1,bajada,0.008098,0.008101,0.008091,10.660000,3.5,3.5,3.5
17:25:35,2497,1,bajada,0.008098,0.008101,0.008090,10.660000,3.5,3.5,3.5
17:25:35,2498,1,bajada,0.008099,0.008101,0.008093,10.660000,3.5,3.5,3.5
17:25:35,2499,1,bajada,0.008100,0.008100,0.008092,10.660000,3.5,3.501,3.5
17:25:35,2500,1,bajada,0.008101,0.008101,0.008093,10.660000,3.5,3.5,3.5
17:25:35,2501,1,bajada,0.008102,0.008101,0.008095,10.660000,3.5,3.501,3.5
17:25:35,2503,1,bajada,0.008103,0.008101,0.008096,10.660000,3.5,3.5,3.5
17:25:35,2504,1,bajada,0.008103,0.008101,0.008096,10.660000,3.5,3.5,3.5
17:25:35,2505,1,bajada,0.008104,0.008101,0.008096,10.660000,3.501,3.5,3.5
17:25:35,2506,1,bajada,0.008104,0.008102,0.008096,10.660000,3.5,3.5,3.5
17:25:35,2508,1,bajada,0.008105,0.008102,0.008097,10.660000,3.5,3.501,3.5
17:25:35,2509,1,bajada,0.008105,0.008102,0.008097,10.660000,3.5,3.5,3.5
17:25:35,2510,1,bajada,0.008104,0.008102,0.008096,10.660000,3.5,3.501,3.5
17:25:35,2511,1,bajada,0.008104,0.008103,0.008097,10.660000,3.5,3.501,3.5
17:25:35,2513,1,bajada,0.008104,0.008103,0.008095,10.660000,3.5,3.501,3.5
17:25:35,2514,1,bajada,0.008104,0.008103,0.008095,10.660000,3.5,3.501,3.5
17:25:35,2515,1,bajada,0.008103,0.008103,0.008096,10.660000,3.5,3.501,3.5
17:25:35,2516,1,bajada,0.008103,0.008103,0.008093,10.660000,3.5,3.5,3.5
17:25:36,2518,1,bajada,0.008103,0.008103,0.008097,10.660000,3.5,3.501,3.5
17:25:36,2519,1,bajada,0.008104,0.008103,0.008098,10.660000,3.5,3.5,3.5
17:25:36,2520,1,bajada,0.008105,0.008103,0.008098,10.660000,3.5,3.501,3.5
17:25:36,2521,1,bajada,0.008106,0.008103,0.008098,10.660000,3.501,3.5,3.5
17:25:36,2523,1,bajada,0.008106,0.008104,0.008097,10.660000,3.5,3.501,3.5
17:25:36,2524,1,bajada,0.008104,0.008104,0.008095,10.660000,3.5,3.501,3.5
17:25:36,2525,1,bajada,0.008103,0.008104,0.008094,10.660000,3.5,3.501,3.5
17:25:36,2526,1,bajada,0.008102,0.008103,0.008095,10.660000,3.501,3.5,3.5
17:25:36,2527,1,bajada,0.008102,0.008103,0.008095,10.660000,3.5,3.501,3.5
17:25:36,2529,1,bajada,0.008102,0.008103,0.008094,10.660000,3.5,3.501,3.5
17:25:36,2530,1,bajada,0.008102,0.008103,0.008093,10.660000,3.5,3.501,3.5
17:25:36,2531,1,bajada,0.008101,0.008103,0.008093,10.660000,3.5,3.501,3.5
17:25:36,2534,1,bajada,0.008100,0.008102,0.008093,10.660000,3.5,3.501,3.5
17:25:36,2535,1,bajada,0.008100,0.008102,0.008093,10.660000,3.501,3.5,3.5
17:25:36,2536,1,bajada,0.008100,0.008102,0.008094,10.660000,3.5,3.501,3.5
17:25:36,2537,1,bajada,0.008101,0.008102,0.008095,10.660000,3.5,3.5,3.5
17:25:36,2538,1,bajada,0.008102,0.008102,0.008095,10.660000,3.5,3.501,3.5
17:25:36,2539,1,bajada,0.008102,0.008102,0.008094,10.660000,3.5,3.5,3.5
17:25:36,2540,1,bajada,0.008102,0.008102,0.008095,10.660000,3.5,3.5,3.5
17:25:37,2542,1,bajada,0.008102,0.008102,0.008093,10.660000,3.5,3.5,3.5
17:25:37,2543,1,bajada,0.008101,0.008102,0.008092,10.660000,3.5,3.5,3.5
17:25:37,2544,1,bajada,0.008100,0.008102,0.008093,10.660000,3.5,3.501,3.5
17:25:37,2545,1,bajada,0.008100,0.008102,0.008093,10.660000,3.5,3.501,3.5
17:25:37,2546,1,bajada,0.008101,0.008101,0.008094,10.660000,3.5,3.5,3.5
17:25:37,2548,1,bajada,0.008100,0.008101,0.008092,10.660000,3.5,3.5,3.5
17:25:37,2549,1,bajada,0.008100,0.008101,0.008092,10.660000,3.5,3.5,3.5
17:25:37,2550,1,bajada,0.008100,0.008101,0.008090,10.660000,3.5,3.5,3.5
17:25:37,2551,1,bajada,0.008099,0.008101,0.008091,10.660000,3.5,3.5,3.5
17:25:37,2552,1,bajada,0.008099,0.008101,0.008091,10.660000,3.5,3.5,3.5
17:25:37,2553,1,bajada,0.008099,0.008101,0.008092,10.660000,3.5,3.5,3.5
17:25:37,2554,1,bajada,0.008099,0.008100,0.008092,10.660000,3.5,3.501,3.5
17:25:37,2555,1,bajada,0.008099,0.008100,0.008093,10.660000,3.5,3.5,3.5
17:25:37,2557,1,bajada,0.008100,0.008100,0.008093,10.660000,3.5,3.5,3.5
17:25:37,2558,1,bajada,0.008100,0.008100,0.008092,10.660000,3.5,3.5,3.5
17:25:37,2559,1,bajada,0.008100,0.008100,0.008092,10.660000,3.5,3.5,3.5
17:25:37,2560,1,bajada,0.008099,0.008100,0.008090,10.660000,3.5,3.5,3.5
17:25:37,2562,1,bajada,0.008098,0.008100,0.008089,10.660000,3.5,3.5,3.5
17:25:37,2563,1,bajada,0.008097,0.008100,0.008088,10.660000,3.5,3.5,3.5
17:25:38,2565,1,bajada,0.008096,0.008099,0.008088,10.660000,3.5,3.5,3.5
17:25:38,2566,1,bajada,0.008095,0.008099,0.008088,10.660000,3.5,3.5,3.5
17:25:38,2567,1,bajada,0.008096,0.008099,0.008088,10.660000,3.5,3.499,3.5
17:25:38,2569,1,bajada,0.008097,0.008098,0.008092,10.660000,3.5,3.499,3.5
17:25:38,2570,1,bajada,0.008098,0.008098,0.008092,10.660000,3.5,3.5,3.5
17:25:38,2571,1,bajada,0.008100,0.008098,0.008093,10.660000,3.5,3.5,3.5
17:25:38,2573,1,bajada,0.008100,0.008099,0.008089,10.660000,3.5,3.499,3.5
17:25:38,2574,1,bajada,0.008098,0.008099,0.008089,10.660000,3.5,3.5,3.5
17:25:38,2575,1,bajada,0.008098,0.008099,0.008091,10.660000,3.5,3.5,3.5
17:25:38,2577,1,bajada,0.008098,0.008098,0.008091,10.660000,3.5,3.499,3.5
17:25:38,2578,1,bajada,0.008098,0.008098,0.008090,10.660000,3.5,3.5,3.5
17:25:38,2579,1,bajada,0.008099,0.008098,0.008092,10.660000,3.5,3.499,3.5
17:25:38,2581,1,bajada,0.008099,0.008099,0.008090,10.660000,3.5,3.499,3.5
17:25:38,2583,1,bajada,0.008099,0.008099,0.008092,10.660000,3.5,3.5,3.5
17:25:38,2584,1,bajada,0.008099,0.008099,0.008090,10.660000,3.5,3.499,3.5
17:25:38,2585,1,bajada,0.008099,0.008099,0.008089,10.660000,3.5,3.499,3.5
17:25:38,2586,1,bajada,0.008097,0.008098,0.008088,10.660000,3.5,3.499,3.5
17:25:38,2587,1,bajada,0.008097,0.008098,0.008088,10.660000,3.5,3.499,3.5
17:25:38,2588,1,bajada,0.008096,0.008098,0.008089,10.660000,3.5,3.499,3.5
17:25:38,2589,1,bajada,0.008096,0.008098,0.008089,10.660000,3.5,3.499,3.5
17:25:39,2590,1,bajada,0.008097,0.008098,0.008090,10.660000,3.5,3.499,3.5
17:25:39,2591,1,bajada,0.008096,0.008098,0.008089,10.660000,3.499,3.5,3.5
17:25:39,2592,1,bajada,0.008097,0.008098,0.008089,10.660000,3.5,3.499,3.5
17:25:39,2593,1,bajada,0.008096,0.008097,0.008087,10.660000,3.5,3.499,3.5
17:25:39,2594,1,bajada,0.008096,0.008097,0.008089,10.660000,3.5,3.499,3.5
17:25:39,2595,1,bajada,0.008096,0.008097,0.008090,10.660000,3.5,3.499,3.5
17:25:39,2596,1,bajada,0.008096,0.008097,0.008090,10.660000,3.5,3.499,3.5
17:25:39,2597,1,bajada,0.008097,0.008097,0.008090,10.660000,3.5,3.499,3.5
17:25:39,2599,1,bajada,0.008097,0.008097,0.008090,10.660000,3.5,3.499,3.5
17:25:39,2600,1,bajada,0.008097,0.008097,0.008089,10.660000,3.5,3.499,3.5
17:25:39,2602,1,bajada,0.008096,0.008097,0.008087,10.660000,3.5,3.498,3.5
17:25:39,2603,1,bajada,0.008095,0.008097,0.008086,10.660000,3.5,3.498,3.5
17:25:39,2604,1,bajada,0.008094,0.008097,0.008085,10.660000,3.5,3.498,3.5
17:25:39,2605,1,bajada,0.008093,0.008096,0.008086,10.660000,3.5,3.498,3.5
17:25:39,2607,1,bajada,0.008093,0.008096,0.008088,10.660000,3.5,3.498,3.5
17:25:39,2608,1,bajada,0.008095,0.008096,0.008090,10.660000,3.5,3.498,3.5
17:25:39,2609,1,bajada,0.008097,0.008096,0.008090,10.660000,3.5,3.498,3.5
17:25:39,2610,1,bajada,0.008098,0.008096,0.008089,10.660000,3.5,3.498,3.5
17:25:39,2611,1,bajada,0.008097,0.008096,0.008089,10.660000,3.5,3.498,3.5
17:25:39,2612,1,bajada,0.008097,0.008096,0.008089,10.660000,3.498,3.5,3.5
17:25:40,2614,1,bajada,0.008095,0.008096,0.008084,10.660000,3.497,3.5,3.5
17:25:40,2615,1,bajada,0.008092,0.008096,0.008084,10.660000,3.5,3.497,3.5
17:25:40,2616,1,bajada,0.008092,0.008095,0.008084,10.660000,3.5,3.498,3.5
17:25:40,2618,1,bajada,0.008092,0.008095,0.008083,10.660000,3.5,3.497,3.5
17:25:40,2619,1,bajada,0.008091,0.008095,0.008082,10.660000,3.497,3.5,3.5
17:25:40,2620,1,bajada,0.008090,0.008094,0.008082,10.660000,3.5,3.497,3.5
17:25:40,2622,1,bajada,0.008089,0.008094,0.008082,10.660000,3.497,3.5,3.5
17:25:40,2623,1,bajada,0.008088,0.008093,0.008080,10.660000,3.5,3.497,3.5
17:25:40,2624,1,bajada,0.008088,0.008093,0.008079,10.660000,3.497,3.5,3.5
17:25:40,2625,1,bajada,0.008087,0.008092,0.008082,10.660000,3.5,3.497,3.5
17:25:40,2626,1,bajada,0.008088,0.008092,0.008081,10.660000,3.496,3.5,3.5
17:25:40,2627,1,bajada,0.008087,0.008091,0.008079,10.660000,3.5,3.497,3.5
17:25:40,2628,1,bajada,0.008087,0.008091,0.008079,10.660000,3.5,3.496,3.5
17:25:40,2630,1,bajada,0.008086,0.008091,0.008077,10.660000,3.5,3.497,3.5
17:25:40,2631,1,bajada,0.008085,0.008090,0.008076,10.660000,3.5,3.496,3.5
17:25:40,2632,1,bajada,0.008085,0.008090,0.008077,10.660000,3.5,3.496,3.5
17:25:40,2633,1,bajada,0.008085,0.008089,0.008071,10.660000,3.5,3.496,3.5
17:25:40,2634,1,bajada,0.008083,0.008089,0.008070,10.660000,3.5,3.496,3.5
17:25:40,2635,1,bajada,0.008080,0.008088,0.008073,10.660000,3.5,3.496,3.5
17:25:41,2636,1,bajada,0.008079,0.008087,0.008073,10.660000,3.5,3.496,3.5
17:25:41,2637,1,bajada,0.008080,0.008086,0.008074,10.660000,3.5,3.495,3.5
17:25:41,2638,1,bajada,0.008081,0.008086,0.008073,10.660000,3.5,3.495,3.5
17:25:41,2639,1,bajada,0.008081,0.008085,0.008074,10.660000,3.5,3.496,3.5
17:25:41,2641,1,bajada,0.008081,0.008085,0.008072,10.660000,3.5,3.495,3.5
17:25:41,2642,1,bajada,0.008080,0.008084,0.008073,10.660000,3.5,3.495,3.5
17:25:41,2643,1,bajada,0.008080,0.008084,0.008068,10.660000,3.5,3.495,3.5
17:25:41,2644,1,bajada,0.008079,0.008083,0.008069,10.660000,3.5,3.495,3.5
17:25:41,2645,1,bajada,0.008079,0.008083,0.008072,10.660000,3.5,3.495,3.5
17:25:41,2647,1,bajada,0.008080,0.008083,0.008072,10.660000,3.5,3.495,3.5
17:25:41,2648,1,bajada,0.008080,0.008082,0.008073,10.660000,3.5,3.495,3.5
17:25:41,2649,1,bajada,0.008080,0.008082,0.008072,10.660000,3.5,3.495,3.5
17:25:41,2651,1,bajada,0.008080,0.008082,0.008074,10.660000,3.5,3.495,3.5
17:25:41,2652,1,bajada,0.008082,0.008082,0.008074,10.660000,3.495,3.5,3.5
17:25:41,2653,1,bajada,0.008082,0.008082,0.008073,10.660000,3.5,3.495,3.5
17:25:41,2655,1,bajada,0.008081,0.008082,0.008072,10.660000,3.5,3.495,3.5
17:25:41,2656,1,bajada,0.008080,0.008082,0.008071,10.660000,3.5,3.495,3.5
17:25:41,2657,1,bajada,0.008079,0.008081,0.008070,10.660000,3.5,3.495,3.5
17:25:41,2658,1,bajada,0.008079,0.008081,0.008072,10.660000,3.5,3.495,3.5
17:25:41,2659,1,bajada,0.008080,0.008081,0.008072,10.660000,3.5,3.495,3.5
17:25:41,2660,1,bajada,0.008080,0.008081,0.008072,10.660000,3.5,3.495,3.5
17:25:42,2661,1,bajada,0.008080,0.008081,0.008072,10.660000,3.5,3.495,3.5
17:25:42,2662,1,bajada,0.008080,0.008081,0.008074,10.660000,3.5,3.494,3.5
17:25:42,2664,1,bajada,0.008081,0.008081,0.008074,10.660000,3.5,3.495,3.5
17:25:42,2665,1,bajada,0.008082,0.008081,0.008072,10.660000,3.5,3.494,3.5
17:25:42,2666,1,bajada,0.008081,0.008081,0.008072,10.660000,3.495,3.5,3.5
17:25:42,2667,1,bajada,0.008080,0.008081,0.008071,10.660000,3.5,3.495,3.5
17:25:42,2668,1,bajada,0.008079,0.008081,0.008070,10.660000,3.5,3.495,3.5
17:25:42,2669,1,bajada,0.008078,0.008080,0.008070,10.660000,3.495,3.5,3.5
17:25:42,2670,1,bajada,0.008078,0.008080,0.008070,10.660000,3.5,3.495,3.5
17:25:42,2671,1,bajada,0.008078,0.008080,0.008071,10.660000,3.5,3.495,3.5
17:25:42,2673,1,bajada,0.008078,0.008080,0.008070,10.660000,3.5,3.495,3.5
17:25:42,2674,1,bajada,0.008078,0.008080,0.008069,10.660000,3.5,3.495,3.5
17:25:42,2675,1,bajada,0.008076,0.008079,0.008067,10.660000,3.5,3.495,3.5
17:25:42,2676,1,bajada,0.008075,0.008079,0.008068,10.660000,3.5,3.495,3.5
17:25:42,2677,1,bajada,0.008075,0.008079,0.008068,10.660000,3.5,3.495,3.5
17:25:42,2679,1,bajada,0.008076,0.008078,0.008068,10.660000,3.5,3.495,3.5
17:25:42,2680,1,bajada,0.008076,0.008078,0.008066,10.660000,3.5,3.495,3.5
17:25:42,2681,1,bajada,0.008074,0.008078,0.008066,10.660000,3.5,3.495,3.5
17:25:42,2682,1,bajada,0.008073,0.008077,0.008065,10.660000,3.5,3.495,3.5
17:25:42,2683,1,bajada,0.008073,0.008077,0.008066,10.660000,3.5,3.495,3.5
17:25:43,2684,1,bajada,0.008074,0.008077,0.008068,10.660000,3.5,3.495,3.5
17:25:43,2686,1,bajada,0.008075,0.008076,0.008068,10.660000,3.5,3.495,3.5
17:25:43,2687,1,bajada,0.008076,0.008076,0.008071,10.660000,3.5,3.495,3.5
17:25:43,2688,1,bajada,0.008077,0.008077,0.008070,10.660000,3.5,3.495,3.5
17:25:43,2689,1,bajada,0.008078,0.008077,0.008071,10.660000,3.5,3.495,3.5
17:25:43,2692,1,bajada,0.008078,0.008077,0.008070,10.660000,3.5,3.495,3.5
17:25:43,2694,1,bajada,0.008079,0.008077,0.008071,10.660000,3.495,3.5,3.5
17:25:43,2695,1,bajada,0.008079,0.008077,0.008071,10.660000,3.5,3.495,3.5
17:25:43,2696,1,bajada,0.008079,0.008077,0.008069,10.660000,3.5,3.495,3.5
17:25:43,2697,1,bajada,0.008078,0.008077,0.008069,10.660000,3.5,3.495,3.5
17:25:43,2698,1,bajada,0.008077,0.008077,0.008069,10.660000,3.5,3.495,3.5
17:25:43,2700,1,bajada,0.008077,0.008077,0.008071,10.660000,3.5,3.495,3.5
17:25:43,2701,1,bajada,0.008077,0.008077,0.008072,10.660000,3.495,3.5,3.5
17:25:43,2702,1,bajada,0.008079,0.008077,0.008069,10.660000,3.5,3.495,3.5
17:25:43,2703,1,bajada,0.008079,0.008078,0.008071,10.660000,3.5,3.495,3.5
17:25:43,2705,1,bajada,0.008077,0.008078,0.008068,10.660000,3.5,3.496,3.5
17:25:43,2706,1,bajada,0.008076,0.008077,0.008068,10.660000,3.495,3.5,3.5
17:25:43,2707,1,bajada,0.008075,0.008077,0.008067,10.660000,3.5,3.497,3.5
17:25:43,2708,1,bajada,0.008075,0.008077,0.008068,10.660000,3.497,3.5,3.5
17:25:44,2710,1,bajada,0.008077,0.008077,0.008070,10.660000,3.5,3.498,3.5
17:25:44,2711,1,bajada,0.008078,0.008077,0.008072,10.660000,3.5,3.499,3.5
17:25:44,2712,1,bajada,0.008079,0.008077,0.008070,10.660000,3.5,3.499,3.5
17:25:44,2714,1,bajada,0.008079,0.008077,0.008074,10.660000,3.5,3.5,3.5
17:25:44,2715,1,bajada,0.008080,0.008078,0.008076,10.660000,3.5,3.501,3.5
17:25:44,2716,1,bajada,0.008082,0.008078,0.008077,10.660000,3.5,3.501,3.5
17:25:44,2717,1,bajada,0.008085,0.008079,0.008078,10.660000,3.5,3.502,3.5
17:25:44,2719,1,bajada,0.008086,0.008079,0.008080,10.660000,3.5,3.502,3.5
17:25:44,2720,1,bajada,0.008086,0.008080,0.008079,10.660000,3.5,3.503,3.5
17:25:44,2721,1,bajada,0.008086,0.008081,0.008081,10.660000,3.5,3.502,3.5
17:25:44,2722,1,bajada,0.008088,0.008081,0.008085,10.660000,3.5,3.502,3.5
17:25:44,2723,1,bajada,0.008090,0.008082,0.008085,10.660000,3.5,3.502,3.5
17:25:44,2725,1,bajada,0.008093,0.008083,0.008088,10.660000,3.5,3.503,3.5
17:25:44,2726,1,bajada,0.008095,0.008084,0.008088,10.660000,3.5,3.503,3.5
17:25:44,2727,1,bajada,0.008096,0.008085,0.008090,10.660000,3.5,3.503,3.5
17:25:44,2729,1,bajada,0.008097,0.008086,0.008091,10.660000,3.5,3.503,3.5
17:25:44,2730,1,bajada,0.008097,0.008087,0.008090,10.660000,3.5,3.503,3.5
17:25:44,2731,1,bajada,0.008098,0.008089,0.008091,10.660000,3.5,3.503,3.5
17:25:44,2732,1,bajada,0.008100,0.008090,0.008092,10.660000,3.5,3.502,3.5
17:25:45,2734,1,bajada,0.008101,0.008091,0.008097,10.660000,3.5,3.503,3.5
17:25:45,2735,1,bajada,0.008104,0.008092,0.008098,10.660000,3.5,3.503,3.5
17:25:45,2736,1,bajada,0.008105,0.008093,0.008099,10.660000,3.5,3.503,3.5
17:25:45,2737,1,bajada,0.008106,0.008094,0.008099,10.650000,3.5,3.503,3.5
17:25:45,2738,1,bajada,0.008106,0.008095,0.008100,10.650000,3.5,3.503,3.5
17:25:45,2739,1,bajada,0.008107,0.008097,0.008099,10.660000,3.5,3.503,3.5
17:25:45,2740,1,bajada,0.008108,0.008098,0.008099,10.660000,3.502,3.5,3.5
17:25:45,2742,1,bajada,0.008108,0.008099,0.008098,10.660000,3.5,3.502,3.5
17:25:45,2743,1,bajada,0.008108,0.008099,0.008099,10.660000,3.5,3.502,3.5
17:25:45,2744,1,bajada,0.008107,0.008100,0.008100,10.650000,3.5,3.502,3.5
17:25:45,2745,1,bajada,0.008108,0.008101,0.008101,10.650000,3.5,3.503,3.5
17:25:45,2747,1,bajada,0.008108,0.008102,0.008101,10.660000,3.5,3.502,3.5
17:25:45,2748,1,bajada,0.008109,0.008102,0.008100,10.660000,3.5,3.502,3.5
17:25:45,2749,1,bajada,0.008108,0.008103,0.008100,10.660000,3.5,3.502,3.5
17:25:45,2750,1,bajada,0.008108,0.008103,0.008101,10.660000,3.5,3.502,3.5
17:25:45,2751,1,bajada,0.008108,0.008104,0.008102,10.660000,3.5,3.502,3.5
17:25:45,2752,1,bajada,0.008109,0.008104,0.008100,10.660000,3.5,3.502,3.5
17:25:45,2754,1,bajada,0.008110,0.008105,0.008103,10.660000,3.5,3.501,3.5
17:25:45,2755,1,bajada,0.008110,0.008105,0.008103,10.660000,3.502,3.5,3.5
17:25:45,2756,1,bajada,0.008110,0.008106,0.008101,10.650000,3.5,3.502,3.5
17:25:46,2758,1,bajada,0.008110,0.008106,0.008103,10.650000,3.5,3.501,3.5
17:25:46,2759,1,bajada,0.008110,0.008107,0.008102,10.650000,3.502,3.5,3.5
17:25:46,2760,1,bajada,0.008110,0.008107,0.008101,10.650000,3.5,3.502,3.5
17:25:46,2761,1,bajada,0.008110,0.008107,0.008101,10.660000,3.502,3.5,3.5
17:26:56,2764,1,bajada,-0.007455,-0.007456,-0.007453,10.640000,0.0,0.001,0.0
17:26:56,2765,1,bajada,-0.007455,-0.007456,-0.007450,10.640000,0.0,0.001,0.0
17:26:56,2766,1,bajada,-0.007455,-0.007456,-0.007452,10.640000,0.0,0.001,0.0
17:26:56,2767,1,bajada,-0.007455,-0.007456,-0.007453,10.640000,0.0,0.001,0.0
17:26:56,2768,1,bajada,-0.007456,-0.007456,-0.007454,10.640000,0.0,0.001,0.0
17:26:56,2769,1,bajada,-0.007457,-0.007456,-0.007453,10.640000,0.0,0.001,0.0
17:26:56,2770,1,bajada,-0.007457,-0.007456,-0.007453,10.640000,0.0,0.001,0.0
17:26:56,2771,1,bajada,-0.007456,-0.007456,-0.007453,10.640000,0.0,0.001,0.0
17:26:57,2772,1,bajada,-0.007456,-0.007456,-0.007453,10.640000,0.0,0.001,0.0
17:26:57,2773,1,bajada,-0.007456,-0.007456,-0.007452,10.640000,0.0,0.001,0.0
17:26:57,2774,1,bajada,-0.007456,-0.007456,-0.007451,10.640000,0.0,0.001,0.0
17:26:57,2775,1,bajada,-0.007455,-0.007456,-0.007451,10.640000,0.001,0.0,0.0
17:26:57,2776,1,bajada,-0.007455,-0.007456,-0.007451,10.640000,0.0,0.001,0.0
17:26:57,2777,1,bajada,-0.007454,-0.007456,-0.007452,10.640000,0.001,0.0,0.0
17:26:57,2778,1,bajada,-0.007454,-0.007456,-0.007450,10.640000,0.0,0.001,0.0
17:26:57,2779,1,bajada,-0.007455,-0.007456,-0.007452,10.640000,0.0,0.001,0.0
17:26:57,2780,1,bajada,-0.007455,-0.007455,-0.007451,10.640000,0.0,0.001,0.0
17:26:57,2781,1,bajada,-0.007454,-0.007455,-0.007451,10.640000,0.0,0.001,0.0
17:26:57,2782,1,bajada,-0.007454,-0.007455,-0.007450,10.640000,0.0,0.001,0.0
17:26:57,2783,1,bajada,-0.007453,-0.007455,-0.007452,10.640000,0.0,0.001,0.0
17:26:57,2784,1,bajada,-0.007454,-0.007455,-0.007453,10.640000,0.0,0.001,0.0
17:26:57,2786,1,bajada,-0.007455,-0.007455,-0.007452,10.640000,0.0,0.001,0.0
17:26:57,2787,1,bajada,-0.007454,-0.007455,-0.007453,10.640000,0.0,0.001,0.0
17:26:57,2788,1,bajada,-0.007455,-0.007455,-0.007455,10.640000,0.0,0.001,0.0
17:26:57,2789,1,bajada,-0.007456,-0.007455,-0.007455,10.640000,0.0,0.001,0.0
17:26:57,2790,1,bajada,-0.007457,-0.007455,-0.007454,10.640000,0.0,0.002,0.0
17:26:57,2791,1,bajada,-0.007457,-0.007455,-0.007455,10.640000,0.001,0.0,0.0
17:26:57,2792,1,bajada,-0.007457,-0.007456,-0.007453,10.640000,0.0,0.001,0.0
17:26:57,2794,1,bajada,-0.007456,-0.007456,-0.007453,10.640000,0.0,0.001,0.0
17:26:57,2795,1,bajada,-0.007456,-0.007456,-0.007453,10.640000,0.0,0.002,0.0
17:26:58,2796,1,bajada,-0.007456,-0.007456,-0.007454,10.640000,0.0,0.002,0.0
17:26:58,2798,1,bajada,-0.007456,-0.007456,-0.007451,10.640000,0.0,0.001,0.0
17:26:58,2799,1,bajada,-0.007455,-0.007456,-0.007453,10.640000,0.001,0.0,0.0
17:26:58,2801,1,bajada,-0.007454,-0.007456,-0.007450,10.640000,0.0,0.001,0.0
17:26:58,2802,1,bajada,-0.007454,-0.007455,-0.007451,10.640000,0.0,0.001,0.0
17:26:58,2803,1,bajada,-0.007454,-0.007455,-0.007451,10.640000,0.0,0.001,0.0
17:26:58,2804,1,bajada,-0.007454,-0.007455,-0.007451,10.640000,0.0,0.001,0.0
17:26:58,2805,1,bajada,-0.007454,-0.007455,-0.007450,10.640000,0.0,0.001,0.0
17:26:58,2806,1,bajada,-0.007453,-0.007455,-0.007451,10.640000,0.001,0.0,0.0
17:26:58,2807,1,bajada,-0.007454,-0.007455,-0.007451,10.640000,0.0,0.001,0.0
17:26:58,2808,1,bajada,-0.007454,-0.007455,-0.007451,10.640000,0.001,0.0,0.0
17:26:58,2810,1,bajada,-0.007454,-0.007455,-0.007453,10.640000,0.0,0.001,0.0
17:26:58,2811,1,bajada,-0.007455,-0.007455,-0.007454,10.640000,0.0,0.001,0.0
17:26:58,2813,1,bajada,-0.007456,-0.007455,-0.007455,10.640000,0.0,0.001,0.0
17:26:58,2814,1,bajada,-0.007457,-0.007455,-0.007455,10.640000,0.001,0.0,0.0
17:26:58,2815,1,bajada,-0.007459,-0.007455,-0.007454,10.640000,0.0,0.001,0.0
17:26:58,2816,1,bajada,-0.007458,-0.007456,-0.007453,10.640000,0.0,0.001,0.0
17:26:58,2817,1,bajada,-0.007457,-0.007456,-0.007455,10.640000,0.0,0.001,0.0
17:26:58,2818,1,bajada,-0.007457,-0.007456,-0.007455,10.640000,0.0,0.001,0.0
17:26:59,2820,1,bajada,-0.007458,-0.007456,-0.007455,10.650000,0.0,0.001,0.0
17:26:59,2821,1,bajada,-0.007458,-0.007456,-0.007453,10.650000,0.0,0.001,0.0
17:26:59,2822,1,bajada,-0.007456,-0.007456,-0.007453,10.650000,0.0,0.001,0.0
17:26:59,2823,1,bajada,-0.007456,-0.007456,-0.007454,10.650000,0.0,0.001,0.0
17:26:59,2825,1,bajada,-0.007456,-0.007456,-0.007454,10.640000,0.0,0.001,0.0
17:26:59,2826,1,bajada,-0.007456,-0.007456,-0.007456,10.640000,0.0,0.001,0.0
17:26:59,2827,1,bajada,-0.007457,-0.007456,-0.007453,10.650000,0.0,0.001,0.0
17:26:59,2829,1,bajada,-0.007457,-0.007456,-0.007453,10.650000,0.0,0.001,0.0
17:26:59,2830,1,bajada,-0.007456,-0.007456,-0.007453,10.640000,0.0,0.001,0.0
17:26:59,2831,1,bajada,-0.007455,-0.007456,-0.007453,10.640000,0.0,0.001,0.0
17:26:59,2832,1,bajada,-0.007456,-0.007456,-0.007452,10.640000,0.0,0.001,0.0
17:26:59,2833,1,bajada,-0.007455,-0.007456,-0.007453,10.640000,0.0,0.001,0.0
17:26:59,2835,1,bajada,-0.007455,-0.007456,-0.007452,10.640000,0.0,0.001,0.0
17:26:59,2836,1,bajada,-0.007455,-0.007456,-0.007452,10.640000,0.0,0.001,0.0
17:26:59,2837,1,bajada,-0.007455,-0.007456,-0.007454,10.640000,0.0,0.002,0.0
17:26:59,2838,1,bajada,-0.007456,-0.007456,-0.007454,10.640000,0.0,0.002,0.0
17:26:59,2839,1,bajada,-0.007457,-0.007456,-0.007455,10.640000,0.0,0.001,0.0
17:26:59,2840,1,bajada,-0.007457,-0.007456,-0.007453,10.640000,0.0,0.001,0.0
17:26:59,2841,1,bajada,-0.007457,-0.007456,-0.007455,10.640000,0.0,0.001,0.0
17:26:59,2842,1,bajada,-0.007458,-0.007456,-0.007456,10.640000,0.0,0.001,0.0
17:26:59,2843,1,bajada,-0.007459,-0.007457,-0.007455,10.640000,0.0,0.001,0.0
17:27:00,2844,1,bajada,-0.007459,-0.007457,-0.007454,10.640000,0.0,0.001,0.0
17:27:00,2846,1,bajada,-0.007458,-0.007457,-0.007456,10.640000,0.0,0.001,0.0
17:27:00,2847,1,bajada,-0.007458,-0.007457,-0.007454,10.640000,0.0,0.001,0.0
17:27:00,2849,1,bajada,-0.007458,-0.007457,-0.007454,10.640000,0.0,0.001,0.0
17:27:00,2850,1,bajada,-0.007457,-0.007457,-0.007452,10.640000,0.0,0.001,0.0
17:27:00,2851,1,bajada,-0.007456,-0.007457,-0.007452,10.640000,0.0,0.001,0.0
17:27:00,2855,1,bajada,-0.007454,-0.007456,-0.007451,10.640000,0.0,0.001,0.0
17:27:00,2856,1,bajada,-0.007455,-0.007456,-0.007451,10.640000,0.0,0.001,0.0
17:27:00,2858,1,bajada,-0.007455,-0.007456,-0.007450,10.640000,0.0,0.001,0.0
17:27:00,2859,1,bajada,-0.007454,-0.007456,-0.007448,10.640000,0.002,0.0,0.0
17:27:00,2860,1,bajada,-0.007453,-0.007456,-0.007450,10.640000,0.0,0.001,0.0
17:27:00,2861,1,bajada,-0.007453,-0.007455,-0.007451,10.640000,0.0,0.001,0.0
17:27:00,2862,1,bajada,-0.007453,-0.007455,-0.007451,10.640000,0.0,0.001,0.0
17:27:00,2863,1,bajada,-0.007453,-0.007455,-0.007450,10.640000,0.001,0.0,0.0
17:27:00,2864,1,bajada,-0.007453,-0.007455,-0.007450,10.640000,0.0,0.001,0.0
17:27:00,2865,1,bajada,-0.007453,-0.007455,-0.007449,10.640000,0.001,0.0,0.0
17:27:00,2867,1,bajada,-0.007454,-0.007455,-0.007451,10.640000,0.001,0.0,0.0
17:27:01,2868,1,bajada,-0.007454,-0.007454,-0.007451,10.640000,0.0,0.001,0.0
17:27:01,2869,1,bajada,-0.007453,-0.007454,-0.007449,10.640000,0.0,0.001,0.0
17:27:01,2870,1,bajada,-0.007452,-0.007454,-0.007448,10.640000,0.0,0.001,0.0
17:27:01,2872,1,bajada,-0.007450,-0.007454,-0.007447,10.640000,0.0,0.001,0.0
17:27:01,2873,1,bajada,-0.007451,-0.007453,-0.007450,10.640000,0.0,0.001,0.0
17:27:01,2874,1,bajada,-0.007453,-0.007453,-0.007451,10.640000,0.0,0.001,0.0
17:27:01,2875,1,bajada,-0.007455,-0.007454,-0.007450,10.640000,0.0,0.001,0.0
17:27:01,2876,1,bajada,-0.007455,-0.007454,-0.007453,10.640000,0.0,0.001,0.0
17:27:01,2877,1,bajada,-0.007455,-0.007454,-0.007452,10.640000,0.0,0.001,0.0
17:27:01,2878,1,bajada,-0.007455,-0.007454,-0.007453,10.640000,0.0,0.001,0.0
17:27:01,2879,1,bajada,-0.007455,-0.007454,-0.007452,10.640000,0.0,0.001,0.0
17:27:01,2881,1,bajada,-0.007455,-0.007454,-0.007451,10.640000,0.0,0.001,0.0
17:27:01,2882,1,bajada,-0.007455,-0.007454,-0.007451,10.640000,0.0,0.001,0.0
17:27:01,2883,1,bajada,-0.007454,-0.007454,-0.007450,10.640000,0.0,0.001,0.0
17:27:01,2884,1,bajada,-0.007454,-0.007454,-0.007450,10.640000,0.0,0.001,0.0
17:27:01,2885,1,bajada,-0.007454,-0.007454,-0.007450,10.640000,0.0,0.001,0.0
17:27:01,2886,1,bajada,-0.007453,-0.007454,-0.007450,10.640000,0.0,0.002,0.0
17:27:01,2887,1,bajada,-0.007453,-0.007454,-0.007448,10.640000,0.0,0.001,0.0
17:27:01,2888,1,bajada,-0.007452,-0.007454,-0.007450,10.640000,0.0,0.001,0.0
17:27:01,2889,1,bajada,-0.007453,-0.007454,-0.007452,10.640000,0.0,0.001,0.0
17:27:01,2890,1,bajada,-0.007455,-0.007454,-0.007451,10.640000,0.0,0.001,0.0
17:27:02,2892,1,bajada,-0.007454,-0.007454,-0.007451,10.640000,0.001,0.0,0.0
17:27:02,2893,1,bajada,-0.007454,-0.007454,-0.007449,10.640000,0.0,0.001,0.0
17:27:02,2894,1,bajada,-0.007453,-0.007454,-0.007453,10.640000,0.001,0.0,0.0
17:27:02,2895,1,bajada,-0.007454,-0.007454,-0.007452,10.640000,0.0,0.001,0.0
17:27:02,2896,1,bajada,-0.007454,-0.007454,-0.007450,10.640000,0.0,0.001,0.0
17:27:02,2897,1,bajada,-0.007452,-0.007454,-0.007447,10.640000,0.0,0.001,0.0
17:27:02,2898,1,bajada,-0.007450,-0.007453,-0.007448,10.640000,0.0,0.001,0.0
17:27:02,2900,1,bajada,-0.007450,-0.007453,-0.007446,10.640000,0.0,0.001,0.0
17:27:02,2901,1,bajada,-0.007449,-0.007453,-0.007447,10.640000,0.0,0.002,0.0
17:27:02,2902,1,bajada,-0.007450,-0.007452,-0.007450,10.640000,0.0,0.001,0.0
17:27:02,2903,1,bajada,-0.007452,-0.007452,-0.007449,10.640000,0.0,0.001,0.0
17:27:02,2904,1,bajada,-0.007452,-0.007452,-0.007450,10.640000,0.001,0.0,0.0
17:27:02,2905,1,bajada,-0.007452,-0.007452,-0.007451,10.640000,0.0,0.001,0.0
17:27:02,2906,1,bajada,-0.007453,-0.007452,-0.007452,10.640000,0.0,0.001,0.0
17:27:02,2907,1,bajada,-0.007455,-0.007453,-0.007452,10.640000,0.0,0.001,0.0
17:27:02,2909,1,bajada,-0.007455,-0.007453,-0.007452,10.640000,0.0,0.001,0.0
17:27:02,2910,1,bajada,-0.007455,-0.007453,-0.007453,10.640000,0.0,0.001,0.0
17:27:02,2912,1,bajada,-0.007457,-0.007453,-0.007455,10.640000,0.0,0.001,0.0
17:27:03,2913,1,bajada,-0.007458,-0.007454,-0.007455,10.640000,0.0,0.001,0.0
17:27:03,2914,1,bajada,-0.007459,-0.007454,-0.007455,10.640000,0.0,0.001,0.0
17:27:03,2915,1,bajada,-0.007459,-0.007455,-0.007456,10.640000,0.0,0.001,0.0
17:27:03,2916,1,bajada,-0.007459,-0.007455,-0.007457,10.640000,0.0,0.001,0.0
17:27:03,2917,1,bajada,-0.007460,-0.007456,-0.007456,10.640000,0.0,0.001,0.0
17:27:03,2918,1,bajada,-0.007460,-0.007456,-0.007455,10.640000,0.0,0.001,0.0
17:27:03,2919,1,bajada,-0.007459,-0.007456,-0.007455,10.640000,0.0,0.001,0.0
17:27:03,2920,1,bajada,-0.007458,-0.007456,-0.007455,10.640000,0.0,0.002,0.0
17:27:03,2921,1,bajada,-0.007457,-0.007456,-0.007454,10.640000,0.0,0.001,0.0
17:27:03,2922,1,bajada,-0.007457,-0.007456,-0.007455,10.640000,0.0,0.001,0.0
17:27:03,2923,1,bajada,-0.007457,-0.007457,-0.007455,10.640000,0.0,0.001,0.0
17:27:03,2924,1,bajada,-0.007458,-0.007457,-0.007454,10.640000,0.0,0.001,0.0
17:27:03,2925,1,bajada,-0.007458,-0.007457,-0.007455,10.640000,0.002,0.0,0.0
17:27:03,2926,1,bajada,-0.007458,-0.007457,-0.007456,10.640000,0.0,0.001,0.0
17:27:03,2927,1,bajada,-0.007458,-0.007457,-0.007456,10.640000,0.0,0.001,0.0
17:27:03,2928,1,bajada,-0.007459,-0.007457,-0.007456,10.640000,0.0,0.001,0.0
17:27:03,2929,1,bajada,-0.007459,-0.007457,-0.007456,10.640000,0.001,0.0,0.0
17:27:03,2931,1,bajada,-0.007458,-0.007457,-0.007453,10.640000,0.0,0.001,0.0
17:27:03,2932,1,bajada,-0.007457,-0.007457,-0.007454,10.640000,0.0,0.002,0.0
17:27:03,2933,1,bajada,-0.007456,-0.007457,-0.007453,10.640000,0.0,0.001,0.0
17:27:03,2934,1,bajada,-0.007456,-0.007457,-0.007453,10.640000,0.0,0.001,0.0
17:27:04,2935,1,bajada,-0.007456,-0.007457,-0.007454,10.640000,0.0,0.001,0.0
17:27:04,2936,1,bajada,-0.007457,-0.007457,-0.007454,10.640000,0.0,0.001,0.0
17:27:04,2937,1,bajada,-0.007458,-0.007457,-0.007451,10.640000,0.0,0.001,0.0
17:27:04,2938,1,bajada,-0.007457,-0.007457,-0.007453,10.640000,0.0,0.001,0.0
17:27:04,2939,1,bajada,-0.007456,-0.007457,-0.007452,10.640000,0.0,0.001,0.0
17:27:04,2940,1,bajada,-0.007456,-0.007457,-0.007450,10.640000,0.0,0.001,0.0
17:27:04,2941,1,bajada,-0.007455,-0.007457,-0.007451,10.640000,0.0,0.001,0.0
17:27:04,2942,1,bajada,-0.007455,-0.007457,-0.007452,10.640000,0.0,0.001,0.0
17:27:04,2943,1,bajada,-0.007454,-0.007456,-0.007450,10.640000,0.0,0.001,0.0
17:27:04,2944,1,bajada,-0.007454,-0.007456,-0.007451,10.640000,0.0,0.001,0.0
17:27:04,2945,1,bajada,-0.007454,-0.007456,-0.007451,10.640000,0.0,0.001,0.0
17:27:04,2946,1,bajada,-0.007455,-0.007456,-0.007452,10.640000,0.0,0.001,0.0
17:27:04,2948,1,bajada,-0.007455,-0.007456,-0.007453,10.640000,0.0,0.001,0.0
17:27:04,2949,1,bajada,-0.007456,-0.007456,-0.007453,10.640000,0.0,0.001,0.0
17:27:04,2951,1,bajada,-0.007456,-0.007456,-0.007452,10.640000,0.0,0.001,0.0
17:27:04,2952,1,bajada,-0.007454,-0.007456,-0.007451,10.640000,0.0,0.001,0.0
17:27:04,2954,1,bajada,-0.007454,-0.007455,-0.007452,10.640000,0.0,0.001,0.0
17:27:04,2955,1,bajada,-0.007454,-0.007455,-0.007453,10.640000,0.0,0.001,0.0
17:27:04,2956,1,bajada,-0.007455,-0.007455,-0.007452,10.640000,0.0,0.001,0.0
17:27:04,2958,1,bajada,-0.007455,-0.007455,-0.007453,10.640000,0.0,0.001,0.0
17:27:05,2959,1,bajada,-0.007455,-0.007455,-0.007453,10.640000,0.0,0.001,0.0
17:27:05,2960,1,bajada,-0.007456,-0.007455,-0.007452,10.640000,0.0,0.001,0.0
17:27:05,2961,1,bajada,-0.007455,-0.007455,-0.007451,10.640000,0.0,0.001,0.0
17:27:05,2962,1,bajada,-0.007455,-0.007455,-0.007453,10.640000,0.001,0.0,0.0
17:27:05,2963,1,bajada,-0.007455,-0.007455,-0.007450,10.640000,0.0,0.001,0.0
17:27:05,2964,1,bajada,-0.007454,-0.007455,-0.007451,10.640000,0.0,0.001,0.0
17:27:05,2966,1,bajada,-0.007454,-0.007455,-0.007451,10.640000,0.001,0.0,0.0
17:27:05,2967,1,bajada,-0.007454,-0.007455,-0.007450,10.640000,0.0,0.001,0.0
17:27:05,2968,1,bajada,-0.007453,-0.007455,-0.007449,10.640000,0.0,0.001,0.0
17:27:05,2969,1,bajada,-0.007453,-0.007455,-0.007450,10.640000,0.0,0.001,0.0
17:27:05,2970,1,bajada,-0.007453,-0.007454,-0.007450,10.640000,0.001,0.0,0.0
17:27:05,2971,1,bajada,-0.007453,-0.007454,-0.007450,10.640000,0.0,0.001,0.0
17:27:05,2973,1,bajada,-0.007454,-0.007454,-0.007452,10.640000,0.0,0.001,0.0
17:27:05,2974,1,bajada,-0.007454,-0.007454,-0.007452,10.640000,0.0,0.001,0.0
17:27:05,2975,1,bajada,-0.007455,-0.007454,-0.007451,10.640000,0.0,0.001,0.0
17:27:05,2976,1,bajada,-0.007455,-0.007454,-0.007449,10.640000,0.0,0.001,0.0
17:27:05,2977,1,bajada,-0.007454,-0.007454,-0.007452,10.640000,0.0,0.001,0.0
17:27:05,2978,1,bajada,-0.007454,-0.007454,-0.007452,10.640000,0.001,0.0,0.0
17:27:05,2979,1,bajada,-0.007455,-0.007454,-0.007452,10.640000,0.0,0.001,0.0
17:27:05,2980,1,bajada,-0.007455,-0.007454,-0.007452,10.640000,0.0,0.001,0.0
17:27:06,2981,1,bajada,-0.007455,-0.007455,-0.007454,10.640000,0.0,0.001,0.0
17:27:06,2983,1,bajada,-0.007456,-0.007455,-0.007454,10.640000,0.0,0.001,0.0
17:27:06,2984,1,bajada,-0.007457,-0.007455,-0.007453,10.640000,0.0,0.001,0.0
17:27:06,2985,1,bajada,-0.007457,-0.007455,-0.007454,10.640000,0.0,0.001,0.0
17:27:06,2986,1,bajada,-0.007457,-0.007455,-0.007454,10.640000,0.0,0.001,0.0
17:27:06,2987,1,bajada,-0.007456,-0.007455,-0.007452,10.640000,0.0,0.001,0.0
17:27:06,2989,1,bajada,-0.007456,-0.007455,-0.007452,10.640000,0.0,0.001,0.0
17:27:06,2990,1,bajada,-0.007455,-0.007455,-0.007450,10.640000,0.0,0.001,0.0
17:27:06,2991,1,bajada,-0.007455,-0.007455,-0.007448,10.640000,0.0,0.001,0.0
17:27:06,2992,1,bajada,-0.007453,-0.007455,-0.007450,10.640000,0.0,0.001,0.0
17:27:06,2993,1,bajada,-0.007453,-0.007455,-0.007448,10.640000,0.0,0.001,0.0
17:27:06,2995,1,bajada,-0.007453,-0.007455,-0.007451,10.640000,0.0,0.001,0.0
17:27:06,2996,1,bajada,-0.007453,-0.007454,-0.007449,10.640000,0.0,0.001,0.0
17:27:06,2997,1,bajada,-0.007453,-0.007454,-0.007450,10.640000,0.0,0.001,0.0
17:27:06,2998,1,bajada,-0.007452,-0.007454,-0.007449,10.640000,0.0,0.001,0.0
17:27:06,2999,1,bajada,-0.007452,-0.007454,-0.007449,10.640000,0.0,0.001,0.0
17:27:06,3001,1,bajada,-0.007453,-0.007454,-0.007451,10.640000,0.0,0.001,0.0
17:27:06,3003,1,bajada,-0.007453,-0.007454,-0.007450,10.640000,0.0,0.001,0.0
17:27:06,3004,1,bajada,-0.007454,-0.007454,-0.007451,10.640000,0.0,0.001,0.0
17:27:07,3005,1,bajada,-0.007455,-0.007454,-0.007450,10.640000,0.0,0.001,0.0
17:27:07,3006,1,bajada,-0.007455,-0.007454,-0.007451,10.640000,0.0,0.001,0.0
17:27:07,3007,1,bajada,-0.007454,-0.007454,-0.007450,10.640000,0.0,0.001,0.0
17:27:07,3008,1,bajada,-0.007454,-0.007454,-0.007450,10.640000,0.0,0.001,0.0
17:27:07,3009,1,bajada,-0.007454,-0.007454,-0.007450,10.640000,0.0,0.002,0.0
17:27:07,3010,1,bajada,-0.007453,-0.007454,-0.007449,10.640000,0.0,0.001,0.0
17:27:07,3011,1,bajada,-0.007453,-0.007454,-0.007451,10.640000,0.0,0.001,0.0
17:27:07,3013,1,bajada,-0.007454,-0.007454,-0.007453,10.640000,0.0,0.001,0.0
17:27:07,3014,1,bajada,-0.007456,-0.007454,-0.007454,10.640000,0.0,0.001,0.0
17:27:07,3015,1,bajada,-0.007457,-0.007454,-0.007453,10.640000,0.0,0.001,0.0
17:27:07,3017,1,bajada,-0.007456,-0.007454,-0.007452,10.640000,0.001,0.0,0.0
17:27:07,3018,1,bajada,-0.007455,-0.007454,-0.007450,10.640000,0.001,0.0,0.0
17:27:07,3019,1,bajada,-0.007454,-0.007454,-0.007449,10.640000,0.0,0.001,0.0
17:27:07,3020,1,bajada,-0.007453,-0.007454,-0.007449,10.640000,0.0,0.001,0.0
17:27:07,3021,1,bajada,-0.007453,-0.007454,-0.007451,10.640000,0.0,0.001,0.0
17:27:07,3022,1,bajada,-0.007453,-0.007454,-0.007451,10.640000,0.0,0.001,0.0
17:27:07,3023,1,bajada,-0.007454,-0.007454,-0.007452,10.640000,0.0,0.001,0.0
17:27:07,3024,1,bajada,-0.007455,-0.007454,-0.007452,10.640000,0.001,0.0,0.0
17:27:08,3025,1,bajada,-0.007455,-0.007454,-0.007453,10.640000,0.0,0.001,0.0
17:27:08,3026,1,bajada,-0.007455,-0.007454,-0.007453,10.640000,0.0,0.001,0.0
17:27:08,3027,1,bajada,-0.007455,-0.007454,-0.007454,10.640000,0.0,0.001,0.0
17:27:08,3028,1,bajada,-0.007455,-0.007454,-0.007454,10.640000,0.0,0.001,0.0
17:27:08,3029,1,bajada,-0.007455,-0.007454,-0.007452,10.640000,0.0,0.001,0.0
17:27:08,3030,1,bajada,-0.007457,-0.007455,-0.007454,10.640000,0.0,0.001,0.0
17:27:08,3031,1,bajada,-0.007457,-0.007455,-0.007454,10.640000,0.0,0.001,0.0
17:27:08,3032,1,bajada,-0.007457,-0.007455,-0.007453,10.640000,0.0,0.001,0.0
17:27:08,3033,1,bajada,-0.007457,-0.007455,-0.007453,10.640000,0.0,0.001,0.0
17:27:08,3034,1,bajada,-0.007456,-0.007455,-0.007453,10.640000,0.0,0.001,0.0
17:27:08,3035,1,bajada,-0.007456,-0.007455,-0.007454,10.640000,0.0,0.001,0.0
17:27:08,3036,1,bajada,-0.007455,-0.007455,-0.007450,10.640000,0.0,0.002,0.0
17:27:08,3037,1,bajada,-0.007453,-0.007455,-0.007450,10.640000,0.0,0.001,0.0
17:27:08,3038,1,bajada,-0.007453,-0.007455,-0.007452,10.640000,0.0,0.002,0.0
17:27:08,3039,1,bajada,-0.007454,-0.007455,-0.007452,10.640000,0.0,0.001,0.0
17:27:08,3040,1,bajada,-0.007455,-0.007455,-0.007452,10.640000,0.0,0.001,0.0
17:27:08,3041,1,bajada,-0.007455,-0.007455,-0.007452,10.640000,0.0,0.001,0.0
17:27:08,3042,1,bajada,-0.007454,-0.007455,-0.007451,10.640000,0.001,0.0,0.0
17:27:08,3044,1,bajada,-0.007454,-0.007455,-0.007451,10.640000,0.0,0.001,0.0
17:27:08,3045,1,bajada,-0.007454,-0.007455,-0.007450,10.640000,0.0,0.002,0.0
17:27:08,3046,1,bajada,-0.007453,-0.007455,-0.007450,10.640000,0.002,0.0,0.0
17:27:08,3047,1,bajada,-0.007453,-0.007454,-0.007451,10.640000,0.0,0.001,0.0
17:27:09,3048,1,bajada,-0.007454,-0.007454,-0.007452,10.640000,0.0,0.001,0.0
17:27:09,3049,1,bajada,-0.007455,-0.007454,-0.007454,10.640000,0.0,0.001,0.0
17:27:09,3050,1,bajada,-0.007456,-0.007455,-0.007457,10.640000,0.0,0.002,0.0
17:27:09,3051,1,bajada,-0.007458,-0.007455,-0.007456,10.640000,0.0,0.001,0.0
17:27:09,3052,1,bajada,-0.007459,-0.007455,-0.007456,10.630000,0.0,0.001,0.0
17:27:09,3053,1,bajada,-0.007459,-0.007456,-0.007457,10.630000,0.0,0.002,0.0
17:27:09,3054,1,bajada,-0.007459,-0.007456,-0.007456,10.630000,0.0,0.001,0.0
17:27:09,3055,1,bajada,-0.007459,-0.007456,-0.007455,10.630000,0.0,0.001,0.0
17:27:09,3056,1,bajada,-0.007460,-0.007457,-0.007455,10.640000,0.0,0.001,0.0
17:27:09,3057,1,bajada,-0.007459,-0.007457,-0.007457,10.640000,0.0,0.001,0.0
17:27:09,3058,1,bajada,-0.007459,-0.007457,-0.007456,10.640000,0.0,0.001,0.0
17:27:09,3059,1,bajada,-0.007460,-0.007457,-0.007456,10.640000,0.001,0.0,0.0
17:27:09,3061,1,bajada,-0.007459,-0.007458,-0.007455,10.630000,0.0,0.001,0.0
17:27:09,3062,1,bajada,-0.007459,-0.007458,-0.007454,10.630000,0.0,0.001,0.0
17:27:09,3063,1,bajada,-0.007459,-0.007458,-0.007456,10.630000,0.0,0.002,0.0
17:27:09,3064,1,bajada,-0.007458,-0.007458,-0.007454,10.630000,0.0,0.001,0.0
17:27:09,3065,1,bajada,-0.007458,-0.007458,-0.007453,10.640000,0.001,0.0,0.0
17:27:09,3067,1,bajada,-0.007457,-0.007458,-0.007455,10.640000,0.0,0.002,0.0
17:27:09,3068,1,bajada,-0.007458,-0.007458,-0.007457,10.630000,0.0,0.001,0.0
17:27:09,3069,1,bajada,-0.007459,-0.007458,-0.007454,10.630000,0.0,0.002,0.0
17:27:09,3070,1,bajada,-0.007458,-0.007458,-0.007454,10.630000,0.0,0.001,0.0
17:27:10,3071,1,bajada,-0.007456,-0.007458,-0.007451,10.630000,0.0,0.002,0.0
17:27:10,3072,1,bajada,-0.007455,-0.007457,-0.007452,10.640000,0.0,0.001,0.0
17:27:10,3073,1,bajada,-0.007455,-0.007457,-0.007453,10.640000,0.0,0.001,0.0
17:27:10,3074,1,bajada,-0.007456,-0.007457,-0.007453,10.630000,0.0,0.002,0.0
17:27:10,3075,1,bajada,-0.007457,-0.007457,-0.007454,10.630000,0.0,0.001,0.0
17:27:10,3076,1,bajada,-0.007457,-0.007457,-0.007453,10.630000,0.0,0.001,0.0
17:27:10,3078,1,bajada,-0.007456,-0.007457,-0.007452,10.630000,0.0,0.001,0.0
17:27:10,3079,1,bajada,-0.007455,-0.007457,-0.007453,10.630000,0.0,0.001,0.0
17:27:10,3080,1,bajada,-0.007455,-0.007457,-0.007453,10.630000,0.0,0.002,0.0
17:27:10,3081,1,bajada,-0.007456,-0.007457,-0.007451,10.640000,0.0,0.001,0.0
17:27:10,3082,1,bajada,-0.007456,-0.007457,-0.007452,10.640000,0.0,0.001,0.0
17:27:10,3083,1,bajada,-0.007455,-0.007456,-0.007453,10.640000,0.0,0.001,0.0
17:27:10,3084,1,bajada,-0.007455,-0.007456,-0.007449,10.640000,0.0,0.001,0.0
17:27:10,3085,1,bajada,-0.007454,-0.007456,-0.007450,10.630000,0.0,0.001,0.0
17:27:10,3086,1,bajada,-0.007453,-0.007456,-0.007452,10.630000,0.0,0.001,0.0
17:27:10,3087,1,bajada,-0.007455,-0.007456,-0.007453,10.630000,0.001,0.0,0.0
17:27:10,3089,1,bajada,-0.007456,-0.007456,-0.007452,10.630000,0.0,0.001,0.0
17:27:10,3090,1,bajada,-0.007455,-0.007456,-0.007452,10.630000,0.0,0.001,0.0
17:27:10,3091,1,bajada,-0.007455,-0.007456,-0.007453,10.630000,0.0,0.001,0.0
17:27:11,3092,1,bajada,-0.007456,-0.007456,-0.007453,10.630000,0.0,0.002,0.0
17:27:11,3093,1,bajada,-0.007456,-0.007456,-0.007453,10.630000,0.0,0.001,0.0
17:27:11,3094,1,bajada,-0.007456,-0.007456,-0.007454,10.630000,0.0,0.001,0.0
17:27:11,3095,1,bajada,-0.007457,-0.007456,-0.007452,10.630000,0.001,0.0,0.0
17:27:11,3097,1,bajada,-0.007456,-0.007456,-0.007458,10.630000,0.001,0.0,0.0
17:27:11,3098,1,bajada,-0.007458,-0.007456,-0.007456,10.630000,0.0,0.001,0.0
17:27:11,3100,1,bajada,-0.007460,-0.007456,-0.007455,10.630000,0.0,0.001,0.0
17:27:11,3101,1,bajada,-0.007459,-0.007457,-0.007453,10.630000,0.0,0.001,0.0
17:27:11,3103,1,bajada,-0.007457,-0.007457,-0.007451,10.630000,0.0,0.001,0.0
17:27:11,3104,1,bajada,-0.007455,-0.007457,-0.007454,10.630000,0.0,0.001,0.0
17:27:11,3105,1,bajada,-0.007456,-0.007456,-0.007454,10.630000,0.0,0.001,0.0
17:27:11,3107,1,bajada,-0.007457,-0.007457,-0.007453,10.630000,0.0,0.001,0.0
17:27:11,3108,1,bajada,-0.007456,-0.007457,-0.007453,10.630000,0.0,0.001,0.0
17:27:11,3109,1,bajada,-0.007456,-0.007456,-0.007451,10.630000,0.0,0.001,0.0
17:27:11,3110,1,bajada,-0.007454,-0.007456,-0.007450,10.630000,0.0,0.001,0.0
17:27:11,3111,1,bajada,-0.007453,-0.007456,-0.007451,10.630000,0.0,0.001,0.0
17:27:11,3113,1,bajada,-0.007453,-0.007456,-0.007450,10.630000,0.0,0.001,0.0
17:27:11,3114,1,bajada,-0.007454,-0.007456,-0.007450,10.630000,0.0,0.001,0.0
17:27:11,3115,1,bajada,-0.007454,-0.007455,-0.007453,10.630000,0.0,0.001,0.0
17:27:11,3116,1,bajada,-0.007455,-0.007455,-0.007451,10.630000,0.0,0.001,0.0
17:27:12,3117,1,bajada,-0.007455,-0.007455,-0.007452,10.630000,0.0,0.001,0.0
17:27:12,3120,1,bajada,-0.007455,-0.007455,-0.007452,10.630000,0.0,0.001,0.0
17:27:12,3122,1,bajada,-0.007454,-0.007455,-0.007450,10.630000,0.0,0.001,0.0
17:27:12,3123,1,bajada,-0.007453,-0.007455,-0.007451,10.630000,0.0,0.001,0.0
17:27:12,3124,1,bajada,-0.007453,-0.007455,-0.007450,10.630000,0.0,0.001,0.0
17:27:12,3125,1,bajada,-0.007453,-0.007455,-0.007451,10.630000,0.0,0.001,0.0
17:27:12,3127,1,bajada,-0.007453,-0.007454,-0.007448,10.630000,0.0,0.001,0.0
17:27:12,3128,1,bajada,-0.007452,-0.007454,-0.007449,10.630000,0.0,0.001,0.0
17:27:12,3129,1,bajada,-0.007452,-0.007454,-0.007449,10.630000,0.0,0.001,0.0
17:27:12,3130,1,bajada,-0.007452,-0.007454,-0.007449,10.630000,0.0,0.001,0.0
17:27:12,3131,1,bajada,-0.007453,-0.007454,-0.007451,10.630000,0.0,0.001,0.0
17:27:12,3132,1,bajada,-0.007454,-0.007454,-0.007451,10.630000,0.0,0.001,0.0
17:27:12,3134,1,bajada,-0.007453,-0.007454,-0.007454,10.630000,0.0,0.001,0.0
17:27:12,3135,1,bajada,-0.007455,-0.007454,-0.007454,10.630000,0.0,0.001,0.0
17:27:12,3136,1,bajada,-0.007456,-0.007454,-0.007452,10.630000,0.0,0.001,0.0
17:27:12,3138,1,bajada,-0.007456,-0.007454,-0.007451,10.630000,0.0,0.001,0.0
17:27:12,3139,1,bajada,-0.007455,-0.007454,-0.007453,10.630000,0.0,0.001,0.0
17:27:12,3140,1,bajada,-0.007455,-0.007454,-0.007453,10.630000,0.0,0.001,0.0
17:27:12,3141,1,bajada,-0.007456,-0.007454,-0.007452,10.630000,0.0,0.001,0.0
17:27:13,3143,1,bajada,-0.007455,-0.007455,-0.007453,10.630000,0.001,0.0,0.0
17:27:13,3144,1,bajada,-0.007456,-0.007455,-0.007454,10.630000,0.0,0.001,0.0
17:27:13,3145,1,bajada,-0.007457,-0.007455,-0.007454,10.630000,0.001,0.0,0.0
17:27:13,3147,1,bajada,-0.007457,-0.007455,-0.007457,10.630000,0.0,0.001,0.0
17:27:13,3148,1,bajada,-0.007458,-0.007455,-0.007455,10.630000,0.001,0.0,0.0
17:27:13,3149,1,bajada,-0.007459,-0.007456,-0.007453,10.630000,0.0,0.001,0.0
17:27:13,3150,1,bajada,-0.007458,-0.007456,-0.007455,10.630000,0.0,0.001,0.0
17:27:13,3151,1,bajada,-0.007457,-0.007456,-0.007456,10.630000,0.0,0.001,0.0
17:27:13,3152,1,bajada,-0.007458,-0.007456,-0.007458,10.630000,0.001,0.0,0.0
17:27:13,3153,1,bajada,-0.007460,-0.007457,-0.007458,10.630000,0.0,0.002,0.0
17:27:13,3154,1,bajada,-0.007460,-0.007457,-0.007456,10.630000,0.0,0.001,0.0
17:27:13,3156,1,bajada,-0.007460,-0.007457,-0.007454,10.630000,0.0,0.001,0.0
17:27:13,3157,1,bajada,-0.007458,-0.007457,-0.007454,10.630000,0.0,0.001,0.0
17:27:13,3159,1,bajada,-0.007458,-0.007457,-0.007454,10.630000,0.0,0.001,0.0
17:27:13,3160,1,bajada,-0.007458,-0.007457,-0.007456,10.630000,0.0,0.001,0.0
17:27:13,3161,1,bajada,-0.007458,-0.007457,-0.007454,10.630000,0.0,0.001,0.0
17:27:13,3163,1,bajada,-0.007458,-0.007457,-0.007457,10.630000,0.0,0.001,0.0
17:27:13,3164,1,bajada,-0.007459,-0.007458,-0.007457,10.630000,0.0,0.001,0.0
17:27:13,3165,1,bajada,-0.007459,-0.007458,-0.007455,10.630000,0.0,0.001,0.0
17:27:13,3166,1,bajada,-0.007460,-0.007458,-0.007457,10.630000,0.0,0.001,0.0
17:27:14,3167,1,bajada,-0.007460,-0.007458,-0.007456,10.630000,0.0,0.001,0.0
17:27:14,3168,1,bajada,-0.007459,-0.007458,-0.007456,10.630000,0.0,0.001,0.0
17:27:14,3169,1,bajada,-0.007459,-0.007458,-0.007457,10.630000,0.0,0.001,0.0
17:27:14,3170,1,bajada,-0.007460,-0.007458,-0.007456,10.630000,0.0,0.001,0.0
17:27:14,3171,1,bajada,-0.007459,-0.007459,-0.007456,10.630000,0.0,0.001,0.0
17:27:14,3173,1,bajada,-0.007458,-0.007459,-0.007454,10.630000,0.001,0.0,0.0
17:27:14,3174,1,bajada,-0.007457,-0.007458,-0.007453,10.630000,0.0,0.001,0.0
17:27:14,3176,1,bajada,-0.007457,-0.007458,-0.007454,10.630000,0.0,0.002,0.0
17:27:14,3177,1,bajada,-0.007457,-0.007458,-0.007455,10.630000,0.0,0.001,0.0
17:27:14,3179,1,bajada,-0.007458,-0.007458,-0.007454,10.630000,0.0,0.001,0.0
17:27:14,3180,1,bajada,-0.007458,-0.007458,-0.007454,10.630000,0.0,0.002,0.0
17:27:14,3182,1,bajada,-0.007457,-0.007458,-0.007456,10.630000,0.0,0.001,0.0
17:27:14,3183,1,bajada,-0.007458,-0.007458,-0.007455,10.630000,0.0,0.001,0.0
17:27:14,3185,1,bajada,-0.007459,-0.007458,-0.007455,10.630000,0.0,0.001,0.0
17:27:14,3186,1,bajada,-0.007459,-0.007458,-0.007454,10.630000,0.0,0.001,0.0
17:27:14,3187,1,bajada,-0.007459,-0.007458,-0.007456,10.630000,0.0,0.001,0.0
17:27:14,3189,1,bajada,-0.007460,-0.007458,-0.007457,10.630000,0.0,0.001,0.0
17:27:14,3190,1,bajada,-0.007460,-0.007459,-0.007456,10.630000,0.001,0.0,0.0
17:27:14,3191,1,bajada,-0.007460,-0.007459,-0.007456,10.630000,0.0,0.002,0.0
17:27:14,3193,1,bajada,-0.007459,-0.007459,-0.007456,10.630000,0.0,0.001,0.0
17:27:15,3194,1,bajada,-0.007459,-0.007459,-0.007455,10.630000,0.001,0.0,0.0
17:27:15,3195,1,bajada,-0.007459,-0.007459,-0.007457,10.630000,0.0,0.001,0.0
17:27:15,3196,1,bajada,-0.007459,-0.007459,-0.007455,10.630000,0.001,0.0,0.0
17:27:15,3198,1,bajada,-0.007458,-0.007459,-0.007454,10.630000,0.0,0.001,0.0
17:27:15,3199,1,bajada,-0.007457,-0.007458,-0.007453,10.630000,0.0,0.002,0.0
17:27:15,3201,1,bajada,-0.007456,-0.007458,-0.007455,10.630000,0.0,0.001,0.0
17:27:15,3202,1,bajada,-0.007457,-0.007458,-0.007456,10.630000,0.0,0.001,0.0
17:27:15,3204,1,bajada,-0.007459,-0.007458,-0.007454,10.630000,0.0,0.002,0.0
17:27:15,3205,1,bajada,-0.007458,-0.007458,-0.007454,10.630000,0.0,0.001,0.0
17:27:15,3207,1,bajada,-0.007457,-0.007458,-0.007452,10.630000,0.0,0.001,0.0
17:27:15,3209,1,bajada,-0.007456,-0.007458,-0.007453,10.630000,0.0,0.001,0.0
17:27:15,3210,1,bajada,-0.007456,-0.007458,-0.007452,10.630000,0.001,0.0,0.0
17:27:15,3211,1,bajada,-0.007456,-0.007458,-0.007453,10.630000,0.0,0.001,0.0
17:27:15,3212,1,bajada,-0.007455,-0.007457,-0.007453,10.630000,0.0,0.002,0.0
17:27:15,3213,1,bajada,-0.007455,-0.007457,-0.007452,10.630000,0.0,0.001,0.0
17:27:15,3214,1,bajada,-0.007455,-0.007457,-0.007453,10.630000,0.0,0.001,0.0
17:27:15,3216,1,bajada,-0.007455,-0.007457,-0.007453,10.630000,0.0,0.001,0.0
17:27:15,3217,1,bajada,-0.007455,-0.007457,-0.007453,10.630000,0.0,0.001,0.0
17:27:15,3218,1,bajada,-0.007455,-0.007456,-0.007452,10.630000,0.0,0.001,0.0
17:27:16,3220,1,bajada,-0.007456,-0.007456,-0.007452,10.630000,0.0,0.001,0.0
17:27:16,3221,1,bajada,-0.007456,-0.007456,-0.007452,10.630000,0.0,0.001,0.0
17:27:16,3222,1,bajada,-0.007455,-0.007456,-0.007450,10.630000,0.0,0.001,0.0
17:27:16,3223,1,bajada,-0.007454,-0.007456,-0.007451,10.630000,0.0,0.001,0.0
17:27:16,3224,1,bajada,-0.007453,-0.007456,-0.007450,10.630000,0.001,0.0,0.0
17:27:16,3226,1,bajada,-0.007454,-0.007456,-0.007452,10.630000,0.001,0.0,0.0
17:27:16,3227,1,bajada,-0.007455,-0.007455,-0.007452,10.630000,0.0,0.001,0.0
17:27:16,3228,1,bajada,-0.007456,-0.007455,-0.007453,10.630000,0.0,0.001,0.0
17:27:16,3230,1,bajada,-0.007456,-0.007456,-0.007454,10.630000,0.0,0.001,0.0
17:27:16,3231,1,bajada,-0.007457,-0.007456,-0.007456,10.630000,0.0,0.001,0.0
17:27:16,3232,1,bajada,-0.007458,-0.007456,-0.007455,10.630000,0.0,0.001,0.0
