Timestamp,Sample,Ciclo,Fase,TIVA Voltage (V),TIVA Voltage w/FPB(V),KEITHLEY Voltage (V),TIVA Temp (C),Alicat Presion (kPA),Alicat Setpoint (kPA),Setpoint Enviado (kPA)
17:20:32,1,1,subida,-0.007555,-0.007555,-0.007546,64.500000,0.0,0.001,0.0
17:20:32,2,1,subida,-0.007555,-0.007555,-0.007545,64.500000,0.0,0.001,0.0
17:20:32,3,1,subida,-0.007556,-0.007555,-0.007546,64.500000,0.0,0.001,0.0
17:20:32,4,1,subida,-0.007557,-0.007555,-0.007547,64.500000,0.0,0.001,0.0
17:20:32,5,1,subida,-0.007556,-0.007555,-0.007546,64.500000,0.0,0.001,0.0
17:20:32,6,1,subida,-0.007556,-0.007555,-0.007550,64.500000,0.0,0.001,0.0
17:20:32,7,1,subida,-0.007555,-0.007555,-0.007550,64.500000,0.0,0.001,0.0
17:20:32,8,1,subida,-0.007555,-0.007555,-0.007549,64.500000,0.0,0.001,0.0
17:20:32,9,1,subida,-0.007555,-0.007555,-0.007549,64.500000,0.0,0.001,0.0
17:20:32,10,1,subida,-0.007556,-0.007555,-0.007553,64.500000,0.0,0.001,0.0
17:20:32,11,1,subida,-0.007555,-0.007555,-0.007553,64.500000,0.001,0.0,0.0
17:20:32,12,1,subida,-0.007555,-0.007555,-0.007550,64.500000,0.0,0.001,0.0
17:20:32,13,1,subida,-0.007554,-0.007555,-0.007549,64.500000,0.0,0.001,0.0
17:20:32,14,1,subida,-0.007553,-0.007555,-0.007549,64.500000,0.001,0.0,0.0
17:20:32,15,1,subida,-0.007553,-0.007555,-0.007549,64.500000,0.0,0.001,0.0
17:20:32,16,1,subida,-0.007554,-0.007555,-0.007548,64.500000,0.0,0.001,0.0
17:20:32,17,1,subida,-0.007554,-0.007554,-0.007550,64.500000,0.0,0.001,0.0
17:20:32,18,1,subida,-0.007553,-0.007554,-0.007550,64.500000,0.0,0.001,0.0
17:20:32,19,1,subida,-0.007552,-0.007554,-0.007549,64.500000,0.001,0.0,0.0
17:20:32,20,1,subida,-0.007553,-0.007554,-0.007550,64.500000,0.0,0.001,0.0
17:20:33,21,1,subida,-0.007554,-0.007554,-0.007550,64.500000,0.0,0.001,0.0
17:20:33,22,1,subida,-0.007554,-0.007554,-0.007550,64.500000,0.0,0.001,0.0
17:20:33,23,1,subida,-0.007554,-0.007554,-0.007553,64.500000,0.001,0.0,0.0
17:20:33,24,1,subida,-0.007555,-0.007554,-0.007552,64.500000,0.0,0.001,0.0
17:20:33,25,1,subida,-0.007554,-0.007554,-0.007550,64.500000,0.0,0.001,0.0
17:20:33,26,1,subida,-0.007553,-0.007554,-0.007548,64.500000,0.0,0.001,0.0
17:20:33,27,1,subida,-0.007553,-0.007554,-0.007549,64.500000,0.0,0.001,0.0
17:20:33,28,1,subida,-0.007553,-0.007554,-0.007549,64.500000,0.0,0.001,0.0
17:20:33,29,1,subida,-0.007552,-0.007554,-0.007552,64.500000,0.0,0.0,0.0
17:20:33,30,1,subida,-0.007552,-0.007553,-0.007551,64.500000,0.0,0.001,0.0
17:20:33,31,1,subida,-0.007552,-0.007553,-0.007550,64.500000,0.0,0.001,0.0
17:20:33,32,1,subida,-0.007553,-0.007553,-0.007550,64.500000,0.0,0.001,0.0
17:20:33,33,1,subida,-0.007553,-0.007553,-0.007550,64.500000,0.0,0.001,0.0
17:20:33,34,1,subida,-0.007553,-0.007553,-0.007550,64.500000,0.0,0.001,0.0
17:20:33,35,1,subida,-0.007552,-0.007553,-0.007551,64.500000,0.0,0.001,0.0
17:20:33,36,1,subida,-0.007552,-0.007553,-0.007552,64.500000,0.0,0.001,0.0
17:20:33,37,1,subida,-0.007551,-0.007553,-0.007551,64.500000,0.0,0.001,0.0
17:20:33,38,1,subida,-0.007551,-0.007553,-0.007551,64.500000,0.0,0.001,0.0
17:20:33,39,1,subida,-0.007552,-0.007553,-0.007553,64.500000,0.0,0.001,0.0
17:20:33,40,1,subida,-0.007552,-0.007553,-0.007554,64.500000,0.0,0.001,0.0
17:20:33,42,1,subida,-0.007551,-0.007552,-0.007552,64.500000,0.0,0.001,0.0
17:20:33,43,1,subida,-0.007551,-0.007552,-0.007549,64.500000,0.0,0.001,0.0
17:20:34,44,1,subida,-0.007551,-0.007552,-0.007551,64.500000,0.0,0.001,0.0
17:20:34,45,1,subida,-0.007551,-0.007552,-0.007548,64.500000,0.0,0.001,0.0
17:20:34,46,1,subida,-0.007551,-0.007552,-0.007548,64.500000,0.0,0.001,0.0
17:20:34,47,1,subida,-0.007550,-0.007552,-0.007550,64.500000,0.0,0.001,0.0
17:20:34,48,1,subida,-0.007550,-0.007552,-0.007552,64.500000,0.0,0.001,0.0
17:20:34,49,1,subida,-0.007550,-0.007551,-0.007551,64.500000,0.001,0.0,0.0
17:20:34,50,1,subida,-0.007549,-0.007551,-0.007550,64.500000,0.0,0.001,0.0
17:20:34,51,1,subida,-0.007549,-0.007551,-0.007550,64.500000,0.0,0.001,0.0
17:20:34,52,1,subida,-0.007549,-0.007551,-0.007549,64.500000,0.001,0.0,0.0
17:20:34,53,1,subida,-0.007550,-0.007551,-0.007551,64.500000,0.0,0.001,0.0
17:20:34,54,1,subida,-0.007550,-0.007551,-0.007552,64.500000,0.0,0.001,0.0
17:20:34,55,1,subida,-0.007551,-0.007551,-0.007552,64.500000,0.0,0.001,0.0
17:20:34,56,1,subida,-0.007551,-0.007551,-0.007553,64.500000,0.0,0.001,0.0
17:20:34,57,1,subida,-0.007551,-0.007551,-0.007552,64.500000,0.0,0.001,0.0
17:20:34,58,1,subida,-0.007550,-0.007551,-0.007550,64.500000,0.0,0.001,0.0
17:20:34,59,1,subida,-0.007550,-0.007551,-0.007551,64.500000,0.0,0.001,0.0
17:20:34,60,1,subida,-0.007551,-0.007551,-0.007553,64.500000,0.0,0.001,0.0
17:20:34,61,1,subida,-0.007551,-0.007551,-0.007554,64.500000,0.0,0.001,0.0
17:20:34,62,1,subida,-0.007551,-0.007551,-0.007552,64.500000,0.0,0.001,0.0
17:20:34,63,1,subida,-0.007551,-0.007551,-0.007550,64.500000,0.0,0.001,0.0
17:20:34,64,1,subida,-0.007551,-0.007551,-0.007550,64.500000,0.0,0.001,0.0
17:20:34,65,1,subida,-0.007550,-0.007551,-0.007550,64.500000,0.0,0.001,0.0
17:20:35,66,1,subida,-0.007551,-0.007551,-0.007550,64.500000,0.0,0.001,0.0
17:20:35,67,1,subida,-0.007552,-0.007551,-0.007549,64.500000,0.0,0.001,0.0
17:20:35,68,1,subida,-0.007551,-0.007551,-0.007551,64.500000,0.0,0.001,0.0
17:20:35,69,1,subida,-0.007551,-0.007551,-0.007550,64.500000,0.001,0.0,0.0
17:20:35,70,1,subida,-0.007552,-0.007551,-0.007554,64.500000,0.0,0.0,0.0
17:20:35,71,1,subida,-0.007553,-0.007551,-0.007557,64.500000,0.0,0.001,0.0
17:20:35,72,1,subida,-0.007553,-0.007551,-0.007557,64.500000,0.0,0.001,0.0
17:20:35,73,1,subida,-0.007553,-0.007551,-0.007556,64.500000,0.0,0.001,0.0
17:20:35,74,1,subida,-0.007553,-0.007552,-0.007554,64.500000,0.0,0.001,0.0
17:20:35,75,1,subida,-0.007553,-0.007552,-0.007551,64.500000,0.0,0.001,0.0
17:20:35,76,1,subida,-0.007551,-0.007552,-0.007551,64.500000,0.0,0.001,0.0
17:20:35,77,1,subida,-0.007550,-0.007552,-0.007550,64.500000,0.0,0.001,0.0
17:20:35,78,1,subida,-0.007550,-0.007551,-0.007549,64.500000,0.0,0.001,0.0
17:20:35,79,1,subida,-0.007550,-0.007551,-0.007551,64.500000,0.0,0.001,0.0
17:20:35,80,1,subida,-0.007550,-0.007551,-0.007550,64.500000,0.0,0.001,0.0
17:20:36,81,1,subida,-0.007550,-0.007551,-0.007550,64.500000,0.0,0.0,0.0
17:20:36,82,1,subida,-0.007551,-0.007551,-0.007549,64.500000,0.0,0.001,0.0
17:20:36,83,1,subida,-0.007553,-0.007551,-0.007549,64.500000,0.0,0.001,0.0
17:20:36,84,1,subida,-0.007554,-0.007552,-0.007550,64.500000,0.0,0.001,0.0
17:20:36,85,1,subida,-0.007554,-0.007552,-0.007551,64.500000,0.0,0.001,0.0
17:20:36,86,1,subida,-0.007554,-0.007552,-0.007550,64.500000,0.0,0.001,0.0
17:20:36,87,1,subida,-0.007554,-0.007552,-0.007553,64.500000,0.0,0.001,0.0
17:20:36,88,1,subida,-0.007553,-0.007552,-0.007551,64.500000,0.0,0.001,0.0
17:20:36,89,1,subida,-0.007552,-0.007552,-0.007551,64.500000,0.0,0.001,0.0
17:20:36,90,1,subida,-0.007551,-0.007552,-0.007551,64.500000,0.0,0.001,0.0
17:20:36,91,1,subida,-0.007550,-0.007552,-0.007552,64.500000,0.0,0.001,0.0
17:20:36,92,1,subida,-0.007550,-0.007552,-0.007552,64.500000,0.0,0.001,0.0
17:20:36,93,1,subida,-0.007550,-0.007552,-0.007553,64.500000,0.0,0.001,0.0
17:20:36,94,1,subida,-0.007550,-0.007551,-0.007553,64.500000,0.0,0.001,0.0
17:20:36,95,1,subida,-0.007550,-0.007551,-0.007553,64.500000,0.0,0.001,0.0
17:20:36,96,1,subida,-0.007551,-0.007551,-0.007551,64.500000,0.0,0.001,0.0
17:20:36,97,1,subida,-0.007552,-0.007551,-0.007550,64.500000,0.0,0.0,0.0
17:20:36,98,1,subida,-0.007553,-0.007551,-0.007551,64.500000,0.0,0.001,0.0
17:20:36,99,1,subida,-0.007553,-0.007552,-0.007553,64.500000,0.0,0.001,0.0
17:20:36,100,1,subida,-0.007552,-0.007552,-0.007551,64.500000,0.0,0.001,0.0
17:20:37,101,1,subida,-0.007552,-0.007552,-0.007551,64.500000,0.0,0.001,0.0
17:20:37,102,1,subida,-0.007552,-0.007552,-0.007551,64.500000,0.0,0.001,0.0
17:20:37,103,1,subida,-0.007551,-0.007552,-0.007551,64.500000,0.0,0.001,0.0
17:20:37,104,1,subida,-0.007551,-0.007552,-0.007550,64.500000,0.0,0.001,0.0
17:20:37,105,1,subida,-0.007551,-0.007552,-0.007552,64.500000,0.0,0.0,0.0
17:20:37,106,1,subida,-0.007551,-0.007552,-0.007552,64.500000,0.0,0.001,0.0
17:20:37,107,1,subida,-0.007553,-0.007552,-0.007551,64.500000,0.001,0.0,0.0
17:20:37,108,1,subida,-0.007554,-0.007552,-0.007550,64.500000,0.0,0.001,0.0
17:20:37,109,1,subida,-0.007554,-0.007552,-0.007550,64.500000,0.0,0.001,0.0
17:20:37,110,1,subida,-0.007555,-0.007552,-0.007549,64.500000,0.0,0.0,0.0
17:20:37,111,1,subida,-0.007555,-0.007553,-0.007548,64.500000,0.0,0.001,0.0
17:20:37,112,1,subida,-0.007555,-0.007553,-0.007549,64.500000,0.001,0.0,0.0
17:20:37,113,1,subida,-0.007556,-0.007553,-0.007547,64.500000,0.0,0.001,0.0
17:20:37,114,1,subida,-0.007555,-0.007553,-0.007548,64.500000,0.0,0.001,0.0
17:20:37,115,1,subida,-0.007554,-0.007553,-0.007548,64.500000,0.0,0.001,0.0
17:20:37,116,1,subida,-0.007554,-0.007553,-0.007548,64.500000,0.0,0.001,0.0
17:20:37,117,1,subida,-0.007554,-0.007553,-0.007548,64.500000,0.0,0.002,0.0
17:20:37,118,1,subida,-0.007554,-0.007554,-0.007549,64.500000,0.0,0.001,0.0
17:20:37,119,1,subida,-0.007554,-0.007554,-0.007548,64.500000,0.0,0.001,0.0
17:20:37,120,1,subida,-0.007554,-0.007554,-0.007548,64.500000,0.0,0.0,0.0
17:20:37,121,1,subida,-0.007554,-0.007554,-0.007548,64.500000,0.0,0.0,0.0
17:20:38,122,1,subida,-0.007554,-0.007554,-0.007547,64.500000,0.0,0.001,0.0
17:20:38,123,1,subida,-0.007556,-0.007554,-0.007549,64.500000,0.0,0.001,0.0
17:20:38,124,1,subida,-0.007557,-0.007554,-0.007550,64.500000,0.0,0.002,0.0
17:20:38,125,1,subida,-0.007557,-0.007555,-0.007551,64.500000,0.0,0.003,0.0
17:20:38,126,1,subida,-0.007555,-0.007555,-0.007550,64.500000,0.0,0.002,0.0
17:20:38,127,1,subida,-0.007554,-0.007555,-0.007549,64.500000,0.0,0.002,0.0
17:20:38,128,1,subida,-0.007554,-0.007554,-0.007547,64.500000,0.0,0.0,0.0
17:20:38,129,1,subida,-0.007555,-0.007555,-0.007549,64.500000,0.0,0.0,0.0
17:20:38,130,1,subida,-0.007556,-0.007555,-0.007550,64.500000,0.0,-0.0,0.0
17:20:38,131,1,subida,-0.007555,-0.007555,-0.007548,64.500000,0.0,0.001,0.0
17:20:38,132,1,subida,-0.007554,-0.007555,-0.007548,64.500000,0.0,0.0,0.0
17:20:38,133,1,subida,-0.007554,-0.007555,-0.007548,64.500000,0.0,0.001,0.0
17:20:38,134,1,subida,-0.007554,-0.007554,-0.007550,64.500000,0.0,0.0,0.0
17:20:38,135,1,subida,-0.007556,-0.007555,-0.007547,64.500000,0.0,0.0,0.0
17:20:38,136,1,subida,-0.007556,-0.007555,-0.007547,64.500000,0.0,0.0,0.0
17:20:38,137,1,subida,-0.007556,-0.007555,-0.007548,64.500000,0.0,0.001,0.0
17:20:38,138,1,subida,-0.007557,-0.007555,-0.007549,64.500000,0.0,0.0,0.0
17:20:38,139,1,subida,-0.007557,-0.007555,-0.007548,64.500000,0.0,0.001,0.0
17:20:38,140,1,subida,-0.007556,-0.007555,-0.007547,64.500000,0.001,0.0,0.0
17:20:38,141,1,subida,-0.007555,-0.007555,-0.007547,64.500000,0.0,0.001,0.0
17:20:38,142,1,subida,-0.007553,-0.007555,-0.007550,64.500000,0.0,0.001,0.0
17:20:39,143,1,subida,-0.007554,-0.007555,-0.007548,64.600000,0.0,0.001,0.0
17:20:39,144,1,subida,-0.007555,-0.007555,-0.007550,64.600000,0.0,0.001,0.0
17:20:39,145,1,subida,-0.007556,-0.007555,-0.007547,64.500000,0.0,0.0,0.0
17:20:39,146,1,subida,-0.007555,-0.007555,-0.007548,64.500000,0.0,0.001,0.0
17:20:39,147,1,subida,-0.007554,-0.007555,-0.007547,64.500000,0.0,0.001,0.0
17:20:39,148,1,subida,-0.007555,-0.007555,-0.007547,64.500000,0.0,0.001,0.0
17:20:39,149,1,subida,-0.007556,-0.007555,-0.007547,64.500000,0.001,0.0,0.0
17:20:39,150,1,subida,-0.007556,-0.007555,-0.007549,64.500000,0.0,0.001,0.0
17:20:39,151,1,subida,-0.007557,-0.007555,-0.007548,64.500000,0.0,0.001,0.0
17:20:39,152,1,subida,-0.007556,-0.007555,-0.007548,64.500000,0.0,0.001,0.0
17:20:39,153,1,subida,-0.007556,-0.007555,-0.007546,64.500000,0.001,0.0,0.0
17:20:39,154,1,subida,-0.007558,-0.007556,-0.007549,64.500000,0.0,0.001,0.0
17:20:39,155,1,subida,-0.007558,-0.007556,-0.007549,64.500000,0.0,0.001,0.0
17:20:39,156,1,subida,-0.007556,-0.007556,-0.007549,64.500000,0.0,0.001,0.0
17:20:39,157,1,subida,-0.007555,-0.007556,-0.007548,64.600000,0.0,0.001,0.0
17:20:39,158,1,subida,-0.007555,-0.007556,-0.007546,64.600000,0.0,0.0,0.0
17:20:39,159,1,subida,-0.007554,-0.007556,-0.007548,64.500000,0.0,0.001,0.0
17:20:39,160,1,subida,-0.007555,-0.007556,-0.007548,64.500000,0.0,0.001,0.0
17:20:39,161,1,subida,-0.007554,-0.007555,-0.007550,64.500000,0.0,0.001,0.0
17:20:39,162,1,subida,-0.007555,-0.007555,-0.007548,64.600000,0.0,0.001,0.0
17:20:39,163,1,subida,-0.007556,-0.007555,-0.007549,64.600000,0.0,0.001,0.0
17:20:40,164,1,subida,-0.007556,-0.007555,-0.007547,64.600000,0.0,0.001,0.0
17:20:40,165,1,subida,-0.007556,-0.007556,-0.007545,64.600000,0.0,0.001,0.0
17:20:40,166,1,subida,-0.007556,-0.007556,-0.007546,64.500000,0.0,0.001,0.0
17:20:40,167,1,subida,-0.007557,-0.007556,-0.007548,64.500000,0.0,0.001,0.0
17:20:40,168,1,subida,-0.007557,-0.007556,-0.007548,64.500000,0.0,0.001,0.0
17:20:40,169,1,subida,-0.007559,-0.007556,-0.007547,64.500000,0.0,0.001,0.0
17:20:40,170,1,subida,-0.007560,-0.007557,-0.007548,64.500000,0.0,0.001,0.0
17:20:40,171,1,subida,-0.007562,-0.007557,-0.007549,64.500000,0.0,0.001,0.0
17:20:40,172,1,subida,-0.007562,-0.007558,-0.007548,64.600000,0.0,0.001,0.0
17:20:40,173,1,subida,-0.007561,-0.007558,-0.007547,64.600000,0.0,0.001,0.0
17:20:40,174,1,subida,-0.007558,-0.007558,-0.007548,64.600000,0.0,0.001,0.0
17:20:40,175,1,subida,-0.007557,-0.007558,-0.007547,64.600000,0.0,0.001,0.0
17:20:40,176,1,subida,-0.007557,-0.007558,-0.007546,64.500000,0.0,0.001,0.0
17:20:40,177,1,subida,-0.007556,-0.007557,-0.007547,64.500000,0.0,0.001,0.0
17:20:40,178,1,subida,-0.007555,-0.007557,-0.007546,64.600000,0.0,0.001,0.0
17:20:40,179,1,subida,-0.007555,-0.007557,-0.007547,64.600000,0.0,0.001,0.0
17:20:40,180,1,subida,-0.007555,-0.007557,-0.007547,64.500000,0.0,0.0,0.0
17:20:40,181,1,subida,-0.007555,-0.007557,-0.007548,64.500000,0.0,0.001,0.0
17:20:40,182,1,subida,-0.007555,-0.007556,-0.007548,64.600000,0.001,0.0,0.0
17:20:40,183,1,subida,-0.007556,-0.007556,-0.007549,64.600000,0.0,0.001,0.0
17:20:41,184,1,subida,-0.007556,-0.007556,-0.007547,64.600000,0.0,0.001,0.0
17:20:41,185,1,subida,-0.007557,-0.007556,-0.007548,64.600000,0.0,0.0,0.0
17:20:41,186,1,subida,-0.007557,-0.007556,-0.007548,64.600000,0.0,0.001,0.0
17:20:41,187,1,subida,-0.007556,-0.007556,-0.007547,64.600000,0.0,0.001,0.0
17:20:41,188,1,subida,-0.007557,-0.007556,-0.007547,64.600000,0.0,0.001,0.0
17:20:41,189,1,subida,-0.007557,-0.007557,-0.007549,64.600000,0.001,0.0,0.0
17:20:41,190,1,subida,-0.007558,-0.007557,-0.007549,64.600000,0.0,0.001,0.0
17:20:41,191,1,subida,-0.007558,-0.007557,-0.007549,64.600000,0.0,0.0,0.0
17:20:41,192,1,subida,-0.007558,-0.007557,-0.007549,64.600000,0.0,0.001,0.0
17:20:41,193,1,subida,-0.007557,-0.007557,-0.007548,64.600000,0.0,0.001,0.0
17:20:41,194,1,subida,-0.007557,-0.007557,-0.007548,64.600000,0.0,0.001,0.0
17:20:41,195,1,subida,-0.007557,-0.007557,-0.007548,64.600000,0.0,0.001,0.0
17:20:41,196,1,subida,-0.007558,-0.007557,-0.007548,64.600000,0.0,0.001,0.0
17:20:41,197,1,subida,-0.007558,-0.007557,-0.007550,64.600000,0.0,0.001,0.0
17:20:41,198,1,subida,-0.007557,-0.007557,-0.007552,64.600000,0.0,0.001,0.0
17:20:41,199,1,subida,-0.007557,-0.007557,-0.007550,64.600000,0.0,0.001,0.0
17:20:41,200,1,subida,-0.007558,-0.007557,-0.007550,64.600000,0.0,0.001,0.0
17:20:41,201,1,subida,-0.007558,-0.007557,-0.007549,64.600000,0.0,0.001,0.0
17:20:41,202,1,subida,-0.007557,-0.007557,-0.007550,64.600000,0.0,0.001,0.0
17:20:41,203,1,subida,-0.007556,-0.007557,-0.007548,64.600000,0.0,0.001,0.0
17:20:41,204,1,subida,-0.007556,-0.007557,-0.007550,64.600000,0.0,0.001,0.0
17:20:41,205,1,subida,-0.007557,-0.007557,-0.007549,64.600000,0.0,0.001,0.0
17:20:41,206,1,subida,-0.007557,-0.007557,-0.007548,64.600000,0.0,0.001,0.0
17:20:41,207,1,subida,-0.007556,-0.007557,-0.007549,64.600000,0.0,0.001,0.0
17:20:42,208,1,subida,-0.007555,-0.007557,-0.007549,64.600000,0.0,0.001,0.0
17:20:42,209,1,subida,-0.007554,-0.007556,-0.007551,64.600000,0.0,0.001,0.0
17:20:42,210,1,subida,-0.007554,-0.007556,-0.007550,64.600000,0.0,0.001,0.0
17:20:42,211,1,subida,-0.007554,-0.007556,-0.007551,64.600000,0.0,0.001,0.0
17:20:42,212,1,subida,-0.007554,-0.007556,-0.007551,64.600000,0.0,0.001,0.0
17:20:42,213,1,subida,-0.007553,-0.007556,-0.007551,64.600000,0.0,0.0,0.0
17:20:42,214,1,subida,-0.007554,-0.007555,-0.007552,64.600000,0.0,0.0,0.0
17:20:42,215,1,subida,-0.007553,-0.007555,-0.007550,64.600000,0.0,0.001,0.0
17:20:42,216,1,subida,-0.007553,-0.007555,-0.007551,64.600000,0.0,0.001,0.0
17:20:42,217,1,subida,-0.007554,-0.007555,-0.007549,64.600000,0.0,0.001,0.0
17:20:42,218,1,subida,-0.007554,-0.007555,-0.007548,64.600000,0.0,0.001,0.0
17:20:42,219,1,subida,-0.007554,-0.007555,-0.007549,64.600000,0.0,0.001,0.0
17:20:42,220,1,subida,-0.007552,-0.007554,-0.007549,64.600000,0.0,0.001,0.0
17:20:42,221,1,subida,-0.007553,-0.007554,-0.007549,64.600000,0.0,0.001,0.0
17:20:42,222,1,subida,-0.007555,-0.007554,-0.007547,64.600000,0.0,0.001,0.0
17:20:42,223,1,subida,-0.007556,-0.007554,-0.007548,64.600000,0.0,0.001,0.0
17:20:42,224,1,subida,-0.007556,-0.007555,-0.007549,64.600000,0.0,0.001,0.0
17:20:42,225,1,subida,-0.007555,-0.007555,-0.007549,64.600000,0.0,0.001,0.0
17:20:42,226,1,subida,-0.007555,-0.007555,-0.007550,64.600000,0.0,0.001,0.0
17:20:42,227,1,subida,-0.007555,-0.007555,-0.007552,64.600000,0.0,0.001,0.0
17:20:42,228,1,subida,-0.007554,-0.007555,-0.007551,64.600000,0.0,0.001,0.0
17:20:42,229,1,subida,-0.007554,-0.007554,-0.007550,64.600000,0.0,0.001,0.0
17:20:42,230,1,subida,-0.007554,-0.007554,-0.007551,64.600000,0.0,0.001,0.0
17:20:42,231,1,subida,-0.007554,-0.007554,-0.007550,64.600000,0.0,0.001,0.0
17:20:42,232,1,subida,-0.007553,-0.007554,-0.007549,64.600000,0.002,0.0,0.0
17:20:42,233,1,subida,-0.007553,-0.007554,-0.007549,64.600000,0.0,0.003,0.0
17:20:42,234,1,subida,-0.007553,-0.007554,-0.007550,64.600000,0.0,0.002,0.0
17:20:42,235,1,subida,-0.007554,-0.007554,-0.007550,64.600000,0.0,0.001,0.0
17:20:42,236,1,subida,-0.007554,-0.007554,-0.007550,64.600000,0.0,0.001,0.0
17:20:43,237,1,subida,-0.007554,-0.007554,-0.007551,64.600000,0.0,0.0,0.0
17:20:43,238,1,subida,-0.007554,-0.007554,-0.007550,64.600000,0.0,0.001,0.0
17:20:43,239,1,subida,-0.007555,-0.007554,-0.007551,64.600000,0.0,0.0,0.0
17:20:43,240,1,subida,-0.007554,-0.007554,-0.007550,64.600000,0.0,0.001,0.0
17:20:43,241,1,subida,-0.007554,-0.007554,-0.007551,64.600000,0.001,0.0,0.0
17:20:43,242,1,subida,-0.007554,-0.007554,-0.007550,64.600000,0.0,0.001,0.0
17:20:43,243,1,subida,-0.007554,-0.007554,-0.007551,64.600000,0.0,0.0,0.0
17:20:43,244,1,subida,-0.007554,-0.007554,-0.007550,64.600000,0.0,-0.0,0.0
17:20:43,245,1,subida,-0.007553,-0.007554,-0.007548,64.600000,0.0,0.001,0.0
17:20:43,246,1,subida,-0.007554,-0.007554,-0.007549,64.600000,0.0,0.001,0.0
17:20:43,247,1,subida,-0.007554,-0.007554,-0.007549,64.600000,0.0,0.001,0.0
17:20:43,248,1,subida,-0.007555,-0.007554,-0.007549,64.600000,0.0,0.001,0.0
17:20:43,249,1,subida,-0.007554,-0.007554,-0.007549,64.600000,0.0,0.001,0.0
17:20:43,250,1,subida,-0.007554,-0.007554,-0.007549,64.600000,0.0,0.001,0.0
17:20:43,251,1,subida,-0.007554,-0.007554,-0.007548,64.600000,0.0,0.001,0.0
17:20:43,252,1,subida,-0.007554,-0.007554,-0.007548,64.600000,0.0,0.001,0.0
17:20:43,253,1,subida,-0.007554,-0.007554,-0.007546,64.600000,0.0,0.001,0.0
17:20:43,254,1,subida,-0.007553,-0.007554,-0.007549,64.600000,0.0,0.001,0.0
17:20:43,255,1,subida,-0.007553,-0.007554,-0.007549,64.600000,0.0,0.001,0.0
17:20:43,256,1,subida,-0.007553,-0.007554,-0.007547,64.600000,0.0,0.001,0.0
17:20:43,257,1,subida,-0.007554,-0.007554,-0.007548,64.600000,0.0,0.001,0.0
17:20:43,258,1,subida,-0.007554,-0.007554,-0.007549,64.600000,0.0,0.001,0.0
17:20:44,259,1,subida,-0.007554,-0.007554,-0.007549,64.600000,0.0,0.001,0.0
17:20:44,260,1,subida,-0.007553,-0.007554,-0.007549,64.600000,0.0,0.001,0.0
17:20:44,261,1,subida,-0.007552,-0.007554,-0.007550,64.600000,0.0,0.001,0.0
17:20:44,262,1,subida,-0.007551,-0.007553,-0.007550,64.600000,0.0,0.001,0.0
17:20:44,263,1,subida,-0.007552,-0.007553,-0.007550,64.600000,0.0,0.001,0.0
17:20:44,264,1,subida,-0.007553,-0.007553,-0.007550,64.600000,0.0,0.001,0.0
17:20:44,265,1,subida,-0.007553,-0.007553,-0.007550,64.600000,0.0,0.001,0.0
17:20:44,266,1,subida,-0.007554,-0.007553,-0.007550,64.600000,0.0,0.001,0.0
17:20:44,267,1,subida,-0.007554,-0.007553,-0.007551,64.600000,0.0,0.001,0.0
17:20:44,268,1,subida,-0.007553,-0.007553,-0.007552,64.600000,0.0,0.001,0.0
17:20:44,269,1,subida,-0.007552,-0.007553,-0.007551,64.600000,0.0,0.001,0.0
17:20:44,270,1,subida,-0.007552,-0.007553,-0.007549,64.600000,0.0,0.001,0.0
17:20:44,271,1,subida,-0.007552,-0.007553,-0.007549,64.600000,0.0,0.001,0.0
17:20:44,272,1,subida,-0.007552,-0.007553,-0.007550,64.600000,0.0,0.001,0.0
17:20:44,273,1,subida,-0.007552,-0.007553,-0.007550,64.600000,0.0,0.001,0.0
17:20:44,274,1,subida,-0.007552,-0.007553,-0.007550,64.600000,0.0,0.001,0.0
17:20:44,275,1,subida,-0.007553,-0.007553,-0.007549,64.600000,0.0,0.001,0.0
17:20:44,276,1,subida,-0.007553,-0.007553,-0.007549,64.600000,0.0,0.0,0.0
17:20:44,277,1,subida,-0.007553,-0.007553,-0.007549,64.600000,0.0,0.001,0.0
17:20:44,278,1,subida,-0.007554,-0.007553,-0.007551,64.600000,0.0,0.001,0.0
17:20:44,279,1,subida,-0.007553,-0.007553,-0.007551,64.600000,0.0,0.001,0.0
17:20:44,280,1,subida,-0.007553,-0.007553,-0.007549,64.600000,0.0,0.001,0.0
17:20:44,281,1,subida,-0.007553,-0.007553,-0.007551,64.600000,0.001,0.0,0.0
17:20:45,282,1,subida,-0.007553,-0.007553,-0.007550,64.600000,0.0,0.001,0.0
17:20:45,283,1,subida,-0.007552,-0.007553,-0.007550,64.600000,0.0,0.001,0.0
17:20:45,284,1,subida,-0.007552,-0.007553,-0.007551,64.600000,0.0,0.001,0.0
17:20:45,285,1,subida,-0.007554,-0.007553,-0.007550,64.600000,0.0,0.001,0.0
17:20:45,286,1,subida,-0.007554,-0.007553,-0.007550,64.600000,0.0,0.001,0.0
17:20:45,287,1,subida,-0.007554,-0.007553,-0.007550,64.600000,0.0,0.001,0.0
17:20:45,288,1,subida,-0.007554,-0.007553,-0.007551,64.600000,0.0,0.001,0.0
17:20:45,289,1,subida,-0.007553,-0.007553,-0.007550,64.600000,0.0,0.001,0.0
17:20:45,290,1,subida,-0.007553,-0.007553,-0.007549,64.600000,0.0,0.001,0.0
17:20:45,291,1,subida,-0.007554,-0.007553,-0.007549,64.600000,0.0,0.001,0.0
17:20:45,292,1,subida,-0.007555,-0.007553,-0.007547,64.600000,0.0,0.001,0.0
17:20:45,293,1,subida,-0.007555,-0.007554,-0.007549,64.600000,0.0,0.001,0.0
17:20:45,294,1,subida,-0.007555,-0.007554,-0.007549,64.600000,0.001,0.0,0.0
17:20:45,295,1,subida,-0.007555,-0.007554,-0.007550,64.600000,0.0,0.001,0.0
17:20:45,296,1,subida,-0.007555,-0.007554,-0.007551,64.600000,0.0,0.001,0.0
17:20:45,297,1,subida,-0.007555,-0.007554,-0.007549,64.600000,0.001,0.0,0.0
17:20:45,298,1,subida,-0.007555,-0.007554,-0.007549,64.600000,0.0,0.001,0.0
17:20:45,299,1,subida,-0.007554,-0.007554,-0.007548,64.600000,0.0,0.001,0.0
17:20:45,300,1,subida,-0.007555,-0.007554,-0.007554,64.600000,0.0,0.001,0.0
17:20:45,301,1,subida,-0.007555,-0.007554,-0.007554,64.600000,0.0,0.001,0.0
17:20:46,302,1,subida,-0.007556,-0.007554,-0.007554,64.600000,0.0,0.001,0.0
17:20:46,303,1,subida,-0.007557,-0.007555,-0.007553,64.600000,0.0,0.001,0.0
17:20:46,304,1,subida,-0.007556,-0.007555,-0.007552,64.600000,0.0,0.001,0.0
17:20:46,305,1,subida,-0.007556,-0.007555,-0.007553,64.600000,0.0,0.001,0.0
17:20:46,306,1,subida,-0.007555,-0.007555,-0.007554,64.600000,0.0,0.001,0.0
17:20:46,307,1,subida,-0.007554,-0.007555,-0.007555,64.600000,0.0,0.001,0.0
17:20:46,308,1,subida,-0.007554,-0.007555,-0.007555,64.600000,0.0,0.001,0.0
17:20:46,309,1,subida,-0.007554,-0.007555,-0.007554,64.600000,0.0,0.001,0.0
17:20:46,310,1,subida,-0.007554,-0.007555,-0.007554,64.600000,0.0,0.001,0.0
17:20:46,311,1,subida,-0.007554,-0.007554,-0.007556,64.600000,0.0,0.001,0.0
17:20:46,312,1,subida,-0.007555,-0.007555,-0.007553,64.600000,0.001,0.0,0.0
17:20:46,313,1,subida,-0.007557,-0.007555,-0.007554,64.600000,0.0,0.001,0.0
17:20:46,314,1,subida,-0.007556,-0.007555,-0.007553,64.600000,0.0,0.001,0.0
17:20:46,315,1,subida,-0.007556,-0.007555,-0.007552,64.600000,0.0,0.001,0.0
17:20:46,316,1,subida,-0.007555,-0.007555,-0.007550,64.600000,0.0,0.001,0.0
17:20:46,317,1,subida,-0.007554,-0.007555,-0.007549,64.600000,0.0,0.001,0.0
17:20:46,318,1,subida,-0.007555,-0.007555,-0.007550,64.600000,0.0,0.001,0.0
17:20:46,319,1,subida,-0.007555,-0.007555,-0.007551,64.600000,0.0,0.001,0.0
17:20:46,320,1,subida,-0.007556,-0.007555,-0.007550,64.600000,0.0,0.001,0.0
17:20:46,321,1,subida,-0.007556,-0.007555,-0.007550,64.600000,0.0,0.001,0.0
17:20:46,322,1,subida,-0.007556,-0.007555,-0.007551,64.600000,0.0,0.001,0.0
17:20:46,323,1,subida,-0.007556,-0.007555,-0.007551,64.600000,0.0,0.0,0.0
17:20:46,324,1,subida,-0.007555,-0.007555,-0.007551,64.600000,0.0,0.001,0.0
17:20:47,325,1,subida,-0.007556,-0.007555,-0.007550,64.600000,0.0,0.001,0.0
17:20:47,326,1,subida,-0.007555,-0.007555,-0.007552,64.600000,0.0,0.001,0.0
17:20:47,327,1,subida,-0.007554,-0.007555,-0.007551,64.600000,0.0,0.001,0.0
17:20:47,328,1,subida,-0.007554,-0.007555,-0.007551,64.600000,0.0,0.001,0.0
17:20:47,329,1,subida,-0.007554,-0.007555,-0.007552,64.600000,0.0,0.001,0.0
17:20:47,330,1,subida,-0.007554,-0.007555,-0.007550,64.600000,0.0,0.001,0.0
17:20:47,331,1,subida,-0.007554,-0.007555,-0.007549,64.600000,0.0,0.0,0.0
17:20:47,332,1,subida,-0.007554,-0.007555,-0.007550,64.600000,0.0,0.001,0.0
17:20:47,333,1,subida,-0.007553,-0.007554,-0.007551,64.600000,0.0,0.0,0.0
17:20:47,334,1,subida,-0.007553,-0.007554,-0.007549,64.600000,0.0,0.001,0.0
17:20:47,335,1,subida,-0.007553,-0.007554,-0.007551,64.600000,0.001,0.0,0.0
17:20:47,336,1,subida,-0.007552,-0.007554,-0.007550,64.600000,0.0,0.001,0.0
17:20:47,337,1,subida,-0.007552,-0.007554,-0.007549,64.600000,0.001,0.0,0.0
17:20:47,338,1,subida,-0.007554,-0.007554,-0.007550,64.600000,0.0,0.001,0.0
17:20:47,339,1,subida,-0.007554,-0.007554,-0.007550,64.600000,0.0,0.001,0.0
17:20:47,340,1,subida,-0.007554,-0.007554,-0.007550,64.600000,0.0,0.001,0.0
17:20:47,341,1,subida,-0.007554,-0.007554,-0.007551,64.600000,0.0,0.001,0.0
17:20:47,342,1,subida,-0.007555,-0.007554,-0.007552,64.600000,0.0,0.001,0.0
17:20:47,343,1,subida,-0.007555,-0.007554,-0.007550,64.600000,0.0,0.001,0.0
17:20:47,344,1,subida,-0.007555,-0.007554,-0.007551,64.600000,0.0,0.001,0.0
17:20:47,345,1,subida,-0.007556,-0.007554,-0.007552,64.600000,0.0,0.001,0.0
17:20:48,346,1,subida,-0.007556,-0.007554,-0.007552,64.600000,0.0,0.001,0.0
17:20:48,347,1,subida,-0.007556,-0.007555,-0.007551,64.600000,0.0,0.001,0.0
17:20:48,348,1,subida,-0.007556,-0.007555,-0.007551,64.600000,0.0,0.001,0.0
17:20:48,349,1,subida,-0.007555,-0.007555,-0.007549,64.600000,0.0,0.001,0.0
17:20:48,350,1,subida,-0.007555,-0.007555,-0.007549,64.600000,0.0,0.001,0.0
17:20:48,351,1,subida,-0.007555,-0.007555,-0.007549,64.600000,0.0,0.0,0.0
17:20:48,352,1,subida,-0.007555,-0.007555,-0.007549,64.600000,0.0,0.001,0.0
17:20:48,353,1,subida,-0.007554,-0.007555,-0.007549,64.600000,0.0,0.001,0.0
17:20:48,354,1,subida,-0.007554,-0.007555,-0.007548,64.600000,0.0,0.001,0.0
17:20:48,355,1,subida,-0.007554,-0.007555,-0.007548,64.600000,0.001,0.0,0.0
17:20:48,356,1,subida,-0.007556,-0.007555,-0.007547,64.600000,0.0,0.001,0.0
17:20:48,357,1,subida,-0.007556,-0.007555,-0.007548,64.600000,0.0,0.001,0.0
17:20:48,358,1,subida,-0.007555,-0.007555,-0.007549,64.600000,0.0,0.001,0.0
17:20:48,359,1,subida,-0.007556,-0.007555,-0.007553,64.600000,0.001,0.0,0.0
17:20:48,360,1,subida,-0.007556,-0.007555,-0.007552,64.600000,0.0,0.001,0.0
17:20:48,361,1,subida,-0.007556,-0.007555,-0.007551,64.600000,0.0,0.001,0.0
17:20:49,362,1,subida,-0.007556,-0.007555,-0.007551,64.600000,0.0,0.0,0.0
17:20:49,363,1,subida,-0.007556,-0.007555,-0.007549,64.600000,0.0,0.001,0.0
17:20:49,364,1,subida,-0.007556,-0.007555,-0.007550,64.600000,0.0,0.001,0.0
17:20:49,365,1,subida,-0.007556,-0.007555,-0.007550,64.600000,0.0,0.0,0.0
17:20:49,366,1,subida,-0.007555,-0.007555,-0.007548,64.600000,0.0,0.0,0.0
17:20:49,367,1,subida,-0.007555,-0.007555,-0.007547,64.600000,0.0,0.001,0.0
17:20:49,368,1,subida,-0.007555,-0.007555,-0.007548,64.600000,0.0,0.001,0.0
17:20:49,369,1,subida,-0.007554,-0.007555,-0.007548,64.600000,0.0,0.001,0.0
17:20:49,370,1,subida,-0.007553,-0.007555,-0.007546,64.600000,0.0,0.001,0.0
17:20:49,371,1,subida,-0.007553,-0.007555,-0.007549,64.600000,0.0,0.001,0.0
17:20:49,372,1,subida,-0.007554,-0.007555,-0.007550,64.600000,0.0,0.001,0.0
17:20:49,373,1,subida,-0.007555,-0.007555,-0.007549,64.600000,0.0,0.001,0.0
17:20:49,374,1,subida,-0.007555,-0.007555,-0.007549,64.600000,0.0,0.001,0.0
17:20:49,375,1,subida,-0.007554,-0.007555,-0.007550,64.600000,0.001,0.0,0.0
17:20:49,376,1,subida,-0.007554,-0.007555,-0.007550,64.600000,0.0,0.001,0.0
17:20:49,377,1,subida,-0.007556,-0.007555,-0.007550,64.600000,0.0,0.001,0.0
17:20:49,378,1,subida,-0.007558,-0.007555,-0.007550,64.600000,0.0,0.001,0.0
17:20:49,379,1,subida,-0.007558,-0.007555,-0.007550,64.600000,0.0,0.001,0.0
17:20:49,380,1,subida,-0.007559,-0.007556,-0.007549,64.600000,0.001,0.0,0.0
17:20:49,381,1,subida,-0.007558,-0.007556,-0.007549,64.600000,0.0,0.001,0.0
17:20:50,382,1,subida,-0.007557,-0.007556,-0.007548,64.600000,0.0,0.001,0.0
17:20:50,383,1,subida,-0.007557,-0.007556,-0.007549,64.600000,0.0,0.001,0.0
17:20:50,384,1,subida,-0.007558,-0.007556,-0.007549,64.600000,0.0,0.001,0.0
17:20:50,385,1,subida,-0.007559,-0.007557,-0.007549,64.600000,0.0,0.001,0.0
17:20:50,386,1,subida,-0.007560,-0.007557,-0.007549,64.600000,0.0,0.001,0.0
17:20:50,387,1,subida,-0.007559,-0.007557,-0.007550,64.600000,0.0,0.001,0.0
17:20:50,388,1,subida,-0.007559,-0.007557,-0.007548,64.600000,0.0,0.001,0.0
17:20:50,389,1,subida,-0.007559,-0.007557,-0.007550,64.600000,0.0,0.001,0.0
17:20:50,390,1,subida,-0.007557,-0.007557,-0.007552,64.600000,0.0,0.001,0.0
17:20:50,391,1,subida,-0.007557,-0.007557,-0.007550,64.600000,0.0,0.001,0.0
17:20:50,392,1,subida,-0.007556,-0.007557,-0.007552,64.600000,0.0,0.001,0.0
17:20:50,393,1,subida,-0.007554,-0.007557,-0.007551,64.600000,0.001,0.0,0.0
17:20:50,394,1,subida,-0.007554,-0.007557,-0.007550,64.600000,0.0,0.001,0.0
17:20:50,395,1,subida,-0.007555,-0.007556,-0.007549,64.600000,0.0,0.001,0.0
17:20:50,396,1,subida,-0.007554,-0.007556,-0.007546,64.600000,0.0,0.001,0.0
17:20:50,397,1,subida,-0.007554,-0.007556,-0.007547,64.600000,0.0,0.001,0.0
17:20:50,398,1,subida,-0.007555,-0.007556,-0.007548,64.600000,0.0,0.001,0.0
17:20:50,399,1,subida,-0.007555,-0.007556,-0.007546,64.600000,0.0,0.001,0.0
17:20:50,400,1,subida,-0.007555,-0.007556,-0.007547,64.600000,0.0,0.001,0.0
17:20:51,401,1,subida,-0.007555,-0.007556,-0.007549,64.600000,0.0,0.001,0.0
17:20:51,402,1,subida,-0.007555,-0.007556,-0.007549,64.600000,0.0,0.001,0.0
17:20:51,403,1,subida,-0.007555,-0.007556,-0.007549,64.600000,0.0,0.001,0.0
17:20:51,404,1,subida,-0.007555,-0.007555,-0.007547,64.600000,0.0,0.001,0.0
17:20:51,405,1,subida,-0.007554,-0.007555,-0.007546,64.600000,0.0,0.001,0.0
17:20:51,406,1,subida,-0.007554,-0.007555,-0.007547,64.600000,0.0,0.001,0.0
17:20:51,407,1,subida,-0.007554,-0.007555,-0.007548,64.600000,0.0,0.001,0.0
17:20:51,408,1,subida,-0.007554,-0.007555,-0.007547,64.600000,0.0,0.001,0.0
17:20:51,409,1,subida,-0.007554,-0.007555,-0.007550,64.600000,0.0,0.001,0.0
17:20:51,410,1,subida,-0.007554,-0.007555,-0.007550,64.600000,0.0,0.001,0.0
17:20:51,411,1,subida,-0.007554,-0.007555,-0.007551,64.600000,0.0,0.001,0.0
17:20:51,412,1,subida,-0.007554,-0.007555,-0.007551,64.600000,0.001,0.0,0.0
17:20:51,413,1,subida,-0.007554,-0.007555,-0.007549,64.600000,0.0,0.001,0.0
17:20:51,414,1,subida,-0.007554,-0.007554,-0.007549,64.600000,0.0,0.001,0.0
17:20:51,415,1,subida,-0.007555,-0.007555,-0.007550,64.600000,0.0,0.001,0.0
17:20:51,416,1,subida,-0.007555,-0.007555,-0.007550,64.600000,0.0,0.001,0.0
17:20:51,417,1,subida,-0.007555,-0.007555,-0.007551,64.600000,0.001,0.0,0.0
17:20:51,418,1,subida,-0.007556,-0.007555,-0.007550,64.600000,0.0,0.001,0.0
17:20:51,419,1,subida,-0.007555,-0.007555,-0.007550,64.600000,0.0,0.001,0.0
17:20:51,420,1,subida,-0.007554,-0.007555,-0.007550,64.600000,0.0,0.001,0.0
17:20:51,421,1,subida,-0.007554,-0.007555,-0.007552,64.600000,0.0,0.001,0.0
17:20:51,422,1,subida,-0.007554,-0.007555,-0.007551,64.600000,0.0,0.001,0.0
17:20:51,423,1,subida,-0.007554,-0.007554,-0.007551,64.600000,0.001,0.0,0.0
17:20:51,424,1,subida,-0.007553,-0.007554,-0.007550,64.600000,0.0,0.001,0.0
17:20:51,425,1,subida,-0.007553,-0.007554,-0.007550,64.600000,0.0,0.001,0.0
17:20:52,426,1,subida,-0.007552,-0.007554,-0.007551,64.600000,0.0,0.001,0.0
17:20:52,427,1,subida,-0.007552,-0.007554,-0.007551,64.600000,0.0,0.001,0.0
17:20:52,428,1,subida,-0.007552,-0.007554,-0.007551,64.600000,0.0,0.001,0.0
17:20:52,429,1,subida,-0.007553,-0.007554,-0.007551,64.600000,0.0,0.001,0.0
17:20:52,430,1,subida,0.008100,0.008102,0.008071,64.500000,3.5,3.504,3.5
17:21:15,431,1,subida,0.008099,0.008102,0.008069,64.500000,3.5,3.482,3.5
17:21:15,432,1,subida,0.008099,0.008102,0.008070,64.500000,3.5,3.481,3.5
17:21:15,433,1,subida,0.008099,0.008102,0.008072,64.500000,3.482,3.5,3.5
17:21:15,434,1,subida,0.008099,0.008101,0.008067,64.500000,3.482,3.5,3.5
17:21:15,435,1,subida,0.008098,0.008101,0.008068,64.500000,3.5,3.481,3.5
17:21:15,436,1,subida,0.008098,0.008101,0.008068,64.500000,3.5,3.482,3.5
17:21:15,437,1,subida,0.008099,0.008101,0.008067,64.500000,3.5,3.482,3.5
17:21:15,438,1,subida,0.008099,0.008100,0.008068,64.500000,3.5,3.481,3.5
17:21:15,439,1,subida,0.008099,0.008100,0.008067,64.500000,3.482,3.5,3.5
17:21:15,440,1,subida,0.008099,0.008100,0.008067,64.500000,3.5,3.481,3.5
17:21:15,441,1,subida,0.008099,0.008100,0.008066,64.500000,3.5,3.482,3.5
17:21:15,442,1,subida,0.008100,0.008100,0.008066,64.500000,3.5,3.481,3.5
17:21:15,443,1,subida,0.008101,0.008100,0.008066,64.500000,3.5,3.481,3.5
17:21:15,444,1,subida,0.008101,0.008100,0.008065,64.500000,3.5,3.482,3.5
17:21:15,445,1,subida,0.008101,0.008100,0.008066,64.500000,3.5,3.483,3.5
17:21:15,446,1,subida,0.008100,0.008100,0.008066,64.500000,3.5,3.487,3.5
17:21:15,447,1,subida,0.008098,0.008100,0.008065,64.500000,3.5,3.492,3.5
17:21:15,448,1,subida,0.008097,0.008100,0.008066,64.500000,3.5,3.493,3.5
17:21:15,449,1,subida,0.008098,0.008100,0.008068,64.500000,3.5,3.496,3.5
17:21:15,450,1,subida,0.008097,0.008099,0.008069,64.500000,3.5,3.497,3.5
17:21:15,451,1,subida,0.008097,0.008099,0.008071,64.500000,3.5,3.497,3.5
17:21:15,452,1,subida,0.008096,0.008099,0.008076,64.500000,3.5,3.499,3.5
17:21:15,453,1,subida,0.008096,0.008099,0.008077,64.500000,3.5,3.499,3.5
17:21:15,454,1,subida,0.008096,0.008098,0.008081,64.500000,3.5,3.499,3.5
17:21:15,455,1,subida,0.008096,0.008098,0.008083,64.500000,3.5,3.5,3.5
17:21:16,456,1,subida,0.008095,0.008098,0.008084,64.500000,3.5,3.5,3.5
17:21:16,457,1,subida,0.008095,0.008098,0.008087,64.500000,3.5,3.5,3.5
17:21:16,458,1,subida,0.008095,0.008097,0.008089,64.500000,3.5,3.501,3.5
17:21:16,459,1,subida,0.008095,0.008097,0.008093,64.500000,3.5,3.501,3.5
17:21:16,460,1,subida,0.008094,0.008097,0.008096,64.500000,3.5,3.501,3.5
17:21:16,461,1,subida,0.008094,0.008097,0.008104,64.500000,3.5,3.501,3.5
17:21:16,462,1,subida,0.008094,0.008096,0.008108,64.500000,3.5,3.501,3.5
17:21:16,463,1,subida,0.008095,0.008096,0.008111,64.500000,3.5,3.502,3.5
17:21:16,464,1,subida,0.008095,0.008096,0.008113,64.500000,3.5,3.502,3.5
17:21:16,465,1,subida,0.008094,0.008096,0.008115,64.500000,3.5,3.501,3.5
17:21:16,466,1,subida,0.008094,0.008096,0.008114,64.500000,3.5,3.502,3.5
17:21:16,468,1,subida,0.008093,0.008095,0.008118,64.500000,3.5,3.502,3.5
17:21:16,469,1,subida,0.008093,0.008095,0.008119,64.500000,3.5,3.502,3.5
17:21:16,470,1,subida,0.008093,0.008095,0.008124,64.500000,3.5,3.501,3.5
17:21:16,471,1,subida,0.008093,0.008095,0.008125,64.500000,3.5,3.502,3.5
17:21:16,472,1,subida,0.008094,0.008095,0.008127,64.500000,3.5,3.502,3.5
17:21:16,473,1,subida,0.008094,0.008095,0.008128,64.500000,3.5,3.501,3.5
17:21:16,474,1,subida,0.008094,0.008094,0.008130,64.500000,3.5,3.502,3.5
17:21:16,475,1,subida,0.008092,0.008094,0.008132,64.500000,3.5,3.501,3.5
17:21:16,476,1,subida,0.008091,0.008094,0.008135,64.500000,3.5,3.502,3.5
17:21:16,477,1,subida,0.008092,0.008094,0.008134,64.500000,3.5,3.501,3.5
17:21:17,478,1,subida,0.008092,0.008094,0.008135,64.500000,3.5,3.502,3.5
17:21:17,479,1,subida,0.008092,0.008093,0.008135,64.500000,3.5,3.501,3.5
17:21:17,480,1,subida,0.008091,0.008093,0.008136,64.500000,3.5,3.502,3.5
17:21:17,481,1,subida,0.008091,0.008093,0.008137,64.500000,3.5,3.501,3.5
17:21:17,482,1,subida,0.008091,0.008093,0.008139,64.500000,3.5,3.502,3.5
17:21:17,483,1,subida,0.008091,0.008093,0.008140,64.500000,3.501,3.5,3.5
17:21:17,484,1,subida,0.008091,0.008093,0.008140,64.500000,3.5,3.501,3.5
17:21:17,485,1,subida,0.008091,0.008092,0.008141,64.500000,3.502,3.5,3.5
17:21:17,486,1,subida,0.008090,0.008092,0.008141,64.500000,3.5,3.501,3.5
17:21:17,487,1,subida,0.008090,0.008092,0.008144,64.500000,3.5,3.501,3.5
17:21:17,488,1,subida,0.008088,0.008092,0.008145,64.500000,3.5,3.501,3.5
17:21:17,489,1,subida,0.008087,0.008091,0.008146,64.500000,3.5,3.501,3.5
17:21:17,490,1,subida,0.008086,0.008091,0.008147,64.500000,3.5,3.501,3.5
17:21:17,491,1,subida,0.008087,0.008090,0.008147,64.500000,3.5,3.501,3.5
17:21:17,492,1,subida,0.008087,0.008090,0.008146,64.500000,3.5,3.501,3.5
17:21:17,494,1,subida,0.008086,0.008089,0.008148,64.500000,3.5,3.501,3.5
17:21:17,495,1,subida,0.008086,0.008089,0.008148,64.500000,3.5,3.501,3.5
17:21:17,496,1,subida,0.008085,0.008089,0.008149,64.500000,3.5,3.501,3.5
17:21:17,497,1,subida,0.008084,0.008088,0.008148,64.500000,3.5,3.501,3.5
17:21:17,498,1,subida,0.008083,0.008088,0.008150,64.500000,3.5,3.501,3.5
17:21:17,499,1,subida,0.008082,0.008087,0.008151,64.500000,3.5,3.501,3.5
17:21:17,500,1,subida,0.008083,0.008087,0.008152,64.500000,3.5,3.501,3.5
17:21:17,501,1,subida,0.008083,0.008086,0.008151,64.600000,3.5,3.501,3.5
17:21:18,502,1,subida,0.008083,0.008086,0.008152,64.600000,3.501,3.5,3.5
17:21:18,503,1,subida,0.008083,0.008086,0.008151,64.500000,3.5,3.501,3.5
17:21:18,504,1,subida,0.008084,0.008085,0.008152,64.500000,3.5,3.5,3.5
17:21:18,505,1,subida,0.008083,0.008085,0.008152,64.500000,3.5,3.501,3.5
17:21:18,506,1,subida,0.008083,0.008085,0.008151,64.500000,3.5,3.501,3.5
17:21:18,507,1,subida,0.008083,0.008085,0.008150,64.500000,3.5,3.501,3.5
17:21:18,508,1,subida,0.008082,0.008085,0.008150,64.500000,3.5,3.5,3.5
17:21:18,509,1,subida,0.008082,0.008084,0.008150,64.500000,3.5,3.501,3.5
17:21:18,510,1,subida,0.008081,0.008084,0.008152,64.500000,3.5,3.501,3.5
17:21:18,511,1,subida,0.008081,0.008084,0.008152,64.500000,3.5,3.501,3.5
17:21:18,512,1,subida,0.008082,0.008084,0.008152,64.500000,3.5,3.501,3.5
17:21:18,513,1,subida,0.008083,0.008084,0.008152,64.500000,3.501,3.5,3.5
17:21:18,514,1,subida,0.008082,0.008083,0.008155,64.500000,3.5,3.5,3.5
17:21:18,515,1,subida,0.008081,0.008083,0.008154,64.600000,3.5,3.5,3.5
17:21:18,516,1,subida,0.008081,0.008083,0.008154,64.600000,3.5,3.5,3.5
17:21:18,517,1,subida,0.008081,0.008083,0.008151,64.600000,3.5,3.501,3.5
17:21:18,518,1,subida,0.008082,0.008083,0.008151,64.600000,3.5,3.5,3.5
17:21:18,519,1,subida,0.008082,0.008083,0.008153,64.600000,3.5,3.501,3.5
17:21:18,520,1,subida,0.008081,0.008082,0.008154,64.600000,3.5,3.5,3.5
17:21:18,521,1,subida,0.008081,0.008082,0.008154,64.600000,3.5,3.501,3.5
17:21:19,522,1,subida,0.008081,0.008082,0.008150,64.600000,3.5,3.501,3.5
17:21:19,523,1,subida,0.008081,0.008082,0.008151,64.600000,3.5,3.501,3.5
17:21:19,524,1,subida,0.008081,0.008082,0.008151,64.600000,3.5,3.5,3.5
17:21:19,525,1,subida,0.008082,0.008082,0.008151,64.600000,3.5,3.501,3.5
17:21:19,526,1,subida,0.008082,0.008082,0.008154,64.600000,3.5,3.5,3.5
17:21:19,527,1,subida,0.008081,0.008082,0.008152,64.500000,3.5,3.501,3.5
17:21:19,528,1,subida,0.008081,0.008082,0.008154,64.500000,3.5,3.5,3.5
17:21:19,529,1,subida,0.008080,0.008082,0.008154,64.600000,3.5,3.5,3.5
17:21:19,530,1,subida,0.008080,0.008081,0.008152,64.600000,3.5,3.5,3.5
17:21:19,531,1,subida,0.008081,0.008081,0.008152,64.600000,3.5,3.501,3.5
17:21:19,532,1,subida,0.008081,0.008081,0.008154,64.600000,3.5,3.5,3.5
17:21:19,533,1,subida,0.008080,0.008081,0.008154,64.600000,3.5,3.5,3.5
17:21:19,534,1,subida,0.008079,0.008081,0.008153,64.600000,3.5,3.5,3.5
17:21:19,535,1,subida,0.008079,0.008081,0.008152,64.600000,3.5,3.5,3.5
17:21:19,536,1,subida,0.008079,0.008081,0.008152,64.600000,3.5,3.5,3.5
17:21:19,537,1,subida,0.008078,0.008080,0.008153,64.600000,3.5,3.5,3.5
17:21:19,538,1,subida,0.008079,0.008080,0.008153,64.600000,3.5,3.5,3.5
17:21:19,539,1,subida,0.008079,0.008080,0.008152,64.600000,3.5,3.5,3.5
17:21:19,540,1,subida,0.008079,0.008080,0.008152,64.600000,3.5,3.5,3.5
17:21:19,541,1,subida,0.008079,0.008080,0.008153,64.600000,3.5,3.5,3.5
17:21:20,542,1,subida,0.008078,0.008080,0.008151,64.600000,3.5,3.5,3.5
17:21:20,543,1,subida,0.008078,0.008079,0.008150,64.600000,3.5,3.5,3.5
17:21:20,544,1,subida,0.008079,0.008079,0.008152,64.600000,3.5,3.5,3.5
17:21:20,545,1,subida,0.008079,0.008079,0.008153,64.600000,3.5,3.5,3.5
17:21:20,546,1,subida,0.008079,0.008079,0.008153,64.600000,3.5,3.5,3.5
17:21:20,547,1,subida,0.008079,0.008079,0.008151,64.600000,3.5,3.5,3.5
17:21:20,548,1,subida,0.008078,0.008079,0.008151,64.600000,3.5,3.499,3.5
17:21:20,549,1,subida,0.008079,0.008079,0.008150,64.600000,3.5,3.499,3.5
17:21:20,550,1,subida,0.008079,0.008079,0.008151,64.600000,3.5,3.499,3.5
17:21:20,551,1,subida,0.008078,0.008079,0.008151,64.600000,3.5,3.5,3.5
17:21:20,552,1,subida,0.008078,0.008079,0.008152,64.600000,3.5,3.499,3.5
17:21:20,553,1,subida,0.008078,0.008079,0.008151,64.600000,3.5,3.5,3.5
17:21:20,554,1,subida,0.008077,0.008079,0.008150,64.600000,3.5,3.499,3.5
17:21:20,555,1,subida,0.008077,0.008078,0.008150,64.600000,3.5,3.5,3.5
17:21:20,556,1,subida,0.008076,0.008078,0.008153,64.600000,3.5,3.499,3.5
17:21:20,557,1,subida,0.008076,0.008078,0.008153,64.600000,3.5,3.499,3.5
17:21:20,558,1,subida,0.008075,0.008078,0.008150,64.600000,3.5,3.499,3.5
17:21:20,559,1,subida,0.008075,0.008078,0.008151,64.600000,3.5,3.499,3.5
17:21:20,560,1,subida,0.008075,0.008077,0.008150,64.600000,3.499,3.5,3.5
17:21:20,561,1,subida,0.008074,0.008077,0.008151,64.600000,3.5,3.499,3.5
17:21:21,562,1,subida,0.008073,0.008077,0.008151,64.600000,3.5,3.499,3.5
17:21:21,563,1,subida,0.008073,0.008076,0.008151,64.600000,3.5,3.499,3.5
17:21:21,564,1,subida,0.008073,0.008076,0.008152,64.600000,3.5,3.499,3.5
17:21:21,565,1,subida,0.008072,0.008076,0.008151,64.600000,3.5,3.498,3.5
17:21:21,566,1,subida,0.008072,0.008075,0.008148,64.600000,3.5,3.499,3.5
17:21:21,567,1,subida,0.008071,0.008075,0.008147,64.600000,3.5,3.499,3.5
17:21:21,568,1,subida,0.008071,0.008075,0.008149,64.600000,3.5,3.498,3.5
17:21:21,569,1,subida,0.008071,0.008074,0.008149,64.600000,3.5,3.499,3.5
17:21:21,570,1,subida,0.008071,0.008074,0.008149,64.600000,3.5,3.498,3.5
17:21:21,571,1,subida,0.008072,0.008074,0.008151,64.600000,3.5,3.498,3.5
17:21:21,572,1,subida,0.008075,0.008074,0.008151,64.600000,3.5,3.499,3.5
17:21:21,573,1,subida,0.008079,0.008074,0.008151,64.600000,3.5,3.498,3.5
17:21:21,574,1,subida,0.008082,0.008075,0.008150,64.600000,3.5,3.498,3.5
17:21:21,575,1,subida,0.008086,0.008076,0.008147,64.600000,3.5,3.498,3.5
17:21:21,576,1,subida,0.008089,0.008077,0.008149,64.600000,3.5,3.498,3.5
17:21:21,577,1,subida,0.008092,0.008079,0.008148,64.600000,3.5,3.498,3.5
17:21:21,578,1,subida,0.008095,0.008080,0.008147,64.600000,3.5,3.498,3.5
17:21:21,579,1,subida,0.008099,0.008082,0.008148,64.600000,3.5,3.498,3.5
17:21:21,580,1,subida,0.008104,0.008084,0.008148,64.600000,3.5,3.498,3.5
17:21:21,581,1,subida,0.008109,0.008087,0.008148,64.600000,3.5,3.498,3.5
17:21:21,582,1,subida,0.008113,0.008089,0.008147,64.600000,3.5,3.498,3.5
17:21:21,583,1,subida,0.008116,0.008092,0.008146,64.600000,3.5,3.498,3.5
17:21:22,584,1,subida,0.008119,0.008094,0.008146,64.600000,3.5,3.498,3.5
17:21:22,585,1,subida,0.008121,0.008097,0.008146,64.600000,3.497,3.5,3.5
17:21:22,586,1,subida,0.008122,0.008099,0.008145,64.600000,3.5,3.497,3.5
17:21:22,587,1,subida,0.008127,0.008102,0.008146,64.600000,3.5,3.497,3.5
17:21:22,588,1,subida,0.008130,0.008104,0.008146,64.600000,3.5,3.497,3.5
17:21:22,589,1,subida,0.008131,0.008107,0.008147,64.600000,3.5,3.497,3.5
17:21:22,590,1,subida,0.008134,0.008110,0.008146,64.600000,3.5,3.497,3.5
17:21:22,591,1,subida,0.008136,0.008112,0.008145,64.600000,3.5,3.497,3.5
17:21:22,592,1,subida,0.008137,0.008114,0.008145,64.600000,3.5,3.497,3.5
17:21:22,593,1,subida,0.008139,0.008117,0.008142,64.600000,3.5,3.498,3.5
17:21:22,594,1,subida,0.008140,0.008119,0.008142,64.600000,3.5,3.497,3.5
17:21:22,595,1,subida,0.008139,0.008121,0.008141,64.600000,3.5,3.498,3.5
17:21:22,596,1,subida,0.008140,0.008123,0.008141,64.600000,3.5,3.497,3.5
17:21:22,597,1,subida,0.008142,0.008125,0.008142,64.600000,3.5,3.498,3.5
17:21:22,598,1,subida,0.008143,0.008126,0.008140,64.600000,3.5,3.497,3.5
17:21:22,599,1,subida,0.008143,0.008128,0.008138,64.600000,3.498,3.5,3.5
17:21:22,600,1,subida,0.008144,0.008129,0.008139,64.600000,3.5,3.498,3.5
17:21:22,601,1,subida,0.008146,0.008131,0.008140,64.600000,3.5,3.498,3.5
17:21:22,602,1,subida,0.008147,0.008132,0.008139,64.600000,3.5,3.498,3.5
17:21:22,603,1,subida,0.008147,0.008134,0.008139,64.600000,3.5,3.498,3.5
17:21:22,604,1,subida,0.008148,0.008135,0.008139,64.600000,3.498,3.5,3.5
17:21:22,605,1,subida,0.008149,0.008137,0.008138,64.600000,3.5,3.498,3.5
17:21:22,606,1,subida,0.008151,0.008138,0.008138,64.600000,3.499,3.5,3.5
17:21:22,607,1,subida,0.008152,0.008139,0.008138,64.600000,3.5,3.499,3.5
17:21:22,608,1,subida,0.008153,0.008141,0.008140,64.600000,3.499,3.5,3.5
17:21:22,609,1,subida,0.008153,0.008142,0.008140,64.600000,3.5,3.499,3.5
17:21:22,610,1,subida,0.008154,0.008143,0.008140,64.600000,3.5,3.499,3.5
17:21:23,611,1,subida,0.008154,0.008144,0.008141,64.600000,3.5,3.499,3.5
17:21:23,612,1,subida,0.008154,0.008145,0.008140,64.600000,3.5,3.5,3.5
17:21:23,613,1,subida,0.008156,0.008146,0.008142,64.600000,3.5,3.5,3.5
17:21:23,614,1,subida,0.008157,0.008147,0.008143,64.600000,3.5,3.5,3.5
17:21:23,615,1,subida,0.008158,0.008148,0.008143,64.600000,3.5,3.5,3.5
17:21:23,616,1,subida,0.008157,0.008149,0.008143,64.600000,3.5,3.5,3.5
17:21:23,617,1,subida,0.008157,0.008150,0.008143,64.600000,3.5,3.501,3.5
17:21:23,618,1,subida,0.008157,0.008150,0.008144,64.600000,3.5,3.501,3.5
17:21:23,619,1,subida,0.008157,0.008151,0.008146,64.600000,3.5,3.501,3.5
17:21:23,620,1,subida,0.008157,0.008152,0.008145,64.600000,3.5,3.501,3.5
17:21:23,621,1,subida,0.008156,0.008152,0.008145,64.600000,3.5,3.501,3.5
17:21:23,622,1,subida,0.008156,0.008152,0.008147,64.600000,3.5,3.501,3.5
17:21:23,623,1,subida,0.008156,0.008153,0.008149,64.600000,3.5,3.502,3.5
17:21:23,624,1,subida,0.008157,0.008153,0.008147,64.600000,3.5,3.501,3.5
17:21:23,625,1,subida,0.008158,0.008154,0.008150,64.600000,3.5,3.501,3.5
17:21:23,626,1,subida,0.008157,0.008154,0.008149,64.500000,3.5,3.501,3.5
17:21:23,627,1,subida,0.008157,0.008154,0.008150,64.500000,3.5,3.502,3.5
17:21:23,628,1,subida,0.008158,0.008155,0.008152,64.500000,3.5,3.501,3.5
17:21:23,629,1,subida,0.008160,0.008155,0.008151,64.500000,3.5,3.501,3.5
17:21:23,630,1,subida,0.008160,0.008156,0.008150,64.500000,3.5,3.502,3.5
17:21:23,631,1,subida,0.008160,0.008156,0.008151,64.500000,3.5,3.502,3.5
17:21:23,632,1,subida,0.008158,0.008156,0.008150,64.600000,3.5,3.501,3.5
17:21:23,633,1,subida,0.008157,0.008156,0.008151,64.600000,3.502,3.5,3.5
17:21:23,634,1,subida,0.008158,0.008156,0.008150,64.500000,3.5,3.502,3.5
17:21:24,635,1,subida,0.008159,0.008157,0.008152,64.500000,3.5,3.501,3.5
17:21:24,636,1,subida,0.008158,0.008157,0.008153,64.500000,3.502,3.5,3.5
17:21:24,637,1,subida,0.008157,0.008157,0.008153,64.500000,3.5,3.502,3.5
17:21:24,638,1,subida,0.008157,0.008157,0.008153,64.500000,3.5,3.502,3.5
17:21:24,639,1,subida,0.008157,0.008157,0.008154,64.500000,3.5,3.501,3.5
17:21:24,640,1,subida,0.008157,0.008157,0.008153,64.600000,3.5,3.502,3.5
17:21:24,641,1,subida,0.008158,0.008157,0.008154,64.600000,3.502,3.5,3.5
17:21:24,642,1,subida,0.008158,0.008157,0.008155,64.500000,3.5,3.502,3.5
17:21:24,643,1,subida,0.008158,0.008157,0.008156,64.500000,3.5,3.501,3.5
17:21:24,644,1,subida,0.008159,0.008157,0.008155,64.500000,3.5,3.502,3.5
17:21:24,645,1,subida,0.008159,0.008157,0.008156,64.500000,3.502,3.5,3.5
17:21:24,646,1,subida,0.008158,0.008157,0.008154,64.500000,3.5,3.502,3.5
17:21:24,647,1,subida,0.008159,0.008158,0.008154,64.500000,3.502,3.5,3.5
17:21:24,648,1,subida,0.008160,0.008158,0.008154,64.600000,3.5,3.502,3.5
17:21:24,649,1,subida,0.008160,0.008158,0.008153,64.600000,3.5,3.502,3.5
17:21:24,650,1,subida,0.008159,0.008158,0.008154,64.500000,3.5,3.501,3.5
17:21:24,651,1,subida,0.008159,0.008158,0.008155,64.500000,3.5,3.502,3.5
17:21:24,652,1,subida,0.008158,0.008158,0.008156,64.600000,3.502,3.5,3.5
17:21:24,653,1,subida,0.008158,0.008158,0.008156,64.600000,3.5,3.502,3.5
17:21:24,654,1,subida,0.008158,0.008158,0.008156,64.500000,3.502,3.5,3.5
17:21:24,655,1,subida,0.008158,0.008158,0.008156,64.500000,3.5,3.502,3.5
17:21:24,656,1,subida,0.008157,0.008158,0.008156,64.600000,3.5,3.502,3.5
17:21:24,657,1,subida,0.008157,0.008158,0.008155,64.600000,3.5,3.502,3.5
17:21:24,658,1,subida,0.008157,0.008158,0.008156,64.500000,3.5,3.502,3.5
17:21:24,659,1,subida,0.008157,0.008158,0.008155,64.500000,3.5,3.502,3.5
17:21:24,660,1,subida,0.008158,0.008158,0.008156,64.600000,3.5,3.502,3.5
17:21:25,661,1,subida,0.008158,0.008158,0.008157,64.600000,3.5,3.502,3.5
17:21:25,662,1,subida,0.008157,0.008158,0.008158,64.500000,3.5,3.502,3.5
17:21:25,663,1,subida,0.008157,0.008158,0.008157,64.500000,3.5,3.502,3.5
17:21:25,664,1,subida,0.008156,0.008157,0.008157,64.500000,3.5,3.502,3.5
17:21:25,665,1,subida,0.008156,0.008157,0.008158,64.500000,3.5,3.502,3.5
17:21:25,666,1,subida,0.008157,0.008157,0.008159,64.600000,3.5,3.502,3.5
17:21:25,667,1,subida,0.008156,0.008157,0.008159,64.600000,3.5,3.502,3.5
17:21:25,668,1,subida,0.008156,0.008157,0.008157,64.500000,3.5,3.502,3.5
17:21:25,669,1,subida,0.008156,0.008157,0.008159,64.500000,3.5,3.502,3.5
17:21:25,670,1,subida,0.008157,0.008157,0.008160,64.600000,3.5,3.502,3.5
17:21:25,671,1,subida,0.008158,0.008157,0.008160,64.600000,3.5,3.502,3.5
17:21:25,672,1,subida,0.008158,0.008157,0.008160,64.500000,3.5,3.502,3.5
17:21:25,673,1,subida,0.008157,0.008157,0.008159,64.500000,3.5,3.502,3.5
17:21:25,674,1,subida,0.008157,0.008157,0.008157,64.500000,3.5,3.503,3.5
17:21:25,675,1,subida,0.008157,0.008157,0.008158,64.500000,3.5,3.502,3.5
17:21:25,676,1,subida,0.008158,0.008157,0.008158,64.500000,3.5,3.502,3.5
17:21:25,677,1,subida,0.008157,0.008157,0.008159,64.500000,3.5,3.502,3.5
17:21:25,678,1,subida,0.008156,0.008157,0.008159,64.500000,3.5,3.503,3.5
17:21:25,679,1,subida,0.008155,0.008157,0.008158,64.500000,3.5,3.502,3.5
17:21:25,680,1,subida,0.008154,0.008157,0.008161,64.500000,3.5,3.502,3.5
17:21:25,681,1,subida,0.008154,0.008156,0.008160,64.500000,3.5,3.502,3.5
17:21:25,682,1,subida,0.008155,0.008156,0.008160,64.500000,3.5,3.503,3.5
17:21:25,683,1,subida,0.008155,0.008156,0.008161,64.500000,3.5,3.503,3.5
17:21:25,684,1,subida,0.008156,0.008156,0.008162,64.500000,3.5,3.502,3.5
17:21:26,685,1,subida,0.008156,0.008156,0.008162,64.500000,3.5,3.502,3.5
17:21:26,686,1,subida,0.008155,0.008156,0.008161,64.500000,3.5,3.503,3.5
17:21:26,687,1,subida,0.008154,0.008156,0.008161,64.500000,3.5,3.502,3.5
17:21:26,688,1,subida,0.008153,0.008156,0.008162,64.500000,3.5,3.502,3.5
17:21:26,689,1,subida,0.008153,0.008155,0.008162,64.500000,3.502,3.5,3.5
17:21:26,690,1,subida,0.008153,0.008155,0.008163,64.600000,3.5,3.503,3.5
17:21:26,691,1,subida,0.008153,0.008155,0.008163,64.600000,3.5,3.502,3.5
17:21:26,692,1,subida,0.008153,0.008155,0.008163,64.500000,3.5,3.503,3.5
17:21:26,693,1,subida,0.008152,0.008154,0.008161,64.500000,3.5,3.502,3.5
17:21:26,694,1,subida,0.008152,0.008154,0.008161,64.500000,3.5,3.503,3.5
17:21:26,695,1,subida,0.008151,0.008154,0.008163,64.500000,3.503,3.5,3.5
17:21:26,696,1,subida,0.008151,0.008154,0.008164,64.500000,3.5,3.503,3.5
17:21:26,697,1,subida,0.008151,0.008153,0.008165,64.500000,3.5,3.502,3.5
17:21:26,698,1,subida,0.008151,0.008153,0.008165,64.500000,3.5,3.503,3.5
17:21:26,699,1,subida,0.008152,0.008153,0.008163,64.500000,3.5,3.502,3.5
17:21:26,700,1,subida,0.008151,0.008153,0.008165,64.500000,3.5,3.503,3.5
17:21:26,701,1,subida,0.008150,0.008153,0.008164,64.500000,3.5,3.502,3.5
17:21:26,702,1,subida,0.008149,0.008152,0.008162,64.500000,3.5,3.503,3.5
17:21:26,703,1,subida,0.008148,0.008152,0.008163,64.500000,3.5,3.503,3.5
17:21:26,704,1,subida,0.008148,0.008151,0.008166,64.500000,3.5,3.502,3.5
17:21:26,705,1,subida,0.008148,0.008151,0.008165,64.500000,3.5,3.502,3.5
17:21:26,706,1,subida,0.008147,0.008151,0.008164,64.500000,3.5,3.503,3.5
17:21:26,707,1,subida,0.008145,0.008150,0.008165,64.500000,3.5,3.502,3.5
17:21:26,709,1,subida,0.008145,0.008149,0.008165,64.500000,3.5,3.503,3.5
17:21:26,710,1,subida,0.008145,0.008149,0.008164,64.500000,3.5,3.503,3.5
17:21:27,711,1,subida,0.008145,0.008148,0.008162,64.500000,3.5,3.502,3.5
17:21:27,712,1,subida,0.008144,0.008148,0.008163,64.500000,3.5,3.503,3.5
17:21:27,713,1,subida,0.008145,0.008148,0.008162,64.500000,3.5,3.502,3.5
17:21:27,714,1,subida,0.008145,0.008147,0.008162,64.500000,3.5,3.503,3.5
17:21:27,715,1,subida,0.008146,0.008147,0.008163,64.500000,3.5,3.503,3.5
17:21:27,716,1,subida,0.008147,0.008147,0.008159,64.500000,3.502,3.5,3.5
17:21:27,717,1,subida,0.008147,0.008147,0.008159,64.500000,3.5,3.503,3.5
17:21:27,718,1,subida,0.008148,0.008147,0.008161,64.500000,3.5,3.503,3.5
17:21:27,719,1,subida,0.008148,0.008147,0.008161,64.500000,3.5,3.503,3.5
17:21:27,720,1,subida,0.008149,0.008147,0.008163,64.500000,3.5,3.503,3.5
17:21:27,721,1,subida,0.008149,0.008148,0.008163,64.500000,3.5,3.503,3.5
17:21:27,722,1,subida,0.008150,0.008148,0.008163,64.500000,3.5,3.503,3.5
17:21:27,723,1,subida,0.008151,0.008148,0.008164,64.500000,3.5,3.503,3.5
17:21:27,724,1,subida,0.008151,0.008148,0.008163,64.500000,3.5,3.503,3.5
17:21:27,725,1,subida,0.008152,0.008149,0.008163,64.500000,3.5,3.503,3.5
17:21:27,726,1,subida,0.008153,0.008149,0.008163,64.500000,3.5,3.502,3.5
17:21:27,727,1,subida,0.008154,0.008149,0.008164,64.500000,3.5,3.503,3.5
17:21:27,728,1,subida,0.008155,0.008150,0.008164,64.500000,3.503,3.5,3.5
17:21:27,729,1,subida,0.008155,0.008151,0.008166,64.500000,3.5,3.503,3.5
17:21:27,730,1,subida,0.008156,0.008151,0.008166,64.600000,3.5,3.503,3.5
17:21:27,731,1,subida,0.008156,0.008152,0.008167,64.600000,3.5,3.503,3.5
17:21:27,732,1,subida,0.008156,0.008152,0.008166,64.500000,3.5,3.503,3.5
17:21:27,733,1,subida,0.008156,0.008152,0.008167,64.500000,3.5,3.503,3.5
17:21:27,734,1,subida,0.008156,0.008153,0.008168,64.500000,3.5,3.503,3.5
17:21:28,735,1,subida,0.008157,0.008153,0.008168,64.500000,3.5,3.503,3.5
17:21:28,736,1,subida,0.008158,0.008154,0.008169,64.500000,3.503,3.5,3.5
17:21:28,737,1,subida,0.008159,0.008154,0.008169,64.500000,3.5,3.503,3.5
17:21:28,738,1,subida,0.008159,0.008154,0.008170,64.500000,3.503,3.5,3.5
17:21:28,739,1,subida,0.008159,0.008155,0.008169,64.500000,3.5,3.503,3.5
17:21:28,740,1,subida,0.008160,0.008155,0.008169,64.500000,3.5,3.503,3.5
17:21:28,741,1,subida,0.008161,0.008156,0.008169,64.500000,3.5,3.503,3.5
17:21:28,742,1,subida,0.008161,0.008156,0.008170,64.500000,3.5,3.503,3.5
17:21:28,743,1,subida,0.008160,0.008157,0.008169,64.500000,3.5,3.503,3.5
17:21:28,744,1,subida,0.008160,0.008157,0.008168,64.500000,3.5,3.503,3.5
17:21:28,745,1,subida,0.008160,0.008157,0.008166,64.500000,3.5,3.503,3.5
17:21:28,746,1,subida,0.008160,0.008158,0.008167,64.500000,3.5,3.503,3.5
17:21:28,747,1,subida,0.008161,0.008158,0.008169,64.500000,3.5,3.503,3.5
17:21:28,748,1,subida,0.008161,0.008158,0.008169,64.600000,3.5,3.503,3.5
17:21:28,749,1,subida,0.008161,0.008158,0.008168,64.500000,3.5,3.503,3.5
17:21:28,750,1,subida,0.008162,0.008159,0.008170,64.500000,3.5,3.503,3.5
17:21:28,751,1,subida,0.008162,0.008159,0.008169,64.500000,3.5,3.503,3.5
17:21:28,752,1,subida,0.008162,0.008159,0.008168,64.500000,3.5,3.503,3.5
17:21:28,753,1,subida,0.008161,0.008160,0.008169,64.600000,3.5,3.503,3.5
17:21:28,754,1,subida,0.008161,0.008160,0.008168,64.600000,3.5,3.503,3.5
17:21:28,755,1,subida,0.008162,0.008160,0.008169,64.500000,3.5,3.503,3.5
17:21:28,756,1,subida,0.008162,0.008160,0.008167,64.500000,3.5,3.503,3.5
17:21:28,757,1,subida,0.008163,0.008160,0.008168,64.500000,3.5,3.503,3.5
17:21:28,758,1,subida,0.008164,0.008161,0.008166,64.500000,3.5,3.503,3.5
17:21:29,759,1,subida,0.008164,0.008161,0.008164,64.500000,3.5,3.503,3.5
17:21:29,760,1,subida,0.008164,0.008161,0.008164,64.500000,3.5,3.503,3.5
17:21:29,761,1,subida,0.008164,0.008162,0.008163,64.600000,3.5,3.503,3.5
17:21:29,762,1,subida,0.008165,0.008162,0.008163,64.600000,3.5,3.503,3.5
17:21:29,763,1,subida,0.008165,0.008162,0.008164,64.500000,3.5,3.503,3.5
17:21:29,764,1,subida,0.008165,0.008162,0.008163,64.500000,3.5,3.503,3.5
17:21:29,765,1,subida,0.008164,0.008163,0.008162,64.500000,3.5,3.503,3.5
17:21:29,766,1,subida,0.008164,0.008163,0.008161,64.500000,3.5,3.503,3.5
17:21:29,767,1,subida,0.008164,0.008163,0.008163,64.500000,3.5,3.503,3.5
17:21:29,768,1,subida,0.008164,0.008163,0.008162,64.500000,3.5,3.503,3.5
17:21:29,769,1,subida,0.008165,0.008163,0.008161,64.500000,3.5,3.503,3.5
17:21:29,770,1,subida,0.008166,0.008163,0.008164,64.500000,3.5,3.503,3.5
17:21:29,771,1,subida,0.008166,0.008164,0.008166,64.500000,3.5,3.503,3.5
17:21:29,772,1,subida,0.008167,0.008164,0.008167,64.500000,3.503,3.5,3.5
17:21:29,773,1,subida,0.008167,0.008164,0.008166,64.500000,3.5,3.503,3.5
17:21:29,774,1,subida,0.008167,0.008164,0.008166,64.500000,3.503,3.5,3.5
17:21:29,775,1,subida,0.008168,0.008165,0.008166,64.500000,3.5,3.503,3.5
17:21:29,776,1,subida,0.008168,0.008165,0.008166,64.500000,3.5,3.503,3.5
17:21:29,777,1,subida,0.008167,0.008165,0.008165,64.500000,3.5,3.503,3.5
17:21:29,778,1,subida,0.008167,0.008165,0.008166,64.500000,3.503,3.5,3.5
17:21:29,779,1,subida,0.008168,0.008166,0.008165,64.500000,3.5,3.503,3.5
17:21:29,780,1,subida,0.008168,0.008166,0.008165,64.500000,3.502,3.5,3.5
17:21:29,781,1,subida,0.008167,0.008166,0.008165,64.500000,3.5,3.503,3.5
17:21:29,782,1,subida,0.008167,0.008166,0.008165,64.500000,3.5,3.503,3.5
17:21:30,783,1,subida,0.008168,0.008166,0.008164,64.500000,3.5,3.502,3.5
17:21:30,784,1,subida,0.008169,0.008167,0.008164,64.500000,3.503,3.5,3.5
17:21:30,785,1,subida,0.008170,0.008167,0.008165,64.500000,3.5,3.503,3.5
17:21:30,786,1,subida,0.008169,0.008167,0.008166,64.500000,3.5,3.503,3.5
17:21:30,787,1,subida,0.008170,0.008167,0.008166,64.500000,3.5,3.503,3.5
17:21:30,788,1,subida,0.008169,0.008168,0.008165,64.500000,3.5,3.503,3.5
17:21:30,789,1,subida,0.008168,0.008168,0.008164,64.500000,3.5,3.503,3.5
17:21:30,790,1,subida,0.008169,0.008168,0.008165,64.500000,3.5,3.503,3.5
17:21:30,791,1,subida,0.008170,0.008168,0.008165,64.500000,3.5,3.503,3.5
17:21:30,792,1,subida,0.008170,0.008168,0.008166,64.500000,3.5,3.503,3.5
17:21:30,793,1,subida,0.008170,0.008168,0.008166,64.500000,3.5,3.502,3.5
17:21:30,794,1,subida,0.008170,0.008168,0.008164,64.500000,3.5,3.503,3.5
17:21:30,795,1,subida,0.008169,0.008169,0.008165,64.500000,3.5,3.503,3.5
17:21:30,797,1,subida,0.008167,0.008168,0.008163,64.500000,3.5,3.503,3.5
17:21:30,798,1,subida,0.008167,0.008168,0.008162,64.500000,3.5,3.502,3.5
17:21:30,799,1,subida,0.008167,0.008168,0.008162,64.500000,3.5,3.503,3.5
17:21:30,800,1,subida,0.008166,0.008168,0.008166,64.500000,3.5,3.502,3.5
17:21:30,801,1,subida,0.008166,0.008168,0.008165,64.500000,3.5,3.503,3.5
17:21:30,802,1,subida,0.008167,0.008168,0.008166,64.500000,3.5,3.502,3.5
17:21:30,803,1,subida,0.008167,0.008168,0.008168,64.500000,3.5,3.503,3.5
17:21:30,804,1,subida,0.008168,0.008168,0.008166,64.500000,3.5,3.502,3.5
17:21:30,805,1,subida,0.008169,0.008168,0.008167,64.500000,3.5,3.503,3.5
17:21:31,806,1,subida,0.008169,0.008168,0.008167,64.500000,3.5,3.502,3.5
17:21:31,807,1,subida,0.008169,0.008168,0.008165,64.500000,3.5,3.503,3.5
17:21:31,808,1,subida,0.008169,0.008168,0.008166,64.500000,3.5,3.503,3.5
17:21:31,809,1,subida,0.008170,0.008168,0.008166,64.500000,3.5,3.503,3.5
17:21:31,810,1,subida,0.008171,0.008168,0.008165,64.500000,3.5,3.502,3.5
17:21:31,811,1,subida,0.008171,0.008169,0.008164,64.500000,3.5,3.502,3.5
17:21:31,812,1,subida,0.008172,0.008169,0.008164,64.500000,3.5,3.502,3.5
17:21:31,813,1,subida,0.008172,0.008169,0.008165,64.500000,3.5,3.502,3.5
17:21:31,814,1,subida,0.008173,0.008170,0.008164,64.500000,3.5,3.503,3.5
17:21:31,815,1,subida,0.008173,0.008170,0.008165,64.500000,3.5,3.503,3.5
17:21:31,816,1,subida,0.008174,0.008170,0.008166,64.500000,3.5,3.502,3.5
17:21:31,817,1,subida,0.008175,0.008171,0.008164,64.500000,3.5,3.502,3.5
17:21:31,818,1,subida,0.008175,0.008171,0.008164,64.500000,3.5,3.502,3.5
17:21:31,819,1,subida,0.008175,0.008172,0.008165,64.500000,3.5,3.502,3.5
17:21:31,820,1,subida,0.008174,0.008172,0.008166,64.500000,3.5,3.502,3.5
17:21:32,821,1,subida,0.008174,0.008172,0.008164,64.500000,3.5,3.502,3.5
17:21:32,822,1,subida,0.008174,0.008172,0.008165,64.500000,3.5,3.502,3.5
17:21:32,823,1,subida,0.008174,0.008172,0.008162,64.500000,3.5,3.502,3.5
17:21:32,824,1,subida,0.008173,0.008172,0.008163,64.500000,3.5,3.503,3.5
17:21:32,825,1,subida,0.008173,0.008172,0.008163,64.500000,3.5,3.503,3.5
17:21:32,826,1,subida,0.008173,0.008173,0.008166,64.500000,3.5,3.502,3.5
17:21:32,827,1,subida,0.008174,0.008173,0.008164,64.500000,3.5,3.502,3.5
17:21:32,828,1,subida,0.008174,0.008173,0.008163,64.500000,3.5,3.502,3.5
17:21:32,829,1,subida,0.008174,0.008173,0.008164,64.600000,3.5,3.502,3.5
17:21:32,830,1,subida,0.008174,0.008173,0.008164,64.600000,3.5,3.502,3.5
17:21:32,831,1,subida,0.008174,0.008173,0.008165,64.500000,3.502,3.5,3.5
17:21:32,832,1,subida,0.008173,0.008173,0.008165,64.500000,3.5,3.502,3.5
17:21:32,833,1,subida,0.008173,0.008173,0.008162,64.600000,3.5,3.502,3.5
17:21:32,834,1,subida,0.008171,0.008173,0.008163,64.600000,3.5,3.502,3.5
17:21:32,835,1,subida,0.008170,0.008173,0.008162,64.500000,3.5,3.502,3.5
17:21:32,836,1,subida,0.008169,0.008172,0.008161,64.500000,3.5,3.502,3.5
17:21:32,837,1,subida,0.008170,0.008172,0.008161,64.500000,3.5,3.502,3.5
17:21:32,838,1,subida,0.008169,0.008172,0.008162,64.500000,3.5,3.502,3.5
17:21:32,839,1,subida,0.008168,0.008171,0.008162,64.500000,3.5,3.502,3.5
17:21:32,840,1,subida,0.008167,0.008171,0.008163,64.500000,3.5,3.502,3.5
17:21:33,841,1,subida,0.008166,0.008171,0.008164,64.500000,3.5,3.502,3.5
17:21:33,842,1,subida,0.008167,0.008170,0.008163,64.500000,3.5,3.502,3.5
17:21:33,843,1,subida,0.008168,0.008170,0.008162,64.500000,3.5,3.502,3.5
17:21:33,844,1,subida,0.008168,0.008170,0.008162,64.500000,3.5,3.502,3.5
17:21:33,845,1,subida,0.008170,0.008170,0.008162,64.500000,3.5,3.502,3.5
17:21:33,846,1,subida,0.008172,0.008170,0.008162,64.500000,3.5,3.502,3.5
17:21:33,847,1,subida,0.008171,0.008170,0.008162,64.500000,3.5,3.502,3.5
17:21:33,848,1,subida,0.008171,0.008170,0.008162,64.500000,3.5,3.502,3.5
17:21:33,849,1,subida,0.008172,0.008170,0.008162,64.500000,3.502,3.5,3.5
17:21:33,850,1,subida,0.008171,0.008171,0.008162,64.500000,3.5,3.502,3.5
17:21:33,851,1,subida,0.008171,0.008171,0.008162,64.500000,3.5,3.502,3.5
17:21:33,852,1,subida,0.008170,0.008170,0.008160,64.500000,3.5,3.502,3.5
17:21:33,853,1,subida,0.008171,0.008171,0.008161,64.500000,3.5,3.502,3.5
17:21:33,854,1,subida,0.008171,0.008171,0.008162,64.500000,3.5,3.502,3.5
17:21:33,855,1,subida,0.008170,0.008170,0.008161,64.500000,3.5,3.501,3.5
17:21:33,856,1,subida,0.008171,0.008170,0.008162,64.500000,3.502,3.5,3.5
17:21:33,857,1,subida,0.008171,0.008171,0.008162,64.500000,3.5,3.502,3.5
17:21:33,858,1,subida,0.008171,0.008171,0.008164,64.500000,3.5,3.501,3.5
17:21:33,859,1,subida,0.008170,0.008171,0.008162,64.500000,3.5,3.502,3.5
17:21:33,860,1,subida,0.008170,0.008171,0.008163,64.500000,3.5,3.501,3.5
17:21:33,861,1,subida,0.008171,0.008171,0.008164,64.500000,3.5,3.501,3.5
17:21:33,862,1,subida,0.008171,0.008171,0.008162,64.500000,3.5,3.501,3.5
17:21:33,863,1,subida,0.008170,0.008171,0.008162,64.500000,3.5,3.501,3.5
17:21:33,864,1,subida,0.008169,0.008170,0.008162,64.500000,3.5,3.501,3.5
17:21:33,865,1,subida,0.008168,0.008170,0.008162,64.500000,3.5,3.501,3.5
17:21:33,866,1,subida,0.008169,0.008170,0.008164,64.500000,3.5,3.502,3.5
17:21:34,867,1,subida,0.008169,0.008170,0.008166,64.500000,3.5,3.501,3.5
17:21:34,868,1,subida,0.008168,0.008170,0.008166,64.500000,3.5,3.502,3.5
17:21:34,869,1,subida,0.008168,0.008170,0.008167,64.500000,3.5,3.501,3.5
17:21:34,870,1,subida,0.008170,0.008170,0.008166,64.500000,3.5,3.501,3.5
17:21:34,871,1,subida,0.008171,0.008170,0.008166,64.500000,3.5,3.501,3.5
17:21:34,872,1,subida,0.008172,0.008170,0.008163,64.500000,3.5,3.501,3.5
17:21:34,873,1,subida,0.008172,0.008170,0.008164,64.500000,3.5,3.501,3.5
17:21:34,874,1,subida,0.008172,0.008170,0.008164,64.500000,3.5,3.501,3.5
17:21:34,875,1,subida,0.008171,0.008170,0.008164,64.500000,3.5,3.501,3.5
17:21:34,876,1,subida,0.008171,0.008170,0.008163,64.500000,3.5,3.501,3.5
17:21:34,877,1,subida,0.008171,0.008171,0.008161,64.500000,3.5,3.501,3.5
17:21:34,878,1,subida,0.008171,0.008171,0.008160,64.500000,3.5,3.501,3.5
17:21:34,879,1,subida,0.008170,0.008170,0.008162,64.500000,3.5,3.501,3.5
17:21:34,880,1,subida,0.008169,0.008170,0.008161,64.500000,3.5,3.501,3.5
17:21:34,881,1,subida,0.008170,0.008170,0.008160,64.500000,3.5,3.501,3.5
17:21:34,882,1,subida,0.008169,0.008170,0.008161,64.500000,3.5,3.501,3.5
17:21:34,883,1,subida,0.008169,0.008170,0.008161,64.500000,3.5,3.501,3.5
17:21:34,884,1,subida,0.008169,0.008170,0.008161,64.500000,3.5,3.501,3.5
17:21:34,885,1,subida,0.008170,0.008170,0.008162,64.600000,3.5,3.501,3.5
17:21:34,886,1,subida,0.008170,0.008170,0.008159,64.600000,3.5,3.501,3.5
17:21:34,887,1,subida,0.008170,0.008170,0.008160,64.500000,3.5,3.501,3.5
17:21:34,888,1,subida,0.008171,0.008170,0.008160,64.500000,3.5,3.501,3.5
17:21:34,889,1,subida,0.008171,0.008170,0.008159,64.500000,3.5,3.501,3.5
17:21:34,890,1,subida,0.008170,0.008170,0.008159,64.500000,3.501,3.5,3.5
17:21:34,891,1,subida,0.021575,0.021571,0.021533,64.600000,6.5,6.48,6.5
17:21:57,892,1,subida,0.021576,0.021572,0.021532,64.600000,6.5,6.495,6.5
17:21:57,893,1,subida,0.021575,0.021572,0.021532,64.600000,6.5,6.495,6.5
17:21:57,894,1,subida,0.021574,0.021572,0.021535,64.600000,6.5,6.495,6.5
17:21:57,895,1,subida,0.021573,0.021572,0.021534,64.600000,6.5,6.494,6.5
17:21:57,896,1,subida,0.021572,0.021572,0.021534,64.600000,6.5,6.494,6.5
17:21:57,897,1,subida,0.021572,0.021572,0.021533,64.600000,6.5,6.494,6.5
17:21:57,898,1,subida,0.021573,0.021572,0.021534,64.600000,6.5,6.494,6.5
17:21:57,899,1,subida,0.021572,0.021572,0.021533,64.600000,6.5,6.494,6.5
17:21:58,900,1,subida,0.021572,0.021572,0.021532,64.600000,6.5,6.494,6.5
17:21:58,901,1,subida,0.021571,0.021572,0.021533,64.600000,6.5,6.494,6.5
17:21:58,902,1,subida,0.021570,0.021572,0.021529,64.600000,6.5,6.494,6.5
17:21:58,903,1,subida,0.021570,0.021572,0.021529,64.600000,6.5,6.494,6.5
17:21:58,904,1,subida,0.021569,0.021571,0.021527,64.600000,6.5,6.494,6.5
17:21:58,905,1,subida,0.021570,0.021571,0.021527,64.600000,6.5,6.494,6.5
17:21:58,906,1,subida,0.021570,0.021571,0.021527,64.600000,6.5,6.493,6.5
17:21:58,907,1,subida,0.021570,0.021571,0.021527,64.600000,6.5,6.494,6.5
17:21:58,908,1,subida,0.021571,0.021571,0.021527,64.600000,6.493,6.5,6.5
17:21:58,909,1,subida,0.021571,0.021571,0.021528,64.600000,6.5,6.494,6.5
17:21:58,910,1,subida,0.021571,0.021571,0.021529,64.600000,6.5,6.493,6.5
17:21:58,911,1,subida,0.021571,0.021571,0.021528,64.600000,6.494,6.5,6.5
17:21:58,912,1,subida,0.021572,0.021571,0.021528,64.600000,6.5,6.494,6.5
17:21:58,913,1,subida,0.021572,0.021571,0.021527,64.600000,6.5,6.493,6.5
17:21:58,914,1,subida,0.021571,0.021571,0.021527,64.600000,6.5,6.494,6.5
17:21:58,915,1,subida,0.021570,0.021571,0.021527,64.600000,6.5,6.493,6.5
17:21:58,916,1,subida,0.021570,0.021571,0.021525,64.600000,6.5,6.493,6.5
17:21:58,917,1,subida,0.021570,0.021571,0.021524,64.600000,6.5,6.493,6.5
17:21:58,918,1,subida,0.021569,0.021571,0.021526,64.600000,6.5,6.493,6.5
17:21:58,919,1,subida,0.021570,0.021571,0.021526,64.600000,6.5,6.493,6.5
17:21:58,920,1,subida,0.021570,0.021571,0.021525,64.600000,6.5,6.493,6.5
17:21:58,921,1,subida,0.021570,0.021571,0.021525,64.600000,6.5,6.492,6.5
17:21:59,922,1,subida,0.021570,0.021570,0.021522,64.600000,6.5,6.492,6.5
17:21:59,923,1,subida,0.021570,0.021570,0.021520,64.600000,6.493,6.5,6.5
17:21:59,924,1,subida,0.021569,0.021570,0.021521,64.600000,6.5,6.492,6.5
17:21:59,925,1,subida,0.021568,0.021570,0.021521,64.600000,6.5,6.493,6.5
17:21:59,926,1,subida,0.021567,0.021570,0.021521,64.600000,6.5,6.492,6.5
17:21:59,927,1,subida,0.021567,0.021569,0.021523,64.600000,6.5,6.492,6.5
17:21:59,928,1,subida,0.021567,0.021569,0.021522,64.600000,6.5,6.492,6.5
17:21:59,929,1,subida,0.021566,0.021569,0.021522,64.600000,6.5,6.492,6.5
17:21:59,930,1,subida,0.021566,0.021569,0.021520,64.600000,6.492,6.5,6.5
17:21:59,931,1,subida,0.021565,0.021568,0.021519,64.600000,6.5,6.492,6.5
17:21:59,932,1,subida,0.021564,0.021568,0.021520,64.600000,6.5,6.492,6.5
17:21:59,933,1,subida,0.021563,0.021567,0.021521,64.600000,6.5,6.492,6.5
17:21:59,934,1,subida,0.021563,0.021567,0.021519,64.600000,6.492,6.5,6.5
17:21:59,935,1,subida,0.021563,0.021567,0.021518,64.600000,6.5,6.492,6.5
17:21:59,936,1,subida,0.021564,0.021566,0.021519,64.600000,6.5,6.492,6.5
17:21:59,937,1,subida,0.021565,0.021566,0.021521,64.600000,6.5,6.492,6.5
17:21:59,938,1,subida,0.021565,0.021566,0.021519,64.600000,6.5,6.492,6.5
17:21:59,939,1,subida,0.021564,0.021566,0.021520,64.600000,6.492,6.5,6.5
17:21:59,940,1,subida,0.021565,0.021566,0.021519,64.600000,6.5,6.492,6.5
17:21:59,941,1,subida,0.021566,0.021566,0.021519,64.600000,6.5,6.492,6.5
17:21:59,942,1,subida,0.021565,0.021566,0.021519,64.600000,6.5,6.492,6.5
17:21:59,943,1,subida,0.021564,0.021566,0.021520,64.600000,6.5,6.491,6.5
17:21:59,944,1,subida,0.021561,0.021565,0.021519,64.600000,6.5,6.492,6.5
17:21:59,945,1,subida,0.021561,0.021565,0.021519,64.600000,6.5,6.491,6.5
17:21:59,946,1,subida,0.021561,0.021564,0.021517,64.600000,6.5,6.492,6.5
17:21:59,947,1,subida,0.021560,0.021564,0.021518,64.600000,6.5,6.491,6.5
17:21:59,948,1,subida,0.021560,0.021564,0.021519,64.600000,6.5,6.492,6.5
17:22:00,949,1,subida,0.021560,0.021563,0.021519,64.500000,6.5,6.491,6.5
17:22:00,950,1,subida,0.021560,0.021563,0.021520,64.500000,6.5,6.492,6.5
17:22:00,951,1,subida,0.021561,0.021563,0.021518,64.600000,6.5,6.491,6.5
17:22:00,952,1,subida,0.021561,0.021563,0.021517,64.600000,6.5,6.492,6.5
17:22:00,953,1,subida,0.021559,0.021562,0.021517,64.600000,6.5,6.491,6.5
17:22:00,954,1,subida,0.021559,0.021562,0.021517,64.600000,6.5,6.492,6.5
17:22:00,955,1,subida,0.021559,0.021562,0.021517,64.600000,6.5,6.491,6.5
17:22:00,956,1,subida,0.021558,0.021561,0.021517,64.600000,6.5,6.491,6.5
17:22:00,957,1,subida,0.021558,0.021561,0.021516,64.600000,6.5,6.492,6.5
17:22:00,958,1,subida,0.021559,0.021561,0.021517,64.600000,6.5,6.491,6.5
17:22:00,959,1,subida,0.021560,0.021561,0.021517,64.600000,6.5,6.491,6.5
17:22:00,960,1,subida,0.021560,0.021561,0.021517,64.600000,6.5,6.492,6.5
17:22:00,961,1,subida,0.021560,0.021561,0.021517,64.600000,6.5,6.491,6.5
17:22:00,962,1,subida,0.021560,0.021560,0.021516,64.600000,6.5,6.491,6.5
17:22:00,963,1,subida,0.021560,0.021560,0.021516,64.600000,6.5,6.491,6.5
17:22:00,964,1,subida,0.021560,0.021560,0.021518,64.600000,6.5,6.491,6.5
17:22:00,965,1,subida,0.021560,0.021560,0.021520,64.500000,6.5,6.491,6.5
17:22:00,966,1,subida,0.021560,0.021560,0.021519,64.500000,6.5,6.491,6.5
17:22:00,967,1,subida,0.021561,0.021560,0.021518,64.600000,6.5,6.491,6.5
17:22:00,968,1,subida,0.021560,0.021560,0.021518,64.600000,6.5,6.492,6.5
17:22:00,969,1,subida,0.021560,0.021560,0.021518,64.600000,6.5,6.491,6.5
17:22:00,970,1,subida,0.021561,0.021560,0.021516,64.600000,6.5,6.492,6.5
17:22:00,971,1,subida,0.021562,0.021561,0.021514,64.600000,6.5,6.491,6.5
17:22:00,972,1,subida,0.021562,0.021561,0.021516,64.600000,6.5,6.491,6.5
17:22:00,973,1,subida,0.021562,0.021561,0.021516,64.600000,6.5,6.492,6.5
17:22:00,974,1,subida,0.021562,0.021561,0.021516,64.600000,6.5,6.491,6.5
17:22:00,975,1,subida,0.021561,0.021561,0.021515,64.600000,6.5,6.491,6.5
17:22:01,976,1,subida,0.021561,0.021561,0.021513,64.600000,6.5,6.491,6.5
17:22:01,977,1,subida,0.021559,0.021561,0.021513,64.600000,6.5,6.491,6.5
17:22:01,978,1,subida,0.021558,0.021560,0.021511,64.600000,6.491,6.5,6.5
17:22:01,979,1,subida,0.021557,0.021560,0.021509,64.500000,6.5,6.491,6.5
17:22:01,980,1,subida,0.021557,0.021560,0.021510,64.500000,6.5,6.491,6.5
17:22:01,981,1,subida,0.021556,0.021559,0.021511,64.500000,6.5,6.491,6.5
17:22:01,982,1,subida,0.021556,0.021559,0.021510,64.500000,6.491,6.5,6.5
17:22:01,983,1,subida,0.021556,0.021559,0.021512,64.500000,6.5,6.491,6.5
17:22:01,984,1,subida,0.021556,0.021559,0.021512,64.500000,6.5,6.491,6.5
17:22:01,985,1,subida,0.021556,0.021558,0.021513,64.500000,6.5,6.491,6.5
17:22:01,986,1,subida,0.021556,0.021558,0.021513,64.500000,6.5,6.491,6.5
17:22:01,987,1,subida,0.021556,0.021558,0.021513,64.500000,6.5,6.491,6.5
17:22:01,988,1,subida,0.021556,0.021558,0.021513,64.500000,6.5,6.491,6.5
17:22:01,989,1,subida,0.021556,0.021557,0.021512,64.500000,6.5,6.491,6.5
17:22:01,990,1,subida,0.021556,0.021557,0.021511,64.500000,6.5,6.491,6.5
17:22:01,991,1,subida,0.021555,0.021557,0.021513,64.600000,6.5,6.491,6.5
17:22:01,992,1,subida,0.021554,0.021557,0.021513,64.600000,6.5,6.491,6.5
17:22:01,993,1,subida,0.021552,0.021556,0.021512,64.500000,6.5,6.491,6.5
17:22:01,994,1,subida,0.021552,0.021556,0.021512,64.500000,6.5,6.491,6.5
17:22:01,995,1,subida,0.021552,0.021555,0.021512,64.500000,6.5,6.491,6.5
17:22:01,996,1,subida,0.021551,0.021555,0.021509,64.500000,6.5,6.491,6.5
17:22:01,997,1,subida,0.021551,0.021555,0.021509,64.500000,6.5,6.491,6.5
17:22:01,998,1,subida,0.021550,0.021554,0.021509,64.500000,6.5,6.491,6.5
17:22:01,999,1,subida,0.021551,0.021554,0.021511,64.500000,6.5,6.491,6.5
17:22:01,1000,1,subida,0.021550,0.021554,0.021510,64.500000,6.5,6.491,6.5
17:22:01,1001,1,subida,0.021549,0.021553,0.021510,64.600000,6.5,6.491,6.5
17:22:02,1002,1,subida,0.021549,0.021553,0.021509,64.600000,6.5,6.491,6.5
17:22:02,1003,1,subida,0.021550,0.021552,0.021512,64.500000,6.5,6.491,6.5
17:22:02,1004,1,subida,0.021550,0.021552,0.021510,64.500000,6.491,6.5,6.5
17:22:02,1005,1,subida,0.021550,0.021552,0.021511,64.500000,6.5,6.491,6.5
17:22:02,1006,1,subida,0.021549,0.021552,0.021510,64.500000,6.5,6.491,6.5
17:22:02,1007,1,subida,0.021549,0.021551,0.021510,64.500000,6.5,6.491,6.5
17:22:02,1008,1,subida,0.021550,0.021551,0.021509,64.500000,6.5,6.491,6.5
17:22:02,1009,1,subida,0.021550,0.021551,0.021509,64.600000,6.5,6.491,6.5
17:22:02,1010,1,subida,0.021549,0.021551,0.021512,64.600000,6.5,6.491,6.5
17:22:02,1011,1,subida,0.021549,0.021551,0.021511,64.500000,6.5,6.491,6.5
17:22:02,1012,1,subida,0.021549,0.021551,0.021512,64.500000,6.5,6.49,6.5
17:22:02,1013,1,subida,0.021549,0.021550,0.021511,64.500000,6.5,6.491,6.5
17:22:02,1014,1,subida,0.021548,0.021550,0.021515,64.500000,6.5,6.491,6.5
17:22:02,1015,1,subida,0.021545,0.021550,0.021512,64.500000,6.5,6.491,6.5
17:22:02,1016,1,subida,0.021544,0.021549,0.021511,64.500000,6.491,6.5,6.5
17:22:02,1017,1,subida,0.021543,0.021549,0.021512,64.500000,6.5,6.49,6.5
17:22:02,1018,1,subida,0.021543,0.021548,0.021511,64.500000,6.5,6.491,6.5
17:22:02,1019,1,subida,0.021543,0.021548,0.021512,64.500000,6.5,6.49,6.5
17:22:02,1020,1,subida,0.021543,0.021547,0.021513,64.500000,6.5,6.491,6.5
17:22:02,1021,1,subida,0.021543,0.021547,0.021513,64.500000,6.5,6.491,6.5
17:22:02,1022,1,subida,0.021543,0.021546,0.021512,64.500000,6.5,6.491,6.5
17:22:02,1023,1,subida,0.021543,0.021546,0.021512,64.500000,6.5,6.491,6.5
17:22:02,1024,1,subida,0.021543,0.021546,0.021510,64.500000,6.491,6.5,6.5
17:22:02,1025,1,subida,0.021542,0.021546,0.021511,64.500000,6.5,6.491,6.5
17:22:02,1026,1,subida,0.021541,0.021545,0.021510,64.500000,6.491,6.5,6.5
17:22:03,1027,1,subida,0.021541,0.021545,0.021510,64.500000,6.5,6.491,6.5
17:22:03,1028,1,subida,0.021541,0.021544,0.021509,64.500000,6.5,6.491,6.5
17:22:03,1029,1,subida,0.021540,0.021544,0.021511,64.500000,6.5,6.491,6.5
17:22:03,1030,1,subida,0.021539,0.021543,0.021511,64.500000,6.5,6.491,6.5
17:22:03,1031,1,subida,0.021537,0.021543,0.021511,64.500000,6.5,6.49,6.5
17:22:03,1032,1,subida,0.021536,0.021542,0.021512,64.500000,6.5,6.491,6.5
17:22:03,1033,1,subida,0.021536,0.021542,0.021513,64.500000,6.491,6.5,6.5
17:22:03,1034,1,subida,0.021537,0.021541,0.021515,64.500000,6.5,6.491,6.5
17:22:03,1035,1,subida,0.021538,0.021541,0.021514,64.500000,6.5,6.49,6.5
17:22:03,1036,1,subida,0.021537,0.021540,0.021513,64.500000,6.5,6.491,6.5
17:22:03,1037,1,subida,0.021536,0.021540,0.021513,64.500000,6.5,6.491,6.5
17:22:03,1038,1,subida,0.021536,0.021540,0.021512,64.500000,6.5,6.49,6.5
17:22:03,1039,1,subida,0.021535,0.021539,0.021512,64.500000,6.5,6.491,6.5
17:22:03,1040,1,subida,0.021534,0.021539,0.021512,64.500000,6.5,6.491,6.5
17:22:03,1041,1,subida,0.021534,0.021538,0.021513,64.500000,6.5,6.491,6.5
17:22:03,1042,1,subida,0.021535,0.021538,0.021515,64.500000,6.5,6.49,6.5
17:22:03,1043,1,subida,0.021535,0.021538,0.021514,64.500000,6.5,6.491,6.5
17:22:03,1044,1,subida,0.021535,0.021537,0.021514,64.500000,6.5,6.491,6.5
17:22:03,1045,1,subida,0.021534,0.021537,0.021514,64.500000,6.5,6.491,6.5
17:22:03,1046,1,subida,0.021534,0.021537,0.021515,64.500000,6.5,6.491,6.5
17:22:03,1047,1,subida,0.021534,0.021537,0.021513,64.500000,6.5,6.491,6.5
17:22:03,1048,1,subida,0.021534,0.021536,0.021517,64.500000,6.5,6.491,6.5
17:22:03,1049,1,subida,0.021534,0.021536,0.021515,64.500000,6.49,6.5,6.5
17:22:04,1050,1,subida,0.021534,0.021536,0.021515,64.500000,6.5,6.491,6.5
17:22:04,1051,1,subida,0.021534,0.021536,0.021515,64.500000,6.5,6.49,6.5
17:22:04,1052,1,subida,0.021534,0.021536,0.021513,64.500000,6.5,6.491,6.5
17:22:04,1053,1,subida,0.021533,0.021535,0.021513,64.500000,6.5,6.49,6.5
17:22:04,1054,1,subida,0.021532,0.021535,0.021513,64.500000,6.5,6.491,6.5
17:22:04,1055,1,subida,0.021532,0.021535,0.021514,64.500000,6.5,6.49,6.5
17:22:04,1056,1,subida,0.021532,0.021535,0.021513,64.500000,6.49,6.5,6.5
17:22:04,1057,1,subida,0.021532,0.021534,0.021515,64.500000,6.5,6.491,6.5
17:22:04,1058,1,subida,0.021532,0.021534,0.021516,64.500000,6.5,6.49,6.5
17:22:04,1059,1,subida,0.021532,0.021534,0.021516,64.500000,6.49,6.5,6.5
17:22:04,1060,1,subida,0.021532,0.021534,0.021514,64.500000,6.5,6.49,6.5
17:22:04,1061,1,subida,0.021532,0.021534,0.021514,64.500000,6.5,6.49,6.5
17:22:04,1062,1,subida,0.021533,0.021533,0.021513,64.500000,6.5,6.49,6.5
17:22:04,1063,1,subida,0.021534,0.021534,0.021515,64.500000,6.5,6.49,6.5
17:22:04,1064,1,subida,0.021534,0.021534,0.021514,64.500000,6.5,6.49,6.5
17:22:04,1065,1,subida,0.021533,0.021534,0.021515,64.500000,6.5,6.49,6.5
17:22:04,1066,1,subida,0.021532,0.021533,0.021514,64.500000,6.5,6.49,6.5
17:22:04,1067,1,subida,0.021532,0.021533,0.021514,64.500000,6.5,6.49,6.5
17:22:04,1068,1,subida,0.021531,0.021533,0.021511,64.500000,6.5,6.49,6.5
17:22:04,1069,1,subida,0.021531,0.021533,0.021509,64.500000,6.49,6.5,6.5
17:22:04,1070,1,subida,0.021530,0.021532,0.021510,64.500000,6.5,6.49,6.5
17:22:04,1071,1,subida,0.021529,0.021532,0.021510,64.500000,6.489,6.5,6.5
17:22:04,1072,1,subida,0.021528,0.021532,0.021509,64.500000,6.5,6.489,6.5
17:22:04,1073,1,subida,0.021527,0.021531,0.021510,64.500000,6.489,6.5,6.5
17:22:04,1074,1,subida,0.021526,0.021531,0.021511,64.500000,6.5,6.489,6.5
17:22:05,1075,1,subida,0.021526,0.021530,0.021510,64.500000,6.489,6.5,6.5
17:22:05,1076,1,subida,0.021525,0.021530,0.021509,64.500000,6.5,6.489,6.5
17:22:05,1077,1,subida,0.021527,0.021530,0.021510,64.500000,6.5,6.489,6.5
17:22:05,1078,1,subida,0.021528,0.021529,0.021511,64.500000,6.5,6.489,6.5
17:22:05,1079,1,subida,0.021529,0.021529,0.021509,64.500000,6.5,6.489,6.5
17:22:05,1080,1,subida,0.021529,0.021529,0.021508,64.500000,6.5,6.489,6.5
17:22:05,1081,1,subida,0.021527,0.021529,0.021509,64.500000,6.5,6.488,6.5
17:22:05,1082,1,subida,0.021526,0.021529,0.021507,64.500000,6.5,6.489,6.5
17:22:05,1083,1,subida,0.021527,0.021529,0.021508,64.500000,6.5,6.489,6.5
17:22:05,1084,1,subida,0.021528,0.021529,0.021507,64.500000,6.5,6.489,6.5
17:22:05,1085,1,subida,0.021528,0.021529,0.021508,64.500000,6.5,6.488,6.5
17:22:05,1086,1,subida,0.021527,0.021528,0.021509,64.500000,6.5,6.489,6.5
17:22:05,1087,1,subida,0.021525,0.021528,0.021506,64.500000,6.5,6.488,6.5
17:22:05,1088,1,subida,0.021525,0.021528,0.021505,64.500000,6.5,6.489,6.5
17:22:05,1089,1,subida,0.021525,0.021528,0.021506,64.500000,6.5,6.488,6.5
17:22:05,1090,1,subida,0.021526,0.021527,0.021507,64.500000,6.5,6.489,6.5
17:22:05,1091,1,subida,0.021525,0.021527,0.021506,64.500000,6.5,6.488,6.5
17:22:05,1092,1,subida,0.021526,0.021527,0.021505,64.500000,6.5,6.489,6.5
17:22:05,1093,1,subida,0.021526,0.021527,0.021505,64.500000,6.5,6.488,6.5
17:22:05,1094,1,subida,0.021526,0.021527,0.021505,64.500000,6.5,6.488,6.5
17:22:05,1095,1,subida,0.021526,0.021527,0.021503,64.500000,6.5,6.488,6.5
17:22:05,1096,1,subida,0.021525,0.021527,0.021505,64.500000,6.5,6.488,6.5
17:22:05,1097,1,subida,0.021525,0.021526,0.021504,64.500000,6.5,6.488,6.5
17:22:05,1098,1,subida,0.021526,0.021526,0.021505,64.500000,6.5,6.489,6.5
17:22:06,1099,1,subida,0.021527,0.021526,0.021504,64.500000,6.489,6.5,6.5
17:22:06,1100,1,subida,0.021527,0.021526,0.021506,64.500000,6.5,6.489,6.5
17:22:06,1101,1,subida,0.021528,0.021527,0.021504,64.500000,6.5,6.488,6.5
17:22:06,1102,1,subida,0.021529,0.021527,0.021505,64.500000,6.5,6.489,6.5
17:22:06,1103,1,subida,0.021528,0.021527,0.021504,64.500000,6.5,6.488,6.5
17:22:06,1104,1,subida,0.021527,0.021527,0.021504,64.500000,6.5,6.488,6.5
17:22:06,1105,1,subida,0.021526,0.021527,0.021504,64.500000,6.5,6.489,6.5
17:22:06,1106,1,subida,0.021527,0.021527,0.021504,64.500000,6.5,6.488,6.5
17:22:06,1107,1,subida,0.021528,0.021527,0.021505,64.500000,6.5,6.488,6.5
17:22:06,1108,1,subida,0.021527,0.021527,0.021505,64.500000,6.5,6.488,6.5
17:22:06,1109,1,subida,0.021527,0.021527,0.021504,64.500000,6.5,6.488,6.5
17:22:06,1110,1,subida,0.021526,0.021527,0.021503,64.500000,6.5,6.488,6.5
17:22:06,1111,1,subida,0.021525,0.021527,0.021501,64.500000,6.5,6.488,6.5
17:22:06,1112,1,subida,0.021525,0.021527,0.021502,64.500000,6.5,6.488,6.5
17:22:06,1113,1,subida,0.021526,0.021526,0.021503,64.500000,6.5,6.488,6.5
17:22:06,1114,1,subida,0.021526,0.021526,0.021501,64.500000,6.5,6.487,6.5
17:22:06,1115,1,subida,0.021527,0.021526,0.021500,64.500000,6.5,6.488,6.5
17:22:06,1116,1,subida,0.021528,0.021527,0.021499,64.600000,6.5,6.487,6.5
17:22:06,1117,1,subida,0.021529,0.021527,0.021500,64.600000,6.5,6.488,6.5
17:22:06,1118,1,subida,0.021529,0.021527,0.021500,64.500000,6.5,6.488,6.5
17:22:06,1119,1,subida,0.021528,0.021527,0.021501,64.500000,6.5,6.487,6.5
17:22:06,1120,1,subida,0.021528,0.021527,0.021501,64.500000,6.5,6.487,6.5
17:22:07,1121,1,subida,0.021527,0.021527,0.021499,64.500000,6.5,6.487,6.5
17:22:07,1122,1,subida,0.021528,0.021527,0.021498,64.600000,6.5,6.487,6.5
17:22:07,1123,1,subida,0.021529,0.021527,0.021499,64.600000,6.5,6.486,6.5
17:22:07,1124,1,subida,0.021529,0.021528,0.021500,64.500000,6.5,6.487,6.5
17:22:07,1125,1,subida,0.021529,0.021528,0.021499,64.500000,6.5,6.487,6.5
17:22:07,1126,1,subida,0.021529,0.021528,0.021499,64.600000,6.5,6.487,6.5
17:22:07,1127,1,subida,0.021530,0.021528,0.021501,64.600000,6.5,6.487,6.5
17:22:07,1128,1,subida,0.021530,0.021528,0.021500,64.600000,6.5,6.487,6.5
17:22:07,1129,1,subida,0.021530,0.021528,0.021498,64.600000,6.5,6.487,6.5
17:22:07,1130,1,subida,0.021530,0.021529,0.021496,64.600000,6.5,6.486,6.5
17:22:07,1131,1,subida,0.021530,0.021529,0.021496,64.600000,6.5,6.486,6.5
17:22:07,1132,1,subida,0.021530,0.021529,0.021496,64.600000,6.5,6.487,6.5
17:22:07,1133,1,subida,0.021529,0.021529,0.021496,64.600000,6.5,6.486,6.5
17:22:07,1134,1,subida,0.021528,0.021529,0.021495,64.600000,6.5,6.486,6.5
17:22:07,1135,1,subida,0.021528,0.021529,0.021494,64.600000,6.5,6.487,6.5
17:22:07,1136,1,subida,0.021529,0.021529,0.021494,64.600000,6.486,6.5,6.5
17:22:07,1137,1,subida,0.021530,0.021529,0.021492,64.600000,6.5,6.487,6.5
17:22:07,1138,1,subida,0.021531,0.021529,0.021492,64.500000,6.5,6.486,6.5
17:22:07,1139,1,subida,0.021530,0.021529,0.021491,64.500000,6.486,6.5,6.5
17:22:07,1140,1,subida,0.021530,0.021529,0.021494,64.600000,6.5,6.486,6.5
17:22:07,1141,1,subida,0.021530,0.021529,0.021495,64.600000,6.5,6.486,6.5
17:22:07,1142,1,subida,0.021529,0.021529,0.021494,64.600000,6.5,6.486,6.5
17:22:07,1143,1,subida,0.021529,0.021529,0.021495,64.600000,6.5,6.486,6.5
17:22:07,1144,1,subida,0.021528,0.021529,0.021493,64.600000,6.5,6.486,6.5
17:22:07,1145,1,subida,0.021526,0.021529,0.021493,64.600000,6.5,6.486,6.5
17:22:08,1146,1,subida,0.021526,0.021529,0.021491,64.600000,6.486,6.5,6.5
17:22:08,1147,1,subida,0.021525,0.021528,0.021492,64.600000,6.5,6.486,6.5
17:22:08,1148,1,subida,0.021525,0.021528,0.021492,64.600000,6.5,6.485,6.5
17:22:08,1149,1,subida,0.021525,0.021528,0.021492,64.600000,6.5,6.486,6.5
17:22:08,1150,1,subida,0.021525,0.021527,0.021493,64.600000,6.5,6.485,6.5
17:22:08,1151,1,subida,0.021525,0.021527,0.021494,64.600000,6.5,6.486,6.5
17:22:08,1152,1,subida,0.021525,0.021527,0.021492,64.600000,6.5,6.486,6.5
17:22:08,1153,1,subida,0.021526,0.021527,0.021493,64.600000,6.5,6.486,6.5
17:22:08,1154,1,subida,0.021527,0.021527,0.021493,64.600000,6.5,6.486,6.5
17:22:08,1155,1,subida,0.021526,0.021527,0.021492,64.600000,6.486,6.5,6.5
17:22:08,1156,1,subida,0.021525,0.021527,0.021491,64.600000,6.5,6.485,6.5
17:22:08,1157,1,subida,0.021525,0.021526,0.021491,64.600000,6.5,6.486,6.5
17:22:08,1158,1,subida,0.021524,0.021526,0.021489,64.600000,6.5,6.485,6.5
17:22:08,1159,1,subida,0.021523,0.021526,0.021489,64.600000,6.486,6.5,6.5
17:22:08,1160,1,subida,0.021523,0.021526,0.021489,64.600000,6.5,6.486,6.5
17:22:08,1161,1,subida,0.021522,0.021525,0.021488,64.600000,6.5,6.485,6.5
17:22:08,1162,1,subida,0.021521,0.021525,0.021490,64.600000,6.5,6.486,6.5
17:22:08,1163,1,subida,0.021521,0.021524,0.021492,64.600000,6.5,6.486,6.5
17:22:08,1164,1,subida,0.021522,0.021524,0.021492,64.600000,6.5,6.485,6.5
17:22:08,1165,1,subida,0.021521,0.021524,0.021492,64.600000,6.5,6.486,6.5
17:22:08,1166,1,subida,0.021520,0.021524,0.021491,64.600000,6.5,6.486,6.5
17:22:08,1167,1,subida,0.021520,0.021523,0.021488,64.600000,6.5,6.485,6.5
17:22:08,1168,1,subida,0.021519,0.021523,0.021487,64.600000,6.5,6.486,6.5
17:22:08,1169,1,subida,0.021519,0.021523,0.021486,64.600000,6.5,6.485,6.5
17:22:08,1170,1,subida,0.021520,0.021522,0.021486,64.600000,6.5,6.485,6.5
17:22:09,1171,1,subida,0.021520,0.021522,0.021486,64.600000,6.5,6.485,6.5
17:22:09,1172,1,subida,0.021520,0.021522,0.021488,64.600000,6.5,6.486,6.5
17:22:09,1173,1,subida,0.021520,0.021522,0.021488,64.600000,6.5,6.485,6.5
17:22:09,1174,1,subida,0.021521,0.021522,0.021489,64.600000,6.5,6.486,6.5
17:22:09,1175,1,subida,0.021521,0.021521,0.021488,64.600000,6.5,6.485,6.5
17:22:09,1176,1,subida,0.021520,0.021521,0.021487,64.600000,6.5,6.485,6.5
17:22:09,1177,1,subida,0.021519,0.021521,0.021489,64.600000,6.5,6.485,6.5
17:22:09,1178,1,subida,0.021520,0.021521,0.021490,64.600000,6.5,6.486,6.5
17:22:09,1179,1,subida,0.021520,0.021521,0.021490,64.600000,6.5,6.485,6.5
17:22:09,1180,1,subida,0.021519,0.021521,0.021490,64.600000,6.5,6.486,6.5
17:22:09,1181,1,subida,0.021518,0.021520,0.021490,64.600000,6.5,6.485,6.5
17:22:09,1182,1,subida,0.021518,0.021520,0.021492,64.600000,6.485,6.5,6.5
17:22:09,1183,1,subida,0.021518,0.021520,0.021490,64.600000,6.5,6.485,6.5
17:22:09,1184,1,subida,0.021517,0.021520,0.021491,64.600000,6.5,6.485,6.5
17:22:09,1185,1,subida,0.021516,0.021519,0.021488,64.600000,6.486,6.5,6.5
17:22:09,1186,1,subida,0.021515,0.021519,0.021489,64.600000,6.5,6.485,6.5
17:22:09,1187,1,subida,0.021516,0.021519,0.021490,64.600000,6.5,6.485,6.5
17:22:09,1188,1,subida,0.021516,0.021518,0.021489,64.600000,6.5,6.486,6.5
17:22:09,1189,1,subida,0.021516,0.021518,0.021489,64.600000,6.5,6.486,6.5
17:22:09,1190,1,subida,0.021516,0.021518,0.021490,64.600000,6.5,6.486,6.5
17:22:09,1191,1,subida,0.021515,0.021518,0.021489,64.600000,6.5,6.485,6.5
17:22:09,1192,1,subida,0.021514,0.021517,0.021488,64.600000,6.486,6.5,6.5
17:22:09,1193,1,subida,0.021515,0.021517,0.021487,64.600000,6.5,6.485,6.5
17:22:09,1194,1,subida,0.021515,0.021517,0.021486,64.600000,6.5,6.485,6.5
17:22:09,1195,1,subida,0.021515,0.021517,0.021489,64.600000,6.5,6.485,6.5
17:22:09,1196,1,subida,0.021515,0.021517,0.021489,64.600000,6.5,6.486,6.5
17:22:09,1197,1,subida,0.021514,0.021516,0.021490,64.600000,6.485,6.5,6.5
17:22:09,1198,1,subida,0.021513,0.021516,0.021491,64.600000,6.5,6.485,6.5
17:22:10,1199,1,subida,0.021512,0.021516,0.021491,64.600000,6.5,6.485,6.5
17:22:10,1200,1,subida,0.021512,0.021515,0.021491,64.600000,6.5,6.485,6.5
17:22:10,1201,1,subida,0.021510,0.021515,0.021489,64.600000,6.5,6.485,6.5
17:22:10,1202,1,subida,0.021509,0.021514,0.021489,64.600000,6.485,6.5,6.5
17:22:10,1203,1,subida,0.021508,0.021514,0.021489,64.600000,6.5,6.485,6.5
17:22:10,1204,1,subida,0.021507,0.021513,0.021489,64.600000,6.485,6.5,6.5
17:22:10,1205,1,subida,0.021508,0.021513,0.021488,64.600000,6.5,6.485,6.5
17:22:10,1206,1,subida,0.021510,0.021512,0.021489,64.600000,6.5,6.485,6.5
17:22:10,1207,1,subida,0.021510,0.021512,0.021488,64.600000,6.5,6.485,6.5
17:22:10,1208,1,subida,0.021509,0.021512,0.021488,64.600000,6.5,6.485,6.5
17:22:10,1209,1,subida,0.021509,0.021512,0.021487,64.500000,6.5,6.485,6.5
17:22:10,1210,1,subida,0.021508,0.021511,0.021487,64.500000,6.485,6.5,6.5
17:22:10,1211,1,subida,0.021507,0.021511,0.021486,64.600000,6.5,6.485,6.5
17:22:10,1212,1,subida,0.021507,0.021510,0.021487,64.600000,6.5,6.485,6.5
17:22:10,1213,1,subida,0.021508,0.021510,0.021487,64.600000,6.5,6.484,6.5
17:22:10,1214,1,subida,0.021508,0.021510,0.021489,64.600000,6.5,6.485,6.5
17:22:10,1215,1,subida,0.021508,0.021510,0.021489,64.500000,6.5,6.484,6.5
17:22:10,1216,1,subida,0.021508,0.021510,0.021489,64.500000,6.5,6.485,6.5
17:22:10,1217,1,subida,0.021508,0.021510,0.021488,64.500000,6.5,6.484,6.5
17:22:10,1218,1,subida,0.021507,0.021509,0.021490,64.500000,6.5,6.484,6.5
17:22:10,1219,1,subida,0.021506,0.021509,0.021487,64.500000,6.5,6.485,6.5
17:22:10,1220,1,subida,0.021505,0.021509,0.021489,64.500000,6.5,6.485,6.5
17:22:10,1221,1,subida,0.021503,0.021508,0.021490,64.500000,6.5,6.485,6.5
17:22:10,1222,1,subida,0.021503,0.021508,0.021488,64.500000,6.5,6.484,6.5
17:22:10,1223,1,subida,0.021503,0.021507,0.021487,64.600000,6.5,6.484,6.5
17:22:10,1224,1,subida,0.021504,0.021507,0.021487,64.600000,6.5,6.485,6.5
17:22:10,1225,1,subida,0.021506,0.021507,0.021487,64.600000,6.5,6.484,6.5
17:22:10,1226,1,subida,0.021507,0.021507,0.021487,64.600000,6.5,6.484,6.5
17:22:11,1227,1,subida,0.021505,0.021507,0.021487,64.500000,6.5,6.484,6.5
17:22:11,1228,1,subida,0.021503,0.021506,0.021488,64.500000,6.5,6.484,6.5
17:22:11,1229,1,subida,0.021502,0.021506,0.021488,64.500000,6.5,6.484,6.5
17:22:11,1230,1,subida,0.021501,0.021506,0.021488,64.500000,6.5,6.484,6.5
17:22:11,1231,1,subida,0.021502,0.021505,0.021486,64.500000,6.5,6.484,6.5
17:22:11,1232,1,subida,0.021503,0.021505,0.021489,64.500000,6.484,6.5,6.5
17:22:11,1233,1,subida,0.021503,0.021505,0.021488,64.500000,6.5,6.484,6.5
17:22:11,1234,1,subida,0.021502,0.021505,0.021486,64.500000,6.5,6.484,6.5
17:22:11,1235,1,subida,0.021503,0.021504,0.021487,64.500000,6.5,6.484,6.5
17:22:11,1236,1,subida,0.021505,0.021504,0.021485,64.500000,6.5,6.484,6.5
17:22:11,1237,1,subida,0.021505,0.021504,0.021486,64.500000,6.484,6.5,6.5
17:22:11,1238,1,subida,0.021505,0.021504,0.021485,64.500000,6.5,6.484,6.5
17:22:11,1239,1,subida,0.021505,0.021505,0.021486,64.500000,6.5,6.484,6.5
17:22:11,1240,1,subida,0.021505,0.021505,0.021484,64.500000,6.484,6.5,6.5
17:22:11,1241,1,subida,0.021504,0.021505,0.021485,64.500000,6.5,6.484,6.5
17:22:11,1242,1,subida,0.021505,0.021505,0.021483,64.500000,6.5,6.484,6.5
17:22:11,1243,1,subida,0.021504,0.021504,0.021485,64.500000,6.484,6.5,6.5
17:22:11,1244,1,subida,0.021504,0.021504,0.021485,64.500000,6.5,6.484,6.5
17:22:11,1245,1,subida,0.021504,0.021504,0.021484,64.500000,6.5,6.484,6.5
17:22:11,1246,1,subida,0.021503,0.021504,0.021484,64.500000,6.5,6.484,6.5
17:22:11,1247,1,subida,0.021503,0.021504,0.021485,64.500000,6.484,6.5,6.5
17:22:11,1248,1,subida,0.021503,0.021504,0.021487,64.500000,6.5,6.484,6.5
17:22:11,1249,1,subida,0.021504,0.021504,0.021487,64.500000,6.5,6.484,6.5
17:22:11,1250,1,subida,0.021505,0.021504,0.021486,64.500000,6.5,6.484,6.5
17:22:11,1251,1,subida,0.021505,0.021504,0.021483,64.500000,6.5,6.484,6.5
17:22:11,1252,1,subida,0.021505,0.021504,0.021483,64.500000,6.5,6.488,6.5
17:22:12,1253,1,subida,0.021504,0.021504,0.021482,64.500000,6.5,6.491,6.5
17:22:12,1254,1,subida,0.021504,0.021504,0.021480,64.500000,6.493,6.5,6.5
17:22:12,1255,1,subida,0.021504,0.021504,0.021484,64.500000,6.5,6.495,6.5
17:22:12,1256,1,subida,0.021503,0.021504,0.021485,64.500000,6.496,6.5,6.5
17:22:12,1257,1,subida,0.021503,0.021504,0.021486,64.500000,6.5,6.498,6.5
17:22:12,1258,1,subida,0.021502,0.021504,0.021489,64.500000,6.5,6.499,6.5
17:22:12,1259,1,subida,0.021502,0.021504,0.021491,64.500000,6.5,6.5,6.5
17:22:12,1260,1,subida,0.021502,0.021503,0.021493,64.500000,6.5,6.5,6.5
17:22:12,1261,1,subida,0.021502,0.021503,0.021495,64.500000,6.5,6.5,6.5
17:22:12,1262,1,subida,0.021503,0.021503,0.021503,64.500000,6.5,6.501,6.5
17:22:12,1263,1,subida,0.021503,0.021503,0.021506,64.500000,6.5,6.501,6.5
17:22:12,1264,1,subida,0.021503,0.021503,0.021508,64.500000,6.5,6.501,6.5
17:22:12,1265,1,subida,0.021503,0.021503,0.021509,64.500000,6.5,6.501,6.5
17:22:12,1266,1,subida,0.021504,0.021503,0.021512,64.500000,6.5,6.502,6.5
17:22:12,1267,1,subida,0.021503,0.021503,0.021517,64.500000,6.5,6.501,6.5
17:22:12,1268,1,subida,0.021501,0.021503,0.021519,64.500000,6.5,6.501,6.5
17:22:12,1269,1,subida,0.021502,0.021503,0.021521,64.500000,6.5,6.501,6.5
17:22:12,1270,1,subida,0.021502,0.021503,0.021522,64.500000,6.5,6.501,6.5
17:22:12,1271,1,subida,0.021503,0.021503,0.021524,64.500000,6.5,6.501,6.5
17:22:12,1272,1,subida,0.021503,0.021503,0.021525,64.500000,6.5,6.502,6.5
17:22:12,1273,1,subida,0.021502,0.021503,0.021526,64.500000,6.5,6.502,6.5
17:22:12,1274,1,subida,0.021502,0.021503,0.021529,64.500000,6.5,6.501,6.5
17:22:12,1275,1,subida,0.021501,0.021503,0.021529,64.500000,6.5,6.501,6.5
17:22:12,1276,1,subida,0.021500,0.021502,0.021532,64.500000,6.5,6.501,6.5
17:22:12,1277,1,subida,0.021500,0.021502,0.021533,64.500000,6.5,6.501,6.5
17:22:13,1278,1,subida,0.021501,0.021502,0.021534,64.500000,6.5,6.501,6.5
17:22:13,1279,1,subida,0.021500,0.021502,0.021535,64.500000,6.5,6.501,6.5
17:22:13,1280,1,subida,0.021499,0.021501,0.021536,64.500000,6.501,6.5,6.5
17:22:13,1281,1,subida,0.021498,0.021501,0.021536,64.500000,6.5,6.501,6.5
17:22:13,1282,1,subida,0.021499,0.021501,0.021538,64.500000,6.5,6.501,6.5
17:22:13,1283,1,subida,0.021500,0.021501,0.021536,64.500000,6.5,6.501,6.5
17:22:13,1284,1,subida,0.021500,0.021501,0.021538,64.500000,6.5,6.501,6.5
17:22:13,1285,1,subida,0.021501,0.021501,0.021540,64.500000,6.5,6.501,6.5
17:22:13,1286,1,subida,0.021501,0.021501,0.021541,64.500000,6.5,6.501,6.5
17:22:13,1287,1,subida,0.021500,0.021501,0.021541,64.500000,6.5,6.501,6.5
17:22:13,1288,1,subida,0.021499,0.021501,0.021541,64.500000,6.5,6.501,6.5
17:22:13,1289,1,subida,0.021498,0.021500,0.021542,64.500000,6.5,6.501,6.5
17:22:13,1290,1,subida,0.021497,0.021500,0.021542,64.500000,6.5,6.501,6.5
17:22:13,1291,1,subida,0.021497,0.021500,0.021545,64.500000,6.5,6.5,6.5
17:22:13,1292,1,subida,0.021498,0.021500,0.021545,64.500000,6.5,6.501,6.5
17:22:13,1293,1,subida,0.021501,0.021500,0.021545,64.500000,6.5,6.501,6.5
17:22:13,1294,1,subida,0.021503,0.021500,0.021545,64.500000,6.5,6.501,6.5
17:22:13,1295,1,subida,0.021506,0.021501,0.021546,64.500000,6.5,6.5,6.5
17:22:13,1296,1,subida,0.021509,0.021501,0.021546,64.500000,6.5,6.5,6.5
17:22:13,1297,1,subida,0.021513,0.021503,0.021548,64.500000,6.5,6.5,6.5
17:22:13,1298,1,subida,0.021518,0.021504,0.021548,64.500000,6.5,6.5,6.5
17:22:13,1299,1,subida,0.021521,0.021506,0.021548,64.500000,6.5,6.5,6.5
17:22:13,1300,1,subida,0.021523,0.021507,0.021549,64.500000,6.5,6.5,6.5
17:22:13,1301,1,subida,0.021526,0.021509,0.021551,64.500000,6.5,6.5,6.5
17:22:14,1302,1,subida,0.021531,0.021511,0.021551,64.500000,6.5,6.5,6.5
17:22:14,1303,1,subida,0.021534,0.021513,0.021550,64.500000,6.5,6.5,6.5
17:22:14,1304,1,subida,0.021536,0.021516,0.021552,64.500000,6.5,6.5,6.5
17:22:14,1305,1,subida,0.021538,0.021518,0.021552,64.500000,6.5,6.5,6.5
17:22:14,1306,1,subida,0.021540,0.021520,0.021553,64.500000,6.5,6.5,6.5
17:22:14,1307,1,subida,0.021542,0.021522,0.021555,64.500000,6.5,6.5,6.5
17:22:14,1308,1,subida,0.021544,0.021524,0.021555,64.500000,6.499,6.5,6.5
17:22:14,1309,1,subida,0.021546,0.021526,0.021553,64.500000,6.5,6.5,6.5
17:22:14,1310,1,subida,0.021548,0.021528,0.021554,64.500000,6.5,6.5,6.5
17:22:14,1311,1,subida,0.021549,0.021530,0.021554,64.500000,6.5,6.5,6.5
17:22:14,1312,1,subida,0.021550,0.021532,0.021553,64.500000,6.5,6.5,6.5
17:22:14,1313,1,subida,0.021552,0.021534,0.021552,64.500000,6.5,6.5,6.5
17:22:14,1314,1,subida,0.021552,0.021536,0.021553,64.500000,6.5,6.5,6.5
17:22:14,1315,1,subida,0.021552,0.021537,0.021554,64.500000,6.5,6.5,6.5
17:22:14,1316,1,subida,0.021553,0.021539,0.021554,64.500000,6.5,6.5,6.5
17:22:14,1317,1,subida,0.021554,0.021540,0.021555,64.500000,6.5,6.5,6.5
17:22:14,1318,1,subida,0.021555,0.021542,0.021555,64.500000,6.5,6.5,6.5
17:22:14,1319,1,subida,0.021556,0.021543,0.021555,64.500000,6.5,6.499,6.5
17:22:14,1320,1,subida,0.021557,0.021544,0.021553,64.500000,6.5,6.5,6.5
17:22:14,1321,1,subida,0.021558,0.021546,0.021554,64.500000,6.5,6.5,6.5
17:22:14,1322,1,subida,0.021559,0.021547,0.021555,64.500000,6.5,6.5,6.5
17:22:14,1323,1,subida,0.021559,0.021548,0.021555,64.500000,6.5,6.499,6.5
17:22:14,1324,1,subida,0.021560,0.021549,0.021554,64.500000,6.5,6.5,6.5
17:22:14,1325,1,subida,0.021562,0.021550,0.021554,64.500000,6.5,6.5,6.5
17:22:14,1326,1,subida,0.021563,0.021552,0.021554,64.500000,6.5,6.5,6.5
17:22:14,1327,1,subida,0.021563,0.021553,0.021553,64.500000,6.5,6.5,6.5
17:22:14,1328,1,subida,0.021563,0.021554,0.021553,64.500000,6.5,6.5,6.5
17:22:15,1329,1,subida,0.021564,0.021555,0.021551,64.500000,6.5,6.5,6.5
17:22:15,1330,1,subida,0.021565,0.021556,0.021552,64.500000,6.5,6.5,6.5
17:22:15,1331,1,subida,0.021566,0.021557,0.021554,64.500000,6.5,6.5,6.5
17:22:15,1332,1,subida,0.021567,0.021558,0.021553,64.500000,6.5,6.5,6.5
17:22:15,1333,1,subida,0.021568,0.021559,0.021554,64.500000,6.5,6.5,6.5
17:22:15,1334,1,subida,0.021569,0.021560,0.021554,64.500000,6.5,6.5,6.5
17:22:15,1335,1,subida,0.021569,0.021560,0.021554,64.500000,6.5,6.499,6.5
17:22:15,1336,1,subida,0.021568,0.021561,0.021553,64.500000,6.5,6.5,6.5
17:22:15,1337,1,subida,0.021568,0.021562,0.021553,64.500000,6.5,6.499,6.5
17:22:15,1338,1,subida,0.021568,0.021562,0.021555,64.500000,6.5,6.5,6.5
17:22:15,1339,1,subida,0.021568,0.021563,0.021553,64.500000,6.5,6.5,6.5
17:22:15,1340,1,subida,0.021568,0.021564,0.021553,64.500000,6.5,6.5,6.5
17:22:15,1341,1,subida,0.021569,0.021564,0.021552,64.500000,6.5,6.5,6.5
17:22:15,1342,1,subida,0.021569,0.021565,0.021554,64.500000,6.5,6.5,6.5
17:22:15,1343,1,subida,0.021570,0.021565,0.021552,64.500000,6.5,6.5,6.5
17:22:15,1344,1,subida,0.021569,0.021565,0.021551,64.500000,6.5,6.5,6.5
17:22:15,1345,1,subida,0.021569,0.021566,0.021552,64.500000,6.5,6.5,6.5
17:22:15,1346,1,subida,0.021569,0.021566,0.021553,64.500000,6.5,6.5,6.5
17:22:15,1347,1,subida,0.021569,0.021566,0.021553,64.500000,6.5,6.5,6.5
17:22:15,1348,1,subida,0.021569,0.021566,0.021554,64.500000,6.5,6.5,6.5
17:22:15,1349,1,subida,0.021568,0.021567,0.021553,64.500000,6.5,6.499,6.5
17:22:15,1350,1,subida,0.021568,0.021567,0.021554,64.500000,6.5,6.5,6.5
17:22:15,1351,1,subida,0.021568,0.021567,0.021555,64.500000,6.5,6.5,6.5
17:22:15,1352,1,subida,0.021568,0.021567,0.021554,64.500000,6.5,6.5,6.5
17:22:15,1353,1,subida,0.021569,0.021567,0.021555,64.500000,6.5,6.5,6.5
17:22:16,1354,1,subida,0.021569,0.021567,0.021554,64.500000,6.5,6.5,6.5
17:22:16,1355,1,subida,0.021570,0.021568,0.021554,64.500000,6.5,6.499,6.5
17:22:16,1356,1,subida,0.021570,0.021568,0.021554,64.500000,6.5,6.5,6.5
17:22:16,1357,1,subida,0.021569,0.021568,0.021554,64.500000,6.5,6.499,6.5
17:22:16,1358,1,subida,0.021569,0.021568,0.021554,64.500000,6.5,6.5,6.5
17:22:16,1359,1,subida,0.021568,0.021568,0.021554,64.500000,6.5,6.5,6.5
17:22:16,1360,1,subida,0.021568,0.021568,0.021552,64.500000,6.5,6.5,6.5
17:22:16,1361,1,subida,0.021568,0.021568,0.021552,64.500000,6.5,6.5,6.5
17:22:16,1362,1,subida,0.021567,0.021568,0.021553,64.500000,6.5,6.499,6.5
17:22:16,1363,1,subida,0.021567,0.021568,0.021553,64.500000,6.5,6.5,6.5
17:22:16,1364,1,subida,0.021567,0.021568,0.021553,64.500000,6.5,6.5,6.5
17:22:16,1365,1,subida,0.021568,0.021568,0.021551,64.500000,6.5,6.499,6.5
17:22:16,1366,1,subida,0.021568,0.021568,0.021551,64.500000,6.5,6.5,6.5
17:22:16,1367,1,subida,0.021569,0.021568,0.021552,64.500000,6.5,6.5,6.5
17:22:16,1368,1,subida,0.021570,0.021568,0.021552,64.500000,6.5,6.499,6.5
17:22:16,1369,1,subida,0.021569,0.021568,0.021551,64.500000,6.5,6.499,6.5
17:22:16,1370,1,subida,0.021568,0.021568,0.021554,64.500000,6.5,6.5,6.5
17:22:16,1371,1,subida,0.021568,0.021568,0.021554,64.500000,6.5,6.499,6.5
17:22:16,1372,1,subida,0.021569,0.021568,0.021554,64.500000,6.5,6.5,6.5
17:22:16,1373,1,subida,0.021569,0.021568,0.021551,64.500000,6.5,6.5,6.5
17:22:16,1374,1,subida,0.021569,0.021568,0.021551,64.500000,6.5,6.5,6.5
17:22:16,1375,1,subida,0.021568,0.021568,0.021549,64.500000,6.5,6.499,6.5
17:22:16,1376,1,subida,0.021568,0.021568,0.021552,64.500000,6.5,6.499,6.5
17:22:16,1377,1,subida,0.021568,0.021568,0.021551,64.500000,6.5,6.499,6.5
17:22:17,1378,1,subida,0.021567,0.021568,0.021550,64.500000,6.5,6.499,6.5
17:22:17,1379,1,subida,0.021566,0.021568,0.021550,64.500000,6.499,6.5,6.5
17:22:17,1380,1,subida,0.021566,0.021568,0.021550,64.500000,6.5,6.499,6.5
17:22:17,1381,1,subida,0.021567,0.021568,0.021549,64.500000,6.499,6.5,6.5
17:22:17,1382,1,subida,0.021568,0.021568,0.021549,64.500000,6.5,6.499,6.5
17:22:17,1383,1,subida,0.021568,0.021568,0.021549,64.500000,6.5,6.499,6.5
17:22:17,1384,1,subida,0.021568,0.021568,0.021547,64.500000,6.5,6.5,6.5
17:22:17,1385,1,subida,0.021567,0.021568,0.021547,64.500000,6.499,6.5,6.5
17:22:17,1386,1,subida,0.021566,0.021568,0.021548,64.500000,6.5,6.499,6.5
17:22:17,1387,1,subida,0.021566,0.021567,0.021548,64.500000,6.499,6.5,6.5
17:22:17,1388,1,subida,0.021566,0.021567,0.021548,64.500000,6.499,6.5,6.5
17:22:17,1389,1,subida,0.021566,0.021567,0.021548,64.500000,6.5,6.499,6.5
17:22:17,1390,1,subida,0.021566,0.021567,0.021551,64.500000,6.5,6.499,6.5
17:22:17,1391,1,subida,0.021566,0.021567,0.021550,64.500000,6.5,6.499,6.5
17:22:17,1392,1,subida,0.021566,0.021567,0.021549,64.500000,6.5,6.499,6.5
17:22:17,1393,1,subida,0.021564,0.021567,0.021548,64.500000,6.499,6.5,6.5
17:22:17,1394,1,subida,0.022875,0.022850,0.022885,64.500000,6.8,6.781,6.8
17:22:45,1395,1,subida,0.022878,0.022852,0.022885,64.600000,6.8,6.8,6.8
17:22:45,1396,1,subida,0.022879,0.022855,0.022884,64.600000,6.8,6.8,6.8
17:22:45,1397,1,subida,0.022880,0.022857,0.022883,64.600000,6.8,6.8,6.8
17:22:45,1398,1,subida,0.022882,0.022860,0.022882,64.600000,6.8,6.8,6.8
17:22:45,1399,1,subida,0.022884,0.022862,0.022883,64.500000,6.8,6.8,6.8
17:22:45,1400,1,subida,0.022885,0.022864,0.022882,64.500000,6.8,6.799,6.8
17:22:45,1401,1,subida,0.022886,0.022866,0.022885,64.600000,6.8,6.8,6.8
17:22:45,1403,1,subida,0.022888,0.022870,0.022883,64.600000,6.8,6.8,6.8
17:22:45,1404,1,subida,0.022889,0.022872,0.022883,64.600000,6.8,6.8,6.8
17:22:45,1405,1,subida,0.022891,0.022874,0.022884,64.600000,6.8,6.8,6.8
17:22:46,1406,1,subida,0.022893,0.022876,0.022885,64.600000,6.8,6.8,6.8
17:22:46,1407,1,subida,0.022894,0.022877,0.022885,64.600000,6.8,6.8,6.8
17:22:46,1408,1,subida,0.022895,0.022879,0.022885,64.600000,6.8,6.8,6.8
17:22:46,1409,1,subida,0.022895,0.022881,0.022886,64.600000,6.8,6.8,6.8
17:22:46,1410,1,subida,0.022896,0.022882,0.022886,64.600000,6.8,6.8,6.8
17:22:46,1411,1,subida,0.022896,0.022883,0.022885,64.600000,6.8,6.8,6.8
17:22:46,1412,1,subida,0.022896,0.022885,0.022886,64.600000,6.8,6.8,6.8
17:22:46,1413,1,subida,0.022896,0.022886,0.022887,64.600000,6.8,6.8,6.8
17:22:46,1414,1,subida,0.022897,0.022887,0.022888,64.600000,6.8,6.8,6.8
17:22:46,1415,1,subida,0.022898,0.022888,0.022886,64.500000,6.8,6.8,6.8
17:22:46,1416,1,subida,0.022899,0.022889,0.022884,64.500000,6.8,6.799,6.8
17:22:46,1417,1,subida,0.022899,0.022890,0.022883,64.500000,6.8,6.8,6.8
17:22:46,1418,1,subida,0.022899,0.022891,0.022882,64.500000,6.8,6.8,6.8
17:22:46,1419,1,subida,0.022899,0.022891,0.022883,64.600000,6.8,6.8,6.8
17:22:46,1420,1,subida,0.022898,0.022892,0.022884,64.600000,6.8,6.8,6.8
17:22:46,1421,1,subida,0.022899,0.022893,0.022883,64.500000,6.8,6.8,6.8
17:22:46,1422,1,subida,0.022900,0.022893,0.022884,64.500000,6.8,6.8,6.8
17:22:46,1423,1,subida,0.022900,0.022894,0.022885,64.600000,6.8,6.8,6.8
17:22:46,1424,1,subida,0.022900,0.022895,0.022886,64.600000,6.8,6.8,6.8
17:22:46,1425,1,subida,0.022902,0.022895,0.022886,64.600000,6.8,6.8,6.8
17:22:46,1426,1,subida,0.022902,0.022896,0.022887,64.600000,6.8,6.8,6.8
17:22:46,1427,1,subida,0.022902,0.022897,0.022885,64.600000,6.8,6.8,6.8
17:22:46,1428,1,subida,0.022903,0.022897,0.022886,64.600000,6.799,6.8,6.8
17:22:46,1429,1,subida,0.022904,0.022898,0.022885,64.500000,6.8,6.8,6.8
17:22:46,1430,1,subida,0.022904,0.022898,0.022885,64.500000,6.8,6.8,6.8
17:22:46,1431,1,subida,0.022904,0.022899,0.022885,64.600000,6.8,6.799,6.8
17:22:46,1432,1,subida,0.022903,0.022899,0.022886,64.600000,6.8,6.8,6.8
17:22:46,1433,1,subida,0.022902,0.022900,0.022884,64.600000,6.8,6.799,6.8
17:22:46,1434,1,subida,0.022901,0.022900,0.022884,64.600000,6.8,6.8,6.8
17:22:46,1435,1,subida,0.022901,0.022900,0.022884,64.500000,6.8,6.8,6.8
17:22:46,1436,1,subida,0.022902,0.022900,0.022884,64.500000,6.8,6.8,6.8
17:22:47,1437,1,subida,0.022903,0.022900,0.022883,64.500000,6.8,6.8,6.8
17:22:47,1438,1,subida,0.022903,0.022901,0.022885,64.500000,6.8,6.8,6.8
17:22:47,1439,1,subida,0.022903,0.022901,0.022885,64.600000,6.8,6.8,6.8
17:22:47,1440,1,subida,0.022903,0.022901,0.022886,64.600000,6.8,6.799,6.8
17:22:47,1441,1,subida,0.022902,0.022901,0.022886,64.500000,6.8,6.8,6.8
17:22:47,1442,1,subida,0.022900,0.022901,0.022887,64.500000,6.8,6.8,6.8
17:22:47,1443,1,subida,0.022900,0.022901,0.022885,64.600000,6.8,6.8,6.8
17:22:47,1444,1,subida,0.022901,0.022901,0.022886,64.600000,6.8,6.8,6.8
17:22:47,1445,1,subida,0.022902,0.022901,0.022886,64.500000,6.8,6.8,6.8
17:22:47,1446,1,subida,0.022902,0.022901,0.022886,64.500000,6.8,6.8,6.8
17:22:47,1447,1,subida,0.022902,0.022901,0.022886,64.500000,6.8,6.8,6.8
17:22:47,1448,1,subida,0.022902,0.022901,0.022887,64.500000,6.8,6.8,6.8
17:22:47,1449,1,subida,0.022903,0.022902,0.022886,64.600000,6.8,6.8,6.8
17:22:47,1450,1,subida,0.022903,0.022902,0.022888,64.600000,6.8,6.8,6.8
17:22:47,1451,1,subida,0.022903,0.022902,0.022890,64.600000,6.8,6.8,6.8
17:22:47,1452,1,subida,0.022903,0.022902,0.022889,64.600000,6.8,6.8,6.8
17:22:47,1453,1,subida,0.022903,0.022902,0.022888,64.600000,6.8,6.8,6.8
17:22:47,1454,1,subida,0.022903,0.022902,0.022887,64.600000,6.8,6.8,6.8
17:22:47,1455,1,subida,0.022901,0.022902,0.022887,64.500000,6.8,6.8,6.8
17:22:47,1456,1,subida,0.022901,0.022902,0.022887,64.500000,6.8,6.8,6.8
17:22:47,1457,1,subida,0.022901,0.022902,0.022888,64.600000,6.8,6.8,6.8
17:22:47,1458,1,subida,0.022901,0.022902,0.022889,64.600000,6.8,6.8,6.8
17:22:47,1459,1,subida,0.022901,0.022902,0.022886,64.600000,6.8,6.8,6.8
17:22:47,1460,1,subida,0.022900,0.022901,0.022887,64.600000,6.8,6.8,6.8
17:22:47,1461,1,subida,0.022900,0.022901,0.022886,64.600000,6.8,6.8,6.8
17:22:48,1462,1,subida,0.022899,0.022901,0.022888,64.600000,6.8,6.8,6.8
17:22:48,1463,1,subida,0.022899,0.022901,0.022888,64.600000,6.8,6.8,6.8
17:22:48,1464,1,subida,0.022899,0.022901,0.022890,64.600000,6.8,6.8,6.8
17:22:48,1465,1,subida,0.022900,0.022901,0.022891,64.500000,6.8,6.8,6.8
17:22:48,1466,1,subida,0.022901,0.022901,0.022889,64.500000,6.8,6.8,6.8
17:22:48,1467,1,subida,0.022900,0.022901,0.022889,64.500000,6.8,6.8,6.8
17:22:48,1468,1,subida,0.022901,0.022901,0.022890,64.500000,6.8,6.8,6.8
17:22:48,1469,1,subida,0.022901,0.022901,0.022889,64.500000,6.8,6.8,6.8
17:22:48,1470,1,subida,0.022901,0.022901,0.022889,64.500000,6.8,6.8,6.8
17:22:48,1471,1,subida,0.022901,0.022901,0.022889,64.500000,6.8,6.8,6.8
17:22:48,1472,1,subida,0.022902,0.022901,0.022890,64.500000,6.8,6.8,6.8
17:22:48,1473,1,subida,0.022901,0.022901,0.022892,64.500000,6.8,6.8,6.8
17:22:48,1474,1,subida,0.022902,0.022901,0.022890,64.500000,6.8,6.8,6.8
17:22:48,1475,1,subida,0.022902,0.022901,0.022887,64.500000,6.8,6.8,6.8
17:22:48,1476,1,subida,0.022901,0.022901,0.022889,64.500000,6.8,6.8,6.8
17:22:48,1477,1,subida,0.022901,0.022901,0.022889,64.500000,6.8,6.8,6.8
17:22:48,1478,1,subida,0.022901,0.022901,0.022892,64.500000,6.8,6.8,6.8
17:22:49,1479,1,subida,0.022901,0.022901,0.022889,64.500000,6.8,6.8,6.8
17:22:49,1480,1,subida,0.022901,0.022901,0.022889,64.500000,6.8,6.8,6.8
17:22:49,1481,1,subida,0.022901,0.022901,0.022891,64.500000,6.8,6.8,6.8
17:22:49,1482,1,subida,0.022902,0.022901,0.022891,64.500000,6.8,6.8,6.8
17:22:49,1483,1,subida,0.022902,0.022901,0.022891,64.500000,6.8,6.8,6.8
17:22:49,1484,1,subida,0.022903,0.022901,0.022894,64.500000,6.8,6.8,6.8
17:22:49,1485,1,subida,0.022904,0.022902,0.022892,64.500000,6.8,6.8,6.8
17:22:49,1486,1,subida,0.022904,0.022902,0.022892,64.500000,6.8,6.8,6.8
17:22:49,1487,1,subida,0.022903,0.022902,0.022891,64.500000,6.8,6.8,6.8
17:22:49,1488,1,subida,0.022902,0.022902,0.022892,64.500000,6.8,6.8,6.8
17:22:49,1489,1,subida,0.022902,0.022902,0.022891,64.500000,6.8,6.801,6.8
17:22:49,1490,1,subida,0.022902,0.022902,0.022890,64.500000,6.8,6.8,6.8
17:22:49,1491,1,subida,0.022901,0.022902,0.022889,64.500000,6.8,6.8,6.8
17:22:49,1492,1,subida,0.022900,0.022902,0.022890,64.500000,6.8,6.801,6.8
17:22:49,1493,1,subida,0.022901,0.022902,0.022890,64.600000,6.8,6.8,6.8
17:22:49,1494,1,subida,0.022901,0.022902,0.022892,64.600000,6.8,6.801,6.8
17:22:49,1495,1,subida,0.022902,0.022902,0.022892,64.500000,6.8,6.8,6.8
17:22:49,1496,1,subida,0.022902,0.022902,0.022888,64.500000,6.8,6.8,6.8
17:22:49,1497,1,subida,0.022902,0.022902,0.022890,64.500000,6.8,6.8,6.8
17:22:49,1498,1,subida,0.022902,0.022902,0.022890,64.500000,6.8,6.8,6.8
17:22:49,1499,1,subida,0.022903,0.022902,0.022890,64.500000,6.8,6.8,6.8
17:22:50,1500,1,subida,0.022904,0.022902,0.022890,64.500000,6.8,6.801,6.8
17:22:50,1501,1,subida,0.022904,0.022902,0.022891,64.500000,6.801,6.8,6.8
17:22:50,1502,1,subida,0.022905,0.022903,0.022893,64.500000,6.8,6.801,6.8
17:22:50,1503,1,subida,0.022906,0.022903,0.022894,64.500000,6.801,6.8,6.8
17:22:50,1504,1,subida,0.022905,0.022903,0.022894,64.500000,6.8,6.8,6.8
17:22:50,1505,1,subida,0.022905,0.022903,0.022894,64.500000,6.801,6.8,6.8
17:22:50,1506,1,subida,0.022904,0.022903,0.022895,64.500000,6.8,6.8,6.8
17:22:50,1507,1,subida,0.022905,0.022904,0.022894,64.500000,6.801,6.8,6.8
17:22:50,1508,1,subida,0.022906,0.022904,0.022893,64.500000,6.8,6.8,6.8
17:22:50,1509,1,subida,0.022906,0.022904,0.022893,64.500000,6.8,6.8,6.8
17:22:50,1510,1,subida,0.022906,0.022904,0.022892,64.500000,6.8,6.8,6.8
17:22:50,1511,1,subida,0.022905,0.022904,0.022894,64.500000,6.8,6.801,6.8
17:22:50,1512,1,subida,0.022905,0.022904,0.022894,64.500000,6.8,6.8,6.8
17:22:50,1513,1,subida,0.022906,0.022904,0.022894,64.500000,6.8,6.801,6.8
17:22:50,1514,1,subida,0.022905,0.022904,0.022893,64.500000,6.8,6.801,6.8
17:22:50,1515,1,subida,0.022905,0.022905,0.022892,64.500000,6.8,6.801,6.8
17:22:50,1516,1,subida,0.022905,0.022905,0.022892,64.500000,6.8,6.801,6.8
17:22:50,1517,1,subida,0.022904,0.022905,0.022894,64.500000,6.8,6.801,6.8
17:22:50,1518,1,subida,0.022904,0.022905,0.022893,64.500000,6.8,6.801,6.8
17:22:51,1519,1,subida,0.022904,0.022904,0.022895,64.500000,6.8,6.801,6.8
17:22:51,1520,1,subida,0.022901,0.022904,0.022896,64.500000,6.8,6.801,6.8
17:22:51,1521,1,subida,0.022899,0.022904,0.022896,64.500000,6.8,6.801,6.8
17:22:51,1522,1,subida,0.022899,0.022903,0.022894,64.500000,6.8,6.801,6.8
17:22:51,1523,1,subida,0.022899,0.022903,0.022893,64.500000,6.8,6.801,6.8
17:22:51,1524,1,subida,0.022900,0.022903,0.022894,64.500000,6.8,6.801,6.8
17:22:51,1525,1,subida,0.022900,0.022902,0.022893,64.500000,6.8,6.801,6.8
17:22:51,1526,1,subida,0.022899,0.022902,0.022893,64.500000,6.8,6.801,6.8
17:22:51,1527,1,subida,0.022899,0.022902,0.022893,64.500000,6.8,6.801,6.8
17:22:51,1528,1,subida,0.022900,0.022902,0.022894,64.500000,6.8,6.801,6.8
17:22:51,1529,1,subida,0.022901,0.022901,0.022894,64.500000,6.8,6.801,6.8
17:22:51,1530,1,subida,0.022901,0.022901,0.022893,64.500000,6.8,6.801,6.8
17:22:51,1531,1,subida,0.022900,0.022901,0.022892,64.500000,6.8,6.802,6.8
17:22:51,1532,1,subida,0.022900,0.022901,0.022892,64.500000,6.801,6.8,6.8
17:22:51,1533,1,subida,0.022901,0.022901,0.022893,64.500000,6.8,6.801,6.8
17:22:51,1534,1,subida,0.022901,0.022901,0.022893,64.500000,6.8,6.801,6.8
17:22:51,1535,1,subida,0.022900,0.022901,0.022895,64.500000,6.8,6.802,6.8
17:22:51,1536,1,subida,0.022900,0.022901,0.022896,64.500000,6.8,6.801,6.8
17:22:51,1537,1,subida,0.022901,0.022901,0.022895,64.500000,6.801,6.8,6.8
17:22:51,1538,1,subida,0.022903,0.022901,0.022896,64.500000,6.8,6.801,6.8
17:22:51,1539,1,subida,0.022903,0.022901,0.022897,64.500000,6.8,6.801,6.8
17:22:51,1540,1,subida,0.022903,0.022901,0.022896,64.500000,6.8,6.801,6.8
17:22:51,1541,1,subida,0.022902,0.022902,0.022895,64.500000,6.8,6.801,6.8
17:22:51,1542,1,subida,0.022901,0.022901,0.022895,64.500000,6.802,6.8,6.8
17:22:52,1543,1,subida,0.022901,0.022901,0.022896,64.500000,6.8,6.801,6.8
17:22:52,1544,1,subida,0.022902,0.022902,0.022897,64.500000,6.8,6.801,6.8
17:22:52,1545,1,subida,0.022902,0.022902,0.022896,64.500000,6.8,6.801,6.8
17:22:52,1546,1,subida,0.022901,0.022902,0.022896,64.500000,6.8,6.801,6.8
17:22:52,1547,1,subida,0.022901,0.022902,0.022897,64.500000,6.8,6.801,6.8
17:22:52,1548,1,subida,0.022901,0.022901,0.022895,64.500000,6.8,6.801,6.8
17:22:52,1549,1,subida,0.022901,0.022901,0.022895,64.500000,6.8,6.801,6.8
17:22:52,1550,1,subida,0.022901,0.022901,0.022898,64.500000,6.8,6.801,6.8
17:22:52,1551,1,subida,0.022901,0.022901,0.022899,64.500000,6.8,6.801,6.8
17:22:52,1552,1,subida,0.022901,0.022901,0.022896,64.500000,6.8,6.801,6.8
17:22:52,1553,1,subida,0.022901,0.022901,0.022894,64.500000,6.8,6.801,6.8
17:22:52,1554,1,subida,0.022901,0.022901,0.022895,64.500000,6.8,6.801,6.8
17:22:52,1555,1,subida,0.022901,0.022901,0.022898,64.500000,6.8,6.801,6.8
17:22:52,1556,1,subida,0.022900,0.022901,0.022898,64.500000,6.8,6.801,6.8
17:22:52,1557,1,subida,0.022901,0.022901,0.022898,64.500000,6.8,6.801,6.8
17:22:53,1558,1,subida,0.022901,0.022901,0.022899,64.500000,6.8,6.801,6.8
17:22:53,1559,1,subida,0.022901,0.022901,0.022897,64.500000,6.8,6.801,6.8
17:22:53,1560,1,subida,0.022900,0.022901,0.022898,64.500000,6.8,6.801,6.8
17:22:53,1561,1,subida,0.022900,0.022901,0.022896,64.500000,6.8,6.801,6.8
17:22:53,1562,1,subida,0.022899,0.022901,0.022895,64.500000,6.801,6.8,6.8
17:22:53,1563,1,subida,0.022899,0.022901,0.022896,64.500000,6.8,6.801,6.8
17:22:53,1564,1,subida,0.022900,0.022901,0.022896,64.500000,6.8,6.801,6.8
17:22:53,1565,1,subida,0.022900,0.022900,0.022894,64.500000,6.8,6.802,6.8
17:22:53,1566,1,subida,0.022900,0.022900,0.022894,64.500000,6.8,6.801,6.8
17:22:53,1567,1,subida,0.022901,0.022900,0.022896,64.500000,6.8,6.801,6.8
17:22:53,1568,1,subida,0.022902,0.022901,0.022894,64.500000,6.8,6.801,6.8
17:22:53,1569,1,subida,0.022902,0.022901,0.022891,64.500000,6.8,6.802,6.8
17:22:54,1570,1,subida,0.022902,0.022901,0.022895,64.500000,6.8,6.801,6.8
17:22:54,1571,1,subida,0.022903,0.022901,0.022897,64.500000,6.8,6.801,6.8
17:22:54,1572,1,subida,0.022903,0.022901,0.022897,64.500000,6.8,6.801,6.8
17:22:54,1573,1,subida,0.022902,0.022901,0.022898,64.500000,6.8,6.801,6.8
17:22:54,1574,1,subida,0.022900,0.022901,0.022897,64.500000,6.8,6.802,6.8
17:22:54,1575,1,subida,0.022900,0.022901,0.022898,64.500000,6.8,6.802,6.8
17:22:54,1576,1,subida,0.022900,0.022901,0.022898,64.500000,6.8,6.801,6.8
17:22:54,1577,1,subida,0.022901,0.022901,0.022898,64.500000,6.8,6.801,6.8
17:22:54,1578,1,subida,0.022902,0.022901,0.022898,64.500000,6.8,6.801,6.8
17:22:54,1579,1,subida,0.022903,0.022901,0.022897,64.500000,6.8,6.801,6.8
17:22:54,1580,1,subida,0.022902,0.022901,0.022897,64.500000,6.8,6.801,6.8
17:22:54,1581,1,subida,0.022902,0.022901,0.022897,64.500000,6.8,6.802,6.8
17:22:54,1582,1,subida,0.022901,0.022901,0.022897,64.500000,6.8,6.802,6.8
17:22:54,1583,1,subida,0.022901,0.022901,0.022897,64.500000,6.8,6.801,6.8
17:22:55,1584,1,subida,0.022901,0.022901,0.022896,64.500000,6.8,6.801,6.8
17:22:55,1585,1,subida,0.022901,0.022901,0.022896,64.500000,6.8,6.802,6.8
17:22:55,1586,1,subida,0.022901,0.022901,0.022894,64.500000,6.8,6.801,6.8
17:22:55,1587,1,subida,0.022901,0.022901,0.022893,64.500000,6.8,6.802,6.8
17:22:55,1588,1,subida,0.022901,0.022901,0.022894,64.500000,6.8,6.802,6.8
17:22:55,1589,1,subida,0.022902,0.022901,0.022895,64.500000,6.8,6.801,6.8
17:22:55,1590,1,subida,0.022902,0.022901,0.022897,64.500000,6.8,6.802,6.8
17:22:55,1591,1,subida,0.022903,0.022901,0.022896,64.500000,6.8,6.801,6.8
17:22:55,1592,1,subida,0.022902,0.022902,0.022896,64.500000,6.8,6.802,6.8
17:22:55,1593,1,subida,0.022902,0.022902,0.022896,64.500000,6.8,6.802,6.8
17:22:55,1594,1,subida,0.022902,0.022902,0.022896,64.500000,6.8,6.801,6.8
17:22:55,1595,1,subida,0.022903,0.022902,0.022897,64.500000,6.802,6.8,6.8
17:22:55,1596,1,subida,0.022905,0.022902,0.022897,64.500000,6.8,6.802,6.8
17:22:55,1597,1,subida,0.022905,0.022902,0.022896,64.500000,6.8,6.801,6.8
17:22:55,1598,1,subida,0.022904,0.022902,0.022895,64.500000,6.8,6.801,6.8
17:22:55,1599,1,subida,0.022904,0.022903,0.022895,64.500000,6.8,6.801,6.8
17:22:55,1600,1,subida,0.022903,0.022903,0.022894,64.500000,6.8,6.802,6.8
17:22:55,1601,1,subida,0.022903,0.022903,0.022895,64.500000,6.802,6.8,6.8
17:22:55,1602,1,subida,0.022904,0.022903,0.022895,64.500000,6.8,6.802,6.8
17:22:55,1603,1,subida,0.022904,0.022903,0.022895,64.500000,6.8,6.801,6.8
17:22:55,1604,1,subida,0.022904,0.022903,0.022894,64.500000,6.8,6.801,6.8
17:22:55,1605,1,subida,0.022904,0.022903,0.022895,64.500000,6.801,6.8,6.8
17:22:55,1606,1,subida,0.022905,0.022903,0.022896,64.500000,6.8,6.801,6.8
17:22:55,1607,1,subida,0.022905,0.022903,0.022895,64.500000,6.8,6.801,6.8
17:22:56,1608,1,subida,0.022906,0.022904,0.022895,64.500000,6.8,6.801,6.8
17:22:56,1609,1,subida,0.022907,0.022904,0.022895,64.500000,6.8,6.801,6.8
17:22:56,1610,1,subida,0.022907,0.022904,0.022894,64.500000,6.8,6.801,6.8
17:22:56,1611,1,subida,0.022906,0.022904,0.022895,64.500000,6.8,6.801,6.8
17:22:56,1612,1,subida,0.022905,0.022904,0.022893,64.500000,6.8,6.801,6.8
17:22:56,1613,1,subida,0.022905,0.022904,0.022892,64.500000,6.8,6.801,6.8
17:22:56,1614,1,subida,0.022906,0.022905,0.022892,64.500000,6.8,6.801,6.8
17:22:56,1615,1,subida,0.022906,0.022905,0.022893,64.500000,6.8,6.801,6.8
17:22:56,1616,1,subida,0.022906,0.022905,0.022894,64.500000,6.8,6.801,6.8
17:22:56,1617,1,subida,0.022906,0.022905,0.022893,64.500000,6.8,6.801,6.8
17:22:56,1618,1,subida,0.022907,0.022905,0.022893,64.500000,6.8,6.8,6.8
17:22:56,1619,1,subida,0.022907,0.022905,0.022892,64.500000,6.8,6.8,6.8
17:22:56,1620,1,subida,0.022906,0.022905,0.022893,64.500000,6.8,6.8,6.8
17:22:56,1621,1,subida,0.022905,0.022905,0.022892,64.500000,6.8,6.8,6.8
17:22:56,1622,1,subida,0.022905,0.022905,0.022893,64.500000,6.8,6.8,6.8
17:22:56,1623,1,subida,0.022905,0.022905,0.022894,64.500000,6.8,6.8,6.8
17:22:56,1624,1,subida,0.022905,0.022905,0.022894,64.500000,6.8,6.8,6.8
17:22:57,1625,1,subida,0.022906,0.022905,0.022895,64.500000,6.8,6.8,6.8
17:22:57,1626,1,subida,0.022906,0.022905,0.022895,64.500000,6.8,6.8,6.8
17:22:57,1627,1,subida,0.022906,0.022905,0.022895,64.500000,6.8,6.8,6.8
17:22:57,1628,1,subida,0.022906,0.022906,0.022893,64.500000,6.8,6.8,6.8
17:22:57,1629,1,subida,0.022907,0.022906,0.022894,64.500000,6.8,6.8,6.8
17:22:57,1630,1,subida,0.022908,0.022906,0.022893,64.500000,6.8,6.8,6.8
17:22:57,1631,1,subida,0.022908,0.022906,0.022892,64.500000,6.8,6.8,6.8
17:22:57,1632,1,subida,0.022909,0.022906,0.022892,64.500000,6.8,6.799,6.8
17:22:57,1633,1,subida,0.022909,0.022907,0.022892,64.500000,6.8,6.8,6.8
17:22:57,1634,1,subida,0.022908,0.022907,0.022892,64.500000,6.8,6.799,6.8
17:22:57,1635,1,subida,0.022908,0.022907,0.022890,64.500000,6.8,6.8,6.8
17:22:57,1636,1,subida,0.022908,0.022907,0.022891,64.500000,6.8,6.799,6.8
17:22:57,1637,1,subida,0.022907,0.022907,0.022891,64.500000,6.8,6.8,6.8
17:22:57,1638,1,subida,0.022906,0.022907,0.022891,64.500000,6.8,6.799,6.8
17:22:57,1639,1,subida,0.022907,0.022907,0.022892,64.500000,6.8,6.8,6.8
17:22:57,1640,1,subida,0.022907,0.022907,0.022890,64.500000,6.8,6.799,6.8
17:22:57,1641,1,subida,0.022907,0.022907,0.022889,64.500000,6.8,6.8,6.8
17:22:57,1642,1,subida,0.022906,0.022907,0.022890,64.500000,6.8,6.8,6.8
17:22:58,1643,1,subida,0.022905,0.022907,0.022891,64.500000,6.8,6.799,6.8
17:22:58,1644,1,subida,0.022906,0.022907,0.022890,64.500000,6.8,6.8,6.8
17:22:58,1645,1,subida,0.022906,0.022907,0.022889,64.500000,6.8,6.799,6.8
17:22:58,1646,1,subida,0.022907,0.022907,0.022889,64.500000,6.8,6.799,6.8
17:22:58,1647,1,subida,0.022908,0.022907,0.022891,64.500000,6.8,6.8,6.8
17:22:58,1648,1,subida,0.022909,0.022907,0.022891,64.500000,6.8,6.799,6.8
17:22:58,1649,1,subida,0.022909,0.022907,0.022891,64.500000,6.8,6.799,6.8
17:22:58,1650,1,subida,0.022909,0.022907,0.022890,64.500000,6.8,6.799,6.8
17:22:58,1651,1,subida,0.022909,0.022908,0.022888,64.500000,6.8,6.799,6.8
17:22:58,1652,1,subida,0.022910,0.022908,0.022888,64.500000,6.8,6.799,6.8
17:22:58,1653,1,subida,0.022910,0.022908,0.022888,64.500000,6.8,6.799,6.8
17:22:58,1654,1,subida,0.022910,0.022908,0.022888,64.500000,6.8,6.799,6.8
17:22:58,1655,1,subida,0.022910,0.022908,0.022888,64.500000,6.8,6.8,6.8
17:22:58,1656,1,subida,0.022909,0.022908,0.022889,64.500000,6.8,6.799,6.8
17:22:58,1657,1,subida,0.022909,0.022909,0.022888,64.500000,6.8,6.799,6.8
17:22:58,1658,1,subida,0.022908,0.022908,0.022887,64.500000,6.8,6.8,6.8
17:22:58,1659,1,subida,0.022909,0.022909,0.022886,64.500000,6.8,6.799,6.8
17:22:58,1660,1,subida,0.022910,0.022909,0.022887,64.500000,6.8,6.799,6.8
17:22:58,1661,1,subida,0.022910,0.022909,0.022886,64.500000,6.8,6.799,6.8
17:22:58,1662,1,subida,0.022909,0.022909,0.022887,64.500000,6.8,6.799,6.8
17:22:58,1663,1,subida,0.022909,0.022909,0.022887,64.500000,6.8,6.799,6.8
17:22:58,1664,1,subida,0.022910,0.022909,0.022887,64.500000,6.799,6.8,6.8
17:22:59,1665,1,subida,0.022910,0.022909,0.022888,64.500000,6.8,6.799,6.8
17:22:59,1666,1,subida,0.022911,0.022909,0.022887,64.500000,6.8,6.799,6.8
17:22:59,1667,1,subida,0.022912,0.022909,0.022885,64.500000,6.8,6.799,6.8
17:22:59,1668,1,subida,0.022911,0.022910,0.022886,64.500000,6.8,6.799,6.8
17:22:59,1669,1,subida,0.022910,0.022910,0.022887,64.500000,6.8,6.799,6.8
17:22:59,1670,1,subida,0.022910,0.022910,0.022886,64.500000,6.799,6.8,6.8
17:22:59,1671,1,subida,0.022910,0.022910,0.022886,64.500000,6.8,6.799,6.8
17:22:59,1672,1,subida,0.022909,0.022910,0.022886,64.500000,6.8,6.798,6.8
17:22:59,1673,1,subida,0.022910,0.022910,0.022885,64.500000,6.799,6.8,6.8
17:22:59,1674,1,subida,0.022909,0.022910,0.022884,64.500000,6.8,6.799,6.8
17:22:59,1675,1,subida,0.022909,0.022910,0.022886,64.500000,6.8,6.799,6.8
17:22:59,1676,1,subida,0.022910,0.022910,0.022885,64.500000,6.799,6.8,6.8
17:22:59,1677,1,subida,0.022911,0.022910,0.022883,64.500000,6.8,6.798,6.8
17:22:59,1678,1,subida,0.022912,0.022910,0.022884,64.500000,6.799,6.8,6.8
17:22:59,1679,1,subida,0.022912,0.022910,0.022884,64.500000,6.8,6.798,6.8
17:22:59,1680,1,subida,0.022912,0.022910,0.022883,64.500000,6.8,6.798,6.8
17:22:59,1681,1,subida,0.022913,0.022910,0.022883,64.500000,6.8,6.798,6.8
17:22:59,1682,1,subida,0.022912,0.022911,0.022883,64.500000,6.8,6.799,6.8
17:22:59,1683,1,subida,0.022912,0.022911,0.022882,64.500000,6.8,6.798,6.8
17:22:59,1684,1,subida,0.022911,0.022911,0.022881,64.500000,6.8,6.799,6.8
17:22:59,1685,1,subida,0.022911,0.022911,0.022882,64.500000,6.8,6.798,6.8
17:23:00,1686,1,subida,0.022912,0.022911,0.022883,64.500000,6.8,6.799,6.8
17:23:00,1687,1,subida,0.022912,0.022911,0.022883,64.500000,6.8,6.798,6.8
17:23:00,1688,1,subida,0.022913,0.022911,0.022884,64.500000,6.8,6.799,6.8
17:23:00,1689,1,subida,0.022913,0.022911,0.022885,64.500000,6.8,6.798,6.8
17:23:00,1690,1,subida,0.022913,0.022912,0.022885,64.500000,6.8,6.798,6.8
17:23:00,1691,1,subida,0.022914,0.022912,0.022882,64.500000,6.8,6.798,6.8
17:23:00,1692,1,subida,0.022915,0.022912,0.022883,64.500000,6.798,6.8,6.8
17:23:00,1693,1,subida,0.022915,0.022912,0.022885,64.500000,6.8,6.798,6.8
17:23:00,1694,1,subida,0.022914,0.022913,0.022884,64.500000,6.8,6.798,6.8
17:23:00,1695,1,subida,0.022912,0.022913,0.022884,64.500000,6.8,6.798,6.8
17:23:00,1696,1,subida,0.022913,0.022913,0.022883,64.500000,6.8,6.798,6.8
17:23:00,1697,1,subida,0.022914,0.022913,0.022883,64.500000,6.8,6.798,6.8
17:23:00,1698,1,subida,0.022914,0.022913,0.022881,64.500000,6.8,6.798,6.8
17:23:00,1699,1,subida,0.022912,0.022913,0.022880,64.500000,6.8,6.798,6.8
17:23:00,1700,1,subida,0.022912,0.022913,0.022881,64.500000,6.8,6.797,6.8
17:23:00,1701,1,subida,0.022912,0.022913,0.022881,64.500000,6.8,6.798,6.8
17:23:00,1702,1,subida,0.022913,0.022913,0.022882,64.500000,6.8,6.798,6.8
17:23:00,1703,1,subida,0.022915,0.022913,0.022882,64.500000,6.8,6.798,6.8
17:23:00,1704,1,subida,0.022914,0.022913,0.022882,64.500000,6.8,6.798,6.8
17:23:00,1705,1,subida,0.022914,0.022913,0.022882,64.500000,6.8,6.798,6.8
17:23:00,1706,1,subida,0.022915,0.022913,0.022881,64.500000,6.8,6.797,6.8
17:23:00,1707,1,subida,0.022915,0.022913,0.022882,64.500000,6.8,6.798,6.8
17:23:01,1708,1,subida,0.022914,0.022914,0.022882,64.500000,6.8,6.797,6.8
17:23:01,1709,1,subida,0.022914,0.022914,0.022879,64.500000,6.797,6.8,6.8
17:23:01,1710,1,subida,0.022913,0.022913,0.022879,64.500000,6.797,6.8,6.8
17:23:01,1711,1,subida,0.022913,0.022913,0.022880,64.500000,6.8,6.797,6.8
17:23:01,1712,1,subida,0.022912,0.022913,0.022878,64.500000,6.8,6.797,6.8
17:23:01,1713,1,subida,0.022912,0.022913,0.022879,64.500000,6.8,6.797,6.8
17:23:01,1714,1,subida,0.022912,0.022913,0.022880,64.500000,6.8,6.797,6.8
17:23:01,1715,1,subida,0.022912,0.022913,0.022878,64.500000,6.8,6.796,6.8
17:23:01,1716,1,subida,0.022912,0.022913,0.022877,64.500000,6.8,6.797,6.8
17:23:01,1717,1,subida,0.022911,0.022913,0.022878,64.500000,6.8,6.796,6.8
17:23:01,1718,1,subida,0.022912,0.022913,0.022877,64.500000,6.8,6.797,6.8
17:23:01,1719,1,subida,0.022911,0.022913,0.022875,64.500000,6.8,6.797,6.8
17:23:01,1720,1,subida,0.022911,0.022912,0.022875,64.500000,6.8,6.797,6.8
17:23:01,1721,1,subida,0.022911,0.022912,0.022874,64.500000,6.8,6.797,6.8
17:23:01,1722,1,subida,0.022911,0.022912,0.022875,64.500000,6.797,6.8,6.8
17:23:01,1723,1,subida,0.022912,0.022912,0.022877,64.500000,6.8,6.796,6.8
17:23:01,1724,1,subida,0.022911,0.022912,0.022878,64.500000,6.8,6.797,6.8
17:23:01,1725,1,subida,0.022909,0.022912,0.022877,64.500000,6.8,6.796,6.8
17:23:01,1726,1,subida,0.022908,0.022911,0.022878,64.500000,6.8,6.796,6.8
17:23:02,1727,1,subida,0.022909,0.022911,0.022877,64.500000,6.8,6.797,6.8
17:23:02,1728,1,subida,0.022911,0.022911,0.022877,64.500000,6.8,6.797,6.8
17:23:02,1729,1,subida,0.022911,0.022911,0.022876,64.500000,6.8,6.796,6.8
17:23:02,1730,1,subida,0.022912,0.022911,0.022878,64.500000,6.8,6.797,6.8
17:23:02,1731,1,subida,0.022913,0.022911,0.022876,64.600000,6.8,6.797,6.8
17:23:02,1732,1,subida,0.022914,0.022912,0.022878,64.600000,6.8,6.796,6.8
17:23:02,1733,1,subida,0.022914,0.022912,0.022877,64.600000,6.8,6.797,6.8
17:23:02,1734,1,subida,0.022914,0.022912,0.022876,64.600000,6.8,6.796,6.8
17:23:02,1735,1,subida,0.022914,0.022912,0.022874,64.500000,6.8,6.796,6.8
17:23:02,1736,1,subida,0.022915,0.022913,0.022875,64.500000,6.8,6.797,6.8
17:23:02,1737,1,subida,0.022915,0.022913,0.022878,64.600000,6.8,6.797,6.8
17:23:02,1738,1,subida,0.022914,0.022913,0.022875,64.600000,6.8,6.797,6.8
17:23:02,1739,1,subida,0.022914,0.022913,0.022875,64.600000,6.8,6.797,6.8
17:23:02,1740,1,subida,0.022913,0.022913,0.022875,64.600000,6.8,6.797,6.8
17:23:02,1741,1,subida,0.022913,0.022913,0.022874,64.500000,6.8,6.797,6.8
17:23:02,1742,1,subida,0.022914,0.022913,0.022874,64.500000,6.8,6.797,6.8
17:23:02,1743,1,subida,0.022914,0.022913,0.022874,64.500000,6.798,6.8,6.8
17:23:02,1744,1,subida,0.022913,0.022913,0.022874,64.500000,6.8,6.799,6.8
17:23:02,1745,1,subida,0.022912,0.022913,0.022876,64.500000,6.799,6.8,6.8
17:23:03,1746,1,subida,0.022911,0.022913,0.022876,64.500000,6.8,6.799,6.8
17:23:03,1747,1,subida,0.022911,0.022913,0.022877,64.600000,6.8,6.8,6.8
17:23:03,1748,1,subida,0.022911,0.022913,0.022880,64.600000,6.8,6.8,6.8
17:23:03,1749,1,subida,0.022911,0.022912,0.022879,64.600000,6.8,6.8,6.8
17:23:03,1750,1,subida,0.022912,0.022912,0.022880,64.600000,6.8,6.802,6.8
17:23:03,1751,1,subida,0.022913,0.022912,0.022883,64.600000,6.8,6.801,6.8
17:23:03,1752,1,subida,0.022912,0.022912,0.022882,64.600000,6.8,6.801,6.8
17:23:03,1753,1,subida,0.022912,0.022912,0.022883,64.600000,6.8,6.801,6.8
17:23:03,1754,1,subida,0.022913,0.022912,0.022883,64.600000,6.8,6.801,6.8
17:23:03,1755,1,subida,0.022913,0.022912,0.022884,64.600000,6.8,6.802,6.8
17:23:03,1756,1,subida,0.022912,0.022912,0.022885,64.600000,6.8,6.802,6.8
17:23:03,1757,1,subida,0.022911,0.022912,0.022884,64.500000,6.8,6.802,6.8
17:23:03,1758,1,subida,0.022911,0.022912,0.022885,64.500000,6.8,6.801,6.8
17:23:03,1759,1,subida,0.022911,0.022912,0.022887,64.600000,6.8,6.802,6.8
17:23:03,1760,1,subida,0.022912,0.022912,0.022888,64.600000,6.8,6.802,6.8
17:23:03,1761,1,subida,0.022912,0.022912,0.022888,64.600000,6.8,6.802,6.8
17:23:03,1762,1,subida,0.022912,0.022912,0.022889,64.600000,6.8,6.802,6.8
17:23:03,1763,1,subida,0.022911,0.022912,0.022888,64.500000,6.802,6.8,6.8
17:23:04,1764,1,subida,0.022911,0.022912,0.022889,64.500000,6.8,6.802,6.8
17:23:04,1765,1,subida,0.022912,0.022912,0.022889,64.600000,6.8,6.802,6.8
17:23:04,1766,1,subida,0.022912,0.022912,0.022891,64.600000,6.8,6.801,6.8
17:23:04,1767,1,subida,0.022911,0.022912,0.022889,64.500000,6.8,6.802,6.8
17:23:04,1768,1,subida,0.022910,0.022912,0.022889,64.500000,6.8,6.802,6.8
17:23:04,1769,1,subida,0.022910,0.022911,0.022890,64.600000,6.8,6.802,6.8
17:23:04,1770,1,subida,0.022910,0.022911,0.022892,64.600000,6.8,6.802,6.8
17:23:04,1771,1,subida,0.022910,0.022911,0.022889,64.600000,6.8,6.802,6.8
17:23:04,1772,1,subida,0.022910,0.022911,0.022886,64.600000,6.8,6.801,6.8
17:23:04,1773,1,subida,0.022909,0.022911,0.022881,64.500000,6.8,6.801,6.8
17:23:04,1774,1,subida,0.022910,0.022911,0.022886,64.500000,6.8,6.801,6.8
17:23:04,1775,1,subida,0.022910,0.022911,0.022886,64.500000,6.8,6.802,6.8
17:23:04,1776,1,subida,0.022909,0.022911,0.022888,64.500000,6.801,6.8,6.8
17:23:04,1777,1,subida,0.022909,0.022910,0.022889,64.600000,6.8,6.801,6.8
17:23:04,1778,1,subida,0.022909,0.022910,0.022890,64.600000,6.8,6.802,6.8
17:23:04,1779,1,subida,0.022909,0.022910,0.022891,64.600000,6.8,6.801,6.8
17:23:05,1780,1,subida,0.022909,0.022910,0.022891,64.600000,6.8,6.801,6.8
17:23:05,1781,1,subida,0.022909,0.022910,0.022891,64.500000,6.8,6.8,6.8
17:23:05,1782,1,subida,0.022909,0.022910,0.022892,64.500000,6.8,6.8,6.8
17:23:05,1783,1,subida,0.022911,0.022910,0.022891,64.500000,6.8,6.8,6.8
17:23:05,1784,1,subida,0.022911,0.022910,0.022890,64.500000,6.8,6.801,6.8
17:23:05,1785,1,subida,0.022911,0.022910,0.022891,64.500000,6.8,6.8,6.8
17:23:05,1786,1,subida,0.022911,0.022910,0.022890,64.500000,6.8,6.8,6.8
17:23:05,1787,1,subida,0.022910,0.022910,0.022892,64.500000,6.8,6.8,6.8
17:23:05,1788,1,subida,0.022910,0.022910,0.022892,64.500000,6.8,6.8,6.8
17:23:05,1789,1,subida,0.021568,0.021570,0.021518,64.400000,6.5,6.5,6.5
17:23:28,1790,1,bajada,0.021567,0.021570,0.021517,64.500000,6.491,6.5,6.5
17:23:28,1791,1,bajada,0.021567,0.021569,0.021517,64.500000,6.5,6.49,6.5
17:23:28,1792,1,bajada,0.021566,0.021569,0.021517,64.500000,6.5,6.491,6.5
17:23:28,1793,1,bajada,0.021565,0.021569,0.021517,64.500000,6.5,6.49,6.5
17:23:28,1794,1,bajada,0.021565,0.021568,0.021516,64.500000,6.5,6.491,6.5
17:23:28,1795,1,bajada,0.021565,0.021568,0.021516,64.500000,6.5,6.491,6.5
17:23:28,1796,1,bajada,0.021566,0.021568,0.021516,64.500000,6.5,6.49,6.5
17:23:28,1797,1,bajada,0.021566,0.021567,0.021517,64.500000,6.5,6.49,6.5
17:23:28,1798,1,bajada,0.021565,0.021567,0.021517,64.400000,6.5,6.49,6.5
17:23:28,1799,1,bajada,0.021565,0.021567,0.021516,64.400000,6.5,6.49,6.5
17:23:28,1800,1,bajada,0.021565,0.021567,0.021515,64.500000,6.5,6.49,6.5
17:23:28,1801,1,bajada,0.021564,0.021567,0.021515,64.500000,6.5,6.49,6.5
17:23:29,1802,1,bajada,0.021563,0.021566,0.021514,64.400000,6.5,6.49,6.5
17:23:29,1803,1,bajada,0.021563,0.021566,0.021517,64.400000,6.5,6.49,6.5
17:23:29,1804,1,bajada,0.021564,0.021566,0.021516,64.500000,6.5,6.49,6.5
17:23:29,1805,1,bajada,0.021563,0.021566,0.021516,64.500000,6.5,6.49,6.5
17:23:29,1806,1,bajada,0.021563,0.021565,0.021516,64.500000,6.5,6.49,6.5
17:23:29,1807,1,bajada,0.021563,0.021565,0.021516,64.500000,6.5,6.49,6.5
17:23:29,1808,1,bajada,0.021563,0.021565,0.021515,64.500000,6.5,6.49,6.5
17:23:29,1809,1,bajada,0.021564,0.021565,0.021515,64.500000,6.5,6.489,6.5
17:23:29,1810,1,bajada,0.021565,0.021565,0.021516,64.500000,6.5,6.49,6.5
17:23:29,1811,1,bajada,0.021564,0.021565,0.021514,64.400000,6.5,6.49,6.5
17:23:29,1812,1,bajada,0.021563,0.021565,0.021512,64.400000,6.5,6.489,6.5
17:23:29,1813,1,bajada,0.021563,0.021564,0.021512,64.400000,6.5,6.49,6.5
17:23:29,1814,1,bajada,0.021564,0.021564,0.021514,64.400000,6.5,6.489,6.5
17:23:29,1815,1,bajada,0.021564,0.021564,0.021516,64.400000,6.5,6.489,6.5
17:23:29,1816,1,bajada,0.021564,0.021564,0.021516,64.400000,6.5,6.49,6.5
17:23:29,1817,1,bajada,0.021563,0.021564,0.021516,64.500000,6.5,6.49,6.5
17:23:29,1818,1,bajada,0.021562,0.021564,0.021514,64.500000,6.5,6.49,6.5
17:23:29,1819,1,bajada,0.021562,0.021564,0.021517,64.500000,6.5,6.49,6.5
17:23:29,1820,1,bajada,0.021561,0.021563,0.021517,64.500000,6.5,6.49,6.5
17:23:30,1821,1,bajada,0.021560,0.021563,0.021518,64.500000,6.5,6.489,6.5
17:23:30,1822,1,bajada,0.021560,0.021563,0.021516,64.500000,6.49,6.5,6.5
17:23:30,1823,1,bajada,0.021560,0.021563,0.021515,64.500000,6.5,6.489,6.5
17:23:30,1824,1,bajada,0.021560,0.021562,0.021516,64.500000,6.489,6.5,6.5
17:23:30,1825,1,bajada,0.021560,0.021562,0.021516,64.400000,6.5,6.489,6.5
17:23:30,1826,1,bajada,0.021560,0.021562,0.021515,64.400000,6.5,6.49,6.5
17:23:30,1827,1,bajada,0.021559,0.021562,0.021517,64.400000,6.5,6.489,6.5
17:23:30,1828,1,bajada,0.021560,0.021561,0.021518,64.400000,6.5,6.489,6.5
17:23:30,1829,1,bajada,0.021560,0.021561,0.021515,64.400000,6.5,6.489,6.5
17:23:30,1830,1,bajada,0.021561,0.021561,0.021514,64.400000,6.5,6.489,6.5
17:23:30,1831,1,bajada,0.021561,0.021561,0.021515,64.400000,6.5,6.489,6.5
17:23:30,1832,1,bajada,0.021562,0.021561,0.021513,64.400000,6.5,6.489,6.5
17:23:30,1833,1,bajada,0.021562,0.021561,0.021513,64.500000,6.5,6.489,6.5
17:23:30,1834,1,bajada,0.021562,0.021561,0.021513,64.500000,6.5,6.489,6.5
17:23:30,1835,1,bajada,0.021564,0.021562,0.021513,64.500000,6.5,6.489,6.5
17:23:30,1836,1,bajada,0.021564,0.021562,0.021512,64.500000,6.5,6.488,6.5
17:23:30,1837,1,bajada,0.021563,0.021562,0.021512,64.400000,6.5,6.489,6.5
17:23:30,1838,1,bajada,0.021562,0.021562,0.021513,64.400000,6.5,6.488,6.5
17:23:31,1839,1,bajada,0.021562,0.021562,0.021512,64.400000,6.5,6.488,6.5
17:23:31,1840,1,bajada,0.021562,0.021562,0.021511,64.400000,6.5,6.489,6.5
17:23:31,1841,1,bajada,0.021562,0.021562,0.021511,64.400000,6.5,6.488,6.5
17:23:31,1842,1,bajada,0.021561,0.021562,0.021513,64.400000,6.5,6.488,6.5
17:23:31,1843,1,bajada,0.021561,0.021562,0.021511,64.400000,6.5,6.488,6.5
17:23:31,1844,1,bajada,0.021561,0.021562,0.021510,64.400000,6.5,6.488,6.5
17:23:31,1845,1,bajada,0.021561,0.021562,0.021511,64.400000,6.5,6.488,6.5
17:23:31,1846,1,bajada,0.021560,0.021561,0.021510,64.400000,6.5,6.488,6.5
17:23:31,1847,1,bajada,0.021561,0.021561,0.021511,64.500000,6.488,6.5,6.5
17:23:31,1848,1,bajada,0.021561,0.021561,0.021510,64.500000,6.5,6.488,6.5
17:23:31,1849,1,bajada,0.021562,0.021561,0.021510,64.500000,6.5,6.488,6.5
17:23:31,1850,1,bajada,0.021562,0.021562,0.021510,64.500000,6.488,6.5,6.5
17:23:31,1851,1,bajada,0.021563,0.021562,0.021509,64.400000,6.5,6.488,6.5
17:23:31,1852,1,bajada,0.021563,0.021562,0.021510,64.400000,6.5,6.488,6.5
17:23:31,1853,1,bajada,0.021563,0.021562,0.021510,64.400000,6.5,6.488,6.5
17:23:31,1854,1,bajada,0.021563,0.021562,0.021510,64.400000,6.5,6.488,6.5
17:23:31,1855,1,bajada,0.021562,0.021562,0.021509,64.400000,6.5,6.488,6.5
17:23:31,1856,1,bajada,0.021563,0.021562,0.021509,64.400000,6.5,6.488,6.5
17:23:31,1857,1,bajada,0.021564,0.021562,0.021509,64.400000,6.5,6.488,6.5
17:23:31,1858,1,bajada,0.021563,0.021562,0.021508,64.400000,6.488,6.5,6.5
17:23:31,1859,1,bajada,0.021562,0.021562,0.021509,64.400000,6.5,6.488,6.5
17:23:31,1860,1,bajada,0.021562,0.021562,0.021509,64.400000,6.5,6.488,6.5
17:23:31,1861,1,bajada,0.021562,0.021562,0.021508,64.400000,6.5,6.488,6.5
17:23:31,1862,1,bajada,0.021562,0.021562,0.021509,64.400000,6.5,6.488,6.5
17:23:31,1863,1,bajada,0.021562,0.021562,0.021508,64.500000,6.5,6.488,6.5
17:23:31,1864,1,bajada,0.021562,0.021562,0.021506,64.500000,6.5,6.488,6.5
17:23:31,1865,1,bajada,0.021562,0.021562,0.021506,64.400000,6.5,6.488,6.5
17:23:31,1866,1,bajada,0.021562,0.021562,0.021506,64.400000,6.5,6.488,6.5
17:23:32,1867,1,bajada,0.021562,0.021562,0.021507,64.400000,6.5,6.488,6.5
17:23:32,1868,1,bajada,0.021562,0.021562,0.021506,64.400000,6.487,6.5,6.5
17:23:32,1869,1,bajada,0.021561,0.021562,0.021506,64.500000,6.5,6.488,6.5
17:23:32,1870,1,bajada,0.021561,0.021562,0.021507,64.500000,6.5,6.487,6.5
17:23:32,1871,1,bajada,0.021561,0.021562,0.021506,64.500000,6.5,6.487,6.5
17:23:32,1872,1,bajada,0.021560,0.021562,0.021507,64.500000,6.5,6.488,6.5
17:23:32,1873,1,bajada,0.021560,0.021561,0.021507,64.500000,6.5,6.487,6.5
17:23:32,1874,1,bajada,0.021560,0.021561,0.021506,64.500000,6.5,6.488,6.5
17:23:32,1875,1,bajada,0.021560,0.021561,0.021507,64.400000,6.5,6.487,6.5
17:23:32,1876,1,bajada,0.021559,0.021561,0.021507,64.400000,6.5,6.488,6.5
17:23:32,1877,1,bajada,0.021557,0.021561,0.021506,64.400000,6.5,6.488,6.5
17:23:32,1878,1,bajada,0.021557,0.021560,0.021507,64.400000,6.5,6.488,6.5
17:23:32,1879,1,bajada,0.021556,0.021560,0.021508,64.400000,6.5,6.487,6.5
17:23:32,1880,1,bajada,0.021555,0.021559,0.021505,64.400000,6.5,6.488,6.5
17:23:32,1881,1,bajada,0.021556,0.021559,0.021506,64.500000,6.5,6.488,6.5
17:23:32,1882,1,bajada,0.021557,0.021559,0.021506,64.500000,6.5,6.487,6.5
17:23:32,1883,1,bajada,0.021557,0.021559,0.021506,64.400000,6.5,6.487,6.5
17:23:32,1884,1,bajada,0.021556,0.021558,0.021506,64.400000,6.5,6.487,6.5
17:23:32,1885,1,bajada,0.021557,0.021558,0.021506,64.400000,6.5,6.487,6.5
17:23:32,1886,1,bajada,0.021557,0.021558,0.021505,64.400000,6.5,6.487,6.5
17:23:32,1887,1,bajada,0.021556,0.021558,0.021504,64.400000,6.5,6.487,6.5
17:23:32,1888,1,bajada,0.021556,0.021558,0.021505,64.400000,6.5,6.487,6.5
17:23:32,1889,1,bajada,0.021555,0.021558,0.021504,64.400000,6.5,6.487,6.5
17:23:32,1890,1,bajada,0.021555,0.021557,0.021503,64.400000,6.5,6.486,6.5
17:23:32,1891,1,bajada,0.021556,0.021557,0.021502,64.400000,6.5,6.487,6.5
17:23:32,1892,1,bajada,0.021556,0.021557,0.021505,64.400000,6.5,6.487,6.5
17:23:33,1893,1,bajada,0.021555,0.021557,0.021504,64.400000,6.5,6.487,6.5
17:23:33,1894,1,bajada,0.021555,0.021557,0.021503,64.400000,6.5,6.486,6.5
17:23:33,1895,1,bajada,0.021555,0.021557,0.021501,64.400000,6.5,6.486,6.5
17:23:33,1896,1,bajada,0.021555,0.021556,0.021501,64.400000,6.5,6.487,6.5
17:23:33,1897,1,bajada,0.021556,0.021556,0.021501,64.400000,6.5,6.486,6.5
17:23:33,1898,1,bajada,0.021556,0.021556,0.021501,64.400000,6.5,6.486,6.5
17:23:33,1899,1,bajada,0.021555,0.021556,0.021501,64.400000,6.5,6.486,6.5
17:23:33,1900,1,bajada,0.021555,0.021556,0.021501,64.400000,6.5,6.486,6.5
17:23:33,1901,1,bajada,0.021555,0.021556,0.021502,64.400000,6.5,6.486,6.5
17:23:33,1902,1,bajada,0.021555,0.021556,0.021502,64.400000,6.486,6.5,6.5
17:23:33,1903,1,bajada,0.021556,0.021556,0.021501,64.400000,6.5,6.486,6.5
17:23:33,1904,1,bajada,0.021556,0.021556,0.021501,64.400000,6.486,6.5,6.5
17:23:33,1905,1,bajada,0.021556,0.021556,0.021501,64.400000,6.5,6.486,6.5
17:23:33,1906,1,bajada,0.021556,0.021556,0.021500,64.400000,6.486,6.5,6.5
17:23:33,1907,1,bajada,0.021556,0.021556,0.021502,64.400000,6.5,6.486,6.5
17:23:33,1908,1,bajada,0.021555,0.021556,0.021502,64.400000,6.486,6.5,6.5
17:23:33,1909,1,bajada,0.021555,0.021556,0.021504,64.400000,6.5,6.486,6.5
17:23:33,1910,1,bajada,0.021554,0.021556,0.021504,64.400000,6.5,6.486,6.5
17:23:33,1911,1,bajada,0.021554,0.021555,0.021501,64.400000,6.5,6.486,6.5
17:23:33,1912,1,bajada,0.021553,0.021555,0.021501,64.400000,6.5,6.486,6.5
17:23:33,1913,1,bajada,0.021553,0.021555,0.021499,64.400000,6.5,6.486,6.5
17:23:33,1914,1,bajada,0.021553,0.021555,0.021499,64.400000,6.5,6.486,6.5
17:23:33,1915,1,bajada,0.021552,0.021555,0.021499,64.400000,6.5,6.486,6.5
17:23:33,1916,1,bajada,0.021552,0.021554,0.021499,64.400000,6.5,6.486,6.5
17:23:34,1917,1,bajada,0.021551,0.021554,0.021497,64.400000,6.5,6.486,6.5
17:23:34,1918,1,bajada,0.021550,0.021554,0.021498,64.400000,6.5,6.486,6.5
17:23:34,1919,1,bajada,0.021551,0.021553,0.021496,64.400000,6.5,6.485,6.5
17:23:34,1920,1,bajada,0.021551,0.021553,0.021498,64.400000,6.5,6.485,6.5
17:23:34,1921,1,bajada,0.021550,0.021553,0.021499,64.400000,6.5,6.485,6.5
17:23:34,1922,1,bajada,0.021549,0.021552,0.021498,64.400000,6.5,6.486,6.5
17:23:34,1923,1,bajada,0.021549,0.021552,0.021498,64.400000,6.5,6.485,6.5
17:23:34,1924,1,bajada,0.021550,0.021552,0.021495,64.400000,6.5,6.485,6.5
17:23:34,1925,1,bajada,0.021550,0.021552,0.021495,64.400000,6.5,6.485,6.5
17:23:34,1926,1,bajada,0.021550,0.021552,0.021495,64.400000,6.5,6.486,6.5
17:23:34,1927,1,bajada,0.021549,0.021551,0.021495,64.400000,6.5,6.485,6.5
17:23:34,1928,1,bajada,0.021548,0.021551,0.021495,64.400000,6.5,6.486,6.5
17:23:34,1929,1,bajada,0.021548,0.021551,0.021497,64.400000,6.5,6.485,6.5
17:23:34,1930,1,bajada,0.021548,0.021550,0.021497,64.400000,6.485,6.5,6.5
17:23:34,1931,1,bajada,0.021547,0.021550,0.021497,64.400000,6.5,6.485,6.5
17:23:34,1932,1,bajada,0.021547,0.021550,0.021496,64.400000,6.5,6.485,6.5
17:23:34,1933,1,bajada,0.021548,0.021550,0.021496,64.400000,6.5,6.485,6.5
17:23:34,1934,1,bajada,0.021548,0.021550,0.021496,64.400000,6.5,6.485,6.5
17:23:34,1935,1,bajada,0.021548,0.021549,0.021498,64.400000,6.485,6.5,6.5
17:23:34,1936,1,bajada,0.021548,0.021549,0.021496,64.400000,6.5,6.485,6.5
17:23:34,1937,1,bajada,0.021548,0.021549,0.021497,64.400000,6.5,6.485,6.5
17:23:34,1938,1,bajada,0.021548,0.021549,0.021497,64.400000,6.485,6.5,6.5
17:23:34,1939,1,bajada,0.021547,0.021549,0.021496,64.400000,6.5,6.485,6.5
17:23:34,1940,1,bajada,0.021546,0.021549,0.021495,64.400000,6.5,6.485,6.5
17:23:34,1941,1,bajada,0.021547,0.021548,0.021494,64.400000,6.485,6.5,6.5
17:23:35,1942,1,bajada,0.021548,0.021548,0.021495,64.400000,6.5,6.485,6.5
17:23:35,1943,1,bajada,0.021548,0.021548,0.021494,64.400000,6.5,6.485,6.5
17:23:35,1944,1,bajada,0.021545,0.021548,0.021493,64.400000,6.5,6.485,6.5
17:23:35,1945,1,bajada,0.021543,0.021548,0.021494,64.400000,6.485,6.5,6.5
17:23:35,1946,1,bajada,0.021544,0.021547,0.021495,64.400000,6.5,6.485,6.5
17:23:35,1947,1,bajada,0.021544,0.021547,0.021495,64.400000,6.5,6.484,6.5
17:23:35,1948,1,bajada,0.021544,0.021547,0.021495,64.400000,6.5,6.485,6.5
17:23:35,1949,1,bajada,0.021545,0.021546,0.021494,64.400000,6.5,6.484,6.5
17:23:35,1950,1,bajada,0.021545,0.021546,0.021497,64.400000,6.5,6.484,6.5
17:23:35,1951,1,bajada,0.021544,0.021546,0.021492,64.400000,6.485,6.5,6.5
17:23:35,1952,1,bajada,0.021542,0.021546,0.021492,64.400000,6.5,6.485,6.5
17:23:35,1953,1,bajada,0.021542,0.021545,0.021492,64.400000,6.485,6.5,6.5
17:23:35,1954,1,bajada,0.021543,0.021545,0.021491,64.400000,6.5,6.485,6.5
17:23:35,1955,1,bajada,0.021544,0.021545,0.021491,64.400000,6.5,6.484,6.5
17:23:35,1956,1,bajada,0.021545,0.021545,0.021491,64.400000,6.5,6.485,6.5
17:23:35,1957,1,bajada,0.021545,0.021545,0.021491,64.400000,6.5,6.484,6.5
17:23:35,1958,1,bajada,0.021545,0.021545,0.021491,64.400000,6.5,6.484,6.5
17:23:35,1959,1,bajada,0.021544,0.021545,0.021493,64.400000,6.5,6.484,6.5
17:23:35,1960,1,bajada,0.021544,0.021545,0.021492,64.400000,6.5,6.484,6.5
17:23:35,1961,1,bajada,0.021544,0.021545,0.021490,64.400000,6.5,6.484,6.5
17:23:35,1962,1,bajada,0.021544,0.021545,0.021489,64.400000,6.5,6.484,6.5
17:23:35,1963,1,bajada,0.021544,0.021545,0.021489,64.400000,6.5,6.484,6.5
17:23:35,1964,1,bajada,0.021544,0.021545,0.021489,64.400000,6.5,6.484,6.5
17:23:35,1965,1,bajada,0.021543,0.021544,0.021488,64.400000,6.5,6.484,6.5
17:23:36,1966,1,bajada,0.021542,0.021544,0.021490,64.400000,6.5,6.484,6.5
17:23:36,1967,1,bajada,0.021542,0.021544,0.021489,64.400000,6.5,6.484,6.5
17:23:36,1968,1,bajada,0.021542,0.021544,0.021490,64.400000,6.5,6.484,6.5
17:23:36,1969,1,bajada,0.021542,0.021544,0.021489,64.400000,6.5,6.484,6.5
17:23:36,1970,1,bajada,0.021542,0.021543,0.021487,64.400000,6.5,6.484,6.5
17:23:36,1971,1,bajada,0.021542,0.021543,0.021490,64.400000,6.5,6.484,6.5
17:23:36,1972,1,bajada,0.021541,0.021543,0.021490,64.400000,6.484,6.5,6.5
17:23:36,1973,1,bajada,0.021541,0.021543,0.021489,64.400000,6.5,6.484,6.5
17:23:36,1974,1,bajada,0.021541,0.021543,0.021490,64.400000,6.5,6.484,6.5
17:23:36,1975,1,bajada,0.021542,0.021543,0.021490,64.400000,6.5,6.484,6.5
17:23:36,1976,1,bajada,0.021542,0.021543,0.021489,64.400000,6.5,6.484,6.5
17:23:36,1977,1,bajada,0.021541,0.021542,0.021489,64.400000,6.5,6.484,6.5
17:23:36,1978,1,bajada,0.021541,0.021542,0.021488,64.400000,6.5,6.484,6.5
17:23:36,1979,1,bajada,0.021540,0.021542,0.021487,64.400000,6.5,6.484,6.5
17:23:36,1980,1,bajada,0.021541,0.021542,0.021486,64.400000,6.5,6.484,6.5
17:23:36,1981,1,bajada,0.021541,0.021542,0.021486,64.400000,6.5,6.484,6.5
17:23:36,1982,1,bajada,0.021542,0.021542,0.021487,64.400000,6.483,6.5,6.5
17:23:36,1983,1,bajada,0.021542,0.021542,0.021486,64.400000,6.5,6.484,6.5
17:23:36,1984,1,bajada,0.021542,0.021542,0.021485,64.400000,6.5,6.484,6.5
17:23:36,1985,1,bajada,0.021543,0.021542,0.021486,64.400000,6.5,6.483,6.5
17:23:36,1986,1,bajada,0.021542,0.021542,0.021488,64.400000,6.5,6.484,6.5
17:23:36,1987,1,bajada,0.021541,0.021542,0.021486,64.400000,6.5,6.483,6.5
17:23:36,1988,1,bajada,0.021540,0.021542,0.021487,64.400000,6.5,6.484,6.5
17:23:36,1989,1,bajada,0.021540,0.021542,0.021485,64.400000,6.5,6.483,6.5
17:23:36,1990,1,bajada,0.021540,0.021541,0.021487,64.400000,6.5,6.483,6.5
17:23:36,1991,1,bajada,0.021539,0.021541,0.021488,64.400000,6.5,6.484,6.5
17:23:36,1992,1,bajada,0.021539,0.021541,0.021487,64.400000,6.5,6.483,6.5
17:23:37,1993,1,bajada,0.021539,0.021541,0.021486,64.400000,6.5,6.483,6.5
17:23:37,1994,1,bajada,0.021539,0.021541,0.021485,64.400000,6.5,6.483,6.5
17:23:37,1995,1,bajada,0.021538,0.021540,0.021485,64.400000,6.5,6.483,6.5
17:23:37,1996,1,bajada,0.021537,0.021540,0.021485,64.400000,6.5,6.483,6.5
17:23:37,1997,1,bajada,0.021537,0.021540,0.021486,64.400000,6.483,6.5,6.5
17:23:37,1998,1,bajada,0.021537,0.021540,0.021486,64.400000,6.5,6.483,6.5
17:23:37,1999,1,bajada,0.021537,0.021539,0.021486,64.400000,6.483,6.5,6.5
17:23:37,2000,1,bajada,0.021536,0.021539,0.021483,64.500000,6.5,6.484,6.5
17:23:37,2001,1,bajada,0.021535,0.021539,0.021483,64.500000,6.5,6.488,6.5
17:23:37,2002,1,bajada,0.021534,0.021538,0.021484,64.400000,6.5,6.493,6.5
17:23:37,2003,1,bajada,0.021534,0.021538,0.021484,64.400000,6.5,6.497,6.5
17:23:37,2004,1,bajada,0.021534,0.021537,0.021486,64.400000,6.5,6.498,6.5
17:23:37,2005,1,bajada,0.021534,0.021537,0.021487,64.400000,6.5,6.499,6.5
17:23:37,2006,1,bajada,0.021535,0.021537,0.021489,64.400000,6.5,6.5,6.5
17:23:37,2007,1,bajada,0.021534,0.021536,0.021493,64.400000,6.5,6.5,6.5
17:23:37,2008,1,bajada,0.021534,0.021536,0.021497,64.400000,6.5,6.501,6.5
17:23:37,2009,1,bajada,0.021534,0.021536,0.021499,64.400000,6.5,6.501,6.5
17:23:37,2010,1,bajada,0.021533,0.021536,0.021502,64.400000,6.5,6.501,6.5
17:23:37,2011,1,bajada,0.021533,0.021535,0.021504,64.400000,6.5,6.501,6.5
17:23:37,2012,1,bajada,0.021532,0.021535,0.021508,64.400000,6.5,6.501,6.5
17:23:37,2013,1,bajada,0.021532,0.021535,0.021514,64.400000,6.5,6.502,6.5
17:23:37,2014,1,bajada,0.021532,0.021535,0.021518,64.400000,6.5,6.501,6.5
17:23:37,2015,1,bajada,0.021532,0.021534,0.021519,64.400000,6.5,6.501,6.5
17:23:37,2016,1,bajada,0.021532,0.021534,0.021522,64.400000,6.5,6.501,6.5
17:23:38,2017,1,bajada,0.021532,0.021534,0.021523,64.400000,6.5,6.501,6.5
17:23:38,2018,1,bajada,0.021533,0.021534,0.021530,64.400000,6.5,6.501,6.5
17:23:38,2019,1,bajada,0.021533,0.021534,0.021534,64.400000,6.5,6.502,6.5
17:23:38,2020,1,bajada,0.021531,0.021533,0.021533,64.500000,6.5,6.501,6.5
17:23:38,2021,1,bajada,0.021531,0.021533,0.021534,64.500000,6.5,6.501,6.5
17:23:38,2022,1,bajada,0.021530,0.021533,0.021536,64.400000,6.5,6.501,6.5
17:23:38,2023,1,bajada,0.021530,0.021533,0.021538,64.400000,6.5,6.501,6.5
17:23:38,2024,1,bajada,0.021531,0.021532,0.021540,64.400000,6.5,6.501,6.5
17:23:38,2025,1,bajada,0.021532,0.021532,0.021543,64.400000,6.5,6.501,6.5
17:23:38,2026,1,bajada,0.021532,0.021532,0.021544,64.400000,6.5,6.501,6.5
17:23:38,2027,1,bajada,0.021531,0.021532,0.021544,64.400000,6.5,6.501,6.5
17:23:38,2028,1,bajada,0.021531,0.021532,0.021545,64.400000,6.5,6.501,6.5
17:23:38,2029,1,bajada,0.021530,0.021532,0.021547,64.400000,6.5,6.501,6.5
17:23:38,2030,1,bajada,0.021530,0.021532,0.021548,64.500000,6.5,6.501,6.5
17:23:38,2031,1,bajada,0.021530,0.021532,0.021548,64.500000,6.5,6.501,6.5
17:23:38,2032,1,bajada,0.021531,0.021531,0.021549,64.500000,6.5,6.501,6.5
17:23:38,2033,1,bajada,0.021530,0.021531,0.021550,64.500000,6.5,6.501,6.5
17:23:38,2034,1,bajada,0.021529,0.021531,0.021550,64.400000,6.5,6.501,6.5
17:23:38,2035,1,bajada,0.021529,0.021531,0.021552,64.400000,6.5,6.501,6.5
17:23:39,2036,1,bajada,0.021531,0.021531,0.021552,64.500000,6.5,6.5,6.5
17:23:39,2037,1,bajada,0.021532,0.021531,0.021553,64.500000,6.5,6.501,6.5
17:23:39,2038,1,bajada,0.021531,0.021531,0.021553,64.500000,6.501,6.5,6.5
17:23:39,2039,1,bajada,0.021531,0.021531,0.021553,64.500000,6.5,6.5,6.5
17:23:39,2040,1,bajada,0.021532,0.021531,0.021553,64.500000,6.501,6.5,6.5
17:23:39,2041,1,bajada,0.021533,0.021531,0.021555,64.500000,6.5,6.5,6.5
17:23:39,2042,1,bajada,0.021533,0.021531,0.021556,64.500000,6.5,6.5,6.5
17:23:39,2043,1,bajada,0.021532,0.021531,0.021555,64.500000,6.5,6.5,6.5
17:23:39,2044,1,bajada,0.021531,0.021531,0.021554,64.500000,6.5,6.5,6.5
17:23:39,2045,1,bajada,0.021532,0.021531,0.021554,64.500000,6.5,6.5,6.5
17:23:39,2046,1,bajada,0.021531,0.021531,0.021552,64.500000,6.5,6.5,6.5
17:23:39,2047,1,bajada,0.021531,0.021531,0.021554,64.500000,6.5,6.5,6.5
17:23:39,2048,1,bajada,0.021531,0.021531,0.021555,64.500000,6.5,6.5,6.5
17:23:39,2049,1,bajada,0.021532,0.021531,0.021554,64.500000,6.5,6.5,6.5
17:23:39,2050,1,bajada,0.021533,0.021532,0.021555,64.500000,6.5,6.5,6.5
17:23:39,2051,1,bajada,0.021531,0.021532,0.021555,64.500000,6.5,6.5,6.5
17:23:39,2052,1,bajada,0.021530,0.021531,0.021554,64.500000,6.5,6.5,6.5
17:23:39,2053,1,bajada,0.021529,0.021531,0.021555,64.500000,6.5,6.499,6.5
17:23:39,2054,1,bajada,0.021528,0.021531,0.021554,64.500000,6.5,6.5,6.5
17:23:40,2055,1,bajada,0.021528,0.021531,0.021554,64.500000,6.5,6.5,6.5
17:23:40,2056,1,bajada,0.021528,0.021530,0.021555,64.500000,6.5,6.499,6.5
17:23:40,2057,1,bajada,0.021529,0.021530,0.021555,64.500000,6.5,6.499,6.5
17:23:40,2058,1,bajada,0.021528,0.021530,0.021554,64.500000,6.499,6.5,6.5
17:23:40,2059,1,bajada,0.021527,0.021530,0.021554,64.500000,6.5,6.499,6.5
17:23:40,2060,1,bajada,0.021528,0.021529,0.021555,64.500000,6.5,6.5,6.5
17:23:40,2061,1,bajada,0.021528,0.021529,0.021554,64.500000,6.5,6.499,6.5
17:23:40,2062,1,bajada,0.021528,0.021529,0.021554,64.500000,6.5,6.5,6.5
17:23:40,2063,1,bajada,0.021528,0.021529,0.021556,64.500000,6.5,6.5,6.5
17:23:40,2064,1,bajada,0.021527,0.021529,0.021556,64.500000,6.5,6.499,6.5
17:23:40,2065,1,bajada,0.021526,0.021529,0.021556,64.500000,6.5,6.5,6.5
17:23:40,2066,1,bajada,0.021525,0.021528,0.021555,64.500000,6.5,6.499,6.5
17:23:40,2067,1,bajada,0.021525,0.021528,0.021554,64.500000,6.5,6.499,6.5
17:23:40,2068,1,bajada,0.021526,0.021528,0.021556,64.500000,6.5,6.5,6.5
17:23:40,2069,1,bajada,0.021526,0.021528,0.021556,64.500000,6.5,6.499,6.5
17:23:40,2070,1,bajada,0.021525,0.021527,0.021556,64.500000,6.5,6.5,6.5
17:23:40,2071,1,bajada,0.021525,0.021527,0.021554,64.500000,6.499,6.5,6.5
17:23:40,2072,1,bajada,0.021525,0.021527,0.021554,64.500000,6.5,6.499,6.5
17:23:40,2073,1,bajada,0.021525,0.021527,0.021552,64.500000,6.5,6.499,6.5
17:23:40,2074,1,bajada,0.021525,0.021527,0.021553,64.500000,6.5,6.499,6.5
17:23:40,2075,1,bajada,0.021525,0.021526,0.021554,64.500000,6.499,6.5,6.5
17:23:40,2076,1,bajada,0.021524,0.021526,0.021554,64.500000,6.499,6.5,6.5
17:23:40,2077,1,bajada,0.021524,0.021526,0.021554,64.500000,6.5,6.499,6.5
17:23:40,2078,1,bajada,0.021523,0.021526,0.021554,64.500000,6.5,6.499,6.5
17:23:41,2079,1,bajada,0.021522,0.021525,0.021554,64.500000,6.5,6.499,6.5
17:23:41,2080,1,bajada,0.021522,0.021525,0.021554,64.500000,6.499,6.5,6.5
17:23:41,2081,1,bajada,0.021521,0.021525,0.021551,64.500000,6.5,6.499,6.5
17:23:41,2082,1,bajada,0.021522,0.021524,0.021553,64.500000,6.5,6.499,6.5
17:23:41,2083,1,bajada,0.021521,0.021524,0.021554,64.500000,6.5,6.499,6.5
17:23:41,2084,1,bajada,0.021521,0.021524,0.021553,64.500000,6.5,6.499,6.5
17:23:41,2085,1,bajada,0.021522,0.021524,0.021552,64.500000,6.5,6.499,6.5
17:23:41,2086,1,bajada,0.021522,0.021524,0.021553,64.500000,6.5,6.499,6.5
17:23:41,2087,1,bajada,0.021522,0.021523,0.021553,64.500000,6.5,6.499,6.5
17:23:41,2088,1,bajada,0.021522,0.021523,0.021555,64.500000,6.5,6.499,6.5
17:23:41,2089,1,bajada,0.021522,0.021523,0.021556,64.500000,6.5,6.499,6.5
17:23:41,2090,1,bajada,0.021522,0.021523,0.021555,64.500000,6.5,6.499,6.5
17:23:41,2091,1,bajada,0.021522,0.021523,0.021554,64.500000,6.5,6.499,6.5
17:23:41,2092,1,bajada,0.021522,0.021523,0.021555,64.500000,6.5,6.499,6.5
17:23:41,2093,1,bajada,0.021522,0.021523,0.021556,64.500000,6.5,6.499,6.5
17:23:41,2094,1,bajada,0.021521,0.021523,0.021558,64.500000,6.5,6.499,6.5
17:23:41,2095,1,bajada,0.021521,0.021522,0.021556,64.500000,6.5,6.499,6.5
17:23:41,2096,1,bajada,0.021520,0.021522,0.021555,64.500000,6.5,6.499,6.5
17:23:41,2097,1,bajada,0.021520,0.021522,0.021556,64.500000,6.5,6.499,6.5
17:23:41,2098,1,bajada,0.021520,0.021522,0.021555,64.500000,6.5,6.499,6.5
17:23:42,2099,1,bajada,0.021519,0.021522,0.021557,64.500000,6.5,6.499,6.5
17:23:42,2100,1,bajada,0.021518,0.021521,0.021556,64.500000,6.5,6.499,6.5
17:23:42,2101,1,bajada,0.021518,0.021521,0.021556,64.500000,6.5,6.499,6.5
17:23:42,2102,1,bajada,0.021518,0.021521,0.021557,64.500000,6.5,6.499,6.5
17:23:42,2103,1,bajada,0.021517,0.021520,0.021557,64.500000,6.5,6.499,6.5
17:23:42,2104,1,bajada,0.021517,0.021520,0.021556,64.500000,6.5,6.499,6.5
17:23:42,2105,1,bajada,0.021517,0.021520,0.021557,64.500000,6.5,6.5,6.5
17:23:42,2106,1,bajada,0.021516,0.021519,0.021558,64.500000,6.5,6.499,6.5
17:23:42,2107,1,bajada,0.021516,0.021519,0.021558,64.500000,6.5,6.499,6.5
17:23:42,2108,1,bajada,0.021517,0.021519,0.021557,64.500000,6.5,6.499,6.5
17:23:42,2109,1,bajada,0.021516,0.021519,0.021557,64.500000,6.5,6.499,6.5
17:23:42,2110,1,bajada,0.021516,0.021518,0.021556,64.500000,6.5,6.499,6.5
17:23:42,2111,1,bajada,0.021516,0.021518,0.021556,64.500000,6.5,6.5,6.5
17:23:42,2112,1,bajada,0.021517,0.021518,0.021558,64.500000,6.5,6.499,6.5
17:23:42,2113,1,bajada,0.021517,0.021518,0.021558,64.500000,6.5,6.499,6.5
17:23:42,2114,1,bajada,0.021518,0.021518,0.021558,64.500000,6.5,6.499,6.5
17:23:42,2115,1,bajada,0.021517,0.021518,0.021558,64.500000,6.5,6.499,6.5
17:23:42,2116,1,bajada,0.021516,0.021518,0.021557,64.500000,6.5,6.5,6.5
17:23:42,2117,1,bajada,0.021515,0.021517,0.021557,64.500000,6.5,6.499,6.5
17:23:42,2118,1,bajada,0.021515,0.021517,0.021557,64.500000,6.5,6.5,6.5
17:23:43,2119,1,bajada,0.021514,0.021517,0.021554,64.500000,6.499,6.5,6.5
17:23:43,2120,1,bajada,0.021513,0.021517,0.021555,64.500000,6.5,6.5,6.5
17:23:43,2121,1,bajada,0.021513,0.021516,0.021556,64.500000,6.5,6.5,6.5
17:23:43,2122,1,bajada,0.021513,0.021516,0.021556,64.500000,6.5,6.499,6.5
17:23:43,2123,1,bajada,0.021513,0.021516,0.021556,64.500000,6.5,6.5,6.5
17:23:43,2124,1,bajada,0.021513,0.021515,0.021556,64.500000,6.5,6.5,6.5
17:23:43,2125,1,bajada,0.021514,0.021515,0.021555,64.500000,6.5,6.5,6.5
17:23:43,2126,1,bajada,0.021514,0.021515,0.021554,64.500000,6.5,6.5,6.5
17:23:43,2127,1,bajada,0.021513,0.021515,0.021554,64.500000,6.5,6.5,6.5
17:23:43,2128,1,bajada,0.021512,0.021515,0.021554,64.500000,6.5,6.5,6.5
17:23:43,2129,1,bajada,0.021511,0.021514,0.021556,64.500000,6.5,6.499,6.5
17:23:43,2130,1,bajada,0.021511,0.021514,0.021555,64.500000,6.5,6.5,6.5
17:23:43,2131,1,bajada,0.021511,0.021514,0.021556,64.500000,6.5,6.5,6.5
17:23:43,2132,1,bajada,0.021511,0.021513,0.021558,64.500000,6.5,6.5,6.5
17:23:43,2133,1,bajada,0.021513,0.021513,0.021557,64.500000,6.5,6.5,6.5
17:23:43,2134,1,bajada,0.021513,0.021513,0.021558,64.500000,6.5,6.5,6.5
17:23:43,2135,1,bajada,0.021512,0.021513,0.021557,64.500000,6.5,6.5,6.5
17:23:43,2136,1,bajada,0.021512,0.021513,0.021558,64.500000,6.5,6.5,6.5
17:23:43,2137,1,bajada,0.021512,0.021513,0.021560,64.500000,6.5,6.5,6.5
17:23:43,2138,1,bajada,0.021512,0.021513,0.021559,64.500000,6.5,6.5,6.5
17:23:43,2139,1,bajada,0.021511,0.021513,0.021559,64.500000,6.5,6.5,6.5
17:23:44,2140,1,bajada,0.021510,0.021513,0.021557,64.500000,6.5,6.5,6.5
17:23:44,2141,1,bajada,0.021510,0.021512,0.021557,64.500000,6.5,6.5,6.5
17:23:44,2142,1,bajada,0.021510,0.021512,0.021557,64.500000,6.5,6.5,6.5
17:23:44,2143,1,bajada,0.021509,0.021512,0.021556,64.500000,6.5,6.5,6.5
17:23:44,2144,1,bajada,0.021510,0.021512,0.021558,64.500000,6.5,6.5,6.5
17:23:44,2145,1,bajada,0.021510,0.021511,0.021558,64.500000,6.5,6.5,6.5
17:23:44,2146,1,bajada,0.021510,0.021511,0.021558,64.500000,6.5,6.5,6.5
17:23:44,2147,1,bajada,0.021511,0.021511,0.021558,64.500000,6.5,6.5,6.5
17:23:44,2148,1,bajada,0.021512,0.021511,0.021557,64.500000,6.5,6.5,6.5
17:23:44,2149,1,bajada,0.021512,0.021511,0.021557,64.500000,6.5,6.5,6.5
17:23:44,2150,1,bajada,0.021509,0.021511,0.021557,64.500000,6.5,6.5,6.5
17:23:44,2151,1,bajada,0.021507,0.021511,0.021560,64.500000,6.5,6.5,6.5
17:23:44,2152,1,bajada,0.021507,0.021510,0.021560,64.500000,6.5,6.5,6.5
17:23:44,2153,1,bajada,0.021507,0.021510,0.021560,64.500000,6.5,6.5,6.5
17:23:44,2154,1,bajada,0.021507,0.021510,0.021559,64.500000,6.5,6.5,6.5
17:23:44,2155,1,bajada,0.021507,0.021510,0.021560,64.500000,6.5,6.5,6.5
17:23:44,2156,1,bajada,0.021507,0.021509,0.021558,64.500000,6.5,6.5,6.5
17:23:44,2157,1,bajada,0.021506,0.021509,0.021558,64.500000,6.5,6.5,6.5
17:23:44,2158,1,bajada,0.021506,0.021509,0.021556,64.500000,6.5,6.5,6.5
17:23:45,2159,1,bajada,0.021506,0.021508,0.021559,64.500000,6.5,6.5,6.5
17:23:45,2160,1,bajada,0.021505,0.021508,0.021560,64.500000,6.5,6.5,6.5
17:23:45,2161,1,bajada,0.021504,0.021508,0.021559,64.500000,6.5,6.5,6.5
17:23:45,2162,1,bajada,0.021505,0.021507,0.021559,64.500000,6.5,6.5,6.5
17:23:45,2163,1,bajada,0.021505,0.021507,0.021558,64.500000,6.5,6.5,6.5
17:23:45,2164,1,bajada,0.021505,0.021507,0.021560,64.500000,6.5,6.5,6.5
17:23:45,2165,1,bajada,0.021505,0.021507,0.021560,64.500000,6.5,6.5,6.5
17:23:45,2166,1,bajada,0.021505,0.021507,0.021558,64.500000,6.5,6.5,6.5
17:23:45,2167,1,bajada,0.021505,0.021507,0.021559,64.500000,6.5,6.5,6.5
17:23:45,2168,1,bajada,0.021505,0.021506,0.021560,64.500000,6.5,6.5,6.5
17:23:45,2169,1,bajada,0.021505,0.021506,0.021559,64.500000,6.5,6.5,6.5
17:23:45,2170,1,bajada,0.021505,0.021506,0.021561,64.500000,6.5,6.501,6.5
17:23:45,2171,1,bajada,0.021504,0.021506,0.021558,64.500000,6.5,6.5,6.5
17:23:45,2172,1,bajada,0.021502,0.021506,0.021559,64.500000,6.5,6.501,6.5
17:23:45,2173,1,bajada,0.021502,0.021505,0.021556,64.500000,6.5,6.5,6.5
17:23:45,2174,1,bajada,0.021501,0.021505,0.021557,64.500000,6.5,6.5,6.5
17:23:45,2175,1,bajada,0.021501,0.021505,0.021559,64.500000,6.5,6.5,6.5
17:23:45,2176,1,bajada,0.021502,0.021504,0.021559,64.500000,6.5,6.501,6.5
17:23:46,2177,1,bajada,0.021502,0.021504,0.021558,64.500000,6.5,6.5,6.5
17:23:46,2178,1,bajada,0.021502,0.021504,0.021558,64.500000,6.5,6.501,6.5
17:23:46,2179,1,bajada,0.021502,0.021504,0.021559,64.500000,6.5,6.5,6.5
17:23:46,2180,1,bajada,0.021502,0.021504,0.021559,64.500000,6.5,6.5,6.5
17:23:46,2181,1,bajada,0.021502,0.021503,0.021560,64.500000,6.5,6.501,6.5
17:23:46,2182,1,bajada,0.021501,0.021503,0.021559,64.500000,6.5,6.501,6.5
17:23:46,2183,1,bajada,0.021501,0.021503,0.021559,64.500000,6.5,6.5,6.5
17:23:46,2184,1,bajada,0.021501,0.021503,0.021559,64.500000,6.501,6.5,6.5
17:23:46,2185,1,bajada,0.021501,0.021503,0.021558,64.500000,6.5,6.5,6.5
17:23:46,2186,1,bajada,0.021500,0.021503,0.021560,64.500000,6.5,6.5,6.5
17:23:46,2187,1,bajada,0.021499,0.021502,0.021560,64.500000,6.5,6.501,6.5
17:23:46,2188,1,bajada,0.021500,0.021502,0.021559,64.500000,6.501,6.5,6.5
17:23:46,2189,1,bajada,0.021501,0.021502,0.021559,64.500000,6.5,6.5,6.5
17:23:46,2190,1,bajada,0.021503,0.021502,0.021560,64.500000,6.5,6.501,6.5
17:23:46,2191,1,bajada,0.021505,0.021502,0.021560,64.500000,6.5,6.5,6.5
17:23:46,2192,1,bajada,0.021509,0.021503,0.021560,64.500000,6.5,6.5,6.5
17:23:46,2193,1,bajada,0.021513,0.021504,0.021559,64.500000,6.5,6.501,6.5
17:23:46,2194,1,bajada,0.021516,0.021505,0.021560,64.500000,6.5,6.501,6.5
17:23:46,2195,1,bajada,0.021520,0.021507,0.021559,64.500000,6.5,6.5,6.5
17:23:46,2196,1,bajada,0.021523,0.021508,0.021560,64.500000,6.5,6.501,6.5
17:23:46,2197,1,bajada,0.021528,0.021510,0.021559,64.500000,6.5,6.5,6.5
17:23:46,2198,1,bajada,0.021532,0.021512,0.021558,64.500000,6.5,6.501,6.5
17:23:47,2199,1,bajada,0.021535,0.021514,0.021560,64.500000,6.5,6.5,6.5
17:23:47,2200,1,bajada,0.021538,0.021516,0.021558,64.500000,6.5,6.5,6.5
17:23:47,2201,1,bajada,0.021539,0.021519,0.021561,64.500000,6.5,6.5,6.5
17:23:47,2202,1,bajada,0.021542,0.021521,0.021560,64.500000,6.5,6.5,6.5
17:23:47,2203,1,bajada,0.021546,0.021523,0.021561,64.500000,6.5,6.501,6.5
17:23:47,2204,1,bajada,0.021549,0.021526,0.021560,64.500000,6.5,6.5,6.5
17:23:47,2205,1,bajada,0.021550,0.021528,0.021559,64.500000,6.5,6.5,6.5
17:23:47,2206,1,bajada,0.021553,0.021530,0.021560,64.500000,6.5,6.501,6.5
17:23:47,2207,1,bajada,0.021555,0.021533,0.021561,64.500000,6.5,6.5,6.5
17:23:47,2208,1,bajada,0.021557,0.021535,0.021561,64.500000,6.5,6.501,6.5
17:23:47,2209,1,bajada,0.021558,0.021537,0.021561,64.500000,6.5,6.5,6.5
17:23:47,2210,1,bajada,0.021559,0.021539,0.021560,64.500000,6.5,6.501,6.5
17:23:47,2211,1,bajada,0.021560,0.021541,0.021558,64.500000,6.5,6.5,6.5
17:23:47,2212,1,bajada,0.021560,0.021543,0.021558,64.500000,6.5,6.5,6.5
17:23:47,2213,1,bajada,0.021562,0.021545,0.021558,64.500000,6.5,6.5,6.5
17:23:47,2214,1,bajada,0.021563,0.021547,0.021557,64.500000,6.5,6.501,6.5
17:23:47,2215,1,bajada,0.021563,0.021548,0.021559,64.500000,6.5,6.5,6.5
17:23:47,2216,1,bajada,0.021564,0.021550,0.021558,64.500000,6.5,6.501,6.5
17:23:47,2217,1,bajada,0.021565,0.021551,0.021557,64.500000,6.5,6.501,6.5
17:23:47,2218,1,bajada,0.021566,0.021553,0.021557,64.500000,6.5,6.501,6.5
17:23:47,2219,1,bajada,0.021566,0.021554,0.021557,64.500000,6.5,6.5,6.5
17:23:48,2220,1,bajada,0.021567,0.021555,0.021558,64.500000,6.5,6.501,6.5
17:23:48,2221,1,bajada,0.021568,0.021556,0.021557,64.500000,6.5,6.501,6.5
17:23:48,2222,1,bajada,0.021568,0.021557,0.021558,64.500000,6.5,6.5,6.5
17:23:48,2223,1,bajada,0.021568,0.021558,0.021557,64.500000,6.5,6.501,6.5
17:23:48,2224,1,bajada,0.021569,0.021560,0.021560,64.500000,6.5,6.5,6.5
17:23:48,2225,1,bajada,0.021570,0.021561,0.021559,64.500000,6.5,6.501,6.5
17:23:48,2226,1,bajada,0.021572,0.021562,0.021560,64.500000,6.5,6.501,6.5
17:23:48,2227,1,bajada,0.021571,0.021562,0.021561,64.500000,6.5,6.501,6.5
17:23:48,2228,1,bajada,0.008161,0.008161,0.008144,64.600000,3.5,3.498,3.5
17:24:17,2229,1,bajada,0.008162,0.008161,0.008143,64.600000,3.5,3.495,3.5
17:24:18,2230,1,bajada,0.008161,0.008161,0.008144,64.600000,3.5,3.495,3.5
17:24:18,2231,1,bajada,0.008160,0.008161,0.008143,64.600000,3.5,3.495,3.5
17:24:18,2232,1,bajada,0.008160,0.008161,0.008141,64.600000,3.5,3.495,3.5
17:24:18,2233,1,bajada,0.008160,0.008161,0.008140,64.600000,3.5,3.495,3.5
17:24:18,2234,1,bajada,0.008159,0.008161,0.008143,64.600000,3.5,3.495,3.5
17:24:18,2235,1,bajada,0.008157,0.008160,0.008142,64.600000,3.5,3.495,3.5
17:24:18,2236,1,bajada,0.008156,0.008160,0.008143,64.600000,3.5,3.495,3.5
17:24:18,2237,1,bajada,0.008157,0.008160,0.008142,64.600000,3.5,3.495,3.5
17:24:18,2238,1,bajada,0.008158,0.008159,0.008142,64.600000,3.5,3.495,3.5
17:24:18,2239,1,bajada,0.008159,0.008159,0.008141,64.600000,3.495,3.5,3.5
17:24:18,2240,1,bajada,0.008159,0.008159,0.008139,64.600000,3.5,3.495,3.5
17:24:18,2241,1,bajada,0.008160,0.008159,0.008139,64.600000,3.5,3.495,3.5
17:24:18,2242,1,bajada,0.008160,0.008160,0.008139,64.600000,3.5,3.495,3.5
17:24:18,2243,1,bajada,0.008159,0.008160,0.008139,64.600000,3.5,3.495,3.5
17:24:18,2244,1,bajada,0.008158,0.008159,0.008139,64.600000,3.495,3.5,3.5
17:24:18,2245,1,bajada,0.008158,0.008159,0.008138,64.600000,3.5,3.495,3.5
17:24:18,2246,1,bajada,0.008158,0.008159,0.008138,64.600000,3.5,3.495,3.5
17:24:18,2247,1,bajada,0.008158,0.008159,0.008135,64.600000,3.5,3.495,3.5
17:24:18,2248,1,bajada,0.008158,0.008159,0.008136,64.600000,3.5,3.495,3.5
17:24:18,2249,1,bajada,0.008157,0.008159,0.008134,64.600000,3.5,3.494,3.5
17:24:18,2250,1,bajada,0.008157,0.008159,0.008133,64.600000,3.5,3.495,3.5
17:24:19,2251,1,bajada,0.008158,0.008159,0.008134,64.600000,3.5,3.494,3.5
17:24:19,2252,1,bajada,0.008158,0.008158,0.008135,64.600000,3.5,3.494,3.5
17:24:19,2253,1,bajada,0.008158,0.008158,0.008136,64.600000,3.5,3.495,3.5
17:24:19,2254,1,bajada,0.008159,0.008158,0.008137,64.600000,3.5,3.495,3.5
17:24:19,2255,1,bajada,0.008159,0.008158,0.008139,64.600000,3.5,3.495,3.5
17:24:19,2256,1,bajada,0.008159,0.008159,0.008136,64.600000,3.5,3.495,3.5
17:24:19,2257,1,bajada,0.008158,0.008158,0.008136,64.600000,3.5,3.495,3.5
17:24:19,2258,1,bajada,0.008158,0.008158,0.008138,64.600000,3.494,3.5,3.5
17:24:19,2259,1,bajada,0.008157,0.008158,0.008138,64.600000,3.5,3.494,3.5
17:24:19,2260,1,bajada,0.008157,0.008158,0.008137,64.600000,3.5,3.495,3.5
17:24:19,2261,1,bajada,0.008157,0.008158,0.008137,64.600000,3.5,3.494,3.5
17:24:19,2262,1,bajada,0.008157,0.008158,0.008138,64.600000,3.5,3.495,3.5
17:24:19,2263,1,bajada,0.008157,0.008158,0.008137,64.600000,3.5,3.494,3.5
17:24:19,2264,1,bajada,0.008156,0.008158,0.008138,64.600000,3.5,3.495,3.5
17:24:19,2265,1,bajada,0.008156,0.008158,0.008136,64.600000,3.5,3.494,3.5
17:24:19,2266,1,bajada,0.008157,0.008157,0.008137,64.600000,3.5,3.495,3.5
17:24:19,2267,1,bajada,0.008158,0.008157,0.008136,64.600000,3.5,3.494,3.5
17:24:19,2268,1,bajada,0.008157,0.008157,0.008139,64.600000,3.5,3.494,3.5
17:24:19,2269,1,bajada,0.008156,0.008157,0.008135,64.600000,3.5,3.495,3.5
17:24:19,2270,1,bajada,0.008155,0.008157,0.008135,64.600000,3.5,3.495,3.5
17:24:19,2271,1,bajada,0.008154,0.008157,0.008136,64.600000,3.5,3.494,3.5
17:24:19,2272,1,bajada,0.008155,0.008157,0.008135,64.600000,3.5,3.495,3.5
17:24:20,2273,1,bajada,0.008154,0.008156,0.008135,64.600000,3.5,3.494,3.5
17:24:20,2274,1,bajada,0.008154,0.008156,0.008137,64.600000,3.5,3.494,3.5
17:24:20,2275,1,bajada,0.008154,0.008156,0.008136,64.600000,3.5,3.494,3.5
17:24:20,2276,1,bajada,0.008155,0.008156,0.008137,64.600000,3.5,3.494,3.5
17:24:20,2277,1,bajada,0.008156,0.008156,0.008138,64.600000,3.5,3.494,3.5
17:24:20,2278,1,bajada,0.008155,0.008156,0.008136,64.600000,3.5,3.495,3.5
17:24:20,2279,1,bajada,0.008154,0.008156,0.008136,64.600000,3.5,3.495,3.5
17:24:20,2280,1,bajada,0.008154,0.008155,0.008136,64.600000,3.5,3.495,3.5
17:24:20,2281,1,bajada,0.008154,0.008155,0.008136,64.600000,3.5,3.494,3.5
17:24:20,2282,1,bajada,0.008155,0.008155,0.008137,64.600000,3.5,3.494,3.5
17:24:20,2283,1,bajada,0.008155,0.008155,0.008136,64.600000,3.5,3.494,3.5
17:24:20,2284,1,bajada,0.008155,0.008155,0.008136,64.600000,3.5,3.494,3.5
17:24:20,2285,1,bajada,0.008155,0.008155,0.008134,64.600000,3.5,3.494,3.5
17:24:20,2286,1,bajada,0.008156,0.008155,0.008136,64.600000,3.5,3.494,3.5
17:24:20,2287,1,bajada,0.008156,0.008155,0.008135,64.600000,3.5,3.494,3.5
17:24:20,2288,1,bajada,0.008156,0.008155,0.008134,64.600000,3.494,3.5,3.5
17:24:20,2289,1,bajada,0.008155,0.008155,0.008136,64.600000,3.5,3.494,3.5
17:24:20,2290,1,bajada,0.008155,0.008155,0.008136,64.600000,3.5,3.494,3.5
17:24:20,2291,1,bajada,0.008154,0.008155,0.008137,64.600000,3.494,3.5,3.5
17:24:20,2292,1,bajada,0.008154,0.008155,0.008136,64.600000,3.5,3.494,3.5
17:24:20,2293,1,bajada,0.008156,0.008155,0.008136,64.600000,3.5,3.494,3.5
17:24:20,2294,1,bajada,0.008156,0.008155,0.008136,64.600000,3.5,3.494,3.5
17:24:20,2295,1,bajada,0.008156,0.008155,0.008135,64.600000,3.5,3.494,3.5
17:24:20,2296,1,bajada,0.008155,0.008155,0.008135,64.600000,3.5,3.494,3.5
17:24:21,2297,1,bajada,0.008156,0.008155,0.008134,64.600000,3.5,3.494,3.5
17:24:21,2298,1,bajada,0.008157,0.008155,0.008134,64.600000,3.5,3.494,3.5
17:24:21,2299,1,bajada,0.008157,0.008156,0.008133,64.600000,3.5,3.494,3.5
17:24:21,2300,1,bajada,0.008158,0.008156,0.008131,64.600000,3.5,3.494,3.5
17:24:21,2301,1,bajada,0.008157,0.008156,0.008131,64.600000,3.494,3.5,3.5
17:24:21,2302,1,bajada,0.008156,0.008156,0.008134,64.600000,3.5,3.494,3.5
17:24:21,2303,1,bajada,0.008156,0.008156,0.008134,64.600000,3.5,3.494,3.5
17:24:21,2304,1,bajada,0.008154,0.008156,0.008133,64.600000,3.5,3.494,3.5
17:24:21,2305,1,bajada,0.008154,0.008156,0.008132,64.600000,3.5,3.494,3.5
17:24:21,2306,1,bajada,0.008154,0.008156,0.008133,64.600000,3.5,3.494,3.5
17:24:21,2307,1,bajada,0.008154,0.008155,0.008134,64.600000,3.5,3.494,3.5
17:24:21,2308,1,bajada,0.008154,0.008155,0.008132,64.600000,3.5,3.494,3.5
17:24:21,2309,1,bajada,0.008154,0.008155,0.008131,64.600000,3.5,3.494,3.5
17:24:21,2310,1,bajada,0.008153,0.008155,0.008132,64.600000,3.5,3.494,3.5
17:24:21,2311,1,bajada,0.008153,0.008155,0.008130,64.600000,3.5,3.493,3.5
17:24:21,2312,1,bajada,0.008154,0.008155,0.008131,64.500000,3.5,3.494,3.5
17:24:21,2313,1,bajada,0.008156,0.008155,0.008131,64.500000,3.5,3.494,3.5
17:24:21,2314,1,bajada,0.008157,0.008155,0.008132,64.500000,3.5,3.494,3.5
17:24:21,2315,1,bajada,0.008156,0.008155,0.008134,64.500000,3.5,3.494,3.5
17:24:22,2316,1,bajada,0.008155,0.008155,0.008133,64.600000,3.5,3.493,3.5
17:24:22,2317,1,bajada,0.008155,0.008155,0.008132,64.600000,3.5,3.494,3.5
17:24:22,2318,1,bajada,0.008154,0.008155,0.008131,64.600000,3.5,3.493,3.5
17:24:22,2319,1,bajada,0.008154,0.008155,0.008131,64.600000,3.5,3.493,3.5
17:24:22,2320,1,bajada,0.008154,0.008155,0.008132,64.500000,3.494,3.5,3.5
17:24:22,2321,1,bajada,0.008154,0.008155,0.008131,64.500000,3.5,3.493,3.5
17:24:22,2322,1,bajada,0.008153,0.008155,0.008130,64.500000,3.5,3.493,3.5
17:24:22,2323,1,bajada,0.008153,0.008154,0.008132,64.500000,3.5,3.494,3.5
17:24:22,2324,1,bajada,0.008153,0.008154,0.008130,64.500000,3.5,3.493,3.5
17:24:22,2325,1,bajada,0.008152,0.008154,0.008130,64.500000,3.5,3.493,3.5
17:24:22,2326,1,bajada,0.008153,0.008154,0.008129,64.500000,3.5,3.493,3.5
17:24:22,2327,1,bajada,0.008153,0.008154,0.008129,64.500000,3.5,3.493,3.5
17:24:22,2328,1,bajada,0.008152,0.008154,0.008131,64.500000,3.5,3.493,3.5
17:24:22,2329,1,bajada,0.008151,0.008153,0.008130,64.500000,3.5,3.493,3.5
17:24:22,2330,1,bajada,0.008151,0.008153,0.008128,64.500000,3.5,3.492,3.5
17:24:22,2331,1,bajada,0.008151,0.008153,0.008128,64.500000,3.5,3.493,3.5
17:24:22,2332,1,bajada,0.008151,0.008153,0.008129,64.500000,3.493,3.5,3.5
17:24:22,2333,1,bajada,0.008150,0.008153,0.008129,64.500000,3.5,3.493,3.5
17:24:22,2334,1,bajada,0.008150,0.008152,0.008128,64.500000,3.5,3.493,3.5
17:24:22,2335,1,bajada,0.008149,0.008152,0.008130,64.500000,3.5,3.493,3.5
17:24:22,2336,1,bajada,0.008149,0.008152,0.008129,64.500000,3.5,3.493,3.5
17:24:23,2337,1,bajada,0.008150,0.008152,0.008130,64.500000,3.493,3.5,3.5
17:24:23,2338,1,bajada,0.008150,0.008151,0.008131,64.500000,3.5,3.492,3.5
17:24:23,2339,1,bajada,0.008150,0.008151,0.008129,64.500000,3.5,3.493,3.5
17:24:23,2340,1,bajada,0.008150,0.008151,0.008129,64.500000,3.5,3.492,3.5
17:24:23,2341,1,bajada,0.008150,0.008151,0.008127,64.500000,3.5,3.493,3.5
17:24:23,2342,1,bajada,0.008150,0.008151,0.008128,64.500000,3.5,3.492,3.5
17:24:23,2343,1,bajada,0.008149,0.008151,0.008127,64.500000,3.5,3.493,3.5
17:24:23,2344,1,bajada,0.008149,0.008151,0.008126,64.500000,3.5,3.492,3.5
17:24:23,2345,1,bajada,0.008148,0.008150,0.008127,64.500000,3.5,3.492,3.5
17:24:23,2346,1,bajada,0.008149,0.008150,0.008127,64.500000,3.5,3.492,3.5
17:24:23,2347,1,bajada,0.008150,0.008150,0.008128,64.500000,3.5,3.492,3.5
17:24:23,2348,1,bajada,0.008150,0.008150,0.008126,64.500000,3.5,3.492,3.5
17:24:23,2349,1,bajada,0.008149,0.008150,0.008125,64.500000,3.5,3.492,3.5
17:24:23,2350,1,bajada,0.008149,0.008150,0.008123,64.500000,3.5,3.492,3.5
17:24:23,2351,1,bajada,0.008149,0.008150,0.008126,64.500000,3.5,3.492,3.5
17:24:23,2352,1,bajada,0.008149,0.008150,0.008126,64.500000,3.5,3.492,3.5
17:24:23,2353,1,bajada,0.008149,0.008150,0.008128,64.500000,3.5,3.492,3.5
17:24:23,2354,1,bajada,0.008149,0.008150,0.008127,64.500000,3.5,3.492,3.5
17:24:23,2355,1,bajada,0.008149,0.008150,0.008126,64.500000,3.492,3.5,3.5
17:24:23,2356,1,bajada,0.008150,0.008150,0.008127,64.500000,3.5,3.492,3.5
17:24:23,2357,1,bajada,0.008150,0.008150,0.008128,64.500000,3.5,3.492,3.5
17:24:24,2358,1,bajada,0.008150,0.008150,0.008127,64.500000,3.5,3.492,3.5
17:24:24,2359,1,bajada,0.008150,0.008150,0.008128,64.500000,3.5,3.492,3.5
17:24:24,2360,1,bajada,0.008149,0.008150,0.008128,64.500000,3.5,3.492,3.5
17:24:24,2361,1,bajada,0.008149,0.008150,0.008127,64.500000,3.5,3.492,3.5
17:24:24,2362,1,bajada,0.008149,0.008149,0.008128,64.500000,3.492,3.5,3.5
17:24:24,2363,1,bajada,0.008147,0.008149,0.008128,64.500000,3.5,3.492,3.5
17:24:24,2364,1,bajada,0.008147,0.008149,0.008129,64.500000,3.492,3.5,3.5
17:24:24,2365,1,bajada,0.008147,0.008149,0.008128,64.500000,3.5,3.492,3.5
17:24:24,2366,1,bajada,0.008147,0.008149,0.008127,64.500000,3.5,3.492,3.5
17:24:24,2367,1,bajada,0.008147,0.008148,0.008126,64.500000,3.5,3.492,3.5
17:24:24,2368,1,bajada,0.008149,0.008148,0.008126,64.500000,3.5,3.492,3.5
17:24:24,2369,1,bajada,0.008149,0.008148,0.008125,64.500000,3.492,3.5,3.5
17:24:24,2370,1,bajada,0.008148,0.008148,0.008125,64.500000,3.5,3.492,3.5
17:24:24,2371,1,bajada,0.008148,0.008148,0.008126,64.500000,3.5,3.492,3.5
17:24:24,2372,1,bajada,0.008148,0.008148,0.008126,64.500000,3.5,3.492,3.5
17:24:24,2373,1,bajada,0.008148,0.008148,0.008127,64.500000,3.492,3.5,3.5
17:24:24,2374,1,bajada,0.008148,0.008148,0.008125,64.500000,3.492,3.5,3.5
17:24:24,2375,1,bajada,0.008148,0.008148,0.008126,64.500000,3.5,3.491,3.5
17:24:24,2376,1,bajada,0.008147,0.008148,0.008124,64.500000,3.5,3.492,3.5
17:24:24,2377,1,bajada,0.008146,0.008148,0.008125,64.500000,3.5,3.492,3.5
17:24:24,2378,1,bajada,0.008146,0.008148,0.008124,64.500000,3.5,3.492,3.5
17:24:24,2379,1,bajada,0.008147,0.008148,0.008126,64.500000,3.492,3.5,3.5
17:24:25,2380,1,bajada,0.008148,0.008148,0.008126,64.500000,3.5,3.492,3.5
17:24:25,2381,1,bajada,0.008148,0.008148,0.008124,64.500000,3.5,3.492,3.5
17:24:25,2382,1,bajada,0.008147,0.008148,0.008124,64.500000,3.5,3.492,3.5
17:24:25,2383,1,bajada,0.008148,0.008148,0.008124,64.500000,3.5,3.491,3.5
17:24:25,2384,1,bajada,0.008148,0.008148,0.008124,64.500000,3.5,3.492,3.5
17:24:25,2385,1,bajada,0.008148,0.008148,0.008122,64.500000,3.5,3.492,3.5
17:24:25,2386,1,bajada,0.008148,0.008148,0.008122,64.500000,3.5,3.491,3.5
17:24:25,2387,1,bajada,0.008148,0.008148,0.008123,64.500000,3.5,3.491,3.5
17:24:25,2388,1,bajada,0.008149,0.008148,0.008122,64.500000,3.5,3.491,3.5
17:24:25,2389,1,bajada,0.008149,0.008148,0.008122,64.500000,3.5,3.492,3.5
17:24:25,2390,1,bajada,0.008149,0.008148,0.008122,64.500000,3.5,3.491,3.5
17:24:25,2391,1,bajada,0.008148,0.008148,0.008121,64.500000,3.5,3.492,3.5
17:24:25,2392,1,bajada,0.008148,0.008148,0.008123,64.500000,3.5,3.491,3.5
17:24:25,2393,1,bajada,0.008148,0.008148,0.008121,64.500000,3.5,3.491,3.5
17:24:25,2394,1,bajada,0.008148,0.008148,0.008122,64.500000,3.5,3.492,3.5
17:24:25,2395,1,bajada,0.008149,0.008148,0.008124,64.500000,3.5,3.491,3.5
17:24:25,2396,1,bajada,0.008149,0.008148,0.008123,64.500000,3.5,3.491,3.5
17:24:25,2397,1,bajada,0.008149,0.008148,0.008122,64.500000,3.5,3.492,3.5
17:24:25,2398,1,bajada,0.008149,0.008148,0.008123,64.500000,3.5,3.491,3.5
17:24:25,2399,1,bajada,0.008148,0.008148,0.008121,64.500000,3.5,3.491,3.5
17:24:25,2400,1,bajada,0.008147,0.008148,0.008121,64.500000,3.5,3.492,3.5
17:24:26,2401,1,bajada,0.008147,0.008148,0.008121,64.500000,3.5,3.491,3.5
17:24:26,2402,1,bajada,0.008148,0.008148,0.008123,64.500000,3.5,3.491,3.5
17:24:26,2403,1,bajada,0.008147,0.008148,0.008124,64.500000,3.5,3.491,3.5
17:24:26,2404,1,bajada,0.008148,0.008148,0.008123,64.500000,3.491,3.5,3.5
17:24:26,2405,1,bajada,0.008148,0.008148,0.008122,64.500000,3.5,3.491,3.5
17:24:26,2406,1,bajada,0.008147,0.008148,0.008122,64.500000,3.5,3.491,3.5
17:24:26,2407,1,bajada,0.008146,0.008148,0.008122,64.500000,3.5,3.491,3.5
17:24:26,2408,1,bajada,0.008145,0.008147,0.008122,64.500000,3.5,3.491,3.5
17:24:26,2409,1,bajada,0.008144,0.008147,0.008123,64.500000,3.491,3.5,3.5
17:24:26,2410,1,bajada,0.008144,0.008147,0.008122,64.500000,3.5,3.491,3.5
17:24:26,2411,1,bajada,0.008144,0.008147,0.008122,64.500000,3.5,3.491,3.5
17:24:26,2412,1,bajada,0.008143,0.008146,0.008120,64.500000,3.491,3.5,3.5
17:24:26,2413,1,bajada,0.008141,0.008146,0.008120,64.500000,3.5,3.491,3.5
17:24:26,2414,1,bajada,0.008140,0.008145,0.008120,64.500000,3.5,3.491,3.5
17:24:26,2415,1,bajada,0.008140,0.008145,0.008120,64.500000,3.5,3.491,3.5
17:24:26,2416,1,bajada,0.008139,0.008144,0.008120,64.500000,3.5,3.491,3.5
17:24:26,2417,1,bajada,0.008141,0.008144,0.008119,64.500000,3.5,3.491,3.5
17:24:26,2418,1,bajada,0.008142,0.008144,0.008119,64.500000,3.5,3.491,3.5
17:24:26,2419,1,bajada,0.008142,0.008144,0.008119,64.500000,3.5,3.491,3.5
17:24:26,2420,1,bajada,0.008143,0.008144,0.008119,64.500000,3.5,3.491,3.5
17:24:26,2421,1,bajada,0.008144,0.008144,0.008120,64.500000,3.5,3.491,3.5
17:24:26,2422,1,bajada,0.008143,0.008143,0.008119,64.500000,3.5,3.491,3.5
17:24:26,2423,1,bajada,0.008143,0.008143,0.008119,64.500000,3.5,3.491,3.5
17:24:27,2424,1,bajada,0.008144,0.008144,0.008120,64.500000,3.5,3.491,3.5
17:24:27,2425,1,bajada,0.008144,0.008144,0.008121,64.500000,3.5,3.491,3.5
17:24:27,2426,1,bajada,0.008143,0.008143,0.008123,64.500000,3.5,3.491,3.5
17:24:27,2427,1,bajada,0.008143,0.008143,0.008123,64.500000,3.5,3.49,3.5
17:24:27,2428,1,bajada,0.008143,0.008143,0.008123,64.500000,3.5,3.491,3.5
17:24:27,2429,1,bajada,0.008143,0.008143,0.008122,64.500000,3.5,3.49,3.5
17:24:27,2430,1,bajada,0.008143,0.008143,0.008123,64.500000,3.5,3.491,3.5
17:24:27,2431,1,bajada,0.008143,0.008143,0.008122,64.500000,3.5,3.491,3.5
17:24:27,2432,1,bajada,0.008143,0.008143,0.008123,64.500000,3.5,3.49,3.5
17:24:27,2433,1,bajada,0.008142,0.008143,0.008122,64.500000,3.491,3.5,3.5
17:24:27,2434,1,bajada,0.008141,0.008143,0.008122,64.500000,3.5,3.49,3.5
17:24:27,2435,1,bajada,0.008142,0.008143,0.008121,64.500000,3.5,3.491,3.5
17:24:27,2436,1,bajada,0.008141,0.008143,0.008119,64.500000,3.49,3.5,3.5
17:24:27,2437,1,bajada,0.008141,0.008143,0.008119,64.500000,3.5,3.49,3.5
17:24:27,2438,1,bajada,0.008142,0.008143,0.008120,64.500000,3.491,3.5,3.5
17:24:27,2439,1,bajada,0.008142,0.008142,0.008120,64.500000,3.5,3.491,3.5
17:24:27,2440,1,bajada,0.008143,0.008143,0.008120,64.500000,3.5,3.49,3.5
17:24:27,2441,1,bajada,0.008143,0.008143,0.008120,64.500000,3.5,3.491,3.5
17:24:27,2442,1,bajada,0.008142,0.008143,0.008120,64.500000,3.5,3.49,3.5
17:24:27,2443,1,bajada,0.008142,0.008143,0.008120,64.500000,3.5,3.491,3.5
17:24:27,2444,1,bajada,0.008142,0.008143,0.008119,64.500000,3.5,3.49,3.5
17:24:27,2445,1,bajada,0.008142,0.008142,0.008119,64.500000,3.5,3.491,3.5
17:24:27,2446,1,bajada,0.008142,0.008142,0.008118,64.500000,3.5,3.49,3.5
17:24:27,2447,1,bajada,0.008141,0.008142,0.008118,64.500000,3.5,3.491,3.5
17:24:27,2448,1,bajada,0.008141,0.008142,0.008117,64.500000,3.5,3.49,3.5
17:24:27,2449,1,bajada,0.008141,0.008142,0.008117,64.500000,3.5,3.49,3.5
17:24:28,2450,1,bajada,0.008141,0.008142,0.008118,64.500000,3.5,3.49,3.5
17:24:28,2451,1,bajada,0.008141,0.008142,0.008118,64.500000,3.5,3.49,3.5
17:24:28,2452,1,bajada,0.008142,0.008142,0.008118,64.500000,3.5,3.49,3.5
17:24:28,2453,1,bajada,0.008142,0.008142,0.008119,64.500000,3.5,3.49,3.5
17:24:28,2454,1,bajada,0.008142,0.008142,0.008119,64.500000,3.5,3.49,3.5
17:24:28,2455,1,bajada,0.008141,0.008142,0.008119,64.500000,3.5,3.49,3.5
17:24:28,2456,1,bajada,0.008141,0.008142,0.008119,64.500000,3.5,3.49,3.5
17:24:28,2457,1,bajada,0.008141,0.008142,0.008118,64.500000,3.5,3.49,3.5
17:24:28,2458,1,bajada,0.008140,0.008141,0.008118,64.500000,3.49,3.5,3.5
17:24:28,2459,1,bajada,0.008139,0.008141,0.008117,64.500000,3.5,3.49,3.5
17:24:28,2460,1,bajada,0.008138,0.008141,0.008117,64.500000,3.5,3.49,3.5
17:24:28,2461,1,bajada,0.008138,0.008141,0.008121,64.400000,3.5,3.49,3.5
17:24:28,2462,1,bajada,0.008139,0.008140,0.008119,64.400000,3.5,3.49,3.5
17:24:28,2463,1,bajada,0.008140,0.008140,0.008118,64.400000,3.5,3.49,3.5
17:24:28,2464,1,bajada,0.008140,0.008140,0.008117,64.400000,3.5,3.49,3.5
17:24:28,2465,1,bajada,0.008139,0.008140,0.008116,64.500000,3.5,3.49,3.5
17:24:28,2466,1,bajada,0.008139,0.008140,0.008116,64.500000,3.5,3.49,3.5
17:24:28,2467,1,bajada,0.008139,0.008140,0.008115,64.500000,3.5,3.49,3.5
17:24:28,2468,1,bajada,0.008138,0.008140,0.008116,64.500000,3.5,3.49,3.5
17:24:28,2469,1,bajada,0.008137,0.008139,0.008117,64.500000,3.5,3.49,3.5
17:24:28,2470,1,bajada,0.008137,0.008139,0.008115,64.500000,3.5,3.49,3.5
17:24:28,2471,1,bajada,0.008137,0.008139,0.008115,64.400000,3.5,3.49,3.5
17:24:28,2472,1,bajada,0.008137,0.008139,0.008115,64.400000,3.5,3.49,3.5
17:24:29,2473,1,bajada,0.008137,0.008139,0.008115,64.400000,3.5,3.49,3.5
17:24:29,2474,1,bajada,0.008137,0.008139,0.008111,64.400000,3.5,3.49,3.5
17:24:29,2475,1,bajada,0.008138,0.008138,0.008111,64.400000,3.5,3.49,3.5
17:24:29,2476,1,bajada,0.008139,0.008138,0.008111,64.400000,3.5,3.489,3.5
17:24:29,2477,1,bajada,0.008138,0.008138,0.008112,64.400000,3.5,3.49,3.5
17:24:29,2478,1,bajada,0.008138,0.008138,0.008113,64.400000,3.5,3.49,3.5
17:24:29,2479,1,bajada,0.008137,0.008138,0.008113,64.400000,3.5,3.489,3.5
17:24:29,2480,1,bajada,0.008137,0.008138,0.008113,64.400000,3.5,3.49,3.5
17:24:29,2481,1,bajada,0.008136,0.008138,0.008115,64.500000,3.5,3.49,3.5
17:24:29,2482,1,bajada,0.008136,0.008138,0.008116,64.500000,3.49,3.5,3.5
17:24:29,2483,1,bajada,0.008137,0.008138,0.008115,64.400000,3.5,3.489,3.5
17:24:29,2484,1,bajada,0.008136,0.008138,0.008116,64.400000,3.5,3.49,3.5
17:24:29,2485,1,bajada,0.008135,0.008137,0.008117,64.400000,3.489,3.5,3.5
17:24:29,2486,1,bajada,0.008135,0.008137,0.008114,64.400000,3.5,3.49,3.5
17:24:29,2487,1,bajada,0.008135,0.008137,0.008114,64.400000,3.5,3.49,3.5
17:24:29,2488,1,bajada,0.008135,0.008137,0.008112,64.400000,3.49,3.5,3.5
17:24:29,2489,1,bajada,0.008135,0.008137,0.008113,64.400000,3.5,3.49,3.5
17:24:29,2490,1,bajada,0.008136,0.008137,0.008115,64.500000,3.5,3.49,3.5
17:24:29,2491,1,bajada,0.008136,0.008136,0.008113,64.500000,3.5,3.489,3.5
17:24:29,2492,1,bajada,0.008136,0.008136,0.008113,64.400000,3.5,3.489,3.5
17:24:29,2493,1,bajada,0.008136,0.008136,0.008113,64.400000,3.5,3.489,3.5
17:24:29,2494,1,bajada,0.008136,0.008136,0.008113,64.500000,3.5,3.49,3.5
17:24:29,2495,1,bajada,0.008136,0.008136,0.008113,64.500000,3.5,3.489,3.5
17:24:30,2496,1,bajada,0.008137,0.008136,0.008115,64.400000,3.5,3.49,3.5
17:24:30,2497,1,bajada,0.008137,0.008136,0.008114,64.400000,3.489,3.5,3.5
17:24:30,2498,1,bajada,0.008135,0.008136,0.008112,64.400000,3.5,3.49,3.5
17:24:30,2499,1,bajada,0.008133,0.008136,0.008111,64.400000,3.5,3.489,3.5
17:24:30,2500,1,bajada,0.008133,0.008136,0.008112,64.400000,3.5,3.489,3.5
17:24:30,2501,1,bajada,0.008133,0.008135,0.008113,64.400000,3.489,3.5,3.5
17:24:30,2502,1,bajada,0.008132,0.008135,0.008113,64.400000,3.5,3.489,3.5
17:24:30,2503,1,bajada,0.008132,0.008135,0.008115,64.400000,3.5,3.489,3.5
17:24:30,2504,1,bajada,0.008133,0.008135,0.008114,64.400000,3.5,3.489,3.5
17:24:30,2505,1,bajada,0.008134,0.008135,0.008114,64.400000,3.5,3.489,3.5
17:24:30,2506,1,bajada,0.008134,0.008135,0.008110,64.400000,3.5,3.489,3.5
17:24:30,2507,1,bajada,0.008133,0.008134,0.008112,64.400000,3.5,3.489,3.5
17:24:30,2508,1,bajada,0.008132,0.008134,0.008114,64.500000,3.5,3.489,3.5
17:24:30,2509,1,bajada,0.008131,0.008134,0.008112,64.500000,3.5,3.489,3.5
17:24:30,2510,1,bajada,0.008132,0.008134,0.008112,64.500000,3.5,3.489,3.5
17:24:30,2511,1,bajada,0.008132,0.008133,0.008111,64.500000,3.5,3.489,3.5
17:24:30,2512,1,bajada,0.008132,0.008133,0.008112,64.400000,3.5,3.489,3.5
17:24:30,2513,1,bajada,0.008133,0.008133,0.008112,64.400000,3.5,3.489,3.5
17:24:30,2514,1,bajada,0.008134,0.008133,0.008110,64.400000,3.5,3.489,3.5
17:24:30,2515,1,bajada,0.008135,0.008134,0.008111,64.400000,3.5,3.489,3.5
17:24:30,2516,1,bajada,0.008134,0.008134,0.008112,64.400000,3.5,3.489,3.5
17:24:30,2517,1,bajada,0.008133,0.008134,0.008112,64.400000,3.5,3.489,3.5
17:24:30,2518,1,bajada,0.008133,0.008134,0.008112,64.400000,3.5,3.489,3.5
17:24:31,2519,1,bajada,0.008133,0.008133,0.008112,64.400000,3.5,3.489,3.5
17:24:31,2520,1,bajada,0.008133,0.008133,0.008111,64.400000,3.5,3.489,3.5
17:24:31,2521,1,bajada,0.008133,0.008133,0.008111,64.400000,3.5,3.488,3.5
17:24:31,2522,1,bajada,0.008133,0.008133,0.008110,64.400000,3.5,3.489,3.5
17:24:31,2523,1,bajada,0.008134,0.008133,0.008112,64.400000,3.5,3.489,3.5
17:24:31,2524,1,bajada,0.008134,0.008133,0.008112,64.400000,3.5,3.488,3.5
17:24:31,2525,1,bajada,0.008133,0.008133,0.008111,64.400000,3.5,3.489,3.5
17:24:31,2526,1,bajada,0.008132,0.008133,0.008111,64.400000,3.5,3.489,3.5
17:24:31,2527,1,bajada,0.008131,0.008133,0.008111,64.400000,3.5,3.489,3.5
17:24:31,2528,1,bajada,0.008131,0.008133,0.008111,64.400000,3.5,3.488,3.5
17:24:31,2529,1,bajada,0.008132,0.008133,0.008113,64.400000,3.5,3.489,3.5
17:24:31,2530,1,bajada,0.008132,0.008133,0.008111,64.400000,3.5,3.488,3.5
17:24:31,2531,1,bajada,0.008132,0.008133,0.008112,64.400000,3.489,3.5,3.5
17:24:31,2532,1,bajada,0.008132,0.008133,0.008114,64.400000,3.5,3.489,3.5
17:24:31,2533,1,bajada,0.008131,0.008133,0.008114,64.400000,3.5,3.488,3.5
17:24:31,2534,1,bajada,0.008131,0.008132,0.008113,64.400000,3.5,3.489,3.5
17:24:31,2535,1,bajada,0.008132,0.008132,0.008113,64.400000,3.5,3.489,3.5
17:24:31,2536,1,bajada,0.008132,0.008132,0.008112,64.400000,3.5,3.488,3.5
17:24:31,2537,1,bajada,0.008131,0.008132,0.008111,64.400000,3.5,3.489,3.5
17:24:31,2538,1,bajada,0.008130,0.008132,0.008111,64.400000,3.488,3.5,3.5
17:24:31,2539,1,bajada,0.008129,0.008132,0.008110,64.400000,3.5,3.488,3.5
17:24:31,2540,1,bajada,0.008128,0.008131,0.008111,64.400000,3.5,3.488,3.5
17:24:31,2541,1,bajada,0.008128,0.008131,0.008111,64.400000,3.5,3.488,3.5
17:24:31,2542,1,bajada,0.008129,0.008131,0.008111,64.400000,3.488,3.5,3.5
17:24:32,2543,1,bajada,0.008129,0.008131,0.008111,64.400000,3.5,3.488,3.5
17:24:32,2544,1,bajada,0.008128,0.008130,0.008110,64.400000,3.5,3.488,3.5
17:24:32,2545,1,bajada,0.008128,0.008130,0.008109,64.400000,3.5,3.488,3.5
17:24:32,2546,1,bajada,0.008128,0.008130,0.008110,64.400000,3.5,3.489,3.5
17:24:32,2547,1,bajada,0.008128,0.008130,0.008112,64.400000,3.5,3.488,3.5
17:24:32,2548,1,bajada,0.008127,0.008130,0.008111,64.400000,3.5,3.488,3.5
17:24:32,2549,1,bajada,0.008128,0.008129,0.008110,64.400000,3.5,3.488,3.5
17:24:32,2550,1,bajada,0.008130,0.008129,0.008111,64.400000,3.5,3.489,3.5
17:24:32,2551,1,bajada,0.008129,0.008129,0.008110,64.400000,3.5,3.488,3.5
17:24:32,2552,1,bajada,0.008128,0.008129,0.008110,64.400000,3.5,3.489,3.5
17:24:32,2553,1,bajada,0.008128,0.008129,0.008111,64.400000,3.5,3.489,3.5
17:24:32,2554,1,bajada,0.008128,0.008129,0.008111,64.400000,3.5,3.488,3.5
17:24:32,2555,1,bajada,0.008128,0.008129,0.008110,64.400000,3.5,3.488,3.5
17:24:32,2556,1,bajada,0.008128,0.008129,0.008111,64.400000,3.5,3.488,3.5
17:24:32,2557,1,bajada,0.008129,0.008129,0.008111,64.400000,3.5,3.488,3.5
17:24:32,2558,1,bajada,0.008129,0.008129,0.008113,64.400000,3.5,3.488,3.5
17:24:32,2559,1,bajada,0.008129,0.008129,0.008112,64.400000,3.5,3.488,3.5
17:24:32,2560,1,bajada,0.008128,0.008129,0.008113,64.400000,3.5,3.488,3.5
17:24:32,2561,1,bajada,0.008128,0.008129,0.008111,64.400000,3.5,3.488,3.5
17:24:32,2562,1,bajada,0.008129,0.008129,0.008110,64.400000,3.5,3.488,3.5
17:24:32,2563,1,bajada,0.008129,0.008129,0.008110,64.400000,3.5,3.488,3.5
17:24:32,2564,1,bajada,0.008128,0.008129,0.008110,64.400000,3.5,3.488,3.5
17:24:32,2565,1,bajada,0.008127,0.008129,0.008109,64.400000,3.5,3.488,3.5
17:24:32,2566,1,bajada,0.008127,0.008128,0.008108,64.400000,3.5,3.488,3.5
17:24:32,2567,1,bajada,0.008127,0.008128,0.008108,64.400000,3.5,3.488,3.5
17:24:33,2568,1,bajada,0.008126,0.008128,0.008108,64.400000,3.488,3.5,3.5
17:24:33,2569,1,bajada,0.008126,0.008128,0.008108,64.400000,3.5,3.488,3.5
17:24:33,2570,1,bajada,0.008126,0.008128,0.008111,64.400000,3.5,3.488,3.5
17:24:33,2571,1,bajada,0.008125,0.008127,0.008110,64.400000,3.5,3.487,3.5
17:24:33,2572,1,bajada,0.008125,0.008127,0.008110,64.400000,3.5,3.488,3.5
17:24:33,2573,1,bajada,0.008125,0.008127,0.008109,64.400000,3.5,3.488,3.5
17:24:33,2574,1,bajada,0.008126,0.008127,0.008108,64.400000,3.5,3.488,3.5
17:24:33,2575,1,bajada,0.008126,0.008127,0.008107,64.400000,3.5,3.488,3.5
17:24:33,2576,1,bajada,0.008126,0.008127,0.008107,64.400000,3.5,3.488,3.5
17:24:33,2577,1,bajada,0.008126,0.008127,0.008107,64.400000,3.5,3.488,3.5
17:24:33,2578,1,bajada,0.008128,0.008127,0.008107,64.400000,3.5,3.488,3.5
17:24:33,2579,1,bajada,0.008130,0.008127,0.008108,64.400000,3.5,3.488,3.5
17:24:33,2580,1,bajada,0.008130,0.008127,0.008108,64.400000,3.5,3.488,3.5
17:24:33,2581,1,bajada,0.008129,0.008127,0.008107,64.400000,3.5,3.488,3.5
17:24:33,2582,1,bajada,0.008128,0.008128,0.008107,64.400000,3.488,3.5,3.5
17:24:33,2583,1,bajada,0.008128,0.008128,0.008108,64.400000,3.5,3.487,3.5
17:24:33,2584,1,bajada,0.008127,0.008128,0.008109,64.400000,3.5,3.488,3.5
17:24:33,2585,1,bajada,0.008126,0.008127,0.008109,64.400000,3.5,3.488,3.5
17:24:33,2586,1,bajada,0.008126,0.008127,0.008107,64.400000,3.5,3.488,3.5
17:24:33,2587,1,bajada,0.008126,0.008127,0.008106,64.400000,3.5,3.488,3.5
17:24:33,2588,1,bajada,0.008126,0.008127,0.008107,64.400000,3.5,3.488,3.5
17:24:33,2589,1,bajada,0.008126,0.008127,0.008106,64.400000,3.5,3.488,3.5
17:24:33,2590,1,bajada,0.008126,0.008127,0.008107,64.400000,3.5,3.488,3.5
17:24:33,2591,1,bajada,0.008126,0.008127,0.008106,64.400000,3.5,3.489,3.5
17:24:34,2592,1,bajada,0.008126,0.008127,0.008107,64.400000,3.5,3.491,3.5
17:24:34,2593,1,bajada,0.008124,0.008126,0.008107,64.400000,3.5,3.493,3.5
17:24:34,2594,1,bajada,0.008123,0.008126,0.008107,64.400000,3.5,3.497,3.5
17:24:34,2595,1,bajada,0.008123,0.008126,0.008107,64.400000,3.5,3.499,3.5
17:24:34,2596,1,bajada,0.008123,0.008126,0.008107,64.400000,3.5,3.499,3.5
17:24:34,2597,1,bajada,0.008124,0.008125,0.008108,64.400000,3.5,3.501,3.5
17:24:34,2598,1,bajada,0.008125,0.008125,0.008110,64.400000,3.5,3.502,3.5
17:24:34,2599,1,bajada,0.008125,0.008125,0.008112,64.400000,3.5,3.502,3.5
17:24:34,2600,1,bajada,0.008125,0.008125,0.008116,64.400000,3.5,3.502,3.5
17:24:34,2601,1,bajada,0.008124,0.008125,0.008117,64.400000,3.5,3.503,3.5
17:24:34,2602,1,bajada,0.008124,0.008125,0.008120,64.400000,3.5,3.503,3.5
17:24:34,2603,1,bajada,0.008124,0.008125,0.008122,64.400000,3.5,3.503,3.5
17:24:34,2604,1,bajada,0.008126,0.008125,0.008124,64.400000,3.5,3.503,3.5
17:24:34,2605,1,bajada,0.008126,0.008125,0.008126,64.400000,3.5,3.503,3.5
17:24:34,2606,1,bajada,0.008126,0.008125,0.008128,64.400000,3.5,3.503,3.5
17:24:34,2607,1,bajada,0.008125,0.008125,0.008135,64.400000,3.5,3.503,3.5
17:24:34,2608,1,bajada,0.008124,0.008125,0.008138,64.400000,3.5,3.503,3.5
17:24:34,2609,1,bajada,0.008123,0.008125,0.008139,64.400000,3.5,3.503,3.5
17:24:34,2610,1,bajada,0.008122,0.008125,0.008140,64.400000,3.5,3.503,3.5
17:24:34,2611,1,bajada,0.008122,0.008124,0.008143,64.400000,3.5,3.503,3.5
17:24:34,2612,1,bajada,0.008121,0.008124,0.008144,64.400000,3.5,3.503,3.5
17:24:34,2613,1,bajada,0.008121,0.008124,0.008147,64.400000,3.5,3.503,3.5
17:24:34,2614,1,bajada,0.008122,0.008124,0.008151,64.400000,3.5,3.503,3.5
17:24:34,2615,1,bajada,0.008122,0.008123,0.008153,64.400000,3.5,3.503,3.5
17:24:34,2616,1,bajada,0.008121,0.008123,0.008155,64.400000,3.5,3.503,3.5
17:24:35,2617,1,bajada,0.008120,0.008123,0.008155,64.400000,3.5,3.503,3.5
17:24:35,2618,1,bajada,0.008117,0.008122,0.008156,64.400000,3.5,3.503,3.5
17:24:35,2619,1,bajada,0.008117,0.008122,0.008157,64.400000,3.5,3.503,3.5
17:24:35,2620,1,bajada,0.008118,0.008122,0.008159,64.400000,3.5,3.503,3.5
17:24:35,2621,1,bajada,0.008119,0.008121,0.008160,64.400000,3.5,3.503,3.5
17:24:35,2622,1,bajada,0.008119,0.008121,0.008160,64.400000,3.5,3.503,3.5
17:24:35,2623,1,bajada,0.008120,0.008121,0.008160,64.400000,3.5,3.503,3.5
17:24:35,2624,1,bajada,0.008121,0.008121,0.008161,64.400000,3.5,3.503,3.5
17:24:35,2625,1,bajada,0.008121,0.008121,0.008159,64.400000,3.5,3.503,3.5
17:24:35,2626,1,bajada,0.008121,0.008121,0.008159,64.400000,3.503,3.5,3.5
17:24:35,2627,1,bajada,0.008121,0.008121,0.008159,64.400000,3.5,3.503,3.5
17:24:35,2628,1,bajada,0.008119,0.008121,0.008162,64.400000,3.5,3.503,3.5
17:24:35,2629,1,bajada,0.008119,0.008121,0.008163,64.400000,3.5,3.503,3.5
17:24:35,2630,1,bajada,0.008120,0.008121,0.008164,64.400000,3.502,3.5,3.5
17:24:35,2631,1,bajada,0.008120,0.008121,0.008164,64.400000,3.5,3.502,3.5
17:24:35,2632,1,bajada,0.008120,0.008120,0.008164,64.400000,3.5,3.502,3.5
17:24:35,2633,1,bajada,0.008119,0.008120,0.008166,64.400000,3.5,3.502,3.5
17:24:35,2634,1,bajada,0.008119,0.008120,0.008167,64.400000,3.5,3.503,3.5
17:24:35,2635,1,bajada,0.008119,0.008120,0.008167,64.400000,3.5,3.502,3.5
17:24:35,2636,1,bajada,0.008119,0.008120,0.008169,64.400000,3.5,3.502,3.5
17:24:35,2637,1,bajada,0.008118,0.008120,0.008168,64.400000,3.5,3.502,3.5
17:24:35,2638,1,bajada,0.008117,0.008120,0.008168,64.400000,3.5,3.503,3.5
17:24:35,2639,1,bajada,0.008117,0.008119,0.008168,64.400000,3.5,3.502,3.5
17:24:35,2640,1,bajada,0.008118,0.008119,0.008169,64.400000,3.5,3.502,3.5
17:24:35,2641,1,bajada,0.008119,0.008119,0.008169,64.400000,3.5,3.503,3.5
17:24:36,2642,1,bajada,0.008120,0.008119,0.008167,64.400000,3.5,3.503,3.5
17:24:36,2643,1,bajada,0.008121,0.008119,0.008169,64.400000,3.5,3.502,3.5
17:24:36,2644,1,bajada,0.008120,0.008119,0.008167,64.400000,3.5,3.503,3.5
17:24:36,2645,1,bajada,0.008119,0.008119,0.008168,64.400000,3.5,3.502,3.5
17:24:36,2646,1,bajada,0.008118,0.008119,0.008166,64.400000,3.5,3.502,3.5
17:24:36,2647,1,bajada,0.008118,0.008119,0.008167,64.400000,3.5,3.502,3.5
17:24:36,2648,1,bajada,0.008118,0.008119,0.008167,64.400000,3.5,3.502,3.5
17:24:36,2649,1,bajada,0.008118,0.008119,0.008168,64.400000,3.5,3.502,3.5
17:24:36,2650,1,bajada,0.008117,0.008119,0.008167,64.400000,3.5,3.502,3.5
17:24:36,2651,1,bajada,0.008118,0.008119,0.008169,64.400000,3.5,3.502,3.5
17:24:36,2652,1,bajada,0.008118,0.008119,0.008169,64.400000,3.5,3.502,3.5
17:24:36,2653,1,bajada,0.008117,0.008119,0.008170,64.400000,3.5,3.502,3.5
17:24:36,2654,1,bajada,0.008118,0.008118,0.008170,64.400000,3.502,3.5,3.5
17:24:36,2655,1,bajada,0.008118,0.008118,0.008171,64.400000,3.5,3.502,3.5
17:24:36,2656,1,bajada,0.008117,0.008118,0.008169,64.400000,3.5,3.501,3.5
17:24:36,2657,1,bajada,0.008116,0.008118,0.008172,64.400000,3.5,3.501,3.5
17:24:36,2658,1,bajada,0.008117,0.008118,0.008171,64.400000,3.5,3.502,3.5
17:24:36,2659,1,bajada,0.008118,0.008118,0.008171,64.400000,3.5,3.502,3.5
17:24:36,2660,1,bajada,0.008118,0.008118,0.008170,64.400000,3.5,3.502,3.5
17:24:36,2661,1,bajada,0.008117,0.008118,0.008169,64.400000,3.5,3.502,3.5
17:24:36,2662,1,bajada,0.008117,0.008118,0.008169,64.400000,3.5,3.502,3.5
17:24:36,2663,1,bajada,0.008118,0.008118,0.008168,64.400000,3.502,3.5,3.5
17:24:36,2664,1,bajada,0.008118,0.008118,0.008166,64.400000,3.5,3.502,3.5
17:24:36,2665,1,bajada,0.008119,0.008118,0.008167,64.400000,3.5,3.502,3.5
17:24:37,2666,1,bajada,0.008119,0.008118,0.008167,64.400000,3.5,3.502,3.5
17:24:37,2667,1,bajada,0.008119,0.008118,0.008168,64.400000,3.5,3.502,3.5
17:24:37,2668,1,bajada,0.008119,0.008118,0.008168,64.400000,3.5,3.502,3.5
17:24:37,2669,1,bajada,0.008118,0.008118,0.008168,64.400000,3.5,3.501,3.5
17:24:37,2670,1,bajada,0.008118,0.008118,0.008166,64.400000,3.502,3.5,3.5
17:24:37,2671,1,bajada,0.008118,0.008118,0.008167,64.500000,3.5,3.501,3.5
17:24:37,2672,1,bajada,0.008116,0.008118,0.008166,64.500000,3.502,3.5,3.5
17:24:37,2673,1,bajada,0.008116,0.008118,0.008165,64.400000,3.502,3.5,3.5
17:24:37,2674,1,bajada,0.008117,0.008118,0.008164,64.400000,3.5,3.501,3.5
17:24:37,2675,1,bajada,0.008118,0.008118,0.008163,64.500000,3.5,3.501,3.5
17:24:37,2676,1,bajada,0.008116,0.008118,0.008164,64.500000,3.5,3.502,3.5
17:24:37,2677,1,bajada,0.008116,0.008117,0.008165,64.400000,3.5,3.501,3.5
17:24:37,2678,1,bajada,0.008117,0.008117,0.008165,64.400000,3.5,3.502,3.5
17:24:37,2679,1,bajada,0.008117,0.008117,0.008167,64.400000,3.5,3.501,3.5
17:24:37,2680,1,bajada,0.008116,0.008117,0.008167,64.400000,3.5,3.502,3.5
17:24:37,2681,1,bajada,-0.007538,-0.007538,-0.007539,64.600000,0.0,0.002,0.0
17:25:00,2682,1,bajada,-0.007537,-0.007538,-0.007540,64.500000,0.0,0.001,0.0
17:25:00,2683,1,bajada,-0.007537,-0.007538,-0.007538,64.500000,0.0,0.001,0.0
17:25:00,2684,1,bajada,-0.007537,-0.007538,-0.007536,64.500000,0.0,0.002,0.0
17:25:00,2685,1,bajada,-0.007537,-0.007538,-0.007537,64.500000,0.0,0.001,0.0
17:25:00,2686,1,bajada,-0.007538,-0.007538,-0.007539,64.500000,0.0,0.001,0.0
17:25:00,2687,1,bajada,-0.007538,-0.007538,-0.007537,64.500000,0.001,0.0,0.0
17:25:00,2688,1,bajada,-0.007538,-0.007538,-0.007538,64.600000,0.0,0.001,0.0
17:25:00,2689,1,bajada,-0.007538,-0.007538,-0.007537,64.600000,0.0,0.001,0.0
17:25:01,2690,1,bajada,-0.007538,-0.007538,-0.007538,64.500000,0.0,0.002,0.0
17:25:01,2691,1,bajada,-0.007539,-0.007538,-0.007537,64.500000,0.0,0.001,0.0
17:25:01,2692,1,bajada,-0.007538,-0.007538,-0.007536,64.500000,0.0,0.001,0.0
17:25:01,2693,1,bajada,-0.007538,-0.007538,-0.007535,64.500000,0.0,0.001,0.0
17:25:01,2694,1,bajada,-0.007537,-0.007538,-0.007536,64.500000,0.0,0.001,0.0
17:25:01,2695,1,bajada,-0.007537,-0.007538,-0.007537,64.500000,0.0,0.001,0.0
17:25:01,2696,1,bajada,-0.007538,-0.007538,-0.007537,64.600000,0.0,0.001,0.0
17:25:01,2697,1,bajada,-0.007538,-0.007538,-0.007539,64.600000,0.0,0.001,0.0
17:25:01,2698,1,bajada,-0.007538,-0.007538,-0.007540,64.500000,0.0,0.001,0.0
17:25:01,2699,1,bajada,-0.007538,-0.007538,-0.007541,64.500000,0.0,0.001,0.0
17:25:01,2700,1,bajada,-0.007539,-0.007538,-0.007539,64.500000,0.0,0.002,0.0
17:25:01,2701,1,bajada,-0.007540,-0.007538,-0.007538,64.500000,0.0,0.001,0.0
17:25:01,2702,1,bajada,-0.007540,-0.007538,-0.007537,64.500000,0.0,0.001,0.0
17:25:01,2703,1,bajada,-0.007540,-0.007539,-0.007538,64.500000,0.0,0.001,0.0
17:25:01,2704,1,bajada,-0.007540,-0.007539,-0.007539,64.500000,0.0,0.001,0.0
17:25:01,2705,1,bajada,-0.007539,-0.007539,-0.007539,64.500000,0.0,0.001,0.0
17:25:01,2706,1,bajada,-0.007539,-0.007539,-0.007540,64.500000,0.0,0.001,0.0
17:25:01,2707,1,bajada,-0.007540,-0.007539,-0.007540,64.500000,0.0,0.001,0.0
17:25:01,2708,1,bajada,-0.007540,-0.007539,-0.007538,64.500000,0.0,0.001,0.0
17:25:01,2709,1,bajada,-0.007540,-0.007539,-0.007537,64.500000,0.0,0.001,0.0
17:25:01,2710,1,bajada,-0.007540,-0.007539,-0.007538,64.500000,0.0,0.001,0.0
17:25:01,2711,1,bajada,-0.007540,-0.007539,-0.007540,64.500000,0.0,0.001,0.0
17:25:01,2712,1,bajada,-0.007539,-0.007539,-0.007538,64.600000,0.0,0.001,0.0
17:25:02,2713,1,bajada,-0.007539,-0.007539,-0.007537,64.600000,0.0,0.001,0.0
17:25:02,2714,1,bajada,-0.007540,-0.007539,-0.007537,64.500000,0.001,0.0,0.0
17:25:02,2715,1,bajada,-0.007540,-0.007540,-0.007538,64.500000,0.0,0.001,0.0
17:25:02,2716,1,bajada,-0.007540,-0.007540,-0.007538,64.600000,0.0,0.001,0.0
17:25:02,2717,1,bajada,-0.007540,-0.007540,-0.007540,64.600000,0.0,0.001,0.0
17:25:02,2718,1,bajada,-0.007540,-0.007540,-0.007540,64.600000,0.0,0.002,0.0
17:25:02,2719,1,bajada,-0.007539,-0.007540,-0.007539,64.600000,0.0,0.001,0.0
17:25:02,2720,1,bajada,-0.007540,-0.007540,-0.007539,64.500000,0.0,0.001,0.0
17:25:02,2721,1,bajada,-0.007540,-0.007540,-0.007538,64.500000,0.0,0.001,0.0
17:25:02,2722,1,bajada,-0.007539,-0.007540,-0.007538,64.500000,0.0,0.001,0.0
17:25:02,2723,1,bajada,-0.007538,-0.007539,-0.007538,64.500000,0.0,0.001,0.0
17:25:02,2724,1,bajada,-0.007538,-0.007539,-0.007539,64.500000,0.0,0.001,0.0
17:25:02,2725,1,bajada,-0.007537,-0.007539,-0.007539,64.500000,0.0,0.001,0.0
17:25:02,2726,1,bajada,-0.007538,-0.007539,-0.007538,64.500000,0.0,0.001,0.0
17:25:02,2727,1,bajada,-0.007538,-0.007539,-0.007538,64.500000,0.0,0.001,0.0
17:25:02,2728,1,bajada,-0.007539,-0.007539,-0.007538,64.500000,0.0,0.001,0.0
17:25:02,2729,1,bajada,-0.007538,-0.007539,-0.007539,64.500000,0.001,0.0,0.0
17:25:02,2730,1,bajada,-0.007537,-0.007539,-0.007537,64.600000,0.0,0.001,0.0
17:25:02,2731,1,bajada,-0.007537,-0.007538,-0.007537,64.600000,0.0,0.001,0.0
17:25:02,2732,1,bajada,-0.007538,-0.007538,-0.007536,64.500000,0.0,0.001,0.0
17:25:02,2733,1,bajada,-0.007539,-0.007538,-0.007537,64.500000,0.0,0.001,0.0
17:25:02,2734,1,bajada,-0.007539,-0.007539,-0.007539,64.500000,0.0,0.001,0.0
17:25:02,2735,1,bajada,-0.007540,-0.007539,-0.007540,64.500000,0.0,0.001,0.0
17:25:02,2736,1,bajada,-0.007540,-0.007539,-0.007536,64.600000,0.0,0.002,0.0
17:25:02,2737,1,bajada,-0.007540,-0.007539,-0.007537,64.600000,0.001,0.0,0.0
17:25:02,2738,1,bajada,-0.007539,-0.007539,-0.007537,64.600000,0.0,0.001,0.0
17:25:02,2739,1,bajada,-0.007540,-0.007539,-0.007536,64.600000,0.001,0.0,0.0
17:25:03,2740,1,bajada,-0.007540,-0.007539,-0.007539,64.500000,0.0,0.001,0.0
17:25:03,2741,1,bajada,-0.007541,-0.007539,-0.007540,64.500000,0.0,0.002,0.0
17:25:03,2742,1,bajada,-0.007541,-0.007539,-0.007539,64.500000,0.0,0.001,0.0
17:25:03,2743,1,bajada,-0.007542,-0.007540,-0.007539,64.500000,0.0,0.001,0.0
17:25:03,2744,1,bajada,-0.007542,-0.007540,-0.007539,64.600000,0.0,0.001,0.0
17:25:03,2745,1,bajada,-0.007543,-0.007540,-0.007538,64.600000,0.0,0.001,0.0
17:25:03,2746,1,bajada,-0.007543,-0.007541,-0.007537,64.600000,0.0,0.001,0.0
17:25:03,2747,1,bajada,-0.007544,-0.007541,-0.007539,64.600000,0.0,0.001,0.0
17:25:03,2748,1,bajada,-0.007545,-0.007541,-0.007538,64.500000,0.0,0.001,0.0
17:25:03,2749,1,bajada,-0.007545,-0.007542,-0.007538,64.500000,0.0,0.001,0.0
17:25:03,2750,1,bajada,-0.007545,-0.007542,-0.007538,64.600000,0.0,0.001,0.0
17:25:03,2751,1,bajada,-0.007545,-0.007542,-0.007538,64.600000,0.0,0.001,0.0
17:25:03,2752,1,bajada,-0.007544,-0.007542,-0.007537,64.600000,0.0,0.001,0.0
17:25:03,2753,1,bajada,-0.007544,-0.007542,-0.007537,64.600000,0.0,0.001,0.0
17:25:03,2754,1,bajada,-0.007544,-0.007543,-0.007539,64.600000,0.0,0.002,0.0
17:25:03,2755,1,bajada,-0.007544,-0.007543,-0.007539,64.600000,0.0,0.001,0.0
17:25:03,2756,1,bajada,-0.007544,-0.007543,-0.007538,64.600000,0.0,0.002,0.0
17:25:03,2757,1,bajada,-0.007544,-0.007543,-0.007537,64.600000,0.0,0.002,0.0
17:25:03,2758,1,bajada,-0.007544,-0.007543,-0.007537,64.600000,0.0,0.001,0.0
17:25:03,2759,1,bajada,-0.007544,-0.007543,-0.007537,64.600000,0.0,0.002,0.0
17:25:03,2760,1,bajada,-0.007543,-0.007543,-0.007538,64.600000,0.001,0.0,0.0
17:25:03,2761,1,bajada,-0.007543,-0.007543,-0.007539,64.600000,0.0,0.001,0.0
17:25:04,2762,1,bajada,-0.007543,-0.007543,-0.007539,64.600000,0.0,0.001,0.0
17:25:04,2763,1,bajada,-0.007543,-0.007543,-0.007539,64.600000,0.0,0.001,0.0
17:25:04,2764,1,bajada,-0.007544,-0.007543,-0.007536,64.500000,0.0,0.001,0.0
17:25:04,2765,1,bajada,-0.007544,-0.007543,-0.007538,64.500000,0.0,0.001,0.0
17:25:04,2766,1,bajada,-0.007543,-0.007543,-0.007538,64.600000,0.0,0.001,0.0
17:25:04,2767,1,bajada,-0.007543,-0.007543,-0.007537,64.600000,0.0,0.002,0.0
17:25:04,2768,1,bajada,-0.007543,-0.007543,-0.007539,64.600000,0.0,0.002,0.0
17:25:04,2769,1,bajada,-0.007542,-0.007543,-0.007539,64.600000,0.0,0.001,0.0
17:25:04,2770,1,bajada,-0.007541,-0.007543,-0.007539,64.600000,0.001,0.0,0.0
17:25:04,2771,1,bajada,-0.007542,-0.007543,-0.007540,64.600000,0.0,0.001,0.0
17:25:04,2772,1,bajada,-0.007542,-0.007543,-0.007540,64.500000,0.0,0.002,0.0
17:25:04,2773,1,bajada,-0.007543,-0.007543,-0.007541,64.500000,0.002,0.0,0.0
17:25:04,2774,1,bajada,-0.007544,-0.007543,-0.007543,64.600000,0.0,0.001,0.0
17:25:04,2775,1,bajada,-0.007543,-0.007543,-0.007542,64.600000,0.0,0.001,0.0
17:25:04,2776,1,bajada,-0.007543,-0.007543,-0.007541,64.600000,0.0,0.001,0.0
17:25:04,2777,1,bajada,-0.007544,-0.007543,-0.007540,64.600000,0.0,0.001,0.0
17:25:04,2778,1,bajada,-0.007545,-0.007543,-0.007541,64.600000,0.0,0.001,0.0
17:25:04,2779,1,bajada,-0.007544,-0.007543,-0.007542,64.600000,0.0,0.001,0.0
17:25:04,2780,1,bajada,-0.007544,-0.007543,-0.007542,64.500000,0.0,0.001,0.0
17:25:05,2781,1,bajada,-0.007543,-0.007543,-0.007542,64.500000,0.0,0.001,0.0
17:25:05,2782,1,bajada,-0.007543,-0.007543,-0.007543,64.600000,0.0,0.001,0.0
17:25:05,2783,1,bajada,-0.007543,-0.007543,-0.007542,64.600000,0.0,0.001,0.0
17:25:05,2784,1,bajada,-0.007543,-0.007543,-0.007543,64.600000,0.0,0.001,0.0
17:25:05,2785,1,bajada,-0.007544,-0.007543,-0.007544,64.600000,0.0,0.001,0.0
17:25:05,2786,1,bajada,-0.007543,-0.007543,-0.007545,64.600000,0.0,0.001,0.0
17:25:05,2787,1,bajada,-0.007542,-0.007543,-0.007544,64.600000,0.0,0.001,0.0
17:25:05,2788,1,bajada,-0.007541,-0.007543,-0.007542,64.600000,0.0,0.001,0.0
17:25:05,2789,1,bajada,-0.007541,-0.007543,-0.007542,64.600000,0.0,0.002,0.0
17:25:05,2790,1,bajada,-0.007541,-0.007543,-0.007543,64.600000,0.0,0.001,0.0
17:25:05,2791,1,bajada,-0.007541,-0.007542,-0.007541,64.500000,0.0,0.001,0.0
17:25:05,2792,1,bajada,-0.007541,-0.007542,-0.007541,64.500000,0.0,0.001,0.0
17:25:05,2793,1,bajada,-0.007542,-0.007542,-0.007544,64.600000,0.0,0.001,0.0
17:25:05,2794,1,bajada,-0.007542,-0.007542,-0.007543,64.600000,0.0,0.001,0.0
17:25:05,2795,1,bajada,-0.007542,-0.007542,-0.007543,64.500000,0.0,0.001,0.0
17:25:05,2796,1,bajada,-0.007541,-0.007542,-0.007543,64.500000,0.0,0.001,0.0
17:25:05,2797,1,bajada,-0.007540,-0.007542,-0.007541,64.600000,0.0,0.001,0.0
17:25:05,2798,1,bajada,-0.007541,-0.007542,-0.007541,64.600000,0.0,0.001,0.0
17:25:05,2799,1,bajada,-0.007541,-0.007542,-0.007541,64.600000,0.002,0.0,0.0
17:25:05,2800,1,bajada,-0.007540,-0.007542,-0.007542,64.600000,0.0,0.001,0.0
17:25:05,2801,1,bajada,-0.007540,-0.007541,-0.007543,64.500000,0.0,0.001,0.0
17:25:06,2802,1,bajada,-0.007540,-0.007541,-0.007543,64.500000,0.001,0.0,0.0
17:25:06,2803,1,bajada,-0.007541,-0.007541,-0.007545,64.500000,0.0,0.001,0.0
17:25:06,2804,1,bajada,-0.007541,-0.007541,-0.007544,64.500000,0.0,0.001,0.0
17:25:06,2805,1,bajada,-0.007542,-0.007541,-0.007546,64.500000,0.0,0.001,0.0
17:25:06,2806,1,bajada,-0.007543,-0.007541,-0.007545,64.500000,0.0,0.001,0.0
17:25:06,2807,1,bajada,-0.007543,-0.007542,-0.007544,64.500000,0.0,0.001,0.0
17:25:06,2808,1,bajada,-0.007543,-0.007542,-0.007544,64.500000,0.002,0.0,0.0
17:25:06,2809,1,bajada,-0.007543,-0.007542,-0.007545,64.500000,0.0,0.001,0.0
17:25:06,2810,1,bajada,-0.007543,-0.007542,-0.007547,64.500000,0.0,0.001,0.0
17:25:06,2811,1,bajada,-0.007542,-0.007542,-0.007547,64.500000,0.0,0.002,0.0
17:25:06,2812,1,bajada,-0.007543,-0.007542,-0.007545,64.500000,0.0,0.001,0.0
17:25:06,2813,1,bajada,-0.007543,-0.007542,-0.007545,64.500000,0.0,0.001,0.0
17:25:06,2814,1,bajada,-0.007543,-0.007542,-0.007544,64.500000,0.0,0.001,0.0
17:25:06,2815,1,bajada,-0.007543,-0.007542,-0.007541,64.500000,0.0,0.001,0.0
17:25:06,2816,1,bajada,-0.007543,-0.007542,-0.007544,64.500000,0.0,0.001,0.0
17:25:06,2817,1,bajada,-0.007542,-0.007542,-0.007545,64.500000,0.0,0.001,0.0
17:25:06,2818,1,bajada,-0.007541,-0.007542,-0.007544,64.500000,0.0,0.001,0.0
17:25:06,2819,1,bajada,-0.007541,-0.007542,-0.007543,64.500000,0.0,0.001,0.0
17:25:06,2820,1,bajada,-0.007541,-0.007542,-0.007544,64.500000,0.0,0.001,0.0
17:25:06,2821,1,bajada,-0.007541,-0.007542,-0.007544,64.500000,0.0,0.001,0.0
17:25:06,2822,1,bajada,-0.007542,-0.007542,-0.007545,64.500000,0.0,0.001,0.0
17:25:07,2823,1,bajada,-0.007543,-0.007542,-0.007545,64.500000,0.0,0.001,0.0
17:25:07,2824,1,bajada,-0.007543,-0.007542,-0.007545,64.500000,0.0,0.001,0.0
17:25:07,2825,1,bajada,-0.007542,-0.007542,-0.007544,64.500000,0.0,0.001,0.0
17:25:07,2826,1,bajada,-0.007543,-0.007542,-0.007545,64.500000,0.0,0.001,0.0
17:25:07,2827,1,bajada,-0.007542,-0.007542,-0.007544,64.500000,0.0,0.001,0.0
17:25:07,2828,1,bajada,-0.007542,-0.007542,-0.007544,64.500000,0.0,0.001,0.0
17:25:07,2829,1,bajada,-0.007541,-0.007542,-0.007543,64.500000,0.0,0.001,0.0
17:25:07,2830,1,bajada,-0.007541,-0.007542,-0.007544,64.500000,0.0,0.001,0.0
17:25:07,2831,1,bajada,-0.007543,-0.007542,-0.007544,64.500000,0.0,0.001,0.0
17:25:07,2832,1,bajada,-0.007545,-0.007542,-0.007543,64.500000,0.0,0.002,0.0
17:25:07,2833,1,bajada,-0.007547,-0.007543,-0.007543,64.500000,0.0,0.001,0.0
17:25:07,2834,1,bajada,-0.007546,-0.007543,-0.007541,64.500000,0.0,0.001,0.0
17:25:07,2835,1,bajada,-0.007546,-0.007543,-0.007543,64.500000,0.0,0.001,0.0
17:25:07,2836,1,bajada,-0.007545,-0.007543,-0.007541,64.500000,0.002,0.0,0.0
17:25:07,2837,1,bajada,-0.007544,-0.007544,-0.007540,64.500000,0.0,0.001,0.0
17:25:07,2838,1,bajada,-0.007544,-0.007544,-0.007540,64.500000,0.0,0.001,0.0
17:25:08,2839,1,bajada,-0.007544,-0.007544,-0.007539,64.500000,0.0,0.002,0.0
17:25:08,2840,1,bajada,-0.007546,-0.007544,-0.007538,64.500000,0.0,0.001,0.0
17:25:08,2841,1,bajada,-0.007546,-0.007544,-0.007539,64.500000,0.002,0.0,0.0
17:25:08,2842,1,bajada,-0.007546,-0.007544,-0.007539,64.500000,0.0,0.001,0.0
17:25:08,2843,1,bajada,-0.007545,-0.007544,-0.007538,64.500000,0.0,0.001,0.0
17:25:08,2844,1,bajada,-0.007543,-0.007544,-0.007539,64.500000,0.0,0.001,0.0
17:25:08,2845,1,bajada,-0.007543,-0.007544,-0.007538,64.500000,0.0,0.001,0.0
17:25:08,2846,1,bajada,-0.007543,-0.007544,-0.007539,64.500000,0.0,0.001,0.0
17:25:08,2847,1,bajada,-0.007541,-0.007544,-0.007539,64.500000,0.0,0.001,0.0
17:25:08,2848,1,bajada,-0.007541,-0.007543,-0.007539,64.500000,0.0,0.002,0.0
17:25:08,2849,1,bajada,-0.007542,-0.007543,-0.007539,64.500000,0.0,0.001,0.0
17:25:08,2850,1,bajada,-0.007543,-0.007543,-0.007539,64.500000,0.0,0.001,0.0
17:25:08,2851,1,bajada,-0.007542,-0.007543,-0.007540,64.500000,0.0,0.001,0.0
17:25:08,2852,1,bajada,-0.007541,-0.007543,-0.007540,64.500000,0.0,0.002,0.0
17:25:08,2853,1,bajada,-0.007541,-0.007543,-0.007541,64.500000,0.0,0.001,0.0
17:25:08,2854,1,bajada,-0.007539,-0.007542,-0.007541,64.500000,0.0,0.001,0.0
17:25:08,2855,1,bajada,-0.007540,-0.007542,-0.007542,64.500000,0.0,0.002,0.0
17:25:08,2856,1,bajada,-0.007541,-0.007542,-0.007542,64.500000,0.0,0.001,0.0
17:25:08,2857,1,bajada,-0.007542,-0.007542,-0.007541,64.500000,0.0,0.002,0.0
17:25:08,2858,1,bajada,-0.007543,-0.007542,-0.007541,64.500000,0.0,0.001,0.0
17:25:08,2859,1,bajada,-0.007544,-0.007542,-0.007542,64.500000,0.0,0.002,0.0
17:25:08,2860,1,bajada,-0.007544,-0.007542,-0.007542,64.500000,0.0,0.001,0.0
17:25:08,2861,1,bajada,-0.007543,-0.007542,-0.007544,64.500000,0.0,0.002,0.0
17:25:08,2862,1,bajada,-0.007542,-0.007542,-0.007543,64.500000,0.0,0.001,0.0
17:25:09,2863,1,bajada,-0.007542,-0.007542,-0.007543,64.500000,0.0,0.001,0.0
17:25:09,2864,1,bajada,-0.007543,-0.007542,-0.007543,64.500000,0.0,0.001,0.0
17:25:09,2865,1,bajada,-0.007543,-0.007543,-0.007541,64.500000,0.0,0.001,0.0
17:25:09,2866,1,bajada,-0.007543,-0.007543,-0.007542,64.500000,0.0,0.001,0.0
17:25:09,2867,1,bajada,-0.007543,-0.007543,-0.007542,64.500000,0.0,0.001,0.0
17:25:09,2868,1,bajada,-0.007542,-0.007543,-0.007542,64.500000,0.001,0.0,0.0
17:25:09,2869,1,bajada,-0.007543,-0.007543,-0.007541,64.500000,0.0,0.001,0.0
17:25:09,2870,1,bajada,-0.007543,-0.007543,-0.007540,64.500000,0.0,0.001,0.0
17:25:09,2871,1,bajada,-0.007542,-0.007543,-0.007541,64.500000,0.0,0.001,0.0
17:25:09,2872,1,bajada,-0.007542,-0.007543,-0.007541,64.500000,0.0,0.001,0.0
17:25:09,2873,1,bajada,-0.007542,-0.007542,-0.007542,64.500000,0.0,0.001,0.0
17:25:09,2874,1,bajada,-0.007543,-0.007543,-0.007542,64.500000,0.0,0.001,0.0
17:25:09,2875,1,bajada,-0.007544,-0.007543,-0.007542,64.500000,0.0,0.001,0.0
17:25:09,2876,1,bajada,-0.007543,-0.007543,-0.007543,64.500000,0.0,0.001,0.0
17:25:09,2877,1,bajada,-0.007543,-0.007543,-0.007542,64.500000,0.0,0.001,0.0
17:25:09,2878,1,bajada,-0.007543,-0.007543,-0.007540,64.500000,0.0,0.001,0.0
17:25:09,2879,1,bajada,-0.007543,-0.007543,-0.007540,64.500000,0.001,0.0,0.0
17:25:09,2880,1,bajada,-0.007543,-0.007543,-0.007542,64.500000,0.0,0.001,0.0
17:25:09,2881,1,bajada,-0.007542,-0.007543,-0.007542,64.500000,0.0,0.001,0.0
17:25:09,2882,1,bajada,-0.007542,-0.007543,-0.007541,64.500000,0.0,0.001,0.0
17:25:09,2883,1,bajada,-0.007543,-0.007543,-0.007541,64.500000,0.0,0.001,0.0
17:25:09,2884,1,bajada,-0.007542,-0.007543,-0.007541,64.500000,0.0,0.001,0.0
17:25:10,2885,1,bajada,-0.007542,-0.007543,-0.007542,64.500000,0.0,0.001,0.0
17:25:10,2886,1,bajada,-0.007542,-0.007542,-0.007543,64.500000,0.0,0.001,0.0
17:25:10,2887,1,bajada,-0.007543,-0.007543,-0.007543,64.500000,0.0,0.001,0.0
17:25:10,2888,1,bajada,-0.007543,-0.007543,-0.007542,64.500000,0.0,0.001,0.0
17:25:10,2889,1,bajada,-0.007541,-0.007542,-0.007542,64.500000,0.0,0.001,0.0
17:25:10,2890,1,bajada,-0.007541,-0.007542,-0.007542,64.500000,0.0,0.001,0.0
17:25:10,2891,1,bajada,-0.007541,-0.007542,-0.007540,64.500000,0.0,0.001,0.0
17:25:10,2892,1,bajada,-0.007542,-0.007542,-0.007541,64.500000,0.0,0.001,0.0
17:25:10,2893,1,bajada,-0.007543,-0.007542,-0.007543,64.500000,0.0,0.001,0.0
17:25:10,2894,1,bajada,-0.007543,-0.007542,-0.007544,64.500000,0.0,0.001,0.0
17:25:10,2895,1,bajada,-0.007543,-0.007542,-0.007543,64.500000,0.0,0.001,0.0
17:25:10,2896,1,bajada,-0.007543,-0.007542,-0.007543,64.500000,0.0,0.001,0.0
17:25:10,2897,1,bajada,-0.007543,-0.007542,-0.007542,64.500000,0.0,0.001,0.0
17:25:10,2898,1,bajada,-0.007542,-0.007542,-0.007542,64.500000,0.0,0.001,0.0
17:25:10,2899,1,bajada,-0.007543,-0.007542,-0.007541,64.500000,0.001,0.0,0.0
17:25:10,2900,1,bajada,-0.007542,-0.007542,-0.007541,64.500000,0.0,0.001,0.0
17:25:10,2901,1,bajada,-0.007542,-0.007542,-0.007542,64.500000,0.0,0.001,0.0
17:25:10,2902,1,bajada,-0.007542,-0.007542,-0.007543,64.500000,0.0,0.001,0.0
17:25:10,2903,1,bajada,-0.007542,-0.007542,-0.007543,64.500000,0.0,0.001,0.0
17:25:11,2904,1,bajada,-0.007542,-0.007542,-0.007541,64.500000,0.0,0.001,0.0
17:25:11,2905,1,bajada,-0.007542,-0.007542,-0.007541,64.500000,0.0,0.001,0.0
17:25:11,2906,1,bajada,-0.007542,-0.007542,-0.007542,64.500000,0.0,0.001,0.0
17:25:11,2907,1,bajada,-0.007542,-0.007542,-0.007542,64.500000,0.0,0.001,0.0
17:25:11,2908,1,bajada,-0.007542,-0.007542,-0.007542,64.500000,0.0,0.001,0.0
17:25:11,2909,1,bajada,-0.007543,-0.007542,-0.007541,64.500000,0.0,0.001,0.0
17:25:11,2910,1,bajada,-0.007543,-0.007542,-0.007542,64.500000,0.0,0.001,0.0
17:25:11,2911,1,bajada,-0.007543,-0.007542,-0.007540,64.500000,0.0,0.001,0.0
17:25:11,2912,1,bajada,-0.007542,-0.007542,-0.007541,64.500000,0.001,0.0,0.0
17:25:11,2913,1,bajada,-0.007542,-0.007542,-0.007542,64.500000,0.0,0.001,0.0
17:25:11,2914,1,bajada,-0.007542,-0.007542,-0.007542,64.500000,0.0,0.001,0.0
17:25:11,2915,1,bajada,-0.007542,-0.007542,-0.007542,64.500000,0.001,0.0,0.0
17:25:11,2916,1,bajada,-0.007542,-0.007542,-0.007542,64.500000,0.0,0.001,0.0
17:25:11,2917,1,bajada,-0.007542,-0.007542,-0.007540,64.500000,0.0,0.001,0.0
17:25:11,2918,1,bajada,-0.007542,-0.007542,-0.007543,64.500000,0.0,0.001,0.0
17:25:11,2919,1,bajada,-0.007543,-0.007542,-0.007543,64.500000,0.0,0.001,0.0
17:25:11,2920,1,bajada,-0.007543,-0.007542,-0.007543,64.500000,0.0,0.001,0.0
17:25:11,2921,1,bajada,-0.007544,-0.007543,-0.007543,64.500000,0.0,0.001,0.0
17:25:11,2922,1,bajada,-0.007544,-0.007543,-0.007544,64.500000,0.0,0.001,0.0
17:25:11,2923,1,bajada,-0.007545,-0.007543,-0.007543,64.500000,0.0,0.001,0.0
17:25:12,2924,1,bajada,-0.007545,-0.007543,-0.007543,64.500000,0.0,0.001,0.0
17:25:12,2925,1,bajada,-0.007545,-0.007543,-0.007544,64.500000,0.0,0.001,0.0
17:25:12,2926,1,bajada,-0.007547,-0.007544,-0.007544,64.500000,0.0,0.001,0.0
17:25:12,2927,1,bajada,-0.007546,-0.007544,-0.007542,64.500000,0.0,0.001,0.0
17:25:12,2928,1,bajada,-0.007546,-0.007544,-0.007542,64.500000,0.0,0.0,0.0
17:25:12,2929,1,bajada,-0.007545,-0.007544,-0.007542,64.500000,0.0,0.001,0.0
17:25:12,2930,1,bajada,-0.007546,-0.007544,-0.007543,64.500000,0.0,0.001,0.0
17:25:12,2931,1,bajada,-0.007547,-0.007545,-0.007543,64.500000,0.0,0.001,0.0
17:25:12,2932,1,bajada,-0.007547,-0.007545,-0.007542,64.500000,0.0,0.001,0.0
17:25:12,2933,1,bajada,-0.007547,-0.007545,-0.007542,64.500000,0.0,0.001,0.0
17:25:12,2934,1,bajada,-0.007547,-0.007545,-0.007544,64.500000,0.0,0.001,0.0
17:25:12,2935,1,bajada,-0.007547,-0.007545,-0.007544,64.500000,0.0,0.001,0.0
17:25:12,2936,1,bajada,-0.007548,-0.007546,-0.007544,64.500000,0.0,0.001,0.0
17:25:12,2937,1,bajada,-0.007548,-0.007546,-0.007544,64.500000,0.0,0.001,0.0
17:25:12,2938,1,bajada,-0.007548,-0.007546,-0.007544,64.500000,0.001,0.0,0.0
17:25:12,2939,1,bajada,-0.007548,-0.007546,-0.007542,64.500000,0.0,0.001,0.0
17:25:12,2940,1,bajada,-0.007547,-0.007546,-0.007542,64.500000,0.0,0.001,0.0
17:25:12,2941,1,bajada,-0.007546,-0.007546,-0.007542,64.500000,0.001,0.0,0.0
17:25:12,2942,1,bajada,-0.007546,-0.007546,-0.007544,64.500000,0.0,0.001,0.0
17:25:12,2943,1,bajada,-0.007547,-0.007546,-0.007546,64.500000,0.001,0.0,0.0
17:25:12,2944,1,bajada,-0.007548,-0.007546,-0.007545,64.500000,0.0,0.001,0.0
17:25:12,2945,1,bajada,-0.007548,-0.007547,-0.007543,64.500000,0.0,0.001,0.0
17:25:12,2946,1,bajada,-0.007548,-0.007547,-0.007542,64.500000,0.0,0.001,0.0
17:25:12,2947,1,bajada,-0.007547,-0.007547,-0.007541,64.500000,0.0,0.001,0.0
17:25:12,2948,1,bajada,-0.007546,-0.007547,-0.007541,64.500000,0.0,0.0,0.0
17:25:13,2949,1,bajada,-0.007545,-0.007546,-0.007542,64.500000,0.0,0.001,0.0
17:25:13,2950,1,bajada,-0.007546,-0.007546,-0.007543,64.500000,0.0,0.001,0.0
17:25:13,2951,1,bajada,-0.007547,-0.007547,-0.007542,64.500000,0.0,0.001,0.0
17:25:13,2952,1,bajada,-0.007548,-0.007547,-0.007541,64.500000,0.0,0.001,0.0
17:25:13,2953,1,bajada,-0.007548,-0.007547,-0.007541,64.500000,0.0,0.001,0.0
17:25:13,2954,1,bajada,-0.007549,-0.007547,-0.007542,64.500000,0.0,0.001,0.0
17:25:13,2955,1,bajada,-0.007550,-0.007547,-0.007543,64.500000,0.0,0.001,0.0
17:25:13,2956,1,bajada,-0.007549,-0.007548,-0.007543,64.500000,0.0,0.001,0.0
17:25:13,2957,1,bajada,-0.007549,-0.007548,-0.007543,64.500000,0.0,0.001,0.0
17:25:13,2958,1,bajada,-0.007550,-0.007548,-0.007540,64.500000,0.0,0.001,0.0
17:25:13,2959,1,bajada,-0.007550,-0.007548,-0.007540,64.500000,0.001,0.0,0.0
17:25:13,2960,1,bajada,-0.007550,-0.007548,-0.007540,64.500000,0.0,0.001,0.0
17:25:13,2961,1,bajada,-0.007549,-0.007548,-0.007541,64.500000,0.0,0.001,0.0
17:25:13,2962,1,bajada,-0.007549,-0.007548,-0.007540,64.500000,0.0,0.001,0.0
17:25:13,2963,1,bajada,-0.007548,-0.007548,-0.007541,64.500000,0.0,0.001,0.0
17:25:13,2964,1,bajada,-0.007547,-0.007548,-0.007542,64.500000,0.0,0.001,0.0
17:25:13,2965,1,bajada,-0.007549,-0.007548,-0.007541,64.500000,0.0,0.001,0.0
17:25:13,2966,1,bajada,-0.007549,-0.007548,-0.007541,64.500000,0.0,0.001,0.0
17:25:13,2967,1,bajada,-0.007548,-0.007548,-0.007540,64.500000,0.0,0.001,0.0
17:25:13,2968,1,bajada,-0.007548,-0.007548,-0.007541,64.500000,0.0,0.001,0.0
17:25:13,2969,1,bajada,-0.007549,-0.007548,-0.007541,64.500000,0.0,0.001,0.0
17:25:14,2970,1,bajada,-0.007549,-0.007548,-0.007542,64.500000,0.0,0.001,0.0
17:25:14,2971,1,bajada,-0.007549,-0.007548,-0.007543,64.500000,0.0,0.001,0.0
17:25:14,2972,1,bajada,-0.007549,-0.007548,-0.007542,64.500000,0.0,0.001,0.0
17:25:14,2973,1,bajada,-0.007549,-0.007549,-0.007542,64.500000,0.0,0.001,0.0
17:25:14,2974,1,bajada,-0.007550,-0.007549,-0.007541,64.500000,0.0,0.001,0.0
17:25:14,2975,1,bajada,-0.007549,-0.007549,-0.007541,64.500000,0.0,0.001,0.0
17:25:14,2976,1,bajada,-0.007549,-0.007549,-0.007540,64.500000,0.001,0.0,0.0
17:25:14,2977,1,bajada,-0.007548,-0.007549,-0.007541,64.500000,0.0,0.001,0.0
17:25:14,2978,1,bajada,-0.007547,-0.007549,-0.007541,64.500000,0.001,0.0,0.0
17:25:14,2979,1,bajada,-0.007547,-0.007548,-0.007542,64.500000,0.0,0.001,0.0
17:25:14,2980,1,bajada,-0.007547,-0.007548,-0.007542,64.500000,0.0,0.001,0.0
17:25:14,2981,1,bajada,-0.007547,-0.007548,-0.007542,64.500000,0.0,0.001,0.0
17:25:14,2982,1,bajada,-0.007547,-0.007548,-0.007543,64.500000,0.0,0.001,0.0
17:25:14,2983,1,bajada,-0.007547,-0.007548,-0.007546,64.500000,0.0,0.002,0.0
17:25:14,2984,1,bajada,-0.007546,-0.007548,-0.007544,64.500000,0.0,0.001,0.0
17:25:14,2985,1,bajada,-0.007544,-0.007547,-0.007544,64.500000,0.0,0.001,0.0
17:25:14,2986,1,bajada,-0.007545,-0.007547,-0.007542,64.500000,0.0,0.001,0.0
17:25:14,2987,1,bajada,-0.007545,-0.007547,-0.007541,64.500000,0.0,0.001,0.0
17:25:14,2988,1,bajada,-0.007545,-0.007547,-0.007541,64.500000,0.0,0.001,0.0
17:25:14,2989,1,bajada,-0.007545,-0.007547,-0.007544,64.500000,0.0,0.001,0.0
17:25:14,2990,1,bajada,-0.007544,-0.007546,-0.007544,64.500000,0.0,0.001,0.0
17:25:14,2991,1,bajada,-0.007543,-0.007546,-0.007545,64.500000,0.0,0.001,0.0
17:25:15,2992,1,bajada,-0.007543,-0.007546,-0.007545,64.500000,0.0,0.001,0.0
17:25:15,2993,1,bajada,-0.007543,-0.007546,-0.007543,64.500000,0.0,0.001,0.0
17:25:15,2994,1,bajada,-0.007544,-0.007545,-0.007544,64.500000,0.0,0.001,0.0
17:25:15,2995,1,bajada,-0.007544,-0.007545,-0.007545,64.500000,0.001,0.0,0.0
17:25:15,2996,1,bajada,-0.007543,-0.007545,-0.007546,64.500000,0.0,0.001,0.0
17:25:15,2997,1,bajada,-0.007543,-0.007545,-0.007545,64.500000,0.0,0.001,0.0
17:25:15,2998,1,bajada,-0.007543,-0.007545,-0.007542,64.500000,0.0,0.001,0.0
17:25:15,2999,1,bajada,-0.007544,-0.007545,-0.007541,64.500000,0.0,0.001,0.0
17:25:15,3000,1,bajada,-0.007545,-0.007545,-0.007543,64.500000,0.0,0.001,0.0
17:25:15,3001,1,bajada,-0.007545,-0.007545,-0.007542,64.500000,0.0,0.001,0.0
17:25:15,3002,1,bajada,-0.007545,-0.007545,-0.007544,64.500000,0.001,0.0,0.0
17:25:15,3003,1,bajada,-0.007545,-0.007545,-0.007544,64.500000,0.0,0.001,0.0
17:25:15,3004,1,bajada,-0.007546,-0.007545,-0.007545,64.400000,0.0,0.001,0.0
17:25:15,3005,1,bajada,-0.007546,-0.007545,-0.007545,64.400000,0.0,0.001,0.0
17:25:15,3006,1,bajada,-0.007546,-0.007545,-0.007544,64.500000,0.0,0.001,0.0
17:25:15,3007,1,bajada,-0.007547,-0.007545,-0.007545,64.500000,0.0,0.001,0.0
17:25:15,3008,1,bajada,-0.007547,-0.007545,-0.007545,64.500000,0.0,0.001,0.0
17:25:15,3009,1,bajada,-0.007548,-0.007546,-0.007547,64.500000,0.0,0.001,0.0
17:25:15,3010,1,bajada,-0.007548,-0.007546,-0.007545,64.500000,0.0,0.001,0.0
17:25:15,3011,1,bajada,-0.007548,-0.007546,-0.007544,64.500000,0.0,0.001,0.0
17:25:15,3012,1,bajada,-0.007547,-0.007546,-0.007543,64.500000,0.0,0.001,0.0
17:25:15,3013,1,bajada,-0.007546,-0.007546,-0.007543,64.500000,0.0,0.001,0.0
17:25:15,3014,1,bajada,-0.007545,-0.007546,-0.007543,64.500000,0.0,0.001,0.0
17:25:15,3015,1,bajada,-0.007545,-0.007546,-0.007541,64.500000,0.0,0.001,0.0
17:25:16,3016,1,bajada,-0.007546,-0.007546,-0.007542,64.500000,0.0,0.001,0.0
17:25:16,3017,1,bajada,-0.007546,-0.007546,-0.007542,64.500000,0.0,0.002,0.0
17:25:16,3018,1,bajada,-0.007545,-0.007546,-0.007544,64.500000,0.0,0.001,0.0
17:25:16,3019,1,bajada,-0.007545,-0.007546,-0.007545,64.500000,0.0,0.001,0.0
17:25:16,3020,1,bajada,-0.007546,-0.007546,-0.007544,64.500000,0.0,0.001,0.0
17:25:16,3021,1,bajada,-0.007546,-0.007546,-0.007542,64.500000,0.0,0.001,0.0
17:25:16,3022,1,bajada,-0.007546,-0.007546,-0.007541,64.500000,0.0,0.001,0.0
17:25:16,3023,1,bajada,-0.007546,-0.007546,-0.007542,64.500000,0.0,0.001,0.0
17:25:16,3024,1,bajada,-0.007546,-0.007546,-0.007543,64.500000,0.0,0.001,0.0
17:25:16,3025,1,bajada,-0.007545,-0.007546,-0.007543,64.500000,0.0,0.001,0.0
17:25:16,3026,1,bajada,-0.007546,-0.007546,-0.007541,64.500000,0.0,0.002,0.0
17:25:16,3027,1,bajada,-0.007546,-0.007546,-0.007537,64.500000,0.0,0.001,0.0
17:25:16,3028,1,bajada,-0.007545,-0.007546,-0.007538,64.400000,0.0,0.001,0.0
17:25:16,3029,1,bajada,-0.007546,-0.007546,-0.007539,64.400000,0.0,0.001,0.0
17:25:16,3030,1,bajada,-0.007546,-0.007546,-0.007539,64.500000,0.0,0.001,0.0
17:25:16,3031,1,bajada,-0.007546,-0.007546,-0.007539,64.500000,0.0,0.001,0.0
17:25:16,3032,1,bajada,-0.007546,-0.007546,-0.007540,64.500000,0.0,0.001,0.0
17:25:16,3033,1,bajada,-0.007547,-0.007546,-0.007540,64.500000,0.0,0.001,0.0
17:25:16,3034,1,bajada,-0.007547,-0.007546,-0.007539,64.500000,0.0,0.001,0.0
17:25:16,3035,1,bajada,-0.007547,-0.007546,-0.007541,64.500000,0.0,0.001,0.0
17:25:16,3036,1,bajada,-0.007546,-0.007546,-0.007541,64.500000,0.0,0.001,0.0
17:25:16,3037,1,bajada,-0.007547,-0.007546,-0.007541,64.500000,0.0,0.001,0.0
17:25:17,3038,1,bajada,-0.007546,-0.007546,-0.007540,64.500000,0.0,0.001,0.0
17:25:17,3039,1,bajada,-0.007545,-0.007546,-0.007542,64.500000,0.001,0.0,0.0
17:25:17,3040,1,bajada,-0.007545,-0.007546,-0.007541,64.500000,0.0,0.001,0.0
17:25:17,3041,1,bajada,-0.007546,-0.007546,-0.007542,64.500000,0.001,0.0,0.0
17:25:17,3042,1,bajada,-0.007547,-0.007546,-0.007542,64.500000,0.001,0.0,0.0
17:25:17,3043,1,bajada,-0.007547,-0.007546,-0.007541,64.500000,0.0,0.001,0.0
17:25:17,3044,1,bajada,-0.007548,-0.007546,-0.007540,64.500000,0.0,0.001,0.0
17:25:17,3045,1,bajada,-0.007547,-0.007546,-0.007540,64.500000,0.0,0.001,0.0
17:25:17,3046,1,bajada,-0.007547,-0.007546,-0.007541,64.500000,0.001,0.0,0.0
17:25:17,3047,1,bajada,-0.007547,-0.007546,-0.007541,64.500000,0.0,0.001,0.0
17:25:17,3048,1,bajada,-0.007546,-0.007546,-0.007540,64.500000,0.0,0.001,0.0
17:25:17,3049,1,bajada,-0.007547,-0.007546,-0.007541,64.500000,0.0,0.001,0.0
17:25:17,3050,1,bajada,-0.007547,-0.007547,-0.007543,64.500000,0.0,0.001,0.0
17:25:17,3051,1,bajada,-0.007546,-0.007547,-0.007544,64.500000,0.0,0.001,0.0
17:25:17,3052,1,bajada,-0.007546,-0.007546,-0.007540,64.500000,0.0,0.001,0.0
17:25:17,3053,1,bajada,-0.007546,-0.007546,-0.007540,64.500000,0.0,0.001,0.0
17:25:17,3054,1,bajada,-0.007547,-0.007546,-0.007543,64.500000,0.0,0.001,0.0
17:25:17,3055,1,bajada,-0.007547,-0.007546,-0.007543,64.500000,0.0,0.001,0.0
17:25:17,3056,1,bajada,-0.007546,-0.007546,-0.007543,64.500000,0.0,0.001,0.0
17:25:17,3057,1,bajada,-0.007545,-0.007546,-0.007542,64.500000,0.0,0.001,0.0
17:25:18,3058,1,bajada,-0.007546,-0.007546,-0.007544,64.500000,0.0,0.001,0.0
17:25:18,3059,1,bajada,-0.007546,-0.007546,-0.007543,64.500000,0.0,0.001,0.0
17:25:18,3060,1,bajada,-0.007546,-0.007546,-0.007542,64.500000,0.0,0.001,0.0
17:25:18,3061,1,bajada,-0.007546,-0.007546,-0.007542,64.500000,0.0,0.001,0.0
17:25:18,3062,1,bajada,-0.007547,-0.007546,-0.007545,64.500000,0.0,0.001,0.0
17:25:18,3063,1,bajada,-0.007546,-0.007546,-0.007547,64.500000,0.0,0.001,0.0
17:25:18,3064,1,bajada,-0.007546,-0.007546,-0.007547,64.500000,0.0,0.001,0.0
17:25:18,3065,1,bajada,-0.007546,-0.007546,-0.007545,64.500000,0.0,0.001,0.0
17:25:18,3066,1,bajada,-0.007546,-0.007546,-0.007545,64.500000,0.0,0.001,0.0
17:25:18,3067,1,bajada,-0.007547,-0.007546,-0.007545,64.500000,0.0,0.001,0.0
17:25:18,3068,1,bajada,-0.007547,-0.007546,-0.007544,64.500000,0.0,0.001,0.0
17:25:18,3069,1,bajada,-0.007548,-0.007547,-0.007546,64.500000,0.0,0.001,0.0
17:25:18,3070,1,bajada,-0.007548,-0.007547,-0.007546,64.500000,0.001,0.0,0.0
17:25:18,3071,1,bajada,-0.007549,-0.007547,-0.007547,64.500000,0.0,0.001,0.0
17:25:18,3072,1,bajada,-0.007549,-0.007547,-0.007544,64.500000,0.0,0.001,0.0
17:25:18,3073,1,bajada,-0.007548,-0.007547,-0.007543,64.500000,0.0,0.001,0.0
17:25:18,3074,1,bajada,-0.007546,-0.007547,-0.007545,64.500000,0.0,0.001,0.0
17:25:18,3075,1,bajada,-0.007547,-0.007547,-0.007543,64.500000,0.0,0.001,0.0
17:25:18,3076,1,bajada,-0.007547,-0.007547,-0.007546,64.500000,0.0,0.001,0.0
17:25:18,3077,1,bajada,-0.007548,-0.007547,-0.007546,64.500000,0.0,0.001,0.0
17:25:19,3078,1,bajada,-0.007547,-0.007547,-0.007543,64.500000,0.0,0.001,0.0
17:25:19,3079,1,bajada,-0.007548,-0.007547,-0.007545,64.500000,0.0,0.001,0.0
17:25:19,3080,1,bajada,-0.007548,-0.007547,-0.007546,64.500000,0.001,0.0,0.0
17:25:19,3081,1,bajada,-0.007548,-0.007547,-0.007546,64.500000,0.0,0.001,0.0
17:25:19,3082,1,bajada,-0.007549,-0.007548,-0.007547,64.500000,0.0,0.001,0.0
17:25:19,3083,1,bajada,-0.007548,-0.007548,-0.007548,64.500000,0.0,0.001,0.0
17:25:19,3084,1,bajada,-0.007548,-0.007548,-0.007547,64.500000,0.0,0.001,0.0
17:25:19,3085,1,bajada,-0.007549,-0.007548,-0.007546,64.500000,0.0,0.001,0.0
17:25:19,3086,1,bajada,-0.007550,-0.007548,-0.007545,64.500000,0.0,0.001,0.0
17:25:19,3087,1,bajada,-0.007549,-0.007548,-0.007546,64.500000,0.0,0.001,0.0
17:25:19,3088,1,bajada,-0.007548,-0.007548,-0.007545,64.500000,0.0,0.001,0.0
17:25:19,3089,1,bajada,-0.007547,-0.007548,-0.007546,64.500000,0.0,0.001,0.0
17:25:19,3090,1,bajada,-0.007546,-0.007548,-0.007546,64.500000,0.0,0.001,0.0
17:25:19,3091,1,bajada,-0.007546,-0.007548,-0.007545,64.500000,0.0,0.001,0.0
17:25:19,3092,1,bajada,-0.007546,-0.007547,-0.007544,64.500000,0.0,0.001,0.0
17:25:19,3093,1,bajada,-0.007546,-0.007547,-0.007544,64.500000,0.0,0.001,0.0
17:25:19,3094,1,bajada,-0.007546,-0.007547,-0.007543,64.500000,0.0,0.001,0.0
17:25:19,3095,1,bajada,-0.007546,-0.007547,-0.007543,64.500000,0.0,0.001,0.0
17:25:19,3096,1,bajada,-0.007547,-0.007547,-0.007542,64.500000,0.0,0.001,0.0
17:25:19,3097,1,bajada,-0.007548,-0.007547,-0.007543,64.500000,0.0,0.001,0.0
17:25:19,3098,1,bajada,-0.007548,-0.007547,-0.007541,64.500000,0.0,0.001,0.0
17:25:19,3099,1,bajada,-0.007546,-0.007547,-0.007542,64.500000,0.0,0.001,0.0
17:25:19,3100,1,bajada,-0.007546,-0.007547,-0.007541,64.500000,0.0,0.001,0.0
17:25:19,3101,1,bajada,-0.007545,-0.007547,-0.007543,64.500000,0.0,0.001,0.0
17:25:19,3102,1,bajada,-0.007545,-0.007547,-0.007540,64.500000,0.0,0.001,0.0
17:25:20,3103,1,bajada,-0.007545,-0.007547,-0.007541,64.500000,0.0,0.001,0.0
17:25:20,3104,1,bajada,-0.007545,-0.007546,-0.007541,64.500000,0.0,0.001,0.0
17:25:20,3105,1,bajada,-0.007545,-0.007546,-0.007540,64.500000,0.0,0.001,0.0
17:25:20,3106,1,bajada,-0.007546,-0.007546,-0.007541,64.500000,0.0,0.001,0.0
17:25:20,3107,1,bajada,-0.007545,-0.007546,-0.007540,64.500000,0.0,0.001,0.0
17:25:20,3108,1,bajada,-0.007545,-0.007546,-0.007541,64.500000,0.0,0.001,0.0
17:25:20,3109,1,bajada,-0.007545,-0.007546,-0.007542,64.500000,0.0,0.001,0.0
17:25:20,3110,1,bajada,-0.007545,-0.007546,-0.007541,64.500000,0.0,0.001,0.0
17:25:20,3111,1,bajada,-0.007547,-0.007546,-0.007542,64.500000,0.0,0.001,0.0
17:25:20,3112,1,bajada,-0.007547,-0.007546,-0.007543,64.500000,0.0,0.001,0.0
17:25:20,3113,1,bajada,-0.007547,-0.007546,-0.007543,64.500000,0.0,0.001,0.0
17:25:20,3114,1,bajada,-0.007546,-0.007546,-0.007543,64.500000,0.001,0.0,0.0
17:25:20,3115,1,bajada,-0.007546,-0.007546,-0.007541,64.500000,0.0,0.001,0.0
17:25:20,3116,1,bajada,-0.007545,-0.007546,-0.007543,64.500000,0.0,0.001,0.0
