Timestamp,Sample,Ciclo,Fase,TIVA Voltage (V),TIVA Voltage w/FPB(V),KEITHLEY Voltage (V),TIVA Temp (C),Alicat Presion (kPA),Alicat Setpoint (kPA),Setpoint Enviado (kPA)
11:05:43,2,1,subida,-0.007164,-0.007165,-0.007159,29.940000,0.0,0.001,0.0
11:05:43,3,1,subida,-0.007165,-0.007165,-0.007159,29.940000,0.0,0.001,0.0
11:05:43,4,1,subida,-0.007165,-0.007165,-0.007162,29.940000,0.0,0.001,0.0
11:05:43,5,1,subida,-0.007167,-0.007165,-0.007161,29.940000,0.0,0.001,0.0
11:05:43,6,1,subida,-0.007167,-0.007166,-0.007161,29.940000,0.0,0.001,0.0
11:05:43,7,1,subida,-0.007166,-0.007166,-0.007162,29.940000,0.0,0.001,0.0
11:05:43,8,1,subida,-0.007165,-0.007166,-0.007162,29.940000,0.0,0.001,0.0
11:05:43,9,1,subida,-0.007165,-0.007165,-0.007163,29.940000,0.0,0.001,0.0
11:05:43,10,1,subida,-0.007166,-0.007165,-0.007162,29.940000,0.0,0.0,0.0
11:05:43,11,1,subida,-0.007167,-0.007166,-0.007162,29.940000,0.001,0.0,0.0
11:05:43,12,1,subida,-0.007169,-0.007166,-0.007162,29.940000,0.0,0.001,0.0
11:05:43,13,1,subida,-0.007170,-0.007166,-0.007161,29.940000,0.0,0.001,0.0
11:05:43,14,1,subida,-0.007169,-0.007167,-0.007164,29.940000,0.0,0.001,0.0
11:05:43,15,1,subida,-0.007168,-0.007167,-0.007163,29.940000,0.0,0.001,0.0
11:05:43,16,1,subida,-0.007169,-0.007167,-0.007163,29.940000,0.0,0.001,0.0
11:05:43,17,1,subida,-0.007168,-0.007167,-0.007162,29.940000,0.0,0.001,0.0
11:05:43,18,1,subida,-0.007167,-0.007167,-0.007161,29.940000,0.0,0.001,0.0
11:05:43,19,1,subida,-0.007166,-0.007167,-0.007161,29.940000,0.0,0.001,0.0
11:05:43,20,1,subida,-0.007166,-0.007167,-0.007161,29.940000,0.0,0.001,0.0
11:05:43,21,1,subida,-0.007165,-0.007167,-0.007162,29.940000,0.0,0.001,0.0
11:05:43,22,1,subida,-0.007164,-0.007167,-0.007162,29.940000,0.0,0.001,0.0
11:05:43,23,1,subida,-0.007165,-0.007166,-0.007163,29.940000,0.0,0.001,0.0
11:05:44,24,1,subida,-0.007165,-0.007166,-0.007164,29.940000,0.0,0.001,0.0
11:05:44,25,1,subida,-0.007165,-0.007166,-0.007163,29.940000,0.0,0.001,0.0
11:05:44,26,1,subida,-0.007166,-0.007166,-0.007163,29.940000,0.0,0.001,0.0
11:05:44,27,1,subida,-0.007166,-0.007166,-0.007161,29.940000,0.0,0.001,0.0
11:05:44,28,1,subida,-0.007165,-0.007166,-0.007161,29.940000,0.0,0.001,0.0
11:05:44,29,1,subida,-0.007165,-0.007166,-0.007161,29.940000,0.0,0.001,0.0
11:05:44,30,1,subida,-0.007165,-0.007166,-0.007160,29.940000,0.0,0.001,0.0
11:05:44,31,1,subida,-0.007164,-0.007166,-0.007161,29.940000,0.0,0.001,0.0
11:05:44,32,1,subida,-0.007163,-0.007166,-0.007160,29.940000,0.0,0.001,0.0
11:05:44,33,1,subida,-0.007163,-0.007165,-0.007161,29.940000,0.0,0.001,0.0
11:05:44,34,1,subida,-0.007163,-0.007165,-0.007159,29.940000,0.0,0.0,0.0
11:05:44,35,1,subida,-0.007163,-0.007165,-0.007159,29.940000,0.0,0.001,0.0
11:05:44,36,1,subida,-0.007164,-0.007165,-0.007160,29.940000,0.0,0.001,0.0
11:05:44,37,1,subida,-0.007164,-0.007165,-0.007159,29.940000,0.0,0.001,0.0
11:05:44,38,1,subida,-0.007165,-0.007165,-0.007162,29.940000,0.0,0.001,0.0
11:05:44,39,1,subida,-0.007165,-0.007165,-0.007161,29.940000,0.0,0.001,0.0
11:05:44,40,1,subida,-0.007166,-0.007165,-0.007162,29.940000,0.0,0.001,0.0
11:05:44,41,1,subida,-0.007166,-0.007165,-0.007161,29.940000,0.0,0.001,0.0
11:05:44,42,1,subida,-0.007165,-0.007165,-0.007163,29.940000,0.0,0.001,0.0
11:05:44,43,1,subida,-0.007164,-0.007165,-0.007164,29.940000,0.0,0.0,0.0
11:05:44,44,1,subida,-0.007165,-0.007165,-0.007164,29.940000,0.0,0.001,0.0
11:05:44,45,1,subida,-0.007165,-0.007165,-0.007164,29.940000,0.0,0.001,0.0
11:05:45,46,1,subida,-0.007166,-0.007165,-0.007163,29.940000,0.0,0.001,0.0
11:05:45,47,1,subida,-0.007166,-0.007165,-0.007159,29.940000,0.0,0.001,0.0
11:05:45,48,1,subida,-0.007166,-0.007165,-0.007160,29.940000,0.0,0.0,0.0
11:05:45,49,1,subida,-0.007165,-0.007165,-0.007163,29.940000,0.0,0.001,0.0
11:05:45,50,1,subida,-0.007165,-0.007165,-0.007163,29.940000,0.0,0.001,0.0
11:05:45,51,1,subida,-0.007164,-0.007165,-0.007163,29.940000,0.0,0.001,0.0
11:05:45,52,1,subida,-0.007164,-0.007165,-0.007161,29.940000,0.0,0.001,0.0
11:05:45,53,1,subida,-0.007164,-0.007165,-0.007161,29.940000,0.0,0.001,0.0
11:05:45,54,1,subida,-0.007164,-0.007165,-0.007161,29.940000,0.0,0.001,0.0
11:05:45,55,1,subida,-0.007166,-0.007165,-0.007162,29.940000,0.0,0.001,0.0
11:05:45,56,1,subida,-0.007166,-0.007165,-0.007163,29.940000,0.001,0.0,0.0
11:05:45,57,1,subida,-0.007165,-0.007165,-0.007160,29.940000,0.0,0.001,0.0
11:05:45,58,1,subida,-0.007165,-0.007165,-0.007162,29.940000,0.0,0.001,0.0
11:05:45,59,1,subida,-0.007167,-0.007165,-0.007161,29.940000,0.0,0.0,0.0
11:05:45,60,1,subida,-0.007169,-0.007166,-0.007161,29.940000,0.0,0.001,0.0
11:05:45,61,1,subida,-0.007169,-0.007166,-0.007161,29.940000,0.0,0.001,0.0
11:05:45,62,1,subida,-0.007168,-0.007166,-0.007160,29.940000,0.0,0.0,0.0
11:05:45,63,1,subida,-0.007168,-0.007166,-0.007161,29.940000,0.0,0.001,0.0
11:05:45,64,1,subida,-0.007167,-0.007166,-0.007160,29.940000,0.0,0.001,0.0
11:05:45,65,1,subida,-0.007168,-0.007167,-0.007159,29.940000,0.0,0.001,0.0
11:05:45,66,1,subida,-0.007167,-0.007167,-0.007159,29.940000,0.001,0.0,0.0
11:05:45,67,1,subida,-0.007167,-0.007167,-0.007159,29.940000,0.0,0.001,0.0
11:05:45,68,1,subida,-0.007167,-0.007167,-0.007160,29.940000,0.0,0.001,0.0
11:05:45,69,1,subida,-0.007167,-0.007167,-0.007162,29.940000,0.0,0.001,0.0
11:05:45,70,1,subida,-0.007167,-0.007167,-0.007161,29.940000,0.0,0.001,0.0
11:05:45,71,1,subida,-0.007167,-0.007167,-0.007162,29.940000,0.0,0.001,0.0
11:05:46,72,1,subida,-0.007167,-0.007167,-0.007164,29.940000,0.0,0.001,0.0
11:05:46,73,1,subida,-0.007168,-0.007167,-0.007164,29.940000,0.0,0.001,0.0
11:05:46,74,1,subida,-0.007167,-0.007167,-0.007164,29.940000,0.0,0.001,0.0
11:05:46,75,1,subida,-0.007166,-0.007167,-0.007162,29.940000,0.0,0.001,0.0
11:05:46,76,1,subida,-0.007166,-0.007167,-0.007162,29.940000,0.0,0.001,0.0
11:05:46,77,1,subida,-0.007166,-0.007167,-0.007161,29.940000,0.0,0.001,0.0
11:05:46,78,1,subida,-0.007167,-0.007167,-0.007160,29.940000,0.0,0.001,0.0
11:05:46,79,1,subida,-0.007168,-0.007167,-0.007160,29.940000,0.0,0.001,0.0
11:05:46,80,1,subida,-0.007168,-0.007167,-0.007159,29.940000,0.0,0.001,0.0
11:05:46,81,1,subida,-0.007168,-0.007167,-0.007159,29.940000,0.0,0.001,0.0
11:05:46,82,1,subida,-0.007168,-0.007167,-0.007159,29.940000,0.0,0.0,0.0
11:05:46,83,1,subida,-0.007168,-0.007167,-0.007159,29.940000,0.0,0.001,0.0
11:05:46,84,1,subida,-0.007168,-0.007167,-0.007164,29.940000,0.0,0.0,0.0
11:05:46,85,1,subida,-0.007168,-0.007167,-0.007164,29.940000,0.0,0.001,0.0
11:05:46,86,1,subida,-0.007168,-0.007167,-0.007163,29.940000,0.0,0.001,0.0
11:05:46,87,1,subida,-0.007167,-0.007167,-0.007161,29.940000,0.0,0.001,0.0
11:05:46,88,1,subida,-0.007166,-0.007167,-0.007163,29.940000,0.0,0.001,0.0
11:05:46,89,1,subida,-0.007165,-0.007167,-0.007162,29.940000,0.0,0.001,0.0
11:05:46,90,1,subida,-0.007165,-0.007167,-0.007163,29.940000,0.0,0.001,0.0
11:05:46,91,1,subida,-0.007164,-0.007167,-0.007160,29.940000,0.0,0.001,0.0
11:05:46,92,1,subida,-0.007165,-0.007166,-0.007160,29.940000,0.0,0.001,0.0
11:05:46,93,1,subida,-0.007165,-0.007166,-0.007162,29.940000,0.0,0.001,0.0
11:05:46,94,1,subida,-0.007165,-0.007166,-0.007160,29.940000,0.0,0.001,0.0
11:05:47,95,1,subida,-0.007165,-0.007166,-0.007160,29.940000,0.0,0.001,0.0
11:05:47,96,1,subida,-0.007166,-0.007166,-0.007161,29.940000,0.0,0.001,0.0
11:05:47,97,1,subida,-0.007167,-0.007166,-0.007160,29.940000,0.0,0.001,0.0
11:05:47,98,1,subida,-0.007167,-0.007166,-0.007159,29.940000,0.001,0.0,0.0
11:05:47,99,1,subida,-0.007167,-0.007166,-0.007160,29.940000,0.0,0.001,0.0
11:05:47,100,1,subida,-0.007167,-0.007166,-0.007161,29.940000,0.0,0.001,0.0
11:05:47,101,1,subida,-0.007166,-0.007166,-0.007160,29.940000,0.0,0.001,0.0
11:05:47,102,1,subida,-0.007165,-0.007166,-0.007160,29.940000,0.0,0.001,0.0
11:05:47,103,1,subida,-0.007164,-0.007166,-0.007161,29.940000,0.0,0.001,0.0
11:05:47,104,1,subida,-0.007162,-0.007166,-0.007163,29.940000,0.001,0.0,0.0
11:05:47,105,1,subida,-0.007162,-0.007165,-0.007162,29.940000,0.0,0.001,0.0
11:05:47,106,1,subida,-0.007163,-0.007165,-0.007159,29.940000,0.0,0.0,0.0
11:05:47,107,1,subida,-0.007164,-0.007165,-0.007159,29.940000,0.0,0.001,0.0
11:05:47,108,1,subida,-0.007165,-0.007165,-0.007160,29.940000,0.0,0.001,0.0
11:05:47,109,1,subida,-0.007165,-0.007165,-0.007163,29.940000,0.001,0.0,0.0
11:05:47,110,1,subida,-0.007165,-0.007165,-0.007160,29.940000,0.0,0.001,0.0
11:05:47,111,1,subida,-0.007165,-0.007165,-0.007161,29.940000,0.0,0.0,0.0
11:05:47,112,1,subida,-0.007165,-0.007165,-0.007163,29.940000,0.0,0.001,0.0
11:05:47,113,1,subida,-0.007165,-0.007165,-0.007162,29.940000,0.0,0.001,0.0
11:05:47,114,1,subida,-0.007165,-0.007165,-0.007160,29.940000,0.0,0.0,0.0
11:05:47,115,1,subida,-0.007166,-0.007165,-0.007161,29.940000,0.0,0.001,0.0
11:05:47,116,1,subida,-0.007166,-0.007165,-0.007161,29.940000,0.0,0.001,0.0
11:05:47,117,1,subida,-0.007165,-0.007165,-0.007162,29.940000,0.0,0.001,0.0
11:05:47,118,1,subida,-0.007164,-0.007165,-0.007163,29.940000,0.0,0.001,0.0
11:05:47,119,1,subida,-0.007165,-0.007165,-0.007162,29.940000,0.001,0.0,0.0
11:05:48,120,1,subida,-0.007165,-0.007165,-0.007161,29.940000,0.0,0.001,0.0
11:05:48,121,1,subida,-0.007165,-0.007165,-0.007160,29.940000,0.0,0.001,0.0
11:05:48,122,1,subida,-0.007166,-0.007165,-0.007161,29.940000,0.0,0.001,0.0
11:05:48,123,1,subida,-0.007166,-0.007165,-0.007161,29.940000,0.0,0.001,0.0
11:05:48,124,1,subida,-0.007166,-0.007165,-0.007161,29.940000,0.0,0.001,0.0
11:05:48,125,1,subida,-0.007165,-0.007165,-0.007159,29.940000,0.0,0.001,0.0
11:05:48,126,1,subida,-0.007165,-0.007165,-0.007158,29.940000,0.0,0.001,0.0
11:05:48,127,1,subida,-0.007164,-0.007165,-0.007158,29.940000,0.001,0.0,0.0
11:05:48,128,1,subida,-0.007163,-0.007165,-0.007159,29.940000,0.0,0.001,0.0
11:05:48,129,1,subida,-0.007163,-0.007165,-0.007159,29.940000,0.001,0.0,0.0
11:05:48,130,1,subida,-0.007163,-0.007164,-0.007160,29.940000,0.0,0.001,0.0
11:05:48,131,1,subida,-0.007163,-0.007164,-0.007161,29.940000,0.001,0.0,0.0
11:05:48,132,1,subida,-0.007163,-0.007164,-0.007162,29.940000,0.0,0.001,0.0
11:05:48,133,1,subida,-0.007162,-0.007164,-0.007163,29.940000,0.0,0.001,0.0
11:05:48,134,1,subida,-0.007163,-0.007164,-0.007161,29.940000,0.0,0.001,0.0
11:05:48,135,1,subida,-0.007164,-0.007164,-0.007160,29.940000,0.0,0.001,0.0
11:05:48,136,1,subida,-0.007164,-0.007164,-0.007159,29.940000,0.0,0.001,0.0
11:05:48,137,1,subida,-0.007165,-0.007164,-0.007159,29.940000,0.0,0.001,0.0
11:05:48,138,1,subida,-0.007166,-0.007164,-0.007160,29.940000,0.0,0.001,0.0
11:05:48,139,1,subida,-0.007167,-0.007165,-0.007159,29.940000,0.0,0.001,0.0
11:05:48,140,1,subida,-0.007167,-0.007165,-0.007160,29.940000,0.0,0.001,0.0
11:05:48,141,1,subida,-0.007167,-0.007165,-0.007160,29.940000,0.0,0.001,0.0
11:05:48,142,1,subida,-0.007167,-0.007165,-0.007159,29.940000,0.0,0.001,0.0
11:05:49,143,1,subida,-0.007166,-0.007165,-0.007159,29.940000,0.0,0.001,0.0
11:05:49,144,1,subida,-0.007165,-0.007165,-0.007159,29.940000,0.0,0.001,0.0
11:05:49,145,1,subida,-0.007166,-0.007165,-0.007160,29.940000,0.0,0.001,0.0
11:05:49,146,1,subida,-0.007166,-0.007165,-0.007158,29.940000,0.0,0.001,0.0
11:05:49,147,1,subida,-0.007164,-0.007165,-0.007157,29.940000,0.0,0.001,0.0
11:05:49,148,1,subida,-0.007164,-0.007165,-0.007158,29.940000,0.0,0.001,0.0
11:05:49,149,1,subida,-0.007165,-0.007165,-0.007156,29.940000,0.0,0.001,0.0
11:05:49,150,1,subida,-0.007165,-0.007165,-0.007157,29.940000,0.0,0.001,0.0
11:05:49,151,1,subida,-0.007164,-0.007165,-0.007159,29.940000,0.0,0.001,0.0
11:05:49,152,1,subida,-0.007164,-0.007165,-0.007160,29.940000,0.0,0.0,0.0
11:05:49,153,1,subida,-0.007164,-0.007165,-0.007160,29.940000,0.0,0.001,0.0
11:05:49,154,1,subida,-0.007164,-0.007165,-0.007159,29.940000,0.0,0.001,0.0
11:05:49,155,1,subida,-0.007164,-0.007165,-0.007159,29.940000,0.0,0.001,0.0
11:05:49,156,1,subida,-0.007163,-0.007165,-0.007160,29.940000,0.0,0.001,0.0
11:05:49,157,1,subida,-0.007162,-0.007164,-0.007161,29.940000,0.001,0.0,0.0
11:05:49,158,1,subida,-0.007162,-0.007164,-0.007161,29.940000,0.0,0.001,0.0
11:05:49,159,1,subida,-0.007163,-0.007164,-0.007160,29.940000,0.0,0.001,0.0
11:05:49,160,1,subida,-0.007165,-0.007164,-0.007160,29.940000,0.0,0.001,0.0
11:05:49,161,1,subida,-0.007166,-0.007164,-0.007161,29.940000,0.0,0.001,0.0
11:05:49,162,1,subida,-0.007167,-0.007164,-0.007161,29.940000,0.0,0.001,0.0
11:05:49,163,1,subida,-0.007167,-0.007165,-0.007161,29.940000,0.0,0.001,0.0
11:05:49,164,1,subida,-0.007166,-0.007165,-0.007162,29.940000,0.0,0.001,0.0
11:05:49,165,1,subida,-0.007165,-0.007165,-0.007162,29.940000,0.001,0.0,0.0
11:05:49,166,1,subida,-0.007165,-0.007165,-0.007162,29.940000,0.0,0.001,0.0
11:05:49,167,1,subida,-0.007164,-0.007165,-0.007163,29.940000,0.0,0.001,0.0
11:05:50,168,1,subida,-0.007163,-0.007165,-0.007162,29.940000,0.0,0.001,0.0
11:05:50,169,1,subida,-0.007163,-0.007164,-0.007161,29.940000,0.0,0.001,0.0
11:05:50,170,1,subida,-0.007162,-0.007164,-0.007161,29.940000,0.0,0.001,0.0
11:05:50,171,1,subida,-0.007162,-0.007164,-0.007160,29.940000,0.0,0.001,0.0
11:05:50,172,1,subida,-0.007165,-0.007164,-0.007159,29.940000,0.0,0.001,0.0
11:05:50,173,1,subida,-0.007167,-0.007164,-0.007161,29.940000,0.0,0.001,0.0
11:05:50,174,1,subida,-0.007167,-0.007165,-0.007162,29.940000,0.0,0.001,0.0
11:05:50,175,1,subida,-0.007165,-0.007165,-0.007160,29.940000,0.0,0.001,0.0
11:05:50,176,1,subida,-0.007164,-0.007165,-0.007160,29.940000,0.0,0.001,0.0
11:05:50,177,1,subida,-0.007164,-0.007165,-0.007159,29.940000,0.0,0.001,0.0
11:05:50,178,1,subida,-0.007164,-0.007165,-0.007158,29.940000,0.0,0.001,0.0
11:05:50,179,1,subida,-0.007164,-0.007165,-0.007159,29.940000,0.0,0.001,0.0
11:05:50,180,1,subida,-0.007164,-0.007164,-0.007159,29.940000,0.0,0.001,0.0
11:05:50,181,1,subida,-0.007163,-0.007164,-0.007161,29.940000,0.001,0.0,0.0
11:05:50,182,1,subida,-0.007163,-0.007164,-0.007162,29.940000,0.0,0.001,0.0
11:05:50,183,1,subida,-0.007163,-0.007164,-0.007164,29.940000,0.0,0.001,0.0
11:05:50,184,1,subida,-0.007163,-0.007164,-0.007163,29.940000,0.0,0.001,0.0
11:05:50,185,1,subida,-0.007163,-0.007164,-0.007160,29.940000,0.0,0.001,0.0
11:05:50,186,1,subida,-0.007164,-0.007164,-0.007160,29.940000,0.0,0.001,0.0
11:05:50,187,1,subida,-0.007163,-0.007164,-0.007163,29.940000,0.0,0.001,0.0
11:05:50,188,1,subida,-0.007163,-0.007164,-0.007163,29.940000,0.0,0.001,0.0
11:05:50,189,1,subida,-0.007165,-0.007164,-0.007162,29.940000,0.001,0.0,0.0
11:05:50,190,1,subida,-0.007164,-0.007164,-0.007161,29.940000,0.0,0.001,0.0
11:05:51,191,1,subida,-0.007164,-0.007164,-0.007162,29.940000,0.0,0.001,0.0
11:05:51,192,1,subida,-0.007164,-0.007164,-0.007164,29.940000,0.0,0.001,0.0
11:05:51,193,1,subida,-0.007164,-0.007164,-0.007162,29.940000,0.0,0.001,0.0
11:05:51,194,1,subida,-0.007164,-0.007164,-0.007162,29.940000,0.0,0.001,0.0
11:05:51,195,1,subida,-0.007164,-0.007164,-0.007163,29.940000,0.0,0.001,0.0
11:05:51,196,1,subida,-0.007165,-0.007164,-0.007164,29.940000,0.0,0.001,0.0
11:05:51,197,1,subida,-0.007165,-0.007164,-0.007164,29.940000,0.0,0.001,0.0
11:05:51,198,1,subida,-0.007164,-0.007164,-0.007163,29.940000,0.0,0.001,0.0
11:05:51,199,1,subida,-0.007165,-0.007164,-0.007162,29.940000,0.0,0.001,0.0
11:05:51,200,1,subida,-0.007165,-0.007164,-0.007161,29.940000,0.0,0.001,0.0
11:05:51,201,1,subida,-0.007166,-0.007164,-0.007163,29.940000,0.0,0.001,0.0
11:05:51,202,1,subida,-0.007165,-0.007164,-0.007162,29.940000,0.0,0.001,0.0
11:05:51,203,1,subida,-0.007165,-0.007164,-0.007161,29.940000,0.0,0.001,0.0
11:05:51,204,1,subida,-0.007164,-0.007164,-0.007161,29.940000,0.0,0.001,0.0
11:05:51,205,1,subida,-0.007164,-0.007164,-0.007160,29.940000,0.0,0.001,0.0
11:05:51,206,1,subida,-0.007163,-0.007164,-0.007159,29.940000,0.0,0.001,0.0
11:05:51,207,1,subida,-0.007162,-0.007164,-0.007160,29.940000,0.0,0.001,0.0
11:05:51,208,1,subida,-0.007162,-0.007164,-0.007159,29.940000,0.001,0.0,0.0
11:05:51,209,1,subida,-0.007162,-0.007164,-0.007158,29.940000,0.0,0.001,0.0
11:05:51,210,1,subida,-0.007163,-0.007164,-0.007158,29.940000,0.0,0.001,0.0
11:05:51,211,1,subida,-0.007163,-0.007163,-0.007161,29.940000,0.0,0.001,0.0
11:05:51,212,1,subida,-0.007163,-0.007163,-0.007162,29.940000,0.0,0.001,0.0
11:05:51,213,1,subida,-0.007164,-0.007164,-0.007161,29.940000,0.0,0.001,0.0
11:05:51,214,1,subida,-0.007165,-0.007164,-0.007161,29.940000,0.0,0.001,0.0
11:05:51,215,1,subida,-0.007164,-0.007164,-0.007161,29.940000,0.0,0.001,0.0
11:05:51,216,1,subida,-0.007162,-0.007164,-0.007160,29.940000,0.0,0.001,0.0
11:05:52,217,1,subida,-0.007161,-0.007163,-0.007161,29.940000,0.001,0.0,0.0
11:05:52,218,1,subida,-0.007162,-0.007163,-0.007160,29.940000,0.0,0.001,0.0
11:05:52,219,1,subida,-0.007162,-0.007163,-0.007162,29.940000,0.0,0.001,0.0
11:05:52,220,1,subida,-0.007162,-0.007163,-0.007165,29.940000,0.0,0.001,0.0
11:05:52,221,1,subida,-0.007162,-0.007163,-0.007163,29.940000,0.0,0.001,0.0
11:05:52,222,1,subida,-0.007162,-0.007163,-0.007161,29.940000,0.0,0.001,0.0
11:05:52,223,1,subida,-0.007162,-0.007163,-0.007162,29.940000,0.0,0.001,0.0
11:05:52,224,1,subida,-0.007162,-0.007163,-0.007162,29.940000,0.0,0.001,0.0
11:05:52,225,1,subida,-0.007161,-0.007163,-0.007162,29.940000,0.0,0.001,0.0
11:05:52,226,1,subida,-0.007160,-0.007162,-0.007162,29.940000,0.0,0.001,0.0
11:05:52,227,1,subida,-0.007161,-0.007162,-0.007163,29.940000,0.0,0.001,0.0
11:05:52,228,1,subida,-0.007161,-0.007162,-0.007164,29.940000,0.0,0.001,0.0
11:05:52,229,1,subida,-0.007162,-0.007162,-0.007163,29.940000,0.0,0.001,0.0
11:05:52,230,1,subida,-0.007162,-0.007162,-0.007161,29.940000,0.0,0.001,0.0
11:05:52,231,1,subida,-0.007162,-0.007162,-0.007160,29.940000,0.001,0.0,0.0
11:05:52,232,1,subida,-0.007163,-0.007162,-0.007162,29.940000,0.0,0.001,0.0
11:05:52,233,1,subida,-0.007164,-0.007162,-0.007161,29.940000,0.0,0.001,0.0
11:05:52,234,1,subida,-0.007165,-0.007163,-0.007163,29.940000,0.0,0.001,0.0
11:05:52,235,1,subida,-0.007163,-0.007163,-0.007162,29.940000,0.0,0.001,0.0
11:05:52,236,1,subida,-0.007163,-0.007163,-0.007164,29.940000,0.0,0.001,0.0
11:05:52,237,1,subida,-0.007164,-0.007163,-0.007163,29.940000,0.0,0.001,0.0
11:05:52,238,1,subida,-0.007165,-0.007163,-0.007161,29.940000,0.0,0.001,0.0
11:05:52,239,1,subida,-0.007166,-0.007163,-0.007160,29.940000,0.0,0.001,0.0
11:05:53,240,1,subida,-0.007166,-0.007163,-0.007166,29.940000,0.0,0.001,0.0
11:05:53,241,1,subida,-0.007165,-0.007164,-0.007166,29.940000,0.001,0.0,0.0
11:05:53,242,1,subida,-0.007164,-0.007164,-0.007168,29.940000,0.0,0.001,0.0
11:05:53,243,1,subida,-0.007164,-0.007164,-0.007165,29.940000,0.0,0.001,0.0
11:05:53,244,1,subida,-0.007164,-0.007164,-0.007165,29.940000,0.0,0.001,0.0
11:05:53,245,1,subida,-0.007164,-0.007164,-0.007165,29.940000,0.0,0.001,0.0
11:05:53,246,1,subida,-0.007164,-0.007164,-0.007165,29.940000,0.0,0.001,0.0
11:05:53,247,1,subida,-0.007164,-0.007164,-0.007165,29.940000,0.0,0.001,0.0
11:05:53,248,1,subida,-0.007164,-0.007164,-0.007164,29.940000,0.0,0.001,0.0
11:05:53,249,1,subida,-0.007163,-0.007164,-0.007162,29.940000,0.0,0.001,0.0
11:05:53,250,1,subida,-0.007163,-0.007164,-0.007160,29.940000,0.0,0.001,0.0
11:05:53,251,1,subida,-0.007163,-0.007164,-0.007162,29.940000,0.0,0.001,0.0
11:05:53,252,1,subida,-0.007163,-0.007163,-0.007163,29.940000,0.0,0.001,0.0
11:05:53,253,1,subida,-0.007164,-0.007164,-0.007164,29.940000,0.0,0.001,0.0
11:05:53,254,1,subida,-0.007165,-0.007164,-0.007165,29.940000,0.0,0.001,0.0
11:05:53,255,1,subida,-0.007166,-0.007164,-0.007165,29.940000,0.0,0.001,0.0
11:05:53,256,1,subida,-0.007165,-0.007164,-0.007165,29.940000,0.0,0.001,0.0
11:05:53,257,1,subida,-0.007165,-0.007164,-0.007166,29.940000,0.0,0.001,0.0
11:05:53,258,1,subida,-0.007165,-0.007164,-0.007165,29.940000,0.0,0.001,0.0
11:05:53,259,1,subida,-0.007166,-0.007164,-0.007164,29.940000,0.0,0.001,0.0
11:05:53,260,1,subida,-0.007165,-0.007164,-0.007165,29.940000,0.001,0.0,0.0
11:05:53,261,1,subida,-0.007165,-0.007164,-0.007165,29.940000,0.0,0.001,0.0
11:05:53,262,1,subida,-0.007166,-0.007165,-0.007166,29.940000,0.0,0.001,0.0
11:05:53,263,1,subida,-0.007166,-0.007165,-0.007166,29.940000,0.0,0.0,0.0
11:05:54,264,1,subida,-0.007165,-0.007165,-0.007166,29.940000,0.0,0.001,0.0
11:05:54,265,1,subida,-0.007165,-0.007165,-0.007166,29.940000,0.0,0.001,0.0
11:05:54,266,1,subida,-0.007166,-0.007165,-0.007164,29.940000,0.001,0.0,0.0
11:05:54,267,1,subida,-0.007166,-0.007165,-0.007164,29.940000,0.0,0.001,0.0
11:05:54,268,1,subida,-0.007166,-0.007165,-0.007164,29.940000,0.0,0.001,0.0
11:05:54,269,1,subida,-0.007166,-0.007165,-0.007164,29.940000,0.001,0.0,0.0
11:05:54,270,1,subida,-0.007166,-0.007165,-0.007163,29.940000,0.0,0.001,0.0
11:05:54,271,1,subida,-0.007164,-0.007165,-0.007164,29.940000,0.0,0.001,0.0
11:05:54,272,1,subida,-0.007163,-0.007165,-0.007165,29.940000,0.0,0.001,0.0
11:05:54,273,1,subida,-0.007162,-0.007165,-0.007165,29.940000,0.001,0.0,0.0
11:05:54,274,1,subida,-0.007162,-0.007164,-0.007165,29.940000,0.0,0.001,0.0
11:05:54,275,1,subida,-0.007162,-0.007164,-0.007164,29.940000,0.0,0.001,0.0
11:05:54,276,1,subida,-0.007162,-0.007164,-0.007162,29.940000,0.0,0.001,0.0
11:05:54,277,1,subida,-0.007163,-0.007164,-0.007162,29.940000,0.0,0.001,0.0
11:05:54,278,1,subida,-0.007164,-0.007164,-0.007163,29.940000,0.0,0.001,0.0
11:05:54,279,1,subida,-0.007163,-0.007164,-0.007163,29.940000,0.0,0.001,0.0
11:05:54,280,1,subida,-0.007164,-0.007164,-0.007163,29.940000,0.0,0.001,0.0
11:05:54,281,1,subida,-0.007164,-0.007164,-0.007162,29.940000,0.0,0.001,0.0
11:05:54,282,1,subida,-0.007164,-0.007164,-0.007162,29.940000,0.0,0.001,0.0
11:05:54,283,1,subida,-0.007165,-0.007164,-0.007163,29.940000,0.0,0.001,0.0
11:05:54,284,1,subida,-0.007166,-0.007164,-0.007164,29.940000,0.0,0.001,0.0
11:05:54,285,1,subida,-0.007166,-0.007164,-0.007165,29.940000,0.0,0.001,0.0
11:05:54,286,1,subida,-0.007165,-0.007165,-0.007163,29.940000,0.0,0.001,0.0
11:05:55,287,1,subida,-0.007166,-0.007165,-0.007163,29.940000,0.0,0.001,0.0
11:05:55,288,1,subida,-0.007166,-0.007165,-0.007163,29.940000,0.0,0.001,0.0
11:05:55,289,1,subida,-0.007166,-0.007165,-0.007163,29.940000,0.001,0.0,0.0
11:05:55,290,1,subida,-0.007166,-0.007165,-0.007164,29.940000,0.0,0.001,0.0
11:05:55,291,1,subida,-0.007166,-0.007165,-0.007165,29.940000,0.0,0.001,0.0
11:05:55,292,1,subida,-0.007165,-0.007165,-0.007163,29.940000,0.0,0.001,0.0
11:05:55,293,1,subida,-0.007164,-0.007165,-0.007162,29.940000,0.0,0.001,0.0
11:05:55,294,1,subida,-0.007164,-0.007165,-0.007162,29.940000,0.0,0.001,0.0
11:05:55,295,1,subida,-0.007165,-0.007165,-0.007161,29.940000,0.0,0.001,0.0
11:05:55,296,1,subida,-0.007166,-0.007165,-0.007161,29.940000,0.001,0.0,0.0
11:05:55,297,1,subida,-0.007166,-0.007165,-0.007163,29.940000,0.0,0.001,0.0
11:05:55,298,1,subida,-0.007166,-0.007165,-0.007164,29.940000,0.0,0.001,0.0
11:05:55,299,1,subida,-0.007165,-0.007165,-0.007164,29.940000,0.0,0.001,0.0
11:05:55,300,1,subida,-0.007164,-0.007165,-0.007164,29.940000,0.0,0.001,0.0
11:05:55,301,1,subida,-0.007165,-0.007165,-0.007160,29.940000,0.0,0.001,0.0
11:05:55,302,1,subida,-0.007168,-0.007165,-0.007159,29.940000,0.001,0.0,0.0
11:05:55,303,1,subida,-0.007169,-0.007166,-0.007158,29.940000,0.0,0.001,0.0
11:05:55,304,1,subida,-0.007169,-0.007166,-0.007162,29.940000,0.0,0.001,0.0
11:05:55,305,1,subida,-0.007169,-0.007166,-0.007164,29.940000,0.0,0.001,0.0
11:05:55,306,1,subida,-0.007168,-0.007166,-0.007162,29.940000,0.0,0.001,0.0
11:05:55,307,1,subida,-0.007168,-0.007167,-0.007162,29.940000,0.0,0.001,0.0
11:05:55,308,1,subida,-0.007168,-0.007167,-0.007160,29.940000,0.0,0.001,0.0
11:05:55,309,1,subida,-0.007166,-0.007167,-0.007159,29.940000,0.0,0.001,0.0
11:05:55,310,1,subida,-0.007165,-0.007166,-0.007158,29.940000,0.0,0.001,0.0
11:05:55,311,1,subida,-0.007165,-0.007166,-0.007161,29.940000,0.0,0.001,0.0
11:05:55,312,1,subida,-0.007165,-0.007166,-0.007161,29.940000,0.0,0.001,0.0
11:05:56,313,1,subida,-0.007166,-0.007166,-0.007160,29.940000,0.0,0.001,0.0
11:05:56,314,1,subida,-0.007167,-0.007166,-0.007161,29.940000,0.0,0.001,0.0
11:05:56,315,1,subida,-0.007167,-0.007166,-0.007160,29.940000,0.0,0.001,0.0
11:05:56,316,1,subida,-0.007168,-0.007167,-0.007159,29.940000,0.0,0.001,0.0
11:05:56,317,1,subida,-0.007168,-0.007167,-0.007161,29.940000,0.0,0.001,0.0
11:05:56,318,1,subida,-0.007169,-0.007167,-0.007163,29.940000,0.0,0.001,0.0
11:05:56,319,1,subida,-0.007169,-0.007167,-0.007160,29.940000,0.0,0.001,0.0
11:05:56,320,1,subida,-0.007168,-0.007167,-0.007162,29.940000,0.0,0.001,0.0
11:05:56,321,1,subida,-0.007168,-0.007167,-0.007164,29.940000,0.0,0.001,0.0
11:05:56,322,1,subida,-0.007168,-0.007167,-0.007162,29.940000,0.0,0.001,0.0
11:05:56,323,1,subida,-0.007168,-0.007167,-0.007164,29.940000,0.0,0.001,0.0
11:05:56,324,1,subida,-0.007168,-0.007167,-0.007163,29.940000,0.001,0.0,0.0
11:05:56,325,1,subida,-0.007168,-0.007167,-0.007163,29.940000,0.0,0.001,0.0
11:05:56,326,1,subida,-0.007167,-0.007167,-0.007164,29.940000,0.0,0.001,0.0
11:05:56,327,1,subida,-0.007166,-0.007167,-0.007162,29.940000,0.0,0.001,0.0
11:05:56,328,1,subida,-0.007167,-0.007167,-0.007163,29.940000,0.0,0.001,0.0
11:05:56,329,1,subida,-0.007168,-0.007167,-0.007162,29.940000,0.0,0.001,0.0
11:05:56,330,1,subida,-0.007168,-0.007167,-0.007165,29.940000,0.0,0.001,0.0
11:05:56,331,1,subida,-0.007166,-0.007167,-0.007163,29.940000,0.0,0.001,0.0
11:05:56,332,1,subida,-0.007165,-0.007167,-0.007166,29.940000,0.0,0.001,0.0
11:05:56,333,1,subida,-0.007165,-0.007167,-0.007166,29.940000,0.0,0.001,0.0
11:05:56,334,1,subida,-0.007166,-0.007167,-0.007166,29.940000,0.0,0.001,0.0
11:05:56,335,1,subida,-0.007166,-0.007167,-0.007166,29.940000,0.0,0.001,0.0
11:05:57,336,1,subida,-0.007166,-0.007167,-0.007165,29.940000,0.0,0.001,0.0
11:05:57,337,1,subida,-0.007166,-0.007166,-0.007164,29.940000,0.001,0.0,0.0
11:05:57,338,1,subida,-0.007166,-0.007166,-0.007165,29.940000,0.0,0.001,0.0
11:05:57,339,1,subida,-0.007167,-0.007166,-0.007164,29.940000,0.0,0.001,0.0
11:05:57,340,1,subida,-0.007167,-0.007166,-0.007162,29.940000,0.0,0.001,0.0
11:05:57,341,1,subida,-0.007167,-0.007166,-0.007161,29.940000,0.0,0.001,0.0
11:05:57,342,1,subida,-0.007166,-0.007166,-0.007162,29.940000,0.0,0.001,0.0
11:05:57,343,1,subida,-0.007166,-0.007166,-0.007162,29.940000,0.0,0.001,0.0
11:05:57,344,1,subida,-0.007167,-0.007166,-0.007164,29.940000,0.0,0.001,0.0
11:05:57,345,1,subida,-0.007166,-0.007166,-0.007162,29.940000,0.0,0.001,0.0
11:05:57,346,1,subida,-0.007165,-0.007166,-0.007161,29.940000,0.0,0.001,0.0
11:05:57,347,1,subida,-0.007164,-0.007166,-0.007161,29.940000,0.0,0.001,0.0
11:05:57,348,1,subida,-0.007164,-0.007166,-0.007164,29.940000,0.0,0.001,0.0
11:05:57,349,1,subida,-0.007166,-0.007166,-0.007163,29.940000,0.001,0.0,0.0
11:05:57,350,1,subida,-0.007167,-0.007166,-0.007161,29.940000,0.0,0.001,0.0
11:05:57,351,1,subida,-0.007166,-0.007166,-0.007159,29.940000,0.0,0.001,0.0
11:05:57,352,1,subida,-0.007164,-0.007166,-0.007160,29.940000,0.0,0.001,0.0
11:05:57,353,1,subida,-0.007164,-0.007166,-0.007162,29.940000,0.001,0.0,0.0
11:05:57,354,1,subida,-0.007165,-0.007166,-0.007162,29.940000,0.0,0.001,0.0
11:05:57,355,1,subida,-0.007166,-0.007166,-0.007162,29.940000,0.0,0.001,0.0
11:05:57,356,1,subida,-0.007164,-0.007165,-0.007162,29.940000,0.0,0.001,0.0
11:05:57,357,1,subida,-0.007162,-0.007165,-0.007164,29.940000,0.0,0.001,0.0
11:05:57,358,1,subida,-0.007162,-0.007165,-0.007165,29.940000,0.0,0.001,0.0
11:05:58,359,1,subida,-0.007164,-0.007165,-0.007162,29.940000,0.0,0.001,0.0
11:05:58,360,1,subida,-0.007165,-0.007165,-0.007164,29.940000,0.0,0.001,0.0
11:05:58,361,1,subida,-0.007164,-0.007165,-0.007165,29.940000,0.0,0.001,0.0
11:05:58,362,1,subida,-0.007163,-0.007165,-0.007165,29.940000,0.0,0.001,0.0
11:05:58,363,1,subida,-0.007163,-0.007164,-0.007166,29.940000,0.0,0.001,0.0
11:05:58,364,1,subida,-0.007164,-0.007164,-0.007166,29.940000,0.0,0.001,0.0
11:05:58,365,1,subida,-0.007165,-0.007164,-0.007165,29.940000,0.0,0.001,0.0
11:05:58,366,1,subida,-0.007166,-0.007165,-0.007164,29.940000,0.001,0.0,0.0
11:05:58,367,1,subida,-0.007166,-0.007165,-0.007163,29.940000,0.0,0.001,0.0
11:05:58,368,1,subida,-0.007167,-0.007165,-0.007165,29.940000,0.0,0.001,0.0
11:05:58,369,1,subida,-0.007167,-0.007165,-0.007165,29.940000,0.0,0.001,0.0
11:05:58,370,1,subida,-0.007166,-0.007165,-0.007165,29.940000,0.0,0.001,0.0
11:05:58,371,1,subida,-0.007166,-0.007165,-0.007164,29.940000,0.0,0.001,0.0
11:05:58,372,1,subida,-0.007166,-0.007165,-0.007165,29.940000,0.0,0.001,0.0
11:05:58,373,1,subida,-0.007165,-0.007165,-0.007164,29.940000,0.0,0.001,0.0
11:05:58,374,1,subida,-0.007166,-0.007165,-0.007163,29.940000,0.0,0.001,0.0
11:05:58,375,1,subida,-0.007166,-0.007166,-0.007163,29.940000,0.0,0.001,0.0
11:05:58,376,1,subida,-0.007166,-0.007166,-0.007163,29.940000,0.0,0.001,0.0
11:05:58,377,1,subida,-0.007168,-0.007166,-0.007163,29.940000,0.0,0.001,0.0
11:05:58,378,1,subida,-0.007170,-0.007166,-0.007165,29.940000,0.0,0.001,0.0
11:05:58,379,1,subida,-0.007169,-0.007166,-0.007164,29.940000,0.0,0.001,0.0
11:05:58,380,1,subida,-0.007169,-0.007167,-0.007164,29.940000,0.0,0.001,0.0
11:05:58,381,1,subida,-0.007168,-0.007167,-0.007163,29.940000,0.001,0.0,0.0
11:05:58,382,1,subida,-0.007168,-0.007167,-0.007164,29.940000,0.0,0.001,0.0
11:05:58,383,1,subida,-0.007168,-0.007167,-0.007165,29.940000,0.001,0.0,0.0
11:05:58,384,1,subida,-0.007167,-0.007167,-0.007165,29.940000,0.0,0.001,0.0
11:05:59,385,1,subida,-0.007165,-0.007167,-0.007163,29.940000,0.0,0.001,0.0
11:05:59,386,1,subida,-0.007165,-0.007167,-0.007167,29.940000,0.0,0.001,0.0
11:05:59,387,1,subida,-0.007165,-0.007166,-0.007167,29.940000,0.0,0.001,0.0
11:05:59,388,1,subida,-0.007166,-0.007166,-0.007166,29.940000,0.0,0.001,0.0
11:05:59,389,1,subida,-0.007166,-0.007166,-0.007165,29.940000,0.0,0.001,0.0
11:05:59,390,1,subida,-0.007165,-0.007166,-0.007164,29.940000,0.0,0.001,0.0
11:05:59,391,1,subida,-0.007166,-0.007166,-0.007164,29.940000,0.0,0.001,0.0
11:05:59,392,1,subida,-0.007166,-0.007166,-0.007165,29.940000,0.0,0.001,0.0
11:05:59,393,1,subida,-0.007165,-0.007166,-0.007166,29.940000,0.0,0.001,0.0
11:05:59,394,1,subida,-0.007164,-0.007166,-0.007167,29.940000,0.0,0.001,0.0
11:05:59,395,1,subida,-0.007163,-0.007166,-0.007165,29.940000,0.0,0.001,0.0
11:05:59,396,1,subida,-0.007164,-0.007166,-0.007165,29.940000,0.0,0.001,0.0
11:05:59,397,1,subida,-0.007165,-0.007165,-0.007163,29.940000,0.001,0.0,0.0
11:05:59,398,1,subida,-0.007165,-0.007165,-0.007162,29.940000,0.0,0.001,0.0
11:05:59,399,1,subida,-0.007166,-0.007166,-0.007164,29.940000,0.0,0.001,0.0
11:05:59,400,1,subida,-0.007167,-0.007166,-0.007162,29.930000,0.0,0.001,0.0
11:05:59,401,1,subida,-0.007167,-0.007166,-0.007164,29.930000,0.001,0.0,0.0
11:05:59,402,1,subida,-0.007166,-0.007166,-0.007164,29.940000,0.0,0.001,0.0
11:05:59,403,1,subida,-0.007168,-0.007166,-0.007163,29.940000,0.001,0.0,0.0
11:05:59,404,1,subida,-0.007169,-0.007166,-0.007164,29.940000,0.0,0.001,0.0
11:05:59,405,1,subida,-0.007169,-0.007167,-0.007165,29.940000,0.0,0.001,0.0
11:05:59,406,1,subida,-0.007169,-0.007167,-0.007165,29.940000,0.0,0.001,0.0
11:05:59,407,1,subida,-0.007168,-0.007167,-0.007162,29.940000,0.0,0.001,0.0
11:05:59,408,1,subida,-0.007167,-0.007167,-0.007163,29.940000,0.0,0.001,0.0
11:06:00,409,1,subida,-0.007168,-0.007167,-0.007164,29.940000,0.001,0.0,0.0
11:06:00,410,1,subida,-0.007168,-0.007167,-0.007164,29.940000,0.0,0.001,0.0
11:06:00,411,1,subida,-0.007168,-0.007167,-0.007164,29.940000,0.0,0.001,0.0
11:06:00,412,1,subida,-0.007167,-0.007167,-0.007163,29.940000,0.0,0.001,0.0
11:06:00,413,1,subida,-0.007167,-0.007167,-0.007163,29.940000,0.0,0.001,0.0
11:06:00,414,1,subida,-0.007166,-0.007167,-0.007164,29.940000,0.0,0.001,0.0
11:06:00,415,1,subida,-0.007166,-0.007167,-0.007165,29.940000,0.0,0.001,0.0
11:06:00,416,1,subida,-0.007167,-0.007167,-0.007165,29.940000,0.0,0.001,0.0
11:06:00,417,1,subida,-0.007166,-0.007167,-0.007162,29.940000,0.0,0.001,0.0
11:06:00,418,1,subida,-0.007167,-0.007167,-0.007163,29.940000,0.0,0.001,0.0
11:06:00,419,1,subida,-0.007169,-0.007167,-0.007163,29.940000,0.0,0.001,0.0
11:06:00,420,1,subida,-0.007168,-0.007167,-0.007161,29.940000,0.0,0.001,0.0
11:06:00,421,1,subida,-0.007169,-0.007167,-0.007163,29.940000,0.0,0.001,0.0
11:06:00,422,1,subida,-0.007169,-0.007168,-0.007164,29.940000,0.0,0.001,0.0
11:06:00,423,1,subida,-0.007169,-0.007168,-0.007165,29.940000,0.0,0.001,0.0
11:06:00,424,1,subida,-0.007168,-0.007168,-0.007165,29.940000,0.0,0.001,0.0
11:06:00,425,1,subida,-0.007168,-0.007168,-0.007165,29.940000,0.0,0.001,0.0
11:06:00,426,1,subida,-0.007169,-0.007168,-0.007163,29.940000,0.0,0.001,0.0
11:06:00,427,1,subida,-0.007170,-0.007168,-0.007165,29.940000,0.0,0.001,0.0
11:06:00,428,1,subida,-0.007169,-0.007168,-0.007164,29.940000,0.0,0.001,0.0
11:06:00,429,1,subida,-0.007168,-0.007168,-0.007164,29.940000,0.0,0.001,0.0
11:06:00,430,1,subida,-0.007168,-0.007168,-0.007163,29.940000,0.0,0.001,0.0
11:06:00,431,1,subida,-0.007167,-0.007168,-0.007163,29.940000,0.0,0.001,0.0
11:06:00,432,1,subida,-0.007167,-0.007168,-0.007163,29.930000,0.0,0.001,0.0
11:06:00,433,1,subida,-0.007166,-0.007168,-0.007162,29.930000,0.0,0.001,0.0
11:06:00,434,1,subida,-0.007167,-0.007168,-0.007162,29.940000,0.0,0.001,0.0
11:06:01,435,1,subida,-0.007167,-0.007168,-0.007162,29.940000,0.001,0.0,0.0
11:06:01,436,1,subida,-0.007168,-0.007168,-0.007163,29.940000,0.0,0.001,0.0
11:06:01,437,1,subida,-0.007168,-0.007168,-0.007164,29.940000,0.0,0.001,0.0
11:06:01,438,1,subida,-0.007167,-0.007168,-0.007164,29.940000,0.0,0.001,0.0
11:06:01,439,1,subida,-0.007165,-0.007167,-0.007165,29.940000,0.0,0.001,0.0
11:06:01,440,1,subida,-0.007166,-0.007167,-0.007165,29.940000,0.0,0.001,0.0
11:06:01,441,1,subida,-0.007167,-0.007167,-0.007162,29.940000,0.0,0.001,0.0
11:06:01,442,1,subida,-0.007167,-0.007167,-0.007163,29.930000,0.0,0.001,0.0
11:06:01,443,1,subida,-0.007167,-0.007167,-0.007164,29.930000,0.0,0.001,0.0
11:06:01,444,1,subida,-0.007167,-0.007167,-0.007164,29.940000,0.0,0.001,0.0
11:06:01,445,1,subida,-0.007168,-0.007167,-0.007165,29.940000,0.0,0.001,0.0
11:06:01,446,1,subida,-0.007167,-0.007167,-0.007164,29.940000,0.0,0.001,0.0
11:06:01,447,1,subida,-0.007166,-0.007167,-0.007165,29.940000,0.0,0.001,0.0
11:06:01,448,1,subida,-0.007166,-0.007167,-0.007163,29.940000,0.0,0.001,0.0
11:06:01,449,1,subida,-0.007166,-0.007167,-0.007162,29.940000,0.0,0.001,0.0
11:06:01,450,1,subida,-0.007166,-0.007167,-0.007163,29.940000,0.0,0.001,0.0
11:06:01,451,1,subida,-0.007167,-0.007167,-0.007162,29.940000,0.0,0.001,0.0
11:06:01,452,1,subida,-0.007168,-0.007167,-0.007162,29.930000,0.0,0.001,0.0
11:06:01,453,1,subida,-0.007168,-0.007167,-0.007160,29.930000,0.0,0.001,0.0
11:06:01,454,1,subida,-0.007167,-0.007167,-0.007161,29.940000,0.0,0.001,0.0
11:06:01,455,1,subida,-0.007168,-0.007167,-0.007163,29.940000,0.0,0.001,0.0
11:06:01,456,1,subida,-0.007168,-0.007167,-0.007164,29.940000,0.0,0.001,0.0
11:06:01,457,1,subida,-0.007166,-0.007167,-0.007162,29.940000,0.0,0.001,0.0
11:06:01,458,1,subida,-0.007166,-0.007167,-0.007163,29.940000,0.0,0.001,0.0
11:06:02,459,1,subida,-0.007165,-0.007167,-0.007162,29.940000,0.0,0.001,0.0
11:06:02,460,1,subida,-0.007166,-0.007167,-0.007159,29.940000,0.0,0.001,0.0
11:06:02,461,1,subida,-0.007167,-0.007167,-0.007159,29.940000,0.0,0.001,0.0
11:06:02,462,1,subida,-0.007167,-0.007167,-0.007159,29.930000,0.0,0.001,0.0
11:06:02,463,1,subida,-0.007167,-0.007167,-0.007158,29.930000,0.0,0.001,0.0
11:06:02,464,1,subida,-0.007167,-0.007167,-0.007157,29.940000,0.0,0.001,0.0
11:06:02,465,1,subida,-0.007166,-0.007167,-0.007157,29.940000,0.0,0.001,0.0
11:06:02,466,1,subida,-0.007166,-0.007167,-0.007160,29.940000,0.0,0.001,0.0
11:06:02,467,1,subida,-0.007167,-0.007167,-0.007161,29.940000,0.0,0.001,0.0
11:06:02,468,1,subida,-0.007168,-0.007167,-0.007160,29.940000,0.0,0.001,0.0
11:06:02,469,1,subida,-0.007167,-0.007167,-0.007158,29.940000,0.0,0.001,0.0
11:06:02,470,1,subida,-0.007166,-0.007167,-0.007161,29.940000,0.0,0.001,0.0
11:06:02,471,1,subida,-0.007165,-0.007167,-0.007160,29.940000,0.0,0.001,0.0
11:06:02,472,1,subida,-0.007166,-0.007167,-0.007160,29.940000,0.0,0.001,0.0
11:06:02,473,1,subida,-0.007166,-0.007167,-0.007159,29.940000,0.0,0.001,0.0
11:06:02,474,1,subida,-0.007165,-0.007166,-0.007160,29.930000,0.0,0.001,0.0
11:06:02,475,1,subida,-0.007164,-0.007166,-0.007162,29.930000,0.0,0.001,0.0
11:06:02,476,1,subida,-0.007165,-0.007166,-0.007164,29.940000,0.0,0.001,0.0
11:06:02,477,1,subida,-0.007166,-0.007166,-0.007164,29.940000,0.0,0.001,0.0
11:06:02,478,1,subida,-0.007166,-0.007166,-0.007164,29.940000,0.0,0.001,0.0
11:06:02,479,1,subida,-0.007166,-0.007166,-0.007163,29.940000,0.0,0.001,0.0
11:06:02,480,1,subida,-0.007166,-0.007166,-0.007163,29.940000,0.0,0.001,0.0
11:06:02,481,1,subida,-0.007164,-0.007166,-0.007162,29.940000,0.0,0.001,0.0
11:06:03,482,1,subida,-0.007162,-0.007165,-0.007166,29.940000,0.002,0.0,0.0
11:06:03,483,1,subida,-0.007162,-0.007165,-0.007164,29.940000,0.0,0.001,0.0
11:06:03,484,1,subida,-0.007162,-0.007165,-0.007164,29.940000,0.0,0.001,0.0
11:06:03,485,1,subida,-0.007161,-0.007164,-0.007164,29.940000,0.0,0.001,0.0
11:06:03,486,1,subida,-0.007162,-0.007164,-0.007164,29.940000,0.0,0.001,0.0
11:06:03,487,1,subida,0.007764,0.007764,0.007762,29.930000,3.5,3.501,3.5
11:06:31,488,1,subida,0.007763,0.007764,0.007762,29.930000,3.5,3.5,3.5
11:06:31,489,1,subida,0.007764,0.007764,0.007762,29.930000,3.5,3.5,3.5
11:06:31,490,1,subida,0.007765,0.007764,0.007762,29.930000,3.5,3.5,3.5
11:06:31,491,1,subida,0.007766,0.007764,0.007763,29.930000,3.5,3.5,3.5
11:06:31,492,1,subida,0.007765,0.007764,0.007760,29.930000,3.5,3.5,3.5
11:06:31,493,1,subida,0.007765,0.007764,0.007760,29.930000,3.5,3.5,3.5
11:06:31,494,1,subida,0.007765,0.007764,0.007758,29.930000,3.5,3.501,3.5
11:06:31,495,1,subida,0.007765,0.007764,0.007760,29.930000,3.5,3.5,3.5
11:06:31,496,1,subida,0.007766,0.007764,0.007762,29.930000,3.5,3.5,3.5
11:06:31,497,1,subida,0.007766,0.007765,0.007762,29.930000,3.5,3.5,3.5
11:06:31,498,1,subida,0.007767,0.007765,0.007759,29.930000,3.5,3.5,3.5
11:06:31,499,1,subida,0.007767,0.007765,0.007760,29.930000,3.5,3.5,3.5
11:06:32,500,1,subida,0.007766,0.007765,0.007760,29.930000,3.5,3.5,3.5
11:06:32,501,1,subida,0.007767,0.007765,0.007762,29.930000,3.5,3.5,3.5
11:06:32,502,1,subida,0.007767,0.007765,0.007761,29.930000,3.5,3.501,3.5
11:06:32,503,1,subida,0.007766,0.007765,0.007762,29.930000,3.5,3.5,3.5
11:06:32,504,1,subida,0.007764,0.007765,0.007761,29.930000,3.5,3.501,3.5
11:06:32,505,1,subida,0.007764,0.007765,0.007761,29.930000,3.5,3.501,3.5
11:06:32,506,1,subida,0.007765,0.007765,0.007762,29.930000,3.5,3.501,3.5
11:06:32,507,1,subida,0.007766,0.007765,0.007760,29.930000,3.5,3.501,3.5
11:06:32,508,1,subida,0.007766,0.007765,0.007763,29.930000,3.5,3.5,3.5
11:06:32,509,1,subida,0.007766,0.007765,0.007763,29.930000,3.5,3.501,3.5
11:06:32,510,1,subida,0.007768,0.007766,0.007761,29.930000,3.5,3.5,3.5
11:06:32,511,1,subida,0.007770,0.007766,0.007761,29.930000,3.5,3.501,3.5
11:06:32,512,1,subida,0.007771,0.007766,0.007761,29.930000,3.5,3.501,3.5
11:06:32,513,1,subida,0.007771,0.007767,0.007760,29.930000,3.5,3.501,3.5
11:06:32,514,1,subida,0.007771,0.007767,0.007760,29.930000,3.5,3.5,3.5
11:06:32,515,1,subida,0.007772,0.007768,0.007763,29.930000,3.5,3.501,3.5
11:06:32,516,1,subida,0.007772,0.007768,0.007762,29.930000,3.5,3.5,3.5
11:06:32,517,1,subida,0.007772,0.007768,0.007763,29.930000,3.5,3.501,3.5
11:06:32,518,1,subida,0.007773,0.007769,0.007764,29.930000,3.5,3.501,3.5
11:06:32,519,1,subida,0.007773,0.007769,0.007764,29.930000,3.5,3.5,3.5
11:06:32,520,1,subida,0.007774,0.007770,0.007765,29.930000,3.501,3.5,3.5
11:06:32,521,1,subida,0.007775,0.007770,0.007763,29.930000,3.5,3.5,3.5
11:06:32,522,1,subida,0.007775,0.007771,0.007764,29.930000,3.5,3.5,3.5
11:06:32,523,1,subida,0.007773,0.007771,0.007766,29.930000,3.5,3.501,3.5
11:06:33,524,1,subida,0.007773,0.007771,0.007763,29.930000,3.5,3.501,3.5
11:06:33,525,1,subida,0.007774,0.007771,0.007761,29.930000,3.5,3.5,3.5
11:06:33,526,1,subida,0.007773,0.007772,0.007763,29.930000,3.5,3.501,3.5
11:06:33,527,1,subida,0.007773,0.007772,0.007761,29.930000,3.5,3.5,3.5
11:06:33,528,1,subida,0.007773,0.007772,0.007760,29.930000,3.5,3.5,3.5
11:06:33,529,1,subida,0.007773,0.007772,0.007759,29.930000,3.5,3.501,3.5
11:06:33,530,1,subida,0.007772,0.007772,0.007763,29.930000,3.5,3.501,3.5
11:06:33,531,1,subida,0.007771,0.007772,0.007764,29.930000,3.5,3.501,3.5
11:06:33,532,1,subida,0.007771,0.007772,0.007765,29.930000,3.5,3.501,3.5
11:06:33,533,1,subida,0.007771,0.007772,0.007763,29.930000,3.5,3.5,3.5
11:06:33,534,1,subida,0.007770,0.007772,0.007762,29.930000,3.5,3.501,3.5
11:06:33,535,1,subida,0.007771,0.007772,0.007763,29.930000,3.5,3.501,3.5
11:06:33,536,1,subida,0.007773,0.007772,0.007764,29.930000,3.5,3.5,3.5
11:06:33,537,1,subida,0.007773,0.007772,0.007763,29.930000,3.5,3.501,3.5
11:06:33,538,1,subida,0.007772,0.007772,0.007764,29.930000,3.5,3.5,3.5
11:06:33,539,1,subida,0.007772,0.007772,0.007762,29.930000,3.5,3.5,3.5
11:06:34,540,1,subida,0.007771,0.007772,0.007764,29.930000,3.5,3.5,3.5
11:06:34,541,1,subida,0.007770,0.007772,0.007763,29.930000,3.5,3.501,3.5
11:06:34,542,1,subida,0.007769,0.007771,0.007765,29.930000,3.5,3.501,3.5
11:06:34,543,1,subida,0.007768,0.007771,0.007765,29.930000,3.5,3.501,3.5
11:06:34,544,1,subida,0.007768,0.007771,0.007764,29.930000,3.5,3.501,3.5
11:06:34,545,1,subida,0.007769,0.007771,0.007766,29.930000,3.5,3.501,3.5
11:06:34,546,1,subida,0.007769,0.007770,0.007763,29.930000,3.5,3.501,3.5
11:06:34,547,1,subida,0.007767,0.007770,0.007762,29.930000,3.5,3.5,3.5
11:06:34,548,1,subida,0.007766,0.007770,0.007765,29.930000,3.5,3.501,3.5
11:06:34,549,1,subida,0.007765,0.007769,0.007766,29.930000,3.5,3.501,3.5
11:06:34,550,1,subida,0.007766,0.007769,0.007765,29.930000,3.5,3.501,3.5
11:06:34,551,1,subida,0.007768,0.007769,0.007765,29.930000,3.5,3.501,3.5
11:06:34,552,1,subida,0.007767,0.007769,0.007766,29.930000,3.5,3.5,3.5
11:06:34,553,1,subida,0.007765,0.007768,0.007769,29.930000,3.5,3.5,3.5
11:06:34,554,1,subida,0.007766,0.007768,0.007768,29.930000,3.5,3.5,3.5
11:06:35,555,1,subida,0.007767,0.007768,0.007763,29.930000,3.5,3.5,3.5
11:06:35,556,1,subida,0.007767,0.007768,0.007759,29.930000,3.5,3.5,3.5
11:06:35,557,1,subida,0.007768,0.007768,0.007758,29.930000,3.5,3.5,3.5
11:06:35,558,1,subida,0.007768,0.007768,0.007761,29.930000,3.5,3.5,3.5
11:06:35,559,1,subida,0.007768,0.007768,0.007762,29.930000,3.5,3.5,3.5
11:06:35,560,1,subida,0.007769,0.007768,0.007760,29.930000,3.5,3.5,3.5
11:06:35,561,1,subida,0.007768,0.007768,0.007760,29.930000,3.5,3.5,3.5
11:06:35,562,1,subida,0.007767,0.007768,0.007760,29.930000,3.5,3.5,3.5
11:06:35,563,1,subida,0.007766,0.007768,0.007763,29.930000,3.5,3.5,3.5
11:06:35,564,1,subida,0.007766,0.007768,0.007764,29.930000,3.5,3.5,3.5
11:06:35,565,1,subida,0.007766,0.007767,0.007764,29.930000,3.5,3.5,3.5
11:06:35,566,1,subida,0.007766,0.007767,0.007765,29.930000,3.5,3.5,3.5
11:06:35,567,1,subida,0.007766,0.007767,0.007766,29.930000,3.5,3.5,3.5
11:06:35,568,1,subida,0.007767,0.007767,0.007766,29.930000,3.5,3.5,3.5
11:06:36,569,1,subida,0.007767,0.007767,0.007764,29.930000,3.5,3.5,3.5
11:06:36,570,1,subida,0.007768,0.007767,0.007764,29.930000,3.5,3.5,3.5
11:06:36,571,1,subida,0.007767,0.007767,0.007763,29.930000,3.5,3.5,3.5
11:06:36,572,1,subida,0.007767,0.007767,0.007764,29.930000,3.5,3.5,3.5
11:06:36,573,1,subida,0.007767,0.007767,0.007762,29.930000,3.5,3.5,3.5
11:06:36,574,1,subida,0.007767,0.007767,0.007762,29.930000,3.5,3.5,3.5
11:06:36,575,1,subida,0.007768,0.007767,0.007762,29.930000,3.5,3.5,3.5
11:06:36,576,1,subida,0.007768,0.007767,0.007762,29.930000,3.5,3.5,3.5
11:06:36,577,1,subida,0.007768,0.007767,0.007760,29.930000,3.5,3.5,3.5
11:06:36,578,1,subida,0.007768,0.007768,0.007762,29.930000,3.5,3.5,3.5
11:06:36,579,1,subida,0.007768,0.007768,0.007763,29.930000,3.5,3.5,3.5
11:06:36,580,1,subida,0.007768,0.007768,0.007762,29.930000,3.5,3.5,3.5
11:06:36,581,1,subida,0.007768,0.007768,0.007762,29.930000,3.5,3.5,3.5
11:06:36,582,1,subida,0.007767,0.007768,0.007762,29.930000,3.5,3.5,3.5
11:06:36,583,1,subida,0.007766,0.007767,0.007761,29.930000,3.5,3.5,3.5
11:06:36,584,1,subida,0.007767,0.007767,0.007760,29.930000,3.5,3.5,3.5
11:06:37,585,1,subida,0.007767,0.007767,0.007762,29.930000,3.5,3.5,3.5
11:06:37,586,1,subida,0.007767,0.007767,0.007761,29.930000,3.5,3.5,3.5
11:06:37,587,1,subida,0.007767,0.007767,0.007761,29.930000,3.5,3.5,3.5
11:06:37,588,1,subida,0.007767,0.007767,0.007763,29.930000,3.5,3.5,3.5
11:06:37,589,1,subida,0.007767,0.007767,0.007764,29.930000,3.5,3.5,3.5
11:06:37,590,1,subida,0.007767,0.007767,0.007766,29.930000,3.5,3.5,3.5
11:06:37,591,1,subida,0.007765,0.007767,0.007764,29.930000,3.5,3.5,3.5
11:06:37,592,1,subida,0.007764,0.007767,0.007762,29.930000,3.5,3.5,3.5
11:06:37,593,1,subida,0.007765,0.007766,0.007763,29.930000,3.5,3.5,3.5
11:06:37,594,1,subida,0.007766,0.007766,0.007764,29.930000,3.5,3.5,3.5
11:06:37,595,1,subida,0.007766,0.007766,0.007762,29.930000,3.5,3.5,3.5
11:06:37,596,1,subida,0.007765,0.007766,0.007764,29.930000,3.5,3.5,3.5
11:06:37,597,1,subida,0.007767,0.007766,0.007762,29.930000,3.5,3.5,3.5
11:06:37,598,1,subida,0.007768,0.007766,0.007762,29.930000,3.5,3.5,3.5
11:06:37,599,1,subida,0.007767,0.007766,0.007763,29.930000,3.5,3.5,3.5
11:06:37,600,1,subida,0.007766,0.007766,0.007764,29.930000,3.5,3.5,3.5
11:06:37,601,1,subida,0.007765,0.007766,0.007760,29.930000,3.5,3.5,3.5
11:06:37,602,1,subida,0.007765,0.007766,0.007762,29.930000,3.5,3.5,3.5
11:06:37,603,1,subida,0.007765,0.007766,0.007763,29.930000,3.5,3.5,3.5
11:06:38,604,1,subida,0.007764,0.007766,0.007760,29.930000,3.5,3.5,3.5
11:06:38,605,1,subida,0.007764,0.007766,0.007762,29.930000,3.5,3.5,3.5
11:06:38,606,1,subida,0.007766,0.007766,0.007761,29.930000,3.5,3.5,3.5
11:06:38,607,1,subida,0.007767,0.007766,0.007762,29.930000,3.5,3.5,3.5
11:06:38,608,1,subida,0.007767,0.007766,0.007761,29.930000,3.5,3.5,3.5
11:06:38,609,1,subida,0.007767,0.007766,0.007762,29.930000,3.5,3.5,3.5
11:06:38,610,1,subida,0.007767,0.007766,0.007763,29.930000,3.5,3.5,3.5
11:06:38,611,1,subida,0.007767,0.007766,0.007765,29.930000,3.5,3.5,3.5
11:06:38,612,1,subida,0.007767,0.007766,0.007762,29.930000,3.5,3.5,3.5
11:06:38,613,1,subida,0.007767,0.007766,0.007761,29.930000,3.5,3.5,3.5
11:06:38,614,1,subida,0.007768,0.007766,0.007763,29.930000,3.5,3.5,3.5
11:06:38,615,1,subida,0.007768,0.007767,0.007763,29.930000,3.5,3.5,3.5
11:06:38,616,1,subida,0.007766,0.007766,0.007762,29.930000,3.5,3.5,3.5
11:06:38,617,1,subida,0.007765,0.007766,0.007763,29.930000,3.5,3.5,3.5
11:06:38,618,1,subida,0.007766,0.007766,0.007764,29.930000,3.5,3.5,3.5
11:06:38,619,1,subida,0.007767,0.007766,0.007763,29.930000,3.5,3.5,3.5
11:06:38,620,1,subida,0.007766,0.007766,0.007765,29.930000,3.5,3.5,3.5
11:06:39,621,1,subida,0.007765,0.007766,0.007763,29.930000,3.5,3.5,3.5
11:06:39,622,1,subida,0.007765,0.007766,0.007764,29.930000,3.5,3.5,3.5
11:06:39,623,1,subida,0.007766,0.007766,0.007763,29.930000,3.5,3.5,3.5
11:06:39,624,1,subida,0.007767,0.007766,0.007763,29.930000,3.5,3.5,3.5
11:06:39,625,1,subida,0.007767,0.007766,0.007763,29.930000,3.5,3.5,3.5
11:06:39,626,1,subida,0.007767,0.007766,0.007765,29.930000,3.5,3.5,3.5
11:06:39,627,1,subida,0.007767,0.007766,0.007765,29.930000,3.5,3.5,3.5
11:06:39,628,1,subida,0.007767,0.007766,0.007768,29.930000,3.5,3.5,3.5
11:06:39,629,1,subida,0.007768,0.007767,0.007767,29.930000,3.5,3.5,3.5
11:06:39,630,1,subida,0.007769,0.007767,0.007765,29.930000,3.5,3.5,3.5
11:06:39,631,1,subida,0.007769,0.007767,0.007764,29.930000,3.5,3.5,3.5
11:06:39,632,1,subida,0.007768,0.007767,0.007765,29.930000,3.5,3.5,3.5
11:06:39,633,1,subida,0.007768,0.007767,0.007765,29.930000,3.5,3.5,3.5
11:06:39,634,1,subida,0.007770,0.007768,0.007765,29.930000,3.5,3.5,3.5
11:06:39,635,1,subida,0.007772,0.007768,0.007765,29.930000,3.5,3.5,3.5
11:06:39,636,1,subida,0.007772,0.007768,0.007765,29.930000,3.5,3.501,3.5
11:06:39,637,1,subida,0.007772,0.007769,0.007764,29.930000,3.5,3.5,3.5
11:06:39,638,1,subida,0.007772,0.007769,0.007762,29.930000,3.5,3.5,3.5
11:06:39,639,1,subida,0.007772,0.007769,0.007764,29.930000,3.5,3.5,3.5
11:06:39,640,1,subida,0.007771,0.007769,0.007764,29.930000,3.5,3.501,3.5
11:06:40,641,1,subida,0.007770,0.007770,0.007761,29.930000,3.5,3.5,3.5
11:06:40,642,1,subida,0.007771,0.007770,0.007761,29.930000,3.5,3.5,3.5
11:06:40,643,1,subida,0.007770,0.007770,0.007761,29.930000,3.5,3.5,3.5
11:06:40,644,1,subida,0.007768,0.007770,0.007759,29.930000,3.5,3.5,3.5
11:06:40,645,1,subida,0.007768,0.007769,0.007760,29.930000,3.5,3.5,3.5
11:06:40,646,1,subida,0.007767,0.007769,0.007762,29.930000,3.5,3.5,3.5
11:06:40,647,1,subida,0.007766,0.007769,0.007763,29.930000,3.5,3.5,3.5
11:06:40,648,1,subida,0.007767,0.007769,0.007764,29.930000,3.5,3.501,3.5
11:06:40,649,1,subida,0.007769,0.007769,0.007765,29.930000,3.5,3.5,3.5
11:06:40,650,1,subida,0.007768,0.007769,0.007767,29.930000,3.5,3.5,3.5
11:06:40,651,1,subida,0.007767,0.007768,0.007766,29.930000,3.5,3.5,3.5
11:06:40,652,1,subida,0.007768,0.007768,0.007764,29.930000,3.5,3.5,3.5
11:06:40,653,1,subida,0.007769,0.007768,0.007764,29.930000,3.5,3.501,3.5
11:06:40,654,1,subida,0.007770,0.007769,0.007765,29.930000,3.5,3.5,3.5
11:06:40,655,1,subida,0.007770,0.007769,0.007766,29.930000,3.5,3.5,3.5
11:06:40,656,1,subida,0.007770,0.007769,0.007767,29.930000,3.5,3.5,3.5
11:06:40,657,1,subida,0.007770,0.007769,0.007766,29.930000,3.5,3.5,3.5
11:06:40,658,1,subida,0.007769,0.007769,0.007764,29.930000,3.5,3.501,3.5
11:06:40,659,1,subida,0.007769,0.007769,0.007764,29.930000,3.5,3.5,3.5
11:06:40,660,1,subida,0.007768,0.007769,0.007763,29.930000,3.5,3.5,3.5
11:06:40,661,1,subida,0.007767,0.007769,0.007763,29.930000,3.5,3.5,3.5
11:06:40,662,1,subida,0.007768,0.007769,0.007766,29.930000,3.5,3.5,3.5
11:06:40,663,1,subida,0.007769,0.007769,0.007767,29.930000,3.5,3.5,3.5
11:06:40,664,1,subida,0.007768,0.007769,0.007766,29.930000,3.5,3.5,3.5
11:06:40,665,1,subida,0.007766,0.007768,0.007766,29.930000,3.5,3.5,3.5
11:06:40,666,1,subida,0.007765,0.007768,0.007766,29.930000,3.5,3.5,3.5
11:06:41,667,1,subida,0.007765,0.007768,0.007767,29.930000,3.5,3.5,3.5
11:06:41,668,1,subida,0.007767,0.007768,0.007768,29.930000,3.5,3.5,3.5
11:06:41,669,1,subida,0.007767,0.007768,0.007767,29.930000,3.5,3.5,3.5
11:06:41,670,1,subida,0.007766,0.007768,0.007768,29.930000,3.5,3.5,3.5
11:06:41,671,1,subida,0.007765,0.007767,0.007769,29.930000,3.5,3.5,3.5
11:06:41,672,1,subida,0.007766,0.007767,0.007766,29.930000,3.5,3.5,3.5
11:06:41,673,1,subida,0.007767,0.007767,0.007765,29.930000,3.5,3.5,3.5
11:06:41,674,1,subida,0.007766,0.007767,0.007764,29.930000,3.5,3.5,3.5
11:06:41,675,1,subida,0.007765,0.007767,0.007763,29.930000,3.5,3.5,3.5
11:06:41,676,1,subida,0.007766,0.007767,0.007764,29.930000,3.5,3.5,3.5
11:06:41,677,1,subida,0.007767,0.007767,0.007765,29.930000,3.5,3.5,3.5
11:06:41,678,1,subida,0.007767,0.007767,0.007764,29.930000,3.5,3.5,3.5
11:06:41,679,1,subida,0.007767,0.007767,0.007763,29.930000,3.5,3.5,3.5
11:06:41,680,1,subida,0.007766,0.007767,0.007764,29.930000,3.5,3.5,3.5
11:06:41,681,1,subida,0.007767,0.007767,0.007764,29.930000,3.5,3.501,3.5
11:06:41,682,1,subida,0.007768,0.007767,0.007763,29.930000,3.5,3.5,3.5
11:06:41,683,1,subida,0.007767,0.007767,0.007764,29.930000,3.5,3.5,3.5
11:06:41,684,1,subida,0.007768,0.007767,0.007766,29.930000,3.5,3.5,3.5
11:06:41,685,1,subida,0.007768,0.007767,0.007767,29.930000,3.5,3.5,3.5
11:06:41,686,1,subida,0.007767,0.007767,0.007766,29.930000,3.5,3.5,3.5
11:06:41,687,1,subida,0.007767,0.007767,0.007764,29.930000,3.499,3.5,3.5
11:06:41,688,1,subida,0.007768,0.007767,0.007766,29.930000,3.5,3.5,3.5
11:06:42,689,1,subida,0.007768,0.007767,0.007765,29.930000,3.5,3.5,3.5
11:06:42,690,1,subida,0.007768,0.007767,0.007766,29.930000,3.5,3.5,3.5
11:06:42,691,1,subida,0.007769,0.007768,0.007765,29.930000,3.5,3.5,3.5
11:06:42,692,1,subida,0.007770,0.007768,0.007766,29.930000,3.5,3.5,3.5
11:06:42,693,1,subida,0.007770,0.007768,0.007765,29.930000,3.5,3.5,3.5
11:06:42,694,1,subida,0.007770,0.007768,0.007765,29.930000,3.5,3.5,3.5
11:06:42,695,1,subida,0.007771,0.007768,0.007767,29.930000,3.5,3.5,3.5
11:06:42,696,1,subida,0.007770,0.007769,0.007768,29.930000,3.5,3.5,3.5
11:06:42,697,1,subida,0.007769,0.007769,0.007766,29.930000,3.5,3.5,3.5
11:06:42,698,1,subida,0.007768,0.007769,0.007768,29.930000,3.5,3.5,3.5
11:06:42,699,1,subida,0.007768,0.007769,0.007768,29.930000,3.5,3.5,3.5
11:06:42,700,1,subida,0.007767,0.007768,0.007769,29.930000,3.5,3.5,3.5
11:06:42,701,1,subida,0.007767,0.007768,0.007768,29.930000,3.5,3.5,3.5
11:06:42,702,1,subida,0.007769,0.007768,0.007768,29.930000,3.5,3.5,3.5
11:06:42,703,1,subida,0.007770,0.007768,0.007769,29.930000,3.5,3.5,3.5
11:06:42,704,1,subida,0.007770,0.007769,0.007768,29.930000,3.5,3.5,3.5
11:06:42,705,1,subida,0.007770,0.007769,0.007764,29.930000,3.5,3.5,3.5
11:06:42,706,1,subida,0.007769,0.007769,0.007763,29.930000,3.5,3.5,3.5
11:06:42,707,1,subida,0.007768,0.007769,0.007763,29.930000,3.5,3.5,3.5
11:06:42,708,1,subida,0.007768,0.007768,0.007763,29.930000,3.5,3.5,3.5
11:06:42,709,1,subida,0.007768,0.007768,0.007762,29.930000,3.5,3.5,3.5
11:06:43,710,1,subida,0.007769,0.007769,0.007760,29.930000,3.5,3.5,3.5
11:06:43,711,1,subida,0.007769,0.007769,0.007761,29.930000,3.5,3.5,3.5
11:06:43,712,1,subida,0.007770,0.007769,0.007761,29.930000,3.5,3.5,3.5
11:06:43,713,1,subida,0.007771,0.007769,0.007760,29.930000,3.5,3.5,3.5
11:06:43,714,1,subida,0.007771,0.007769,0.007763,29.930000,3.5,3.5,3.5
11:06:43,715,1,subida,0.007771,0.007769,0.007763,29.930000,3.5,3.5,3.5
11:06:43,716,1,subida,0.007769,0.007769,0.007764,29.930000,3.5,3.5,3.5
11:06:43,717,1,subida,0.007768,0.007769,0.007765,29.930000,3.5,3.499,3.5
11:06:43,718,1,subida,0.007768,0.007769,0.007764,29.930000,3.5,3.5,3.5
11:06:43,719,1,subida,0.007769,0.007769,0.007766,29.930000,3.5,3.5,3.5
11:06:43,720,1,subida,0.007770,0.007769,0.007763,29.930000,3.5,3.5,3.5
11:06:43,721,1,subida,0.007770,0.007769,0.007764,29.930000,3.5,3.5,3.5
11:06:43,722,1,subida,0.007770,0.007769,0.007764,29.930000,3.5,3.5,3.5
11:06:43,723,1,subida,0.007770,0.007769,0.007762,29.930000,3.5,3.5,3.5
11:06:43,724,1,subida,0.007770,0.007769,0.007762,29.930000,3.5,3.5,3.5
11:06:43,725,1,subida,0.007770,0.007769,0.007762,29.930000,3.5,3.5,3.5
11:06:43,726,1,subida,0.007769,0.007769,0.007760,29.930000,3.5,3.5,3.5
11:06:43,727,1,subida,0.007769,0.007769,0.007760,29.930000,3.5,3.5,3.5
11:06:43,728,1,subida,0.007771,0.007769,0.007760,29.930000,3.5,3.5,3.5
11:06:43,729,1,subida,0.007772,0.007770,0.007761,29.930000,3.5,3.5,3.5
11:06:43,730,1,subida,0.007772,0.007770,0.007762,29.930000,3.5,3.5,3.5
11:06:43,731,1,subida,0.007772,0.007770,0.007763,29.930000,3.5,3.5,3.5
11:06:44,732,1,subida,0.007772,0.007770,0.007762,29.930000,3.5,3.5,3.5
11:06:44,733,1,subida,0.007773,0.007770,0.007761,29.930000,3.5,3.5,3.5
11:06:44,734,1,subida,0.007773,0.007771,0.007763,29.930000,3.5,3.501,3.5
11:06:44,735,1,subida,0.007772,0.007771,0.007766,29.930000,3.5,3.5,3.5
11:06:44,736,1,subida,0.007771,0.007771,0.007764,29.930000,3.5,3.5,3.5
11:06:44,737,1,subida,0.007771,0.007771,0.007766,29.930000,3.5,3.5,3.5
11:06:44,738,1,subida,0.007769,0.007771,0.007767,29.930000,3.5,3.5,3.5
11:06:44,739,1,subida,0.007768,0.007770,0.007764,29.930000,3.5,3.5,3.5
11:06:44,740,1,subida,0.007767,0.007770,0.007764,29.930000,3.5,3.5,3.5
11:06:44,741,1,subida,0.007765,0.007770,0.007766,29.930000,3.5,3.5,3.5
11:06:44,742,1,subida,0.007765,0.007769,0.007765,29.930000,3.5,3.5,3.5
11:06:44,743,1,subida,0.007766,0.007769,0.007766,29.930000,3.5,3.5,3.5
11:06:44,744,1,subida,0.007768,0.007769,0.007765,29.930000,3.5,3.5,3.5
11:06:44,745,1,subida,0.007767,0.007769,0.007762,29.930000,3.5,3.5,3.5
11:06:44,746,1,subida,0.007768,0.007769,0.007764,29.930000,3.5,3.5,3.5
11:06:44,747,1,subida,0.007768,0.007768,0.007762,29.930000,3.5,3.5,3.5
11:06:44,748,1,subida,0.007767,0.007768,0.007764,29.930000,3.5,3.5,3.5
11:06:44,749,1,subida,0.007768,0.007768,0.007763,29.930000,3.5,3.5,3.5
11:06:44,750,1,subida,0.007769,0.007768,0.007766,29.930000,3.5,3.5,3.5
11:06:44,751,1,subida,0.007770,0.007768,0.007767,29.930000,3.5,3.5,3.5
11:06:44,752,1,subida,0.007770,0.007769,0.007766,29.930000,3.5,3.5,3.5
11:06:44,753,1,subida,0.007771,0.007769,0.007766,29.930000,3.5,3.501,3.5
11:06:44,754,1,subida,0.007772,0.007769,0.007765,29.930000,3.5,3.5,3.5
11:06:44,755,1,subida,0.007772,0.007769,0.007764,29.930000,3.5,3.501,3.5
11:06:44,756,1,subida,0.007772,0.007770,0.007764,29.930000,3.5,3.5,3.5
11:06:45,757,1,subida,0.007771,0.007770,0.007764,29.930000,3.501,3.5,3.5
11:06:45,758,1,subida,0.007770,0.007770,0.007763,29.930000,3.5,3.5,3.5
11:06:45,759,1,subida,0.007770,0.007770,0.007763,29.930000,3.5,3.5,3.5
11:06:45,760,1,subida,0.007770,0.007770,0.007764,29.930000,3.5,3.5,3.5
11:06:45,761,1,subida,0.007769,0.007770,0.007763,29.930000,3.5,3.5,3.5
11:06:45,762,1,subida,0.007767,0.007770,0.007765,29.930000,3.5,3.5,3.5
11:06:45,763,1,subida,0.007767,0.007769,0.007762,29.930000,3.5,3.5,3.5
11:06:45,764,1,subida,0.007768,0.007769,0.007763,29.930000,3.5,3.5,3.5
11:06:45,765,1,subida,0.007767,0.007769,0.007763,29.930000,3.5,3.501,3.5
11:06:45,766,1,subida,0.007767,0.007769,0.007765,29.930000,3.5,3.5,3.5
11:06:45,767,1,subida,0.007768,0.007769,0.007764,29.930000,3.5,3.501,3.5
11:06:45,768,1,subida,0.007768,0.007769,0.007764,29.930000,3.5,3.5,3.5
11:06:45,769,1,subida,0.007768,0.007769,0.007763,29.930000,3.5,3.5,3.5
11:06:45,770,1,subida,0.007768,0.007769,0.007768,29.930000,3.5,3.5,3.5
11:06:45,771,1,subida,0.007768,0.007768,0.007764,29.930000,3.5,3.5,3.5
11:06:45,772,1,subida,0.007769,0.007768,0.007765,29.930000,3.5,3.5,3.5
11:06:45,773,1,subida,0.007769,0.007769,0.007768,29.930000,3.5,3.5,3.5
11:06:45,774,1,subida,0.007768,0.007768,0.007766,29.930000,3.5,3.5,3.5
11:06:46,775,1,subida,0.007767,0.007768,0.007767,29.930000,3.5,3.5,3.5
11:06:46,776,1,subida,0.007767,0.007768,0.007765,29.930000,3.5,3.5,3.5
11:06:46,777,1,subida,0.007767,0.007768,0.007765,29.930000,3.5,3.5,3.5
11:06:46,778,1,subida,0.007768,0.007768,0.007766,29.930000,3.5,3.5,3.5
11:06:46,779,1,subida,0.007769,0.007768,0.007765,29.930000,3.5,3.5,3.5
11:06:46,780,1,subida,0.007770,0.007768,0.007769,29.930000,3.5,3.5,3.5
11:06:46,781,1,subida,0.007772,0.007769,0.007767,29.930000,3.5,3.5,3.5
11:06:46,782,1,subida,0.007772,0.007769,0.007768,29.930000,3.5,3.5,3.5
11:06:46,783,1,subida,0.007771,0.007769,0.007770,29.930000,3.5,3.5,3.5
11:06:46,784,1,subida,0.007770,0.007769,0.007771,29.930000,3.5,3.5,3.5
11:06:46,785,1,subida,0.007769,0.007769,0.007771,29.930000,3.5,3.501,3.5
11:06:46,786,1,subida,0.007769,0.007769,0.007770,29.930000,3.5,3.5,3.5
11:06:46,787,1,subida,0.007769,0.007769,0.007768,29.930000,3.5,3.5,3.5
11:06:46,788,1,subida,0.007769,0.007769,0.007767,29.930000,3.5,3.501,3.5
11:06:46,789,1,subida,0.007769,0.007769,0.007766,29.930000,3.5,3.5,3.5
11:06:46,790,1,subida,0.007769,0.007769,0.007764,29.930000,3.5,3.5,3.5
11:06:46,791,1,subida,0.007770,0.007769,0.007767,29.930000,3.5,3.5,3.5
11:06:46,792,1,subida,0.007769,0.007769,0.007767,29.930000,3.5,3.501,3.5
11:06:46,793,1,subida,0.007768,0.007769,0.007766,29.930000,3.5,3.5,3.5
11:06:46,794,1,subida,0.007768,0.007769,0.007765,29.930000,3.5,3.5,3.5
11:06:46,795,1,subida,0.007769,0.007769,0.007768,29.930000,3.5,3.5,3.5
11:06:47,796,1,subida,0.007768,0.007769,0.007767,29.930000,3.5,3.501,3.5
11:06:47,797,1,subida,0.007766,0.007769,0.007766,29.930000,3.5,3.5,3.5
11:06:47,798,1,subida,0.007766,0.007768,0.007765,29.930000,3.5,3.5,3.5
11:06:47,799,1,subida,0.007767,0.007768,0.007767,29.930000,3.5,3.5,3.5
11:06:47,800,1,subida,0.007767,0.007768,0.007768,29.930000,3.5,3.5,3.5
11:06:47,801,1,subida,0.007767,0.007768,0.007768,29.930000,3.5,3.5,3.5
11:06:47,802,1,subida,0.007768,0.007768,0.007767,29.930000,3.5,3.501,3.5
11:06:47,803,1,subida,0.007769,0.007768,0.007767,29.930000,3.5,3.5,3.5
11:06:47,804,1,subida,0.007770,0.007768,0.007770,29.930000,3.5,3.5,3.5
11:06:47,805,1,subida,0.007769,0.007768,0.007769,29.930000,3.5,3.501,3.5
11:06:47,806,1,subida,0.007768,0.007768,0.007768,29.930000,3.5,3.5,3.5
11:06:47,807,1,subida,0.007768,0.007768,0.007769,29.930000,3.5,3.501,3.5
11:06:47,808,1,subida,0.007768,0.007768,0.007770,29.930000,3.5,3.5,3.5
11:06:47,809,1,subida,0.007769,0.007768,0.007768,29.930000,3.5,3.501,3.5
11:06:47,810,1,subida,0.007768,0.007768,0.007768,29.930000,3.5,3.5,3.5
11:06:47,811,1,subida,0.007768,0.007768,0.007768,29.930000,3.5,3.501,3.5
11:06:47,812,1,subida,0.007769,0.007768,0.007769,29.930000,3.5,3.5,3.5
11:06:47,813,1,subida,0.007770,0.007769,0.007770,29.930000,3.5,3.5,3.5
11:06:47,814,1,subida,0.007770,0.007769,0.007771,29.930000,3.5,3.5,3.5
11:06:47,815,1,subida,0.007771,0.007769,0.007768,29.930000,3.5,3.5,3.5
11:06:47,816,1,subida,0.007770,0.007769,0.007766,29.930000,3.5,3.501,3.5
11:06:47,817,1,subida,0.007769,0.007769,0.007766,29.930000,3.5,3.501,3.5
11:06:47,818,1,subida,0.007769,0.007769,0.007767,29.930000,3.5,3.501,3.5
11:06:48,819,1,subida,0.007769,0.007769,0.007767,29.930000,3.5,3.5,3.5
11:06:48,820,1,subida,0.007771,0.007769,0.007766,29.930000,3.5,3.5,3.5
11:06:48,821,1,subida,0.007771,0.007769,0.007767,29.930000,3.5,3.501,3.5
11:06:48,822,1,subida,0.007772,0.007770,0.007769,29.930000,3.5,3.501,3.5
11:06:48,823,1,subida,0.007771,0.007770,0.007765,29.930000,3.5,3.5,3.5
11:06:48,824,1,subida,0.007771,0.007770,0.007766,29.930000,3.5,3.5,3.5
11:06:48,825,1,subida,0.007771,0.007770,0.007765,29.930000,3.5,3.5,3.5
11:06:48,826,1,subida,0.007771,0.007770,0.007766,29.930000,3.5,3.5,3.5
11:06:48,827,1,subida,0.007771,0.007770,0.007766,29.930000,3.5,3.501,3.5
11:06:48,828,1,subida,0.007771,0.007770,0.007766,29.930000,3.5,3.5,3.5
11:06:48,829,1,subida,0.007771,0.007770,0.007766,29.930000,3.5,3.501,3.5
11:06:48,830,1,subida,0.007770,0.007770,0.007767,29.930000,3.5,3.501,3.5
11:06:48,831,1,subida,0.007770,0.007770,0.007766,29.930000,3.5,3.5,3.5
11:06:48,832,1,subida,0.007770,0.007770,0.007766,29.930000,3.5,3.501,3.5
11:06:48,833,1,subida,0.007770,0.007770,0.007765,29.930000,3.5,3.5,3.5
11:06:48,834,1,subida,0.007769,0.007770,0.007763,29.930000,3.5,3.5,3.5
11:06:48,835,1,subida,0.007769,0.007770,0.007764,29.930000,3.5,3.501,3.5
11:06:48,836,1,subida,0.007768,0.007770,0.007763,29.930000,3.5,3.5,3.5
11:06:48,837,1,subida,0.007767,0.007770,0.007764,29.930000,3.5,3.5,3.5
11:06:49,838,1,subida,0.007767,0.007769,0.007764,29.930000,3.5,3.501,3.5
11:06:49,839,1,subida,0.007767,0.007769,0.007765,29.930000,3.5,3.5,3.5
11:06:49,840,1,subida,0.007768,0.007769,0.007764,29.930000,3.5,3.501,3.5
11:06:49,841,1,subida,0.007769,0.007769,0.007764,29.930000,3.5,3.5,3.5
11:06:49,842,1,subida,0.007771,0.007769,0.007766,29.930000,3.5,3.5,3.5
11:06:49,843,1,subida,0.007772,0.007769,0.007768,29.930000,3.5,3.501,3.5
11:06:49,844,1,subida,0.007771,0.007770,0.007766,29.930000,3.5,3.5,3.5
11:06:49,845,1,subida,0.007771,0.007770,0.007765,29.930000,3.5,3.501,3.5
11:06:49,846,1,subida,0.007771,0.007770,0.007764,29.930000,3.5,3.5,3.5
11:06:49,847,1,subida,0.007772,0.007770,0.007762,29.930000,3.5,3.5,3.5
11:06:49,848,1,subida,0.007772,0.007770,0.007764,29.930000,3.5,3.5,3.5
11:06:49,849,1,subida,0.007772,0.007770,0.007765,29.930000,3.501,3.5,3.5
11:06:49,850,1,subida,0.007771,0.007770,0.007764,29.930000,3.5,3.5,3.5
11:06:49,851,1,subida,0.007770,0.007770,0.007764,29.930000,3.5,3.5,3.5
11:06:49,852,1,subida,0.007771,0.007770,0.007766,29.930000,3.5,3.5,3.5
11:06:49,853,1,subida,0.007772,0.007771,0.007765,29.930000,3.5,3.5,3.5
11:06:49,854,1,subida,0.007773,0.007771,0.007766,29.930000,3.5,3.501,3.5
11:06:49,855,1,subida,0.007773,0.007771,0.007763,29.930000,3.5,3.501,3.5
11:06:49,856,1,subida,0.007773,0.007771,0.007763,29.930000,3.5,3.5,3.5
11:06:49,857,1,subida,0.007774,0.007771,0.007764,29.930000,3.5,3.501,3.5
11:06:49,858,1,subida,0.007774,0.007772,0.007764,29.930000,3.5,3.501,3.5
11:06:49,859,1,subida,0.007774,0.007772,0.007765,29.930000,3.5,3.5,3.5
11:06:49,860,1,subida,0.007773,0.007772,0.007765,29.930000,3.5,3.5,3.5
11:06:49,861,1,subida,0.007773,0.007772,0.007765,29.930000,3.5,3.5,3.5
11:06:49,862,1,subida,0.007772,0.007772,0.007763,29.930000,3.5,3.5,3.5
11:06:50,863,1,subida,0.007771,0.007772,0.007763,29.930000,3.5,3.5,3.5
11:06:50,864,1,subida,0.007770,0.007772,0.007765,29.930000,3.5,3.5,3.5
11:06:50,865,1,subida,0.007770,0.007772,0.007763,29.930000,3.5,3.5,3.5
11:06:50,866,1,subida,0.007771,0.007772,0.007765,29.930000,3.5,3.499,3.5
11:06:50,867,1,subida,0.007771,0.007772,0.007764,29.930000,3.5,3.499,3.5
11:06:50,868,1,subida,0.007771,0.007772,0.007764,29.930000,3.5,3.5,3.5
11:06:50,869,1,subida,0.007770,0.007771,0.007764,29.930000,3.5,3.5,3.5
11:06:50,870,1,subida,0.007770,0.007771,0.007765,29.930000,3.5,3.5,3.5
11:06:50,871,1,subida,0.007770,0.007771,0.007763,29.930000,3.501,3.5,3.5
11:06:50,872,1,subida,0.007772,0.007771,0.007764,29.930000,3.5,3.5,3.5
11:06:50,873,1,subida,0.007772,0.007771,0.007763,29.930000,3.5,3.5,3.5
11:06:50,874,1,subida,0.007772,0.007771,0.007761,29.930000,3.5,3.501,3.5
11:06:50,875,1,subida,0.007771,0.007771,0.007761,29.930000,3.501,3.5,3.5
11:06:50,876,1,subida,0.007772,0.007771,0.007762,29.930000,3.5,3.501,3.5
11:06:50,877,1,subida,0.007773,0.007772,0.007763,29.930000,3.5,3.501,3.5
11:06:50,878,1,subida,0.007772,0.007772,0.007766,29.930000,3.5,3.501,3.5
11:06:50,879,1,subida,0.007771,0.007772,0.007767,29.930000,3.5,3.501,3.5
11:06:50,880,1,subida,0.007771,0.007772,0.007766,29.930000,3.5,3.501,3.5
11:06:50,881,1,subida,0.007772,0.007772,0.007765,29.930000,3.5,3.501,3.5
11:06:50,882,1,subida,0.007772,0.007772,0.007766,29.930000,3.5,3.501,3.5
11:06:51,883,1,subida,0.007772,0.007772,0.007766,29.930000,3.5,3.501,3.5
11:06:51,884,1,subida,0.007773,0.007772,0.007765,29.930000,3.5,3.501,3.5
11:06:51,885,1,subida,0.007774,0.007772,0.007766,29.930000,3.5,3.501,3.5
11:06:51,886,1,subida,0.007774,0.007772,0.007767,29.930000,3.5,3.501,3.5
11:06:51,887,1,subida,0.020506,0.020499,0.020503,29.920000,6.5,6.497,6.5
11:07:20,888,1,subida,0.020508,0.020499,0.020499,29.930000,6.5,6.5,6.5
11:07:20,889,1,subida,0.020510,0.020500,0.020496,29.930000,6.5,6.5,6.5
11:07:20,890,1,subida,0.020510,0.020501,0.020499,29.920000,6.5,6.5,6.5
11:07:20,891,1,subida,0.020509,0.020502,0.020500,29.920000,6.5,6.5,6.5
11:07:20,892,1,subida,0.020509,0.020503,0.020499,29.930000,6.5,6.499,6.5
11:07:20,893,1,subida,0.020508,0.020503,0.020497,29.930000,6.5,6.5,6.5
11:07:20,894,1,subida,0.020508,0.020504,0.020495,29.930000,6.5,6.5,6.5
11:07:20,895,1,subida,0.020509,0.020504,0.020495,29.930000,6.499,6.5,6.5
11:07:20,896,1,subida,0.020510,0.020505,0.020497,29.930000,6.5,6.499,6.5
11:07:20,897,1,subida,0.020511,0.020505,0.020499,29.920000,6.5,6.5,6.5
11:07:20,898,1,subida,0.020511,0.020506,0.020500,29.920000,6.5,6.5,6.5
11:07:20,899,1,subida,0.020510,0.020506,0.020500,29.930000,6.5,6.5,6.5
11:07:20,900,1,subida,0.020510,0.020507,0.020499,29.930000,6.5,6.5,6.5
11:07:20,901,1,subida,0.020510,0.020507,0.020498,29.920000,6.5,6.5,6.5
11:07:20,902,1,subida,0.020511,0.020507,0.020499,29.920000,6.5,6.5,6.5
11:07:20,903,1,subida,0.020511,0.020508,0.020497,29.920000,6.5,6.5,6.5
11:07:20,904,1,subida,0.020511,0.020508,0.020496,29.920000,6.5,6.5,6.5
11:07:20,905,1,subida,0.020509,0.020508,0.020495,29.930000,6.5,6.5,6.5
11:07:20,906,1,subida,0.020508,0.020508,0.020497,29.930000,6.5,6.5,6.5
11:07:20,907,1,subida,0.020509,0.020508,0.020498,29.920000,6.5,6.5,6.5
11:07:20,908,1,subida,0.020509,0.020508,0.020496,29.920000,6.5,6.5,6.5
11:07:21,909,1,subida,0.020510,0.020508,0.020496,29.920000,6.5,6.5,6.5
11:07:21,910,1,subida,0.020510,0.020509,0.020496,29.920000,6.5,6.5,6.5
11:07:21,911,1,subida,0.020511,0.020509,0.020496,29.930000,6.5,6.5,6.5
11:07:21,912,1,subida,0.020511,0.020509,0.020496,29.930000,6.5,6.5,6.5
11:07:21,913,1,subida,0.020510,0.020509,0.020497,29.930000,6.5,6.5,6.5
11:07:21,914,1,subida,0.020510,0.020509,0.020497,29.930000,6.5,6.5,6.5
11:07:21,915,1,subida,0.020509,0.020509,0.020499,29.920000,6.5,6.5,6.5
11:07:21,916,1,subida,0.020509,0.020509,0.020498,29.920000,6.5,6.499,6.5
11:07:21,917,1,subida,0.020509,0.020509,0.020501,29.930000,6.5,6.5,6.5
11:07:21,918,1,subida,0.020508,0.020509,0.020500,29.930000,6.5,6.5,6.5
11:07:21,919,1,subida,0.020507,0.020509,0.020501,29.930000,6.5,6.5,6.5
11:07:21,920,1,subida,0.020507,0.020509,0.020501,29.930000,6.5,6.5,6.5
11:07:21,921,1,subida,0.020507,0.020509,0.020499,29.930000,6.499,6.5,6.5
11:07:21,922,1,subida,0.020507,0.020509,0.020499,29.930000,6.5,6.5,6.5
11:07:21,923,1,subida,0.020507,0.020508,0.020500,29.930000,6.5,6.5,6.5
11:07:21,924,1,subida,0.020506,0.020508,0.020500,29.930000,6.5,6.5,6.5
11:07:21,925,1,subida,0.020506,0.020508,0.020498,29.930000,6.5,6.499,6.5
11:07:21,926,1,subida,0.020507,0.020508,0.020499,29.930000,6.5,6.5,6.5
11:07:21,927,1,subida,0.020508,0.020508,0.020496,29.920000,6.5,6.5,6.5
11:07:21,928,1,subida,0.020508,0.020508,0.020498,29.920000,6.5,6.5,6.5
11:07:21,929,1,subida,0.020508,0.020508,0.020499,29.930000,6.5,6.5,6.5
11:07:21,930,1,subida,0.020507,0.020508,0.020501,29.930000,6.5,6.5,6.5
11:07:22,931,1,subida,0.020506,0.020508,0.020498,29.930000,6.5,6.5,6.5
11:07:22,932,1,subida,0.020507,0.020508,0.020497,29.930000,6.5,6.5,6.5
11:07:22,933,1,subida,0.020508,0.020508,0.020499,29.930000,6.5,6.5,6.5
11:07:22,934,1,subida,0.020508,0.020508,0.020498,29.930000,6.5,6.5,6.5
11:07:22,935,1,subida,0.020508,0.020508,0.020497,29.930000,6.5,6.5,6.5
11:07:22,936,1,subida,0.020506,0.020507,0.020497,29.930000,6.5,6.5,6.5
11:07:22,937,1,subida,0.020506,0.020507,0.020500,29.930000,6.5,6.5,6.5
11:07:22,938,1,subida,0.020506,0.020507,0.020501,29.930000,6.5,6.5,6.5
11:07:22,939,1,subida,0.020506,0.020507,0.020498,29.920000,6.5,6.5,6.5
11:07:22,940,1,subida,0.020506,0.020507,0.020500,29.920000,6.5,6.5,6.5
11:07:22,941,1,subida,0.020505,0.020507,0.020500,29.930000,6.5,6.5,6.5
11:07:22,942,1,subida,0.020505,0.020507,0.020500,29.930000,6.5,6.5,6.5
11:07:22,943,1,subida,0.020505,0.020506,0.020501,29.930000,6.5,6.5,6.5
11:07:22,944,1,subida,0.020506,0.020506,0.020500,29.930000,6.5,6.5,6.5
11:07:22,945,1,subida,0.020507,0.020506,0.020498,29.920000,6.5,6.5,6.5
11:07:22,946,1,subida,0.020508,0.020507,0.020497,29.920000,6.5,6.5,6.5
11:07:22,947,1,subida,0.020509,0.020507,0.020496,29.930000,6.5,6.5,6.5
11:07:22,948,1,subida,0.020510,0.020507,0.020500,29.930000,6.5,6.5,6.5
11:07:22,949,1,subida,0.020510,0.020507,0.020502,29.930000,6.5,6.5,6.5
11:07:22,950,1,subida,0.020510,0.020508,0.020502,29.930000,6.5,6.5,6.5
11:07:22,951,1,subida,0.020509,0.020508,0.020500,29.930000,6.5,6.5,6.5
11:07:22,952,1,subida,0.020508,0.020508,0.020498,29.930000,6.5,6.5,6.5
11:07:22,953,1,subida,0.020508,0.020508,0.020498,29.920000,6.5,6.5,6.5
11:07:22,954,1,subida,0.020508,0.020508,0.020495,29.920000,6.5,6.5,6.5
11:07:23,955,1,subida,0.020509,0.020508,0.020498,29.930000,6.5,6.5,6.5
11:07:23,956,1,subida,0.020510,0.020508,0.020500,29.930000,6.5,6.5,6.5
11:07:23,957,1,subida,0.020511,0.020508,0.020501,29.930000,6.5,6.5,6.5
11:07:23,958,1,subida,0.020510,0.020509,0.020501,29.930000,6.5,6.5,6.5
11:07:23,959,1,subida,0.020510,0.020509,0.020499,29.920000,6.5,6.5,6.5
11:07:23,960,1,subida,0.020510,0.020509,0.020500,29.920000,6.5,6.5,6.5
11:07:23,961,1,subida,0.020509,0.020509,0.020498,29.930000,6.5,6.5,6.5
11:07:23,962,1,subida,0.020510,0.020509,0.020503,29.930000,6.5,6.5,6.5
11:07:23,963,1,subida,0.020510,0.020509,0.020501,29.930000,6.5,6.5,6.5
11:07:23,964,1,subida,0.020509,0.020509,0.020501,29.930000,6.5,6.5,6.5
11:07:23,965,1,subida,0.020510,0.020509,0.020501,29.930000,6.5,6.5,6.5
11:07:23,966,1,subida,0.020510,0.020509,0.020499,29.930000,6.5,6.5,6.5
11:07:23,967,1,subida,0.020510,0.020509,0.020499,29.930000,6.5,6.5,6.5
11:07:23,968,1,subida,0.020511,0.020509,0.020499,29.930000,6.5,6.5,6.5
11:07:23,969,1,subida,0.020511,0.020510,0.020500,29.930000,6.5,6.5,6.5
11:07:23,970,1,subida,0.020512,0.020510,0.020501,29.930000,6.5,6.5,6.5
11:07:23,971,1,subida,0.020513,0.020510,0.020500,29.930000,6.5,6.5,6.5
11:07:23,972,1,subida,0.020512,0.020510,0.020502,29.930000,6.5,6.5,6.5
11:07:23,973,1,subida,0.020511,0.020510,0.020502,29.930000,6.5,6.5,6.5
11:07:23,974,1,subida,0.020510,0.020510,0.020501,29.930000,6.5,6.5,6.5
11:07:23,975,1,subida,0.020510,0.020510,0.020501,29.930000,6.5,6.5,6.5
11:07:23,976,1,subida,0.020509,0.020510,0.020502,29.930000,6.5,6.5,6.5
11:07:23,977,1,subida,0.020509,0.020510,0.020505,29.930000,6.5,6.5,6.5
11:07:24,978,1,subida,0.020509,0.020510,0.020504,29.930000,6.5,6.5,6.5
11:07:24,979,1,subida,0.020510,0.020510,0.020501,29.920000,6.5,6.5,6.5
11:07:24,980,1,subida,0.020512,0.020510,0.020499,29.920000,6.5,6.5,6.5
11:07:24,981,1,subida,0.020514,0.020511,0.020497,29.920000,6.5,6.5,6.5
11:07:24,982,1,subida,0.020514,0.020511,0.020496,29.920000,6.5,6.5,6.5
11:07:24,983,1,subida,0.020514,0.020511,0.020498,29.920000,6.5,6.5,6.5
11:07:24,984,1,subida,0.020513,0.020511,0.020497,29.920000,6.5,6.5,6.5
11:07:24,985,1,subida,0.020513,0.020511,0.020497,29.930000,6.5,6.5,6.5
11:07:24,986,1,subida,0.020515,0.020512,0.020495,29.930000,6.5,6.5,6.5
11:07:24,987,1,subida,0.020516,0.020512,0.020496,29.930000,6.5,6.5,6.5
11:07:24,988,1,subida,0.020516,0.020513,0.020498,29.930000,6.5,6.5,6.5
11:07:24,989,1,subida,0.020515,0.020513,0.020498,29.930000,6.5,6.5,6.5
11:07:24,990,1,subida,0.020514,0.020513,0.020497,29.930000,6.5,6.5,6.5
11:07:24,991,1,subida,0.020515,0.020513,0.020500,29.930000,6.5,6.5,6.5
11:07:24,992,1,subida,0.020516,0.020513,0.020497,29.930000,6.5,6.5,6.5
11:07:24,993,1,subida,0.020514,0.020513,0.020496,29.920000,6.5,6.5,6.5
11:07:24,994,1,subida,0.020513,0.020513,0.020496,29.920000,6.5,6.5,6.5
11:07:24,995,1,subida,0.020512,0.020513,0.020495,29.930000,6.5,6.5,6.5
11:07:24,996,1,subida,0.020511,0.020513,0.020498,29.930000,6.5,6.5,6.5
11:07:24,997,1,subida,0.020511,0.020513,0.020498,29.930000,6.5,6.5,6.5
11:07:24,998,1,subida,0.020509,0.020512,0.020498,29.930000,6.5,6.5,6.5
11:07:24,999,1,subida,0.020508,0.020512,0.020498,29.930000,6.5,6.5,6.5
11:07:24,1000,1,subida,0.020508,0.020512,0.020495,29.930000,6.5,6.5,6.5
11:07:25,1001,1,subida,0.020508,0.020511,0.020497,29.930000,6.5,6.5,6.5
11:07:25,1002,1,subida,0.020509,0.020511,0.020498,29.930000,6.5,6.5,6.5
11:07:25,1003,1,subida,0.020510,0.020511,0.020497,29.930000,6.5,6.5,6.5
11:07:25,1004,1,subida,0.020511,0.020511,0.020499,29.930000,6.5,6.5,6.5
11:07:25,1005,1,subida,0.020512,0.020511,0.020500,29.930000,6.5,6.5,6.5
11:07:25,1006,1,subida,0.020512,0.020511,0.020500,29.930000,6.5,6.5,6.5
11:07:25,1007,1,subida,0.020513,0.020511,0.020500,29.930000,6.5,6.5,6.5
11:07:25,1008,1,subida,0.020513,0.020512,0.020499,29.930000,6.5,6.5,6.5
11:07:25,1009,1,subida,0.020513,0.020512,0.020499,29.920000,6.5,6.5,6.5
11:07:25,1010,1,subida,0.020514,0.020512,0.020499,29.920000,6.5,6.5,6.5
11:07:25,1011,1,subida,0.020514,0.020512,0.020498,29.930000,6.5,6.5,6.5
11:07:25,1012,1,subida,0.020515,0.020512,0.020497,29.930000,6.5,6.5,6.5
11:07:25,1013,1,subida,0.020513,0.020512,0.020496,29.920000,6.5,6.5,6.5
11:07:25,1014,1,subida,0.020512,0.020512,0.020497,29.920000,6.5,6.499,6.5
11:07:25,1015,1,subida,0.020510,0.020512,0.020498,29.930000,6.5,6.5,6.5
11:07:25,1016,1,subida,0.020509,0.020512,0.020496,29.930000,6.5,6.5,6.5
11:07:25,1017,1,subida,0.020510,0.020512,0.020497,29.930000,6.5,6.5,6.5
11:07:25,1018,1,subida,0.020511,0.020512,0.020496,29.930000,6.5,6.5,6.5
11:07:25,1019,1,subida,0.020511,0.020512,0.020497,29.920000,6.5,6.5,6.5
11:07:25,1020,1,subida,0.020511,0.020511,0.020498,29.920000,6.5,6.5,6.5
11:07:26,1021,1,subida,0.020510,0.020511,0.020498,29.930000,6.5,6.5,6.5
11:07:26,1022,1,subida,0.020509,0.020511,0.020498,29.930000,6.5,6.5,6.5
11:07:26,1023,1,subida,0.020509,0.020511,0.020499,29.930000,6.5,6.5,6.5
11:07:26,1024,1,subida,0.020509,0.020511,0.020499,29.930000,6.5,6.5,6.5
11:07:26,1025,1,subida,0.020510,0.020511,0.020500,29.920000,6.5,6.5,6.5
11:07:26,1026,1,subida,0.020512,0.020511,0.020497,29.920000,6.5,6.5,6.5
11:07:26,1027,1,subida,0.020513,0.020511,0.020498,29.920000,6.5,6.5,6.5
11:07:26,1028,1,subida,0.020513,0.020511,0.020497,29.920000,6.5,6.5,6.5
11:07:26,1029,1,subida,0.020513,0.020511,0.020497,29.920000,6.5,6.499,6.5
11:07:26,1030,1,subida,0.020514,0.020512,0.020500,29.920000,6.5,6.5,6.5
11:07:26,1031,1,subida,0.020515,0.020512,0.020501,29.930000,6.5,6.5,6.5
11:07:26,1032,1,subida,0.020516,0.020512,0.020499,29.930000,6.5,6.5,6.5
11:07:26,1033,1,subida,0.020517,0.020513,0.020500,29.930000,6.5,6.5,6.5
11:07:26,1034,1,subida,0.020515,0.020513,0.020498,29.930000,6.5,6.5,6.5
11:07:26,1035,1,subida,0.020513,0.020513,0.020499,29.930000,6.5,6.5,6.5
11:07:26,1036,1,subida,0.020513,0.020513,0.020501,29.930000,6.5,6.5,6.5
11:07:26,1037,1,subida,0.020514,0.020513,0.020502,29.920000,6.5,6.5,6.5
11:07:26,1038,1,subida,0.020514,0.020513,0.020502,29.920000,6.5,6.5,6.5
11:07:26,1039,1,subida,0.020512,0.020513,0.020501,29.930000,6.5,6.5,6.5
11:07:26,1040,1,subida,0.020511,0.020513,0.020501,29.920000,6.5,6.5,6.5
11:07:26,1041,1,subida,0.020511,0.020513,0.020503,29.920000,6.5,6.5,6.5
11:07:27,1042,1,subida,0.020512,0.020513,0.020501,29.930000,6.5,6.5,6.5
11:07:27,1043,1,subida,0.020514,0.020513,0.020500,29.930000,6.5,6.5,6.5
11:07:27,1044,1,subida,0.020514,0.020513,0.020500,29.930000,6.5,6.5,6.5
11:07:27,1045,1,subida,0.020513,0.020513,0.020500,29.930000,6.5,6.5,6.5
11:07:27,1046,1,subida,0.020512,0.020513,0.020500,29.930000,6.5,6.5,6.5
11:07:27,1047,1,subida,0.020511,0.020513,0.020504,29.930000,6.5,6.5,6.5
11:07:27,1048,1,subida,0.020510,0.020512,0.020504,29.930000,6.5,6.5,6.5
11:07:27,1049,1,subida,0.020510,0.020512,0.020502,29.930000,6.5,6.5,6.5
11:07:27,1050,1,subida,0.020511,0.020512,0.020500,29.930000,6.5,6.5,6.5
11:07:27,1051,1,subida,0.020510,0.020512,0.020499,29.930000,6.5,6.5,6.5
11:07:27,1052,1,subida,0.020510,0.020512,0.020497,29.930000,6.5,6.5,6.5
11:07:27,1053,1,subida,0.020511,0.020512,0.020498,29.930000,6.5,6.5,6.5
11:07:27,1054,1,subida,0.020512,0.020512,0.020496,29.930000,6.5,6.5,6.5
11:07:27,1055,1,subida,0.020512,0.020512,0.020502,29.930000,6.5,6.5,6.5
11:07:27,1056,1,subida,0.020512,0.020512,0.020503,29.930000,6.5,6.5,6.5
11:07:27,1057,1,subida,0.020512,0.020512,0.020502,29.930000,6.5,6.5,6.5
11:07:27,1058,1,subida,0.020514,0.020512,0.020501,29.920000,6.5,6.5,6.5
11:07:27,1059,1,subida,0.020515,0.020512,0.020500,29.920000,6.5,6.5,6.5
11:07:27,1060,1,subida,0.020515,0.020513,0.020500,29.930000,6.5,6.5,6.5
11:07:27,1061,1,subida,0.020514,0.020513,0.020497,29.930000,6.5,6.5,6.5
11:07:27,1062,1,subida,0.020513,0.020513,0.020497,29.920000,6.5,6.5,6.5
11:07:28,1063,1,subida,0.020513,0.020513,0.020499,29.920000,6.5,6.5,6.5
11:07:28,1064,1,subida,0.020512,0.020513,0.020499,29.920000,6.5,6.5,6.5
11:07:28,1065,1,subida,0.020512,0.020513,0.020499,29.920000,6.5,6.5,6.5
11:07:28,1066,1,subida,0.020512,0.020513,0.020499,29.930000,6.5,6.5,6.5
11:07:28,1067,1,subida,0.020513,0.020513,0.020500,29.930000,6.5,6.5,6.5
11:07:28,1068,1,subida,0.020514,0.020513,0.020501,29.920000,6.5,6.5,6.5
11:07:28,1069,1,subida,0.020514,0.020513,0.020502,29.920000,6.5,6.5,6.5
11:07:28,1070,1,subida,0.020514,0.020513,0.020501,29.930000,6.5,6.5,6.5
11:07:28,1071,1,subida,0.020514,0.020513,0.020504,29.930000,6.5,6.5,6.5
11:07:28,1072,1,subida,0.020513,0.020513,0.020503,29.930000,6.5,6.5,6.5
11:07:28,1073,1,subida,0.020512,0.020513,0.020503,29.930000,6.5,6.5,6.5
11:07:28,1074,1,subida,0.020511,0.020513,0.020500,29.920000,6.5,6.5,6.5
11:07:28,1075,1,subida,0.020513,0.020513,0.020501,29.920000,6.5,6.5,6.5
11:07:28,1076,1,subida,0.020515,0.020513,0.020499,29.930000,6.5,6.5,6.5
11:07:28,1077,1,subida,0.020515,0.020513,0.020498,29.930000,6.5,6.5,6.5
11:07:28,1078,1,subida,0.020515,0.020513,0.020501,29.920000,6.5,6.5,6.5
11:07:28,1079,1,subida,0.020515,0.020513,0.020500,29.920000,6.5,6.5,6.5
11:07:28,1080,1,subida,0.020515,0.020514,0.020499,29.930000,6.5,6.5,6.5
11:07:28,1081,1,subida,0.020514,0.020514,0.020500,29.930000,6.5,6.5,6.5
11:07:28,1082,1,subida,0.020513,0.020514,0.020499,29.920000,6.5,6.5,6.5
11:07:28,1083,1,subida,0.020512,0.020513,0.020498,29.920000,6.5,6.5,6.5
11:07:29,1084,1,subida,0.020512,0.020513,0.020499,29.930000,6.5,6.5,6.5
11:07:29,1085,1,subida,0.020513,0.020513,0.020500,29.930000,6.5,6.5,6.5
11:07:29,1086,1,subida,0.020515,0.020513,0.020501,29.930000,6.5,6.5,6.5
11:07:29,1087,1,subida,0.020515,0.020514,0.020501,29.930000,6.5,6.5,6.5
11:07:29,1088,1,subida,0.020514,0.020514,0.020499,29.920000,6.5,6.5,6.5
11:07:29,1089,1,subida,0.020513,0.020514,0.020500,29.920000,6.5,6.5,6.5
11:07:29,1090,1,subida,0.020512,0.020513,0.020499,29.930000,6.5,6.5,6.5
11:07:29,1091,1,subida,0.020513,0.020513,0.020500,29.930000,6.5,6.5,6.5
11:07:29,1092,1,subida,0.020514,0.020513,0.020501,29.920000,6.5,6.5,6.5
11:07:29,1093,1,subida,0.020514,0.020514,0.020502,29.920000,6.5,6.5,6.5
11:07:29,1094,1,subida,0.020514,0.020514,0.020501,29.920000,6.5,6.5,6.5
11:07:29,1095,1,subida,0.020515,0.020514,0.020500,29.920000,6.5,6.5,6.5
11:07:29,1096,1,subida,0.020514,0.020514,0.020495,29.930000,6.5,6.5,6.5
11:07:29,1097,1,subida,0.020515,0.020514,0.020497,29.930000,6.5,6.5,6.5
11:07:29,1098,1,subida,0.020516,0.020514,0.020499,29.930000,6.5,6.5,6.5
11:07:29,1099,1,subida,0.020516,0.020514,0.020498,29.930000,6.5,6.5,6.5
11:07:29,1100,1,subida,0.020516,0.020514,0.020498,29.930000,6.5,6.5,6.5
11:07:29,1101,1,subida,0.020515,0.020514,0.020499,29.930000,6.5,6.5,6.5
11:07:29,1102,1,subida,0.020514,0.020514,0.020499,29.930000,6.5,6.5,6.5
11:07:29,1103,1,subida,0.020513,0.020514,0.020499,29.930000,6.5,6.5,6.5
11:07:29,1104,1,subida,0.020513,0.020514,0.020500,29.930000,6.5,6.5,6.5
11:07:29,1105,1,subida,0.020514,0.020514,0.020501,29.930000,6.5,6.499,6.5
11:07:29,1106,1,subida,0.020515,0.020514,0.020502,29.930000,6.5,6.5,6.5
11:07:30,1107,1,subida,0.020516,0.020514,0.020501,29.930000,6.5,6.5,6.5
11:07:30,1108,1,subida,0.020516,0.020514,0.020500,29.930000,6.5,6.5,6.5
11:07:30,1109,1,subida,0.020516,0.020515,0.020499,29.930000,6.5,6.5,6.5
11:07:30,1110,1,subida,0.020517,0.020515,0.020499,29.930000,6.5,6.5,6.5
11:07:30,1111,1,subida,0.020517,0.020515,0.020502,29.930000,6.5,6.5,6.5
11:07:30,1112,1,subida,0.020516,0.020515,0.020502,29.930000,6.5,6.5,6.5
11:07:30,1113,1,subida,0.020513,0.020515,0.020502,29.930000,6.499,6.5,6.5
11:07:30,1114,1,subida,0.020512,0.020515,0.020503,29.920000,6.5,6.5,6.5
11:07:30,1115,1,subida,0.020512,0.020514,0.020502,29.920000,6.5,6.5,6.5
11:07:30,1116,1,subida,0.020512,0.020514,0.020502,29.930000,6.5,6.5,6.5
11:07:30,1117,1,subida,0.020511,0.020514,0.020504,29.930000,6.5,6.5,6.5
11:07:30,1118,1,subida,0.020511,0.020514,0.020506,29.930000,6.5,6.5,6.5
11:07:30,1119,1,subida,0.020511,0.020513,0.020504,29.930000,6.5,6.5,6.5
11:07:30,1120,1,subida,0.020511,0.020513,0.020506,29.930000,6.5,6.5,6.5
11:07:30,1121,1,subida,0.020512,0.020513,0.020504,29.930000,6.5,6.499,6.5
11:07:30,1122,1,subida,0.020512,0.020513,0.020505,29.930000,6.5,6.5,6.5
11:07:30,1123,1,subida,0.020513,0.020513,0.020503,29.930000,6.5,6.5,6.5
11:07:30,1124,1,subida,0.020513,0.020513,0.020503,29.920000,6.5,6.5,6.5
11:07:30,1125,1,subida,0.020512,0.020513,0.020501,29.920000,6.5,6.5,6.5
11:07:30,1126,1,subida,0.020510,0.020513,0.020501,29.930000,6.5,6.5,6.5
11:07:30,1127,1,subida,0.020511,0.020512,0.020501,29.930000,6.5,6.499,6.5
11:07:30,1128,1,subida,0.020512,0.020512,0.020501,29.930000,6.5,6.5,6.5
11:07:30,1129,1,subida,0.020512,0.020512,0.020502,29.930000,6.5,6.499,6.5
11:07:30,1130,1,subida,0.020511,0.020512,0.020503,29.930000,6.5,6.5,6.5
11:07:31,1131,1,subida,0.020511,0.020512,0.020501,29.930000,6.5,6.5,6.5
11:07:31,1132,1,subida,0.020512,0.020512,0.020501,29.930000,6.5,6.5,6.5
11:07:31,1133,1,subida,0.020512,0.020512,0.020499,29.930000,6.5,6.5,6.5
11:07:31,1134,1,subida,0.020513,0.020512,0.020500,29.930000,6.5,6.499,6.5
11:07:31,1135,1,subida,0.020515,0.020512,0.020500,29.930000,6.5,6.5,6.5
11:07:31,1136,1,subida,0.020514,0.020513,0.020502,29.930000,6.5,6.5,6.5
11:07:31,1137,1,subida,0.020514,0.020513,0.020501,29.930000,6.5,6.499,6.5
11:07:31,1138,1,subida,0.020514,0.020513,0.020500,29.930000,6.5,6.5,6.5
11:07:31,1139,1,subida,0.020514,0.020513,0.020500,29.930000,6.499,6.5,6.5
11:07:31,1140,1,subida,0.020513,0.020513,0.020501,29.930000,6.5,6.5,6.5
11:07:31,1141,1,subida,0.020512,0.020513,0.020502,29.930000,6.499,6.5,6.5
11:07:31,1142,1,subida,0.020511,0.020513,0.020498,29.920000,6.5,6.5,6.5
11:07:31,1143,1,subida,0.020511,0.020513,0.020497,29.920000,6.499,6.5,6.5
11:07:31,1144,1,subida,0.020512,0.020512,0.020498,29.930000,6.5,6.5,6.5
11:07:31,1145,1,subida,0.020512,0.020512,0.020498,29.930000,6.5,6.499,6.5
11:07:31,1146,1,subida,0.020511,0.020512,0.020499,29.930000,6.5,6.5,6.5
11:07:31,1147,1,subida,0.020511,0.020512,0.020498,29.930000,6.5,6.5,6.5
11:07:31,1148,1,subida,0.020511,0.020512,0.020501,29.930000,6.5,6.499,6.5
11:07:31,1149,1,subida,0.020511,0.020512,0.020498,29.930000,6.5,6.5,6.5
11:07:31,1150,1,subida,0.020511,0.020512,0.020499,29.930000,6.5,6.5,6.5
11:07:31,1151,1,subida,0.020512,0.020512,0.020497,29.930000,6.5,6.499,6.5
11:07:31,1152,1,subida,0.020512,0.020512,0.020497,29.920000,6.5,6.5,6.5
11:07:32,1153,1,subida,0.020512,0.020512,0.020499,29.920000,6.5,6.499,6.5
11:07:32,1154,1,subida,0.020513,0.020512,0.020498,29.930000,6.5,6.499,6.5
11:07:32,1155,1,subida,0.020513,0.020512,0.020496,29.930000,6.5,6.5,6.5
11:07:32,1156,1,subida,0.020512,0.020512,0.020499,29.920000,6.5,6.5,6.5
11:07:32,1157,1,subida,0.020512,0.020512,0.020497,29.920000,6.5,6.5,6.5
11:07:32,1158,1,subida,0.020512,0.020512,0.020498,29.930000,6.5,6.5,6.5
11:07:32,1159,1,subida,0.020514,0.020512,0.020497,29.930000,6.5,6.499,6.5
11:07:32,1160,1,subida,0.020514,0.020512,0.020498,29.930000,6.5,6.5,6.5
11:07:32,1161,1,subida,0.020514,0.020513,0.020500,29.930000,6.5,6.5,6.5
11:07:32,1162,1,subida,0.020514,0.020513,0.020499,29.930000,6.5,6.5,6.5
11:07:32,1163,1,subida,0.020514,0.020513,0.020497,29.930000,6.5,6.5,6.5
11:07:32,1164,1,subida,0.020514,0.020513,0.020498,29.930000,6.5,6.5,6.5
11:07:32,1165,1,subida,0.020515,0.020513,0.020497,29.930000,6.5,6.5,6.5
11:07:32,1166,1,subida,0.020516,0.020513,0.020497,29.930000,6.5,6.5,6.5
11:07:32,1167,1,subida,0.020516,0.020514,0.020497,29.930000,6.5,6.5,6.5
11:07:32,1168,1,subida,0.020516,0.020514,0.020496,29.930000,6.5,6.5,6.5
11:07:32,1169,1,subida,0.020516,0.020514,0.020498,29.930000,6.5,6.5,6.5
11:07:32,1170,1,subida,0.020518,0.020515,0.020497,29.930000,6.5,6.499,6.5
11:07:32,1171,1,subida,0.020517,0.020515,0.020498,29.930000,6.5,6.5,6.5
11:07:32,1172,1,subida,0.020515,0.020515,0.020498,29.930000,6.5,6.5,6.5
11:07:32,1173,1,subida,0.020515,0.020515,0.020498,29.930000,6.5,6.5,6.5
11:07:33,1174,1,subida,0.020516,0.020515,0.020499,29.930000,6.5,6.5,6.5
11:07:33,1175,1,subida,0.020517,0.020515,0.020498,29.930000,6.5,6.5,6.5
11:07:33,1176,1,subida,0.020517,0.020515,0.020495,29.930000,6.5,6.5,6.5
11:07:33,1177,1,subida,0.020515,0.020515,0.020499,29.930000,6.5,6.5,6.5
11:07:33,1178,1,subida,0.020514,0.020515,0.020498,29.930000,6.5,6.5,6.5
11:07:33,1179,1,subida,0.020513,0.020515,0.020500,29.930000,6.5,6.5,6.5
11:07:33,1180,1,subida,0.020512,0.020515,0.020499,29.930000,6.5,6.5,6.5
11:07:33,1181,1,subida,0.020512,0.020514,0.020500,29.930000,6.5,6.5,6.5
11:07:33,1182,1,subida,0.020513,0.020514,0.020501,29.930000,6.5,6.5,6.5
11:07:33,1183,1,subida,0.020515,0.020514,0.020501,29.930000,6.5,6.5,6.5
11:07:33,1184,1,subida,0.020516,0.020515,0.020499,29.930000,6.5,6.5,6.5
11:07:33,1185,1,subida,0.020516,0.020515,0.020502,29.930000,6.5,6.5,6.5
11:07:33,1186,1,subida,0.020515,0.020515,0.020502,29.930000,6.5,6.5,6.5
11:07:33,1187,1,subida,0.020515,0.020515,0.020501,29.930000,6.5,6.5,6.5
11:07:33,1188,1,subida,0.020515,0.020515,0.020501,29.930000,6.5,6.5,6.5
11:07:33,1189,1,subida,0.020513,0.020515,0.020501,29.930000,6.5,6.5,6.5
11:07:33,1190,1,subida,0.020512,0.020514,0.020500,29.930000,6.5,6.5,6.5
11:07:34,1191,1,subida,0.020513,0.020514,0.020500,29.930000,6.5,6.5,6.5
11:07:34,1192,1,subida,0.020514,0.020514,0.020498,29.930000,6.5,6.5,6.5
11:07:34,1193,1,subida,0.020513,0.020514,0.020499,29.930000,6.5,6.5,6.5
11:07:34,1194,1,subida,0.020513,0.020514,0.020501,29.930000,6.5,6.5,6.5
11:07:34,1195,1,subida,0.020514,0.020514,0.020501,29.930000,6.5,6.5,6.5
11:07:34,1196,1,subida,0.020515,0.020514,0.020500,29.930000,6.5,6.5,6.5
11:07:34,1197,1,subida,0.020516,0.020514,0.020500,29.930000,6.5,6.5,6.5
11:07:34,1198,1,subida,0.020517,0.020515,0.020498,29.930000,6.5,6.5,6.5
11:07:34,1199,1,subida,0.020517,0.020515,0.020496,29.930000,6.5,6.5,6.5
11:07:34,1200,1,subida,0.020517,0.020515,0.020498,29.930000,6.5,6.5,6.5
11:07:34,1201,1,subida,0.020515,0.020515,0.020497,29.930000,6.5,6.5,6.5
11:07:34,1202,1,subida,0.020514,0.020515,0.020498,29.930000,6.5,6.5,6.5
11:07:34,1203,1,subida,0.020513,0.020515,0.020499,29.930000,6.5,6.5,6.5
11:07:34,1204,1,subida,0.020514,0.020515,0.020496,29.930000,6.5,6.5,6.5
11:07:34,1205,1,subida,0.020514,0.020515,0.020497,29.920000,6.5,6.5,6.5
11:07:34,1206,1,subida,0.020513,0.020514,0.020496,29.920000,6.5,6.5,6.5
11:07:34,1207,1,subida,0.020513,0.020514,0.020497,29.930000,6.5,6.5,6.5
11:07:34,1208,1,subida,0.020513,0.020514,0.020499,29.930000,6.5,6.5,6.5
11:07:34,1209,1,subida,0.020514,0.020514,0.020500,29.930000,6.5,6.5,6.5
11:07:34,1210,1,subida,0.020513,0.020514,0.020499,29.930000,6.5,6.5,6.5
11:07:34,1211,1,subida,0.020513,0.020514,0.020499,29.930000,6.5,6.5,6.5
11:07:34,1212,1,subida,0.020514,0.020514,0.020498,29.930000,6.5,6.5,6.5
11:07:35,1213,1,subida,0.020515,0.020514,0.020500,29.930000,6.5,6.5,6.5
11:07:35,1214,1,subida,0.020515,0.020514,0.020499,29.930000,6.5,6.5,6.5
11:07:35,1215,1,subida,0.020514,0.020514,0.020500,29.920000,6.5,6.5,6.5
11:07:35,1216,1,subida,0.020515,0.020514,0.020499,29.920000,6.5,6.5,6.5
11:07:35,1217,1,subida,0.020515,0.020514,0.020501,29.930000,6.5,6.5,6.5
11:07:35,1218,1,subida,0.020516,0.020514,0.020500,29.930000,6.5,6.5,6.5
11:07:35,1219,1,subida,0.020515,0.020514,0.020500,29.930000,6.5,6.5,6.5
11:07:35,1220,1,subida,0.020513,0.020514,0.020499,29.930000,6.5,6.5,6.5
11:07:35,1221,1,subida,0.020511,0.020514,0.020500,29.930000,6.5,6.5,6.5
11:07:35,1222,1,subida,0.020512,0.020514,0.020498,29.930000,6.5,6.5,6.5
11:07:35,1223,1,subida,0.020513,0.020514,0.020499,29.930000,6.5,6.5,6.5
11:07:35,1224,1,subida,0.020513,0.020514,0.020498,29.930000,6.5,6.5,6.5
11:07:35,1225,1,subida,0.020513,0.020514,0.020499,29.930000,6.5,6.5,6.5
11:07:35,1226,1,subida,0.020514,0.020514,0.020498,29.930000,6.5,6.5,6.5
11:07:35,1227,1,subida,0.020514,0.020514,0.020497,29.930000,6.5,6.5,6.5
11:07:35,1228,1,subida,0.020514,0.020514,0.020498,29.930000,6.5,6.499,6.5
11:07:35,1229,1,subida,0.020515,0.020514,0.020499,29.930000,6.5,6.5,6.5
11:07:35,1230,1,subida,0.020515,0.020514,0.020498,29.930000,6.5,6.5,6.5
11:07:35,1231,1,subida,0.020515,0.020514,0.020498,29.930000,6.5,6.5,6.5
11:07:35,1232,1,subida,0.020514,0.020514,0.020499,29.930000,6.5,6.5,6.5
11:07:35,1233,1,subida,0.020513,0.020514,0.020498,29.930000,6.5,6.5,6.5
11:07:35,1234,1,subida,0.020515,0.020514,0.020497,29.930000,6.5,6.5,6.5
11:07:35,1235,1,subida,0.020516,0.020514,0.020497,29.930000,6.5,6.5,6.5
11:07:35,1236,1,subida,0.020516,0.020514,0.020499,29.930000,6.5,6.5,6.5
11:07:36,1237,1,subida,0.020517,0.020514,0.020499,29.930000,6.5,6.5,6.5
11:07:36,1238,1,subida,0.020517,0.020515,0.020499,29.930000,6.5,6.5,6.5
11:07:36,1239,1,subida,0.020518,0.020515,0.020500,29.920000,6.5,6.5,6.5
11:07:36,1240,1,subida,0.020519,0.020515,0.020499,29.920000,6.5,6.5,6.5
11:07:36,1241,1,subida,0.020519,0.020516,0.020500,29.920000,6.5,6.5,6.5
11:07:36,1242,1,subida,0.020519,0.020516,0.020498,29.920000,6.5,6.5,6.5
11:07:36,1243,1,subida,0.020518,0.020516,0.020495,29.930000,6.5,6.5,6.5
11:07:36,1244,1,subida,0.020518,0.020516,0.020496,29.930000,6.5,6.5,6.5
11:07:36,1245,1,subida,0.020518,0.020517,0.020494,29.930000,6.5,6.5,6.5
11:07:36,1246,1,subida,0.020517,0.020517,0.020493,29.930000,6.5,6.5,6.5
11:07:36,1247,1,subida,0.020516,0.020517,0.020495,29.920000,6.5,6.5,6.5
11:07:36,1248,1,subida,0.020515,0.020516,0.020495,29.920000,6.5,6.5,6.5
11:07:36,1249,1,subida,0.020515,0.020516,0.020495,29.930000,6.5,6.5,6.5
11:07:36,1250,1,subida,0.020516,0.020516,0.020495,29.930000,6.5,6.5,6.5
11:07:36,1251,1,subida,0.020515,0.020516,0.020496,29.930000,6.5,6.5,6.5
11:07:36,1252,1,subida,0.020514,0.020516,0.020495,29.930000,6.5,6.5,6.5
11:07:36,1253,1,subida,0.020514,0.020516,0.020496,29.920000,6.5,6.5,6.5
11:07:36,1254,1,subida,0.020515,0.020516,0.020495,29.920000,6.5,6.5,6.5
11:07:36,1255,1,subida,0.020515,0.020516,0.020496,29.930000,6.5,6.5,6.5
11:07:36,1256,1,subida,0.020515,0.020515,0.020496,29.930000,6.5,6.5,6.5
11:07:36,1257,1,subida,0.020516,0.020515,0.020498,29.930000,6.5,6.5,6.5
11:07:37,1258,1,subida,0.020516,0.020516,0.020498,29.930000,6.5,6.5,6.5
11:07:37,1259,1,subida,0.020516,0.020516,0.020496,29.920000,6.5,6.5,6.5
11:07:37,1260,1,subida,0.020515,0.020516,0.020497,29.920000,6.5,6.5,6.5
11:07:37,1261,1,subida,0.020513,0.020515,0.020498,29.930000,6.5,6.5,6.5
11:07:37,1262,1,subida,0.020512,0.020515,0.020498,29.930000,6.5,6.5,6.5
11:07:37,1263,1,subida,0.020512,0.020515,0.020497,29.930000,6.5,6.5,6.5
11:07:37,1264,1,subida,0.020513,0.020515,0.020496,29.930000,6.5,6.5,6.5
11:07:37,1265,1,subida,0.020513,0.020514,0.020495,29.920000,6.5,6.5,6.5
11:07:37,1266,1,subida,0.020513,0.020514,0.020494,29.920000,6.5,6.5,6.5
11:07:37,1267,1,subida,0.020513,0.020514,0.020495,29.920000,6.5,6.5,6.5
11:07:37,1268,1,subida,0.020513,0.020514,0.020497,29.920000,6.5,6.5,6.5
11:07:37,1269,1,subida,0.020513,0.020514,0.020496,29.930000,6.5,6.5,6.5
11:07:37,1270,1,subida,0.020512,0.020514,0.020496,29.930000,6.5,6.5,6.5
11:07:37,1271,1,subida,0.020512,0.020514,0.020496,29.930000,6.5,6.5,6.5
11:07:37,1272,1,subida,0.020512,0.020513,0.020496,29.930000,6.5,6.5,6.5
11:07:37,1273,1,subida,0.020511,0.020513,0.020497,29.930000,6.5,6.5,6.5
11:07:37,1274,1,subida,0.020512,0.020513,0.020497,29.930000,6.5,6.499,6.5
11:07:37,1275,1,subida,0.020513,0.020513,0.020499,29.930000,6.5,6.5,6.5
11:07:37,1276,1,subida,0.020513,0.020513,0.020499,29.930000,6.5,6.5,6.5
11:07:37,1277,1,subida,0.020512,0.020513,0.020497,29.930000,6.5,6.5,6.5
11:07:37,1278,1,subida,0.020512,0.020513,0.020497,29.930000,6.5,6.5,6.5
11:07:38,1279,1,subida,0.020513,0.020513,0.020496,29.930000,6.5,6.5,6.5
11:07:38,1280,1,subida,0.020513,0.020513,0.020498,29.930000,6.5,6.5,6.5
11:07:38,1281,1,subida,0.020512,0.020513,0.020498,29.930000,6.5,6.5,6.5
11:07:38,1282,1,subida,0.020512,0.020513,0.020498,29.930000,6.5,6.5,6.5
11:07:38,1283,1,subida,0.020511,0.020513,0.020499,29.920000,6.5,6.5,6.5
11:07:38,1284,1,subida,0.020511,0.020512,0.020499,29.920000,6.5,6.5,6.5
11:07:38,1285,1,subida,0.020512,0.020512,0.020497,29.930000,6.5,6.5,6.5
11:07:38,1286,1,subida,0.020512,0.020512,0.020497,29.930000,6.5,6.5,6.5
11:07:38,1287,1,subida,0.020512,0.020512,0.020497,29.930000,6.5,6.5,6.5
11:07:38,1288,1,subida,0.020512,0.020512,0.020497,29.930000,6.5,6.5,6.5
11:07:38,1289,1,subida,0.020513,0.020512,0.020498,29.930000,6.5,6.5,6.5
11:07:38,1290,1,subida,0.020512,0.020512,0.020497,29.930000,6.5,6.5,6.5
11:07:38,1291,1,subida,0.020511,0.020512,0.020499,29.920000,6.5,6.5,6.5
11:07:38,1292,1,subida,0.020511,0.020512,0.020500,29.920000,6.5,6.5,6.5
11:07:38,1293,1,subida,0.020513,0.020512,0.020502,29.930000,6.5,6.5,6.5
11:07:38,1294,1,subida,0.020513,0.020512,0.020500,29.930000,6.5,6.5,6.5
11:07:38,1295,1,subida,0.020513,0.020512,0.020497,29.920000,6.5,6.5,6.5
11:07:38,1296,1,subida,0.020514,0.020512,0.020498,29.920000,6.5,6.5,6.5
11:07:38,1297,1,subida,0.020514,0.020513,0.020498,29.930000,6.5,6.5,6.5
11:07:38,1298,1,subida,0.020514,0.020513,0.020500,29.930000,6.5,6.5,6.5
11:07:39,1299,1,subida,0.020514,0.020513,0.020500,29.930000,6.5,6.5,6.5
11:07:39,1300,1,subida,0.020515,0.020513,0.020501,29.930000,6.5,6.5,6.5
11:07:39,1301,1,subida,0.020515,0.020513,0.020499,29.920000,6.5,6.5,6.5
11:07:39,1302,1,subida,0.020515,0.020513,0.020499,29.920000,6.5,6.5,6.5
11:07:39,1303,1,subida,0.020515,0.020514,0.020500,29.920000,6.5,6.5,6.5
11:07:39,1304,1,subida,0.020516,0.020514,0.020499,29.920000,6.5,6.5,6.5
11:07:39,1305,1,subida,0.020517,0.020514,0.020501,29.930000,6.5,6.5,6.5
11:07:39,1306,1,subida,0.020517,0.020514,0.020497,29.930000,6.5,6.5,6.5
11:07:39,1307,1,subida,0.020516,0.020515,0.020498,29.920000,6.5,6.5,6.5
11:07:39,1308,1,subida,0.020515,0.020515,0.020498,29.920000,6.5,6.5,6.5
11:07:39,1309,1,subida,0.020515,0.020515,0.020497,29.930000,6.5,6.5,6.5
11:07:39,1310,1,subida,0.020514,0.020515,0.020498,29.930000,6.5,6.5,6.5
11:07:39,1311,1,subida,0.020514,0.020515,0.020500,29.920000,6.5,6.5,6.5
11:07:39,1312,1,subida,0.020514,0.020514,0.020499,29.920000,6.5,6.5,6.5
11:07:39,1313,1,subida,0.020513,0.020514,0.020499,29.920000,6.5,6.5,6.5
11:07:39,1314,1,subida,0.020514,0.020514,0.020498,29.920000,6.5,6.5,6.5
11:07:39,1315,1,subida,0.020515,0.020514,0.020496,29.930000,6.5,6.5,6.5
11:07:39,1316,1,subida,0.020514,0.020514,0.020496,29.930000,6.5,6.5,6.5
11:07:39,1317,1,subida,0.020513,0.020514,0.020499,29.930000,6.5,6.5,6.5
11:07:40,1318,1,subida,0.020512,0.020514,0.020497,29.930000,6.5,6.5,6.5
11:07:40,1319,1,subida,0.021779,0.021780,0.021766,29.920000,6.8,6.8,6.8
11:08:08,1320,1,subida,0.021779,0.021780,0.021766,29.920000,6.8,6.8,6.8
11:08:08,1321,1,subida,0.021780,0.021780,0.021766,29.920000,6.8,6.8,6.8
11:08:08,1322,1,subida,0.021780,0.021780,0.021767,29.920000,6.8,6.8,6.8
11:08:08,1323,1,subida,0.021779,0.021779,0.021767,29.920000,6.8,6.8,6.8
11:08:08,1324,1,subida,0.021778,0.021779,0.021768,29.920000,6.8,6.8,6.8
11:08:08,1325,1,subida,0.021779,0.021779,0.021768,29.920000,6.8,6.799,6.8
11:08:08,1326,1,subida,0.021780,0.021779,0.021767,29.930000,6.8,6.8,6.8
11:08:08,1327,1,subida,0.021779,0.021779,0.021766,29.930000,6.8,6.8,6.8
11:08:08,1328,1,subida,0.021778,0.021779,0.021766,29.920000,6.8,6.8,6.8
11:08:08,1329,1,subida,0.021778,0.021779,0.021767,29.920000,6.8,6.8,6.8
11:08:08,1330,1,subida,0.021779,0.021779,0.021766,29.920000,6.8,6.8,6.8
11:08:08,1331,1,subida,0.021779,0.021779,0.021765,29.920000,6.8,6.8,6.8
11:08:08,1332,1,subida,0.021778,0.021779,0.021766,29.920000,6.8,6.8,6.8
11:08:08,1333,1,subida,0.021779,0.021779,0.021764,29.920000,6.8,6.8,6.8
11:08:08,1334,1,subida,0.021779,0.021779,0.021764,29.930000,6.8,6.8,6.8
11:08:08,1335,1,subida,0.021779,0.021779,0.021765,29.930000,6.8,6.8,6.8
11:08:08,1336,1,subida,0.021779,0.021779,0.021764,29.920000,6.8,6.8,6.8
11:08:08,1337,1,subida,0.021779,0.021779,0.021766,29.920000,6.8,6.799,6.8
11:08:08,1338,1,subida,0.021778,0.021779,0.021765,29.930000,6.8,6.8,6.8
11:08:08,1339,1,subida,0.021776,0.021779,0.021764,29.930000,6.8,6.8,6.8
11:08:08,1340,1,subida,0.021775,0.021778,0.021763,29.930000,6.8,6.799,6.8
11:08:08,1341,1,subida,0.021775,0.021778,0.021765,29.930000,6.8,6.8,6.8
11:08:08,1342,1,subida,0.021776,0.021778,0.021765,29.920000,6.8,6.8,6.8
11:08:09,1343,1,subida,0.021777,0.021778,0.021766,29.920000,6.8,6.8,6.8
11:08:09,1344,1,subida,0.021776,0.021778,0.021766,29.920000,6.8,6.8,6.8
11:08:09,1345,1,subida,0.021776,0.021777,0.021765,29.920000,6.8,6.8,6.8
11:08:09,1346,1,subida,0.021776,0.021777,0.021765,29.920000,6.8,6.8,6.8
11:08:09,1347,1,subida,0.021776,0.021777,0.021768,29.920000,6.8,6.799,6.8
11:08:09,1348,1,subida,0.021776,0.021777,0.021767,29.920000,6.8,6.8,6.8
11:08:09,1349,1,subida,0.021775,0.021777,0.021768,29.930000,6.8,6.8,6.8
11:08:09,1350,1,subida,0.021774,0.021777,0.021767,29.930000,6.8,6.8,6.8
11:08:09,1351,1,subida,0.021776,0.021776,0.021765,29.920000,6.8,6.8,6.8
11:08:09,1352,1,subida,0.021778,0.021777,0.021767,29.920000,6.8,6.8,6.8
11:08:09,1353,1,subida,0.021777,0.021777,0.021766,29.920000,6.8,6.799,6.8
11:08:09,1354,1,subida,0.021778,0.021777,0.021770,29.920000,6.8,6.8,6.8
11:08:09,1355,1,subida,0.021780,0.021777,0.021766,29.920000,6.8,6.8,6.8
11:08:09,1356,1,subida,0.021780,0.021777,0.021766,29.920000,6.8,6.8,6.8
11:08:09,1357,1,subida,0.021779,0.021778,0.021768,29.930000,6.8,6.799,6.8
11:08:09,1358,1,subida,0.021779,0.021778,0.021768,29.930000,6.8,6.8,6.8
11:08:09,1359,1,subida,0.021780,0.021778,0.021768,29.920000,6.8,6.8,6.8
11:08:09,1360,1,subida,0.021781,0.021778,0.021769,29.920000,6.8,6.799,6.8
11:08:09,1361,1,subida,0.021780,0.021778,0.021769,29.920000,6.8,6.799,6.8
11:08:09,1362,1,subida,0.021779,0.021778,0.021766,29.920000,6.8,6.8,6.8
11:08:09,1363,1,subida,0.021780,0.021779,0.021764,29.920000,6.8,6.799,6.8
11:08:09,1364,1,subida,0.021781,0.021779,0.021766,29.920000,6.8,6.8,6.8
11:08:09,1365,1,subida,0.021782,0.021779,0.021765,29.920000,6.8,6.799,6.8
11:08:10,1366,1,subida,0.021782,0.021779,0.021766,29.920000,6.8,6.8,6.8
11:08:10,1367,1,subida,0.021782,0.021780,0.021764,29.920000,6.8,6.8,6.8
11:08:10,1368,1,subida,0.021781,0.021780,0.021764,29.920000,6.8,6.799,6.8
11:08:10,1369,1,subida,0.021779,0.021780,0.021765,29.920000,6.799,6.8,6.8
11:08:10,1370,1,subida,0.021780,0.021780,0.021764,29.920000,6.8,6.8,6.8
11:08:10,1371,1,subida,0.021780,0.021780,0.021764,29.920000,6.8,6.799,6.8
11:08:10,1372,1,subida,0.021780,0.021780,0.021765,29.920000,6.8,6.8,6.8
11:08:10,1373,1,subida,0.021781,0.021780,0.021764,29.920000,6.8,6.8,6.8
11:08:10,1374,1,subida,0.021783,0.021780,0.021765,29.920000,6.8,6.799,6.8
11:08:10,1375,1,subida,0.021784,0.021780,0.021767,29.920000,6.8,6.8,6.8
11:08:10,1376,1,subida,0.021785,0.021781,0.021767,29.920000,6.8,6.799,6.8
11:08:10,1377,1,subida,0.021785,0.021781,0.021768,29.920000,6.8,6.8,6.8
11:08:10,1378,1,subida,0.021784,0.021781,0.021767,29.920000,6.8,6.799,6.8
11:08:10,1379,1,subida,0.021783,0.021782,0.021767,29.920000,6.8,6.8,6.8
11:08:10,1380,1,subida,0.021783,0.021782,0.021766,29.920000,6.8,6.8,6.8
11:08:10,1381,1,subida,0.021782,0.021782,0.021765,29.920000,6.8,6.8,6.8
11:08:10,1382,1,subida,0.021783,0.021782,0.021768,29.920000,6.8,6.8,6.8
11:08:10,1383,1,subida,0.021784,0.021782,0.021767,29.930000,6.8,6.8,6.8
11:08:10,1384,1,subida,0.021784,0.021782,0.021762,29.930000,6.8,6.8,6.8
11:08:10,1385,1,subida,0.021785,0.021783,0.021763,29.920000,6.8,6.8,6.8
11:08:10,1386,1,subida,0.021784,0.021783,0.021763,29.920000,6.8,6.8,6.8
11:08:10,1387,1,subida,0.021783,0.021783,0.021766,29.920000,6.8,6.8,6.8
11:08:10,1388,1,subida,0.021781,0.021783,0.021768,29.920000,6.8,6.8,6.8
11:08:11,1389,1,subida,0.021781,0.021782,0.021771,29.920000,6.8,6.8,6.8
11:08:11,1390,1,subida,0.021782,0.021782,0.021768,29.920000,6.8,6.799,6.8
11:08:11,1391,1,subida,0.021782,0.021782,0.021767,29.920000,6.8,6.8,6.8
11:08:11,1392,1,subida,0.021781,0.021782,0.021765,29.920000,6.8,6.8,6.8
11:08:11,1393,1,subida,0.021781,0.021782,0.021764,29.920000,6.8,6.799,6.8
11:08:11,1394,1,subida,0.021781,0.021782,0.021766,29.920000,6.8,6.8,6.8
11:08:11,1395,1,subida,0.021782,0.021782,0.021769,29.920000,6.8,6.8,6.8
11:08:11,1396,1,subida,0.021782,0.021782,0.021769,29.920000,6.8,6.799,6.8
11:08:11,1397,1,subida,0.021782,0.021782,0.021768,29.920000,6.8,6.8,6.8
11:08:11,1398,1,subida,0.021782,0.021782,0.021766,29.920000,6.8,6.8,6.8
11:08:11,1399,1,subida,0.021781,0.021782,0.021766,29.920000,6.8,6.8,6.8
11:08:11,1400,1,subida,0.021780,0.021782,0.021764,29.920000,6.8,6.799,6.8
11:08:11,1401,1,subida,0.021780,0.021782,0.021763,29.920000,6.8,6.8,6.8
11:08:11,1402,1,subida,0.021779,0.021781,0.021766,29.920000,6.8,6.8,6.8
11:08:11,1403,1,subida,0.021779,0.021781,0.021764,29.920000,6.8,6.8,6.8
11:08:11,1404,1,subida,0.021779,0.021781,0.021764,29.920000,6.8,6.8,6.8
11:08:11,1405,1,subida,0.021781,0.021781,0.021764,29.930000,6.8,6.8,6.8
11:08:11,1406,1,subida,0.021781,0.021781,0.021763,29.930000,6.8,6.8,6.8
11:08:11,1407,1,subida,0.021781,0.021781,0.021763,29.920000,6.8,6.8,6.8
11:08:11,1408,1,subida,0.021781,0.021781,0.021763,29.920000,6.799,6.8,6.8
11:08:11,1409,1,subida,0.021780,0.021781,0.021766,29.920000,6.8,6.8,6.8
11:08:11,1410,1,subida,0.021781,0.021781,0.021765,29.920000,6.8,6.8,6.8
11:08:11,1411,1,subida,0.021781,0.021781,0.021766,29.920000,6.8,6.8,6.8
11:08:11,1412,1,subida,0.021780,0.021781,0.021767,29.920000,6.8,6.8,6.8
11:08:12,1413,1,subida,0.021781,0.021781,0.021766,29.920000,6.8,6.8,6.8
11:08:12,1414,1,subida,0.021781,0.021781,0.021767,29.920000,6.8,6.8,6.8
11:08:12,1415,1,subida,0.021780,0.021781,0.021768,29.920000,6.8,6.8,6.8
11:08:12,1416,1,subida,0.021779,0.021781,0.021767,29.920000,6.8,6.8,6.8
11:08:12,1417,1,subida,0.021779,0.021781,0.021766,29.920000,6.8,6.8,6.8
11:08:12,1418,1,subida,0.021781,0.021781,0.021770,29.920000,6.8,6.8,6.8
11:08:12,1419,1,subida,0.021781,0.021781,0.021772,29.920000,6.8,6.8,6.8
11:08:12,1420,1,subida,0.021781,0.021781,0.021773,29.920000,6.8,6.8,6.8
11:08:12,1421,1,subida,0.021782,0.021781,0.021775,29.920000,6.8,6.8,6.8
11:08:12,1422,1,subida,0.021782,0.021781,0.021771,29.920000,6.8,6.8,6.8
11:08:12,1423,1,subida,0.021782,0.021781,0.021771,29.920000,6.8,6.8,6.8
11:08:12,1424,1,subida,0.021784,0.021781,0.021772,29.920000,6.8,6.8,6.8
11:08:12,1425,1,subida,0.021786,0.021782,0.021773,29.920000,6.8,6.8,6.8
11:08:12,1426,1,subida,0.021785,0.021782,0.021772,29.920000,6.8,6.8,6.8
11:08:12,1427,1,subida,0.021785,0.021782,0.021771,29.920000,6.8,6.8,6.8
11:08:12,1428,1,subida,0.021785,0.021783,0.021772,29.920000,6.8,6.8,6.8
11:08:12,1429,1,subida,0.021785,0.021783,0.021773,29.920000,6.8,6.8,6.8
11:08:12,1430,1,subida,0.021785,0.021783,0.021774,29.920000,6.8,6.8,6.8
11:08:12,1431,1,subida,0.021784,0.021783,0.021773,29.920000,6.801,6.8,6.8
11:08:12,1432,1,subida,0.021785,0.021783,0.021773,29.920000,6.8,6.8,6.8
11:08:12,1433,1,subida,0.021785,0.021783,0.021771,29.920000,6.8,6.8,6.8
11:08:13,1434,1,subida,0.021784,0.021783,0.021774,29.920000,6.8,6.8,6.8
11:08:13,1435,1,subida,0.021782,0.021783,0.021772,29.920000,6.8,6.801,6.8
11:08:13,1436,1,subida,0.021780,0.021783,0.021772,29.920000,6.8,6.801,6.8
11:08:13,1437,1,subida,0.021780,0.021783,0.021770,29.920000,6.8,6.8,6.8
11:08:13,1438,1,subida,0.021780,0.021783,0.021770,29.920000,6.801,6.8,6.8
11:08:13,1439,1,subida,0.021781,0.021782,0.021770,29.920000,6.8,6.801,6.8
11:08:13,1440,1,subida,0.021782,0.021782,0.021770,29.920000,6.8,6.8,6.8
11:08:13,1441,1,subida,0.021781,0.021782,0.021770,29.920000,6.8,6.8,6.8
11:08:13,1442,1,subida,0.021781,0.021782,0.021776,29.920000,6.8,6.8,6.8
11:08:13,1443,1,subida,0.021781,0.021782,0.021775,29.920000,6.801,6.8,6.8
11:08:13,1444,1,subida,0.021782,0.021782,0.021777,29.920000,6.8,6.8,6.8
11:08:13,1445,1,subida,0.021782,0.021782,0.021774,29.920000,6.8,6.8,6.8
11:08:13,1446,1,subida,0.021783,0.021782,0.021773,29.920000,6.8,6.8,6.8
11:08:13,1447,1,subida,0.021784,0.021782,0.021773,29.920000,6.8,6.8,6.8
11:08:13,1448,1,subida,0.021784,0.021782,0.021774,29.920000,6.8,6.8,6.8
11:08:13,1449,1,subida,0.021785,0.021783,0.021771,29.920000,6.8,6.8,6.8
11:08:13,1450,1,subida,0.021785,0.021783,0.021772,29.920000,6.8,6.8,6.8
11:08:13,1451,1,subida,0.021785,0.021783,0.021773,29.920000,6.8,6.801,6.8
11:08:13,1452,1,subida,0.021785,0.021783,0.021774,29.920000,6.8,6.8,6.8
11:08:13,1453,1,subida,0.021785,0.021783,0.021773,29.920000,6.8,6.8,6.8
11:08:13,1454,1,subida,0.021785,0.021784,0.021771,29.920000,6.8,6.801,6.8
11:08:13,1455,1,subida,0.021784,0.021784,0.021772,29.920000,6.8,6.8,6.8
11:08:13,1456,1,subida,0.021783,0.021784,0.021769,29.920000,6.8,6.8,6.8
11:08:14,1457,1,subida,0.021782,0.021783,0.021769,29.920000,6.8,6.8,6.8
11:08:14,1458,1,subida,0.021782,0.021783,0.021770,29.920000,6.8,6.8,6.8
11:08:14,1459,1,subida,0.021782,0.021783,0.021769,29.920000,6.8,6.8,6.8
11:08:14,1460,1,subida,0.021782,0.021783,0.021770,29.920000,6.8,6.8,6.8
11:08:14,1461,1,subida,0.021782,0.021783,0.021771,29.920000,6.8,6.8,6.8
11:08:14,1462,1,subida,0.021782,0.021783,0.021770,29.920000,6.8,6.8,6.8
11:08:14,1463,1,subida,0.021782,0.021783,0.021772,29.920000,6.8,6.8,6.8
11:08:14,1464,1,subida,0.021783,0.021783,0.021773,29.920000,6.8,6.8,6.8
11:08:14,1465,1,subida,0.021783,0.021783,0.021772,29.920000,6.8,6.8,6.8
11:08:14,1466,1,subida,0.021783,0.021783,0.021769,29.920000,6.8,6.8,6.8
11:08:14,1467,1,subida,0.021784,0.021783,0.021770,29.920000,6.8,6.8,6.8
11:08:14,1468,1,subida,0.021784,0.021783,0.021771,29.920000,6.8,6.8,6.8
11:08:14,1469,1,subida,0.021783,0.021783,0.021770,29.920000,6.8,6.8,6.8
11:08:14,1470,1,subida,0.021783,0.021783,0.021769,29.920000,6.8,6.8,6.8
11:08:14,1471,1,subida,0.021783,0.021783,0.021770,29.920000,6.8,6.8,6.8
11:08:14,1472,1,subida,0.021784,0.021783,0.021771,29.920000,6.8,6.8,6.8
11:08:14,1473,1,subida,0.021786,0.021784,0.021772,29.920000,6.8,6.8,6.8
11:08:14,1474,1,subida,0.021787,0.021784,0.021773,29.920000,6.8,6.8,6.8
11:08:14,1475,1,subida,0.021788,0.021784,0.021773,29.920000,6.8,6.8,6.8
11:08:14,1476,1,subida,0.021787,0.021785,0.021771,29.920000,6.8,6.8,6.8
11:08:14,1477,1,subida,0.021785,0.021785,0.021772,29.920000,6.8,6.8,6.8
11:08:14,1478,1,subida,0.021785,0.021785,0.021774,29.920000,6.8,6.8,6.8
11:08:14,1479,1,subida,0.021785,0.021785,0.021774,29.920000,6.8,6.8,6.8
11:08:14,1480,1,subida,0.021786,0.021785,0.021776,29.920000,6.8,6.8,6.8
11:08:15,1481,1,subida,0.021787,0.021785,0.021773,29.920000,6.8,6.8,6.8
11:08:15,1482,1,subida,0.021787,0.021785,0.021773,29.920000,6.8,6.8,6.8
11:08:15,1483,1,subida,0.021786,0.021785,0.021772,29.920000,6.8,6.8,6.8
11:08:15,1484,1,subida,0.021785,0.021785,0.021774,29.920000,6.8,6.8,6.8
11:08:15,1485,1,subida,0.021785,0.021785,0.021776,29.920000,6.8,6.8,6.8
11:08:15,1486,1,subida,0.021785,0.021785,0.021774,29.920000,6.8,6.8,6.8
11:08:15,1487,1,subida,0.021784,0.021785,0.021775,29.920000,6.8,6.8,6.8
11:08:15,1488,1,subida,0.021783,0.021785,0.021773,29.920000,6.8,6.8,6.8
11:08:15,1489,1,subida,0.021784,0.021785,0.021772,29.920000,6.8,6.8,6.8
11:08:15,1490,1,subida,0.021785,0.021785,0.021771,29.930000,6.8,6.8,6.8
11:08:15,1491,1,subida,0.021785,0.021785,0.021773,29.930000,6.8,6.8,6.8
11:08:15,1492,1,subida,0.021785,0.021785,0.021774,29.920000,6.8,6.8,6.8
11:08:15,1493,1,subida,0.021783,0.021785,0.021772,29.920000,6.8,6.8,6.8
11:08:15,1494,1,subida,0.021782,0.021784,0.021772,29.920000,6.8,6.8,6.8
11:08:15,1495,1,subida,0.021783,0.021784,0.021771,29.920000,6.8,6.8,6.8
11:08:15,1496,1,subida,0.021785,0.021784,0.021769,29.920000,6.8,6.8,6.8
11:08:15,1497,1,subida,0.021786,0.021784,0.021770,29.920000,6.8,6.8,6.8
11:08:15,1498,1,subida,0.021785,0.021785,0.021771,29.920000,6.8,6.8,6.8
11:08:15,1499,1,subida,0.021784,0.021784,0.021773,29.920000,6.8,6.799,6.8
11:08:15,1500,1,subida,0.021784,0.021784,0.021770,29.920000,6.8,6.8,6.8
11:08:15,1501,1,subida,0.021782,0.021784,0.021774,29.920000,6.8,6.8,6.8
11:08:15,1502,1,subida,0.021782,0.021784,0.021772,29.920000,6.8,6.8,6.8
11:08:15,1503,1,subida,0.021783,0.021784,0.021772,29.920000,6.8,6.799,6.8
11:08:16,1504,1,subida,0.021783,0.021784,0.021770,29.930000,6.8,6.799,6.8
11:08:16,1505,1,subida,0.021784,0.021784,0.021770,29.930000,6.8,6.8,6.8
11:08:16,1506,1,subida,0.021786,0.021784,0.021770,29.920000,6.8,6.8,6.8
11:08:16,1507,1,subida,0.021785,0.021784,0.021769,29.920000,6.8,6.799,6.8
11:08:16,1508,1,subida,0.021784,0.021784,0.021768,29.920000,6.8,6.799,6.8
11:08:16,1509,1,subida,0.021784,0.021784,0.021767,29.920000,6.8,6.8,6.8
11:08:16,1510,1,subida,0.021784,0.021784,0.021767,29.920000,6.8,6.8,6.8
11:08:16,1511,1,subida,0.021783,0.021784,0.021770,29.920000,6.8,6.8,6.8
11:08:16,1512,1,subida,0.021782,0.021784,0.021767,29.920000,6.8,6.8,6.8
11:08:16,1513,1,subida,0.021781,0.021784,0.021769,29.920000,6.8,6.8,6.8
11:08:16,1514,1,subida,0.021781,0.021783,0.021769,29.920000,6.8,6.8,6.8
11:08:16,1515,1,subida,0.021780,0.021783,0.021766,29.920000,6.8,6.8,6.8
11:08:16,1516,1,subida,0.021778,0.021783,0.021764,29.930000,6.8,6.799,6.8
11:08:16,1517,1,subida,0.021778,0.021782,0.021766,29.930000,6.8,6.8,6.8
11:08:16,1518,1,subida,0.021779,0.021782,0.021767,29.920000,6.8,6.8,6.8
11:08:16,1519,1,subida,0.021779,0.021782,0.021770,29.920000,6.8,6.8,6.8
11:08:16,1520,1,subida,0.021779,0.021781,0.021770,29.920000,6.8,6.799,6.8
11:08:16,1521,1,subida,0.021779,0.021781,0.021770,29.920000,6.8,6.8,6.8
11:08:16,1522,1,subida,0.021778,0.021781,0.021770,29.920000,6.8,6.799,6.8
11:08:16,1523,1,subida,0.021779,0.021781,0.021771,29.920000,6.8,6.8,6.8
11:08:16,1524,1,subida,0.021781,0.021781,0.021771,29.920000,6.8,6.8,6.8
11:08:16,1525,1,subida,0.021780,0.021781,0.021770,29.920000,6.8,6.799,6.8
11:08:16,1526,1,subida,0.021779,0.021781,0.021769,29.920000,6.8,6.8,6.8
11:08:16,1527,1,subida,0.021779,0.021780,0.021769,29.920000,6.8,6.799,6.8
11:08:17,1528,1,subida,0.021780,0.021780,0.021771,29.920000,6.8,6.8,6.8
11:08:17,1529,1,subida,0.021781,0.021780,0.021771,29.920000,6.8,6.8,6.8
11:08:17,1530,1,subida,0.021781,0.021781,0.021767,29.920000,6.8,6.799,6.8
11:08:17,1531,1,subida,0.021781,0.021781,0.021768,29.920000,6.8,6.8,6.8
11:08:17,1532,1,subida,0.021780,0.021780,0.021771,29.920000,6.8,6.799,6.8
11:08:17,1533,1,subida,0.021779,0.021780,0.021773,29.920000,6.8,6.8,6.8
11:08:17,1534,1,subida,0.021779,0.021780,0.021772,29.920000,6.8,6.799,6.8
11:08:17,1535,1,subida,0.021778,0.021780,0.021771,29.920000,6.8,6.8,6.8
11:08:17,1536,1,subida,0.021779,0.021780,0.021769,29.920000,6.8,6.8,6.8
11:08:17,1537,1,subida,0.021781,0.021780,0.021770,29.920000,6.8,6.799,6.8
11:08:17,1538,1,subida,0.021781,0.021780,0.021770,29.920000,6.8,6.8,6.8
11:08:17,1539,1,subida,0.021782,0.021780,0.021769,29.920000,6.8,6.8,6.8
11:08:17,1540,1,subida,0.021784,0.021781,0.021769,29.920000,6.8,6.8,6.8
11:08:17,1541,1,subida,0.021784,0.021781,0.021770,29.920000,6.8,6.8,6.8
11:08:17,1542,1,subida,0.021782,0.021781,0.021768,29.920000,6.8,6.799,6.8
11:08:17,1543,1,subida,0.021781,0.021781,0.021770,29.920000,6.8,6.8,6.8
11:08:17,1544,1,subida,0.021783,0.021781,0.021771,29.920000,6.8,6.8,6.8
11:08:18,1545,1,subida,0.021783,0.021781,0.021770,29.920000,6.8,6.799,6.8
11:08:18,1546,1,subida,0.021784,0.021782,0.021772,29.920000,6.8,6.799,6.8
11:08:18,1547,1,subida,0.021784,0.021782,0.021771,29.920000,6.8,6.8,6.8
11:08:18,1548,1,subida,0.021784,0.021782,0.021768,29.920000,6.8,6.8,6.8
11:08:18,1549,1,subida,0.021783,0.021782,0.021768,29.920000,6.8,6.8,6.8
11:08:18,1550,1,subida,0.021783,0.021782,0.021768,29.920000,6.8,6.799,6.8
11:08:18,1551,1,subida,0.021783,0.021782,0.021768,29.920000,6.8,6.8,6.8
11:08:18,1552,1,subida,0.021783,0.021782,0.021767,29.920000,6.8,6.8,6.8
11:08:18,1553,1,subida,0.021785,0.021783,0.021769,29.920000,6.8,6.8,6.8
11:08:18,1554,1,subida,0.021784,0.021783,0.021767,29.920000,6.8,6.8,6.8
11:08:18,1555,1,subida,0.021784,0.021783,0.021767,29.920000,6.8,6.8,6.8
11:08:18,1556,1,subida,0.021784,0.021783,0.021766,29.920000,6.8,6.8,6.8
11:08:18,1557,1,subida,0.021785,0.021783,0.021769,29.920000,6.8,6.8,6.8
11:08:18,1558,1,subida,0.021786,0.021783,0.021768,29.920000,6.8,6.8,6.8
11:08:18,1559,1,subida,0.021786,0.021784,0.021768,29.920000,6.8,6.8,6.8
11:08:18,1560,1,subida,0.021786,0.021784,0.021766,29.920000,6.8,6.8,6.8
11:08:18,1561,1,subida,0.021785,0.021784,0.021768,29.920000,6.8,6.799,6.8
11:08:18,1562,1,subida,0.021784,0.021784,0.021768,29.920000,6.8,6.8,6.8
11:08:19,1563,1,subida,0.021784,0.021784,0.021771,29.920000,6.8,6.8,6.8
11:08:19,1564,1,subida,0.021786,0.021784,0.021770,29.920000,6.8,6.8,6.8
11:08:19,1565,1,subida,0.021786,0.021784,0.021769,29.920000,6.8,6.8,6.8
11:08:19,1566,1,subida,0.021785,0.021784,0.021765,29.930000,6.8,6.8,6.8
11:08:19,1567,1,subida,0.021786,0.021785,0.021765,29.930000,6.8,6.8,6.8
11:08:19,1568,1,subida,0.021786,0.021785,0.021766,29.920000,6.8,6.8,6.8
11:08:19,1569,1,subida,0.021786,0.021785,0.021766,29.920000,6.8,6.8,6.8
11:08:19,1570,1,subida,0.021786,0.021785,0.021769,29.930000,6.8,6.8,6.8
11:08:19,1571,1,subida,0.021785,0.021785,0.021767,29.930000,6.8,6.8,6.8
11:08:19,1572,1,subida,0.021785,0.021785,0.021767,29.920000,6.8,6.8,6.8
11:08:19,1573,1,subida,0.021787,0.021785,0.021766,29.920000,6.8,6.8,6.8
11:08:19,1574,1,subida,0.021788,0.021786,0.021767,29.920000,6.8,6.8,6.8
11:08:19,1575,1,subida,0.021788,0.021786,0.021765,29.920000,6.8,6.799,6.8
11:08:19,1576,1,subida,0.021786,0.021786,0.021766,29.920000,6.8,6.8,6.8
11:08:19,1577,1,subida,0.021785,0.021786,0.021767,29.920000,6.8,6.8,6.8
11:08:19,1578,1,subida,0.021783,0.021785,0.021766,29.920000,6.8,6.8,6.8
11:08:19,1579,1,subida,0.021781,0.021785,0.021770,29.920000,6.8,6.8,6.8
11:08:19,1580,1,subida,0.021781,0.021785,0.021768,29.920000,6.8,6.8,6.8
11:08:19,1581,1,subida,0.021782,0.021785,0.021768,29.920000,6.8,6.8,6.8
11:08:19,1582,1,subida,0.021782,0.021784,0.021769,29.920000,6.8,6.8,6.8
11:08:20,1583,1,subida,0.021782,0.021784,0.021771,29.920000,6.8,6.8,6.8
11:08:20,1584,1,subida,0.021782,0.021784,0.021772,29.930000,6.8,6.8,6.8
11:08:20,1585,1,subida,0.021781,0.021784,0.021769,29.930000,6.8,6.8,6.8
11:08:20,1586,1,subida,0.021781,0.021783,0.021768,29.920000,6.8,6.8,6.8
11:08:20,1587,1,subida,0.021781,0.021783,0.021767,29.920000,6.8,6.8,6.8
11:08:20,1588,1,subida,0.021781,0.021783,0.021769,29.920000,6.8,6.8,6.8
11:08:20,1589,1,subida,0.021782,0.021783,0.021770,29.920000,6.8,6.8,6.8
11:08:20,1590,1,subida,0.021784,0.021783,0.021769,29.930000,6.8,6.8,6.8
11:08:20,1591,1,subida,0.021784,0.021783,0.021769,29.930000,6.8,6.8,6.8
11:08:20,1592,1,subida,0.021783,0.021783,0.021768,29.920000,6.8,6.8,6.8
11:08:20,1593,1,subida,0.021782,0.021783,0.021769,29.920000,6.8,6.8,6.8
11:08:20,1594,1,subida,0.021782,0.021783,0.021769,29.920000,6.8,6.8,6.8
11:08:20,1595,1,subida,0.021782,0.021783,0.021769,29.920000,6.8,6.8,6.8
11:08:20,1596,1,subida,0.021782,0.021783,0.021769,29.920000,6.8,6.8,6.8
11:08:20,1597,1,subida,0.021781,0.021782,0.021769,29.920000,6.8,6.8,6.8
11:08:20,1598,1,subida,0.021780,0.021782,0.021771,29.920000,6.8,6.8,6.8
11:08:20,1599,1,subida,0.021779,0.021782,0.021769,29.920000,6.8,6.8,6.8
11:08:20,1600,1,subida,0.021780,0.021782,0.021769,29.920000,6.8,6.8,6.8
11:08:20,1601,1,subida,0.021782,0.021782,0.021766,29.920000,6.8,6.8,6.8
11:08:20,1602,1,subida,0.021781,0.021782,0.021767,29.920000,6.8,6.8,6.8
11:08:20,1603,1,subida,0.021779,0.021781,0.021770,29.920000,6.8,6.8,6.8
11:08:20,1604,1,subida,0.021781,0.021781,0.021768,29.920000,6.8,6.8,6.8
11:08:20,1605,1,subida,0.021781,0.021781,0.021770,29.920000,6.8,6.8,6.8
11:08:20,1606,1,subida,0.021781,0.021781,0.021772,29.930000,6.8,6.8,6.8
11:08:21,1607,1,subida,0.021782,0.021781,0.021767,29.930000,6.8,6.8,6.8
11:08:21,1608,1,subida,0.021781,0.021781,0.021766,29.930000,6.8,6.8,6.8
11:08:21,1609,1,subida,0.021781,0.021781,0.021766,29.930000,6.8,6.8,6.8
11:08:21,1610,1,subida,0.021782,0.021781,0.021769,29.920000,6.8,6.8,6.8
11:08:21,1611,1,subida,0.021783,0.021781,0.021770,29.920000,6.8,6.8,6.8
11:08:21,1612,1,subida,0.021784,0.021782,0.021772,29.930000,6.8,6.8,6.8
11:08:21,1613,1,subida,0.021783,0.021782,0.021772,29.930000,6.8,6.8,6.8
11:08:21,1614,1,subida,0.021782,0.021782,0.021771,29.930000,6.8,6.8,6.8
11:08:21,1615,1,subida,0.021782,0.021782,0.021769,29.930000,6.8,6.8,6.8
11:08:21,1616,1,subida,0.021783,0.021782,0.021766,29.920000,6.8,6.8,6.8
11:08:21,1617,1,subida,0.021783,0.021782,0.021769,29.920000,6.8,6.8,6.8
11:08:21,1618,1,subida,0.021782,0.021782,0.021769,29.920000,6.8,6.8,6.8
11:08:21,1619,1,subida,0.021783,0.021782,0.021769,29.920000,6.8,6.8,6.8
11:08:21,1620,1,subida,0.021784,0.021782,0.021766,29.920000,6.8,6.8,6.8
11:08:21,1621,1,subida,0.021784,0.021783,0.021764,29.920000,6.8,6.8,6.8
11:08:21,1622,1,subida,0.021784,0.021783,0.021765,29.920000,6.8,6.8,6.8
11:08:21,1623,1,subida,0.021782,0.021783,0.021767,29.920000,6.8,6.8,6.8
11:08:21,1624,1,subida,0.021781,0.021782,0.021766,29.920000,6.8,6.8,6.8
11:08:21,1625,1,subida,0.021781,0.021782,0.021766,29.920000,6.8,6.8,6.8
11:08:21,1626,1,subida,0.021781,0.021782,0.021768,29.930000,6.8,6.8,6.8
11:08:21,1627,1,subida,0.021781,0.021782,0.021768,29.930000,6.8,6.8,6.8
11:08:21,1628,1,subida,0.021780,0.021782,0.021766,29.920000,6.8,6.8,6.8
11:08:21,1629,1,subida,0.021780,0.021782,0.021766,29.920000,6.8,6.8,6.8
11:08:22,1630,1,subida,0.021781,0.021782,0.021767,29.920000,6.8,6.8,6.8
11:08:22,1631,1,subida,0.021781,0.021782,0.021767,29.920000,6.8,6.8,6.8
11:08:22,1632,1,subida,0.021781,0.021782,0.021768,29.920000,6.8,6.8,6.8
11:08:22,1633,1,subida,0.021782,0.021782,0.021770,29.920000,6.8,6.8,6.8
11:08:22,1634,1,subida,0.021782,0.021782,0.021771,29.920000,6.8,6.8,6.8
11:08:22,1635,1,subida,0.021783,0.021782,0.021770,29.920000,6.8,6.8,6.8
11:08:22,1636,1,subida,0.021783,0.021782,0.021770,29.920000,6.8,6.8,6.8
11:08:22,1637,1,subida,0.021782,0.021782,0.021769,29.920000,6.8,6.8,6.8
11:08:22,1638,1,subida,0.021782,0.021782,0.021769,29.920000,6.8,6.8,6.8
11:08:22,1639,1,subida,0.021782,0.021782,0.021768,29.920000,6.8,6.8,6.8
11:08:22,1640,1,subida,0.021782,0.021782,0.021768,29.920000,6.8,6.8,6.8
11:08:22,1641,1,subida,0.021779,0.021782,0.021771,29.920000,6.8,6.8,6.8
11:08:22,1642,1,subida,0.021778,0.021781,0.021770,29.920000,6.8,6.8,6.8
11:08:22,1643,1,subida,0.021779,0.021781,0.021767,29.920000,6.8,6.8,6.8
11:08:22,1644,1,subida,0.021782,0.021781,0.021766,29.920000,6.8,6.8,6.8
11:08:22,1645,1,subida,0.021784,0.021782,0.021768,29.920000,6.8,6.8,6.8
11:08:22,1646,1,subida,0.021785,0.021782,0.021767,29.920000,6.8,6.8,6.8
11:08:22,1647,1,subida,0.021783,0.021782,0.021769,29.920000,6.8,6.8,6.8
11:08:22,1648,1,subida,0.021782,0.021782,0.021769,29.920000,6.8,6.8,6.8
11:08:22,1649,1,subida,0.021781,0.021782,0.021768,29.920000,6.8,6.8,6.8
11:08:22,1650,1,subida,0.021783,0.021782,0.021769,29.920000,6.8,6.8,6.8
11:08:22,1651,1,subida,0.021784,0.021782,0.021770,29.920000,6.8,6.8,6.8
11:08:23,1652,1,subida,0.021783,0.021782,0.021771,29.920000,6.8,6.8,6.8
11:08:23,1653,1,subida,0.021783,0.021782,0.021771,29.920000,6.8,6.8,6.8
11:08:23,1654,1,subida,0.021782,0.021782,0.021773,29.920000,6.8,6.8,6.8
11:08:23,1655,1,subida,0.021781,0.021782,0.021771,29.920000,6.8,6.8,6.8
11:08:23,1656,1,subida,0.021780,0.021782,0.021769,29.920000,6.8,6.8,6.8
11:08:23,1657,1,subida,0.021780,0.021782,0.021772,29.920000,6.8,6.8,6.8
11:08:23,1658,1,subida,0.021779,0.021781,0.021771,29.920000,6.8,6.8,6.8
11:08:23,1659,1,subida,0.021780,0.021781,0.021772,29.920000,6.8,6.8,6.8
11:08:23,1660,1,subida,0.021780,0.021781,0.021772,29.920000,6.8,6.8,6.8
11:08:23,1661,1,subida,0.021779,0.021781,0.021773,29.920000,6.8,6.8,6.8
11:08:23,1662,1,subida,0.021780,0.021781,0.021773,29.920000,6.8,6.8,6.8
11:08:23,1663,1,subida,0.021781,0.021781,0.021772,29.920000,6.8,6.8,6.8
11:08:23,1664,1,subida,0.021781,0.021781,0.021772,29.920000,6.8,6.8,6.8
11:08:23,1665,1,subida,0.021782,0.021781,0.021774,29.920000,6.8,6.8,6.8
11:08:23,1666,1,subida,0.021782,0.021781,0.021773,29.920000,6.8,6.8,6.8
11:08:23,1667,1,subida,0.021784,0.021781,0.021774,29.920000,6.8,6.8,6.8
11:08:23,1668,1,subida,0.021784,0.021782,0.021773,29.920000,6.8,6.8,6.8
11:08:23,1669,1,subida,0.021783,0.021782,0.021774,29.920000,6.8,6.8,6.8
11:08:23,1670,1,subida,0.021785,0.021782,0.021775,29.920000,6.8,6.8,6.8
11:08:23,1671,1,subida,0.021786,0.021782,0.021774,29.920000,6.8,6.8,6.8
11:08:23,1672,1,subida,0.021786,0.021783,0.021773,29.920000,6.8,6.799,6.8
11:08:23,1673,1,subida,0.021788,0.021783,0.021776,29.920000,6.8,6.8,6.8
11:08:23,1674,1,subida,0.021790,0.021784,0.021776,29.920000,6.8,6.8,6.8
11:08:24,1675,1,subida,0.021789,0.021784,0.021774,29.920000,6.8,6.8,6.8
11:08:24,1676,1,subida,0.021787,0.021785,0.021773,29.920000,6.8,6.8,6.8
11:08:24,1677,1,subida,0.021788,0.021785,0.021774,29.920000,6.8,6.8,6.8
11:08:24,1678,1,subida,0.021789,0.021785,0.021772,29.920000,6.8,6.8,6.8
11:08:24,1679,1,subida,0.021787,0.021785,0.021771,29.920000,6.8,6.8,6.8
11:08:24,1680,1,subida,0.021787,0.021786,0.021773,29.920000,6.8,6.8,6.8
11:08:24,1681,1,subida,0.021787,0.021786,0.021774,29.930000,6.8,6.8,6.8
11:08:24,1682,1,subida,0.021788,0.021786,0.021774,29.930000,6.8,6.8,6.8
11:08:24,1683,1,subida,0.021789,0.021786,0.021772,29.920000,6.8,6.8,6.8
11:08:24,1684,1,subida,0.021788,0.021786,0.021773,29.920000,6.8,6.8,6.8
11:08:24,1685,1,subida,0.021789,0.021787,0.021772,29.920000,6.8,6.8,6.8
11:08:24,1686,1,subida,0.021788,0.021787,0.021771,29.920000,6.8,6.799,6.8
11:08:24,1687,1,subida,0.021787,0.021787,0.021770,29.920000,6.8,6.8,6.8
11:08:24,1688,1,subida,0.021786,0.021787,0.021771,29.920000,6.8,6.8,6.8
11:08:24,1689,1,subida,0.021785,0.021787,0.021771,29.920000,6.8,6.8,6.8
11:08:24,1690,1,subida,0.021786,0.021787,0.021772,29.920000,6.8,6.8,6.8
11:08:24,1691,1,subida,0.021788,0.021787,0.021772,29.920000,6.8,6.8,6.8
11:08:24,1692,1,subida,0.021790,0.021787,0.021773,29.920000,6.8,6.8,6.8
11:08:24,1693,1,subida,0.021791,0.021787,0.021774,29.930000,6.8,6.8,6.8
11:08:24,1694,1,subida,0.021791,0.021788,0.021774,29.930000,6.8,6.8,6.8
11:08:24,1695,1,subida,0.021790,0.021788,0.021774,29.920000,6.8,6.8,6.8
11:08:24,1696,1,subida,0.021789,0.021788,0.021776,29.920000,6.8,6.8,6.8
11:08:24,1697,1,subida,0.021789,0.021788,0.021774,29.920000,6.8,6.8,6.8
11:08:24,1698,1,subida,0.021789,0.021788,0.021772,29.920000,6.8,6.8,6.8
11:08:25,1699,1,subida,0.021787,0.021788,0.021771,29.920000,6.8,6.8,6.8
11:08:25,1700,1,subida,0.021787,0.021788,0.021772,29.920000,6.8,6.8,6.8
11:08:25,1701,1,subida,0.021788,0.021788,0.021773,29.920000,6.8,6.8,6.8
11:08:25,1702,1,subida,0.021788,0.021788,0.021772,29.920000,6.8,6.8,6.8
11:08:25,1703,1,subida,0.021788,0.021788,0.021772,29.930000,6.8,6.8,6.8
11:08:25,1704,1,subida,0.021786,0.021788,0.021773,29.930000,6.8,6.799,6.8
11:08:25,1705,1,subida,0.021784,0.021787,0.021772,29.920000,6.8,6.8,6.8
11:08:25,1706,1,subida,0.021785,0.021787,0.021772,29.920000,6.8,6.8,6.8
11:08:25,1707,1,subida,0.021785,0.021787,0.021771,29.920000,6.8,6.8,6.8
11:08:25,1708,1,subida,0.021785,0.021787,0.021773,29.920000,6.8,6.799,6.8
11:08:25,1709,1,subida,0.021786,0.021787,0.021774,29.920000,6.8,6.8,6.8
11:08:25,1710,1,subida,0.021787,0.021787,0.021774,29.920000,6.8,6.8,6.8
11:08:25,1711,1,subida,0.021787,0.021787,0.021776,29.930000,6.8,6.8,6.8
11:08:25,1712,1,subida,0.021786,0.021787,0.021774,29.930000,6.8,6.8,6.8
11:08:25,1713,1,subida,0.021785,0.021787,0.021773,29.920000,6.8,6.8,6.8
11:08:25,1714,1,subida,0.021785,0.021786,0.021773,29.920000,6.8,6.8,6.8
11:08:25,1715,1,subida,0.021786,0.021786,0.021773,29.920000,6.8,6.8,6.8
11:08:25,1716,1,subida,0.021785,0.021786,0.021773,29.920000,6.8,6.799,6.8
11:08:25,1717,1,subida,0.021786,0.021786,0.021769,29.920000,6.8,6.799,6.8
11:08:25,1718,1,subida,0.021787,0.021786,0.021771,29.920000,6.8,6.8,6.8
11:08:25,1719,1,subida,0.021788,0.021786,0.021769,29.930000,6.8,6.8,6.8
11:08:25,1720,1,subida,0.021788,0.021787,0.021769,29.930000,6.8,6.8,6.8
11:08:26,1721,1,subida,0.021788,0.021787,0.021770,29.920000,6.8,6.8,6.8
11:08:26,1722,1,subida,0.021788,0.021787,0.021769,29.920000,6.8,6.8,6.8
11:08:26,1723,1,subida,0.021789,0.021787,0.021769,29.920000,6.8,6.8,6.8
11:08:26,1724,1,subida,0.021790,0.021787,0.021769,29.920000,6.8,6.8,6.8
11:08:26,1725,1,subida,0.021790,0.021787,0.021769,29.920000,6.8,6.8,6.8
11:08:26,1726,1,subida,0.021789,0.021788,0.021768,29.920000,6.8,6.8,6.8
11:08:26,1727,1,subida,0.021789,0.021788,0.021771,29.920000,6.8,6.8,6.8
11:08:26,1728,1,subida,0.021789,0.021788,0.021771,29.920000,6.8,6.8,6.8
11:08:26,1729,1,subida,0.021790,0.021788,0.021772,29.920000,6.8,6.8,6.8
11:08:26,1730,1,subida,0.021790,0.021788,0.021770,29.920000,6.8,6.8,6.8
11:08:26,1731,1,subida,0.021789,0.021788,0.021768,29.930000,6.8,6.8,6.8
11:08:26,1732,1,subida,0.021788,0.021788,0.021768,29.930000,6.8,6.8,6.8
11:08:26,1733,1,subida,0.021787,0.021788,0.021767,29.920000,6.8,6.8,6.8
11:08:26,1734,1,subida,0.021787,0.021788,0.021767,29.920000,6.8,6.8,6.8
11:08:26,1735,1,subida,0.021789,0.021788,0.021769,29.920000,6.8,6.8,6.8
11:08:26,1736,1,subida,0.021788,0.021788,0.021770,29.920000,6.8,6.8,6.8
11:08:26,1737,1,subida,0.021787,0.021788,0.021771,29.920000,6.8,6.8,6.8
11:08:26,1738,1,subida,0.021787,0.021788,0.021769,29.920000,6.8,6.8,6.8
11:08:26,1739,1,subida,0.021786,0.021788,0.021767,29.920000,6.8,6.8,6.8
11:08:26,1740,1,subida,0.021787,0.021788,0.021768,29.920000,6.8,6.8,6.8
11:08:26,1741,1,subida,0.021787,0.021788,0.021770,29.930000,6.8,6.8,6.8
11:08:26,1742,1,subida,0.021787,0.021788,0.021772,29.930000,6.8,6.8,6.8
11:08:26,1743,1,subida,0.021788,0.021788,0.021772,29.920000,6.8,6.8,6.8
11:08:27,1744,1,subida,0.021788,0.021788,0.021772,29.920000,6.8,6.8,6.8
11:08:27,1745,1,subida,0.021787,0.021788,0.021772,29.930000,6.8,6.8,6.8
11:08:27,1746,1,subida,0.021787,0.021787,0.021772,29.930000,6.8,6.8,6.8
11:08:27,1747,1,subida,0.021786,0.021787,0.021770,29.930000,6.8,6.8,6.8
11:08:27,1748,1,subida,0.021785,0.021787,0.021772,29.930000,6.8,6.8,6.8
11:08:27,1749,1,subida,0.021784,0.021787,0.021773,29.920000,6.8,6.8,6.8
11:08:27,1750,1,subida,0.021784,0.021786,0.021773,29.920000,6.8,6.8,6.8
11:08:27,1751,1,subida,0.021783,0.021786,0.021771,29.920000,6.8,6.8,6.8
11:08:27,1752,1,subida,0.021784,0.021786,0.021770,29.920000,6.8,6.8,6.8
11:08:27,1753,1,subida,0.021784,0.021786,0.021770,29.920000,6.8,6.8,6.8
11:08:27,1754,1,subida,0.021784,0.021786,0.021770,29.920000,6.8,6.8,6.8
11:08:27,1755,1,subida,0.021784,0.021785,0.021769,29.920000,6.8,6.8,6.8
11:08:27,1756,1,subida,0.021783,0.021785,0.021772,29.920000,6.8,6.8,6.8
11:08:27,1757,1,subida,0.021782,0.021785,0.021771,29.930000,6.8,6.8,6.8
11:08:27,1758,1,subida,0.021782,0.021785,0.021772,29.930000,6.8,6.8,6.8
11:08:27,1759,1,subida,0.021783,0.021784,0.021772,29.930000,6.8,6.8,6.8
11:08:27,1760,1,subida,0.021784,0.021784,0.021771,29.930000,6.8,6.8,6.8
11:08:27,1761,1,subida,0.021785,0.021785,0.021771,29.920000,6.8,6.8,6.8
11:08:27,1762,1,subida,0.021786,0.021785,0.021770,29.920000,6.8,6.8,6.8
11:08:27,1763,1,subida,0.021786,0.021785,0.021770,29.920000,6.8,6.8,6.8
11:08:27,1764,1,subida,0.021786,0.021785,0.021770,29.920000,6.8,6.8,6.8
11:08:27,1765,1,subida,0.020489,0.020491,0.020451,29.930000,6.498,6.5,6.5
11:08:56,1766,1,bajada,0.020490,0.020491,0.020451,29.930000,6.5,6.486,6.5
11:08:56,1767,1,bajada,0.020488,0.020491,0.020447,29.930000,6.5,6.486,6.5
11:08:56,1768,1,bajada,0.020486,0.020490,0.020448,29.930000,6.5,6.486,6.5
11:08:57,1769,1,bajada,0.020486,0.020490,0.020449,29.930000,6.5,6.487,6.5
11:08:57,1770,1,bajada,0.020487,0.020489,0.020449,29.930000,6.5,6.486,6.5
11:08:57,1771,1,bajada,0.020488,0.020489,0.020449,29.930000,6.5,6.486,6.5
11:08:57,1772,1,bajada,0.020488,0.020489,0.020450,29.930000,6.5,6.486,6.5
11:08:57,1773,1,bajada,0.020487,0.020489,0.020452,29.930000,6.5,6.487,6.5
11:08:57,1774,1,bajada,0.020486,0.020489,0.020453,29.930000,6.5,6.486,6.5
11:08:57,1775,1,bajada,0.020486,0.020488,0.020452,29.930000,6.5,6.486,6.5
11:08:57,1776,1,bajada,0.020488,0.020488,0.020450,29.930000,6.5,6.486,6.5
11:08:57,1777,1,bajada,0.020489,0.020488,0.020450,29.930000,6.5,6.486,6.5
11:08:57,1778,1,bajada,0.020488,0.020488,0.020450,29.930000,6.5,6.486,6.5
11:08:57,1779,1,bajada,0.020488,0.020488,0.020450,29.930000,6.5,6.486,6.5
11:08:57,1780,1,bajada,0.020489,0.020488,0.020447,29.930000,6.5,6.486,6.5
11:08:57,1781,1,bajada,0.020490,0.020489,0.020447,29.930000,6.5,6.486,6.5
11:08:57,1782,1,bajada,0.020491,0.020489,0.020446,29.930000,6.5,6.485,6.5
11:08:57,1783,1,bajada,0.020492,0.020489,0.020445,29.930000,6.5,6.486,6.5
11:08:57,1784,1,bajada,0.020492,0.020489,0.020445,29.930000,6.5,6.486,6.5
11:08:57,1785,1,bajada,0.020491,0.020489,0.020445,29.930000,6.5,6.486,6.5
11:08:57,1786,1,bajada,0.020490,0.020490,0.020445,29.930000,6.5,6.486,6.5
11:08:57,1787,1,bajada,0.020489,0.020489,0.020447,29.930000,6.486,6.5,6.5
11:08:57,1788,1,bajada,0.020488,0.020489,0.020447,29.930000,6.5,6.485,6.5
11:08:57,1789,1,bajada,0.020489,0.020489,0.020443,29.930000,6.5,6.486,6.5
11:08:57,1790,1,bajada,0.020490,0.020489,0.020444,29.930000,6.5,6.486,6.5
11:08:57,1791,1,bajada,0.020491,0.020489,0.020445,29.930000,6.5,6.485,6.5
11:08:57,1792,1,bajada,0.020491,0.020490,0.020446,29.930000,6.5,6.485,6.5
11:08:58,1793,1,bajada,0.020490,0.020490,0.020446,29.930000,6.5,6.485,6.5
11:08:58,1794,1,bajada,0.020487,0.020489,0.020447,29.930000,6.5,6.486,6.5
11:08:58,1795,1,bajada,0.020485,0.020489,0.020447,29.930000,6.5,6.485,6.5
11:08:58,1796,1,bajada,0.020484,0.020489,0.020447,29.930000,6.5,6.485,6.5
11:08:58,1797,1,bajada,0.020485,0.020488,0.020445,29.930000,6.5,6.485,6.5
11:08:58,1798,1,bajada,0.020485,0.020488,0.020445,29.930000,6.5,6.485,6.5
11:08:58,1799,1,bajada,0.020484,0.020487,0.020443,29.930000,6.5,6.485,6.5
11:08:58,1800,1,bajada,0.020483,0.020487,0.020443,29.930000,6.5,6.485,6.5
11:08:58,1801,1,bajada,0.020484,0.020487,0.020443,29.930000,6.5,6.485,6.5
11:08:58,1802,1,bajada,0.020485,0.020487,0.020443,29.930000,6.5,6.485,6.5
11:08:58,1803,1,bajada,0.020485,0.020486,0.020444,29.930000,6.5,6.485,6.5
11:08:58,1804,1,bajada,0.020484,0.020486,0.020444,29.930000,6.485,6.5,6.5
11:08:58,1805,1,bajada,0.020485,0.020486,0.020445,29.930000,6.5,6.485,6.5
11:08:58,1806,1,bajada,0.020485,0.020486,0.020444,29.930000,6.5,6.485,6.5
11:08:58,1807,1,bajada,0.020483,0.020486,0.020445,29.930000,6.5,6.485,6.5
11:08:58,1808,1,bajada,0.020485,0.020486,0.020445,29.930000,6.5,6.485,6.5
11:08:58,1809,1,bajada,0.020486,0.020486,0.020445,29.930000,6.5,6.485,6.5
11:08:58,1810,1,bajada,0.020486,0.020486,0.020444,29.930000,6.5,6.485,6.5
11:08:58,1811,1,bajada,0.020485,0.020486,0.020443,29.930000,6.485,6.5,6.5
11:08:58,1812,1,bajada,0.020484,0.020486,0.020445,29.930000,6.5,6.485,6.5
11:08:58,1813,1,bajada,0.020484,0.020485,0.020445,29.930000,6.5,6.485,6.5
11:08:58,1814,1,bajada,0.020484,0.020485,0.020444,29.930000,6.5,6.484,6.5
11:08:59,1815,1,bajada,0.020483,0.020485,0.020445,29.930000,6.5,6.485,6.5
11:08:59,1816,1,bajada,0.020483,0.020485,0.020443,29.930000,6.5,6.484,6.5
11:08:59,1817,1,bajada,0.020482,0.020485,0.020443,29.930000,6.5,6.485,6.5
11:08:59,1818,1,bajada,0.020482,0.020484,0.020441,29.930000,6.5,6.488,6.5
11:08:59,1819,1,bajada,0.020482,0.020484,0.020441,29.930000,6.5,6.49,6.5
11:08:59,1820,1,bajada,0.020483,0.020484,0.020441,29.930000,6.5,6.493,6.5
11:08:59,1821,1,bajada,0.020483,0.020484,0.020439,29.930000,6.5,6.495,6.5
11:08:59,1822,1,bajada,0.020483,0.020484,0.020439,29.930000,6.5,6.497,6.5
11:08:59,1823,1,bajada,0.020482,0.020484,0.020441,29.930000,6.5,6.498,6.5
11:08:59,1824,1,bajada,0.020481,0.020483,0.020447,29.930000,6.5,6.5,6.5
11:08:59,1825,1,bajada,0.020482,0.020483,0.020449,29.930000,6.5,6.501,6.5
11:08:59,1826,1,bajada,0.020481,0.020483,0.020451,29.930000,6.5,6.501,6.5
11:08:59,1827,1,bajada,0.020480,0.020483,0.020454,29.930000,6.5,6.501,6.5
11:08:59,1828,1,bajada,0.020481,0.020483,0.020455,29.930000,6.5,6.502,6.5
11:08:59,1829,1,bajada,0.020482,0.020483,0.020458,29.930000,6.5,6.502,6.5
11:08:59,1830,1,bajada,0.020482,0.020482,0.020464,29.930000,6.5,6.502,6.5
11:08:59,1831,1,bajada,0.020481,0.020482,0.020467,29.930000,6.5,6.502,6.5
11:08:59,1832,1,bajada,0.020480,0.020482,0.020469,29.930000,6.5,6.502,6.5
11:08:59,1833,1,bajada,0.020480,0.020482,0.020470,29.930000,6.5,6.502,6.5
11:09:00,1834,1,bajada,0.020479,0.020482,0.020471,29.930000,6.5,6.502,6.5
11:09:00,1835,1,bajada,0.020480,0.020482,0.020475,29.930000,6.5,6.502,6.5
11:09:00,1836,1,bajada,0.020481,0.020481,0.020478,29.930000,6.5,6.502,6.5
11:09:00,1837,1,bajada,0.020482,0.020482,0.020481,29.930000,6.5,6.502,6.5
11:09:00,1838,1,bajada,0.020481,0.020481,0.020482,29.930000,6.5,6.502,6.5
11:09:00,1839,1,bajada,0.020479,0.020481,0.020485,29.930000,6.5,6.502,6.5
11:09:00,1840,1,bajada,0.020478,0.020481,0.020486,29.930000,6.5,6.501,6.5
11:09:00,1841,1,bajada,0.020478,0.020481,0.020489,29.930000,6.5,6.502,6.5
11:09:00,1842,1,bajada,0.020479,0.020480,0.020490,29.930000,6.5,6.502,6.5
11:09:00,1843,1,bajada,0.020479,0.020480,0.020488,29.930000,6.5,6.502,6.5
11:09:00,1844,1,bajada,0.020479,0.020480,0.020489,29.930000,6.5,6.502,6.5
11:09:00,1845,1,bajada,0.020479,0.020480,0.020491,29.930000,6.5,6.501,6.5
11:09:00,1846,1,bajada,0.020478,0.020480,0.020492,29.930000,6.5,6.502,6.5
11:09:00,1847,1,bajada,0.020476,0.020480,0.020493,29.930000,6.5,6.501,6.5
11:09:00,1848,1,bajada,0.020476,0.020479,0.020495,29.930000,6.5,6.501,6.5
11:09:00,1849,1,bajada,0.020476,0.020479,0.020496,29.930000,6.5,6.502,6.5
11:09:00,1850,1,bajada,0.020474,0.020478,0.020501,29.930000,6.5,6.501,6.5
11:09:00,1851,1,bajada,0.020474,0.020478,0.020503,29.930000,6.5,6.501,6.5
11:09:00,1852,1,bajada,0.020475,0.020478,0.020504,29.930000,6.5,6.501,6.5
11:09:00,1853,1,bajada,0.020475,0.020477,0.020504,29.930000,6.5,6.501,6.5
11:09:00,1854,1,bajada,0.020476,0.020477,0.020504,29.930000,6.5,6.502,6.5
11:09:00,1855,1,bajada,0.020477,0.020477,0.020506,29.930000,6.5,6.501,6.5
11:09:01,1856,1,bajada,0.020478,0.020477,0.020507,29.930000,6.5,6.501,6.5
11:09:01,1857,1,bajada,0.020479,0.020478,0.020507,29.930000,6.5,6.501,6.5
11:09:01,1858,1,bajada,0.020478,0.020478,0.020508,29.930000,6.5,6.501,6.5
11:09:01,1859,1,bajada,0.020476,0.020477,0.020508,29.930000,6.5,6.501,6.5
11:09:01,1860,1,bajada,0.020475,0.020477,0.020510,29.930000,6.5,6.501,6.5
11:09:01,1861,1,bajada,0.020476,0.020477,0.020511,29.930000,6.5,6.501,6.5
11:09:01,1862,1,bajada,0.020476,0.020477,0.020510,29.930000,6.5,6.501,6.5
11:09:01,1863,1,bajada,0.020477,0.020477,0.020509,29.930000,6.5,6.501,6.5
11:09:01,1864,1,bajada,0.020478,0.020477,0.020507,29.930000,6.5,6.5,6.5
11:09:01,1865,1,bajada,0.020478,0.020477,0.020508,29.930000,6.5,6.5,6.5
11:09:01,1866,1,bajada,0.020478,0.020477,0.020508,29.930000,6.5,6.5,6.5
11:09:01,1867,1,bajada,0.020477,0.020477,0.020509,29.930000,6.5,6.5,6.5
11:09:01,1868,1,bajada,0.020476,0.020477,0.020510,29.930000,6.5,6.5,6.5
11:09:01,1869,1,bajada,0.020474,0.020477,0.020508,29.930000,6.5,6.5,6.5
11:09:01,1870,1,bajada,0.020474,0.020477,0.020507,29.930000,6.5,6.5,6.5
11:09:01,1871,1,bajada,0.020474,0.020476,0.020505,29.930000,6.5,6.5,6.5
11:09:02,1872,1,bajada,0.020474,0.020476,0.020506,29.930000,6.5,6.5,6.5
11:09:02,1873,1,bajada,0.020474,0.020476,0.020505,29.930000,6.5,6.5,6.5
11:09:02,1874,1,bajada,0.020475,0.020476,0.020504,29.930000,6.5,6.5,6.5
11:09:02,1875,1,bajada,0.020475,0.020476,0.020503,29.930000,6.5,6.5,6.5
11:09:02,1876,1,bajada,0.020475,0.020476,0.020507,29.930000,6.5,6.5,6.5
11:09:02,1877,1,bajada,0.020475,0.020475,0.020510,29.930000,6.5,6.5,6.5
11:09:02,1878,1,bajada,0.020474,0.020475,0.020508,29.930000,6.5,6.5,6.5
11:09:02,1879,1,bajada,0.020474,0.020475,0.020506,29.930000,6.5,6.5,6.5
11:09:02,1880,1,bajada,0.020475,0.020475,0.020505,29.930000,6.5,6.499,6.5
11:09:02,1881,1,bajada,0.020476,0.020475,0.020507,29.930000,6.5,6.499,6.5
11:09:02,1882,1,bajada,0.020475,0.020475,0.020505,29.930000,6.5,6.499,6.5
11:09:02,1883,1,bajada,0.020474,0.020475,0.020507,29.930000,6.5,6.499,6.5
11:09:02,1884,1,bajada,0.020473,0.020475,0.020505,29.930000,6.499,6.5,6.5
11:09:02,1885,1,bajada,0.020474,0.020475,0.020505,29.930000,6.5,6.499,6.5
11:09:02,1886,1,bajada,0.020474,0.020475,0.020505,29.930000,6.5,6.499,6.5
11:09:02,1887,1,bajada,0.020474,0.020475,0.020505,29.930000,6.499,6.5,6.5
11:09:02,1888,1,bajada,0.020475,0.020475,0.020505,29.930000,6.5,6.499,6.5
11:09:02,1889,1,bajada,0.020474,0.020475,0.020506,29.930000,6.5,6.499,6.5
11:09:03,1890,1,bajada,0.020472,0.020474,0.020504,29.930000,6.5,6.499,6.5
11:09:03,1891,1,bajada,0.020471,0.020474,0.020504,29.930000,6.5,6.498,6.5
11:09:03,1892,1,bajada,0.020472,0.020474,0.020501,29.930000,6.5,6.499,6.5
11:09:03,1893,1,bajada,0.020473,0.020474,0.020499,29.930000,6.5,6.499,6.5
11:09:03,1894,1,bajada,0.020474,0.020474,0.020501,29.930000,6.5,6.499,6.5
11:09:03,1895,1,bajada,0.020474,0.020474,0.020503,29.930000,6.5,6.499,6.5
11:09:03,1896,1,bajada,0.020473,0.020474,0.020501,29.930000,6.5,6.498,6.5
11:09:03,1897,1,bajada,0.020471,0.020474,0.020500,29.930000,6.499,6.5,6.5
11:09:04,1898,1,bajada,0.020472,0.020473,0.020497,29.930000,6.5,6.498,6.5
11:09:04,1899,1,bajada,0.020472,0.020473,0.020500,29.930000,6.5,6.499,6.5
11:09:04,1900,1,bajada,0.020473,0.020473,0.020500,29.930000,6.5,6.498,6.5
11:09:04,1901,1,bajada,0.020473,0.020473,0.020500,29.930000,6.5,6.499,6.5
11:09:04,1902,1,bajada,0.020473,0.020473,0.020501,29.930000,6.5,6.498,6.5
11:09:04,1903,1,bajada,0.020473,0.020473,0.020496,29.930000,6.5,6.498,6.5
11:09:04,1904,1,bajada,0.020471,0.020473,0.020495,29.930000,6.498,6.5,6.5
11:09:04,1905,1,bajada,0.020470,0.020473,0.020498,29.930000,6.5,6.499,6.5
11:09:04,1906,1,bajada,0.020469,0.020472,0.020498,29.930000,6.499,6.5,6.5
11:09:04,1907,1,bajada,0.020469,0.020472,0.020496,29.930000,6.5,6.499,6.5
11:09:04,1908,1,bajada,0.020470,0.020472,0.020496,29.930000,6.5,6.499,6.5
11:09:04,1909,1,bajada,0.020470,0.020472,0.020496,29.940000,6.5,6.499,6.5
11:09:04,1910,1,bajada,0.020468,0.020471,0.020496,29.940000,6.5,6.498,6.5
11:09:04,1911,1,bajada,0.020468,0.020471,0.020499,29.930000,6.5,6.499,6.5
11:09:04,1912,1,bajada,0.020468,0.020471,0.020502,29.930000,6.5,6.499,6.5
11:09:05,1913,1,bajada,0.020468,0.020470,0.020501,29.930000,6.5,6.499,6.5
11:09:05,1914,1,bajada,0.020468,0.020470,0.020502,29.930000,6.499,6.5,6.5
11:09:05,1915,1,bajada,0.020467,0.020470,0.020500,29.930000,6.5,6.5,6.5
11:09:05,1916,1,bajada,0.020465,0.020470,0.020500,29.930000,6.499,6.5,6.5
11:09:05,1917,1,bajada,0.020465,0.020469,0.020499,29.930000,6.5,6.499,6.5
11:09:05,1918,1,bajada,0.020465,0.020469,0.020499,29.930000,6.5,6.5,6.5
11:09:05,1919,1,bajada,0.020465,0.020468,0.020498,29.930000,6.5,6.499,6.5
11:09:05,1920,1,bajada,0.020465,0.020468,0.020501,29.930000,6.5,6.5,6.5
11:09:05,1921,1,bajada,0.020466,0.020468,0.020502,29.930000,6.5,6.5,6.5
11:09:05,1922,1,bajada,0.020466,0.020468,0.020501,29.930000,6.5,6.5,6.5
11:09:05,1923,1,bajada,0.020466,0.020467,0.020503,29.940000,6.5,6.5,6.5
11:09:05,1924,1,bajada,0.020466,0.020467,0.020504,29.940000,6.5,6.5,6.5
11:09:05,1925,1,bajada,0.020466,0.020467,0.020505,29.930000,6.5,6.5,6.5
11:09:05,1926,1,bajada,0.020465,0.020467,0.020506,29.930000,6.5,6.501,6.5
11:09:05,1927,1,bajada,0.020466,0.020467,0.020506,29.930000,6.5,6.5,6.5
11:09:05,1928,1,bajada,0.020466,0.020467,0.020506,29.930000,6.501,6.5,6.5
11:09:06,1929,1,bajada,0.020466,0.020467,0.020507,29.930000,6.5,6.5,6.5
11:09:06,1930,1,bajada,0.020465,0.020466,0.020508,29.930000,6.5,6.501,6.5
11:09:06,1931,1,bajada,0.020464,0.020466,0.020510,29.930000,6.5,6.5,6.5
11:09:06,1932,1,bajada,0.020466,0.020466,0.020512,29.930000,6.5,6.501,6.5
11:09:06,1933,1,bajada,0.020466,0.020466,0.020511,29.940000,6.5,6.501,6.5
11:09:06,1934,1,bajada,0.020465,0.020466,0.020511,29.940000,6.5,6.5,6.5
11:09:06,1935,1,bajada,0.020466,0.020466,0.020510,29.930000,6.5,6.501,6.5
11:09:06,1936,1,bajada,0.020467,0.020466,0.020512,29.930000,6.5,6.5,6.5
11:09:06,1937,1,bajada,0.020466,0.020466,0.020511,29.930000,6.5,6.5,6.5
11:09:06,1938,1,bajada,0.020465,0.020466,0.020508,29.930000,6.5,6.5,6.5
11:09:06,1939,1,bajada,0.020465,0.020466,0.020507,29.930000,6.5,6.501,6.5
11:09:06,1940,1,bajada,0.020466,0.020466,0.020508,29.930000,6.5,6.501,6.5
11:09:06,1941,1,bajada,0.020467,0.020466,0.020508,29.930000,6.5,6.501,6.5
11:09:06,1942,1,bajada,0.020467,0.020466,0.020507,29.930000,6.5,6.501,6.5
11:09:06,1943,1,bajada,0.020465,0.020466,0.020507,29.930000,6.5,6.501,6.5
11:09:06,1944,1,bajada,0.020463,0.020466,0.020508,29.930000,6.5,6.501,6.5
11:09:06,1945,1,bajada,0.020464,0.020466,0.020507,29.930000,6.5,6.501,6.5
11:09:06,1946,1,bajada,0.020464,0.020465,0.020508,29.930000,6.5,6.501,6.5
11:09:06,1947,1,bajada,0.020465,0.020465,0.020507,29.930000,6.501,6.5,6.5
11:09:06,1948,1,bajada,0.020466,0.020466,0.020506,29.930000,6.5,6.501,6.5
11:09:07,1949,1,bajada,0.020466,0.020466,0.020507,29.930000,6.5,6.501,6.5
11:09:07,1950,1,bajada,0.020465,0.020466,0.020509,29.930000,6.5,6.501,6.5
11:09:07,1951,1,bajada,0.020464,0.020465,0.020508,29.930000,6.5,6.501,6.5
11:09:07,1952,1,bajada,0.020465,0.020465,0.020510,29.930000,6.5,6.501,6.5
11:09:07,1953,1,bajada,0.020465,0.020465,0.020510,29.930000,6.5,6.5,6.5
11:09:07,1954,1,bajada,0.020464,0.020465,0.020509,29.930000,6.5,6.501,6.5
11:09:07,1955,1,bajada,0.020465,0.020465,0.020509,29.930000,6.5,6.5,6.5
11:09:07,1956,1,bajada,0.020465,0.020465,0.020511,29.930000,6.5,6.501,6.5
11:09:07,1957,1,bajada,0.020465,0.020465,0.020507,29.930000,6.5,6.501,6.5
11:09:07,1958,1,bajada,0.020464,0.020465,0.020512,29.930000,6.5,6.5,6.5
11:09:07,1959,1,bajada,0.020463,0.020465,0.020510,29.930000,6.5,6.501,6.5
11:09:07,1960,1,bajada,0.020462,0.020465,0.020510,29.930000,6.5,6.501,6.5
11:09:07,1961,1,bajada,0.020463,0.020465,0.020511,29.930000,6.5,6.5,6.5
11:09:07,1962,1,bajada,0.020464,0.020464,0.020511,29.930000,6.5,6.501,6.5
11:09:07,1963,1,bajada,0.020464,0.020464,0.020510,29.930000,6.5,6.501,6.5
11:09:08,1964,1,bajada,0.020465,0.020465,0.020512,29.930000,6.5,6.5,6.5
11:09:08,1965,1,bajada,0.020467,0.020465,0.020506,29.930000,6.5,6.5,6.5
11:09:08,1966,1,bajada,0.020468,0.020465,0.020506,29.930000,6.5,6.5,6.5
11:09:08,1967,1,bajada,0.020467,0.020465,0.020507,29.930000,6.5,6.5,6.5
11:09:08,1968,1,bajada,0.020465,0.020465,0.020509,29.930000,6.5,6.5,6.5
11:09:08,1969,1,bajada,0.020464,0.020465,0.020508,29.930000,6.5,6.501,6.5
11:09:08,1970,1,bajada,0.020464,0.020465,0.020509,29.930000,6.5,6.5,6.5
11:09:08,1971,1,bajada,0.020464,0.020465,0.020505,29.930000,6.5,6.5,6.5
11:09:08,1972,1,bajada,0.020462,0.020465,0.020506,29.930000,6.5,6.5,6.5
11:09:08,1973,1,bajada,0.020462,0.020464,0.020507,29.930000,6.5,6.5,6.5
11:09:08,1974,1,bajada,0.020460,0.020464,0.020508,29.930000,6.5,6.5,6.5
11:09:08,1975,1,bajada,0.020460,0.020464,0.020508,29.930000,6.5,6.5,6.5
11:09:08,1976,1,bajada,0.020460,0.020463,0.020508,29.930000,6.5,6.5,6.5
11:09:08,1977,1,bajada,0.020460,0.020463,0.020506,29.930000,6.5,6.5,6.5
11:09:08,1978,1,bajada,0.020460,0.020463,0.020510,29.930000,6.5,6.5,6.5
11:09:08,1979,1,bajada,0.020460,0.020462,0.020509,29.930000,6.5,6.5,6.5
11:09:08,1980,1,bajada,0.020461,0.020462,0.020509,29.930000,6.5,6.499,6.5
11:09:08,1981,1,bajada,0.020461,0.020462,0.020509,29.930000,6.5,6.5,6.5
11:09:08,1982,1,bajada,0.020462,0.020462,0.020507,29.930000,6.5,6.5,6.5
11:09:09,1983,1,bajada,0.020462,0.020462,0.020507,29.930000,6.5,6.5,6.5
11:09:09,1984,1,bajada,0.020462,0.020462,0.020509,29.930000,6.5,6.499,6.5
11:09:09,1985,1,bajada,0.020461,0.020462,0.020509,29.930000,6.5,6.5,6.5
11:09:09,1986,1,bajada,0.020460,0.020462,0.020509,29.930000,6.5,6.5,6.5
11:09:09,1987,1,bajada,0.020459,0.020461,0.020508,29.930000,6.5,6.499,6.5
11:09:09,1988,1,bajada,0.020458,0.020461,0.020507,29.930000,6.5,6.5,6.5
11:09:09,1989,1,bajada,0.020458,0.020461,0.020505,29.930000,6.5,6.5,6.5
11:09:09,1990,1,bajada,0.020459,0.020461,0.020504,29.930000,6.5,6.499,6.5
11:09:09,1991,1,bajada,0.020460,0.020461,0.020506,29.930000,6.5,6.499,6.5
11:09:09,1992,1,bajada,0.020460,0.020460,0.020508,29.930000,6.5,6.5,6.5
11:09:09,1993,1,bajada,0.020459,0.020460,0.020508,29.930000,6.5,6.499,6.5
11:09:09,1994,1,bajada,0.020459,0.020460,0.020509,29.930000,6.5,6.5,6.5
11:09:09,1995,1,bajada,0.020459,0.020460,0.020506,29.930000,6.5,6.5,6.5
11:09:09,1996,1,bajada,0.020460,0.020460,0.020505,29.930000,6.499,6.5,6.5
11:09:09,1997,1,bajada,0.020460,0.020460,0.020505,29.930000,6.5,6.499,6.5
11:09:09,1998,1,bajada,0.020460,0.020460,0.020506,29.930000,6.5,6.499,6.5
11:09:09,1999,1,bajada,0.020460,0.020460,0.020507,29.930000,6.5,6.499,6.5
11:09:09,2000,1,bajada,0.020459,0.020460,0.020507,29.930000,6.5,6.499,6.5
11:09:09,2001,1,bajada,0.020460,0.020460,0.020508,29.930000,6.5,6.499,6.5
11:09:09,2002,1,bajada,0.020459,0.020460,0.020506,29.930000,6.5,6.499,6.5
11:09:09,2003,1,bajada,0.020458,0.020460,0.020506,29.930000,6.499,6.5,6.5
11:09:10,2004,1,bajada,0.020457,0.020459,0.020503,29.930000,6.5,6.5,6.5
11:09:10,2005,1,bajada,0.020456,0.020459,0.020507,29.930000,6.499,6.5,6.5
11:09:10,2006,1,bajada,0.020456,0.020459,0.020506,29.930000,6.5,6.499,6.5
11:09:10,2007,1,bajada,0.020457,0.020459,0.020508,29.930000,6.5,6.499,6.5
11:09:10,2008,1,bajada,0.020457,0.020458,0.020507,29.930000,6.5,6.499,6.5
11:09:10,2009,1,bajada,0.020455,0.020458,0.020508,29.930000,6.5,6.499,6.5
11:09:10,2010,1,bajada,0.020455,0.020458,0.020508,29.930000,6.5,6.5,6.5
11:09:10,2011,1,bajada,0.020456,0.020458,0.020508,29.930000,6.5,6.5,6.5
11:09:10,2012,1,bajada,0.020459,0.020458,0.020509,29.930000,6.5,6.499,6.5
11:09:10,2013,1,bajada,0.020463,0.020458,0.020509,29.930000,6.5,6.499,6.5
11:09:10,2014,1,bajada,0.020466,0.020459,0.020507,29.930000,6.5,6.499,6.5
11:09:10,2015,1,bajada,0.020470,0.020460,0.020507,29.930000,6.5,6.499,6.5
11:09:10,2016,1,bajada,0.020473,0.020461,0.020507,29.930000,6.5,6.499,6.5
11:09:10,2017,1,bajada,0.020476,0.020463,0.020509,29.930000,6.5,6.499,6.5
11:09:10,2018,1,bajada,0.020480,0.020464,0.020508,29.930000,6.499,6.5,6.5
11:09:10,2019,1,bajada,0.020483,0.020466,0.020510,29.930000,6.5,6.499,6.5
11:09:10,2020,1,bajada,0.020485,0.020468,0.020508,29.930000,6.5,6.499,6.5
11:09:10,2021,1,bajada,0.020487,0.020470,0.020508,29.930000,6.5,6.499,6.5
11:09:11,2022,1,bajada,0.020490,0.020472,0.020512,29.930000,6.5,6.499,6.5
11:09:11,2023,1,bajada,0.020493,0.020474,0.020512,29.930000,6.5,6.499,6.5
11:09:11,2024,1,bajada,0.020495,0.020476,0.020510,29.930000,6.499,6.5,6.5
11:09:11,2025,1,bajada,0.020497,0.020478,0.020509,29.930000,6.5,6.5,6.5
11:09:11,2026,1,bajada,0.020500,0.020480,0.020507,29.930000,6.499,6.5,6.5
11:09:11,2027,1,bajada,0.020502,0.020482,0.020510,29.930000,6.5,6.5,6.5
11:09:11,2028,1,bajada,0.020503,0.020484,0.020509,29.930000,6.5,6.499,6.5
11:09:11,2029,1,bajada,0.020503,0.020486,0.020509,29.930000,6.5,6.499,6.5
11:09:11,2030,1,bajada,0.020503,0.020487,0.020509,29.930000,6.5,6.499,6.5
11:09:11,2031,1,bajada,0.020505,0.020489,0.020510,29.930000,6.5,6.5,6.5
11:09:11,2032,1,bajada,0.020508,0.020491,0.020509,29.940000,6.5,6.5,6.5
11:09:11,2033,1,bajada,0.020509,0.020493,0.020509,29.940000,6.5,6.499,6.5
11:09:11,2034,1,bajada,0.020511,0.020494,0.020508,29.940000,6.5,6.5,6.5
11:09:11,2035,1,bajada,0.020513,0.020496,0.020507,29.940000,6.5,6.5,6.5
11:09:11,2036,1,bajada,0.020516,0.020498,0.020504,29.930000,6.5,6.499,6.5
11:09:11,2037,1,bajada,0.020516,0.020500,0.020503,29.930000,6.5,6.499,6.5
11:09:12,2038,1,bajada,0.020518,0.020501,0.020504,29.930000,6.5,6.5,6.5
11:09:12,2039,1,bajada,0.020520,0.020503,0.020507,29.930000,6.5,6.5,6.5
11:09:12,2040,1,bajada,0.020520,0.020505,0.020511,29.930000,6.5,6.5,6.5
11:09:12,2041,1,bajada,0.020521,0.020506,0.020510,29.930000,6.5,6.499,6.5
11:09:12,2042,1,bajada,0.020521,0.020508,0.020505,29.930000,6.5,6.5,6.5
11:09:12,2043,1,bajada,0.020522,0.020509,0.020505,29.930000,6.5,6.5,6.5
11:09:12,2044,1,bajada,0.020523,0.020510,0.020505,29.930000,6.5,6.5,6.5
11:09:12,2045,1,bajada,0.020524,0.020512,0.020503,29.930000,6.5,6.5,6.5
11:09:12,2046,1,bajada,0.020524,0.020513,0.020505,29.930000,6.5,6.499,6.5
11:09:12,2047,1,bajada,0.020524,0.020514,0.020507,29.930000,6.5,6.5,6.5
11:09:12,2048,1,bajada,0.020524,0.020515,0.020508,29.930000,6.5,6.5,6.5
11:09:12,2049,1,bajada,0.020524,0.020516,0.020508,29.930000,6.5,6.5,6.5
11:09:12,2050,1,bajada,0.020523,0.020516,0.020508,29.930000,6.5,6.5,6.5
11:09:12,2051,1,bajada,0.020522,0.020517,0.020507,29.930000,6.5,6.5,6.5
11:09:12,2052,1,bajada,0.020522,0.020517,0.020505,29.930000,6.5,6.5,6.5
11:09:12,2053,1,bajada,0.020522,0.020518,0.020506,29.930000,6.5,6.5,6.5
11:09:13,2054,1,bajada,0.020523,0.020518,0.020508,29.930000,6.5,6.5,6.5
11:09:13,2055,1,bajada,0.020524,0.020519,0.020509,29.930000,6.5,6.5,6.5
11:09:13,2056,1,bajada,0.020524,0.020519,0.020511,29.930000,6.5,6.5,6.5
11:09:13,2057,1,bajada,0.020524,0.020520,0.020510,29.930000,6.5,6.5,6.5
11:09:13,2058,1,bajada,0.020523,0.020520,0.020509,29.930000,6.5,6.5,6.5
11:09:13,2059,1,bajada,0.020521,0.020520,0.020508,29.930000,6.5,6.5,6.5
11:09:13,2060,1,bajada,0.020520,0.020520,0.020506,29.930000,6.5,6.501,6.5
11:09:13,2061,1,bajada,0.020520,0.020520,0.020507,29.930000,6.5,6.5,6.5
11:09:13,2062,1,bajada,0.020519,0.020520,0.020506,29.930000,6.5,6.5,6.5
11:09:13,2063,1,bajada,0.020520,0.020520,0.020505,29.930000,6.5,6.5,6.5
11:09:13,2064,1,bajada,0.020522,0.020520,0.020505,29.930000,6.5,6.5,6.5
11:09:13,2065,1,bajada,0.020522,0.020520,0.020504,29.930000,6.5,6.5,6.5
11:09:13,2066,1,bajada,0.020523,0.020521,0.020506,29.930000,6.5,6.5,6.5
11:09:13,2067,1,bajada,0.020523,0.020521,0.020506,29.930000,6.5,6.5,6.5
11:09:13,2068,1,bajada,0.020522,0.020521,0.020511,29.930000,6.5,6.501,6.5
11:09:14,2069,1,bajada,0.020521,0.020521,0.020512,29.930000,6.5,6.5,6.5
11:09:14,2070,1,bajada,0.020521,0.020521,0.020510,29.930000,6.5,6.5,6.5
11:09:14,2071,1,bajada,0.020521,0.020521,0.020510,29.930000,6.5,6.5,6.5
11:09:14,2072,1,bajada,0.020521,0.020521,0.020507,29.930000,6.5,6.5,6.5
11:09:14,2073,1,bajada,0.020520,0.020521,0.020509,29.930000,6.5,6.5,6.5
11:09:14,2074,1,bajada,0.020521,0.020521,0.020507,29.930000,6.5,6.5,6.5
11:09:14,2075,1,bajada,0.020521,0.020521,0.020507,29.930000,6.5,6.5,6.5
11:09:14,2076,1,bajada,0.020520,0.020521,0.020506,29.930000,6.5,6.5,6.5
11:09:14,2077,1,bajada,0.020520,0.020521,0.020509,29.930000,6.5,6.5,6.5
11:09:14,2078,1,bajada,0.020520,0.020521,0.020511,29.930000,6.5,6.501,6.5
11:09:14,2079,1,bajada,0.020519,0.020520,0.020511,29.930000,6.5,6.501,6.5
11:09:14,2080,1,bajada,0.020517,0.020520,0.020510,29.930000,6.5,6.5,6.5
11:09:14,2081,1,bajada,0.020517,0.020520,0.020511,29.930000,6.5,6.501,6.5
11:09:14,2082,1,bajada,0.020519,0.020520,0.020511,29.930000,6.5,6.501,6.5
11:09:14,2083,1,bajada,0.020519,0.020520,0.020513,29.930000,6.5,6.5,6.5
11:09:14,2084,1,bajada,0.020517,0.020519,0.020510,29.930000,6.5,6.501,6.5
11:09:14,2085,1,bajada,0.020515,0.020519,0.020506,29.930000,6.5,6.5,6.5
11:09:14,2086,1,bajada,0.020514,0.020519,0.020505,29.930000,6.5,6.5,6.5
11:09:14,2087,1,bajada,0.020515,0.020518,0.020504,29.930000,6.5,6.5,6.5
11:09:14,2088,1,bajada,0.020515,0.020518,0.020506,29.930000,6.5,6.5,6.5
11:09:15,2089,1,bajada,0.020516,0.020518,0.020505,29.930000,6.5,6.5,6.5
11:09:15,2090,1,bajada,0.020516,0.020518,0.020506,29.930000,6.5,6.5,6.5
11:09:15,2091,1,bajada,0.020516,0.020517,0.020511,29.930000,6.5,6.5,6.5
11:09:15,2092,1,bajada,0.020515,0.020517,0.020510,29.930000,6.5,6.5,6.5
11:09:15,2093,1,bajada,0.020514,0.020517,0.020508,29.930000,6.5,6.5,6.5
11:09:15,2094,1,bajada,0.020514,0.020517,0.020508,29.930000,6.5,6.5,6.5
11:09:15,2095,1,bajada,0.020515,0.020516,0.020512,29.930000,6.5,6.5,6.5
11:09:15,2096,1,bajada,0.020512,0.020516,0.020511,29.930000,6.5,6.5,6.5
11:09:15,2097,1,bajada,0.020511,0.020516,0.020511,29.930000,6.5,6.5,6.5
11:09:15,2098,1,bajada,0.020510,0.020515,0.020511,29.930000,6.5,6.5,6.5
11:09:15,2099,1,bajada,0.020510,0.020514,0.020511,29.930000,6.5,6.5,6.5
11:09:15,2100,1,bajada,0.020510,0.020514,0.020509,29.930000,6.5,6.5,6.5
11:09:15,2101,1,bajada,0.020511,0.020514,0.020512,29.930000,6.5,6.5,6.5
11:09:15,2102,1,bajada,0.020511,0.020513,0.020509,29.930000,6.5,6.5,6.5
11:09:15,2103,1,bajada,0.020510,0.020513,0.020510,29.930000,6.5,6.5,6.5
11:09:15,2104,1,bajada,0.020511,0.020513,0.020508,29.930000,6.5,6.5,6.5
11:09:15,2105,1,bajada,0.020514,0.020513,0.020509,29.930000,6.5,6.5,6.5
11:09:16,2106,1,bajada,0.020516,0.020513,0.020506,29.930000,6.5,6.499,6.5
11:09:16,2107,1,bajada,0.020515,0.020513,0.020508,29.930000,6.5,6.499,6.5
11:09:16,2108,1,bajada,0.020514,0.020514,0.020507,29.930000,6.5,6.5,6.5
11:09:16,2109,1,bajada,0.020513,0.020513,0.020508,29.930000,6.5,6.5,6.5
11:09:16,2110,1,bajada,0.020511,0.020513,0.020507,29.930000,6.5,6.5,6.5
11:09:16,2111,1,bajada,0.020511,0.020513,0.020506,29.930000,6.5,6.499,6.5
11:09:16,2112,1,bajada,0.020512,0.020513,0.020503,29.930000,6.5,6.499,6.5
11:09:16,2113,1,bajada,0.020512,0.020513,0.020503,29.930000,6.5,6.5,6.5
11:09:16,2114,1,bajada,0.020511,0.020513,0.020502,29.930000,6.5,6.5,6.5
11:09:16,2115,1,bajada,0.020510,0.020512,0.020501,29.930000,6.5,6.5,6.5
11:09:16,2116,1,bajada,0.007767,0.007772,0.007735,29.930000,3.5,3.499,3.5
11:09:46,2117,1,bajada,0.007766,0.007771,0.007735,29.930000,3.5,3.49,3.5
11:09:46,2118,1,bajada,0.007766,0.007771,0.007735,29.930000,3.5,3.49,3.5
11:09:46,2119,1,bajada,0.007765,0.007770,0.007737,29.930000,3.5,3.49,3.5
11:09:46,2120,1,bajada,0.007765,0.007770,0.007737,29.920000,3.5,3.49,3.5
11:09:46,2121,1,bajada,0.007765,0.007769,0.007734,29.920000,3.5,3.49,3.5
11:09:46,2122,1,bajada,0.007765,0.007769,0.007733,29.920000,3.5,3.49,3.5
11:09:46,2123,1,bajada,0.007765,0.007768,0.007732,29.920000,3.5,3.49,3.5
11:09:46,2124,1,bajada,0.007764,0.007768,0.007730,29.920000,3.5,3.49,3.5
11:09:46,2125,1,bajada,0.007764,0.007768,0.007733,29.920000,3.5,3.489,3.5
11:09:46,2126,1,bajada,0.007764,0.007767,0.007731,29.920000,3.5,3.489,3.5
11:09:46,2127,1,bajada,0.007766,0.007767,0.007730,29.930000,3.489,3.5,3.5
11:09:46,2128,1,bajada,0.007767,0.007767,0.007730,29.930000,3.5,3.49,3.5
11:09:46,2129,1,bajada,0.007768,0.007767,0.007731,29.920000,3.5,3.49,3.5
11:09:46,2130,1,bajada,0.007768,0.007767,0.007731,29.920000,3.5,3.489,3.5
11:09:47,2131,1,bajada,0.007768,0.007767,0.007730,29.930000,3.5,3.489,3.5
11:09:47,2132,1,bajada,0.007768,0.007767,0.007729,29.930000,3.489,3.5,3.5
11:09:47,2133,1,bajada,0.007769,0.007768,0.007728,29.920000,3.5,3.489,3.5
11:09:47,2134,1,bajada,0.007769,0.007768,0.007729,29.920000,3.5,3.488,3.5
11:09:47,2135,1,bajada,0.007769,0.007768,0.007730,29.920000,3.5,3.488,3.5
11:09:47,2136,1,bajada,0.007771,0.007768,0.007730,29.920000,3.5,3.489,3.5
11:09:47,2137,1,bajada,0.007772,0.007769,0.007729,29.920000,3.5,3.488,3.5
11:09:47,2138,1,bajada,0.007773,0.007769,0.007726,29.920000,3.5,3.488,3.5
11:09:47,2139,1,bajada,0.007774,0.007770,0.007726,29.920000,3.5,3.488,3.5
11:09:47,2140,1,bajada,0.007774,0.007770,0.007728,29.920000,3.5,3.488,3.5
11:09:47,2141,1,bajada,0.007774,0.007770,0.007726,29.920000,3.5,3.489,3.5
11:09:47,2142,1,bajada,0.007773,0.007771,0.007728,29.920000,3.5,3.488,3.5
11:09:47,2143,1,bajada,0.007773,0.007771,0.007728,29.930000,3.5,3.489,3.5
11:09:47,2144,1,bajada,0.007773,0.007771,0.007727,29.930000,3.5,3.489,3.5
11:09:47,2145,1,bajada,0.007772,0.007771,0.007728,29.920000,3.5,3.489,3.5
11:09:47,2146,1,bajada,0.007773,0.007771,0.007729,29.920000,3.5,3.488,3.5
11:09:47,2147,1,bajada,0.007775,0.007772,0.007731,29.920000,3.5,3.488,3.5
11:09:47,2148,1,bajada,0.007774,0.007772,0.007729,29.920000,3.5,3.489,3.5
11:09:47,2149,1,bajada,0.007774,0.007772,0.007727,29.920000,3.5,3.488,3.5
11:09:47,2150,1,bajada,0.007773,0.007772,0.007726,29.920000,3.5,3.488,3.5
11:09:48,2151,1,bajada,0.007771,0.007772,0.007724,29.920000,3.488,3.5,3.5
11:09:48,2152,1,bajada,0.007771,0.007772,0.007723,29.920000,3.5,3.488,3.5
11:09:48,2153,1,bajada,0.007772,0.007772,0.007723,29.930000,3.488,3.5,3.5
11:09:48,2154,1,bajada,0.007772,0.007772,0.007723,29.930000,3.5,3.488,3.5
11:09:48,2155,1,bajada,0.007774,0.007772,0.007725,29.930000,3.488,3.5,3.5
11:09:48,2156,1,bajada,0.007775,0.007772,0.007726,29.930000,3.5,3.488,3.5
11:09:48,2157,1,bajada,0.007774,0.007773,0.007725,29.930000,3.488,3.5,3.5
11:09:48,2158,1,bajada,0.007772,0.007773,0.007725,29.930000,3.5,3.487,3.5
11:09:48,2159,1,bajada,0.007771,0.007772,0.007727,29.920000,3.5,3.488,3.5
11:09:48,2160,1,bajada,0.007771,0.007772,0.007726,29.920000,3.5,3.488,3.5
11:09:48,2161,1,bajada,0.007772,0.007772,0.007726,29.920000,3.5,3.488,3.5
11:09:48,2162,1,bajada,0.007772,0.007772,0.007726,29.920000,3.5,3.487,3.5
11:09:48,2163,1,bajada,0.007771,0.007772,0.007727,29.920000,3.5,3.488,3.5
11:09:48,2164,1,bajada,0.007771,0.007772,0.007727,29.920000,3.5,3.487,3.5
11:09:48,2165,1,bajada,0.007772,0.007772,0.007726,29.920000,3.5,3.487,3.5
11:09:48,2166,1,bajada,0.007771,0.007772,0.007726,29.920000,3.5,3.487,3.5
11:09:48,2167,1,bajada,0.007770,0.007772,0.007724,29.920000,3.5,3.487,3.5
11:09:48,2168,1,bajada,0.007770,0.007771,0.007724,29.920000,3.5,3.487,3.5
11:09:48,2169,1,bajada,0.007769,0.007771,0.007722,29.920000,3.5,3.488,3.5
11:09:48,2170,1,bajada,0.007770,0.007771,0.007720,29.920000,3.5,3.488,3.5
11:09:48,2171,1,bajada,0.007770,0.007771,0.007720,29.920000,3.5,3.487,3.5
11:09:49,2172,1,bajada,0.007770,0.007771,0.007720,29.920000,3.5,3.488,3.5
11:09:49,2173,1,bajada,0.007770,0.007771,0.007720,29.920000,3.5,3.487,3.5
11:09:49,2174,1,bajada,0.007770,0.007771,0.007721,29.920000,3.5,3.487,3.5
11:09:49,2175,1,bajada,0.007771,0.007771,0.007720,29.930000,3.5,3.487,3.5
11:09:49,2176,1,bajada,0.007773,0.007771,0.007722,29.930000,3.5,3.487,3.5
11:09:49,2177,1,bajada,0.007773,0.007771,0.007723,29.920000,3.5,3.487,3.5
11:09:49,2178,1,bajada,0.007771,0.007771,0.007724,29.920000,3.5,3.487,3.5
11:09:49,2179,1,bajada,0.007769,0.007771,0.007725,29.920000,3.5,3.487,3.5
11:09:49,2180,1,bajada,0.007768,0.007771,0.007723,29.920000,3.5,3.486,3.5
11:09:49,2181,1,bajada,0.007768,0.007770,0.007722,29.920000,3.487,3.5,3.5
11:09:49,2182,1,bajada,0.007768,0.007770,0.007721,29.920000,3.5,3.486,3.5
11:09:49,2183,1,bajada,0.007768,0.007770,0.007721,29.920000,3.5,3.487,3.5
11:09:49,2184,1,bajada,0.007766,0.007770,0.007722,29.920000,3.5,3.487,3.5
11:09:49,2185,1,bajada,0.007765,0.007769,0.007721,29.920000,3.5,3.487,3.5
11:09:49,2186,1,bajada,0.007764,0.007769,0.007720,29.920000,3.5,3.487,3.5
11:09:49,2187,1,bajada,0.007764,0.007768,0.007720,29.920000,3.5,3.487,3.5
11:09:49,2188,1,bajada,0.007764,0.007768,0.007720,29.920000,3.5,3.487,3.5
11:09:49,2189,1,bajada,0.007763,0.007767,0.007719,29.920000,3.5,3.487,3.5
11:09:49,2190,1,bajada,0.007764,0.007767,0.007720,29.920000,3.5,3.486,3.5
11:09:49,2191,1,bajada,0.007764,0.007767,0.007720,29.920000,3.5,3.486,3.5
11:09:49,2192,1,bajada,0.007765,0.007767,0.007721,29.920000,3.5,3.486,3.5
11:09:49,2193,1,bajada,0.007765,0.007766,0.007721,29.920000,3.5,3.487,3.5
11:09:49,2194,1,bajada,0.007765,0.007766,0.007720,29.920000,3.5,3.486,3.5
11:09:50,2195,1,bajada,0.007766,0.007766,0.007720,29.920000,3.5,3.487,3.5
11:09:50,2196,1,bajada,0.007765,0.007766,0.007720,29.920000,3.5,3.486,3.5
11:09:50,2197,1,bajada,0.007764,0.007766,0.007720,29.920000,3.5,3.487,3.5
11:09:50,2198,1,bajada,0.007766,0.007766,0.007720,29.920000,3.5,3.486,3.5
11:09:50,2199,1,bajada,0.007766,0.007766,0.007720,29.920000,3.5,3.486,3.5
11:09:50,2200,1,bajada,0.007766,0.007766,0.007720,29.920000,3.5,3.486,3.5
11:09:50,2201,1,bajada,0.007766,0.007766,0.007720,29.920000,3.5,3.486,3.5
11:09:50,2202,1,bajada,0.007765,0.007766,0.007719,29.920000,3.5,3.486,3.5
11:09:50,2203,1,bajada,0.007765,0.007766,0.007722,29.920000,3.5,3.486,3.5
11:09:50,2204,1,bajada,0.007764,0.007766,0.007719,29.920000,3.5,3.486,3.5
11:09:50,2205,1,bajada,0.007764,0.007766,0.007719,29.920000,3.486,3.5,3.5
11:09:50,2206,1,bajada,0.007765,0.007766,0.007718,29.920000,3.5,3.486,3.5
11:09:50,2207,1,bajada,0.007765,0.007765,0.007717,29.920000,3.486,3.5,3.5
11:09:50,2208,1,bajada,0.007765,0.007765,0.007715,29.920000,3.5,3.486,3.5
11:09:50,2209,1,bajada,0.007765,0.007765,0.007717,29.920000,3.5,3.486,3.5
11:09:50,2210,1,bajada,0.007765,0.007765,0.007716,29.920000,3.485,3.5,3.5
11:09:50,2211,1,bajada,0.007765,0.007765,0.007716,29.920000,3.5,3.486,3.5
11:09:50,2212,1,bajada,0.007766,0.007765,0.007717,29.920000,3.5,3.486,3.5
11:09:50,2213,1,bajada,0.007766,0.007765,0.007717,29.920000,3.5,3.486,3.5
11:09:50,2214,1,bajada,0.007766,0.007765,0.007717,29.920000,3.5,3.486,3.5
11:09:50,2215,1,bajada,0.007767,0.007766,0.007716,29.920000,3.5,3.485,3.5
11:09:50,2216,1,bajada,0.007768,0.007766,0.007717,29.920000,3.5,3.485,3.5
11:09:50,2217,1,bajada,0.007767,0.007766,0.007714,29.920000,3.5,3.486,3.5
11:09:50,2218,1,bajada,0.007767,0.007766,0.007716,29.920000,3.5,3.486,3.5
11:09:51,2219,1,bajada,0.007767,0.007766,0.007715,29.920000,3.5,3.485,3.5
11:09:51,2220,1,bajada,0.007766,0.007766,0.007716,29.920000,3.5,3.486,3.5
11:09:51,2221,1,bajada,0.007764,0.007766,0.007715,29.920000,3.5,3.486,3.5
11:09:51,2222,1,bajada,0.007764,0.007766,0.007715,29.920000,3.5,3.485,3.5
11:09:51,2223,1,bajada,0.007763,0.007766,0.007715,29.920000,3.5,3.486,3.5
11:09:51,2224,1,bajada,0.007760,0.007765,0.007715,29.920000,3.5,3.485,3.5
11:09:51,2225,1,bajada,0.007759,0.007764,0.007716,29.920000,3.5,3.486,3.5
11:09:51,2226,1,bajada,0.007760,0.007764,0.007711,29.920000,3.5,3.485,3.5
11:09:51,2227,1,bajada,0.007761,0.007764,0.007712,29.920000,3.5,3.485,3.5
11:09:51,2228,1,bajada,0.007760,0.007763,0.007713,29.920000,3.5,3.485,3.5
11:09:51,2229,1,bajada,0.007759,0.007763,0.007714,29.920000,3.5,3.485,3.5
11:09:51,2230,1,bajada,0.007758,0.007763,0.007713,29.920000,3.5,3.485,3.5
11:09:51,2231,1,bajada,0.007756,0.007762,0.007713,29.920000,3.485,3.5,3.5
11:09:51,2232,1,bajada,0.007756,0.007761,0.007712,29.920000,3.5,3.485,3.5
11:09:51,2233,1,bajada,0.007758,0.007761,0.007709,29.920000,3.5,3.485,3.5
11:09:51,2234,1,bajada,0.007758,0.007761,0.007710,29.920000,3.5,3.485,3.5
11:09:51,2235,1,bajada,0.007758,0.007761,0.007712,29.920000,3.5,3.485,3.5
11:09:51,2236,1,bajada,0.007758,0.007760,0.007714,29.920000,3.5,3.485,3.5
11:09:51,2237,1,bajada,0.007757,0.007760,0.007717,29.920000,3.485,3.5,3.5
11:09:51,2238,1,bajada,0.007757,0.007760,0.007715,29.920000,3.5,3.485,3.5
11:09:51,2239,1,bajada,0.007758,0.007760,0.007713,29.920000,3.485,3.5,3.5
11:09:51,2240,1,bajada,0.007759,0.007760,0.007712,29.920000,3.5,3.485,3.5
11:09:51,2241,1,bajada,0.007759,0.007759,0.007709,29.920000,3.5,3.485,3.5
11:09:51,2242,1,bajada,0.007757,0.007759,0.007711,29.920000,3.5,3.485,3.5
11:09:52,2243,1,bajada,0.007755,0.007759,0.007713,29.920000,3.5,3.485,3.5
11:09:52,2244,1,bajada,0.007754,0.007758,0.007712,29.920000,3.5,3.485,3.5
11:09:52,2245,1,bajada,0.007755,0.007758,0.007714,29.920000,3.5,3.485,3.5
11:09:52,2246,1,bajada,0.007756,0.007758,0.007710,29.920000,3.5,3.485,3.5
11:09:52,2247,1,bajada,0.007756,0.007758,0.007711,29.920000,3.5,3.485,3.5
11:09:52,2248,1,bajada,0.007754,0.007757,0.007712,29.920000,3.5,3.485,3.5
11:09:52,2249,1,bajada,0.007753,0.007757,0.007715,29.920000,3.5,3.485,3.5
11:09:52,2250,1,bajada,0.007754,0.007757,0.007715,29.920000,3.5,3.484,3.5
11:09:52,2251,1,bajada,0.007754,0.007756,0.007714,29.920000,3.5,3.485,3.5
11:09:52,2252,1,bajada,0.007753,0.007756,0.007714,29.920000,3.5,3.484,3.5
11:09:52,2253,1,bajada,0.007754,0.007756,0.007713,29.920000,3.5,3.485,3.5
11:09:52,2254,1,bajada,0.007754,0.007756,0.007710,29.920000,3.5,3.484,3.5
11:09:52,2255,1,bajada,0.007754,0.007756,0.007709,29.920000,3.5,3.484,3.5
11:09:52,2256,1,bajada,0.007754,0.007755,0.007712,29.920000,3.5,3.484,3.5
11:09:52,2257,1,bajada,0.007755,0.007755,0.007714,29.920000,3.5,3.484,3.5
11:09:52,2258,1,bajada,0.007758,0.007756,0.007712,29.920000,3.5,3.485,3.5
11:09:52,2259,1,bajada,0.007759,0.007756,0.007711,29.920000,3.5,3.484,3.5
11:09:52,2260,1,bajada,0.007758,0.007756,0.007711,29.920000,3.5,3.484,3.5
11:09:52,2261,1,bajada,0.007757,0.007756,0.007709,29.920000,3.484,3.5,3.5
11:09:52,2262,1,bajada,0.007757,0.007756,0.007708,29.920000,3.5,3.484,3.5
11:09:52,2263,1,bajada,0.007756,0.007756,0.007710,29.920000,3.5,3.484,3.5
11:09:52,2264,1,bajada,0.007756,0.007756,0.007710,29.920000,3.5,3.484,3.5
11:09:52,2265,1,bajada,0.007756,0.007756,0.007712,29.920000,3.5,3.484,3.5
11:09:52,2266,1,bajada,0.007756,0.007756,0.007713,29.920000,3.5,3.484,3.5
11:09:53,2267,1,bajada,0.007756,0.007756,0.007713,29.920000,3.5,3.484,3.5
11:09:53,2268,1,bajada,0.007756,0.007756,0.007712,29.920000,3.5,3.484,3.5
11:09:53,2269,1,bajada,0.007754,0.007756,0.007712,29.920000,3.5,3.484,3.5
11:09:53,2270,1,bajada,0.007754,0.007756,0.007710,29.920000,3.5,3.484,3.5
11:09:53,2271,1,bajada,0.007755,0.007756,0.007709,29.920000,3.5,3.484,3.5
11:09:53,2272,1,bajada,0.007757,0.007756,0.007709,29.920000,3.5,3.484,3.5
11:09:53,2273,1,bajada,0.007755,0.007756,0.007710,29.920000,3.5,3.483,3.5
11:09:53,2274,1,bajada,0.007751,0.007755,0.007711,29.920000,3.5,3.484,3.5
11:09:53,2275,1,bajada,0.007750,0.007755,0.007711,29.920000,3.5,3.484,3.5
11:09:53,2276,1,bajada,0.007751,0.007754,0.007710,29.920000,3.5,3.484,3.5
11:09:53,2277,1,bajada,0.007752,0.007754,0.007709,29.920000,3.5,3.486,3.5
11:09:53,2278,1,bajada,0.007753,0.007754,0.007710,29.920000,3.5,3.49,3.5
11:09:53,2279,1,bajada,0.007753,0.007754,0.007708,29.920000,3.5,3.493,3.5
11:09:53,2280,1,bajada,0.007752,0.007754,0.007711,29.920000,3.5,3.496,3.5
11:09:53,2281,1,bajada,0.007751,0.007753,0.007708,29.920000,3.5,3.499,3.5
11:09:53,2282,1,bajada,0.007750,0.007753,0.007709,29.920000,3.5,3.499,3.5
11:09:53,2283,1,bajada,0.007750,0.007753,0.007712,29.920000,3.5,3.501,3.5
11:09:53,2284,1,bajada,0.007750,0.007753,0.007716,29.920000,3.5,3.5,3.5
11:09:53,2285,1,bajada,0.007750,0.007752,0.007719,29.920000,3.5,3.501,3.5
11:09:53,2286,1,bajada,0.007751,0.007752,0.007721,29.920000,3.5,3.501,3.5
11:09:53,2287,1,bajada,0.007750,0.007752,0.007725,29.920000,3.502,3.5,3.5
11:09:53,2288,1,bajada,0.007750,0.007752,0.007729,29.920000,3.5,3.502,3.5
11:09:53,2289,1,bajada,0.007751,0.007752,0.007734,29.920000,3.502,3.5,3.5
11:09:54,2290,1,bajada,0.007752,0.007752,0.007736,29.920000,3.5,3.502,3.5
11:09:54,2291,1,bajada,0.007751,0.007752,0.007738,29.920000,3.5,3.502,3.5
11:09:54,2292,1,bajada,0.007750,0.007752,0.007744,29.920000,3.5,3.503,3.5
11:09:54,2293,1,bajada,0.007748,0.007751,0.007747,29.920000,3.5,3.502,3.5
11:09:54,2294,1,bajada,0.007747,0.007751,0.007748,29.920000,3.5,3.502,3.5
11:09:54,2295,1,bajada,0.007749,0.007751,0.007751,29.920000,3.5,3.502,3.5
11:09:54,2296,1,bajada,0.007750,0.007751,0.007752,29.920000,3.5,3.502,3.5
11:09:54,2297,1,bajada,0.007751,0.007751,0.007754,29.920000,3.5,3.502,3.5
11:09:54,2298,1,bajada,0.007750,0.007751,0.007757,29.920000,3.5,3.502,3.5
11:09:54,2299,1,bajada,0.007750,0.007751,0.007761,29.920000,3.5,3.502,3.5
11:09:54,2300,1,bajada,0.007750,0.007751,0.007760,29.920000,3.5,3.502,3.5
11:09:54,2301,1,bajada,0.007749,0.007750,0.007762,29.920000,3.5,3.502,3.5
11:09:54,2302,1,bajada,0.007749,0.007750,0.007762,29.920000,3.5,3.502,3.5
11:09:54,2303,1,bajada,0.007750,0.007750,0.007762,29.920000,3.5,3.501,3.5
11:09:54,2304,1,bajada,0.007750,0.007750,0.007764,29.920000,3.502,3.5,3.5
11:09:54,2305,1,bajada,0.007749,0.007750,0.007767,29.920000,3.5,3.502,3.5
11:09:54,2306,1,bajada,0.007749,0.007750,0.007766,29.920000,3.5,3.502,3.5
11:09:54,2307,1,bajada,0.007749,0.007750,0.007768,29.920000,3.5,3.502,3.5
11:09:54,2308,1,bajada,0.007748,0.007750,0.007767,29.920000,3.5,3.502,3.5
11:09:54,2309,1,bajada,0.007747,0.007749,0.007768,29.920000,3.5,3.501,3.5
11:09:54,2310,1,bajada,0.007747,0.007749,0.007768,29.920000,3.5,3.501,3.5
11:09:55,2311,1,bajada,0.007747,0.007749,0.007773,29.920000,3.5,3.501,3.5
11:09:55,2312,1,bajada,0.007746,0.007749,0.007772,29.920000,3.501,3.5,3.5
11:09:55,2313,1,bajada,0.007746,0.007748,0.007771,29.920000,3.5,3.501,3.5
11:09:55,2314,1,bajada,0.007746,0.007748,0.007771,29.920000,3.5,3.501,3.5
11:09:55,2315,1,bajada,0.007746,0.007748,0.007770,29.920000,3.5,3.501,3.5
11:09:55,2316,1,bajada,0.007745,0.007748,0.007770,29.920000,3.5,3.501,3.5
11:09:55,2317,1,bajada,0.007745,0.007747,0.007770,29.920000,3.501,3.5,3.5
11:09:55,2318,1,bajada,0.007746,0.007747,0.007770,29.920000,3.5,3.501,3.5
11:09:55,2319,1,bajada,0.007747,0.007747,0.007773,29.920000,3.5,3.501,3.5
11:09:55,2320,1,bajada,0.007749,0.007747,0.007773,29.920000,3.5,3.501,3.5
11:09:55,2321,1,bajada,0.007751,0.007748,0.007774,29.920000,3.5,3.501,3.5
11:09:55,2322,1,bajada,0.007751,0.007748,0.007774,29.920000,3.5,3.501,3.5
11:09:55,2323,1,bajada,0.007753,0.007748,0.007775,29.920000,3.5,3.501,3.5
11:09:55,2324,1,bajada,0.007752,0.007749,0.007775,29.920000,3.5,3.501,3.5
11:09:55,2325,1,bajada,0.007750,0.007749,0.007776,29.920000,3.5,3.5,3.5
11:09:55,2326,1,bajada,0.007748,0.007749,0.007775,29.920000,3.5,3.501,3.5
11:09:55,2327,1,bajada,0.007746,0.007749,0.007774,29.920000,3.5,3.501,3.5
11:09:55,2328,1,bajada,0.007745,0.007748,0.007775,29.920000,3.5,3.5,3.5
11:09:55,2329,1,bajada,0.007744,0.007748,0.007773,29.920000,3.5,3.5,3.5
11:09:55,2330,1,bajada,0.007743,0.007747,0.007774,29.920000,3.5,3.5,3.5
11:09:55,2331,1,bajada,0.007743,0.007747,0.007776,29.920000,3.5,3.5,3.5
11:09:55,2332,1,bajada,0.007743,0.007746,0.007777,29.920000,3.5,3.501,3.5
11:09:55,2333,1,bajada,0.007742,0.007746,0.007778,29.920000,3.5,3.5,3.5
11:09:56,2334,1,bajada,0.007741,0.007746,0.007776,29.920000,3.5,3.5,3.5
11:09:56,2335,1,bajada,0.007741,0.007745,0.007771,29.920000,3.5,3.499,3.5
11:09:56,2336,1,bajada,0.007741,0.007745,0.007773,29.920000,3.5,3.5,3.5
11:09:56,2337,1,bajada,0.007741,0.007744,0.007772,29.920000,3.5,3.5,3.5
11:09:56,2338,1,bajada,0.007742,0.007744,0.007772,29.920000,3.5,3.5,3.5
11:09:56,2339,1,bajada,0.007742,0.007744,0.007771,29.920000,3.5,3.499,3.5
11:09:56,2340,1,bajada,0.007742,0.007744,0.007770,29.920000,3.5,3.5,3.5
11:09:56,2341,1,bajada,0.007742,0.007744,0.007769,29.920000,3.5,3.5,3.5
11:09:56,2342,1,bajada,0.007741,0.007743,0.007771,29.920000,3.5,3.499,3.5
11:09:56,2343,1,bajada,0.007740,0.007743,0.007771,29.920000,3.5,3.5,3.5
11:09:56,2344,1,bajada,0.007739,0.007743,0.007772,29.920000,3.5,3.499,3.5
11:09:56,2345,1,bajada,0.007737,0.007742,0.007771,29.920000,3.5,3.5,3.5
11:09:56,2346,1,bajada,0.007737,0.007742,0.007771,29.920000,3.5,3.499,3.5
11:09:56,2347,1,bajada,0.007738,0.007741,0.007773,29.920000,3.5,3.5,3.5
11:09:56,2348,1,bajada,0.007738,0.007741,0.007774,29.920000,3.5,3.499,3.5
11:09:56,2349,1,bajada,0.007738,0.007741,0.007773,29.920000,3.5,3.499,3.5
11:09:56,2350,1,bajada,0.007738,0.007740,0.007775,29.920000,3.5,3.499,3.5
11:09:56,2351,1,bajada,0.007738,0.007740,0.007776,29.920000,3.5,3.499,3.5
11:09:56,2352,1,bajada,0.007737,0.007740,0.007778,29.920000,3.5,3.499,3.5
11:09:56,2353,1,bajada,0.007737,0.007740,0.007777,29.920000,3.5,3.499,3.5
11:09:56,2354,1,bajada,0.007738,0.007739,0.007775,29.920000,3.5,3.499,3.5
11:09:56,2355,1,bajada,0.007737,0.007739,0.007774,29.920000,3.5,3.499,3.5
11:09:57,2356,1,bajada,0.007737,0.007739,0.007772,29.920000,3.5,3.499,3.5
11:09:57,2357,1,bajada,0.007736,0.007739,0.007772,29.920000,3.499,3.5,3.5
11:09:57,2358,1,bajada,0.007736,0.007738,0.007772,29.920000,3.5,3.499,3.5
11:09:57,2359,1,bajada,0.007736,0.007738,0.007774,29.920000,3.5,3.499,3.5
11:09:57,2360,1,bajada,0.007736,0.007738,0.007774,29.920000,3.5,3.498,3.5
11:09:57,2361,1,bajada,0.007736,0.007738,0.007773,29.920000,3.5,3.498,3.5
11:09:57,2362,1,bajada,0.007735,0.007738,0.007772,29.920000,3.5,3.499,3.5
11:09:57,2363,1,bajada,0.007734,0.007737,0.007772,29.920000,3.5,3.498,3.5
11:09:57,2364,1,bajada,0.007734,0.007737,0.007771,29.920000,3.5,3.499,3.5
11:09:57,2365,1,bajada,0.007734,0.007737,0.007769,29.920000,3.5,3.499,3.5
11:09:57,2366,1,bajada,0.007734,0.007736,0.007770,29.920000,3.5,3.499,3.5
11:09:57,2367,1,bajada,0.007735,0.007736,0.007771,29.920000,3.499,3.5,3.5
11:09:57,2368,1,bajada,0.007735,0.007736,0.007770,29.920000,3.5,3.498,3.5
11:09:57,2369,1,bajada,0.007736,0.007736,0.007768,29.920000,3.5,3.499,3.5
11:09:57,2370,1,bajada,0.007737,0.007736,0.007768,29.920000,3.5,3.498,3.5
11:09:57,2371,1,bajada,0.007738,0.007736,0.007770,29.920000,3.499,3.5,3.5
11:09:57,2372,1,bajada,0.007737,0.007736,0.007767,29.920000,3.5,3.498,3.5
11:09:57,2373,1,bajada,0.007736,0.007736,0.007765,29.920000,3.5,3.499,3.5
11:09:57,2374,1,bajada,0.007735,0.007736,0.007768,29.920000,3.5,3.499,3.5
11:09:57,2375,1,bajada,0.007733,0.007736,0.007768,29.920000,3.5,3.499,3.5
11:09:57,2376,1,bajada,0.007731,0.007735,0.007766,29.920000,3.5,3.499,3.5
11:09:57,2377,1,bajada,0.007730,0.007735,0.007764,29.920000,3.5,3.499,3.5
11:09:57,2378,1,bajada,0.007731,0.007735,0.007765,29.920000,3.5,3.498,3.5
11:09:58,2379,1,bajada,0.007731,0.007734,0.007766,29.920000,3.5,3.499,3.5
11:09:58,2380,1,bajada,0.007731,0.007734,0.007766,29.920000,3.5,3.499,3.5
11:09:58,2381,1,bajada,0.007732,0.007734,0.007766,29.920000,3.5,3.499,3.5
11:09:58,2382,1,bajada,0.007732,0.007734,0.007767,29.920000,3.5,3.498,3.5
11:09:58,2383,1,bajada,0.007732,0.007733,0.007767,29.920000,3.5,3.499,3.5
11:09:58,2384,1,bajada,0.007732,0.007733,0.007764,29.920000,3.5,3.499,3.5
11:09:58,2385,1,bajada,0.007733,0.007733,0.007761,29.920000,3.5,3.499,3.5
11:09:58,2386,1,bajada,0.007733,0.007733,0.007761,29.920000,3.5,3.499,3.5
11:09:58,2387,1,bajada,0.007734,0.007733,0.007765,29.920000,3.5,3.499,3.5
11:09:58,2388,1,bajada,0.007733,0.007733,0.007765,29.920000,3.5,3.499,3.5
11:09:58,2389,1,bajada,0.007733,0.007733,0.007765,29.920000,3.5,3.499,3.5
11:09:58,2390,1,bajada,0.007732,0.007733,0.007765,29.920000,3.5,3.499,3.5
11:09:58,2391,1,bajada,0.007731,0.007733,0.007766,29.920000,3.5,3.499,3.5
11:09:58,2392,1,bajada,0.007730,0.007733,0.007765,29.920000,3.5,3.499,3.5
11:09:58,2393,1,bajada,0.007729,0.007732,0.007767,29.920000,3.5,3.499,3.5
11:09:58,2394,1,bajada,0.007727,0.007732,0.007768,29.920000,3.499,3.5,3.5
11:09:58,2395,1,bajada,0.007726,0.007731,0.007765,29.920000,3.5,3.499,3.5
11:09:58,2396,1,bajada,0.007726,0.007731,0.007767,29.910000,3.5,3.5,3.5
11:09:58,2397,1,bajada,0.007727,0.007730,0.007765,29.910000,3.499,3.5,3.5
11:09:58,2398,1,bajada,0.007728,0.007730,0.007765,29.920000,3.5,3.499,3.5
11:09:58,2399,1,bajada,0.007729,0.007730,0.007767,29.920000,3.5,3.499,3.5
11:09:58,2400,1,bajada,0.007730,0.007730,0.007768,29.920000,3.5,3.499,3.5
11:09:59,2401,1,bajada,0.007730,0.007730,0.007768,29.920000,3.5,3.5,3.5
11:09:59,2402,1,bajada,0.007729,0.007730,0.007768,29.910000,3.5,3.5,3.5
11:09:59,2403,1,bajada,0.007729,0.007730,0.007769,29.910000,3.5,3.501,3.5
11:09:59,2404,1,bajada,0.007729,0.007730,0.007769,29.920000,3.5,3.5,3.5
11:09:59,2405,1,bajada,0.007729,0.007730,0.007771,29.920000,3.5,3.5,3.5
11:09:59,2406,1,bajada,0.007728,0.007729,0.007769,29.920000,3.501,3.5,3.5
11:09:59,2407,1,bajada,0.007726,0.007729,0.007767,29.920000,3.5,3.5,3.5
11:09:59,2408,1,bajada,0.007726,0.007729,0.007765,29.920000,3.5,3.501,3.5
11:09:59,2409,1,bajada,0.007726,0.007729,0.007765,29.920000,3.5,3.501,3.5
11:09:59,2410,1,bajada,0.007727,0.007728,0.007770,29.920000,3.5,3.501,3.5
11:09:59,2411,1,bajada,0.007727,0.007728,0.007772,29.920000,3.5,3.501,3.5
11:09:59,2412,1,bajada,0.007727,0.007728,0.007775,29.920000,3.5,3.501,3.5
11:09:59,2413,1,bajada,0.007727,0.007728,0.007774,29.920000,3.5,3.501,3.5
11:09:59,2414,1,bajada,0.007727,0.007728,0.007774,29.920000,3.5,3.501,3.5
11:09:59,2415,1,bajada,0.007727,0.007728,0.007774,29.920000,3.5,3.501,3.5
11:09:59,2416,1,bajada,0.007728,0.007728,0.007775,29.920000,3.5,3.501,3.5
11:09:59,2417,1,bajada,0.007727,0.007728,0.007776,29.920000,3.501,3.5,3.5
11:09:59,2418,1,bajada,0.007727,0.007728,0.007774,29.920000,3.5,3.501,3.5
11:09:59,2419,1,bajada,0.007726,0.007728,0.007774,29.920000,3.501,3.5,3.5
11:09:59,2420,1,bajada,0.007726,0.007727,0.007775,29.920000,3.5,3.501,3.5
11:10:00,2421,1,bajada,0.007727,0.007727,0.007775,29.910000,3.5,3.501,3.5
11:10:00,2422,1,bajada,0.007728,0.007727,0.007777,29.910000,3.5,3.501,3.5
11:10:00,2423,1,bajada,0.007726,0.007727,0.007775,29.910000,3.5,3.501,3.5
11:10:00,2424,1,bajada,0.007725,0.007727,0.007777,29.910000,3.5,3.501,3.5
11:10:00,2425,1,bajada,0.007723,0.007727,0.007776,29.910000,3.5,3.501,3.5
11:10:00,2426,1,bajada,0.007722,0.007726,0.007774,29.910000,3.5,3.501,3.5
11:10:00,2427,1,bajada,0.007723,0.007726,0.007773,29.920000,3.5,3.501,3.5
11:10:00,2428,1,bajada,0.007723,0.007726,0.007775,29.920000,3.5,3.501,3.5
11:10:00,2429,1,bajada,0.007724,0.007726,0.007777,29.910000,3.5,3.501,3.5
11:10:00,2430,1,bajada,0.007724,0.007725,0.007777,29.910000,3.5,3.501,3.5
11:10:00,2431,1,bajada,0.007723,0.007725,0.007775,29.920000,3.5,3.501,3.5
11:10:00,2432,1,bajada,0.007723,0.007725,0.007777,29.920000,3.5,3.501,3.5
11:10:00,2433,1,bajada,0.007723,0.007725,0.007776,29.920000,3.5,3.501,3.5
11:10:00,2434,1,bajada,0.007723,0.007725,0.007774,29.920000,3.5,3.501,3.5
11:10:00,2435,1,bajada,0.007723,0.007724,0.007775,29.920000,3.501,3.5,3.5
11:10:00,2436,1,bajada,0.007722,0.007724,0.007776,29.920000,3.5,3.501,3.5
11:10:00,2437,1,bajada,0.007721,0.007724,0.007777,29.920000,3.5,3.501,3.5
11:10:00,2438,1,bajada,0.007722,0.007724,0.007779,29.920000,3.5,3.501,3.5
11:10:00,2439,1,bajada,0.007722,0.007723,0.007779,29.920000,3.5,3.5,3.5
11:10:00,2440,1,bajada,0.007720,0.007723,0.007779,29.920000,3.501,3.5,3.5
11:10:00,2441,1,bajada,0.007719,0.007723,0.007776,29.910000,3.5,3.501,3.5
11:10:01,2442,1,bajada,0.007720,0.007723,0.007777,29.910000,3.5,3.501,3.5
11:10:01,2443,1,bajada,0.007720,0.007722,0.007778,29.920000,3.5,3.501,3.5
11:10:01,2444,1,bajada,0.007720,0.007722,0.007779,29.920000,3.5,3.501,3.5
11:10:01,2445,1,bajada,0.007719,0.007722,0.007779,29.920000,3.5,3.501,3.5
11:10:01,2446,1,bajada,0.007718,0.007721,0.007779,29.920000,3.5,3.501,3.5
11:10:01,2447,1,bajada,0.007719,0.007721,0.007778,29.920000,3.5,3.501,3.5
11:10:01,2448,1,bajada,0.007721,0.007721,0.007779,29.920000,3.5,3.5,3.5
11:10:01,2449,1,bajada,0.007722,0.007721,0.007778,29.920000,3.5,3.501,3.5
11:10:01,2450,1,bajada,0.007721,0.007721,0.007776,29.920000,3.5,3.5,3.5
11:10:01,2451,1,bajada,0.007720,0.007721,0.007773,29.920000,3.5,3.501,3.5
11:10:01,2452,1,bajada,0.007718,0.007721,0.007773,29.920000,3.5,3.501,3.5
11:10:01,2453,1,bajada,0.007717,0.007721,0.007775,29.920000,3.5,3.5,3.5
11:10:01,2454,1,bajada,0.007718,0.007720,0.007773,29.920000,3.5,3.501,3.5
11:10:01,2455,1,bajada,0.007718,0.007720,0.007774,29.920000,3.5,3.501,3.5
11:10:01,2456,1,bajada,0.007719,0.007720,0.007774,29.920000,3.5,3.501,3.5
11:10:01,2457,1,bajada,0.007719,0.007720,0.007773,29.920000,3.5,3.501,3.5
11:10:01,2458,1,bajada,0.007718,0.007720,0.007774,29.920000,3.5,3.5,3.5
11:10:01,2459,1,bajada,0.007718,0.007720,0.007775,29.920000,3.5,3.501,3.5
11:10:02,2460,1,bajada,0.007720,0.007720,0.007775,29.920000,3.5,3.5,3.5
11:10:02,2461,1,bajada,0.007721,0.007720,0.007776,29.920000,3.5,3.501,3.5
11:10:02,2462,1,bajada,0.007721,0.007720,0.007774,29.920000,3.5,3.5,3.5
11:10:02,2463,1,bajada,0.007720,0.007720,0.007774,29.920000,3.5,3.501,3.5
11:10:02,2464,1,bajada,0.007719,0.007720,0.007774,29.920000,3.5,3.5,3.5
11:10:02,2465,1,bajada,0.007718,0.007720,0.007773,29.920000,3.5,3.501,3.5
11:10:02,2466,1,bajada,0.007719,0.007719,0.007775,29.920000,3.5,3.5,3.5
11:10:02,2467,1,bajada,0.007719,0.007719,0.007775,29.920000,3.5,3.5,3.5
11:10:02,2468,1,bajada,0.007718,0.007719,0.007775,29.920000,3.5,3.5,3.5
11:10:02,2469,1,bajada,0.007718,0.007719,0.007775,29.920000,3.5,3.5,3.5
11:10:02,2470,1,bajada,0.007717,0.007719,0.007772,29.920000,3.5,3.5,3.5
11:10:02,2471,1,bajada,0.007716,0.007719,0.007775,29.920000,3.5,3.5,3.5
11:10:02,2472,1,bajada,0.007716,0.007718,0.007774,29.920000,3.5,3.5,3.5
11:10:02,2473,1,bajada,0.007717,0.007718,0.007773,29.920000,3.5,3.5,3.5
11:10:02,2474,1,bajada,0.007718,0.007718,0.007774,29.920000,3.5,3.5,3.5
11:10:02,2475,1,bajada,0.007719,0.007718,0.007773,29.910000,3.5,3.5,3.5
11:10:02,2476,1,bajada,0.007720,0.007719,0.007772,29.910000,3.5,3.5,3.5
11:10:02,2477,1,bajada,0.007719,0.007719,0.007772,29.920000,3.5,3.5,3.5
11:10:02,2478,1,bajada,0.007717,0.007719,0.007773,29.920000,3.5,3.5,3.5
11:10:02,2479,1,bajada,0.007716,0.007718,0.007776,29.920000,3.5,3.5,3.5
11:10:02,2480,1,bajada,0.007716,0.007718,0.007775,29.920000,3.5,3.5,3.5
11:10:03,2481,1,bajada,0.007717,0.007718,0.007772,29.920000,3.5,3.5,3.5
11:10:03,2482,1,bajada,0.007718,0.007718,0.007774,29.920000,3.5,3.499,3.5
11:10:03,2483,1,bajada,0.007717,0.007718,0.007775,29.920000,3.5,3.5,3.5
11:10:03,2484,1,bajada,0.007716,0.007718,0.007772,29.920000,3.5,3.499,3.5
11:10:03,2485,1,bajada,0.007716,0.007717,0.007774,29.920000,3.5,3.5,3.5
11:10:03,2486,1,bajada,0.007716,0.007717,0.007776,29.920000,3.5,3.499,3.5
11:10:03,2487,1,bajada,0.007716,0.007717,0.007776,29.910000,3.5,3.499,3.5
11:10:03,2488,1,bajada,0.007717,0.007717,0.007774,29.910000,3.5,3.499,3.5
11:10:03,2489,1,bajada,0.007719,0.007717,0.007775,29.910000,3.5,3.5,3.5
11:10:03,2490,1,bajada,0.007723,0.007718,0.007775,29.910000,3.5,3.499,3.5
11:10:03,2491,1,bajada,0.007727,0.007719,0.007772,29.920000,3.5,3.499,3.5
11:10:03,2492,1,bajada,0.007731,0.007720,0.007773,29.920000,3.5,3.499,3.5
11:10:04,2493,1,bajada,0.007735,0.007721,0.007775,29.920000,3.5,3.5,3.5
11:10:04,2494,1,bajada,0.007739,0.007723,0.007773,29.920000,3.499,3.5,3.5
11:10:04,2495,1,bajada,0.007743,0.007725,0.007774,29.910000,3.5,3.499,3.5
11:10:04,2496,1,bajada,0.007747,0.007727,0.007772,29.910000,3.499,3.5,3.5
11:10:04,2497,1,bajada,0.007751,0.007729,0.007771,29.920000,3.5,3.499,3.5
11:10:04,2498,1,bajada,0.007754,0.007732,0.007771,29.920000,3.5,3.499,3.5
11:10:04,2499,1,bajada,0.007756,0.007734,0.007771,29.910000,3.5,3.499,3.5
11:10:04,2500,1,bajada,0.007758,0.007736,0.007770,29.910000,3.5,3.499,3.5
11:10:04,2501,1,bajada,0.007760,0.007738,0.007772,29.920000,3.5,3.499,3.5
11:10:04,2502,1,bajada,0.007762,0.007741,0.007772,29.920000,3.5,3.499,3.5
11:10:04,2503,1,bajada,0.007765,0.007743,0.007769,29.920000,3.499,3.5,3.5
11:10:04,2504,1,bajada,0.007766,0.007745,0.007769,29.920000,3.5,3.499,3.5
11:10:04,2505,1,bajada,0.007768,0.007747,0.007769,29.920000,3.5,3.499,3.5
11:10:04,2506,1,bajada,0.007769,0.007750,0.007767,29.920000,3.5,3.5,3.5
11:10:04,2507,1,bajada,0.007769,0.007751,0.007769,29.920000,3.5,3.499,3.5
11:10:05,2508,1,bajada,0.007770,0.007753,0.007770,29.920000,3.5,3.499,3.5
11:10:05,2509,1,bajada,0.007772,0.007755,0.007771,29.910000,3.5,3.499,3.5
11:10:05,2510,1,bajada,0.007772,0.007757,0.007769,29.910000,3.5,3.5,3.5
11:10:05,2511,1,bajada,0.007773,0.007758,0.007769,29.910000,3.5,3.499,3.5
11:10:05,2512,1,bajada,0.007774,0.007760,0.007770,29.910000,3.5,3.5,3.5
11:10:05,2513,1,bajada,0.007775,0.007761,0.007771,29.920000,3.5,3.5,3.5
11:10:05,2514,1,bajada,0.007776,0.007763,0.007769,29.920000,3.5,3.499,3.5
11:10:05,2515,1,bajada,0.007778,0.007764,0.007769,29.910000,3.5,3.5,3.5
11:10:05,2516,1,bajada,0.007778,0.007765,0.007773,29.910000,3.5,3.5,3.5
11:10:05,2517,1,bajada,0.007777,0.007766,0.007773,29.910000,3.5,3.5,3.5
11:10:05,2518,1,bajada,0.007778,0.007768,0.007773,29.910000,3.5,3.499,3.5
11:10:05,2519,1,bajada,0.007778,0.007769,0.007773,29.910000,3.5,3.5,3.5
11:10:05,2520,1,bajada,0.007777,0.007769,0.007772,29.910000,3.5,3.5,3.5
11:10:05,2521,1,bajada,0.007777,0.007770,0.007772,29.910000,3.5,3.5,3.5
11:10:06,2522,1,bajada,0.007778,0.007771,0.007772,29.910000,3.5,3.5,3.5
11:10:06,2523,1,bajada,0.007780,0.007772,0.007772,29.910000,3.5,3.501,3.5
11:10:06,2524,1,bajada,-0.007149,-0.007151,-0.007152,29.900000,0.0,0.002,0.0
11:10:35,2525,1,bajada,-0.007150,-0.007151,-0.007150,29.900000,0.0,0.001,0.0
11:10:35,2526,1,bajada,-0.007150,-0.007151,-0.007154,29.900000,0.0,0.001,0.0
11:10:35,2527,1,bajada,-0.007151,-0.007151,-0.007153,29.900000,0.0,0.001,0.0
11:10:35,2528,1,bajada,-0.007152,-0.007151,-0.007154,29.900000,0.0,0.001,0.0
11:10:35,2529,1,bajada,-0.007153,-0.007151,-0.007152,29.900000,0.0,0.001,0.0
11:10:35,2530,1,bajada,-0.007153,-0.007151,-0.007154,29.900000,0.0,0.001,0.0
11:10:35,2531,1,bajada,-0.007151,-0.007151,-0.007155,29.900000,0.0,0.001,0.0
11:10:35,2532,1,bajada,-0.007151,-0.007151,-0.007155,29.890000,0.0,0.001,0.0
11:10:35,2533,1,bajada,-0.007152,-0.007151,-0.007156,29.890000,0.0,0.001,0.0
11:10:35,2534,1,bajada,-0.007152,-0.007151,-0.007155,29.900000,0.0,0.001,0.0
11:10:35,2535,1,bajada,-0.007152,-0.007151,-0.007154,29.900000,0.0,0.001,0.0
11:10:35,2536,1,bajada,-0.007151,-0.007151,-0.007157,29.900000,0.0,0.001,0.0
11:10:35,2537,1,bajada,-0.007152,-0.007151,-0.007156,29.900000,0.0,0.001,0.0
11:10:35,2538,1,bajada,-0.007151,-0.007151,-0.007156,29.900000,0.0,0.001,0.0
11:10:35,2539,1,bajada,-0.007150,-0.007151,-0.007156,29.900000,0.0,0.001,0.0
11:10:36,2540,1,bajada,-0.007152,-0.007151,-0.007155,29.900000,0.0,0.001,0.0
11:10:36,2541,1,bajada,-0.007154,-0.007151,-0.007154,29.900000,0.001,0.0,0.0
11:10:36,2542,1,bajada,-0.007156,-0.007152,-0.007152,29.900000,0.0,0.001,0.0
11:10:36,2543,1,bajada,-0.007156,-0.007152,-0.007152,29.900000,0.0,0.001,0.0
11:10:36,2544,1,bajada,-0.007155,-0.007153,-0.007154,29.900000,0.0,0.001,0.0
11:10:36,2545,1,bajada,-0.007155,-0.007153,-0.007154,29.900000,0.0,0.001,0.0
11:10:36,2546,1,bajada,-0.007153,-0.007153,-0.007153,29.900000,0.0,0.001,0.0
11:10:36,2547,1,bajada,-0.007153,-0.007153,-0.007154,29.900000,0.0,0.001,0.0
11:10:36,2548,1,bajada,-0.007152,-0.007153,-0.007157,29.900000,0.0,0.001,0.0
11:10:36,2549,1,bajada,-0.007152,-0.007153,-0.007153,29.900000,0.0,0.001,0.0
11:10:36,2550,1,bajada,-0.007154,-0.007153,-0.007153,29.900000,0.001,0.0,0.0
11:10:36,2551,1,bajada,-0.007156,-0.007153,-0.007153,29.900000,0.0,0.001,0.0
11:10:36,2552,1,bajada,-0.007157,-0.007153,-0.007154,29.900000,0.0,0.001,0.0
11:10:36,2553,1,bajada,-0.007159,-0.007154,-0.007154,29.900000,0.0,0.001,0.0
11:10:36,2554,1,bajada,-0.007160,-0.007155,-0.007155,29.900000,0.0,0.001,0.0
11:10:36,2555,1,bajada,-0.007158,-0.007155,-0.007156,29.900000,0.0,0.001,0.0
11:10:36,2556,1,bajada,-0.007155,-0.007155,-0.007153,29.900000,0.0,0.001,0.0
11:10:36,2557,1,bajada,-0.007154,-0.007155,-0.007154,29.900000,0.0,0.001,0.0
11:10:36,2558,1,bajada,-0.007154,-0.007155,-0.007154,29.900000,0.0,0.001,0.0
11:10:36,2559,1,bajada,-0.007155,-0.007155,-0.007154,29.900000,0.0,0.001,0.0
11:10:37,2560,1,bajada,-0.007157,-0.007155,-0.007154,29.900000,0.001,0.0,0.0
11:10:37,2561,1,bajada,-0.007157,-0.007155,-0.007154,29.900000,0.0,0.001,0.0
11:10:37,2562,1,bajada,-0.007157,-0.007155,-0.007154,29.900000,0.0,0.001,0.0
11:10:37,2563,1,bajada,-0.007156,-0.007155,-0.007154,29.900000,0.0,0.001,0.0
11:10:37,2564,1,bajada,-0.007156,-0.007155,-0.007152,29.900000,0.0,0.001,0.0
11:10:37,2565,1,bajada,-0.007156,-0.007156,-0.007152,29.900000,0.001,0.0,0.0
11:10:37,2566,1,bajada,-0.007156,-0.007156,-0.007151,29.890000,0.0,0.001,0.0
11:10:37,2567,1,bajada,-0.007155,-0.007155,-0.007151,29.890000,0.0,0.001,0.0
11:10:37,2568,1,bajada,-0.007155,-0.007155,-0.007153,29.890000,0.0,0.001,0.0
11:10:37,2569,1,bajada,-0.007154,-0.007155,-0.007153,29.890000,0.0,0.001,0.0
11:10:37,2570,1,bajada,-0.007155,-0.007155,-0.007156,29.900000,0.001,0.0,0.0
11:10:37,2571,1,bajada,-0.007156,-0.007155,-0.007157,29.900000,0.0,0.001,0.0
11:10:37,2572,1,bajada,-0.007156,-0.007155,-0.007155,29.900000,0.0,0.002,0.0
11:10:37,2573,1,bajada,-0.007155,-0.007155,-0.007155,29.900000,0.0,0.001,0.0
11:10:37,2574,1,bajada,-0.007155,-0.007155,-0.007157,29.900000,0.001,0.0,0.0
11:10:37,2575,1,bajada,-0.007156,-0.007155,-0.007156,29.900000,0.0,0.001,0.0
11:10:37,2576,1,bajada,-0.007157,-0.007156,-0.007159,29.890000,0.0,0.001,0.0
11:10:37,2577,1,bajada,-0.007156,-0.007156,-0.007155,29.890000,0.0,0.001,0.0
11:10:37,2578,1,bajada,-0.007156,-0.007156,-0.007155,29.900000,0.0,0.001,0.0
11:10:37,2579,1,bajada,-0.007156,-0.007156,-0.007154,29.900000,0.0,0.001,0.0
11:10:37,2580,1,bajada,-0.007156,-0.007156,-0.007155,29.900000,0.0,0.001,0.0
11:10:38,2581,1,bajada,-0.007157,-0.007156,-0.007154,29.900000,0.0,0.001,0.0
11:10:38,2582,1,bajada,-0.007157,-0.007156,-0.007154,29.890000,0.0,0.001,0.0
11:10:38,2583,1,bajada,-0.007155,-0.007156,-0.007152,29.890000,0.0,0.001,0.0
11:10:38,2584,1,bajada,-0.007156,-0.007156,-0.007152,29.890000,0.0,0.001,0.0
11:10:38,2585,1,bajada,-0.007156,-0.007156,-0.007152,29.890000,0.0,0.001,0.0
11:10:38,2586,1,bajada,-0.007157,-0.007156,-0.007152,29.900000,0.0,0.001,0.0
11:10:38,2587,1,bajada,-0.007158,-0.007156,-0.007153,29.900000,0.0,0.001,0.0
11:10:38,2588,1,bajada,-0.007158,-0.007156,-0.007154,29.900000,0.0,0.001,0.0
11:10:38,2589,1,bajada,-0.007158,-0.007157,-0.007151,29.900000,0.001,0.0,0.0
11:10:38,2590,1,bajada,-0.007157,-0.007157,-0.007153,29.900000,0.0,0.001,0.0
11:10:38,2591,1,bajada,-0.007157,-0.007157,-0.007151,29.900000,0.0,0.001,0.0
11:10:38,2592,1,bajada,-0.007155,-0.007156,-0.007152,29.900000,0.0,0.001,0.0
11:10:38,2593,1,bajada,-0.007154,-0.007156,-0.007153,29.900000,0.0,0.001,0.0
11:10:38,2594,1,bajada,-0.007154,-0.007156,-0.007152,29.890000,0.0,0.001,0.0
11:10:38,2595,1,bajada,-0.007155,-0.007156,-0.007155,29.890000,0.0,0.001,0.0
11:10:38,2596,1,bajada,-0.007155,-0.007156,-0.007154,29.900000,0.001,0.0,0.0
11:10:38,2597,1,bajada,-0.007154,-0.007156,-0.007154,29.900000,0.0,0.001,0.0
11:10:38,2598,1,bajada,-0.007154,-0.007156,-0.007154,29.890000,0.0,0.002,0.0
11:10:38,2599,1,bajada,-0.007154,-0.007155,-0.007155,29.890000,0.0,0.001,0.0
11:10:39,2600,1,bajada,-0.007154,-0.007155,-0.007153,29.890000,0.0,0.001,0.0
11:10:39,2601,1,bajada,-0.007154,-0.007155,-0.007154,29.890000,0.0,0.001,0.0
11:10:39,2602,1,bajada,-0.007155,-0.007155,-0.007154,29.890000,0.0,0.001,0.0
11:10:39,2603,1,bajada,-0.007157,-0.007155,-0.007154,29.890000,0.0,0.001,0.0
11:10:39,2604,1,bajada,-0.007157,-0.007155,-0.007155,29.890000,0.0,0.001,0.0
11:10:39,2605,1,bajada,-0.007156,-0.007155,-0.007153,29.890000,0.0,0.001,0.0
11:10:39,2606,1,bajada,-0.007155,-0.007155,-0.007155,29.900000,0.0,0.001,0.0
11:10:39,2607,1,bajada,-0.007155,-0.007155,-0.007155,29.900000,0.001,0.0,0.0
11:10:39,2608,1,bajada,-0.007155,-0.007155,-0.007155,29.890000,0.0,0.001,0.0
11:10:39,2609,1,bajada,-0.007155,-0.007155,-0.007157,29.890000,0.0,0.001,0.0
11:10:39,2610,1,bajada,-0.007155,-0.007155,-0.007157,29.900000,0.0,0.0,0.0
11:10:39,2611,1,bajada,-0.007154,-0.007155,-0.007155,29.900000,0.0,0.001,0.0
11:10:39,2612,1,bajada,-0.007152,-0.007155,-0.007156,29.900000,0.0,0.001,0.0
11:10:39,2613,1,bajada,-0.007152,-0.007155,-0.007154,29.900000,0.0,0.001,0.0
11:10:39,2614,1,bajada,-0.007153,-0.007154,-0.007155,29.900000,0.0,0.001,0.0
11:10:39,2615,1,bajada,-0.007154,-0.007154,-0.007155,29.900000,0.0,0.001,0.0
11:10:39,2616,1,bajada,-0.007155,-0.007155,-0.007155,29.900000,0.0,0.001,0.0
11:10:40,2617,1,bajada,-0.007156,-0.007155,-0.007159,29.900000,0.0,0.001,0.0
11:10:40,2618,1,bajada,-0.007155,-0.007155,-0.007158,29.890000,0.001,0.0,0.0
11:10:40,2619,1,bajada,-0.007154,-0.007155,-0.007155,29.890000,0.0,0.001,0.0
11:10:40,2620,1,bajada,-0.007155,-0.007155,-0.007158,29.890000,0.0,0.001,0.0
11:10:40,2621,1,bajada,-0.007154,-0.007155,-0.007158,29.890000,0.0,0.001,0.0
11:10:40,2622,1,bajada,-0.007153,-0.007154,-0.007161,29.900000,0.0,0.001,0.0
11:10:40,2623,1,bajada,-0.007152,-0.007154,-0.007160,29.900000,0.0,0.001,0.0
11:10:40,2624,1,bajada,-0.007151,-0.007154,-0.007158,29.900000,0.0,0.001,0.0
11:10:40,2625,1,bajada,-0.007151,-0.007154,-0.007160,29.900000,0.0,0.001,0.0
11:10:40,2626,1,bajada,-0.007152,-0.007153,-0.007161,29.890000,0.0,0.001,0.0
11:10:40,2627,1,bajada,-0.007153,-0.007153,-0.007160,29.890000,0.0,0.001,0.0
11:10:40,2628,1,bajada,-0.007152,-0.007153,-0.007159,29.900000,0.0,0.001,0.0
11:10:40,2629,1,bajada,-0.007151,-0.007153,-0.007157,29.900000,0.0,0.001,0.0
11:10:40,2630,1,bajada,-0.007152,-0.007153,-0.007158,29.900000,0.0,0.001,0.0
11:10:41,2631,1,bajada,-0.007154,-0.007153,-0.007159,29.900000,0.0,0.001,0.0
11:10:41,2632,1,bajada,-0.007155,-0.007153,-0.007157,29.890000,0.0,0.001,0.0
11:10:41,2633,1,bajada,-0.007155,-0.007153,-0.007157,29.890000,0.001,0.0,0.0
11:10:41,2634,1,bajada,-0.007155,-0.007154,-0.007157,29.900000,0.0,0.001,0.0
11:10:41,2635,1,bajada,-0.007155,-0.007154,-0.007156,29.900000,0.001,0.0,0.0
11:10:41,2636,1,bajada,-0.007156,-0.007154,-0.007158,29.900000,0.0,0.001,0.0
11:10:41,2637,1,bajada,-0.007157,-0.007154,-0.007160,29.900000,0.0,0.001,0.0
11:10:41,2638,1,bajada,-0.007157,-0.007154,-0.007159,29.900000,0.0,0.001,0.0
11:10:41,2639,1,bajada,-0.007156,-0.007155,-0.007158,29.900000,0.001,0.0,0.0
11:10:41,2640,1,bajada,-0.007156,-0.007155,-0.007158,29.890000,0.0,0.001,0.0
11:10:41,2641,1,bajada,-0.007156,-0.007155,-0.007157,29.890000,0.0,0.001,0.0
11:10:41,2642,1,bajada,-0.007157,-0.007155,-0.007157,29.900000,0.0,0.001,0.0
11:10:41,2643,1,bajada,-0.007157,-0.007155,-0.007157,29.900000,0.0,0.001,0.0
11:10:41,2644,1,bajada,-0.007157,-0.007155,-0.007157,29.900000,0.0,0.001,0.0
11:10:41,2645,1,bajada,-0.007156,-0.007155,-0.007157,29.900000,0.0,0.001,0.0
11:10:41,2646,1,bajada,-0.007155,-0.007155,-0.007159,29.890000,0.0,0.001,0.0
11:10:41,2647,1,bajada,-0.007156,-0.007155,-0.007158,29.890000,0.0,0.001,0.0
11:10:41,2648,1,bajada,-0.007158,-0.007156,-0.007159,29.900000,0.0,0.001,0.0
11:10:41,2649,1,bajada,-0.007158,-0.007156,-0.007160,29.900000,0.0,0.001,0.0
11:10:41,2650,1,bajada,-0.007158,-0.007156,-0.007158,29.890000,0.0,0.001,0.0
11:10:41,2651,1,bajada,-0.007158,-0.007156,-0.007159,29.890000,0.0,0.0,0.0
11:10:41,2652,1,bajada,-0.007158,-0.007157,-0.007157,29.900000,0.0,0.001,0.0
11:10:42,2653,1,bajada,-0.007158,-0.007157,-0.007158,29.900000,0.0,0.001,0.0
11:10:42,2654,1,bajada,-0.007158,-0.007157,-0.007155,29.900000,0.0,0.001,0.0
11:10:42,2655,1,bajada,-0.007158,-0.007157,-0.007157,29.890000,0.0,0.001,0.0
11:10:42,2656,1,bajada,-0.007158,-0.007157,-0.007159,29.890000,0.0,0.001,0.0
11:10:42,2657,1,bajada,-0.007158,-0.007157,-0.007162,29.890000,0.0,0.001,0.0
11:10:42,2658,1,bajada,-0.007158,-0.007157,-0.007160,29.890000,0.0,0.001,0.0
11:10:42,2659,1,bajada,-0.007158,-0.007157,-0.007160,29.890000,0.0,0.001,0.0
11:10:42,2660,1,bajada,-0.007157,-0.007157,-0.007159,29.890000,0.001,0.0,0.0
11:10:42,2661,1,bajada,-0.007156,-0.007157,-0.007161,29.900000,0.001,0.0,0.0
11:10:42,2662,1,bajada,-0.007157,-0.007157,-0.007160,29.900000,0.0,0.001,0.0
11:10:42,2663,1,bajada,-0.007157,-0.007157,-0.007157,29.890000,0.0,0.001,0.0
11:10:42,2664,1,bajada,-0.007157,-0.007157,-0.007159,29.890000,0.0,0.001,0.0
11:10:42,2665,1,bajada,-0.007157,-0.007157,-0.007159,29.900000,0.0,0.001,0.0
11:10:42,2666,1,bajada,-0.007157,-0.007157,-0.007159,29.900000,0.0,0.001,0.0
11:10:42,2667,1,bajada,-0.007158,-0.007157,-0.007160,29.900000,0.0,0.001,0.0
11:10:42,2668,1,bajada,-0.007159,-0.007157,-0.007158,29.900000,0.0,0.001,0.0
11:10:42,2669,1,bajada,-0.007160,-0.007158,-0.007159,29.900000,0.0,0.001,0.0
11:10:42,2670,1,bajada,-0.007160,-0.007158,-0.007155,29.900000,0.0,0.001,0.0
11:10:43,2671,1,bajada,-0.007160,-0.007158,-0.007159,29.890000,0.0,0.001,0.0
11:10:43,2672,1,bajada,-0.007159,-0.007158,-0.007159,29.890000,0.0,0.001,0.0
11:10:43,2673,1,bajada,-0.007157,-0.007158,-0.007161,29.890000,0.0,0.001,0.0
11:10:43,2674,1,bajada,-0.007156,-0.007158,-0.007162,29.890000,0.0,0.001,0.0
11:10:43,2675,1,bajada,-0.007155,-0.007158,-0.007159,29.890000,0.0,0.001,0.0
11:10:43,2676,1,bajada,-0.007154,-0.007157,-0.007158,29.890000,0.0,0.001,0.0
11:10:43,2677,1,bajada,-0.007154,-0.007157,-0.007159,29.900000,0.0,0.001,0.0
11:10:43,2678,1,bajada,-0.007154,-0.007157,-0.007159,29.900000,0.0,0.001,0.0
11:10:43,2679,1,bajada,-0.007153,-0.007156,-0.007157,29.900000,0.0,0.001,0.0
11:10:43,2680,1,bajada,-0.007154,-0.007156,-0.007156,29.900000,0.0,0.001,0.0
11:10:43,2681,1,bajada,-0.007154,-0.007156,-0.007157,29.890000,0.001,0.0,0.0
11:10:43,2682,1,bajada,-0.007153,-0.007156,-0.007156,29.890000,0.0,0.001,0.0
11:10:43,2683,1,bajada,-0.007153,-0.007155,-0.007159,29.890000,0.0,0.001,0.0
11:10:43,2684,1,bajada,-0.007153,-0.007155,-0.007157,29.890000,0.0,0.001,0.0
11:10:43,2685,1,bajada,-0.007152,-0.007155,-0.007156,29.900000,0.0,0.001,0.0
11:10:43,2686,1,bajada,-0.007152,-0.007155,-0.007156,29.900000,0.0,0.001,0.0
11:10:43,2687,1,bajada,-0.007152,-0.007154,-0.007156,29.890000,0.0,0.001,0.0
11:10:43,2688,1,bajada,-0.007152,-0.007154,-0.007155,29.890000,0.0,0.001,0.0
11:10:43,2689,1,bajada,-0.007152,-0.007154,-0.007156,29.900000,0.0,0.001,0.0
11:10:43,2690,1,bajada,-0.007153,-0.007154,-0.007156,29.900000,0.0,0.001,0.0
11:10:44,2691,1,bajada,-0.007154,-0.007154,-0.007157,29.890000,0.0,0.001,0.0
11:10:44,2692,1,bajada,-0.007156,-0.007154,-0.007157,29.890000,0.0,0.001,0.0
11:10:44,2693,1,bajada,-0.007156,-0.007154,-0.007158,29.900000,0.0,0.001,0.0
11:10:44,2694,1,bajada,-0.007156,-0.007154,-0.007158,29.900000,0.0,0.001,0.0
11:10:44,2695,1,bajada,-0.007157,-0.007155,-0.007157,29.890000,0.0,0.001,0.0
11:10:44,2696,1,bajada,-0.007158,-0.007155,-0.007160,29.890000,0.0,0.001,0.0
11:10:44,2697,1,bajada,-0.007159,-0.007155,-0.007158,29.900000,0.0,0.001,0.0
11:10:44,2698,1,bajada,-0.007158,-0.007156,-0.007158,29.900000,0.0,0.001,0.0
11:10:44,2699,1,bajada,-0.007158,-0.007156,-0.007159,29.890000,0.0,0.001,0.0
11:10:44,2700,1,bajada,-0.007157,-0.007156,-0.007157,29.890000,0.0,0.001,0.0
11:10:44,2701,1,bajada,-0.007157,-0.007156,-0.007157,29.890000,0.0,0.001,0.0
11:10:44,2702,1,bajada,-0.007158,-0.007156,-0.007157,29.890000,0.0,0.001,0.0
11:10:44,2703,1,bajada,-0.007157,-0.007156,-0.007159,29.890000,0.001,0.0,0.0
11:10:44,2704,1,bajada,-0.007157,-0.007156,-0.007159,29.890000,0.0,0.001,0.0
11:10:44,2705,1,bajada,-0.007156,-0.007156,-0.007157,29.900000,0.001,0.0,0.0
11:10:44,2706,1,bajada,-0.007156,-0.007156,-0.007156,29.900000,0.0,0.001,0.0
11:10:44,2707,1,bajada,-0.007156,-0.007156,-0.007157,29.890000,0.0,0.001,0.0
11:10:44,2708,1,bajada,-0.007156,-0.007156,-0.007155,29.890000,0.0,0.001,0.0
11:10:44,2709,1,bajada,-0.007156,-0.007156,-0.007156,29.890000,0.0,0.001,0.0
11:10:44,2710,1,bajada,-0.007156,-0.007156,-0.007157,29.890000,0.0,0.001,0.0
11:10:44,2711,1,bajada,-0.007155,-0.007156,-0.007159,29.890000,0.0,0.001,0.0
11:10:44,2712,1,bajada,-0.007154,-0.007156,-0.007159,29.890000,0.0,0.001,0.0
11:10:45,2713,1,bajada,-0.007154,-0.007156,-0.007158,29.890000,0.0,0.001,0.0
11:10:45,2714,1,bajada,-0.007156,-0.007156,-0.007157,29.890000,0.0,0.001,0.0
11:10:45,2715,1,bajada,-0.007157,-0.007156,-0.007158,29.900000,0.0,0.001,0.0
11:10:45,2716,1,bajada,-0.007155,-0.007156,-0.007158,29.900000,0.0,0.001,0.0
11:10:45,2717,1,bajada,-0.007155,-0.007156,-0.007156,29.890000,0.0,0.001,0.0
11:10:45,2718,1,bajada,-0.007156,-0.007156,-0.007156,29.890000,0.0,0.001,0.0
11:10:45,2719,1,bajada,-0.007157,-0.007156,-0.007156,29.890000,0.0,0.001,0.0
11:10:45,2720,1,bajada,-0.007158,-0.007156,-0.007157,29.890000,0.0,0.001,0.0
11:10:45,2721,1,bajada,-0.007157,-0.007156,-0.007155,29.900000,0.0,0.001,0.0
11:10:45,2722,1,bajada,-0.007157,-0.007156,-0.007155,29.900000,0.001,0.0,0.0
11:10:45,2723,1,bajada,-0.007158,-0.007156,-0.007154,29.890000,0.0,0.0,0.0
11:10:45,2724,1,bajada,-0.007158,-0.007157,-0.007154,29.890000,0.0,0.001,0.0
11:10:45,2725,1,bajada,-0.007158,-0.007157,-0.007155,29.890000,0.0,0.001,0.0
11:10:45,2726,1,bajada,-0.007159,-0.007157,-0.007156,29.890000,0.0,0.001,0.0
11:10:45,2727,1,bajada,-0.007159,-0.007157,-0.007154,29.890000,0.0,0.001,0.0
11:10:45,2728,1,bajada,-0.007158,-0.007157,-0.007155,29.890000,0.0,0.001,0.0
11:10:45,2729,1,bajada,-0.007158,-0.007157,-0.007156,29.900000,0.0,0.0,0.0
11:10:45,2730,1,bajada,-0.007158,-0.007157,-0.007155,29.900000,0.0,0.001,0.0
11:10:45,2731,1,bajada,-0.007156,-0.007157,-0.007156,29.890000,0.0,0.001,0.0
11:10:45,2732,1,bajada,-0.007155,-0.007157,-0.007156,29.890000,0.0,0.001,0.0
11:10:45,2733,1,bajada,-0.007155,-0.007157,-0.007157,29.890000,0.0,0.001,0.0
11:10:45,2734,1,bajada,-0.007156,-0.007157,-0.007157,29.890000,0.0,0.001,0.0
11:10:45,2735,1,bajada,-0.007156,-0.007157,-0.007155,29.890000,0.0,0.001,0.0
11:10:45,2736,1,bajada,-0.007156,-0.007157,-0.007156,29.890000,0.001,0.0,0.0
11:10:45,2737,1,bajada,-0.007155,-0.007156,-0.007156,29.890000,0.0,0.001,0.0
11:10:46,2738,1,bajada,-0.007155,-0.007156,-0.007156,29.890000,0.0,0.001,0.0
11:10:46,2739,1,bajada,-0.007155,-0.007156,-0.007155,29.890000,0.0,0.001,0.0
11:10:46,2740,1,bajada,-0.007156,-0.007156,-0.007157,29.890000,0.0,0.001,0.0
11:10:46,2741,1,bajada,-0.007156,-0.007156,-0.007158,29.890000,0.0,0.001,0.0
11:10:46,2742,1,bajada,-0.007156,-0.007156,-0.007158,29.890000,0.0,0.001,0.0
11:10:46,2743,1,bajada,-0.007157,-0.007156,-0.007157,29.890000,0.0,0.001,0.0
11:10:46,2744,1,bajada,-0.007157,-0.007156,-0.007155,29.890000,0.0,0.001,0.0
11:10:46,2745,1,bajada,-0.007158,-0.007156,-0.007154,29.890000,0.0,0.001,0.0
11:10:46,2746,1,bajada,-0.007157,-0.007157,-0.007153,29.890000,0.0,0.001,0.0
11:10:46,2747,1,bajada,-0.007156,-0.007157,-0.007154,29.890000,0.0,0.001,0.0
11:10:46,2748,1,bajada,-0.007156,-0.007157,-0.007155,29.890000,0.0,0.001,0.0
11:10:46,2749,1,bajada,-0.007157,-0.007157,-0.007154,29.890000,0.001,0.0,0.0
11:10:46,2750,1,bajada,-0.007157,-0.007157,-0.007156,29.890000,0.0,0.001,0.0
11:10:46,2751,1,bajada,-0.007157,-0.007157,-0.007156,29.890000,0.001,0.0,0.0
11:10:46,2752,1,bajada,-0.007156,-0.007157,-0.007152,29.890000,0.0,0.001,0.0
11:10:46,2753,1,bajada,-0.007154,-0.007156,-0.007152,29.890000,0.0,0.001,0.0
11:10:46,2754,1,bajada,-0.007154,-0.007156,-0.007154,29.890000,0.0,0.001,0.0
11:10:46,2755,1,bajada,-0.007155,-0.007156,-0.007155,29.890000,0.0,0.001,0.0
11:10:46,2756,1,bajada,-0.007155,-0.007156,-0.007155,29.890000,0.0,0.001,0.0
11:10:46,2757,1,bajada,-0.007155,-0.007156,-0.007157,29.900000,0.0,0.001,0.0
11:10:46,2758,1,bajada,-0.007156,-0.007156,-0.007158,29.900000,0.0,0.001,0.0
11:10:46,2759,1,bajada,-0.007158,-0.007156,-0.007157,29.890000,0.0,0.001,0.0
11:10:46,2760,1,bajada,-0.007159,-0.007156,-0.007156,29.890000,0.0,0.001,0.0
11:10:46,2761,1,bajada,-0.007158,-0.007157,-0.007156,29.890000,0.0,0.001,0.0
11:10:46,2762,1,bajada,-0.007157,-0.007157,-0.007156,29.890000,0.0,0.001,0.0
11:10:46,2763,1,bajada,-0.007158,-0.007157,-0.007156,29.890000,0.0,0.001,0.0
11:10:47,2764,1,bajada,-0.007158,-0.007157,-0.007158,29.890000,0.001,0.0,0.0
11:10:47,2765,1,bajada,-0.007159,-0.007157,-0.007157,29.890000,0.0,0.001,0.0
11:10:47,2766,1,bajada,-0.007160,-0.007157,-0.007155,29.890000,0.0,0.001,0.0
11:10:47,2767,1,bajada,-0.007159,-0.007157,-0.007156,29.890000,0.0,0.002,0.0
11:10:47,2768,1,bajada,-0.007157,-0.007157,-0.007156,29.890000,0.0,0.001,0.0
11:10:47,2769,1,bajada,-0.007156,-0.007157,-0.007156,29.890000,0.0,0.002,0.0
11:10:47,2770,1,bajada,-0.007156,-0.007157,-0.007157,29.890000,0.0,0.001,0.0
11:10:47,2771,1,bajada,-0.007156,-0.007157,-0.007157,29.890000,0.0,0.001,0.0
11:10:47,2772,1,bajada,-0.007155,-0.007157,-0.007157,29.890000,0.0,0.001,0.0
11:10:47,2773,1,bajada,-0.007155,-0.007157,-0.007156,29.890000,0.0,0.001,0.0
11:10:47,2774,1,bajada,-0.007155,-0.007157,-0.007156,29.890000,0.0,0.001,0.0
11:10:47,2775,1,bajada,-0.007155,-0.007156,-0.007156,29.890000,0.0,0.001,0.0
11:10:47,2776,1,bajada,-0.007154,-0.007156,-0.007157,29.890000,0.0,0.001,0.0
11:10:47,2777,1,bajada,-0.007154,-0.007156,-0.007158,29.890000,0.0,0.001,0.0
11:10:47,2778,1,bajada,-0.007154,-0.007156,-0.007158,29.890000,0.0,0.001,0.0
11:10:47,2779,1,bajada,-0.007155,-0.007156,-0.007160,29.890000,0.0,0.001,0.0
11:10:47,2780,1,bajada,-0.007155,-0.007156,-0.007160,29.890000,0.0,0.001,0.0
11:10:47,2781,1,bajada,-0.007155,-0.007156,-0.007162,29.890000,0.0,0.001,0.0
11:10:47,2782,1,bajada,-0.007155,-0.007156,-0.007162,29.890000,0.001,0.0,0.0
11:10:48,2783,1,bajada,-0.007157,-0.007156,-0.007161,29.890000,0.0,0.001,0.0
11:10:48,2784,1,bajada,-0.007156,-0.007156,-0.007162,29.890000,0.0,0.001,0.0
11:10:48,2785,1,bajada,-0.007155,-0.007156,-0.007161,29.890000,0.0,0.001,0.0
11:10:48,2786,1,bajada,-0.007155,-0.007156,-0.007160,29.890000,0.001,0.0,0.0
11:10:48,2787,1,bajada,-0.007155,-0.007156,-0.007159,29.890000,0.0,0.001,0.0
11:10:48,2788,1,bajada,-0.007155,-0.007156,-0.007159,29.890000,0.001,0.0,0.0
11:10:48,2789,1,bajada,-0.007156,-0.007156,-0.007161,29.890000,0.0,0.001,0.0
11:10:48,2790,1,bajada,-0.007156,-0.007156,-0.007163,29.890000,0.0,0.001,0.0
11:10:48,2791,1,bajada,-0.007156,-0.007156,-0.007161,29.890000,0.0,0.001,0.0
11:10:48,2792,1,bajada,-0.007157,-0.007156,-0.007160,29.890000,0.0,0.001,0.0
11:10:48,2793,1,bajada,-0.007156,-0.007156,-0.007162,29.890000,0.0,0.001,0.0
11:10:48,2794,1,bajada,-0.007156,-0.007156,-0.007162,29.890000,0.0,0.001,0.0
11:10:48,2795,1,bajada,-0.007156,-0.007156,-0.007163,29.890000,0.0,0.001,0.0
11:10:48,2796,1,bajada,-0.007157,-0.007156,-0.007162,29.890000,0.0,0.001,0.0
11:10:48,2797,1,bajada,-0.007158,-0.007156,-0.007161,29.890000,0.0,0.001,0.0
11:10:48,2798,1,bajada,-0.007158,-0.007156,-0.007160,29.890000,0.0,0.001,0.0
11:10:48,2799,1,bajada,-0.007158,-0.007156,-0.007159,29.890000,0.0,0.001,0.0
11:10:48,2800,1,bajada,-0.007158,-0.007157,-0.007160,29.890000,0.0,0.001,0.0
11:10:48,2801,1,bajada,-0.007158,-0.007157,-0.007158,29.890000,0.0,0.001,0.0
11:10:48,2802,1,bajada,-0.007158,-0.007157,-0.007159,29.890000,0.0,0.001,0.0
11:10:48,2803,1,bajada,-0.007158,-0.007157,-0.007159,29.890000,0.0,0.001,0.0
11:10:48,2804,1,bajada,-0.007158,-0.007157,-0.007160,29.890000,0.0,0.001,0.0
11:10:48,2805,1,bajada,-0.007158,-0.007157,-0.007162,29.890000,0.0,0.001,0.0
11:10:49,2806,1,bajada,-0.007157,-0.007157,-0.007163,29.890000,0.0,0.001,0.0
11:10:49,2807,1,bajada,-0.007157,-0.007157,-0.007161,29.890000,0.0,0.001,0.0
11:10:49,2808,1,bajada,-0.007158,-0.007157,-0.007161,29.890000,0.0,0.001,0.0
11:10:49,2809,1,bajada,-0.007160,-0.007157,-0.007161,29.890000,0.0,0.001,0.0
11:10:49,2810,1,bajada,-0.007161,-0.007158,-0.007162,29.890000,0.0,0.001,0.0
11:10:49,2811,1,bajada,-0.007160,-0.007158,-0.007159,29.890000,0.0,0.001,0.0
11:10:49,2812,1,bajada,-0.007158,-0.007158,-0.007159,29.890000,0.0,0.001,0.0
11:10:49,2813,1,bajada,-0.007158,-0.007158,-0.007159,29.890000,0.0,0.001,0.0
11:10:49,2814,1,bajada,-0.007159,-0.007158,-0.007158,29.890000,0.0,0.001,0.0
11:10:49,2815,1,bajada,-0.007160,-0.007158,-0.007156,29.890000,0.0,0.001,0.0
11:10:49,2816,1,bajada,-0.007160,-0.007159,-0.007157,29.890000,0.0,0.001,0.0
11:10:49,2817,1,bajada,-0.007161,-0.007159,-0.007159,29.890000,0.0,0.001,0.0
11:10:49,2818,1,bajada,-0.007161,-0.007159,-0.007159,29.890000,0.0,0.001,0.0
11:10:49,2819,1,bajada,-0.007161,-0.007159,-0.007159,29.890000,0.0,0.001,0.0
11:10:49,2820,1,bajada,-0.007161,-0.007159,-0.007158,29.890000,0.001,0.0,0.0
11:10:49,2821,1,bajada,-0.007161,-0.007160,-0.007158,29.890000,0.0,0.001,0.0
11:10:50,2822,1,bajada,-0.007161,-0.007160,-0.007157,29.890000,0.0,0.001,0.0
11:10:50,2823,1,bajada,-0.007162,-0.007160,-0.007158,29.890000,0.0,0.001,0.0
11:10:50,2824,1,bajada,-0.007162,-0.007160,-0.007158,29.890000,0.0,0.001,0.0
11:10:50,2825,1,bajada,-0.007162,-0.007160,-0.007158,29.890000,0.0,0.001,0.0
11:10:50,2826,1,bajada,-0.007163,-0.007160,-0.007157,29.890000,0.0,0.001,0.0
11:10:50,2827,1,bajada,-0.007162,-0.007161,-0.007155,29.890000,0.0,0.001,0.0
11:10:50,2828,1,bajada,-0.007160,-0.007161,-0.007155,29.890000,0.0,0.001,0.0
11:10:50,2829,1,bajada,-0.007160,-0.007160,-0.007156,29.890000,0.0,0.0,0.0
11:10:50,2830,1,bajada,-0.007159,-0.007160,-0.007158,29.890000,0.0,0.001,0.0
11:10:50,2831,1,bajada,-0.007159,-0.007160,-0.007158,29.890000,0.001,0.0,0.0
11:10:50,2832,1,bajada,-0.007159,-0.007160,-0.007159,29.890000,0.0,0.001,0.0
11:10:50,2833,1,bajada,-0.007161,-0.007160,-0.007157,29.890000,0.0,0.001,0.0
11:10:50,2834,1,bajada,-0.007161,-0.007160,-0.007155,29.890000,0.0,0.001,0.0
11:10:50,2835,1,bajada,-0.007160,-0.007160,-0.007158,29.890000,0.001,0.0,0.0
11:10:50,2836,1,bajada,-0.007160,-0.007160,-0.007158,29.890000,0.0,0.001,0.0
11:10:50,2837,1,bajada,-0.007160,-0.007160,-0.007158,29.890000,0.0,0.001,0.0
11:10:50,2838,1,bajada,-0.007160,-0.007160,-0.007156,29.890000,0.0,0.001,0.0
11:10:50,2839,1,bajada,-0.007160,-0.007160,-0.007158,29.890000,0.0,0.001,0.0
11:10:50,2840,1,bajada,-0.007160,-0.007160,-0.007157,29.890000,0.0,0.001,0.0
11:10:50,2841,1,bajada,-0.007160,-0.007160,-0.007155,29.890000,0.0,0.001,0.0
11:10:50,2842,1,bajada,-0.007160,-0.007160,-0.007156,29.890000,0.0,0.0,0.0
11:10:50,2843,1,bajada,-0.007161,-0.007160,-0.007154,29.890000,0.0,0.001,0.0
11:10:50,2844,1,bajada,-0.007162,-0.007160,-0.007154,29.890000,0.0,0.001,0.0
11:10:51,2845,1,bajada,-0.007162,-0.007161,-0.007155,29.890000,0.0,0.001,0.0
11:10:51,2846,1,bajada,-0.007162,-0.007161,-0.007155,29.890000,0.001,0.0,0.0
11:10:51,2847,1,bajada,-0.007161,-0.007161,-0.007157,29.890000,0.0,0.001,0.0
11:10:51,2848,1,bajada,-0.007160,-0.007161,-0.007157,29.890000,0.0,0.001,0.0
11:10:51,2849,1,bajada,-0.007160,-0.007161,-0.007157,29.890000,0.001,0.0,0.0
11:10:51,2850,1,bajada,-0.007160,-0.007161,-0.007158,29.890000,0.0,0.001,0.0
11:10:51,2851,1,bajada,-0.007159,-0.007160,-0.007159,29.890000,0.0,0.001,0.0
11:10:51,2852,1,bajada,-0.007160,-0.007160,-0.007160,29.890000,0.0,0.001,0.0
11:10:51,2853,1,bajada,-0.007162,-0.007161,-0.007161,29.890000,0.0,0.001,0.0
11:10:51,2854,1,bajada,-0.007162,-0.007161,-0.007161,29.890000,0.0,0.001,0.0
11:10:51,2855,1,bajada,-0.007162,-0.007161,-0.007159,29.890000,0.0,0.001,0.0
11:10:51,2856,1,bajada,-0.007163,-0.007161,-0.007158,29.890000,0.0,0.001,0.0
11:10:51,2857,1,bajada,-0.007163,-0.007161,-0.007159,29.890000,0.0,0.001,0.0
11:10:51,2858,1,bajada,-0.007163,-0.007161,-0.007158,29.890000,0.0,0.001,0.0
11:10:51,2859,1,bajada,-0.007163,-0.007162,-0.007159,29.890000,0.001,0.0,0.0
11:10:51,2860,1,bajada,-0.007161,-0.007162,-0.007159,29.890000,0.0,0.001,0.0
11:10:51,2861,1,bajada,-0.007160,-0.007161,-0.007160,29.890000,0.001,0.0,0.0
11:10:51,2862,1,bajada,-0.007161,-0.007161,-0.007158,29.890000,0.0,0.001,0.0
11:10:51,2863,1,bajada,-0.007162,-0.007161,-0.007160,29.890000,0.0,0.001,0.0
11:10:51,2864,1,bajada,-0.007161,-0.007161,-0.007160,29.890000,0.0,0.001,0.0
11:10:51,2865,1,bajada,-0.007160,-0.007161,-0.007162,29.890000,0.0,0.0,0.0
11:10:51,2866,1,bajada,-0.007160,-0.007161,-0.007163,29.890000,0.0,0.001,0.0
11:10:51,2867,1,bajada,-0.007159,-0.007161,-0.007161,29.890000,0.0,0.001,0.0
11:10:51,2868,1,bajada,-0.007159,-0.007161,-0.007161,29.890000,0.0,0.001,0.0
11:10:52,2869,1,bajada,-0.007160,-0.007161,-0.007156,29.890000,0.0,0.001,0.0
11:10:52,2870,1,bajada,-0.007161,-0.007161,-0.007155,29.890000,0.0,0.001,0.0
11:10:52,2871,1,bajada,-0.007162,-0.007161,-0.007157,29.890000,0.0,0.001,0.0
11:10:52,2872,1,bajada,-0.007163,-0.007161,-0.007158,29.890000,0.0,0.001,0.0
11:10:52,2873,1,bajada,-0.007163,-0.007161,-0.007159,29.890000,0.0,0.001,0.0
11:10:52,2874,1,bajada,-0.007163,-0.007161,-0.007160,29.890000,0.0,0.001,0.0
11:10:52,2875,1,bajada,-0.007162,-0.007161,-0.007158,29.890000,0.001,0.0,0.0
11:10:52,2876,1,bajada,-0.007161,-0.007161,-0.007158,29.890000,0.0,0.001,0.0
11:10:52,2877,1,bajada,-0.007161,-0.007161,-0.007157,29.890000,0.0,0.001,0.0
11:10:52,2878,1,bajada,-0.007161,-0.007161,-0.007157,29.890000,0.0,0.001,0.0
11:10:52,2879,1,bajada,-0.007160,-0.007161,-0.007157,29.890000,0.0,0.001,0.0
11:10:52,2880,1,bajada,-0.007159,-0.007161,-0.007159,29.890000,0.0,0.001,0.0
11:10:52,2881,1,bajada,-0.007159,-0.007161,-0.007158,29.890000,0.0,0.001,0.0
11:10:52,2882,1,bajada,-0.007159,-0.007161,-0.007159,29.890000,0.0,0.001,0.0
11:10:52,2883,1,bajada,-0.007160,-0.007161,-0.007159,29.890000,0.0,0.001,0.0
11:10:52,2884,1,bajada,-0.007159,-0.007160,-0.007158,29.890000,0.0,0.001,0.0
11:10:52,2885,1,bajada,-0.007158,-0.007160,-0.007158,29.890000,0.0,0.001,0.0
11:10:52,2886,1,bajada,-0.007159,-0.007160,-0.007159,29.890000,0.0,0.001,0.0
11:10:52,2887,1,bajada,-0.007159,-0.007160,-0.007160,29.890000,0.0,0.001,0.0
11:10:52,2888,1,bajada,-0.007158,-0.007160,-0.007160,29.890000,0.0,0.001,0.0
11:10:52,2889,1,bajada,-0.007159,-0.007160,-0.007159,29.890000,0.0,0.001,0.0
11:10:52,2890,1,bajada,-0.007159,-0.007160,-0.007159,29.890000,0.001,0.0,0.0
11:10:52,2891,1,bajada,-0.007160,-0.007160,-0.007160,29.890000,0.0,0.001,0.0
11:10:52,2892,1,bajada,-0.007161,-0.007160,-0.007159,29.890000,0.0,0.001,0.0
11:10:52,2893,1,bajada,-0.007161,-0.007160,-0.007157,29.890000,0.0,0.001,0.0
11:10:53,2894,1,bajada,-0.007162,-0.007160,-0.007157,29.890000,0.0,0.001,0.0
11:10:53,2895,1,bajada,-0.007161,-0.007160,-0.007158,29.890000,0.0,0.001,0.0
11:10:53,2896,1,bajada,-0.007160,-0.007160,-0.007158,29.890000,0.0,0.001,0.0
11:10:53,2897,1,bajada,-0.007160,-0.007160,-0.007157,29.890000,0.0,0.001,0.0
11:10:53,2898,1,bajada,-0.007160,-0.007160,-0.007156,29.890000,0.0,0.001,0.0
11:10:53,2899,1,bajada,-0.007160,-0.007160,-0.007157,29.890000,0.0,0.001,0.0
11:10:53,2900,1,bajada,-0.007160,-0.007160,-0.007156,29.890000,0.0,0.001,0.0
11:10:53,2901,1,bajada,-0.007160,-0.007160,-0.007158,29.890000,0.0,0.001,0.0
11:10:53,2902,1,bajada,-0.007159,-0.007160,-0.007161,29.890000,0.0,0.001,0.0
11:10:53,2903,1,bajada,-0.007158,-0.007160,-0.007160,29.890000,0.0,0.001,0.0
11:10:53,2904,1,bajada,-0.007158,-0.007160,-0.007160,29.890000,0.0,0.001,0.0
11:10:53,2905,1,bajada,-0.007158,-0.007159,-0.007159,29.890000,0.0,0.001,0.0
11:10:53,2906,1,bajada,-0.007159,-0.007159,-0.007159,29.890000,0.0,0.001,0.0
11:10:53,2907,1,bajada,-0.007160,-0.007159,-0.007159,29.890000,0.0,0.001,0.0
11:10:53,2908,1,bajada,-0.007161,-0.007160,-0.007159,29.890000,0.0,0.001,0.0
11:10:53,2909,1,bajada,-0.007161,-0.007160,-0.007158,29.890000,0.0,0.001,0.0
11:10:53,2910,1,bajada,-0.007160,-0.007160,-0.007158,29.890000,0.0,0.001,0.0
11:10:53,2911,1,bajada,-0.007160,-0.007160,-0.007155,29.890000,0.0,0.0,0.0
11:10:54,2912,1,bajada,-0.007159,-0.007160,-0.007157,29.890000,0.0,0.001,0.0
11:10:54,2913,1,bajada,-0.007158,-0.007160,-0.007156,29.890000,0.001,0.0,0.0
11:10:54,2914,1,bajada,-0.007158,-0.007159,-0.007157,29.890000,0.0,0.001,0.0
11:10:54,2915,1,bajada,-0.007158,-0.007159,-0.007156,29.890000,0.0,0.001,0.0
11:10:54,2916,1,bajada,-0.007158,-0.007159,-0.007157,29.890000,0.0,0.001,0.0
11:10:54,2917,1,bajada,-0.007157,-0.007159,-0.007156,29.890000,0.0,0.001,0.0
11:10:54,2918,1,bajada,-0.007157,-0.007159,-0.007156,29.890000,0.0,0.001,0.0
11:10:54,2919,1,bajada,-0.007157,-0.007159,-0.007157,29.890000,0.0,0.001,0.0
11:10:54,2920,1,bajada,-0.007157,-0.007158,-0.007155,29.890000,0.0,0.001,0.0
11:10:54,2921,1,bajada,-0.007158,-0.007158,-0.007157,29.890000,0.0,0.001,0.0
11:10:54,2922,1,bajada,-0.007159,-0.007158,-0.007157,29.890000,0.0,0.001,0.0
11:10:54,2923,1,bajada,-0.007159,-0.007158,-0.007157,29.890000,0.0,0.001,0.0
11:10:54,2924,1,bajada,-0.007160,-0.007159,-0.007158,29.890000,0.0,0.001,0.0
11:10:54,2925,1,bajada,-0.007159,-0.007159,-0.007161,29.890000,0.0,0.001,0.0
11:10:54,2926,1,bajada,-0.007159,-0.007159,-0.007159,29.890000,0.0,0.001,0.0
11:10:54,2927,1,bajada,-0.007158,-0.007159,-0.007159,29.890000,0.0,0.001,0.0
11:10:54,2928,1,bajada,-0.007158,-0.007158,-0.007158,29.890000,0.0,0.001,0.0
11:10:54,2929,1,bajada,-0.007159,-0.007159,-0.007160,29.890000,0.0,0.001,0.0
11:10:54,2930,1,bajada,-0.007159,-0.007159,-0.007159,29.890000,0.0,0.001,0.0
11:10:54,2931,1,bajada,-0.007159,-0.007159,-0.007159,29.890000,0.0,0.001,0.0
11:10:54,2932,1,bajada,-0.007159,-0.007159,-0.007159,29.880000,0.001,0.0,0.0
11:10:54,2933,1,bajada,-0.007158,-0.007159,-0.007158,29.880000,0.0,0.001,0.0
11:10:55,2934,1,bajada,-0.007157,-0.007158,-0.007159,29.890000,0.0,0.001,0.0
11:10:55,2935,1,bajada,-0.007156,-0.007158,-0.007157,29.890000,0.0,0.001,0.0
11:10:55,2936,1,bajada,-0.007161,-0.007161,-0.007156,29.880000,0.0,0.001,0.0
11:11:06,2937,2,subida,-0.007160,-0.007160,-0.007158,29.880000,0.0,0.001,0.0
11:11:06,2938,2,subida,-0.007159,-0.007160,-0.007157,29.880000,0.0,0.001,0.0
11:11:06,2939,2,subida,-0.007160,-0.007160,-0.007158,29.880000,0.0,0.0,0.0
11:11:06,2940,2,subida,-0.007160,-0.007160,-0.007158,29.880000,0.0,0.001,0.0
11:11:06,2941,2,subida,-0.007160,-0.007160,-0.007158,29.880000,0.0,0.001,0.0
11:11:06,2942,2,subida,-0.007160,-0.007160,-0.007160,29.880000,0.0,0.001,0.0
11:11:06,2943,2,subida,-0.007159,-0.007160,-0.007158,29.880000,0.0,0.001,0.0
11:11:06,2944,2,subida,-0.007159,-0.007160,-0.007160,29.880000,0.0,0.001,0.0
11:11:06,2945,2,subida,-0.007159,-0.007160,-0.007161,29.880000,0.0,0.001,0.0
11:11:06,2946,2,subida,-0.007159,-0.007160,-0.007159,29.880000,0.0,0.001,0.0
11:11:06,2947,2,subida,-0.007159,-0.007160,-0.007158,29.880000,0.0,0.001,0.0
11:11:06,2948,2,subida,-0.007158,-0.007159,-0.007158,29.880000,0.0,0.001,0.0
11:11:06,2949,2,subida,-0.007158,-0.007159,-0.007160,29.880000,0.0,0.001,0.0
11:11:06,2950,2,subida,-0.007158,-0.007159,-0.007162,29.880000,0.0,0.001,0.0
11:11:06,2951,2,subida,-0.007158,-0.007159,-0.007160,29.880000,0.0,0.001,0.0
11:11:07,2952,2,subida,-0.007158,-0.007159,-0.007162,29.880000,0.0,0.001,0.0
11:11:07,2953,2,subida,-0.007157,-0.007159,-0.007160,29.880000,0.0,0.001,0.0
11:11:07,2954,2,subida,-0.007157,-0.007159,-0.007158,29.880000,0.0,0.001,0.0
11:11:07,2955,2,subida,-0.007156,-0.007158,-0.007159,29.880000,0.001,0.0,0.0
11:11:07,2956,2,subida,-0.007156,-0.007158,-0.007158,29.880000,0.0,0.001,0.0
11:11:07,2957,2,subida,-0.007157,-0.007158,-0.007158,29.880000,0.0,0.001,0.0
11:11:07,2958,2,subida,-0.007157,-0.007158,-0.007158,29.880000,0.0,0.001,0.0
11:11:07,2959,2,subida,-0.007157,-0.007158,-0.007157,29.880000,0.0,0.001,0.0
11:11:07,2960,2,subida,-0.007158,-0.007158,-0.007154,29.880000,0.0,0.001,0.0
11:11:07,2961,2,subida,-0.007160,-0.007158,-0.007154,29.880000,0.0,0.001,0.0
11:11:07,2962,2,subida,-0.007161,-0.007158,-0.007154,29.880000,0.0,0.001,0.0
11:11:07,2963,2,subida,-0.007160,-0.007159,-0.007155,29.880000,0.0,0.001,0.0
11:11:07,2964,2,subida,-0.007160,-0.007159,-0.007155,29.880000,0.0,0.001,0.0
11:11:07,2965,2,subida,-0.007159,-0.007159,-0.007155,29.880000,0.0,0.001,0.0
11:11:07,2966,2,subida,-0.007159,-0.007159,-0.007155,29.880000,0.0,0.001,0.0
11:11:07,2967,2,subida,-0.007160,-0.007159,-0.007154,29.880000,0.0,0.001,0.0
11:11:07,2968,2,subida,-0.007160,-0.007159,-0.007157,29.880000,0.0,0.001,0.0
11:11:07,2969,2,subida,-0.007161,-0.007159,-0.007158,29.880000,0.0,0.001,0.0
11:11:07,2970,2,subida,-0.007160,-0.007159,-0.007159,29.880000,0.0,0.001,0.0
11:11:07,2971,2,subida,-0.007160,-0.007159,-0.007157,29.880000,0.0,0.001,0.0
11:11:07,2972,2,subida,-0.007161,-0.007159,-0.007157,29.880000,0.001,0.0,0.0
11:11:08,2973,2,subida,-0.007161,-0.007160,-0.007159,29.880000,0.0,0.001,0.0
11:11:08,2974,2,subida,-0.007161,-0.007160,-0.007157,29.880000,0.0,0.001,0.0
11:11:08,2975,2,subida,-0.007160,-0.007160,-0.007160,29.880000,0.0,0.001,0.0
11:11:08,2976,2,subida,-0.007159,-0.007160,-0.007158,29.880000,0.0,0.001,0.0
11:11:08,2977,2,subida,-0.007160,-0.007160,-0.007156,29.880000,0.001,0.0,0.0
11:11:08,2978,2,subida,-0.007161,-0.007160,-0.007155,29.880000,0.0,0.001,0.0
11:11:08,2979,2,subida,-0.007162,-0.007160,-0.007159,29.880000,0.0,0.001,0.0
11:11:08,2980,2,subida,-0.007163,-0.007160,-0.007159,29.880000,0.0,0.001,0.0
11:11:08,2981,2,subida,-0.007163,-0.007161,-0.007160,29.880000,0.001,0.0,0.0
11:11:08,2982,2,subida,-0.007165,-0.007161,-0.007161,29.880000,0.0,0.001,0.0
11:11:08,2983,2,subida,-0.007165,-0.007161,-0.007162,29.880000,0.001,0.0,0.0
11:11:08,2984,2,subida,-0.007166,-0.007162,-0.007163,29.880000,0.0,0.001,0.0
11:11:08,2985,2,subida,-0.007165,-0.007162,-0.007162,29.880000,0.0,0.001,0.0
11:11:08,2986,2,subida,-0.007163,-0.007162,-0.007159,29.880000,0.0,0.001,0.0
11:11:08,2987,2,subida,-0.007163,-0.007162,-0.007161,29.880000,0.0,0.001,0.0
11:11:08,2988,2,subida,-0.007164,-0.007162,-0.007161,29.880000,0.0,0.001,0.0
11:11:08,2989,2,subida,-0.007163,-0.007163,-0.007162,29.880000,0.0,0.001,0.0
11:11:08,2990,2,subida,-0.007163,-0.007163,-0.007161,29.880000,0.0,0.001,0.0
11:11:08,2991,2,subida,-0.007163,-0.007163,-0.007160,29.880000,0.0,0.001,0.0
11:11:08,2992,2,subida,-0.007164,-0.007163,-0.007160,29.880000,0.0,0.001,0.0
11:11:08,2993,2,subida,-0.007164,-0.007163,-0.007160,29.880000,0.0,0.001,0.0
11:11:09,2994,2,subida,-0.007164,-0.007163,-0.007162,29.880000,0.0,0.001,0.0
11:11:09,2995,2,subida,-0.007164,-0.007163,-0.007162,29.880000,0.0,0.001,0.0
11:11:09,2996,2,subida,-0.007165,-0.007163,-0.007163,29.880000,0.0,0.001,0.0
11:11:09,2997,2,subida,-0.007164,-0.007163,-0.007163,29.880000,0.0,0.001,0.0
11:11:09,2998,2,subida,-0.007163,-0.007163,-0.007160,29.880000,0.0,0.001,0.0
11:11:09,2999,2,subida,-0.007162,-0.007163,-0.007159,29.880000,0.0,0.001,0.0
11:11:09,3000,2,subida,-0.007163,-0.007163,-0.007161,29.880000,0.0,0.001,0.0
11:11:09,3001,2,subida,-0.007163,-0.007163,-0.007162,29.880000,0.0,0.001,0.0
11:11:09,3002,2,subida,-0.007163,-0.007163,-0.007162,29.880000,0.0,0.001,0.0
11:11:09,3003,2,subida,-0.007164,-0.007163,-0.007162,29.880000,0.0,0.001,0.0
11:11:09,3004,2,subida,-0.007163,-0.007163,-0.007160,29.880000,0.0,0.001,0.0
11:11:09,3005,2,subida,-0.007163,-0.007163,-0.007162,29.880000,0.0,0.0,0.0
11:11:09,3006,2,subida,-0.007164,-0.007163,-0.007158,29.880000,0.0,0.001,0.0
11:11:09,3007,2,subida,-0.007165,-0.007163,-0.007159,29.880000,0.0,0.001,0.0
11:11:09,3008,2,subida,-0.007165,-0.007164,-0.007159,29.880000,0.001,0.0,0.0
11:11:09,3009,2,subida,-0.007163,-0.007163,-0.007158,29.880000,0.0,0.001,0.0
11:11:09,3010,2,subida,-0.007162,-0.007163,-0.007161,29.880000,0.001,0.0,0.0
11:11:09,3011,2,subida,-0.007162,-0.007163,-0.007160,29.880000,0.0,0.001,0.0
11:11:09,3012,2,subida,-0.007161,-0.007163,-0.007159,29.880000,0.0,0.001,0.0
11:11:09,3013,2,subida,-0.007160,-0.007163,-0.007159,29.880000,0.0,0.001,0.0
11:11:09,3014,2,subida,-0.007159,-0.007162,-0.007161,29.880000,0.0,0.001,0.0
11:11:10,3015,2,subida,-0.007159,-0.007162,-0.007159,29.880000,0.0,0.001,0.0
11:11:10,3016,2,subida,-0.007159,-0.007162,-0.007157,29.880000,0.0,0.001,0.0
11:11:10,3017,2,subida,-0.007159,-0.007162,-0.007160,29.880000,0.0,0.001,0.0
11:11:10,3018,2,subida,-0.007158,-0.007161,-0.007157,29.880000,0.0,0.001,0.0
11:11:10,3019,2,subida,-0.007158,-0.007161,-0.007158,29.880000,0.0,0.001,0.0
11:11:10,3020,2,subida,-0.007158,-0.007161,-0.007158,29.880000,0.0,0.001,0.0
11:11:10,3021,2,subida,-0.007157,-0.007160,-0.007159,29.880000,0.0,0.001,0.0
11:11:10,3022,2,subida,-0.007157,-0.007160,-0.007159,29.880000,0.0,0.001,0.0
11:11:10,3023,2,subida,-0.007158,-0.007160,-0.007158,29.880000,0.0,0.001,0.0
11:11:10,3024,2,subida,-0.007159,-0.007160,-0.007158,29.880000,0.0,0.001,0.0
11:11:10,3025,2,subida,-0.007160,-0.007160,-0.007156,29.880000,0.0,0.001,0.0
11:11:10,3026,2,subida,-0.007160,-0.007160,-0.007158,29.880000,0.0,0.001,0.0
11:11:10,3027,2,subida,-0.007162,-0.007160,-0.007158,29.880000,0.0,0.001,0.0
11:11:10,3028,2,subida,-0.007164,-0.007160,-0.007159,29.880000,0.0,0.001,0.0
11:11:10,3029,2,subida,-0.007164,-0.007161,-0.007159,29.880000,0.0,0.001,0.0
11:11:10,3030,2,subida,-0.007162,-0.007161,-0.007160,29.880000,0.0,0.001,0.0
11:11:10,3031,2,subida,-0.007161,-0.007161,-0.007160,29.880000,0.0,0.001,0.0
11:11:10,3032,2,subida,-0.007161,-0.007161,-0.007159,29.880000,0.001,0.0,0.0
11:11:10,3033,2,subida,-0.007162,-0.007161,-0.007158,29.880000,0.0,0.001,0.0
11:11:10,3034,2,subida,-0.007162,-0.007161,-0.007159,29.880000,0.0,0.001,0.0
11:11:10,3035,2,subida,-0.007163,-0.007161,-0.007160,29.880000,0.0,0.001,0.0
11:11:10,3036,2,subida,-0.007164,-0.007162,-0.007158,29.880000,0.0,0.001,0.0
11:11:10,3037,2,subida,-0.007163,-0.007162,-0.007159,29.880000,0.0,0.001,0.0
11:11:10,3038,2,subida,-0.007162,-0.007162,-0.007158,29.880000,0.0,0.001,0.0
11:11:11,3039,2,subida,-0.007162,-0.007162,-0.007157,29.880000,0.0,0.001,0.0
11:11:11,3040,2,subida,-0.007163,-0.007162,-0.007156,29.880000,0.0,0.001,0.0
11:11:11,3041,2,subida,-0.007164,-0.007162,-0.007157,29.880000,0.0,0.001,0.0
11:11:11,3042,2,subida,-0.007164,-0.007162,-0.007158,29.880000,0.0,0.0,0.0
11:11:11,3043,2,subida,-0.007165,-0.007162,-0.007158,29.880000,0.0,0.001,0.0
11:11:11,3044,2,subida,-0.007165,-0.007163,-0.007158,29.880000,0.0,0.001,0.0
11:11:11,3045,2,subida,-0.007162,-0.007163,-0.007158,29.880000,0.0,0.001,0.0
11:11:11,3046,2,subida,-0.007161,-0.007163,-0.007158,29.880000,0.0,0.001,0.0
11:11:11,3047,2,subida,-0.007162,-0.007162,-0.007160,29.880000,0.0,0.001,0.0
11:11:11,3048,2,subida,-0.007162,-0.007162,-0.007161,29.880000,0.0,0.001,0.0
11:11:11,3049,2,subida,-0.007161,-0.007162,-0.007160,29.870000,0.0,0.001,0.0
11:11:11,3050,2,subida,-0.007161,-0.007162,-0.007160,29.870000,0.0,0.001,0.0
11:11:11,3051,2,subida,-0.007160,-0.007162,-0.007159,29.880000,0.0,0.001,0.0
11:11:11,3052,2,subida,-0.007160,-0.007162,-0.007160,29.880000,0.0,0.001,0.0
11:11:11,3053,2,subida,-0.007161,-0.007162,-0.007159,29.880000,0.0,0.001,0.0
11:11:11,3054,2,subida,-0.007161,-0.007162,-0.007159,29.880000,0.0,0.0,0.0
11:11:11,3055,2,subida,-0.007161,-0.007162,-0.007161,29.880000,0.0,0.001,0.0
11:11:11,3056,2,subida,-0.007161,-0.007162,-0.007159,29.880000,0.0,0.001,0.0
11:11:11,3057,2,subida,-0.007161,-0.007162,-0.007159,29.880000,0.0,0.001,0.0
11:11:11,3058,2,subida,-0.007162,-0.007162,-0.007158,29.880000,0.001,0.0,0.0
11:11:11,3059,2,subida,-0.007162,-0.007162,-0.007157,29.880000,0.0,0.001,0.0
11:11:12,3060,2,subida,-0.007161,-0.007162,-0.007157,29.880000,0.0,0.001,0.0
11:11:12,3061,2,subida,-0.007160,-0.007161,-0.007159,29.880000,0.0,0.001,0.0
11:11:12,3062,2,subida,-0.007161,-0.007161,-0.007159,29.880000,0.0,0.001,0.0
11:11:12,3063,2,subida,-0.007162,-0.007161,-0.007160,29.880000,0.0,0.001,0.0
11:11:12,3064,2,subida,-0.007163,-0.007161,-0.007160,29.880000,0.0,0.001,0.0
11:11:12,3065,2,subida,-0.007163,-0.007162,-0.007159,29.880000,0.0,0.001,0.0
11:11:12,3066,2,subida,-0.007162,-0.007162,-0.007159,29.880000,0.0,0.001,0.0
11:11:12,3067,2,subida,-0.007161,-0.007162,-0.007160,29.880000,0.0,0.001,0.0
11:11:12,3068,2,subida,-0.007161,-0.007162,-0.007161,29.880000,0.0,0.001,0.0
11:11:12,3069,2,subida,-0.007162,-0.007162,-0.007159,29.880000,0.0,0.001,0.0
11:11:12,3070,2,subida,-0.007162,-0.007162,-0.007159,29.880000,0.0,0.001,0.0
11:11:12,3071,2,subida,-0.007162,-0.007162,-0.007160,29.880000,0.0,0.001,0.0
11:11:12,3072,2,subida,-0.007161,-0.007162,-0.007159,29.880000,0.001,0.0,0.0
11:11:12,3073,2,subida,-0.007160,-0.007161,-0.007161,29.880000,0.0,0.001,0.0
11:11:12,3074,2,subida,-0.007160,-0.007161,-0.007162,29.880000,0.0,0.001,0.0
11:11:12,3075,2,subida,-0.007159,-0.007161,-0.007162,29.880000,0.0,0.001,0.0
11:11:12,3076,2,subida,-0.007159,-0.007161,-0.007161,29.880000,0.0,0.001,0.0
11:11:12,3077,2,subida,-0.007160,-0.007161,-0.007161,29.880000,0.0,0.001,0.0
11:11:12,3078,2,subida,-0.007160,-0.007161,-0.007163,29.880000,0.0,0.001,0.0
11:11:12,3079,2,subida,-0.007160,-0.007161,-0.007162,29.880000,0.001,0.0,0.0
11:11:12,3080,2,subida,-0.007159,-0.007160,-0.007161,29.880000,0.0,0.001,0.0
11:11:13,3081,2,subida,-0.007158,-0.007160,-0.007160,29.880000,0.0,0.001,0.0
11:11:13,3082,2,subida,-0.007159,-0.007160,-0.007160,29.880000,0.0,0.001,0.0
11:11:13,3083,2,subida,-0.007159,-0.007160,-0.007160,29.880000,0.0,0.001,0.0
11:11:13,3084,2,subida,-0.007160,-0.007160,-0.007161,29.880000,0.0,0.001,0.0
11:11:13,3085,2,subida,-0.007160,-0.007160,-0.007160,29.880000,0.0,0.001,0.0
11:11:13,3086,2,subida,-0.007159,-0.007160,-0.007160,29.880000,0.0,0.001,0.0
11:11:13,3087,2,subida,-0.007159,-0.007160,-0.007160,29.880000,0.0,0.001,0.0
11:11:13,3088,2,subida,-0.007158,-0.007160,-0.007159,29.880000,0.001,0.0,0.0
11:11:13,3089,2,subida,-0.007157,-0.007159,-0.007159,29.880000,0.0,0.001,0.0
11:11:13,3090,2,subida,-0.007156,-0.007159,-0.007158,29.880000,0.0,0.001,0.0
11:11:13,3091,2,subida,-0.007156,-0.007159,-0.007160,29.880000,0.0,0.001,0.0
11:11:13,3092,2,subida,-0.007157,-0.007159,-0.007162,29.880000,0.0,0.001,0.0
11:11:13,3093,2,subida,-0.007159,-0.007159,-0.007160,29.880000,0.0,0.001,0.0
11:11:13,3094,2,subida,-0.007159,-0.007159,-0.007160,29.880000,0.0,0.001,0.0
11:11:13,3095,2,subida,-0.007159,-0.007159,-0.007162,29.880000,0.0,0.001,0.0
11:11:13,3096,2,subida,-0.007157,-0.007159,-0.007160,29.880000,0.0,0.001,0.0
11:11:13,3097,2,subida,-0.007156,-0.007158,-0.007159,29.880000,0.0,0.001,0.0
11:11:13,3098,2,subida,-0.007156,-0.007158,-0.007158,29.880000,0.0,0.001,0.0
11:11:13,3099,2,subida,-0.007156,-0.007158,-0.007159,29.880000,0.0,0.001,0.0
11:11:13,3100,2,subida,-0.007156,-0.007158,-0.007161,29.880000,0.0,0.001,0.0
11:11:13,3101,2,subida,-0.007156,-0.007158,-0.007157,29.880000,0.0,0.001,0.0
11:11:13,3102,2,subida,-0.007156,-0.007157,-0.007157,29.880000,0.0,0.001,0.0
11:11:14,3103,2,subida,-0.007156,-0.007157,-0.007159,29.870000,0.0,0.001,0.0
11:11:14,3104,2,subida,-0.007156,-0.007157,-0.007158,29.870000,0.0,0.001,0.0
11:11:14,3105,2,subida,-0.007157,-0.007157,-0.007160,29.880000,0.0,0.001,0.0
11:11:14,3106,2,subida,-0.007158,-0.007157,-0.007160,29.880000,0.0,0.001,0.0
11:11:14,3107,2,subida,-0.007156,-0.007157,-0.007161,29.880000,0.0,0.001,0.0
11:11:14,3108,2,subida,-0.007155,-0.007157,-0.007160,29.880000,0.0,0.001,0.0
11:11:14,3109,2,subida,-0.007155,-0.007157,-0.007162,29.880000,0.0,0.001,0.0
11:11:14,3110,2,subida,-0.007156,-0.007157,-0.007160,29.880000,0.001,0.0,0.0
11:11:14,3111,2,subida,-0.007156,-0.007157,-0.007160,29.880000,0.0,0.001,0.0
11:11:14,3112,2,subida,-0.007156,-0.007157,-0.007163,29.880000,0.0,0.001,0.0
11:11:14,3113,2,subida,-0.007156,-0.007156,-0.007163,29.880000,0.0,0.001,0.0
11:11:14,3114,2,subida,-0.007155,-0.007156,-0.007158,29.880000,0.0,0.001,0.0
11:11:14,3115,2,subida,-0.007155,-0.007156,-0.007160,29.880000,0.0,0.001,0.0
11:11:14,3116,2,subida,-0.007155,-0.007156,-0.007158,29.880000,0.0,0.001,0.0
11:11:14,3117,2,subida,-0.007157,-0.007156,-0.007160,29.880000,0.0,0.001,0.0
11:11:14,3118,2,subida,-0.007157,-0.007156,-0.007160,29.880000,0.0,0.001,0.0
11:11:14,3119,2,subida,-0.007157,-0.007156,-0.007161,29.880000,0.0,0.001,0.0
11:11:14,3120,2,subida,-0.007157,-0.007156,-0.007160,29.880000,0.0,0.001,0.0
11:11:14,3121,2,subida,-0.007157,-0.007156,-0.007161,29.880000,0.001,0.0,0.0
11:11:15,3122,2,subida,-0.007158,-0.007157,-0.007162,29.880000,0.0,0.001,0.0
11:11:15,3123,2,subida,-0.007158,-0.007157,-0.007160,29.880000,0.0,0.001,0.0
11:11:15,3124,2,subida,-0.007157,-0.007157,-0.007159,29.880000,0.0,0.001,0.0
11:11:15,3125,2,subida,-0.007156,-0.007157,-0.007158,29.870000,0.0,0.001,0.0
11:11:15,3126,2,subida,-0.007156,-0.007157,-0.007158,29.870000,0.0,0.001,0.0
11:11:15,3127,2,subida,-0.007156,-0.007157,-0.007157,29.880000,0.0,0.001,0.0
11:11:15,3128,2,subida,-0.007155,-0.007156,-0.007158,29.880000,0.0,0.001,0.0
11:11:15,3129,2,subida,-0.007156,-0.007156,-0.007156,29.880000,0.001,0.0,0.0
11:11:15,3130,2,subida,-0.007156,-0.007156,-0.007156,29.880000,0.0,0.001,0.0
11:11:15,3131,2,subida,-0.007157,-0.007156,-0.007156,29.880000,0.001,0.0,0.0
11:11:15,3132,2,subida,-0.007157,-0.007157,-0.007155,29.880000,0.0,0.001,0.0
11:11:15,3133,2,subida,-0.007158,-0.007157,-0.007157,29.880000,0.0,0.001,0.0
11:11:15,3134,2,subida,-0.007159,-0.007157,-0.007158,29.880000,0.001,0.0,0.0
11:11:15,3135,2,subida,-0.007160,-0.007157,-0.007159,29.880000,0.0,0.001,0.0
11:11:15,3136,2,subida,-0.007160,-0.007158,-0.007157,29.880000,0.0,0.001,0.0
11:11:15,3137,2,subida,-0.007161,-0.007158,-0.007155,29.870000,0.0,0.001,0.0
11:11:15,3138,2,subida,-0.007161,-0.007158,-0.007156,29.870000,0.0,0.001,0.0
11:11:15,3139,2,subida,-0.007161,-0.007158,-0.007156,29.870000,0.0,0.001,0.0
11:11:15,3140,2,subida,-0.007162,-0.007159,-0.007157,29.870000,0.0,0.001,0.0
11:11:15,3141,2,subida,-0.007162,-0.007159,-0.007157,29.880000,0.0,0.001,0.0
11:11:15,3142,2,subida,-0.007161,-0.007159,-0.007157,29.880000,0.0,0.001,0.0
11:11:16,3143,2,subida,-0.007161,-0.007159,-0.007160,29.880000,0.0,0.001,0.0
11:11:16,3144,2,subida,-0.007161,-0.007160,-0.007159,29.880000,0.0,0.001,0.0
11:11:16,3145,2,subida,-0.007162,-0.007160,-0.007158,29.880000,0.0,0.001,0.0
11:11:16,3146,2,subida,-0.007163,-0.007160,-0.007154,29.880000,0.0,0.001,0.0
11:11:16,3147,2,subida,-0.007163,-0.007160,-0.007155,29.880000,0.0,0.001,0.0
11:11:16,3148,2,subida,-0.007163,-0.007161,-0.007154,29.880000,0.0,0.001,0.0
11:11:16,3149,2,subida,-0.007162,-0.007161,-0.007155,29.880000,0.0,0.001,0.0
11:11:16,3150,2,subida,-0.007160,-0.007161,-0.007153,29.880000,0.0,0.001,0.0
11:11:16,3151,2,subida,-0.007160,-0.007161,-0.007154,29.880000,0.0,0.001,0.0
11:11:16,3152,2,subida,-0.007160,-0.007161,-0.007156,29.880000,0.0,0.001,0.0
11:11:16,3153,2,subida,-0.007159,-0.007160,-0.007158,29.880000,0.0,0.001,0.0
11:11:16,3154,2,subida,-0.007157,-0.007160,-0.007157,29.880000,0.0,0.001,0.0
11:11:16,3155,2,subida,-0.007157,-0.007160,-0.007159,29.880000,0.001,0.0,0.0
11:11:16,3156,2,subida,-0.007157,-0.007159,-0.007158,29.880000,0.0,0.001,0.0
11:11:16,3157,2,subida,-0.007156,-0.007159,-0.007158,29.880000,0.0,0.001,0.0
11:11:16,3158,2,subida,-0.007156,-0.007159,-0.007157,29.880000,0.0,0.001,0.0
11:11:16,3159,2,subida,-0.007157,-0.007159,-0.007158,29.880000,0.0,0.001,0.0
11:11:16,3160,2,subida,-0.007158,-0.007159,-0.007162,29.880000,0.0,0.0,0.0
11:11:16,3161,2,subida,-0.007158,-0.007159,-0.007161,29.880000,0.0,0.001,0.0
11:11:16,3162,2,subida,-0.007158,-0.007159,-0.007159,29.880000,0.0,0.001,0.0
11:11:17,3163,2,subida,-0.007159,-0.007159,-0.007159,29.880000,0.0,0.001,0.0
11:11:17,3164,2,subida,-0.007160,-0.007159,-0.007156,29.880000,0.0,0.001,0.0
11:11:17,3165,2,subida,-0.007160,-0.007159,-0.007158,29.880000,0.0,0.001,0.0
11:11:17,3166,2,subida,-0.007161,-0.007159,-0.007158,29.870000,0.0,0.001,0.0
11:11:17,3167,2,subida,-0.007162,-0.007159,-0.007160,29.870000,0.0,0.001,0.0
11:11:17,3168,2,subida,-0.007161,-0.007160,-0.007159,29.880000,0.0,0.001,0.0
11:11:17,3169,2,subida,-0.007160,-0.007160,-0.007158,29.880000,0.0,0.001,0.0
11:11:17,3170,2,subida,-0.007159,-0.007160,-0.007158,29.870000,0.0,0.001,0.0
11:11:17,3171,2,subida,-0.007158,-0.007159,-0.007159,29.870000,0.0,0.001,0.0
11:11:17,3172,2,subida,-0.007160,-0.007159,-0.007158,29.870000,0.0,0.001,0.0
11:11:17,3173,2,subida,-0.007162,-0.007160,-0.007156,29.870000,0.0,0.001,0.0
11:11:17,3174,2,subida,-0.007162,-0.007160,-0.007159,29.870000,0.0,0.001,0.0
11:11:17,3175,2,subida,-0.007163,-0.007160,-0.007158,29.870000,0.001,0.0,0.0
11:11:17,3176,2,subida,-0.007163,-0.007160,-0.007158,29.880000,0.0,0.001,0.0
11:11:17,3177,2,subida,-0.007165,-0.007161,-0.007156,29.880000,0.0,0.001,0.0
11:11:17,3178,2,subida,-0.007164,-0.007161,-0.007156,29.880000,0.0,0.001,0.0
11:11:17,3179,2,subida,-0.007163,-0.007161,-0.007159,29.880000,0.0,0.001,0.0
11:11:17,3180,2,subida,-0.007163,-0.007161,-0.007160,29.880000,0.001,0.0,0.0
11:11:17,3181,2,subida,-0.007164,-0.007162,-0.007162,29.880000,0.0,0.001,0.0
11:11:17,3182,2,subida,-0.007164,-0.007162,-0.007161,29.880000,0.0,0.001,0.0
11:11:17,3183,2,subida,-0.007164,-0.007162,-0.007159,29.880000,0.0,0.001,0.0
11:11:17,3184,2,subida,-0.007163,-0.007162,-0.007160,29.880000,0.0,0.001,0.0
11:11:18,3185,2,subida,-0.007163,-0.007162,-0.007158,29.880000,0.0,0.001,0.0
11:11:18,3186,2,subida,-0.007164,-0.007162,-0.007159,29.870000,0.0,0.001,0.0
11:11:18,3187,2,subida,-0.007164,-0.007163,-0.007159,29.870000,0.0,0.001,0.0
11:11:18,3188,2,subida,-0.007164,-0.007163,-0.007160,29.870000,0.0,0.001,0.0
11:11:18,3189,2,subida,-0.007164,-0.007163,-0.007160,29.870000,0.0,0.001,0.0
11:11:18,3190,2,subida,-0.007163,-0.007163,-0.007158,29.870000,0.0,0.001,0.0
11:11:18,3191,2,subida,-0.007163,-0.007163,-0.007159,29.870000,0.0,0.001,0.0
11:11:18,3192,2,subida,-0.007164,-0.007163,-0.007161,29.880000,0.0,0.001,0.0
11:11:18,3193,2,subida,-0.007164,-0.007163,-0.007162,29.880000,0.0,0.001,0.0
11:11:18,3194,2,subida,-0.007164,-0.007163,-0.007165,29.870000,0.0,0.001,0.0
11:11:18,3195,2,subida,-0.007164,-0.007163,-0.007164,29.870000,0.0,0.001,0.0
11:11:18,3196,2,subida,-0.007164,-0.007163,-0.007160,29.880000,0.0,0.001,0.0
11:11:18,3197,2,subida,-0.007162,-0.007163,-0.007160,29.880000,0.0,0.001,0.0
11:11:18,3198,2,subida,-0.007161,-0.007163,-0.007162,29.880000,0.0,0.001,0.0
11:11:18,3199,2,subida,-0.007162,-0.007163,-0.007161,29.880000,0.0,0.001,0.0
11:11:18,3200,2,subida,-0.007163,-0.007163,-0.007164,29.880000,0.0,0.001,0.0
11:11:18,3201,2,subida,-0.007163,-0.007163,-0.007165,29.880000,0.0,0.001,0.0
11:11:18,3202,2,subida,-0.007163,-0.007163,-0.007164,29.870000,0.0,0.001,0.0
11:11:18,3203,2,subida,-0.007163,-0.007163,-0.007162,29.870000,0.0,0.001,0.0
11:11:18,3204,2,subida,-0.007162,-0.007163,-0.007164,29.870000,0.0,0.001,0.0
11:11:19,3205,2,subida,-0.007162,-0.007163,-0.007166,29.870000,0.001,0.0,0.0
11:11:19,3206,2,subida,-0.007161,-0.007163,-0.007164,29.880000,0.0,0.001,0.0
11:11:19,3207,2,subida,-0.007161,-0.007162,-0.007163,29.880000,0.0,0.001,0.0
11:11:19,3208,2,subida,-0.007161,-0.007162,-0.007163,29.880000,0.0,0.001,0.0
11:11:19,3209,2,subida,-0.007161,-0.007162,-0.007163,29.880000,0.0,0.001,0.0
11:11:19,3210,2,subida,-0.007161,-0.007162,-0.007162,29.880000,0.0,0.001,0.0
11:11:19,3211,2,subida,-0.007161,-0.007162,-0.007162,29.880000,0.0,0.001,0.0
11:11:19,3212,2,subida,-0.007161,-0.007162,-0.007163,29.870000,0.0,0.001,0.0
11:11:19,3213,2,subida,-0.007161,-0.007162,-0.007163,29.870000,0.0,0.001,0.0
11:11:19,3214,2,subida,-0.007160,-0.007162,-0.007161,29.880000,0.0,0.001,0.0
11:11:19,3215,2,subida,-0.007160,-0.007161,-0.007161,29.880000,0.0,0.001,0.0
11:11:19,3216,2,subida,-0.007161,-0.007161,-0.007162,29.880000,0.0,0.001,0.0
11:11:19,3217,2,subida,-0.007162,-0.007161,-0.007161,29.880000,0.0,0.001,0.0
11:11:19,3218,2,subida,-0.007162,-0.007161,-0.007165,29.880000,0.0,0.001,0.0
11:11:19,3219,2,subida,-0.007162,-0.007161,-0.007162,29.880000,0.0,0.001,0.0
11:11:19,3220,2,subida,-0.007162,-0.007162,-0.007161,29.880000,0.001,0.0,0.0
11:11:19,3221,2,subida,-0.007161,-0.007161,-0.007160,29.880000,0.0,0.001,0.0
11:11:19,3222,2,subida,-0.007162,-0.007162,-0.007158,29.880000,0.0,0.001,0.0
11:11:19,3223,2,subida,-0.007162,-0.007162,-0.007157,29.880000,0.0,0.001,0.0
11:11:19,3224,2,subida,-0.007161,-0.007162,-0.007161,29.880000,0.0,0.001,0.0
11:11:19,3225,2,subida,-0.007161,-0.007161,-0.007160,29.880000,0.0,0.001,0.0
11:11:19,3226,2,subida,-0.007160,-0.007161,-0.007162,29.880000,0.0,0.001,0.0
11:11:20,3227,2,subida,-0.007159,-0.007161,-0.007161,29.880000,0.0,0.001,0.0
11:11:20,3228,2,subida,-0.007159,-0.007161,-0.007160,29.880000,0.0,0.001,0.0
11:11:20,3229,2,subida,-0.007159,-0.007161,-0.007159,29.880000,0.0,0.001,0.0
11:11:20,3230,2,subida,-0.007160,-0.007161,-0.007159,29.870000,0.0,0.001,0.0
11:11:20,3231,2,subida,-0.007160,-0.007161,-0.007159,29.870000,0.0,0.001,0.0
11:11:20,3232,2,subida,-0.007161,-0.007161,-0.007161,29.880000,0.0,0.001,0.0
11:11:20,3233,2,subida,-0.007161,-0.007161,-0.007162,29.880000,0.0,0.001,0.0
11:11:20,3234,2,subida,-0.007161,-0.007161,-0.007162,29.870000,0.0,0.001,0.0
11:11:20,3235,2,subida,-0.007162,-0.007161,-0.007161,29.870000,0.0,0.001,0.0
11:11:20,3236,2,subida,-0.007162,-0.007161,-0.007160,29.880000,0.0,0.001,0.0
11:11:20,3237,2,subida,-0.007163,-0.007161,-0.007159,29.880000,0.0,0.001,0.0
11:11:20,3238,2,subida,-0.007163,-0.007161,-0.007159,29.880000,0.0,0.001,0.0
11:11:20,3239,2,subida,-0.007162,-0.007161,-0.007158,29.880000,0.0,0.001,0.0
11:11:20,3240,2,subida,-0.007162,-0.007161,-0.007159,29.870000,0.0,0.001,0.0
11:11:20,3241,2,subida,-0.007161,-0.007161,-0.007157,29.870000,0.0,0.001,0.0
11:11:20,3242,2,subida,-0.007162,-0.007161,-0.007157,29.880000,0.0,0.001,0.0
11:11:20,3243,2,subida,-0.007162,-0.007162,-0.007157,29.880000,0.0,0.001,0.0
11:11:20,3244,2,subida,-0.007162,-0.007162,-0.007156,29.880000,0.0,0.001,0.0
11:11:20,3245,2,subida,-0.007161,-0.007161,-0.007159,29.880000,0.0,0.001,0.0
11:11:20,3246,2,subida,-0.007160,-0.007161,-0.007158,29.880000,0.0,0.001,0.0
11:11:21,3247,2,subida,-0.007161,-0.007161,-0.007156,29.880000,0.0,0.001,0.0
11:11:21,3248,2,subida,-0.007161,-0.007161,-0.007158,29.880000,0.0,0.001,0.0
11:11:21,3249,2,subida,-0.007160,-0.007161,-0.007158,29.880000,0.0,0.001,0.0
11:11:21,3250,2,subida,-0.007161,-0.007161,-0.007160,29.870000,0.0,0.001,0.0
11:11:21,3251,2,subida,-0.007162,-0.007161,-0.007161,29.870000,0.0,0.001,0.0
11:11:21,3252,2,subida,-0.007162,-0.007161,-0.007158,29.880000,0.001,0.0,0.0
11:11:21,3253,2,subida,-0.007161,-0.007161,-0.007158,29.880000,0.0,0.001,0.0
11:11:21,3254,2,subida,-0.007162,-0.007161,-0.007157,29.870000,0.001,0.0,0.0
11:11:21,3255,2,subida,-0.007163,-0.007161,-0.007159,29.870000,0.001,0.0,0.0
11:11:21,3256,2,subida,-0.007163,-0.007162,-0.007158,29.870000,0.0,0.001,0.0
11:11:21,3257,2,subida,-0.007163,-0.007162,-0.007156,29.870000,0.0,0.001,0.0
11:11:21,3258,2,subida,-0.007162,-0.007162,-0.007157,29.870000,0.0,0.001,0.0
11:11:21,3259,2,subida,-0.007162,-0.007162,-0.007156,29.870000,0.0,0.001,0.0
11:11:21,3260,2,subida,-0.007164,-0.007162,-0.007157,29.880000,0.0,0.001,0.0
11:11:21,3261,2,subida,-0.007164,-0.007162,-0.007158,29.880000,0.0,0.001,0.0
11:11:21,3262,2,subida,-0.007164,-0.007162,-0.007159,29.880000,0.0,0.001,0.0
11:11:21,3263,2,subida,-0.007165,-0.007163,-0.007159,29.880000,0.0,0.001,0.0
11:11:21,3264,2,subida,-0.007165,-0.007163,-0.007161,29.870000,0.0,0.001,0.0
11:11:21,3265,2,subida,-0.007163,-0.007163,-0.007159,29.870000,0.0,0.001,0.0
11:11:21,3266,2,subida,-0.007162,-0.007163,-0.007160,29.870000,0.0,0.001,0.0
11:11:21,3267,2,subida,-0.007162,-0.007163,-0.007160,29.870000,0.0,0.001,0.0
11:11:22,3268,2,subida,-0.007163,-0.007163,-0.007161,29.880000,0.0,0.001,0.0
11:11:22,3269,2,subida,-0.007163,-0.007163,-0.007161,29.880000,0.0,0.001,0.0
11:11:22,3270,2,subida,-0.007163,-0.007163,-0.007160,29.870000,0.0,0.001,0.0
11:11:22,3271,2,subida,-0.007163,-0.007163,-0.007159,29.870000,0.001,0.0,0.0
11:11:22,3272,2,subida,-0.007162,-0.007163,-0.007162,29.880000,0.0,0.001,0.0
11:11:22,3273,2,subida,-0.007161,-0.007163,-0.007163,29.880000,0.001,0.0,0.0
11:11:22,3274,2,subida,-0.007162,-0.007162,-0.007163,29.870000,0.0,0.001,0.0
11:11:22,3275,2,subida,-0.007163,-0.007162,-0.007162,29.870000,0.0,0.001,0.0
11:11:22,3276,2,subida,-0.007164,-0.007163,-0.007161,29.880000,0.0,0.001,0.0
11:11:22,3277,2,subida,-0.007162,-0.007163,-0.007162,29.880000,0.0,0.001,0.0
11:11:22,3278,2,subida,-0.007162,-0.007163,-0.007162,29.870000,0.0,0.001,0.0
11:11:22,3279,2,subida,-0.007163,-0.007163,-0.007159,29.870000,0.001,0.0,0.0
11:11:22,3280,2,subida,-0.007162,-0.007163,-0.007161,29.870000,0.0,0.001,0.0
11:11:22,3281,2,subida,-0.007161,-0.007162,-0.007160,29.870000,0.0,0.001,0.0
11:11:22,3282,2,subida,-0.007161,-0.007162,-0.007160,29.870000,0.0,0.001,0.0
11:11:22,3283,2,subida,-0.007161,-0.007162,-0.007162,29.870000,0.0,0.001,0.0
11:11:22,3284,2,subida,-0.007162,-0.007162,-0.007161,29.870000,0.0,0.001,0.0
11:11:22,3285,2,subida,-0.007160,-0.007162,-0.007161,29.870000,0.0,0.001,0.0
11:11:22,3286,2,subida,-0.007161,-0.007162,-0.007163,29.870000,0.0,0.001,0.0
11:11:23,3287,2,subida,-0.007162,-0.007162,-0.007163,29.870000,0.0,0.001,0.0
11:11:23,3288,2,subida,-0.007163,-0.007162,-0.007163,29.870000,0.0,0.001,0.0
11:11:23,3289,2,subida,-0.007163,-0.007162,-0.007163,29.870000,0.0,0.001,0.0
11:11:23,3290,2,subida,-0.007163,-0.007162,-0.007162,29.870000,0.0,0.001,0.0
11:11:23,3291,2,subida,-0.007163,-0.007162,-0.007163,29.870000,0.0,0.001,0.0
11:11:23,3292,2,subida,-0.007164,-0.007162,-0.007165,29.880000,0.0,0.001,0.0
11:11:23,3293,2,subida,-0.007164,-0.007163,-0.007162,29.880000,0.0,0.001,0.0
11:11:23,3294,2,subida,-0.007164,-0.007163,-0.007162,29.870000,0.0,0.001,0.0
11:11:23,3295,2,subida,-0.007165,-0.007163,-0.007161,29.870000,0.0,0.001,0.0
11:11:23,3296,2,subida,-0.007165,-0.007163,-0.007163,29.880000,0.0,0.001,0.0
11:11:23,3297,2,subida,-0.007162,-0.007163,-0.007164,29.880000,0.0,0.001,0.0
11:11:23,3298,2,subida,-0.007162,-0.007163,-0.007163,29.870000,0.0,0.002,0.0
11:11:23,3299,2,subida,-0.007162,-0.007163,-0.007164,29.870000,0.0,0.001,0.0
11:11:23,3300,2,subida,-0.007162,-0.007163,-0.007161,29.870000,0.0,0.001,0.0
11:11:23,3301,2,subida,-0.007162,-0.007163,-0.007160,29.870000,0.0,0.001,0.0
11:11:23,3302,2,subida,-0.007162,-0.007163,-0.007161,29.880000,0.0,0.001,0.0
11:11:23,3303,2,subida,-0.007164,-0.007163,-0.007162,29.870000,0.0,0.001,0.0
11:11:23,3304,2,subida,-0.007164,-0.007163,-0.007162,29.870000,0.0,0.001,0.0
11:11:23,3305,2,subida,-0.007164,-0.007163,-0.007160,29.870000,0.0,0.001,0.0
11:11:23,3306,2,subida,-0.007163,-0.007163,-0.007161,29.870000,0.0,0.001,0.0
11:11:23,3307,2,subida,-0.007162,-0.007163,-0.007160,29.870000,0.0,0.001,0.0
11:11:23,3308,2,subida,-0.007161,-0.007163,-0.007160,29.870000,0.0,0.001,0.0
11:11:24,3309,2,subida,-0.007161,-0.007163,-0.007161,29.870000,0.0,0.001,0.0
11:11:24,3310,2,subida,-0.007161,-0.007162,-0.007162,29.870000,0.0,0.001,0.0
11:11:24,3311,2,subida,-0.007161,-0.007162,-0.007162,29.880000,0.0,0.001,0.0
11:11:24,3312,2,subida,-0.007160,-0.007162,-0.007160,29.880000,0.0,0.001,0.0
11:11:24,3313,2,subida,-0.007159,-0.007162,-0.007158,29.870000,0.0,0.001,0.0
11:11:24,3314,2,subida,-0.007159,-0.007161,-0.007157,29.870000,0.0,0.001,0.0
11:11:24,3315,2,subida,-0.007159,-0.007161,-0.007156,29.870000,0.0,0.002,0.0
11:11:24,3316,2,subida,-0.007159,-0.007161,-0.007157,29.870000,0.0,0.001,0.0
11:11:24,3317,2,subida,-0.007158,-0.007161,-0.007157,29.870000,0.0,0.001,0.0
11:11:24,3318,2,subida,-0.007159,-0.007161,-0.007161,29.870000,0.0,0.001,0.0
11:11:24,3319,2,subida,-0.007160,-0.007161,-0.007161,29.870000,0.0,0.001,0.0
11:11:24,3320,2,subida,-0.007160,-0.007161,-0.007160,29.870000,0.0,0.001,0.0
11:11:24,3321,2,subida,-0.007159,-0.007160,-0.007158,29.870000,0.0,0.001,0.0
11:11:24,3322,2,subida,-0.007158,-0.007160,-0.007159,29.870000,0.0,0.001,0.0
11:11:24,3323,2,subida,-0.007159,-0.007160,-0.007159,29.870000,0.0,0.001,0.0
11:11:24,3324,2,subida,-0.007159,-0.007160,-0.007158,29.870000,0.0,0.001,0.0
11:11:24,3325,2,subida,-0.007159,-0.007160,-0.007157,29.880000,0.0,0.001,0.0
11:11:24,3326,2,subida,-0.007161,-0.007160,-0.007157,29.880000,0.0,0.001,0.0
11:11:24,3327,2,subida,-0.007161,-0.007160,-0.007156,29.870000,0.0,0.001,0.0
11:11:24,3328,2,subida,-0.007160,-0.007160,-0.007158,29.870000,0.0,0.001,0.0
11:11:24,3329,2,subida,-0.007158,-0.007160,-0.007158,29.870000,0.001,0.0,0.0
11:11:24,3330,2,subida,-0.007157,-0.007160,-0.007158,29.870000,0.0,0.001,0.0
11:11:25,3331,2,subida,-0.007157,-0.007159,-0.007158,29.880000,0.0,0.001,0.0
11:11:25,3332,2,subida,-0.007157,-0.007159,-0.007159,29.880000,0.0,0.001,0.0
11:11:25,3333,2,subida,-0.007157,-0.007159,-0.007157,29.870000,0.0,0.001,0.0
11:11:25,3334,2,subida,-0.007159,-0.007159,-0.007158,29.870000,0.0,0.001,0.0
11:11:25,3335,2,subida,-0.007160,-0.007159,-0.007158,29.870000,0.0,0.001,0.0
11:11:25,3336,2,subida,-0.007159,-0.007159,-0.007158,29.870000,0.0,0.001,0.0
11:11:25,3337,2,subida,-0.007160,-0.007159,-0.007160,29.880000,0.0,0.001,0.0
11:11:25,3338,2,subida,-0.007161,-0.007159,-0.007160,29.880000,0.0,0.001,0.0
11:11:25,3339,2,subida,-0.007161,-0.007159,-0.007161,29.870000,0.0,0.001,0.0
11:11:25,3340,2,subida,-0.007161,-0.007160,-0.007159,29.870000,0.0,0.001,0.0
11:11:25,3341,2,subida,-0.007161,-0.007160,-0.007159,29.870000,0.0,0.001,0.0
11:11:25,3342,2,subida,-0.007162,-0.007160,-0.007158,29.870000,0.0,0.001,0.0
11:11:25,3343,2,subida,-0.007162,-0.007160,-0.007157,29.870000,0.0,0.001,0.0
11:11:25,3344,2,subida,-0.007162,-0.007160,-0.007158,29.870000,0.0,0.001,0.0
11:11:25,3345,2,subida,-0.007162,-0.007161,-0.007157,29.870000,0.0,0.001,0.0
11:11:25,3346,2,subida,-0.007161,-0.007161,-0.007158,29.870000,0.001,0.0,0.0
11:11:25,3347,2,subida,-0.007161,-0.007161,-0.007160,29.870000,0.0,0.001,0.0
11:11:25,3348,2,subida,-0.007161,-0.007161,-0.007158,29.870000,0.0,0.001,0.0
11:11:25,3349,2,subida,-0.007162,-0.007161,-0.007159,29.870000,0.0,0.001,0.0
11:11:25,3350,2,subida,-0.007161,-0.007161,-0.007158,29.870000,0.0,0.001,0.0
11:11:25,3351,2,subida,-0.007161,-0.007161,-0.007159,29.870000,0.0,0.001,0.0
11:11:25,3352,2,subida,-0.007161,-0.007161,-0.007161,29.870000,0.0,0.001,0.0
11:11:25,3353,2,subida,-0.007161,-0.007161,-0.007162,29.870000,0.001,0.0,0.0
11:11:25,3354,2,subida,-0.007160,-0.007161,-0.007165,29.870000,0.0,0.001,0.0
11:11:26,3355,2,subida,-0.007160,-0.007161,-0.007164,29.870000,0.0,0.001,0.0
11:11:26,3356,2,subida,-0.007161,-0.007161,-0.007162,29.870000,0.0,0.001,0.0
11:11:26,3357,2,subida,-0.007161,-0.007161,-0.007163,29.870000,0.0,0.001,0.0
11:11:26,3358,2,subida,-0.007161,-0.007161,-0.007163,29.870000,0.0,0.001,0.0
11:11:26,3359,2,subida,0.007689,0.007694,0.007765,29.870000,3.5,3.506,3.5
11:11:55,3360,2,subida,0.007690,0.007694,0.007765,29.870000,3.5,3.501,3.5
11:11:55,3361,2,subida,0.007690,0.007693,0.007768,29.870000,3.5,3.5,3.5
11:11:55,3362,2,subida,0.007690,0.007693,0.007766,29.870000,3.5,3.501,3.5
11:11:55,3363,2,subida,0.007690,0.007693,0.007765,29.870000,3.5,3.501,3.5
11:11:56,3364,2,subida,0.007689,0.007692,0.007767,29.870000,3.5,3.501,3.5
11:11:56,3365,2,subida,0.007689,0.007692,0.007769,29.870000,3.5,3.5,3.5
11:11:56,3366,2,subida,0.007689,0.007692,0.007771,29.870000,3.5,3.5,3.5
11:11:56,3367,2,subida,0.007689,0.007692,0.007770,29.870000,3.5,3.5,3.5
11:11:56,3368,2,subida,0.007689,0.007691,0.007769,29.870000,3.5,3.501,3.5
11:11:56,3369,2,subida,0.007689,0.007691,0.007771,29.870000,3.5,3.5,3.5
11:11:56,3370,2,subida,0.007689,0.007691,0.007770,29.870000,3.5,3.501,3.5
11:11:56,3371,2,subida,0.007690,0.007691,0.007770,29.870000,3.5,3.5,3.5
11:11:56,3372,2,subida,0.007690,0.007691,0.007771,29.870000,3.5,3.5,3.5
11:11:56,3373,2,subida,0.007689,0.007691,0.007772,29.870000,3.5,3.501,3.5
11:11:56,3374,2,subida,0.007688,0.007690,0.007770,29.870000,3.5,3.501,3.5
11:11:56,3375,2,subida,0.007688,0.007690,0.007768,29.870000,3.5,3.5,3.5
11:11:56,3376,2,subida,0.007686,0.007690,0.007767,29.870000,3.5,3.5,3.5
11:11:56,3377,2,subida,0.007685,0.007689,0.007769,29.870000,3.5,3.5,3.5
11:11:56,3378,2,subida,0.007684,0.007689,0.007768,29.870000,3.5,3.5,3.5
11:11:56,3379,2,subida,0.007684,0.007688,0.007768,29.870000,3.5,3.501,3.5
11:11:56,3380,2,subida,0.007685,0.007688,0.007767,29.870000,3.5,3.5,3.5
11:11:57,3381,2,subida,0.007685,0.007688,0.007767,29.870000,3.5,3.5,3.5
11:11:57,3382,2,subida,0.007685,0.007688,0.007766,29.870000,3.5,3.5,3.5
11:11:57,3383,2,subida,0.007686,0.007687,0.007767,29.870000,3.5,3.501,3.5
11:11:57,3384,2,subida,0.007687,0.007687,0.007767,29.870000,3.5,3.5,3.5
11:11:57,3385,2,subida,0.007687,0.007687,0.007768,29.870000,3.501,3.5,3.5
11:11:57,3386,2,subida,0.007687,0.007687,0.007769,29.870000,3.5,3.5,3.5
11:11:57,3387,2,subida,0.007687,0.007687,0.007772,29.870000,3.5,3.501,3.5
11:11:57,3388,2,subida,0.007689,0.007687,0.007771,29.870000,3.5,3.5,3.5
11:11:57,3389,2,subida,0.007690,0.007688,0.007770,29.870000,3.5,3.501,3.5
11:11:57,3390,2,subida,0.007691,0.007688,0.007770,29.870000,3.5,3.501,3.5
11:11:57,3391,2,subida,0.007691,0.007688,0.007771,29.870000,3.501,3.5,3.5
11:11:57,3392,2,subida,0.007693,0.007689,0.007769,29.870000,3.5,3.501,3.5
11:11:57,3393,2,subida,0.007698,0.007689,0.007769,29.870000,3.5,3.5,3.5
11:11:57,3394,2,subida,0.007703,0.007691,0.007771,29.870000,3.5,3.5,3.5
11:11:57,3395,2,subida,0.007709,0.007692,0.007767,29.870000,3.5,3.5,3.5
11:11:57,3396,2,subida,0.007714,0.007695,0.007769,29.870000,3.5,3.5,3.5
11:11:57,3397,2,subida,0.007716,0.007697,0.007768,29.860000,3.5,3.5,3.5
11:11:58,3398,2,subida,0.007718,0.007699,0.007768,29.860000,3.5,3.5,3.5
11:11:58,3399,2,subida,0.007721,0.007701,0.007765,29.870000,3.5,3.501,3.5
11:11:58,3400,2,subida,0.007723,0.007703,0.007764,29.870000,3.5,3.5,3.5
11:11:58,3401,2,subida,0.007725,0.007705,0.007766,29.870000,3.5,3.5,3.5
11:11:58,3402,2,subida,0.007728,0.007707,0.007768,29.870000,3.5,3.5,3.5
11:11:58,3403,2,subida,0.007730,0.007709,0.007769,29.870000,3.5,3.501,3.5
11:11:58,3404,2,subida,0.007732,0.007712,0.007768,29.870000,3.5,3.5,3.5
11:11:58,3405,2,subida,0.007734,0.007714,0.007766,29.870000,3.5,3.5,3.5
11:11:58,3406,2,subida,0.007738,0.007716,0.007768,29.870000,3.5,3.5,3.5
11:11:58,3407,2,subida,0.007742,0.007719,0.007770,29.870000,3.5,3.501,3.5
11:11:58,3408,2,subida,0.007743,0.007721,0.007769,29.870000,3.5,3.5,3.5
11:11:58,3409,2,subida,0.007745,0.007723,0.007768,29.870000,3.5,3.501,3.5
11:11:58,3410,2,subida,0.007748,0.007725,0.007767,29.870000,3.5,3.501,3.5
11:11:58,3411,2,subida,0.007751,0.007728,0.007769,29.870000,3.5,3.5,3.5
11:11:58,3412,2,subida,0.007752,0.007730,0.007768,29.870000,3.5,3.5,3.5
11:11:58,3413,2,subida,0.007752,0.007732,0.007766,29.870000,3.5,3.5,3.5
11:11:59,3414,2,subida,0.007753,0.007734,0.007766,29.870000,3.5,3.5,3.5
11:11:59,3415,2,subida,0.007754,0.007736,0.007767,29.870000,3.5,3.5,3.5
11:11:59,3416,2,subida,0.007755,0.007738,0.007764,29.870000,3.5,3.5,3.5
11:11:59,3417,2,subida,0.007758,0.007740,0.007764,29.870000,3.5,3.5,3.5
11:11:59,3418,2,subida,0.007759,0.007742,0.007766,29.870000,3.5,3.5,3.5
11:11:59,3419,2,subida,0.007761,0.007743,0.007768,29.870000,3.5,3.5,3.5
11:11:59,3420,2,subida,0.007761,0.007745,0.007767,29.870000,3.5,3.5,3.5
11:11:59,3421,2,subida,0.007762,0.007747,0.007765,29.870000,3.5,3.5,3.5
11:11:59,3422,2,subida,0.007763,0.007748,0.007766,29.860000,3.5,3.5,3.5
11:11:59,3423,2,subida,0.007764,0.007750,0.007767,29.860000,3.5,3.5,3.5
11:11:59,3424,2,subida,0.007765,0.007751,0.007767,29.870000,3.5,3.5,3.5
11:11:59,3425,2,subida,0.007765,0.007753,0.007767,29.870000,3.5,3.5,3.5
11:11:59,3426,2,subida,0.007765,0.007754,0.007769,29.870000,3.5,3.499,3.5
11:11:59,3427,2,subida,0.007766,0.007755,0.007770,29.870000,3.5,3.5,3.5
11:11:59,3428,2,subida,0.007767,0.007756,0.007765,29.870000,3.5,3.5,3.5
11:11:59,3429,2,subida,0.007767,0.007757,0.007768,29.870000,3.5,3.5,3.5
11:11:59,3430,2,subida,0.007767,0.007758,0.007767,29.870000,3.5,3.5,3.5
11:11:59,3431,2,subida,0.007768,0.007759,0.007767,29.870000,3.5,3.5,3.5
11:12:00,3432,2,subida,0.007769,0.007760,0.007767,29.870000,3.5,3.5,3.5
11:12:00,3433,2,subida,0.007770,0.007761,0.007766,29.870000,3.5,3.5,3.5
11:12:00,3434,2,subida,0.007772,0.007762,0.007768,29.870000,3.5,3.5,3.5
11:12:00,3435,2,subida,0.007773,0.007763,0.007767,29.870000,3.5,3.5,3.5
11:12:00,3436,2,subida,0.007774,0.007764,0.007767,29.870000,3.5,3.5,3.5
11:12:00,3437,2,subida,0.007773,0.007765,0.007767,29.870000,3.5,3.5,3.5
11:12:00,3438,2,subida,0.007773,0.007766,0.007766,29.870000,3.5,3.5,3.5
11:12:00,3439,2,subida,0.007772,0.007766,0.007765,29.870000,3.5,3.499,3.5
11:12:00,3440,2,subida,0.007772,0.007767,0.007765,29.870000,3.5,3.5,3.5
11:12:00,3441,2,subida,0.007772,0.007767,0.007765,29.870000,3.5,3.499,3.5
11:12:00,3442,2,subida,0.007771,0.007768,0.007764,29.870000,3.5,3.5,3.5
11:12:00,3443,2,subida,0.007772,0.007768,0.007766,29.870000,3.5,3.5,3.5
11:12:00,3444,2,subida,0.007773,0.007769,0.007765,29.870000,3.5,3.5,3.5
11:12:00,3445,2,subida,0.007774,0.007769,0.007764,29.870000,3.5,3.499,3.5
11:12:00,3446,2,subida,0.007775,0.007770,0.007766,29.860000,3.5,3.5,3.5
11:12:00,3447,2,subida,0.007775,0.007770,0.007766,29.860000,3.5,3.499,3.5
11:12:00,3448,2,subida,0.007774,0.007771,0.007766,29.860000,3.5,3.5,3.5
11:12:00,3449,2,subida,0.007774,0.007771,0.007764,29.860000,3.5,3.499,3.5
11:12:00,3450,2,subida,0.007771,0.007771,0.007764,29.870000,3.5,3.5,3.5
11:12:00,3451,2,subida,0.007771,0.007771,0.007764,29.870000,3.5,3.499,3.5
11:12:01,3452,2,subida,0.007772,0.007771,0.007764,29.870000,3.5,3.499,3.5
11:12:01,3453,2,subida,0.007771,0.007771,0.007764,29.870000,3.5,3.499,3.5
11:12:01,3454,2,subida,0.007769,0.007771,0.007765,29.870000,3.5,3.5,3.5
11:12:01,3455,2,subida,0.007770,0.007771,0.007765,29.870000,3.5,3.499,3.5
11:12:01,3456,2,subida,0.007772,0.007771,0.007764,29.870000,3.5,3.5,3.5
11:12:01,3457,2,subida,0.007770,0.007771,0.007766,29.870000,3.5,3.499,3.5
11:12:01,3458,2,subida,0.007769,0.007771,0.007764,29.860000,3.5,3.5,3.5
11:12:01,3459,2,subida,0.007769,0.007771,0.007764,29.860000,3.5,3.499,3.5
11:12:01,3460,2,subida,0.007769,0.007770,0.007761,29.870000,3.5,3.499,3.5
11:12:01,3461,2,subida,0.007770,0.007770,0.007763,29.870000,3.5,3.499,3.5
11:12:01,3462,2,subida,0.007770,0.007770,0.007766,29.860000,3.5,3.5,3.5
11:12:01,3463,2,subida,0.007769,0.007770,0.007764,29.860000,3.5,3.499,3.5
11:12:01,3464,2,subida,0.007770,0.007770,0.007764,29.870000,3.5,3.5,3.5
11:12:01,3465,2,subida,0.007770,0.007770,0.007762,29.870000,3.5,3.499,3.5
11:12:01,3466,2,subida,0.007769,0.007770,0.007762,29.860000,3.5,3.5,3.5
11:12:01,3467,2,subida,0.007770,0.007770,0.007764,29.860000,3.5,3.499,3.5
11:12:01,3468,2,subida,0.007770,0.007770,0.007763,29.870000,3.5,3.5,3.5
11:12:01,3469,2,subida,0.007770,0.007770,0.007764,29.870000,3.5,3.499,3.5
11:12:01,3470,2,subida,0.007770,0.007770,0.007762,29.870000,3.5,3.5,3.5
11:12:01,3471,2,subida,0.007769,0.007770,0.007760,29.870000,3.5,3.499,3.5
11:12:01,3472,2,subida,0.007770,0.007770,0.007760,29.870000,3.5,3.499,3.5
11:12:01,3473,2,subida,0.007770,0.007770,0.007759,29.870000,3.5,3.499,3.5
11:12:01,3474,2,subida,0.007769,0.007770,0.007762,29.870000,3.5,3.499,3.5
11:12:02,3475,2,subida,0.007770,0.007770,0.007763,29.870000,3.5,3.499,3.5
11:12:02,3476,2,subida,0.007771,0.007770,0.007764,29.870000,3.5,3.5,3.5
11:12:02,3477,2,subida,0.007770,0.007770,0.007766,29.870000,3.499,3.5,3.5
11:12:02,3478,2,subida,0.007770,0.007770,0.007763,29.870000,3.5,3.5,3.5
11:12:02,3479,2,subida,0.007772,0.007770,0.007762,29.870000,3.5,3.5,3.5
11:12:02,3480,2,subida,0.007772,0.007770,0.007761,29.870000,3.5,3.499,3.5
11:12:02,3481,2,subida,0.007772,0.007771,0.007764,29.870000,3.5,3.5,3.5
11:12:02,3482,2,subida,0.007772,0.007771,0.007767,29.870000,3.5,3.5,3.5
11:12:02,3483,2,subida,0.007772,0.007771,0.007766,29.870000,3.5,3.5,3.5
11:12:02,3484,2,subida,0.007773,0.007771,0.007765,29.860000,3.5,3.5,3.5
11:12:02,3485,2,subida,0.007774,0.007771,0.007764,29.860000,3.5,3.5,3.5
11:12:02,3486,2,subida,0.007775,0.007772,0.007764,29.870000,3.5,3.5,3.5
11:12:02,3487,2,subida,0.007775,0.007772,0.007765,29.870000,3.5,3.5,3.5
11:12:02,3488,2,subida,0.007775,0.007772,0.007766,29.860000,3.5,3.5,3.5
11:12:02,3489,2,subida,0.007774,0.007773,0.007765,29.860000,3.5,3.5,3.5
11:12:02,3490,2,subida,0.007772,0.007773,0.007765,29.860000,3.5,3.5,3.5
11:12:02,3491,2,subida,0.007772,0.007772,0.007767,29.860000,3.5,3.5,3.5
11:12:03,3492,2,subida,0.007773,0.007772,0.007765,29.870000,3.5,3.5,3.5
11:12:03,3493,2,subida,0.007773,0.007772,0.007764,29.870000,3.5,3.5,3.5
11:12:03,3494,2,subida,0.007772,0.007772,0.007766,29.860000,3.5,3.5,3.5
11:12:03,3495,2,subida,0.007772,0.007772,0.007766,29.860000,3.5,3.5,3.5
11:12:03,3496,2,subida,0.007772,0.007772,0.007767,29.860000,3.5,3.5,3.5
11:12:03,3497,2,subida,0.007771,0.007772,0.007769,29.860000,3.5,3.5,3.5
11:12:03,3498,2,subida,0.007769,0.007772,0.007765,29.860000,3.5,3.501,3.5
11:12:03,3499,2,subida,0.007769,0.007772,0.007766,29.860000,3.5,3.5,3.5
11:12:03,3500,2,subida,0.007771,0.007772,0.007766,29.860000,3.5,3.5,3.5
11:12:03,3501,2,subida,0.007771,0.007772,0.007767,29.860000,3.5,3.501,3.5
11:12:03,3502,2,subida,0.007771,0.007772,0.007768,29.860000,3.5,3.5,3.5
11:12:03,3503,2,subida,0.007772,0.007772,0.007768,29.860000,3.5,3.5,3.5
11:12:03,3504,2,subida,0.007774,0.007772,0.007768,29.860000,3.5,3.5,3.5
11:12:03,3505,2,subida,0.007774,0.007772,0.007769,29.860000,3.5,3.5,3.5
11:12:03,3506,2,subida,0.007775,0.007772,0.007769,29.870000,3.5,3.5,3.5
11:12:03,3507,2,subida,0.007774,0.007772,0.007765,29.870000,3.5,3.501,3.5
11:12:03,3508,2,subida,0.007774,0.007773,0.007764,29.860000,3.5,3.5,3.5
11:12:03,3509,2,subida,0.007775,0.007773,0.007765,29.860000,3.5,3.5,3.5
11:12:03,3510,2,subida,0.007776,0.007773,0.007767,29.860000,3.5,3.5,3.5
11:12:03,3511,2,subida,0.007775,0.007773,0.007766,29.860000,3.5,3.5,3.5
11:12:03,3512,2,subida,0.007774,0.007773,0.007766,29.860000,3.5,3.5,3.5
11:12:04,3513,2,subida,0.007773,0.007773,0.007770,29.860000,3.5,3.501,3.5
11:12:04,3514,2,subida,0.007773,0.007773,0.007771,29.860000,3.5,3.5,3.5
11:12:04,3515,2,subida,0.007773,0.007773,0.007771,29.860000,3.5,3.5,3.5
11:12:04,3516,2,subida,0.007773,0.007773,0.007769,29.860000,3.5,3.5,3.5
11:12:04,3517,2,subida,0.007774,0.007773,0.007767,29.860000,3.5,3.5,3.5
11:12:04,3518,2,subida,0.007775,0.007773,0.007767,29.860000,3.5,3.501,3.5
11:12:04,3519,2,subida,0.007774,0.007774,0.007768,29.860000,3.5,3.501,3.5
11:12:04,3520,2,subida,0.007773,0.007773,0.007769,29.870000,3.5,3.501,3.5
11:12:04,3521,2,subida,0.007772,0.007773,0.007769,29.870000,3.5,3.5,3.5
11:12:04,3522,2,subida,0.007773,0.007773,0.007766,29.860000,3.5,3.501,3.5
11:12:04,3523,2,subida,0.007776,0.007774,0.007768,29.860000,3.5,3.501,3.5
11:12:04,3524,2,subida,0.007777,0.007774,0.007769,29.860000,3.5,3.501,3.5
11:12:04,3525,2,subida,0.007777,0.007774,0.007770,29.860000,3.5,3.501,3.5
11:12:04,3526,2,subida,0.007776,0.007774,0.007768,29.860000,3.5,3.501,3.5
11:12:04,3527,2,subida,0.007776,0.007774,0.007765,29.860000,3.5,3.5,3.5
11:12:04,3528,2,subida,0.007776,0.007775,0.007768,29.860000,3.5,3.501,3.5
11:12:05,3529,2,subida,0.007777,0.007775,0.007767,29.860000,3.5,3.501,3.5
11:12:05,3530,2,subida,0.007777,0.007775,0.007768,29.870000,3.5,3.5,3.5
11:12:05,3531,2,subida,0.007777,0.007775,0.007772,29.870000,3.5,3.5,3.5
11:12:05,3532,2,subida,0.007777,0.007775,0.007771,29.860000,3.5,3.5,3.5
11:12:05,3533,2,subida,0.007776,0.007776,0.007770,29.860000,3.5,3.501,3.5
11:12:05,3534,2,subida,0.007776,0.007776,0.007769,29.860000,3.5,3.501,3.5
11:12:05,3535,2,subida,0.007775,0.007776,0.007769,29.860000,3.5,3.5,3.5
11:12:05,3536,2,subida,0.007774,0.007775,0.007768,29.860000,3.5,3.501,3.5
11:12:05,3537,2,subida,0.007774,0.007775,0.007770,29.860000,3.5,3.5,3.5
11:12:05,3538,2,subida,0.007774,0.007775,0.007772,29.860000,3.5,3.501,3.5
11:12:05,3539,2,subida,0.007774,0.007775,0.007772,29.860000,3.5,3.5,3.5
11:12:05,3540,2,subida,0.007774,0.007775,0.007771,29.860000,3.5,3.501,3.5
11:12:05,3541,2,subida,0.007774,0.007775,0.007769,29.860000,3.5,3.5,3.5
11:12:05,3542,2,subida,0.007774,0.007775,0.007770,29.860000,3.5,3.5,3.5
11:12:05,3543,2,subida,0.007774,0.007775,0.007771,29.860000,3.5,3.501,3.5
11:12:05,3544,2,subida,0.007774,0.007775,0.007770,29.860000,3.5,3.5,3.5
11:12:05,3545,2,subida,0.007774,0.007775,0.007769,29.860000,3.5,3.501,3.5
11:12:05,3546,2,subida,0.007776,0.007775,0.007769,29.860000,3.5,3.5,3.5
11:12:06,3547,2,subida,0.007778,0.007775,0.007767,29.860000,3.5,3.501,3.5
11:12:06,3548,2,subida,0.007779,0.007775,0.007767,29.870000,3.5,3.5,3.5
11:12:06,3549,2,subida,0.007778,0.007776,0.007773,29.870000,3.5,3.5,3.5
11:12:06,3550,2,subida,0.007776,0.007776,0.007772,29.870000,3.5,3.5,3.5
11:12:06,3551,2,subida,0.007776,0.007776,0.007769,29.860000,3.5,3.5,3.5
11:12:06,3552,2,subida,0.007776,0.007776,0.007769,29.860000,3.5,3.501,3.5
11:12:06,3553,2,subida,0.007777,0.007776,0.007767,29.860000,3.5,3.5,3.5
11:12:06,3554,2,subida,0.007776,0.007776,0.007767,29.860000,3.5,3.5,3.5
11:12:06,3555,2,subida,0.007777,0.007776,0.007766,29.860000,3.5,3.5,3.5
11:12:06,3556,2,subida,0.007776,0.007776,0.007768,29.860000,3.5,3.5,3.5
11:12:06,3557,2,subida,0.007774,0.007776,0.007767,29.870000,3.5,3.501,3.5
11:12:06,3558,2,subida,0.007775,0.007776,0.007768,29.870000,3.5,3.5,3.5
11:12:06,3559,2,subida,0.007775,0.007776,0.007770,29.870000,3.5,3.5,3.5
11:12:06,3560,2,subida,0.007775,0.007776,0.007768,29.870000,3.5,3.5,3.5
11:12:06,3561,2,subida,0.007775,0.007776,0.007767,29.860000,3.5,3.5,3.5
11:12:06,3562,2,subida,0.007774,0.007775,0.007769,29.860000,3.5,3.501,3.5
11:12:06,3563,2,subida,0.007773,0.007775,0.007771,29.860000,3.5,3.5,3.5
11:12:06,3564,2,subida,0.007772,0.007775,0.007770,29.860000,3.5,3.5,3.5
11:12:06,3565,2,subida,0.007773,0.007775,0.007772,29.860000,3.501,3.5,3.5
11:12:06,3566,2,subida,0.007773,0.007775,0.007771,29.860000,3.5,3.5,3.5
11:12:07,3567,2,subida,0.007774,0.007774,0.007769,29.860000,3.5,3.5,3.5
11:12:07,3568,2,subida,0.007774,0.007774,0.007770,29.860000,3.5,3.5,3.5
11:12:07,3569,2,subida,0.007774,0.007774,0.007769,29.860000,3.5,3.5,3.5
11:12:07,3570,2,subida,0.007773,0.007774,0.007770,29.860000,3.5,3.5,3.5
11:12:07,3571,2,subida,0.007773,0.007774,0.007771,29.860000,3.5,3.5,3.5
11:12:07,3572,2,subida,0.007775,0.007774,0.007770,29.860000,3.5,3.5,3.5
11:12:07,3573,2,subida,0.007775,0.007774,0.007771,29.860000,3.5,3.5,3.5
11:12:07,3574,2,subida,0.007775,0.007774,0.007770,29.860000,3.5,3.5,3.5
11:12:07,3575,2,subida,0.007774,0.007774,0.007769,29.860000,3.5,3.5,3.5
11:12:07,3576,2,subida,0.007775,0.007774,0.007769,29.860000,3.5,3.5,3.5
11:12:07,3577,2,subida,0.007776,0.007774,0.007769,29.860000,3.5,3.5,3.5
11:12:07,3578,2,subida,0.007775,0.007775,0.007767,29.860000,3.5,3.5,3.5
11:12:07,3579,2,subida,0.007774,0.007775,0.007768,29.860000,3.5,3.5,3.5
11:12:07,3580,2,subida,0.007773,0.007774,0.007766,29.860000,3.5,3.5,3.5
11:12:07,3581,2,subida,0.007773,0.007774,0.007766,29.860000,3.5,3.5,3.5
11:12:07,3582,2,subida,0.007773,0.007774,0.007766,29.860000,3.5,3.5,3.5
11:12:07,3583,2,subida,0.007773,0.007774,0.007767,29.870000,3.5,3.5,3.5
11:12:07,3584,2,subida,0.007772,0.007774,0.007769,29.870000,3.5,3.5,3.5
11:12:07,3585,2,subida,0.007772,0.007774,0.007767,29.860000,3.5,3.5,3.5
11:12:07,3586,2,subida,0.007773,0.007774,0.007765,29.860000,3.5,3.5,3.5
11:12:07,3587,2,subida,0.007774,0.007774,0.007766,29.870000,3.5,3.5,3.5
11:12:07,3588,2,subida,0.007774,0.007774,0.007767,29.870000,3.5,3.5,3.5
11:12:08,3589,2,subida,0.007773,0.007774,0.007769,29.860000,3.5,3.5,3.5
11:12:08,3590,2,subida,0.007773,0.007774,0.007765,29.860000,3.5,3.5,3.5
11:12:08,3591,2,subida,0.007773,0.007773,0.007766,29.870000,3.5,3.5,3.5
11:12:08,3592,2,subida,0.007773,0.007773,0.007765,29.870000,3.5,3.5,3.5
11:12:08,3593,2,subida,0.007774,0.007773,0.007765,29.860000,3.5,3.5,3.5
11:12:08,3594,2,subida,0.007775,0.007774,0.007766,29.860000,3.5,3.5,3.5
11:12:08,3595,2,subida,0.007777,0.007774,0.007767,29.860000,3.5,3.5,3.5
11:12:08,3597,2,subida,0.007774,0.007774,0.007765,29.860000,3.5,3.5,3.5
11:12:08,3598,2,subida,0.007774,0.007774,0.007765,29.860000,3.5,3.5,3.5
11:12:08,3599,2,subida,0.007774,0.007774,0.007767,29.860000,3.5,3.5,3.5
11:12:08,3600,2,subida,0.007774,0.007774,0.007765,29.860000,3.5,3.5,3.5
11:12:08,3601,2,subida,0.007774,0.007774,0.007766,29.860000,3.5,3.5,3.5
11:12:08,3602,2,subida,0.007774,0.007774,0.007765,29.860000,3.5,3.5,3.5
11:12:08,3603,2,subida,0.007774,0.007774,0.007766,29.860000,3.5,3.5,3.5
11:12:08,3604,2,subida,0.007773,0.007774,0.007769,29.860000,3.5,3.5,3.5
11:12:08,3605,2,subida,0.007772,0.007774,0.007766,29.860000,3.5,3.5,3.5
11:12:08,3606,2,subida,0.007772,0.007774,0.007765,29.860000,3.5,3.5,3.5
11:12:08,3607,2,subida,0.007772,0.007773,0.007767,29.860000,3.5,3.5,3.5
11:12:08,3608,2,subida,0.007772,0.007773,0.007766,29.860000,3.5,3.5,3.5
11:12:08,3609,2,subida,0.007772,0.007773,0.007768,29.860000,3.5,3.5,3.5
11:12:08,3610,2,subida,0.007771,0.007773,0.007768,29.860000,3.5,3.5,3.5
11:12:08,3611,2,subida,0.007771,0.007773,0.007767,29.860000,3.5,3.5,3.5
11:12:08,3612,2,subida,0.007772,0.007773,0.007768,29.860000,3.5,3.5,3.5
11:12:09,3613,2,subida,0.007773,0.007773,0.007769,29.870000,3.5,3.5,3.5
11:12:09,3614,2,subida,0.007773,0.007773,0.007767,29.870000,3.5,3.5,3.5
11:12:09,3615,2,subida,0.007773,0.007773,0.007769,29.860000,3.499,3.5,3.5
11:12:09,3616,2,subida,0.007772,0.007773,0.007771,29.860000,3.5,3.5,3.5
11:12:09,3617,2,subida,0.007771,0.007772,0.007770,29.860000,3.5,3.5,3.5
11:12:09,3618,2,subida,0.007771,0.007772,0.007770,29.860000,3.5,3.5,3.5
11:12:09,3619,2,subida,0.007772,0.007772,0.007769,29.870000,3.5,3.5,3.5
11:12:09,3620,2,subida,0.007772,0.007772,0.007771,29.870000,3.5,3.5,3.5
11:12:09,3621,2,subida,0.007771,0.007772,0.007773,29.870000,3.5,3.499,3.5
11:12:09,3622,2,subida,0.007771,0.007772,0.007772,29.870000,3.5,3.499,3.5
11:12:09,3623,2,subida,0.007771,0.007772,0.007773,29.860000,3.5,3.5,3.5
11:12:09,3624,2,subida,0.007772,0.007772,0.007773,29.860000,3.5,3.5,3.5
11:12:09,3625,2,subida,0.007772,0.007772,0.007771,29.860000,3.5,3.5,3.5
11:12:09,3626,2,subida,0.007770,0.007772,0.007770,29.860000,3.5,3.499,3.5
11:12:09,3627,2,subida,0.007770,0.007771,0.007768,29.860000,3.5,3.5,3.5
11:12:09,3628,2,subida,0.007771,0.007771,0.007768,29.860000,3.5,3.499,3.5
11:12:09,3629,2,subida,0.007772,0.007772,0.007767,29.860000,3.5,3.5,3.5
11:12:09,3630,2,subida,0.007772,0.007772,0.007768,29.860000,3.5,3.499,3.5
11:12:09,3631,2,subida,0.007771,0.007771,0.007768,29.860000,3.5,3.5,3.5
11:12:10,3632,2,subida,0.007770,0.007771,0.007766,29.860000,3.5,3.5,3.5
11:12:10,3633,2,subida,0.007770,0.007771,0.007767,29.860000,3.5,3.5,3.5
11:12:10,3634,2,subida,0.007770,0.007771,0.007767,29.860000,3.5,3.5,3.5
11:12:10,3635,2,subida,0.007769,0.007771,0.007763,29.860000,3.5,3.5,3.5
11:12:10,3636,2,subida,0.007768,0.007771,0.007764,29.860000,3.5,3.5,3.5
11:12:10,3637,2,subida,0.007767,0.007770,0.007763,29.860000,3.5,3.499,3.5
11:12:10,3638,2,subida,0.007767,0.007770,0.007763,29.860000,3.5,3.5,3.5
11:12:10,3639,2,subida,0.007768,0.007770,0.007765,29.870000,3.5,3.5,3.5
11:12:10,3640,2,subida,0.007769,0.007770,0.007764,29.870000,3.5,3.5,3.5
11:12:10,3641,2,subida,0.007770,0.007770,0.007763,29.870000,3.5,3.5,3.5
11:12:10,3642,2,subida,0.007771,0.007770,0.007764,29.870000,3.5,3.5,3.5
11:12:10,3643,2,subida,0.007771,0.007770,0.007764,29.860000,3.5,3.499,3.5
11:12:10,3644,2,subida,0.007771,0.007770,0.007764,29.860000,3.5,3.499,3.5
11:12:10,3645,2,subida,0.007770,0.007770,0.007765,29.860000,3.5,3.5,3.5
11:12:10,3646,2,subida,0.007769,0.007770,0.007763,29.860000,3.5,3.499,3.5
11:12:10,3647,2,subida,0.007769,0.007770,0.007764,29.860000,3.5,3.5,3.5
11:12:10,3648,2,subida,0.007769,0.007770,0.007767,29.860000,3.5,3.5,3.5
11:12:11,3649,2,subida,0.007768,0.007770,0.007766,29.860000,3.5,3.5,3.5
11:12:11,3650,2,subida,0.007769,0.007769,0.007766,29.860000,3.5,3.5,3.5
11:12:11,3651,2,subida,0.007771,0.007770,0.007767,29.860000,3.5,3.5,3.5
11:12:11,3652,2,subida,0.007771,0.007770,0.007767,29.860000,3.5,3.5,3.5
11:12:11,3653,2,subida,0.007771,0.007770,0.007766,29.860000,3.5,3.5,3.5
11:12:11,3654,2,subida,0.007771,0.007770,0.007766,29.860000,3.5,3.5,3.5
11:12:11,3655,2,subida,0.007771,0.007770,0.007765,29.860000,3.5,3.5,3.5
11:12:11,3656,2,subida,0.007772,0.007770,0.007767,29.860000,3.5,3.5,3.5
11:12:11,3657,2,subida,0.007772,0.007770,0.007769,29.870000,3.5,3.5,3.5
11:12:11,3658,2,subida,0.007772,0.007771,0.007769,29.870000,3.5,3.5,3.5
11:12:11,3659,2,subida,0.007772,0.007771,0.007770,29.860000,3.5,3.499,3.5
11:12:11,3660,2,subida,0.007773,0.007771,0.007768,29.860000,3.5,3.5,3.5
11:12:11,3661,2,subida,0.007772,0.007771,0.007766,29.860000,3.5,3.5,3.5
11:12:11,3662,2,subida,0.007772,0.007771,0.007768,29.860000,3.5,3.5,3.5
11:12:11,3663,2,subida,0.007772,0.007771,0.007769,29.860000,3.5,3.5,3.5
11:12:11,3664,2,subida,0.007773,0.007771,0.007770,29.860000,3.5,3.5,3.5
11:12:11,3665,2,subida,0.007773,0.007771,0.007768,29.860000,3.5,3.5,3.5
11:12:11,3666,2,subida,0.007773,0.007772,0.007769,29.860000,3.5,3.5,3.5
11:12:11,3667,2,subida,0.007774,0.007772,0.007767,29.860000,3.5,3.5,3.5
11:12:11,3668,2,subida,0.007774,0.007772,0.007766,29.860000,3.5,3.5,3.5
11:12:11,3669,2,subida,0.007774,0.007772,0.007764,29.860000,3.5,3.499,3.5
11:12:11,3670,2,subida,0.007774,0.007772,0.007767,29.860000,3.5,3.5,3.5
11:12:11,3671,2,subida,0.007775,0.007773,0.007767,29.860000,3.5,3.5,3.5
11:12:11,3672,2,subida,0.007776,0.007773,0.007768,29.860000,3.5,3.5,3.5
11:12:11,3673,2,subida,0.007775,0.007773,0.007766,29.860000,3.5,3.5,3.5
11:12:12,3674,2,subida,0.007773,0.007773,0.007765,29.860000,3.5,3.5,3.5
11:12:12,3675,2,subida,0.007771,0.007773,0.007765,29.860000,3.5,3.5,3.5
11:12:12,3676,2,subida,0.007772,0.007773,0.007767,29.860000,3.5,3.5,3.5
11:12:12,3677,2,subida,0.007773,0.007773,0.007767,29.860000,3.5,3.5,3.5
11:12:12,3678,2,subida,0.007773,0.007773,0.007770,29.860000,3.5,3.5,3.5
11:12:12,3679,2,subida,0.007774,0.007773,0.007770,29.860000,3.5,3.5,3.5
11:12:12,3680,2,subida,0.007775,0.007773,0.007768,29.860000,3.5,3.501,3.5
11:12:12,3681,2,subida,0.007777,0.007774,0.007768,29.860000,3.5,3.501,3.5
11:12:12,3682,2,subida,0.007778,0.007774,0.007768,29.860000,3.5,3.5,3.5
11:12:12,3683,2,subida,0.007778,0.007774,0.007770,29.860000,3.5,3.5,3.5
11:12:12,3684,2,subida,0.007777,0.007775,0.007772,29.860000,3.5,3.5,3.5
11:12:12,3685,2,subida,0.007776,0.007775,0.007772,29.860000,3.5,3.5,3.5
11:12:12,3686,2,subida,0.007775,0.007775,0.007772,29.860000,3.5,3.501,3.5
11:12:12,3687,2,subida,0.007774,0.007775,0.007773,29.860000,3.5,3.501,3.5
11:12:12,3688,2,subida,0.007774,0.007775,0.007773,29.860000,3.5,3.5,3.5
11:12:12,3689,2,subida,0.007775,0.007775,0.007774,29.860000,3.5,3.5,3.5
11:12:12,3690,2,subida,0.007776,0.007775,0.007772,29.860000,3.5,3.5,3.5
11:12:12,3691,2,subida,0.007775,0.007775,0.007770,29.860000,3.5,3.5,3.5
11:12:12,3692,2,subida,0.007774,0.007775,0.007771,29.860000,3.501,3.5,3.5
11:12:12,3693,2,subida,0.007775,0.007775,0.007771,29.860000,3.5,3.5,3.5
11:12:12,3694,2,subida,0.007776,0.007775,0.007770,29.860000,3.501,3.5,3.5
11:12:12,3695,2,subida,0.007776,0.007775,0.007770,29.860000,3.5,3.501,3.5
11:12:13,3696,2,subida,0.007776,0.007775,0.007770,29.860000,3.501,3.5,3.5
11:12:13,3697,2,subida,0.007775,0.007775,0.007769,29.860000,3.5,3.501,3.5
11:12:13,3698,2,subida,0.007774,0.007775,0.007771,29.860000,3.5,3.501,3.5
11:12:13,3699,2,subida,0.007774,0.007775,0.007770,29.860000,3.5,3.501,3.5
11:12:13,3700,2,subida,0.007774,0.007775,0.007770,29.860000,3.5,3.501,3.5
11:12:13,3701,2,subida,0.007774,0.007775,0.007772,29.860000,3.5,3.5,3.5
11:12:13,3702,2,subida,0.007773,0.007775,0.007773,29.860000,3.5,3.501,3.5
11:12:13,3703,2,subida,0.007773,0.007774,0.007772,29.860000,3.5,3.501,3.5
11:12:13,3704,2,subida,0.007775,0.007774,0.007769,29.860000,3.5,3.501,3.5
11:12:13,3705,2,subida,0.007776,0.007775,0.007770,29.860000,3.5,3.5,3.5
11:12:13,3706,2,subida,0.007777,0.007775,0.007770,29.860000,3.5,3.5,3.5
11:12:13,3707,2,subida,0.007777,0.007775,0.007771,29.860000,3.5,3.501,3.5
11:12:13,3708,2,subida,0.007777,0.007775,0.007769,29.860000,3.5,3.5,3.5
11:12:13,3709,2,subida,0.007777,0.007775,0.007772,29.860000,3.5,3.501,3.5
11:12:13,3710,2,subida,0.007776,0.007775,0.007771,29.860000,3.5,3.5,3.5
11:12:13,3711,2,subida,0.007775,0.007775,0.007771,29.860000,3.5,3.501,3.5
11:12:13,3712,2,subida,0.007776,0.007775,0.007771,29.860000,3.5,3.501,3.5
11:12:13,3713,2,subida,0.007778,0.007776,0.007772,29.860000,3.5,3.501,3.5
11:12:13,3714,2,subida,0.007778,0.007776,0.007773,29.860000,3.5,3.501,3.5
11:12:13,3715,2,subida,0.007777,0.007776,0.007772,29.860000,3.5,3.501,3.5
11:12:13,3716,2,subida,0.007777,0.007776,0.007771,29.860000,3.5,3.501,3.5
11:12:14,3717,2,subida,0.007777,0.007776,0.007771,29.860000,3.5,3.501,3.5
11:12:14,3718,2,subida,0.007776,0.007776,0.007772,29.860000,3.5,3.5,3.5
11:12:14,3719,2,subida,0.007775,0.007776,0.007771,29.860000,3.5,3.501,3.5
11:12:14,3720,2,subida,0.007775,0.007776,0.007772,29.860000,3.5,3.501,3.5
11:12:14,3721,2,subida,0.007775,0.007776,0.007773,29.860000,3.5,3.501,3.5
11:12:14,3722,2,subida,0.007776,0.007776,0.007773,29.860000,3.5,3.501,3.5
11:12:14,3723,2,subida,0.007778,0.007776,0.007771,29.860000,3.5,3.501,3.5
11:12:14,3724,2,subida,0.007777,0.007776,0.007769,29.860000,3.5,3.501,3.5
11:12:14,3725,2,subida,0.007775,0.007776,0.007770,29.860000,3.5,3.501,3.5
11:12:14,3726,2,subida,0.007776,0.007776,0.007773,29.860000,3.5,3.501,3.5
11:12:14,3727,2,subida,0.007776,0.007776,0.007772,29.860000,3.5,3.501,3.5
11:12:14,3728,2,subida,0.007775,0.007776,0.007772,29.860000,3.5,3.501,3.5
11:12:14,3729,2,subida,0.007773,0.007776,0.007773,29.860000,3.5,3.501,3.5
11:12:14,3730,2,subida,0.007773,0.007776,0.007772,29.860000,3.5,3.501,3.5
11:12:14,3731,2,subida,0.007774,0.007775,0.007773,29.860000,3.5,3.501,3.5
11:12:14,3732,2,subida,0.007774,0.007775,0.007772,29.860000,3.5,3.5,3.5
11:12:14,3733,2,subida,0.007775,0.007775,0.007770,29.860000,3.5,3.5,3.5
11:12:14,3734,2,subida,0.007776,0.007775,0.007769,29.860000,3.5,3.501,3.5
11:12:14,3735,2,subida,0.007775,0.007775,0.007771,29.860000,3.5,3.501,3.5
11:12:15,3736,2,subida,0.007775,0.007775,0.007770,29.860000,3.5,3.501,3.5
11:12:15,3737,2,subida,0.007776,0.007775,0.007769,29.860000,3.5,3.5,3.5
11:12:15,3738,2,subida,0.007778,0.007775,0.007770,29.860000,3.5,3.501,3.5
11:12:15,3739,2,subida,0.007778,0.007776,0.007769,29.860000,3.5,3.5,3.5
11:12:15,3740,2,subida,0.007777,0.007776,0.007769,29.860000,3.5,3.501,3.5
11:12:15,3741,2,subida,0.007776,0.007776,0.007768,29.860000,3.5,3.5,3.5
11:12:15,3742,2,subida,0.007777,0.007776,0.007770,29.860000,3.5,3.5,3.5
11:12:15,3743,2,subida,0.007777,0.007776,0.007771,29.860000,3.5,3.5,3.5
11:12:15,3744,2,subida,0.007777,0.007776,0.007771,29.860000,3.5,3.5,3.5
11:12:15,3745,2,subida,0.007778,0.007776,0.007770,29.860000,3.5,3.5,3.5
11:12:15,3746,2,subida,0.007777,0.007776,0.007769,29.860000,3.5,3.5,3.5
11:12:15,3747,2,subida,0.020510,0.020509,0.020500,29.850000,6.5,6.486,6.5
11:12:49,3748,2,subida,0.020511,0.020509,0.020499,29.850000,6.5,6.499,6.5
11:12:49,3749,2,subida,0.020512,0.020509,0.020499,29.850000,6.5,6.5,6.5
11:12:49,3750,2,subida,0.020512,0.020509,0.020500,29.850000,6.5,6.499,6.5
11:12:49,3751,2,subida,0.020513,0.020510,0.020499,29.850000,6.5,6.5,6.5
11:12:50,3752,2,subida,0.020513,0.020510,0.020498,29.850000,6.5,6.5,6.5
11:12:50,3753,2,subida,0.020513,0.020510,0.020496,29.850000,6.5,6.5,6.5
11:12:50,3754,2,subida,0.020512,0.020510,0.020496,29.850000,6.5,6.499,6.5
11:12:50,3755,2,subida,0.020512,0.020511,0.020497,29.850000,6.5,6.5,6.5
11:12:50,3756,2,subida,0.020512,0.020511,0.020500,29.850000,6.5,6.499,6.5
11:12:50,3757,2,subida,0.020513,0.020511,0.020500,29.850000,6.5,6.5,6.5
11:12:50,3758,2,subida,0.020513,0.020511,0.020500,29.850000,6.5,6.5,6.5
11:12:50,3759,2,subida,0.020513,0.020511,0.020500,29.850000,6.5,6.499,6.5
11:12:50,3760,2,subida,0.020514,0.020512,0.020501,29.850000,6.5,6.5,6.5
11:12:50,3761,2,subida,0.020514,0.020512,0.020497,29.850000,6.5,6.5,6.5
11:12:50,3762,2,subida,0.020513,0.020512,0.020499,29.850000,6.5,6.5,6.5
11:12:50,3763,2,subida,0.020514,0.020512,0.020499,29.850000,6.5,6.5,6.5
11:12:50,3764,2,subida,0.020515,0.020512,0.020499,29.850000,6.5,6.5,6.5
11:12:50,3765,2,subida,0.020517,0.020513,0.020499,29.850000,6.5,6.499,6.5
11:12:50,3766,2,subida,0.020516,0.020513,0.020497,29.850000,6.499,6.5,6.5
11:12:50,3767,2,subida,0.020515,0.020513,0.020499,29.850000,6.5,6.5,6.5
11:12:50,3768,2,subida,0.020514,0.020513,0.020499,29.850000,6.5,6.499,6.5
11:12:50,3769,2,subida,0.020515,0.020513,0.020500,29.850000,6.499,6.5,6.5
11:12:50,3770,2,subida,0.020515,0.020514,0.020500,29.850000,6.5,6.5,6.5
11:12:50,3771,2,subida,0.020514,0.020514,0.020498,29.850000,6.5,6.5,6.5
11:12:51,3772,2,subida,0.020514,0.020514,0.020498,29.850000,6.5,6.499,6.5
11:12:51,3773,2,subida,0.020515,0.020514,0.020497,29.850000,6.5,6.5,6.5
11:12:51,3774,2,subida,0.020515,0.020514,0.020499,29.850000,6.5,6.499,6.5
11:12:51,3775,2,subida,0.020514,0.020514,0.020500,29.850000,6.5,6.5,6.5
11:12:51,3776,2,subida,0.020514,0.020514,0.020500,29.850000,6.5,6.5,6.5
11:12:51,3777,2,subida,0.020514,0.020514,0.020502,29.850000,6.5,6.5,6.5
11:12:51,3778,2,subida,0.020515,0.020514,0.020501,29.850000,6.5,6.5,6.5
11:12:51,3779,2,subida,0.020515,0.020514,0.020498,29.850000,6.5,6.5,6.5
11:12:51,3780,2,subida,0.020516,0.020514,0.020502,29.850000,6.5,6.5,6.5
11:12:51,3781,2,subida,0.020517,0.020515,0.020502,29.850000,6.5,6.5,6.5
11:12:51,3782,2,subida,0.020517,0.020515,0.020503,29.850000,6.5,6.5,6.5
11:12:51,3783,2,subida,0.020516,0.020515,0.020504,29.850000,6.5,6.5,6.5
11:12:51,3784,2,subida,0.020516,0.020515,0.020502,29.850000,6.5,6.5,6.5
11:12:51,3785,2,subida,0.020515,0.020515,0.020502,29.850000,6.5,6.5,6.5
11:12:51,3786,2,subida,0.020514,0.020515,0.020505,29.850000,6.5,6.5,6.5
11:12:51,3787,2,subida,0.020514,0.020515,0.020502,29.850000,6.5,6.5,6.5
11:12:51,3788,2,subida,0.020515,0.020515,0.020502,29.850000,6.5,6.5,6.5
11:12:51,3789,2,subida,0.020517,0.020515,0.020503,29.850000,6.5,6.5,6.5
11:12:51,3790,2,subida,0.020517,0.020515,0.020502,29.850000,6.5,6.5,6.5
11:12:51,3791,2,subida,0.020516,0.020515,0.020501,29.850000,6.5,6.5,6.5
11:12:51,3792,2,subida,0.020515,0.020515,0.020502,29.850000,6.5,6.5,6.5
11:12:51,3793,2,subida,0.020516,0.020515,0.020501,29.850000,6.5,6.5,6.5
11:12:52,3794,2,subida,0.020516,0.020515,0.020503,29.850000,6.5,6.5,6.5
11:12:52,3795,2,subida,0.020515,0.020515,0.020503,29.850000,6.5,6.5,6.5
11:12:52,3796,2,subida,0.020514,0.020515,0.020504,29.850000,6.5,6.5,6.5
11:12:52,3797,2,subida,0.020515,0.020515,0.020504,29.850000,6.5,6.5,6.5
11:12:52,3798,2,subida,0.020515,0.020515,0.020504,29.850000,6.5,6.5,6.5
11:12:52,3799,2,subida,0.020516,0.020515,0.020503,29.850000,6.5,6.5,6.5
11:12:52,3800,2,subida,0.020516,0.020515,0.020507,29.850000,6.5,6.5,6.5
11:12:52,3801,2,subida,0.020516,0.020515,0.020508,29.850000,6.5,6.5,6.5
11:12:52,3802,2,subida,0.020516,0.020515,0.020508,29.850000,6.5,6.5,6.5
11:12:52,3803,2,subida,0.020517,0.020516,0.020510,29.850000,6.5,6.5,6.5
11:12:52,3804,2,subida,0.020517,0.020516,0.020507,29.850000,6.5,6.5,6.5
11:12:52,3805,2,subida,0.020517,0.020516,0.020506,29.850000,6.5,6.5,6.5
11:12:52,3806,2,subida,0.020517,0.020516,0.020508,29.850000,6.5,6.5,6.5
11:12:52,3807,2,subida,0.020515,0.020516,0.020505,29.850000,6.5,6.5,6.5
11:12:52,3808,2,subida,0.020516,0.020516,0.020506,29.850000,6.5,6.501,6.5
11:12:52,3809,2,subida,0.020517,0.020516,0.020506,29.850000,6.5,6.5,6.5
11:12:52,3810,2,subida,0.020517,0.020516,0.020505,29.850000,6.5,6.501,6.5
11:12:52,3811,2,subida,0.020518,0.020516,0.020506,29.850000,6.5,6.5,6.5
11:12:52,3812,2,subida,0.020519,0.020517,0.020505,29.850000,6.5,6.5,6.5
11:12:53,3813,2,subida,0.020518,0.020517,0.020505,29.850000,6.5,6.5,6.5
11:12:53,3814,2,subida,0.020518,0.020517,0.020506,29.850000,6.5,6.5,6.5
11:12:53,3815,2,subida,0.020517,0.020517,0.020506,29.850000,6.5,6.5,6.5
11:12:53,3816,2,subida,0.020515,0.020517,0.020508,29.850000,6.5,6.501,6.5
11:12:53,3817,2,subida,0.020515,0.020517,0.020510,29.850000,6.5,6.5,6.5
11:12:53,3818,2,subida,0.020515,0.020516,0.020507,29.850000,6.5,6.5,6.5
11:12:53,3819,2,subida,0.020515,0.020516,0.020509,29.850000,6.5,6.5,6.5
11:12:53,3820,2,subida,0.020516,0.020516,0.020510,29.850000,6.5,6.5,6.5
11:12:53,3821,2,subida,0.020517,0.020516,0.020507,29.850000,6.5,6.5,6.5
11:12:53,3822,2,subida,0.020518,0.020517,0.020505,29.850000,6.5,6.501,6.5
11:12:53,3823,2,subida,0.020518,0.020517,0.020505,29.850000,6.5,6.5,6.5
11:12:53,3824,2,subida,0.020520,0.020517,0.020507,29.850000,6.5,6.5,6.5
11:12:53,3825,2,subida,0.020520,0.020517,0.020507,29.850000,6.5,6.5,6.5
11:12:53,3826,2,subida,0.020520,0.020518,0.020506,29.850000,6.5,6.5,6.5
11:12:53,3827,2,subida,0.020520,0.020518,0.020505,29.850000,6.5,6.5,6.5
11:12:53,3828,2,subida,0.020519,0.020518,0.020507,29.850000,6.5,6.5,6.5
11:12:53,3829,2,subida,0.020519,0.020518,0.020506,29.850000,6.5,6.5,6.5
11:12:53,3830,2,subida,0.020520,0.020518,0.020505,29.850000,6.5,6.5,6.5
11:12:53,3832,2,subida,0.020520,0.020519,0.020504,29.850000,6.5,6.501,6.5
11:12:53,3833,2,subida,0.020519,0.020519,0.020504,29.850000,6.5,6.5,6.5
11:12:53,3834,2,subida,0.020519,0.020519,0.020505,29.850000,6.5,6.5,6.5
11:12:53,3835,2,subida,0.020521,0.020519,0.020503,29.850000,6.5,6.5,6.5
11:12:53,3836,2,subida,0.020521,0.020519,0.020503,29.850000,6.5,6.5,6.5
11:12:53,3837,2,subida,0.020521,0.020519,0.020504,29.850000,6.5,6.5,6.5
11:12:53,3838,2,subida,0.020520,0.020519,0.020503,29.850000,6.5,6.5,6.5
11:12:54,3839,2,subida,0.020520,0.020519,0.020502,29.850000,6.5,6.5,6.5
11:12:54,3840,2,subida,0.020521,0.020520,0.020504,29.850000,6.5,6.5,6.5
11:12:54,3841,2,subida,0.020522,0.020520,0.020506,29.850000,6.5,6.5,6.5
11:12:54,3842,2,subida,0.020523,0.020520,0.020507,29.850000,6.5,6.5,6.5
11:12:54,3843,2,subida,0.020523,0.020520,0.020506,29.850000,6.5,6.5,6.5
11:12:54,3844,2,subida,0.020522,0.020521,0.020506,29.850000,6.5,6.5,6.5
11:12:54,3845,2,subida,0.020521,0.020521,0.020507,29.850000,6.5,6.5,6.5
11:12:54,3846,2,subida,0.020520,0.020521,0.020507,29.850000,6.5,6.5,6.5
11:12:54,3847,2,subida,0.020520,0.020520,0.020506,29.850000,6.5,6.5,6.5
11:12:54,3848,2,subida,0.020520,0.020520,0.020508,29.850000,6.5,6.5,6.5
11:12:54,3849,2,subida,0.020520,0.020520,0.020508,29.850000,6.5,6.5,6.5
11:12:54,3850,2,subida,0.020518,0.020520,0.020508,29.850000,6.5,6.5,6.5
11:12:54,3851,2,subida,0.020518,0.020520,0.020506,29.850000,6.5,6.5,6.5
11:12:54,3852,2,subida,0.020518,0.020520,0.020507,29.850000,6.5,6.5,6.5
11:12:54,3853,2,subida,0.020518,0.020520,0.020506,29.850000,6.5,6.5,6.5
11:12:54,3854,2,subida,0.020518,0.020520,0.020507,29.850000,6.5,6.5,6.5
11:12:54,3855,2,subida,0.020519,0.020520,0.020507,29.850000,6.5,6.5,6.5
11:12:54,3856,2,subida,0.020520,0.020520,0.020505,29.850000,6.5,6.5,6.5
11:12:54,3857,2,subida,0.020520,0.020520,0.020505,29.850000,6.5,6.5,6.5
11:12:54,3858,2,subida,0.020519,0.020520,0.020505,29.850000,6.5,6.5,6.5
11:12:54,3859,2,subida,0.020520,0.020520,0.020504,29.850000,6.5,6.5,6.5
11:12:55,3860,2,subida,0.020519,0.020520,0.020507,29.850000,6.5,6.5,6.5
11:12:55,3861,2,subida,0.020518,0.020519,0.020506,29.850000,6.5,6.5,6.5
11:12:55,3862,2,subida,0.020517,0.020519,0.020508,29.850000,6.5,6.5,6.5
11:12:55,3863,2,subida,0.020517,0.020519,0.020507,29.850000,6.5,6.5,6.5
11:12:55,3864,2,subida,0.020517,0.020519,0.020506,29.850000,6.5,6.5,6.5
11:12:55,3865,2,subida,0.020516,0.020519,0.020509,29.850000,6.5,6.5,6.5
11:12:55,3866,2,subida,0.020516,0.020518,0.020506,29.850000,6.5,6.5,6.5
11:12:55,3867,2,subida,0.020517,0.020518,0.020506,29.850000,6.5,6.5,6.5
11:12:55,3868,2,subida,0.020517,0.020518,0.020505,29.850000,6.5,6.499,6.5
11:12:55,3869,2,subida,0.020517,0.020518,0.020505,29.850000,6.5,6.5,6.5
11:12:55,3870,2,subida,0.020518,0.020518,0.020507,29.850000,6.5,6.5,6.5
11:12:55,3871,2,subida,0.020518,0.020518,0.020508,29.850000,6.5,6.5,6.5
11:12:55,3872,2,subida,0.020519,0.020518,0.020507,29.850000,6.5,6.5,6.5
11:12:55,3873,2,subida,0.020519,0.020518,0.020505,29.850000,6.5,6.499,6.5
11:12:55,3874,2,subida,0.020519,0.020518,0.020503,29.850000,6.5,6.5,6.5
11:12:55,3875,2,subida,0.020520,0.020518,0.020503,29.850000,6.5,6.499,6.5
11:12:55,3876,2,subida,0.020521,0.020519,0.020505,29.850000,6.5,6.499,6.5
11:12:56,3877,2,subida,0.020521,0.020519,0.020508,29.850000,6.5,6.499,6.5
11:12:56,3878,2,subida,0.020520,0.020519,0.020506,29.850000,6.5,6.499,6.5
11:12:56,3879,2,subida,0.020519,0.020519,0.020506,29.850000,6.5,6.5,6.5
11:12:56,3880,2,subida,0.020520,0.020519,0.020507,29.850000,6.5,6.499,6.5
11:12:56,3881,2,subida,0.020521,0.020519,0.020508,29.850000,6.5,6.5,6.5
11:12:56,3882,2,subida,0.020519,0.020519,0.020509,29.850000,6.5,6.499,6.5
11:12:56,3883,2,subida,0.020518,0.020519,0.020509,29.850000,6.5,6.499,6.5
11:12:56,3884,2,subida,0.020518,0.020519,0.020507,29.850000,6.5,6.499,6.5
11:12:56,3885,2,subida,0.020518,0.020519,0.020506,29.850000,6.5,6.499,6.5
11:12:56,3886,2,subida,0.020518,0.020519,0.020505,29.850000,6.5,6.5,6.5
11:12:56,3887,2,subida,0.020518,0.020519,0.020506,29.850000,6.5,6.499,6.5
11:12:56,3888,2,subida,0.020517,0.020518,0.020505,29.850000,6.5,6.499,6.5
11:12:56,3889,2,subida,0.020517,0.020518,0.020505,29.850000,6.5,6.5,6.5
11:12:56,3890,2,subida,0.020518,0.020518,0.020505,29.850000,6.5,6.5,6.5
11:12:56,3891,2,subida,0.020518,0.020518,0.020504,29.850000,6.5,6.5,6.5
11:12:56,3892,2,subida,0.020518,0.020518,0.020505,29.850000,6.5,6.499,6.5
11:12:56,3893,2,subida,0.020517,0.020518,0.020505,29.850000,6.5,6.499,6.5
11:12:56,3894,2,subida,0.020517,0.020518,0.020504,29.850000,6.5,6.5,6.5
11:12:57,3895,2,subida,0.020518,0.020518,0.020503,29.850000,6.5,6.499,6.5
11:12:57,3896,2,subida,0.020518,0.020518,0.020505,29.850000,6.5,6.5,6.5
11:12:57,3897,2,subida,0.020519,0.020518,0.020505,29.840000,6.5,6.5,6.5
11:12:57,3898,2,subida,0.020518,0.020518,0.020504,29.840000,6.5,6.5,6.5
11:12:57,3899,2,subida,0.020518,0.020518,0.020504,29.850000,6.5,6.5,6.5
11:12:57,3900,2,subida,0.020519,0.020518,0.020504,29.850000,6.5,6.5,6.5
11:12:57,3901,2,subida,0.020519,0.020518,0.020505,29.850000,6.5,6.5,6.5
11:12:57,3902,2,subida,0.020520,0.020518,0.020503,29.850000,6.5,6.5,6.5
11:12:57,3903,2,subida,0.020520,0.020519,0.020503,29.850000,6.5,6.5,6.5
11:12:57,3904,2,subida,0.020522,0.020519,0.020503,29.850000,6.5,6.5,6.5
11:12:57,3905,2,subida,0.020522,0.020519,0.020502,29.850000,6.5,6.499,6.5
11:12:57,3906,2,subida,0.020521,0.020519,0.020503,29.850000,6.5,6.5,6.5
11:12:57,3907,2,subida,0.020521,0.020519,0.020502,29.850000,6.5,6.5,6.5
11:12:57,3908,2,subida,0.020520,0.020520,0.020503,29.850000,6.5,6.499,6.5
11:12:57,3909,2,subida,0.020520,0.020520,0.020505,29.850000,6.5,6.5,6.5
11:12:57,3910,2,subida,0.020519,0.020519,0.020505,29.850000,6.5,6.5,6.5
11:12:57,3911,2,subida,0.020518,0.020519,0.020504,29.850000,6.5,6.5,6.5
11:12:57,3912,2,subida,0.020519,0.020519,0.020504,29.850000,6.5,6.5,6.5
11:12:57,3913,2,subida,0.020519,0.020519,0.020504,29.850000,6.5,6.5,6.5
11:12:57,3914,2,subida,0.020520,0.020519,0.020504,29.850000,6.5,6.5,6.5
11:12:57,3915,2,subida,0.020520,0.020520,0.020504,29.850000,6.5,6.501,6.5
11:12:58,3916,2,subida,0.020521,0.020520,0.020504,29.850000,6.5,6.5,6.5
11:12:58,3917,2,subida,0.020521,0.020520,0.020507,29.850000,6.5,6.5,6.5
11:12:58,3918,2,subida,0.020522,0.020520,0.020507,29.850000,6.5,6.5,6.5
11:12:58,3919,2,subida,0.020523,0.020520,0.020504,29.850000,6.5,6.5,6.5
11:12:58,3920,2,subida,0.020523,0.020521,0.020503,29.850000,6.5,6.5,6.5
11:12:58,3921,2,subida,0.020522,0.020521,0.020502,29.850000,6.501,6.5,6.5
11:12:58,3922,2,subida,0.020521,0.020521,0.020501,29.850000,6.5,6.5,6.5
11:12:58,3923,2,subida,0.020521,0.020521,0.020503,29.850000,6.5,6.501,6.5
11:12:58,3924,2,subida,0.020521,0.020521,0.020507,29.850000,6.5,6.5,6.5
11:12:58,3925,2,subida,0.020521,0.020521,0.020507,29.850000,6.5,6.5,6.5
11:12:58,3926,2,subida,0.020521,0.020521,0.020508,29.850000,6.5,6.5,6.5
11:12:58,3927,2,subida,0.020521,0.020521,0.020509,29.850000,6.5,6.5,6.5
11:12:58,3928,2,subida,0.020520,0.020521,0.020508,29.850000,6.5,6.5,6.5
11:12:58,3929,2,subida,0.020520,0.020521,0.020508,29.850000,6.5,6.5,6.5
11:12:58,3930,2,subida,0.020522,0.020521,0.020508,29.850000,6.5,6.5,6.5
11:12:58,3931,2,subida,0.020522,0.020521,0.020509,29.850000,6.5,6.5,6.5
11:12:58,3932,2,subida,0.020521,0.020521,0.020509,29.850000,6.5,6.5,6.5
11:12:58,3933,2,subida,0.020521,0.020521,0.020507,29.850000,6.5,6.501,6.5
11:12:58,3934,2,subida,0.020521,0.020521,0.020509,29.850000,6.5,6.5,6.5
11:12:58,3935,2,subida,0.020520,0.020521,0.020509,29.850000,6.5,6.501,6.5
11:12:58,3936,2,subida,0.020520,0.020521,0.020509,29.850000,6.5,6.5,6.5
11:12:58,3937,2,subida,0.020521,0.020521,0.020509,29.850000,6.5,6.5,6.5
11:12:58,3938,2,subida,0.020522,0.020521,0.020511,29.850000,6.5,6.5,6.5
11:12:58,3939,2,subida,0.020522,0.020521,0.020511,29.850000,6.5,6.5,6.5
11:12:59,3940,2,subida,0.020520,0.020521,0.020510,29.850000,6.5,6.501,6.5
11:12:59,3941,2,subida,0.020518,0.020521,0.020510,29.850000,6.5,6.5,6.5
11:12:59,3942,2,subida,0.020519,0.020520,0.020510,29.850000,6.5,6.5,6.5
11:12:59,3943,2,subida,0.020520,0.020520,0.020510,29.850000,6.5,6.5,6.5
11:12:59,3944,2,subida,0.020519,0.020520,0.020509,29.850000,6.5,6.5,6.5
11:12:59,3945,2,subida,0.020518,0.020520,0.020508,29.850000,6.5,6.5,6.5
11:12:59,3946,2,subida,0.020517,0.020520,0.020506,29.850000,6.5,6.5,6.5
11:12:59,3947,2,subida,0.020519,0.020520,0.020505,29.850000,6.5,6.5,6.5
11:12:59,3948,2,subida,0.020520,0.020520,0.020504,29.850000,6.5,6.5,6.5
11:12:59,3949,2,subida,0.020520,0.020520,0.020499,29.850000,6.5,6.5,6.5
11:12:59,3950,2,subida,0.020519,0.020520,0.020501,29.850000,6.5,6.5,6.5
11:12:59,3951,2,subida,0.020518,0.020520,0.020501,29.850000,6.5,6.5,6.5
11:12:59,3952,2,subida,0.020518,0.020519,0.020502,29.850000,6.5,6.5,6.5
11:12:59,3953,2,subida,0.020518,0.020519,0.020502,29.850000,6.5,6.5,6.5
11:12:59,3954,2,subida,0.020518,0.020519,0.020503,29.850000,6.5,6.5,6.5
11:12:59,3955,2,subida,0.020517,0.020519,0.020501,29.850000,6.5,6.5,6.5
11:12:59,3956,2,subida,0.020517,0.020519,0.020504,29.850000,6.5,6.5,6.5
11:12:59,3957,2,subida,0.020518,0.020519,0.020504,29.850000,6.5,6.5,6.5
11:12:59,3958,2,subida,0.020518,0.020519,0.020503,29.850000,6.5,6.5,6.5
11:12:59,3959,2,subida,0.020518,0.020518,0.020501,29.850000,6.5,6.5,6.5
11:13:00,3960,2,subida,0.020518,0.020518,0.020500,29.850000,6.5,6.5,6.5
11:13:00,3961,2,subida,0.020518,0.020518,0.020500,29.850000,6.5,6.5,6.5
11:13:00,3962,2,subida,0.020519,0.020518,0.020499,29.850000,6.5,6.5,6.5
11:13:00,3963,2,subida,0.020519,0.020518,0.020501,29.850000,6.5,6.5,6.5
11:13:00,3964,2,subida,0.020518,0.020518,0.020501,29.850000,6.5,6.5,6.5
11:13:00,3965,2,subida,0.020517,0.020518,0.020503,29.850000,6.5,6.5,6.5
11:13:00,3966,2,subida,0.020516,0.020518,0.020499,29.850000,6.5,6.5,6.5
11:13:00,3967,2,subida,0.020517,0.020518,0.020499,29.850000,6.5,6.5,6.5
11:13:00,3968,2,subida,0.020516,0.020518,0.020498,29.850000,6.5,6.5,6.5
11:13:00,3969,2,subida,0.020516,0.020518,0.020498,29.850000,6.5,6.5,6.5
11:13:00,3970,2,subida,0.020517,0.020518,0.020499,29.850000,6.5,6.5,6.5
11:13:00,3971,2,subida,0.020519,0.020518,0.020501,29.850000,6.5,6.5,6.5
11:13:00,3972,2,subida,0.020519,0.020518,0.020500,29.850000,6.5,6.499,6.5
11:13:00,3973,2,subida,0.020519,0.020518,0.020500,29.850000,6.5,6.5,6.5
11:13:00,3974,2,subida,0.020518,0.020518,0.020499,29.850000,6.5,6.5,6.5
11:13:00,3975,2,subida,0.020518,0.020518,0.020499,29.850000,6.5,6.499,6.5
11:13:00,3976,2,subida,0.020517,0.020518,0.020499,29.850000,6.5,6.5,6.5
11:13:00,3977,2,subida,0.020517,0.020518,0.020503,29.850000,6.5,6.5,6.5
11:13:00,3978,2,subida,0.020517,0.020518,0.020502,29.850000,6.5,6.5,6.5
11:13:00,3979,2,subida,0.020518,0.020518,0.020502,29.850000,6.5,6.499,6.5
11:13:00,3980,2,subida,0.020517,0.020518,0.020501,29.850000,6.5,6.5,6.5
11:13:00,3981,2,subida,0.020517,0.020518,0.020499,29.850000,6.5,6.499,6.5
11:13:00,3982,2,subida,0.020518,0.020518,0.020501,29.850000,6.499,6.5,6.5
11:13:01,3983,2,subida,0.020518,0.020518,0.020501,29.850000,6.5,6.5,6.5
11:13:01,3984,2,subida,0.020519,0.020518,0.020502,29.850000,6.5,6.499,6.5
11:13:01,3985,2,subida,0.020519,0.020518,0.020502,29.850000,6.5,6.5,6.5
11:13:01,3986,2,subida,0.020519,0.020518,0.020503,29.850000,6.5,6.499,6.5
11:13:01,3987,2,subida,0.020518,0.020518,0.020499,29.850000,6.5,6.499,6.5
11:13:01,3988,2,subida,0.020518,0.020518,0.020500,29.840000,6.5,6.5,6.5
11:13:01,3989,2,subida,0.020516,0.020518,0.020501,29.840000,6.5,6.499,6.5
11:13:01,3990,2,subida,0.020515,0.020518,0.020501,29.850000,6.5,6.499,6.5
11:13:01,3991,2,subida,0.020514,0.020517,0.020499,29.850000,6.5,6.499,6.5
11:13:01,3992,2,subida,0.020513,0.020517,0.020500,29.850000,6.5,6.499,6.5
11:13:01,3993,2,subida,0.020514,0.020517,0.020499,29.850000,6.5,6.499,6.5
11:13:01,3994,2,subida,0.020514,0.020516,0.020497,29.850000,6.5,6.499,6.5
11:13:01,3995,2,subida,0.020513,0.020516,0.020498,29.850000,6.5,6.499,6.5
11:13:01,3996,2,subida,0.020512,0.020516,0.020498,29.850000,6.5,6.499,6.5
11:13:01,3997,2,subida,0.020512,0.020515,0.020495,29.850000,6.5,6.5,6.5
11:13:01,3998,2,subida,0.020513,0.020515,0.020496,29.850000,6.5,6.5,6.5
11:13:01,3999,2,subida,0.020514,0.020515,0.020499,29.850000,6.5,6.5,6.5
11:13:01,4000,2,subida,0.020514,0.020515,0.020500,29.840000,6.5,6.5,6.5
11:13:02,4001,2,subida,0.020516,0.020515,0.020501,29.840000,6.5,6.5,6.5
11:13:02,4002,2,subida,0.020515,0.020515,0.020502,29.850000,6.5,6.5,6.5
11:13:02,4003,2,subida,0.020514,0.020515,0.020501,29.850000,6.5,6.5,6.5
11:13:02,4004,2,subida,0.020515,0.020515,0.020501,29.850000,6.5,6.499,6.5
11:13:02,4005,2,subida,0.020514,0.020515,0.020502,29.850000,6.5,6.499,6.5
11:13:02,4006,2,subida,0.020513,0.020515,0.020500,29.850000,6.5,6.5,6.5
11:13:02,4007,2,subida,0.020513,0.020515,0.020502,29.850000,6.5,6.5,6.5
11:13:02,4008,2,subida,0.020513,0.020514,0.020500,29.850000,6.5,6.5,6.5
11:13:02,4009,2,subida,0.020513,0.020514,0.020501,29.850000,6.5,6.5,6.5
11:13:02,4010,2,subida,0.020514,0.020514,0.020500,29.850000,6.5,6.5,6.5
11:13:02,4011,2,subida,0.020514,0.020514,0.020502,29.850000,6.5,6.5,6.5
11:13:02,4012,2,subida,0.020514,0.020514,0.020501,29.850000,6.5,6.5,6.5
11:13:02,4013,2,subida,0.020514,0.020514,0.020503,29.850000,6.5,6.499,6.5
11:13:02,4014,2,subida,0.020514,0.020514,0.020503,29.850000,6.5,6.5,6.5
11:13:02,4015,2,subida,0.020514,0.020514,0.020502,29.850000,6.5,6.5,6.5
11:13:02,4016,2,subida,0.020514,0.020514,0.020501,29.850000,6.5,6.5,6.5
11:13:02,4017,2,subida,0.020515,0.020514,0.020502,29.850000,6.5,6.5,6.5
11:13:02,4018,2,subida,0.020515,0.020514,0.020506,29.850000,6.5,6.5,6.5
11:13:02,4019,2,subida,0.020517,0.020515,0.020506,29.850000,6.5,6.5,6.5
11:13:02,4020,2,subida,0.020517,0.020515,0.020505,29.850000,6.5,6.501,6.5
11:13:03,4021,2,subida,0.020516,0.020515,0.020504,29.850000,6.5,6.5,6.5
11:13:03,4022,2,subida,0.020515,0.020515,0.020504,29.850000,6.5,6.5,6.5
11:13:03,4023,2,subida,0.020515,0.020515,0.020504,29.850000,6.5,6.5,6.5
11:13:03,4024,2,subida,0.020517,0.020515,0.020507,29.850000,6.5,6.5,6.5
11:13:03,4025,2,subida,0.020518,0.020515,0.020505,29.850000,6.5,6.501,6.5
11:13:03,4026,2,subida,0.020519,0.020516,0.020505,29.850000,6.5,6.5,6.5
11:13:03,4027,2,subida,0.020518,0.020516,0.020507,29.850000,6.5,6.501,6.5
11:13:03,4028,2,subida,0.020518,0.020516,0.020505,29.850000,6.5,6.501,6.5
11:13:03,4029,2,subida,0.020518,0.020516,0.020503,29.850000,6.5,6.501,6.5
11:13:03,4030,2,subida,0.020517,0.020516,0.020503,29.840000,6.5,6.5,6.5
11:13:03,4031,2,subida,0.020518,0.020517,0.020505,29.840000,6.5,6.501,6.5
11:13:03,4032,2,subida,0.020518,0.020517,0.020506,29.850000,6.5,6.501,6.5
11:13:03,4033,2,subida,0.020517,0.020517,0.020505,29.850000,6.5,6.501,6.5
11:13:03,4034,2,subida,0.020517,0.020517,0.020506,29.840000,6.5,6.501,6.5
11:13:04,4035,2,subida,0.020517,0.020517,0.020505,29.840000,6.5,6.501,6.5
11:13:04,4036,2,subida,0.020518,0.020517,0.020506,29.840000,6.5,6.501,6.5
11:13:04,4037,2,subida,0.020519,0.020517,0.020508,29.840000,6.5,6.501,6.5
11:13:04,4038,2,subida,0.020519,0.020517,0.020507,29.850000,6.5,6.5,6.5
11:13:04,4039,2,subida,0.020520,0.020518,0.020507,29.850000,6.5,6.501,6.5
11:13:04,4040,2,subida,0.020520,0.020518,0.020508,29.850000,6.5,6.501,6.5
11:13:04,4041,2,subida,0.020521,0.020518,0.020507,29.850000,6.5,6.5,6.5
11:13:04,4042,2,subida,0.020523,0.020519,0.020505,29.850000,6.5,6.501,6.5
11:13:04,4043,2,subida,0.020523,0.020519,0.020507,29.850000,6.5,6.501,6.5
11:13:04,4044,2,subida,0.020523,0.020519,0.020508,29.850000,6.501,6.5,6.5
11:13:04,4045,2,subida,0.020523,0.020520,0.020506,29.850000,6.5,6.5,6.5
11:13:04,4046,2,subida,0.020521,0.020520,0.020506,29.850000,6.5,6.501,6.5
11:13:04,4047,2,subida,0.020520,0.020520,0.020506,29.850000,6.5,6.5,6.5
11:13:04,4048,2,subida,0.020521,0.020520,0.020507,29.850000,6.5,6.5,6.5
11:13:04,4049,2,subida,0.020521,0.020520,0.020507,29.850000,6.5,6.5,6.5
11:13:05,4050,2,subida,0.020521,0.020520,0.020509,29.850000,6.5,6.5,6.5
11:13:05,4051,2,subida,0.020521,0.020520,0.020507,29.850000,6.5,6.5,6.5
11:13:05,4052,2,subida,0.020521,0.020520,0.020508,29.850000,6.5,6.501,6.5
11:13:05,4053,2,subida,0.020520,0.020520,0.020506,29.850000,6.5,6.5,6.5
11:13:05,4054,2,subida,0.020519,0.020520,0.020507,29.850000,6.5,6.5,6.5
11:13:05,4055,2,subida,0.020520,0.020520,0.020507,29.850000,6.5,6.5,6.5
11:13:05,4056,2,subida,0.020521,0.020520,0.020508,29.850000,6.5,6.501,6.5
11:13:05,4057,2,subida,0.020522,0.020520,0.020506,29.850000,6.5,6.5,6.5
11:13:05,4058,2,subida,0.020524,0.020521,0.020507,29.850000,6.5,6.5,6.5
11:13:05,4059,2,subida,0.020523,0.020521,0.020507,29.850000,6.5,6.5,6.5
11:13:05,4060,2,subida,0.020524,0.020521,0.020507,29.850000,6.5,6.5,6.5
11:13:05,4061,2,subida,0.020523,0.020521,0.020507,29.850000,6.5,6.5,6.5
11:13:05,4062,2,subida,0.020522,0.020522,0.020508,29.850000,6.5,6.5,6.5
11:13:05,4063,2,subida,0.020521,0.020522,0.020510,29.850000,6.5,6.5,6.5
11:13:05,4064,2,subida,0.020522,0.020522,0.020510,29.840000,6.5,6.5,6.5
11:13:05,4065,2,subida,0.020522,0.020522,0.020509,29.840000,6.5,6.5,6.5
11:13:05,4066,2,subida,0.020521,0.020522,0.020506,29.850000,6.5,6.5,6.5
11:13:05,4067,2,subida,0.020521,0.020521,0.020504,29.850000,6.5,6.5,6.5
11:13:05,4068,2,subida,0.020522,0.020521,0.020504,29.840000,6.5,6.5,6.5
11:13:05,4069,2,subida,0.020521,0.020521,0.020502,29.840000,6.5,6.5,6.5
11:13:05,4070,2,subida,0.020520,0.020521,0.020503,29.850000,6.5,6.5,6.5
11:13:05,4071,2,subida,0.020519,0.020521,0.020505,29.850000,6.5,6.5,6.5
11:13:06,4072,2,subida,0.020518,0.020521,0.020505,29.840000,6.5,6.5,6.5
11:13:06,4073,2,subida,0.020519,0.020521,0.020504,29.840000,6.5,6.5,6.5
11:13:06,4074,2,subida,0.020519,0.020520,0.020505,29.840000,6.5,6.5,6.5
11:13:06,4075,2,subida,0.020519,0.020520,0.020504,29.840000,6.5,6.5,6.5
11:13:06,4076,2,subida,0.020520,0.020520,0.020505,29.850000,6.5,6.5,6.5
11:13:06,4077,2,subida,0.020521,0.020520,0.020505,29.850000,6.5,6.5,6.5
11:13:06,4078,2,subida,0.020521,0.020520,0.020505,29.840000,6.5,6.5,6.5
11:13:06,4079,2,subida,0.020521,0.020520,0.020502,29.840000,6.5,6.5,6.5
11:13:06,4080,2,subida,0.020522,0.020521,0.020503,29.850000,6.5,6.499,6.5
11:13:06,4081,2,subida,0.020522,0.020521,0.020504,29.850000,6.5,6.5,6.5
11:13:06,4082,2,subida,0.020523,0.020521,0.020504,29.850000,6.5,6.499,6.5
11:13:06,4083,2,subida,0.020523,0.020521,0.020505,29.850000,6.5,6.5,6.5
11:13:06,4084,2,subida,0.020523,0.020521,0.020504,29.850000,6.5,6.5,6.5
11:13:06,4085,2,subida,0.020523,0.020521,0.020502,29.850000,6.5,6.499,6.5
11:13:06,4086,2,subida,0.020523,0.020522,0.020504,29.850000,6.5,6.5,6.5
11:13:06,4087,2,subida,0.020523,0.020522,0.020504,29.850000,6.5,6.5,6.5
11:13:06,4088,2,subida,0.020522,0.020522,0.020503,29.850000,6.5,6.5,6.5
11:13:06,4089,2,subida,0.020522,0.020522,0.020505,29.850000,6.5,6.5,6.5
11:13:06,4090,2,subida,0.020521,0.020522,0.020503,29.850000,6.5,6.5,6.5
11:13:06,4091,2,subida,0.020521,0.020522,0.020503,29.850000,6.5,6.499,6.5
11:13:06,4092,2,subida,0.020521,0.020522,0.020506,29.850000,6.5,6.499,6.5
11:13:06,4093,2,subida,0.020521,0.020521,0.020503,29.840000,6.5,6.5,6.5
11:13:07,4094,2,subida,0.020520,0.020521,0.020501,29.840000,6.5,6.5,6.5
11:13:07,4095,2,subida,0.020521,0.020521,0.020501,29.850000,6.5,6.5,6.5
11:13:07,4096,2,subida,0.020521,0.020521,0.020503,29.850000,6.5,6.5,6.5
11:13:07,4097,2,subida,0.020522,0.020521,0.020501,29.850000,6.5,6.5,6.5
11:13:07,4098,2,subida,0.020522,0.020521,0.020503,29.850000,6.5,6.499,6.5
11:13:07,4099,2,subida,0.020522,0.020521,0.020502,29.850000,6.5,6.499,6.5
11:13:07,4100,2,subida,0.020522,0.020521,0.020500,29.850000,6.5,6.5,6.5
11:13:07,4101,2,subida,0.020522,0.020521,0.020501,29.850000,6.5,6.5,6.5
11:13:07,4102,2,subida,0.020522,0.020522,0.020500,29.850000,6.5,6.5,6.5
11:13:07,4103,2,subida,0.020521,0.020521,0.020501,29.850000,6.5,6.5,6.5
11:13:07,4104,2,subida,0.020520,0.020521,0.020500,29.850000,6.5,6.499,6.5
11:13:07,4105,2,subida,0.020521,0.020521,0.020501,29.840000,6.5,6.5,6.5
11:13:07,4106,2,subida,0.020522,0.020521,0.020500,29.840000,6.5,6.499,6.5
11:13:07,4107,2,subida,0.020522,0.020522,0.020499,29.840000,6.5,6.5,6.5
11:13:07,4108,2,subida,0.020522,0.020522,0.020498,29.840000,6.499,6.5,6.5
11:13:07,4109,2,subida,0.020522,0.020522,0.020501,29.840000,6.5,6.5,6.5
11:13:07,4110,2,subida,0.020521,0.020522,0.020503,29.840000,6.499,6.5,6.5
11:13:07,4111,2,subida,0.020519,0.020521,0.020504,29.840000,6.5,6.499,6.5
11:13:07,4112,2,subida,0.020519,0.020521,0.020501,29.840000,6.5,6.499,6.5
11:13:07,4113,2,subida,0.020520,0.020521,0.020501,29.840000,6.5,6.499,6.5
11:13:07,4114,2,subida,0.020522,0.020521,0.020500,29.840000,6.5,6.5,6.5
11:13:07,4115,2,subida,0.020523,0.020521,0.020501,29.840000,6.5,6.5,6.5
11:13:07,4116,2,subida,0.020522,0.020521,0.020501,29.840000,6.5,6.499,6.5
11:13:08,4117,2,subida,0.020522,0.020522,0.020499,29.840000,6.5,6.5,6.5
11:13:08,4118,2,subida,0.020523,0.020522,0.020499,29.840000,6.5,6.499,6.5
11:13:08,4119,2,subida,0.020523,0.020522,0.020498,29.840000,6.499,6.5,6.5
11:13:08,4120,2,subida,0.020524,0.020522,0.020499,29.840000,6.5,6.499,6.5
11:13:08,4121,2,subida,0.020523,0.020522,0.020499,29.840000,6.5,6.5,6.5
11:13:08,4122,2,subida,0.020523,0.020522,0.020500,29.840000,6.5,6.499,6.5
11:13:08,4123,2,subida,0.020522,0.020522,0.020500,29.840000,6.5,6.499,6.5
11:13:08,4124,2,subida,0.020521,0.020522,0.020498,29.840000,6.5,6.499,6.5
11:13:08,4125,2,subida,0.020521,0.020522,0.020497,29.840000,6.5,6.499,6.5
11:13:08,4126,2,subida,0.020520,0.020522,0.020499,29.840000,6.5,6.499,6.5
11:13:08,4127,2,subida,0.020520,0.020522,0.020500,29.840000,6.5,6.499,6.5
11:13:08,4128,2,subida,0.020520,0.020521,0.020501,29.840000,6.5,6.499,6.5
11:13:08,4129,2,subida,0.020520,0.020521,0.020503,29.840000,6.5,6.5,6.5
11:13:08,4130,2,subida,0.020521,0.020521,0.020502,29.840000,6.5,6.5,6.5
11:13:08,4131,2,subida,0.020520,0.020521,0.020501,29.840000,6.5,6.5,6.5
11:13:08,4132,2,subida,0.020519,0.020521,0.020502,29.840000,6.5,6.499,6.5
11:13:08,4133,2,subida,0.020520,0.020521,0.020500,29.840000,6.5,6.5,6.5
11:13:08,4134,2,subida,0.020520,0.020521,0.020501,29.840000,6.5,6.5,6.5
11:13:08,4135,2,subida,0.020519,0.020521,0.020502,29.840000,6.5,6.5,6.5
11:13:08,4136,2,subida,0.020519,0.020520,0.020502,29.840000,6.5,6.499,6.5
11:13:08,4137,2,subida,0.020519,0.020520,0.020502,29.840000,6.5,6.5,6.5
11:13:09,4138,2,subida,0.020519,0.020520,0.020501,29.840000,6.5,6.5,6.5
11:13:09,4139,2,subida,0.020520,0.020520,0.020499,29.840000,6.5,6.5,6.5
11:13:09,4140,2,subida,0.020520,0.020520,0.020499,29.840000,6.5,6.5,6.5
11:13:09,4141,2,subida,0.020520,0.020520,0.020500,29.840000,6.5,6.5,6.5
11:13:09,4142,2,subida,0.020519,0.020520,0.020501,29.840000,6.5,6.5,6.5
11:13:09,4143,2,subida,0.020518,0.020520,0.020499,29.840000,6.5,6.5,6.5
11:13:09,4144,2,subida,0.020518,0.020520,0.020500,29.840000,6.5,6.5,6.5
11:13:09,4145,2,subida,0.020518,0.020519,0.020501,29.840000,6.5,6.5,6.5
11:13:09,4146,2,subida,0.020519,0.020519,0.020503,29.840000,6.5,6.5,6.5
11:13:09,4147,2,subida,0.020519,0.020519,0.020504,29.840000,6.5,6.5,6.5
11:13:09,4148,2,subida,0.020520,0.020519,0.020505,29.840000,6.5,6.5,6.5
11:13:09,4149,2,subida,0.020519,0.020519,0.020505,29.840000,6.5,6.5,6.5
11:13:09,4150,2,subida,0.020518,0.020519,0.020505,29.840000,6.5,6.5,6.5
11:13:09,4151,2,subida,0.020519,0.020519,0.020505,29.840000,6.5,6.5,6.5
11:13:09,4152,2,subida,0.020520,0.020519,0.020505,29.840000,6.5,6.5,6.5
11:13:09,4153,2,subida,0.020520,0.020519,0.020502,29.840000,6.5,6.5,6.5
11:13:09,4154,2,subida,0.020520,0.020519,0.020503,29.840000,6.5,6.5,6.5
11:13:38,4156,2,subida,0.021697,0.021702,0.021768,29.840000,6.8,6.8,6.8
11:13:38,4157,2,subida,0.021696,0.021701,0.021772,29.840000,6.8,6.8,6.8
11:13:38,4158,2,subida,0.021697,0.021701,0.021771,29.840000,6.8,6.8,6.8
11:13:38,4159,2,subida,0.021697,0.021700,0.021769,29.840000,6.8,6.8,6.8
11:13:38,4160,2,subida,0.021697,0.021700,0.021771,29.840000,6.8,6.8,6.8
11:13:38,4161,2,subida,0.021696,0.021700,0.021769,29.840000,6.8,6.8,6.8
11:13:39,4162,2,subida,0.021694,0.021699,0.021768,29.840000,6.8,6.8,6.8
11:13:39,4163,2,subida,0.021695,0.021699,0.021771,29.840000,6.8,6.8,6.8
11:13:39,4164,2,subida,0.021697,0.021699,0.021770,29.840000,6.8,6.8,6.8
11:13:39,4165,2,subida,0.021697,0.021699,0.021770,29.840000,6.8,6.8,6.8
11:13:39,4166,2,subida,0.021697,0.021698,0.021769,29.840000,6.8,6.8,6.8
11:13:39,4167,2,subida,0.021697,0.021698,0.021770,29.840000,6.8,6.8,6.8
11:13:39,4168,2,subida,0.021697,0.021698,0.021771,29.840000,6.8,6.8,6.8
11:13:39,4169,2,subida,0.021697,0.021698,0.021771,29.840000,6.8,6.8,6.8
11:13:39,4170,2,subida,0.021698,0.021698,0.021773,29.840000,6.8,6.8,6.8
11:13:39,4171,2,subida,0.021700,0.021698,0.021770,29.840000,6.8,6.8,6.8
11:13:39,4172,2,subida,0.021702,0.021699,0.021769,29.840000,6.8,6.8,6.8
11:13:39,4173,2,subida,0.021705,0.021699,0.021768,29.840000,6.8,6.8,6.8
11:13:39,4174,2,subida,0.021709,0.021700,0.021768,29.840000,6.8,6.8,6.8
11:13:39,4175,2,subida,0.021713,0.021701,0.021767,29.840000,6.8,6.8,6.8
11:13:39,4176,2,subida,0.021717,0.021703,0.021768,29.840000,6.8,6.8,6.8
11:13:39,4177,2,subida,0.021719,0.021704,0.021769,29.840000,6.8,6.8,6.8
11:13:40,4178,2,subida,0.021722,0.021706,0.021768,29.840000,6.8,6.799,6.8
11:13:40,4179,2,subida,0.021725,0.021708,0.021766,29.840000,6.8,6.8,6.8
11:13:40,4180,2,subida,0.021729,0.021710,0.021767,29.840000,6.8,6.8,6.8
11:13:40,4181,2,subida,0.021733,0.021712,0.021767,29.840000,6.8,6.8,6.8
11:13:40,4182,2,subida,0.021736,0.021714,0.021769,29.840000,6.8,6.799,6.8
11:13:40,4183,2,subida,0.021738,0.021717,0.021770,29.840000,6.8,6.8,6.8
11:13:40,4184,2,subida,0.021740,0.021719,0.021768,29.840000,6.8,6.799,6.8
11:13:40,4185,2,subida,0.021744,0.021721,0.021770,29.840000,6.8,6.8,6.8
11:13:40,4186,2,subida,0.021748,0.021724,0.021766,29.840000,6.8,6.799,6.8
11:13:40,4187,2,subida,0.021751,0.021726,0.021767,29.840000,6.8,6.8,6.8
11:13:40,4188,2,subida,0.021752,0.021729,0.021768,29.840000,6.8,6.799,6.8
11:13:40,4189,2,subida,0.021754,0.021731,0.021768,29.840000,6.8,6.799,6.8
11:13:40,4190,2,subida,0.021757,0.021734,0.021768,29.840000,6.8,6.8,6.8
11:13:40,4191,2,subida,0.021759,0.021736,0.021767,29.840000,6.8,6.799,6.8
11:13:40,4192,2,subida,0.021761,0.021738,0.021768,29.840000,6.8,6.8,6.8
11:13:40,4193,2,subida,0.021762,0.021741,0.021768,29.840000,6.8,6.8,6.8
11:13:40,4194,2,subida,0.021764,0.021743,0.021769,29.840000,6.8,6.799,6.8
11:13:40,4195,2,subida,0.021766,0.021745,0.021770,29.840000,6.8,6.8,6.8
11:13:41,4196,2,subida,0.021767,0.021747,0.021769,29.840000,6.8,6.8,6.8
11:13:41,4197,2,subida,0.021769,0.021749,0.021769,29.840000,6.8,6.799,6.8
11:13:41,4198,2,subida,0.021771,0.021751,0.021768,29.840000,6.8,6.8,6.8
11:13:41,4199,2,subida,0.021772,0.021753,0.021769,29.840000,6.8,6.799,6.8
11:13:41,4200,2,subida,0.021773,0.021755,0.021769,29.840000,6.8,6.8,6.8
11:13:41,4201,2,subida,0.021774,0.021757,0.021767,29.840000,6.8,6.8,6.8
11:13:41,4202,2,subida,0.021776,0.021759,0.021768,29.840000,6.8,6.799,6.8
11:13:41,4203,2,subida,0.021776,0.021760,0.021767,29.840000,6.8,6.8,6.8
11:13:41,4204,2,subida,0.021775,0.021762,0.021767,29.840000,6.8,6.799,6.8
11:13:41,4205,2,subida,0.021776,0.021763,0.021768,29.840000,6.8,6.799,6.8
11:13:41,4206,2,subida,0.021777,0.021764,0.021768,29.840000,6.8,6.799,6.8
11:13:41,4207,2,subida,0.021778,0.021766,0.021767,29.840000,6.8,6.799,6.8
11:13:41,4208,2,subida,0.021777,0.021767,0.021765,29.840000,6.8,6.8,6.8
11:13:41,4209,2,subida,0.021778,0.021768,0.021765,29.840000,6.8,6.799,6.8
11:13:41,4210,2,subida,0.021779,0.021769,0.021765,29.840000,6.8,6.8,6.8
11:13:41,4211,2,subida,0.021781,0.021770,0.021766,29.840000,6.8,6.799,6.8
11:13:41,4212,2,subida,0.021781,0.021771,0.021768,29.840000,6.8,6.8,6.8
11:13:41,4213,2,subida,0.021781,0.021772,0.021766,29.840000,6.8,6.8,6.8
11:13:41,4214,2,subida,0.021781,0.021773,0.021768,29.840000,6.8,6.799,6.8
11:13:41,4215,2,subida,0.021782,0.021774,0.021769,29.840000,6.8,6.8,6.8
11:13:41,4216,2,subida,0.021784,0.021775,0.021767,29.840000,6.8,6.8,6.8
11:13:42,4217,2,subida,0.021784,0.021776,0.021770,29.840000,6.8,6.8,6.8
11:13:42,4218,2,subida,0.021781,0.021776,0.021768,29.840000,6.8,6.8,6.8
11:13:42,4219,2,subida,0.021780,0.021776,0.021767,29.840000,6.8,6.8,6.8
11:13:42,4220,2,subida,0.021782,0.021777,0.021770,29.840000,6.8,6.8,6.8
11:13:42,4221,2,subida,0.021784,0.021778,0.021769,29.840000,6.8,6.8,6.8
11:13:42,4222,2,subida,0.021785,0.021778,0.021768,29.840000,6.8,6.8,6.8
11:13:42,4223,2,subida,0.021785,0.021779,0.021767,29.840000,6.8,6.799,6.8
11:13:42,4224,2,subida,0.021784,0.021779,0.021770,29.840000,6.8,6.8,6.8
11:13:42,4225,2,subida,0.021784,0.021780,0.021768,29.840000,6.8,6.8,6.8
11:13:42,4226,2,subida,0.021785,0.021780,0.021766,29.840000,6.8,6.8,6.8
11:13:42,4227,2,subida,0.021786,0.021781,0.021768,29.840000,6.8,6.8,6.8
11:13:42,4228,2,subida,0.021787,0.021781,0.021768,29.840000,6.8,6.8,6.8
11:13:42,4229,2,subida,0.021786,0.021782,0.021768,29.840000,6.8,6.8,6.8
11:13:42,4230,2,subida,0.021786,0.021782,0.021769,29.840000,6.8,6.8,6.8
11:13:42,4231,2,subida,0.021786,0.021783,0.021769,29.840000,6.8,6.8,6.8
11:13:42,4232,2,subida,0.021786,0.021783,0.021769,29.840000,6.8,6.8,6.8
11:13:42,4233,2,subida,0.021789,0.021783,0.021770,29.840000,6.8,6.8,6.8
11:13:42,4234,2,subida,0.021790,0.021784,0.021769,29.840000,6.8,6.8,6.8
11:13:42,4235,2,subida,0.021790,0.021785,0.021767,29.840000,6.8,6.8,6.8
11:13:42,4236,2,subida,0.021789,0.021785,0.021766,29.840000,6.8,6.8,6.8
11:13:42,4237,2,subida,0.021788,0.021785,0.021766,29.840000,6.8,6.8,6.8
11:13:42,4238,2,subida,0.021787,0.021786,0.021762,29.840000,6.8,6.8,6.8
11:13:42,4239,2,subida,0.021787,0.021786,0.021765,29.840000,6.801,6.8,6.8
11:13:43,4240,2,subida,0.021788,0.021786,0.021767,29.840000,6.8,6.8,6.8
11:13:43,4241,2,subida,0.021786,0.021786,0.021770,29.840000,6.8,6.8,6.8
11:13:43,4242,2,subida,0.021784,0.021786,0.021769,29.840000,6.8,6.8,6.8
11:13:43,4243,2,subida,0.021784,0.021786,0.021770,29.840000,6.8,6.8,6.8
11:13:43,4244,2,subida,0.021784,0.021785,0.021769,29.840000,6.8,6.8,6.8
11:13:43,4245,2,subida,0.021783,0.021785,0.021770,29.840000,6.8,6.8,6.8
11:13:43,4246,2,subida,0.021784,0.021785,0.021769,29.840000,6.8,6.8,6.8
11:13:43,4247,2,subida,0.021785,0.021785,0.021771,29.840000,6.8,6.8,6.8
11:13:43,4248,2,subida,0.021787,0.021785,0.021772,29.840000,6.8,6.8,6.8
11:13:43,4249,2,subida,0.021787,0.021785,0.021773,29.840000,6.8,6.8,6.8
11:13:43,4250,2,subida,0.021786,0.021785,0.021771,29.840000,6.8,6.8,6.8
11:13:43,4251,2,subida,0.021785,0.021785,0.021770,29.840000,6.8,6.8,6.8
11:13:43,4252,2,subida,0.021785,0.021785,0.021770,29.840000,6.8,6.8,6.8
11:13:43,4253,2,subida,0.021785,0.021785,0.021770,29.840000,6.8,6.8,6.8
11:13:43,4254,2,subida,0.021785,0.021785,0.021770,29.840000,6.8,6.8,6.8
11:13:43,4255,2,subida,0.021786,0.021785,0.021770,29.840000,6.8,6.8,6.8
11:13:43,4256,2,subida,0.021787,0.021785,0.021770,29.840000,6.8,6.8,6.8
11:13:43,4257,2,subida,0.021785,0.021785,0.021771,29.840000,6.8,6.8,6.8
11:13:43,4258,2,subida,0.021784,0.021785,0.021770,29.840000,6.8,6.8,6.8
11:13:43,4259,2,subida,0.021783,0.021785,0.021771,29.840000,6.8,6.8,6.8
11:13:43,4260,2,subida,0.021784,0.021785,0.021769,29.840000,6.8,6.8,6.8
11:13:43,4261,2,subida,0.021784,0.021785,0.021770,29.840000,6.8,6.8,6.8
11:13:43,4262,2,subida,0.021785,0.021785,0.021770,29.840000,6.8,6.8,6.8
11:13:43,4263,2,subida,0.021785,0.021785,0.021770,29.840000,6.8,6.8,6.8
11:13:43,4264,2,subida,0.021785,0.021785,0.021770,29.840000,6.8,6.8,6.8
11:13:44,4265,2,subida,0.021786,0.021785,0.021770,29.840000,6.8,6.8,6.8
11:13:44,4266,2,subida,0.021787,0.021785,0.021770,29.840000,6.8,6.8,6.8
11:13:44,4267,2,subida,0.021787,0.021785,0.021770,29.840000,6.8,6.8,6.8
11:13:44,4268,2,subida,0.021787,0.021786,0.021770,29.840000,6.8,6.8,6.8
11:13:44,4269,2,subida,0.021788,0.021786,0.021771,29.840000,6.8,6.8,6.8
11:13:44,4270,2,subida,0.021788,0.021786,0.021772,29.840000,6.8,6.8,6.8
11:13:44,4271,2,subida,0.021787,0.021786,0.021773,29.840000,6.8,6.8,6.8
11:13:44,4272,2,subida,0.021787,0.021786,0.021773,29.840000,6.8,6.8,6.8
11:13:44,4273,2,subida,0.021787,0.021786,0.021773,29.840000,6.8,6.8,6.8
11:13:44,4274,2,subida,0.021787,0.021786,0.021772,29.840000,6.8,6.8,6.8
11:13:44,4275,2,subida,0.021789,0.021787,0.021773,29.840000,6.8,6.8,6.8
11:13:44,4276,2,subida,0.021790,0.021787,0.021772,29.840000,6.8,6.8,6.8
11:13:44,4277,2,subida,0.021790,0.021787,0.021771,29.840000,6.8,6.8,6.8
11:13:44,4278,2,subida,0.021791,0.021788,0.021771,29.840000,6.8,6.8,6.8
11:13:44,4279,2,subida,0.021790,0.021788,0.021771,29.840000,6.8,6.8,6.8
11:13:44,4280,2,subida,0.021790,0.021788,0.021770,29.840000,6.8,6.8,6.8
11:13:44,4281,2,subida,0.021790,0.021788,0.021770,29.840000,6.8,6.8,6.8
11:13:44,4282,2,subida,0.021790,0.021788,0.021769,29.840000,6.8,6.8,6.8
11:13:44,4283,2,subida,0.021789,0.021788,0.021770,29.840000,6.8,6.8,6.8
11:13:44,4284,2,subida,0.021788,0.021788,0.021769,29.840000,6.8,6.8,6.8
11:13:44,4285,2,subida,0.021787,0.021788,0.021769,29.840000,6.8,6.8,6.8
11:13:44,4286,2,subida,0.021788,0.021788,0.021771,29.840000,6.8,6.8,6.8
11:13:44,4287,2,subida,0.021789,0.021788,0.021771,29.840000,6.8,6.8,6.8
11:13:45,4288,2,subida,0.021789,0.021788,0.021768,29.840000,6.8,6.8,6.8
11:13:45,4289,2,subida,0.021789,0.021788,0.021769,29.840000,6.8,6.8,6.8
11:13:45,4290,2,subida,0.021790,0.021789,0.021770,29.840000,6.8,6.8,6.8
11:13:45,4291,2,subida,0.021791,0.021789,0.021769,29.840000,6.8,6.8,6.8
11:13:45,4292,2,subida,0.021790,0.021789,0.021769,29.840000,6.8,6.8,6.8
11:13:45,4293,2,subida,0.021791,0.021789,0.021768,29.840000,6.8,6.8,6.8
11:13:45,4294,2,subida,0.021792,0.021789,0.021770,29.840000,6.8,6.8,6.8
11:13:45,4295,2,subida,0.021792,0.021790,0.021771,29.840000,6.8,6.8,6.8
11:13:45,4296,2,subida,0.021791,0.021790,0.021769,29.840000,6.8,6.8,6.8
11:13:45,4297,2,subida,0.021790,0.021790,0.021768,29.840000,6.8,6.8,6.8
11:13:45,4298,2,subida,0.021789,0.021790,0.021768,29.840000,6.8,6.8,6.8
11:13:45,4299,2,subida,0.021789,0.021790,0.021769,29.840000,6.8,6.8,6.8
11:13:45,4300,2,subida,0.021789,0.021790,0.021768,29.840000,6.8,6.8,6.8
11:13:45,4301,2,subida,0.021790,0.021790,0.021770,29.840000,6.8,6.8,6.8
11:13:45,4302,2,subida,0.021790,0.021790,0.021770,29.840000,6.8,6.8,6.8
11:13:45,4303,2,subida,0.021790,0.021790,0.021770,29.840000,6.8,6.8,6.8
11:13:45,4304,2,subida,0.021790,0.021790,0.021768,29.840000,6.8,6.8,6.8
11:13:45,4305,2,subida,0.021790,0.021790,0.021771,29.840000,6.8,6.8,6.8
11:13:46,4306,2,subida,0.021790,0.021790,0.021771,29.840000,6.8,6.8,6.8
11:13:46,4307,2,subida,0.021789,0.021790,0.021771,29.840000,6.8,6.8,6.8
11:13:46,4308,2,subida,0.021789,0.021790,0.021770,29.840000,6.8,6.799,6.8
11:13:46,4309,2,subida,0.021789,0.021789,0.021770,29.840000,6.8,6.799,6.8
11:13:46,4310,2,subida,0.021789,0.021789,0.021769,29.840000,6.8,6.8,6.8
11:13:46,4311,2,subida,0.021789,0.021789,0.021772,29.840000,6.8,6.8,6.8
11:13:46,4312,2,subida,0.021789,0.021789,0.021772,29.840000,6.8,6.799,6.8
11:13:46,4313,2,subida,0.021789,0.021789,0.021771,29.840000,6.8,6.8,6.8
11:13:46,4314,2,subida,0.021789,0.021789,0.021769,29.840000,6.8,6.8,6.8
11:13:46,4315,2,subida,0.021788,0.021789,0.021768,29.840000,6.8,6.8,6.8
11:13:46,4316,2,subida,0.021787,0.021789,0.021770,29.840000,6.8,6.8,6.8
11:13:46,4317,2,subida,0.021788,0.021789,0.021769,29.840000,6.8,6.8,6.8
11:13:46,4318,2,subida,0.021789,0.021789,0.021768,29.840000,6.8,6.799,6.8
11:13:46,4319,2,subida,0.021788,0.021789,0.021769,29.840000,6.8,6.8,6.8
11:13:46,4320,2,subida,0.021787,0.021789,0.021770,29.840000,6.8,6.8,6.8
11:13:46,4321,2,subida,0.021787,0.021788,0.021770,29.840000,6.8,6.8,6.8
11:13:46,4322,2,subida,0.021787,0.021788,0.021770,29.840000,6.8,6.799,6.8
11:13:46,4323,2,subida,0.021788,0.021788,0.021769,29.840000,6.8,6.8,6.8
11:13:46,4324,2,subida,0.021788,0.021788,0.021772,29.840000,6.8,6.8,6.8
11:13:46,4325,2,subida,0.021788,0.021788,0.021770,29.840000,6.8,6.799,6.8
11:13:47,4326,2,subida,0.021788,0.021788,0.021769,29.840000,6.8,6.799,6.8
11:13:47,4327,2,subida,0.021787,0.021788,0.021764,29.840000,6.8,6.799,6.8
11:13:47,4328,2,subida,0.021787,0.021788,0.021766,29.840000,6.8,6.799,6.8
11:13:47,4329,2,subida,0.021787,0.021788,0.021766,29.840000,6.8,6.8,6.8
11:13:47,4330,2,subida,0.021787,0.021788,0.021766,29.840000,6.8,6.8,6.8
11:13:47,4331,2,subida,0.021786,0.021788,0.021766,29.840000,6.8,6.799,6.8
11:13:47,4332,2,subida,0.021785,0.021787,0.021767,29.840000,6.8,6.8,6.8
11:13:47,4333,2,subida,0.021785,0.021787,0.021768,29.840000,6.8,6.8,6.8
11:13:47,4334,2,subida,0.021786,0.021787,0.021770,29.840000,6.8,6.8,6.8
11:13:47,4335,2,subida,0.021787,0.021787,0.021767,29.840000,6.8,6.799,6.8
11:13:47,4336,2,subida,0.021786,0.021787,0.021767,29.840000,6.799,6.8,6.8
11:13:47,4337,2,subida,0.021786,0.021787,0.021767,29.840000,6.8,6.8,6.8
11:13:47,4338,2,subida,0.021786,0.021787,0.021768,29.840000,6.8,6.8,6.8
11:13:47,4339,2,subida,0.021787,0.021787,0.021769,29.840000,6.8,6.799,6.8
11:13:47,4340,2,subida,0.021787,0.021787,0.021769,29.840000,6.8,6.8,6.8
11:13:47,4341,2,subida,0.021786,0.021787,0.021768,29.840000,6.8,6.799,6.8
11:13:47,4342,2,subida,0.021786,0.021787,0.021767,29.840000,6.8,6.8,6.8
11:13:48,4343,2,subida,0.021785,0.021787,0.021768,29.840000,6.8,6.8,6.8
11:13:48,4344,2,subida,0.021785,0.021786,0.021769,29.840000,6.8,6.799,6.8
11:13:48,4345,2,subida,0.021785,0.021786,0.021770,29.840000,6.8,6.8,6.8
11:13:48,4346,2,subida,0.021786,0.021786,0.021771,29.840000,6.8,6.799,6.8
11:13:48,4347,2,subida,0.021786,0.021786,0.021770,29.840000,6.8,6.8,6.8
11:13:48,4348,2,subida,0.021785,0.021786,0.021771,29.840000,6.8,6.8,6.8
11:13:48,4349,2,subida,0.021785,0.021786,0.021772,29.840000,6.8,6.8,6.8
11:13:48,4350,2,subida,0.021785,0.021786,0.021770,29.840000,6.8,6.8,6.8
11:13:48,4351,2,subida,0.021785,0.021786,0.021770,29.840000,6.8,6.8,6.8
11:13:48,4352,2,subida,0.021784,0.021786,0.021770,29.840000,6.8,6.8,6.8
11:13:48,4353,2,subida,0.021787,0.021786,0.021773,29.840000,6.8,6.8,6.8
11:13:48,4354,2,subida,0.021789,0.021786,0.021770,29.840000,6.8,6.8,6.8
11:13:48,4355,2,subida,0.021790,0.021786,0.021770,29.840000,6.8,6.8,6.8
11:13:48,4356,2,subida,0.021789,0.021787,0.021769,29.840000,6.8,6.8,6.8
11:13:48,4357,2,subida,0.021789,0.021787,0.021770,29.840000,6.8,6.8,6.8
11:13:48,4358,2,subida,0.021788,0.021787,0.021769,29.840000,6.8,6.8,6.8
11:13:48,4359,2,subida,0.021787,0.021787,0.021769,29.840000,6.8,6.8,6.8
11:13:48,4360,2,subida,0.021788,0.021787,0.021771,29.840000,6.8,6.8,6.8
11:13:48,4361,2,subida,0.021788,0.021787,0.021770,29.840000,6.8,6.8,6.8
11:13:48,4362,2,subida,0.021788,0.021787,0.021768,29.840000,6.8,6.8,6.8
11:13:48,4363,2,subida,0.021787,0.021787,0.021769,29.840000,6.8,6.8,6.8
11:13:48,4364,2,subida,0.021787,0.021787,0.021768,29.840000,6.8,6.8,6.8
11:13:48,4365,2,subida,0.021787,0.021787,0.021768,29.840000,6.8,6.8,6.8
11:13:48,4366,2,subida,0.021788,0.021787,0.021767,29.840000,6.8,6.8,6.8
11:13:49,4367,2,subida,0.021788,0.021787,0.021771,29.840000,6.8,6.8,6.8
11:13:49,4368,2,subida,0.021788,0.021787,0.021770,29.840000,6.8,6.8,6.8
11:13:49,4369,2,subida,0.021787,0.021787,0.021771,29.840000,6.8,6.8,6.8
11:13:49,4370,2,subida,0.021787,0.021787,0.021770,29.840000,6.8,6.8,6.8
11:13:49,4371,2,subida,0.021788,0.021787,0.021770,29.840000,6.8,6.8,6.8
11:13:49,4372,2,subida,0.021788,0.021787,0.021768,29.840000,6.8,6.8,6.8
11:13:49,4373,2,subida,0.021787,0.021787,0.021771,29.840000,6.8,6.8,6.8
11:13:49,4374,2,subida,0.021787,0.021787,0.021771,29.840000,6.8,6.8,6.8
11:13:49,4375,2,subida,0.021787,0.021787,0.021771,29.840000,6.8,6.8,6.8
11:13:49,4376,2,subida,0.021788,0.021787,0.021770,29.840000,6.8,6.8,6.8
11:13:49,4377,2,subida,0.021789,0.021787,0.021767,29.840000,6.8,6.8,6.8
11:13:49,4378,2,subida,0.021789,0.021788,0.021768,29.840000,6.8,6.8,6.8
11:13:49,4379,2,subida,0.021788,0.021788,0.021768,29.840000,6.8,6.8,6.8
11:13:49,4380,2,subida,0.021787,0.021788,0.021770,29.840000,6.8,6.8,6.8
11:13:49,4381,2,subida,0.021786,0.021787,0.021768,29.840000,6.8,6.8,6.8
11:13:49,4382,2,subida,0.021784,0.021787,0.021769,29.840000,6.8,6.8,6.8
11:13:49,4383,2,subida,0.021784,0.021787,0.021767,29.840000,6.8,6.801,6.8
11:13:49,4384,2,subida,0.021785,0.021787,0.021769,29.840000,6.8,6.8,6.8
11:13:50,4385,2,subida,0.021786,0.021787,0.021769,29.840000,6.8,6.8,6.8
11:13:50,4386,2,subida,0.021786,0.021787,0.021770,29.840000,6.8,6.8,6.8
11:13:50,4387,2,subida,0.021785,0.021787,0.021769,29.840000,6.8,6.8,6.8
11:13:50,4388,2,subida,0.021786,0.021786,0.021771,29.840000,6.8,6.8,6.8
11:13:50,4389,2,subida,0.021786,0.021786,0.021772,29.840000,6.8,6.8,6.8
11:13:50,4390,2,subida,0.021785,0.021786,0.021770,29.840000,6.8,6.8,6.8
11:13:50,4391,2,subida,0.021785,0.021786,0.021770,29.840000,6.8,6.8,6.8
11:13:50,4392,2,subida,0.021784,0.021786,0.021769,29.840000,6.8,6.8,6.8
11:13:50,4393,2,subida,0.021785,0.021786,0.021771,29.840000,6.8,6.8,6.8
11:13:50,4394,2,subida,0.021786,0.021786,0.021772,29.840000,6.8,6.8,6.8
11:13:50,4395,2,subida,0.021787,0.021786,0.021772,29.840000,6.8,6.8,6.8
11:13:50,4396,2,subida,0.021786,0.021786,0.021767,29.840000,6.8,6.8,6.8
11:13:50,4397,2,subida,0.021786,0.021786,0.021769,29.840000,6.8,6.8,6.8
11:13:50,4398,2,subida,0.021786,0.021786,0.021771,29.840000,6.8,6.8,6.8
11:13:50,4399,2,subida,0.021785,0.021786,0.021771,29.840000,6.8,6.8,6.8
11:13:50,4400,2,subida,0.021785,0.021786,0.021769,29.840000,6.8,6.8,6.8
11:13:51,4401,2,subida,0.021785,0.021786,0.021771,29.840000,6.8,6.8,6.8
11:13:51,4402,2,subida,0.021785,0.021786,0.021771,29.840000,6.8,6.8,6.8
11:13:51,4403,2,subida,0.021785,0.021786,0.021770,29.840000,6.8,6.8,6.8
11:13:51,4404,2,subida,0.021786,0.021786,0.021768,29.840000,6.8,6.8,6.8
11:13:51,4405,2,subida,0.021786,0.021786,0.021769,29.840000,6.8,6.8,6.8
11:13:51,4406,2,subida,0.021786,0.021786,0.021768,29.840000,6.8,6.8,6.8
11:13:51,4407,2,subida,0.021787,0.021786,0.021769,29.840000,6.8,6.8,6.8
11:13:51,4408,2,subida,0.021787,0.021786,0.021769,29.840000,6.799,6.8,6.8
11:13:51,4409,2,subida,0.021787,0.021786,0.021770,29.840000,6.8,6.799,6.8
11:13:51,4410,2,subida,0.021786,0.021786,0.021767,29.840000,6.8,6.799,6.8
11:13:51,4411,2,subida,0.021786,0.021786,0.021767,29.840000,6.8,6.8,6.8
11:13:51,4412,2,subida,0.021786,0.021786,0.021767,29.840000,6.8,6.8,6.8
11:13:51,4413,2,subida,0.021785,0.021786,0.021768,29.840000,6.8,6.8,6.8
11:13:51,4414,2,subida,0.021786,0.021786,0.021768,29.840000,6.8,6.8,6.8
11:13:51,4415,2,subida,0.021785,0.021786,0.021767,29.840000,6.8,6.8,6.8
11:13:51,4416,2,subida,0.021785,0.021786,0.021768,29.840000,6.8,6.8,6.8
11:13:51,4417,2,subida,0.021785,0.021786,0.021769,29.840000,6.8,6.799,6.8
11:13:52,4418,2,subida,0.021784,0.021786,0.021771,29.840000,6.8,6.8,6.8
11:13:52,4419,2,subida,0.021784,0.021785,0.021769,29.840000,6.8,6.8,6.8
11:13:52,4420,2,subida,0.021784,0.021785,0.021768,29.840000,6.8,6.8,6.8
11:13:52,4421,2,subida,0.021783,0.021785,0.021768,29.840000,6.8,6.799,6.8
11:13:52,4422,2,subida,0.021783,0.021785,0.021769,29.840000,6.799,6.8,6.8
11:13:52,4423,2,subida,0.021783,0.021785,0.021770,29.840000,6.8,6.8,6.8
11:13:52,4424,2,subida,0.021784,0.021785,0.021770,29.840000,6.8,6.799,6.8
11:13:52,4425,2,subida,0.021784,0.021785,0.021772,29.850000,6.8,6.799,6.8
11:13:52,4426,2,subida,0.021784,0.021785,0.021772,29.850000,6.799,6.8,6.8
11:13:52,4427,2,subida,0.021785,0.021785,0.021772,29.840000,6.8,6.799,6.8
11:13:52,4428,2,subida,0.021786,0.021785,0.021771,29.840000,6.8,6.8,6.8
11:13:52,4429,2,subida,0.021786,0.021785,0.021770,29.840000,6.8,6.799,6.8
11:13:52,4430,2,subida,0.021785,0.021785,0.021771,29.840000,6.8,6.8,6.8
11:13:52,4431,2,subida,0.021785,0.021785,0.021773,29.850000,6.8,6.799,6.8
11:13:52,4432,2,subida,0.021786,0.021785,0.021772,29.850000,6.8,6.799,6.8
11:13:53,4433,2,subida,0.021786,0.021785,0.021772,29.850000,6.8,6.799,6.8
11:13:53,4434,2,subida,0.021787,0.021785,0.021769,29.850000,6.8,6.799,6.8
11:13:53,4435,2,subida,0.021786,0.021785,0.021769,29.850000,6.8,6.799,6.8
11:13:53,4436,2,subida,0.021785,0.021785,0.021768,29.850000,6.8,6.8,6.8
11:13:53,4437,2,subida,0.021784,0.021785,0.021768,29.850000,6.8,6.799,6.8
11:13:53,4438,2,subida,0.021784,0.021785,0.021769,29.850000,6.799,6.8,6.8
11:13:53,4439,2,subida,0.021785,0.021785,0.021768,29.840000,6.8,6.8,6.8
11:13:53,4440,2,subida,0.021786,0.021785,0.021767,29.840000,6.8,6.8,6.8
11:13:53,4441,2,subida,0.021786,0.021785,0.021767,29.840000,6.8,6.8,6.8
11:13:53,4442,2,subida,0.021786,0.021785,0.021766,29.840000,6.799,6.8,6.8
11:13:53,4443,2,subida,0.021786,0.021785,0.021766,29.840000,6.8,6.8,6.8
11:13:53,4444,2,subida,0.021785,0.021785,0.021768,29.840000,6.8,6.8,6.8
11:13:53,4445,2,subida,0.021785,0.021785,0.021770,29.850000,6.8,6.8,6.8
11:13:53,4446,2,subida,0.021784,0.021785,0.021769,29.850000,6.8,6.8,6.8
11:13:53,4447,2,subida,0.021781,0.021785,0.021769,29.840000,6.8,6.8,6.8
11:13:53,4448,2,subida,0.021779,0.021784,0.021770,29.840000,6.8,6.799,6.8
11:13:53,4449,2,subida,0.021782,0.021784,0.021769,29.850000,6.8,6.8,6.8
11:13:53,4450,2,subida,0.021785,0.021784,0.021768,29.850000,6.8,6.8,6.8
11:13:53,4451,2,subida,0.021786,0.021784,0.021767,29.840000,6.8,6.8,6.8
11:13:53,4452,2,subida,0.021786,0.021784,0.021768,29.840000,6.8,6.8,6.8
11:13:54,4453,2,subida,0.021786,0.021785,0.021768,29.850000,6.8,6.8,6.8
11:13:54,4454,2,subida,0.021785,0.021785,0.021768,29.850000,6.8,6.8,6.8
11:13:54,4455,2,subida,0.021785,0.021785,0.021768,29.840000,6.8,6.8,6.8
11:13:54,4456,2,subida,0.021787,0.021785,0.021769,29.840000,6.8,6.8,6.8
11:13:54,4457,2,subida,0.021788,0.021785,0.021768,29.850000,6.8,6.8,6.8
11:13:54,4458,2,subida,0.021787,0.021785,0.021769,29.850000,6.8,6.8,6.8
11:13:54,4459,2,subida,0.021786,0.021785,0.021768,29.850000,6.8,6.8,6.8
11:13:54,4460,2,subida,0.021786,0.021785,0.021771,29.850000,6.8,6.8,6.8
11:13:54,4461,2,subida,0.021786,0.021785,0.021772,29.850000,6.8,6.8,6.8
11:13:54,4462,2,subida,0.021786,0.021785,0.021773,29.850000,6.8,6.8,6.8
11:13:54,4463,2,subida,0.021786,0.021786,0.021774,29.840000,6.8,6.8,6.8
11:13:54,4464,2,subida,0.021786,0.021786,0.021772,29.840000,6.8,6.8,6.8
11:13:54,4465,2,subida,0.021786,0.021786,0.021773,29.850000,6.8,6.8,6.8
11:13:54,4466,2,subida,0.021785,0.021786,0.021771,29.850000,6.8,6.8,6.8
11:13:54,4467,2,subida,0.021785,0.021785,0.021769,29.850000,6.8,6.8,6.8
11:13:54,4468,2,subida,0.021786,0.021785,0.021770,29.850000,6.8,6.8,6.8
11:13:54,4469,2,subida,0.021786,0.021786,0.021770,29.840000,6.8,6.8,6.8
11:13:55,4470,2,subida,0.021786,0.021786,0.021772,29.840000,6.8,6.801,6.8
11:13:55,4471,2,subida,0.021786,0.021786,0.021772,29.850000,6.8,6.8,6.8
11:13:55,4472,2,subida,0.021787,0.021786,0.021772,29.850000,6.8,6.8,6.8
11:13:55,4473,2,subida,0.021788,0.021786,0.021773,29.850000,6.8,6.8,6.8
11:13:55,4474,2,subida,0.021788,0.021786,0.021772,29.850000,6.8,6.8,6.8
11:13:55,4475,2,subida,0.021787,0.021786,0.021775,29.850000,6.8,6.8,6.8
11:13:55,4476,2,subida,0.021787,0.021786,0.021773,29.840000,6.8,6.8,6.8
11:13:55,4477,2,subida,0.021788,0.021786,0.021773,29.840000,6.8,6.8,6.8
11:13:55,4478,2,subida,0.021787,0.021786,0.021774,29.850000,6.8,6.8,6.8
11:13:55,4479,2,subida,0.021786,0.021786,0.021774,29.850000,6.8,6.8,6.8
11:13:55,4480,2,subida,0.021786,0.021786,0.021773,29.840000,6.8,6.8,6.8
11:13:55,4481,2,subida,0.021787,0.021786,0.021771,29.840000,6.8,6.8,6.8
11:13:55,4482,2,subida,0.021786,0.021786,0.021772,29.850000,6.8,6.8,6.8
11:13:55,4483,2,subida,0.021786,0.021786,0.021772,29.850000,6.8,6.8,6.8
11:13:55,4484,2,subida,0.021785,0.021786,0.021771,29.850000,6.8,6.8,6.8
11:13:55,4485,2,subida,0.021785,0.021786,0.021773,29.850000,6.8,6.8,6.8
11:13:55,4486,2,subida,0.021785,0.021786,0.021773,29.850000,6.8,6.8,6.8
11:13:55,4487,2,subida,0.021786,0.021786,0.021772,29.850000,6.8,6.8,6.8
11:13:55,4488,2,subida,0.021786,0.021786,0.021772,29.850000,6.8,6.8,6.8
11:13:55,4489,2,subida,0.021786,0.021786,0.021772,29.850000,6.8,6.8,6.8
11:13:55,4490,2,subida,0.021786,0.021786,0.021773,29.850000,6.8,6.8,6.8
11:13:55,4491,2,subida,0.021786,0.021786,0.021772,29.850000,6.8,6.8,6.8
11:13:56,4492,2,subida,0.021785,0.021786,0.021772,29.850000,6.8,6.8,6.8
11:13:56,4493,2,subida,0.021786,0.021786,0.021771,29.850000,6.8,6.8,6.8
11:13:56,4494,2,subida,0.021786,0.021786,0.021770,29.840000,6.8,6.8,6.8
11:13:56,4495,2,subida,0.021786,0.021786,0.021770,29.840000,6.8,6.8,6.8
11:13:56,4496,2,subida,0.021787,0.021786,0.021771,29.850000,6.8,6.8,6.8
11:13:56,4497,2,subida,0.021787,0.021786,0.021772,29.850000,6.8,6.8,6.8
11:13:56,4498,2,subida,0.021786,0.021786,0.021771,29.850000,6.8,6.8,6.8
11:13:56,4499,2,subida,0.021785,0.021786,0.021771,29.850000,6.8,6.8,6.8
11:13:56,4500,2,subida,0.021785,0.021786,0.021770,29.850000,6.8,6.8,6.8
11:13:56,4501,2,subida,0.021785,0.021786,0.021767,29.850000,6.8,6.8,6.8
11:13:56,4502,2,subida,0.021786,0.021786,0.021769,29.850000,6.8,6.799,6.8
11:13:56,4503,2,subida,0.021786,0.021786,0.021770,29.850000,6.8,6.8,6.8
11:13:56,4504,2,subida,0.021787,0.021786,0.021772,29.850000,6.8,6.8,6.8
11:13:56,4505,2,subida,0.021787,0.021786,0.021771,29.850000,6.8,6.8,6.8
11:13:56,4506,2,subida,0.021786,0.021786,0.021770,29.850000,6.8,6.8,6.8
11:13:56,4507,2,subida,0.021786,0.021786,0.021768,29.850000,6.8,6.8,6.8
11:13:56,4508,2,subida,0.021787,0.021786,0.021772,29.840000,6.8,6.8,6.8
11:13:56,4509,2,subida,0.021787,0.021786,0.021771,29.840000,6.8,6.8,6.8
11:13:56,4510,2,subida,0.021787,0.021786,0.021771,29.850000,6.8,6.8,6.8
11:13:56,4511,2,subida,0.021786,0.021786,0.021770,29.850000,6.8,6.8,6.8
11:13:57,4512,2,subida,0.021787,0.021786,0.021770,29.850000,6.8,6.8,6.8
11:13:57,4513,2,subida,0.021788,0.021786,0.021770,29.850000,6.8,6.8,6.8
11:13:57,4514,2,subida,0.021788,0.021787,0.021769,29.840000,6.8,6.8,6.8
11:13:57,4515,2,subida,0.021788,0.021787,0.021768,29.840000,6.8,6.8,6.8
11:13:57,4516,2,subida,0.021787,0.021787,0.021771,29.850000,6.8,6.8,6.8
11:13:57,4517,2,subida,0.021786,0.021787,0.021770,29.850000,6.8,6.8,6.8
11:13:57,4518,2,subida,0.021786,0.021787,0.021770,29.850000,6.8,6.8,6.8
11:13:57,4519,2,subida,0.021786,0.021786,0.021771,29.850000,6.8,6.8,6.8
11:13:57,4520,2,subida,0.021786,0.021786,0.021769,29.850000,6.8,6.799,6.8
11:13:57,4521,2,subida,0.021786,0.021786,0.021772,29.850000,6.8,6.8,6.8
11:13:57,4522,2,subida,0.021786,0.021786,0.021771,29.850000,6.8,6.799,6.8
11:13:57,4523,2,subida,0.021787,0.021786,0.021766,29.850000,6.8,6.8,6.8
11:13:57,4524,2,subida,0.021787,0.021786,0.021767,29.850000,6.8,6.8,6.8
11:13:57,4525,2,subida,0.021786,0.021786,0.021768,29.850000,6.8,6.8,6.8
11:13:57,4526,2,subida,0.021786,0.021786,0.021766,29.850000,6.8,6.799,6.8
11:13:57,4527,2,subida,0.021787,0.021787,0.021767,29.850000,6.8,6.8,6.8
11:13:57,4528,2,subida,0.021788,0.021787,0.021767,29.850000,6.8,6.799,6.8
11:13:57,4529,2,subida,0.021788,0.021787,0.021768,29.850000,6.8,6.799,6.8
11:13:57,4530,2,subida,0.021788,0.021787,0.021766,29.850000,6.8,6.8,6.8
11:13:57,4531,2,subida,0.021785,0.021787,0.021768,29.850000,6.8,6.8,6.8
11:13:57,4532,2,subida,0.021782,0.021786,0.021766,29.850000,6.8,6.8,6.8
11:13:57,4533,2,subida,0.021782,0.021786,0.021766,29.850000,6.8,6.8,6.8
11:13:58,4534,2,subida,0.021783,0.021786,0.021768,29.850000,6.8,6.8,6.8
11:13:58,4535,2,subida,0.021783,0.021785,0.021766,29.850000,6.8,6.8,6.8
11:13:58,4536,2,subida,0.021783,0.021785,0.021768,29.850000,6.8,6.799,6.8
11:13:58,4537,2,subida,0.021783,0.021785,0.021769,29.850000,6.8,6.8,6.8
11:13:58,4538,2,subida,0.021784,0.021785,0.021769,29.850000,6.8,6.799,6.8
11:13:58,4539,2,subida,0.021784,0.021785,0.021770,29.850000,6.8,6.8,6.8
11:13:58,4540,2,subida,0.021785,0.021785,0.021769,29.850000,6.8,6.8,6.8
11:13:58,4541,2,subida,0.021786,0.021785,0.021768,29.850000,6.8,6.8,6.8
11:13:58,4542,2,subida,0.021785,0.021785,0.021769,29.850000,6.8,6.8,6.8
11:13:58,4543,2,subida,0.021784,0.021785,0.021771,29.850000,6.8,6.8,6.8
11:13:58,4544,2,subida,0.021784,0.021785,0.021772,29.850000,6.8,6.8,6.8
11:13:58,4545,2,subida,0.021785,0.021785,0.021771,29.850000,6.8,6.8,6.8
11:13:58,4546,2,subida,0.021785,0.021785,0.021771,29.850000,6.8,6.8,6.8
11:14:27,4548,2,bajada,0.020465,0.020472,0.020498,29.860000,6.499,6.5,6.5
11:14:27,4549,2,bajada,0.020464,0.020471,0.020500,29.860000,6.5,6.499,6.5
11:14:27,4550,2,bajada,0.020464,0.020471,0.020504,29.860000,6.5,6.499,6.5
11:14:27,4551,2,bajada,0.020465,0.020470,0.020504,29.860000,6.5,6.499,6.5
11:14:27,4552,2,bajada,0.020466,0.020470,0.020503,29.860000,6.5,6.499,6.5
11:14:27,4553,2,bajada,0.020465,0.020469,0.020501,29.860000,6.5,6.5,6.5
11:14:27,4554,2,bajada,0.020465,0.020469,0.020501,29.850000,6.5,6.5,6.5
11:14:28,4555,2,bajada,0.020465,0.020468,0.020501,29.850000,6.5,6.5,6.5
11:14:28,4556,2,bajada,0.020465,0.020468,0.020501,29.850000,6.5,6.5,6.5
11:14:28,4557,2,bajada,0.020465,0.020468,0.020502,29.850000,6.5,6.5,6.5
11:14:28,4558,2,bajada,0.020465,0.020467,0.020502,29.860000,6.5,6.5,6.5
11:14:28,4559,2,bajada,0.020465,0.020467,0.020503,29.860000,6.5,6.5,6.5
11:14:28,4560,2,bajada,0.020464,0.020467,0.020504,29.860000,6.5,6.499,6.5
11:14:28,4561,2,bajada,0.020464,0.020467,0.020504,29.860000,6.5,6.5,6.5
11:14:28,4562,2,bajada,0.020463,0.020466,0.020502,29.860000,6.5,6.5,6.5
11:14:28,4563,2,bajada,0.020462,0.020466,0.020504,29.860000,6.5,6.5,6.5
11:14:28,4564,2,bajada,0.020462,0.020465,0.020500,29.860000,6.5,6.5,6.5
11:14:28,4565,2,bajada,0.020462,0.020465,0.020501,29.860000,6.5,6.5,6.5
11:14:28,4566,2,bajada,0.020462,0.020465,0.020501,29.860000,6.5,6.5,6.5
11:14:28,4567,2,bajada,0.020461,0.020464,0.020500,29.860000,6.5,6.5,6.5
11:14:28,4568,2,bajada,0.020460,0.020464,0.020500,29.860000,6.5,6.5,6.5
11:14:28,4569,2,bajada,0.020460,0.020464,0.020499,29.860000,6.5,6.5,6.5
11:14:28,4570,2,bajada,0.020460,0.020463,0.020498,29.860000,6.5,6.5,6.5
11:14:28,4571,2,bajada,0.020460,0.020463,0.020500,29.860000,6.5,6.5,6.5
11:14:28,4572,2,bajada,0.020461,0.020463,0.020501,29.860000,6.5,6.5,6.5
11:14:28,4573,2,bajada,0.020461,0.020463,0.020500,29.860000,6.5,6.501,6.5
11:14:28,4574,2,bajada,0.020460,0.020462,0.020501,29.860000,6.5,6.5,6.5
11:14:28,4575,2,bajada,0.020459,0.020462,0.020500,29.860000,6.5,6.501,6.5
11:14:29,4576,2,bajada,0.020458,0.020462,0.020499,29.850000,6.5,6.5,6.5
11:14:29,4577,2,bajada,0.020459,0.020461,0.020499,29.850000,6.5,6.5,6.5
11:14:29,4578,2,bajada,0.020459,0.020461,0.020500,29.860000,6.5,6.5,6.5
11:14:29,4579,2,bajada,0.020459,0.020461,0.020501,29.850000,6.5,6.501,6.5
11:14:29,4580,2,bajada,0.020460,0.020461,0.020500,29.850000,6.5,6.501,6.5
11:14:29,4581,2,bajada,0.020460,0.020461,0.020498,29.850000,6.5,6.5,6.5
11:14:29,4582,2,bajada,0.020460,0.020461,0.020497,29.850000,6.5,6.5,6.5
11:14:29,4583,2,bajada,0.020458,0.020460,0.020498,29.860000,6.5,6.5,6.5
11:14:29,4584,2,bajada,0.020456,0.020460,0.020499,29.860000,6.5,6.5,6.5
11:14:29,4585,2,bajada,0.020456,0.020460,0.020499,29.860000,6.5,6.5,6.5
11:14:29,4586,2,bajada,0.020457,0.020459,0.020501,29.860000,6.5,6.5,6.5
11:14:29,4587,2,bajada,0.020456,0.020459,0.020500,29.850000,6.5,6.5,6.5
11:14:29,4588,2,bajada,0.020455,0.020459,0.020501,29.850000,6.5,6.5,6.5
11:14:29,4589,2,bajada,0.020455,0.020458,0.020500,29.860000,6.5,6.501,6.5
11:14:29,4590,2,bajada,0.020455,0.020458,0.020502,29.860000,6.5,6.5,6.5
11:14:29,4591,2,bajada,0.020455,0.020458,0.020501,29.860000,6.5,6.5,6.5
11:14:29,4592,2,bajada,0.020455,0.020458,0.020502,29.860000,6.5,6.5,6.5
11:14:29,4593,2,bajada,0.020455,0.020457,0.020503,29.860000,6.5,6.501,6.5
11:14:29,4594,2,bajada,0.020454,0.020457,0.020503,29.860000,6.5,6.5,6.5
11:14:29,4595,2,bajada,0.020453,0.020457,0.020502,29.860000,6.5,6.5,6.5
11:14:29,4596,2,bajada,0.020453,0.020456,0.020504,29.860000,6.5,6.5,6.5
11:14:29,4597,2,bajada,0.020453,0.020456,0.020502,29.860000,6.5,6.5,6.5
11:14:29,4598,2,bajada,0.020452,0.020456,0.020501,29.860000,6.5,6.5,6.5
11:14:29,4599,2,bajada,0.020453,0.020455,0.020502,29.860000,6.5,6.5,6.5
11:14:30,4600,2,bajada,0.020452,0.020455,0.020500,29.860000,6.5,6.5,6.5
11:14:30,4601,2,bajada,0.020452,0.020455,0.020502,29.860000,6.5,6.499,6.5
11:14:30,4602,2,bajada,0.020452,0.020454,0.020501,29.860000,6.5,6.5,6.5
11:14:30,4603,2,bajada,0.020452,0.020454,0.020501,29.850000,6.5,6.5,6.5
11:14:30,4604,2,bajada,0.020452,0.020454,0.020503,29.850000,6.5,6.5,6.5
11:14:30,4605,2,bajada,0.020452,0.020454,0.020504,29.860000,6.5,6.5,6.5
11:14:30,4606,2,bajada,0.020452,0.020454,0.020504,29.860000,6.5,6.5,6.5
11:14:30,4607,2,bajada,0.020453,0.020454,0.020503,29.860000,6.5,6.5,6.5
11:14:30,4608,2,bajada,0.020453,0.020453,0.020504,29.860000,6.5,6.5,6.5
11:14:30,4609,2,bajada,0.020453,0.020453,0.020504,29.850000,6.5,6.5,6.5
11:14:30,4610,2,bajada,0.020451,0.020453,0.020504,29.850000,6.5,6.5,6.5
11:14:30,4611,2,bajada,0.020451,0.020453,0.020503,29.850000,6.5,6.5,6.5
11:14:30,4612,2,bajada,0.020451,0.020453,0.020502,29.850000,6.5,6.5,6.5
11:14:30,4613,2,bajada,0.020451,0.020453,0.020502,29.850000,6.5,6.499,6.5
11:14:30,4614,2,bajada,0.020451,0.020452,0.020502,29.850000,6.5,6.5,6.5
11:14:30,4615,2,bajada,0.020451,0.020452,0.020502,29.850000,6.5,6.5,6.5
11:14:30,4616,2,bajada,0.020450,0.020452,0.020503,29.850000,6.5,6.499,6.5
11:14:30,4617,2,bajada,0.020448,0.020452,0.020505,29.850000,6.5,6.5,6.5
11:14:30,4618,2,bajada,0.020448,0.020451,0.020503,29.850000,6.5,6.5,6.5
11:14:30,4619,2,bajada,0.020449,0.020451,0.020504,29.850000,6.5,6.499,6.5
11:14:30,4620,2,bajada,0.020448,0.020451,0.020506,29.850000,6.5,6.5,6.5
11:14:30,4621,2,bajada,0.020447,0.020450,0.020506,29.860000,6.5,6.5,6.5
11:14:30,4622,2,bajada,0.020446,0.020450,0.020505,29.860000,6.5,6.499,6.5
11:14:30,4623,2,bajada,0.020447,0.020450,0.020506,29.850000,6.5,6.499,6.5
11:14:31,4624,2,bajada,0.020447,0.020450,0.020505,29.850000,6.5,6.5,6.5
11:14:31,4625,2,bajada,0.020448,0.020449,0.020504,29.850000,6.5,6.499,6.5
11:14:31,4626,2,bajada,0.020447,0.020449,0.020505,29.850000,6.5,6.5,6.5
11:14:31,4627,2,bajada,0.020447,0.020449,0.020506,29.850000,6.5,6.5,6.5
11:14:31,4628,2,bajada,0.020447,0.020449,0.020507,29.850000,6.5,6.499,6.5
11:14:31,4629,2,bajada,0.020446,0.020448,0.020505,29.850000,6.5,6.499,6.5
11:14:31,4630,2,bajada,0.020444,0.020448,0.020506,29.850000,6.5,6.499,6.5
11:14:31,4631,2,bajada,0.020443,0.020448,0.020508,29.850000,6.5,6.5,6.5
11:14:31,4632,2,bajada,0.020443,0.020447,0.020504,29.850000,6.499,6.5,6.5
11:14:31,4633,2,bajada,0.020443,0.020447,0.020503,29.850000,6.5,6.499,6.5
11:14:31,4634,2,bajada,0.020443,0.020446,0.020503,29.850000,6.5,6.5,6.5
11:14:31,4635,2,bajada,0.020443,0.020446,0.020505,29.850000,6.5,6.499,6.5
11:14:31,4636,2,bajada,0.020442,0.020446,0.020505,29.850000,6.5,6.5,6.5
11:14:31,4637,2,bajada,0.020442,0.020445,0.020504,29.850000,6.5,6.499,6.5
11:14:31,4638,2,bajada,0.020442,0.020445,0.020505,29.850000,6.5,6.5,6.5
11:14:31,4639,2,bajada,0.020442,0.020445,0.020504,29.850000,6.5,6.499,6.5
11:14:31,4640,2,bajada,0.020441,0.020444,0.020502,29.850000,6.5,6.5,6.5
11:14:31,4641,2,bajada,0.020440,0.020444,0.020502,29.850000,6.5,6.5,6.5
11:14:31,4642,2,bajada,0.020440,0.020444,0.020503,29.850000,6.499,6.5,6.5
11:14:31,4643,2,bajada,0.020440,0.020443,0.020503,29.850000,6.5,6.499,6.5
11:14:31,4644,2,bajada,0.020441,0.020443,0.020504,29.850000,6.5,6.5,6.5
11:14:31,4645,2,bajada,0.020441,0.020443,0.020504,29.860000,6.499,6.5,6.5
11:14:31,4646,2,bajada,0.020438,0.020442,0.020502,29.860000,6.5,6.5,6.5
11:14:32,4647,2,bajada,0.020437,0.020442,0.020504,29.850000,6.5,6.5,6.5
11:14:32,4648,2,bajada,0.020437,0.020441,0.020506,29.850000,6.5,6.5,6.5
11:14:32,4649,2,bajada,0.020438,0.020441,0.020506,29.850000,6.5,6.5,6.5
11:14:32,4650,2,bajada,0.020438,0.020441,0.020505,29.850000,6.5,6.5,6.5
11:14:32,4651,2,bajada,0.020436,0.020440,0.020504,29.850000,6.5,6.5,6.5
11:14:32,4652,2,bajada,0.020436,0.020440,0.020504,29.850000,6.5,6.5,6.5
11:14:32,4653,2,bajada,0.020437,0.020440,0.020502,29.850000,6.5,6.5,6.5
11:14:32,4654,2,bajada,0.020438,0.020439,0.020503,29.850000,6.5,6.5,6.5
11:14:32,4655,2,bajada,0.020438,0.020439,0.020504,29.850000,6.5,6.5,6.5
11:14:32,4656,2,bajada,0.020438,0.020439,0.020503,29.850000,6.5,6.5,6.5
11:14:32,4657,2,bajada,0.020438,0.020439,0.020503,29.850000,6.5,6.5,6.5
11:14:32,4658,2,bajada,0.020440,0.020439,0.020502,29.850000,6.5,6.5,6.5
11:14:32,4659,2,bajada,0.020443,0.020439,0.020501,29.850000,6.5,6.5,6.5
11:14:32,4660,2,bajada,0.020446,0.020440,0.020499,29.850000,6.5,6.5,6.5
11:14:32,4661,2,bajada,0.020448,0.020441,0.020502,29.850000,6.5,6.5,6.5
11:14:32,4662,2,bajada,0.020450,0.020442,0.020503,29.850000,6.5,6.5,6.5
11:14:32,4663,2,bajada,0.020453,0.020443,0.020503,29.850000,6.5,6.5,6.5
11:14:32,4664,2,bajada,0.020456,0.020444,0.020503,29.850000,6.5,6.5,6.5
11:14:32,4665,2,bajada,0.020459,0.020446,0.020502,29.850000,6.5,6.5,6.5
11:14:32,4666,2,bajada,0.020463,0.020447,0.020503,29.850000,6.5,6.5,6.5
11:14:32,4667,2,bajada,0.020467,0.020449,0.020506,29.850000,6.5,6.5,6.5
11:14:33,4668,2,bajada,0.020471,0.020451,0.020504,29.850000,6.5,6.5,6.5
11:14:33,4669,2,bajada,0.020474,0.020453,0.020503,29.850000,6.5,6.5,6.5
11:14:33,4670,2,bajada,0.020477,0.020456,0.020503,29.850000,6.5,6.5,6.5
11:14:33,4671,2,bajada,0.020480,0.020458,0.020502,29.850000,6.5,6.5,6.5
11:14:33,4672,2,bajada,0.020482,0.020460,0.020503,29.850000,6.5,6.5,6.5
11:14:33,4673,2,bajada,0.020485,0.020463,0.020502,29.850000,6.5,6.501,6.5
11:14:33,4674,2,bajada,0.020489,0.020465,0.020503,29.850000,6.5,6.5,6.5
11:14:33,4675,2,bajada,0.020492,0.020468,0.020503,29.850000,6.5,6.5,6.5
11:14:33,4676,2,bajada,0.020494,0.020470,0.020503,29.850000,6.5,6.5,6.5
11:14:33,4677,2,bajada,0.020497,0.020473,0.020501,29.850000,6.5,6.5,6.5
11:14:33,4678,2,bajada,0.020500,0.020475,0.020502,29.850000,6.5,6.5,6.5
11:14:33,4679,2,bajada,0.020501,0.020478,0.020501,29.850000,6.5,6.5,6.5
11:14:33,4680,2,bajada,0.020504,0.020480,0.020504,29.850000,6.5,6.5,6.5
11:14:33,4681,2,bajada,0.020506,0.020483,0.020506,29.850000,6.5,6.5,6.5
11:14:33,4682,2,bajada,0.020506,0.020485,0.020506,29.850000,6.5,6.5,6.5
11:14:33,4683,2,bajada,0.020507,0.020487,0.020505,29.850000,6.5,6.5,6.5
11:14:33,4684,2,bajada,0.020509,0.020489,0.020503,29.850000,6.5,6.5,6.5
11:14:33,4685,2,bajada,0.020510,0.020491,0.020504,29.850000,6.5,6.5,6.5
11:14:33,4686,2,bajada,0.020511,0.020493,0.020503,29.850000,6.5,6.5,6.5
11:14:33,4687,2,bajada,0.020512,0.020495,0.020502,29.850000,6.5,6.501,6.5
11:14:33,4688,2,bajada,0.020513,0.020497,0.020504,29.850000,6.5,6.5,6.5
11:14:34,4689,2,bajada,0.020514,0.020498,0.020504,29.850000,6.5,6.5,6.5
11:14:34,4690,2,bajada,0.020515,0.020500,0.020505,29.850000,6.5,6.5,6.5
11:14:34,4691,2,bajada,0.020516,0.020501,0.020505,29.850000,6.5,6.5,6.5
11:14:34,4692,2,bajada,0.020516,0.020503,0.020505,29.850000,6.5,6.5,6.5
11:14:34,4693,2,bajada,0.020517,0.020504,0.020504,29.850000,6.5,6.5,6.5
11:14:34,4694,2,bajada,0.020518,0.020505,0.020504,29.850000,6.5,6.5,6.5
11:14:34,4695,2,bajada,0.020520,0.020507,0.020507,29.850000,6.5,6.5,6.5
11:14:34,4696,2,bajada,0.020520,0.020508,0.020510,29.850000,6.5,6.5,6.5
11:14:34,4697,2,bajada,0.020519,0.020509,0.020509,29.850000,6.5,6.5,6.5
11:14:34,4698,2,bajada,0.020518,0.020510,0.020509,29.850000,6.5,6.5,6.5
11:14:34,4699,2,bajada,0.020517,0.020511,0.020509,29.850000,6.5,6.5,6.5
11:14:34,4700,2,bajada,0.020517,0.020511,0.020512,29.850000,6.5,6.5,6.5
11:14:34,4701,2,bajada,0.020518,0.020512,0.020511,29.850000,6.5,6.5,6.5
11:14:34,4702,2,bajada,0.020519,0.020513,0.020511,29.850000,6.5,6.5,6.5
11:14:34,4703,2,bajada,0.020518,0.020513,0.020510,29.850000,6.5,6.5,6.5
11:14:34,4704,2,bajada,0.020518,0.020514,0.020508,29.850000,6.5,6.5,6.5
11:14:34,4705,2,bajada,0.020519,0.020514,0.020508,29.850000,6.5,6.5,6.5
11:14:34,4706,2,bajada,0.020520,0.020515,0.020505,29.850000,6.5,6.5,6.5
11:14:34,4707,2,bajada,0.020519,0.020515,0.020505,29.850000,6.5,6.5,6.5
11:14:34,4708,2,bajada,0.020519,0.020515,0.020507,29.850000,6.5,6.5,6.5
11:14:34,4709,2,bajada,0.020519,0.020516,0.020509,29.850000,6.5,6.5,6.5
11:14:34,4710,2,bajada,0.020520,0.020516,0.020508,29.850000,6.5,6.5,6.5
11:14:34,4711,2,bajada,0.020521,0.020517,0.020507,29.860000,6.5,6.5,6.5
11:14:35,4712,2,bajada,0.020522,0.020517,0.020507,29.860000,6.5,6.5,6.5
11:14:35,4713,2,bajada,0.020522,0.020518,0.020508,29.850000,6.5,6.5,6.5
11:14:35,4714,2,bajada,0.020522,0.020518,0.020506,29.850000,6.5,6.5,6.5
11:14:35,4715,2,bajada,0.020522,0.020518,0.020507,29.850000,6.5,6.5,6.5
11:14:35,4716,2,bajada,0.020523,0.020519,0.020504,29.850000,6.5,6.5,6.5
11:14:35,4717,2,bajada,0.020523,0.020519,0.020504,29.850000,6.5,6.5,6.5
11:14:35,4718,2,bajada,0.020522,0.020519,0.020504,29.850000,6.5,6.5,6.5
11:14:35,4719,2,bajada,0.020522,0.020520,0.020505,29.850000,6.5,6.499,6.5
11:14:35,4720,2,bajada,0.020521,0.020520,0.020506,29.850000,6.5,6.5,6.5
11:14:35,4721,2,bajada,0.020521,0.020520,0.020508,29.850000,6.5,6.5,6.5
11:14:35,4722,2,bajada,0.020521,0.020520,0.020508,29.850000,6.5,6.5,6.5
11:14:35,4723,2,bajada,0.020520,0.020520,0.020507,29.850000,6.5,6.5,6.5
11:14:35,4724,2,bajada,0.020519,0.020520,0.020506,29.860000,6.5,6.5,6.5
11:14:35,4725,2,bajada,0.020519,0.020520,0.020507,29.860000,6.5,6.5,6.5
11:14:35,4726,2,bajada,0.020519,0.020520,0.020505,29.850000,6.5,6.499,6.5
11:14:35,4727,2,bajada,0.020519,0.020520,0.020506,29.850000,6.5,6.5,6.5
11:14:35,4728,2,bajada,0.020518,0.020520,0.020507,29.860000,6.5,6.5,6.5
11:14:35,4729,2,bajada,0.020519,0.020519,0.020508,29.860000,6.5,6.5,6.5
11:14:35,4730,2,bajada,0.020519,0.020519,0.020507,29.850000,6.5,6.499,6.5
11:14:35,4731,2,bajada,0.020518,0.020519,0.020505,29.850000,6.5,6.5,6.5
11:14:35,4732,2,bajada,0.020517,0.020519,0.020504,29.850000,6.5,6.5,6.5
11:14:35,4733,2,bajada,0.020516,0.020519,0.020505,29.850000,6.5,6.5,6.5
11:14:35,4734,2,bajada,0.020516,0.020519,0.020506,29.850000,6.5,6.5,6.5
11:14:35,4735,2,bajada,0.020517,0.020518,0.020505,29.850000,6.5,6.5,6.5
11:14:35,4736,2,bajada,0.020519,0.020519,0.020506,29.850000,6.5,6.499,6.5
11:14:36,4737,2,bajada,0.020518,0.020519,0.020509,29.850000,6.5,6.5,6.5
11:14:36,4738,2,bajada,0.020518,0.020518,0.020510,29.850000,6.5,6.5,6.5
11:14:36,4739,2,bajada,0.020519,0.020518,0.020510,29.850000,6.5,6.499,6.5
11:14:36,4740,2,bajada,0.020518,0.020518,0.020509,29.850000,6.5,6.5,6.5
11:14:36,4741,2,bajada,0.020517,0.020518,0.020509,29.850000,6.5,6.5,6.5
11:14:36,4742,2,bajada,0.020517,0.020518,0.020508,29.850000,6.5,6.5,6.5
11:14:36,4743,2,bajada,0.020517,0.020518,0.020507,29.850000,6.5,6.5,6.5
11:14:36,4744,2,bajada,0.020517,0.020518,0.020507,29.850000,6.5,6.5,6.5
11:14:36,4745,2,bajada,0.020518,0.020518,0.020507,29.850000,6.5,6.5,6.5
11:14:36,4746,2,bajada,0.020518,0.020518,0.020504,29.850000,6.5,6.5,6.5
11:14:36,4747,2,bajada,0.020519,0.020518,0.020506,29.850000,6.5,6.5,6.5
11:14:36,4748,2,bajada,0.020519,0.020518,0.020506,29.850000,6.5,6.499,6.5
11:14:36,4749,2,bajada,0.020519,0.020518,0.020508,29.850000,6.5,6.5,6.5
11:14:36,4750,2,bajada,0.020520,0.020518,0.020507,29.850000,6.5,6.5,6.5
11:14:36,4751,2,bajada,0.020520,0.020519,0.020508,29.850000,6.5,6.5,6.5
11:14:36,4752,2,bajada,0.020519,0.020519,0.020507,29.850000,6.5,6.5,6.5
11:14:36,4753,2,bajada,0.020517,0.020518,0.020507,29.850000,6.5,6.5,6.5
11:14:36,4754,2,bajada,0.020516,0.020518,0.020507,29.850000,6.5,6.5,6.5
11:14:36,4755,2,bajada,0.020516,0.020518,0.020508,29.850000,6.5,6.5,6.5
11:14:36,4756,2,bajada,0.020516,0.020518,0.020508,29.850000,6.5,6.5,6.5
11:14:36,4757,2,bajada,0.020516,0.020518,0.020509,29.850000,6.5,6.5,6.5
11:14:37,4758,2,bajada,0.020516,0.020517,0.020510,29.850000,6.5,6.5,6.5
11:14:37,4759,2,bajada,0.020516,0.020517,0.020507,29.850000,6.5,6.5,6.5
11:14:37,4760,2,bajada,0.020515,0.020517,0.020509,29.850000,6.5,6.5,6.5
11:14:37,4761,2,bajada,0.020515,0.020517,0.020508,29.850000,6.5,6.5,6.5
11:14:37,4762,2,bajada,0.020516,0.020517,0.020509,29.850000,6.5,6.5,6.5
11:14:37,4763,2,bajada,0.020516,0.020517,0.020510,29.850000,6.5,6.5,6.5
11:14:37,4764,2,bajada,0.020516,0.020517,0.020505,29.850000,6.5,6.5,6.5
11:14:37,4765,2,bajada,0.020515,0.020517,0.020506,29.850000,6.5,6.5,6.5
11:14:37,4766,2,bajada,0.020515,0.020516,0.020505,29.850000,6.5,6.5,6.5
11:14:37,4767,2,bajada,0.020516,0.020516,0.020505,29.850000,6.5,6.5,6.5
11:14:37,4768,2,bajada,0.020516,0.020516,0.020504,29.850000,6.5,6.5,6.5
11:14:37,4769,2,bajada,0.020514,0.020516,0.020501,29.850000,6.5,6.5,6.5
11:14:37,4770,2,bajada,0.020514,0.020516,0.020502,29.850000,6.5,6.5,6.5
11:14:37,4771,2,bajada,0.020515,0.020516,0.020502,29.850000,6.5,6.5,6.5
11:14:37,4772,2,bajada,0.020516,0.020516,0.020504,29.850000,6.5,6.499,6.5
11:14:37,4773,2,bajada,0.020516,0.020516,0.020504,29.850000,6.5,6.5,6.5
11:14:37,4774,2,bajada,0.020517,0.020516,0.020504,29.850000,6.5,6.5,6.5
11:14:38,4775,2,bajada,0.020518,0.020516,0.020503,29.850000,6.5,6.5,6.5
11:14:38,4776,2,bajada,0.020518,0.020516,0.020503,29.850000,6.5,6.5,6.5
11:14:38,4777,2,bajada,0.020518,0.020517,0.020502,29.850000,6.5,6.5,6.5
11:14:38,4778,2,bajada,0.020518,0.020517,0.020503,29.850000,6.5,6.5,6.5
11:14:38,4779,2,bajada,0.020518,0.020517,0.020503,29.850000,6.5,6.5,6.5
11:14:38,4780,2,bajada,0.020519,0.020517,0.020502,29.850000,6.5,6.5,6.5
11:14:38,4781,2,bajada,0.020519,0.020517,0.020502,29.850000,6.5,6.5,6.5
11:14:38,4782,2,bajada,0.020518,0.020517,0.020504,29.850000,6.5,6.5,6.5
11:14:38,4783,2,bajada,0.020517,0.020517,0.020502,29.850000,6.5,6.5,6.5
11:14:38,4784,2,bajada,0.020517,0.020517,0.020503,29.850000,6.5,6.5,6.5
11:14:38,4785,2,bajada,0.020517,0.020517,0.020503,29.850000,6.5,6.5,6.5
11:14:38,4786,2,bajada,0.020518,0.020517,0.020501,29.850000,6.5,6.5,6.5
11:14:38,4787,2,bajada,0.020519,0.020517,0.020501,29.850000,6.5,6.499,6.5
11:14:38,4788,2,bajada,0.020520,0.020518,0.020504,29.850000,6.5,6.5,6.5
11:14:39,4789,2,bajada,0.020520,0.020518,0.020503,29.850000,6.5,6.499,6.5
11:14:39,4790,2,bajada,0.020519,0.020518,0.020501,29.850000,6.5,6.5,6.5
11:14:39,4791,2,bajada,0.020519,0.020518,0.020501,29.850000,6.5,6.5,6.5
11:14:39,4792,2,bajada,0.020520,0.020518,0.020502,29.850000,6.5,6.5,6.5
11:14:39,4793,2,bajada,0.020520,0.020518,0.020500,29.850000,6.5,6.5,6.5
11:14:39,4794,2,bajada,0.020519,0.020519,0.020504,29.850000,6.5,6.5,6.5
11:14:39,4795,2,bajada,0.020518,0.020518,0.020505,29.850000,6.5,6.5,6.5
11:14:39,4796,2,bajada,0.020518,0.020518,0.020504,29.850000,6.5,6.5,6.5
11:14:39,4797,2,bajada,0.020518,0.020518,0.020502,29.850000,6.5,6.5,6.5
11:14:39,4798,2,bajada,0.020519,0.020518,0.020501,29.850000,6.5,6.5,6.5
11:14:39,4799,2,bajada,0.020520,0.020519,0.020499,29.850000,6.5,6.499,6.5
11:14:39,4800,2,bajada,0.020521,0.020519,0.020498,29.850000,6.5,6.5,6.5
11:14:39,4801,2,bajada,0.020521,0.020519,0.020499,29.850000,6.5,6.5,6.5
11:14:39,4802,2,bajada,0.020521,0.020519,0.020498,29.850000,6.5,6.499,6.5
11:14:39,4803,2,bajada,0.020521,0.020519,0.020500,29.850000,6.5,6.5,6.5
11:14:39,4804,2,bajada,0.020521,0.020519,0.020500,29.850000,6.5,6.499,6.5
11:14:39,4805,2,bajada,0.020521,0.020520,0.020502,29.850000,6.5,6.5,6.5
11:14:39,4806,2,bajada,0.020521,0.020520,0.020501,29.850000,6.5,6.499,6.5
11:14:39,4807,2,bajada,0.020522,0.020520,0.020500,29.850000,6.5,6.499,6.5
11:14:39,4808,2,bajada,0.020521,0.020520,0.020499,29.850000,6.5,6.5,6.5
11:14:39,4809,2,bajada,0.020521,0.020520,0.020501,29.850000,6.5,6.5,6.5
11:14:39,4810,2,bajada,0.020521,0.020520,0.020502,29.850000,6.5,6.499,6.5
11:14:40,4811,2,bajada,0.020520,0.020520,0.020503,29.850000,6.5,6.5,6.5
11:14:40,4812,2,bajada,0.020519,0.020520,0.020501,29.850000,6.5,6.499,6.5
11:14:40,4813,2,bajada,0.020520,0.020520,0.020502,29.850000,6.5,6.5,6.5
11:14:40,4814,2,bajada,0.020520,0.020520,0.020502,29.850000,6.5,6.5,6.5
11:14:40,4815,2,bajada,0.020520,0.020520,0.020503,29.850000,6.5,6.5,6.5
11:14:40,4816,2,bajada,0.020520,0.020520,0.020505,29.850000,6.5,6.5,6.5
11:14:40,4817,2,bajada,0.020520,0.020520,0.020505,29.850000,6.5,6.499,6.5
11:14:40,4818,2,bajada,0.020519,0.020520,0.020503,29.850000,6.5,6.5,6.5
11:14:40,4819,2,bajada,0.020519,0.020520,0.020502,29.850000,6.5,6.5,6.5
11:14:40,4820,2,bajada,0.020519,0.020520,0.020502,29.850000,6.5,6.5,6.5
11:14:40,4821,2,bajada,0.020519,0.020520,0.020500,29.850000,6.5,6.499,6.5
11:14:40,4822,2,bajada,0.020520,0.020520,0.020502,29.850000,6.5,6.5,6.5
11:14:40,4823,2,bajada,0.020519,0.020520,0.020505,29.850000,6.5,6.5,6.5
11:14:40,4824,2,bajada,0.020519,0.020520,0.020505,29.850000,6.5,6.5,6.5
11:14:40,4825,2,bajada,0.020519,0.020520,0.020506,29.850000,6.5,6.499,6.5
11:14:40,4826,2,bajada,0.020520,0.020520,0.020504,29.850000,6.5,6.5,6.5
11:14:40,4827,2,bajada,0.020521,0.020520,0.020504,29.850000,6.5,6.499,6.5
11:14:40,4828,2,bajada,0.020521,0.020520,0.020502,29.850000,6.5,6.5,6.5
11:14:40,4829,2,bajada,0.020521,0.020520,0.020503,29.850000,6.5,6.5,6.5
11:14:40,4830,2,bajada,0.020519,0.020520,0.020503,29.850000,6.5,6.5,6.5
11:14:40,4831,2,bajada,0.020518,0.020520,0.020505,29.850000,6.5,6.5,6.5
11:14:40,4832,2,bajada,0.020518,0.020520,0.020505,29.850000,6.5,6.499,6.5
11:14:40,4833,2,bajada,0.020518,0.020519,0.020504,29.850000,6.5,6.5,6.5
11:14:40,4834,2,bajada,0.020519,0.020519,0.020503,29.850000,6.5,6.5,6.5
11:14:41,4835,2,bajada,0.020519,0.020519,0.020503,29.850000,6.5,6.5,6.5
11:14:41,4836,2,bajada,0.020518,0.020519,0.020502,29.850000,6.5,6.5,6.5
11:14:41,4837,2,bajada,0.020517,0.020519,0.020504,29.850000,6.5,6.5,6.5
11:14:41,4838,2,bajada,0.020517,0.020519,0.020503,29.850000,6.5,6.5,6.5
11:14:41,4839,2,bajada,0.020518,0.020519,0.020503,29.850000,6.5,6.5,6.5
11:14:41,4840,2,bajada,0.020519,0.020519,0.020504,29.850000,6.5,6.5,6.5
11:14:41,4841,2,bajada,0.020519,0.020519,0.020504,29.850000,6.5,6.5,6.5
11:14:41,4842,2,bajada,0.020519,0.020519,0.020502,29.850000,6.5,6.5,6.5
11:14:41,4843,2,bajada,0.020519,0.020519,0.020502,29.850000,6.5,6.499,6.5
11:14:41,4844,2,bajada,0.020519,0.020519,0.020502,29.850000,6.5,6.5,6.5
11:14:41,4845,2,bajada,0.020518,0.020519,0.020501,29.850000,6.5,6.5,6.5
11:14:41,4846,2,bajada,0.020518,0.020519,0.020500,29.850000,6.5,6.5,6.5
11:14:41,4847,2,bajada,0.020519,0.020519,0.020503,29.850000,6.5,6.5,6.5
11:14:41,4848,2,bajada,0.020519,0.020519,0.020503,29.850000,6.5,6.5,6.5
11:14:41,4849,2,bajada,0.020519,0.020519,0.020504,29.850000,6.5,6.5,6.5
11:14:41,4850,2,bajada,0.020519,0.020519,0.020502,29.850000,6.5,6.5,6.5
11:14:41,4851,2,bajada,0.020518,0.020519,0.020503,29.850000,6.5,6.5,6.5
11:14:41,4852,2,bajada,0.020518,0.020519,0.020500,29.850000,6.5,6.5,6.5
11:14:41,4853,2,bajada,0.020518,0.020519,0.020500,29.850000,6.5,6.5,6.5
11:14:41,4854,2,bajada,0.020519,0.020519,0.020502,29.850000,6.5,6.5,6.5
11:14:41,4855,2,bajada,0.020520,0.020519,0.020503,29.850000,6.5,6.501,6.5
11:14:41,4856,2,bajada,0.020521,0.020519,0.020500,29.850000,6.5,6.5,6.5
11:14:41,4857,2,bajada,0.020520,0.020519,0.020499,29.850000,6.5,6.5,6.5
11:14:42,4858,2,bajada,0.020519,0.020519,0.020501,29.850000,6.5,6.5,6.5
11:14:42,4859,2,bajada,0.020520,0.020519,0.020502,29.850000,6.5,6.501,6.5
11:14:42,4860,2,bajada,0.020519,0.020519,0.020504,29.850000,6.5,6.5,6.5
11:14:42,4861,2,bajada,0.020518,0.020519,0.020505,29.850000,6.5,6.501,6.5
11:14:42,4862,2,bajada,0.020519,0.020519,0.020504,29.850000,6.5,6.5,6.5
11:14:42,4863,2,bajada,0.020520,0.020519,0.020504,29.850000,6.5,6.5,6.5
11:14:42,4864,2,bajada,0.020521,0.020519,0.020506,29.850000,6.5,6.5,6.5
11:14:42,4865,2,bajada,0.020522,0.020520,0.020506,29.850000,6.5,6.5,6.5
11:14:42,4866,2,bajada,0.020521,0.020520,0.020507,29.850000,6.5,6.5,6.5
11:14:42,4867,2,bajada,0.020521,0.020520,0.020508,29.850000,6.5,6.5,6.5
11:14:42,4868,2,bajada,0.020523,0.020520,0.020507,29.850000,6.5,6.501,6.5
11:14:42,4869,2,bajada,0.020524,0.020520,0.020506,29.850000,6.5,6.5,6.5
11:14:42,4870,2,bajada,0.020525,0.020521,0.020506,29.850000,6.5,6.501,6.5
11:14:42,4871,2,bajada,0.020526,0.020521,0.020505,29.850000,6.5,6.5,6.5
11:14:42,4872,2,bajada,0.020527,0.020522,0.020506,29.850000,6.5,6.501,6.5
11:14:42,4873,2,bajada,0.020527,0.020522,0.020507,29.850000,6.5,6.5,6.5
11:14:42,4874,2,bajada,0.020527,0.020523,0.020506,29.850000,6.5,6.5,6.5
11:14:42,4875,2,bajada,0.020526,0.020523,0.020506,29.850000,6.5,6.501,6.5
11:14:42,4876,2,bajada,0.020524,0.020523,0.020504,29.850000,6.5,6.5,6.5
11:14:42,4877,2,bajada,0.020523,0.020523,0.020503,29.850000,6.5,6.501,6.5
11:14:42,4878,2,bajada,0.020523,0.020523,0.020503,29.850000,6.5,6.5,6.5
11:14:42,4879,2,bajada,0.020523,0.020523,0.020506,29.850000,6.5,6.501,6.5
11:14:43,4880,2,bajada,0.020523,0.020523,0.020505,29.850000,6.5,6.5,6.5
11:14:43,4881,2,bajada,0.020523,0.020523,0.020505,29.850000,6.5,6.501,6.5
11:14:43,4882,2,bajada,0.020523,0.020523,0.020504,29.850000,6.5,6.5,6.5
11:14:43,4883,2,bajada,0.020523,0.020523,0.020505,29.850000,6.5,6.5,6.5
11:14:43,4884,2,bajada,0.020523,0.020523,0.020504,29.850000,6.5,6.5,6.5
11:14:43,4885,2,bajada,0.020522,0.020523,0.020506,29.850000,6.5,6.501,6.5
11:14:43,4886,2,bajada,0.020520,0.020523,0.020507,29.850000,6.5,6.5,6.5
11:14:43,4887,2,bajada,0.020520,0.020522,0.020507,29.850000,6.5,6.5,6.5
11:14:43,4888,2,bajada,0.020521,0.020522,0.020506,29.850000,6.5,6.5,6.5
11:14:43,4889,2,bajada,0.020521,0.020522,0.020503,29.840000,6.5,6.5,6.5
11:14:43,4890,2,bajada,0.020523,0.020522,0.020503,29.840000,6.5,6.5,6.5
11:14:43,4891,2,bajada,0.020523,0.020522,0.020504,29.840000,6.5,6.5,6.5
11:14:43,4892,2,bajada,0.020523,0.020522,0.020505,29.840000,6.5,6.5,6.5
11:14:43,4893,2,bajada,0.020522,0.020522,0.020505,29.850000,6.5,6.5,6.5
11:14:43,4894,2,bajada,0.020522,0.020522,0.020506,29.850000,6.5,6.5,6.5
11:14:43,4895,2,bajada,0.020522,0.020522,0.020505,29.840000,6.5,6.5,6.5
11:14:43,4896,2,bajada,0.020523,0.020522,0.020504,29.840000,6.5,6.5,6.5
11:14:43,4897,2,bajada,0.020523,0.020522,0.020503,29.850000,6.5,6.5,6.5
11:14:43,4898,2,bajada,0.020522,0.020522,0.020501,29.850000,6.5,6.5,6.5
11:14:43,4899,2,bajada,0.020521,0.020522,0.020502,29.850000,6.5,6.5,6.5
11:14:43,4900,2,bajada,0.020521,0.020522,0.020503,29.850000,6.5,6.5,6.5
11:14:43,4901,2,bajada,0.020521,0.020522,0.020506,29.850000,6.5,6.5,6.5
11:14:43,4902,2,bajada,0.020521,0.020522,0.020504,29.850000,6.5,6.5,6.5
11:14:44,4903,2,bajada,0.020522,0.020522,0.020503,29.840000,6.5,6.5,6.5
11:14:44,4904,2,bajada,0.020524,0.020522,0.020505,29.840000,6.5,6.5,6.5
11:14:44,4905,2,bajada,0.020525,0.020522,0.020504,29.840000,6.5,6.5,6.5
11:14:44,4906,2,bajada,0.020526,0.020523,0.020504,29.840000,6.5,6.499,6.5
11:14:44,4907,2,bajada,0.020525,0.020523,0.020504,29.850000,6.5,6.5,6.5
11:14:44,4908,2,bajada,0.020525,0.020523,0.020505,29.850000,6.5,6.5,6.5
11:14:44,4909,2,bajada,0.020524,0.020523,0.020505,29.840000,6.5,6.5,6.5
11:14:44,4910,2,bajada,0.020523,0.020523,0.020503,29.840000,6.5,6.5,6.5
11:14:44,4911,2,bajada,0.020522,0.020523,0.020502,29.850000,6.5,6.5,6.5
11:14:44,4912,2,bajada,0.020521,0.020523,0.020502,29.850000,6.5,6.5,6.5
11:14:44,4913,2,bajada,0.020521,0.020523,0.020502,29.840000,6.5,6.5,6.5
11:14:44,4914,2,bajada,0.020523,0.020523,0.020504,29.840000,6.5,6.499,6.5
11:14:44,4915,2,bajada,0.020523,0.020523,0.020503,29.850000,6.5,6.5,6.5
11:14:44,4916,2,bajada,0.020522,0.020523,0.020504,29.850000,6.5,6.5,6.5
11:14:44,4917,2,bajada,0.020522,0.020523,0.020504,29.850000,6.5,6.5,6.5
11:14:44,4918,2,bajada,0.020523,0.020523,0.020503,29.850000,6.5,6.499,6.5
11:14:44,4919,2,bajada,0.020523,0.020523,0.020504,29.840000,6.5,6.5,6.5
11:14:44,4920,2,bajada,0.020523,0.020523,0.020505,29.840000,6.5,6.499,6.5
11:14:44,4921,2,bajada,0.020523,0.020523,0.020504,29.840000,6.499,6.5,6.5
11:14:44,4922,2,bajada,0.020524,0.020523,0.020503,29.840000,6.5,6.499,6.5
11:14:44,4923,2,bajada,0.020525,0.020523,0.020503,29.840000,6.5,6.5,6.5
11:14:44,4924,2,bajada,0.020525,0.020523,0.020503,29.840000,6.499,6.5,6.5
11:14:44,4925,2,bajada,0.020524,0.020523,0.020500,29.840000,6.5,6.5,6.5
11:14:44,4926,2,bajada,0.020524,0.020524,0.020501,29.840000,6.5,6.5,6.5
11:14:44,4927,2,bajada,0.020524,0.020524,0.020503,29.840000,6.5,6.5,6.5
11:14:44,4928,2,bajada,0.020524,0.020524,0.020503,29.840000,6.5,6.5,6.5
11:14:45,4929,2,bajada,0.020524,0.020524,0.020504,29.840000,6.5,6.499,6.5
11:14:45,4930,2,bajada,0.020523,0.020524,0.020505,29.840000,6.5,6.499,6.5
11:14:45,4931,2,bajada,0.020521,0.020523,0.020507,29.840000,6.5,6.499,6.5
11:14:45,4932,2,bajada,0.020521,0.020523,0.020506,29.840000,6.5,6.5,6.5
11:14:45,4933,2,bajada,0.020522,0.020523,0.020505,29.840000,6.5,6.499,6.5
11:14:45,4934,2,bajada,0.020521,0.020523,0.020504,29.840000,6.5,6.5,6.5
11:14:45,4935,2,bajada,0.020520,0.020523,0.020504,29.840000,6.5,6.499,6.5
11:14:45,4936,2,bajada,0.020520,0.020522,0.020502,29.840000,6.5,6.5,6.5
11:14:45,4937,2,bajada,0.020519,0.020522,0.020503,29.850000,6.5,6.5,6.5
11:14:45,4938,2,bajada,0.020518,0.020522,0.020505,29.850000,6.5,6.5,6.5
11:14:45,4939,2,bajada,0.020518,0.020521,0.020507,29.840000,6.5,6.5,6.5
11:14:45,4940,2,bajada,0.020519,0.020521,0.020506,29.840000,6.5,6.5,6.5
11:14:45,4941,2,bajada,0.020519,0.020521,0.020507,29.840000,6.5,6.5,6.5
11:14:45,4942,2,bajada,0.020520,0.020521,0.020505,29.840000,6.5,6.5,6.5
11:14:45,4943,2,bajada,0.020519,0.020521,0.020507,29.840000,6.5,6.5,6.5
11:14:45,4944,2,bajada,0.020519,0.020520,0.020507,29.840000,6.5,6.5,6.5
11:14:45,4945,2,bajada,0.020519,0.020520,0.020508,29.840000,6.5,6.499,6.5
11:14:45,4946,2,bajada,0.020519,0.020520,0.020506,29.840000,6.5,6.5,6.5
11:14:45,4947,2,bajada,0.020519,0.020520,0.020504,29.840000,6.5,6.5,6.5
11:14:45,4948,2,bajada,0.020519,0.020520,0.020504,29.840000,6.5,6.499,6.5
11:14:45,4949,2,bajada,0.020519,0.020520,0.020502,29.840000,6.5,6.5,6.5
11:14:45,4950,2,bajada,0.020519,0.020520,0.020503,29.840000,6.5,6.5,6.5
11:14:45,4951,2,bajada,0.020519,0.020520,0.020504,29.840000,6.5,6.5,6.5
11:14:45,4952,2,bajada,0.020519,0.020520,0.020505,29.840000,6.5,6.5,6.5
11:14:46,4953,2,bajada,0.020518,0.020520,0.020504,29.840000,6.5,6.5,6.5
11:14:46,4954,2,bajada,0.020518,0.020519,0.020507,29.840000,6.5,6.5,6.5
11:14:46,4955,2,bajada,0.020519,0.020519,0.020504,29.840000,6.5,6.499,6.5
11:14:46,4956,2,bajada,0.020519,0.020519,0.020504,29.840000,6.5,6.5,6.5
11:14:46,4957,2,bajada,0.020519,0.020519,0.020503,29.840000,6.5,6.499,6.5
11:14:46,4958,2,bajada,0.020517,0.020519,0.020501,29.840000,6.5,6.5,6.5
11:14:46,4959,2,bajada,0.020518,0.020519,0.020503,29.840000,6.5,6.5,6.5
11:14:46,4960,2,bajada,0.020519,0.020519,0.020504,29.840000,6.5,6.5,6.5
11:14:46,4961,2,bajada,0.020518,0.020519,0.020502,29.840000,6.5,6.5,6.5
11:14:46,4962,2,bajada,0.020518,0.020519,0.020504,29.840000,6.5,6.5,6.5
11:14:46,4963,2,bajada,0.020519,0.020519,0.020505,29.840000,6.5,6.5,6.5
11:14:46,4964,2,bajada,0.020517,0.020519,0.020505,29.840000,6.5,6.5,6.5
11:14:46,4965,2,bajada,0.020516,0.020518,0.020504,29.840000,6.5,6.5,6.5
11:14:46,4966,2,bajada,0.020517,0.020518,0.020503,29.840000,6.5,6.5,6.5
11:14:46,4967,2,bajada,0.020518,0.020518,0.020504,29.840000,6.5,6.5,6.5
11:14:46,4968,2,bajada,0.020518,0.020518,0.020506,29.840000,6.5,6.499,6.5
11:14:46,4969,2,bajada,0.020519,0.020518,0.020506,29.840000,6.5,6.5,6.5
11:14:46,4970,2,bajada,0.020519,0.020518,0.020506,29.840000,6.5,6.499,6.5
11:14:46,4971,2,bajada,0.020518,0.020518,0.020504,29.840000,6.5,6.5,6.5
11:14:46,4972,2,bajada,0.020518,0.020518,0.020503,29.840000,6.5,6.5,6.5
11:14:46,4973,2,bajada,0.020516,0.020518,0.020503,29.840000,6.5,6.5,6.5
11:14:46,4974,2,bajada,0.020516,0.020518,0.020505,29.840000,6.5,6.5,6.5
11:14:46,4975,2,bajada,0.020515,0.020518,0.020507,29.840000,6.5,6.5,6.5
11:14:46,4976,2,bajada,0.020515,0.020517,0.020506,29.840000,6.5,6.5,6.5
11:14:46,4977,2,bajada,0.020516,0.020517,0.020507,29.840000,6.5,6.5,6.5
11:14:47,4978,2,bajada,0.020518,0.020517,0.020504,29.840000,6.5,6.5,6.5
11:14:47,4979,2,bajada,0.020518,0.020517,0.020506,29.850000,6.5,6.5,6.5
11:14:47,4980,2,bajada,0.020517,0.020517,0.020506,29.850000,6.5,6.5,6.5
11:14:47,4981,2,bajada,0.020517,0.020517,0.020507,29.840000,6.5,6.5,6.5
11:14:47,4982,2,bajada,0.020517,0.020517,0.020507,29.840000,6.5,6.5,6.5
11:14:47,4983,2,bajada,0.020518,0.020517,0.020507,29.840000,6.5,6.5,6.5
11:14:47,4984,2,bajada,0.020518,0.020517,0.020505,29.840000,6.5,6.5,6.5
11:14:47,4985,2,bajada,0.020518,0.020517,0.020506,29.840000,6.5,6.501,6.5
11:14:47,4986,2,bajada,0.020520,0.020518,0.020506,29.840000,6.5,6.5,6.5
11:14:47,4987,2,bajada,0.020521,0.020518,0.020508,29.840000,6.5,6.5,6.5
11:15:10,4989,2,bajada,0.007779,0.007779,0.007760,29.840000,3.5,3.496,3.5
11:15:10,4990,2,bajada,0.007779,0.007779,0.007760,29.840000,3.5,3.496,3.5
11:15:10,4991,2,bajada,0.007779,0.007779,0.007760,29.840000,3.5,3.495,3.5
11:15:10,4992,2,bajada,0.007778,0.007779,0.007760,29.840000,3.5,3.496,3.5
11:15:10,4993,2,bajada,0.007778,0.007779,0.007762,29.840000,3.5,3.496,3.5
11:15:10,4994,2,bajada,0.007778,0.007779,0.007763,29.840000,3.5,3.496,3.5
11:15:10,4995,2,bajada,0.007779,0.007779,0.007761,29.840000,3.5,3.495,3.5
11:15:10,4996,2,bajada,0.007779,0.007779,0.007760,29.840000,3.5,3.495,3.5
11:15:10,4997,2,bajada,0.007779,0.007779,0.007761,29.840000,3.5,3.495,3.5
11:15:10,4998,2,bajada,0.007778,0.007779,0.007759,29.840000,3.5,3.495,3.5
11:15:10,4999,2,bajada,0.007778,0.007779,0.007757,29.840000,3.5,3.496,3.5
11:15:10,5000,2,bajada,0.007778,0.007779,0.007758,29.840000,3.5,3.495,3.5
11:15:10,5001,2,bajada,0.007777,0.007778,0.007761,29.840000,3.5,3.495,3.5
11:15:10,5002,2,bajada,0.007776,0.007778,0.007762,29.840000,3.5,3.495,3.5
11:15:10,5003,2,bajada,0.007776,0.007778,0.007762,29.840000,3.5,3.495,3.5
11:15:10,5004,2,bajada,0.007776,0.007778,0.007758,29.840000,3.5,3.495,3.5
11:15:10,5005,2,bajada,0.007776,0.007778,0.007755,29.840000,3.5,3.495,3.5
11:15:10,5006,2,bajada,0.007777,0.007778,0.007757,29.840000,3.5,3.495,3.5
11:15:11,5007,2,bajada,0.007777,0.007778,0.007757,29.840000,3.5,3.495,3.5
11:15:11,5008,2,bajada,0.007776,0.007777,0.007756,29.840000,3.5,3.495,3.5
11:15:11,5009,2,bajada,0.007776,0.007777,0.007756,29.840000,3.5,3.495,3.5
11:15:11,5010,2,bajada,0.007777,0.007777,0.007756,29.840000,3.495,3.5,3.5
11:15:11,5011,2,bajada,0.007778,0.007777,0.007755,29.840000,3.5,3.495,3.5
11:15:11,5012,2,bajada,0.007777,0.007777,0.007754,29.840000,3.5,3.495,3.5
11:15:11,5013,2,bajada,0.007776,0.007777,0.007754,29.840000,3.5,3.495,3.5
11:15:11,5014,2,bajada,0.007775,0.007777,0.007756,29.840000,3.5,3.495,3.5
11:15:11,5015,2,bajada,0.007776,0.007777,0.007759,29.840000,3.5,3.495,3.5
11:15:11,5016,2,bajada,0.007776,0.007777,0.007759,29.840000,3.5,3.495,3.5
11:15:11,5017,2,bajada,0.007777,0.007777,0.007756,29.840000,3.495,3.5,3.5
11:15:11,5018,2,bajada,0.007778,0.007777,0.007758,29.840000,3.5,3.495,3.5
11:15:11,5019,2,bajada,0.007778,0.007777,0.007758,29.840000,3.5,3.495,3.5
11:15:11,5020,2,bajada,0.007777,0.007777,0.007756,29.840000,3.5,3.495,3.5
11:15:11,5021,2,bajada,0.007776,0.007777,0.007757,29.840000,3.5,3.495,3.5
11:15:11,5022,2,bajada,0.007776,0.007777,0.007759,29.840000,3.5,3.494,3.5
11:15:11,5023,2,bajada,0.007776,0.007777,0.007758,29.840000,3.5,3.495,3.5
11:15:11,5024,2,bajada,0.007776,0.007777,0.007756,29.840000,3.5,3.494,3.5
11:15:11,5025,2,bajada,0.007777,0.007777,0.007755,29.840000,3.5,3.494,3.5
11:15:11,5026,2,bajada,0.007778,0.007777,0.007757,29.840000,3.5,3.494,3.5
11:15:11,5027,2,bajada,0.007778,0.007777,0.007758,29.840000,3.5,3.495,3.5
11:15:11,5028,2,bajada,0.007778,0.007777,0.007757,29.840000,3.5,3.494,3.5
11:15:11,5029,2,bajada,0.007777,0.007777,0.007756,29.840000,3.5,3.494,3.5
11:15:11,5030,2,bajada,0.007776,0.007777,0.007757,29.840000,3.5,3.494,3.5
11:15:11,5031,2,bajada,0.007777,0.007777,0.007756,29.840000,3.5,3.494,3.5
11:15:12,5032,2,bajada,0.007777,0.007777,0.007755,29.840000,3.5,3.494,3.5
11:15:12,5033,2,bajada,0.007776,0.007777,0.007755,29.840000,3.5,3.494,3.5
11:15:12,5034,2,bajada,0.007777,0.007777,0.007756,29.840000,3.5,3.494,3.5
11:15:12,5035,2,bajada,0.007777,0.007777,0.007754,29.840000,3.5,3.494,3.5
11:15:12,5036,2,bajada,0.007777,0.007777,0.007754,29.840000,3.5,3.494,3.5
11:15:12,5037,2,bajada,0.007778,0.007777,0.007754,29.840000,3.5,3.494,3.5
11:15:12,5038,2,bajada,0.007778,0.007777,0.007757,29.840000,3.5,3.494,3.5
11:15:12,5039,2,bajada,0.007777,0.007777,0.007756,29.840000,3.5,3.494,3.5
11:15:12,5040,2,bajada,0.007777,0.007777,0.007756,29.840000,3.5,3.494,3.5
11:15:12,5041,2,bajada,0.007777,0.007777,0.007754,29.840000,3.5,3.493,3.5
11:15:12,5042,2,bajada,0.007777,0.007777,0.007753,29.840000,3.493,3.5,3.5
11:15:12,5043,2,bajada,0.007775,0.007777,0.007753,29.840000,3.5,3.494,3.5
11:15:12,5044,2,bajada,0.007774,0.007777,0.007755,29.840000,3.494,3.5,3.5
11:15:12,5045,2,bajada,0.007775,0.007776,0.007754,29.840000,3.5,3.494,3.5
11:15:12,5046,2,bajada,0.007775,0.007776,0.007755,29.840000,3.5,3.493,3.5
11:15:12,5047,2,bajada,0.007774,0.007776,0.007754,29.840000,3.5,3.493,3.5
11:15:12,5048,2,bajada,0.007774,0.007776,0.007754,29.840000,3.5,3.493,3.5
11:15:12,5049,2,bajada,0.007774,0.007776,0.007754,29.840000,3.5,3.494,3.5
11:15:12,5050,2,bajada,0.007774,0.007776,0.007754,29.840000,3.5,3.493,3.5
11:15:12,5051,2,bajada,0.007774,0.007775,0.007752,29.840000,3.5,3.493,3.5
11:15:12,5052,2,bajada,0.007774,0.007775,0.007753,29.840000,3.5,3.493,3.5
11:15:12,5053,2,bajada,0.007773,0.007775,0.007753,29.840000,3.5,3.493,3.5
11:15:12,5054,2,bajada,0.007773,0.007775,0.007753,29.840000,3.5,3.493,3.5
11:15:12,5055,2,bajada,0.007773,0.007775,0.007752,29.840000,3.5,3.493,3.5
11:15:12,5056,2,bajada,0.007774,0.007775,0.007753,29.840000,3.5,3.493,3.5
11:15:12,5057,2,bajada,0.007775,0.007775,0.007751,29.840000,3.5,3.493,3.5
11:15:12,5058,2,bajada,0.007775,0.007775,0.007750,29.840000,3.5,3.493,3.5
11:15:13,5059,2,bajada,0.007775,0.007775,0.007750,29.840000,3.5,3.493,3.5
11:15:13,5060,2,bajada,0.007776,0.007775,0.007748,29.840000,3.5,3.493,3.5
11:15:13,5061,2,bajada,0.007776,0.007775,0.007750,29.840000,3.5,3.493,3.5
11:15:13,5062,2,bajada,0.007776,0.007775,0.007751,29.840000,3.5,3.493,3.5
11:15:13,5063,2,bajada,0.007775,0.007775,0.007750,29.840000,3.493,3.5,3.5
11:15:13,5064,2,bajada,0.007775,0.007775,0.007751,29.840000,3.5,3.493,3.5
11:15:13,5065,2,bajada,0.007777,0.007775,0.007749,29.840000,3.5,3.493,3.5
11:15:13,5066,2,bajada,0.007776,0.007775,0.007749,29.840000,3.5,3.493,3.5
11:15:13,5067,2,bajada,0.007775,0.007775,0.007750,29.840000,3.5,3.493,3.5
11:15:13,5068,2,bajada,0.007776,0.007775,0.007748,29.840000,3.5,3.492,3.5
11:15:13,5069,2,bajada,0.007776,0.007775,0.007750,29.840000,3.5,3.493,3.5
11:15:13,5070,2,bajada,0.007776,0.007775,0.007749,29.840000,3.5,3.492,3.5
11:15:13,5071,2,bajada,0.007776,0.007775,0.007750,29.840000,3.5,3.492,3.5
11:15:13,5072,2,bajada,0.007775,0.007775,0.007747,29.840000,3.5,3.493,3.5
11:15:13,5073,2,bajada,0.007775,0.007775,0.007746,29.840000,3.493,3.5,3.5
11:15:13,5074,2,bajada,0.007776,0.007775,0.007748,29.840000,3.5,3.492,3.5
11:15:13,5075,2,bajada,0.007777,0.007776,0.007746,29.840000,3.5,3.493,3.5
11:15:13,5076,2,bajada,0.007777,0.007776,0.007748,29.840000,3.5,3.493,3.5
11:15:13,5077,2,bajada,0.007777,0.007776,0.007748,29.840000,3.5,3.492,3.5
11:15:13,5078,2,bajada,0.007777,0.007776,0.007746,29.840000,3.493,3.5,3.5
11:15:13,5079,2,bajada,0.007777,0.007776,0.007747,29.840000,3.5,3.492,3.5
11:15:13,5080,2,bajada,0.007777,0.007776,0.007746,29.840000,3.492,3.5,3.5
11:15:13,5081,2,bajada,0.007778,0.007776,0.007745,29.840000,3.5,3.493,3.5
11:15:13,5082,2,bajada,0.007778,0.007776,0.007745,29.840000,3.5,3.492,3.5
11:15:13,5083,2,bajada,0.007777,0.007776,0.007749,29.840000,3.5,3.492,3.5
11:15:14,5084,2,bajada,0.007775,0.007776,0.007747,29.840000,3.5,3.492,3.5
11:15:14,5085,2,bajada,0.007775,0.007776,0.007746,29.840000,3.5,3.492,3.5
11:15:14,5086,2,bajada,0.007775,0.007776,0.007745,29.840000,3.5,3.492,3.5
11:15:14,5087,2,bajada,0.007775,0.007776,0.007742,29.840000,3.5,3.492,3.5
11:15:14,5088,2,bajada,0.007774,0.007776,0.007743,29.840000,3.5,3.492,3.5
11:15:14,5089,2,bajada,0.007775,0.007776,0.007743,29.840000,3.5,3.492,3.5
11:15:14,5090,2,bajada,0.007775,0.007776,0.007745,29.840000,3.5,3.492,3.5
11:15:14,5091,2,bajada,0.007774,0.007776,0.007745,29.840000,3.5,3.492,3.5
11:15:14,5092,2,bajada,0.007773,0.007775,0.007745,29.840000,3.5,3.492,3.5
11:15:14,5093,2,bajada,0.007773,0.007775,0.007743,29.830000,3.5,3.492,3.5
11:15:14,5094,2,bajada,0.007774,0.007775,0.007742,29.830000,3.5,3.491,3.5
11:15:14,5095,2,bajada,0.007774,0.007775,0.007739,29.840000,3.5,3.491,3.5
11:15:14,5096,2,bajada,0.007775,0.007775,0.007740,29.840000,3.5,3.492,3.5
11:15:14,5097,2,bajada,0.007775,0.007775,0.007741,29.840000,3.5,3.491,3.5
11:15:14,5098,2,bajada,0.007775,0.007775,0.007740,29.840000,3.5,3.491,3.5
11:15:14,5099,2,bajada,0.007775,0.007775,0.007740,29.840000,3.5,3.492,3.5
11:15:14,5100,2,bajada,0.007775,0.007775,0.007739,29.840000,3.5,3.491,3.5
11:15:14,5101,2,bajada,0.007775,0.007775,0.007738,29.830000,3.5,3.492,3.5
11:15:14,5102,2,bajada,0.007775,0.007775,0.007739,29.830000,3.5,3.491,3.5
11:15:14,5103,2,bajada,0.007776,0.007775,0.007738,29.840000,3.491,3.5,3.5
11:15:14,5104,2,bajada,0.007778,0.007776,0.007739,29.840000,3.5,3.491,3.5
11:15:14,5105,2,bajada,0.007779,0.007776,0.007739,29.840000,3.5,3.491,3.5
11:15:15,5106,2,bajada,0.007776,0.007776,0.007739,29.840000,3.5,3.491,3.5
11:15:15,5107,2,bajada,0.007776,0.007776,0.007737,29.830000,3.5,3.491,3.5
11:15:15,5108,2,bajada,0.007777,0.007776,0.007740,29.830000,3.5,3.491,3.5
11:15:15,5109,2,bajada,0.007776,0.007776,0.007739,29.840000,3.5,3.491,3.5
11:15:15,5110,2,bajada,0.007775,0.007776,0.007739,29.840000,3.5,3.491,3.5
11:15:15,5111,2,bajada,0.007775,0.007776,0.007739,29.830000,3.5,3.491,3.5
11:15:15,5112,2,bajada,0.007777,0.007776,0.007738,29.830000,3.5,3.491,3.5
11:15:15,5113,2,bajada,0.007777,0.007776,0.007737,29.840000,3.5,3.491,3.5
11:15:15,5114,2,bajada,0.007776,0.007776,0.007739,29.840000,3.5,3.491,3.5
11:15:15,5115,2,bajada,0.007776,0.007776,0.007737,29.840000,3.5,3.491,3.5
11:15:15,5116,2,bajada,0.007776,0.007776,0.007738,29.840000,3.5,3.491,3.5
11:15:15,5117,2,bajada,0.007776,0.007776,0.007738,29.840000,3.5,3.491,3.5
11:15:15,5118,2,bajada,0.007774,0.007776,0.007736,29.840000,3.5,3.491,3.5
11:15:15,5119,2,bajada,0.007773,0.007776,0.007737,29.840000,3.5,3.491,3.5
11:15:15,5120,2,bajada,0.007774,0.007775,0.007735,29.840000,3.5,3.49,3.5
11:15:15,5121,2,bajada,0.007775,0.007775,0.007737,29.840000,3.491,3.5,3.5
11:15:15,5122,2,bajada,0.007776,0.007775,0.007737,29.840000,3.5,3.49,3.5
11:15:15,5123,2,bajada,0.007776,0.007775,0.007737,29.840000,3.5,3.49,3.5
11:15:15,5124,2,bajada,0.007776,0.007775,0.007736,29.840000,3.5,3.491,3.5
11:15:15,5125,2,bajada,0.007776,0.007775,0.007735,29.830000,3.5,3.49,3.5
11:15:15,5126,2,bajada,0.007776,0.007776,0.007736,29.830000,3.5,3.491,3.5
11:15:15,5127,2,bajada,0.007776,0.007776,0.007735,29.830000,3.5,3.49,3.5
11:15:15,5128,2,bajada,0.007775,0.007776,0.007733,29.830000,3.5,3.49,3.5
11:15:15,5129,2,bajada,0.007776,0.007776,0.007733,29.830000,3.5,3.49,3.5
11:15:16,5130,2,bajada,0.007778,0.007776,0.007734,29.830000,3.5,3.49,3.5
11:15:16,5131,2,bajada,0.007778,0.007776,0.007734,29.830000,3.5,3.49,3.5
11:15:16,5132,2,bajada,0.007778,0.007776,0.007735,29.830000,3.5,3.49,3.5
11:15:16,5133,2,bajada,0.007778,0.007776,0.007735,29.830000,3.5,3.49,3.5
11:15:16,5134,2,bajada,0.007778,0.007777,0.007734,29.830000,3.5,3.49,3.5
11:15:16,5135,2,bajada,0.007777,0.007777,0.007732,29.830000,3.5,3.49,3.5
11:15:16,5136,2,bajada,0.007776,0.007777,0.007732,29.830000,3.5,3.49,3.5
11:15:16,5137,2,bajada,0.007775,0.007776,0.007735,29.830000,3.5,3.49,3.5
11:15:16,5138,2,bajada,0.007774,0.007776,0.007736,29.830000,3.5,3.49,3.5
11:15:16,5139,2,bajada,0.007775,0.007776,0.007734,29.830000,3.5,3.49,3.5
11:15:16,5140,2,bajada,0.007776,0.007776,0.007732,29.830000,3.5,3.49,3.5
11:15:16,5141,2,bajada,0.007777,0.007776,0.007731,29.840000,3.49,3.5,3.5
11:15:16,5142,2,bajada,0.007777,0.007776,0.007731,29.840000,3.5,3.49,3.5
11:15:16,5143,2,bajada,0.007777,0.007776,0.007732,29.830000,3.5,3.49,3.5
11:15:16,5144,2,bajada,0.007775,0.007776,0.007733,29.830000,3.5,3.49,3.5
11:15:16,5145,2,bajada,0.007774,0.007776,0.007734,29.840000,3.5,3.49,3.5
11:15:16,5146,2,bajada,0.007774,0.007776,0.007733,29.840000,3.5,3.49,3.5
11:15:16,5147,2,bajada,0.007774,0.007776,0.007731,29.830000,3.5,3.489,3.5
11:15:16,5148,2,bajada,0.007774,0.007775,0.007731,29.830000,3.5,3.49,3.5
11:15:16,5149,2,bajada,0.007775,0.007775,0.007731,29.830000,3.5,3.49,3.5
11:15:16,5150,2,bajada,0.007774,0.007775,0.007733,29.830000,3.49,3.5,3.5
11:15:17,5151,2,bajada,0.007773,0.007775,0.007733,29.840000,3.5,3.49,3.5
11:15:17,5152,2,bajada,0.007772,0.007775,0.007734,29.840000,3.5,3.49,3.5
11:15:17,5153,2,bajada,0.007772,0.007774,0.007735,29.840000,3.5,3.49,3.5
11:15:17,5154,2,bajada,0.007772,0.007774,0.007735,29.840000,3.5,3.49,3.5
11:15:17,5155,2,bajada,0.007772,0.007774,0.007734,29.830000,3.49,3.5,3.5
11:15:17,5156,2,bajada,0.007772,0.007774,0.007734,29.830000,3.5,3.489,3.5
11:15:17,5157,2,bajada,0.007771,0.007774,0.007733,29.830000,3.5,3.489,3.5
11:15:17,5158,2,bajada,0.007771,0.007773,0.007732,29.830000,3.5,3.489,3.5
11:15:17,5159,2,bajada,0.007770,0.007773,0.007733,29.830000,3.5,3.49,3.5
11:15:17,5160,2,bajada,0.007770,0.007773,0.007734,29.830000,3.5,3.489,3.5
11:15:17,5161,2,bajada,0.007770,0.007772,0.007733,29.830000,3.5,3.489,3.5
11:15:17,5162,2,bajada,0.007770,0.007772,0.007730,29.830000,3.5,3.489,3.5
11:15:17,5163,2,bajada,0.007771,0.007772,0.007729,29.840000,3.5,3.489,3.5
11:15:17,5164,2,bajada,0.007771,0.007772,0.007727,29.840000,3.5,3.489,3.5
11:15:17,5165,2,bajada,0.007772,0.007772,0.007728,29.840000,3.5,3.489,3.5
11:15:17,5166,2,bajada,0.007772,0.007772,0.007729,29.840000,3.5,3.489,3.5
11:15:17,5167,2,bajada,0.007771,0.007772,0.007729,29.830000,3.5,3.489,3.5
11:15:17,5168,2,bajada,0.007770,0.007772,0.007728,29.830000,3.5,3.489,3.5
11:15:17,5169,2,bajada,0.007769,0.007771,0.007729,29.830000,3.5,3.489,3.5
11:15:17,5170,2,bajada,0.007768,0.007771,0.007730,29.830000,3.5,3.489,3.5
11:15:17,5171,2,bajada,0.007768,0.007771,0.007730,29.830000,3.5,3.489,3.5
11:15:17,5172,2,bajada,0.007767,0.007770,0.007730,29.830000,3.5,3.488,3.5
11:15:18,5173,2,bajada,0.007764,0.007770,0.007732,29.830000,3.5,3.489,3.5
11:15:18,5174,2,bajada,0.007764,0.007769,0.007733,29.830000,3.5,3.488,3.5
11:15:18,5175,2,bajada,0.007765,0.007769,0.007732,29.830000,3.5,3.489,3.5
11:15:18,5176,2,bajada,0.007765,0.007769,0.007732,29.830000,3.5,3.488,3.5
11:15:18,5177,2,bajada,0.007766,0.007768,0.007733,29.830000,3.489,3.5,3.5
11:15:18,5178,2,bajada,0.007766,0.007768,0.007732,29.830000,3.5,3.489,3.5
11:15:18,5179,2,bajada,0.007766,0.007768,0.007732,29.830000,3.5,3.489,3.5
11:15:18,5180,2,bajada,0.007767,0.007768,0.007734,29.840000,3.5,3.489,3.5
11:15:18,5181,2,bajada,0.007768,0.007768,0.007730,29.840000,3.5,3.489,3.5
11:15:18,5182,2,bajada,0.007768,0.007768,0.007731,29.830000,3.5,3.488,3.5
11:15:18,5183,2,bajada,0.007767,0.007768,0.007730,29.830000,3.5,3.489,3.5
11:15:18,5184,2,bajada,0.007768,0.007768,0.007728,29.830000,3.5,3.489,3.5
11:15:18,5185,2,bajada,0.007768,0.007768,0.007732,29.830000,3.5,3.488,3.5
11:15:18,5186,2,bajada,0.007768,0.007768,0.007731,29.830000,3.5,3.488,3.5
11:15:18,5187,2,bajada,0.007769,0.007768,0.007731,29.830000,3.5,3.488,3.5
11:15:18,5188,2,bajada,0.007768,0.007768,0.007729,29.830000,3.5,3.488,3.5
11:15:18,5189,2,bajada,0.007767,0.007768,0.007729,29.830000,3.5,3.488,3.5
11:15:18,5190,2,bajada,0.007767,0.007768,0.007729,29.830000,3.5,3.488,3.5
11:15:18,5191,2,bajada,0.007766,0.007768,0.007727,29.830000,3.5,3.488,3.5
11:15:18,5192,2,bajada,0.007765,0.007767,0.007727,29.830000,3.5,3.488,3.5
11:15:18,5193,2,bajada,0.007766,0.007767,0.007726,29.830000,3.5,3.488,3.5
11:15:18,5194,2,bajada,0.007768,0.007767,0.007727,29.830000,3.5,3.488,3.5
11:15:18,5195,2,bajada,0.007767,0.007767,0.007728,29.830000,3.5,3.489,3.5
11:15:18,5196,2,bajada,0.007765,0.007767,0.007727,29.830000,3.5,3.488,3.5
11:15:19,5197,2,bajada,0.007763,0.007767,0.007727,29.830000,3.5,3.488,3.5
11:15:19,5198,2,bajada,0.007763,0.007766,0.007726,29.830000,3.5,3.488,3.5
11:15:19,5199,2,bajada,0.007764,0.007766,0.007725,29.830000,3.5,3.488,3.5
11:15:19,5200,2,bajada,0.007763,0.007766,0.007726,29.830000,3.5,3.488,3.5
11:15:19,5201,2,bajada,0.007763,0.007766,0.007724,29.830000,3.5,3.488,3.5
11:15:19,5202,2,bajada,0.007763,0.007765,0.007724,29.830000,3.488,3.5,3.5
11:15:19,5203,2,bajada,0.007762,0.007765,0.007726,29.830000,3.5,3.488,3.5
11:15:19,5204,2,bajada,0.007762,0.007765,0.007725,29.830000,3.5,3.488,3.5
11:15:19,5205,2,bajada,0.007763,0.007765,0.007726,29.830000,3.488,3.5,3.5
11:15:19,5206,2,bajada,0.007764,0.007764,0.007726,29.830000,3.5,3.488,3.5
11:15:19,5207,2,bajada,0.007764,0.007764,0.007727,29.830000,3.5,3.487,3.5
11:15:19,5208,2,bajada,0.007764,0.007764,0.007727,29.830000,3.5,3.488,3.5
11:15:19,5209,2,bajada,0.007765,0.007765,0.007727,29.830000,3.5,3.487,3.5
11:15:19,5210,2,bajada,0.007764,0.007765,0.007726,29.830000,3.5,3.488,3.5
11:15:19,5211,2,bajada,0.007764,0.007764,0.007725,29.830000,3.5,3.488,3.5
11:15:19,5212,2,bajada,0.007764,0.007764,0.007725,29.830000,3.5,3.488,3.5
11:15:19,5213,2,bajada,0.007764,0.007764,0.007726,29.830000,3.5,3.487,3.5
11:15:19,5214,2,bajada,0.007764,0.007764,0.007726,29.830000,3.5,3.488,3.5
11:15:19,5215,2,bajada,0.007764,0.007764,0.007726,29.830000,3.5,3.487,3.5
11:15:19,5216,2,bajada,0.007764,0.007764,0.007725,29.830000,3.5,3.488,3.5
11:15:19,5217,2,bajada,0.007763,0.007764,0.007724,29.830000,3.5,3.487,3.5
11:15:19,5218,2,bajada,0.007763,0.007764,0.007724,29.830000,3.5,3.487,3.5
11:15:19,5219,2,bajada,0.007762,0.007764,0.007723,29.830000,3.5,3.488,3.5
11:15:20,5220,2,bajada,0.007763,0.007764,0.007718,29.830000,3.5,3.487,3.5
11:15:20,5221,2,bajada,0.007763,0.007764,0.007720,29.830000,3.5,3.487,3.5
11:15:20,5222,2,bajada,0.007762,0.007763,0.007722,29.830000,3.5,3.488,3.5
11:15:20,5223,2,bajada,0.007762,0.007763,0.007722,29.830000,3.5,3.487,3.5
11:15:20,5224,2,bajada,0.007762,0.007763,0.007720,29.830000,3.5,3.487,3.5
11:15:20,5225,2,bajada,0.007762,0.007763,0.007721,29.830000,3.5,3.487,3.5
11:15:20,5226,2,bajada,0.007761,0.007763,0.007720,29.830000,3.5,3.487,3.5
11:15:20,5227,2,bajada,0.007761,0.007763,0.007721,29.830000,3.5,3.487,3.5
11:15:20,5228,2,bajada,0.007761,0.007763,0.007721,29.830000,3.5,3.487,3.5
11:15:20,5229,2,bajada,0.007761,0.007762,0.007721,29.830000,3.5,3.487,3.5
11:15:20,5230,2,bajada,0.007761,0.007762,0.007719,29.830000,3.487,3.5,3.5
11:15:20,5231,2,bajada,0.007761,0.007762,0.007721,29.830000,3.5,3.487,3.5
11:15:20,5232,2,bajada,0.007761,0.007762,0.007721,29.830000,3.5,3.487,3.5
11:15:20,5233,2,bajada,0.007760,0.007762,0.007720,29.830000,3.5,3.487,3.5
11:15:20,5234,2,bajada,0.007760,0.007762,0.007720,29.830000,3.5,3.487,3.5
11:15:20,5235,2,bajada,0.007759,0.007761,0.007721,29.830000,3.5,3.487,3.5
11:15:20,5236,2,bajada,0.007759,0.007761,0.007725,29.830000,3.5,3.487,3.5
11:15:20,5237,2,bajada,0.007759,0.007761,0.007723,29.830000,3.5,3.487,3.5
11:15:20,5238,2,bajada,0.007758,0.007761,0.007722,29.830000,3.5,3.487,3.5
11:15:20,5239,2,bajada,0.007757,0.007760,0.007722,29.830000,3.5,3.487,3.5
11:15:20,5240,2,bajada,0.007756,0.007760,0.007723,29.830000,3.5,3.487,3.5
11:15:20,5241,2,bajada,0.007757,0.007760,0.007723,29.830000,3.5,3.487,3.5
11:15:20,5242,2,bajada,0.007757,0.007759,0.007723,29.830000,3.5,3.487,3.5
11:15:20,5243,2,bajada,0.007757,0.007759,0.007723,29.830000,3.5,3.486,3.5
11:15:20,5244,2,bajada,0.007757,0.007759,0.007724,29.830000,3.5,3.487,3.5
11:15:20,5245,2,bajada,0.007756,0.007759,0.007722,29.830000,3.5,3.486,3.5
11:15:21,5246,2,bajada,0.007757,0.007758,0.007723,29.830000,3.5,3.487,3.5
11:15:21,5247,2,bajada,0.007756,0.007758,0.007722,29.830000,3.5,3.486,3.5
11:15:21,5248,2,bajada,0.007754,0.007758,0.007722,29.830000,3.5,3.487,3.5
11:15:21,5249,2,bajada,0.007754,0.007757,0.007721,29.830000,3.5,3.486,3.5
11:15:21,5250,2,bajada,0.007754,0.007757,0.007720,29.830000,3.5,3.486,3.5
11:15:21,5251,2,bajada,0.007754,0.007757,0.007718,29.830000,3.5,3.487,3.5
11:15:21,5252,2,bajada,0.007754,0.007757,0.007718,29.830000,3.5,3.486,3.5
11:15:21,5253,2,bajada,0.007754,0.007756,0.007718,29.830000,3.5,3.487,3.5
11:15:21,5254,2,bajada,0.007753,0.007756,0.007715,29.830000,3.5,3.486,3.5
11:15:21,5255,2,bajada,0.007753,0.007756,0.007714,29.830000,3.5,3.487,3.5
11:15:21,5256,2,bajada,0.007753,0.007756,0.007715,29.830000,3.5,3.486,3.5
11:15:21,5257,2,bajada,0.007753,0.007755,0.007715,29.830000,3.486,3.5,3.5
11:15:21,5258,2,bajada,0.007753,0.007755,0.007715,29.830000,3.5,3.486,3.5
11:15:21,5259,2,bajada,0.007753,0.007755,0.007716,29.830000,3.5,3.486,3.5
11:15:21,5260,2,bajada,0.007753,0.007755,0.007717,29.830000,3.486,3.5,3.5
11:15:21,5261,2,bajada,0.007752,0.007754,0.007716,29.830000,3.5,3.486,3.5
11:15:21,5262,2,bajada,0.007751,0.007754,0.007717,29.830000,3.5,3.486,3.5
11:15:21,5263,2,bajada,0.007749,0.007754,0.007714,29.830000,3.5,3.486,3.5
11:15:21,5264,2,bajada,0.007750,0.007753,0.007714,29.830000,3.5,3.486,3.5
11:15:21,5265,2,bajada,0.007752,0.007753,0.007714,29.830000,3.5,3.486,3.5
11:15:21,5266,2,bajada,0.007752,0.007753,0.007716,29.830000,3.5,3.486,3.5
11:15:21,5267,2,bajada,0.007751,0.007753,0.007714,29.830000,3.5,3.485,3.5
11:15:21,5268,2,bajada,0.007750,0.007753,0.007713,29.830000,3.5,3.486,3.5
11:15:21,5269,2,bajada,0.007748,0.007752,0.007712,29.830000,3.5,3.485,3.5
11:15:22,5270,2,bajada,0.007746,0.007752,0.007713,29.830000,3.5,3.486,3.5
11:15:22,5271,2,bajada,0.007747,0.007751,0.007712,29.830000,3.5,3.486,3.5
11:15:22,5272,2,bajada,0.007747,0.007751,0.007711,29.830000,3.5,3.486,3.5
11:15:22,5273,2,bajada,0.007746,0.007750,0.007712,29.830000,3.5,3.485,3.5
11:15:22,5274,2,bajada,0.007746,0.007750,0.007711,29.830000,3.5,3.486,3.5
11:15:22,5275,2,bajada,0.007745,0.007750,0.007710,29.830000,3.5,3.485,3.5
11:15:22,5276,2,bajada,0.007745,0.007749,0.007710,29.830000,3.5,3.485,3.5
11:15:22,5277,2,bajada,0.007745,0.007749,0.007709,29.830000,3.5,3.485,3.5
11:15:22,5278,2,bajada,0.007744,0.007748,0.007710,29.830000,3.5,3.485,3.5
11:15:22,5279,2,bajada,0.007745,0.007748,0.007711,29.830000,3.5,3.486,3.5
11:15:22,5280,2,bajada,0.007745,0.007748,0.007711,29.830000,3.5,3.485,3.5
11:15:22,5281,2,bajada,0.007745,0.007747,0.007712,29.830000,3.5,3.486,3.5
11:15:22,5282,2,bajada,0.007746,0.007747,0.007713,29.830000,3.5,3.485,3.5
11:15:22,5283,2,bajada,0.007745,0.007747,0.007712,29.830000,3.5,3.485,3.5
11:15:22,5284,2,bajada,0.007744,0.007747,0.007709,29.830000,3.5,3.485,3.5
11:15:22,5285,2,bajada,0.007744,0.007747,0.007709,29.830000,3.5,3.486,3.5
11:15:22,5286,2,bajada,0.007745,0.007746,0.007708,29.830000,3.5,3.485,3.5
11:15:22,5287,2,bajada,0.007744,0.007746,0.007710,29.830000,3.5,3.485,3.5
11:15:22,5288,2,bajada,0.007744,0.007746,0.007710,29.830000,3.5,3.485,3.5
11:15:22,5289,2,bajada,0.007742,0.007746,0.007711,29.830000,3.5,3.485,3.5
11:15:22,5290,2,bajada,0.007743,0.007745,0.007711,29.830000,3.485,3.5,3.5
11:15:22,5291,2,bajada,0.007744,0.007745,0.007712,29.830000,3.5,3.485,3.5
11:15:22,5292,2,bajada,0.007744,0.007745,0.007712,29.830000,3.5,3.486,3.5
11:15:22,5293,2,bajada,0.007743,0.007745,0.007712,29.830000,3.5,3.485,3.5
11:15:22,5294,2,bajada,0.007743,0.007745,0.007711,29.840000,3.5,3.485,3.5
11:15:23,5295,2,bajada,0.007742,0.007744,0.007712,29.840000,3.5,3.485,3.5
11:15:23,5296,2,bajada,0.007741,0.007744,0.007713,29.830000,3.5,3.484,3.5
11:15:23,5297,2,bajada,0.007740,0.007744,0.007711,29.830000,3.5,3.485,3.5
11:15:23,5298,2,bajada,0.007740,0.007743,0.007711,29.830000,3.5,3.485,3.5
11:15:23,5299,2,bajada,0.007740,0.007743,0.007710,29.830000,3.5,3.485,3.5
11:15:23,5300,2,bajada,0.007741,0.007743,0.007710,29.840000,3.5,3.484,3.5
11:15:23,5301,2,bajada,0.007741,0.007743,0.007710,29.840000,3.5,3.485,3.5
11:15:23,5302,2,bajada,0.007741,0.007742,0.007711,29.830000,3.5,3.484,3.5
11:15:23,5303,2,bajada,0.007741,0.007742,0.007715,29.830000,3.5,3.484,3.5
11:15:23,5304,2,bajada,0.007741,0.007742,0.007715,29.830000,3.484,3.5,3.5
11:15:23,5305,2,bajada,0.007740,0.007742,0.007712,29.830000,3.5,3.484,3.5
11:15:23,5306,2,bajada,0.007740,0.007742,0.007711,29.830000,3.5,3.485,3.5
11:15:23,5307,2,bajada,0.007742,0.007742,0.007710,29.830000,3.5,3.484,3.5
11:15:23,5308,2,bajada,0.007742,0.007742,0.007710,29.830000,3.5,3.484,3.5
11:15:23,5309,2,bajada,0.007740,0.007742,0.007710,29.840000,3.5,3.485,3.5
11:15:23,5310,2,bajada,0.007739,0.007741,0.007709,29.840000,3.5,3.484,3.5
11:15:23,5311,2,bajada,0.007738,0.007741,0.007710,29.830000,3.5,3.484,3.5
11:15:23,5312,2,bajada,0.007738,0.007741,0.007712,29.830000,3.484,3.5,3.5
11:15:23,5313,2,bajada,0.007739,0.007741,0.007713,29.830000,3.5,3.484,3.5
11:15:23,5314,2,bajada,0.007739,0.007740,0.007711,29.830000,3.5,3.484,3.5
11:15:23,5315,2,bajada,0.007739,0.007740,0.007708,29.830000,3.5,3.484,3.5
11:15:23,5316,2,bajada,0.007738,0.007740,0.007709,29.830000,3.5,3.484,3.5
11:15:23,5317,2,bajada,0.007739,0.007740,0.007708,29.840000,3.5,3.484,3.5
11:15:23,5318,2,bajada,0.007740,0.007740,0.007711,29.840000,3.5,3.484,3.5
11:15:23,5319,2,bajada,0.007740,0.007740,0.007711,29.830000,3.5,3.484,3.5
11:15:24,5320,2,bajada,0.007740,0.007740,0.007712,29.830000,3.5,3.484,3.5
11:15:24,5321,2,bajada,0.007741,0.007740,0.007711,29.830000,3.5,3.484,3.5
11:15:24,5322,2,bajada,0.007741,0.007740,0.007711,29.830000,3.5,3.484,3.5
11:15:24,5323,2,bajada,0.007741,0.007740,0.007710,29.840000,3.5,3.484,3.5
11:15:24,5324,2,bajada,0.007740,0.007740,0.007709,29.840000,3.5,3.484,3.5
11:15:24,5325,2,bajada,0.007739,0.007740,0.007709,29.830000,3.5,3.484,3.5
11:15:24,5326,2,bajada,0.007738,0.007740,0.007708,29.830000,3.5,3.484,3.5
11:15:24,5327,2,bajada,0.007739,0.007740,0.007707,29.830000,3.5,3.483,3.5
11:15:24,5328,2,bajada,0.007739,0.007740,0.007707,29.830000,3.5,3.484,3.5
11:15:24,5329,2,bajada,0.007739,0.007740,0.007707,29.830000,3.5,3.484,3.5
11:15:24,5330,2,bajada,0.007737,0.007739,0.007707,29.830000,3.5,3.485,3.5
11:15:24,5331,2,bajada,0.007735,0.007739,0.007708,29.830000,3.5,3.486,3.5
11:15:24,5332,2,bajada,0.007734,0.007739,0.007710,29.830000,3.5,3.495,3.5
11:15:24,5333,2,bajada,0.007735,0.007738,0.007712,29.830000,3.5,3.496,3.5
11:15:24,5334,2,bajada,0.007735,0.007738,0.007715,29.830000,3.5,3.499,3.5
11:15:24,5335,2,bajada,0.007736,0.007738,0.007718,29.830000,3.5,3.501,3.5
11:15:24,5336,2,bajada,0.007737,0.007738,0.007720,29.830000,3.5,3.501,3.5
11:15:24,5337,2,bajada,0.007737,0.007738,0.007722,29.830000,3.5,3.501,3.5
11:15:24,5338,2,bajada,0.007738,0.007738,0.007724,29.830000,3.501,3.5,3.5
11:15:24,5339,2,bajada,0.007738,0.007738,0.007729,29.840000,3.5,3.501,3.5
11:15:24,5340,2,bajada,0.007739,0.007738,0.007729,29.840000,3.5,3.502,3.5
11:15:25,5341,2,bajada,0.007739,0.007738,0.007737,29.830000,3.5,3.502,3.5
11:15:25,5342,2,bajada,0.007739,0.007738,0.007738,29.830000,3.5,3.502,3.5
11:15:25,5343,2,bajada,0.007739,0.007738,0.007743,29.830000,3.5,3.502,3.5
11:15:25,5344,2,bajada,0.007739,0.007738,0.007746,29.830000,3.5,3.502,3.5
11:15:25,5345,2,bajada,0.007739,0.007738,0.007746,29.830000,3.5,3.502,3.5
11:15:25,5346,2,bajada,0.007738,0.007738,0.007748,29.830000,3.5,3.502,3.5
11:15:25,5347,2,bajada,0.007737,0.007738,0.007747,29.830000,3.5,3.502,3.5
11:15:25,5348,2,bajada,0.007737,0.007738,0.007751,29.830000,3.5,3.502,3.5
11:15:25,5349,2,bajada,0.007737,0.007738,0.007754,29.830000,3.5,3.502,3.5
11:15:25,5350,2,bajada,0.007737,0.007738,0.007758,29.830000,3.5,3.502,3.5
11:15:25,5351,2,bajada,0.007736,0.007738,0.007758,29.830000,3.5,3.502,3.5
11:15:25,5352,2,bajada,0.007736,0.007738,0.007760,29.830000,3.5,3.502,3.5
11:15:25,5353,2,bajada,0.007735,0.007737,0.007757,29.830000,3.5,3.502,3.5
11:15:25,5354,2,bajada,0.007734,0.007737,0.007759,29.830000,3.5,3.501,3.5
11:15:25,5355,2,bajada,0.007733,0.007737,0.007763,29.830000,3.5,3.502,3.5
11:15:25,5356,2,bajada,0.007733,0.007736,0.007762,29.830000,3.5,3.501,3.5
11:15:25,5357,2,bajada,0.007734,0.007736,0.007763,29.830000,3.5,3.502,3.5
11:15:25,5358,2,bajada,0.007734,0.007736,0.007763,29.830000,3.5,3.502,3.5
11:15:25,5359,2,bajada,0.007734,0.007736,0.007762,29.840000,3.501,3.5,3.5
11:15:25,5360,2,bajada,0.007732,0.007735,0.007763,29.840000,3.5,3.501,3.5
11:15:25,5361,2,bajada,0.007731,0.007735,0.007764,29.830000,3.5,3.501,3.5
11:15:26,5362,2,bajada,0.007731,0.007735,0.007767,29.830000,3.501,3.5,3.5
11:15:26,5363,2,bajada,0.007731,0.007734,0.007767,29.830000,3.5,3.501,3.5
11:15:26,5364,2,bajada,0.007732,0.007734,0.007769,29.830000,3.501,3.5,3.5
11:15:26,5365,2,bajada,0.007732,0.007734,0.007768,29.830000,3.5,3.501,3.5
11:15:26,5366,2,bajada,0.007732,0.007734,0.007767,29.830000,3.5,3.501,3.5
11:15:26,5367,2,bajada,0.007732,0.007734,0.007770,29.830000,3.5,3.501,3.5
11:15:26,5368,2,bajada,0.007733,0.007734,0.007769,29.830000,3.5,3.501,3.5
11:15:26,5369,2,bajada,0.007733,0.007734,0.007770,29.830000,3.5,3.5,3.5
11:15:26,5370,2,bajada,0.007733,0.007733,0.007771,29.830000,3.5,3.501,3.5
11:15:26,5371,2,bajada,0.007732,0.007733,0.007772,29.830000,3.5,3.501,3.5
11:15:26,5372,2,bajada,0.007733,0.007733,0.007770,29.830000,3.5,3.501,3.5
11:15:26,5373,2,bajada,0.007732,0.007733,0.007769,29.840000,3.5,3.5,3.5
11:15:26,5374,2,bajada,0.007732,0.007733,0.007769,29.840000,3.5,3.501,3.5
11:15:26,5375,2,bajada,0.007731,0.007733,0.007770,29.830000,3.5,3.501,3.5
11:15:26,5376,2,bajada,0.007731,0.007733,0.007771,29.830000,3.5,3.501,3.5
11:15:26,5377,2,bajada,0.007731,0.007732,0.007773,29.830000,3.5,3.5,3.5
11:15:26,5378,2,bajada,0.007727,0.007732,0.007774,29.830000,3.5,3.5,3.5
11:15:26,5379,2,bajada,0.007725,0.007731,0.007774,29.830000,3.501,3.5,3.5
11:15:26,5380,2,bajada,0.007726,0.007731,0.007773,29.830000,3.5,3.5,3.5
11:15:26,5381,2,bajada,0.007728,0.007731,0.007773,29.830000,3.5,3.5,3.5
11:15:26,5382,2,bajada,0.007728,0.007730,0.007773,29.830000,3.5,3.501,3.5
11:15:26,5383,2,bajada,0.007728,0.007730,0.007774,29.830000,3.5,3.5,3.5
11:15:26,5384,2,bajada,0.007728,0.007730,0.007775,29.830000,3.5,3.5,3.5
11:15:27,5385,2,bajada,0.007728,0.007730,0.007775,29.830000,3.5,3.5,3.5
11:15:27,5386,2,bajada,0.007727,0.007729,0.007774,29.830000,3.5,3.5,3.5
11:15:27,5387,2,bajada,0.007727,0.007729,0.007771,29.830000,3.5,3.5,3.5
11:15:27,5388,2,bajada,0.007728,0.007729,0.007771,29.830000,3.5,3.5,3.5
11:15:27,5389,2,bajada,0.007728,0.007729,0.007772,29.830000,3.5,3.5,3.5
11:15:27,5390,2,bajada,0.007729,0.007729,0.007773,29.830000,3.5,3.5,3.5
11:15:27,5391,2,bajada,0.007731,0.007729,0.007772,29.830000,3.5,3.5,3.5
11:15:27,5392,2,bajada,0.007730,0.007729,0.007770,29.830000,3.5,3.5,3.5
11:15:27,5393,2,bajada,0.007730,0.007729,0.007772,29.830000,3.5,3.499,3.5
11:15:27,5394,2,bajada,0.007730,0.007729,0.007772,29.830000,3.5,3.5,3.5
11:15:27,5395,2,bajada,0.007731,0.007729,0.007769,29.830000,3.5,3.499,3.5
11:15:27,5396,2,bajada,0.007730,0.007730,0.007769,29.830000,3.5,3.499,3.5
11:15:27,5397,2,bajada,0.007730,0.007730,0.007770,29.830000,3.5,3.5,3.5
11:15:27,5398,2,bajada,0.007729,0.007730,0.007768,29.830000,3.5,3.499,3.5
11:15:27,5399,2,bajada,0.007729,0.007730,0.007769,29.830000,3.5,3.5,3.5
11:15:27,5400,2,bajada,0.007729,0.007730,0.007770,29.830000,3.5,3.499,3.5
11:15:27,5401,2,bajada,0.007729,0.007729,0.007770,29.840000,3.5,3.499,3.5
11:15:27,5402,2,bajada,0.007727,0.007729,0.007769,29.840000,3.5,3.5,3.5
11:15:27,5403,2,bajada,0.007726,0.007729,0.007769,29.830000,3.5,3.499,3.5
11:15:27,5404,2,bajada,0.007724,0.007728,0.007769,29.830000,3.5,3.499,3.5
11:15:27,5405,2,bajada,0.007724,0.007728,0.007768,29.830000,3.5,3.499,3.5
11:15:28,5406,2,bajada,0.007723,0.007728,0.007769,29.830000,3.5,3.499,3.5
11:15:28,5407,2,bajada,0.007722,0.007727,0.007770,29.830000,3.5,3.499,3.5
11:15:28,5408,2,bajada,0.007723,0.007727,0.007769,29.830000,3.5,3.499,3.5
11:15:28,5409,2,bajada,0.007723,0.007726,0.007770,29.830000,3.499,3.5,3.5
11:15:28,5410,2,bajada,0.007723,0.007726,0.007772,29.830000,3.5,3.499,3.5
11:15:28,5411,2,bajada,0.007723,0.007726,0.007771,29.830000,3.499,3.5,3.5
11:15:28,5412,2,bajada,0.007724,0.007726,0.007771,29.830000,3.5,3.499,3.5
11:15:28,5413,2,bajada,0.007723,0.007725,0.007770,29.830000,3.5,3.499,3.5
11:15:28,5414,2,bajada,0.007722,0.007725,0.007770,29.830000,3.5,3.499,3.5
11:15:28,5415,2,bajada,0.007722,0.007725,0.007772,29.830000,3.5,3.499,3.5
11:15:28,5416,2,bajada,0.007721,0.007724,0.007773,29.830000,3.5,3.499,3.5
11:15:28,5417,2,bajada,0.007720,0.007724,0.007776,29.830000,3.5,3.499,3.5
11:15:28,5418,2,bajada,0.007720,0.007724,0.007775,29.830000,3.5,3.498,3.5
11:15:28,5419,2,bajada,0.007720,0.007723,0.007774,29.830000,3.5,3.499,3.5
11:15:28,5420,2,bajada,0.007720,0.007723,0.007774,29.830000,3.5,3.499,3.5
11:15:28,5421,2,bajada,0.007719,0.007723,0.007770,29.830000,3.5,3.498,3.5
11:15:28,5422,2,bajada,0.007719,0.007722,0.007773,29.830000,3.5,3.499,3.5
11:15:28,5423,2,bajada,0.007718,0.007722,0.007773,29.840000,3.5,3.499,3.5
11:15:28,5424,2,bajada,0.007718,0.007721,0.007773,29.840000,3.5,3.499,3.5
11:15:28,5425,2,bajada,0.007717,0.007721,0.007772,29.830000,3.5,3.499,3.5
11:15:28,5426,2,bajada,0.007718,0.007721,0.007773,29.830000,3.5,3.499,3.5
11:15:28,5427,2,bajada,0.007719,0.007721,0.007774,29.830000,3.5,3.499,3.5
11:15:29,5428,2,bajada,0.007719,0.007720,0.007773,29.830000,3.5,3.499,3.5
11:15:29,5429,2,bajada,0.007719,0.007720,0.007775,29.840000,3.499,3.5,3.5
11:15:29,5430,2,bajada,0.007717,0.007720,0.007775,29.840000,3.5,3.499,3.5
11:15:29,5431,2,bajada,0.007717,0.007720,0.007773,29.830000,3.5,3.499,3.5
11:15:29,5432,2,bajada,0.007717,0.007719,0.007775,29.830000,3.5,3.499,3.5
11:15:29,5433,2,bajada,0.007717,0.007719,0.007773,29.830000,3.5,3.499,3.5
11:15:29,5434,2,bajada,0.007718,0.007719,0.007771,29.830000,3.5,3.499,3.5
11:15:29,5435,2,bajada,0.007719,0.007719,0.007769,29.840000,3.5,3.499,3.5
11:15:29,5436,2,bajada,0.007720,0.007719,0.007770,29.840000,3.5,3.499,3.5
11:15:29,5437,2,bajada,0.007719,0.007719,0.007772,29.830000,3.5,3.499,3.5
11:15:29,5438,2,bajada,0.007719,0.007719,0.007772,29.830000,3.5,3.499,3.5
11:15:29,5439,2,bajada,0.007719,0.007719,0.007771,29.830000,3.5,3.499,3.5
11:15:29,5440,2,bajada,0.007718,0.007719,0.007773,29.830000,3.5,3.5,3.5
11:15:29,5441,2,bajada,0.007718,0.007719,0.007774,29.830000,3.5,3.499,3.5
11:15:29,5442,2,bajada,0.007718,0.007719,0.007770,29.830000,3.5,3.499,3.5
11:15:29,5443,2,bajada,0.007718,0.007719,0.007767,29.830000,3.5,3.499,3.5
11:15:29,5444,2,bajada,0.007720,0.007719,0.007767,29.830000,3.5,3.5,3.5
11:15:29,5445,2,bajada,0.007721,0.007719,0.007771,29.830000,3.5,3.5,3.5
11:15:29,5446,2,bajada,0.007720,0.007719,0.007773,29.830000,3.5,3.5,3.5
11:15:29,5447,2,bajada,0.007718,0.007719,0.007773,29.840000,3.5,3.5,3.5
11:15:29,5448,2,bajada,0.007718,0.007719,0.007770,29.840000,3.5,3.5,3.5
11:15:29,5449,2,bajada,0.007718,0.007719,0.007771,29.830000,3.5,3.5,3.5
11:15:29,5450,2,bajada,0.007718,0.007719,0.007770,29.830000,3.5,3.5,3.5
11:15:29,5451,2,bajada,0.007718,0.007719,0.007771,29.830000,3.5,3.5,3.5
11:15:29,5452,2,bajada,0.007719,0.007719,0.007770,29.830000,3.5,3.5,3.5
11:15:29,5453,2,bajada,0.007719,0.007719,0.007771,29.830000,3.5,3.5,3.5
11:15:30,5454,2,bajada,0.007717,0.007719,0.007773,29.830000,3.5,3.501,3.5
11:15:30,5455,2,bajada,0.007716,0.007718,0.007773,29.830000,3.5,3.5,3.5
11:15:30,5456,2,bajada,0.007716,0.007718,0.007774,29.830000,3.5,3.5,3.5
11:15:30,5457,2,bajada,0.007718,0.007718,0.007773,29.830000,3.5,3.5,3.5
11:15:30,5458,2,bajada,0.007718,0.007718,0.007774,29.830000,3.5,3.5,3.5
11:15:30,5459,2,bajada,-0.007147,-0.007146,-0.007151,29.840000,0.002,0.0,0.0
11:15:52,5460,2,bajada,-0.007147,-0.007147,-0.007149,29.840000,0.001,0.0,0.0
11:15:53,5461,2,bajada,-0.007148,-0.007147,-0.007150,29.840000,0.0,0.001,0.0
11:15:53,5462,2,bajada,-0.007148,-0.007147,-0.007151,29.840000,0.0,0.001,0.0
11:15:53,5463,2,bajada,-0.007148,-0.007147,-0.007153,29.840000,0.0,0.001,0.0
11:15:53,5464,2,bajada,-0.007148,-0.007147,-0.007150,29.840000,0.0,0.001,0.0
11:15:53,5465,2,bajada,-0.007148,-0.007147,-0.007152,29.840000,0.0,0.001,0.0
11:15:53,5466,2,bajada,-0.007148,-0.007147,-0.007151,29.840000,0.001,0.0,0.0
11:15:53,5467,2,bajada,-0.007148,-0.007147,-0.007151,29.840000,0.0,0.001,0.0
11:15:53,5468,2,bajada,-0.007146,-0.007147,-0.007152,29.840000,0.001,0.0,0.0
11:15:53,5469,2,bajada,-0.007146,-0.007147,-0.007152,29.840000,0.0,0.001,0.0
11:15:53,5470,2,bajada,-0.007148,-0.007147,-0.007153,29.840000,0.0,0.001,0.0
11:15:53,5471,2,bajada,-0.007149,-0.007147,-0.007154,29.840000,0.0,0.001,0.0
11:15:53,5472,2,bajada,-0.007149,-0.007147,-0.007157,29.840000,0.0,0.001,0.0
11:15:53,5473,2,bajada,-0.007148,-0.007147,-0.007156,29.840000,0.0,0.001,0.0
11:15:53,5474,2,bajada,-0.007147,-0.007147,-0.007156,29.840000,0.0,0.001,0.0
11:15:53,5475,2,bajada,-0.007146,-0.007147,-0.007155,29.840000,0.0,0.001,0.0
11:15:53,5476,2,bajada,-0.007145,-0.007147,-0.007155,29.840000,0.0,0.001,0.0
11:15:53,5477,2,bajada,-0.007144,-0.007147,-0.007156,29.840000,0.0,0.001,0.0
11:15:53,5478,2,bajada,-0.007145,-0.007147,-0.007157,29.840000,0.0,0.001,0.0
11:15:54,5479,2,bajada,-0.007146,-0.007147,-0.007157,29.840000,0.0,0.001,0.0
11:15:54,5480,2,bajada,-0.007145,-0.007146,-0.007157,29.840000,0.001,0.0,0.0
11:15:54,5481,2,bajada,-0.007144,-0.007146,-0.007156,29.840000,0.0,0.001,0.0
11:15:54,5482,2,bajada,-0.007143,-0.007146,-0.007156,29.840000,0.0,0.001,0.0
11:15:54,5483,2,bajada,-0.007145,-0.007146,-0.007154,29.840000,0.0,0.001,0.0
11:15:54,5484,2,bajada,-0.007145,-0.007146,-0.007156,29.840000,0.0,0.001,0.0
11:15:54,5485,2,bajada,-0.007145,-0.007146,-0.007155,29.840000,0.0,0.001,0.0
11:15:54,5486,2,bajada,-0.007146,-0.007146,-0.007156,29.840000,0.001,0.0,0.0
11:15:54,5487,2,bajada,-0.007146,-0.007146,-0.007156,29.840000,0.0,0.001,0.0
11:15:54,5488,2,bajada,-0.007146,-0.007146,-0.007152,29.840000,0.0,0.001,0.0
11:15:54,5489,2,bajada,-0.007146,-0.007146,-0.007154,29.840000,0.0,0.001,0.0
11:15:54,5490,2,bajada,-0.007147,-0.007146,-0.007156,29.840000,0.0,0.001,0.0
11:15:54,5491,2,bajada,-0.007148,-0.007146,-0.007157,29.840000,0.0,0.001,0.0
11:15:54,5492,2,bajada,-0.007150,-0.007146,-0.007158,29.840000,0.0,0.001,0.0
11:15:54,5493,2,bajada,-0.007151,-0.007147,-0.007158,29.840000,0.0,0.001,0.0
11:15:54,5494,2,bajada,-0.007151,-0.007147,-0.007157,29.840000,0.001,0.0,0.0
11:15:54,5495,2,bajada,-0.007150,-0.007148,-0.007157,29.840000,0.0,0.002,0.0
11:15:54,5496,2,bajada,-0.007150,-0.007148,-0.007157,29.840000,0.0,0.001,0.0
11:15:54,5497,2,bajada,-0.007148,-0.007148,-0.007157,29.840000,0.0,0.001,0.0
11:15:54,5498,2,bajada,-0.007147,-0.007148,-0.007157,29.840000,0.0,0.001,0.0
11:15:54,5499,2,bajada,-0.007148,-0.007148,-0.007158,29.840000,0.0,0.001,0.0
11:15:54,5500,2,bajada,-0.007149,-0.007148,-0.007157,29.840000,0.0,0.001,0.0
11:15:54,5501,2,bajada,-0.007148,-0.007148,-0.007158,29.840000,0.0,0.001,0.0
11:15:54,5502,2,bajada,-0.007147,-0.007148,-0.007156,29.840000,0.0,0.001,0.0
11:15:55,5503,2,bajada,-0.007149,-0.007148,-0.007156,29.830000,0.0,0.001,0.0
11:15:55,5504,2,bajada,-0.007150,-0.007148,-0.007157,29.830000,0.0,0.001,0.0
11:15:55,5505,2,bajada,-0.007149,-0.007148,-0.007155,29.840000,0.0,0.001,0.0
11:15:55,5506,2,bajada,-0.007149,-0.007148,-0.007156,29.840000,0.0,0.001,0.0
11:15:55,5507,2,bajada,-0.007149,-0.007148,-0.007159,29.840000,0.0,0.001,0.0
11:15:55,5508,2,bajada,-0.007149,-0.007148,-0.007159,29.840000,0.002,0.0,0.0
11:15:55,5509,2,bajada,-0.007148,-0.007148,-0.007159,29.840000,0.0,0.001,0.0
11:15:55,5510,2,bajada,-0.007148,-0.007148,-0.007160,29.840000,0.0,0.001,0.0
11:15:55,5511,2,bajada,-0.007148,-0.007148,-0.007158,29.840000,0.001,0.0,0.0
11:15:55,5512,2,bajada,-0.007148,-0.007148,-0.007157,29.840000,0.0,0.001,0.0
11:15:55,5513,2,bajada,-0.007148,-0.007148,-0.007159,29.840000,0.0,0.001,0.0
11:15:55,5514,2,bajada,-0.007148,-0.007148,-0.007159,29.840000,0.001,0.0,0.0
11:15:55,5515,2,bajada,-0.007148,-0.007148,-0.007162,29.840000,0.0,0.001,0.0
11:15:55,5516,2,bajada,-0.007148,-0.007148,-0.007159,29.840000,0.0,0.001,0.0
11:15:55,5517,2,bajada,-0.007149,-0.007148,-0.007159,29.830000,0.0,0.001,0.0
11:15:55,5518,2,bajada,-0.007149,-0.007148,-0.007158,29.830000,0.0,0.001,0.0
11:15:55,5519,2,bajada,-0.007149,-0.007149,-0.007154,29.840000,0.0,0.001,0.0
11:15:55,5520,2,bajada,-0.007149,-0.007149,-0.007156,29.840000,0.0,0.001,0.0
11:15:55,5521,2,bajada,-0.007150,-0.007149,-0.007154,29.840000,0.0,0.001,0.0
11:15:55,5522,2,bajada,-0.007152,-0.007149,-0.007156,29.840000,0.0,0.002,0.0
11:15:55,5523,2,bajada,-0.007152,-0.007149,-0.007154,29.840000,0.0,0.001,0.0
11:15:55,5524,2,bajada,-0.007152,-0.007150,-0.007154,29.840000,0.0,0.001,0.0
11:15:55,5525,2,bajada,-0.007153,-0.007150,-0.007152,29.840000,0.0,0.002,0.0
11:15:55,5526,2,bajada,-0.007153,-0.007150,-0.007152,29.840000,0.0,0.001,0.0
11:15:55,5527,2,bajada,-0.007153,-0.007150,-0.007151,29.840000,0.0,0.002,0.0
11:15:56,5528,2,bajada,-0.007153,-0.007151,-0.007153,29.840000,0.0,0.001,0.0
11:15:56,5529,2,bajada,-0.007154,-0.007151,-0.007153,29.840000,0.0,0.001,0.0
11:15:56,5530,2,bajada,-0.007153,-0.007151,-0.007152,29.840000,0.0,0.001,0.0
11:15:56,5531,2,bajada,-0.007152,-0.007151,-0.007152,29.840000,0.0,0.001,0.0
11:15:56,5532,2,bajada,-0.007152,-0.007151,-0.007152,29.840000,0.0,0.001,0.0
11:15:56,5533,2,bajada,-0.007152,-0.007151,-0.007149,29.840000,0.0,0.001,0.0
11:15:56,5534,2,bajada,-0.007152,-0.007151,-0.007149,29.840000,0.0,0.001,0.0
11:15:56,5535,2,bajada,-0.007151,-0.007151,-0.007147,29.840000,0.001,0.0,0.0
11:15:56,5536,2,bajada,-0.007150,-0.007151,-0.007150,29.840000,0.0,0.001,0.0
11:15:56,5537,2,bajada,-0.007150,-0.007151,-0.007149,29.840000,0.0,0.001,0.0
11:15:56,5538,2,bajada,-0.007151,-0.007151,-0.007149,29.840000,0.001,0.0,0.0
11:15:56,5539,2,bajada,-0.007152,-0.007151,-0.007151,29.840000,0.0,0.001,0.0
11:15:56,5540,2,bajada,-0.007152,-0.007151,-0.007151,29.840000,0.0,0.001,0.0
11:15:56,5541,2,bajada,-0.007151,-0.007151,-0.007153,29.840000,0.0,0.001,0.0
11:15:56,5542,2,bajada,-0.007151,-0.007151,-0.007153,29.840000,0.0,0.001,0.0
11:15:56,5543,2,bajada,-0.007152,-0.007151,-0.007152,29.840000,0.0,0.001,0.0
11:15:56,5544,2,bajada,-0.007152,-0.007151,-0.007153,29.840000,0.0,0.001,0.0
11:15:56,5545,2,bajada,-0.007152,-0.007151,-0.007152,29.840000,0.001,0.0,0.0
11:15:56,5546,2,bajada,-0.007152,-0.007151,-0.007152,29.840000,0.0,0.001,0.0
11:15:56,5547,2,bajada,-0.007151,-0.007151,-0.007151,29.840000,0.0,0.001,0.0
11:15:56,5548,2,bajada,-0.007151,-0.007151,-0.007151,29.840000,0.001,0.0,0.0
11:15:56,5549,2,bajada,-0.007151,-0.007151,-0.007152,29.840000,0.0,0.001,0.0
11:15:56,5550,2,bajada,-0.007151,-0.007151,-0.007149,29.840000,0.0,0.001,0.0
11:15:56,5551,2,bajada,-0.007150,-0.007151,-0.007149,29.840000,0.0,0.001,0.0
11:15:56,5552,2,bajada,-0.007150,-0.007151,-0.007153,29.840000,0.0,0.001,0.0
11:15:56,5553,2,bajada,-0.007149,-0.007151,-0.007154,29.840000,0.002,0.0,0.0
11:15:57,5554,2,bajada,-0.007148,-0.007151,-0.007155,29.840000,0.0,0.001,0.0
11:15:57,5555,2,bajada,-0.007149,-0.007150,-0.007155,29.840000,0.001,0.0,0.0
11:15:57,5556,2,bajada,-0.007148,-0.007150,-0.007156,29.840000,0.0,0.001,0.0
11:15:57,5557,2,bajada,-0.007147,-0.007150,-0.007155,29.840000,0.0,0.001,0.0
11:15:57,5558,2,bajada,-0.007147,-0.007150,-0.007152,29.840000,0.0,0.001,0.0
11:15:57,5559,2,bajada,-0.007146,-0.007149,-0.007152,29.840000,0.0,0.001,0.0
11:15:57,5560,2,bajada,-0.007147,-0.007149,-0.007152,29.840000,0.0,0.001,0.0
11:15:57,5561,2,bajada,-0.007148,-0.007149,-0.007155,29.840000,0.0,0.001,0.0
11:15:57,5562,2,bajada,-0.007148,-0.007149,-0.007154,29.840000,0.0,0.001,0.0
11:15:57,5563,2,bajada,-0.007148,-0.007149,-0.007155,29.840000,0.0,0.001,0.0
11:15:57,5564,2,bajada,-0.007147,-0.007149,-0.007155,29.840000,0.0,0.001,0.0
11:15:57,5565,2,bajada,-0.007147,-0.007148,-0.007154,29.840000,0.0,0.001,0.0
11:15:57,5566,2,bajada,-0.007148,-0.007148,-0.007155,29.840000,0.0,0.001,0.0
11:15:57,5567,2,bajada,-0.007148,-0.007148,-0.007155,29.840000,0.0,0.001,0.0
11:15:57,5568,2,bajada,-0.007148,-0.007148,-0.007155,29.840000,0.0,0.001,0.0
11:15:57,5569,2,bajada,-0.007149,-0.007148,-0.007154,29.830000,0.0,0.001,0.0
11:15:57,5570,2,bajada,-0.007149,-0.007148,-0.007156,29.830000,0.0,0.001,0.0
11:15:57,5571,2,bajada,-0.007149,-0.007148,-0.007156,29.840000,0.0,0.001,0.0
11:15:57,5572,2,bajada,-0.007150,-0.007149,-0.007156,29.840000,0.001,0.0,0.0
11:15:57,5573,2,bajada,-0.007150,-0.007149,-0.007155,29.840000,0.0,0.001,0.0
11:15:57,5574,2,bajada,-0.007151,-0.007149,-0.007157,29.840000,0.0,0.001,0.0
11:15:57,5575,2,bajada,-0.007152,-0.007149,-0.007157,29.840000,0.0,0.001,0.0
11:15:57,5576,2,bajada,-0.007153,-0.007150,-0.007156,29.840000,0.0,0.001,0.0
11:15:57,5577,2,bajada,-0.007153,-0.007150,-0.007155,29.840000,0.0,0.001,0.0
11:15:57,5578,2,bajada,-0.007154,-0.007150,-0.007153,29.840000,0.001,0.0,0.0
11:15:58,5579,2,bajada,-0.007153,-0.007151,-0.007153,29.840000,0.0,0.001,0.0
11:15:58,5580,2,bajada,-0.007152,-0.007151,-0.007155,29.840000,0.0,0.001,0.0
11:15:58,5581,2,bajada,-0.007152,-0.007151,-0.007154,29.840000,0.0,0.002,0.0
11:15:58,5582,2,bajada,-0.007153,-0.007151,-0.007154,29.840000,0.0,0.001,0.0
11:15:58,5583,2,bajada,-0.007154,-0.007151,-0.007155,29.840000,0.0,0.001,0.0
11:15:58,5584,2,bajada,-0.007155,-0.007152,-0.007156,29.840000,0.0,0.001,0.0
11:15:58,5585,2,bajada,-0.007154,-0.007152,-0.007153,29.840000,0.0,0.002,0.0
11:15:58,5586,2,bajada,-0.007154,-0.007152,-0.007153,29.840000,0.0,0.001,0.0
11:15:58,5587,2,bajada,-0.007154,-0.007152,-0.007153,29.840000,0.0,0.001,0.0
11:15:58,5588,2,bajada,-0.007153,-0.007152,-0.007153,29.840000,0.0,0.001,0.0
11:15:58,5589,2,bajada,-0.007152,-0.007152,-0.007152,29.840000,0.0,0.001,0.0
11:15:58,5590,2,bajada,-0.007151,-0.007152,-0.007154,29.840000,0.0,0.001,0.0
11:15:58,5591,2,bajada,-0.007150,-0.007152,-0.007152,29.840000,0.0,0.001,0.0
11:15:58,5592,2,bajada,-0.007150,-0.007152,-0.007149,29.840000,0.0,0.001,0.0
11:15:58,5593,2,bajada,-0.007151,-0.007152,-0.007150,29.840000,0.0,0.001,0.0
11:15:58,5594,2,bajada,-0.007152,-0.007152,-0.007153,29.840000,0.0,0.001,0.0
11:15:58,5595,2,bajada,-0.007152,-0.007152,-0.007153,29.840000,0.0,0.001,0.0
11:15:58,5596,2,bajada,-0.007153,-0.007152,-0.007154,29.840000,0.0,0.001,0.0
11:15:58,5597,2,bajada,-0.007154,-0.007152,-0.007154,29.840000,0.0,0.001,0.0
11:15:58,5598,2,bajada,-0.007154,-0.007152,-0.007153,29.840000,0.0,0.001,0.0
11:15:58,5599,2,bajada,-0.007154,-0.007152,-0.007153,29.830000,0.0,0.001,0.0
11:15:59,5600,2,bajada,-0.007154,-0.007153,-0.007151,29.830000,0.0,0.001,0.0
11:15:59,5601,2,bajada,-0.007153,-0.007153,-0.007152,29.840000,0.0,0.002,0.0
11:15:59,5602,2,bajada,-0.007154,-0.007153,-0.007153,29.840000,0.0,0.001,0.0
11:15:59,5603,2,bajada,-0.007154,-0.007153,-0.007150,29.840000,0.0,0.001,0.0
11:15:59,5604,2,bajada,-0.007153,-0.007153,-0.007150,29.840000,0.001,0.0,0.0
11:15:59,5605,2,bajada,-0.007153,-0.007153,-0.007151,29.840000,0.0,0.001,0.0
11:15:59,5606,2,bajada,-0.007154,-0.007153,-0.007151,29.840000,0.0,0.001,0.0
11:15:59,5607,2,bajada,-0.007155,-0.007153,-0.007151,29.840000,0.0,0.001,0.0
11:15:59,5608,2,bajada,-0.007154,-0.007153,-0.007151,29.840000,0.0,0.001,0.0
11:15:59,5609,2,bajada,-0.007154,-0.007153,-0.007151,29.840000,0.0,0.001,0.0
11:15:59,5610,2,bajada,-0.007154,-0.007153,-0.007152,29.840000,0.0,0.001,0.0
11:15:59,5611,2,bajada,-0.007153,-0.007153,-0.007151,29.830000,0.0,0.001,0.0
11:15:59,5612,2,bajada,-0.007154,-0.007153,-0.007150,29.830000,0.0,0.001,0.0
11:15:59,5613,2,bajada,-0.007154,-0.007153,-0.007151,29.840000,0.0,0.001,0.0
11:15:59,5614,2,bajada,-0.007153,-0.007153,-0.007152,29.840000,0.0,0.001,0.0
11:15:59,5615,2,bajada,-0.007153,-0.007153,-0.007151,29.840000,0.0,0.001,0.0
11:16:00,5616,2,bajada,-0.007154,-0.007153,-0.007152,29.840000,0.0,0.001,0.0
11:16:00,5617,2,bajada,-0.007154,-0.007154,-0.007152,29.840000,0.0,0.001,0.0
11:16:00,5618,2,bajada,-0.007155,-0.007154,-0.007152,29.840000,0.0,0.001,0.0
11:16:00,5619,2,bajada,-0.007156,-0.007154,-0.007151,29.840000,0.0,0.001,0.0
11:16:00,5620,2,bajada,-0.007156,-0.007154,-0.007152,29.840000,0.0,0.001,0.0
11:16:00,5621,2,bajada,-0.007155,-0.007154,-0.007151,29.840000,0.0,0.001,0.0
11:16:00,5622,2,bajada,-0.007153,-0.007154,-0.007152,29.840000,0.001,0.0,0.0
11:16:00,5623,2,bajada,-0.007153,-0.007154,-0.007152,29.840000,0.0,0.001,0.0
11:16:00,5624,2,bajada,-0.007154,-0.007154,-0.007151,29.840000,0.0,0.001,0.0
11:16:00,5625,2,bajada,-0.007153,-0.007154,-0.007153,29.840000,0.001,0.0,0.0
11:16:00,5626,2,bajada,-0.007153,-0.007154,-0.007153,29.840000,0.0,0.001,0.0
11:16:00,5627,2,bajada,-0.007155,-0.007154,-0.007154,29.840000,0.0,0.0,0.0
11:16:00,5628,2,bajada,-0.007156,-0.007154,-0.007152,29.840000,0.0,0.001,0.0
11:16:00,5629,2,bajada,-0.007155,-0.007154,-0.007153,29.840000,0.0,0.001,0.0
11:16:00,5630,2,bajada,-0.007155,-0.007154,-0.007151,29.840000,0.0,0.002,0.0
11:16:00,5631,2,bajada,-0.007154,-0.007154,-0.007152,29.840000,0.0,0.001,0.0
11:16:00,5632,2,bajada,-0.007154,-0.007154,-0.007152,29.840000,0.0,0.001,0.0
11:16:00,5633,2,bajada,-0.007153,-0.007154,-0.007154,29.840000,0.0,0.001,0.0
11:16:00,5634,2,bajada,-0.007153,-0.007154,-0.007152,29.830000,0.0,0.001,0.0
11:16:01,5635,2,bajada,-0.007153,-0.007154,-0.007151,29.830000,0.0,0.001,0.0
11:16:01,5636,2,bajada,-0.007154,-0.007154,-0.007150,29.840000,0.0,0.001,0.0
11:16:01,5637,2,bajada,-0.007155,-0.007154,-0.007152,29.840000,0.001,0.0,0.0
11:16:01,5638,2,bajada,-0.007154,-0.007154,-0.007151,29.840000,0.0,0.001,0.0
11:16:01,5639,2,bajada,-0.007154,-0.007154,-0.007154,29.840000,0.0,0.001,0.0
11:16:01,5640,2,bajada,-0.007153,-0.007154,-0.007153,29.830000,0.001,0.0,0.0
11:16:01,5641,2,bajada,-0.007153,-0.007154,-0.007154,29.830000,0.0,0.001,0.0
11:16:01,5642,2,bajada,-0.007153,-0.007154,-0.007157,29.830000,0.0,0.001,0.0
11:16:01,5643,2,bajada,-0.007153,-0.007154,-0.007156,29.830000,0.0,0.001,0.0
11:16:01,5644,2,bajada,-0.007154,-0.007154,-0.007157,29.840000,0.0,0.001,0.0
11:16:01,5645,2,bajada,-0.007155,-0.007154,-0.007157,29.840000,0.0,0.001,0.0
11:16:01,5646,2,bajada,-0.007155,-0.007154,-0.007157,29.840000,0.0,0.001,0.0
11:16:01,5647,2,bajada,-0.007156,-0.007154,-0.007154,29.840000,0.001,0.0,0.0
11:16:01,5648,2,bajada,-0.007157,-0.007155,-0.007157,29.840000,0.0,0.001,0.0
11:16:01,5649,2,bajada,-0.007158,-0.007155,-0.007157,29.840000,0.0,0.0,0.0
11:16:01,5650,2,bajada,-0.007158,-0.007155,-0.007155,29.840000,0.0,0.001,0.0
11:16:01,5651,2,bajada,-0.007157,-0.007155,-0.007155,29.840000,0.0,0.001,0.0
11:16:01,5652,2,bajada,-0.007158,-0.007156,-0.007156,29.830000,0.0,0.001,0.0
11:16:01,5653,2,bajada,-0.007159,-0.007156,-0.007156,29.830000,0.0,0.001,0.0
11:16:01,5654,2,bajada,-0.007159,-0.007156,-0.007156,29.840000,0.0,0.001,0.0
11:16:01,5655,2,bajada,-0.007158,-0.007156,-0.007154,29.840000,0.0,0.001,0.0
11:16:01,5656,2,bajada,-0.007158,-0.007157,-0.007152,29.840000,0.0,0.001,0.0
11:16:02,5657,2,bajada,-0.007158,-0.007157,-0.007153,29.840000,0.0,0.001,0.0
11:16:02,5658,2,bajada,-0.007157,-0.007157,-0.007154,29.840000,0.0,0.001,0.0
11:16:02,5659,2,bajada,-0.007157,-0.007157,-0.007155,29.840000,0.0,0.001,0.0
11:16:02,5660,2,bajada,-0.007157,-0.007157,-0.007156,29.840000,0.0,0.001,0.0
11:16:02,5661,2,bajada,-0.007157,-0.007157,-0.007156,29.840000,0.0,0.001,0.0
11:16:02,5662,2,bajada,-0.007156,-0.007157,-0.007157,29.830000,0.0,0.001,0.0
11:16:02,5663,2,bajada,-0.007156,-0.007157,-0.007156,29.830000,0.0,0.001,0.0
11:16:02,5664,2,bajada,-0.007158,-0.007157,-0.007156,29.840000,0.0,0.001,0.0
11:16:02,5665,2,bajada,-0.007159,-0.007157,-0.007154,29.840000,0.0,0.001,0.0
11:16:02,5666,2,bajada,-0.007159,-0.007157,-0.007154,29.840000,0.0,0.001,0.0
11:16:02,5667,2,bajada,-0.007159,-0.007157,-0.007154,29.840000,0.0,0.001,0.0
11:16:02,5668,2,bajada,-0.007159,-0.007158,-0.007155,29.840000,0.0,0.001,0.0
11:16:02,5669,2,bajada,-0.007160,-0.007158,-0.007156,29.840000,0.0,0.001,0.0
11:16:02,5670,2,bajada,-0.007160,-0.007158,-0.007154,29.830000,0.0,0.001,0.0
11:16:02,5671,2,bajada,-0.007160,-0.007158,-0.007154,29.830000,0.0,0.001,0.0
11:16:02,5672,2,bajada,-0.007159,-0.007158,-0.007155,29.840000,0.0,0.001,0.0
11:16:02,5673,2,bajada,-0.007159,-0.007158,-0.007154,29.840000,0.0,0.001,0.0
11:16:02,5674,2,bajada,-0.007159,-0.007158,-0.007155,29.840000,0.0,0.001,0.0
11:16:02,5675,2,bajada,-0.007159,-0.007158,-0.007156,29.840000,0.0,0.001,0.0
11:16:02,5676,2,bajada,-0.007159,-0.007158,-0.007154,29.830000,0.0,0.001,0.0
11:16:02,5677,2,bajada,-0.007159,-0.007158,-0.007154,29.830000,0.0,0.001,0.0
11:16:02,5678,2,bajada,-0.007160,-0.007159,-0.007154,29.840000,0.0,0.001,0.0
11:16:03,5679,2,bajada,-0.007161,-0.007159,-0.007155,29.840000,0.0,0.001,0.0
11:16:03,5680,2,bajada,-0.007161,-0.007159,-0.007156,29.840000,0.0,0.001,0.0
11:16:03,5681,2,bajada,-0.007160,-0.007159,-0.007157,29.840000,0.0,0.001,0.0
11:16:03,5682,2,bajada,-0.007161,-0.007159,-0.007156,29.840000,0.0,0.001,0.0
11:16:03,5683,2,bajada,-0.007162,-0.007159,-0.007156,29.840000,0.0,0.001,0.0
11:16:03,5684,2,bajada,-0.007161,-0.007160,-0.007155,29.840000,0.0,0.001,0.0
11:16:03,5685,2,bajada,-0.007160,-0.007160,-0.007156,29.840000,0.0,0.001,0.0
11:16:03,5686,2,bajada,-0.007160,-0.007160,-0.007157,29.840000,0.0,0.001,0.0
11:16:03,5687,2,bajada,-0.007158,-0.007159,-0.007157,29.840000,0.0,0.001,0.0
11:16:03,5688,2,bajada,-0.007157,-0.007159,-0.007156,29.840000,0.001,0.0,0.0
11:16:03,5689,2,bajada,-0.007156,-0.007159,-0.007157,29.840000,0.0,0.001,0.0
11:16:03,5690,2,bajada,-0.007156,-0.007159,-0.007155,29.840000,0.0,0.001,0.0
11:16:03,5691,2,bajada,-0.007157,-0.007159,-0.007154,29.840000,0.0,0.001,0.0
11:16:03,5692,2,bajada,-0.007155,-0.007158,-0.007154,29.840000,0.0,0.001,0.0
11:16:03,5693,2,bajada,-0.007154,-0.007158,-0.007157,29.840000,0.0,0.001,0.0
11:16:03,5694,2,bajada,-0.007154,-0.007157,-0.007160,29.830000,0.0,0.001,0.0
11:16:03,5695,2,bajada,-0.007155,-0.007157,-0.007158,29.830000,0.0,0.001,0.0
11:16:03,5696,2,bajada,-0.007154,-0.007157,-0.007155,29.840000,0.0,0.001,0.0
11:16:03,5697,2,bajada,-0.007154,-0.007157,-0.007156,29.840000,0.0,0.001,0.0
11:16:03,5698,2,bajada,-0.007153,-0.007156,-0.007156,29.840000,0.0,0.001,0.0
11:16:03,5699,2,bajada,-0.007151,-0.007156,-0.007156,29.840000,0.001,0.0,0.0
11:16:04,5700,2,bajada,-0.007151,-0.007155,-0.007156,29.840000,0.0,0.001,0.0
11:16:04,5701,2,bajada,-0.007151,-0.007155,-0.007154,29.840000,0.0,0.001,0.0
11:16:04,5702,2,bajada,-0.007152,-0.007155,-0.007154,29.840000,0.0,0.001,0.0
11:16:04,5703,2,bajada,-0.007153,-0.007155,-0.007154,29.840000,0.0,0.001,0.0
11:16:04,5704,2,bajada,-0.007154,-0.007154,-0.007153,29.840000,0.0,0.001,0.0
11:16:04,5705,2,bajada,-0.007155,-0.007155,-0.007154,29.840000,0.0,0.001,0.0
11:16:04,5706,2,bajada,-0.007155,-0.007155,-0.007153,29.840000,0.0,0.001,0.0
11:16:04,5707,2,bajada,-0.007154,-0.007155,-0.007151,29.840000,0.0,0.001,0.0
11:16:04,5708,2,bajada,-0.007153,-0.007154,-0.007151,29.830000,0.0,0.001,0.0
11:16:04,5709,2,bajada,-0.007153,-0.007154,-0.007150,29.830000,0.0,0.001,0.0
11:16:04,5710,2,bajada,-0.007153,-0.007154,-0.007152,29.840000,0.0,0.001,0.0
11:16:04,5711,2,bajada,-0.007152,-0.007154,-0.007150,29.840000,0.0,0.001,0.0
11:16:04,5712,2,bajada,-0.007152,-0.007154,-0.007151,29.840000,0.0,0.001,0.0
11:16:04,5713,2,bajada,-0.007153,-0.007154,-0.007151,29.840000,0.0,0.001,0.0
11:16:04,5714,2,bajada,-0.007155,-0.007154,-0.007150,29.840000,0.001,0.0,0.0
11:16:04,5715,2,bajada,-0.007156,-0.007154,-0.007150,29.840000,0.0,0.001,0.0
11:16:04,5716,2,bajada,-0.007157,-0.007154,-0.007150,29.840000,0.0,0.001,0.0
11:16:04,5717,2,bajada,-0.007156,-0.007155,-0.007155,29.840000,0.0,0.001,0.0
11:16:04,5718,2,bajada,-0.007155,-0.007155,-0.007152,29.840000,0.0,0.001,0.0
11:16:04,5719,2,bajada,-0.007155,-0.007155,-0.007153,29.840000,0.0,0.001,0.0
11:16:04,5720,2,bajada,-0.007155,-0.007155,-0.007154,29.840000,0.001,0.0,0.0
11:16:04,5721,2,bajada,-0.007156,-0.007155,-0.007153,29.840000,0.001,0.0,0.0
11:16:05,5722,2,bajada,-0.007157,-0.007155,-0.007153,29.840000,0.0,0.001,0.0
11:16:05,5723,2,bajada,-0.007158,-0.007155,-0.007152,29.840000,0.0,0.001,0.0
11:16:05,5724,2,bajada,-0.007158,-0.007155,-0.007152,29.840000,0.0,0.001,0.0
11:16:05,5725,2,bajada,-0.007157,-0.007156,-0.007153,29.840000,0.0,0.001,0.0
11:16:05,5726,2,bajada,-0.007156,-0.007156,-0.007155,29.840000,0.001,0.0,0.0
11:16:05,5727,2,bajada,-0.007156,-0.007156,-0.007157,29.840000,0.0,0.001,0.0
11:16:05,5728,2,bajada,-0.007158,-0.007156,-0.007157,29.840000,0.0,0.001,0.0
11:16:05,5729,2,bajada,-0.007158,-0.007156,-0.007158,29.840000,0.0,0.001,0.0
11:16:05,5730,2,bajada,-0.007158,-0.007156,-0.007157,29.840000,0.0,0.001,0.0
11:16:05,5731,2,bajada,-0.007158,-0.007157,-0.007157,29.840000,0.0,0.001,0.0
11:16:05,5732,2,bajada,-0.007158,-0.007157,-0.007159,29.840000,0.0,0.001,0.0
11:16:05,5733,2,bajada,-0.007157,-0.007157,-0.007156,29.840000,0.0,0.001,0.0
11:16:05,5734,2,bajada,-0.007156,-0.007157,-0.007153,29.840000,0.0,0.001,0.0
11:16:05,5735,2,bajada,-0.007157,-0.007157,-0.007154,29.840000,0.0,0.001,0.0
11:16:05,5736,2,bajada,-0.007156,-0.007157,-0.007153,29.830000,0.0,0.001,0.0
11:16:05,5737,2,bajada,-0.007156,-0.007157,-0.007154,29.830000,0.001,0.0,0.0
11:16:05,5738,2,bajada,-0.007156,-0.007157,-0.007156,29.840000,0.0,0.001,0.0
11:16:05,5739,2,bajada,-0.007156,-0.007157,-0.007157,29.840000,0.0,0.001,0.0
11:16:05,5740,2,bajada,-0.007156,-0.007156,-0.007155,29.840000,0.0,0.001,0.0
11:16:05,5741,2,bajada,-0.007156,-0.007156,-0.007153,29.840000,0.0,0.001,0.0
11:16:05,5742,2,bajada,-0.007156,-0.007156,-0.007152,29.840000,0.0,0.001,0.0
11:16:05,5743,2,bajada,-0.007154,-0.007156,-0.007153,29.840000,0.0,0.001,0.0
11:16:05,5744,2,bajada,-0.007154,-0.007156,-0.007154,29.840000,0.0,0.001,0.0
11:16:06,5745,2,bajada,-0.007154,-0.007156,-0.007156,29.840000,0.0,0.001,0.0
11:16:06,5746,2,bajada,-0.007153,-0.007156,-0.007154,29.840000,0.0,0.001,0.0
11:16:06,5747,2,bajada,-0.007153,-0.007155,-0.007154,29.840000,0.0,0.001,0.0
11:16:06,5748,2,bajada,-0.007155,-0.007155,-0.007152,29.830000,0.0,0.001,0.0
11:16:06,5749,2,bajada,-0.007155,-0.007155,-0.007150,29.830000,0.0,0.001,0.0
11:16:06,5750,2,bajada,-0.007155,-0.007155,-0.007149,29.840000,0.0,0.001,0.0
11:16:06,5751,2,bajada,-0.007155,-0.007155,-0.007147,29.840000,0.0,0.001,0.0
11:16:06,5752,2,bajada,-0.007156,-0.007155,-0.007149,29.830000,0.0,0.001,0.0
11:16:06,5753,2,bajada,-0.007156,-0.007155,-0.007153,29.830000,0.0,0.001,0.0
11:16:06,5754,2,bajada,-0.007155,-0.007155,-0.007152,29.840000,0.0,0.001,0.0
11:16:06,5755,2,bajada,-0.007154,-0.007155,-0.007151,29.840000,0.0,0.001,0.0
11:16:06,5756,2,bajada,-0.007154,-0.007155,-0.007149,29.840000,0.0,0.001,0.0
11:16:06,5757,2,bajada,-0.007154,-0.007155,-0.007148,29.840000,0.0,0.001,0.0
11:16:06,5758,2,bajada,-0.007154,-0.007155,-0.007149,29.840000,0.0,0.001,0.0
11:16:06,5759,2,bajada,-0.007153,-0.007155,-0.007153,29.840000,0.0,0.001,0.0
11:16:06,5760,2,bajada,-0.007153,-0.007155,-0.007152,29.840000,0.001,0.0,0.0
11:16:06,5761,2,bajada,-0.007153,-0.007154,-0.007152,29.840000,0.0,0.001,0.0
11:16:06,5762,2,bajada,-0.007152,-0.007154,-0.007155,29.840000,0.0,0.001,0.0
11:16:06,5763,2,bajada,-0.007152,-0.007154,-0.007154,29.830000,0.001,0.0,0.0
11:16:06,5764,2,bajada,-0.007153,-0.007154,-0.007152,29.830000,0.0,0.001,0.0
11:16:06,5765,2,bajada,-0.007153,-0.007154,-0.007154,29.840000,0.0,0.001,0.0
11:16:06,5766,2,bajada,-0.007153,-0.007154,-0.007155,29.840000,0.0,0.001,0.0
11:16:06,5767,2,bajada,-0.007153,-0.007154,-0.007154,29.830000,0.0,0.001,0.0
11:16:07,5768,2,bajada,-0.007152,-0.007154,-0.007153,29.830000,0.0,0.001,0.0
11:16:07,5769,2,bajada,-0.007152,-0.007153,-0.007154,29.830000,0.001,0.0,0.0
11:16:07,5770,2,bajada,-0.007153,-0.007153,-0.007154,29.830000,0.0,0.002,0.0
11:16:07,5771,2,bajada,-0.007153,-0.007153,-0.007152,29.830000,0.0,0.001,0.0
11:16:07,5772,2,bajada,-0.007154,-0.007153,-0.007153,29.830000,0.001,0.0,0.0
11:16:07,5773,2,bajada,-0.007155,-0.007154,-0.007154,29.840000,0.0,0.001,0.0
11:16:07,5774,2,bajada,-0.007154,-0.007154,-0.007155,29.840000,0.0,0.001,0.0
11:16:07,5775,2,bajada,-0.007153,-0.007154,-0.007153,29.840000,0.0,0.001,0.0
11:16:07,5776,2,bajada,-0.007154,-0.007154,-0.007154,29.840000,0.0,0.001,0.0
11:16:07,5777,2,bajada,-0.007154,-0.007154,-0.007155,29.840000,0.0,0.001,0.0
11:16:07,5778,2,bajada,-0.007154,-0.007154,-0.007156,29.840000,0.001,0.0,0.0
11:16:07,5779,2,bajada,-0.007153,-0.007154,-0.007155,29.840000,0.0,0.001,0.0
11:16:07,5780,2,bajada,-0.007153,-0.007154,-0.007155,29.840000,0.0,0.001,0.0
11:16:07,5781,2,bajada,-0.007154,-0.007154,-0.007153,29.830000,0.0,0.001,0.0
11:16:07,5782,2,bajada,-0.007156,-0.007154,-0.007154,29.830000,0.0,0.001,0.0
11:16:07,5783,2,bajada,-0.007156,-0.007154,-0.007155,29.830000,0.0,0.001,0.0
11:16:07,5784,2,bajada,-0.007156,-0.007154,-0.007153,29.830000,0.0,0.001,0.0
11:16:07,5785,2,bajada,-0.007155,-0.007154,-0.007152,29.840000,0.0,0.001,0.0
11:16:07,5786,2,bajada,-0.007154,-0.007154,-0.007153,29.840000,0.0,0.001,0.0
11:16:07,5787,2,bajada,-0.007153,-0.007154,-0.007154,29.840000,0.001,0.0,0.0
11:16:07,5788,2,bajada,-0.007153,-0.007154,-0.007154,29.840000,0.0,0.001,0.0
11:16:07,5789,2,bajada,-0.007154,-0.007154,-0.007156,29.830000,0.0,0.001,0.0
11:16:07,5790,2,bajada,-0.007155,-0.007154,-0.007153,29.830000,0.0,0.001,0.0
11:16:08,5791,2,bajada,-0.007154,-0.007154,-0.007156,29.830000,0.0,0.001,0.0
11:16:08,5792,2,bajada,-0.007154,-0.007154,-0.007154,29.830000,0.0,0.001,0.0
11:16:08,5793,2,bajada,-0.007154,-0.007154,-0.007156,29.830000,0.0,0.001,0.0
11:16:08,5794,2,bajada,-0.007153,-0.007154,-0.007155,29.830000,0.0,0.001,0.0
11:16:08,5795,2,bajada,-0.007154,-0.007154,-0.007157,29.840000,0.0,0.001,0.0
11:16:08,5796,2,bajada,-0.007155,-0.007154,-0.007158,29.840000,0.0,0.001,0.0
11:16:08,5797,2,bajada,-0.007155,-0.007154,-0.007155,29.840000,0.0,0.001,0.0
11:16:08,5798,2,bajada,-0.007155,-0.007154,-0.007154,29.840000,0.0,0.001,0.0
11:16:08,5799,2,bajada,-0.007157,-0.007155,-0.007155,29.830000,0.0,0.001,0.0
11:16:08,5800,2,bajada,-0.007158,-0.007155,-0.007157,29.830000,0.0,0.001,0.0
11:16:08,5801,2,bajada,-0.007158,-0.007155,-0.007157,29.830000,0.0,0.001,0.0
11:16:08,5802,2,bajada,-0.007159,-0.007156,-0.007156,29.830000,0.0,0.001,0.0
11:16:08,5803,2,bajada,-0.007158,-0.007156,-0.007153,29.830000,0.0,0.001,0.0
11:16:08,5804,2,bajada,-0.007158,-0.007156,-0.007155,29.830000,0.0,0.001,0.0
11:16:08,5805,2,bajada,-0.007158,-0.007156,-0.007154,29.840000,0.0,0.001,0.0
11:16:08,5806,2,bajada,-0.007158,-0.007156,-0.007157,29.840000,0.0,0.001,0.0
11:16:08,5807,2,bajada,-0.007157,-0.007156,-0.007153,29.840000,0.0,0.001,0.0
11:16:08,5808,2,bajada,-0.007158,-0.007157,-0.007154,29.840000,0.0,0.001,0.0
11:16:08,5809,2,bajada,-0.007158,-0.007157,-0.007154,29.840000,0.0,0.001,0.0
11:16:08,5810,2,bajada,-0.007157,-0.007157,-0.007153,29.840000,0.0,0.001,0.0
11:16:08,5811,2,bajada,-0.007155,-0.007157,-0.007154,29.840000,0.0,0.001,0.0
11:16:08,5812,2,bajada,-0.007154,-0.007156,-0.007155,29.840000,0.0,0.001,0.0
11:16:09,5813,2,bajada,-0.007155,-0.007156,-0.007158,29.840000,0.0,0.001,0.0
11:16:09,5814,2,bajada,-0.007156,-0.007156,-0.007159,29.840000,0.0,0.001,0.0
11:16:09,5815,2,bajada,-0.007156,-0.007156,-0.007158,29.840000,0.0,0.001,0.0
11:16:09,5816,2,bajada,-0.007157,-0.007156,-0.007158,29.840000,0.0,0.001,0.0
11:16:09,5817,2,bajada,-0.007157,-0.007156,-0.007156,29.830000,0.0,0.001,0.0
11:16:09,5818,2,bajada,-0.007158,-0.007156,-0.007156,29.830000,0.0,0.001,0.0
11:16:09,5819,2,bajada,-0.007158,-0.007157,-0.007156,29.840000,0.0,0.001,0.0
11:16:09,5820,2,bajada,-0.007158,-0.007157,-0.007158,29.840000,0.0,0.001,0.0
11:16:09,5821,2,bajada,-0.007157,-0.007157,-0.007158,29.840000,0.0,0.001,0.0
11:16:09,5822,2,bajada,-0.007156,-0.007157,-0.007158,29.840000,0.0,0.001,0.0
11:16:09,5823,2,bajada,-0.007156,-0.007157,-0.007157,29.830000,0.0,0.001,0.0
11:16:09,5824,2,bajada,-0.007157,-0.007157,-0.007159,29.830000,0.0,0.001,0.0
11:16:09,5825,2,bajada,-0.007157,-0.007157,-0.007159,29.840000,0.0,0.001,0.0
11:16:09,5826,2,bajada,-0.007157,-0.007157,-0.007159,29.840000,0.0,0.001,0.0
11:16:09,5827,2,bajada,-0.007157,-0.007157,-0.007157,29.830000,0.0,0.001,0.0
11:16:09,5828,2,bajada,-0.007156,-0.007157,-0.007157,29.830000,0.0,0.001,0.0
11:16:09,5829,2,bajada,-0.007157,-0.007157,-0.007154,29.840000,0.0,0.001,0.0
11:16:09,5830,2,bajada,-0.007157,-0.007157,-0.007155,29.840000,0.0,0.001,0.0
11:16:09,5831,2,bajada,-0.007157,-0.007157,-0.007157,29.830000,0.0,0.001,0.0
11:16:09,5832,2,bajada,-0.007156,-0.007157,-0.007160,29.830000,0.0,0.001,0.0
11:16:10,5833,2,bajada,-0.007156,-0.007157,-0.007155,29.830000,0.0,0.001,0.0
11:16:10,5834,2,bajada,-0.007157,-0.007157,-0.007156,29.830000,0.0,0.001,0.0
11:16:10,5835,2,bajada,-0.007157,-0.007157,-0.007156,29.840000,0.0,0.001,0.0
11:16:10,5836,2,bajada,-0.007158,-0.007157,-0.007155,29.840000,0.001,0.0,0.0
11:16:10,5837,2,bajada,-0.007158,-0.007157,-0.007157,29.840000,0.0,0.001,0.0
11:16:10,5838,2,bajada,-0.007158,-0.007157,-0.007155,29.840000,0.0,0.001,0.0
11:16:10,5839,2,bajada,-0.007158,-0.007157,-0.007156,29.840000,0.0,0.001,0.0
11:16:10,5840,2,bajada,-0.007158,-0.007157,-0.007158,29.840000,0.0,0.001,0.0
11:16:10,5841,2,bajada,-0.007157,-0.007157,-0.007158,29.840000,0.0,0.001,0.0
11:16:10,5842,2,bajada,-0.007157,-0.007157,-0.007158,29.840000,0.0,0.001,0.0
11:16:10,5843,2,bajada,-0.007156,-0.007157,-0.007155,29.830000,0.0,0.001,0.0
11:16:10,5844,2,bajada,-0.007157,-0.007157,-0.007154,29.830000,0.0,0.001,0.0
11:16:10,5845,2,bajada,-0.007159,-0.007157,-0.007154,29.840000,0.0,0.001,0.0
11:16:10,5846,2,bajada,-0.007159,-0.007157,-0.007156,29.840000,0.0,0.001,0.0
11:16:10,5847,2,bajada,-0.007157,-0.007157,-0.007154,29.840000,0.001,0.0,0.0
11:16:10,5848,2,bajada,-0.007157,-0.007157,-0.007155,29.840000,0.0,0.001,0.0
11:16:10,5849,2,bajada,-0.007157,-0.007157,-0.007154,29.830000,0.0,0.001,0.0
11:16:10,5850,2,bajada,-0.007158,-0.007157,-0.007157,29.830000,0.0,0.001,0.0
11:16:10,5851,2,bajada,-0.007159,-0.007158,-0.007158,29.840000,0.0,0.001,0.0
11:16:10,5852,2,bajada,-0.007158,-0.007158,-0.007157,29.840000,0.0,0.001,0.0
11:16:11,5853,2,bajada,-0.007157,-0.007157,-0.007155,29.830000,0.0,0.001,0.0
11:16:11,5854,2,bajada,-0.007157,-0.007157,-0.007156,29.830000,0.0,0.001,0.0
11:16:11,5855,2,bajada,-0.007157,-0.007157,-0.007157,29.840000,0.0,0.001,0.0
11:16:11,5856,2,bajada,-0.007156,-0.007157,-0.007159,29.840000,0.0,0.001,0.0
11:16:11,5857,2,bajada,-0.007155,-0.007157,-0.007159,29.830000,0.0,0.001,0.0
11:16:11,5858,2,bajada,-0.007155,-0.007157,-0.007157,29.830000,0.0,0.001,0.0
11:16:11,5859,2,bajada,-0.007155,-0.007157,-0.007156,29.830000,0.0,0.001,0.0
11:16:11,5860,2,bajada,-0.007153,-0.007156,-0.007155,29.830000,0.0,0.001,0.0
11:16:11,5861,2,bajada,-0.007153,-0.007156,-0.007156,29.830000,0.001,0.0,0.0
11:16:11,5862,2,bajada,-0.007153,-0.007156,-0.007155,29.830000,0.0,0.001,0.0
11:16:11,5863,2,bajada,-0.007153,-0.007155,-0.007153,29.830000,0.0,0.001,0.0
11:16:11,5864,2,bajada,-0.007152,-0.007155,-0.007153,29.830000,0.001,0.0,0.0
11:16:11,5865,2,bajada,-0.007152,-0.007155,-0.007154,29.830000,0.0,0.001,0.0
11:16:11,5866,2,bajada,-0.007153,-0.007155,-0.007152,29.830000,0.0,0.001,0.0
11:16:11,5867,2,bajada,-0.007154,-0.007155,-0.007155,29.840000,0.0,0.001,0.0
11:16:11,5868,2,bajada,-0.007155,-0.007155,-0.007158,29.840000,0.0,0.001,0.0
11:16:11,5869,2,bajada,-0.007154,-0.007155,-0.007159,29.840000,0.001,0.0,0.0
11:16:11,5870,2,bajada,-0.007154,-0.007155,-0.007159,29.840000,0.0,0.001,0.0
11:16:11,5871,2,bajada,-0.007155,-0.007155,-0.007159,29.830000,0.001,0.0,0.0
11:16:11,5872,2,bajada,-0.007155,-0.007155,-0.007158,29.830000,0.0,0.001,0.0
11:16:11,5873,2,bajada,-0.007155,-0.007155,-0.007155,29.830000,0.0,0.001,0.0
11:16:12,5874,2,bajada,-0.007153,-0.007155,-0.007154,29.830000,0.0,0.001,0.0
11:16:12,5875,2,bajada,-0.007155,-0.007155,-0.007154,29.830000,0.0,0.001,0.0
11:16:12,5876,2,bajada,-0.007156,-0.007155,-0.007156,29.830000,0.0,0.001,0.0
11:16:12,5877,2,bajada,-0.007157,-0.007155,-0.007158,29.830000,0.0,0.001,0.0
11:16:12,5878,2,bajada,-0.007159,-0.007155,-0.007157,29.830000,0.0,0.001,0.0
11:16:12,5879,2,bajada,-0.007160,-0.007156,-0.007156,29.830000,0.0,0.001,0.0
11:16:12,5880,2,bajada,-0.007160,-0.007156,-0.007154,29.830000,0.0,0.001,0.0
11:16:12,5881,2,bajada,-0.007160,-0.007156,-0.007154,29.830000,0.0,0.001,0.0
11:16:12,5882,2,bajada,-0.007159,-0.007157,-0.007156,29.830000,0.0,0.001,0.0
11:16:12,5883,2,bajada,-0.007160,-0.007157,-0.007154,29.830000,0.0,0.001,0.0
11:16:12,5884,2,bajada,-0.007157,-0.007157,-0.007152,29.830000,0.0,0.001,0.0
11:16:12,5885,2,bajada,-0.007156,-0.007157,-0.007155,29.840000,0.0,0.001,0.0
11:16:12,5886,2,bajada,-0.007156,-0.007157,-0.007155,29.840000,0.0,0.001,0.0
11:16:12,5887,2,bajada,-0.007156,-0.007157,-0.007157,29.830000,0.0,0.001,0.0
11:16:12,5888,2,bajada,-0.007157,-0.007157,-0.007157,29.830000,0.0,0.001,0.0
11:16:12,5889,2,bajada,-0.007156,-0.007157,-0.007159,29.830000,0.0,0.001,0.0
11:16:12,5890,2,bajada,-0.007156,-0.007157,-0.007159,29.830000,0.0,0.001,0.0
11:16:12,5891,2,bajada,-0.007155,-0.007156,-0.007158,29.840000,0.0,0.001,0.0
11:16:12,5892,2,bajada,-0.007156,-0.007156,-0.007157,29.840000,0.0,0.001,0.0
11:16:12,5893,2,bajada,-0.007157,-0.007156,-0.007155,29.830000,0.0,0.001,0.0
11:16:12,5894,2,bajada,-0.007156,-0.007156,-0.007154,29.830000,0.0,0.001,0.0
11:16:12,5895,2,bajada,-0.007155,-0.007156,-0.007155,29.830000,0.0,0.001,0.0
11:16:12,5896,2,bajada,-0.007153,-0.007156,-0.007155,29.830000,0.0,0.001,0.0
