Timestamp,Elapsed_Time,Vdif,Va,Vb,Temperatura_C,Compensacion,Iexc
2025-12-04 14:33:37,0.049,0.0008595209801569581,0.0,0.00000000,30.327905654907227,0.000000,0.000000
2025-12-04 14:33:37,0.101,0.0008583206217736006,0.0,0.00000000,30.325647354125977,0.000000,0.000000
2025-12-04 14:33:37,0.153,0.0008576523396186531,0.0,0.00000000,30.325403213500977,0.000000,0.000000
2025-12-04 14:33:37,0.205,0.0008572670049034059,0.0,0.00000000,30.325403213500977,0.000000,0.000000
2025-12-04 14:33:37,0.257,0.0008569366182200611,0.0,0.00000000,30.32329750061035,0.000000,0.000000
2025-12-04 14:33:37,0.309,0.0008570515783503652,0.0,0.00000000,30.32329750061035,0.000000,0.000000
2025-12-04 14:33:37,0.361,0.0008567016338929534,0.0,0.00000000,30.32476234436035,0.000000,0.000000
2025-12-04 14:33:37,0.414,0.000856389757245779,0.0,0.00000000,30.32476234436035,0.000000,0.000000
2025-12-04 14:33:37,0.466,0.0008561606518924236,0.0,0.00000000,30.32537269592285,0.000000,0.000000
2025-12-04 14:33:37,0.518,0.0008559105917811394,0.0,0.00000000,30.32537269592285,0.000000,0.000000
2025-12-04 14:33:37,0.570,0.0008559769485145807,0.0,0.00000000,30.325464248657227,0.000000,0.000000
2025-12-04 14:33:38,0.622,0.0008560532005503774,0.0,0.00000000,30.325464248657227,0.000000,0.000000
2025-12-04 14:33:38,0.674,0.0008557240944355726,0.0,0.00000000,30.32451820373535,0.000000,0.000000
2025-12-04 14:33:38,0.726,0.0008556279353797436,0.0,0.00000000,30.32451820373535,0.000000,0.000000
2025-12-04 14:33:38,0.778,0.0008559719426557422,0.0,0.00000000,30.324731826782227,0.000000,0.000000
2025-12-04 14:33:38,0.831,0.0008558686822652817,0.0,0.00000000,30.324731826782227,0.000000,0.000000
2025-12-04 14:33:38,0.883,0.0008557474939152598,0.0,0.00000000,30.324975967407227,0.000000,0.000000
2025-12-04 14:33:38,0.935,0.0008550929487682879,0.0,0.00000000,30.324975967407227,0.000000,0.000000
2025-12-04 14:33:38,0.987,0.0008546524913981557,0.0,0.00000000,30.3242130279541,0.000000,0.000000
2025-12-04 14:33:38,1.039,0.0008553953957743943,0.0,0.00000000,30.3242130279541,0.000000,0.000000
2025-12-04 14:33:38,1.091,0.0008558323606848717,0.0,0.00000000,30.3253116607666,0.000000,0.000000
2025-12-04 14:33:38,1.143,0.0008558803237974644,0.0,0.00000000,30.3253116607666,0.000000,0.000000
2025-12-04 14:33:38,1.195,0.0008561187423765659,0.0,0.00000000,30.32451820373535,0.000000,0.000000
2025-12-04 14:33:38,1.248,0.00085613620467484,0.0,0.00000000,30.32451820373535,0.000000,0.000000
2025-12-04 14:33:38,1.300,0.0008556466782465577,0.0,0.00000000,30.324792861938477,0.000000,0.000000
2025-12-04 14:33:38,1.352,0.000855575199238956,0.0,0.00000000,30.322778701782227,0.000000,0.000000
2025-12-04 14:33:38,1.404,0.0008554109372198582,0.0,0.00000000,30.322778701782227,0.000000,0.000000
2025-12-04 14:33:38,1.456,0.0008541819406673312,0.0,0.00000000,30.32586097717285,0.000000,0.000000
2025-12-04 14:33:38,1.508,0.000854477402754128,0.0,0.00000000,30.32586097717285,0.000000,0.000000
2025-12-04 14:33:38,1.560,0.0008556409738957882,0.0,0.00000000,30.3238468170166,0.000000,0.000000
2025-12-04 14:33:39,1.613,0.0008557504042983055,0.0,0.00000000,30.3238468170166,0.000000,0.000000
2025-12-04 14:33:39,1.665,0.0008560172864235938,0.0,0.00000000,30.324121475219727,0.000000,0.000000
2025-12-04 14:33:39,1.717,0.0008559605339542031,0.0,0.00000000,30.324121475219727,0.000000,0.000000
2025-12-04 14:33:39,1.769,0.0008555339300073683,0.0,0.00000000,30.3231143951416,0.000000,0.000000
2025-12-04 14:33:39,1.821,0.0008553665829822421,0.0,0.00000000,30.3231143951416,0.000000,0.000000
2025-12-04 14:33:39,1.873,0.0008549870690330863,0.0,0.00000000,30.323633193969727,0.000000,0.000000
2025-12-04 14:33:39,1.925,0.0008546160534024239,0.0,0.00000000,30.323633193969727,0.000000,0.000000
2025-12-04 14:33:39,1.977,0.0008547942852601409,0.0,0.00000000,30.324304580688477,0.000000,0.000000
2025-12-04 14:33:39,2.030,0.0008551724022254348,0.0,0.00000000,30.324304580688477,0.000000,0.000000
2025-12-04 14:33:39,2.082,0.0008556299144402146,0.0,0.00000000,30.324609756469727,0.000000,0.000000
2025-12-04 14:33:39,2.134,0.000855686841532588,0.0,0.00000000,30.324609756469727,0.000000,0.000000
2025-12-04 14:33:39,2.186,0.0008553860243409872,0.0,0.00000000,30.325708389282227,0.000000,0.000000
2025-12-04 14:33:39,2.238,0.0008554199011996388,0.0,0.00000000,30.325708389282227,0.000000,0.000000
2025-12-04 14:33:39,2.290,0.0008552221697755158,0.0,0.00000000,30.324060440063477,0.000000,0.000000
2025-12-04 14:33:39,2.342,0.0008542326395399868,0.0,0.00000000,30.324060440063477,0.000000,0.000000
2025-12-04 14:33:39,2.394,0.0008533403160981834,0.0,0.00000000,30.3251895904541,0.000000,0.000000
2025-12-04 14:33:39,2.447,0.0008529672049917281,0.0,0.00000000,30.324731826782227,0.000000,0.000000
2025-12-04 14:33:39,2.499,0.0008527627214789391,0.0,0.00000000,30.324731826782227,0.000000,0.000000
2025-12-04 14:33:39,2.551,0.0008529243059456348,0.0,0.00000000,30.32695960998535,0.000000,0.000000
2025-12-04 14:33:39,2.603,0.000853008939884603,0.0,0.00000000,30.32695960998535,0.000000,0.000000
2025-12-04 14:33:40,2.655,0.0008530804188922048,0.0,0.00000000,30.3261661529541,0.000000,0.000000
2025-12-04 14:33:40,2.707,0.000853865290991962,0.0,0.00000000,30.3261661529541,0.000000,0.000000
2025-12-04 14:33:40,2.759,0.0008543688454665244,0.0,0.00000000,30.325220108032227,0.000000,0.000000
2025-12-04 14:33:40,2.811,0.0008515170775353909,0.0,0.00000000,30.325220108032227,0.000000,0.000000
2025-12-04 14:33:40,2.864,0.0008516046218574047,0.0,0.00000000,30.324853897094727,0.000000,0.000000
2025-12-04 14:33:40,2.916,0.000855104299262166,0.0,0.00000000,30.324853897094727,0.000000,0.000000
2025-12-04 14:33:40,2.968,0.0008558295667171478,0.0,0.00000000,30.3265323638916,0.000000,0.000000
2025-12-04 14:33:40,3.020,0.0008560306741856039,0.0,0.00000000,30.3265323638916,0.000000,0.000000
2025-12-04 14:33:40,3.072,0.0008557981345802546,0.0,0.00000000,30.324060440063477,0.000000,0.000000
2025-12-04 14:33:40,3.124,0.000855444697663188,0.0,0.00000000,30.324060440063477,0.000000,0.000000
2025-12-04 14:33:40,3.176,0.0008554173400625587,0.0,0.00000000,30.3231143951416,0.000000,0.000000
2025-12-04 14:33:40,3.229,0.0008548968471586704,0.0,0.00000000,30.3231143951416,0.000000,0.000000
2025-12-04 14:33:40,3.281,0.0008543267613276839,0.0,0.00000000,30.3262882232666,0.000000,0.000000
2025-12-04 14:33:40,3.333,0.0008522893767803907,0.0,0.00000000,30.3262882232666,0.000000,0.000000
2025-12-04 14:33:40,3.385,0.0008527536410838366,0.0,0.00000000,30.32402992248535,0.000000,0.000000
2025-12-04 14:33:40,3.437,0.0008557415567338467,0.0,0.00000000,30.32402992248535,0.000000,0.000000
2025-12-04 14:33:40,3.489,0.0008562464499846101,0.0,0.00000000,30.32451820373535,0.000000,0.000000
2025-12-04 14:33:40,3.541,0.0008560047717764974,0.0,0.00000000,30.32451820373535,0.000000,0.000000
2025-12-04 14:33:40,3.594,0.0008556648972444236,0.0,0.00000000,30.325464248657227,0.000000,0.000000
2025-12-04 14:33:41,3.646,0.0008552873623557389,0.0,0.00000000,30.324914932250977,0.000000,0.000000
2025-12-04 14:33:41,3.698,0.0008546247845515609,0.0,0.00000000,30.324914932250977,0.000000,0.000000
2025-12-04 14:33:41,3.750,0.0008542986470274627,0.0,0.00000000,30.3265323638916,0.000000,0.000000
2025-12-04 14:33:41,3.802,0.0008527510217390954,0.0,0.00000000,30.3265323638916,0.000000,0.000000
2025-12-04 14:33:41,3.854,0.0008520539267919958,0.0,0.00000000,30.325830459594727,0.000000,0.000000
2025-12-04 14:33:41,3.906,0.0008546593599021435,0.0,0.00000000,30.325830459594727,0.000000,0.000000
2025-12-04 14:33:41,3.959,0.0008562295697629452,0.0,0.00000000,30.325586318969727,0.000000,0.000000
2025-12-04 14:33:41,4.010,0.0008559381240047514,0.0,0.00000000,30.325586318969727,0.000000,0.000000
2025-12-04 14:33:41,4.063,0.000855627004057169,0.0,0.00000000,30.3254337310791,0.000000,0.000000
2025-12-04 14:33:41,4.115,0.0008551054634153843,0.0,0.00000000,30.3254337310791,0.000000,0.000000
2025-12-04 14:33:41,4.167,0.0008546150638721883,0.0,0.00000000,30.3242130279541,0.000000,0.000000
2025-12-04 14:33:41,4.219,0.0008545504533685744,0.0,0.00000000,30.3242130279541,0.000000,0.000000
2025-12-04 14:33:41,4.271,0.0008544742013327777,0.0,0.00000000,30.32402992248535,0.000000,0.000000
2025-12-04 14:33:41,4.323,0.0008492893539369106,0.0,0.00000000,30.32402992248535,0.000000,0.000000
2025-12-04 14:33:41,4.375,0.0008496053633280098,0.0,0.00000000,30.3249454498291,0.000000,0.000000
2025-12-04 14:33:41,4.427,0.0008556885877624154,0.0,0.00000000,30.3249454498291,0.000000,0.000000
2025-12-04 14:33:41,4.480,0.000856312399264425,0.0,0.00000000,30.32451820373535,0.000000,0.000000
2025-12-04 14:33:41,4.532,0.0008560890564695001,0.0,0.00000000,30.32451820373535,0.000000,0.000000
2025-12-04 14:33:41,4.584,0.0008552900981158018,0.0,0.00000000,30.324609756469727,0.000000,0.000000
2025-12-04 14:33:42,4.636,0.0008546782191842794,0.0,0.00000000,30.324609756469727,0.000000,0.000000
2025-12-04 14:33:42,4.688,0.0008546728640794754,0.0,0.00000000,30.3242130279541,0.000000,0.000000
2025-12-04 14:33:42,4.740,0.000854689977131784,0.0,0.00000000,30.3242130279541,0.000000,0.000000
2025-12-04 14:33:42,4.792,0.0008547806646674871,0.0,0.00000000,30.3239688873291,0.000000,0.000000
2025-12-04 14:33:42,4.845,0.0008528894977644086,0.0,0.00000000,30.325891494750977,0.000000,0.000000
2025-12-04 14:33:42,4.897,0.0008532761130481958,0.0,0.00000000,30.325891494750977,0.000000,0.000000
2025-12-04 14:33:42,4.949,0.0008559355046600103,0.0,0.00000000,30.32488441467285,0.000000,0.000000
2025-12-04 14:33:42,5.001,0.0008558923145756125,0.0,0.00000000,30.32488441467285,0.000000,0.000000
2025-12-04 14:33:42,5.053,0.0008549965568818152,0.0,0.00000000,30.324487686157227,0.000000,0.000000
2025-12-04 14:33:42,5.105,0.0008545941673219204,0.0,0.00000000,30.324487686157227,0.000000,0.000000
2025-12-04 14:33:42,5.158,0.0008546048775315285,0.0,0.00000000,30.32525062561035,0.000000,0.000000
2025-12-04 14:33:42,5.210,0.0008544260635972023,0.0,0.00000000,30.32525062561035,0.000000,0.000000
2025-12-04 14:33:42,5.262,0.0008546259487047791,0.0,0.00000000,30.326501846313477,0.000000,0.000000
2025-12-04 14:33:42,5.314,0.0008516700472682714,0.0,0.00000000,30.326501846313477,0.000000,0.000000
2025-12-04 14:33:42,5.366,0.0008510007173754275,0.0,0.00000000,30.326318740844727,0.000000,0.000000
2025-12-04 14:33:42,5.418,0.0008546095341444016,0.0,0.00000000,30.326318740844727,0.000000,0.000000
2025-12-04 14:33:42,5.470,0.000855377409607172,0.0,0.00000000,30.323633193969727,0.000000,0.000000
2025-12-04 14:33:42,5.522,0.0008549313060939312,0.0,0.00000000,30.323633193969727,0.000000,0.000000
2025-12-04 14:33:42,5.574,0.0008547776378691196,0.0,0.00000000,30.325952529907227,0.000000,0.000000
2025-12-04 14:33:43,5.626,0.000854639511089772,0.0,0.00000000,30.325952529907227,0.000000,0.000000
2025-12-04 14:33:43,5.679,0.0008545853779651225,0.0,0.00000000,30.3250675201416,0.000000,0.000000
2025-12-04 14:33:43,5.731,0.0008548269979655743,0.0,0.00000000,30.3250675201416,0.000000,0.000000
2025-12-04 14:33:43,5.783,0.0008546851458959281,0.0,0.00000000,30.323816299438477,0.000000,0.000000
2025-12-04 14:33:43,5.835,0.0008511637570336461,0.0,0.00000000,30.323816299438477,0.000000,0.000000
2025-12-04 14:33:43,5.887,0.0008513942593708634,0.0,0.00000000,30.32402992248535,0.000000,0.000000
2025-12-04 14:33:43,5.939,0.0008549154736101627,0.0,0.00000000,30.32402992248535,0.000000,0.000000
2025-12-04 14:33:43,5.992,0.0008549117483198643,0.0,0.00000000,30.32500648498535,0.000000,0.000000
2025-12-04 14:33:43,6.044,0.0008547311881557107,0.0,0.00000000,30.325342178344727,0.000000,0.000000
2025-12-04 14:33:43,6.096,0.0008543921285308897,0.0,0.00000000,30.325342178344727,0.000000,0.000000
2025-12-04 14:33:43,6.148,0.0008543938165530562,0.0,0.00000000,30.322107315063477,0.000000,0.000000
2025-12-04 14:33:43,6.200,0.0008544534794054925,0.0,0.00000000,30.322107315063477,0.000000,0.000000
2025-12-04 14:33:43,6.252,0.0008541198913007975,0.0,0.00000000,30.324853897094727,0.000000,0.000000
2025-12-04 14:33:43,6.304,0.0008530621416866779,0.0,0.00000000,30.324853897094727,0.000000,0.000000
2025-12-04 14:33:43,6.356,0.0008514239452779293,0.0,0.00000000,30.3249454498291,0.000000,0.000000
2025-12-04 14:33:43,6.408,0.0008525328012183309,0.0,0.00000000,30.3249454498291,0.000000,0.000000
2025-12-04 14:33:43,6.461,0.0008548207115381956,0.0,0.00000000,30.3251895904541,0.000000,0.000000
2025-12-04 14:33:43,6.513,0.0008549772901460528,0.0,0.00000000,30.3251895904541,0.000000,0.000000
2025-12-04 14:33:43,6.565,0.0008546082535758615,0.0,0.00000000,30.32451820373535,0.000000,0.000000
2025-12-04 14:33:44,6.617,0.0008546439930796623,0.0,0.00000000,30.32451820373535,0.000000,0.000000
2025-12-04 14:33:44,6.669,0.0008544982993043959,0.0,0.00000000,30.323877334594727,0.000000,0.000000
2025-12-04 14:33:44,6.721,0.0008540780982002616,0.0,0.00000000,30.323877334594727,0.000000,0.000000
2025-12-04 14:33:44,6.773,0.0008539662230759859,0.0,0.00000000,30.32268714904785,0.000000,0.000000
2025-12-04 14:33:44,6.825,0.000848989060614258,0.0,0.00000000,30.32268714904785,0.000000,0.000000
2025-12-04 14:33:44,6.878,0.0008484445279464126,0.0,0.00000000,30.32256507873535,0.000000,0.000000
2025-12-04 14:33:44,6.930,0.0008538344409316778,0.0,0.00000000,30.32256507873535,0.000000,0.000000
2025-12-04 14:33:44,6.982,0.0008545574964955449,0.0,0.00000000,30.324975967407227,0.000000,0.000000
2025-12-04 14:33:44,7.034,0.000854341487865895,0.0,0.00000000,30.324975967407227,0.000000,0.000000
2025-12-04 14:33:44,7.086,0.000854229147080332,0.0,0.00000000,30.324792861938477,0.000000,0.000000
2025-12-04 14:33:44,7.138,0.0008536733221262693,0.0,0.00000000,30.3245792388916,0.000000,0.000000
2025-12-04 14:33:44,7.191,0.0008534503285773098,0.0,0.00000000,30.3245792388916,0.000000,0.000000
2025-12-04 14:33:44,7.243,0.0008536585373803973,0.0,0.00000000,30.3260440826416,0.000000,0.000000
2025-12-04 14:33:44,7.295,0.0008531800122000277,0.0,0.00000000,30.3260440826416,0.000000,0.000000
2025-12-04 14:33:44,7.347,0.0008510141051374376,0.0,0.00000000,30.32561683654785,0.000000,0.000000
2025-12-04 14:33:44,7.399,0.0008512430940754712,0.0,0.00000000,30.32561683654785,0.000000,0.000000
2025-12-04 14:33:44,7.451,0.0008532688952982426,0.0,0.00000000,30.326318740844727,0.000000,0.000000
2025-12-04 14:33:44,7.503,0.0008537376415915787,0.0,0.00000000,30.326318740844727,0.000000,0.000000
2025-12-04 14:33:44,7.555,0.0008541637798771262,0.0,0.00000000,30.32561683654785,0.000000,0.000000
2025-12-04 14:33:44,7.607,0.0008541543502360582,0.0,0.00000000,30.32561683654785,0.000000,0.000000
2025-12-04 14:33:45,7.660,0.0008540309499949217,0.0,0.00000000,30.325830459594727,0.000000,0.000000
2025-12-04 14:33:45,7.712,0.000853697129059583,0.0,0.00000000,30.325830459594727,0.000000,0.000000
2025-12-04 14:33:45,7.764,0.0008530037011951208,0.0,0.00000000,30.32610511779785,0.000000,0.000000
2025-12-04 14:33:45,7.816,0.000850692274980247,0.0,0.00000000,30.32610511779785,0.000000,0.000000
2025-12-04 14:33:45,7.868,0.000850633077789098,0.0,0.00000000,30.3255558013916,0.000000,0.000000
2025-12-04 14:33:45,7.920,0.0008531105704605579,0.0,0.00000000,30.3255558013916,0.000000,0.000000
2025-12-04 14:33:45,7.972,0.0008540353737771511,0.0,0.00000000,30.3257999420166,0.000000,0.000000
2025-12-04 14:33:45,8.025,0.000854095327667892,0.0,0.00000000,30.3257999420166,0.000000,0.000000
2025-12-04 14:33:45,8.077,0.000853672914672643,0.0,0.00000000,30.3244571685791,0.000000,0.000000
2025-12-04 14:33:45,8.129,0.0008533436339348555,0.0,0.00000000,30.3244571685791,0.000000,0.000000
2025-12-04 14:33:45,8.181,0.0008525589946657419,0.0,0.00000000,30.325708389282227,0.000000,0.000000
2025-12-04 14:33:45,8.233,0.0008520626579411328,0.0,0.00000000,30.325708389282227,0.000000,0.000000
2025-12-04 14:33:45,8.285,0.0008524958975613117,0.0,0.00000000,30.325037002563477,0.000000,0.000000
2025-12-04 14:33:45,8.337,0.0008507180609740317,0.0,0.00000000,30.32512855529785,0.000000,0.000000
2025-12-04 14:33:45,8.389,0.0008510390762239695,0.0,0.00000000,30.32512855529785,0.000000,0.000000
2025-12-04 14:33:45,8.442,0.000853792589623481,0.0,0.00000000,30.32537269592285,0.000000,0.000000
2025-12-04 14:33:45,8.494,0.0008537520188838243,0.0,0.00000000,30.32537269592285,0.000000,0.000000
2025-12-04 14:33:45,8.546,0.0008531812345609069,0.0,0.00000000,30.323450088500977,0.000000,0.000000
2025-12-04 14:33:45,8.598,0.0008529297192580998,0.0,0.00000000,30.323450088500977,0.000000,0.000000
2025-12-04 14:33:46,8.650,0.0008525358862243593,0.0,0.00000000,30.32500648498535,0.000000,0.000000
2025-12-04 14:33:46,8.702,0.0008521128911525011,0.0,0.00000000,30.32500648498535,0.000000,0.000000
2025-12-04 14:33:46,8.754,0.0008522528223693371,0.0,0.00000000,30.3248233795166,0.000000,0.000000
2025-12-04 14:33:46,8.807,0.000851884949952364,0.0,0.00000000,30.3248233795166,0.000000,0.000000
2025-12-04 14:33:46,8.859,0.000851344084367156,0.0,0.00000000,30.3248233795166,0.000000,0.000000
2025-12-04 14:33:46,8.911,0.0008522334974259138,0.0,0.00000000,30.3248233795166,0.000000,0.000000
2025-12-04 14:33:46,8.963,0.0008530038758181036,0.0,0.00000000,30.324426651000977,0.000000,0.000000
2025-12-04 14:33:46,9.015,0.0008530647028237581,0.0,0.00000000,30.324426651000977,0.000000,0.000000
2025-12-04 14:33:46,9.067,0.0008529066690243781,0.0,0.00000000,30.323816299438477,0.000000,0.000000
2025-12-04 14:33:46,9.119,0.0008523272699676454,0.0,0.00000000,30.323816299438477,0.000000,0.000000
2025-12-04 14:33:46,9.171,0.0008519033435732126,0.0,0.00000000,30.324792861938477,0.000000,0.000000
2025-12-04 14:33:46,9.224,0.0008516837260685861,0.0,0.00000000,30.324792861938477,0.000000,0.000000
2025-12-04 14:33:46,9.276,0.0008516857633367181,0.0,0.00000000,30.323633193969727,0.000000,0.000000
2025-12-04 14:33:46,9.328,0.0008496299851685762,0.0,0.00000000,30.323633193969727,0.000000,0.000000
2025-12-04 14:33:46,9.380,0.000849811767693609,0.0,0.00000000,30.32451820373535,0.000000,0.000000
2025-12-04 14:33:46,9.432,0.0008524727309122682,0.0,0.00000000,30.32451820373535,0.000000,0.000000
2025-12-04 14:33:46,9.484,0.0008528624312020838,0.0,0.00000000,30.32464027404785,0.000000,0.000000
2025-12-04 14:33:46,9.536,0.0008525054436177015,0.0,0.00000000,30.3255558013916,0.000000,0.000000
2025-12-04 14:33:46,9.589,0.0008519921684637666,0.0,0.00000000,30.3255558013916,0.000000,0.000000
2025-12-04 14:33:47,9.641,0.0008520045084878802,0.0,0.00000000,30.325220108032227,0.000000,0.000000
2025-12-04 14:33:47,9.693,0.000851704680826515,0.0,0.00000000,30.325220108032227,0.000000,0.000000
2025-12-04 14:33:47,9.745,0.0008517667884007096,0.0,0.00000000,30.326074600219727,0.000000,0.000000
2025-12-04 14:33:47,9.797,0.0008521834970451891,0.0,0.00000000,30.326074600219727,0.000000,0.000000
2025-12-04 14:33:47,9.849,0.0008511614287272096,0.0,0.00000000,30.324731826782227,0.000000,0.000000
2025-12-04 14:33:47,9.901,0.0008512890781275928,0.0,0.00000000,30.324731826782227,0.000000,0.000000
2025-12-04 14:33:47,9.954,0.0008525610901415348,0.0,0.00000000,30.323938369750977,0.000000,0.000000
2025-12-04 14:33:47,10.005,0.0008522873395122588,0.0,0.00000000,30.323938369750977,0.000000,0.000000
2025-12-04 14:33:47,10.058,0.0008519487455487251,0.0,0.00000000,30.325098037719727,0.000000,0.000000
2025-12-04 14:33:47,10.110,0.0008517912356182933,0.0,0.00000000,30.325098037719727,0.000000,0.000000
2025-12-04 14:33:47,10.162,0.0008516038069501519,0.0,0.00000000,30.325037002563477,0.000000,0.000000
2025-12-04 14:33:47,10.214,0.0008520316332578659,0.0,0.00000000,30.325037002563477,0.000000,0.000000
2025-12-04 14:33:47,10.266,0.0008521554409526289,0.0,0.00000000,30.326257705688477,0.000000,0.000000
2025-12-04 14:33:47,10.318,0.0008508989121764898,0.0,0.00000000,30.326257705688477,0.000000,0.000000
2025-12-04 14:33:47,10.371,0.0008509015897288918,0.0,0.00000000,30.324487686157227,0.000000,0.000000
2025-12-04 14:33:47,10.423,0.0008519800030626357,0.0,0.00000000,30.324487686157227,0.000000,0.000000
2025-12-04 14:33:47,10.475,0.0008518348913639784,0.0,0.00000000,30.3233585357666,0.000000,0.000000
2025-12-04 14:33:47,10.527,0.0008516303496435285,0.0,0.00000000,30.3233585357666,0.000000,0.000000
2025-12-04 14:33:47,10.579,0.0008514982182532549,0.0,0.00000000,30.324975967407227,0.000000,0.000000
2025-12-04 14:33:48,10.631,0.0008514659712091088,0.0,0.00000000,30.324975967407227,0.000000,0.000000
2025-12-04 14:33:48,10.683,0.0008518218528479338,0.0,0.00000000,30.32695960998535,0.000000,0.000000
2025-12-04 14:33:48,10.735,0.0008517125388607383,0.0,0.00000000,30.3227481842041,0.000000,0.000000
2025-12-04 14:33:48,10.788,0.0008514316868968308,0.0,0.00000000,30.3227481842041,0.000000,0.000000
2025-12-04 14:33:48,10.840,0.0008517029345966876,0.0,0.00000000,30.322839736938477,0.000000,0.000000
2025-12-04 14:33:48,10.892,0.0008528336184099317,0.0,0.00000000,30.322839736938477,0.000000,0.000000
2025-12-04 14:33:48,10.944,0.000854451849590987,0.0,0.00000000,30.3238468170166,0.000000,0.000000
2025-12-04 14:33:48,10.996,0.0008548088953830302,0.0,0.00000000,30.3238468170166,0.000000,0.000000
2025-12-04 14:33:48,11.048,0.000853900273796171,0.0,0.00000000,30.32720375061035,0.000000,0.000000
2025-12-04 14:33:48,11.100,0.000853345962241292,0.0,0.00000000,30.32720375061035,0.000000,0.000000
2025-12-04 14:33:48,11.152,0.0008531463099643588,0.0,0.00000000,30.324853897094727,0.000000,0.000000
2025-12-04 14:33:48,11.205,0.0008528620237484574,0.0,0.00000000,30.324853897094727,0.000000,0.000000
2025-12-04 14:33:48,11.257,0.0008525279117748141,0.0,0.00000000,30.32464027404785,0.000000,0.000000
2025-12-04 14:33:48,11.309,0.0008521619020029902,0.0,0.00000000,30.32464027404785,0.000000,0.000000
2025-12-04 14:33:48,11.361,0.0008515100926160812,0.0,0.00000000,30.3257999420166,0.000000,0.000000
2025-12-04 14:33:48,11.413,0.0008511714986525476,0.0,0.00000000,30.3257999420166,0.000000,0.000000
2025-12-04 14:33:48,11.465,0.000851524411700666,0.0,0.00000000,30.3247013092041,0.000000,0.000000
2025-12-04 14:33:48,11.517,0.0008516234811395407,0.0,0.00000000,30.3247013092041,0.000000,0.000000
2025-12-04 14:33:48,11.569,0.0008516195230185986,0.0,0.00000000,30.3260440826416,0.000000,0.000000
2025-12-04 14:33:49,11.622,0.0008515262743458152,0.0,0.00000000,30.3260440826416,0.000000,0.000000
2025-12-04 14:33:49,11.674,0.0008512576459906995,0.0,0.00000000,30.3237247467041,0.000000,0.000000
2025-12-04 14:33:49,11.726,0.0008512166095897555,0.0,0.00000000,30.3237247467041,0.000000,0.000000
2025-12-04 14:33:49,11.778,0.0008511587511748075,0.0,0.00000000,30.32708168029785,0.000000,0.000000
2025-12-04 14:33:49,11.830,0.0008506621234118938,0.0,0.00000000,30.32708168029785,0.000000,0.000000
2025-12-04 14:33:49,11.882,0.0008504434954375029,0.0,0.00000000,30.3264102935791,0.000000,0.000000
2025-12-04 14:33:49,11.934,0.0008507081656716764,0.0,0.00000000,30.326745986938477,0.000000,0.000000
2025-12-04 14:33:49,11.986,0.0008510184125043452,0.0,0.00000000,30.326745986938477,0.000000,0.000000
2025-12-04 14:33:49,12.039,0.0008511259220540524,0.0,0.00000000,30.326745986938477,0.000000,0.000000
2025-12-04 14:33:49,12.091,0.0008509105537086725,0.0,0.00000000,30.326745986938477,0.000000,0.000000
2025-12-04 14:33:49,12.143,0.0008507763268426061,0.0,0.00000000,30.3249454498291,0.000000,0.000000
2025-12-04 14:33:49,12.195,0.0008506625890731812,0.0,0.00000000,30.3249454498291,0.000000,0.000000
2025-12-04 14:33:49,12.247,0.0008504093275405467,0.0,0.00000000,30.32647132873535,0.000000,0.000000
2025-12-04 14:33:49,12.299,0.0008501328993588686,0.0,0.00000000,30.32647132873535,0.000000,0.000000
2025-12-04 14:33:49,12.351,0.0008499046671204269,0.0,0.00000000,30.326745986938477,0.000000,0.000000
2025-12-04 14:33:49,12.403,0.0008493158384226263,0.0,0.00000000,30.326745986938477,0.000000,0.000000
2025-12-04 14:33:49,12.456,0.0008486344013363123,0.0,0.00000000,30.3262882232666,0.000000,0.000000
2025-12-04 14:33:49,12.508,0.000848348019644618,0.0,0.00000000,30.3262882232666,0.000000,0.000000
2025-12-04 14:33:49,12.560,0.0008479690877720714,0.0,0.00000000,30.325281143188477,0.000000,0.000000
2025-12-04 14:33:50,12.612,0.0008478305535390973,0.0,0.00000000,30.325281143188477,0.000000,0.000000
2025-12-04 14:33:50,12.664,0.000848279451020062,0.0,0.00000000,30.324487686157227,0.000000,0.000000
2025-12-04 14:33:50,12.716,0.0008488338789902627,0.0,0.00000000,30.324487686157227,0.000000,0.000000
2025-12-04 14:33:50,12.768,0.0008491980261169374,0.0,0.00000000,30.32415199279785,0.000000,0.000000
2025-12-04 14:33:50,12.821,0.0008476815419271588,0.0,0.00000000,30.32415199279785,0.000000,0.000000
2025-12-04 14:33:50,12.873,0.000847584567964077,0.0,0.00000000,30.324853897094727,0.000000,0.000000
2025-12-04 14:33:50,12.925,0.0008500374387949705,0.0,0.00000000,30.324853897094727,0.000000,0.000000
2025-12-04 14:33:50,12.977,0.0008508462924510241,0.0,0.00000000,30.3261661529541,0.000000,0.000000
2025-12-04 14:33:50,13.029,0.00085050193592906,0.0,0.00000000,30.325464248657227,0.000000,0.000000
2025-12-04 14:33:50,13.081,0.0008502696873620152,0.0,0.00000000,30.325464248657227,0.000000,0.000000
2025-12-04 14:33:50,13.133,0.0008499698014929891,0.0,0.00000000,30.3273868560791,0.000000,0.000000
2025-12-04 14:33:50,13.186,0.0008492658380419016,0.0,0.00000000,30.3273868560791,0.000000,0.000000
2025-12-04 14:33:50,13.238,0.0008492108900099993,0.0,0.00000000,30.325769424438477,0.000000,0.000000
2025-12-04 14:33:50,13.290,0.0008495253277942538,0.0,0.00000000,30.325769424438477,0.000000,0.000000
2025-12-04 14:33:50,13.342,0.0008480728720314801,0.0,0.00000000,30.325403213500977,0.000000,0.000000
2025-12-04 14:33:50,13.394,0.0008484572754241526,0.0,0.00000000,30.325403213500977,0.000000,0.000000
2025-12-04 14:33:50,13.446,0.0008502642740495503,0.0,0.00000000,30.326807022094727,0.000000,0.000000
2025-12-04 14:33:50,13.498,0.0008501596748828888,0.0,0.00000000,30.326807022094727,0.000000,0.000000
2025-12-04 14:33:50,13.550,0.0008500214898958802,0.0,0.00000000,30.3265323638916,0.000000,0.000000
2025-12-04 14:33:50,13.603,0.0008494406938552856,0.0,0.00000000,30.3265323638916,0.000000,0.000000
2025-12-04 14:33:51,13.655,0.000849052332341671,0.0,0.00000000,30.324731826782227,0.000000,0.000000
2025-12-04 14:33:51,13.707,0.0008494619396515191,0.0,0.00000000,30.324731826782227,0.000000,0.000000
2025-12-04 14:33:51,13.759,0.0008494873763993382,0.0,0.00000000,30.325037002563477,0.000000,0.000000
2025-12-04 14:33:51,13.811,0.0008495226502418518,0.0,0.00000000,30.325037002563477,0.000000,0.000000
2025-12-04 14:33:51,13.863,0.0008499464020133018,0.0,0.00000000,30.32500648498535,0.000000,0.000000
2025-12-04 14:33:51,13.915,0.0008499693358317018,0.0,0.00000000,30.32500648498535,0.000000,0.000000
2025-12-04 14:33:51,13.967,0.0008497202070429921,0.0,0.00000000,30.326013565063477,0.000000,0.000000
2025-12-04 14:33:51,14.020,0.0008495586225762963,0.0,0.00000000,30.326013565063477,0.000000,0.000000
2025-12-04 14:33:51,14.072,0.0008493492496199906,0.0,0.00000000,30.326745986938477,0.000000,0.000000
2025-12-04 14:33:51,14.124,0.0008491991320624948,0.0,0.00000000,30.326745986938477,0.000000,0.000000
2025-12-04 14:33:51,14.176,0.0008491291664540768,0.0,0.00000000,30.323389053344727,0.000000,0.000000
2025-12-04 14:33:51,14.228,0.0008491681655868888,0.0,0.00000000,30.326196670532227,0.000000,0.000000
2025-12-04 14:33:51,14.280,0.0008496531518176198,0.0,0.00000000,30.326196670532227,0.000000,0.000000
2025-12-04 14:33:51,14.332,0.0008497505914419889,0.0,0.00000000,30.32378578186035,0.000000,0.000000
2025-12-04 14:33:51,14.385,0.0008492969791404903,0.0,0.00000000,30.32378578186035,0.000000,0.000000
2025-12-04 14:33:51,14.437,0.0008480923133902252,0.0,0.00000000,30.32244300842285,0.000000,0.000000
2025-12-04 14:33:51,14.489,0.0008481767144985497,0.0,0.00000000,30.32244300842285,0.000000,0.000000
2025-12-04 14:33:51,14.541,0.0008493833593092859,0.0,0.00000000,30.3244571685791,0.000000,0.000000
2025-12-04 14:33:51,14.593,0.0008496491936966777,0.0,0.00000000,30.3244571685791,0.000000,0.000000
2025-12-04 14:33:52,14.645,0.000849587086122483,0.0,0.00000000,30.325403213500977,0.000000,0.000000
2025-12-04 14:33:52,14.697,0.0008492055349051952,0.0,0.00000000,30.325403213500977,0.000000,0.000000
2025-12-04 14:33:52,14.749,0.0008493249188177288,0.0,0.00000000,30.3243350982666,0.000000,0.000000
2025-12-04 14:33:52,14.802,0.0008494191570207477,0.0,0.00000000,30.3243350982666,0.000000,0.000000
2025-12-04 14:33:52,14.854,0.0008490131003782153,0.0,0.00000000,30.32439613342285,0.000000,0.000000
2025-12-04 14:33:52,14.906,0.0008488160674460232,0.0,0.00000000,30.32439613342285,0.000000,0.000000
2025-12-04 14:33:52,14.958,0.0008475083159282804,0.0,0.00000000,30.32354164123535,0.000000,0.000000
2025-12-04 14:33:52,15.010,0.0008477119263261557,0.0,0.00000000,30.32354164123535,0.000000,0.000000
2025-12-04 14:33:52,15.062,0.0008495294605381787,0.0,0.00000000,30.323816299438477,0.000000,0.000000
2025-12-04 14:33:52,15.114,0.0008497118251398206,0.0,0.00000000,30.323816299438477,0.000000,0.000000
2025-12-04 14:33:52,15.167,0.0008497326052747667,0.0,0.00000000,30.326562881469727,0.000000,0.000000
2025-12-04 14:33:52,15.219,0.0008498542592860758,0.0,0.00000000,30.326562881469727,0.000000,0.000000
2025-12-04 14:33:52,15.271,0.0008494725916534662,0.0,0.00000000,30.32415199279785,0.000000,0.000000
2025-12-04 14:33:52,15.323,0.0008491886546835303,0.0,0.00000000,30.32415199279785,0.000000,0.000000
2025-12-04 14:33:52,15.375,0.0008492469787597656,0.0,0.00000000,30.324609756469727,0.000000,0.000000
2025-12-04 14:33:52,15.427,0.0008468487067148089,0.0,0.00000000,30.3240909576416,0.000000,0.000000
2025-12-04 14:33:52,15.479,0.0008461431134492159,0.0,0.00000000,30.3240909576416,0.000000,0.000000
2025-12-04 14:33:52,15.531,0.0008489220635965466,0.0,0.00000000,30.32586097717285,0.000000,0.000000
2025-12-04 14:33:52,15.584,0.0008500617695972323,0.0,0.00000000,30.32586097717285,0.000000,0.000000
2025-12-04 14:33:53,15.636,0.0008503053686581552,0.0,0.00000000,30.325281143188477,0.000000,0.000000
2025-12-04 14:33:53,15.688,0.0008501973934471607,0.0,0.00000000,30.325281143188477,0.000000,0.000000
2025-12-04 14:33:53,15.740,0.0008497556555084884,0.0,0.00000000,30.32488441467285,0.000000,0.000000
2025-12-04 14:33:53,15.792,0.0008495671208947897,0.0,0.00000000,30.32488441467285,0.000000,0.000000
2025-12-04 14:33:53,15.844,0.0008493114146403968,0.0,0.00000000,30.3243350982666,0.000000,0.000000
2025-12-04 14:33:53,15.896,0.0008488902822136879,0.0,0.00000000,30.3243350982666,0.000000,0.000000
2025-12-04 14:33:53,15.949,0.0008448422304354608,0.0,0.00000000,30.325891494750977,0.000000,0.000000
2025-12-04 14:33:53,16.001,0.0008451363537460566,0.0,0.00000000,30.325891494750977,0.000000,0.000000
2025-12-04 14:33:53,16.053,0.0008498544339090586,0.0,0.00000000,30.323816299438477,0.000000,0.000000
2025-12-04 14:33:53,16.105,0.0008505634032189846,0.0,0.00000000,30.323816299438477,0.000000,0.000000
2025-12-04 14:33:53,16.157,0.0008502253331243992,0.0,0.00000000,30.325342178344727,0.000000,0.000000
2025-12-04 14:33:53,16.209,0.0008496169466525316,0.0,0.00000000,30.325342178344727,0.000000,0.000000
2025-12-04 14:33:53,16.261,0.0008493619970977306,0.0,0.00000000,30.326074600219727,0.000000,0.000000
2025-12-04 14:33:53,16.313,0.0008488151943311095,0.0,0.00000000,30.326074600219727,0.000000,0.000000
2025-12-04 14:33:53,16.365,0.000848433468490839,0.0,0.00000000,30.32500648498535,0.000000,0.000000
2025-12-04 14:33:53,16.418,0.0008481007535010576,0.0,0.00000000,30.32500648498535,0.000000,0.000000
2025-12-04 14:33:53,16.470,0.0008451101602986455,0.0,0.00000000,30.3259220123291,0.000000,0.000000
2025-12-04 14:33:53,16.522,0.000846453825943172,0.0,0.00000000,30.3259220123291,0.000000,0.000000
2025-12-04 14:33:53,16.574,0.0008507913444191217,0.0,0.00000000,30.324853897094727,0.000000,0.000000
2025-12-04 14:33:54,16.626,0.0008508591563440859,0.0,0.00000000,30.3239688873291,0.000000,0.000000
2025-12-04 14:33:54,16.678,0.0008503841236233711,0.0,0.00000000,30.3239688873291,0.000000,0.000000
2025-12-04 14:33:54,16.730,0.0008499679970555007,0.0,0.00000000,30.3242130279541,0.000000,0.000000
2025-12-04 14:33:54,16.782,0.0008493522182106972,0.0,0.00000000,30.3242130279541,0.000000,0.000000
2025-12-04 14:33:54,16.835,0.0008491385960951447,0.0,0.00000000,30.325159072875977,0.000000,0.000000
2025-12-04 14:33:54,16.887,0.0008491204353049397,0.0,0.00000000,30.325159072875977,0.000000,0.000000
2025-12-04 14:33:54,16.939,0.0008444041013717651,0.0,0.00000000,30.325647354125977,0.000000,0.000000
2025-12-04 14:33:54,16.991,0.0008435823838226497,0.0,0.00000000,30.325647354125977,0.000000,0.000000
2025-12-04 14:33:54,17.043,0.0008492878987453878,0.0,0.00000000,30.326623916625977,0.000000,0.000000
2025-12-04 14:33:54,17.095,0.0008511944906786084,0.0,0.00000000,30.326623916625977,0.000000,0.000000
2025-12-04 14:33:54,17.147,0.0008509251056239009,0.0,0.00000000,30.324975967407227,0.000000,0.000000
2025-12-04 14:33:54,17.200,0.0008501783013343811,0.0,0.00000000,30.324975967407227,0.000000,0.000000
2025-12-04 14:33:54,17.252,0.0008493158966302872,0.0,0.00000000,30.325281143188477,0.000000,0.000000
2025-12-04 14:33:54,17.304,0.0008490460459142923,0.0,0.00000000,30.325281143188477,0.000000,0.000000
2025-12-04 14:33:54,17.356,0.0008489900501444936,0.0,0.00000000,30.3262882232666,0.000000,0.000000
2025-12-04 14:33:54,17.408,0.000848828349262476,0.0,0.00000000,30.3262882232666,0.000000,0.000000
2025-12-04 14:33:54,17.460,0.0008416741620749235,0.0,0.00000000,30.3243350982666,0.000000,0.000000
2025-12-04 14:33:54,17.512,0.000841787550598383,0.0,0.00000000,30.3243350982666,0.000000,0.000000
2025-12-04 14:33:54,17.564,0.0008501572883687913,0.0,0.00000000,30.323755264282227,0.000000,0.000000
2025-12-04 14:33:55,17.617,0.0008510922780260444,0.0,0.00000000,30.323755264282227,0.000000,0.000000
2025-12-04 14:33:55,17.669,0.0008502432610839605,0.0,0.00000000,30.3240909576416,0.000000,0.000000
2025-12-04 14:33:55,17.721,0.0008493191562592983,0.0,0.00000000,30.3240909576416,0.000000,0.000000
2025-12-04 14:33:55,17.773,0.0008489958709105849,0.0,0.00000000,30.32659339904785,0.000000,0.000000
2025-12-04 14:33:55,17.825,0.0008486857987008989,0.0,0.00000000,30.32366371154785,0.000000,0.000000
2025-12-04 14:33:55,17.877,0.0008486541919410229,0.0,0.00000000,30.32366371154785,0.000000,0.000000
2025-12-04 14:33:55,17.929,0.0008473542984575033,0.0,0.00000000,30.325464248657227,0.000000,0.000000
2025-12-04 14:33:55,17.982,0.0008443734841421247,0.0,0.00000000,30.325464248657227,0.000000,0.000000
2025-12-04 14:33:55,18.034,0.0008465001592412591,0.0,0.00000000,30.3262882232666,0.000000,0.000000
2025-12-04 14:33:55,18.086,0.0008502241689711809,0.0,0.00000000,30.3262882232666,0.000000,0.000000
2025-12-04 14:33:55,18.138,0.0008498486131429672,0.0,0.00000000,30.32500648498535,0.000000,0.000000
2025-12-04 14:33:55,18.190,0.0008492990164086223,0.0,0.00000000,30.32500648498535,0.000000,0.000000
2025-12-04 14:33:55,18.242,0.0008489114698022604,0.0,0.00000000,30.325281143188477,0.000000,0.000000
2025-12-04 14:33:55,18.294,0.0008483348065055907,0.0,0.00000000,30.325281143188477,0.000000,0.000000
2025-12-04 14:33:55,18.346,0.00084832648281008,0.0,0.00000000,30.325403213500977,0.000000,0.000000
2025-12-04 14:33:55,18.399,0.0008483057608827949,0.0,0.00000000,30.325403213500977,0.000000,0.000000
2025-12-04 14:33:55,18.451,0.0008424405241385102,0.0,0.00000000,30.32500648498535,0.000000,0.000000
2025-12-04 14:33:55,18.503,0.0008421961683779955,0.0,0.00000000,30.32500648498535,0.000000,0.000000
2025-12-04 14:33:55,18.555,0.0008482252014800906,0.0,0.00000000,30.3232364654541,0.000000,0.000000
2025-12-04 14:33:55,18.607,0.0008487813174724579,0.0,0.00000000,30.3232364654541,0.000000,0.000000
2025-12-04 14:33:56,18.659,0.0008486093720421195,0.0,0.00000000,30.323877334594727,0.000000,0.000000
2025-12-04 14:33:56,18.711,0.0008482419652864337,0.0,0.00000000,30.323877334594727,0.000000,0.000000
2025-12-04 14:33:56,18.763,0.0008479468524456024,0.0,0.00000000,30.325708389282227,0.000000,0.000000
2025-12-04 14:33:56,18.816,0.0008480597171001136,0.0,0.00000000,30.325708389282227,0.000000,0.000000
2025-12-04 14:33:56,18.868,0.0008479480165988207,0.0,0.00000000,30.324975967407227,0.000000,0.000000
2025-12-04 14:33:56,18.920,0.0008475780487060547,0.0,0.00000000,30.324548721313477,0.000000,0.000000
2025-12-04 14:33:56,18.972,0.0008461116813123226,0.0,0.00000000,30.324548721313477,0.000000,0.000000
2025-12-04 14:33:56,19.024,0.0008462239056825638,0.0,0.00000000,30.325098037719727,0.000000,0.000000
2025-12-04 14:33:56,19.076,0.0008478932431899011,0.0,0.00000000,30.325098037719727,0.000000,0.000000
2025-12-04 14:33:56,19.128,0.0008481502300128341,0.0,0.00000000,30.32573890686035,0.000000,0.000000
2025-12-04 14:33:56,19.181,0.0008479005773551762,0.0,0.00000000,30.32573890686035,0.000000,0.000000
2025-12-04 14:33:56,19.233,0.0008478251402266324,0.0,0.00000000,30.32488441467285,0.000000,0.000000
2025-12-04 14:33:56,19.285,0.0008479411480948329,0.0,0.00000000,30.32488441467285,0.000000,0.000000
2025-12-04 14:33:56,19.337,0.0008476517396047711,0.0,0.00000000,30.324548721313477,0.000000,0.000000
2025-12-04 14:33:56,19.389,0.0008472916088066995,0.0,0.00000000,30.324548721313477,0.000000,0.000000
2025-12-04 14:33:56,19.441,0.0008450402528978884,0.0,0.00000000,30.3238468170166,0.000000,0.000000
2025-12-04 14:33:56,19.493,0.0008446559077128768,0.0,0.00000000,30.3238468170166,0.000000,0.000000
2025-12-04 14:33:56,19.545,0.000847211922518909,0.0,0.00000000,30.3251895904541,0.000000,0.000000
2025-12-04 14:33:56,19.598,0.0008481390541419387,0.0,0.00000000,30.3251895904541,0.000000,0.000000
2025-12-04 14:33:57,19.650,0.0008484673453494906,0.0,0.00000000,30.3262882232666,0.000000,0.000000
2025-12-04 14:33:57,19.702,0.0008494462817907333,0.0,0.00000000,30.3262882232666,0.000000,0.000000
2025-12-04 14:33:57,19.754,0.0008505880832672119,0.0,0.00000000,30.3253116607666,0.000000,0.000000
2025-12-04 14:33:57,19.807,0.0008515315130352974,0.0,0.00000000,30.3253116607666,0.000000,0.000000
2025-12-04 14:33:57,19.858,0.0008526652818545699,0.0,0.00000000,30.3237247467041,0.000000,0.000000
2025-12-04 14:33:57,19.910,0.0008537587709724903,0.0,0.00000000,30.3237247467041,0.000000,0.000000
2025-12-04 14:33:57,19.962,0.0008531559724360704,0.0,0.00000000,30.32415199279785,0.000000,0.000000
2025-12-04 14:33:57,20.015,0.0008546147728338838,0.0,0.00000000,30.32415199279785,0.000000,0.000000
2025-12-04 14:33:57,20.067,0.0008577866246923804,0.0,0.00000000,30.327539443969727,0.000000,0.000000
2025-12-04 14:33:57,20.119,0.000858980871271342,0.0,0.00000000,30.327600479125977,0.000000,0.000000
2025-12-04 14:33:57,20.171,0.0008599646389484406,0.0,0.00000000,30.327600479125977,0.000000,0.000000
2025-12-04 14:33:57,20.223,0.0008604680188000202,0.0,0.00000000,30.3251895904541,0.000000,0.000000
2025-12-04 14:33:57,20.275,0.0008606038172729313,0.0,0.00000000,30.3251895904541,0.000000,0.000000
2025-12-04 14:33:57,20.327,0.0008607020135968924,0.0,0.00000000,30.325830459594727,0.000000,0.000000
2025-12-04 14:33:57,20.379,0.0008606918854638934,0.0,0.00000000,30.325830459594727,0.000000,0.000000
2025-12-04 14:33:57,20.432,0.0008602022426202893,0.0,0.00000000,30.325098037719727,0.000000,0.000000
2025-12-04 14:33:57,20.484,0.0008602584712207317,0.0,0.00000000,30.325098037719727,0.000000,0.000000
2025-12-04 14:33:57,20.536,0.0008614695398136973,0.0,0.00000000,30.32598304748535,0.000000,0.000000
2025-12-04 14:33:57,20.588,0.00086258165538311,0.0,0.00000000,30.32598304748535,0.000000,0.000000
2025-12-04 14:33:58,20.640,0.0008629096555523574,0.0,0.00000000,30.3244571685791,0.000000,0.000000
2025-12-04 14:33:58,20.692,0.0008626764174550772,0.0,0.00000000,30.3244571685791,0.000000,0.000000
2025-12-04 14:33:58,20.744,0.0008623595931567252,0.0,0.00000000,30.3251895904541,0.000000,0.000000
2025-12-04 14:33:58,20.797,0.000862099404912442,0.0,0.00000000,30.3251895904541,0.000000,0.000000
2025-12-04 14:33:58,20.849,0.0008618168067187071,0.0,0.00000000,30.32586097717285,0.000000,0.000000
2025-12-04 14:33:58,20.901,0.0008616730337962508,0.0,0.00000000,30.32586097717285,0.000000,0.000000
2025-12-04 14:33:58,20.953,0.0008604838512837887,0.0,0.00000000,30.3253116607666,0.000000,0.000000
2025-12-04 14:33:58,21.005,0.0008607719792053103,0.0,0.00000000,30.3253116607666,0.000000,0.000000
2025-12-04 14:33:58,21.057,0.0008625454502180219,0.0,0.00000000,30.326379776000977,0.000000,0.000000
2025-12-04 14:33:58,21.109,0.0008625495247542858,0.0,0.00000000,30.326379776000977,0.000000,0.000000
2025-12-04 14:33:58,21.161,0.0008621281012892723,0.0,0.00000000,30.326318740844727,0.000000,0.000000
2025-12-04 14:33:58,21.214,0.0008617602870799601,0.0,0.00000000,30.326318740844727,0.000000,0.000000
2025-12-04 14:33:58,21.266,0.0008613301906734705,0.0,0.00000000,30.32500648498535,0.000000,0.000000
2025-12-04 14:33:58,21.318,0.0008612048113718629,0.0,0.00000000,30.325708389282227,0.000000,0.000000
2025-12-04 14:33:58,21.370,0.0008612124947831035,0.0,0.00000000,30.325708389282227,0.000000,0.000000
2025-12-04 14:33:58,21.422,0.0008610683726146817,0.0,0.00000000,30.325769424438477,0.000000,0.000000
2025-12-04 14:33:58,21.474,0.0008613314712420106,0.0,0.00000000,30.325769424438477,0.000000,0.000000
2025-12-04 14:33:58,21.526,0.0008616962004452944,0.0,0.00000000,30.32439613342285,0.000000,0.000000
2025-12-04 14:33:58,21.579,0.0008614134858362377,0.0,0.00000000,30.32439613342285,0.000000,0.000000
2025-12-04 14:33:59,21.631,0.0008611367084085941,0.0,0.00000000,30.32354164123535,0.000000,0.000000
2025-12-04 14:33:59,21.683,0.0008601538138464093,0.0,0.00000000,30.32354164123535,0.000000,0.000000
2025-12-04 14:33:59,21.735,0.0008600129513069987,0.0,0.00000000,30.32464027404785,0.000000,0.000000
2025-12-04 14:33:59,21.787,0.0008612126111984253,0.0,0.00000000,30.32464027404785,0.000000,0.000000
2025-12-04 14:33:59,21.839,0.0008615662227384746,0.0,0.00000000,30.3248233795166,0.000000,0.000000
2025-12-04 14:33:59,21.891,0.0008613436366431415,0.0,0.00000000,30.3248233795166,0.000000,0.000000
2025-12-04 14:33:59,21.943,0.0008612045785412192,0.0,0.00000000,30.325159072875977,0.000000,0.000000
2025-12-04 14:33:59,21.996,0.0008614016696810722,0.0,0.00000000,30.325159072875977,0.000000,0.000000
2025-12-04 14:33:59,22.048,0.0008613616228103638,0.0,0.00000000,30.3256778717041,0.000000,0.000000
2025-12-04 14:33:59,22.100,0.000861046020872891,0.0,0.00000000,30.3256778717041,0.000000,0.000000
2025-12-04 14:33:59,22.153,0.0008607542840763927,0.0,0.00000000,30.323938369750977,0.000000,0.000000
2025-12-04 14:33:59,22.204,0.0008593621896579862,0.0,0.00000000,30.323938369750977,0.000000,0.000000
2025-12-04 14:33:59,22.256,0.0008597318665124476,0.0,0.00000000,30.3227481842041,0.000000,0.000000
2025-12-04 14:33:59,22.308,0.0008617172716185451,0.0,0.00000000,30.3227481842041,0.000000,0.000000
2025-12-04 14:33:59,22.361,0.0008618194260634482,0.0,0.00000000,30.32537269592285,0.000000,0.000000
2025-12-04 14:33:59,22.413,0.0008615897968411446,0.0,0.00000000,30.32537269592285,0.000000,0.000000
2025-12-04 14:33:59,22.465,0.0008612821693532169,0.0,0.00000000,30.325952529907227,0.000000,0.000000
2025-12-04 14:33:59,22.517,0.0008606982883065939,0.0,0.00000000,30.3243350982666,0.000000,0.000000
2025-12-04 14:33:59,22.569,0.0008604403119534254,0.0,0.00000000,30.3243350982666,0.000000,0.000000
2025-12-04 14:34:00,22.621,0.0008603011956438422,0.0,0.00000000,30.323999404907227,0.000000,0.000000
2025-12-04 14:34:00,22.673,0.0008584125898778439,0.0,0.00000000,30.323999404907227,0.000000,0.000000
2025-12-04 14:34:00,22.725,0.0008579696295782924,0.0,0.00000000,30.3249454498291,0.000000,0.000000
2025-12-04 14:34:00,22.777,0.0008600607397966087,0.0,0.00000000,30.3249454498291,0.000000,0.000000
2025-12-04 14:34:00,22.830,0.0008610312361270189,0.0,0.00000000,30.3270206451416,0.000000,0.000000
2025-12-04 14:34:00,22.882,0.0008611747180111706,0.0,0.00000000,30.3270206451416,0.000000,0.000000
2025-12-04 14:34:00,22.934,0.0008608080097474158,0.0,0.00000000,30.32561683654785,0.000000,0.000000
2025-12-04 14:34:00,22.986,0.0008604000322520733,0.0,0.00000000,30.32561683654785,0.000000,0.000000
2025-12-04 14:34:00,23.038,0.0008602527668699622,0.0,0.00000000,30.3255558013916,0.000000,0.000000
2025-12-04 14:34:00,23.090,0.0008595956023782492,0.0,0.00000000,30.3255558013916,0.000000,0.000000
2025-12-04 14:34:00,23.142,0.0008592724334448576,0.0,0.00000000,30.325098037719727,0.000000,0.000000
2025-12-04 14:34:00,23.195,0.0008567501790821552,0.0,0.00000000,30.325098037719727,0.000000,0.000000
2025-12-04 14:34:00,23.247,0.0008567660697735846,0.0,0.00000000,30.32402992248535,0.000000,0.000000
2025-12-04 14:34:00,23.299,0.0008602918242104352,0.0,0.00000000,30.32402992248535,0.000000,0.000000
2025-12-04 14:34:00,23.351,0.0008609371725469828,0.0,0.00000000,30.324853897094727,0.000000,0.000000
2025-12-04 14:34:00,23.403,0.0008607447380200028,0.0,0.00000000,30.324853897094727,0.000000,0.000000
2025-12-04 14:34:00,23.455,0.0008606948540546,0.0,0.00000000,30.326684951782227,0.000000,0.000000
2025-12-04 14:34:00,23.507,0.0008603173773735762,0.0,0.00000000,30.326684951782227,0.000000,0.000000
2025-12-04 14:34:00,23.559,0.0008596585248596966,0.0,0.00000000,30.3253116607666,0.000000,0.000000
2025-12-04 14:34:01,23.612,0.0008594755781814456,0.0,0.00000000,30.324121475219727,0.000000,0.000000
2025-12-04 14:34:01,23.664,0.0008593727252446115,0.0,0.00000000,30.324121475219727,0.000000,0.000000
2025-12-04 14:34:01,23.716,0.0008590256911702454,0.0,0.00000000,30.324670791625977,0.000000,0.000000
2025-12-04 14:34:01,23.768,0.000859646825119853,0.0,0.00000000,30.324670791625977,0.000000,0.000000
2025-12-04 14:34:01,23.820,0.0008604048052802682,0.0,0.00000000,30.3247013092041,0.000000,0.000000
2025-12-04 14:34:01,23.873,0.0008601727313362062,0.0,0.00000000,30.3247013092041,0.000000,0.000000
2025-12-04 14:34:01,23.924,0.0008599384455010295,0.0,0.00000000,30.325464248657227,0.000000,0.000000
2025-12-04 14:34:01,23.977,0.0008593255188316107,0.0,0.00000000,30.325464248657227,0.000000,0.000000
2025-12-04 14:34:01,24.029,0.0008590801735408604,0.0,0.00000000,30.324731826782227,0.000000,0.000000
2025-12-04 14:34:01,24.081,0.0008592952508479357,0.0,0.00000000,30.324731826782227,0.000000,0.000000
2025-12-04 14:34:01,24.133,0.0008590908255428076,0.0,0.00000000,30.32525062561035,0.000000,0.000000
2025-12-04 14:34:01,24.185,0.0008580245776101947,0.0,0.00000000,30.32525062561035,0.000000,0.000000
2025-12-04 14:34:01,24.237,0.0008584907045587897,0.0,0.00000000,30.325952529907227,0.000000,0.000000
2025-12-04 14:34:01,24.289,0.0008600996807217598,0.0,0.00000000,30.325952529907227,0.000000,0.000000
2025-12-04 14:34:01,24.341,0.0008602725574746728,0.0,0.00000000,30.3238468170166,0.000000,0.000000
2025-12-04 14:34:01,24.394,0.0008600297151133418,0.0,0.00000000,30.3238468170166,0.000000,0.000000
2025-12-04 14:34:01,24.446,0.0008592151571065187,0.0,0.00000000,30.325952529907227,0.000000,0.000000
2025-12-04 14:34:01,24.498,0.0008588585769757628,0.0,0.00000000,30.325952529907227,0.000000,0.000000
2025-12-04 14:34:01,24.550,0.0008592052618041635,0.0,0.00000000,30.32390785217285,0.000000,0.000000
2025-12-04 14:34:01,24.602,0.0008590869838371873,0.0,0.00000000,30.32390785217285,0.000000,0.000000
2025-12-04 14:34:02,24.654,0.0008591185323894024,0.0,0.00000000,30.32464027404785,0.000000,0.000000
2025-12-04 14:34:02,24.706,0.0008587316842749715,0.0,0.00000000,30.32464027404785,0.000000,0.000000
2025-12-04 14:34:02,24.759,0.0008588120108470321,0.0,0.00000000,30.324243545532227,0.000000,0.000000
2025-12-04 14:34:02,24.811,0.0008595993858762085,0.0,0.00000000,30.325525283813477,0.000000,0.000000
2025-12-04 14:34:02,24.863,0.0008594018872827291,0.0,0.00000000,30.325525283813477,0.000000,0.000000
2025-12-04 14:34:02,24.915,0.0008590025827288628,0.0,0.00000000,30.3239688873291,0.000000,0.000000
2025-12-04 14:34:02,24.967,0.0008588010678067803,0.0,0.00000000,30.3239688873291,0.000000,0.000000
2025-12-04 14:34:02,25.019,0.0008587707998231053,0.0,0.00000000,30.325403213500977,0.000000,0.000000
2025-12-04 14:34:02,25.071,0.000858822138980031,0.0,0.00000000,30.325403213500977,0.000000,0.000000
2025-12-04 14:34:02,25.123,0.0008590311044827104,0.0,0.00000000,30.325037002563477,0.000000,0.000000
2025-12-04 14:34:02,25.176,0.0008588112541474402,0.0,0.00000000,30.325037002563477,0.000000,0.000000
2025-12-04 14:34:02,25.228,0.0008583657909184694,0.0,0.00000000,30.3248233795166,0.000000,0.000000
2025-12-04 14:34:02,25.280,0.0008587914635427296,0.0,0.00000000,30.3248233795166,0.000000,0.000000
2025-12-04 14:34:02,25.332,0.0008587738266214728,0.0,0.00000000,30.326135635375977,0.000000,0.000000
2025-12-04 14:34:02,25.384,0.0008581170113757253,0.0,0.00000000,30.326135635375977,0.000000,0.000000
2025-12-04 14:34:02,25.436,0.0008578751003369689,0.0,0.00000000,30.325403213500977,0.000000,0.000000
2025-12-04 14:34:02,25.488,0.0008577114203944802,0.0,0.00000000,30.325403213500977,0.000000,0.000000
2025-12-04 14:34:02,25.540,0.0008579017594456673,0.0,0.00000000,30.3261661529541,0.000000,0.000000
2025-12-04 14:34:02,25.593,0.0008580991998314857,0.0,0.00000000,30.3261661529541,0.000000,0.000000
2025-12-04 14:34:03,25.645,0.0008579234126955271,0.0,0.00000000,30.325891494750977,0.000000,0.000000
2025-12-04 14:34:03,25.697,0.0008562704897485673,0.0,0.00000000,30.325891494750977,0.000000,0.000000
2025-12-04 14:34:03,25.749,0.0008563868468627334,0.0,0.00000000,30.325525283813477,0.000000,0.000000
2025-12-04 14:34:03,25.801,0.00085792550817132,0.0,0.00000000,30.325525283813477,0.000000,0.000000
2025-12-04 14:34:03,25.853,0.0008578457636758685,0.0,0.00000000,30.32488441467285,0.000000,0.000000
2025-12-04 14:34:03,25.906,0.0008579136338084936,0.0,0.00000000,30.32488441467285,0.000000,0.000000
2025-12-04 14:34:03,25.957,0.0008577515836805105,0.0,0.00000000,30.32439613342285,0.000000,0.000000
2025-12-04 14:34:03,26.010,0.0008577817352488637,0.0,0.00000000,30.323694229125977,0.000000,0.000000
2025-12-04 14:34:03,26.062,0.0008581905858591199,0.0,0.00000000,30.323694229125977,0.000000,0.000000
2025-12-04 14:34:03,26.114,0.0008580021094530821,0.0,0.00000000,30.32305335998535,0.000000,0.000000
2025-12-04 14:34:03,26.166,0.0008574998355470598,0.0,0.00000000,30.32305335998535,0.000000,0.000000
2025-12-04 14:34:03,26.218,0.0008562310831621289,0.0,0.00000000,30.324792861938477,0.000000,0.000000
2025-12-04 14:34:03,26.270,0.0008564573945477605,0.0,0.00000000,30.324792861938477,0.000000,0.000000
2025-12-04 14:34:03,26.323,0.0008581459405831993,0.0,0.00000000,30.325769424438477,0.000000,0.000000
2025-12-04 14:34:03,26.375,0.0008582920418120921,0.0,0.00000000,30.325769424438477,0.000000,0.000000
2025-12-04 14:34:03,26.427,0.0008580777794122696,0.0,0.00000000,30.32268714904785,0.000000,0.000000
2025-12-04 14:34:03,26.479,0.0008583386079408228,0.0,0.00000000,30.32268714904785,0.000000,0.000000
2025-12-04 14:34:03,26.531,0.0008582680020481348,0.0,0.00000000,30.324548721313477,0.000000,0.000000
2025-12-04 14:34:03,26.583,0.0008574553648941219,0.0,0.00000000,30.324548721313477,0.000000,0.000000
2025-12-04 14:34:04,26.635,0.0008573246304877102,0.0,0.00000000,30.3253116607666,0.000000,0.000000
2025-12-04 14:34:04,26.687,0.0008553946390748024,0.0,0.00000000,30.3253116607666,0.000000,0.000000
2025-12-04 14:34:04,26.739,0.0008547827019356191,0.0,0.00000000,30.324853897094727,0.000000,0.000000
2025-12-04 14:34:04,26.792,0.0008570794016122818,0.0,0.00000000,30.324853897094727,0.000000,0.000000
2025-12-04 14:34:04,26.844,0.0008577106054872274,0.0,0.00000000,30.32586097717285,0.000000,0.000000
2025-12-04 14:34:04,26.896,0.0008577167754992843,0.0,0.00000000,30.32586097717285,0.000000,0.000000
2025-12-04 14:34:04,26.948,0.0008577106054872274,0.0,0.00000000,30.324365615844727,0.000000,0.000000
2025-12-04 14:34:04,27.000,0.0008574083913117647,0.0,0.00000000,30.324365615844727,0.000000,0.000000
2025-12-04 14:34:04,27.052,0.0008570966310799122,0.0,0.00000000,30.32525062561035,0.000000,0.000000
2025-12-04 14:34:04,27.104,0.0008570083882659674,0.0,0.00000000,30.32525062561035,0.000000,0.000000
2025-12-04 14:34:04,27.157,0.0008568874909542501,0.0,0.00000000,30.32305335998535,0.000000,0.000000
2025-12-04 14:34:04,27.209,0.000854961690492928,0.0,0.00000000,30.323816299438477,0.000000,0.000000
2025-12-04 14:34:04,27.261,0.0008550487109459937,0.0,0.00000000,30.323816299438477,0.000000,0.000000
2025-12-04 14:34:04,27.313,0.0008571940124966204,0.0,0.00000000,30.32671546936035,0.000000,0.000000
2025-12-04 14:34:04,27.365,0.0008577873231843114,0.0,0.00000000,30.32671546936035,0.000000,0.000000
2025-12-04 14:34:04,27.417,0.0008578114211559296,0.0,0.00000000,30.3275089263916,0.000000,0.000000
2025-12-04 14:34:04,27.469,0.0008572080405429006,0.0,0.00000000,30.3275089263916,0.000000,0.000000
2025-12-04 14:34:04,27.521,0.0008571078069508076,0.0,0.00000000,30.32549476623535,0.000000,0.000000
2025-12-04 14:34:04,27.574,0.0008567172917537391,0.0,0.00000000,30.32549476623535,0.000000,0.000000
2025-12-04 14:34:05,27.626,0.000856241793371737,0.0,0.00000000,30.323999404907227,0.000000,0.000000
2025-12-04 14:34:05,27.678,0.0008560047135688365,0.0,0.00000000,30.323999404907227,0.000000,0.000000
2025-12-04 14:34:05,27.730,0.000855610182043165,0.0,0.00000000,30.326135635375977,0.000000,0.000000
2025-12-04 14:34:05,27.782,0.0008563312003389001,0.0,0.00000000,30.326135635375977,0.000000,0.000000
2025-12-04 14:34:05,27.834,0.0008574362145736814,0.0,0.00000000,30.324365615844727,0.000000,0.000000
2025-12-04 14:34:05,27.886,0.0008574826642870903,0.0,0.00000000,30.324365615844727,0.000000,0.000000
2025-12-04 14:34:05,27.939,0.0008571187499910593,0.0,0.00000000,30.323938369750977,0.000000,0.000000
2025-12-04 14:34:05,27.991,0.0008568244520574808,0.0,0.00000000,30.323938369750977,0.000000,0.000000
2025-12-04 14:34:05,28.043,0.0008564179297536612,0.0,0.00000000,30.324426651000977,0.000000,0.000000
2025-12-04 14:34:05,28.095,0.0008564214804209769,0.0,0.00000000,30.324426651000977,0.000000,0.000000
2025-12-04 14:34:05,28.147,0.0008565060561522841,0.0,0.00000000,30.3249454498291,0.000000,0.000000
2025-12-04 14:34:05,28.199,0.000855082762427628,0.0,0.00000000,30.3249454498291,0.000000,0.000000
2025-12-04 14:34:05,28.251,0.0008554806117899716,0.0,0.00000000,30.323938369750977,0.000000,0.000000
2025-12-04 14:34:05,28.303,0.0008574247476644814,0.0,0.00000000,30.323938369750977,0.000000,0.000000
2025-12-04 14:34:05,28.355,0.0008574931416660547,0.0,0.00000000,30.325586318969727,0.000000,0.000000
2025-12-04 14:34:05,28.408,0.0008572952356189489,0.0,0.00000000,30.32525062561035,0.000000,0.000000
2025-12-04 14:34:05,28.460,0.0008568874909542501,0.0,0.00000000,30.32525062561035,0.000000,0.000000
2025-12-04 14:34:05,28.512,0.0008562856237404048,0.0,0.00000000,30.32610511779785,0.000000,0.000000
2025-12-04 14:34:05,28.564,0.0008563298615626991,0.0,0.00000000,30.32610511779785,0.000000,0.000000
2025-12-04 14:34:06,28.616,0.0008563827723264694,0.0,0.00000000,30.3245792388916,0.000000,0.000000
2025-12-04 14:34:06,28.668,0.0008561058202758431,0.0,0.00000000,30.3245792388916,0.000000,0.000000
2025-12-04 14:34:06,28.721,0.0008559286361560225,0.0,0.00000000,30.32610511779785,0.000000,0.000000
2025-12-04 14:34:06,28.773,0.0008565030293539166,0.0,0.00000000,30.32610511779785,0.000000,0.000000
2025-12-04 14:34:06,28.825,0.0008571641519665718,0.0,0.00000000,30.3255558013916,0.000000,0.000000
2025-12-04 14:34:06,28.877,0.000857110193464905,0.0,0.00000000,30.3255558013916,0.000000,0.000000
2025-12-04 14:34:06,28.929,0.0008566596079617739,0.0,0.00000000,30.325708389282227,0.000000,0.000000
2025-12-04 14:34:06,28.981,0.000856080325320363,0.0,0.00000000,30.325708389282227,0.000000,0.000000
2025-12-04 14:34:06,29.033,0.0008563190931454301,0.0,0.00000000,30.32573890686035,0.000000,0.000000
2025-12-04 14:34:06,29.085,0.0008565181051380932,0.0,0.00000000,30.32573890686035,0.000000,0.000000
2025-12-04 14:34:06,29.138,0.0008562254370190203,0.0,0.00000000,30.3245792388916,0.000000,0.000000
2025-12-04 14:34:06,29.190,0.0008547708857804537,0.0,0.00000000,30.3245792388916,0.000000,0.000000
2025-12-04 14:34:06,29.242,0.0008545716409571469,0.0,0.00000000,30.32586097717285,0.000000,0.000000
2025-12-04 14:34:06,29.294,0.0008565520402044058,0.0,0.00000000,30.32586097717285,0.000000,0.000000
2025-12-04 14:34:06,29.346,0.0008573741069994867,0.0,0.00000000,30.323999404907227,0.000000,0.000000
2025-12-04 14:34:06,29.398,0.0008568959310650826,0.0,0.00000000,30.323999404907227,0.000000,0.000000
2025-12-04 14:34:06,29.450,0.0008564437739551067,0.0,0.00000000,30.32793617248535,0.000000,0.000000
2025-12-04 14:34:06,29.502,0.0008564499439671636,0.0,0.00000000,30.3262882232666,0.000000,0.000000
2025-12-04 14:34:06,29.555,0.0008563228184357285,0.0,0.00000000,30.3262882232666,0.000000,0.000000
2025-12-04 14:34:06,29.607,0.0008563909796066582,0.0,0.00000000,30.325891494750977,0.000000,0.000000
2025-12-04 14:34:07,29.659,0.0008564473828300834,0.0,0.00000000,30.325891494750977,0.000000,0.000000
2025-12-04 14:34:07,29.711,0.0008512288914062083,0.0,0.00000000,30.325647354125977,0.000000,0.000000
2025-12-04 14:34:07,29.763,0.0008513224893249571,0.0,0.00000000,30.325647354125977,0.000000,0.000000
2025-12-04 14:34:07,29.815,0.0008571989019401371,0.0,0.00000000,30.325342178344727,0.000000,0.000000
2025-12-04 14:34:07,29.867,0.0008574994863010943,0.0,0.00000000,30.325342178344727,0.000000,0.000000
2025-12-04 14:34:07,29.919,0.0008570266072638333,0.0,0.00000000,30.324914932250977,0.000000,0.000000
2025-12-04 14:34:07,29.972,0.0008568376069888473,0.0,0.00000000,30.324914932250977,0.000000,0.000000
2025-12-04 14:34:07,30.024,0.0008566671167500317,0.0,0.00000000,30.327478408813477,0.000000,0.000000
2025-12-04 14:34:07,30.076,0.0008568292832933366,0.0,0.00000000,30.327478408813477,0.000000,0.000000
2025-12-04 14:34:07,30.128,0.0008568622870370746,0.0,0.00000000,30.325098037719727,0.000000,0.000000
2025-12-04 14:34:07,30.180,0.0008562037837691605,0.0,0.00000000,30.325098037719727,0.000000,0.000000
2025-12-04 14:34:07,30.232,0.0008526249439455569,0.0,0.00000000,30.325525283813477,0.000000,0.000000
2025-12-04 14:34:07,30.284,0.0008533161599189043,0.0,0.00000000,30.325525283813477,0.000000,0.000000
2025-12-04 14:34:07,30.337,0.0008575160754844546,0.0,0.00000000,30.3256778717041,0.000000,0.000000
2025-12-04 14:34:07,30.389,0.0008578490815125406,0.0,0.00000000,30.3256778717041,0.000000,0.000000
2025-12-04 14:34:07,30.441,0.0008574563544243574,0.0,0.00000000,30.325403213500977,0.000000,0.000000
2025-12-04 14:34:07,30.493,0.0008571703801862895,0.0,0.00000000,30.325403213500977,0.000000,0.000000
2025-12-04 14:34:07,30.545,0.0008572710794396698,0.0,0.00000000,30.327600479125977,0.000000,0.000000
2025-12-04 14:34:07,30.597,0.0008570184581913054,0.0,0.00000000,30.327600479125977,0.000000,0.000000
2025-12-04 14:34:08,30.649,0.0008567157783545554,0.0,0.00000000,30.3250675201416,0.000000,0.000000
2025-12-04 14:34:08,30.701,0.0008523137075826526,0.0,0.00000000,30.3253116607666,0.000000,0.000000
2025-12-04 14:34:08,30.754,0.0008511129999533296,0.0,0.00000000,30.3253116607666,0.000000,0.000000
2025-12-04 14:34:08,30.806,0.0008559873094782233,0.0,0.00000000,30.327051162719727,0.000000,0.000000
2025-12-04 14:34:08,30.858,0.0008577316766604781,0.0,0.00000000,30.327051162719727,0.000000,0.000000
2025-12-04 14:34:08,30.910,0.0008574427920393646,0.0,0.00000000,30.3270206451416,0.000000,0.000000
2025-12-04 14:34:08,30.962,0.0008571232319809496,0.0,0.00000000,30.3270206451416,0.000000,0.000000
2025-12-04 14:34:08,31.014,0.0008570640347898006,0.0,0.00000000,30.32439613342285,0.000000,0.000000
2025-12-04 14:34:08,31.066,0.0008566317264921963,0.0,0.00000000,30.32439613342285,0.000000,0.000000
2025-12-04 14:34:08,31.118,0.0008562812581658363,0.0,0.00000000,30.325830459594727,0.000000,0.000000
2025-12-04 14:34:08,31.171,0.0008561072172597051,0.0,0.00000000,30.325830459594727,0.000000,0.000000
2025-12-04 14:34:08,31.223,0.0008517659734934568,0.0,0.00000000,30.324914932250977,0.000000,0.000000
2025-12-04 14:34:08,31.275,0.0008517865790054202,0.0,0.00000000,30.324914932250977,0.000000,0.000000
2025-12-04 14:34:08,31.327,0.0008565552998334169,0.0,0.00000000,30.325342178344727,0.000000,0.000000
2025-12-04 14:34:08,31.379,0.0008569714846089482,0.0,0.00000000,30.325342178344727,0.000000,0.000000
2025-12-04 14:34:08,31.431,0.0008569344645366073,0.0,0.00000000,30.326868057250977,0.000000,0.000000
2025-12-04 14:34:08,31.483,0.0008567342301830649,0.0,0.00000000,30.326868057250977,0.000000,0.000000
2025-12-04 14:34:08,31.536,0.0008562480797991157,0.0,0.00000000,30.3281192779541,0.000000,0.000000
2025-12-04 14:34:08,31.588,0.0008560364949516952,0.0,0.00000000,30.3281192779541,0.000000,0.000000
2025-12-04 14:34:09,31.640,0.0008556741522625089,0.0,0.00000000,30.3262882232666,0.000000,0.000000
2025-12-04 14:34:09,31.692,0.0008539456757716835,0.0,0.00000000,30.3262882232666,0.000000,0.000000
2025-12-04 14:34:09,31.744,0.0008530355989933014,0.0,0.00000000,30.32512855529785,0.000000,0.000000
2025-12-04 14:34:09,31.796,0.0008549023768864572,0.0,0.00000000,30.32512855529785,0.000000,0.000000
2025-12-04 14:34:09,31.848,0.0008564885938540101,0.0,0.00000000,30.326807022094727,0.000000,0.000000
2025-12-04 14:34:09,31.900,0.000856767175719142,0.0,0.00000000,30.323755264282227,0.000000,0.000000
2025-12-04 14:34:09,31.953,0.0008564250310882926,0.0,0.00000000,30.323755264282227,0.000000,0.000000
2025-12-04 14:34:09,32.005,0.0008560497080907226,0.0,0.00000000,30.325769424438477,0.000000,0.000000
2025-12-04 14:34:09,32.057,0.0008559292182326317,0.0,0.00000000,30.325769424438477,0.000000,0.000000
2025-12-04 14:34:09,32.109,0.0008553335210308433,0.0,0.00000000,30.324121475219727,0.000000,0.000000
2025-12-04 14:34:09,32.161,0.000854865531437099,0.0,0.00000000,30.324121475219727,0.000000,0.000000
2025-12-04 14:34:09,32.213,0.000851827091537416,0.0,0.00000000,30.323877334594727,0.000000,0.000000
2025-12-04 14:34:09,32.265,0.0008518609683960676,0.0,0.00000000,30.323877334594727,0.000000,0.000000
2025-12-04 14:34:09,32.318,0.0008556048269383609,0.0,0.00000000,30.3248233795166,0.000000,0.000000
2025-12-04 14:34:09,32.370,0.0008561969734728336,0.0,0.00000000,30.3248233795166,0.000000,0.000000
2025-12-04 14:34:09,32.422,0.0008558325935155153,0.0,0.00000000,30.325464248657227,0.000000,0.000000
2025-12-04 14:34:09,32.474,0.0008555647218599916,0.0,0.00000000,30.325464248657227,0.000000,0.000000
2025-12-04 14:34:09,32.526,0.0008552407962270081,0.0,0.00000000,30.325769424438477,0.000000,0.000000
2025-12-04 14:34:09,32.578,0.0008546598837710917,0.0,0.00000000,30.325769424438477,0.000000,0.000000
2025-12-04 14:34:10,32.630,0.0008543205331079662,0.0,0.00000000,30.325220108032227,0.000000,0.000000
2025-12-04 14:34:10,32.682,0.0008542982395738363,0.0,0.00000000,30.325220108032227,0.000000,0.000000
2025-12-04 14:34:10,32.735,0.0008537351386621594,0.0,0.00000000,30.324243545532227,0.000000,0.000000
2025-12-04 14:34:10,32.787,0.0008544091833755374,0.0,0.00000000,30.324243545532227,0.000000,0.000000
2025-12-04 14:34:10,32.839,0.0008555804961360991,0.0,0.00000000,30.3264102935791,0.000000,0.000000
2025-12-04 14:34:10,32.891,0.0008553028455935419,0.0,0.00000000,30.3264102935791,0.000000,0.000000
2025-12-04 14:34:10,32.943,0.0008551872451789677,0.0,0.00000000,30.32598304748535,0.000000,0.000000
2025-12-04 14:34:10,32.995,0.0008546476601622999,0.0,0.00000000,30.32598304748535,0.000000,0.000000
2025-12-04 14:34:10,33.047,0.0008540487615391612,0.0,0.00000000,30.32720375061035,0.000000,0.000000
2025-12-04 14:34:10,33.100,0.0008542912546545267,0.0,0.00000000,30.326196670532227,0.000000,0.000000
2025-12-04 14:34:10,33.152,0.0008543247822672129,0.0,0.00000000,30.326196670532227,0.000000,0.000000
2025-12-04 14:34:10,33.204,0.00085304188542068,0.0,0.00000000,30.32598304748535,0.000000,0.000000
2025-12-04 14:34:10,33.256,0.0008534034132026136,0.0,0.00000000,30.32598304748535,0.000000,0.000000
2025-12-04 14:34:10,33.308,0.0008548738551326096,0.0,0.00000000,30.32476234436035,0.000000,0.000000
2025-12-04 14:34:10,33.360,0.0008548783371224999,0.0,0.00000000,30.32476234436035,0.000000,0.000000
2025-12-04 14:34:10,33.412,0.0008546593599021435,0.0,0.00000000,30.326990127563477,0.000000,0.000000
2025-12-04 14:34:10,33.464,0.0008540175622329116,0.0,0.00000000,30.326990127563477,0.000000,0.000000
2025-12-04 14:34:10,33.517,0.0008538149995729327,0.0,0.00000000,30.32695960998535,0.000000,0.000000
2025-12-04 14:34:10,33.569,0.0008540325798094273,0.0,0.00000000,30.32695960998535,0.000000,0.000000
2025-12-04 14:34:11,33.621,0.0008537790272384882,0.0,0.00000000,30.32525062561035,0.000000,0.000000
2025-12-04 14:34:11,33.673,0.000853916397318244,0.0,0.00000000,30.32525062561035,0.000000,0.000000
2025-12-04 14:34:11,33.725,0.0008544329321011901,0.0,0.00000000,30.32647132873535,0.000000,0.000000
2025-12-04 14:34:11,33.777,0.0008542027790099382,0.0,0.00000000,30.32647132873535,0.000000,0.000000
2025-12-04 14:34:11,33.829,0.0008537436369806528,0.0,0.00000000,30.324426651000977,0.000000,0.000000
2025-12-04 14:34:11,33.881,0.0008536823443137109,0.0,0.00000000,30.324426651000977,0.000000,0.000000
2025-12-04 14:34:11,33.933,0.000853878736961633,0.0,0.00000000,30.327112197875977,0.000000,0.000000
2025-12-04 14:34:11,33.986,0.0008555931271985173,0.0,0.00000000,30.327112197875977,0.000000,0.000000
2025-12-04 14:34:11,34.038,0.0008570811478421092,0.0,0.00000000,30.3239688873291,0.000000,0.000000
2025-12-04 14:34:11,34.090,0.0008565869648009539,0.0,0.00000000,30.3239688873291,0.000000,0.000000
2025-12-04 14:34:11,34.142,0.0008562838193029165,0.0,0.00000000,30.326074600219727,0.000000,0.000000
2025-12-04 14:34:11,34.194,0.0008559125708416104,0.0,0.00000000,30.3251895904541,0.000000,0.000000
2025-12-04 14:34:11,34.246,0.0008552326471544802,0.0,0.00000000,30.3251895904541,0.000000,0.000000
2025-12-04 14:34:11,34.299,0.0008549557533115149,0.0,0.00000000,30.325342178344727,0.000000,0.000000
2025-12-04 14:34:11,34.351,0.000854377867653966,0.0,0.00000000,30.325342178344727,0.000000,0.000000
2025-12-04 14:34:11,34.403,0.0008538938709534705,0.0,0.00000000,30.323266983032227,0.000000,0.000000
2025-12-04 14:34:11,34.455,0.0008535743108950555,0.0,0.00000000,30.323266983032227,0.000000,0.000000
2025-12-04 14:34:11,34.507,0.0008536480600014329,0.0,0.00000000,30.325281143188477,0.000000,0.000000
2025-12-04 14:34:11,34.559,0.000854197540320456,0.0,0.00000000,30.325281143188477,0.000000,0.000000
2025-12-04 14:34:12,34.611,0.0008544889278709888,0.0,0.00000000,30.324060440063477,0.000000,0.000000
2025-12-04 14:34:12,34.663,0.0008540818234905601,0.0,0.00000000,30.324060440063477,0.000000,0.000000
2025-12-04 14:34:12,34.716,0.0008537363028153777,0.0,0.00000000,30.323205947875977,0.000000,0.000000
2025-12-04 14:34:12,34.768,0.0008537012035958469,0.0,0.00000000,30.323205947875977,0.000000,0.000000
2025-12-04 14:34:12,34.820,0.0008532406063750386,0.0,0.00000000,30.326074600219727,0.000000,0.000000
2025-12-04 14:34:12,34.872,0.0008530958439223468,0.0,0.00000000,30.326074600219727,0.000000,0.000000
2025-12-04 14:34:12,34.924,0.0008531247149221599,0.0,0.00000000,30.3257999420166,0.000000,0.000000
2025-12-04 14:34:12,34.976,0.0008530603372491896,0.0,0.00000000,30.3257999420166,0.000000,0.000000
2025-12-04 14:34:12,35.028,0.0008536400855518878,0.0,0.00000000,30.324487686157227,0.000000,0.000000
2025-12-04 14:34:12,35.081,0.0008539936970919371,0.0,0.00000000,30.324487686157227,0.000000,0.000000
2025-12-04 14:34:12,35.133,0.0008535358938388526,0.0,0.00000000,30.32573890686035,0.000000,0.000000
2025-12-04 14:34:12,35.185,0.0008534943917766213,0.0,0.00000000,30.32573890686035,0.000000,0.000000
2025-12-04 14:34:12,35.237,0.0008533514337614179,0.0,0.00000000,30.326501846313477,0.000000,0.000000
2025-12-04 14:34:12,35.289,0.0008529875776730478,0.0,0.00000000,30.326501846313477,0.000000,0.000000
2025-12-04 14:34:12,35.341,0.0008530550985597074,0.0,0.00000000,30.3255558013916,0.000000,0.000000
2025-12-04 14:34:12,35.393,0.0008531684288755059,0.0,0.00000000,30.3270206451416,0.000000,0.000000
2025-12-04 14:34:12,35.445,0.0008531627827323973,0.0,0.00000000,30.3270206451416,0.000000,0.000000
2025-12-04 14:34:12,35.498,0.0008533765794709325,0.0,0.00000000,30.3245792388916,0.000000,0.000000
2025-12-04 14:34:12,35.550,0.0008535466040484607,0.0,0.00000000,30.3245792388916,0.000000,0.000000
2025-12-04 14:34:12,35.602,0.0008532165084034204,0.0,0.00000000,30.322839736938477,0.000000,0.000000
2025-12-04 14:34:13,35.654,0.0008532574283890426,0.0,0.00000000,30.322839736938477,0.000000,0.000000
2025-12-04 14:34:13,35.706,0.0008530705235898495,0.0,0.00000000,30.324853897094727,0.000000,0.000000
2025-12-04 14:34:13,35.758,0.0008528010221198201,0.0,0.00000000,30.324853897094727,0.000000,0.000000
2025-12-04 14:34:13,35.810,0.0008529901970177889,0.0,0.00000000,30.323389053344727,0.000000,0.000000
2025-12-04 14:34:13,35.862,0.0008529982296749949,0.0,0.00000000,30.323389053344727,0.000000,0.000000
2025-12-04 14:34:13,35.915,0.000853243691381067,0.0,0.00000000,30.32488441467285,0.000000,0.000000
2025-12-04 14:34:13,35.967,0.0008534511434845626,0.0,0.00000000,30.32488441467285,0.000000,0.000000
2025-12-04 14:34:13,36.019,0.000853438104968518,0.0,0.00000000,30.3260440826416,0.000000,0.000000
2025-12-04 14:34:13,36.071,0.0008532532956451178,0.0,0.00000000,30.3260440826416,0.000000,0.000000
2025-12-04 14:34:13,36.123,0.0008532031206414104,0.0,0.00000000,30.326196670532227,0.000000,0.000000
2025-12-04 14:34:13,36.175,0.000852832745295018,0.0,0.00000000,30.326196670532227,0.000000,0.000000
2025-12-04 14:34:13,36.227,0.0008519534021615982,0.0,0.00000000,30.32586097717285,0.000000,0.000000
2025-12-04 14:34:13,36.279,0.0008512199856340885,0.0,0.00000000,30.32586097717285,0.000000,0.000000
2025-12-04 14:34:13,36.332,0.0008506181184202433,0.0,0.00000000,30.325464248657227,0.000000,0.000000
2025-12-04 14:34:13,36.384,0.0008506313897669315,0.0,0.00000000,30.325464248657227,0.000000,0.000000
2025-12-04 14:34:13,36.436,0.0008509854087606072,0.0,0.00000000,30.32573890686035,0.000000,0.000000
2025-12-04 14:34:13,36.488,0.0008510948391631246,0.0,0.00000000,30.32573890686035,0.000000,0.000000
2025-12-04 14:34:13,36.540,0.0008514814544469118,0.0,0.00000000,30.325525283813477,0.000000,0.000000
2025-12-04 14:34:13,36.592,0.0008519430411979556,0.0,0.00000000,30.325891494750977,0.000000,0.000000
2025-12-04 14:34:14,36.644,0.0008517847745679319,0.0,0.00000000,30.325891494750977,0.000000,0.000000
2025-12-04 14:34:14,36.697,0.0008508148603141308,0.0,0.00000000,30.32427406311035,0.000000,0.000000
2025-12-04 14:34:14,36.749,0.0008514273213222623,0.0,0.00000000,30.32427406311035,0.000000,0.000000
2025-12-04 14:34:14,36.801,0.0008530021295882761,0.0,0.00000000,30.3251895904541,0.000000,0.000000
2025-12-04 14:34:14,36.853,0.0008534229127690196,0.0,0.00000000,30.3251895904541,0.000000,0.000000
2025-12-04 14:34:14,36.905,0.0008534109801985323,0.0,0.00000000,30.325037002563477,0.000000,0.000000
2025-12-04 14:34:14,36.957,0.000853018369525671,0.0,0.00000000,30.325037002563477,0.000000,0.000000
2025-12-04 14:34:14,37.009,0.0008527549798600376,0.0,0.00000000,30.323266983032227,0.000000,0.000000
2025-12-04 14:34:14,37.061,0.0008525409502908587,0.0,0.00000000,30.323266983032227,0.000000,0.000000
2025-12-04 14:34:14,37.114,0.0008524689474143088,0.0,0.00000000,30.323755264282227,0.000000,0.000000
2025-12-04 14:34:14,37.166,0.0008512596832588315,0.0,0.00000000,30.323755264282227,0.000000,0.000000
2025-12-04 14:34:14,37.218,0.0008505159057676792,0.0,0.00000000,30.325647354125977,0.000000,0.000000
2025-12-04 14:34:14,37.270,0.0008524871664121747,0.0,0.00000000,30.325647354125977,0.000000,0.000000
2025-12-04 14:34:14,37.322,0.0008541810675524175,0.0,0.00000000,30.32512855529785,0.000000,0.000000
2025-12-04 14:34:14,37.374,0.0008541790884919465,0.0,0.00000000,30.32512855529785,0.000000,0.000000
2025-12-04 14:34:14,37.426,0.0008537964895367622,0.0,0.00000000,30.3238468170166,0.000000,0.000000
2025-12-04 14:34:14,37.479,0.0008534820517525077,0.0,0.00000000,30.3238468170166,0.000000,0.000000
2025-12-04 14:34:14,37.531,0.0008526899619027972,0.0,0.00000000,30.32512855529785,0.000000,0.000000
2025-12-04 14:34:14,37.583,0.0008525651646777987,0.0,0.00000000,30.32512855529785,0.000000,0.000000
2025-12-04 14:34:15,37.635,0.0008528295438736677,0.0,0.00000000,30.325159072875977,0.000000,0.000000
2025-12-04 14:34:15,37.687,0.0008472234476357698,0.0,0.00000000,30.325159072875977,0.000000,0.000000
2025-12-04 14:34:15,37.739,0.0008474460337311029,0.0,0.00000000,30.3250675201416,0.000000,0.000000
2025-12-04 14:34:15,37.791,0.0008539243135601282,0.0,0.00000000,30.3250675201416,0.000000,0.000000
2025-12-04 14:34:15,37.843,0.0008546073222532868,0.0,0.00000000,30.3250675201416,0.000000,0.000000
2025-12-04 14:34:15,37.895,0.0008542925934307277,0.0,0.00000000,30.323999404907227,0.000000,0.000000
2025-12-04 14:34:15,37.948,0.000853771052788943,0.0,0.00000000,30.323999404907227,0.000000,0.000000
2025-12-04 14:34:15,38.000,0.0008530314080417156,0.0,0.00000000,30.324243545532227,0.000000,0.000000
2025-12-04 14:34:15,38.052,0.0008527428144589067,0.0,0.00000000,30.324243545532227,0.000000,0.000000
2025-12-04 14:34:15,38.104,0.0008526736637577415,0.0,0.00000000,30.322717666625977,0.000000,0.000000
2025-12-04 14:34:15,38.156,0.0008525233715772629,0.0,0.00000000,30.322717666625977,0.000000,0.000000
2025-12-04 14:34:15,38.208,0.0008483462734147906,0.0,0.00000000,30.325525283813477,0.000000,0.000000
2025-12-04 14:34:15,38.260,0.0008490178734064102,0.0,0.00000000,30.325525283813477,0.000000,0.000000
2025-12-04 14:34:15,38.313,0.0008543329313397408,0.0,0.00000000,30.323266983032227,0.000000,0.000000
2025-12-04 14:34:15,38.365,0.0008546152384951711,0.0,0.00000000,30.323266983032227,0.000000,0.000000
2025-12-04 14:34:15,38.417,0.0008538296679034829,0.0,0.00000000,30.32500648498535,0.000000,0.000000
2025-12-04 14:34:15,38.469,0.0008531709318049252,0.0,0.00000000,30.32500648498535,0.000000,0.000000
2025-12-04 14:34:15,38.521,0.0008531057392247021,0.0,0.00000000,30.324487686157227,0.000000,0.000000
2025-12-04 14:34:15,38.573,0.0008529355982318521,0.0,0.00000000,30.324487686157227,0.000000,0.000000
2025-12-04 14:34:16,38.625,0.0008530706400051713,0.0,0.00000000,30.324853897094727,0.000000,0.000000
2025-12-04 14:34:16,38.677,0.0008500876720063388,0.0,0.00000000,30.324853897094727,0.000000,0.000000
2025-12-04 14:34:16,38.730,0.000848243129439652,0.0,0.00000000,30.324731826782227,0.000000,0.000000
2025-12-04 14:34:16,38.782,0.0008521495619788766,0.0,0.00000000,30.324731826782227,0.000000,0.000000
2025-12-04 14:34:16,38.834,0.0008546882309019566,0.0,0.00000000,30.324609756469727,0.000000,0.000000
2025-12-04 14:34:16,38.886,0.0008542329305782914,0.0,0.00000000,30.324609756469727,0.000000,0.000000
2025-12-04 14:34:16,38.938,0.0008535691304132342,0.0,0.00000000,30.32720375061035,0.000000,0.000000
2025-12-04 14:34:16,38.990,0.0008531531784683466,0.0,0.00000000,30.326379776000977,0.000000,0.000000
2025-12-04 14:34:16,39.042,0.0008529475890100002,0.0,0.00000000,30.326379776000977,0.000000,0.000000
2025-12-04 14:34:16,39.094,0.0008531930507160723,0.0,0.00000000,30.325830459594727,0.000000,0.000000
2025-12-04 14:34:16,39.147,0.0008531699422746897,0.0,0.00000000,30.325830459594727,0.000000,0.000000
2025-12-04 14:34:16,39.199,0.000846516399178654,0.0,0.00000000,30.324792861938477,0.000000,0.000000
2025-12-04 14:34:16,39.251,0.0008464326383545995,0.0,0.00000000,30.324792861938477,0.000000,0.000000
2025-12-04 14:34:16,39.303,0.0008535753004252911,0.0,0.00000000,30.32561683654785,0.000000,0.000000
2025-12-04 14:34:16,39.355,0.0008539978880435228,0.0,0.00000000,30.32561683654785,0.000000,0.000000
2025-12-04 14:34:16,39.407,0.00085364532424137,0.0,0.00000000,30.32378578186035,0.000000,0.000000
2025-12-04 14:34:16,39.459,0.0008533436339348555,0.0,0.00000000,30.32378578186035,0.000000,0.000000
2025-12-04 14:34:16,39.511,0.0008529689512215555,0.0,0.00000000,30.326318740844727,0.000000,0.000000
2025-12-04 14:34:16,39.564,0.0008529721526429057,0.0,0.00000000,30.326318740844727,0.000000,0.000000
2025-12-04 14:34:17,39.616,0.0008528740145266056,0.0,0.00000000,30.326379776000977,0.000000,0.000000
2025-12-04 14:34:17,39.668,0.0008518010145053267,0.0,0.00000000,30.326379776000977,0.000000,0.000000
2025-12-04 14:34:17,39.720,0.0008501724805682898,0.0,0.00000000,30.324609756469727,0.000000,0.000000
2025-12-04 14:34:17,39.772,0.0008510374464094639,0.0,0.00000000,30.324609756469727,0.000000,0.000000
2025-12-04 14:34:17,39.824,0.0008529277984052896,0.0,0.00000000,30.32488441467285,0.000000,0.000000
2025-12-04 14:34:17,39.876,0.0008531255298294127,0.0,0.00000000,30.32488441467285,0.000000,0.000000
2025-12-04 14:34:17,39.929,0.0008527834434062243,0.0,0.00000000,30.324243545532227,0.000000,0.000000
2025-12-04 14:34:17,39.981,0.0008526462479494512,0.0,0.00000000,30.324243545532227,0.000000,0.000000
2025-12-04 14:34:17,40.033,0.000852732453495264,0.0,0.00000000,30.325098037719727,0.000000,0.000000
2025-12-04 14:34:17,40.085,0.0008524081204086542,0.0,0.00000000,30.3256778717041,0.000000,0.000000
2025-12-04 14:34:17,40.137,0.0008521319250576198,0.0,0.00000000,30.3256778717041,0.000000,0.000000
2025-12-04 14:34:17,40.189,0.0008484597783535719,0.0,0.00000000,30.3227481842041,0.000000,0.000000
2025-12-04 14:34:17,40.241,0.0008479238022118807,0.0,0.00000000,30.3227481842041,0.000000,0.000000
2025-12-04 14:34:17,40.293,0.0008518042741343379,0.0,0.00000000,30.325708389282227,0.000000,0.000000
2025-12-04 14:34:17,40.346,0.0008526063174940646,0.0,0.00000000,30.325708389282227,0.000000,0.000000
2025-12-04 14:34:17,40.398,0.0008524801814928651,0.0,0.00000000,30.324914932250977,0.000000,0.000000
2025-12-04 14:34:17,40.450,0.0008525459561496973,0.0,0.00000000,30.324914932250977,0.000000,0.000000
2025-12-04 14:34:17,40.502,0.0008525216253474355,0.0,0.00000000,30.3247013092041,0.000000,0.000000
2025-12-04 14:34:17,40.554,0.0008521419949829578,0.0,0.00000000,30.3247013092041,0.000000,0.000000
2025-12-04 14:34:17,40.606,0.0008520776173099875,0.0,0.00000000,30.32415199279785,0.000000,0.000000
2025-12-04 14:34:18,40.658,0.0008516914676874876,0.0,0.00000000,30.32415199279785,0.000000,0.000000
2025-12-04 14:34:18,40.711,0.0008500419789925218,0.0,0.00000000,30.3237247467041,0.000000,0.000000
2025-12-04 14:34:18,40.763,0.00085042993305251,0.0,0.00000000,30.3237247467041,0.000000,0.000000
2025-12-04 14:34:18,40.815,0.0008520876290276647,0.0,0.00000000,30.325098037719727,0.000000,0.000000
2025-12-04 14:34:18,40.867,0.0008521874551661313,0.0,0.00000000,30.325098037719727,0.000000,0.000000
2025-12-04 14:34:18,40.919,0.0008523919386789203,0.0,0.00000000,30.324365615844727,0.000000,0.000000
2025-12-04 14:34:18,40.971,0.0008522776770405471,0.0,0.00000000,30.324365615844727,0.000000,0.000000
2025-12-04 14:34:18,41.023,0.0008518398972228169,0.0,0.00000000,30.32512855529785,0.000000,0.000000
2025-12-04 14:34:18,41.075,0.0008515906520187855,0.0,0.00000000,30.32512855529785,0.000000,0.000000
2025-12-04 14:34:18,41.128,0.0008513323846273124,0.0,0.00000000,30.3273868560791,0.000000,0.000000
2025-12-04 14:34:18,41.180,0.000851060904096812,0.0,0.00000000,30.3273868560791,0.000000,0.000000
2025-12-04 14:34:18,41.232,0.0008510332554578781,0.0,0.00000000,30.3233585357666,0.000000,0.000000
2025-12-04 14:34:18,41.284,0.0008512475760653615,0.0,0.00000000,30.323816299438477,0.000000,0.000000
2025-12-04 14:34:18,41.336,0.0008529483457095921,0.0,0.00000000,30.323816299438477,0.000000,0.000000
2025-12-04 14:34:18,41.388,0.0008550984784960747,0.0,0.00000000,30.323205947875977,0.000000,0.000000
2025-12-04 14:34:18,41.440,0.0008550964412279427,0.0,0.00000000,30.323205947875977,0.000000,0.000000
2025-12-04 14:34:18,41.492,0.0008541576098650694,0.0,0.00000000,30.32439613342285,0.000000,0.000000
2025-12-04 14:34:18,41.545,0.0008534791995771229,0.0,0.00000000,30.32439613342285,0.000000,0.000000
2025-12-04 14:34:18,41.597,0.0008524511940777302,0.0,0.00000000,30.323328018188477,0.000000,0.000000
2025-12-04 14:34:19,41.649,0.0008519883267581463,0.0,0.00000000,30.323328018188477,0.000000,0.000000
2025-12-04 14:34:19,41.701,0.0008519588736817241,0.0,0.00000000,30.32476234436035,0.000000,0.000000
2025-12-04 14:34:19,41.753,0.000851765158586204,0.0,0.00000000,30.32476234436035,0.000000,0.000000
2025-12-04 14:34:19,41.805,0.0008518132381141186,0.0,0.00000000,30.323450088500977,0.000000,0.000000
2025-12-04 14:34:19,41.857,0.0008518743561580777,0.0,0.00000000,30.323450088500977,0.000000,0.000000
2025-12-04 14:34:19,41.910,0.000851985823828727,0.0,0.00000000,30.325159072875977,0.000000,0.000000
2025-12-04 14:34:19,41.962,0.000852059805765748,0.0,0.00000000,30.325159072875977,0.000000,0.000000
2025-12-04 14:34:19,42.014,0.0008516936795786023,0.0,0.00000000,30.324365615844727,0.000000,0.000000
2025-12-04 14:34:19,42.066,0.0008513603825122118,0.0,0.00000000,30.324365615844727,0.000000,0.000000
2025-12-04 14:34:19,42.118,0.0008513475768268108,0.0,0.00000000,30.322778701782227,0.000000,0.000000
2025-12-04 14:34:19,42.170,0.0008513496140949428,0.0,0.00000000,30.322778701782227,0.000000,0.000000
2025-12-04 14:34:19,42.222,0.0008513699867762625,0.0,0.00000000,30.32366371154785,0.000000,0.000000
2025-12-04 14:34:19,42.274,0.0008516364032402635,0.0,0.00000000,30.32366371154785,0.000000,0.000000
2025-12-04 14:34:19,42.327,0.0008514852379448712,0.0,0.00000000,30.32366371154785,0.000000,0.000000
2025-12-04 14:34:19,42.379,0.0008512993808835745,0.0,0.00000000,30.32366371154785,0.000000,0.000000
2025-12-04 14:34:19,42.431,0.0008516660891473293,0.0,0.00000000,30.3242130279541,0.000000,0.000000
2025-12-04 14:34:19,42.483,0.0008512161439284682,0.0,0.00000000,30.3229923248291,0.000000,0.000000
2025-12-04 14:34:19,42.535,0.0008508507744409144,0.0,0.00000000,30.3229923248291,0.000000,0.000000
2025-12-04 14:34:19,42.587,0.0008511796477250755,0.0,0.00000000,30.325952529907227,0.000000,0.000000
2025-12-04 14:34:20,42.639,0.0008512133499607444,0.0,0.00000000,30.325952529907227,0.000000,0.000000
2025-12-04 14:34:20,42.692,0.0008514485671184957,0.0,0.00000000,30.323816299438477,0.000000,0.000000
2025-12-04 14:34:20,42.744,0.0008516579400748014,0.0,0.00000000,30.323816299438477,0.000000,0.000000
2025-12-04 14:34:20,42.796,0.000851513585075736,0.0,0.00000000,30.3244571685791,0.000000,0.000000
2025-12-04 14:34:20,42.848,0.0008513970533385873,0.0,0.00000000,30.3244571685791,0.000000,0.000000
2025-12-04 14:34:20,42.900,0.0008515223162248731,0.0,0.00000000,30.3242130279541,0.000000,0.000000
2025-12-04 14:34:20,42.952,0.0008514500223100185,0.0,0.00000000,30.3242130279541,0.000000,0.000000
2025-12-04 14:34:20,43.004,0.0008510996703989804,0.0,0.00000000,30.323694229125977,0.000000,0.000000
2025-12-04 14:34:20,43.056,0.0008509404142387211,0.0,0.00000000,30.323694229125977,0.000000,0.000000
2025-12-04 14:34:20,43.109,0.0008508306345902383,0.0,0.00000000,30.3237247467041,0.000000,0.000000
2025-12-04 14:34:20,43.161,0.000850987562444061,0.0,0.00000000,30.3237247467041,0.000000,0.000000
2025-12-04 14:34:20,43.213,0.0008512401836924255,0.0,0.00000000,30.3237247467041,0.000000,0.000000
2025-12-04 14:34:20,43.265,0.0008511336636729538,0.0,0.00000000,30.3237247467041,0.000000,0.000000
2025-12-04 14:34:20,43.317,0.0008505763253197074,0.0,0.00000000,30.324670791625977,0.000000,0.000000
2025-12-04 14:34:20,43.369,0.0008504923898726702,0.0,0.00000000,30.324670791625977,0.000000,0.000000
2025-12-04 14:34:20,43.421,0.0008508625905960798,0.0,0.00000000,30.3234806060791,0.000000,0.000000
2025-12-04 14:34:20,43.473,0.0008511187043040991,0.0,0.00000000,30.3234806060791,0.000000,0.000000
2025-12-04 14:34:20,43.526,0.0008511333144269884,0.0,0.00000000,30.325708389282227,0.000000,0.000000
2025-12-04 14:34:20,43.578,0.0008510905900038779,0.0,0.00000000,30.325708389282227,0.000000,0.000000
2025-12-04 14:34:21,43.630,0.0008511357009410858,0.0,0.00000000,30.324121475219727,0.000000,0.000000
2025-12-04 14:34:21,43.682,0.0008511313935741782,0.0,0.00000000,30.322534561157227,0.000000,0.000000
2025-12-04 14:34:21,43.734,0.0008510245243087411,0.0,0.00000000,30.322534561157227,0.000000,0.000000
2025-12-04 14:34:21,43.786,0.0008510868647135794,0.0,0.00000000,30.3231143951416,0.000000,0.000000
2025-12-04 14:34:21,43.838,0.0008505434961989522,0.0,0.00000000,30.3231143951416,0.000000,0.000000
2025-12-04 14:34:21,43.890,0.0008505677105858922,0.0,0.00000000,30.3229923248291,0.000000,0.000000
2025-12-04 14:34:21,43.943,0.0008516337256878614,0.0,0.00000000,30.3229923248291,0.000000,0.000000
2025-12-04 14:34:21,43.995,0.0008519914699718356,0.0,0.00000000,30.324792861938477,0.000000,0.000000
2025-12-04 14:34:21,44.047,0.0008523843716830015,0.0,0.00000000,30.324792861938477,0.000000,0.000000
2025-12-04 14:34:21,44.099,0.0008527262834832072,0.0,0.00000000,30.32244300842285,0.000000,0.000000
2025-12-04 14:34:21,44.151,0.0008526609744876623,0.0,0.00000000,30.32244300842285,0.000000,0.000000
2025-12-04 14:34:21,44.203,0.0008529648766852915,0.0,0.00000000,30.32268714904785,0.000000,0.000000
2025-12-04 14:34:21,44.255,0.0008533196523785591,0.0,0.00000000,30.32268714904785,0.000000,0.000000
2025-12-04 14:34:21,44.308,0.0008533032378181815,0.0,0.00000000,30.324304580688477,0.000000,0.000000
2025-12-04 14:34:21,44.360,0.0008537538815289736,0.0,0.00000000,30.324304580688477,0.000000,0.000000
2025-12-04 14:34:21,44.412,0.0008545644232071936,0.0,0.00000000,30.322778701782227,0.000000,0.000000
2025-12-04 14:34:21,44.464,0.0008551754290238023,0.0,0.00000000,30.322778701782227,0.000000,0.000000
2025-12-04 14:34:21,44.516,0.0008558030240237713,0.0,0.00000000,30.3225040435791,0.000000,0.000000
2025-12-04 14:34:21,44.568,0.0008560431888327003,0.0,0.00000000,30.3225040435791,0.000000,0.000000
2025-12-04 14:34:22,44.620,0.0008558888221159577,0.0,0.00000000,30.324609756469727,0.000000,0.000000
2025-12-04 14:34:22,44.672,0.0008555123931728303,0.0,0.00000000,30.324609756469727,0.000000,0.000000
2025-12-04 14:34:22,44.725,0.0008547275792807341,0.0,0.00000000,30.32402992248535,0.000000,0.000000
2025-12-04 14:34:22,44.777,0.0008540861308574677,0.0,0.00000000,30.32402992248535,0.000000,0.000000
2025-12-04 14:34:22,44.829,0.0008540680864825845,0.0,0.00000000,30.323083877563477,0.000000,0.000000
2025-12-04 14:34:22,44.881,0.0008545765886083245,0.0,0.00000000,30.32464027404785,0.000000,0.000000
2025-12-04 14:34:22,44.933,0.000855322286952287,0.0,0.00000000,30.32464027404785,0.000000,0.000000
2025-12-04 14:34:22,44.985,0.0008563107112422585,0.0,0.00000000,30.324731826782227,0.000000,0.000000
2025-12-04 14:34:22,45.037,0.000857011298649013,0.0,0.00000000,30.324731826782227,0.000000,0.000000
2025-12-04 14:34:22,45.090,0.0008570193313062191,0.0,0.00000000,30.322290420532227,0.000000,0.000000
2025-12-04 14:34:22,45.142,0.0008560623973608017,0.0,0.00000000,30.322290420532227,0.000000,0.000000
2025-12-04 14:34:22,45.194,0.0008567850454710424,0.0,0.00000000,30.3228702545166,0.000000,0.000000
2025-12-04 14:34:22,45.246,0.0008587385527789593,0.0,0.00000000,30.3228702545166,0.000000,0.000000
2025-12-04 14:34:22,45.298,0.0008591775549575686,0.0,0.00000000,30.323572158813477,0.000000,0.000000
2025-12-04 14:34:22,45.350,0.0008590836660005152,0.0,0.00000000,30.323572158813477,0.000000,0.000000
2025-12-04 14:34:22,45.402,0.0008592321537435055,0.0,0.00000000,30.3253116607666,0.000000,0.000000
2025-12-04 14:34:22,45.454,0.000859487452544272,0.0,0.00000000,30.3253116607666,0.000000,0.000000
2025-12-04 14:34:22,45.507,0.0008593006059527397,0.0,0.00000000,30.322961807250977,0.000000,0.000000
2025-12-04 14:34:22,45.559,0.000859239895362407,0.0,0.00000000,30.322961807250977,0.000000,0.000000
2025-12-04 14:34:22,45.611,0.0008550601196475327,0.0,0.00000000,30.32415199279785,0.000000,0.000000
2025-12-04 14:34:23,45.663,0.0008538630208931863,0.0,0.00000000,30.32415199279785,0.000000,0.000000
2025-12-04 14:34:23,45.716,0.0008586298790760338,0.0,0.00000000,30.323572158813477,0.000000,0.000000
2025-12-04 14:34:23,45.767,0.0008603337337262928,0.0,0.00000000,30.323572158813477,0.000000,0.000000
2025-12-04 14:34:23,45.819,0.0008600404253229499,0.0,0.00000000,30.32256507873535,0.000000,0.000000
2025-12-04 14:34:23,45.871,0.000859793508425355,0.0,0.00000000,30.32256507873535,0.000000,0.000000
2025-12-04 14:34:23,45.924,0.0008594562532380223,0.0,0.00000000,30.3216495513916,0.000000,0.000000
2025-12-04 14:34:23,45.976,0.0008588492637500167,0.0,0.00000000,30.32134437561035,0.000000,0.000000
2025-12-04 14:34:23,46.028,0.0008585890755057335,0.0,0.00000000,30.32134437561035,0.000000,0.000000
2025-12-04 14:34:23,46.080,0.000858121900819242,0.0,0.00000000,30.3231143951416,0.000000,0.000000
2025-12-04 14:34:23,46.132,0.0008511051419191062,0.0,0.00000000,30.3231143951416,0.000000,0.000000
2025-12-04 14:34:23,46.185,0.0008512654458172619,0.0,0.00000000,30.321802139282227,0.000000,0.000000
2025-12-04 14:34:23,46.236,0.0008587894262745976,0.0,0.00000000,30.321802139282227,0.000000,0.000000
2025-12-04 14:34:23,46.288,0.0008596322732046247,0.0,0.00000000,30.322534561157227,0.000000,0.000000
2025-12-04 14:34:23,46.341,0.0008596100960858166,0.0,0.00000000,30.322534561157227,0.000000,0.000000
2025-12-04 14:34:23,46.393,0.0008590829093009233,0.0,0.00000000,30.323694229125977,0.000000,0.000000
2025-12-04 14:34:23,46.445,0.0008584552560932934,0.0,0.00000000,30.323694229125977,0.000000,0.000000
2025-12-04 14:34:23,46.497,0.0008582047885283828,0.0,0.00000000,30.324792861938477,0.000000,0.000000
2025-12-04 14:34:23,46.549,0.0008577239350415766,0.0,0.00000000,30.324792861938477,0.000000,0.000000
2025-12-04 14:34:23,46.601,0.0008562381262890995,0.0,0.00000000,30.3242130279541,0.000000,0.000000
2025-12-04 14:34:24,46.654,0.0008528793114237487,0.0,0.00000000,30.3242130279541,0.000000,0.000000
2025-12-04 14:34:24,46.705,0.0008549389895051718,0.0,0.00000000,30.322839736938477,0.000000,0.000000
2025-12-04 14:34:24,46.758,0.0008600126020610332,0.0,0.00000000,30.322839736938477,0.000000,0.000000
2025-12-04 14:34:24,46.810,0.0008604034082964063,0.0,0.00000000,30.32195472717285,0.000000,0.000000
2025-12-04 14:34:24,46.862,0.0008596699917688966,0.0,0.00000000,30.32195472717285,0.000000,0.000000
2025-12-04 14:34:24,46.914,0.0008591103833168745,0.0,0.00000000,30.3250675201416,0.000000,0.000000
2025-12-04 14:34:24,46.966,0.00085862708510831,0.0,0.00000000,30.3250675201416,0.000000,0.000000
2025-12-04 14:34:24,47.018,0.0008579564746469259,0.0,0.00000000,30.323511123657227,0.000000,0.000000
2025-12-04 14:34:24,47.070,0.000857704144436866,0.0,0.00000000,30.323511123657227,0.000000,0.000000
2025-12-04 14:34:24,47.123,0.0008513727225363255,0.0,0.00000000,30.323022842407227,0.000000,0.000000
2025-12-04 14:34:24,47.175,0.0008506003068760037,0.0,0.00000000,30.321191787719727,0.000000,0.000000
2025-12-04 14:34:24,47.227,0.0008584869792684913,0.0,0.00000000,30.321191787719727,0.000000,0.000000
2025-12-04 14:34:24,47.279,0.0008605257025919855,0.0,0.00000000,30.322229385375977,0.000000,0.000000
2025-12-04 14:34:24,47.331,0.0008599294815212488,0.0,0.00000000,30.322229385375977,0.000000,0.000000
2025-12-04 14:34:24,47.383,0.000859257357660681,0.0,0.00000000,30.324243545532227,0.000000,0.000000
2025-12-04 14:34:24,47.435,0.0008584753959439695,0.0,0.00000000,30.324243545532227,0.000000,0.000000
2025-12-04 14:34:24,47.487,0.0008577501284889877,0.0,0.00000000,30.32354164123535,0.000000,0.000000
2025-12-04 14:34:24,47.540,0.0008575823158025742,0.0,0.00000000,30.32354164123535,0.000000,0.000000
2025-12-04 14:34:24,47.592,0.000857455306686461,0.0,0.00000000,30.3232364654541,0.000000,0.000000
2025-12-04 14:34:25,47.644,0.000852482276968658,0.0,0.00000000,30.3232364654541,0.000000,0.000000
2025-12-04 14:34:25,47.696,0.0008533554500900209,0.0,0.00000000,30.324243545532227,0.000000,0.000000
2025-12-04 14:34:25,47.748,0.0008594384416937828,0.0,0.00000000,30.324243545532227,0.000000,0.000000
2025-12-04 14:34:25,47.800,0.0008597201085649431,0.0,0.00000000,30.32317543029785,0.000000,0.000000
2025-12-04 14:34:25,47.852,0.000859344785567373,0.0,0.00000000,30.32317543029785,0.000000,0.000000
2025-12-04 14:34:25,47.905,0.0008585822070017457,0.0,0.00000000,30.323083877563477,0.000000,0.000000
2025-12-04 14:34:25,47.957,0.000858041166793555,0.0,0.00000000,30.323083877563477,0.000000,0.000000
2025-12-04 14:34:25,48.009,0.0008580201538279653,0.0,0.00000000,30.32451820373535,0.000000,0.000000
2025-12-04 14:34:25,48.061,0.0008578976267017424,0.0,0.00000000,30.32451820373535,0.000000,0.000000
2025-12-04 14:34:25,48.113,0.0008549499325454235,0.0,0.00000000,30.3227481842041,0.000000,0.000000
2025-12-04 14:34:25,48.165,0.0008537826361134648,0.0,0.00000000,30.3227481842041,0.000000,0.000000
2025-12-04 14:34:25,48.217,0.0008574831881560385,0.0,0.00000000,30.322046279907227,0.000000,0.000000
2025-12-04 14:34:25,48.270,0.0008597829146310687,0.0,0.00000000,30.322046279907227,0.000000,0.000000
2025-12-04 14:34:25,48.322,0.0008596287225373089,0.0,0.00000000,30.325708389282227,0.000000,0.000000
2025-12-04 14:34:25,48.374,0.0008587163756601512,0.0,0.00000000,30.32317543029785,0.000000,0.000000
2025-12-04 14:34:25,48.426,0.0008581805741414428,0.0,0.00000000,30.32317543029785,0.000000,0.000000
2025-12-04 14:34:25,48.478,0.0008579994319006801,0.0,0.00000000,30.322656631469727,0.000000,0.000000
2025-12-04 14:34:25,48.530,0.0008578096749261022,0.0,0.00000000,30.322656631469727,0.000000,0.000000
2025-12-04 14:34:25,48.582,0.0008579373825341463,0.0,0.00000000,30.32280921936035,0.000000,0.000000
2025-12-04 14:34:26,48.634,0.0008522423449903727,0.0,0.00000000,30.32280921936035,0.000000,0.000000
2025-12-04 14:34:26,48.686,0.0008521624840795994,0.0,0.00000000,30.322412490844727,0.000000,0.000000
2025-12-04 14:34:26,48.739,0.000858862476889044,0.0,0.00000000,30.322412490844727,0.000000,0.000000
2025-12-04 14:34:26,48.791,0.0008593079983256757,0.0,0.00000000,30.32183265686035,0.000000,0.000000
2025-12-04 14:34:26,48.843,0.000858574640005827,0.0,0.00000000,30.32183265686035,0.000000,0.000000
2025-12-04 14:34:26,48.895,0.0008582907030358911,0.0,0.00000000,30.321924209594727,0.000000,0.000000
2025-12-04 14:34:26,48.947,0.0008580510620959103,0.0,0.00000000,30.321924209594727,0.000000,0.000000
2025-12-04 14:34:26,48.999,0.0008579169516451657,0.0,0.00000000,30.32415199279785,0.000000,0.000000
2025-12-04 14:34:26,49.051,0.000858064740896225,0.0,0.00000000,30.32415199279785,0.000000,0.000000
2025-12-04 14:34:26,49.104,0.0008572889491915703,0.0,0.00000000,30.32171058654785,0.000000,0.000000
2025-12-04 14:34:26,49.156,0.0008547326433472335,0.0,0.00000000,30.32171058654785,0.000000,0.000000
2025-12-04 14:34:26,49.208,0.0008560123387724161,0.0,0.00000000,30.3247013092041,0.000000,0.000000
2025-12-04 14:34:26,49.260,0.0008589591598138213,0.0,0.00000000,30.3247013092041,0.000000,0.000000
2025-12-04 14:34:26,49.312,0.0008588649798184633,0.0,0.00000000,30.322839736938477,0.000000,0.000000
2025-12-04 14:34:26,49.364,0.0008586356416344643,0.0,0.00000000,30.322839736938477,0.000000,0.000000
2025-12-04 14:34:26,49.416,0.0008581671863794327,0.0,0.00000000,30.3216495513916,0.000000,0.000000
2025-12-04 14:34:26,49.469,0.0008581321453675628,0.0,0.00000000,30.3216495513916,0.000000,0.000000
2025-12-04 14:34:26,49.521,0.000858216779306531,0.0,0.00000000,30.322839736938477,0.000000,0.000000
2025-12-04 14:34:26,49.573,0.0008578316192142665,0.0,0.00000000,30.32232093811035,0.000000,0.000000
2025-12-04 14:34:27,49.625,0.0008527655736543238,0.0,0.00000000,30.32232093811035,0.000000,0.000000
2025-12-04 14:34:27,49.677,0.0008522209827788174,0.0,0.00000000,30.32317543029785,0.000000,0.000000
2025-12-04 14:34:27,49.729,0.0008575273677706718,0.0,0.00000000,30.32317543029785,0.000000,0.000000
2025-12-04 14:34:27,49.781,0.0008587208576500416,0.0,0.00000000,30.321557998657227,0.000000,0.000000
2025-12-04 14:34:27,49.833,0.0008586440235376358,0.0,0.00000000,30.321557998657227,0.000000,0.000000
2025-12-04 14:34:27,49.885,0.0008582620648667216,0.0,0.00000000,30.322839736938477,0.000000,0.000000
2025-12-04 14:34:27,49.938,0.0008583040907979012,0.0,0.00000000,30.322839736938477,0.000000,0.000000
2025-12-04 14:34:27,49.990,0.0008582352893427014,0.0,0.00000000,30.31975746154785,0.000000,0.000000
2025-12-04 14:34:27,50.042,0.0008578278939239681,0.0,0.00000000,30.31975746154785,0.000000,0.000000
2025-12-04 14:34:27,50.094,0.0008577315020374954,0.0,0.00000000,30.3222599029541,0.000000,0.000000
2025-12-04 14:34:27,50.146,0.0008534095832146704,0.0,0.00000000,30.3222599029541,0.000000,0.000000
2025-12-04 14:34:27,50.198,0.0008534270455129445,0.0,0.00000000,30.321680068969727,0.000000,0.000000
2025-12-04 14:34:27,50.250,0.000858474406413734,0.0,0.00000000,30.321680068969727,0.000000,0.000000
2025-12-04 14:34:27,50.303,0.0008589028147980571,0.0,0.00000000,30.322595596313477,0.000000,0.000000
2025-12-04 14:34:27,50.355,0.0008586416952311993,0.0,0.00000000,30.322595596313477,0.000000,0.000000
2025-12-04 14:34:27,50.407,0.0008585728937759995,0.0,0.00000000,30.3227481842041,0.000000,0.000000
2025-12-04 14:34:27,50.459,0.0008582001319155097,0.0,0.00000000,30.3227481842041,0.000000,0.000000
2025-12-04 14:34:27,50.511,0.0008578655542805791,0.0,0.00000000,30.320947647094727,0.000000,0.000000
2025-12-04 14:34:27,50.563,0.0008578050183132291,0.0,0.00000000,30.320947647094727,0.000000,0.000000
2025-12-04 14:34:28,50.615,0.000855377409607172,0.0,0.00000000,30.32146644592285,0.000000,0.000000
2025-12-04 14:34:28,50.667,0.0008542753057554364,0.0,0.00000000,30.321680068969727,0.000000,0.000000
2025-12-04 14:34:28,50.720,0.0008570166537538171,0.0,0.00000000,30.321680068969727,0.000000,0.000000
2025-12-04 14:34:28,50.772,0.0008584263268858194,0.0,0.00000000,30.322046279907227,0.000000,0.000000
2025-12-04 14:34:28,50.824,0.000858573941513896,0.0,0.00000000,30.322046279907227,0.000000,0.000000
2025-12-04 14:34:28,50.876,0.0008585657924413681,0.0,0.00000000,30.32134437561035,0.000000,0.000000
2025-12-04 14:34:28,50.928,0.0008581114234402776,0.0,0.00000000,30.32134437561035,0.000000,0.000000
2025-12-04 14:34:28,50.980,0.0008578576380386949,0.0,0.00000000,30.3217716217041,0.000000,0.000000
2025-12-04 14:34:28,51.032,0.0008576360414735973,0.0,0.00000000,30.3217716217041,0.000000,0.000000
2025-12-04 14:34:28,51.085,0.0008572229417040944,0.0,0.00000000,30.323328018188477,0.000000,0.000000
2025-12-04 14:34:28,51.137,0.0008538055699318647,0.0,0.00000000,30.323328018188477,0.000000,0.000000
2025-12-04 14:34:28,51.189,0.000853952020406723,0.0,0.00000000,30.321496963500977,0.000000,0.000000
2025-12-04 14:34:28,51.241,0.0008578355191275477,0.0,0.00000000,30.321496963500977,0.000000,0.000000
2025-12-04 14:34:28,51.293,0.0008585862233303487,0.0,0.00000000,30.321374893188477,0.000000,0.000000
2025-12-04 14:34:28,51.345,0.0008585434989072382,0.0,0.00000000,30.321374893188477,0.000000,0.000000
2025-12-04 14:34:28,51.397,0.0008581451256759465,0.0,0.00000000,30.323083877563477,0.000000,0.000000
2025-12-04 14:34:28,51.450,0.0008579593850299716,0.0,0.00000000,30.323083877563477,0.000000,0.000000
2025-12-04 14:34:28,51.502,0.0008575175888836384,0.0,0.00000000,30.323572158813477,0.000000,0.000000
2025-12-04 14:34:28,51.554,0.0008571217767894268,0.0,0.00000000,30.323572158813477,0.000000,0.000000
2025-12-04 14:34:28,51.606,0.0008567709010094404,0.0,0.00000000,30.3209171295166,0.000000,0.000000
2025-12-04 14:34:29,51.658,0.0008558626286685467,0.0,0.00000000,30.3209171295166,0.000000,0.000000
2025-12-04 14:34:29,51.710,0.0008567919721826911,0.0,0.00000000,30.321863174438477,0.000000,0.000000
2025-12-04 14:34:29,51.762,0.0008584862807765603,0.0,0.00000000,30.321863174438477,0.000000,0.000000
2025-12-04 14:34:29,51.814,0.0008585142204537988,0.0,0.00000000,30.321802139282227,0.000000,0.000000
2025-12-04 14:34:29,51.867,0.0008581887814216316,0.0,0.00000000,30.32207679748535,0.000000,0.000000
2025-12-04 14:34:29,51.919,0.0008579160203225911,0.0,0.00000000,30.32207679748535,0.000000,0.000000
2025-12-04 14:34:29,51.971,0.0008573309751227498,0.0,0.00000000,30.322839736938477,0.000000,0.000000
2025-12-04 14:34:29,52.023,0.000856836442835629,0.0,0.00000000,30.322839736938477,0.000000,0.000000
2025-12-04 14:34:29,52.075,0.0008569201454520226,0.0,0.00000000,30.320764541625977,0.000000,0.000000
2025-12-04 14:34:29,52.127,0.000854282348882407,0.0,0.00000000,30.320764541625977,0.000000,0.000000
2025-12-04 14:34:29,52.179,0.0008543569128960371,0.0,0.00000000,30.323144912719727,0.000000,0.000000
2025-12-04 14:34:29,52.231,0.000857755308970809,0.0,0.00000000,30.323144912719727,0.000000,0.000000
2025-12-04 14:34:29,52.283,0.0008581940783187747,0.0,0.00000000,30.322778701782227,0.000000,0.000000
2025-12-04 14:34:29,52.336,0.0008580964640714228,0.0,0.00000000,30.322778701782227,0.000000,0.000000
2025-12-04 14:34:29,52.388,0.000857813167385757,0.0,0.00000000,30.32134437561035,0.000000,0.000000
2025-12-04 14:34:29,52.440,0.0008572724182158709,0.0,0.00000000,30.32134437561035,0.000000,0.000000
2025-12-04 14:34:29,52.492,0.000857135106343776,0.0,0.00000000,30.323389053344727,0.000000,0.000000
2025-12-04 14:34:29,52.544,0.0008570473873987794,0.0,0.00000000,30.323389053344727,0.000000,0.000000
2025-12-04 14:34:29,52.596,0.0008568999473936856,0.0,0.00000000,30.32085609436035,0.000000,0.000000
2025-12-04 14:34:30,52.648,0.0008549344493076205,0.0,0.00000000,30.32085609436035,0.000000,0.000000
2025-12-04 14:34:30,52.700,0.0008554047672078013,0.0,0.00000000,30.321496963500977,0.000000,0.000000
2025-12-04 14:34:30,52.753,0.0008580947178415954,0.0,0.00000000,30.321496963500977,0.000000,0.000000
2025-12-04 14:34:30,52.805,0.0008582923328503966,0.0,0.00000000,30.321435928344727,0.000000,0.000000
2025-12-04 14:34:30,52.857,0.0008577480330131948,0.0,0.00000000,30.321435928344727,0.000000,0.000000
2025-12-04 14:34:30,52.909,0.0008571568178012967,0.0,0.00000000,30.32268714904785,0.000000,0.000000
2025-12-04 14:34:30,52.961,0.0008571308571845293,0.0,0.00000000,30.32268714904785,0.000000,0.000000
2025-12-04 14:34:30,53.013,0.0008570764330215752,0.0,0.00000000,30.322473526000977,0.000000,0.000000
2025-12-04 14:34:30,53.066,0.0008571271318942308,0.0,0.00000000,30.322107315063477,0.000000,0.000000
2025-12-04 14:34:30,53.118,0.0008559976704418659,0.0,0.00000000,30.322107315063477,0.000000,0.000000
2025-12-04 14:34:30,53.170,0.0008554074447602034,0.0,0.00000000,30.322595596313477,0.000000,0.000000
2025-12-04 14:34:30,53.222,0.0008570805657655001,0.0,0.00000000,30.322595596313477,0.000000,0.000000
2025-12-04 14:34:30,53.274,0.0008580273715779185,0.0,0.00000000,30.322473526000977,0.000000,0.000000
2025-12-04 14:34:30,53.326,0.0008575964602641761,0.0,0.00000000,30.322473526000977,0.000000,0.000000
2025-12-04 14:34:30,53.378,0.0008572246879339218,0.0,0.00000000,30.321313858032227,0.000000,0.000000
2025-12-04 14:34:30,53.430,0.0008572303340770304,0.0,0.00000000,30.321313858032227,0.000000,0.000000
2025-12-04 14:34:30,53.483,0.000857088016346097,0.0,0.00000000,30.32280921936035,0.000000,0.000000
2025-12-04 14:34:30,53.535,0.0008570910431444645,0.0,0.00000000,30.32280921936035,0.000000,0.000000
2025-12-04 14:34:30,53.587,0.0008572499500587583,0.0,0.00000000,30.32256507873535,0.000000,0.000000
2025-12-04 14:34:31,53.639,0.0008554529631510377,0.0,0.00000000,30.32256507873535,0.000000,0.000000
2025-12-04 14:34:31,53.691,0.0008555153617635369,0.0,0.00000000,30.321985244750977,0.000000,0.000000
2025-12-04 14:34:31,53.743,0.0008573942468501627,0.0,0.00000000,30.321985244750977,0.000000,0.000000
2025-12-04 14:34:31,53.795,0.0008571668877266347,0.0,0.00000000,30.32183265686035,0.000000,0.000000
2025-12-04 14:34:31,53.848,0.0008570629870519042,0.0,0.00000000,30.32183265686035,0.000000,0.000000
2025-12-04 14:34:31,53.900,0.0008570865611545742,0.0,0.00000000,30.3231143951416,0.000000,0.000000
2025-12-04 14:34:31,53.952,0.0008568183984607458,0.0,0.00000000,30.3231143951416,0.000000,0.000000
2025-12-04 14:34:31,54.004,0.0008571255602873862,0.0,0.00000000,30.32171058654785,0.000000,0.000000
2025-12-04 14:34:31,54.056,0.0008574669482186437,0.0,0.00000000,30.32171058654785,0.000000,0.000000
2025-12-04 14:34:31,54.108,0.0008581901784054935,0.0,0.00000000,30.323755264282227,0.000000,0.000000
2025-12-04 14:34:31,54.160,0.0008602501475252211,0.0,0.00000000,30.323755264282227,0.000000,0.000000
2025-12-04 14:34:31,54.212,0.0008606674964539707,0.0,0.00000000,30.321130752563477,0.000000,0.000000
2025-12-04 14:34:31,54.265,0.0008594632381573319,0.0,0.00000000,30.32171058654785,0.000000,0.000000
2025-12-04 14:34:31,54.317,0.0008589608478359878,0.0,0.00000000,30.32171058654785,0.000000,0.000000
2025-12-04 14:34:31,54.369,0.0008584531024098396,0.0,0.00000000,30.3211612701416,0.000000,0.000000
2025-12-04 14:34:31,54.421,0.0008582625887356699,0.0,0.00000000,30.3211612701416,0.000000,0.000000
2025-12-04 14:34:31,54.473,0.0008583518210798502,0.0,0.00000000,30.3206729888916,0.000000,0.000000
2025-12-04 14:34:31,54.525,0.0008580550784245133,0.0,0.00000000,30.3206729888916,0.000000,0.000000
2025-12-04 14:34:31,54.577,0.000857816485222429,0.0,0.00000000,30.3217716217041,0.000000,0.000000
2025-12-04 14:34:32,54.629,0.0008575292304158211,0.0,0.00000000,30.3217716217041,0.000000,0.000000
2025-12-04 14:34:32,54.682,0.000857361126691103,0.0,0.00000000,30.32293128967285,0.000000,0.000000
2025-12-04 14:34:32,54.734,0.0008574611274525523,0.0,0.00000000,30.32293128967285,0.000000,0.000000
2025-12-04 14:34:32,54.786,0.0008575580432079732,0.0,0.00000000,30.322961807250977,0.000000,0.000000
2025-12-04 14:34:32,54.838,0.0008573715458624065,0.0,0.00000000,30.322961807250977,0.000000,0.000000
2025-12-04 14:34:32,54.890,0.0008574459352530539,0.0,0.00000000,30.32085609436035,0.000000,0.000000
2025-12-04 14:34:32,54.942,0.0008577329572290182,0.0,0.00000000,30.32085609436035,0.000000,0.000000
2025-12-04 14:34:32,54.994,0.0008575614774599671,0.0,0.00000000,30.32183265686035,0.000000,0.000000
2025-12-04 14:34:32,55.046,0.0008576121763326228,0.0,0.00000000,30.32183265686035,0.000000,0.000000
2025-12-04 14:34:32,55.099,0.000856967584695667,0.0,0.00000000,30.3194522857666,0.000000,0.000000
2025-12-04 14:34:32,55.151,0.0008565267780795693,0.0,0.00000000,30.3194522857666,0.000000,0.000000
2025-12-04 14:34:32,55.203,0.0008572096703574061,0.0,0.00000000,30.322839736938477,0.000000,0.000000
2025-12-04 14:34:32,55.255,0.0008573883678764105,0.0,0.00000000,30.322839736938477,0.000000,0.000000
2025-12-04 14:34:32,55.307,0.0008574402891099453,0.0,0.00000000,30.32097816467285,0.000000,0.000000
2025-12-04 14:34:32,55.359,0.0008576723630540073,0.0,0.00000000,30.32097816467285,0.000000,0.000000
2025-12-04 14:34:32,55.411,0.0008575300453230739,0.0,0.00000000,30.323266983032227,0.000000,0.000000
2025-12-04 14:34:32,55.463,0.0008574398816563189,0.0,0.00000000,30.32244300842285,0.000000,0.000000
2025-12-04 14:34:32,55.516,0.0008575153769925237,0.0,0.00000000,30.32244300842285,0.000000,0.000000
2025-12-04 14:34:32,55.568,0.000857310660649091,0.0,0.00000000,30.320642471313477,0.000000,0.000000
2025-12-04 14:34:33,55.620,0.0008567738113924861,0.0,0.00000000,30.320642471313477,0.000000,0.000000
2025-12-04 14:34:33,55.672,0.0008569821948185563,0.0,0.00000000,30.32244300842285,0.000000,0.000000
2025-12-04 14:34:33,55.724,0.0008575519314035773,0.0,0.00000000,30.32244300842285,0.000000,0.000000
2025-12-04 14:34:33,55.777,0.0008577258558943868,0.0,0.00000000,30.3222599029541,0.000000,0.000000
2025-12-04 14:34:33,55.828,0.0008579540881328285,0.0,0.00000000,30.3222599029541,0.000000,0.000000
2025-12-04 14:34:33,55.880,0.0008575293468311429,0.0,0.00000000,30.323816299438477,0.000000,0.000000
2025-12-04 14:34:33,55.933,0.0008571440121158957,0.0,0.00000000,30.323816299438477,0.000000,0.000000
2025-12-04 14:34:33,55.985,0.0008571437792852521,0.0,0.00000000,30.321435928344727,0.000000,0.000000
2025-12-04 14:34:33,56.037,0.0008567434852011502,0.0,0.00000000,30.321435928344727,0.000000,0.000000
2025-12-04 14:34:33,56.089,0.0008565968601033092,0.0,0.00000000,30.321252822875977,0.000000,0.000000
2025-12-04 14:34:33,56.141,0.0008568074554204941,0.0,0.00000000,30.321252822875977,0.000000,0.000000
2025-12-04 14:34:33,56.193,0.0008569313213229179,0.0,0.00000000,30.320764541625977,0.000000,0.000000
2025-12-04 14:34:33,56.245,0.0008573757950216532,0.0,0.00000000,30.320764541625977,0.000000,0.000000
2025-12-04 14:34:33,56.298,0.0008574109524488449,0.0,0.00000000,30.3227481842041,0.000000,0.000000
2025-12-04 14:34:33,56.350,0.0008570287609472871,0.0,0.00000000,30.3227481842041,0.000000,0.000000
2025-12-04 14:34:33,56.402,0.0008570229401811957,0.0,0.00000000,30.32256507873535,0.000000,0.000000
2025-12-04 14:34:33,56.454,0.0008567805634811521,0.0,0.00000000,30.32256507873535,0.000000,0.000000
2025-12-04 14:34:33,56.506,0.0008564774179831147,0.0,0.00000000,30.32024574279785,0.000000,0.000000
2025-12-04 14:34:33,56.558,0.0008564991876482964,0.0,0.00000000,30.320276260375977,0.000000,0.000000
2025-12-04 14:34:34,56.610,0.000856139580719173,0.0,0.00000000,30.320276260375977,0.000000,0.000000
2025-12-04 14:34:34,56.663,0.0008562265429645777,0.0,0.00000000,30.3218936920166,0.000000,0.000000
2025-12-04 14:34:34,56.715,0.0008569605415686965,0.0,0.00000000,30.3218936920166,0.000000,0.000000
2025-12-04 14:34:34,56.767,0.0008570043137297034,0.0,0.00000000,30.32097816467285,0.000000,0.000000
2025-12-04 14:34:34,56.819,0.0008567291661165655,0.0,0.00000000,30.32097816467285,0.000000,0.000000
2025-12-04 14:34:34,56.871,0.0008564726449549198,0.0,0.00000000,30.320642471313477,0.000000,0.000000
2025-12-04 14:34:34,56.923,0.0008560463902540505,0.0,0.00000000,30.320642471313477,0.000000,0.000000
2025-12-04 14:34:34,56.975,0.0008557515102438629,0.0,0.00000000,30.321985244750977,0.000000,0.000000
2025-12-04 14:34:34,57.027,0.0008557989494875073,0.0,0.00000000,30.321985244750977,0.000000,0.000000
2025-12-04 14:34:34,57.079,0.0008558616391383111,0.0,0.00000000,30.3212833404541,0.000000,0.000000
2025-12-04 14:34:34,57.132,0.0008558265399187803,0.0,0.00000000,30.3212833404541,0.000000,0.000000
2025-12-04 14:34:34,57.184,0.0008562859147787094,0.0,0.00000000,30.32268714904785,0.000000,0.000000
2025-12-04 14:34:34,57.236,0.0008565012831240892,0.0,0.00000000,30.32268714904785,0.000000,0.000000
2025-12-04 14:34:34,57.288,0.0008564104791730642,0.0,0.00000000,30.321985244750977,0.000000,0.000000
2025-12-04 14:34:34,57.340,0.000856344006024301,0.0,0.00000000,30.321985244750977,0.000000,0.000000
2025-12-04 14:34:34,57.392,0.0008556305547244847,0.0,0.00000000,30.322290420532227,0.000000,0.000000
2025-12-04 14:34:34,57.444,0.0008552507497370243,0.0,0.00000000,30.322290420532227,0.000000,0.000000
2025-12-04 14:34:34,57.497,0.0008554136729799211,0.0,0.00000000,30.3212833404541,0.000000,0.000000
2025-12-04 14:34:34,57.549,0.0008553438237868249,0.0,0.00000000,30.3212833404541,0.000000,0.000000
2025-12-04 14:34:34,57.601,0.0008553544757887721,0.0,0.00000000,30.32244300842285,0.000000,0.000000
2025-12-04 14:34:35,57.653,0.0008555853855796158,0.0,0.00000000,30.32244300842285,0.000000,0.000000
2025-12-04 14:34:35,57.705,0.0008558261324651539,0.0,0.00000000,30.321985244750977,0.000000,0.000000
2025-12-04 14:34:35,57.757,0.0008560086134821177,0.0,0.00000000,30.321252822875977,0.000000,0.000000
2025-12-04 14:34:35,57.809,0.0008558313129469752,0.0,0.00000000,30.321252822875977,0.000000,0.000000
2025-12-04 14:34:35,57.861,0.000855372054502368,0.0,0.00000000,30.320093154907227,0.000000,0.000000
2025-12-04 14:34:35,57.914,0.0008551515638828278,0.0,0.00000000,30.320093154907227,0.000000,0.000000
2025-12-04 14:34:35,57.966,0.000855222693644464,0.0,0.00000000,30.32268714904785,0.000000,0.000000
2025-12-04 14:34:35,58.018,0.0008552541839890182,0.0,0.00000000,30.32268714904785,0.000000,0.000000
2025-12-04 14:34:35,58.070,0.0008555506356060505,0.0,0.00000000,30.321802139282227,0.000000,0.000000
2025-12-04 14:34:35,58.122,0.0008551267092116177,0.0,0.00000000,30.321802139282227,0.000000,0.000000
2025-12-04 14:34:35,58.174,0.0008548527839593589,0.0,0.00000000,30.3223819732666,0.000000,0.000000
2025-12-04 14:34:35,58.226,0.0008554654777981341,0.0,0.00000000,30.3223819732666,0.000000,0.000000
2025-12-04 14:34:35,58.279,0.0008552386425435543,0.0,0.00000000,30.32171058654785,0.000000,0.000000
2025-12-04 14:34:35,58.331,0.0008549686172045767,0.0,0.00000000,30.32171058654785,0.000000,0.000000
2025-12-04 14:34:35,58.383,0.0008549786871299148,0.0,0.00000000,30.32036781311035,0.000000,0.000000
2025-12-04 14:34:35,58.435,0.0008547353208996356,0.0,0.00000000,30.32036781311035,0.000000,0.000000
2025-12-04 14:34:35,58.487,0.0008548975456506014,0.0,0.00000000,30.322290420532227,0.000000,0.000000
2025-12-04 14:34:35,58.539,0.000855179678183049,0.0,0.00000000,30.322290420532227,0.000000,0.000000
2025-12-04 14:34:35,58.591,0.0008550704806111753,0.0,0.00000000,30.32183265686035,0.000000,0.000000
2025-12-04 14:34:36,58.643,0.0008550725760869682,0.0,0.00000000,30.32183265686035,0.000000,0.000000
2025-12-04 14:34:36,58.696,0.0008551486534997821,0.0,0.00000000,30.320032119750977,0.000000,0.000000
2025-12-04 14:34:36,58.748,0.0008548434125259519,0.0,0.00000000,30.320032119750977,0.000000,0.000000
2025-12-04 14:34:36,58.800,0.0008545162854716182,0.0,0.00000000,30.3198184967041,0.000000,0.000000
2025-12-04 14:34:36,58.852,0.000854665704537183,0.0,0.00000000,30.3198184967041,0.000000,0.000000
2025-12-04 14:34:36,58.904,0.0008546392200514674,0.0,0.00000000,30.32024574279785,0.000000,0.000000
2025-12-04 14:34:36,58.956,0.0008549592457711697,0.0,0.00000000,30.31975746154785,0.000000,0.000000
2025-12-04 14:34:36,59.008,0.0008547140168957412,0.0,0.00000000,30.31975746154785,0.000000,0.000000
2025-12-04 14:34:36,59.060,0.0008535885135643184,0.0,0.00000000,30.321374893188477,0.000000,0.000000
2025-12-04 14:34:36,59.113,0.0008528593461960554,0.0,0.00000000,30.321374893188477,0.000000,0.000000
2025-12-04 14:34:36,59.165,0.0008521509589627385,0.0,0.00000000,30.321557998657227,0.000000,0.000000
2025-12-04 14:34:36,59.217,0.0008517741225659847,0.0,0.00000000,30.321557998657227,0.000000,0.000000
2025-12-04 14:34:36,59.269,0.0008521508425474167,0.0,0.00000000,30.3218936920166,0.000000,0.000000
2025-12-04 14:34:36,59.321,0.0008526962483301759,0.0,0.00000000,30.3218936920166,0.000000,0.000000
2025-12-04 14:34:36,59.373,0.0008533723303116858,0.0,0.00000000,30.320215225219727,0.000000,0.000000
2025-12-04 14:34:36,59.425,0.0008541101706214249,0.0,0.00000000,30.320215225219727,0.000000,0.000000
2025-12-04 14:34:36,59.478,0.0008508074679411948,0.0,0.00000000,30.321374893188477,0.000000,0.000000
2025-12-04 14:34:36,59.530,0.0008507019956596196,0.0,0.00000000,30.321374893188477,0.000000,0.000000
2025-12-04 14:34:36,59.582,0.0008549259509891272,0.0,0.00000000,30.320764541625977,0.000000,0.000000
2025-12-04 14:34:37,59.634,0.0008551978971809149,0.0,0.00000000,30.320764541625977,0.000000,0.000000
2025-12-04 14:34:37,59.686,0.0008547861943952739,0.0,0.00000000,30.3217716217041,0.000000,0.000000
2025-12-04 14:34:37,59.738,0.0008549599442631006,0.0,0.00000000,30.3217716217041,0.000000,0.000000
2025-12-04 14:34:37,59.790,0.0008547801990061998,0.0,0.00000000,30.321252822875977,0.000000,0.000000
2025-12-04 14:34:37,59.842,0.0008547826437279582,0.0,0.00000000,30.321252822875977,0.000000,0.000000
2025-12-04 14:34:37,59.895,0.0008549598278477788,0.0,0.00000000,30.322107315063477,0.000000,0.000000
2025-12-04 14:34:37,59.947,0.0008544660522602499,0.0,0.00000000,30.322107315063477,0.000000,0.000000
2025-12-04 14:34:37,59.999,0.0008501543197780848,0.0,0.00000000,30.320459365844727,0.000000,0.000000
2025-12-04 14:34:37,60.051,0.0008507017628289759,0.0,0.00000000,30.320459365844727,0.000000,0.000000
2025-12-04 14:34:37,60.103,0.000855244870763272,0.0,0.00000000,30.321374893188477,0.000000,0.000000
2025-12-04 14:34:37,60.155,0.000855733291245997,0.0,0.00000000,30.32183265686035,0.000000,0.000000
2025-12-04 14:34:37,60.207,0.0008558067493140697,0.0,0.00000000,30.32183265686035,0.000000,0.000000
2025-12-04 14:34:37,60.260,0.0008552295621484518,0.0,0.00000000,30.32122230529785,0.000000,0.000000
2025-12-04 14:34:37,60.312,0.0008553082589060068,0.0,0.00000000,30.32122230529785,0.000000,0.000000
2025-12-04 14:34:37,60.364,0.0008553812513127923,0.0,0.00000000,30.3215274810791,0.000000,0.000000
2025-12-04 14:34:37,60.416,0.0008548546466045082,0.0,0.00000000,30.3215274810791,0.000000,0.000000
2025-12-04 14:34:37,60.468,0.0008525906014256179,0.0,0.00000000,30.3226261138916,0.000000,0.000000
2025-12-04 14:34:37,60.520,0.0008504930883646011,0.0,0.00000000,30.3226261138916,0.000000,0.000000
2025-12-04 14:34:37,60.572,0.000852878438308835,0.0,0.00000000,30.3203067779541,0.000000,0.000000
2025-12-04 14:34:38,60.624,0.0008558776462450624,0.0,0.00000000,30.3203067779541,0.000000,0.000000
2025-12-04 14:34:38,60.676,0.0008560826536267996,0.0,0.00000000,30.3203067779541,0.000000,0.000000
2025-12-04 14:34:38,60.729,0.0008556207176297903,0.0,0.00000000,30.3203067779541,0.000000,0.000000
2025-12-04 14:34:38,60.781,0.0008555082604289055,0.0,0.00000000,30.320154190063477,0.000000,0.000000
2025-12-04 14:34:38,60.833,0.0008552977815270424,0.0,0.00000000,30.320154190063477,0.000000,0.000000
2025-12-04 14:34:38,60.885,0.000855063262861222,0.0,0.00000000,30.3210391998291,0.000000,0.000000
2025-12-04 14:34:38,60.937,0.0008548927144147456,0.0,0.00000000,30.3210391998291,0.000000,0.000000
2025-12-04 14:34:38,60.989,0.0008475591312162578,0.0,0.00000000,30.321496963500977,0.000000,0.000000
2025-12-04 14:34:38,61.042,0.0008469779277220368,0.0,0.00000000,30.321496963500977,0.000000,0.000000
2025-12-04 14:34:38,61.094,0.0008548358455300331,0.0,0.00000000,30.32048988342285,0.000000,0.000000
2025-12-04 14:34:38,61.146,0.0008560052374377847,0.0,0.00000000,30.32048988342285,0.000000,0.000000
2025-12-04 14:34:38,61.198,0.0008558132685720921,0.0,0.00000000,30.321680068969727,0.000000,0.000000
2025-12-04 14:34:38,61.250,0.0008555606473237276,0.0,0.00000000,30.3211612701416,0.000000,0.000000
2025-12-04 14:34:38,61.302,0.0008550890488550067,0.0,0.00000000,30.3211612701416,0.000000,0.000000
2025-12-04 14:34:38,61.354,0.0008547125617042184,0.0,0.00000000,30.321313858032227,0.000000,0.000000
2025-12-04 14:34:38,61.406,0.000854453828651458,0.0,0.00000000,30.321313858032227,0.000000,0.000000
2025-12-04 14:34:38,61.459,0.0008537668036296964,0.0,0.00000000,30.321496963500977,0.000000,0.000000
2025-12-04 14:34:38,61.511,0.000849531963467598,0.0,0.00000000,30.321496963500977,0.000000,0.000000
2025-12-04 14:34:38,61.563,0.0008503930876031518,0.0,0.00000000,30.319421768188477,0.000000,0.000000
2025-12-04 14:34:39,61.615,0.0008557789260521531,0.0,0.00000000,30.319421768188477,0.000000,0.000000
2025-12-04 14:34:39,61.667,0.0008565932512283325,0.0,0.00000000,30.321069717407227,0.000000,0.000000
2025-12-04 14:34:39,61.719,0.0008563679875805974,0.0,0.00000000,30.321069717407227,0.000000,0.000000
2025-12-04 14:34:39,61.771,0.0008558802073821425,0.0,0.00000000,30.32122230529785,0.000000,0.000000
2025-12-04 14:34:39,61.823,0.0008554902160540223,0.0,0.00000000,30.32122230529785,0.000000,0.000000
2025-12-04 14:34:39,61.876,0.0008547985926270485,0.0,0.00000000,30.319238662719727,0.000000,0.000000
2025-12-04 14:34:39,61.928,0.0008541662828065455,0.0,0.00000000,30.319238662719727,0.000000,0.000000
2025-12-04 14:34:39,61.980,0.0008497701492160559,0.0,0.00000000,30.3207950592041,0.000000,0.000000
2025-12-04 14:34:39,62.032,0.0008486918522976339,0.0,0.00000000,30.3207950592041,0.000000,0.000000
2025-12-04 14:34:39,62.084,0.0008541310089640319,0.0,0.00000000,30.321619033813477,0.000000,0.000000
2025-12-04 14:34:39,62.136,0.0008564668823964894,0.0,0.00000000,30.321619033813477,0.000000,0.000000
2025-12-04 14:34:39,62.188,0.0008558983681723475,0.0,0.00000000,30.3209171295166,0.000000,0.000000
2025-12-04 14:34:39,62.240,0.0008552254876121879,0.0,0.00000000,30.3209171295166,0.000000,0.000000
2025-12-04 14:34:39,62.293,0.0008551706559956074,0.0,0.00000000,30.321191787719727,0.000000,0.000000
2025-12-04 14:34:39,62.345,0.0008544782758690417,0.0,0.00000000,30.321191787719727,0.000000,0.000000
2025-12-04 14:34:39,62.397,0.0008536344394087791,0.0,0.00000000,30.319849014282227,0.000000,0.000000
2025-12-04 14:34:39,62.449,0.0008538279216736555,0.0,0.00000000,30.32146644592285,0.000000,0.000000
2025-12-04 14:34:39,62.501,0.0008487142040394247,0.0,0.00000000,30.32146644592285,0.000000,0.000000
2025-12-04 14:34:39,62.553,0.0008488789899274707,0.0,0.00000000,30.320276260375977,0.000000,0.000000
2025-12-04 14:34:39,62.605,0.0008552713552489877,0.0,0.00000000,30.320276260375977,0.000000,0.000000
2025-12-04 14:34:40,62.657,0.0008556257816962898,0.0,0.00000000,30.320337295532227,0.000000,0.000000
2025-12-04 14:34:40,62.710,0.0008550970233045518,0.0,0.00000000,30.320337295532227,0.000000,0.000000
2025-12-04 14:34:40,62.762,0.0008545556920580566,0.0,0.00000000,30.32048988342285,0.000000,0.000000
2025-12-04 14:34:40,62.814,0.0008538129040971398,0.0,0.00000000,30.32048988342285,0.000000,0.000000
2025-12-04 14:34:40,62.866,0.0008535066153854132,0.0,0.00000000,30.32073402404785,0.000000,0.000000
2025-12-04 14:34:40,62.918,0.0008535597589798272,0.0,0.00000000,30.32073402404785,0.000000,0.000000
2025-12-04 14:34:40,62.970,0.0008522215648554265,0.0,0.00000000,30.320154190063477,0.000000,0.000000
2025-12-04 14:34:40,63.022,0.0008505081059411168,0.0,0.00000000,30.320154190063477,0.000000,0.000000
2025-12-04 14:34:40,63.074,0.0008525199955329299,0.0,0.00000000,30.3204288482666,0.000000,0.000000
2025-12-04 14:34:40,63.127,0.0008551537175662816,0.0,0.00000000,30.3204288482666,0.000000,0.000000
2025-12-04 14:34:40,63.179,0.0008551712380722165,0.0,0.00000000,30.321008682250977,0.000000,0.000000
2025-12-04 14:34:40,63.231,0.0008544214069843292,0.0,0.00000000,30.321008682250977,0.000000,0.000000
2025-12-04 14:34:40,63.283,0.0008536445675417781,0.0,0.00000000,30.3198184967041,0.000000,0.000000
2025-12-04 14:34:40,63.335,0.0008534417720511556,0.0,0.00000000,30.3198184967041,0.000000,0.000000
2025-12-04 14:34:40,63.387,0.0008533800719305873,0.0,0.00000000,30.32061195373535,0.000000,0.000000
2025-12-04 14:34:40,63.439,0.0008533791406080127,0.0,0.00000000,30.32061195373535,0.000000,0.000000
2025-12-04 14:34:40,63.492,0.0008482512785121799,0.0,0.00000000,30.3196964263916,0.000000,0.000000
2025-12-04 14:34:40,63.544,0.0008479767711833119,0.0,0.00000000,30.3196964263916,0.000000,0.000000
2025-12-04 14:34:40,63.596,0.0008539495756849647,0.0,0.00000000,30.3231143951416,0.000000,0.000000
2025-12-04 14:34:41,63.648,0.0008549710037186742,0.0,0.00000000,30.321557998657227,0.000000,0.000000
2025-12-04 14:34:41,63.700,0.0008543300209566951,0.0,0.00000000,30.321557998657227,0.000000,0.000000
2025-12-04 14:34:41,63.752,0.0008535744855180383,0.0,0.00000000,30.32158851623535,0.000000,0.000000
2025-12-04 14:34:41,63.804,0.0008533865911886096,0.0,0.00000000,30.32158851623535,0.000000,0.000000
2025-12-04 14:34:41,63.856,0.0008532131905667484,0.0,0.00000000,30.320886611938477,0.000000,0.000000
2025-12-04 14:34:41,63.909,0.0008532183710485697,0.0,0.00000000,30.320886611938477,0.000000,0.000000
2025-12-04 14:34:41,63.961,0.0008531828643754125,0.0,0.00000000,30.3203067779541,0.000000,0.000000
2025-12-04 14:34:41,64.013,0.0008491742191836238,0.0,0.00000000,30.3203067779541,0.000000,0.000000
2025-12-04 14:34:41,64.065,0.0008496404625475407,0.0,0.00000000,30.32036781311035,0.000000,0.000000
2025-12-04 14:34:41,64.117,0.0008541917195543647,0.0,0.00000000,30.32036781311035,0.000000,0.000000
2025-12-04 14:34:41,64.169,0.000854059006087482,0.0,0.00000000,30.32219886779785,0.000000,0.000000
2025-12-04 14:34:41,64.221,0.0008536055102013052,0.0,0.00000000,30.32219886779785,0.000000,0.000000
2025-12-04 14:34:41,64.273,0.0008533469517715275,0.0,0.00000000,30.321496963500977,0.000000,0.000000
2025-12-04 14:34:41,64.326,0.0008530264021828771,0.0,0.00000000,30.321496963500977,0.000000,0.000000
2025-12-04 14:34:41,64.378,0.000853224191814661,0.0,0.00000000,30.32048988342285,0.000000,0.000000
2025-12-04 14:34:41,64.430,0.0008532611536793411,0.0,0.00000000,30.32048988342285,0.000000,0.000000
2025-12-04 14:34:41,64.482,0.0008497125236317515,0.0,0.00000000,30.32134437561035,0.000000,0.000000
2025-12-04 14:34:41,64.534,0.000848646741360426,0.0,0.00000000,30.32134437561035,0.000000,0.000000
2025-12-04 14:34:41,64.586,0.0008523616706952453,0.0,0.00000000,30.320520401000977,0.000000,0.000000
2025-12-04 14:34:42,64.638,0.0008539855480194092,0.0,0.00000000,30.320520401000977,0.000000,0.000000
2025-12-04 14:34:42,64.691,0.0008539593545719981,0.0,0.00000000,30.320215225219727,0.000000,0.000000
2025-12-04 14:34:42,64.743,0.0008535917731933296,0.0,0.00000000,30.320215225219727,0.000000,0.000000
2025-12-04 14:34:42,64.795,0.0008533506188541651,0.0,0.00000000,30.322717666625977,0.000000,0.000000
2025-12-04 14:34:42,64.847,0.0008534167427569628,0.0,0.00000000,30.3204288482666,0.000000,0.000000
2025-12-04 14:34:42,64.899,0.0008531467756256461,0.0,0.00000000,30.3204288482666,0.000000,0.000000
2025-12-04 14:34:42,64.951,0.0008527619065716863,0.0,0.00000000,30.3209171295166,0.000000,0.000000
2025-12-04 14:34:42,65.003,0.0008474907372146845,0.0,0.00000000,30.3209171295166,0.000000,0.000000
2025-12-04 14:34:42,65.055,0.0008472387562505901,0.0,0.00000000,30.322229385375977,0.000000,0.000000
2025-12-04 14:34:42,65.108,0.0008530407212674618,0.0,0.00000000,30.322229385375977,0.000000,0.000000
2025-12-04 14:34:42,65.160,0.0008538333349861205,0.0,0.00000000,30.3206729888916,0.000000,0.000000
2025-12-04 14:34:42,65.212,0.0008535221568308771,0.0,0.00000000,30.3206729888916,0.000000,0.000000
2025-12-04 14:34:42,65.264,0.0008533027139492333,0.0,0.00000000,30.321313858032227,0.000000,0.000000
2025-12-04 14:34:42,65.316,0.0008531925268471241,0.0,0.00000000,30.321313858032227,0.000000,0.000000
2025-12-04 14:34:42,65.368,0.0008528655162081122,0.0,0.00000000,30.320337295532227,0.000000,0.000000
2025-12-04 14:34:42,65.420,0.0008527054451406002,0.0,0.00000000,30.320337295532227,0.000000,0.000000
2025-12-04 14:34:42,65.472,0.0008519212133251131,0.0,0.00000000,30.321313858032227,0.000000,0.000000
2025-12-04 14:34:42,65.525,0.0008507606107741594,0.0,0.00000000,30.321313858032227,0.000000,0.000000
2025-12-04 14:34:42,65.577,0.0008516476955264807,0.0,0.00000000,30.321619033813477,0.000000,0.000000
2025-12-04 14:34:43,65.629,0.0008529299520887434,0.0,0.00000000,30.321619033813477,0.000000,0.000000
2025-12-04 14:34:43,65.681,0.000852867728099227,0.0,0.00000000,30.321069717407227,0.000000,0.000000
2025-12-04 14:34:43,65.733,0.0008528761682100594,0.0,0.00000000,30.321069717407227,0.000000,0.000000
2025-12-04 14:34:43,65.785,0.0008527431054972112,0.0,0.00000000,30.3203067779541,0.000000,0.000000
2025-12-04 14:34:43,65.837,0.0008524187142029405,0.0,0.00000000,30.3203067779541,0.000000,0.000000
2025-12-04 14:34:43,65.889,0.0008521368727087975,0.0,0.00000000,30.3227481842041,0.000000,0.000000
2025-12-04 14:34:43,65.942,0.000851883552968502,0.0,0.00000000,30.3227481842041,0.000000,0.000000
2025-12-04 14:34:43,65.994,0.0008518333197571337,0.0,0.00000000,30.3228702545166,0.000000,0.000000
2025-12-04 14:34:43,66.046,0.0008518311660736799,0.0,0.00000000,30.3218936920166,0.000000,0.000000
2025-12-04 14:34:43,66.098,0.000851766555570066,0.0,0.00000000,30.3218936920166,0.000000,0.000000
2025-12-04 14:34:43,66.150,0.0008520397823303938,0.0,0.00000000,30.3205509185791,0.000000,0.000000
2025-12-04 14:34:43,66.202,0.0008524474105797708,0.0,0.00000000,30.3205509185791,0.000000,0.000000
2025-12-04 14:34:43,66.254,0.000852214521728456,0.0,0.00000000,30.3216495513916,0.000000,0.000000
2025-12-04 14:34:43,66.307,0.0008520343108102679,0.0,0.00000000,30.3216495513916,0.000000,0.000000
2025-12-04 14:34:43,66.359,0.0008522415300831199,0.0,0.00000000,30.32024574279785,0.000000,0.000000
2025-12-04 14:34:43,66.411,0.0008517828537151217,0.0,0.00000000,30.32024574279785,0.000000,0.000000
2025-12-04 14:34:43,66.463,0.0008512454223819077,0.0,0.00000000,30.320520401000977,0.000000,0.000000
2025-12-04 14:34:43,66.515,0.0008515360532328486,0.0,0.00000000,30.320520401000977,0.000000,0.000000
2025-12-04 14:34:43,66.567,0.0008518077665939927,0.0,0.00000000,30.32146644592285,0.000000,0.000000
2025-12-04 14:34:44,66.619,0.0008518946706317365,0.0,0.00000000,30.32146644592285,0.000000,0.000000
2025-12-04 14:34:44,66.671,0.0008519722614437342,0.0,0.00000000,30.32122230529785,0.000000,0.000000
2025-12-04 14:34:44,66.724,0.0008519989205524325,0.0,0.00000000,30.32122230529785,0.000000,0.000000
2025-12-04 14:34:44,66.776,0.0008520459523424506,0.0,0.00000000,30.32268714904785,0.000000,0.000000
2025-12-04 14:34:44,66.828,0.0008517829701304436,0.0,0.00000000,30.32268714904785,0.000000,0.000000
2025-12-04 14:34:44,66.880,0.0008514966466464102,0.0,0.00000000,30.320581436157227,0.000000,0.000000
2025-12-04 14:34:44,66.932,0.0008517281385138631,0.0,0.00000000,30.320581436157227,0.000000,0.000000
2025-12-04 14:34:44,66.984,0.0008518153335899115,0.0,0.00000000,30.32146644592285,0.000000,0.000000
2025-12-04 14:34:44,67.036,0.000851568765938282,0.0,0.00000000,30.32146644592285,0.000000,0.000000
2025-12-04 14:34:44,67.088,0.0008519854163751006,0.0,0.00000000,30.321557998657227,0.000000,0.000000
2025-12-04 14:34:44,67.141,0.0008522011921741068,0.0,0.00000000,30.31987953186035,0.000000,0.000000
2025-12-04 14:34:44,67.193,0.0008516588713973761,0.0,0.00000000,30.31987953186035,0.000000,0.000000
2025-12-04 14:34:44,67.245,0.0008514056680724025,0.0,0.00000000,30.32110023498535,0.000000,0.000000
2025-12-04 14:34:44,67.297,0.0008512623026035726,0.0,0.00000000,30.32110023498535,0.000000,0.000000
2025-12-04 14:34:44,67.349,0.0008511221967637539,0.0,0.00000000,30.31975746154785,0.000000,0.000000
2025-12-04 14:34:44,67.401,0.0008511561900377274,0.0,0.00000000,30.31975746154785,0.000000,0.000000
2025-12-04 14:34:44,67.453,0.0008511596824973822,0.0,0.00000000,30.320032119750977,0.000000,0.000000
2025-12-04 14:34:44,67.506,0.000851439603138715,0.0,0.00000000,30.320032119750977,0.000000,0.000000
2025-12-04 14:34:44,67.558,0.0008517346577718854,0.0,0.00000000,30.321313858032227,0.000000,0.000000
2025-12-04 14:34:45,67.610,0.000851497461553663,0.0,0.00000000,30.321313858032227,0.000000,0.000000
2025-12-04 14:34:45,67.662,0.0008514765067957342,0.0,0.00000000,30.3209171295166,0.000000,0.000000
2025-12-04 14:34:45,67.714,0.0008516832021996379,0.0,0.00000000,30.3209171295166,0.000000,0.000000
2025-12-04 14:34:45,67.766,0.000851122778840363,0.0,0.00000000,30.322290420532227,0.000000,0.000000
2025-12-04 14:34:45,67.818,0.0008507430902682245,0.0,0.00000000,30.322290420532227,0.000000,0.000000
2025-12-04 14:34:45,67.870,0.0008512170752510428,0.0,0.00000000,30.321557998657227,0.000000,0.000000
2025-12-04 14:34:45,67.923,0.0008514075307175517,0.0,0.00000000,30.321557998657227,0.000000,0.000000
2025-12-04 14:34:45,67.975,0.000851435586810112,0.0,0.00000000,30.319421768188477,0.000000,0.000000
2025-12-04 14:34:45,68.027,0.000851687858812511,0.0,0.00000000,30.319421768188477,0.000000,0.000000
2025-12-04 14:34:45,68.079,0.0008517766837030649,0.0,0.00000000,30.321863174438477,0.000000,0.000000
2025-12-04 14:34:45,68.131,0.0008517419337294996,0.0,0.00000000,30.321863174438477,0.000000,0.000000
2025-12-04 14:34:45,68.183,0.0008514985674992204,0.0,0.00000000,30.322473526000977,0.000000,0.000000
2025-12-04 14:34:45,68.235,0.0008528995094820857,0.0,0.00000000,30.322473526000977,0.000000,0.000000
2025-12-04 14:34:45,68.287,0.000854893121868372,0.0,0.00000000,30.3221378326416,0.000000,0.000000
2025-12-04 14:34:45,68.340,0.0008545361342839897,0.0,0.00000000,30.3194522857666,0.000000,0.000000
2025-12-04 14:34:45,68.392,0.000853591482155025,0.0,0.00000000,30.3194522857666,0.000000,0.000000
2025-12-04 14:34:45,68.444,0.0008533030631951988,0.0,0.00000000,30.3228702545166,0.000000,0.000000
2025-12-04 14:34:45,68.496,0.0008528033504262567,0.0,0.00000000,30.3228702545166,0.000000,0.000000
2025-12-04 14:34:45,68.548,0.0008523085271008313,0.0,0.00000000,30.3194522857666,0.000000,0.000000
2025-12-04 14:34:45,68.600,0.0008520380361005664,0.0,0.00000000,30.3194522857666,0.000000,0.000000
2025-12-04 14:34:46,68.653,0.0008514834917150438,0.0,0.00000000,30.32110023498535,0.000000,0.000000
2025-12-04 14:34:46,68.705,0.0008507008897140622,0.0,0.00000000,30.32110023498535,0.000000,0.000000
2025-12-04 14:34:46,68.757,0.0008507618913426995,0.0,0.00000000,30.318872451782227,0.000000,0.000000
2025-12-04 14:34:46,68.809,0.0008511837222613394,0.0,0.00000000,30.318872451782227,0.000000,0.000000
2025-12-04 14:34:46,68.861,0.0008511017076671124,0.0,0.00000000,30.320337295532227,0.000000,0.000000
2025-12-04 14:34:46,68.913,0.0008512896602042019,0.0,0.00000000,30.320337295532227,0.000000,0.000000
2025-12-04 14:34:46,68.965,0.0008511681808158755,0.0,0.00000000,30.32085609436035,0.000000,0.000000
2025-12-04 14:34:46,69.017,0.0008509610779583454,0.0,0.00000000,30.32085609436035,0.000000,0.000000
2025-12-04 14:34:46,69.070,0.0008509987965226173,0.0,0.00000000,30.322656631469727,0.000000,0.000000
2025-12-04 14:34:46,69.122,0.0008505830774083734,0.0,0.00000000,30.322656631469727,0.000000,0.000000
2025-12-04 14:34:46,69.174,0.0008505054283887148,0.0,0.00000000,30.320581436157227,0.000000,0.000000
2025-12-04 14:34:46,69.226,0.0008505966397933662,0.0,0.00000000,30.320581436157227,0.000000,0.000000
2025-12-04 14:34:46,69.278,0.0008507597958669066,0.0,0.00000000,30.320520401000977,0.000000,0.000000
2025-12-04 14:34:46,69.330,0.0008513996144756675,0.0,0.00000000,30.320520401000977,0.000000,0.000000
2025-12-04 14:34:46,69.382,0.0008513707434758544,0.0,0.00000000,30.3201847076416,0.000000,0.000000
2025-12-04 14:34:46,69.434,0.000850811367854476,0.0,0.00000000,30.3201847076416,0.000000,0.000000
2025-12-04 14:34:46,69.487,0.0008508045575581491,0.0,0.00000000,30.32122230529785,0.000000,0.000000
2025-12-04 14:34:46,69.539,0.0008506870362907648,0.0,0.00000000,30.32085609436035,0.000000,0.000000
2025-12-04 14:34:46,69.591,0.0008503056596964598,0.0,0.00000000,30.32085609436035,0.000000,0.000000
2025-12-04 14:34:47,69.643,0.000850321666803211,0.0,0.00000000,30.321496963500977,0.000000,0.000000
2025-12-04 14:34:47,69.695,0.000850202573928982,0.0,0.00000000,30.321496963500977,0.000000,0.000000
2025-12-04 14:34:47,69.747,0.0008503126446157694,0.0,0.00000000,30.318323135375977,0.000000,0.000000
2025-12-04 14:34:47,69.799,0.000850963406264782,0.0,0.00000000,30.318323135375977,0.000000,0.000000
2025-12-04 14:34:47,69.851,0.0008510459447279572,0.0,0.00000000,30.3210391998291,0.000000,0.000000
2025-12-04 14:34:47,69.904,0.0008505441946908832,0.0,0.00000000,30.3210391998291,0.000000,0.000000
2025-12-04 14:34:47,69.956,0.000850555719807744,0.0,0.00000000,30.3199405670166,0.000000,0.000000
2025-12-04 14:34:47,70.008,0.0008501799893565476,0.0,0.00000000,30.3199405670166,0.000000,0.000000
2025-12-04 14:34:47,70.060,0.0008498550159856677,0.0,0.00000000,30.3199405670166,0.000000,0.000000
2025-12-04 14:34:47,70.112,0.0008500946569256485,0.0,0.00000000,30.3199405670166,0.000000,0.000000
2025-12-04 14:34:47,70.164,0.0008500166586600244,0.0,0.00000000,30.31987953186035,0.000000,0.000000
2025-12-04 14:34:47,70.216,0.0008497461676597595,0.0,0.00000000,30.31987953186035,0.000000,0.000000
2025-12-04 14:34:47,70.268,0.0008490883046761155,0.0,0.00000000,30.321374893188477,0.000000,0.000000
2025-12-04 14:34:47,70.321,0.0008481128606945276,0.0,0.00000000,30.321374893188477,0.000000,0.000000
2025-12-04 14:34:47,70.373,0.0008473964408040047,0.0,0.00000000,30.31939125061035,0.000000,0.000000
2025-12-04 14:34:47,70.425,0.0008471885812468827,0.0,0.00000000,30.31939125061035,0.000000,0.000000
2025-12-04 14:34:47,70.477,0.0008468888700008392,0.0,0.00000000,30.321069717407227,0.000000,0.000000
2025-12-04 14:34:47,70.529,0.0008474240894429386,0.0,0.00000000,30.321069717407227,0.000000,0.000000
2025-12-04 14:34:47,70.581,0.000848564668558538,0.0,0.00000000,30.32171058654785,0.000000,0.000000
2025-12-04 14:34:48,70.633,0.0008491832995787263,0.0,0.00000000,30.32171058654785,0.000000,0.000000
2025-12-04 14:34:48,70.686,0.0008476142538711429,0.0,0.00000000,30.3201847076416,0.000000,0.000000
2025-12-04 14:34:48,70.738,0.0008480361429974437,0.0,0.00000000,30.319910049438477,0.000000,0.000000
2025-12-04 14:34:48,70.790,0.0008504773140884936,0.0,0.00000000,30.319910049438477,0.000000,0.000000
2025-12-04 14:34:48,70.842,0.0008507278980687261,0.0,0.00000000,30.32024574279785,0.000000,0.000000
2025-12-04 14:34:48,70.894,0.0008505003643222153,0.0,0.00000000,30.32024574279785,0.000000,0.000000
2025-12-04 14:34:48,70.946,0.0008499710238538682,0.0,0.00000000,30.3209171295166,0.000000,0.000000
2025-12-04 14:34:48,70.998,0.0008498563547618687,0.0,0.00000000,30.3209171295166,0.000000,0.000000
2025-12-04 14:34:48,71.050,0.0008497053058817983,0.0,0.00000000,30.32097816467285,0.000000,0.000000
2025-12-04 14:34:48,71.102,0.0008496710797771811,0.0,0.00000000,30.32097816467285,0.000000,0.000000
2025-12-04 14:34:48,71.155,0.0008500192780047655,0.0,0.00000000,30.3195743560791,0.000000,0.000000
2025-12-04 14:34:48,71.207,0.0008483617566525936,0.0,0.00000000,30.3195743560791,0.000000,0.000000
2025-12-04 14:34:48,71.259,0.0008487937739118934,0.0,0.00000000,30.319787979125977,0.000000,0.000000
2025-12-04 14:34:48,71.311,0.0008512287167832255,0.0,0.00000000,30.319787979125977,0.000000,0.000000
2025-12-04 14:34:48,71.363,0.0008509291801601648,0.0,0.00000000,30.320093154907227,0.000000,0.000000
2025-12-04 14:34:48,71.415,0.000850341166369617,0.0,0.00000000,30.320093154907227,0.000000,0.000000
2025-12-04 14:34:48,71.467,0.0008502516429871321,0.0,0.00000000,30.321435928344727,0.000000,0.000000
2025-12-04 14:34:48,71.520,0.000850082840770483,0.0,0.00000000,30.321435928344727,0.000000,0.000000
2025-12-04 14:34:48,71.572,0.000850052572786808,0.0,0.00000000,30.321313858032227,0.000000,0.000000
2025-12-04 14:34:49,71.624,0.00085015082731843,0.0,0.00000000,30.321313858032227,0.000000,0.000000
2025-12-04 14:34:49,71.676,0.0008463967242278159,0.0,0.00000000,30.320825576782227,0.000000,0.000000
2025-12-04 14:34:49,71.728,0.0008455710485577583,0.0,0.00000000,30.320825576782227,0.000000,0.000000
2025-12-04 14:34:49,71.780,0.0008496677619405091,0.0,0.00000000,30.319787979125977,0.000000,0.000000
2025-12-04 14:34:49,71.832,0.0008506287704221904,0.0,0.00000000,30.319787979125977,0.000000,0.000000
2025-12-04 14:34:49,71.884,0.000850368058308959,0.0,0.00000000,30.322717666625977,0.000000,0.000000
2025-12-04 14:34:49,71.937,0.0008501927950419486,0.0,0.00000000,30.320947647094727,0.000000,0.000000
2025-12-04 14:34:49,71.989,0.0008499157847836614,0.0,0.00000000,30.320947647094727,0.000000,0.000000
2025-12-04 14:34:49,72.041,0.0008499863906763494,0.0,0.00000000,30.3218936920166,0.000000,0.000000
2025-12-04 14:34:49,72.093,0.0008500709664076567,0.0,0.00000000,30.3218936920166,0.000000,0.000000
2025-12-04 14:34:49,72.145,0.0008497931994497776,0.0,0.00000000,30.32171058654785,0.000000,0.000000
2025-12-04 14:34:49,72.197,0.0008447049767710268,0.0,0.00000000,30.32171058654785,0.000000,0.000000
2025-12-04 14:34:49,72.249,0.0008446588180959225,0.0,0.00000000,30.318933486938477,0.000000,0.000000
2025-12-04 14:34:49,72.302,0.0008501121192239225,0.0,0.00000000,30.318933486938477,0.000000,0.000000
2025-12-04 14:34:49,72.354,0.0008507557213306427,0.0,0.00000000,30.319055557250977,0.000000,0.000000
2025-12-04 14:34:49,72.406,0.0008505397709086537,0.0,0.00000000,30.319055557250977,0.000000,0.000000
2025-12-04 14:34:49,72.459,0.0008501799311488867,0.0,0.00000000,30.3212833404541,0.000000,0.000000
2025-12-04 14:34:49,72.510,0.0008503586868755519,0.0,0.00000000,30.3212833404541,0.000000,0.000000
2025-12-04 14:34:49,72.562,0.0008505329606123269,0.0,0.00000000,30.323511123657227,0.000000,0.000000
2025-12-04 14:34:50,72.614,0.0008505412843078375,0.0,0.00000000,30.323511123657227,0.000000,0.000000
2025-12-04 14:34:50,72.666,0.0008498103707097471,0.0,0.00000000,30.320276260375977,0.000000,0.000000
2025-12-04 14:34:50,72.719,0.0008479371899738908,0.0,0.00000000,30.320276260375977,0.000000,0.000000
2025-12-04 14:34:50,72.771,0.0008499537943862379,0.0,0.00000000,30.32048988342285,0.000000,0.000000
2025-12-04 14:34:50,72.823,0.0008536473615095019,0.0,0.00000000,30.32048988342285,0.000000,0.000000
2025-12-04 14:34:50,72.875,0.0008543513249605894,0.0,0.00000000,30.31975746154785,0.000000,0.000000
2025-12-04 14:34:50,72.927,0.0008548034820705652,0.0,0.00000000,30.31975746154785,0.000000,0.000000
2025-12-04 14:34:50,72.979,0.0008554132655262947,0.0,0.00000000,30.320276260375977,0.000000,0.000000
2025-12-04 14:34:50,73.031,0.0008557114051654935,0.0,0.00000000,30.3204288482666,0.000000,0.000000
2025-12-04 14:34:50,73.083,0.0008560176938772202,0.0,0.00000000,30.3204288482666,0.000000,0.000000
2025-12-04 14:34:50,73.136,0.000856383703649044,0.0,0.00000000,30.323144912719727,0.000000,0.000000
2025-12-04 14:34:50,73.188,0.0008503625867888331,0.0,0.00000000,30.323144912719727,0.000000,0.000000
2025-12-04 14:34:50,73.240,0.0008500112453475595,0.0,0.00000000,30.317712783813477,0.000000,0.000000
2025-12-04 14:34:50,73.292,0.0008577099652029574,0.0,0.00000000,30.317712783813477,0.000000,0.000000
2025-12-04 14:34:50,73.344,0.0008598645217716694,0.0,0.00000000,30.3217716217041,0.000000,0.000000
2025-12-04 14:34:50,73.396,0.0008603770402260125,0.0,0.00000000,30.3217716217041,0.000000,0.000000
2025-12-04 14:34:50,73.449,0.0008604890899732709,0.0,0.00000000,30.31963539123535,0.000000,0.000000
2025-12-04 14:34:50,73.501,0.0008601194713264704,0.0,0.00000000,30.31963539123535,0.000000,0.000000
2025-12-04 14:34:50,73.553,0.0008599839638918638,0.0,0.00000000,30.320947647094727,0.000000,0.000000
2025-12-04 14:34:50,73.605,0.0008598837302997708,0.0,0.00000000,30.320947647094727,0.000000,0.000000
2025-12-04 14:34:51,73.657,0.0008594596874900162,0.0,0.00000000,30.32097816467285,0.000000,0.000000
2025-12-04 14:34:51,73.709,0.0008531683124601841,0.0,0.00000000,30.32097816467285,0.000000,0.000000
2025-12-04 14:34:51,73.761,0.0008538730908185244,0.0,0.00000000,30.32207679748535,0.000000,0.000000
2025-12-04 14:34:51,73.813,0.0008617623243480921,0.0,0.00000000,30.32207679748535,0.000000,0.000000
2025-12-04 14:34:51,73.865,0.0008629921358078718,0.0,0.00000000,30.31987953186035,0.000000,0.000000
2025-12-04 14:34:51,73.918,0.0008626417256891727,0.0,0.00000000,30.31987953186035,0.000000,0.000000
2025-12-04 14:34:51,73.970,0.0008619499858468771,0.0,0.00000000,30.318262100219727,0.000000,0.000000
2025-12-04 14:34:51,74.022,0.0008614904945716262,0.0,0.00000000,30.318262100219727,0.000000,0.000000
2025-12-04 14:34:51,74.074,0.0008608727948740125,0.0,0.00000000,30.321435928344727,0.000000,0.000000
2025-12-04 14:34:51,74.126,0.0008604463073424995,0.0,0.00000000,30.321435928344727,0.000000,0.000000
2025-12-04 14:34:51,74.178,0.0008576218388043344,0.0,0.00000000,30.3217716217041,0.000000,0.000000
2025-12-04 14:34:51,74.230,0.0008541757706552744,0.0,0.00000000,30.321496963500977,0.000000,0.000000
2025-12-04 14:34:51,74.283,0.0008582722512073815,0.0,0.00000000,30.321496963500977,0.000000,0.000000
2025-12-04 14:34:51,74.335,0.0008633754914626479,0.0,0.00000000,30.32317543029785,0.000000,0.000000
2025-12-04 14:34:51,74.387,0.0008633239194750786,0.0,0.00000000,30.32317543029785,0.000000,0.000000
2025-12-04 14:34:51,74.439,0.0008625627378933132,0.0,0.00000000,30.321496963500977,0.000000,0.000000
2025-12-04 14:34:51,74.491,0.0008618871215730906,0.0,0.00000000,30.321496963500977,0.000000,0.000000
2025-12-04 14:34:51,74.543,0.0008610239019617438,0.0,0.00000000,30.320215225219727,0.000000,0.000000
2025-12-04 14:34:51,74.595,0.0008604861213825643,0.0,0.00000000,30.320215225219727,0.000000,0.000000
2025-12-04 14:34:52,74.647,0.0008603226160630584,0.0,0.00000000,30.320764541625977,0.000000,0.000000
2025-12-04 14:34:52,74.700,0.0008520296541973948,0.0,0.00000000,30.320764541625977,0.000000,0.000000
2025-12-04 14:34:52,74.752,0.0008515327936038375,0.0,0.00000000,30.319543838500977,0.000000,0.000000
2025-12-04 14:34:52,74.804,0.0008612032979726791,0.0,0.00000000,30.319543838500977,0.000000,0.000000
2025-12-04 14:34:52,74.856,0.0008631646633148193,0.0,0.00000000,30.32024574279785,0.000000,0.000000
2025-12-04 14:34:52,74.908,0.0008628250798210502,0.0,0.00000000,30.32024574279785,0.000000,0.000000
2025-12-04 14:34:52,74.960,0.0008619827567599714,0.0,0.00000000,30.3216495513916,0.000000,0.000000
2025-12-04 14:34:52,75.012,0.0008610914228484035,0.0,0.00000000,30.3216495513916,0.000000,0.000000
2025-12-04 14:34:52,75.065,0.0008606606861576438,0.0,0.00000000,30.321252822875977,0.000000,0.000000
2025-12-04 14:34:52,75.117,0.0008602934540249407,0.0,0.00000000,30.321252822875977,0.000000,0.000000
2025-12-04 14:34:52,75.169,0.0008595011895522475,0.0,0.00000000,30.320215225219727,0.000000,0.000000
2025-12-04 14:34:52,75.221,0.0008540244307368994,0.0,0.00000000,30.320215225219727,0.000000,0.000000
2025-12-04 14:34:52,75.273,0.0008552817162126303,0.0,0.00000000,30.32110023498535,0.000000,0.000000
2025-12-04 14:34:52,75.325,0.0008622165769338608,0.0,0.00000000,30.32110023498535,0.000000,0.000000
2025-12-04 14:34:52,75.377,0.0008626608178019524,0.0,0.00000000,30.321741104125977,0.000000,0.000000
2025-12-04 14:34:52,75.429,0.0008616248378530145,0.0,0.00000000,30.321741104125977,0.000000,0.000000
2025-12-04 14:34:52,75.481,0.0008606421761214733,0.0,0.00000000,30.321741104125977,0.000000,0.000000
2025-12-04 14:34:52,75.534,0.0008603641763329506,0.0,0.00000000,30.3207950592041,0.000000,0.000000
2025-12-04 14:34:52,75.586,0.0008600635919719934,0.0,0.00000000,30.3207950592041,0.000000,0.000000
2025-12-04 14:34:53,75.638,0.000859931344166398,0.0,0.00000000,30.32244300842285,0.000000,0.000000
2025-12-04 14:34:53,75.690,0.0008548398036509752,0.0,0.00000000,30.32244300842285,0.000000,0.000000
2025-12-04 14:34:53,75.742,0.0008537896792404354,0.0,0.00000000,30.32000160217285,0.000000,0.000000
2025-12-04 14:34:53,75.794,0.0008598057902418077,0.0,0.00000000,30.32000160217285,0.000000,0.000000
2025-12-04 14:34:53,75.846,0.0008615935803391039,0.0,0.00000000,30.3211612701416,0.000000,0.000000
2025-12-04 14:34:53,75.899,0.0008609626675024629,0.0,0.00000000,30.3211612701416,0.000000,0.000000
2025-12-04 14:34:53,75.951,0.0008602760499343276,0.0,0.00000000,30.317773818969727,0.000000,0.000000
2025-12-04 14:34:53,76.003,0.0008598898421041667,0.0,0.00000000,30.317773818969727,0.000000,0.000000
2025-12-04 14:34:53,76.055,0.0008594265091232955,0.0,0.00000000,30.321496963500977,0.000000,0.000000
2025-12-04 14:34:53,76.107,0.0008593907114118338,0.0,0.00000000,30.321496963500977,0.000000,0.000000
2025-12-04 14:34:53,76.159,0.0008592946105636656,0.0,0.00000000,30.3194522857666,0.000000,0.000000
2025-12-04 14:34:53,76.211,0.0008546940516680479,0.0,0.00000000,30.3194522857666,0.000000,0.000000
2025-12-04 14:34:53,76.263,0.0008549105259589851,0.0,0.00000000,30.320032119750977,0.000000,0.000000
2025-12-04 14:34:53,76.316,0.0008597419946454465,0.0,0.00000000,30.320032119750977,0.000000,0.000000
2025-12-04 14:34:53,76.368,0.0008597651030868292,0.0,0.00000000,30.32146644592285,0.000000,0.000000
2025-12-04 14:34:53,76.420,0.000859467894770205,0.0,0.00000000,30.32146644592285,0.000000,0.000000
2025-12-04 14:34:53,76.472,0.0008592134690843523,0.0,0.00000000,30.321008682250977,0.000000,0.000000
2025-12-04 14:34:53,76.524,0.0008589978097006679,0.0,0.00000000,30.321008682250977,0.000000,0.000000
2025-12-04 14:34:53,76.576,0.0008591007208451629,0.0,0.00000000,30.321313858032227,0.000000,0.000000
2025-12-04 14:34:54,76.628,0.0008588956552557647,0.0,0.00000000,30.32073402404785,0.000000,0.000000
2025-12-04 14:34:54,76.681,0.000857039587572217,0.0,0.00000000,30.32073402404785,0.000000,0.000000
2025-12-04 14:34:54,76.733,0.0008565477910451591,0.0,0.00000000,30.321924209594727,0.000000,0.000000
2025-12-04 14:34:54,76.785,0.0008580692810937762,0.0,0.00000000,30.321924209594727,0.000000,0.000000
2025-12-04 14:34:54,76.837,0.0008586845360696316,0.0,0.00000000,30.32134437561035,0.000000,0.000000
2025-12-04 14:34:54,76.889,0.0008587795309722424,0.0,0.00000000,30.32134437561035,0.000000,0.000000
2025-12-04 14:34:54,76.941,0.000858489191159606,0.0,0.00000000,30.31939125061035,0.000000,0.000000
2025-12-04 14:34:54,76.993,0.0008584439638070762,0.0,0.00000000,30.31939125061035,0.000000,0.000000
2025-12-04 14:34:54,77.045,0.0008585441391915083,0.0,0.00000000,30.32171058654785,0.000000,0.000000
2025-12-04 14:34:54,77.098,0.0008580377325415611,0.0,0.00000000,30.32171058654785,0.000000,0.000000
2025-12-04 14:34:54,77.150,0.0008580737630836666,0.0,0.00000000,30.31865882873535,0.000000,0.000000
2025-12-04 14:34:54,77.202,0.0008599399589002132,0.0,0.00000000,30.31865882873535,0.000000,0.000000
2025-12-04 14:34:54,77.254,0.0008611241355538368,0.0,0.00000000,30.3214054107666,0.000000,0.000000
2025-12-04 14:34:54,77.306,0.0008603821042925119,0.0,0.00000000,30.3214054107666,0.000000,0.000000
2025-12-04 14:34:54,77.358,0.0008596500265412033,0.0,0.00000000,30.321863174438477,0.000000,0.000000
2025-12-04 14:34:54,77.410,0.0008589763892814517,0.0,0.00000000,30.321863174438477,0.000000,0.000000
2025-12-04 14:34:54,77.463,0.0008586081094108522,0.0,0.00000000,30.32110023498535,0.000000,0.000000
2025-12-04 14:34:54,77.515,0.0008583329617977142,0.0,0.00000000,30.32110023498535,0.000000,0.000000
2025-12-04 14:34:54,77.567,0.0008577639237046242,0.0,0.00000000,30.3214054107666,0.000000,0.000000
2025-12-04 14:34:55,77.619,0.0008578175911679864,0.0,0.00000000,30.3214054107666,0.000000,0.000000
2025-12-04 14:34:55,77.671,0.0008570848149247468,0.0,0.00000000,30.32000160217285,0.000000,0.000000
2025-12-04 14:34:55,77.723,0.0008564699674025178,0.0,0.00000000,30.319482803344727,0.000000,0.000000
2025-12-04 14:34:55,77.775,0.000857063103467226,0.0,0.00000000,30.319482803344727,0.000000,0.000000
2025-12-04 14:34:55,77.827,0.0008570861537009478,0.0,0.00000000,30.321985244750977,0.000000,0.000000
2025-12-04 14:34:55,77.880,0.0008569229976274073,0.0,0.00000000,30.321985244750977,0.000000,0.000000
2025-12-04 14:34:55,77.932,0.000857005943544209,0.0,0.00000000,30.320276260375977,0.000000,0.000000
2025-12-04 14:34:55,77.984,0.0008571154903620481,0.0,0.00000000,30.320276260375977,0.000000,0.000000
2025-12-04 14:34:55,78.036,0.0008569805650040507,0.0,0.00000000,30.319299697875977,0.000000,0.000000
2025-12-04 14:34:55,78.088,0.000856917176861316,0.0,0.00000000,30.319299697875977,0.000000,0.000000
2025-12-04 14:34:55,78.140,0.0008564842864871025,0.0,0.00000000,30.3209171295166,0.000000,0.000000
2025-12-04 14:34:55,78.192,0.0008559072157368064,0.0,0.00000000,30.3209171295166,0.000000,0.000000
2025-12-04 14:34:55,78.244,0.0008563981391489506,0.0,0.00000000,30.320032119750977,0.000000,0.000000
2025-12-04 14:34:55,78.297,0.0008568374323658645,0.0,0.00000000,30.320032119750977,0.000000,0.000000
2025-12-04 14:34:55,78.349,0.0008570390054956079,0.0,0.00000000,30.320703506469727,0.000000,0.000000
2025-12-04 14:34:55,78.401,0.0008572281803935766,0.0,0.00000000,30.320703506469727,0.000000,0.000000
2025-12-04 14:34:55,78.453,0.0008570519275963306,0.0,0.00000000,30.320032119750977,0.000000,0.000000
2025-12-04 14:34:55,78.505,0.0008566789329051971,0.0,0.00000000,30.320032119750977,0.000000,0.000000
2025-12-04 14:34:55,78.557,0.0008564190939068794,0.0,0.00000000,30.320642471313477,0.000000,0.000000
2025-12-04 14:34:56,78.609,0.0008561194990761578,0.0,0.00000000,30.320642471313477,0.000000,0.000000
2025-12-04 14:34:56,78.662,0.000855358608532697,0.0,0.00000000,30.321069717407227,0.000000,0.000000
2025-12-04 14:34:56,78.714,0.0008555122185498476,0.0,0.00000000,30.321069717407227,0.000000,0.000000
2025-12-04 14:34:56,78.766,0.0008564474410377443,0.0,0.00000000,30.32146644592285,0.000000,0.000000
2025-12-04 14:34:56,78.818,0.000857148552313447,0.0,0.00000000,30.32146644592285,0.000000,0.000000
2025-12-04 14:34:56,78.870,0.0008573337690904737,0.0,0.00000000,30.320154190063477,0.000000,0.000000
2025-12-04 14:34:56,78.922,0.000857040926348418,0.0,0.00000000,30.3212833404541,0.000000,0.000000
2025-12-04 14:34:56,78.974,0.0008569370256736875,0.0,0.00000000,30.3212833404541,0.000000,0.000000
2025-12-04 14:34:56,79.026,0.0008565632742829621,0.0,0.00000000,30.320398330688477,0.000000,0.000000
2025-12-04 14:34:56,79.079,0.0008559850975871086,0.0,0.00000000,30.320398330688477,0.000000,0.000000
2025-12-04 14:34:56,79.131,0.0008559847483411431,0.0,0.00000000,30.320581436157227,0.000000,0.000000
2025-12-04 14:34:56,79.183,0.0008551057544536889,0.0,0.00000000,30.320581436157227,0.000000,0.000000
2025-12-04 14:34:56,79.235,0.0008552932413294911,0.0,0.00000000,30.321680068969727,0.000000,0.000000
2025-12-04 14:34:56,79.287,0.0008569209021516144,0.0,0.00000000,30.321680068969727,0.000000,0.000000
2025-12-04 14:34:56,79.339,0.000857075210660696,0.0,0.00000000,30.3217716217041,0.000000,0.000000
2025-12-04 14:34:56,79.391,0.0008568053599447012,0.0,0.00000000,30.3217716217041,0.000000,0.000000
2025-12-04 14:34:56,79.443,0.0008566744509153068,0.0,0.00000000,30.319665908813477,0.000000,0.000000
2025-12-04 14:34:56,79.496,0.000856201455462724,0.0,0.00000000,30.319665908813477,0.000000,0.000000
2025-12-04 14:34:56,79.548,0.000855996913742274,0.0,0.00000000,30.31987953186035,0.000000,0.000000
2025-12-04 14:34:56,79.600,0.0008560309070162475,0.0,0.00000000,30.31987953186035,0.000000,0.000000
2025-12-04 14:34:57,79.652,0.0008557105902582407,0.0,0.00000000,30.3207950592041,0.000000,0.000000
2025-12-04 14:34:57,79.704,0.0008555880049243569,0.0,0.00000000,30.3207950592041,0.000000,0.000000
2025-12-04 14:34:57,79.756,0.0008562416769564152,0.0,0.00000000,30.3192081451416,0.000000,0.000000
2025-12-04 14:34:57,79.809,0.000856731494423002,0.0,0.00000000,30.3192081451416,0.000000,0.000000
2025-12-04 14:34:57,79.860,0.0008565564639866352,0.0,0.00000000,30.3210391998291,0.000000,0.000000
2025-12-04 14:34:57,79.913,0.0008562991861253977,0.0,0.00000000,30.3210391998291,0.000000,0.000000
2025-12-04 14:34:57,79.965,0.0008558351546525955,0.0,0.00000000,30.3232364654541,0.000000,0.000000
2025-12-04 14:34:57,80.017,0.0008557303808629513,0.0,0.00000000,30.3232364654541,0.000000,0.000000
2025-12-04 14:34:57,80.069,0.0008558444678783417,0.0,0.00000000,30.3218936920166,0.000000,0.000000
2025-12-04 14:34:57,80.121,0.0008556573884561658,0.0,0.00000000,30.31963539123535,0.000000,0.000000
2025-12-04 14:34:57,80.173,0.0008548482437618077,0.0,0.00000000,30.31963539123535,0.000000,0.000000
2025-12-04 14:34:57,80.225,0.0008551138453185558,0.0,0.00000000,30.320276260375977,0.000000,0.000000
2025-12-04 14:34:57,80.278,0.0008562447037547827,0.0,0.00000000,30.320276260375977,0.000000,0.000000
2025-12-04 14:34:57,80.330,0.0008564555901102722,0.0,0.00000000,30.320093154907227,0.000000,0.000000
2025-12-04 14:34:57,80.382,0.0008560222340747714,0.0,0.00000000,30.320093154907227,0.000000,0.000000
2025-12-04 14:34:57,80.434,0.0008554732194170356,0.0,0.00000000,30.320215225219727,0.000000,0.000000
2025-12-04 14:34:57,80.486,0.0008555043023079634,0.0,0.00000000,30.320215225219727,0.000000,0.000000
2025-12-04 14:34:57,80.538,0.0008555394015274942,0.0,0.00000000,30.319971084594727,0.000000,0.000000
2025-12-04 14:34:57,80.590,0.0008553842781111598,0.0,0.00000000,30.319971084594727,0.000000,0.000000
2025-12-04 14:34:58,80.642,0.0008554647210985422,0.0,0.00000000,30.32146644592285,0.000000,0.000000
2025-12-04 14:34:58,80.695,0.000854796264320612,0.0,0.00000000,30.32146644592285,0.000000,0.000000
2025-12-04 14:34:58,80.747,0.0008549227495677769,0.0,0.00000000,30.321496963500977,0.000000,0.000000
2025-12-04 14:34:58,80.799,0.0008559343405067921,0.0,0.00000000,30.321496963500977,0.000000,0.000000
2025-12-04 14:34:58,80.851,0.0008556637912988663,0.0,0.00000000,30.32134437561035,0.000000,0.000000
2025-12-04 14:34:58,80.903,0.0008553913212381303,0.0,0.00000000,30.32134437561035,0.000000,0.000000
2025-12-04 14:34:58,80.955,0.0008554860833100975,0.0,0.00000000,30.319910049438477,0.000000,0.000000
2025-12-04 14:34:58,81.007,0.0008554175728932023,0.0,0.00000000,30.319910049438477,0.000000,0.000000
2025-12-04 14:34:58,81.059,0.0008555426029488444,0.0,0.00000000,30.32195472717285,0.000000,0.000000
2025-12-04 14:34:58,81.112,0.0008555376552976668,0.0,0.00000000,30.32195472717285,0.000000,0.000000
2025-12-04 14:34:58,81.164,0.0008548946352675557,0.0,0.00000000,30.3217716217041,0.000000,0.000000
2025-12-04 14:34:58,81.216,0.0008548983023501933,0.0,0.00000000,30.3217716217041,0.000000,0.000000
2025-12-04 14:34:58,81.268,0.0008554538362659514,0.0,0.00000000,30.3218936920166,0.000000,0.000000
2025-12-04 14:34:58,81.320,0.0008554139640182257,0.0,0.00000000,30.31975746154785,0.000000,0.000000
2025-12-04 14:34:58,81.372,0.0008553271181881428,0.0,0.00000000,30.31975746154785,0.000000,0.000000
2025-12-04 14:34:58,81.424,0.0008553796214982867,0.0,0.00000000,30.320093154907227,0.000000,0.000000
2025-12-04 14:34:58,81.476,0.0008552941144444048,0.0,0.00000000,30.320093154907227,0.000000,0.000000
2025-12-04 14:34:58,81.529,0.0008554322994314134,0.0,0.00000000,30.319421768188477,0.000000,0.000000
2025-12-04 14:34:58,81.581,0.000855402322486043,0.0,0.00000000,30.319421768188477,0.000000,0.000000
2025-12-04 14:34:59,81.633,0.0008552485378459096,0.0,0.00000000,30.320337295532227,0.000000,0.000000
2025-12-04 14:34:59,81.685,0.0008550391066819429,0.0,0.00000000,30.320337295532227,0.000000,0.000000
2025-12-04 14:34:59,81.737,0.0008549134945496917,0.0,0.00000000,30.3204288482666,0.000000,0.000000
2025-12-04 14:34:59,81.790,0.000855138641782105,0.0,0.00000000,30.3204288482666,0.000000,0.000000
2025-12-04 14:34:59,81.841,0.0008552613435313106,0.0,0.00000000,30.3199405670166,0.000000,0.000000
2025-12-04 14:34:59,81.894,0.0008549627964384854,0.0,0.00000000,30.3199405670166,0.000000,0.000000
2025-12-04 14:34:59,81.946,0.0008548962650820613,0.0,0.00000000,30.321008682250977,0.000000,0.000000
2025-12-04 14:34:59,82.001,0.0008551183273084462,0.0,0.00000000,30.321008682250977,0.000000,0.000000
2025-12-04 14:34:59,82.050,0.0008547998731955886,0.0,0.00000000,30.32085609436035,0.000000,0.000000
2025-12-04 14:34:59,82.102,0.000854047539178282,0.0,0.00000000,30.32085609436035,0.000000,0.000000
2025-12-04 14:34:59,82.154,0.0008530844934284687,0.0,0.00000000,30.3203067779541,0.000000,0.000000
2025-12-04 14:34:59,82.206,0.0008520624251104891,0.0,0.00000000,30.3203067779541,0.000000,0.000000
2025-12-04 14:34:59,82.258,0.0008514937944710255,0.0,0.00000000,30.3196964263916,0.000000,0.000000
2025-12-04 14:34:59,82.311,0.0008515477529726923,0.0,0.00000000,30.3196964263916,0.000000,0.000000
2025-12-04 14:34:59,82.363,0.0008516511297784746,0.0,0.00000000,30.3199405670166,0.000000,0.000000
2025-12-04 14:34:59,82.415,0.0008527769241482019,0.0,0.00000000,30.3199405670166,0.000000,0.000000
2025-12-04 14:34:59,82.467,0.0008538956753909588,0.0,0.00000000,30.322961807250977,0.000000,0.000000
2025-12-04 14:34:59,82.519,0.0008533436339348555,0.0,0.00000000,30.32048988342285,0.000000,0.000000
2025-12-04 14:34:59,82.571,0.0008522059069946408,0.0,0.00000000,30.32048988342285,0.000000,0.000000
2025-12-04 14:35:00,82.623,0.0008535174420103431,0.0,0.00000000,30.321741104125977,0.000000,0.000000
2025-12-04 14:35:00,82.676,0.0008554856758564711,0.0,0.00000000,30.321741104125977,0.000000,0.000000
2025-12-04 14:35:00,82.728,0.0008556084358133376,0.0,0.00000000,30.319482803344727,0.000000,0.000000
2025-12-04 14:35:00,82.780,0.0008553963853046298,0.0,0.00000000,30.319482803344727,0.000000,0.000000
2025-12-04 14:35:00,82.832,0.0008550995262339711,0.0,0.00000000,30.32024574279785,0.000000,0.000000
2025-12-04 14:35:00,82.884,0.0008552853250876069,0.0,0.00000000,30.32024574279785,0.000000,0.000000
2025-12-04 14:35:00,82.936,0.0008553784573450685,0.0,0.00000000,30.319726943969727,0.000000,0.000000
2025-12-04 14:35:00,82.988,0.000855113728903234,0.0,0.00000000,30.319726943969727,0.000000,0.000000
2025-12-04 14:35:00,83.040,0.0008496566442772746,0.0,0.00000000,30.32036781311035,0.000000,0.000000
2025-12-04 14:35:00,83.093,0.0008485245634801686,0.0,0.00000000,30.32036781311035,0.000000,0.000000
2025-12-04 14:35:00,83.146,0.0008547365432605147,0.0,0.00000000,30.3206729888916,0.000000,0.000000
2025-12-04 14:35:00,83.197,0.000856947444844991,0.0,0.00000000,30.3206729888916,0.000000,0.000000
2025-12-04 14:35:00,83.249,0.0008567642653360963,0.0,0.00000000,30.32036781311035,0.000000,0.000000
2025-12-04 14:35:00,83.301,0.0008562984294258058,0.0,0.00000000,30.32036781311035,0.000000,0.000000
2025-12-04 14:35:00,83.353,0.0008561246795579791,0.0,0.00000000,30.321557998657227,0.000000,0.000000
2025-12-04 14:35:00,83.405,0.0008556962129659951,0.0,0.00000000,30.321557998657227,0.000000,0.000000
2025-12-04 14:35:00,83.457,0.0008553736843168736,0.0,0.00000000,30.318567276000977,0.000000,0.000000
2025-12-04 14:35:00,83.510,0.0008552441140636802,0.0,0.00000000,30.318567276000977,0.000000,0.000000
2025-12-04 14:35:00,83.562,0.0008461989928036928,0.0,0.00000000,30.321069717407227,0.000000,0.000000
2025-12-04 14:35:01,83.614,0.000846051552798599,0.0,0.00000000,30.320276260375977,0.000000,0.000000
2025-12-04 14:35:01,83.666,0.0008563318406231701,0.0,0.00000000,30.320276260375977,0.000000,0.000000
2025-12-04 14:35:01,83.718,0.0008576416876167059,0.0,0.00000000,30.319238662719727,0.000000,0.000000
2025-12-04 14:35:01,83.770,0.000857406877912581,0.0,0.00000000,30.319238662719727,0.000000,0.000000
2025-12-04 14:35:01,83.822,0.0008569732308387756,0.0,0.00000000,30.319604873657227,0.000000,0.000000
2025-12-04 14:35:01,83.875,0.0008561917347833514,0.0,0.00000000,30.319604873657227,0.000000,0.000000
2025-12-04 14:35:01,83.927,0.0008555017411708832,0.0,0.00000000,30.31829261779785,0.000000,0.000000
2025-12-04 14:35:01,83.979,0.0008549381163902581,0.0,0.00000000,30.31829261779785,0.000000,0.000000
2025-12-04 14:35:01,84.031,0.0008526869351044297,0.0,0.00000000,30.32219886779785,0.000000,0.000000
2025-12-04 14:35:01,84.083,0.0008471551118418574,0.0,0.00000000,30.32219886779785,0.000000,0.000000
2025-12-04 14:35:01,84.135,0.0008502515265718102,0.0,0.00000000,30.321191787719727,0.000000,0.000000
2025-12-04 14:35:01,84.187,0.0008576271357014775,0.0,0.00000000,30.321191787719727,0.000000,0.000000
2025-12-04 14:35:01,84.239,0.0008582636946812272,0.0,0.00000000,30.321374893188477,0.000000,0.000000
2025-12-04 14:35:01,84.292,0.0008576482650823891,0.0,0.00000000,30.321374893188477,0.000000,0.000000
2025-12-04 14:35:01,84.344,0.0008567652548663318,0.0,0.00000000,30.318567276000977,0.000000,0.000000
2025-12-04 14:35:01,84.396,0.0008562662405893207,0.0,0.00000000,30.318567276000977,0.000000,0.000000
2025-12-04 14:35:01,84.448,0.0008555479580536485,0.0,0.00000000,30.319299697875977,0.000000,0.000000
2025-12-04 14:35:01,84.500,0.0008549276390112936,0.0,0.00000000,30.319299697875977,0.000000,0.000000
2025-12-04 14:35:01,84.552,0.0008472133195027709,0.0,0.00000000,30.321008682250977,0.000000,0.000000
2025-12-04 14:35:01,84.604,0.0008452007314190269,0.0,0.00000000,30.321008682250977,0.000000,0.000000
2025-12-04 14:35:02,84.657,0.000854796264320612,0.0,0.00000000,30.3183536529541,0.000000,0.000000
2025-12-04 14:35:02,84.709,0.0008589460048824549,0.0,0.00000000,30.3183536529541,0.000000,0.000000
2025-12-04 14:35:02,84.761,0.0008585704490542412,0.0,0.00000000,30.319360733032227,0.000000,0.000000
2025-12-04 14:35:02,84.813,0.0008575611282140017,0.0,0.00000000,30.32036781311035,0.000000,0.000000
2025-12-04 14:35:02,84.865,0.0008567455224692822,0.0,0.00000000,30.32036781311035,0.000000,0.000000
2025-12-04 14:35:02,84.917,0.0008557999390177429,0.0,0.00000000,30.31951332092285,0.000000,0.000000
2025-12-04 14:35:02,84.969,0.0008552757790312171,0.0,0.00000000,30.31951332092285,0.000000,0.000000
2025-12-04 14:35:02,85.021,0.0008549144258722663,0.0,0.00000000,30.321435928344727,0.000000,0.000000
2025-12-04 14:35:02,85.074,0.000845280010253191,0.0,0.00000000,30.321435928344727,0.000000,0.000000
2025-12-04 14:35:02,85.126,0.0008459812961518764,0.0,0.00000000,30.319910049438477,0.000000,0.000000
2025-12-04 14:35:02,85.178,0.0008575143874622881,0.0,0.00000000,30.319910049438477,0.000000,0.000000
2025-12-04 14:35:02,85.230,0.000858884013723582,0.0,0.00000000,30.321557998657227,0.000000,0.000000
2025-12-04 14:35:02,85.282,0.0008581816800870001,0.0,0.00000000,30.321557998657227,0.000000,0.000000
2025-12-04 14:35:02,85.334,0.000857052393257618,0.0,0.00000000,30.3226261138916,0.000000,0.000000
2025-12-04 14:35:02,85.386,0.0008560192072764039,0.0,0.00000000,30.3226261138916,0.000000,0.000000
2025-12-04 14:35:02,85.438,0.0008556362008675933,0.0,0.00000000,30.32134437561035,0.000000,0.000000
2025-12-04 14:35:02,85.491,0.0008554678061045706,0.0,0.00000000,30.32134437561035,0.000000,0.000000
2025-12-04 14:35:02,85.543,0.0008508358150720596,0.0,0.00000000,30.3206729888916,0.000000,0.000000
2025-12-04 14:35:02,85.595,0.0008470723405480385,0.0,0.00000000,30.3206729888916,0.000000,0.000000
2025-12-04 14:35:03,85.647,0.0008527809986844659,0.0,0.00000000,30.3193302154541,0.000000,0.000000
2025-12-04 14:35:03,85.699,0.0008582637528888881,0.0,0.00000000,30.3193302154541,0.000000,0.000000
2025-12-04 14:35:03,85.751,0.0008583917515352368,0.0,0.00000000,30.321802139282227,0.000000,0.000000
2025-12-04 14:35:03,85.803,0.0008572227670811117,0.0,0.00000000,30.321802139282227,0.000000,0.000000
2025-12-04 14:35:03,85.855,0.0008560955757275224,0.0,0.00000000,30.3214054107666,0.000000,0.000000
2025-12-04 14:35:03,85.908,0.0008556577377021313,0.0,0.00000000,30.3214054107666,0.000000,0.000000
2025-12-04 14:35:03,85.960,0.0008554605301469564,0.0,0.00000000,30.320764541625977,0.000000,0.000000
2025-12-04 14:35:03,86.012,0.0008554657688364387,0.0,0.00000000,30.3200626373291,0.000000,0.000000
2025-12-04 14:35:03,86.064,0.0008471399778500199,0.0,0.00000000,30.3200626373291,0.000000,0.000000
2025-12-04 14:35:03,86.116,0.000846817740239203,0.0,0.00000000,30.32024574279785,0.000000,0.000000
2025-12-04 14:35:03,86.168,0.0008563935407437384,0.0,0.00000000,30.32024574279785,0.000000,0.000000
2025-12-04 14:35:03,86.220,0.0008577484404668212,0.0,0.00000000,30.319910049438477,0.000000,0.000000
2025-12-04 14:35:03,86.272,0.0008569080382585526,0.0,0.00000000,30.319910049438477,0.000000,0.000000
2025-12-04 14:35:03,86.325,0.000856139522511512,0.0,0.00000000,30.320825576782227,0.000000,0.000000
2025-12-04 14:35:03,86.377,0.0008557825349271297,0.0,0.00000000,30.320825576782227,0.000000,0.000000
2025-12-04 14:35:03,86.429,0.0008553016232326627,0.0,0.00000000,30.317895889282227,0.000000,0.000000
2025-12-04 14:35:03,86.481,0.0008552446379326284,0.0,0.00000000,30.317895889282227,0.000000,0.000000
2025-12-04 14:35:03,86.533,0.0008538618567399681,0.0,0.00000000,30.32061195373535,0.000000,0.000000
2025-12-04 14:35:03,86.585,0.0008507103193551302,0.0,0.00000000,30.32061195373535,0.000000,0.000000
2025-12-04 14:35:04,86.637,0.0008528598118573427,0.0,0.00000000,30.3210391998291,0.000000,0.000000
2025-12-04 14:35:04,86.690,0.0008566527394577861,0.0,0.00000000,30.3210391998291,0.000000,0.000000
2025-12-04 14:35:04,86.742,0.0008562743896618485,0.0,0.00000000,30.3203067779541,0.000000,0.000000
2025-12-04 14:35:04,86.794,0.000855780381243676,0.0,0.00000000,30.3203067779541,0.000000,0.000000
2025-12-04 14:35:04,86.846,0.0008554679807275534,0.0,0.00000000,30.32195472717285,0.000000,0.000000
2025-12-04 14:35:04,86.898,0.000855201156809926,0.0,0.00000000,30.32195472717285,0.000000,0.000000
2025-12-04 14:35:04,86.950,0.0008553496445529163,0.0,0.00000000,30.322107315063477,0.000000,0.000000
2025-12-04 14:35:04,87.002,0.0008552727522328496,0.0,0.00000000,30.322107315063477,0.000000,0.000000
2025-12-04 14:35:04,87.055,0.0008496156078763306,0.0,0.00000000,30.319482803344727,0.000000,0.000000
2025-12-04 14:35:04,87.107,0.0008494502981193364,0.0,0.00000000,30.319482803344727,0.000000,0.000000
2025-12-04 14:35:04,87.159,0.0008553651859983802,0.0,0.00000000,30.319910049438477,0.000000,0.000000
2025-12-04 14:35:04,87.211,0.000856060185469687,0.0,0.00000000,30.321069717407227,0.000000,0.000000
2025-12-04 14:35:04,87.263,0.0008559064008295536,0.0,0.00000000,30.321069717407227,0.000000,0.000000
2025-12-04 14:35:04,87.315,0.0008555385866202414,0.0,0.00000000,30.32000160217285,0.000000,0.000000
2025-12-04 14:35:04,87.367,0.0008554107625968754,0.0,0.00000000,30.32000160217285,0.000000,0.000000
2025-12-04 14:35:04,87.419,0.000855405698530376,0.0,0.00000000,30.3215274810791,0.000000,0.000000
2025-12-04 14:35:04,87.471,0.0008549947524443269,0.0,0.00000000,30.3215274810791,0.000000,0.000000
2025-12-04 14:35:04,87.524,0.0008545553428120911,0.0,0.00000000,30.320825576782227,0.000000,0.000000
2025-12-04 14:35:04,87.576,0.0008522302960045636,0.0,0.00000000,30.320825576782227,0.000000,0.000000
2025-12-04 14:35:05,87.628,0.0008523418800905347,0.0,0.00000000,30.3206729888916,0.000000,0.000000
2025-12-04 14:35:05,87.680,0.0008550717029720545,0.0,0.00000000,30.3206729888916,0.000000,0.000000
2025-12-04 14:35:05,87.732,0.0008553755469620228,0.0,0.00000000,30.322412490844727,0.000000,0.000000
2025-12-04 14:35:05,87.784,0.0008552114595659077,0.0,0.00000000,30.322412490844727,0.000000,0.000000
2025-12-04 14:35:05,87.836,0.0008553655352443457,0.0,0.00000000,30.32207679748535,0.000000,0.000000
2025-12-04 14:35:05,87.889,0.0008553675143048167,0.0,0.00000000,30.32207679748535,0.000000,0.000000
2025-12-04 14:35:05,87.941,0.0008550180937163532,0.0,0.00000000,30.32073402404785,0.000000,0.000000
2025-12-04 14:35:05,87.993,0.0008549887570552528,0.0,0.00000000,30.32073402404785,0.000000,0.000000
2025-12-04 14:35:05,88.045,0.0008531655184924603,0.0,0.00000000,30.3218936920166,0.000000,0.000000
2025-12-04 14:35:05,88.097,0.0008526192978024483,0.0,0.00000000,30.3218936920166,0.000000,0.000000
2025-12-04 14:35:05,88.149,0.0008545882883481681,0.0,0.00000000,30.320398330688477,0.000000,0.000000
2025-12-04 14:35:05,88.201,0.0008551356149837375,0.0,0.00000000,30.320398330688477,0.000000,0.000000
2025-12-04 14:35:05,88.253,0.000855105696246028,0.0,0.00000000,30.320764541625977,0.000000,0.000000
2025-12-04 14:35:05,88.306,0.0008552607614547014,0.0,0.00000000,30.3211612701416,0.000000,0.000000
2025-12-04 14:35:05,88.358,0.0008554651867598295,0.0,0.00000000,30.3211612701416,0.000000,0.000000
2025-12-04 14:35:05,88.410,0.0008571677608415484,0.0,0.00000000,30.319971084594727,0.000000,0.000000
2025-12-04 14:35:05,88.462,0.0008586882031522691,0.0,0.00000000,30.319971084594727,0.000000,0.000000
2025-12-04 14:35:05,88.514,0.0008576168329454958,0.0,0.00000000,30.321985244750977,0.000000,0.000000
2025-12-04 14:35:05,88.566,0.0008565018069930375,0.0,0.00000000,30.321985244750977,0.000000,0.000000
2025-12-04 14:35:06,88.618,0.0008559207199141383,0.0,0.00000000,30.321924209594727,0.000000,0.000000
2025-12-04 14:35:06,88.670,0.0008554421365261078,0.0,0.00000000,30.321924209594727,0.000000,0.000000
2025-12-04 14:35:06,88.723,0.0008554738014936447,0.0,0.00000000,30.320337295532227,0.000000,0.000000
2025-12-04 14:35:06,88.775,0.0008555017411708832,0.0,0.00000000,30.320337295532227,0.000000,0.000000
2025-12-04 14:35:06,88.827,0.0008552110521122813,0.0,0.00000000,30.321496963500977,0.000000,0.000000
2025-12-04 14:35:06,88.879,0.0008547118632122874,0.0,0.00000000,30.321496963500977,0.000000,0.000000
2025-12-04 14:35:06,88.931,0.0008548436453565955,0.0,0.00000000,30.319543838500977,0.000000,0.000000
2025-12-04 14:35:06,88.983,0.0008550373604521155,0.0,0.00000000,30.319543838500977,0.000000,0.000000
2025-12-04 14:35:06,89.035,0.0008548548794351518,0.0,0.00000000,30.323266983032227,0.000000,0.000000
2025-12-04 14:35:06,89.088,0.0008546399185433984,0.0,0.00000000,30.323266983032227,0.000000,0.000000
2025-12-04 14:35:06,89.140,0.0008543560397811234,0.0,0.00000000,30.321619033813477,0.000000,0.000000
2025-12-04 14:35:06,89.192,0.0008546577300876379,0.0,0.00000000,30.321619033813477,0.000000,0.000000
2025-12-04 14:35:06,89.245,0.0008546952158212662,0.0,0.00000000,30.3212833404541,0.000000,0.000000
2025-12-04 14:35:06,89.296,0.000854456564411521,0.0,0.00000000,30.3212833404541,0.000000,0.000000
2025-12-04 14:35:06,89.348,0.000854338810313493,0.0,0.00000000,30.32183265686035,0.000000,0.000000
2025-12-04 14:35:06,89.400,0.0008540514390915632,0.0,0.00000000,30.32183265686035,0.000000,0.000000
2025-12-04 14:35:06,89.452,0.0008541278657503426,0.0,0.00000000,30.319482803344727,0.000000,0.000000
2025-12-04 14:35:06,89.505,0.0008544918382540345,0.0,0.00000000,30.320581436157227,0.000000,0.000000
2025-12-04 14:35:06,89.557,0.0008545336313545704,0.0,0.00000000,30.320581436157227,0.000000,0.000000
2025-12-04 14:35:07,89.609,0.0008545623277314007,0.0,0.00000000,30.3223819732666,0.000000,0.000000
2025-12-04 14:35:07,89.661,0.0008547876495867968,0.0,0.00000000,30.3223819732666,0.000000,0.000000
2025-12-04 14:35:07,89.713,0.0008548533078283072,0.0,0.00000000,30.320825576782227,0.000000,0.000000
2025-12-04 14:35:07,89.765,0.0008548118639737368,0.0,0.00000000,30.320825576782227,0.000000,0.000000
2025-12-04 14:35:07,89.817,0.0008547871839255095,0.0,0.00000000,30.321863174438477,0.000000,0.000000
2025-12-04 14:35:07,89.869,0.0008539258851669729,0.0,0.00000000,30.321863174438477,0.000000,0.000000
2025-12-04 14:35:07,89.922,0.0008539569098502398,0.0,0.00000000,30.321741104125977,0.000000,0.000000
2025-12-04 14:35:07,89.974,0.0008550037164241076,0.0,0.00000000,30.321741104125977,0.000000,0.000000
2025-12-04 14:35:07,90.026,0.0008549490012228489,0.0,0.00000000,30.319849014282227,0.000000,0.000000
2025-12-04 14:35:07,90.078,0.0008549599442631006,0.0,0.00000000,30.319849014282227,0.000000,0.000000
2025-12-04 14:35:07,90.130,0.0008551770588383079,0.0,0.00000000,30.321924209594727,0.000000,0.000000
2025-12-04 14:35:07,90.182,0.0008548570331186056,0.0,0.00000000,30.321924209594727,0.000000,0.000000
2025-12-04 14:35:07,90.234,0.0008545881137251854,0.0,0.00000000,30.32134437561035,0.000000,0.000000
2025-12-04 14:35:07,90.286,0.0008544883457943797,0.0,0.00000000,30.32134437561035,0.000000,0.000000
2025-12-04 14:35:07,90.339,0.0008540600538253784,0.0,0.00000000,30.32158851623535,0.000000,0.000000
2025-12-04 14:35:07,90.391,0.0008535589440725744,0.0,0.00000000,30.32158851623535,0.000000,0.000000
2025-12-04 14:35:07,90.443,0.0008539410191588104,0.0,0.00000000,30.321557998657227,0.000000,0.000000
2025-12-04 14:35:07,90.495,0.0008546016761101782,0.0,0.00000000,30.321557998657227,0.000000,0.000000
2025-12-04 14:35:07,90.547,0.0008550275815650821,0.0,0.00000000,30.32110023498535,0.000000,0.000000
2025-12-04 14:35:07,90.599,0.0008551619830541313,0.0,0.00000000,30.32110023498535,0.000000,0.000000
2025-12-04 14:35:08,90.651,0.0008547883480787277,0.0,0.00000000,30.32048988342285,0.000000,0.000000
2025-12-04 14:35:08,90.704,0.0008547435281798244,0.0,0.00000000,30.321008682250977,0.000000,0.000000
2025-12-04 14:35:08,90.756,0.0008543591829948127,0.0,0.00000000,30.321008682250977,0.000000,0.000000
2025-12-04 14:35:08,90.808,0.0008539043483324349,0.0,0.00000000,30.321313858032227,0.000000,0.000000
2025-12-04 14:35:08,90.860,0.0008535187225788832,0.0,0.00000000,30.321313858032227,0.000000,0.000000
2025-12-04 14:35:08,90.912,0.0008536173845641315,0.0,0.00000000,30.321252822875977,0.000000,0.000000
2025-12-04 14:35:08,90.964,0.0008544786251150072,0.0,0.00000000,30.321252822875977,0.000000,0.000000
2025-12-04 14:35:08,91.016,0.0008549945196136832,0.0,0.00000000,30.321924209594727,0.000000,0.000000
2025-12-04 14:35:08,91.068,0.0008549534250050783,0.0,0.00000000,30.321924209594727,0.000000,0.000000
2025-12-04 14:35:08,91.121,0.0008546620374545455,0.0,0.00000000,30.32085609436035,0.000000,0.000000
2025-12-04 14:35:08,91.173,0.0008543866570107639,0.0,0.00000000,30.32085609436035,0.000000,0.000000
2025-12-04 14:35:08,91.225,0.0008538224501535296,0.0,0.00000000,30.321313858032227,0.000000,0.000000
2025-12-04 14:35:08,91.277,0.0008536441600881517,0.0,0.00000000,30.321313858032227,0.000000,0.000000
2025-12-04 14:35:08,91.329,0.0008539966074749827,0.0,0.00000000,30.32268714904785,0.000000,0.000000
2025-12-04 14:35:08,91.381,0.0008530428749509156,0.0,0.00000000,30.32268714904785,0.000000,0.000000
2025-12-04 14:35:08,91.433,0.0008534656371921301,0.0,0.00000000,30.321557998657227,0.000000,0.000000
2025-12-04 14:35:08,91.486,0.0008551980135962367,0.0,0.00000000,30.321557998657227,0.000000,0.000000
2025-12-04 14:35:08,91.538,0.0008552676299586892,0.0,0.00000000,30.320459365844727,0.000000,0.000000
2025-12-04 14:35:08,91.590,0.0008551619248464704,0.0,0.00000000,30.320459365844727,0.000000,0.000000
2025-12-04 14:35:09,91.642,0.0008551082573831081,0.0,0.00000000,30.323633193969727,0.000000,0.000000
2025-12-04 14:35:09,91.694,0.0008546083117835224,0.0,0.00000000,30.323633193969727,0.000000,0.000000
2025-12-04 14:35:09,91.746,0.0008540966082364321,0.0,0.00000000,30.322534561157227,0.000000,0.000000
2025-12-04 14:35:09,91.798,0.0008542013820260763,0.0,0.00000000,30.322534561157227,0.000000,0.000000
2025-12-04 14:35:09,91.850,0.0008542496943846345,0.0,0.00000000,30.323083877563477,0.000000,0.000000
2025-12-04 14:35:09,91.903,0.0008542295545339584,0.0,0.00000000,30.3221378326416,0.000000,0.000000
2025-12-04 14:35:09,91.955,0.0008548046462237835,0.0,0.00000000,30.3221378326416,0.000000,0.000000
2025-12-04 14:35:09,92.007,0.0008551451028324664,0.0,0.00000000,30.32158851623535,0.000000,0.000000
2025-12-04 14:35:09,92.059,0.0008551584905944765,0.0,0.00000000,30.32158851623535,0.000000,0.000000
2025-12-04 14:35:09,92.111,0.00085481908172369,0.0,0.00000000,30.32293128967285,0.000000,0.000000
2025-12-04 14:35:09,92.163,0.0008543295552954078,0.0,0.00000000,30.32293128967285,0.000000,0.000000
2025-12-04 14:35:09,92.215,0.0008542269933968782,0.0,0.00000000,30.32048988342285,0.000000,0.000000
2025-12-04 14:35:09,92.267,0.0008542041759938002,0.0,0.00000000,30.32048988342285,0.000000,0.000000
2025-12-04 14:35:09,92.320,0.0008544406737200916,0.0,0.00000000,30.3217716217041,0.000000,0.000000
2025-12-04 14:35:09,92.372,0.0008540783892385662,0.0,0.00000000,30.3217716217041,0.000000,0.000000
2025-12-04 14:35:09,92.424,0.000854120880831033,0.0,0.00000000,30.32219886779785,0.000000,0.000000
2025-12-04 14:35:09,92.476,0.0008549689664505422,0.0,0.00000000,30.32219886779785,0.000000,0.000000
2025-12-04 14:35:09,92.528,0.0008552400395274162,0.0,0.00000000,30.321985244750977,0.000000,0.000000
2025-12-04 14:35:09,92.580,0.0008549183257855475,0.0,0.00000000,30.321985244750977,0.000000,0.000000
2025-12-04 14:35:10,92.632,0.0008547307224944234,0.0,0.00000000,30.32268714904785,0.000000,0.000000
2025-12-04 14:35:10,92.684,0.0008547691395506263,0.0,0.00000000,30.32268714904785,0.000000,0.000000
2025-12-04 14:35:10,92.737,0.0008544392185285687,0.0,0.00000000,30.3222599029541,0.000000,0.000000
2025-12-04 14:35:10,92.789,0.0008546470198780298,0.0,0.00000000,30.3222599029541,0.000000,0.000000
2025-12-04 14:35:10,92.841,0.0008548915502615273,0.0,0.00000000,30.324792861938477,0.000000,0.000000
2025-12-04 14:35:10,92.893,0.0008544768788851798,0.0,0.00000000,30.324792861938477,0.000000,0.000000
2025-12-04 14:35:10,92.945,0.000854683923535049,0.0,0.00000000,30.32097816467285,0.000000,0.000000
2025-12-04 14:35:10,92.997,0.0008549093618057668,0.0,0.00000000,30.32097816467285,0.000000,0.000000
2025-12-04 14:35:10,93.050,0.0008542415453121066,0.0,0.00000000,30.320642471313477,0.000000,0.000000
2025-12-04 14:35:10,93.102,0.000854052253998816,0.0,0.00000000,30.322412490844727,0.000000,0.000000
2025-12-04 14:35:10,93.154,0.0008543247822672129,0.0,0.00000000,30.322412490844727,0.000000,0.000000
2025-12-04 14:35:10,93.206,0.0008542528375983238,0.0,0.00000000,30.32085609436035,0.000000,0.000000
2025-12-04 14:35:10,93.258,0.0008546453318558633,0.0,0.00000000,30.32085609436035,0.000000,0.000000
2025-12-04 14:35:10,93.310,0.0008547905017621815,0.0,0.00000000,30.32219886779785,0.000000,0.000000
2025-12-04 14:35:10,93.362,0.0008545345044694841,0.0,0.00000000,30.32219886779785,0.000000,0.000000
2025-12-04 14:35:10,93.414,0.0008545232703909278,0.0,0.00000000,30.32146644592285,0.000000,0.000000
2025-12-04 14:35:10,93.467,0.0008542854338884354,0.0,0.00000000,30.32146644592285,0.000000,0.000000
2025-12-04 14:35:10,93.519,0.0008537392131984234,0.0,0.00000000,30.323205947875977,0.000000,0.000000
2025-12-04 14:35:10,93.571,0.0008529404876753688,0.0,0.00000000,30.323205947875977,0.000000,0.000000
2025-12-04 14:35:11,93.623,0.0008522020652890205,0.0,0.00000000,30.321435928344727,0.000000,0.000000
2025-12-04 14:35:11,93.675,0.0008519392576999962,0.0,0.00000000,30.321435928344727,0.000000,0.000000
2025-12-04 14:35:11,93.727,0.000852129771374166,0.0,0.00000000,30.32415199279785,0.000000,0.000000
2025-12-04 14:35:11,93.779,0.000852301949635148,0.0,0.00000000,30.32415199279785,0.000000,0.000000
2025-12-04 14:35:11,93.831,0.0008524611475877464,0.0,0.00000000,30.321863174438477,0.000000,0.000000
2025-12-04 14:35:11,93.883,0.0008530254126526415,0.0,0.00000000,30.321863174438477,0.000000,0.000000
2025-12-04 14:35:11,93.936,0.0008532434003427625,0.0,0.00000000,30.3210391998291,0.000000,0.000000
2025-12-04 14:35:11,93.988,0.0008524196455255151,0.0,0.00000000,30.3210391998291,0.000000,0.000000
2025-12-04 14:35:11,94.040,0.0008525882149115205,0.0,0.00000000,30.323144912719727,0.000000,0.000000
2025-12-04 14:35:11,94.092,0.0008537815301679075,0.0,0.00000000,30.323144912719727,0.000000,0.000000
2025-12-04 14:35:11,94.144,0.0008546271128579974,0.0,0.00000000,30.32256507873535,0.000000,0.000000
2025-12-04 14:35:11,94.196,0.000854953657835722,0.0,0.00000000,30.322412490844727,0.000000,0.000000
2025-12-04 14:35:11,94.248,0.0008547449251636863,0.0,0.00000000,30.322412490844727,0.000000,0.000000
2025-12-04 14:35:11,94.300,0.000854449172038585,0.0,0.00000000,30.32256507873535,0.000000,0.000000
2025-12-04 14:35:11,94.353,0.0008542097639292479,0.0,0.00000000,30.32256507873535,0.000000,0.000000
2025-12-04 14:35:11,94.405,0.0008540170965716243,0.0,0.00000000,30.3227481842041,0.000000,0.000000
2025-12-04 14:35:11,94.457,0.0008538463152945042,0.0,0.00000000,30.3227481842041,0.000000,0.000000
2025-12-04 14:35:11,94.509,0.0008536769892089069,0.0,0.00000000,30.3227481842041,0.000000,0.000000
2025-12-04 14:35:11,94.561,0.0008538920665159822,0.0,0.00000000,30.3227481842041,0.000000,0.000000
2025-12-04 14:35:12,94.613,0.0008545344462618232,0.0,0.00000000,30.3247013092041,0.000000,0.000000
2025-12-04 14:35:12,94.665,0.0008544110460206866,0.0,0.00000000,30.3247013092041,0.000000,0.000000
2025-12-04 14:35:12,94.717,0.0008539605187252164,0.0,0.00000000,30.3221378326416,0.000000,0.000000
2025-12-04 14:35:12,94.770,0.0008542014984413981,0.0,0.00000000,30.3221378326416,0.000000,0.000000
2025-12-04 14:35:12,94.822,0.0008540859562344849,0.0,0.00000000,30.3228702545166,0.000000,0.000000
2025-12-04 14:35:12,94.874,0.0008535424713045359,0.0,0.00000000,30.3228702545166,0.000000,0.000000
2025-12-04 14:35:12,94.926,0.0008536144741810858,0.0,0.00000000,30.32427406311035,0.000000,0.000000
2025-12-04 14:35:12,94.978,0.0008554270607419312,0.0,0.00000000,30.32427406311035,0.000000,0.000000
2025-12-04 14:35:12,95.030,0.0008574017556384206,0.0,0.00000000,30.32354164123535,0.000000,0.000000
2025-12-04 14:35:12,95.082,0.000857473467476666,0.0,0.00000000,30.32354164123535,0.000000,0.000000
2025-12-04 14:35:12,95.135,0.0008565385360270739,0.0,0.00000000,30.323022842407227,0.000000,0.000000
2025-12-04 14:35:12,95.187,0.0008557339897379279,0.0,0.00000000,30.323022842407227,0.000000,0.000000
2025-12-04 14:35:12,95.239,0.0008551815990358591,0.0,0.00000000,30.321741104125977,0.000000,0.000000
2025-12-04 14:35:12,95.291,0.0008545871241949499,0.0,0.00000000,30.321741104125977,0.000000,0.000000
2025-12-04 14:35:12,95.343,0.000854170648381114,0.0,0.00000000,30.3233585357666,0.000000,0.000000
2025-12-04 14:35:12,95.395,0.0008541425922885537,0.0,0.00000000,30.322778701782227,0.000000,0.000000
2025-12-04 14:35:12,95.447,0.0008539289701730013,0.0,0.00000000,30.322778701782227,0.000000,0.000000
2025-12-04 14:35:12,95.500,0.0008543046424165368,0.0,0.00000000,30.324121475219727,0.000000,0.000000
2025-12-04 14:35:12,95.552,0.0008551261271350086,0.0,0.00000000,30.324121475219727,0.000000,0.000000
2025-12-04 14:35:12,95.604,0.0008549670455977321,0.0,0.00000000,30.325281143188477,0.000000,0.000000
2025-12-04 14:35:13,95.656,0.0008544858428649604,0.0,0.00000000,30.325281143188477,0.000000,0.000000
2025-12-04 14:35:13,95.708,0.0008542056893929839,0.0,0.00000000,30.323511123657227,0.000000,0.000000
2025-12-04 14:35:13,95.760,0.0008538808324374259,0.0,0.00000000,30.323511123657227,0.000000,0.000000
2025-12-04 14:35:13,95.812,0.0008538892143405974,0.0,0.00000000,30.324121475219727,0.000000,0.000000
2025-12-04 14:35:13,95.864,0.0008542532450519502,0.0,0.00000000,30.324121475219727,0.000000,0.000000
2025-12-04 14:35:13,95.917,0.000854436366353184,0.0,0.00000000,30.3221378326416,0.000000,0.000000
2025-12-04 14:35:13,95.969,0.0008550153579562902,0.0,0.00000000,30.3221378326416,0.000000,0.000000
2025-12-04 14:35:13,96.021,0.0008552266517654061,0.0,0.00000000,30.3250675201416,0.000000,0.000000
2025-12-04 14:35:13,96.073,0.0008551018545404077,0.0,0.00000000,30.3250675201416,0.000000,0.000000
2025-12-04 14:35:13,96.125,0.0008552902727387846,0.0,0.00000000,30.32341957092285,0.000000,0.000000
2025-12-04 14:35:13,96.177,0.0008552130311727524,0.0,0.00000000,30.32341957092285,0.000000,0.000000
2025-12-04 14:35:13,96.229,0.0008550944039598107,0.0,0.00000000,30.322534561157227,0.000000,0.000000
2025-12-04 14:35:13,96.282,0.0008552126819267869,0.0,0.00000000,30.322534561157227,0.000000,0.000000
2025-12-04 14:35:13,96.334,0.0008554199011996388,0.0,0.00000000,30.324609756469727,0.000000,0.000000
2025-12-04 14:35:13,96.386,0.0008557278197258711,0.0,0.00000000,30.324609756469727,0.000000,0.000000
2025-12-04 14:35:13,96.438,0.0008557625114917755,0.0,0.00000000,30.323633193969727,0.000000,0.000000
2025-12-04 14:35:13,96.490,0.0008549804333597422,0.0,0.00000000,30.323633193969727,0.000000,0.000000
2025-12-04 14:35:13,96.542,0.0008541777497157454,0.0,0.00000000,30.322839736938477,0.000000,0.000000
2025-12-04 14:35:13,96.594,0.0008537624962627888,0.0,0.00000000,30.322595596313477,0.000000,0.000000
2025-12-04 14:35:14,96.646,0.0008532774518243968,0.0,0.00000000,30.322595596313477,0.000000,0.000000
2025-12-04 14:35:14,96.699,0.0008531828061677516,0.0,0.00000000,30.3237247467041,0.000000,0.000000
2025-12-04 14:35:14,96.751,0.0008539815898984671,0.0,0.00000000,30.3237247467041,0.000000,0.000000
2025-12-04 14:35:14,96.803,0.0008549310732632875,0.0,0.00000000,30.3231143951416,0.000000,0.000000
2025-12-04 14:35:14,96.855,0.0008557586697861552,0.0,0.00000000,30.3231143951416,0.000000,0.000000
2025-12-04 14:35:14,96.907,0.0008534049266017973,0.0,0.00000000,30.32280921936035,0.000000,0.000000
2025-12-04 14:35:14,96.959,0.0008534494554623961,0.0,0.00000000,30.32280921936035,0.000000,0.000000
2025-12-04 14:35:14,97.011,0.0008570111822336912,0.0,0.00000000,30.3242130279541,0.000000,0.000000
2025-12-04 14:35:14,97.063,0.0008574639214202762,0.0,0.00000000,30.3242130279541,0.000000,0.000000
2025-12-04 14:35:14,97.116,0.0008569947676733136,0.0,0.00000000,30.3233585357666,0.000000,0.000000
2025-12-04 14:35:14,97.168,0.0008568705525249243,0.0,0.00000000,30.3233585357666,0.000000,0.000000
2025-12-04 14:35:14,97.220,0.000857018050737679,0.0,0.00000000,30.323694229125977,0.000000,0.000000
2025-12-04 14:35:14,97.272,0.0008570574573241174,0.0,0.00000000,30.323694229125977,0.000000,0.000000
2025-12-04 14:35:14,97.324,0.000857202394399792,0.0,0.00000000,30.3245792388916,0.000000,0.000000
2025-12-04 14:35:14,97.376,0.0008570135687477887,0.0,0.00000000,30.3245792388916,0.000000,0.000000
2025-12-04 14:35:14,97.428,0.0008535904344171286,0.0,0.00000000,30.322107315063477,0.000000,0.000000
2025-12-04 14:35:14,97.480,0.0008544072625227273,0.0,0.00000000,30.322107315063477,0.000000,0.000000
2025-12-04 14:35:14,97.533,0.0008584837196394801,0.0,0.00000000,30.323266983032227,0.000000,0.000000
2025-12-04 14:35:14,97.585,0.0008585659670643508,0.0,0.00000000,30.323266983032227,0.000000,0.000000
2025-12-04 14:35:15,97.637,0.0008583643939346075,0.0,0.00000000,30.32366371154785,0.000000,0.000000
2025-12-04 14:35:15,97.689,0.0008580683497712016,0.0,0.00000000,30.32366371154785,0.000000,0.000000
2025-12-04 14:35:15,97.741,0.0008579666609875858,0.0,0.00000000,30.3244571685791,0.000000,0.000000
2025-12-04 14:35:15,97.793,0.0008581556030549109,0.0,0.00000000,30.3231143951416,0.000000,0.000000
2025-12-04 14:35:15,97.845,0.0008580893045291305,0.0,0.00000000,30.3231143951416,0.000000,0.000000
2025-12-04 14:35:15,97.898,0.0008544372976757586,0.0,0.00000000,30.321741104125977,0.000000,0.000000
2025-12-04 14:35:15,97.950,0.0008532045176252723,0.0,0.00000000,30.321741104125977,0.000000,0.000000
2025-12-04 14:35:15,98.002,0.0008574844105169177,0.0,0.00000000,30.324792861938477,0.000000,0.000000
2025-12-04 14:35:15,98.054,0.0008599094580858946,0.0,0.00000000,30.324792861938477,0.000000,0.000000
2025-12-04 14:35:15,98.106,0.0008602689485996962,0.0,0.00000000,30.32280921936035,0.000000,0.000000
2025-12-04 14:35:15,98.158,0.0008599081775173545,0.0,0.00000000,30.32280921936035,0.000000,0.000000
2025-12-04 14:35:15,98.210,0.0008596526458859444,0.0,0.00000000,30.3216495513916,0.000000,0.000000
2025-12-04 14:35:15,98.262,0.0008596366387791932,0.0,0.00000000,30.3216495513916,0.000000,0.000000
2025-12-04 14:35:15,98.315,0.0008592803496867418,0.0,0.00000000,30.322961807250977,0.000000,0.000000
2025-12-04 14:35:15,98.367,0.0008590931538492441,0.0,0.00000000,30.322961807250977,0.000000,0.000000
2025-12-04 14:35:15,98.419,0.0008530814666301012,0.0,0.00000000,30.321252822875977,0.000000,0.000000
2025-12-04 14:35:15,98.471,0.0008528074831701815,0.0,0.00000000,30.321252822875977,0.000000,0.000000
2025-12-04 14:35:15,98.523,0.0008596496190875769,0.0,0.00000000,30.321496963500977,0.000000,0.000000
2025-12-04 14:35:15,98.575,0.0008605091134086251,0.0,0.00000000,30.321496963500977,0.000000,0.000000
2025-12-04 14:35:16,98.627,0.0008602307643741369,0.0,0.00000000,30.3234806060791,0.000000,0.000000
2025-12-04 14:35:16,98.680,0.0008601729059591889,0.0,0.00000000,30.3234806060791,0.000000,0.000000
2025-12-04 14:35:16,98.732,0.0008599588181823492,0.0,0.00000000,30.323389053344727,0.000000,0.000000
2025-12-04 14:35:16,98.784,0.0008595816325396299,0.0,0.00000000,30.323389053344727,0.000000,0.000000
2025-12-04 14:35:16,98.836,0.0008594332030043006,0.0,0.00000000,30.32366371154785,0.000000,0.000000
2025-12-04 14:35:16,98.888,0.0008583645103499293,0.0,0.00000000,30.32366371154785,0.000000,0.000000
2025-12-04 14:35:16,98.940,0.000855916237924248,0.0,0.00000000,30.32390785217285,0.000000,0.000000
2025-12-04 14:35:16,98.992,0.0008572930237278342,0.0,0.00000000,30.32415199279785,0.000000,0.000000
2025-12-04 14:35:16,99.044,0.000860256957821548,0.0,0.00000000,30.32415199279785,0.000000,0.000000
2025-12-04 14:35:16,99.096,0.0008606056217104197,0.0,0.00000000,30.3228702545166,0.000000,0.000000
2025-12-04 14:35:16,99.149,0.0008605157490819693,0.0,0.00000000,30.3228702545166,0.000000,0.000000
2025-12-04 14:35:16,99.201,0.0008599326247349381,0.0,0.00000000,30.324121475219727,0.000000,0.000000
2025-12-04 14:35:16,99.253,0.0008597866399213672,0.0,0.00000000,30.324121475219727,0.000000,0.000000
2025-12-04 14:35:16,99.305,0.0008595068356953561,0.0,0.00000000,30.323083877563477,0.000000,0.000000
2025-12-04 14:35:16,99.357,0.0008587821503169835,0.0,0.00000000,30.323083877563477,0.000000,0.000000
2025-12-04 14:35:16,99.409,0.0008535791421309114,0.0,0.00000000,30.321985244750977,0.000000,0.000000
2025-12-04 14:35:16,99.461,0.0008530415361747146,0.0,0.00000000,30.321985244750977,0.000000,0.000000
2025-12-04 14:35:16,99.514,0.0008586620097048581,0.0,0.00000000,30.3233585357666,0.000000,0.000000
2025-12-04 14:35:16,99.566,0.0008602450834587216,0.0,0.00000000,30.3233585357666,0.000000,0.000000
2025-12-04 14:35:17,99.618,0.0008601754088886082,0.0,0.00000000,30.3240909576416,0.000000,0.000000
2025-12-04 14:35:17,99.670,0.000859708059579134,0.0,0.00000000,30.3240909576416,0.000000,0.000000
2025-12-04 14:35:17,99.722,0.0008596421685069799,0.0,0.00000000,30.324426651000977,0.000000,0.000000
2025-12-04 14:35:17,99.774,0.0008592687081545591,0.0,0.00000000,30.324426651000977,0.000000,0.000000
2025-12-04 14:35:17,99.826,0.0008587720803916454,0.0,0.00000000,30.325037002563477,0.000000,0.000000
2025-12-04 14:35:17,99.878,0.0008587142219766974,0.0,0.00000000,30.325037002563477,0.000000,0.000000
2025-12-04 14:35:17,99.931,0.0008559480193071067,0.0,0.00000000,30.32110023498535,0.000000,0.000000
2025-12-04 14:35:17,99.983,0.0008563994197174907,0.0,0.00000000,30.32110023498535,0.000000,0.000000
2025-12-04 14:35:17,100.035,0.0008603840251453221,0.0,0.00000000,30.323389053344727,0.000000,0.000000
2025-12-04 14:35:17,100.087,0.0008607239578850567,0.0,0.00000000,30.323022842407227,0.000000,0.000000
2025-12-04 14:35:17,100.139,0.0008601981680840254,0.0,0.00000000,30.323022842407227,0.000000,0.000000
2025-12-04 14:35:17,100.191,0.0008599280845373869,0.0,0.00000000,30.323999404907227,0.000000,0.000000
2025-12-04 14:35:17,100.243,0.0008591997902840376,0.0,0.00000000,30.323999404907227,0.000000,0.000000
2025-12-04 14:35:17,100.296,0.0008586581679992378,0.0,0.00000000,30.32390785217285,0.000000,0.000000
2025-12-04 14:35:17,100.348,0.0008585458272136748,0.0,0.00000000,30.32390785217285,0.000000,0.000000
2025-12-04 14:35:17,100.400,0.0008566384203732014,0.0,0.00000000,30.323572158813477,0.000000,0.000000
2025-12-04 14:35:17,100.452,0.000856344006024301,0.0,0.00000000,30.323572158813477,0.000000,0.000000
2025-12-04 14:35:17,100.504,0.00085853086784482,0.0,0.00000000,30.323572158813477,0.000000,0.000000
2025-12-04 14:35:17,100.556,0.0008592158555984497,0.0,0.00000000,30.323572158813477,0.000000,0.000000
2025-12-04 14:35:18,100.608,0.0008590776706114411,0.0,0.00000000,30.3242130279541,0.000000,0.000000
2025-12-04 14:35:18,100.661,0.0008588439086452127,0.0,0.00000000,30.3242130279541,0.000000,0.000000
2025-12-04 14:35:18,100.712,0.0008582713198848069,0.0,0.00000000,30.323450088500977,0.000000,0.000000
2025-12-04 14:35:18,100.765,0.0008578543202020228,0.0,0.00000000,30.323450088500977,0.000000,0.000000
2025-12-04 14:35:18,100.817,0.0008580207941122353,0.0,0.00000000,30.323999404907227,0.000000,0.000000
2025-12-04 14:35:18,100.869,0.000858460261952132,0.0,0.00000000,30.323999404907227,0.000000,0.000000
2025-12-04 14:35:18,100.921,0.0008605342591181397,0.0,0.00000000,30.3222599029541,0.000000,0.000000
2025-12-04 14:35:18,100.973,0.0008623064495623112,0.0,0.00000000,30.3222599029541,0.000000,0.000000
2025-12-04 14:35:18,101.025,0.0008615202968940139,0.0,0.00000000,30.322900772094727,0.000000,0.000000
2025-12-04 14:35:18,101.077,0.0008606743067502975,0.0,0.00000000,30.322900772094727,0.000000,0.000000
2025-12-04 14:35:18,101.129,0.0008600070141255856,0.0,0.00000000,30.3233585357666,0.000000,0.000000
2025-12-04 14:35:18,101.182,0.0008589382050558925,0.0,0.00000000,30.3233585357666,0.000000,0.000000
2025-12-04 14:35:18,101.234,0.0008581438451074064,0.0,0.00000000,30.32354164123535,0.000000,0.000000
2025-12-04 14:35:18,101.286,0.00085785414557904,0.0,0.00000000,30.324243545532227,0.000000,0.000000
2025-12-04 14:35:18,101.338,0.0008582934970036149,0.0,0.00000000,30.324243545532227,0.000000,0.000000
2025-12-04 14:35:18,101.390,0.0008581020520068705,0.0,0.00000000,30.32402992248535,0.000000,0.000000
2025-12-04 14:35:18,101.442,0.0008579488494433463,0.0,0.00000000,30.32402992248535,0.000000,0.000000
2025-12-04 14:35:18,101.494,0.0008584908209741116,0.0,0.00000000,30.32439613342285,0.000000,0.000000
2025-12-04 14:35:18,101.547,0.0008585917530581355,0.0,0.00000000,30.32439613342285,0.000000,0.000000
2025-12-04 14:35:18,101.599,0.000858294137287885,0.0,0.00000000,30.322778701782227,0.000000,0.000000
2025-12-04 14:35:19,101.651,0.0008578517008572817,0.0,0.00000000,30.322778701782227,0.000000,0.000000
2025-12-04 14:35:19,101.703,0.0008576863328926265,0.0,0.00000000,30.3228702545166,0.000000,0.000000
2025-12-04 14:35:19,101.755,0.0008576812106184661,0.0,0.00000000,30.3228702545166,0.000000,0.000000
2025-12-04 14:35:19,101.807,0.0008580660214647651,0.0,0.00000000,30.32183265686035,0.000000,0.000000
2025-12-04 14:35:19,101.859,0.0008582706796005368,0.0,0.00000000,30.32183265686035,0.000000,0.000000
2025-12-04 14:35:19,101.911,0.000857457285746932,0.0,0.00000000,30.32207679748535,0.000000,0.000000
2025-12-04 14:35:19,101.964,0.0008573770173825324,0.0,0.00000000,30.32207679748535,0.000000,0.000000
2025-12-04 14:35:19,102.016,0.0008579951827414334,0.0,0.00000000,30.32293128967285,0.000000,0.000000
2025-12-04 14:35:19,102.068,0.0008576313266530633,0.0,0.00000000,30.32293128967285,0.000000,0.000000
2025-12-04 14:35:19,102.120,0.00085739407222718,0.0,0.00000000,30.3226261138916,0.000000,0.000000
2025-12-04 14:35:19,102.172,0.0008574692765250802,0.0,0.00000000,30.3226261138916,0.000000,0.000000
2025-12-04 14:35:19,102.224,0.0008572422666475177,0.0,0.00000000,30.324548721313477,0.000000,0.000000
2025-12-04 14:35:19,102.276,0.0008573714876547456,0.0,0.00000000,30.324548721313477,0.000000,0.000000
2025-12-04 14:35:19,102.329,0.000857475446537137,0.0,0.00000000,30.324121475219727,0.000000,0.000000
2025-12-04 14:35:19,102.381,0.0008564800373278558,0.0,0.00000000,30.324121475219727,0.000000,0.000000
2025-12-04 14:35:19,102.433,0.0008570248610340059,0.0,0.00000000,30.322961807250977,0.000000,0.000000
2025-12-04 14:35:19,102.485,0.0008579656714573503,0.0,0.00000000,30.32366371154785,0.000000,0.000000
2025-12-04 14:35:19,102.537,0.0008572727674618363,0.0,0.00000000,30.32366371154785,0.000000,0.000000
2025-12-04 14:35:19,102.589,0.0008570502977818251,0.0,0.00000000,30.32451820373535,0.000000,0.000000
2025-12-04 14:35:20,102.641,0.0008570468053221703,0.0,0.00000000,30.32451820373535,0.000000,0.000000
2025-12-04 14:35:20,102.693,0.0008568109478801489,0.0,0.00000000,30.324243545532227,0.000000,0.000000
2025-12-04 14:35:20,102.746,0.000857068516779691,0.0,0.00000000,30.324243545532227,0.000000,0.000000
2025-12-04 14:35:20,102.798,0.0008571076905354857,0.0,0.00000000,30.32256507873535,0.000000,0.000000
2025-12-04 14:35:20,102.850,0.0008569377241656184,0.0,0.00000000,30.32256507873535,0.000000,0.000000
2025-12-04 14:35:20,102.902,0.0008567157783545554,0.0,0.00000000,30.32378578186035,0.000000,0.000000
2025-12-04 14:35:20,102.954,0.0008565198513679206,0.0,0.00000000,30.32378578186035,0.000000,0.000000
2025-12-04 14:35:20,103.006,0.0008568154880777001,0.0,0.00000000,30.3225040435791,0.000000,0.000000
2025-12-04 14:35:20,103.058,0.0008569535566493869,0.0,0.00000000,30.3225040435791,0.000000,0.000000
2025-12-04 14:35:20,103.111,0.0008568036137148738,0.0,0.00000000,30.322107315063477,0.000000,0.000000
2025-12-04 14:35:20,103.163,0.0008567618206143379,0.0,0.00000000,30.322107315063477,0.000000,0.000000
2025-12-04 14:35:20,103.215,0.0008570424979552627,0.0,0.00000000,30.3221378326416,0.000000,0.000000
2025-12-04 14:35:20,103.267,0.0008569661295041442,0.0,0.00000000,30.3221378326416,0.000000,0.000000
2025-12-04 14:35:20,103.319,0.0008568796329200268,0.0,0.00000000,30.321985244750977,0.000000,0.000000
2025-12-04 14:35:20,103.371,0.0008567700861021876,0.0,0.00000000,30.321985244750977,0.000000,0.000000
2025-12-04 14:35:20,103.423,0.0008564798044972122,0.0,0.00000000,30.323633193969727,0.000000,0.000000
2025-12-04 14:35:20,103.475,0.0008563788142055273,0.0,0.00000000,30.323633193969727,0.000000,0.000000
2025-12-04 14:35:20,103.527,0.0008565455209463835,0.0,0.00000000,30.32219886779785,0.000000,0.000000
2025-12-04 14:35:20,103.580,0.0008566705510020256,0.0,0.00000000,30.32219886779785,0.000000,0.000000
2025-12-04 14:35:21,103.632,0.0008569148485548794,0.0,0.00000000,30.32390785217285,0.000000,0.000000
2025-12-04 14:35:21,103.684,0.0008571984944865108,0.0,0.00000000,30.324182510375977,0.000000,0.000000
2025-12-04 14:35:21,103.736,0.0008569081546738744,0.0,0.00000000,30.324182510375977,0.000000,0.000000
2025-12-04 14:35:21,103.788,0.0008566633914597332,0.0,0.00000000,30.323450088500977,0.000000,0.000000
2025-12-04 14:35:21,103.840,0.0008558806730434299,0.0,0.00000000,30.323450088500977,0.000000,0.000000
2025-12-04 14:35:21,103.893,0.0008546218741685152,0.0,0.00000000,30.324731826782227,0.000000,0.000000
2025-12-04 14:35:21,103.945,0.0008541038259863853,0.0,0.00000000,30.324731826782227,0.000000,0.000000
2025-12-04 14:35:21,103.997,0.0008539638947695494,0.0,0.00000000,30.323450088500977,0.000000,0.000000
2025-12-04 14:35:21,104.049,0.0008542748400941491,0.0,0.00000000,30.323450088500977,0.000000,0.000000
2025-12-04 14:35:21,104.101,0.0008549845078960061,0.0,0.00000000,30.323083877563477,0.000000,0.000000
