Block,Sample_In_Block,Global_Sample,Voltage_V,Timestamp
1,1,1,-0.00089515408,2025-11-18T08:56:02.805211
1,2,2,-0.000895127421,2025-11-18T08:56:02.805211
1,3,3,-0.000895003613,2025-11-18T08:56:02.805211
1,4,4,-0.000895016302,2025-11-18T08:56:02.805211
1,5,5,-0.000894895754,2025-11-18T08:56:02.805211
1,6,6,-0.000894982949,2025-11-18T08:56:02.805211
1,7,7,-0.000894952972,2025-11-18T08:56:02.805211
1,8,8,-0.000895033474,2025-11-18T08:56:02.805211
1,9,9,-0.000895234756,2025-11-18T08:56:02.805211
1,10,10,-0.000895135512,2025-11-18T08:56:02.805211
1,11,11,-0.000895161996,2025-11-18T08:56:02.805211
1,12,12,-0.000895127886,2025-11-18T08:56:02.805211
1,13,13,-0.000895166653,2025-11-18T08:56:02.805211
1,14,14,-0.000895090459,2025-11-18T08:56:02.805211
1,15,15,-0.000895228877,2025-11-18T08:56:02.805211
1,16,16,-0.000895274279,2025-11-18T08:56:02.805211
1,17,17,-0.000895195,2025-11-18T08:56:02.805211
1,18,18,-0.000895142497,2025-11-18T08:56:02.805211
1,19,19,-0.000895123637,2025-11-18T08:56:02.805211
1,20,20,-0.000895260134,2025-11-18T08:56:02.805211
1,21,21,-0.000895179226,2025-11-18T08:56:02.805211
1,22,22,-0.000895165023,2025-11-18T08:56:02.805211
1,23,23,-0.000895193312,2025-11-18T08:56:02.805211
1,24,24,-0.000895141623,2025-11-18T08:56:02.805211
1,25,25,-0.00089523365,2025-11-18T08:56:02.805211
1,26,26,-0.000895235978,2025-11-18T08:56:02.805211
1,27,27,-0.000895282195,2025-11-18T08:56:02.805211
1,28,28,-0.000895088305,2025-11-18T08:56:02.805211
1,29,29,-0.000895308738,2025-11-18T08:56:02.805211
1,30,30,-0.000895339937,2025-11-18T08:56:02.805211
1,31,31,-0.000895282661,2025-11-18T08:56:02.805211
1,32,32,-0.000895369972,2025-11-18T08:56:02.805211
1,33,33,-0.000895500474,2025-11-18T08:56:02.805211
1,34,34,-0.000895291392,2025-11-18T08:56:02.805211
1,35,35,-0.000895237433,2025-11-18T08:56:02.805211
1,36,36,-0.000895272125,2025-11-18T08:56:02.805211
1,37,37,-0.000895221368,2025-11-18T08:56:02.805211
1,38,38,-0.000895123812,2025-11-18T08:56:02.805211
1,39,39,-0.000895239936,2025-11-18T08:56:02.805211
1,40,40,-0.000895316712,2025-11-18T08:56:02.805211
1,41,41,-0.000895439065,2025-11-18T08:56:02.805211
1,42,42,-0.000895279401,2025-11-18T08:56:02.805211
1,43,43,-0.000895402627,2025-11-18T08:56:02.805211
1,44,44,-0.00089507125,2025-11-18T08:56:02.805211
1,45,45,-0.000895160133,2025-11-18T08:56:02.805211
1,46,46,-0.000895261182,2025-11-18T08:56:02.805211
1,47,47,-0.000895116187,2025-11-18T08:56:02.805211
1,48,48,-0.000895197968,2025-11-18T08:56:02.805211
1,49,49,-0.000895314849,2025-11-18T08:56:02.805211
1,50,50,-0.000895343138,2025-11-18T08:56:02.805211
1,51,51,-0.000895061122,2025-11-18T08:56:02.805211
1,52,52,-0.000895217119,2025-11-18T08:56:02.805211
1,53,53,-0.000895170494,2025-11-18T08:56:02.805211
1,54,54,-0.000895348028,2025-11-18T08:56:02.805211
1,55,55,-0.000895298901,2025-11-18T08:56:02.805211
1,56,56,-0.000895196688,2025-11-18T08:56:02.805211
1,57,57,-0.0008950677,2025-11-18T08:56:02.805211
1,58,58,-0.000895173288,2025-11-18T08:56:02.805211
1,59,59,-0.000895127595,2025-11-18T08:56:02.805211
1,60,60,-0.000895257573,2025-11-18T08:56:02.805211
1,61,61,-0.000895170087,2025-11-18T08:56:02.805211
1,62,62,-0.000895129051,2025-11-18T08:56:02.805211
1,63,63,-0.00089519564,2025-11-18T08:56:02.805211
1,64,64,-0.000895122124,2025-11-18T08:56:02.805211
1,65,65,-0.000895045115,2025-11-18T08:56:02.805211
1,66,66,-0.00089523039,2025-11-18T08:56:02.805211
1,67,67,-0.000895067176,2025-11-18T08:56:02.805211
1,68,68,-0.000895363569,2025-11-18T08:56:02.805211
1,69,69,-0.000895251112,2025-11-18T08:56:02.805211
1,70,70,-0.000895297329,2025-11-18T08:56:02.805211
1,71,71,-0.000895227538,2025-11-18T08:56:02.805211
1,72,72,-0.000895366771,2025-11-18T08:56:02.805211
1,73,73,-0.000895277189,2025-11-18T08:56:02.805211
1,74,74,-0.000895242555,2025-11-18T08:56:02.805211
1,75,75,-0.000895294477,2025-11-18T08:56:02.805211
1,76,76,-0.000895454839,2025-11-18T08:56:02.805211
1,77,77,-0.000895207107,2025-11-18T08:56:02.805211
1,78,78,-0.000895032368,2025-11-18T08:56:02.805211
1,79,79,-0.000895127945,2025-11-18T08:56:02.805211
1,80,80,-0.00089510309,2025-11-18T08:56:02.805211
1,81,81,-0.000895245582,2025-11-18T08:56:02.805211
1,82,82,-0.000895218458,2025-11-18T08:56:02.805211
1,83,83,-0.000895198143,2025-11-18T08:56:02.805211
1,84,84,-0.000895218981,2025-11-18T08:56:02.805211
1,85,85,-0.000895277713,2025-11-18T08:56:02.805211
1,86,86,-0.00089530932,2025-11-18T08:56:02.805211
1,87,87,-0.000895211007,2025-11-18T08:56:02.805211
1,88,88,-0.000895440171,2025-11-18T08:56:02.805211
1,89,89,-0.000895359378,2025-11-18T08:56:02.805211
1,90,90,-0.000895410601,2025-11-18T08:56:02.805211
1,91,91,-0.000895449134,2025-11-18T08:56:02.805211
1,92,92,-0.000895453733,2025-11-18T08:56:02.805211
1,93,93,-0.000895398494,2025-11-18T08:56:02.805211
1,94,94,-0.000895323755,2025-11-18T08:56:02.805211
1,95,95,-0.000895314326,2025-11-18T08:56:02.805211
1,96,96,-0.000895261357,2025-11-18T08:56:02.805211
1,97,97,-0.000895333068,2025-11-18T08:56:02.805211
1,98,98,-0.000895403791,2025-11-18T08:56:02.805211
1,99,99,-0.000895269156,2025-11-18T08:56:02.805211
1,100,100,-0.000895380566,2025-11-18T08:56:02.805211
1,101,101,-0.000895347795,2025-11-18T08:56:02.805211
1,102,102,-0.000895143835,2025-11-18T08:56:02.805211
1,103,103,-0.000895269913,2025-11-18T08:56:02.805211
1,104,104,-0.000895332486,2025-11-18T08:56:02.805211
1,105,105,-0.000895488075,2025-11-18T08:56:02.805211
1,106,106,-0.000895378238,2025-11-18T08:56:02.805211
1,107,107,-0.000895430915,2025-11-18T08:56:02.805211
1,108,108,-0.000895430159,2025-11-18T08:56:02.805211
1,109,109,-0.000895591278,2025-11-18T08:56:02.805211
1,110,110,-0.000895511475,2025-11-18T08:56:02.805211
1,111,111,-0.000895490229,2025-11-18T08:56:02.805211
1,112,112,-0.000895580102,2025-11-18T08:56:02.805211
1,113,113,-0.000895371485,2025-11-18T08:56:02.805211
1,114,114,-0.000895237666,2025-11-18T08:56:02.805211
1,115,115,-0.000895330158,2025-11-18T08:56:02.805211
1,116,116,-0.000895381614,2025-11-18T08:56:02.805211
1,117,117,-0.000895634526,2025-11-18T08:56:02.805211
1,118,118,-0.000895408913,2025-11-18T08:56:02.805211
1,119,119,-0.000895278877,2025-11-18T08:56:02.805211
1,120,120,-0.000895181728,2025-11-18T08:56:02.805211
1,121,121,-0.00089531159,2025-11-18T08:56:02.805211
1,122,122,-0.000895116769,2025-11-18T08:56:02.805211
1,123,123,-0.000895143253,2025-11-18T08:56:02.805211
1,124,124,-0.000895104778,2025-11-18T08:56:02.805211
1,125,125,-0.00089519337,2025-11-18T08:56:02.805211
1,126,126,-0.00089516025,2025-11-18T08:56:02.805211
1,127,127,-0.00089556101,2025-11-18T08:56:02.805211
1,128,128,-0.000895402161,2025-11-18T08:56:02.805211
1,129,129,-0.000895412289,2025-11-18T08:56:02.805211
1,130,130,-0.000895381614,2025-11-18T08:56:02.805211
1,131,131,-0.000895352044,2025-11-18T08:56:02.805211
1,132,132,-0.000895304896,2025-11-18T08:56:02.805211
1,133,133,-0.000895311357,2025-11-18T08:56:02.805211
1,134,134,-0.000895372417,2025-11-18T08:56:02.805211
1,135,135,-0.000895468634,2025-11-18T08:56:02.805211
1,136,136,-0.00089518784,2025-11-18T08:56:02.805211
1,137,137,-0.000895505829,2025-11-18T08:56:02.805211
1,138,138,-0.000895064382,2025-11-18T08:56:02.805211
1,139,139,-0.000895037781,2025-11-18T08:56:02.805211
1,140,140,-0.000895283243,2025-11-18T08:56:02.805211
1,141,141,-0.000895329518,2025-11-18T08:56:02.805211
1,142,142,-0.000895290053,2025-11-18T08:56:02.805211
1,143,143,-0.000895245757,2025-11-18T08:56:02.805211
1,144,144,-0.000895334756,2025-11-18T08:56:02.805211
1,145,145,-0.000895226432,2025-11-18T08:56:02.805211
1,146,146,-0.000895258795,2025-11-18T08:56:02.805211
1,147,147,-0.000895257573,2025-11-18T08:56:02.805211
1,148,148,-0.000895342382,2025-11-18T08:56:02.805211
1,149,149,-0.000895247096,2025-11-18T08:56:02.805211
1,150,150,-0.000895304256,2025-11-18T08:56:02.805211
1,151,151,-0.000895234232,2025-11-18T08:56:02.805211
1,152,152,-0.000895030505,2025-11-18T08:56:02.805211
1,153,153,-0.000895137025,2025-11-18T08:56:02.805211
1,154,154,-0.000895077886,2025-11-18T08:56:02.805211
1,155,155,-0.000895166711,2025-11-18T08:56:02.805211
1,156,156,-0.000895146338,2025-11-18T08:56:02.805211
1,157,157,-0.00089511153,2025-11-18T08:56:02.805211
1,158,158,-0.000895143894,2025-11-18T08:56:02.805211
1,159,159,-0.000895155419,2025-11-18T08:56:02.805211
1,160,160,-0.000895060889,2025-11-18T08:56:02.805211
1,161,161,-0.000895155244,2025-11-18T08:56:02.805211
1,162,162,-0.000895282486,2025-11-18T08:56:02.805211
1,163,163,-0.000895110366,2025-11-18T08:56:02.805211
1,164,164,-0.000895088596,2025-11-18T08:56:02.805211
1,165,165,-0.00089522032,2025-11-18T08:56:02.805211
1,166,166,-0.000895219214,2025-11-18T08:56:02.805211
1,167,167,-0.000895219098,2025-11-18T08:56:02.805211
1,168,168,-0.000895089004,2025-11-18T08:56:02.805211
1,169,169,-0.000895171891,2025-11-18T08:56:02.805211
1,170,170,-0.00089514791,2025-11-18T08:56:02.805211
1,171,171,-0.000895208679,2025-11-18T08:56:02.805211
1,172,172,-0.00089513947,2025-11-18T08:56:02.805211
1,173,173,-0.000895271368,2025-11-18T08:56:02.805211
1,174,174,-0.000895243429,2025-11-18T08:56:02.805211
1,175,175,-0.00089522876,2025-11-18T08:56:02.805211
1,176,176,-0.000895354663,2025-11-18T08:56:02.805211
1,177,177,-0.000895271659,2025-11-18T08:56:02.805211
1,178,178,-0.000895175326,2025-11-18T08:56:02.805211
1,179,179,-0.000895348493,2025-11-18T08:56:02.805211
1,180,180,-0.000895382079,2025-11-18T08:56:02.805211
1,181,181,-0.000895218458,2025-11-18T08:56:02.805211
1,182,182,-0.000895237608,2025-11-18T08:56:02.805211
1,183,183,-0.000895271019,2025-11-18T08:56:02.805211
1,184,184,-0.000895160133,2025-11-18T08:56:02.805211
1,185,185,-0.000895392615,2025-11-18T08:56:02.805211
1,186,186,-0.000895309145,2025-11-18T08:56:02.805211
1,187,187,-0.000895371253,2025-11-18T08:56:02.805211
1,188,188,-0.000895254313,2025-11-18T08:56:02.805211
1,189,189,-0.000895398145,2025-11-18T08:56:02.805211
1,190,190,-0.000895261997,2025-11-18T08:56:02.805211
1,191,191,-0.00089526904,2025-11-18T08:56:02.805211
1,192,192,-0.000895204255,2025-11-18T08:56:02.805211
1,193,193,-0.000895329867,2025-11-18T08:56:02.805211
1,194,194,-0.000895184522,2025-11-18T08:56:02.805211
1,195,195,-0.000895211764,2025-11-18T08:56:02.805211
1,196,196,-0.000895129749,2025-11-18T08:56:02.805211
1,197,197,-0.000895229342,2025-11-18T08:56:02.805211
1,198,198,-0.000895204546,2025-11-18T08:56:02.805211
1,199,199,-0.000895134697,2025-11-18T08:56:02.805211
1,200,200,-0.000895359728,2025-11-18T08:56:02.805211
1,201,201,-0.000895364035,2025-11-18T08:56:02.805211
1,202,202,-0.00089537946,2025-11-18T08:56:02.805211
1,203,203,-0.000895322475,2025-11-18T08:56:02.805211
1,204,204,-0.000895233941,2025-11-18T08:56:02.805211
1,205,205,-0.000895222474,2025-11-18T08:56:02.805211
1,206,206,-0.000895376433,2025-11-18T08:56:02.805211
1,207,207,-0.00089527975,2025-11-18T08:56:02.805211
1,208,208,-0.000895396631,2025-11-18T08:56:02.805211
1,209,209,-0.000895278644,2025-11-18T08:56:02.805211
1,210,210,-0.000895334407,2025-11-18T08:56:02.805211
1,211,211,-0.000895260658,2025-11-18T08:56:02.805211
1,212,212,-0.000895360484,2025-11-18T08:56:02.805211
1,213,213,-0.000895521137,2025-11-18T08:56:02.805211
1,214,214,-0.000895434,2025-11-18T08:56:02.805211
1,215,215,-0.00089542329,2025-11-18T08:56:02.805211
1,216,216,-0.000895424862,2025-11-18T08:56:02.805211
1,217,217,-0.000895342673,2025-11-18T08:56:02.805211
1,218,218,-0.000895308679,2025-11-18T08:56:02.805211
1,219,219,-0.000895459146,2025-11-18T08:56:02.805211
1,220,220,-0.00089545641,2025-11-18T08:56:02.805211
1,221,221,-0.000895390403,2025-11-18T08:56:02.805211
1,222,222,-0.000895372882,2025-11-18T08:56:02.805211
1,223,223,-0.000895458506,2025-11-18T08:56:02.805211
1,224,224,-0.000895484292,2025-11-18T08:56:02.805211
1,225,225,-0.000895394943,2025-11-18T08:56:02.805211
1,226,226,-0.000895364733,2025-11-18T08:56:02.805211
1,227,227,-0.00089554832,2025-11-18T08:56:02.805211
1,228,228,-0.000895445642,2025-11-18T08:56:02.805211
1,229,229,-0.000895445467,2025-11-18T08:56:02.805211
1,230,230,-0.000895348261,2025-11-18T08:56:02.805211
1,231,231,-0.000895264558,2025-11-18T08:56:02.805211
1,232,232,-0.000895308563,2025-11-18T08:56:02.805211
1,233,233,-0.0008953223,2025-11-18T08:56:02.805211
1,234,234,-0.000895326025,2025-11-18T08:56:02.805211
1,235,235,-0.000895419041,2025-11-18T08:56:02.805211
1,236,236,-0.000895317003,2025-11-18T08:56:02.805211
1,237,237,-0.00089517096,2025-11-18T08:56:02.805211
1,238,238,-0.000895273406,2025-11-18T08:56:02.805211
1,239,239,-0.000895136559,2025-11-18T08:56:02.805211
1,240,240,-0.000895257457,2025-11-18T08:56:02.805211
1,241,241,-0.000895185628,2025-11-18T08:56:02.805211
1,242,242,-0.000895203091,2025-11-18T08:56:02.805211
1,243,243,-0.000895209552,2025-11-18T08:56:02.805211
1,244,244,-0.000895254372,2025-11-18T08:56:02.805211
1,245,245,-0.000895156525,2025-11-18T08:56:02.805211
1,246,246,-0.000895166012,2025-11-18T08:56:02.805211
1,247,247,-0.000895348726,2025-11-18T08:56:02.805211
1,248,248,-0.000895393488,2025-11-18T08:56:02.805211
1,249,249,-0.000895186036,2025-11-18T08:56:02.805211
1,250,250,-0.000895266537,2025-11-18T08:56:02.805211
1,251,251,-0.0008951833,2025-11-18T08:56:02.805211
1,252,252,-0.000895330857,2025-11-18T08:56:02.805211
1,253,253,-0.000895338831,2025-11-18T08:56:02.805211
1,254,254,-0.000895240635,2025-11-18T08:56:02.805211
1,255,255,-0.000895352743,2025-11-18T08:56:02.805211
1,256,256,-0.000895362871,2025-11-18T08:56:02.805211
1,257,257,-0.000895318575,2025-11-18T08:56:02.805211
1,258,258,-0.000895344128,2025-11-18T08:56:02.805211
1,259,259,-0.000895306584,2025-11-18T08:56:02.805211
1,260,260,-0.000895205885,2025-11-18T08:56:02.805211
1,261,261,-0.000895356875,2025-11-18T08:56:02.805211
1,262,262,-0.000895313394,2025-11-18T08:56:02.805211
1,263,263,-0.000895290111,2025-11-18T08:56:02.805211
1,264,264,-0.000895240751,2025-11-18T08:56:02.805211
1,265,265,-0.000895378761,2025-11-18T08:56:02.805211
1,266,266,-0.000895415083,2025-11-18T08:56:02.805211
1,267,267,-0.000895363627,2025-11-18T08:56:02.805211
1,268,268,-0.000895158038,2025-11-18T08:56:02.805211
1,269,269,-0.000895338307,2025-11-18T08:56:02.805211
1,270,270,-0.000895258504,2025-11-18T08:56:02.805211
1,271,271,-0.000895174278,2025-11-18T08:56:02.805211
1,272,272,-0.000895168806,2025-11-18T08:56:02.805211
1,273,273,-0.000895117118,2025-11-18T08:56:02.805211
1,274,274,-0.000895101693,2025-11-18T08:56:02.805211
1,275,275,-0.00089523819,2025-11-18T08:56:02.805211
1,276,276,-0.000895120843,2025-11-18T08:56:02.805211
1,277,277,-0.000895249308,2025-11-18T08:56:02.805211
1,278,278,-0.000895222066,2025-11-18T08:56:02.805211
1,279,279,-0.000895192497,2025-11-18T08:56:02.805211
1,280,280,-0.000895342207,2025-11-18T08:56:02.805211
1,281,281,-0.000895392382,2025-11-18T08:56:02.805211
1,282,282,-0.000895367644,2025-11-18T08:56:02.805211
1,283,283,-0.000895295117,2025-11-18T08:56:02.805211
1,284,284,-0.000895235396,2025-11-18T08:56:02.805211
1,285,285,-0.000895186269,2025-11-18T08:56:02.805211
1,286,286,-0.00089517032,2025-11-18T08:56:02.805211
1,287,287,-0.000895277713,2025-11-18T08:56:02.805211
1,288,288,-0.000895189587,2025-11-18T08:56:02.805211
1,289,289,-0.000895134289,2025-11-18T08:56:02.805211
1,290,290,-0.000895163859,2025-11-18T08:56:02.805211
1,291,291,-0.000895336386,2025-11-18T08:56:02.805211
1,292,292,-0.000895123579,2025-11-18T08:56:02.805211
1,293,293,-0.000895154022,2025-11-18T08:56:02.805211
1,294,294,-0.000895289354,2025-11-18T08:56:02.805211
1,295,295,-0.00089519401,2025-11-18T08:56:02.805211
1,296,296,-0.000895226025,2025-11-18T08:56:02.805211
1,297,297,-0.0008953184,2025-11-18T08:56:02.805211
1,298,298,-0.000895298493,2025-11-18T08:56:02.805211
1,299,299,-0.000895135221,2025-11-18T08:56:02.805211
1,300,300,-0.000895252451,2025-11-18T08:56:02.805211
1,301,301,-0.000895264209,2025-11-18T08:56:02.805211
1,302,302,-0.000895293429,2025-11-18T08:56:02.805211
1,303,303,-0.000895372533,2025-11-18T08:56:02.805211
1,304,304,-0.000895424396,2025-11-18T08:56:02.805211
1,305,305,-0.000895391509,2025-11-18T08:56:02.805211
1,306,306,-0.000895352161,2025-11-18T08:56:02.805211
1,307,307,-0.00089546194,2025-11-18T08:56:02.805211
1,308,308,-0.000895204429,2025-11-18T08:56:02.805211
1,309,309,-0.000895350007,2025-11-18T08:56:02.805211
1,310,310,-0.000895192672,2025-11-18T08:56:02.805211
1,311,311,-0.000895217352,2025-11-18T08:56:02.805211
1,312,312,-0.000895450473,2025-11-18T08:56:02.805211
1,313,313,-0.000895333592,2025-11-18T08:56:02.805211
1,314,314,-0.000895333418,2025-11-18T08:56:02.805211
1,315,315,-0.0008953918,2025-11-18T08:56:02.805211
1,316,316,-0.000895278004,2025-11-18T08:56:02.805211
1,317,317,-0.000895196222,2025-11-18T08:56:02.805211
1,318,318,-0.000895242788,2025-11-18T08:56:02.805211
1,319,319,-0.000895336503,2025-11-18T08:56:02.805211
1,320,320,-0.000895266071,2025-11-18T08:56:02.805211
1,321,321,-0.000895219272,2025-11-18T08:56:02.805211
1,322,322,-0.000895306759,2025-11-18T08:56:02.805211
1,323,323,-0.000895307515,2025-11-18T08:56:02.805211
1,324,324,-0.000895247037,2025-11-18T08:56:02.805211
1,325,325,-0.000895208562,2025-11-18T08:56:02.805211
1,326,326,-0.000895118224,2025-11-18T08:56:02.805211
1,327,327,-0.000895364675,2025-11-18T08:56:02.805211
1,328,328,-0.000895257806,2025-11-18T08:56:02.805211
1,329,329,-0.000895236909,2025-11-18T08:56:02.805211
1,330,330,-0.000895221484,2025-11-18T08:56:02.805211
1,331,331,-0.000895323348,2025-11-18T08:56:02.805211
1,332,332,-0.000895224802,2025-11-18T08:56:02.805211
1,333,333,-0.000895216246,2025-11-18T08:56:02.805211
1,334,334,-0.000895452161,2025-11-18T08:56:02.805211
1,335,335,-0.00089542946,2025-11-18T08:56:02.805211
1,336,336,-0.000895308505,2025-11-18T08:56:02.805211
1,337,337,-0.000895447854,2025-11-18T08:56:02.805211
1,338,338,-0.000895379867,2025-11-18T08:56:02.805211
1,339,339,-0.000895160948,2025-11-18T08:56:02.805211
1,340,340,-0.000895309494,2025-11-18T08:56:02.805211
1,341,341,-0.00089528691,2025-11-18T08:56:02.805211
1,342,342,-0.000895191857,2025-11-18T08:56:02.805211
1,343,343,-0.000895055825,2025-11-18T08:56:02.805211
1,344,344,-0.000895306584,2025-11-18T08:56:02.805211
1,345,345,-0.00089521287,2025-11-18T08:56:02.805211
1,346,346,-0.00089544343,2025-11-18T08:56:02.805211
1,347,347,-0.000895144068,2025-11-18T08:56:02.805211
1,348,348,-0.000895301869,2025-11-18T08:56:02.805211
1,349,349,-0.000895431789,2025-11-18T08:56:02.805211
1,350,350,-0.000895254372,2025-11-18T08:56:02.805211
1,351,351,-0.000895298377,2025-11-18T08:56:02.805211
1,352,352,-0.000895116652,2025-11-18T08:56:02.805211
1,353,353,-0.000895090634,2025-11-18T08:56:02.805211
1,354,354,-0.000895242264,2025-11-18T08:56:02.805211
1,355,355,-0.000895241042,2025-11-18T08:56:02.805211
1,356,356,-0.00089537265,2025-11-18T08:56:02.805211
1,357,357,-0.000895175384,2025-11-18T08:56:02.805211
1,358,358,-0.000895333709,2025-11-18T08:56:02.805211
1,359,359,-0.000895176315,2025-11-18T08:56:02.805211
1,360,360,-0.000895192206,2025-11-18T08:56:02.805211
1,361,361,-0.000895192555,2025-11-18T08:56:02.805211
1,362,362,-0.000895166478,2025-11-18T08:56:02.805211
1,363,363,-0.000895215605,2025-11-18T08:56:02.805211
1,364,364,-0.000895382487,2025-11-18T08:56:02.805211
1,365,365,-0.000895271892,2025-11-18T08:56:02.805211
1,366,366,-0.000895271659,2025-11-18T08:56:02.805211
1,367,367,-0.000895266071,2025-11-18T08:56:02.805211
1,368,368,-0.000895241042,2025-11-18T08:56:02.805211
1,369,369,-0.000895281962,2025-11-18T08:56:02.805211
1,370,370,-0.000895171659,2025-11-18T08:56:02.805211
1,371,371,-0.000895238772,2025-11-18T08:56:02.805211
1,372,372,-0.000895447272,2025-11-18T08:56:02.805211
1,373,373,-0.000895299715,2025-11-18T08:56:02.805211
1,374,374,-0.000895323639,2025-11-18T08:56:02.805211
1,375,375,-0.000895259028,2025-11-18T08:56:02.805211
1,376,376,-0.000895369739,2025-11-18T08:56:02.805211
1,377,377,-0.000895359029,2025-11-18T08:56:02.805211
1,378,378,-0.00089532166,2025-11-18T08:56:02.805211
1,379,379,-0.00089534017,2025-11-18T08:56:02.805211
1,380,380,-0.000895338191,2025-11-18T08:56:02.805211
1,381,381,-0.000895259319,2025-11-18T08:56:02.805211
1,382,382,-0.000895426375,2025-11-18T08:56:02.805211
1,383,383,-0.000895445875,2025-11-18T08:56:02.805211
1,384,384,-0.000895516772,2025-11-18T08:56:02.805211
1,385,385,-0.000895406934,2025-11-18T08:56:02.805211
1,386,386,-0.000895371427,2025-11-18T08:56:02.805211
1,387,387,-0.000895446748,2025-11-18T08:56:02.805211
1,388,388,-0.000895267992,2025-11-18T08:56:02.805211
1,389,389,-0.000895242788,2025-11-18T08:56:02.805211
1,390,390,-0.00089527457,2025-11-18T08:56:02.805211
1,391,391,-0.000895419332,2025-11-18T08:56:02.805211
1,392,392,-0.000895282544,2025-11-18T08:56:02.805211
1,393,393,-0.000895258795,2025-11-18T08:56:02.805211
1,394,394,-0.000895268749,2025-11-18T08:56:02.805211
1,395,395,-0.000895388715,2025-11-18T08:56:02.805211
1,396,396,-0.000895346107,2025-11-18T08:56:02.805211
1,397,397,-0.000895322242,2025-11-18T08:56:02.805211
1,398,398,-0.000895396107,2025-11-18T08:56:02.805211
1,399,399,-0.000895289937,2025-11-18T08:56:02.805211
1,400,400,-0.000895398959,2025-11-18T08:56:02.805211
1,401,401,-0.000895405304,2025-11-18T08:56:02.805211
1,402,402,-0.00089521642,2025-11-18T08:56:02.805211
1,403,403,-0.000895116536,2025-11-18T08:56:02.805211
1,404,404,-0.0008951911,2025-11-18T08:56:02.805211
1,405,405,-0.000895423523,2025-11-18T08:56:02.805211
1,406,406,-0.000895310135,2025-11-18T08:56:02.805211
1,407,407,-0.000895391043,2025-11-18T08:56:02.805211
1,408,408,-0.000895207223,2025-11-18T08:56:02.805211
1,409,409,-0.000895080796,2025-11-18T08:56:02.805211
1,410,410,-0.000895184115,2025-11-18T08:56:02.805211
1,411,411,-0.000895183766,2025-11-18T08:56:02.805211
1,412,412,-0.000895293429,2025-11-18T08:56:02.805211
1,413,413,-0.000895283534,2025-11-18T08:56:02.805211
1,414,414,-0.000895334174,2025-11-18T08:56:02.805211
1,415,415,-0.000895159551,2025-11-18T08:56:02.805211
1,416,416,-0.000895262637,2025-11-18T08:56:02.805211
1,417,417,-0.000895235745,2025-11-18T08:56:02.805211
1,418,418,-0.000895293313,2025-11-18T08:56:02.805211
1,419,419,-0.000895229692,2025-11-18T08:56:02.805211
1,420,420,-0.000895130157,2025-11-18T08:56:02.805211
1,421,421,-0.000895247678,2025-11-18T08:56:02.805211
1,422,422,-0.000895155128,2025-11-18T08:56:02.805211
1,423,423,-0.000895052391,2025-11-18T08:56:02.805211
1,424,424,-0.000895198027,2025-11-18T08:56:02.805211
1,425,425,-0.000895331031,2025-11-18T08:56:02.805211
1,426,426,-0.000895477423,2025-11-18T08:56:02.805211
1,427,427,-0.000895461183,2025-11-18T08:56:02.805211
1,428,428,-0.000895239412,2025-11-18T08:56:02.805211
1,429,429,-0.000895294535,2025-11-18T08:56:02.805211
1,430,430,-0.000895351404,2025-11-18T08:56:02.805211
1,431,431,-0.000895333883,2025-11-18T08:56:02.805211
1,432,432,-0.000895220553,2025-11-18T08:56:02.805211
1,433,433,-0.000895214441,2025-11-18T08:56:02.805211
1,434,434,-0.000895236327,2025-11-18T08:56:02.805211
1,435,435,-0.0008952567,2025-11-18T08:56:02.805211
1,436,436,-0.000895080971,2025-11-18T08:56:02.805211
1,437,437,-0.000895155128,2025-11-18T08:56:02.805211
1,438,438,-0.000895201053,2025-11-18T08:56:02.805211
1,439,439,-0.000895248609,2025-11-18T08:56:02.805211
1,440,440,-0.000895443081,2025-11-18T08:56:02.805211
1,441,441,-0.000895374454,2025-11-18T08:56:02.805211
1,442,442,-0.000895246921,2025-11-18T08:56:02.805211
1,443,443,-0.000895342149,2025-11-18T08:56:02.805211
1,444,444,-0.000895341567,2025-11-18T08:56:02.805211
1,445,445,-0.000895196688,2025-11-18T08:56:02.805211
1,446,446,-0.000895258097,2025-11-18T08:56:02.805211
1,447,447,-0.000895351695,2025-11-18T08:56:02.805211
1,448,448,-0.000895419856,2025-11-18T08:56:02.805211
1,449,449,-0.000895362521,2025-11-18T08:56:02.805211
1,450,450,-0.000895357166,2025-11-18T08:56:02.805211
1,451,451,-0.000895437493,2025-11-18T08:56:02.805211
1,452,452,-0.00089532166,2025-11-18T08:56:02.805211
1,453,453,-0.000895298959,2025-11-18T08:56:02.805211
1,454,454,-0.000895322067,2025-11-18T08:56:02.805211
1,455,455,-0.000895286444,2025-11-18T08:56:02.805211
1,456,456,-0.000895234814,2025-11-18T08:56:02.805211
1,457,457,-0.000895391916,2025-11-18T08:56:02.805211
1,458,458,-0.000895313569,2025-11-18T08:56:02.805211
1,459,459,-0.000895431614,2025-11-18T08:56:02.805211
1,460,460,-0.000895239412,2025-11-18T08:56:02.805211
1,461,461,-0.000895320263,2025-11-18T08:56:02.805211
1,462,462,-0.000895455654,2025-11-18T08:56:02.805211
1,463,463,-0.000895395758,2025-11-18T08:56:02.805211
1,464,464,-0.000895393139,2025-11-18T08:56:02.805211
1,465,465,-0.000895333883,2025-11-18T08:56:02.805211
1,466,466,-0.000895396398,2025-11-18T08:56:02.805211
1,467,467,-0.000895294826,2025-11-18T08:56:02.805211
1,468,468,-0.000895319331,2025-11-18T08:56:02.805211
1,469,469,-0.000895377132,2025-11-18T08:56:02.805211
1,470,470,-0.000895377248,2025-11-18T08:56:02.805211
1,471,471,-0.000895253906,2025-11-18T08:56:02.805211
1,472,472,-0.000895327189,2025-11-18T08:56:02.805211
1,473,473,-0.000895305245,2025-11-18T08:56:02.805211
1,474,474,-0.000895386445,2025-11-18T08:56:02.805211
1,475,475,-0.000895440694,2025-11-18T08:56:02.805211
1,476,476,-0.000895409553,2025-11-18T08:56:02.805211
1,477,477,-0.000895435747,2025-11-18T08:56:02.805211
1,478,478,-0.00089545641,2025-11-18T08:56:02.805211
1,479,479,-0.0008953028,2025-11-18T08:56:02.805211
1,480,480,-0.000895380508,2025-11-18T08:56:02.805211
1,481,481,-0.000895331613,2025-11-18T08:56:02.805211
1,482,482,-0.000895435165,2025-11-18T08:56:02.805211
1,483,483,-0.000895303674,2025-11-18T08:56:02.805211
1,484,484,-0.000895281496,2025-11-18T08:56:02.805211
1,485,485,-0.000895300356,2025-11-18T08:56:02.805211
1,486,486,-0.000895338482,2025-11-18T08:56:02.805211
1,487,487,-0.00089520862,2025-11-18T08:56:02.805211
1,488,488,-0.000895363278,2025-11-18T08:56:02.805211
1,489,489,-0.000895231845,2025-11-18T08:56:02.805211
1,490,490,-0.000895265548,2025-11-18T08:56:02.805211
1,491,491,-0.000895288249,2025-11-18T08:56:02.805211
1,492,492,-0.000895322882,2025-11-18T08:56:02.805211
1,493,493,-0.000895426084,2025-11-18T08:56:02.805211
1,494,494,-0.00089515862,2025-11-18T08:56:02.805211
1,495,495,-0.00089523982,2025-11-18T08:56:02.805211
1,496,496,-0.000895272125,2025-11-18T08:56:02.805211
1,497,497,-0.000895250763,2025-11-18T08:56:02.805211
1,498,498,-0.000895415723,2025-11-18T08:56:02.805211
1,499,499,-0.000895604141,2025-11-18T08:56:02.805211
1,500,500,-0.000895419332,2025-11-18T08:56:02.805211
1,501,501,-0.000895327888,2025-11-18T08:56:02.805211
1,502,502,-0.000895431439,2025-11-18T08:56:02.805211
1,503,503,-0.000895361357,2025-11-18T08:56:02.805211
1,504,504,-0.000895233242,2025-11-18T08:56:02.805211
1,505,505,-0.000895267585,2025-11-18T08:56:02.805211
1,506,506,-0.000895434815,2025-11-18T08:56:02.805211
1,507,507,-0.000895387376,2025-11-18T08:56:02.805211
1,508,508,-0.00089539244,2025-11-18T08:56:02.805211
1,509,509,-0.000895377714,2025-11-18T08:56:02.805211
1,510,510,-0.000895387551,2025-11-18T08:56:02.805211
1,511,511,-0.000895296223,2025-11-18T08:56:02.805211
1,512,512,-0.000895279808,2025-11-18T08:56:02.805211
1,513,513,-0.000895424687,2025-11-18T08:56:02.805211
1,514,514,-0.000895357748,2025-11-18T08:56:02.805211
1,515,515,-0.000895422883,2025-11-18T08:56:02.805211
1,516,516,-0.00089533237,2025-11-18T08:56:02.805211
1,517,517,-0.000895425037,2025-11-18T08:56:02.805211
1,518,518,-0.000895326375,2025-11-18T08:56:02.805211
1,519,519,-0.00089534081,2025-11-18T08:56:02.805211
1,520,520,-0.000895430857,2025-11-18T08:56:02.805211
1,521,521,-0.000895270437,2025-11-18T08:56:02.805211
1,522,522,-0.000895332952,2025-11-18T08:56:02.805211
1,523,523,-0.000895430974,2025-11-18T08:56:02.805211
1,524,524,-0.000895657576,2025-11-18T08:56:02.805211
1,525,525,-0.00089560321,2025-11-18T08:56:02.805211
1,526,526,-0.000895569333,2025-11-18T08:56:02.805211
1,527,527,-0.000895500415,2025-11-18T08:56:02.805211
1,528,528,-0.000895632954,2025-11-18T08:56:02.805211
1,529,529,-0.000895734643,2025-11-18T08:56:02.805211
1,530,530,-0.000895602395,2025-11-18T08:56:02.805211
1,531,531,-0.000895569042,2025-11-18T08:56:02.805211
1,532,532,-0.000895579403,2025-11-18T08:56:02.805211
1,533,533,-0.000895510369,2025-11-18T08:56:02.805211
1,534,534,-0.000895576551,2025-11-18T08:56:02.805211
1,535,535,-0.00089553534,2025-11-18T08:56:02.805211
1,536,536,-0.000895541335,2025-11-18T08:56:02.805211
1,537,537,-0.000895485864,2025-11-18T08:56:02.805211
1,538,538,-0.000895489065,2025-11-18T08:56:02.805211
1,539,539,-0.000895560951,2025-11-18T08:56:02.805211
1,540,540,-0.000895567005,2025-11-18T08:56:02.805211
1,541,541,-0.000895529519,2025-11-18T08:56:02.805211
1,542,542,-0.000895443721,2025-11-18T08:56:02.805211
1,543,543,-0.000895578647,2025-11-18T08:56:02.805211
1,544,544,-0.000895478762,2025-11-18T08:56:02.805211
1,545,545,-0.000895342149,2025-11-18T08:56:02.805211
1,546,546,-0.000895438657,2025-11-18T08:56:02.805211
1,547,547,-0.000895344768,2025-11-18T08:56:02.805211
1,548,548,-0.000895419565,2025-11-18T08:56:02.805211
1,549,549,-0.000895325501,2025-11-18T08:56:02.805211
1,550,550,-0.000895307108,2025-11-18T08:56:02.805211
1,551,551,-0.000895357457,2025-11-18T08:56:02.805211
1,552,552,-0.00089532684,2025-11-18T08:56:02.805211
1,553,553,-0.000895320088,2025-11-18T08:56:02.805211
1,554,554,-0.000895291159,2025-11-18T08:56:02.805211
1,555,555,-0.00089532684,2025-11-18T08:56:02.805211
1,556,556,-0.000895283534,2025-11-18T08:56:02.805211
1,557,557,-0.000895136327,2025-11-18T08:56:02.805211
1,558,558,-0.000895223638,2025-11-18T08:56:02.805211
1,559,559,-0.000895304954,2025-11-18T08:56:02.805211
1,560,560,-0.000895558157,2025-11-18T08:56:02.805211
1,561,561,-0.000895487668,2025-11-18T08:56:02.805211
1,562,562,-0.000895453966,2025-11-18T08:56:02.805211
1,563,563,-0.000895445293,2025-11-18T08:56:02.805211
1,564,564,-0.000895470206,2025-11-18T08:56:02.805211
1,565,565,-0.000895495468,2025-11-18T08:56:02.805211
1,566,566,-0.000895539007,2025-11-18T08:56:02.805211
1,567,567,-0.000895455945,2025-11-18T08:56:02.805211
1,568,568,-0.000895535631,2025-11-18T08:56:02.805211
1,569,569,-0.000895426433,2025-11-18T08:56:02.805211
1,570,570,-0.000895420787,2025-11-18T08:56:02.805211
1,571,571,-0.000895371136,2025-11-18T08:56:02.805211
1,572,572,-0.000895163451,2025-11-18T08:56:02.805211
1,573,573,-0.000895374687,2025-11-18T08:56:02.805211
1,574,574,-0.000895351637,2025-11-18T08:56:02.805211
1,575,575,-0.000895246164,2025-11-18T08:56:02.805211
1,576,576,-0.000895342847,2025-11-18T08:56:02.805211
1,577,577,-0.000895288365,2025-11-18T08:56:02.805211
1,578,578,-0.000895265024,2025-11-18T08:56:02.805211
1,579,579,-0.000895304896,2025-11-18T08:56:02.805211
1,580,580,-0.000895320845,2025-11-18T08:56:02.805211
1,581,581,-0.000895207107,2025-11-18T08:56:02.805211
1,582,582,-0.000895257398,2025-11-18T08:56:02.805211
1,583,583,-0.000895448378,2025-11-18T08:56:02.805211
1,584,584,-0.000895294302,2025-11-18T08:56:02.805211
1,585,585,-0.000895112287,2025-11-18T08:56:02.805211
1,586,586,-0.000895300589,2025-11-18T08:56:02.805211
1,587,587,-0.000895458098,2025-11-18T08:56:02.805211
1,588,588,-0.000895473523,2025-11-18T08:56:02.805211
1,589,589,-0.000895314384,2025-11-18T08:56:02.805211
1,590,590,-0.000895418983,2025-11-18T08:56:02.805211
1,591,591,-0.000895343371,2025-11-18T08:56:02.805211
1,592,592,-0.000895468809,2025-11-18T08:56:02.805211
1,593,593,-0.000895308563,2025-11-18T08:56:02.805211
1,594,594,-0.000895304605,2025-11-18T08:56:02.805211
1,595,595,-0.000895270903,2025-11-18T08:56:02.805211
1,596,596,-0.000895263103,2025-11-18T08:56:02.805211
1,597,597,-0.00089537166,2025-11-18T08:56:02.805211
1,598,598,-0.000895325734,2025-11-18T08:56:02.805211
1,599,599,-0.000895256933,2025-11-18T08:56:02.805211
1,600,600,-0.000895443314,2025-11-18T08:56:02.805211
1,601,601,-0.000895270146,2025-11-18T08:56:02.805211
1,602,602,-0.000895385746,2025-11-18T08:56:02.805211
1,603,603,-0.000895435863,2025-11-18T08:56:02.805211
1,604,604,-0.000895395991,2025-11-18T08:56:02.805211
1,605,605,-0.000895437202,2025-11-18T08:56:02.805211
1,606,606,-0.000895444129,2025-11-18T08:56:02.805211
1,607,607,-0.000895427539,2025-11-18T08:56:02.805211
1,608,608,-0.000895367062,2025-11-18T08:56:02.805211
1,609,609,-0.000895312696,2025-11-18T08:56:02.805211
1,610,610,-0.000895213859,2025-11-18T08:56:02.805211
1,611,611,-0.000895281555,2025-11-18T08:56:02.805211
1,612,612,-0.000895199191,2025-11-18T08:56:02.805211
1,613,613,-0.000895109726,2025-11-18T08:56:02.805211
1,614,614,-0.000895163509,2025-11-18T08:56:02.805211
1,615,615,-0.000895201636,2025-11-18T08:56:02.805211
1,616,616,-0.000895310891,2025-11-18T08:56:02.805211
1,617,617,-0.000895280332,2025-11-18T08:56:02.805211
1,618,618,-0.0008952333,2025-11-18T08:56:02.805211
1,619,619,-0.000895351113,2025-11-18T08:56:02.805211
1,620,620,-0.00089522259,2025-11-18T08:56:02.805211
1,621,621,-0.000895127304,2025-11-18T08:56:02.805211
1,622,622,-0.000895310426,2025-11-18T08:56:02.805211
1,623,623,-0.00089515309,2025-11-18T08:56:02.805211
1,624,624,-0.000895173579,2025-11-18T08:56:02.805211
1,625,625,-0.000895318633,2025-11-18T08:56:02.805211
1,626,626,-0.0008953418,2025-11-18T08:56:02.805211
1,627,627,-0.000895094417,2025-11-18T08:56:02.805211
1,628,628,-0.000895228295,2025-11-18T08:56:02.805211
1,629,629,-0.000895191973,2025-11-18T08:56:02.805211
1,630,630,-0.000895276432,2025-11-18T08:56:02.805211
1,631,631,-0.000895370088,2025-11-18T08:56:02.805211
1,632,632,-0.000895273056,2025-11-18T08:56:02.805211
1,633,633,-0.000895341974,2025-11-18T08:56:02.805211
1,634,634,-0.000895358913,2025-11-18T08:56:02.805211
1,635,635,-0.000895012111,2025-11-18T08:56:02.805211
1,636,636,-0.000895104254,2025-11-18T08:56:02.805211
1,637,637,-0.000895211589,2025-11-18T08:56:02.805211
1,638,638,-0.000895275734,2025-11-18T08:56:02.805211
1,639,639,-0.000895351869,2025-11-18T08:56:02.805211
1,640,640,-0.000895242963,2025-11-18T08:56:02.805211
1,641,641,-0.000895299832,2025-11-18T08:56:02.805211
1,642,642,-0.000895402801,2025-11-18T08:56:02.805211
1,643,643,-0.000895403965,2025-11-18T08:56:02.805211
1,644,644,-0.000895375909,2025-11-18T08:56:02.805211
1,645,645,-0.000895308563,2025-11-18T08:56:02.805211
1,646,646,-0.000895501114,2025-11-18T08:56:02.805211
1,647,647,-0.000895293662,2025-11-18T08:56:02.805211
1,648,648,-0.000895364442,2025-11-18T08:56:02.805211
1,649,649,-0.000895371544,2025-11-18T08:56:02.805211
1,650,650,-0.000895366887,2025-11-18T08:56:02.805211
1,651,651,-0.00089532847,2025-11-18T08:56:02.805211
1,652,652,-0.000895222183,2025-11-18T08:56:02.805211
1,653,653,-0.000895385805,2025-11-18T08:56:02.805211
1,654,654,-0.000895419914,2025-11-18T08:56:02.805211
1,655,655,-0.000895310891,2025-11-18T08:56:02.805211
1,656,656,-0.000895307515,2025-11-18T08:56:02.805211
1,657,657,-0.000895430217,2025-11-18T08:56:02.805211
1,658,658,-0.000895411649,2025-11-18T08:56:02.805211
1,659,659,-0.000895432021,2025-11-18T08:56:02.805211
1,660,660,-0.000895352335,2025-11-18T08:56:02.805211
1,661,661,-0.00089540123,2025-11-18T08:56:02.805211
1,662,662,-0.000895401404,2025-11-18T08:56:02.805211
1,663,663,-0.000895384233,2025-11-18T08:56:02.805211
1,664,664,-0.000895377364,2025-11-18T08:56:02.805211
1,665,665,-0.000895295816,2025-11-18T08:56:02.805211
1,666,666,-0.000895382254,2025-11-18T08:56:02.805211
1,667,667,-0.000895251985,2025-11-18T08:56:02.805211
1,668,668,-0.000895269506,2025-11-18T08:56:02.805211
1,669,669,-0.000895290926,2025-11-18T08:56:02.805211
1,670,670,-0.000895309669,2025-11-18T08:56:02.805211
1,671,671,-0.00089526287,2025-11-18T08:56:02.805211
1,672,672,-0.000895308388,2025-11-18T08:56:02.805211
1,673,673,-0.000894898956,2025-11-18T08:56:02.805211
1,674,674,-0.000895242672,2025-11-18T08:56:02.805211
1,675,675,-0.000895227654,2025-11-18T08:56:02.805211
1,676,676,-0.000895242381,2025-11-18T08:56:02.805211
1,677,677,-0.000895232718,2025-11-18T08:56:02.805211
1,678,678,-0.000895378703,2025-11-18T08:56:02.805211
1,679,679,-0.000895392673,2025-11-18T08:56:02.805211
1,680,680,-0.000895428005,2025-11-18T08:56:02.805211
1,681,681,-0.000895138655,2025-11-18T08:56:02.805211
1,682,682,-0.000895136792,2025-11-18T08:56:02.805211
1,683,683,-0.000895284698,2025-11-18T08:56:02.805211
1,684,684,-0.000895367178,2025-11-18T08:56:02.805211
1,685,685,-0.000895073986,2025-11-18T08:56:02.805211
1,686,686,-0.000895135162,2025-11-18T08:56:02.805211
1,687,687,-0.000895208388,2025-11-18T08:56:02.805211
1,688,688,-0.000895222299,2025-11-18T08:56:02.805211
1,689,689,-0.000895291566,2025-11-18T08:56:02.805211
1,690,690,-0.00089521677,2025-11-18T08:56:02.805211
1,691,691,-0.000895220669,2025-11-18T08:56:02.805211
1,692,692,-0.00089544215,2025-11-18T08:56:02.805211
1,693,693,-0.000895265489,2025-11-18T08:56:02.805211
1,694,694,-0.000895200297,2025-11-18T08:56:02.805211
1,695,695,-0.000895284232,2025-11-18T08:56:02.805211
1,696,696,-0.000895389937,2025-11-18T08:56:02.805211
1,697,697,-0.000895387609,2025-11-18T08:56:02.805211
1,698,698,-0.000895388831,2025-11-18T08:56:02.805211
1,699,699,-0.000895337667,2025-11-18T08:56:02.805211
1,700,700,-0.000895203032,2025-11-18T08:56:02.805211
1,701,701,-0.000895176781,2025-11-18T08:56:02.805211
1,702,702,-0.000895264325,2025-11-18T08:56:02.805211
1,703,703,-0.000895250239,2025-11-18T08:56:02.805211
1,704,704,-0.00089523592,2025-11-18T08:56:02.805211
1,705,705,-0.00089505047,2025-11-18T08:56:02.805211
1,706,706,-0.000895048608,2025-11-18T08:56:02.805211
1,707,707,-0.000895081844,2025-11-18T08:56:02.805211
1,708,708,-0.000895026721,2025-11-18T08:56:02.805211
1,709,709,-0.000895135803,2025-11-18T08:56:02.805211
1,710,710,-0.000895142031,2025-11-18T08:56:02.805211
1,711,711,-0.00089526351,2025-11-18T08:56:02.805211
1,712,712,-0.000895262637,2025-11-18T08:56:02.805211
1,713,713,-0.000895239121,2025-11-18T08:56:02.805211
1,714,714,-0.000895203615,2025-11-18T08:56:02.805211
1,715,715,-0.000895294419,2025-11-18T08:56:02.805211
1,716,716,-0.000895305827,2025-11-18T08:56:02.805211
1,717,717,-0.000895177538,2025-11-18T08:56:02.805211
1,718,718,-0.000895302917,2025-11-18T08:56:02.805211
1,719,719,-0.000895329983,2025-11-18T08:56:02.805211
1,720,720,-0.000895356934,2025-11-18T08:56:02.805211
1,721,721,-0.000895254896,2025-11-18T08:56:02.805211
1,722,722,-0.000895529112,2025-11-18T08:56:02.805211
1,723,723,-0.000895576027,2025-11-18T08:56:02.805211
1,724,724,-0.000895349134,2025-11-18T08:56:02.805211
1,725,725,-0.000895237433,2025-11-18T08:56:02.805211
1,726,726,-0.000895241799,2025-11-18T08:56:02.805211
1,727,727,-0.000895328004,2025-11-18T08:56:02.805211
1,728,728,-0.000895291857,2025-11-18T08:56:02.805211
1,729,729,-0.000895228702,2025-11-18T08:56:02.805211
1,730,730,-0.000895237666,2025-11-18T08:56:02.805211
1,731,731,-0.000895499542,2025-11-18T08:56:02.805211
1,732,732,-0.000895311648,2025-11-18T08:56:02.805211
1,733,733,-0.000895339937,2025-11-18T08:56:02.805211
1,734,734,-0.000895276665,2025-11-18T08:56:02.805211
1,735,735,-0.000895242032,2025-11-18T08:56:02.805211
1,736,736,-0.000895219214,2025-11-18T08:56:02.805211
1,737,737,-0.000895213743,2025-11-18T08:56:02.805211
1,738,738,-0.000895018165,2025-11-18T08:56:02.805211
1,739,739,-0.00089515798,2025-11-18T08:56:02.805211
1,740,740,-0.000895233359,2025-11-18T08:56:02.805211
1,741,741,-0.000895210076,2025-11-18T08:56:02.805211
1,742,742,-0.000895217759,2025-11-18T08:56:02.805211
1,743,743,-0.000895126606,2025-11-18T08:56:02.805211
1,744,744,-0.000895373523,2025-11-18T08:56:02.805211
1,745,745,-0.000895519042,2025-11-18T08:56:02.805211
1,746,746,-0.000895864563,2025-11-18T08:56:02.805211
1,747,747,-0.000895709439,2025-11-18T08:56:02.805211
1,748,748,-0.000895799486,2025-11-18T08:56:02.805211
1,749,749,-0.000895768986,2025-11-18T08:56:02.805211
1,750,750,-0.000895625329,2025-11-18T08:56:02.805211
1,751,751,-0.00089576462,2025-11-18T08:56:02.805211
1,752,752,-0.000895783072,2025-11-18T08:56:02.805211
1,753,753,-0.000895691511,2025-11-18T08:56:02.805211
1,754,754,-0.000895846111,2025-11-18T08:56:02.805211
1,755,755,-0.000895689241,2025-11-18T08:56:02.805211
1,756,756,-0.000895546283,2025-11-18T08:56:02.805211
1,757,757,-0.000895666715,2025-11-18T08:56:02.805211
1,758,758,-0.000895783421,2025-11-18T08:56:02.805211
1,759,759,-0.000895787903,2025-11-18T08:56:02.805211
1,760,760,-0.000895770208,2025-11-18T08:56:02.805211
1,761,761,-0.000895725563,2025-11-18T08:56:02.805211
1,762,762,-0.00089579419,2025-11-18T08:56:02.805211
1,763,763,-0.000895712233,2025-11-18T08:56:02.805211
1,764,764,-0.000895805947,2025-11-18T08:56:02.805211
1,765,765,-0.000895732257,2025-11-18T08:56:02.805211
1,766,766,-0.000895767007,2025-11-18T08:56:02.805211
1,767,767,-0.00089556165,2025-11-18T08:56:02.805211
1,768,768,-0.000895662873,2025-11-18T08:56:02.805211
1,769,769,-0.000895644654,2025-11-18T08:56:02.805211
1,770,770,-0.000895789999,2025-11-18T08:56:02.805211
1,771,771,-0.000895687378,2025-11-18T08:56:02.805211
1,772,772,-0.000895703735,2025-11-18T08:56:02.805211
1,773,773,-0.000895583012,2025-11-18T08:56:02.805211
1,774,774,-0.000895651115,2025-11-18T08:56:02.805211
1,775,775,-0.000895766133,2025-11-18T08:56:02.805211
1,776,776,-0.000895658857,2025-11-18T08:56:02.805211
1,777,777,-0.00089562009,2025-11-18T08:56:02.805211
1,778,778,-0.000895637436,2025-11-18T08:56:02.805211
1,779,779,-0.000895611825,2025-11-18T08:56:02.805211
1,780,780,-0.000895703444,2025-11-18T08:56:02.805211
1,781,781,-0.000895670789,2025-11-18T08:56:02.805211
1,782,782,-0.00089557172,2025-11-18T08:56:02.805211
1,783,783,-0.000895555363,2025-11-18T08:56:02.805211
1,784,784,-0.000895632954,2025-11-18T08:56:02.805211
1,785,785,-0.00089580391,2025-11-18T08:56:02.805211
1,786,786,-0.000895679113,2025-11-18T08:56:02.805211
1,787,787,-0.000895638775,2025-11-18T08:56:02.805211
1,788,788,-0.000895656703,2025-11-18T08:56:02.805211
1,789,789,-0.00089550449,2025-11-18T08:56:02.805211
1,790,790,-0.00089561328,2025-11-18T08:56:02.805211
1,791,791,-0.000895605073,2025-11-18T08:56:02.805211
1,792,792,-0.000895548437,2025-11-18T08:56:02.805211
1,793,793,-0.000895672244,2025-11-18T08:56:02.805211
1,794,794,-0.000895684817,2025-11-18T08:56:02.805211
1,795,795,-0.000895684352,2025-11-18T08:56:02.805211
1,796,796,-0.00089567207,2025-11-18T08:56:02.805211
1,797,797,-0.000895820674,2025-11-18T08:56:02.805211
1,798,798,-0.000895725679,2025-11-18T08:56:02.805211
1,799,799,-0.000895605131,2025-11-18T08:56:02.805211
1,800,800,-0.000895703444,2025-11-18T08:56:02.805211
1,801,801,-0.00089574448,2025-11-18T08:56:02.805211
1,802,802,-0.000895579345,2025-11-18T08:56:02.805211
1,803,803,-0.000895685108,2025-11-18T08:56:02.805211
1,804,804,-0.000895698845,2025-11-18T08:56:02.805211
1,805,805,-0.00089568051,2025-11-18T08:56:02.805211
1,806,806,-0.000895526551,2025-11-18T08:56:02.805211
1,807,807,-0.000895687669,2025-11-18T08:56:02.805211
1,808,808,-0.000895645702,2025-11-18T08:56:02.805211
1,809,809,-0.000895643141,2025-11-18T08:56:02.805211
1,810,810,-0.000895685981,2025-11-18T08:56:02.805211
1,811,811,-0.000895718054,2025-11-18T08:56:02.805211
1,812,812,-0.000895695469,2025-11-18T08:56:02.805211
1,813,813,-0.000895792734,2025-11-18T08:56:02.805211
1,814,814,-0.000895595643,2025-11-18T08:56:02.805211
1,815,815,-0.000895667122,2025-11-18T08:56:02.805211
1,816,816,-0.000895838718,2025-11-18T08:56:02.805211
1,817,817,-0.000895615201,2025-11-18T08:56:02.805211
1,818,818,-0.000895724573,2025-11-18T08:56:02.805211
1,819,819,-0.000895742559,2025-11-18T08:56:02.805211
1,820,820,-0.000895656878,2025-11-18T08:56:02.805211
1,821,821,-0.000895817414,2025-11-18T08:56:02.805211
1,822,822,-0.000895659031,2025-11-18T08:56:02.805211
1,823,823,-0.000895638659,2025-11-18T08:56:02.805211
1,824,824,-0.000895736564,2025-11-18T08:56:02.805211
1,825,825,-0.000895704084,2025-11-18T08:56:02.805211
1,826,826,-0.000895822013,2025-11-18T08:56:02.805211
1,827,827,-0.000895745877,2025-11-18T08:56:02.805211
1,828,828,-0.00089594227,2025-11-18T08:56:02.805211
1,829,829,-0.000895850476,2025-11-18T08:56:02.805211
1,830,830,-0.000895722419,2025-11-18T08:56:02.805211
1,831,831,-0.000895923585,2025-11-18T08:56:02.805211
1,832,832,-0.00089583639,2025-11-18T08:56:02.805211
1,833,833,-0.000895810197,2025-11-18T08:56:02.805211
1,834,834,-0.000895798439,2025-11-18T08:56:02.805211
1,835,835,-0.000895925448,2025-11-18T08:56:02.805211
1,836,836,-0.000895720615,2025-11-18T08:56:02.805211
1,837,837,-0.000895569741,2025-11-18T08:56:02.805211
1,838,838,-0.000895636097,2025-11-18T08:56:02.805211
1,839,839,-0.000895690289,2025-11-18T08:56:02.805211
1,840,840,-0.000895666831,2025-11-18T08:56:02.805211
1,841,841,-0.000895587494,2025-11-18T08:56:02.805211
1,842,842,-0.00089567952,2025-11-18T08:56:02.805211
1,843,843,-0.000895608507,2025-11-18T08:56:02.805211
1,844,844,-0.000895694596,2025-11-18T08:56:02.805211
1,845,845,-0.000895766424,2025-11-18T08:56:02.805211
1,846,846,-0.000895712815,2025-11-18T08:56:02.805211
1,847,847,-0.000895654782,2025-11-18T08:56:02.805211
1,848,848,-0.000895691686,2025-11-18T08:56:02.805211
1,849,849,-0.000895766133,2025-11-18T08:56:02.805211
1,850,850,-0.000895738252,2025-11-18T08:56:02.805211
1,851,851,-0.00089555548,2025-11-18T08:56:02.805211
1,852,852,-0.000895772362,2025-11-18T08:56:02.805211
1,853,853,-0.000895648438,2025-11-18T08:56:02.805211
1,854,854,-0.000895602628,2025-11-18T08:56:02.805211
1,855,855,-0.000895623932,2025-11-18T08:56:02.805211
1,856,856,-0.000895670789,2025-11-18T08:56:02.805211
1,857,857,-0.000895651697,2025-11-18T08:56:02.805211
1,858,858,-0.000895711011,2025-11-18T08:56:02.805211
1,859,859,-0.000895670556,2025-11-18T08:56:02.805211
1,860,860,-0.000895720499,2025-11-18T08:56:02.805211
1,861,861,-0.000895685399,2025-11-18T08:56:02.805211
1,862,862,-0.00089567498,2025-11-18T08:56:02.805211
1,863,863,-0.00089565583,2025-11-18T08:56:02.805211
1,864,864,-0.000895830919,2025-11-18T08:56:02.805211
1,865,865,-0.000895854085,2025-11-18T08:56:02.805211
1,866,866,-0.000895790581,2025-11-18T08:56:02.805211
1,867,867,-0.000895727076,2025-11-18T08:56:02.805211
1,868,868,-0.000895770732,2025-11-18T08:56:02.805211
1,869,869,-0.000895653851,2025-11-18T08:56:02.805211
1,870,870,-0.000895803794,2025-11-18T08:56:02.805211
1,871,871,-0.000895687495,2025-11-18T08:56:02.805211
1,872,872,-0.000895782548,2025-11-18T08:56:02.805211
1,873,873,-0.000895784818,2025-11-18T08:56:02.805211
1,874,874,-0.000895771139,2025-11-18T08:56:02.805211
1,875,875,-0.000895805191,2025-11-18T08:56:02.805211
1,876,876,-0.000895801,2025-11-18T08:56:02.805211
1,877,877,-0.000895939359,2025-11-18T08:56:02.805211
1,878,878,-0.000895793666,2025-11-18T08:56:02.805211
1,879,879,-0.000895691337,2025-11-18T08:56:02.805211
1,880,880,-0.000895757693,2025-11-18T08:56:02.805211
1,881,881,-0.000895717064,2025-11-18T08:56:02.805211
1,882,882,-0.000895860663,2025-11-18T08:56:02.805211
1,883,883,-0.000895856355,2025-11-18T08:56:02.805211
1,884,884,-0.000895718578,2025-11-18T08:56:02.805211
1,885,885,-0.000895861827,2025-11-18T08:56:02.805211
1,886,886,-0.000895693781,2025-11-18T08:56:02.805211
1,887,887,-0.000895806122,2025-11-18T08:56:02.805211
1,888,888,-0.000895733595,2025-11-18T08:56:02.805211
1,889,889,-0.000895749079,2025-11-18T08:56:02.805211
1,890,890,-0.000895815435,2025-11-18T08:56:02.805211
1,891,891,-0.000895642384,2025-11-18T08:56:02.805211
1,892,892,-0.000895783887,2025-11-18T08:56:02.805211
1,893,893,-0.000895681907,2025-11-18T08:56:02.805211
1,894,894,-0.000895645294,2025-11-18T08:56:02.805211
1,895,895,-0.000895734061,2025-11-18T08:56:02.805211
1,896,896,-0.000895754899,2025-11-18T08:56:02.805211
1,897,897,-0.000895820208,2025-11-18T08:56:02.805211
1,898,898,-0.000895754492,2025-11-18T08:56:02.805211
1,899,899,-0.000895699136,2025-11-18T08:56:02.805211
1,900,900,-0.000895638251,2025-11-18T08:56:02.805211
1,901,901,-0.000895700359,2025-11-18T08:56:02.805211
1,902,902,-0.000895749428,2025-11-18T08:56:02.805211
1,903,903,-0.00089580944,2025-11-18T08:56:02.805211
1,904,904,-0.000895886973,2025-11-18T08:56:02.805211
1,905,905,-0.000895805656,2025-11-18T08:56:02.805211
1,906,906,-0.00089579611,2025-11-18T08:56:02.805211
1,907,907,-0.000895809731,2025-11-18T08:56:02.805211
1,908,908,-0.000895845587,2025-11-18T08:56:02.805211
1,909,909,-0.000895808858,2025-11-18T08:56:02.805211
1,910,910,-0.000895670382,2025-11-18T08:56:02.805211
1,911,911,-0.00089563342,2025-11-18T08:56:02.805211
1,912,912,-0.00089569611,2025-11-18T08:56:02.805211
1,913,913,-0.000895674165,2025-11-18T08:56:02.805211
1,914,914,-0.000895646982,2025-11-18T08:56:02.805211
1,915,915,-0.000895765842,2025-11-18T08:56:02.805211
1,916,916,-0.000895724282,2025-11-18T08:56:02.805211
1,917,917,-0.000895826146,2025-11-18T08:56:02.805211
1,918,918,-0.00089568505,2025-11-18T08:56:02.805211
1,919,919,-0.000895718636,2025-11-18T08:56:02.805211
1,920,920,-0.000895698263,2025-11-18T08:56:02.805211
1,921,921,-0.00089586433,2025-11-18T08:56:02.805211
1,922,922,-0.000895744946,2025-11-18T08:56:02.805211
1,923,923,-0.000895862816,2025-11-18T08:56:02.805211
1,924,924,-0.000895852805,2025-11-18T08:56:02.805211
1,925,925,-0.000895701174,2025-11-18T08:56:02.805211
1,926,926,-0.00089602929,2025-11-18T08:56:02.805211
1,927,927,-0.000895678182,2025-11-18T08:56:02.805211
1,928,928,-0.00089567143,2025-11-18T08:56:02.805211
1,929,929,-0.000895477074,2025-11-18T08:56:02.805211
1,930,930,-0.000895657634,2025-11-18T08:56:02.805211
1,931,931,-0.000895856064,2025-11-18T08:56:02.805211
1,932,932,-0.000895659381,2025-11-18T08:56:02.805211
1,933,933,-0.000895714678,2025-11-18T08:56:02.805211
1,934,934,-0.000895587319,2025-11-18T08:56:02.805211
1,935,935,-0.000895673758,2025-11-18T08:56:02.805211
1,936,936,-0.000895673874,2025-11-18T08:56:02.805211
1,937,937,-0.000895653676,2025-11-18T08:56:02.805211
1,938,938,-0.000895671313,2025-11-18T08:56:02.805211
1,939,939,-0.000895560719,2025-11-18T08:56:02.805211
1,940,940,-0.000895663048,2025-11-18T08:56:02.805211
1,941,941,-0.00089560647,2025-11-18T08:56:02.805211
1,942,942,-0.000895589648,2025-11-18T08:56:02.805211
1,943,943,-0.000895538018,2025-11-18T08:56:02.805211
1,944,944,-0.000895557284,2025-11-18T08:56:02.805211
1,945,945,-0.000895642151,2025-11-18T08:56:02.805211
1,946,946,-0.000895578181,2025-11-18T08:56:02.805211
1,947,947,-0.000895662291,2025-11-18T08:56:02.805211
1,948,948,-0.000895509845,2025-11-18T08:56:02.805211
1,949,949,-0.000895558507,2025-11-18T08:56:02.805211
1,950,950,-0.000895523582,2025-11-18T08:56:02.805211
1,951,951,-0.000895522069,2025-11-18T08:56:02.805211
1,952,952,-0.000895310076,2025-11-18T08:56:02.805211
1,953,953,-0.000895546865,2025-11-18T08:56:02.805211
1,954,954,-0.00089551229,2025-11-18T08:56:02.805211
1,955,955,-0.000895533012,2025-11-18T08:56:02.805211
1,956,956,-0.000895593664,2025-11-18T08:56:02.805211
1,957,957,-0.000895879114,2025-11-18T08:56:02.805211
1,958,958,-0.000895703269,2025-11-18T08:56:02.805211
1,959,959,-0.000895719102,2025-11-18T08:56:02.805211
1,960,960,-0.000895665492,2025-11-18T08:56:02.805211
1,961,961,-0.000895596982,2025-11-18T08:56:02.805211
1,962,962,-0.000895589182,2025-11-18T08:56:02.805211
1,963,963,-0.000895622419,2025-11-18T08:56:02.805211
1,964,964,-0.00089563732,2025-11-18T08:56:02.805211
1,965,965,-0.000895647273,2025-11-18T08:56:02.805211
1,966,966,-0.000895523815,2025-11-18T08:56:02.805211
1,967,967,-0.000895615259,2025-11-18T08:56:02.805211
1,968,968,-0.000895664968,2025-11-18T08:56:02.805211
1,969,969,-0.000895672012,2025-11-18T08:56:02.805211
1,970,970,-0.000895714154,2025-11-18T08:56:02.805211
1,971,971,-0.000895666715,2025-11-18T08:56:02.805211
1,972,972,-0.000895708333,2025-11-18T08:56:02.805211
1,973,973,-0.00089564966,2025-11-18T08:56:02.805211
1,974,974,-0.000895592558,2025-11-18T08:56:02.805211
1,975,975,-0.000895634526,2025-11-18T08:56:02.805211
1,976,976,-0.000895502627,2025-11-18T08:56:02.805211
1,977,977,-0.000895598961,2025-11-18T08:56:02.805211
1,978,978,-0.00089556945,2025-11-18T08:56:02.805211
1,979,979,-0.000895570206,2025-11-18T08:56:02.805211
1,980,980,-0.000895643839,2025-11-18T08:56:02.805211
1,981,981,-0.000895735749,2025-11-18T08:56:02.805211
1,982,982,-0.000895788602,2025-11-18T08:56:02.805211
1,983,983,-0.000895696866,2025-11-18T08:56:02.805211
1,984,984,-0.000895928475,2025-11-18T08:56:02.805211
1,985,985,-0.000895807635,2025-11-18T08:56:02.805211
1,986,986,-0.000895789533,2025-11-18T08:56:02.805211
1,987,987,-0.000895805656,2025-11-18T08:56:02.805211
1,988,988,-0.000895743432,2025-11-18T08:56:02.805211
1,989,989,-0.000895786157,2025-11-18T08:56:02.805211
1,990,990,-0.000895682431,2025-11-18T08:56:02.805211
1,991,991,-0.000895607459,2025-11-18T08:56:02.805211
1,992,992,-0.000895669101,2025-11-18T08:56:02.805211
1,993,993,-0.000895670498,2025-11-18T08:56:02.805211
1,994,994,-0.000895684934,2025-11-18T08:56:02.805211
1,995,995,-0.000895699486,2025-11-18T08:56:02.805211
1,996,996,-0.000895846576,2025-11-18T08:56:02.805211
1,997,997,-0.000895940465,2025-11-18T08:56:02.805211
1,998,998,-0.000895800883,2025-11-18T08:56:02.805211
1,999,999,-0.00089567562,2025-11-18T08:56:02.805211
1,1000,1000,-0.000895649252,2025-11-18T08:56:02.805211
2,1,1001,-0.000895795063,2025-11-18T08:56:21.576558
2,2,1002,-0.000895793025,2025-11-18T08:56:21.576558
2,3,1003,-0.000895718636,2025-11-18T08:56:21.576558
2,4,1004,-0.000895822828,2025-11-18T08:56:21.576558
2,5,1005,-0.000895813573,2025-11-18T08:56:21.576558
2,6,1006,-0.00089575228,2025-11-18T08:56:21.576558
2,7,1007,-0.000895634642,2025-11-18T08:56:21.576558
2,8,1008,-0.000895605771,2025-11-18T08:56:21.576558
2,9,1009,-0.000895832024,2025-11-18T08:56:21.576558
2,10,1010,-0.000895751523,2025-11-18T08:56:21.576558
2,11,1011,-0.000895629578,2025-11-18T08:56:21.576558
2,12,1012,-0.000895680219,2025-11-18T08:56:21.576558
2,13,1013,-0.000895561301,2025-11-18T08:56:21.576558
2,14,1014,-0.000895732082,2025-11-18T08:56:21.576558
2,15,1015,-0.000895654316,2025-11-18T08:56:21.576558
2,16,1016,-0.00089574157,2025-11-18T08:56:21.576558
2,17,1017,-0.000895862176,2025-11-18T08:56:21.576558
2,18,1018,-0.000895803503,2025-11-18T08:56:21.576558
2,19,1019,-0.000895778241,2025-11-18T08:56:21.576558
2,20,1020,-0.000895853387,2025-11-18T08:56:21.576558
2,21,1021,-0.000895936333,2025-11-18T08:56:21.576558
2,22,1022,-0.000895883189,2025-11-18T08:56:21.576558
2,23,1023,-0.000895843491,2025-11-18T08:56:21.576558
2,24,1024,-0.000895703735,2025-11-18T08:56:21.576558
2,25,1025,-0.000895803794,2025-11-18T08:56:21.576558
2,26,1026,-0.000895837496,2025-11-18T08:56:21.576558
2,27,1027,-0.000895819277,2025-11-18T08:56:21.576558
2,28,1028,-0.000895831559,2025-11-18T08:56:21.576558
2,29,1029,-0.000895762874,2025-11-18T08:56:21.576558
2,30,1030,-0.000895731151,2025-11-18T08:56:21.576558
2,31,1031,-0.000895813631,2025-11-18T08:56:21.576558
2,32,1032,-0.000895651872,2025-11-18T08:56:21.576558
2,33,1033,-0.000895746459,2025-11-18T08:56:21.576558
2,34,1034,-0.000895783072,2025-11-18T08:56:21.576558
2,35,1035,-0.00089575129,2025-11-18T08:56:21.576558
2,36,1036,-0.000895652279,2025-11-18T08:56:21.576558
2,37,1037,-0.000895583187,2025-11-18T08:56:21.576558
2,38,1038,-0.00089568051,2025-11-18T08:56:21.576558
2,39,1039,-0.000895660836,2025-11-18T08:56:21.576558
2,40,1040,-0.000895623175,2025-11-18T08:56:21.576558
2,41,1041,-0.000895641103,2025-11-18T08:56:21.576558
2,42,1042,-0.000895655655,2025-11-18T08:56:21.576558
2,43,1043,-0.000895733304,2025-11-18T08:56:21.576558
2,44,1044,-0.000895847566,2025-11-18T08:56:21.576558
2,45,1045,-0.000895799952,2025-11-18T08:56:21.576558
2,46,1046,-0.00089578086,2025-11-18T08:56:21.576558
2,47,1047,-0.000895734061,2025-11-18T08:56:21.576558
2,48,1048,-0.000895937089,2025-11-18T08:56:21.576558
2,49,1049,-0.000895790813,2025-11-18T08:56:21.576558
2,50,1050,-0.000895814213,2025-11-18T08:56:21.576558
2,51,1051,-0.000895838369,2025-11-18T08:56:21.576558
2,52,1052,-0.000895843957,2025-11-18T08:56:21.576558
2,53,1053,-0.000895756471,2025-11-18T08:56:21.576558
2,54,1054,-0.000895786681,2025-11-18T08:56:21.576558
2,55,1055,-0.000895867822,2025-11-18T08:56:21.576558
2,56,1056,-0.000895656121,2025-11-18T08:56:21.576558
2,57,1057,-0.000895747391,2025-11-18T08:56:21.576558
2,58,1058,-0.000895691628,2025-11-18T08:56:21.576558
2,59,1059,-0.000895681674,2025-11-18T08:56:21.576558
2,60,1060,-0.000895709439,2025-11-18T08:56:21.576558
2,61,1061,-0.000895735342,2025-11-18T08:56:21.576558
2,62,1062,-0.00089567952,2025-11-18T08:56:21.576558
2,63,1063,-0.000895569624,2025-11-18T08:56:21.576558
2,64,1064,-0.000895689707,2025-11-18T08:56:21.576558
2,65,1065,-0.000895768112,2025-11-18T08:56:21.576558
2,66,1066,-0.000895589531,2025-11-18T08:56:21.576558
2,67,1067,-0.000895627657,2025-11-18T08:56:21.576558
2,68,1068,-0.000895786681,2025-11-18T08:56:21.576558
2,69,1069,-0.000895704375,2025-11-18T08:56:21.576558
2,70,1070,-0.000895683537,2025-11-18T08:56:21.576558
2,71,1071,-0.000895732897,2025-11-18T08:56:21.576558
2,72,1072,-0.000895714212,2025-11-18T08:56:21.576558
2,73,1073,-0.00089583412,2025-11-18T08:56:21.576558
2,74,1074,-0.000895809149,2025-11-18T08:56:21.576558
2,75,1075,-0.000895752804,2025-11-18T08:56:21.576558
2,76,1076,-0.000895796401,2025-11-18T08:56:21.576558
2,77,1077,-0.0008957237,2025-11-18T08:56:21.576558
2,78,1078,-0.000895820907,2025-11-18T08:56:21.576558
2,79,1079,-0.000895813631,2025-11-18T08:56:21.576558
2,80,1080,-0.000895603094,2025-11-18T08:56:21.576558
2,81,1081,-0.000895700883,2025-11-18T08:56:21.576558
2,82,1082,-0.000895682896,2025-11-18T08:56:21.576558
2,83,1083,-0.000895765202,2025-11-18T08:56:21.576558
2,84,1084,-0.000895791221,2025-11-18T08:56:21.576558
2,85,1085,-0.000895636563,2025-11-18T08:56:21.576558
2,86,1086,-0.000895788485,2025-11-18T08:56:21.576558
2,87,1087,-0.00089564803,2025-11-18T08:56:21.576558
2,88,1088,-0.000895777484,2025-11-18T08:56:21.576558
2,89,1089,-0.000895701581,2025-11-18T08:56:21.576558
2,90,1090,-0.000895568518,2025-11-18T08:56:21.576558
2,91,1091,-0.000895698729,2025-11-18T08:56:21.576558
2,92,1092,-0.000895617937,2025-11-18T08:56:21.576558
2,93,1093,-0.000895702687,2025-11-18T08:56:21.576558
2,94,1094,-0.000895711302,2025-11-18T08:56:21.576558
2,95,1095,-0.000895727775,2025-11-18T08:56:21.576558
2,96,1096,-0.000895622244,2025-11-18T08:56:21.576558
2,97,1097,-0.00089561037,2025-11-18T08:56:21.576558
2,98,1098,-0.000895633944,2025-11-18T08:56:21.576558
2,99,1099,-0.000895677541,2025-11-18T08:56:21.576558
2,100,1100,-0.000895727018,2025-11-18T08:56:21.576558
2,101,1101,-0.00089577795,2025-11-18T08:56:21.576558
2,102,1102,-0.000895641394,2025-11-18T08:56:21.576558
2,103,1103,-0.000895670207,2025-11-18T08:56:21.576558
2,104,1104,-0.000895760895,2025-11-18T08:56:21.576558
2,105,1105,-0.000895748205,2025-11-18T08:56:21.576558
2,106,1106,-0.000895825098,2025-11-18T08:56:21.576558
2,107,1107,-0.000895765784,2025-11-18T08:56:21.576558
2,108,1108,-0.000895672012,2025-11-18T08:56:21.576558
2,109,1109,-0.000895784061,2025-11-18T08:56:21.576558
2,110,1110,-0.000895628239,2025-11-18T08:56:21.576558
2,111,1111,-0.000895744073,2025-11-18T08:56:21.576558
2,112,1112,-0.000895727658,2025-11-18T08:56:21.576558
2,113,1113,-0.000895788369,2025-11-18T08:56:21.576558
2,114,1114,-0.000895500532,2025-11-18T08:56:21.576558
2,115,1115,-0.000895654142,2025-11-18T08:56:21.576558
2,116,1116,-0.000895629811,2025-11-18T08:56:21.576558
2,117,1117,-0.000895638833,2025-11-18T08:56:21.576558
2,118,1118,-0.000895628589,2025-11-18T08:56:21.576558
2,119,1119,-0.000895567587,2025-11-18T08:56:21.576558
2,120,1120,-0.000895866018,2025-11-18T08:56:21.576558
2,121,1121,-0.000895714038,2025-11-18T08:56:21.576558
2,122,1122,-0.000895677309,2025-11-18T08:56:21.576558
2,123,1123,-0.000895670382,2025-11-18T08:56:21.576558
2,124,1124,-0.000895804143,2025-11-18T08:56:21.576558
2,125,1125,-0.000895727658,2025-11-18T08:56:21.576558
2,126,1126,-0.000895726028,2025-11-18T08:56:21.576558
2,127,1127,-0.000895711651,2025-11-18T08:56:21.576558
2,128,1128,-0.000895577773,2025-11-18T08:56:21.576558
2,129,1129,-0.00089565909,2025-11-18T08:56:21.576558
2,130,1130,-0.000895653385,2025-11-18T08:56:21.576558
2,131,1131,-0.000895826029,2025-11-18T08:56:21.576558
2,132,1132,-0.000895647273,2025-11-18T08:56:21.576558
2,133,1133,-0.000895658449,2025-11-18T08:56:21.576558
2,134,1134,-0.000895638833,2025-11-18T08:56:21.576558
2,135,1135,-0.000895700301,2025-11-18T08:56:21.576558
2,136,1136,-0.000895501929,2025-11-18T08:56:21.576558
2,137,1137,-0.000895588484,2025-11-18T08:56:21.576558
2,138,1138,-0.000895489007,2025-11-18T08:56:21.576558
2,139,1139,-0.00089570746,2025-11-18T08:56:21.576558
2,140,1140,-0.000895639939,2025-11-18T08:56:21.576558
2,141,1141,-0.000895623175,2025-11-18T08:56:21.576558
2,142,1142,-0.00089555938,2025-11-18T08:56:21.576558
2,143,1143,-0.000895510194,2025-11-18T08:56:21.576558
2,144,1144,-0.000895481382,2025-11-18T08:56:21.576558
2,145,1145,-0.000895611883,2025-11-18T08:56:21.576558
2,146,1146,-0.000895507982,2025-11-18T08:56:21.576558
2,147,1147,-0.000895565492,2025-11-18T08:56:21.576558
2,148,1148,-0.000895694189,2025-11-18T08:56:21.576558
2,149,1149,-0.000895584642,2025-11-18T08:56:21.576558
2,150,1150,-0.000895638717,2025-11-18T08:56:21.576558
2,151,1151,-0.000895807519,2025-11-18T08:56:21.576558
2,152,1152,-0.000895807927,2025-11-18T08:56:21.576558
2,153,1153,-0.000895735633,2025-11-18T08:56:21.576558
2,154,1154,-0.000895725737,2025-11-18T08:56:21.576558
2,155,1155,-0.000895687553,2025-11-18T08:56:21.576558
2,156,1156,-0.00089559867,2025-11-18T08:56:21.576558
2,157,1157,-0.000895777193,2025-11-18T08:56:21.576558
2,158,1158,-0.000895656179,2025-11-18T08:56:21.576558
2,159,1159,-0.000895543722,2025-11-18T08:56:21.576558
2,160,1160,-0.000895547738,2025-11-18T08:56:21.576558
2,161,1161,-0.000895531789,2025-11-18T08:56:21.576558
2,162,1162,-0.000895614211,2025-11-18T08:56:21.576558
2,163,1163,-0.000895666715,2025-11-18T08:56:21.576558
2,164,1164,-0.000895587843,2025-11-18T08:56:21.576558
2,165,1165,-0.00089561782,2025-11-18T08:56:21.576558
2,166,1166,-0.000895356643,2025-11-18T08:56:21.576558
2,167,1167,-0.000895450008,2025-11-18T08:56:21.576558
2,168,1168,-0.00089558307,2025-11-18T08:56:21.576558
2,169,1169,-0.000895489007,2025-11-18T08:56:21.576558
2,170,1170,-0.000895510311,2025-11-18T08:56:21.576558
2,171,1171,-0.000895444012,2025-11-18T08:56:21.576558
2,172,1172,-0.000895516714,2025-11-18T08:56:21.576558
2,173,1173,-0.000895474629,2025-11-18T08:56:21.576558
2,174,1174,-0.000895649835,2025-11-18T08:56:21.576558
2,175,1175,-0.000895626784,2025-11-18T08:56:21.576558
2,176,1176,-0.000895665667,2025-11-18T08:56:21.576558
2,177,1177,-0.000895522593,2025-11-18T08:56:21.576558
2,178,1178,-0.000895659206,2025-11-18T08:56:21.576558
2,179,1179,-0.000895645702,2025-11-18T08:56:21.576558
2,180,1180,-0.000895597913,2025-11-18T08:56:21.576558
2,181,1181,-0.000895645469,2025-11-18T08:56:21.576558
2,182,1182,-0.00089572987,2025-11-18T08:56:21.576558
2,183,1183,-0.00089549669,2025-11-18T08:56:21.576558
2,184,1184,-0.000895478588,2025-11-18T08:56:21.576558
2,185,1185,-0.000895618344,2025-11-18T08:56:21.576558
2,186,1186,-0.000895565142,2025-11-18T08:56:21.576558
2,187,1187,-0.000895657052,2025-11-18T08:56:21.576558
2,188,1188,-0.000895632838,2025-11-18T08:56:21.576558
2,189,1189,-0.000895673001,2025-11-18T08:56:21.576558
2,190,1190,-0.000895495584,2025-11-18T08:56:21.576558
2,191,1191,-0.000895679928,2025-11-18T08:56:21.576558
2,192,1192,-0.000895690289,2025-11-18T08:56:21.576558
2,193,1193,-0.000895622652,2025-11-18T08:56:21.576558
2,194,1194,-0.000895707635,2025-11-18T08:56:21.576558
2,195,1195,-0.00089567335,2025-11-18T08:56:21.576558
2,196,1196,-0.000895588309,2025-11-18T08:56:21.576558
2,197,1197,-0.000895609729,2025-11-18T08:56:21.576558
2,198,1198,-0.0008957159,2025-11-18T08:56:21.576558
2,199,1199,-0.000895681616,2025-11-18T08:56:21.576558
2,200,1200,-0.000895515957,2025-11-18T08:56:21.576558
2,201,1201,-0.000895687437,2025-11-18T08:56:21.576558
2,202,1202,-0.000895419449,2025-11-18T08:56:21.576558
2,203,1203,-0.000895493663,2025-11-18T08:56:21.576558
2,204,1204,-0.000895574979,2025-11-18T08:56:21.576558
2,205,1205,-0.000895536853,2025-11-18T08:56:21.576558
2,206,1206,-0.000895657227,2025-11-18T08:56:21.576558
2,207,1207,-0.000895617704,2025-11-18T08:56:21.576558
2,208,1208,-0.000895580917,2025-11-18T08:56:21.576558
2,209,1209,-0.000895715726,2025-11-18T08:56:21.576558
2,210,1210,-0.000895804143,2025-11-18T08:56:21.576558
2,211,1211,-0.000895645585,2025-11-18T08:56:21.576558
2,212,1212,-0.000895603152,2025-11-18T08:56:21.576558
2,213,1213,-0.000895616947,2025-11-18T08:56:21.576558
2,214,1214,-0.000895714969,2025-11-18T08:56:21.576558
2,215,1215,-0.000895600242,2025-11-18T08:56:21.576558
2,216,1216,-0.000895635748,2025-11-18T08:56:21.576558
2,217,1217,-0.000895679462,2025-11-18T08:56:21.576558
2,218,1218,-0.000895592151,2025-11-18T08:56:21.576558
2,219,1219,-0.000895746808,2025-11-18T08:56:21.576558
2,220,1220,-0.000895655655,2025-11-18T08:56:21.576558
2,221,1221,-0.000895769859,2025-11-18T08:56:21.576558
2,222,1222,-0.00089563115,2025-11-18T08:56:21.576558
2,223,1223,-0.000895602512,2025-11-18T08:56:21.576558
2,224,1224,-0.00089567824,2025-11-18T08:56:21.576558
2,225,1225,-0.000895542907,2025-11-18T08:56:21.576558
2,226,1226,-0.000895618752,2025-11-18T08:56:21.576558
2,227,1227,-0.000895540346,2025-11-18T08:56:21.576558
2,228,1228,-0.000895549426,2025-11-18T08:56:21.576558
2,229,1229,-0.000895667821,2025-11-18T08:56:21.576558
2,230,1230,-0.00089563668,2025-11-18T08:56:21.576558
2,231,1231,-0.000895684061,2025-11-18T08:56:21.576558
2,232,1232,-0.000895643024,2025-11-18T08:56:21.576558
2,233,1233,-0.000895606644,2025-11-18T08:56:21.576558
2,234,1234,-0.00089555094,2025-11-18T08:56:21.576558
2,235,1235,-0.000895581848,2025-11-18T08:56:21.576558
2,236,1236,-0.000895630102,2025-11-18T08:56:21.576558
2,237,1237,-0.000895584758,2025-11-18T08:56:21.576558
2,238,1238,-0.000895685749,2025-11-18T08:56:21.576558
2,239,1239,-0.000895668112,2025-11-18T08:56:21.576558
2,240,1240,-0.000895568577,2025-11-18T08:56:21.576558
2,241,1241,-0.000895587087,2025-11-18T08:56:21.576558
2,242,1242,-0.000895621196,2025-11-18T08:56:21.576558
2,243,1243,-0.000895540986,2025-11-18T08:56:21.576558
2,244,1244,-0.000895714096,2025-11-18T08:56:21.576558
2,245,1245,-0.000895641569,2025-11-18T08:56:21.576558
2,246,1246,-0.00089548889,2025-11-18T08:56:21.576558
2,247,1247,-0.0008955691,2025-11-18T08:56:21.576558
2,248,1248,-0.00089551782,2025-11-18T08:56:21.576558
2,249,1249,-0.000895671779,2025-11-18T08:56:21.576558
2,250,1250,-0.000895648146,2025-11-18T08:56:21.576558
2,251,1251,-0.000895661069,2025-11-18T08:56:21.576558
2,252,1252,-0.000895492674,2025-11-18T08:56:21.576558
2,253,1253,-0.000895499309,2025-11-18T08:56:21.576558
2,254,1254,-0.000895647914,2025-11-18T08:56:21.576558
2,255,1255,-0.000895624107,2025-11-18T08:56:21.576558
2,256,1256,-0.00089567987,2025-11-18T08:56:21.576558
2,257,1257,-0.000895586912,2025-11-18T08:56:21.576558
2,258,1258,-0.000895545526,2025-11-18T08:56:21.576558
2,259,1259,-0.000895569741,2025-11-18T08:56:21.576558
2,260,1260,-0.00089562335,2025-11-18T08:56:21.576558
2,261,1261,-0.00089561037,2025-11-18T08:56:21.576558
2,262,1262,-0.000895622011,2025-11-18T08:56:21.576558
2,263,1263,-0.00089555874,2025-11-18T08:56:21.576558
2,264,1264,-0.000895638368,2025-11-18T08:56:21.576558
2,265,1265,-0.000895525619,2025-11-18T08:56:21.576558
2,266,1266,-0.000895494129,2025-11-18T08:56:21.576558
2,267,1267,-0.000895499309,2025-11-18T08:56:21.576558
2,268,1268,-0.000895496574,2025-11-18T08:56:21.576558
2,269,1269,-0.000895580684,2025-11-18T08:56:21.576558
2,270,1270,-0.000895738077,2025-11-18T08:56:21.576558
2,271,1271,-0.000895759381,2025-11-18T08:56:21.576558
2,272,1272,-0.00089553761,2025-11-18T08:56:21.576558
2,273,1273,-0.000895704259,2025-11-18T08:56:21.576558
2,274,1274,-0.000895522534,2025-11-18T08:56:21.576558
2,275,1275,-0.000895597448,2025-11-18T08:56:21.576558
2,276,1276,-0.000895605771,2025-11-18T08:56:21.576558
2,277,1277,-0.000895589182,2025-11-18T08:56:21.576558
2,278,1278,-0.000895598903,2025-11-18T08:56:21.576558
2,279,1279,-0.000895567296,2025-11-18T08:56:21.576558
2,280,1280,-0.000895485805,2025-11-18T08:56:21.576558
2,281,1281,-0.000895536562,2025-11-18T08:56:21.576558
2,282,1282,-0.000895434466,2025-11-18T08:56:21.576558
2,283,1283,-0.000895517237,2025-11-18T08:56:21.576558
2,284,1284,-0.000895675446,2025-11-18T08:56:21.576558
2,285,1285,-0.00089562434,2025-11-18T08:56:21.576558
2,286,1286,-0.00089575327,2025-11-18T08:56:21.576558
2,287,1287,-0.000895496341,2025-11-18T08:56:21.576558
2,288,1288,-0.00089556619,2025-11-18T08:56:21.576558
2,289,1289,-0.00089551619,2025-11-18T08:56:21.576558
2,290,1290,-0.000895605306,2025-11-18T08:56:21.576558
2,291,1291,-0.000895517354,2025-11-18T08:56:21.576558
2,292,1292,-0.00089546066,2025-11-18T08:56:21.576558
2,293,1293,-0.000895505072,2025-11-18T08:56:21.576558
2,294,1294,-0.000895470613,2025-11-18T08:56:21.576558
2,295,1295,-0.00089537556,2025-11-18T08:56:21.576558
2,296,1296,-0.000895551231,2025-11-18T08:56:21.576558
2,297,1297,-0.000895562523,2025-11-18T08:56:21.576558
2,298,1298,-0.000895525969,2025-11-18T08:56:21.576558
2,299,1299,-0.000895580684,2025-11-18T08:56:21.576558
2,300,1300,-0.000895547971,2025-11-18T08:56:21.576558
2,301,1301,-0.000895590579,2025-11-18T08:56:21.576558
2,302,1302,-0.000895601289,2025-11-18T08:56:21.576558
2,303,1303,-0.00089562952,2025-11-18T08:56:21.576558
2,304,1304,-0.000895584758,2025-11-18T08:56:21.576558
2,305,1305,-0.000895584002,2025-11-18T08:56:21.576558
2,306,1306,-0.000895601289,2025-11-18T08:56:21.576558
2,307,1307,-0.000895602861,2025-11-18T08:56:21.576558
2,308,1308,-0.000895500998,2025-11-18T08:56:21.576558
2,309,1309,-0.000895627075,2025-11-18T08:56:21.576558
2,310,1310,-0.000895619392,2025-11-18T08:56:21.576558
2,311,1311,-0.00089549052,2025-11-18T08:56:21.576558
2,312,1312,-0.000895473232,2025-11-18T08:56:21.576558
2,313,1313,-0.000895493314,2025-11-18T08:56:21.576558
2,314,1314,-0.00089552009,2025-11-18T08:56:21.576558
2,315,1315,-0.000895483361,2025-11-18T08:56:21.576558
2,316,1316,-0.000895445875,2025-11-18T08:56:21.576558
2,317,1317,-0.000895430799,2025-11-18T08:56:21.576558
2,318,1318,-0.000895408506,2025-11-18T08:56:21.576558
2,319,1319,-0.000895511126,2025-11-18T08:56:21.576558
2,320,1320,-0.000895494071,2025-11-18T08:56:21.576558
2,321,1321,-0.000895583594,2025-11-18T08:56:21.576558
2,322,1322,-0.000895462871,2025-11-18T08:56:21.576558
2,323,1323,-0.000895539706,2025-11-18T08:56:21.576558
2,324,1324,-0.00089542882,2025-11-18T08:56:21.576558
2,325,1325,-0.000895455479,2025-11-18T08:56:21.576558
2,326,1326,-0.000895691569,2025-11-18T08:56:21.576558
2,327,1327,-0.000895526434,2025-11-18T08:56:21.576558
2,328,1328,-0.000895478762,2025-11-18T08:56:21.576558
2,329,1329,-0.000894976314,2025-11-18T08:56:21.576558
2,330,1330,-0.000895089411,2025-11-18T08:56:21.576558
2,331,1331,-0.000895007455,2025-11-18T08:56:21.576558
2,332,1332,-0.000894785625,2025-11-18T08:56:21.576558
2,333,1333,-0.000894897559,2025-11-18T08:56:21.576558
2,334,1334,-0.000894934404,2025-11-18T08:56:21.576558
2,335,1335,-0.000894937431,2025-11-18T08:56:21.576558
2,336,1336,-0.000894948141,2025-11-18T08:56:21.576558
2,337,1337,-0.000894981552,2025-11-18T08:56:21.576558
2,338,1338,-0.000894946802,2025-11-18T08:56:21.576558
2,339,1339,-0.000895043544,2025-11-18T08:56:21.576558
2,340,1340,-0.000895079865,2025-11-18T08:56:21.576558
2,341,1341,-0.000895111879,2025-11-18T08:56:21.576558
2,342,1342,-0.000894933298,2025-11-18T08:56:21.576558
2,343,1343,-0.000894909841,2025-11-18T08:56:21.576558
2,344,1344,-0.000894751574,2025-11-18T08:56:21.576558
2,345,1345,-0.000894758326,2025-11-18T08:56:21.576558
2,346,1346,-0.000894709315,2025-11-18T08:56:21.576558
2,347,1347,-0.000894887663,2025-11-18T08:56:21.576558
2,348,1348,-0.000894917058,2025-11-18T08:56:21.576558
2,349,1349,-0.00089497742,2025-11-18T08:56:21.576558
2,350,1350,-0.000895000353,2025-11-18T08:56:21.576558
2,351,1351,-0.000895012053,2025-11-18T08:56:21.576558
2,352,1352,-0.00089507387,2025-11-18T08:56:21.576558
2,353,1353,-0.000894842261,2025-11-18T08:56:21.576558
2,354,1354,-0.000894885917,2025-11-18T08:56:21.576558
2,355,1355,-0.000894993194,2025-11-18T08:56:21.576558
2,356,1356,-0.000894926721,2025-11-18T08:56:21.576558
2,357,1357,-0.000895044358,2025-11-18T08:56:21.576558
2,358,1358,-0.000895037432,2025-11-18T08:56:21.576558
2,359,1359,-0.000894980505,2025-11-18T08:56:21.576558
2,360,1360,-0.000894878583,2025-11-18T08:56:21.576558
2,361,1361,-0.00089485757,2025-11-18T08:56:21.576558
2,362,1362,-0.000894901575,2025-11-18T08:56:21.576558
2,363,1363,-0.000894902041,2025-11-18T08:56:21.576558
2,364,1364,-0.000895104196,2025-11-18T08:56:21.576558
2,365,1365,-0.000894871889,2025-11-18T08:56:21.576558
2,366,1366,-0.000894943426,2025-11-18T08:56:21.576558
2,367,1367,-0.000894894415,2025-11-18T08:56:21.576558
2,368,1368,-0.000894831842,2025-11-18T08:56:21.576558
2,369,1369,-0.000894883007,2025-11-18T08:56:21.576558
2,370,1370,-0.000894888886,2025-11-18T08:56:21.576558
2,371,1371,-0.000894974451,2025-11-18T08:56:21.576558
2,372,1372,-0.000894900818,2025-11-18T08:56:21.576558
2,373,1373,-0.000894862401,2025-11-18T08:56:21.576558
2,374,1374,-0.000894883647,2025-11-18T08:56:21.576558
2,375,1375,-0.000894935743,2025-11-18T08:56:21.576558
2,376,1376,-0.00089495501,2025-11-18T08:56:21.576558
2,377,1377,-0.000895098433,2025-11-18T08:56:21.576558
2,378,1378,-0.00089497515,2025-11-18T08:56:21.576558
2,379,1379,-0.00089499593,2025-11-18T08:56:21.576558
2,380,1380,-0.000895192148,2025-11-18T08:56:21.576558
2,381,1381,-0.000895033183,2025-11-18T08:56:21.576558
2,382,1382,-0.000895042961,2025-11-18T08:56:21.576558
2,383,1383,-0.000894915719,2025-11-18T08:56:21.576558
2,384,1384,-0.000895057222,2025-11-18T08:56:21.576558
2,385,1385,-0.000894869677,2025-11-18T08:56:21.576558
2,386,1386,-0.000895016884,2025-11-18T08:56:21.576558
2,387,1387,-0.00089501735,2025-11-18T08:56:21.576558
2,388,1388,-0.000894990866,2025-11-18T08:56:21.576558
2,389,1389,-0.000894891971,2025-11-18T08:56:21.576558
2,390,1390,-0.000895010831,2025-11-18T08:56:21.576558
2,391,1391,-0.000895097036,2025-11-18T08:56:21.576558
2,392,1392,-0.000895088771,2025-11-18T08:56:21.576558
2,393,1393,-0.00089505664,2025-11-18T08:56:21.576558
2,394,1394,-0.000895081146,2025-11-18T08:56:21.576558
2,395,1395,-0.000894966069,2025-11-18T08:56:21.576558
2,396,1396,-0.000894974335,2025-11-18T08:56:21.576558
2,397,1397,-0.000894965778,2025-11-18T08:56:21.576558
2,398,1398,-0.000894987315,2025-11-18T08:56:21.576558
2,399,1399,-0.000895080156,2025-11-18T08:56:21.576558
2,400,1400,-0.000894997734,2025-11-18T08:56:21.576558
2,401,1401,-0.000894817931,2025-11-18T08:56:21.576558
2,402,1402,-0.000894966942,2025-11-18T08:56:21.576558
2,403,1403,-0.000894890516,2025-11-18T08:56:21.576558
2,404,1404,-0.000894984405,2025-11-18T08:56:21.576558
2,405,1405,-0.000894959666,2025-11-18T08:56:21.576558
2,406,1406,-0.000894828175,2025-11-18T08:56:21.576558
2,407,1407,-0.000894872588,2025-11-18T08:56:21.576558
2,408,1408,-0.000894879631,2025-11-18T08:56:21.576558
2,409,1409,-0.000894958386,2025-11-18T08:56:21.576558
2,410,1410,-0.000894907105,2025-11-18T08:56:21.576558
2,411,1411,-0.000895062694,2025-11-18T08:56:21.576558
2,412,1412,-0.000894934171,2025-11-18T08:56:21.576558
2,413,1413,-0.000894774391,2025-11-18T08:56:21.576558
2,414,1414,-0.000894799421,2025-11-18T08:56:21.576558
2,415,1415,-0.000894788827,2025-11-18T08:56:21.576558
2,416,1416,-0.000894864497,2025-11-18T08:56:21.576558
2,417,1417,-0.000895098259,2025-11-18T08:56:21.576558
2,418,1418,-0.000895104254,2025-11-18T08:56:21.576558
2,419,1419,-0.000894946628,2025-11-18T08:56:21.576558
2,420,1420,-0.000894913508,2025-11-18T08:56:21.576558
2,421,1421,-0.000894833065,2025-11-18T08:56:21.576558
2,422,1422,-0.000894881319,2025-11-18T08:56:21.576558
2,423,1423,-0.000894892378,2025-11-18T08:56:21.576558
2,424,1424,-0.000894934346,2025-11-18T08:56:21.576558
2,425,1425,-0.000894922879,2025-11-18T08:56:21.576558
2,426,1426,-0.000894904194,2025-11-18T08:56:21.576558
2,427,1427,-0.0008950404,2025-11-18T08:56:21.576558
2,428,1428,-0.000895015895,2025-11-18T08:56:21.576558
2,429,1429,-0.000894945696,2025-11-18T08:56:21.576558
2,430,1430,-0.000894952157,2025-11-18T08:56:21.576558
2,431,1431,-0.000894962286,2025-11-18T08:56:21.576558
2,432,1432,-0.000895017117,2025-11-18T08:56:21.576558
2,433,1433,-0.000894834054,2025-11-18T08:56:21.576558
2,434,1434,-0.000894808617,2025-11-18T08:56:21.576558
2,435,1435,-0.00089493877,2025-11-18T08:56:21.576558
2,436,1436,-0.000894773809,2025-11-18T08:56:21.576558
2,437,1437,-0.000894979748,2025-11-18T08:56:21.576558
2,438,1438,-0.000894919678,2025-11-18T08:56:21.576558
2,439,1439,-0.000894816417,2025-11-18T08:56:21.576558
2,440,1440,-0.000894941564,2025-11-18T08:56:21.576558
2,441,1441,-0.000894918455,2025-11-18T08:56:21.576558
2,442,1442,-0.000894976372,2025-11-18T08:56:21.576558
2,443,1443,-0.000895095989,2025-11-18T08:56:21.576558
2,444,1444,-0.000895101286,2025-11-18T08:56:21.576558
2,445,1445,-0.000894952565,2025-11-18T08:56:21.576558
2,446,1446,-0.000894908444,2025-11-18T08:56:21.576558
2,447,1447,-0.000894733646,2025-11-18T08:56:21.576558
2,448,1448,-0.00089497969,2025-11-18T08:56:21.576558
2,449,1449,-0.00089484459,2025-11-18T08:56:21.576558
2,450,1450,-0.000894827244,2025-11-18T08:56:21.576558
2,451,1451,-0.000894903845,2025-11-18T08:56:21.576558
2,452,1452,-0.000894894648,2025-11-18T08:56:21.576558
2,453,1453,-0.000894950877,2025-11-18T08:56:21.576558
2,454,1454,-0.000894822413,2025-11-18T08:56:21.576558
2,455,1455,-0.000895021716,2025-11-18T08:56:21.576558
2,456,1456,-0.000895022414,2025-11-18T08:56:21.576558
2,457,1457,-0.000894827593,2025-11-18T08:56:21.576558
2,458,1458,-0.000894935743,2025-11-18T08:56:21.576558
2,459,1459,-0.000894838187,2025-11-18T08:56:21.576558
2,460,1460,-0.000894802331,2025-11-18T08:56:21.576558
2,461,1461,-0.00089496182,2025-11-18T08:56:21.576558
2,462,1462,-0.000894925207,2025-11-18T08:56:21.576558
2,463,1463,-0.000894939992,2025-11-18T08:56:21.576558
2,464,1464,-0.000894932076,2025-11-18T08:56:21.576558
2,465,1465,-0.000894843717,2025-11-18T08:56:21.576558
2,466,1466,-0.000894928525,2025-11-18T08:56:21.576558
2,467,1467,-0.000894795404,2025-11-18T08:56:21.576558
2,468,1468,-0.0008949943,2025-11-18T08:56:21.576558
2,469,1469,-0.000894873868,2025-11-18T08:56:21.576558
2,470,1470,-0.000894882774,2025-11-18T08:56:21.576558
2,471,1471,-0.000894947035,2025-11-18T08:56:21.576558
2,472,1472,-0.000894930853,2025-11-18T08:56:21.576558
2,473,1473,-0.00089486374,2025-11-18T08:56:21.576558
2,474,1474,-0.000894820725,2025-11-18T08:56:21.576558
2,475,1475,-0.000894722703,2025-11-18T08:56:21.576558
2,476,1476,-0.000894896395,2025-11-18T08:56:21.576558
2,477,1477,-0.00089476339,2025-11-18T08:56:21.576558
2,478,1478,-0.000894884753,2025-11-18T08:56:21.576558
2,479,1479,-0.000894912111,2025-11-18T08:56:21.576558
2,480,1480,-0.000894983066,2025-11-18T08:56:21.576558
2,481,1481,-0.000894924101,2025-11-18T08:56:21.576558
2,482,1482,-0.000895016302,2025-11-18T08:56:21.576558
2,483,1483,-0.000895008852,2025-11-18T08:56:21.576558
2,484,1484,-0.000894924975,2025-11-18T08:56:21.576558
2,485,1485,-0.000894982425,2025-11-18T08:56:21.576558
2,486,1486,-0.000895041099,2025-11-18T08:56:21.576558
2,487,1487,-0.00089483743,2025-11-18T08:56:21.576558
2,488,1488,-0.000894910655,2025-11-18T08:56:21.576558
2,489,1489,-0.000895106117,2025-11-18T08:56:21.576558
2,490,1490,-0.00089508359,2025-11-18T08:56:21.576558
2,491,1491,-0.000895002216,2025-11-18T08:56:21.576558
2,492,1492,-0.000894951052,2025-11-18T08:56:21.576558
2,493,1493,-0.000895037315,2025-11-18T08:56:21.576558
2,494,1494,-0.000894775672,2025-11-18T08:56:21.576558
2,495,1495,-0.00089486374,2025-11-18T08:56:21.576558
2,496,1496,-0.000895086617,2025-11-18T08:56:21.576558
2,497,1497,-0.000894960889,2025-11-18T08:56:21.576558
2,498,1498,-0.000895004195,2025-11-18T08:56:21.576558
2,499,1499,-0.000894965138,2025-11-18T08:56:21.576558
2,500,1500,-0.000894929748,2025-11-18T08:56:21.576558
2,501,1501,-0.000895011995,2025-11-18T08:56:21.576558
2,502,1502,-0.000894985103,2025-11-18T08:56:21.576558
2,503,1503,-0.000894936674,2025-11-18T08:56:21.576558
2,504,1504,-0.000894815952,2025-11-18T08:56:21.576558
2,505,1505,-0.000894797733,2025-11-18T08:56:21.576558
2,506,1506,-0.000894769036,2025-11-18T08:56:21.576558
2,507,1507,-0.000894961354,2025-11-18T08:56:21.576558
2,508,1508,-0.000894955475,2025-11-18T08:56:21.576558
2,509,1509,-0.000894896569,2025-11-18T08:56:21.576558
2,510,1510,-0.000894991215,2025-11-18T08:56:21.576558
2,511,1511,-0.00089499884,2025-11-18T08:56:21.576558
2,512,1512,-0.00089497707,2025-11-18T08:56:21.576558
2,513,1513,-0.000895104662,2025-11-18T08:56:21.576558
2,514,1514,-0.000894903845,2025-11-18T08:56:21.576558
2,515,1515,-0.000894925324,2025-11-18T08:56:21.576558
2,516,1516,-0.000894850003,2025-11-18T08:56:21.576558
2,517,1517,-0.00089494494,2025-11-18T08:56:21.576558
2,518,1518,-0.000894883763,2025-11-18T08:56:21.576558
2,519,1519,-0.000895067641,2025-11-18T08:56:21.576558
2,520,1520,-0.000894962693,2025-11-18T08:56:21.576558
2,521,1521,-0.000894934055,2025-11-18T08:56:21.576558
2,522,1522,-0.000894979748,2025-11-18T08:56:21.576558
2,523,1523,-0.000895019853,2025-11-18T08:56:21.576558
2,524,1524,-0.000894935103,2025-11-18T08:56:21.576558
2,525,1525,-0.000894919852,2025-11-18T08:56:21.576558
2,526,1526,-0.000894939759,2025-11-18T08:56:21.576558
2,527,1527,-0.000894926895,2025-11-18T08:56:21.576558
2,528,1528,-0.000895017699,2025-11-18T08:56:21.576558
2,529,1529,-0.000894787139,2025-11-18T08:56:21.576558
2,530,1530,-0.000894984288,2025-11-18T08:56:21.576558
2,531,1531,-0.00089482899,2025-11-18T08:56:21.576558
2,532,1532,-0.000894873985,2025-11-18T08:56:21.576558
2,533,1533,-0.000894867233,2025-11-18T08:56:21.576558
2,534,1534,-0.000895050936,2025-11-18T08:56:21.576558
2,535,1535,-0.000895083067,2025-11-18T08:56:21.576558
2,536,1536,-0.000894924218,2025-11-18T08:56:21.576558
2,537,1537,-0.000894951517,2025-11-18T08:56:21.576558
2,538,1538,-0.000895006989,2025-11-18T08:56:21.576558
2,539,1539,-0.000895018805,2025-11-18T08:56:21.576558
2,540,1540,-0.00089487282,2025-11-18T08:56:21.576558
2,541,1541,-0.00089481764,2025-11-18T08:56:21.576558
2,542,1542,-0.000894841388,2025-11-18T08:56:21.576558
2,543,1543,-0.000894816417,2025-11-18T08:56:21.576558
2,544,1544,-0.000894919037,2025-11-18T08:56:21.576558
2,545,1545,-0.000894897268,2025-11-18T08:56:21.576558
2,546,1546,-0.000894804659,2025-11-18T08:56:21.576558
2,547,1547,-0.000894744705,2025-11-18T08:56:21.576558
2,548,1548,-0.000894807337,2025-11-18T08:56:21.576558
2,549,1549,-0.000894763914,2025-11-18T08:56:21.576558
2,550,1550,-0.000894937082,2025-11-18T08:56:21.576558
2,551,1551,-0.000894740922,2025-11-18T08:56:21.576558
2,552,1552,-0.000894672295,2025-11-18T08:56:21.576558
2,553,1553,-0.000894829398,2025-11-18T08:56:21.576558
2,554,1554,-0.000894850294,2025-11-18T08:56:21.576558
2,555,1555,-0.000894930271,2025-11-18T08:56:21.576558
2,556,1556,-0.000894835393,2025-11-18T08:56:21.576558
2,557,1557,-0.000894833065,2025-11-18T08:56:21.576558
2,558,1558,-0.000894803495,2025-11-18T08:56:21.576558
2,559,1559,-0.000894813798,2025-11-18T08:56:21.576558
2,560,1560,-0.000894826196,2025-11-18T08:56:21.576558
2,561,1561,-0.000894824799,2025-11-18T08:56:21.576558
2,562,1562,-0.000894866476,2025-11-18T08:56:21.576558
2,563,1563,-0.000894918572,2025-11-18T08:56:21.576558
2,564,1564,-0.000894864089,2025-11-18T08:56:21.576558
2,565,1565,-0.000894839817,2025-11-18T08:56:21.576558
2,566,1566,-0.000894678058,2025-11-18T08:56:21.576558
2,567,1567,-0.000894824974,2025-11-18T08:56:21.576558
2,568,1568,-0.000894826371,2025-11-18T08:56:21.576558
2,569,1569,-0.000894855766,2025-11-18T08:56:21.576558
2,570,1570,-0.000894847034,2025-11-18T08:56:21.576558
2,571,1571,-0.000894924742,2025-11-18T08:56:21.576558
2,572,1572,-0.000894854892,2025-11-18T08:56:21.576558
2,573,1573,-0.000894792668,2025-11-18T08:56:21.576558
2,574,1574,-0.000894769269,2025-11-18T08:56:21.576558
2,575,1575,-0.000894805241,2025-11-18T08:56:21.576558
2,576,1576,-0.000894723169,2025-11-18T08:56:21.576558
2,577,1577,-0.000894787895,2025-11-18T08:56:21.576558
2,578,1578,-0.000894845987,2025-11-18T08:56:21.576558
2,579,1579,-0.000894873519,2025-11-18T08:56:21.576558
2,580,1580,-0.000894834345,2025-11-18T08:56:21.576558
2,581,1581,-0.000894884869,2025-11-18T08:56:21.576558
2,582,1582,-0.000895017699,2025-11-18T08:56:21.576558
2,583,1583,-0.000894834054,2025-11-18T08:56:21.576558
2,584,1584,-0.000894881086,2025-11-18T08:56:21.576558
2,585,1585,-0.000895014614,2025-11-18T08:56:21.576558
2,586,1586,-0.00089490239,2025-11-18T08:56:21.576558
2,587,1587,-0.000894944183,2025-11-18T08:56:21.576558
2,588,1588,-0.000894925498,2025-11-18T08:56:21.576558
2,589,1589,-0.000894902215,2025-11-18T08:56:21.576558
2,590,1590,-0.000894836208,2025-11-18T08:56:21.576558
2,591,1591,-0.000894928525,2025-11-18T08:56:21.576558
2,592,1592,-0.000894810305,2025-11-18T08:56:21.576558
2,593,1593,-0.000894905126,2025-11-18T08:56:21.576558
2,594,1594,-0.00089498097,2025-11-18T08:56:21.576558
2,595,1595,-0.000894916942,2025-11-18T08:56:21.576558
2,596,1596,-0.000894959666,2025-11-18T08:56:21.576558
2,597,1597,-0.000894783821,2025-11-18T08:56:21.576558
2,598,1598,-0.000894956989,2025-11-18T08:56:21.576558
2,599,1599,-0.000895062286,2025-11-18T08:56:21.576558
2,600,1600,-0.000894881028,2025-11-18T08:56:21.576558
2,601,1601,-0.00089501444,2025-11-18T08:56:21.576558
2,602,1602,-0.000895050936,2025-11-18T08:56:21.576558
2,603,1603,-0.000894903612,2025-11-18T08:56:21.576558
2,604,1604,-0.000894958095,2025-11-18T08:56:21.576558
2,605,1605,-0.000894984463,2025-11-18T08:56:21.576558
2,606,1606,-0.000895005883,2025-11-18T08:56:21.576558
2,607,1607,-0.000894999306,2025-11-18T08:56:21.576558
2,608,1608,-0.000894935277,2025-11-18T08:56:21.576558
2,609,1609,-0.000894939003,2025-11-18T08:56:21.576558
2,610,1610,-0.000894975732,2025-11-18T08:56:21.576558
2,611,1611,-0.000895074685,2025-11-18T08:56:21.576558
2,612,1612,-0.000894947384,2025-11-18T08:56:21.576558
2,613,1613,-0.000894976488,2025-11-18T08:56:21.576558
2,614,1614,-0.000894965953,2025-11-18T08:56:21.576558
2,615,1615,-0.000895095989,2025-11-18T08:56:21.576558
2,616,1616,-0.000895023928,2025-11-18T08:56:21.576558
2,617,1617,-0.00089489005,2025-11-18T08:56:21.576558
2,618,1618,-0.000894931494,2025-11-18T08:56:21.576558
2,619,1619,-0.00089498586,2025-11-18T08:56:21.576558
2,620,1620,-0.000894964672,2025-11-18T08:56:21.576558
2,621,1621,-0.000894999888,2025-11-18T08:56:21.576558
2,622,1622,-0.000894945987,2025-11-18T08:56:21.576558
2,623,1623,-0.00089489686,2025-11-18T08:56:21.576558
2,624,1624,-0.000894843717,2025-11-18T08:56:21.576558
2,625,1625,-0.000894966069,2025-11-18T08:56:21.576558
2,626,1626,-0.00089491863,2025-11-18T08:56:21.576558
2,627,1627,-0.0008949014,2025-11-18T08:56:21.576558
2,628,1628,-0.000894896569,2025-11-18T08:56:21.576558
2,629,1629,-0.000894734286,2025-11-18T08:56:21.576558
2,630,1630,-0.000894811935,2025-11-18T08:56:21.576558
2,631,1631,-0.000894706579,2025-11-18T08:56:21.576558
2,632,1632,-0.0008948553,2025-11-18T08:56:21.576558
2,633,1633,-0.000894858851,2025-11-18T08:56:21.576558
2,634,1634,-0.000894824857,2025-11-18T08:56:21.576558
2,635,1635,-0.000894869386,2025-11-18T08:56:21.576558
2,636,1636,-0.000894933473,2025-11-18T08:56:21.576558
2,637,1637,-0.000894689233,2025-11-18T08:56:21.576558
2,638,1638,-0.000894803844,2025-11-18T08:56:21.576558
2,639,1639,-0.000894843076,2025-11-18T08:56:21.576558
2,640,1640,-0.000894874741,2025-11-18T08:56:21.576558
2,641,1641,-0.000894802506,2025-11-18T08:56:21.576558
2,642,1642,-0.000894871074,2025-11-18T08:56:21.576558
2,643,1643,-0.000894921948,2025-11-18T08:56:21.576558
2,644,1644,-0.000894727592,2025-11-18T08:56:21.576558
2,645,1645,-0.000894754193,2025-11-18T08:56:21.576558
2,646,1646,-0.000894944649,2025-11-18T08:56:21.576558
2,647,1647,-0.000894962227,2025-11-18T08:56:21.576558
2,648,1648,-0.000895044824,2025-11-18T08:56:21.576558
2,649,1649,-0.000894984579,2025-11-18T08:56:21.576558
2,650,1650,-0.00089479587,2025-11-18T08:56:21.576558
2,651,1651,-0.000894947384,2025-11-18T08:56:21.576558
2,652,1652,-0.00089492806,2025-11-18T08:56:21.576558
2,653,1653,-0.000894900818,2025-11-18T08:56:21.576558
2,654,1654,-0.00089483353,2025-11-18T08:56:21.576558
2,655,1655,-0.000894813681,2025-11-18T08:56:21.576558
2,656,1656,-0.000894905417,2025-11-18T08:56:21.576558
2,657,1657,-0.000894862227,2025-11-18T08:56:21.576558
2,658,1658,-0.000894891156,2025-11-18T08:56:21.576558
2,659,1659,-0.000894824333,2025-11-18T08:56:21.576558
2,660,1660,-0.000894606986,2025-11-18T08:56:21.576558
2,661,1661,-0.000894753728,2025-11-18T08:56:21.576558
2,662,1662,-0.00089489005,2025-11-18T08:56:21.576558
2,663,1663,-0.000894842436,2025-11-18T08:56:21.576558
2,664,1664,-0.000894772005,2025-11-18T08:56:21.576558
2,665,1665,-0.000894861295,2025-11-18T08:56:21.576558
2,666,1666,-0.000894516648,2025-11-18T08:56:21.576558
2,667,1667,-0.000894715485,2025-11-18T08:56:21.576558
2,668,1668,-0.000894857163,2025-11-18T08:56:21.576558
2,669,1669,-0.000894820434,2025-11-18T08:56:21.576558
2,670,1670,-0.000894735043,2025-11-18T08:56:21.576558
2,671,1671,-0.000894788652,2025-11-18T08:56:21.576558
2,672,1672,-0.000894898839,2025-11-18T08:56:21.576558
2,673,1673,-0.000894894881,2025-11-18T08:56:21.576558
2,674,1674,-0.000894965138,2025-11-18T08:56:21.576558
2,675,1675,-0.000894860364,2025-11-18T08:56:21.576558
2,676,1676,-0.000894846743,2025-11-18T08:56:21.576558
2,677,1677,-0.000894837663,2025-11-18T08:56:21.576558
2,678,1678,-0.000894750119,2025-11-18T08:56:21.576558
2,679,1679,-0.000894867873,2025-11-18T08:56:21.576558
2,680,1680,-0.000894861121,2025-11-18T08:56:21.576558
2,681,1681,-0.000894964498,2025-11-18T08:56:21.576558
2,682,1682,-0.000894989469,2025-11-18T08:56:21.576558
2,683,1683,-0.000895012752,2025-11-18T08:56:21.576558
2,684,1684,-0.000894811004,2025-11-18T08:56:21.576558
2,685,1685,-0.000894937431,2025-11-18T08:56:21.576558
2,686,1686,-0.000894913042,2025-11-18T08:56:21.576558
2,687,1687,-0.00089488225,2025-11-18T08:56:21.576558
2,688,1688,-0.000895059551,2025-11-18T08:56:21.576558
2,689,1689,-0.000894915952,2025-11-18T08:56:21.576558
2,690,1690,-0.000894820666,2025-11-18T08:56:21.576558
2,691,1691,-0.0008949943,2025-11-18T08:56:21.576558
2,692,1692,-0.000894851924,2025-11-18T08:56:21.576558
2,693,1693,-0.00089505827,2025-11-18T08:56:21.576558
2,694,1694,-0.000894701981,2025-11-18T08:56:21.576558
2,695,1695,-0.000894810596,2025-11-18T08:56:21.576558
2,696,1696,-0.000894773227,2025-11-18T08:56:21.576558
2,697,1697,-0.000894871889,2025-11-18T08:56:21.576558
2,698,1698,-0.000894868455,2025-11-18T08:56:21.576558
2,699,1699,-0.00089476339,2025-11-18T08:56:21.576558
2,700,1700,-0.000894908502,2025-11-18T08:56:21.576558
2,701,1701,-0.000894877186,2025-11-18T08:56:21.576558
2,702,1702,-0.00089495076,2025-11-18T08:56:21.576558
2,703,1703,-0.000894875498,2025-11-18T08:56:21.576558
2,704,1704,-0.000894982658,2025-11-18T08:56:21.576558
2,705,1705,-0.000894847675,2025-11-18T08:56:21.576558
2,706,1706,-0.000894921657,2025-11-18T08:56:21.576558
2,707,1707,-0.000895037606,2025-11-18T08:56:21.576558
2,708,1708,-0.00089502125,2025-11-18T08:56:21.576558
2,709,1709,-0.000895018281,2025-11-18T08:56:21.576558
2,710,1710,-0.000895121251,2025-11-18T08:56:21.576558
2,711,1711,-0.000894992088,2025-11-18T08:56:21.576558
2,712,1712,-0.000895025965,2025-11-18T08:56:21.576558
2,713,1713,-0.000895205826,2025-11-18T08:56:21.576558
2,714,1714,-0.000894989818,2025-11-18T08:56:21.576558
2,715,1715,-0.000894778757,2025-11-18T08:56:21.576558
2,716,1716,-0.000894951343,2025-11-18T08:56:21.576558
2,717,1717,-0.000895008619,2025-11-18T08:56:21.576558
2,718,1718,-0.000894852215,2025-11-18T08:56:21.576558
2,719,1719,-0.000895069271,2025-11-18T08:56:21.576558
2,720,1720,-0.000894928583,2025-11-18T08:56:21.576558
2,721,1721,-0.000895069912,2025-11-18T08:56:21.576558
2,722,1722,-0.000895044067,2025-11-18T08:56:21.576558
2,723,1723,-0.000894982658,2025-11-18T08:56:21.576558
2,724,1724,-0.000895008502,2025-11-18T08:56:21.576558
2,725,1725,-0.000895010307,2025-11-18T08:56:21.576558
2,726,1726,-0.000894886732,2025-11-18T08:56:21.576558
2,727,1727,-0.000894810422,2025-11-18T08:56:21.576558
2,728,1728,-0.000894837256,2025-11-18T08:56:21.576558
2,729,1729,-0.00089491473,2025-11-18T08:56:21.576558
2,730,1730,-0.000894699362,2025-11-18T08:56:21.576558
2,731,1731,-0.000894942204,2025-11-18T08:56:21.576558
2,732,1732,-0.000894865544,2025-11-18T08:56:21.576558
2,733,1733,-0.000894866825,2025-11-18T08:56:21.576558
2,734,1734,-0.000894841097,2025-11-18T08:56:21.576558
2,735,1735,-0.00089482835,2025-11-18T08:56:21.576558
2,736,1736,-0.000894992728,2025-11-18T08:56:21.576558
2,737,1737,-0.000894904194,2025-11-18T08:56:21.576558
2,738,1738,-0.000894810247,2025-11-18T08:56:21.576558
2,739,1739,-0.000894755474,2025-11-18T08:56:21.576558
2,740,1740,-0.00089468999,2025-11-18T08:56:21.576558
2,741,1741,-0.000894834171,2025-11-18T08:56:21.576558
2,742,1742,-0.00089469552,2025-11-18T08:56:21.576558
2,743,1743,-0.000894870143,2025-11-18T08:56:21.576558
2,744,1744,-0.000894793716,2025-11-18T08:56:21.576558
2,745,1745,-0.000894880271,2025-11-18T08:56:21.576558
2,746,1746,-0.000894957454,2025-11-18T08:56:21.576558
2,747,1747,-0.000894805707,2025-11-18T08:56:21.576558
2,748,1748,-0.000894926546,2025-11-18T08:56:21.576558
2,749,1749,-0.0008948709,2025-11-18T08:56:21.576558
2,750,1750,-0.000894986267,2025-11-18T08:56:21.576558
2,751,1751,-0.000894894415,2025-11-18T08:56:21.576558
2,752,1752,-0.000894906464,2025-11-18T08:56:21.576558
2,753,1753,-0.000894926197,2025-11-18T08:56:21.576558
2,754,1754,-0.000894951052,2025-11-18T08:56:21.576558
2,755,1755,-0.000894815195,2025-11-18T08:56:21.576558
2,756,1756,-0.000894816417,2025-11-18T08:56:21.576558
2,757,1757,-0.000894811644,2025-11-18T08:56:21.576558
2,758,1758,-0.000894749362,2025-11-18T08:56:21.576558
2,759,1759,-0.000894830329,2025-11-18T08:56:21.576558
2,760,1760,-0.000894802971,2025-11-18T08:56:21.576558
2,761,1761,-0.000894838653,2025-11-18T08:56:21.576558
2,762,1762,-0.000894889177,2025-11-18T08:56:21.576558
2,763,1763,-0.000894931436,2025-11-18T08:56:21.576558
2,764,1764,-0.000894835742,2025-11-18T08:56:21.576558
2,765,1765,-0.000894930213,2025-11-18T08:56:21.576558
2,766,1766,-0.000895023171,2025-11-18T08:56:21.576558
2,767,1767,-0.000894882716,2025-11-18T08:56:21.576558
2,768,1768,-0.000895033939,2025-11-18T08:56:21.576558
2,769,1769,-0.000894908793,2025-11-18T08:56:21.576558
2,770,1770,-0.000894966418,2025-11-18T08:56:21.576558
2,771,1771,-0.000894996046,2025-11-18T08:56:21.576558
2,772,1772,-0.000894847325,2025-11-18T08:56:21.576558
2,773,1773,-0.000894656346,2025-11-18T08:56:21.576558
2,774,1774,-0.000894813972,2025-11-18T08:56:21.576558
2,775,1775,-0.000894839235,2025-11-18T08:56:21.576558
2,776,1776,-0.000894750584,2025-11-18T08:56:21.576558
2,777,1777,-0.0008948397,2025-11-18T08:56:21.576558
2,778,1778,-0.000894834462,2025-11-18T08:56:21.576558
2,779,1779,-0.000894886266,2025-11-18T08:56:21.576558
2,780,1780,-0.000894788186,2025-11-18T08:56:21.576558
2,781,1781,-0.000894918921,2025-11-18T08:56:21.576558
2,782,1782,-0.000894841272,2025-11-18T08:56:21.576558
2,783,1783,-0.000894710537,2025-11-18T08:56:21.576558
2,784,1784,-0.000894751749,2025-11-18T08:56:21.576558
2,785,1785,-0.000894669094,2025-11-18T08:56:21.576558
2,786,1786,-0.000894741853,2025-11-18T08:56:21.576558
2,787,1787,-0.000894817989,2025-11-18T08:56:21.576558
2,788,1788,-0.000894436787,2025-11-18T08:56:21.576558
2,789,1789,-0.000894589582,2025-11-18T08:56:21.576558
2,790,1790,-0.000894616357,2025-11-18T08:56:21.576558
2,791,1791,-0.000894764438,2025-11-18T08:56:21.576558
2,792,1792,-0.000894838129,2025-11-18T08:56:21.576558
2,793,1793,-0.000894992146,2025-11-18T08:56:21.576558
2,794,1794,-0.000894938071,2025-11-18T08:56:21.576558
2,795,1795,-0.000894888595,2025-11-18T08:56:21.576558
2,796,1796,-0.000894998549,2025-11-18T08:56:21.576558
2,797,1797,-0.000894822529,2025-11-18T08:56:21.576558
2,798,1798,-0.000894629047,2025-11-18T08:56:21.576558
2,799,1799,-0.000894778117,2025-11-18T08:56:21.576558
2,800,1800,-0.000894964847,2025-11-18T08:56:21.576558
2,801,1801,-0.000894781609,2025-11-18T08:56:21.576558
2,802,1802,-0.000894827418,2025-11-18T08:56:21.576558
2,803,1803,-0.000894909375,2025-11-18T08:56:21.576558
2,804,1804,-0.000894794648,2025-11-18T08:56:21.576558
2,805,1805,-0.000894661701,2025-11-18T08:56:21.576558
2,806,1806,-0.000894632481,2025-11-18T08:56:21.576558
2,807,1807,-0.000894794997,2025-11-18T08:56:21.576558
2,808,1808,-0.000894849014,2025-11-18T08:56:21.576558
2,809,1809,-0.000894885975,2025-11-18T08:56:21.576558
2,810,1810,-0.000894920842,2025-11-18T08:56:21.576558
2,811,1811,-0.000894924101,2025-11-18T08:56:21.576558
2,812,1812,-0.000894983648,2025-11-18T08:56:21.576558
2,813,1813,-0.000894884287,2025-11-18T08:56:21.576558
2,814,1814,-0.000894799712,2025-11-18T08:56:21.576558
2,815,1815,-0.000894728524,2025-11-18T08:56:21.576558
2,816,1816,-0.000894620665,2025-11-18T08:56:21.576558
2,817,1817,-0.000894635973,2025-11-18T08:56:21.576558
2,818,1818,-0.000894880853,2025-11-18T08:56:21.576558
2,819,1819,-0.000894894183,2025-11-18T08:56:21.576558
2,820,1820,-0.00089475204,2025-11-18T08:56:21.576558
2,821,1821,-0.000894835102,2025-11-18T08:56:21.576558
2,822,1822,-0.000894854136,2025-11-18T08:56:21.576558
2,823,1823,-0.000894850119,2025-11-18T08:56:21.576558
2,824,1824,-0.000894664437,2025-11-18T08:56:21.576558
2,825,1825,-0.000894693599,2025-11-18T08:56:21.576558
2,826,1826,-0.000894809025,2025-11-18T08:56:21.576558
2,827,1827,-0.000894694821,2025-11-18T08:56:21.576558
2,828,1828,-0.000894609023,2025-11-18T08:56:21.576558
2,829,1829,-0.000894601631,2025-11-18T08:56:21.576558
2,830,1830,-0.000894676661,2025-11-18T08:56:21.576558
2,831,1831,-0.000894378172,2025-11-18T08:56:21.576558
2,832,1832,-0.000894507626,2025-11-18T08:56:21.576558
2,833,1833,-0.000894583587,2025-11-18T08:56:21.576558
2,834,1834,-0.000894497497,2025-11-18T08:56:21.576558
2,835,1835,-0.000894599768,2025-11-18T08:56:21.576558
2,836,1836,-0.000894784519,2025-11-18T08:56:21.576558
2,837,1837,-0.000894804135,2025-11-18T08:56:21.576558
2,838,1838,-0.000894769036,2025-11-18T08:56:21.576558
2,839,1839,-0.000894765078,2025-11-18T08:56:21.576558
2,840,1840,-0.00089469942,2025-11-18T08:56:21.576558
2,841,1841,-0.000894851749,2025-11-18T08:56:21.576558
2,842,1842,-0.000894861121,2025-11-18T08:56:21.576558
2,843,1843,-0.000894722179,2025-11-18T08:56:21.576558
2,844,1844,-0.000894867989,2025-11-18T08:56:21.576558
2,845,1845,-0.000894755939,2025-11-18T08:56:21.576558
2,846,1846,-0.000894885219,2025-11-18T08:56:21.576558
2,847,1847,-0.000895048491,2025-11-18T08:56:21.576558
2,848,1848,-0.00089494948,2025-11-18T08:56:21.576558
2,849,1849,-0.000895110075,2025-11-18T08:56:21.576558
2,850,1850,-0.000895064265,2025-11-18T08:56:21.576558
2,851,1851,-0.000894980505,2025-11-18T08:56:21.576558
2,852,1852,-0.000894937315,2025-11-18T08:56:21.576558
2,853,1853,-0.000894885801,2025-11-18T08:56:21.576558
2,854,1854,-0.000894943252,2025-11-18T08:56:21.576558
2,855,1855,-0.000894932541,2025-11-18T08:56:21.576558
2,856,1856,-0.000894958095,2025-11-18T08:56:21.576558
2,857,1857,-0.000895104371,2025-11-18T08:56:21.576558
2,858,1858,-0.000895042496,2025-11-18T08:56:21.576558
2,859,1859,-0.000894922122,2025-11-18T08:56:21.576558
2,860,1860,-0.000894794822,2025-11-18T08:56:21.576558
2,861,1861,-0.0008947397,2025-11-18T08:56:21.576558
2,862,1862,-0.000894815661,2025-11-18T08:56:21.576558
2,863,1863,-0.000894728756,2025-11-18T08:56:21.576558
2,864,1864,-0.000894760654,2025-11-18T08:56:21.576558
2,865,1865,-0.000894794065,2025-11-18T08:56:21.576558
2,866,1866,-0.000894698896,2025-11-18T08:56:21.576558
2,867,1867,-0.000894874159,2025-11-18T08:56:21.576558
2,868,1868,-0.000894943426,2025-11-18T08:56:21.576558
2,869,1869,-0.000894892495,2025-11-18T08:56:21.576558
2,870,1870,-0.000894701224,2025-11-18T08:56:21.576558
2,871,1871,-0.000894674449,2025-11-18T08:56:21.576558
2,872,1872,-0.000894644355,2025-11-18T08:56:21.576558
2,873,1873,-0.00089471793,2025-11-18T08:56:21.576558
2,874,1874,-0.000894803262,2025-11-18T08:56:21.576558
2,875,1875,-0.000894876196,2025-11-18T08:56:21.576558
2,876,1876,-0.000894718104,2025-11-18T08:56:21.576558
2,877,1877,-0.000894780561,2025-11-18T08:56:21.576558
2,878,1878,-0.000894716242,2025-11-18T08:56:21.576558
2,879,1879,-0.000894833588,2025-11-18T08:56:21.576558
2,880,1880,-0.000894722354,2025-11-18T08:56:21.576558
2,881,1881,-0.000894853612,2025-11-18T08:56:21.576558
2,882,1882,-0.000894732133,2025-11-18T08:56:21.576558
2,883,1883,-0.000894769502,2025-11-18T08:56:21.576558
2,884,1884,-0.000894604425,2025-11-18T08:56:21.576558
2,885,1885,-0.000894830329,2025-11-18T08:56:21.576558
2,886,1886,-0.000894631841,2025-11-18T08:56:21.576558
2,887,1887,-0.000894741155,2025-11-18T08:56:21.576558
2,888,1888,-0.000894726195,2025-11-18T08:56:21.576558
2,889,1889,-0.000894700468,2025-11-18T08:56:21.576558
2,890,1890,-0.000894694647,2025-11-18T08:56:21.576558
2,891,1891,-0.000894708384,2025-11-18T08:56:21.576558
2,892,1892,-0.000894741795,2025-11-18T08:56:21.576558
2,893,1893,-0.000894692144,2025-11-18T08:56:21.576558
2,894,1894,-0.000894878292,2025-11-18T08:56:21.576558
2,895,1895,-0.000894796918,2025-11-18T08:56:21.576558
2,896,1896,-0.000894774915,2025-11-18T08:56:21.576558
2,897,1897,-0.000894675031,2025-11-18T08:56:21.576558
2,898,1898,-0.000894749304,2025-11-18T08:56:21.576558
2,899,1899,-0.00089468609,2025-11-18T08:56:21.576558
2,900,1900,-0.000894768629,2025-11-18T08:56:21.576558
2,901,1901,-0.000894680677,2025-11-18T08:56:21.576558
2,902,1902,-0.000894821656,2025-11-18T08:56:21.576558
2,903,1903,-0.00089452503,2025-11-18T08:56:21.576558
2,904,1904,-0.000894627359,2025-11-18T08:56:21.576558
2,905,1905,-0.000894638069,2025-11-18T08:56:21.576558
2,906,1906,-0.000894752272,2025-11-18T08:56:21.576558
2,907,1907,-0.00089469942,2025-11-18T08:56:21.576558
2,908,1908,-0.000894769036,2025-11-18T08:56:21.576558
2,909,1909,-0.00089469063,2025-11-18T08:56:21.576558
2,910,1910,-0.000894632248,2025-11-18T08:56:21.576558
2,911,1911,-0.000894721015,2025-11-18T08:56:21.576558
2,912,1912,-0.00089481764,2025-11-18T08:56:21.576558
2,913,1913,-0.00089481048,2025-11-18T08:56:21.576558
2,914,1914,-0.00089476048,2025-11-18T08:56:21.576558
2,915,1915,-0.000894782599,2025-11-18T08:56:21.576558
2,916,1916,-0.000894711818,2025-11-18T08:56:21.576558
2,917,1917,-0.000894747441,2025-11-18T08:56:21.576558
2,918,1918,-0.000894820259,2025-11-18T08:56:21.576558
2,919,1919,-0.000894828059,2025-11-18T08:56:21.576558
2,920,1920,-0.000894710072,2025-11-18T08:56:21.576558
2,921,1921,-0.00089475268,2025-11-18T08:56:21.576558
2,922,1922,-0.000894804659,2025-11-18T08:56:21.576558
2,923,1923,-0.00089479814,2025-11-18T08:56:21.576558
2,924,1924,-0.000894692144,2025-11-18T08:56:21.576558
2,925,1925,-0.0008946312,2025-11-18T08:56:21.576558
2,926,1926,-0.000894784054,2025-11-18T08:56:21.576558
2,927,1927,-0.000894775555,2025-11-18T08:56:21.576558
2,928,1928,-0.000894702621,2025-11-18T08:56:21.576558
2,929,1929,-0.000894815369,2025-11-18T08:56:21.576558
2,930,1930,-0.00089461496,2025-11-18T08:56:21.576558
2,931,1931,-0.000894659722,2025-11-18T08:56:21.576558
2,932,1932,-0.000894600292,2025-11-18T08:56:21.576558
2,933,1933,-0.000894558441,2025-11-18T08:56:21.576558
2,934,1934,-0.000894601631,2025-11-18T08:56:21.576558
2,935,1935,-0.000894722237,2025-11-18T08:56:21.576558
2,936,1936,-0.000894710887,2025-11-18T08:56:21.576558
2,937,1937,-0.000894651398,2025-11-18T08:56:21.576558
2,938,1938,-0.000894649303,2025-11-18T08:56:21.576558
2,939,1939,-0.000894673226,2025-11-18T08:56:21.576558
2,940,1940,-0.000894718687,2025-11-18T08:56:21.576558
2,941,1941,-0.000894591503,2025-11-18T08:56:21.576558
2,942,1942,-0.000894751108,2025-11-18T08:56:21.576558
2,943,1943,-0.000894603959,2025-11-18T08:56:21.576558
2,944,1944,-0.000894645345,2025-11-18T08:56:21.576558
2,945,1945,-0.000894642842,2025-11-18T08:56:21.576558
2,946,1946,-0.000894530734,2025-11-18T08:56:21.576558
2,947,1947,-0.000894548487,2025-11-18T08:56:21.576558
2,948,1948,-0.000894616998,2025-11-18T08:56:21.576558
2,949,1949,-0.000894440978,2025-11-18T08:56:21.576558
2,950,1950,-0.000894449069,2025-11-18T08:56:21.576558
2,951,1951,-0.000894618919,2025-11-18T08:56:21.576558
2,952,1952,-0.000894708617,2025-11-18T08:56:21.576558
2,953,1953,-0.000894668919,2025-11-18T08:56:21.576558
2,954,1954,-0.00089473708,2025-11-18T08:56:21.576558
2,955,1955,-0.000894711643,2025-11-18T08:56:21.576558
2,956,1956,-0.00089472311,2025-11-18T08:56:21.576558
2,957,1957,-0.000894654367,2025-11-18T08:56:21.576558
2,958,1958,-0.000894628348,2025-11-18T08:56:21.576558
2,959,1959,-0.000894753029,2025-11-18T08:56:21.576558
2,960,1960,-0.000894705997,2025-11-18T08:56:21.576558
2,961,1961,-0.000894625089,2025-11-18T08:56:21.576558
2,962,1962,-0.000894734112,2025-11-18T08:56:21.576558
2,963,1963,-0.000894823169,2025-11-18T08:56:21.576558
2,964,1964,-0.000894684344,2025-11-18T08:56:21.576558
2,965,1965,-0.000894658209,2025-11-18T08:56:21.576558
2,966,1966,-0.000894816534,2025-11-18T08:56:21.576558
2,967,1967,-0.000894848257,2025-11-18T08:56:21.576558
2,968,1968,-0.000894893484,2025-11-18T08:56:21.576558
2,969,1969,-0.000895043078,2025-11-18T08:56:21.576558
2,970,1970,-0.000894871714,2025-11-18T08:56:21.576558
2,971,1971,-0.00089497125,2025-11-18T08:56:21.576558
2,972,1972,-0.000894915254,2025-11-18T08:56:21.576558
2,973,1973,-0.000894798664,2025-11-18T08:56:21.576558
2,974,1974,-0.000894783763,2025-11-18T08:56:21.576558
2,975,1975,-0.000894869852,2025-11-18T08:56:21.576558
2,976,1976,-0.000894955068,2025-11-18T08:56:21.576558
2,977,1977,-0.00089495629,2025-11-18T08:56:21.576558
2,978,1978,-0.000894946628,2025-11-18T08:56:21.576558
2,979,1979,-0.000894849479,2025-11-18T08:56:21.576558
2,980,1980,-0.000894929282,2025-11-18T08:56:21.576558
2,981,1981,-0.000894891738,2025-11-18T08:56:21.576558
2,982,1982,-0.000894812284,2025-11-18T08:56:21.576558
2,983,1983,-0.000894989934,2025-11-18T08:56:21.576558
2,984,1984,-0.000894907221,2025-11-18T08:56:21.576558
2,985,1985,-0.000894989352,2025-11-18T08:56:21.576558
2,986,1986,-0.000894880155,2025-11-18T08:56:21.576558
2,987,1987,-0.000894937547,2025-11-18T08:56:21.576558
2,988,1988,-0.000894891505,2025-11-18T08:56:21.576558
2,989,1989,-0.000894861936,2025-11-18T08:56:21.576558
2,990,1990,-0.000894791446,2025-11-18T08:56:21.576558
2,991,1991,-0.000894792843,2025-11-18T08:56:21.576558
2,992,1992,-0.000894884928,2025-11-18T08:56:21.576558
2,993,1993,-0.000894873228,2025-11-18T08:56:21.576558
2,994,1994,-0.000894914555,2025-11-18T08:56:21.576558
2,995,1995,-0.000894680095,2025-11-18T08:56:21.576558
2,996,1996,-0.000894818222,2025-11-18T08:56:21.576558
2,997,1997,-0.000894744298,2025-11-18T08:56:21.576558
2,998,1998,-0.000894711643,2025-11-18T08:56:21.576558
2,999,1999,-0.000894889468,2025-11-18T08:56:21.576558
2,1000,2000,-0.000894685275,2025-11-18T08:56:21.576558
