Block,Sample_In_Block,Global_Sample,Voltage_V,Timestamp
1,1,1,-0.000887788366,2025-11-18T09:04:12.768681
1,2,2,-0.000887460424,2025-11-18T09:04:12.768681
1,3,3,-0.000887512229,2025-11-18T09:04:12.768681
1,4,4,-0.000887247617,2025-11-18T09:04:12.768681
1,5,5,-0.000887666305,2025-11-18T09:04:12.768681
1,6,6,-0.000887935922,2025-11-18T09:04:12.768681
1,7,7,-0.000888046226,2025-11-18T09:04:12.768681
1,8,8,-0.00088819157,2025-11-18T09:04:12.768681
1,9,9,-0.000888022943,2025-11-18T09:04:12.768681
1,10,10,-0.000888009846,2025-11-18T09:04:12.768681
1,11,11,-0.000887905887,2025-11-18T09:04:12.768681
1,12,12,-0.000887993606,2025-11-18T09:04:12.768681
1,13,13,-0.000887965259,2025-11-18T09:04:12.768681
1,14,14,-0.000888118287,2025-11-18T09:04:12.768681
1,15,15,-0.00088801136,2025-11-18T09:04:12.768681
1,16,16,-0.000888018868,2025-11-18T09:04:12.768681
1,17,17,-0.000888052105,2025-11-18T09:04:12.768681
1,18,18,-0.000887877482,2025-11-18T09:04:12.768681
1,19,19,-0.000887907692,2025-11-18T09:04:12.768681
1,20,20,-0.000887986563,2025-11-18T09:04:12.768681
1,21,21,-0.000887914095,2025-11-18T09:04:12.768681
1,22,22,-0.000887939124,2025-11-18T09:04:12.768681
1,23,23,-0.000887955015,2025-11-18T09:04:12.768681
1,24,24,-0.000887858099,2025-11-18T09:04:12.768681
1,25,25,-0.00088793924,2025-11-18T09:04:12.768681
1,26,26,-0.000887803384,2025-11-18T09:04:12.768681
1,27,27,-0.000887859729,2025-11-18T09:04:12.768681
1,28,28,-0.000887724512,2025-11-18T09:04:12.768681
1,29,29,-0.000887860078,2025-11-18T09:04:12.768681
1,30,30,-0.000887858972,2025-11-18T09:04:12.768681
1,31,31,-0.000887927482,2025-11-18T09:04:12.768681
1,32,32,-0.00088785612,2025-11-18T09:04:12.768681
1,33,33,-0.000887902686,2025-11-18T09:04:12.768681
1,34,34,-0.000887945236,2025-11-18T09:04:12.768681
1,35,35,-0.000887781789,2025-11-18T09:04:12.768681
1,36,36,-0.000887516653,2025-11-18T09:04:12.768681
1,37,37,-0.000887346628,2025-11-18T09:04:12.768681
1,38,38,-0.000887491216,2025-11-18T09:04:12.768681
1,39,39,-0.000887512811,2025-11-18T09:04:12.768681
1,40,40,-0.000887681264,2025-11-18T09:04:12.768681
1,41,41,-0.000887668691,2025-11-18T09:04:12.768681
1,42,42,-0.000887874746,2025-11-18T09:04:12.768681
1,43,43,-0.00088792009,2025-11-18T09:04:12.768681
1,44,44,-0.000887802743,2025-11-18T09:04:12.768681
1,45,45,-0.000887915317,2025-11-18T09:04:12.768681
1,46,46,-0.000887823582,2025-11-18T09:04:12.768681
1,47,47,-0.000887799134,2025-11-18T09:04:12.768681
1,48,48,-0.000887897622,2025-11-18T09:04:12.768681
1,49,49,-0.000887855887,2025-11-18T09:04:12.768681
1,50,50,-0.000887844711,2025-11-18T09:04:12.768681
1,51,51,-0.000887613568,2025-11-18T09:04:12.768681
1,52,52,-0.000887553964,2025-11-18T09:04:12.768681
1,53,53,-0.000887752103,2025-11-18T09:04:12.768681
1,54,54,-0.000887788366,2025-11-18T09:04:12.768681
1,55,55,-0.000887712405,2025-11-18T09:04:12.768681
1,56,56,-0.000887802161,2025-11-18T09:04:12.768681
1,57,57,-0.000887823873,2025-11-18T09:04:12.768681
1,58,58,-0.000887806469,2025-11-18T09:04:12.768681
1,59,59,-0.000887785805,2025-11-18T09:04:12.768681
1,60,60,-0.000887721136,2025-11-18T09:04:12.768681
1,61,61,-0.000887731381,2025-11-18T09:04:12.768681
1,62,62,-0.00088796654,2025-11-18T09:04:12.768681
1,63,63,-0.000887744245,2025-11-18T09:04:12.768681
1,64,64,-0.000887812988,2025-11-18T09:04:12.768681
1,65,65,-0.000887876725,2025-11-18T09:04:12.768681
1,66,66,-0.000887848087,2025-11-18T09:04:12.768681
1,67,67,-0.000887769041,2025-11-18T09:04:12.768681
1,68,68,-0.00088776939,2025-11-18T09:04:12.768681
1,69,69,-0.00088776939,2025-11-18T09:04:12.768681
1,70,70,-0.000887905713,2025-11-18T09:04:12.768681
1,71,71,-0.000887889938,2025-11-18T09:04:12.768681
1,72,72,-0.000887843372,2025-11-18T09:04:12.768681
1,73,73,-0.000887887668,2025-11-18T09:04:12.768681
1,74,74,-0.000887937902,2025-11-18T09:04:12.768681
1,75,75,-0.00088801037,2025-11-18T09:04:12.768681
1,76,76,-0.000887945818,2025-11-18T09:04:12.768681
1,77,77,-0.000887914618,2025-11-18T09:04:12.768681
1,78,78,-0.000887668866,2025-11-18T09:04:12.768681
1,79,79,-0.000887722999,2025-11-18T09:04:12.768681
1,80,80,-0.000887824222,2025-11-18T09:04:12.768681
1,81,81,-0.000887801346,2025-11-18T09:04:12.768681
1,82,82,-0.000887836911,2025-11-18T09:04:12.768681
1,83,83,-0.000887776375,2025-11-18T09:04:12.768681
1,84,84,-0.000887651694,2025-11-18T09:04:12.768681
1,85,85,-0.000887826317,2025-11-18T09:04:12.768681
1,86,86,-0.00088768237,2025-11-18T09:04:12.768681
1,87,87,-0.000887437257,2025-11-18T09:04:12.768681
1,88,88,-0.000887476606,2025-11-18T09:04:12.768681
1,89,89,-0.000887426082,2025-11-18T09:04:12.768681
1,90,90,-0.00088734203,2025-11-18T09:04:12.768681
1,91,91,-0.000887485803,2025-11-18T09:04:12.768681
1,92,92,-0.000887492089,2025-11-18T09:04:12.768681
1,93,93,-0.000887550762,2025-11-18T09:04:12.768681
1,94,94,-0.000887559086,2025-11-18T09:04:12.768681
1,95,95,-0.000887300295,2025-11-18T09:04:12.768681
1,96,96,-0.000887343543,2025-11-18T09:04:12.768681
1,97,97,-0.000887230911,2025-11-18T09:04:12.768681
1,98,98,-0.000887284229,2025-11-18T09:04:12.768681
1,99,99,-0.000887172762,2025-11-18T09:04:12.768681
1,100,100,-0.000887306639,2025-11-18T09:04:12.768681
1,101,101,-0.000887128466,2025-11-18T09:04:12.768681
1,102,102,-0.000887142668,2025-11-18T09:04:12.768681
1,103,103,-0.000887185626,2025-11-18T09:04:12.768681
1,104,104,-0.00088717608,2025-11-18T09:04:12.768681
1,105,105,-0.000887128175,2025-11-18T09:04:12.768681
1,106,106,-0.000887227884,2025-11-18T09:04:12.768681
1,107,107,-0.000887316127,2025-11-18T09:04:12.768681
1,108,108,-0.00088722282,2025-11-18T09:04:12.768681
1,109,109,-0.000887233356,2025-11-18T09:04:12.768681
1,110,110,-0.00088737742,2025-11-18T09:04:12.768681
1,111,111,-0.000886978465,2025-11-18T09:04:12.768681
1,112,112,-0.00088710105,2025-11-18T09:04:12.768681
1,113,113,-0.000886778521,2025-11-18T09:04:12.768681
1,114,114,-0.000886744994,2025-11-18T09:04:12.768681
1,115,115,-0.000887501169,2025-11-18T09:04:12.768681
1,116,116,-0.000887292204,2025-11-18T09:04:12.768681
1,117,117,-0.000887297268,2025-11-18T09:04:12.768681
1,118,118,-0.000887100701,2025-11-18T09:04:12.768681
1,119,119,-0.000887112109,2025-11-18T09:04:12.768681
1,120,120,-0.000887184694,2025-11-18T09:04:12.768681
1,121,121,-0.00088731409,2025-11-18T09:04:12.768681
1,122,122,-0.000887328991,2025-11-18T09:04:12.768681
1,123,123,-0.000887232017,2025-11-18T09:04:12.768681
1,124,124,-0.000887239351,2025-11-18T09:04:12.768681
1,125,125,-0.000887509086,2025-11-18T09:04:12.768681
1,126,126,-0.000887242436,2025-11-18T09:04:12.768681
1,127,127,-0.000887311063,2025-11-18T09:04:12.768681
1,128,128,-0.000887329399,2025-11-18T09:04:12.768681
1,129,129,-0.000887255766,2025-11-18T09:04:12.768681
1,130,130,-0.000887283124,2025-11-18T09:04:12.768681
1,131,131,-0.000887284346,2025-11-18T09:04:12.768681
1,132,132,-0.000887277361,2025-11-18T09:04:12.768681
1,133,133,-0.000887221074,2025-11-18T09:04:12.768681
1,134,134,-0.000886602327,2025-11-18T09:04:12.768681
1,135,135,-0.000886438356,2025-11-18T09:04:12.768681
1,136,136,-0.00088659476,2025-11-18T09:04:12.768681
1,137,137,-0.000885262736,2025-11-18T09:04:12.768681
1,138,138,-0.000885022804,2025-11-18T09:04:12.768681
1,139,139,-0.00088520802,2025-11-18T09:04:12.768681
1,140,140,-0.000885206216,2025-11-18T09:04:12.768681
1,141,141,-0.000885386776,2025-11-18T09:04:12.768681
1,142,142,-0.000885233806,2025-11-18T09:04:12.768681
1,143,143,-0.000885291839,2025-11-18T09:04:12.768681
1,144,144,-0.00088528078,2025-11-18T09:04:12.768681
1,145,145,-0.000885158253,2025-11-18T09:04:12.768681
1,146,146,-0.000885326648,2025-11-18T09:04:12.768681
1,147,147,-0.000885312096,2025-11-18T09:04:12.768681
1,148,148,-0.000885334913,2025-11-18T09:04:12.768681
1,149,149,-0.000885284622,2025-11-18T09:04:12.768681
1,150,150,-0.000885404297,2025-11-18T09:04:12.768681
1,151,151,-0.000885265297,2025-11-18T09:04:12.768681
1,152,152,-0.000885368091,2025-11-18T09:04:12.768681
1,153,153,-0.000885320478,2025-11-18T09:04:12.768681
1,154,154,-0.000885425892,2025-11-18T09:04:12.768681
1,155,155,-0.000885417102,2025-11-18T09:04:12.768681
1,156,156,-0.000885317102,2025-11-18T09:04:12.768681
1,157,157,-0.000885314948,2025-11-18T09:04:12.768681
1,158,158,-0.000885364715,2025-11-18T09:04:12.768681
1,159,159,-0.000885296729,2025-11-18T09:04:12.768681
1,160,160,-0.000885515008,2025-11-18T09:04:12.768681
1,161,161,-0.000885398592,2025-11-18T09:04:12.768681
1,162,162,-0.000885359186,2025-11-18T09:04:12.768681
1,163,163,-0.000885345274,2025-11-18T09:04:12.768681
1,164,164,-0.000885226763,2025-11-18T09:04:12.768681
1,165,165,-0.000885197019,2025-11-18T09:04:12.768681
1,166,166,-0.000885253073,2025-11-18T09:04:12.768681
1,167,167,-0.000885456043,2025-11-18T09:04:12.768681
1,168,168,-0.000885133922,2025-11-18T09:04:12.768681
1,169,169,-0.000885187648,2025-11-18T09:04:12.768681
1,170,170,-0.000885279558,2025-11-18T09:04:12.768681
1,171,171,-0.000885286484,2025-11-18T09:04:12.768681
1,172,172,-0.000885220943,2025-11-18T09:04:12.768681
1,173,173,-0.000885287066,2025-11-18T09:04:12.768681
1,174,174,-0.000885273737,2025-11-18T09:04:12.768681
1,175,175,-0.000885363318,2025-11-18T09:04:12.768681
1,176,176,-0.000885451096,2025-11-18T09:04:12.768681
1,177,177,-0.00088534929,2025-11-18T09:04:12.768681
1,178,178,-0.000885371526,2025-11-18T09:04:12.768681
1,179,179,-0.000885304703,2025-11-18T09:04:12.768681
1,180,180,-0.000885443179,2025-11-18T09:04:12.768681
1,181,181,-0.00088546815,2025-11-18T09:04:12.768681
1,182,182,-0.000885300745,2025-11-18T09:04:12.768681
1,183,183,-0.000885222281,2025-11-18T09:04:12.768681
1,184,184,-0.000885405752,2025-11-18T09:04:12.768681
1,185,185,-0.000885219254,2025-11-18T09:04:12.768681
1,186,186,-0.000885406741,2025-11-18T09:04:12.768681
1,187,187,-0.000885316927,2025-11-18T09:04:12.768681
1,188,188,-0.000885347893,2025-11-18T09:04:12.768681
1,189,189,-0.00088547857,2025-11-18T09:04:12.768681
1,190,190,-0.000885350513,2025-11-18T09:04:12.768681
1,191,191,-0.000885319837,2025-11-18T09:04:12.768681
1,192,192,-0.000885402318,2025-11-18T09:04:12.768681
1,193,193,-0.000885222747,2025-11-18T09:04:12.768681
1,194,194,-0.000885302841,2025-11-18T09:04:12.768681
1,195,195,-0.000885272689,2025-11-18T09:04:12.768681
1,196,196,-0.000885266519,2025-11-18T09:04:12.768681
1,197,197,-0.00088540581,2025-11-18T09:04:12.768681
1,198,198,-0.000885417102,2025-11-18T09:04:12.768681
1,199,199,-0.00088541297,2025-11-18T09:04:12.768681
1,200,200,-0.000885502318,2025-11-18T09:04:12.768681
1,201,201,-0.000885449175,2025-11-18T09:04:12.768681
1,202,202,-0.000885376124,2025-11-18T09:04:12.768681
1,203,203,-0.000885277753,2025-11-18T09:04:12.768681
1,204,204,-0.000885441375,2025-11-18T09:04:12.768681
1,205,205,-0.000885534915,2025-11-18T09:04:12.768681
1,206,206,-0.000885373796,2025-11-18T09:04:12.768681
1,207,207,-0.000885497429,2025-11-18T09:04:12.768681
1,208,208,-0.000885299057,2025-11-18T09:04:12.768681
1,209,209,-0.000885380548,2025-11-18T09:04:12.768681
1,210,210,-0.000885257497,2025-11-18T09:04:12.768681
1,211,211,-0.000885243585,2025-11-18T09:04:12.768681
1,212,212,-0.000885233923,2025-11-18T09:04:12.768681
1,213,213,-0.000885316811,2025-11-18T09:04:12.768681
1,214,214,-0.000885337358,2025-11-18T09:04:12.768681
1,215,215,-0.000885374553,2025-11-18T09:04:12.768681
1,216,216,-0.000885462155,2025-11-18T09:04:12.768681
1,217,217,-0.000885202549,2025-11-18T09:04:12.768681
1,218,218,-0.000885351386,2025-11-18T09:04:12.768681
1,219,219,-0.000885256449,2025-11-18T09:04:12.768681
1,220,220,-0.000885268673,2025-11-18T09:04:12.768681
1,221,221,-0.00088514341,2025-11-18T09:04:12.768681
1,222,222,-0.00088541588,2025-11-18T09:04:12.768681
1,223,223,-0.000885258428,2025-11-18T09:04:12.768681
1,224,224,-0.000885158602,2025-11-18T09:04:12.768681
1,225,225,-0.000885118264,2025-11-18T09:04:12.768681
1,226,226,-0.000885123328,2025-11-18T09:04:12.768681
1,227,227,-0.000885072513,2025-11-18T09:04:12.768681
1,228,228,-0.000885243411,2025-11-18T09:04:12.768681
1,229,229,-0.00088562665,2025-11-18T09:04:12.768681
1,230,230,-0.000885437824,2025-11-18T09:04:12.768681
1,231,231,-0.000885537185,2025-11-18T09:04:12.768681
1,232,232,-0.000885408255,2025-11-18T09:04:12.768681
1,233,233,-0.000885387707,2025-11-18T09:04:12.768681
1,234,234,-0.000885577988,2025-11-18T09:04:12.768681
1,235,235,-0.000885347544,2025-11-18T09:04:12.768681
1,236,236,-0.000885351852,2025-11-18T09:04:12.768681
1,237,237,-0.000885306042,2025-11-18T09:04:12.768681
1,238,238,-0.000886890979,2025-11-18T09:04:12.768681
1,239,239,-0.000886993773,2025-11-18T09:04:12.768681
1,240,240,-0.000886998663,2025-11-18T09:04:12.768681
1,241,241,-0.000886906054,2025-11-18T09:04:12.768681
1,242,242,-0.000886961235,2025-11-18T09:04:12.768681
1,243,243,-0.000887081958,2025-11-18T09:04:12.768681
1,244,244,-0.000886949361,2025-11-18T09:04:12.768681
1,245,245,-0.000886980094,2025-11-18T09:04:12.768681
1,246,246,-0.000887243251,2025-11-18T09:04:12.768681
1,247,247,-0.000886982597,2025-11-18T09:04:12.768681
1,248,248,-0.000886918278,2025-11-18T09:04:12.768681
1,249,249,-0.000886885798,2025-11-18T09:04:12.768681
1,250,250,-0.000886790396,2025-11-18T09:04:12.768681
1,251,251,-0.000886886264,2025-11-18T09:04:12.768681
1,252,252,-0.000886907393,2025-11-18T09:04:12.768681
1,253,253,-0.000886905007,2025-11-18T09:04:12.768681
1,254,254,-0.000886795867,2025-11-18T09:04:12.768681
1,255,255,-0.000886790105,2025-11-18T09:04:12.768681
1,256,256,-0.000886781373,2025-11-18T09:04:12.768681
1,257,257,-0.000886882422,2025-11-18T09:04:12.768681
1,258,258,-0.000886900699,2025-11-18T09:04:12.768681
1,259,259,-0.000886835157,2025-11-18T09:04:12.768681
1,260,260,-0.000886849535,2025-11-18T09:04:12.768681
1,261,261,-0.000886959314,2025-11-18T09:04:12.768681
1,262,262,-0.00088682695,2025-11-18T09:04:12.768681
1,263,263,-0.000886865251,2025-11-18T09:04:12.768681
1,264,264,-0.000886948371,2025-11-18T09:04:12.768681
1,265,265,-0.000886856054,2025-11-18T09:04:12.768681
1,266,266,-0.000886926136,2025-11-18T09:04:12.768681
1,267,267,-0.000886893481,2025-11-18T09:04:12.768681
1,268,268,-0.00088687404,2025-11-18T09:04:12.768681
1,269,269,-0.000886902969,2025-11-18T09:04:12.768681
1,270,270,-0.000886936613,2025-11-18T09:04:12.768681
1,271,271,-0.000886994181,2025-11-18T09:04:12.768681
1,272,272,-0.000887084577,2025-11-18T09:04:12.768681
1,273,273,-0.00088703999,2025-11-18T09:04:12.768681
1,274,274,-0.00088698056,2025-11-18T09:04:12.768681
1,275,275,-0.000886912748,2025-11-18T09:04:12.768681
1,276,276,-0.000886882713,2025-11-18T09:04:12.768681
1,277,277,-0.000886800466,2025-11-18T09:04:12.768681
1,278,278,-0.00088683865,2025-11-18T09:04:12.768681
1,279,279,-0.000886816123,2025-11-18T09:04:12.768681
1,280,280,-0.000886876427,2025-11-18T09:04:12.768681
1,281,281,-0.000886734633,2025-11-18T09:04:12.768681
1,282,282,-0.000886890455,2025-11-18T09:04:12.768681
1,283,283,-0.000886815192,2025-11-18T09:04:12.768681
1,284,284,-0.000886926893,2025-11-18T09:04:12.768681
1,285,285,-0.000886987138,2025-11-18T09:04:12.768681
1,286,286,-0.000887021189,2025-11-18T09:04:12.768681
1,287,287,-0.000887163507,2025-11-18T09:04:12.768681
1,288,288,-0.000887062866,2025-11-18T09:04:12.768681
1,289,289,-0.000887071422,2025-11-18T09:04:12.768681
1,290,290,-0.000886965135,2025-11-18T09:04:12.768681
1,291,291,-0.000887009373,2025-11-18T09:04:12.768681
1,292,292,-0.000886940164,2025-11-18T09:04:12.768681
1,293,293,-0.000887203321,2025-11-18T09:04:12.768681
1,294,294,-0.000886844005,2025-11-18T09:04:12.768681
1,295,295,-0.00088725693,2025-11-18T09:04:12.768681
1,296,296,-0.000887053844,2025-11-18T09:04:12.768681
1,297,297,-0.000887054135,2025-11-18T09:04:12.768681
1,298,298,-0.000887039816,2025-11-18T09:04:12.768681
1,299,299,-0.000887177535,2025-11-18T09:04:12.768681
1,300,300,-0.000887118163,2025-11-18T09:04:12.768681
1,301,301,-0.00088709197,2025-11-18T09:04:12.768681
1,302,302,-0.000887024216,2025-11-18T09:04:12.768681
1,303,303,-0.000886913563,2025-11-18T09:04:12.768681
1,304,304,-0.000886918569,2025-11-18T09:04:12.768681
1,305,305,-0.000887043424,2025-11-18T09:04:12.768681
1,306,306,-0.000887067872,2025-11-18T09:04:12.768681
1,307,307,-0.00088709098,2025-11-18T09:04:12.768681
1,308,308,-0.000887086847,2025-11-18T09:04:12.768681
1,309,309,-0.000886988884,2025-11-18T09:04:12.768681
1,310,310,-0.00088711956,2025-11-18T09:04:12.768681
1,311,311,-0.000887081259,2025-11-18T09:04:12.768681
1,312,312,-0.000886924157,2025-11-18T09:04:12.768681
1,313,313,-0.00088710495,2025-11-18T09:04:12.768681
1,314,314,-0.000886975496,2025-11-18T09:04:12.768681
1,315,315,-0.000887248199,2025-11-18T09:04:12.768681
1,316,316,-0.000887096684,2025-11-18T09:04:12.768681
1,317,317,-0.000887079804,2025-11-18T09:04:12.768681
1,318,318,-0.00088712736,2025-11-18T09:04:12.768681
1,319,319,-0.000887189176,2025-11-18T09:04:12.768681
1,320,320,-0.000887068628,2025-11-18T09:04:12.768681
1,321,321,-0.000887107453,2025-11-18T09:04:12.768681
1,322,322,-0.000886968628,2025-11-18T09:04:12.768681
1,323,323,-0.00088640023,2025-11-18T09:04:12.768681
1,324,324,-0.000886621768,2025-11-18T09:04:12.768681
1,325,325,-0.000886561872,2025-11-18T09:04:12.768681
1,326,326,-0.00088671362,2025-11-18T09:04:12.768681
1,327,327,-0.000886776717,2025-11-18T09:04:12.768681
1,328,328,-0.00088674121,2025-11-18T09:04:12.768681
1,329,329,-0.00088669575,2025-11-18T09:04:12.768681
1,330,330,-0.000886673049,2025-11-18T09:04:12.768681
1,331,331,-0.000886551686,2025-11-18T09:04:12.768681
1,332,332,-0.00088652427,2025-11-18T09:04:12.768681
1,333,333,-0.000886695517,2025-11-18T09:04:12.768681
1,334,334,-0.000886987778,2025-11-18T09:04:12.768681
1,335,335,-0.00088695879,2025-11-18T09:04:12.768681
1,336,336,-0.000886784517,2025-11-18T09:04:12.768681
1,337,337,-0.000886979163,2025-11-18T09:04:12.768681
1,338,338,-0.00088688702,2025-11-18T09:04:12.768681
1,339,339,-0.000886803434,2025-11-18T09:04:12.768681
1,340,340,-0.000886714551,2025-11-18T09:04:12.768681
1,341,341,-0.00088688702,2025-11-18T09:04:12.768681
1,342,342,-0.000886858266,2025-11-18T09:04:12.768681
1,343,343,-0.000886819907,2025-11-18T09:04:12.768681
1,344,344,-0.000886861467,2025-11-18T09:04:12.768681
1,345,345,-0.000886968045,2025-11-18T09:04:12.768681
1,346,346,-0.000886832538,2025-11-18T09:04:12.768681
1,347,347,-0.000886829919,2025-11-18T09:04:12.768681
1,348,348,-0.000886707042,2025-11-18T09:04:12.768681
1,349,349,-0.000886755646,2025-11-18T09:04:12.768681
1,350,350,-0.000886689929,2025-11-18T09:04:12.768681
1,351,351,-0.000886667403,2025-11-18T09:04:12.768681
1,352,352,-0.000886701862,2025-11-18T09:04:12.768681
1,353,353,-0.000886764843,2025-11-18T09:04:12.768681
1,354,354,-0.000886842899,2025-11-18T09:04:12.768681
1,355,355,-0.000886866822,2025-11-18T09:04:12.768681
1,356,356,-0.00088691106,2025-11-18T09:04:12.768681
1,357,357,-0.000887049827,2025-11-18T09:04:12.768681
1,358,358,-0.000886983529,2025-11-18T09:04:12.768681
1,359,359,-0.000886969559,2025-11-18T09:04:12.768681
1,360,360,-0.000886873691,2025-11-18T09:04:12.768681
1,361,361,-0.000886878347,2025-11-18T09:04:12.768681
1,362,362,-0.000886785972,2025-11-18T09:04:12.768681
1,363,363,-0.000886578869,2025-11-18T09:04:12.768681
1,364,364,-0.00088704325,2025-11-18T09:04:12.768681
1,365,365,-0.00088677986,2025-11-18T09:04:12.768681
1,366,366,-0.000886349822,2025-11-18T09:04:12.768681
1,367,367,-0.000886635505,2025-11-18T09:04:12.768681
1,368,368,-0.000886591849,2025-11-18T09:04:12.768681
1,369,369,-0.000886595051,2025-11-18T09:04:12.768681
1,370,370,-0.000886626832,2025-11-18T09:04:12.768681
1,371,371,-0.000886350171,2025-11-18T09:04:12.768681
1,372,372,-0.000886577297,2025-11-18T09:04:12.768681
1,373,373,-0.000886550697,2025-11-18T09:04:12.768681
1,374,374,-0.000886634574,2025-11-18T09:04:12.768681
1,375,375,-0.000886572059,2025-11-18T09:04:12.768681
1,376,376,-0.000886577472,2025-11-18T09:04:12.768681
1,377,377,-0.000886533816,2025-11-18T09:04:12.768681
1,378,378,-0.000886604131,2025-11-18T09:04:12.768681
1,379,379,-0.000886548543,2025-11-18T09:04:12.768681
1,380,380,-0.000886495923,2025-11-18T09:04:12.768681
1,381,381,-0.000886451045,2025-11-18T09:04:12.768681
1,382,382,-0.000886534748,2025-11-18T09:04:12.768681
1,383,383,-0.000886668101,2025-11-18T09:04:12.768681
1,384,384,-0.000886467809,2025-11-18T09:04:12.768681
1,385,385,-0.000886603957,2025-11-18T09:04:12.768681
1,386,386,-0.000886602152,2025-11-18T09:04:12.768681
1,387,387,-0.000886687776,2025-11-18T09:04:12.768681
1,388,388,-0.000886678695,2025-11-18T09:04:12.768681
1,389,389,-0.000886286376,2025-11-18T09:04:12.768681
1,390,390,-0.000886462919,2025-11-18T09:04:12.768681
1,391,391,-0.000886463676,2025-11-18T09:04:12.768681
1,392,392,-0.000886382418,2025-11-18T09:04:12.768681
1,393,393,-0.000886372057,2025-11-18T09:04:12.768681
1,394,394,-0.000886194349,2025-11-18T09:04:12.768681
1,395,395,-0.00088646193,2025-11-18T09:04:12.768681
1,396,396,-0.000886596448,2025-11-18T09:04:12.768681
1,397,397,-0.000886547146,2025-11-18T09:04:12.768681
1,398,398,-0.00088648952,2025-11-18T09:04:12.768681
1,399,399,-0.000886464433,2025-11-18T09:04:12.768681
1,400,400,-0.000886418565,2025-11-18T09:04:12.768681
1,401,401,-0.000886537774,2025-11-18T09:04:12.768681
1,402,402,-0.000886483991,2025-11-18T09:04:12.768681
1,403,403,-0.00088655384,2025-11-18T09:04:12.768681
1,404,404,-0.000886425666,2025-11-18T09:04:12.768681
1,405,405,-0.000886499648,2025-11-18T09:04:12.768681
1,406,406,-0.000886413443,2025-11-18T09:04:12.768681
1,407,407,-0.000886693072,2025-11-18T09:04:12.768681
1,408,408,-0.000886488298,2025-11-18T09:04:12.768681
1,409,409,-0.000886308203,2025-11-18T09:04:12.768681
1,410,410,-0.000886405934,2025-11-18T09:04:12.768681
1,411,411,-0.000886553723,2025-11-18T09:04:12.768681
1,412,412,-0.000886431313,2025-11-18T09:04:12.768681
1,413,413,-0.000886471185,2025-11-18T09:04:12.768681
1,414,414,-0.00088630052,2025-11-18T09:04:12.768681
1,415,415,-0.000886567228,2025-11-18T09:04:12.768681
1,416,416,-0.000886782247,2025-11-18T09:04:12.768681
1,417,417,-0.000886768801,2025-11-18T09:04:12.768681
1,418,418,-0.000886600115,2025-11-18T09:04:12.768681
1,419,419,-0.000886603957,2025-11-18T09:04:12.768681
1,420,420,-0.000886538065,2025-11-18T09:04:12.768681
1,421,421,-0.000886455993,2025-11-18T09:04:12.768681
1,422,422,-0.000886512512,2025-11-18T09:04:12.768681
1,423,423,-0.000886417401,2025-11-18T09:04:12.768681
1,424,424,-0.000886286725,2025-11-18T09:04:12.768681
1,425,425,-0.000886082707,2025-11-18T09:04:12.768681
1,426,426,-0.000886395981,2025-11-18T09:04:12.768681
1,427,427,-0.000886224675,2025-11-18T09:04:12.768681
1,428,428,-0.000886480615,2025-11-18T09:04:12.768681
1,429,429,-0.000886534922,2025-11-18T09:04:12.768681
1,430,430,-0.000886573281,2025-11-18T09:04:12.768681
1,431,431,-0.000886425958,2025-11-18T09:04:12.768681
1,432,432,-0.000886340974,2025-11-18T09:04:12.768681
1,433,433,-0.000886087538,2025-11-18T09:04:12.768681
1,434,434,-0.000886513618,2025-11-18T09:04:12.768681
1,435,435,-0.000886491325,2025-11-18T09:04:12.768681
1,436,436,-0.000886447553,2025-11-18T09:04:12.768681
1,437,437,-0.00088642654,2025-11-18T09:04:12.768681
1,438,438,-0.000886645168,2025-11-18T09:04:12.768681
1,439,439,-0.000886589754,2025-11-18T09:04:12.768681
1,440,440,-0.000886569614,2025-11-18T09:04:12.768681
1,441,441,-0.000886478461,2025-11-18T09:04:12.768681
1,442,442,-0.000886266818,2025-11-18T09:04:12.768681
1,443,443,-0.000886269554,2025-11-18T09:04:12.768681
1,444,444,-0.000886212452,2025-11-18T09:04:12.768681
1,445,445,-0.000886156805,2025-11-18T09:04:12.768681
1,446,446,-0.000886199297,2025-11-18T09:04:12.768681
1,447,447,-0.000886152964,2025-11-18T09:04:12.768681
1,448,448,-0.000886494235,2025-11-18T09:04:12.768681
1,449,449,-0.000886476191,2025-11-18T09:04:12.768681
1,450,450,-0.000886414956,2025-11-18T09:04:12.768681
1,451,451,-0.000886493944,2025-11-18T09:04:12.768681
1,452,452,-0.000886514491,2025-11-18T09:04:12.768681
1,453,453,-0.000886429625,2025-11-18T09:04:12.768681
1,454,454,-0.000886367401,2025-11-18T09:04:12.768681
1,455,455,-0.000886246853,2025-11-18T09:04:12.768681
1,456,456,-0.000886006746,2025-11-18T09:04:12.768681
1,457,457,-0.000886331137,2025-11-18T09:04:12.768681
1,458,458,-0.000886371883,2025-11-18T09:04:12.768681
1,459,459,-0.000886093068,2025-11-18T09:04:12.768681
1,460,460,-0.000886093243,2025-11-18T09:04:12.768681
1,461,461,-0.000886016001,2025-11-18T09:04:12.768681
1,462,462,-0.000886062043,2025-11-18T09:04:12.768681
1,463,463,-0.000886181194,2025-11-18T09:04:12.768681
1,464,464,-0.000886073801,2025-11-18T09:04:12.768681
1,465,465,-0.000886327354,2025-11-18T09:04:12.768681
1,466,466,-0.000886146561,2025-11-18T09:04:12.768681
1,467,467,-0.000886026129,2025-11-18T09:04:12.768681
1,468,468,-0.000886113732,2025-11-18T09:04:12.768681
1,469,469,-0.000885960704,2025-11-18T09:04:12.768681
1,470,470,-0.000886101974,2025-11-18T09:04:12.768681
1,471,471,-0.000886146211,2025-11-18T09:04:12.768681
1,472,472,-0.000886111985,2025-11-18T09:04:12.768681
1,473,473,-0.000886135385,2025-11-18T09:04:12.768681
1,474,474,-0.000886030436,2025-11-18T09:04:12.768681
1,475,475,-0.000886254245,2025-11-18T09:04:12.768681
1,476,476,-0.000886384455,2025-11-18T09:04:12.768681
1,477,477,-0.000886400695,2025-11-18T09:04:12.768681
1,478,478,-0.000886324734,2025-11-18T09:04:12.768681
1,479,479,-0.000886205234,2025-11-18T09:04:12.768681
1,480,480,-0.000886196154,2025-11-18T09:04:12.768681
1,481,481,-0.000886227295,2025-11-18T09:04:12.768681
1,482,482,-0.00088621088,2025-11-18T09:04:12.768681
1,483,483,-0.000886194,2025-11-18T09:04:12.768681
1,484,484,-0.000886121706,2025-11-18T09:04:12.768681
1,485,485,-0.000886208552,2025-11-18T09:04:12.768681
1,486,486,-0.000886250229,2025-11-18T09:04:12.768681
1,487,487,-0.000886060181,2025-11-18T09:04:12.768681
1,488,488,-0.000886373571,2025-11-18T09:04:12.768681
1,489,489,-0.000886245979,2025-11-18T09:04:12.768681
1,490,490,-0.000886158959,2025-11-18T09:04:12.768681
1,491,491,-0.000886067631,2025-11-18T09:04:12.768681
1,492,492,-0.000886167865,2025-11-18T09:04:12.768681
1,493,493,-0.000885934859,2025-11-18T09:04:12.768681
1,494,494,-0.000886345107,2025-11-18T09:04:12.768681
1,495,495,-0.000886431662,2025-11-18T09:04:12.768681
1,496,496,-0.000886522,2025-11-18T09:04:12.768681
1,497,497,-0.000886459834,2025-11-18T09:04:12.768681
1,498,498,-0.000886602385,2025-11-18T09:04:12.768681
1,499,499,-0.000886663969,2025-11-18T09:04:12.768681
1,500,500,-0.00088683085,2025-11-18T09:04:12.768681
1,501,501,-0.000886779802,2025-11-18T09:04:12.768681
1,502,502,-0.000886744761,2025-11-18T09:04:12.768681
1,503,503,-0.000886930094,2025-11-18T09:04:12.768681
1,504,504,-0.000886716879,2025-11-18T09:04:12.768681
1,505,505,-0.000886681955,2025-11-18T09:04:12.768681
1,506,506,-0.000886667403,2025-11-18T09:04:12.768681
1,507,507,-0.000886632187,2025-11-18T09:04:12.768681
1,508,508,-0.000886785448,2025-11-18T09:04:12.768681
1,509,509,-0.00088670873,2025-11-18T09:04:12.768681
1,510,510,-0.00088678213,2025-11-18T09:04:12.768681
1,511,511,-0.00088676851,2025-11-18T09:04:12.768681
1,512,512,-0.000886765716,2025-11-18T09:04:12.768681
1,513,513,-0.000886843423,2025-11-18T09:04:12.768681
1,514,514,-0.000886660011,2025-11-18T09:04:12.768681
1,515,515,-0.000886788708,2025-11-18T09:04:12.768681
1,516,516,-0.000886594352,2025-11-18T09:04:12.768681
1,517,517,-0.000886762049,2025-11-18T09:04:12.768681
1,518,518,-0.000886831316,2025-11-18T09:04:12.768681
1,519,519,-0.000886790687,2025-11-18T09:04:12.768681
1,520,520,-0.000886872352,2025-11-18T09:04:12.768681
1,521,521,-0.000886774272,2025-11-18T09:04:12.768681
1,522,522,-0.000886893365,2025-11-18T09:04:12.768681
1,523,523,-0.000886853609,2025-11-18T09:04:12.768681
1,524,524,-0.000886857626,2025-11-18T09:04:12.768681
1,525,525,-0.000886859779,2025-11-18T09:04:12.768681
1,526,526,-0.000886866066,2025-11-18T09:04:12.768681
1,527,527,-0.000886735273,2025-11-18T09:04:12.768681
1,528,528,-0.000886670779,2025-11-18T09:04:12.768681
1,529,529,-0.000886438181,2025-11-18T09:04:12.768681
1,530,530,-0.00088652526,2025-11-18T09:04:12.768681
1,531,531,-0.000886422465,2025-11-18T09:04:12.768681
1,532,532,-0.000886488182,2025-11-18T09:04:12.768681
1,533,533,-0.000886878289,2025-11-18T09:04:12.768681
1,534,534,-0.000886829162,2025-11-18T09:04:12.768681
1,535,535,-0.000886839057,2025-11-18T09:04:12.768681
1,536,536,-0.000886677356,2025-11-18T09:04:12.768681
1,537,537,-0.000886618858,2025-11-18T09:04:12.768681
1,538,538,-0.000886693771,2025-11-18T09:04:12.768681
1,539,539,-0.00088673277,2025-11-18T09:04:12.768681
1,540,540,-0.000886716821,2025-11-18T09:04:12.768681
1,541,541,-0.000886670779,2025-11-18T09:04:12.768681
1,542,542,-0.000886554014,2025-11-18T09:04:12.768681
1,543,543,-0.000886437948,2025-11-18T09:04:12.768681
1,544,544,-0.000886333,2025-11-18T09:04:12.768681
1,545,545,-0.000886369904,2025-11-18T09:04:12.768681
1,546,546,-0.000886480615,2025-11-18T09:04:12.768681
1,547,547,-0.000886655237,2025-11-18T09:04:12.768681
1,548,548,-0.000886615773,2025-11-18T09:04:12.768681
1,549,549,-0.000886396737,2025-11-18T09:04:12.768681
1,550,550,-0.000886575202,2025-11-18T09:04:12.768681
1,551,551,-0.000886622641,2025-11-18T09:04:12.768681
1,552,552,-0.000886598252,2025-11-18T09:04:12.768681
1,553,553,-0.000886529393,2025-11-18T09:04:12.768681
1,554,554,-0.000886540045,2025-11-18T09:04:12.768681
1,555,555,-0.000886586029,2025-11-18T09:04:12.768681
1,556,556,-0.000886580324,2025-11-18T09:04:12.768681
1,557,557,-0.00088639179,2025-11-18T09:04:12.768681
1,558,558,-0.00088620634,2025-11-18T09:04:12.768681
1,559,559,-0.000886613153,2025-11-18T09:04:12.768681
1,560,560,-0.000886546098,2025-11-18T09:04:12.768681
1,561,561,-0.000886478985,2025-11-18T09:04:12.768681
1,562,562,-0.000886580965,2025-11-18T09:04:12.768681
1,563,563,-0.000886596797,2025-11-18T09:04:12.768681
1,564,564,-0.000886543188,2025-11-18T09:04:12.768681
1,565,565,-0.000886596448,2025-11-18T09:04:12.768681
1,566,566,-0.000886670779,2025-11-18T09:04:12.768681
1,567,567,-0.00088675454,2025-11-18T09:04:12.768681
1,568,568,-0.000886710535,2025-11-18T09:04:12.768681
1,569,569,-0.00088667887,2025-11-18T09:04:12.768681
1,570,570,-0.000886658788,2025-11-18T09:04:12.768681
1,571,571,-0.000886445108,2025-11-18T09:04:12.768681
1,572,572,-0.000886695692,2025-11-18T09:04:12.768681
1,573,573,-0.000886441383,2025-11-18T09:04:12.768681
1,574,574,-0.000886426889,2025-11-18T09:04:12.768681
1,575,575,-0.000886496971,2025-11-18T09:04:12.768681
1,576,576,-0.000886592606,2025-11-18T09:04:12.768681
1,577,577,-0.00088686659,2025-11-18T09:04:12.768681
1,578,578,-0.00088683475,2025-11-18T09:04:12.768681
1,579,579,-0.000886755587,2025-11-18T09:04:12.768681
1,580,580,-0.00088677078,2025-11-18T09:04:12.768681
1,581,581,-0.000886669906,2025-11-18T09:04:12.768681
1,582,582,-0.000886742142,2025-11-18T09:04:12.768681
1,583,583,-0.000886765541,2025-11-18T09:04:12.768681
1,584,584,-0.000886733934,2025-11-18T09:04:12.768681
1,585,585,-0.000886567344,2025-11-18T09:04:12.768681
1,586,586,-0.000885051616,2025-11-18T09:04:12.768681
1,587,587,-0.000886066409,2025-11-18T09:04:12.768681
1,588,588,-0.000886604888,2025-11-18T09:04:12.768681
1,589,589,-0.000886731373,2025-11-18T09:04:12.768681
1,590,590,-0.000886734283,2025-11-18T09:04:12.768681
1,591,591,-0.000886577414,2025-11-18T09:04:12.768681
1,592,592,-0.000886117457,2025-11-18T09:04:12.768681
1,593,593,-0.000886377936,2025-11-18T09:04:12.768681
1,594,594,-0.000886205642,2025-11-18T09:04:12.768681
1,595,595,-0.00088619691,2025-11-18T09:04:12.768681
1,596,596,-0.000886251102,2025-11-18T09:04:12.768681
1,597,597,-0.000886213732,2025-11-18T09:04:12.768681
1,598,598,-0.000886282825,2025-11-18T09:04:12.768681
1,599,599,-0.00088642392,2025-11-18T09:04:12.768681
1,600,600,-0.000886450929,2025-11-18T09:04:12.768681
1,601,601,-0.000886440335,2025-11-18T09:04:12.768681
1,602,602,-0.000886507565,2025-11-18T09:04:12.768681
1,603,603,-0.000886484165,2025-11-18T09:04:12.768681
1,604,604,-0.00088644243,2025-11-18T09:04:12.768681
1,605,605,-0.000886362686,2025-11-18T09:04:12.768681
1,606,606,-0.000886373105,2025-11-18T09:04:12.768681
1,607,607,-0.000886294466,2025-11-18T09:04:12.768681
1,608,608,-0.000886341382,2025-11-18T09:04:12.768681
1,609,609,-0.000886340101,2025-11-18T09:04:12.768681
1,610,610,-0.000886431022,2025-11-18T09:04:12.768681
1,611,611,-0.00088675192,2025-11-18T09:04:12.768681
1,612,612,-0.000886592722,2025-11-18T09:04:12.768681
1,613,613,-0.000886542082,2025-11-18T09:04:12.768681
1,614,614,-0.000886613735,2025-11-18T09:04:12.768681
1,615,615,-0.000886553199,2025-11-18T09:04:12.768681
1,616,616,-0.000886457157,2025-11-18T09:04:12.768681
1,617,617,-0.000886456866,2025-11-18T09:04:12.768681
1,618,618,-0.000886278226,2025-11-18T09:04:12.768681
1,619,619,-0.000886376423,2025-11-18T09:04:12.768681
1,620,620,-0.000886427005,2025-11-18T09:04:12.768681
1,621,621,-0.000886323628,2025-11-18T09:04:12.768681
1,622,622,-0.000886246969,2025-11-18T09:04:12.768681
1,623,623,-0.000886360066,2025-11-18T09:04:12.768681
1,624,624,-0.000886369845,2025-11-18T09:04:12.768681
1,625,625,-0.000886149937,2025-11-18T09:04:12.768681
1,626,626,-0.000886318855,2025-11-18T09:04:12.768681
1,627,627,-0.000886396097,2025-11-18T09:04:12.768681
1,628,628,-0.000886273046,2025-11-18T09:04:12.768681
1,629,629,-0.000886243476,2025-11-18T09:04:12.768681
1,630,630,-0.000886381079,2025-11-18T09:04:12.768681
1,631,631,-0.000886539462,2025-11-18T09:04:12.768681
1,632,632,-0.000886264315,2025-11-18T09:04:12.768681
1,633,633,-0.000886376306,2025-11-18T09:04:12.768681
1,634,634,-0.000886576541,2025-11-18T09:04:12.768681
1,635,635,-0.000886529334,2025-11-18T09:04:12.768681
1,636,636,-0.000886483816,2025-11-18T09:04:12.768681
1,637,637,-0.000886474212,2025-11-18T09:04:12.768681
1,638,638,-0.000886382709,2025-11-18T09:04:12.768681
1,639,639,-0.000886544352,2025-11-18T09:04:12.768681
1,640,640,-0.000886589637,2025-11-18T09:04:12.768681
1,641,641,-0.000886460067,2025-11-18T09:04:12.768681
1,642,642,-0.000886467867,2025-11-18T09:04:12.768681
1,643,643,-0.000886607565,2025-11-18T09:04:12.768681
1,644,644,-0.000886493828,2025-11-18T09:04:12.768681
1,645,645,-0.000886454421,2025-11-18T09:04:12.768681
1,646,646,-0.000886426714,2025-11-18T09:04:12.768681
1,647,647,-0.00088645576,2025-11-18T09:04:12.768681
1,648,648,-0.000886491674,2025-11-18T09:04:12.768681
1,649,649,-0.000886346562,2025-11-18T09:04:12.768681
1,650,650,-0.000886389287,2025-11-18T09:04:12.768681
1,651,651,-0.000886497495,2025-11-18T09:04:12.768681
1,652,652,-0.000886423164,2025-11-18T09:04:12.768681
1,653,653,-0.000886268157,2025-11-18T09:04:12.768681
1,654,654,-0.000886258378,2025-11-18T09:04:12.768681
1,655,655,-0.000886288238,2025-11-18T09:04:12.768681
1,656,656,-0.000886253605,2025-11-18T09:04:12.768681
1,657,657,-0.000886234338,2025-11-18T09:04:12.768681
1,658,658,-0.000886101799,2025-11-18T09:04:12.768681
1,659,659,-0.000886305526,2025-11-18T09:04:12.768681
1,660,660,-0.00088622648,2025-11-18T09:04:12.768681
1,661,661,-0.000886173744,2025-11-18T09:04:12.768681
1,662,662,-0.000886117282,2025-11-18T09:04:12.768681
1,663,663,-0.000886222638,2025-11-18T09:04:12.768681
1,664,664,-0.000886117923,2025-11-18T09:04:12.768681
1,665,665,-0.000885776011,2025-11-18T09:04:12.768681
1,666,666,-0.00088586437,2025-11-18T09:04:12.768681
1,667,667,-0.000886229507,2025-11-18T09:04:12.768681
1,668,668,-0.000886266294,2025-11-18T09:04:12.768681
1,669,669,-0.00088619464,2025-11-18T09:04:12.768681
1,670,670,-0.000886454305,2025-11-18T09:04:12.768681
1,671,671,-0.000886334048,2025-11-18T09:04:12.768681
1,672,672,-0.000886232417,2025-11-18T09:04:12.768681
1,673,673,-0.000886176654,2025-11-18T09:04:12.768681
1,674,674,-0.000885895336,2025-11-18T09:04:12.768681
1,675,675,-0.0008861128,2025-11-18T09:04:12.768681
1,676,676,-0.000885990739,2025-11-18T09:04:12.768681
1,677,677,-0.000885841262,2025-11-18T09:04:12.768681
1,678,678,-0.000885711342,2025-11-18T09:04:12.768681
1,679,679,-0.000886029796,2025-11-18T09:04:12.768681
1,680,680,-0.000886293128,2025-11-18T09:04:12.768681
1,681,681,-0.000886322115,2025-11-18T09:04:12.768681
1,682,682,-0.000886249879,2025-11-18T09:04:12.768681
1,683,683,-0.000885819317,2025-11-18T09:04:12.768681
1,684,684,-0.000885509594,2025-11-18T09:04:12.768681
1,685,685,-0.000885615241,2025-11-18T09:04:12.768681
1,686,686,-0.000885779038,2025-11-18T09:04:12.768681
1,687,687,-0.00088550162,2025-11-18T09:04:12.768681
1,688,688,-0.000884669192,2025-11-18T09:04:12.768681
1,689,689,-0.000884443405,2025-11-18T09:04:12.768681
1,690,690,-0.000884072389,2025-11-18T09:04:12.768681
1,691,691,-0.000884159584,2025-11-18T09:04:12.768681
1,692,692,-0.000884217326,2025-11-18T09:04:12.768681
1,693,693,-0.00088423019,2025-11-18T09:04:12.768681
1,694,694,-0.000884073204,2025-11-18T09:04:12.768681
1,695,695,-0.000884178152,2025-11-18T09:04:12.768681
1,696,696,-0.000884097826,2025-11-18T09:04:12.768681
1,697,697,-0.000883690372,2025-11-18T09:04:12.768681
1,698,698,-0.000883629312,2025-11-18T09:04:12.768681
1,699,699,-0.000883704982,2025-11-18T09:04:12.768681
1,700,700,-0.000883698987,2025-11-18T09:04:12.768681
1,701,701,-0.00088354008,2025-11-18T09:04:12.768681
1,702,702,-0.000883588392,2025-11-18T09:04:12.768681
1,703,703,-0.000883676926,2025-11-18T09:04:12.768681
1,704,704,-0.00088399864,2025-11-18T09:04:12.768681
1,705,705,-0.000884077162,2025-11-18T09:04:12.768681
1,706,706,-0.00088390283,2025-11-18T09:04:12.768681
1,707,707,-0.00088396616,2025-11-18T09:04:12.768681
1,708,708,-0.000883836357,2025-11-18T09:04:12.768681
1,709,709,-0.000883721921,2025-11-18T09:04:12.768681
1,710,710,-0.000883962726,2025-11-18T09:04:12.768681
1,711,711,-0.000883746601,2025-11-18T09:04:12.768681
1,712,712,-0.000883860164,2025-11-18T09:04:12.768681
1,713,713,-0.000883528438,2025-11-18T09:04:12.768681
1,714,714,-0.00088305393,2025-11-18T09:04:12.768681
1,715,715,-0.00088287465,2025-11-18T09:04:12.768681
1,716,716,-0.000882639666,2025-11-18T09:04:12.768681
1,717,717,-0.000882487103,2025-11-18T09:04:12.768681
1,718,718,-0.000882861961,2025-11-18T09:04:12.768681
1,719,719,-0.000882787862,2025-11-18T09:04:12.768681
1,720,720,-0.000882449618,2025-11-18T09:04:12.768681
1,721,721,-0.000882621039,2025-11-18T09:04:12.768681
1,722,722,-0.000882756023,2025-11-18T09:04:12.768681
1,723,723,-0.000882850028,2025-11-18T09:04:12.768681
1,724,724,-0.000882376509,2025-11-18T09:04:12.768681
1,725,725,-0.000882485008,2025-11-18T09:04:12.768681
1,726,726,-0.000882795313,2025-11-18T09:04:12.768681
1,727,727,-0.000883246306,2025-11-18T09:04:12.768681
1,728,728,-0.000883352011,2025-11-18T09:04:12.768681
1,729,729,-0.000883675413,2025-11-18T09:04:12.768681
1,730,730,-0.000883595086,2025-11-18T09:04:12.768681
1,731,731,-0.000883839558,2025-11-18T09:04:12.768681
1,732,732,-0.00088383886,2025-11-18T09:04:12.768681
1,733,733,-0.000883534783,2025-11-18T09:04:12.768681
1,734,734,-0.000883191649,2025-11-18T09:04:12.768681
1,735,735,-0.000883168657,2025-11-18T09:04:12.768681
1,736,736,-0.000883578148,2025-11-18T09:04:12.768681
1,737,737,-0.000883422035,2025-11-18T09:04:12.768681
1,738,738,-0.000883591419,2025-11-18T09:04:12.768681
1,739,739,-0.000883880828,2025-11-18T09:04:12.768681
1,740,740,-0.000883733853,2025-11-18T09:04:12.768681
1,741,741,-0.000883683213,2025-11-18T09:04:12.768681
1,742,742,-0.000883454515,2025-11-18T09:04:12.768681
1,743,743,-0.000883521861,2025-11-18T09:04:12.768681
1,744,744,-0.000883577798,2025-11-18T09:04:12.768681
1,745,745,-0.000883493048,2025-11-18T09:04:12.768681
1,746,746,-0.000883492815,2025-11-18T09:04:12.768681
1,747,747,-0.000883493747,2025-11-18T09:04:12.768681
1,748,748,-0.000883512664,2025-11-18T09:04:12.768681
1,749,749,-0.000883495376,2025-11-18T09:04:12.768681
1,750,750,-0.000883773085,2025-11-18T09:04:12.768681
1,751,751,-0.000883545319,2025-11-18T09:04:12.768681
1,752,752,-0.000883267901,2025-11-18T09:04:12.768681
1,753,753,-0.000883276807,2025-11-18T09:04:12.768681
1,754,754,-0.000882842054,2025-11-18T09:04:12.768681
1,755,755,-0.000882915104,2025-11-18T09:04:12.768681
1,756,756,-0.00088287174,2025-11-18T09:04:12.768681
1,757,757,-0.000882789492,2025-11-18T09:04:12.768681
1,758,758,-0.000882902764,2025-11-18T09:04:12.768681
1,759,759,-0.000882898108,2025-11-18T09:04:12.768681
1,760,760,-0.000882792402,2025-11-18T09:04:12.768681
1,761,761,-0.000882854277,2025-11-18T09:04:12.768681
1,762,762,-0.00088291068,2025-11-18T09:04:12.768681
1,763,763,-0.000882847467,2025-11-18T09:04:12.768681
1,764,764,-0.000882866617,2025-11-18T09:04:12.768681
1,765,765,-0.000882850319,2025-11-18T09:04:12.768681
1,766,766,-0.000882858294,2025-11-18T09:04:12.768681
1,767,767,-0.000882919412,2025-11-18T09:04:12.768681
1,768,768,-0.000882886291,2025-11-18T09:04:12.768681
1,769,769,-0.000882842869,2025-11-18T09:04:12.768681
1,770,770,-0.000882975058,2025-11-18T09:04:12.768681
1,771,771,-0.000882791704,2025-11-18T09:04:12.768681
1,772,772,-0.000882866617,2025-11-18T09:04:12.768681
1,773,773,-0.000882984721,2025-11-18T09:04:12.768681
1,774,774,-0.000882826629,2025-11-18T09:04:12.768681
1,775,775,-0.000882128078,2025-11-18T09:04:12.768681
1,776,776,-0.000882254622,2025-11-18T09:04:12.768681
1,777,777,-0.000882510154,2025-11-18T09:04:12.768681
1,778,778,-0.000882489315,2025-11-18T09:04:12.768681
1,779,779,-0.000882308813,2025-11-18T09:04:12.768681
1,780,780,-0.000882657361,2025-11-18T09:04:12.768681
1,781,781,-0.000882760446,2025-11-18T09:04:12.768681
1,782,782,-0.0008826314,2025-11-18T09:04:12.768681
1,783,783,-0.000882232678,2025-11-18T09:04:12.768681
1,784,784,-0.000882360152,2025-11-18T09:04:12.768681
1,785,785,-0.000882216496,2025-11-18T09:04:12.768681
1,786,786,-0.000882495543,2025-11-18T09:04:12.768681
1,787,787,-0.00088237453,2025-11-18T09:04:12.768681
1,788,788,-0.000882476742,2025-11-18T09:04:12.768681
1,789,789,-0.000882393214,2025-11-18T09:04:12.768681
1,790,790,-0.00088240276,2025-11-18T09:04:12.768681
1,791,791,-0.000882392283,2025-11-18T09:04:12.768681
1,792,792,-0.000882430118,2025-11-18T09:04:12.768681
1,793,793,-0.000882482505,2025-11-18T09:04:12.768681
1,794,794,-0.000882370688,2025-11-18T09:04:12.768681
1,795,795,-0.000882512715,2025-11-18T09:04:12.768681
1,796,796,-0.000882481515,2025-11-18T09:04:12.768681
1,797,797,-0.000882576452,2025-11-18T09:04:12.768681
1,798,798,-0.000882793858,2025-11-18T09:04:12.768681
1,799,799,-0.000882725522,2025-11-18T09:04:12.768681
1,800,800,-0.000882682274,2025-11-18T09:04:12.768681
1,801,801,-0.000882583961,2025-11-18T09:04:12.768681
1,802,802,-0.000882495834,2025-11-18T09:04:12.768681
1,803,803,-0.000882482971,2025-11-18T09:04:12.768681
1,804,804,-0.000882456835,2025-11-18T09:04:12.768681
1,805,805,-0.000882520573,2025-11-18T09:04:12.768681
1,806,806,-0.000882593274,2025-11-18T09:04:12.768681
1,807,807,-0.000882570748,2025-11-18T09:04:12.768681
1,808,808,-0.000882603577,2025-11-18T09:04:12.768681
1,809,809,-0.000882667722,2025-11-18T09:04:12.768681
1,810,810,-0.000882576452,2025-11-18T09:04:12.768681
1,811,811,-0.00088253722,2025-11-18T09:04:12.768681
1,812,812,-0.000882570049,2025-11-18T09:04:12.768681
1,813,813,-0.000882524647,2025-11-18T09:04:12.768681
1,814,814,-0.000882484659,2025-11-18T09:04:12.768681
1,815,815,-0.000882572494,2025-11-18T09:04:12.768681
1,816,816,-0.000882605556,2025-11-18T09:04:12.768681
1,817,817,-0.000882700958,2025-11-18T09:04:12.768681
1,818,818,-0.000882637221,2025-11-18T09:04:12.768681
1,819,819,-0.000882529129,2025-11-18T09:04:12.768681
1,820,820,-0.000882655964,2025-11-18T09:04:12.768681
1,821,821,-0.000882792577,2025-11-18T09:04:12.768681
1,822,822,-0.000882769643,2025-11-18T09:04:12.768681
1,823,823,-0.000882713356,2025-11-18T09:04:12.768681
1,824,824,-0.000882813241,2025-11-18T09:04:12.768681
1,825,825,-0.00088285905,2025-11-18T09:04:12.768681
1,826,826,-0.000882925116,2025-11-18T09:04:12.768681
1,827,827,-0.00088289933,2025-11-18T09:04:12.768681
1,828,828,-0.000883004104,2025-11-18T09:04:12.768681
1,829,829,-0.000882839318,2025-11-18T09:04:12.768681
1,830,830,-0.000883118715,2025-11-18T09:04:12.768681
1,831,831,-0.00088308053,2025-11-18T09:04:12.768681
1,832,832,-0.000883150438,2025-11-18T09:04:12.768681
1,833,833,-0.000883147993,2025-11-18T09:04:12.768681
1,834,834,-0.000883124186,2025-11-18T09:04:12.768681
1,835,835,-0.000882969354,2025-11-18T09:04:12.768681
1,836,836,-0.000882959575,2025-11-18T09:04:12.768681
1,837,837,-0.000883000437,2025-11-18T09:04:12.768681
1,838,838,-0.000883013941,2025-11-18T09:04:12.768681
1,839,839,-0.000882994208,2025-11-18T09:04:12.768681
1,840,840,-0.000883058819,2025-11-18T09:04:12.768681
1,841,841,-0.000882956781,2025-11-18T09:04:12.768681
1,842,842,-0.000883069064,2025-11-18T09:04:12.768681
1,843,843,-0.00088294025,2025-11-18T09:04:12.768681
1,844,844,-0.000882915745,2025-11-18T09:04:12.768681
1,845,845,-0.000882888969,2025-11-18T09:04:12.768681
1,846,846,-0.000882885884,2025-11-18T09:04:12.768681
1,847,847,-0.000882811727,2025-11-18T09:04:12.768681
1,848,848,-0.000882882159,2025-11-18T09:04:12.768681
1,849,849,-0.000882911728,2025-11-18T09:04:12.768681
1,850,850,-0.0008825892,2025-11-18T09:04:12.768681
1,851,851,-0.000882602005,2025-11-18T09:04:12.768681
1,852,852,-0.000882641412,2025-11-18T09:04:12.768681
1,853,853,-0.000882813881,2025-11-18T09:04:12.768681
1,854,854,-0.000882535823,2025-11-18T09:04:12.768681
1,855,855,-0.000882646767,2025-11-18T09:04:12.768681
1,856,856,-0.000882834545,2025-11-18T09:04:12.768681
1,857,857,-0.000882970402,2025-11-18T09:04:12.768681
1,858,858,-0.000883025466,2025-11-18T09:04:12.768681
1,859,859,-0.000883061846,2025-11-18T09:04:12.768681
1,860,860,-0.000883184722,2025-11-18T09:04:12.768681
1,861,861,-0.000882685184,2025-11-18T09:04:12.768681
1,862,862,-0.000882446358,2025-11-18T09:04:12.768681
1,863,863,-0.000882557476,2025-11-18T09:04:12.768681
1,864,864,-0.000882580003,2025-11-18T09:04:12.768681
1,865,865,-0.000882463587,2025-11-18T09:04:12.768681
1,866,866,-0.000882416032,2025-11-18T09:04:12.768681
1,867,867,-0.000882586406,2025-11-18T09:04:12.768681
1,868,868,-0.000882702064,2025-11-18T09:04:12.768681
1,869,869,-0.000882753985,2025-11-18T09:04:12.768681
1,870,870,-0.000882806954,2025-11-18T09:04:12.768681
1,871,871,-0.000882615859,2025-11-18T09:04:12.768681
1,872,872,-0.000882411317,2025-11-18T09:04:12.768681
1,873,873,-0.000882465043,2025-11-18T09:04:12.768681
1,874,874,-0.000882627733,2025-11-18T09:04:12.768681
1,875,875,-0.00088264828,2025-11-18T09:04:12.768681
1,876,876,-0.000882686115,2025-11-18T09:04:12.768681
1,877,877,-0.000882517022,2025-11-18T09:04:12.768681
1,878,878,-0.000882711843,2025-11-18T09:04:12.768681
1,879,879,-0.000882601249,2025-11-18T09:04:12.768681
1,880,880,-0.000883049913,2025-11-18T09:04:12.768681
1,881,881,-0.000883087574,2025-11-18T09:04:12.768681
1,882,882,-0.000883020344,2025-11-18T09:04:12.768681
1,883,883,-0.000882998923,2025-11-18T09:04:12.768681
1,884,884,-0.000882933323,2025-11-18T09:04:12.768681
1,885,885,-0.000883035536,2025-11-18T09:04:12.768681
1,886,886,-0.000883000611,2025-11-18T09:04:12.768681
1,887,887,-0.000883166329,2025-11-18T09:04:12.768681
1,888,888,-0.000882887397,2025-11-18T09:04:12.768681
1,889,889,-0.000883015629,2025-11-18T09:04:12.768681
1,890,890,-0.000882973836,2025-11-18T09:04:12.768681
1,891,891,-0.000882945314,2025-11-18T09:04:12.768681
1,892,892,-0.000882956141,2025-11-18T09:04:12.768681
1,893,893,-0.000882979482,2025-11-18T09:04:12.768681
1,894,894,-0.000882928725,2025-11-18T09:04:12.768681
1,895,895,-0.000882965803,2025-11-18T09:04:12.768681
1,896,896,-0.000882841413,2025-11-18T09:04:12.768681
1,897,897,-0.000882871157,2025-11-18T09:04:12.768681
1,898,898,-0.0008826892,2025-11-18T09:04:12.768681
1,899,899,-0.000882971158,2025-11-18T09:04:12.768681
1,900,900,-0.000882889376,2025-11-18T09:04:12.768681
1,901,901,-0.000882810796,2025-11-18T09:04:12.768681
1,902,902,-0.000882861844,2025-11-18T09:04:12.768681
1,903,903,-0.000882822729,2025-11-18T09:04:12.768681
1,904,904,-0.00088267005,2025-11-18T09:04:12.768681
1,905,905,-0.000882915453,2025-11-18T09:04:12.768681
1,906,906,-0.000882413296,2025-11-18T09:04:12.768681
1,907,907,-0.000882492167,2025-11-18T09:04:12.768681
1,908,908,-0.00088249112,2025-11-18T09:04:12.768681
1,909,909,-0.000882345892,2025-11-18T09:04:12.768681
1,910,910,-0.000882379419,2025-11-18T09:04:12.768681
1,911,911,-0.000882553809,2025-11-18T09:04:12.768681
1,912,912,-0.000882824591,2025-11-18T09:04:12.768681
1,913,913,-0.00088246772,2025-11-18T09:04:12.768681
1,914,914,-0.000882489141,2025-11-18T09:04:12.768681
1,915,915,-0.000882354157,2025-11-18T09:04:12.768681
1,916,916,-0.000882624124,2025-11-18T09:04:12.768681
1,917,917,-0.000882708292,2025-11-18T09:04:12.768681
1,918,918,-0.000882848922,2025-11-18T09:04:12.768681
1,919,919,-0.000883043976,2025-11-18T09:04:12.768681
1,920,920,-0.000882952241,2025-11-18T09:04:12.768681
1,921,921,-0.000882725929,2025-11-18T09:04:12.768681
1,922,922,-0.000882555439,2025-11-18T09:04:12.768681
1,923,923,-0.000882493623,2025-11-18T09:04:12.768681
1,924,924,-0.000882816442,2025-11-18T09:04:12.768681
1,925,925,-0.000882866384,2025-11-18T09:04:12.768681
1,926,926,-0.000882383435,2025-11-18T09:04:12.768681
1,927,927,-0.000882370106,2025-11-18T09:04:12.768681
1,928,928,-0.000882736407,2025-11-18T09:04:12.768681
1,929,929,-0.000882507069,2025-11-18T09:04:12.768681
1,930,930,-0.000882689957,2025-11-18T09:04:12.768681
1,931,931,-0.000882976746,2025-11-18T09:04:12.768681
1,932,932,-0.00088266778,2025-11-18T09:04:12.768681
1,933,933,-0.000882510095,2025-11-18T09:04:12.768681
1,934,934,-0.000882496649,2025-11-18T09:04:12.768681
1,935,935,-0.000883138505,2025-11-18T09:04:12.768681
1,936,936,-0.000882806954,2025-11-18T09:04:12.768681
1,937,937,-0.000882712483,2025-11-18T09:04:12.768681
1,938,938,-0.000882743101,2025-11-18T09:04:12.768681
1,939,939,-0.000882734195,2025-11-18T09:04:12.768681
1,940,940,-0.000882650434,2025-11-18T09:04:12.768681
1,941,941,-0.000882658234,2025-11-18T09:04:12.768681
1,942,942,-0.000882765161,2025-11-18T09:04:12.768681
1,943,943,-0.000885396497,2025-11-18T09:04:12.768681
1,944,944,-0.000890135823,2025-11-18T09:04:12.768681
1,945,945,-0.000889344781,2025-11-18T09:04:12.768681
1,946,946,-0.000889477378,2025-11-18T09:04:12.768681
1,947,947,-0.000889625516,2025-11-18T09:04:12.768681
1,948,948,-0.000889702641,2025-11-18T09:04:12.768681
1,949,949,-0.000889723305,2025-11-18T09:04:12.768681
1,950,950,-0.000889741058,2025-11-18T09:04:12.768681
1,951,951,-0.00088978518,2025-11-18T09:04:12.768681
1,952,952,-0.000889819522,2025-11-18T09:04:12.768681
1,953,953,-0.0008899495,2025-11-18T09:04:12.768681
1,954,954,-0.000889915972,2025-11-18T09:04:12.768681
1,955,955,-0.000889879651,2025-11-18T09:04:12.768681
1,956,956,-0.000889700313,2025-11-18T09:04:12.768681
1,957,957,-0.000889691873,2025-11-18T09:04:12.768681
1,958,958,-0.000889810558,2025-11-18T09:04:12.768681
1,959,959,-0.000889699556,2025-11-18T09:04:12.768681
1,960,960,-0.000889802351,2025-11-18T09:04:12.768681
1,961,961,-0.000889750837,2025-11-18T09:04:12.768681
1,962,962,-0.000889728602,2025-11-18T09:04:12.768681
1,963,963,-0.000889721908,2025-11-18T09:04:12.768681
1,964,964,-0.000889607646,2025-11-18T09:04:12.768681
1,965,965,-0.000889768649,2025-11-18T09:04:12.768681
1,966,966,-0.000889662653,2025-11-18T09:04:12.768681
1,967,967,-0.000889698334,2025-11-18T09:04:12.768681
1,968,968,-0.000889669987,2025-11-18T09:04:12.768681
1,969,969,-0.000889650196,2025-11-18T09:04:12.768681
1,970,970,-0.000889527378,2025-11-18T09:04:12.768681
1,971,971,-0.000889538729,2025-11-18T09:04:12.768681
1,972,972,-0.000889423361,2025-11-18T09:04:12.768681
1,973,973,-0.000889388727,2025-11-18T09:04:12.768681
1,974,974,-0.000889536575,2025-11-18T09:04:12.768681
1,975,975,-0.000889510964,2025-11-18T09:04:12.768681
1,976,976,-0.00088963611,2025-11-18T09:04:12.768681
1,977,977,-0.000889288086,2025-11-18T09:04:12.768681
1,978,978,-0.000889362709,2025-11-18T09:04:12.768681
1,979,979,-0.000889451883,2025-11-18T09:04:12.768681
1,980,980,-0.000889315386,2025-11-18T09:04:12.768681
1,981,981,-0.000889359624,2025-11-18T09:04:12.768681
1,982,982,-0.000889502582,2025-11-18T09:04:12.768681
1,983,983,-0.000889272429,2025-11-18T09:04:12.768681
1,984,984,-0.000889391056,2025-11-18T09:04:12.768681
1,985,985,-0.000889325747,2025-11-18T09:04:12.768681
1,986,986,-0.000889617716,2025-11-18T09:04:12.768681
1,987,987,-0.000889485527,2025-11-18T09:04:12.768681
1,988,988,-0.00088937598,2025-11-18T09:04:12.768681
1,989,989,-0.00088911911,2025-11-18T09:04:12.768681
1,990,990,-0.000889274873,2025-11-18T09:04:12.768681
1,991,991,-0.00088917854,2025-11-18T09:04:12.768681
1,992,992,-0.000889112066,2025-11-18T09:04:12.768681
1,993,993,-0.000888981914,2025-11-18T09:04:12.768681
1,994,994,-0.000889213813,2025-11-18T09:04:12.768681
1,995,995,-0.000888974696,2025-11-18T09:04:12.768681
1,996,996,-0.000889328366,2025-11-18T09:04:12.768681
1,997,997,-0.00088950427,2025-11-18T09:04:12.768681
1,998,998,-0.000889450777,2025-11-18T09:04:12.768681
1,999,999,-0.000889375281,2025-11-18T09:04:12.768681
1,1000,1000,-0.000889483897,2025-11-18T09:04:12.768681
2,1,1001,-0.000889466202,2025-11-18T09:04:31.538921
2,2,1002,-0.000889360497,2025-11-18T09:04:31.538921
2,3,1003,-0.00088926003,2025-11-18T09:04:31.538921
2,4,1004,-0.000889366958,2025-11-18T09:04:31.538921
2,5,1005,-0.000889421615,2025-11-18T09:04:31.538921
2,6,1006,-0.000889524118,2025-11-18T09:04:31.538921
2,7,1007,-0.000889344431,2025-11-18T09:04:31.538921
2,8,1008,-0.000889449671,2025-11-18T09:04:31.538921
2,9,1009,-0.000889421789,2025-11-18T09:04:31.538921
2,10,1010,-0.000889437447,2025-11-18T09:04:31.538921
2,11,1011,-0.000889356248,2025-11-18T09:04:31.538921
2,12,1012,-0.000889421964,2025-11-18T09:04:31.538921
2,13,1013,-0.0008894091,2025-11-18T09:04:31.538921
2,14,1014,-0.000889289483,2025-11-18T09:04:31.538921
2,15,1015,-0.00088924414,2025-11-18T09:04:31.538921
2,16,1016,-0.000889303279,2025-11-18T09:04:31.538921
2,17,1017,-0.000889213173,2025-11-18T09:04:31.538921
2,18,1018,-0.000889092509,2025-11-18T09:04:31.538921
2,19,1019,-0.000889098271,2025-11-18T09:04:31.538921
2,20,1020,-0.000889119284,2025-11-18T09:04:31.538921
2,21,1021,-0.000889125396,2025-11-18T09:04:31.538921
2,22,1022,-0.000889098737,2025-11-18T09:04:31.538921
2,23,1023,-0.000889058283,2025-11-18T09:04:31.538921
2,24,1024,-0.000889245187,2025-11-18T09:04:31.538921
2,25,1025,-0.000889183604,2025-11-18T09:04:31.538921
2,26,1026,-0.000889227143,2025-11-18T09:04:31.538921
2,27,1027,-0.000889012007,2025-11-18T09:04:31.538921
2,28,1028,-0.000889101647,2025-11-18T09:04:31.538921
2,29,1029,-0.000889270973,2025-11-18T09:04:31.538921
2,30,1030,-0.000889279821,2025-11-18T09:04:31.538921
2,31,1031,-0.000889042683,2025-11-18T09:04:31.538921
2,32,1032,-0.000889197515,2025-11-18T09:04:31.538921
2,33,1033,-0.00088923017,2025-11-18T09:04:31.538921
2,34,1034,-0.000889259565,2025-11-18T09:04:31.538921
2,35,1035,-0.000889155606,2025-11-18T09:04:31.538921
2,36,1036,-0.000889182847,2025-11-18T09:04:31.538921
2,37,1037,-0.000889160961,2025-11-18T09:04:31.538921
2,38,1038,-0.000889123883,2025-11-18T09:04:31.538921
2,39,1039,-0.000889116665,2025-11-18T09:04:31.538921
2,40,1040,-0.000889177608,2025-11-18T09:04:31.538921
2,41,1041,-0.000889108516,2025-11-18T09:04:31.538921
2,42,1042,-0.000889133021,2025-11-18T09:04:31.538921
2,43,1043,-0.000889204558,2025-11-18T09:04:31.538921
2,44,1044,-0.000889291637,2025-11-18T09:04:31.538921
2,45,1045,-0.000889165676,2025-11-18T09:04:31.538921
2,46,1046,-0.00088914443,2025-11-18T09:04:31.538921
2,47,1047,-0.000889176386,2025-11-18T09:04:31.538921
2,48,1048,-0.000889214978,2025-11-18T09:04:31.538921
2,49,1049,-0.000889185408,2025-11-18T09:04:31.538921
2,50,1050,-0.00088912039,2025-11-18T09:04:31.538921
2,51,1051,-0.000889360497,2025-11-18T09:04:31.538921
2,52,1052,-0.000889028015,2025-11-18T09:04:31.538921
2,53,1053,-0.00088911195,2025-11-18T09:04:31.538921
2,54,1054,-0.000889268761,2025-11-18T09:04:31.538921
2,55,1055,-0.000889119575,2025-11-18T09:04:31.538921
2,56,1056,-0.000889126618,2025-11-18T09:04:31.538921
2,57,1057,-0.000889239658,2025-11-18T09:04:31.538921
2,58,1058,-0.000889042275,2025-11-18T09:04:31.538921
2,59,1059,-0.000889103161,2025-11-18T09:04:31.538921
2,60,1060,-0.000889207643,2025-11-18T09:04:31.538921
2,61,1061,-0.000887421076,2025-11-18T09:04:31.538921
2,62,1062,-0.000887278351,2025-11-18T09:04:31.538921
2,63,1063,-0.000887532485,2025-11-18T09:04:31.538921
2,64,1064,-0.000887472066,2025-11-18T09:04:31.538921
2,65,1065,-0.000887350353,2025-11-18T09:04:31.538921
2,66,1066,-0.000887270318,2025-11-18T09:04:31.538921
2,67,1067,-0.000887349888,2025-11-18T09:04:31.538921
2,68,1068,-0.000887330737,2025-11-18T09:04:31.538921
2,69,1069,-0.000887378468,2025-11-18T09:04:31.538921
2,70,1070,-0.000887347268,2025-11-18T09:04:31.538921
2,71,1071,-0.000887280912,2025-11-18T09:04:31.538921
2,72,1072,-0.000887191796,2025-11-18T09:04:31.538921
2,73,1073,-0.000887318281,2025-11-18T09:04:31.538921
2,74,1074,-0.000887407572,2025-11-18T09:04:31.538921
2,75,1075,-0.000887270201,2025-11-18T09:04:31.538921
2,76,1076,-0.000887172762,2025-11-18T09:04:31.538921
2,77,1077,-0.000887255358,2025-11-18T09:04:31.538921
2,78,1078,-0.000887289177,2025-11-18T09:04:31.538921
2,79,1079,-0.000887401809,2025-11-18T09:04:31.538921
2,80,1080,-0.00088733714,2025-11-18T09:04:31.538921
2,81,1081,-0.000887309841,2025-11-18T09:04:31.538921
2,82,1082,-0.000887404719,2025-11-18T09:04:31.538921
2,83,1083,-0.000887301459,2025-11-18T09:04:31.538921
2,84,1084,-0.000887168338,2025-11-18T09:04:31.538921
2,85,1085,-0.000887076777,2025-11-18T09:04:31.538921
2,86,1086,-0.000887193949,2025-11-18T09:04:31.538921
2,87,1087,-0.0008872514,2025-11-18T09:04:31.538921
2,88,1088,-0.000887133413,2025-11-18T09:04:31.538921
2,89,1089,-0.000887102447,2025-11-18T09:04:31.538921
2,90,1090,-0.000888944661,2025-11-18T09:04:31.538921
2,91,1091,-0.00088935194,2025-11-18T09:04:31.538921
2,92,1092,-0.000889669929,2025-11-18T09:04:31.538921
2,93,1093,-0.000889548507,2025-11-18T09:04:31.538921
2,94,1094,-0.000889538379,2025-11-18T09:04:31.538921
2,95,1095,-0.000889476388,2025-11-18T09:04:31.538921
2,96,1096,-0.000889447284,2025-11-18T09:04:31.538921
2,97,1097,-0.000888926384,2025-11-18T09:04:31.538921
2,98,1098,-0.000889263697,2025-11-18T09:04:31.538921
2,99,1099,-0.000889498565,2025-11-18T09:04:31.538921
2,100,1100,-0.000889377435,2025-11-18T09:04:31.538921
2,101,1101,-0.000889644434,2025-11-18T09:04:31.538921
2,102,1102,-0.0008894981,2025-11-18T09:04:31.538921
2,103,1103,-0.00088944676,2025-11-18T09:04:31.538921
2,104,1104,-0.0008892818,2025-11-18T09:04:31.538921
2,105,1105,-0.000889270158,2025-11-18T09:04:31.538921
2,106,1106,-0.000889536808,2025-11-18T09:04:31.538921
2,107,1107,-0.000889453338,2025-11-18T09:04:31.538921
2,108,1108,-0.000889447866,2025-11-18T09:04:31.538921
2,109,1109,-0.000889359158,2025-11-18T09:04:31.538921
2,110,1110,-0.000889264454,2025-11-18T09:04:31.538921
2,111,1111,-0.000889353221,2025-11-18T09:04:31.538921
2,112,1112,-0.000889228947,2025-11-18T09:04:31.538921
2,113,1113,-0.000889327027,2025-11-18T09:04:31.538921
2,114,1114,-0.00088921393,2025-11-18T09:04:31.538921
2,115,1115,-0.000889201648,2025-11-18T09:04:31.538921
2,116,1116,-0.000889140239,2025-11-18T09:04:31.538921
2,117,1117,-0.000889350427,2025-11-18T09:04:31.538921
2,118,1118,-0.000889360555,2025-11-18T09:04:31.538921
2,119,1119,-0.000889361894,2025-11-18T09:04:31.538921
2,120,1120,-0.000889141054,2025-11-18T09:04:31.538921
2,121,1121,-0.000889240589,2025-11-18T09:04:31.538921
2,122,1122,-0.000889097573,2025-11-18T09:04:31.538921
2,123,1123,-0.00088865502,2025-11-18T09:04:31.538921
2,124,1124,-0.00088846992,2025-11-18T09:04:31.538921
2,125,1125,-0.000888797454,2025-11-18T09:04:31.538921
2,126,1126,-0.000888818758,2025-11-18T09:04:31.538921
2,127,1127,-0.000888749957,2025-11-18T09:04:31.538921
2,128,1128,-0.000888645648,2025-11-18T09:04:31.538921
2,129,1129,-0.000888605194,2025-11-18T09:04:31.538921
2,130,1130,-0.000888521724,2025-11-18T09:04:31.538921
2,131,1131,-0.000888591283,2025-11-18T09:04:31.538921
2,132,1132,-0.000888596172,2025-11-18T09:04:31.538921
2,133,1133,-0.000888654321,2025-11-18T09:04:31.538921
2,134,1134,-0.000888573937,2025-11-18T09:04:31.538921
2,135,1135,-0.00088865438,2025-11-18T09:04:31.538921
2,136,1136,-0.000888700131,2025-11-18T09:04:31.538921
2,137,1137,-0.000888860551,2025-11-18T09:04:31.538921
2,138,1138,-0.000888941867,2025-11-18T09:04:31.538921
2,139,1139,-0.000888947397,2025-11-18T09:04:31.538921
2,140,1140,-0.000889190472,2025-11-18T09:04:31.538921
2,141,1141,-0.000888992741,2025-11-18T09:04:31.538921
2,142,1142,-0.000889011309,2025-11-18T09:04:31.538921
2,143,1143,-0.000888640875,2025-11-18T09:04:31.538921
2,144,1144,-0.000888715905,2025-11-18T09:04:31.538921
2,145,1145,-0.00088866672,2025-11-18T09:04:31.538921
2,146,1146,-0.000888548791,2025-11-18T09:04:31.538921
2,147,1147,-0.000888616195,2025-11-18T09:04:31.538921
2,148,1148,-0.00088845886,2025-11-18T09:04:31.538921
2,149,1149,-0.00088674284,2025-11-18T09:04:31.538921
2,150,1150,-0.000886413501,2025-11-18T09:04:31.538921
2,151,1151,-0.000886344758,2025-11-18T09:04:31.538921
2,152,1152,-0.000886418682,2025-11-18T09:04:31.538921
2,153,1153,-0.00088637229,2025-11-18T09:04:31.538921
2,154,1154,-0.000886421941,2025-11-18T09:04:31.538921
2,155,1155,-0.000885821937,2025-11-18T09:04:31.538921
2,156,1156,-0.000882868538,2025-11-18T09:04:31.538921
2,157,1157,-0.000882327964,2025-11-18T09:04:31.538921
2,158,1158,-0.000882492284,2025-11-18T09:04:31.538921
2,159,1159,-0.00087984337,2025-11-18T09:04:31.538921
2,160,1160,-0.000879395054,2025-11-18T09:04:31.538921
2,161,1161,-0.000879347207,2025-11-18T09:04:31.538921
2,162,1162,-0.00087957544,2025-11-18T09:04:31.538921
2,163,1163,-0.000879501516,2025-11-18T09:04:31.538921
2,164,1164,-0.000879333005,2025-11-18T09:04:31.538921
2,165,1165,-0.000879426137,2025-11-18T09:04:31.538921
2,166,1166,-0.000879596918,2025-11-18T09:04:31.538921
2,167,1167,-0.00087955431,2025-11-18T09:04:31.538921
2,168,1168,-0.000879429164,2025-11-18T09:04:31.538921
2,169,1169,-0.000879529106,2025-11-18T09:04:31.538921
2,170,1170,-0.00087962416,2025-11-18T09:04:31.538921
2,171,1171,-0.000879586208,2025-11-18T09:04:31.538921
2,172,1172,-0.000879599072,2025-11-18T09:04:31.538921
2,173,1173,-0.000879677769,2025-11-18T09:04:31.538921
2,174,1174,-0.000879632891,2025-11-18T09:04:31.538921
2,175,1175,-0.000879672646,2025-11-18T09:04:31.538921
2,176,1176,-0.000879685452,2025-11-18T09:04:31.538921
2,177,1177,-0.000879729166,2025-11-18T09:04:31.538921
2,178,1178,-0.000879556813,2025-11-18T09:04:31.538921
2,179,1179,-0.000879762053,2025-11-18T09:04:31.538921
2,180,1180,-0.000879564322,2025-11-18T09:04:31.538921
2,181,1181,-0.00087965792,2025-11-18T09:04:31.538921
2,182,1182,-0.000879604427,2025-11-18T09:04:31.538921
2,183,1183,-0.000879951578,2025-11-18T09:04:31.538921
2,184,1184,-0.00088037108,2025-11-18T09:04:31.538921
2,185,1185,-0.000884529494,2025-11-18T09:04:31.538921
2,186,1186,-0.000885093177,2025-11-18T09:04:31.538921
2,187,1187,-0.000880878593,2025-11-18T09:04:31.538921
2,188,1188,-0.000881954038,2025-11-18T09:04:31.538921
2,189,1189,-0.000882674125,2025-11-18T09:04:31.538921
2,190,1190,-0.000885566754,2025-11-18T09:04:31.538921
2,191,1191,-0.00088573934,2025-11-18T09:04:31.538921
2,192,1192,-0.000885736255,2025-11-18T09:04:31.538921
2,193,1193,-0.000885391316,2025-11-18T09:04:31.538921
2,194,1194,-0.000885361747,2025-11-18T09:04:31.538921
2,195,1195,-0.000885516463,2025-11-18T09:04:31.538921
2,196,1196,-0.000885359186,2025-11-18T09:04:31.538921
2,197,1197,-0.000885106506,2025-11-18T09:04:31.538921
2,198,1198,-0.000885234796,2025-11-18T09:04:31.538921
2,199,1199,-0.000885252724,2025-11-18T09:04:31.538921
2,200,1200,-0.000885091547,2025-11-18T09:04:31.538921
2,201,1201,-0.000885221001,2025-11-18T09:04:31.538921
2,202,1202,-0.000885162909,2025-11-18T09:04:31.538921
2,203,1203,-0.000885342597,2025-11-18T09:04:31.538921
2,204,1204,-0.00088519603,2025-11-18T09:04:31.538921
2,205,1205,-0.000885313958,2025-11-18T09:04:31.538921
2,206,1206,-0.000885557034,2025-11-18T09:04:31.538921
2,207,1207,-0.000885543588,2025-11-18T09:04:31.538921
2,208,1208,-0.00088538503,2025-11-18T09:04:31.538921
2,209,1209,-0.000885558139,2025-11-18T09:04:31.538921
2,210,1210,-0.0008856614,2025-11-18T09:04:31.538921
2,211,1211,-0.000885501445,2025-11-18T09:04:31.538921
2,212,1212,-0.00088549545,2025-11-18T09:04:31.538921
2,213,1213,-0.000885526533,2025-11-18T09:04:31.538921
2,214,1214,-0.000885302142,2025-11-18T09:04:31.538921
2,215,1215,-0.000885182409,2025-11-18T09:04:31.538921
2,216,1216,-0.000885537418,2025-11-18T09:04:31.538921
2,217,1217,-0.000885570247,2025-11-18T09:04:31.538921
2,218,1218,-0.000885446032,2025-11-18T09:04:31.538921
2,219,1219,-0.000885377987,2025-11-18T09:04:31.538921
2,220,1220,-0.000885441433,2025-11-18T09:04:31.538921
2,221,1221,-0.000885402609,2025-11-18T09:04:31.538921
2,222,1222,-0.000885372923,2025-11-18T09:04:31.538921
2,223,1223,-0.000885356101,2025-11-18T09:04:31.538921
2,224,1224,-0.000885180081,2025-11-18T09:04:31.538921
2,225,1225,-0.000885056739,2025-11-18T09:04:31.538921
2,226,1226,-0.00088520185,2025-11-18T09:04:31.538921
2,227,1227,-0.000885092769,2025-11-18T09:04:31.538921
2,228,1228,-0.000885161047,2025-11-18T09:04:31.538921
2,229,1229,-0.000885155692,2025-11-18T09:04:31.538921
2,230,1230,-0.000885176879,2025-11-18T09:04:31.538921
2,231,1231,-0.00088505476,2025-11-18T09:04:31.538921
2,232,1232,-0.000884985085,2025-11-18T09:04:31.538921
2,233,1233,-0.000884848413,2025-11-18T09:04:31.538921
2,234,1234,-0.000884684268,2025-11-18T09:04:31.538921
2,235,1235,-0.000884951092,2025-11-18T09:04:31.538921
2,236,1236,-0.000885274785,2025-11-18T09:04:31.538921
2,237,1237,-0.000885051267,2025-11-18T09:04:31.538921
2,238,1238,-0.000885138288,2025-11-18T09:04:31.538921
2,239,1239,-0.000885090266,2025-11-18T09:04:31.538921
2,240,1240,-0.00088501221,2025-11-18T09:04:31.538921
2,241,1241,-0.000885114248,2025-11-18T09:04:31.538921
2,242,1242,-0.000885103479,2025-11-18T09:04:31.538921
2,243,1243,-0.000885117158,2025-11-18T09:04:31.538921
2,244,1244,-0.000885242887,2025-11-18T09:04:31.538921
2,245,1245,-0.000885071291,2025-11-18T09:04:31.538921
2,246,1246,-0.000885208079,2025-11-18T09:04:31.538921
2,247,1247,-0.000885289453,2025-11-18T09:04:31.538921
2,248,1248,-0.000885149871,2025-11-18T09:04:31.538921
2,249,1249,-0.000885096786,2025-11-18T09:04:31.538921
2,250,1250,-0.000885112502,2025-11-18T09:04:31.538921
2,251,1251,-0.00088524993,2025-11-18T09:04:31.538921
2,252,1252,-0.000885257904,2025-11-18T09:04:31.538921
2,253,1253,-0.000885048299,2025-11-18T09:04:31.538921
2,254,1254,-0.000885183573,2025-11-18T09:04:31.538921
2,255,1255,-0.000885430083,2025-11-18T09:04:31.538921
2,256,1256,-0.000885633809,2025-11-18T09:04:31.538921
2,257,1257,-0.000885520479,2025-11-18T09:04:31.538921
2,258,1258,-0.000885504239,2025-11-18T09:04:31.538921
2,259,1259,-0.00088540354,2025-11-18T09:04:31.538921
2,260,1260,-0.00088531844,2025-11-18T09:04:31.538921
2,261,1261,-0.000885362329,2025-11-18T09:04:31.538921
2,262,1262,-0.000885449349,2025-11-18T09:04:31.538921
2,263,1263,-0.000885824032,2025-11-18T09:04:31.538921
2,264,1264,-0.000886361405,2025-11-18T09:04:31.538921
2,265,1265,-0.000891160161,2025-11-18T09:04:31.538921
2,266,1266,-0.000890254683,2025-11-18T09:04:31.538921
2,267,1267,-0.000890398223,2025-11-18T09:04:31.538921
2,268,1268,-0.000890497933,2025-11-18T09:04:31.538921
2,269,1269,-0.000890395138,2025-11-18T09:04:31.538921
2,270,1270,-0.00089033338,2025-11-18T09:04:31.538921
2,271,1271,-0.000890177325,2025-11-18T09:04:31.538921
2,272,1272,-0.000890011899,2025-11-18T09:04:31.538921
2,273,1273,-0.000889907416,2025-11-18T09:04:31.538921
2,274,1274,-0.000889982096,2025-11-18T09:04:31.538921
2,275,1275,-0.000889925926,2025-11-18T09:04:31.538921
2,276,1276,-0.000890088325,2025-11-18T09:04:31.538921
2,277,1277,-0.000889860559,2025-11-18T09:04:31.538921
2,278,1278,-0.000890146999,2025-11-18T09:04:31.538921
2,279,1279,-0.000890106253,2025-11-18T09:04:31.538921
2,280,1280,-0.000889888731,2025-11-18T09:04:31.538921
2,281,1281,-0.00089001219,2025-11-18T09:04:31.538921
2,282,1282,-0.000889660266,2025-11-18T09:04:31.538921
2,283,1283,-0.00089032331,2025-11-18T09:04:31.538921
2,284,1284,-0.000890449853,2025-11-18T09:04:31.538921
2,285,1285,-0.000890450144,2025-11-18T09:04:31.538921
2,286,1286,-0.000890501425,2025-11-18T09:04:31.538921
2,287,1287,-0.000890582799,2025-11-18T09:04:31.538921
2,288,1288,-0.000890464521,2025-11-18T09:04:31.538921
2,289,1289,-0.000890572962,2025-11-18T09:04:31.538921
2,290,1290,-0.000890705501,2025-11-18T09:04:31.538921
2,291,1291,-0.000890518131,2025-11-18T09:04:31.538921
2,292,1292,-0.000890492519,2025-11-18T09:04:31.538921
2,293,1293,-0.000890103459,2025-11-18T09:04:31.538921
2,294,1294,-0.000890724186,2025-11-18T09:04:31.538921
2,295,1295,-0.000890880241,2025-11-18T09:04:31.538921
2,296,1296,-0.00089092087,2025-11-18T09:04:31.538921
2,297,1297,-0.00089076336,2025-11-18T09:04:31.538921
2,298,1298,-0.000890867493,2025-11-18T09:04:31.538921
2,299,1299,-0.000890928669,2025-11-18T09:04:31.538921
2,300,1300,-0.00089083903,2025-11-18T09:04:31.538921
2,301,1301,-0.000891009112,2025-11-18T09:04:31.538921
2,302,1302,-0.000890864001,2025-11-18T09:04:31.538921
2,303,1303,-0.000890868483,2025-11-18T09:04:31.538921
2,304,1304,-0.000891135598,2025-11-18T09:04:31.538921
2,305,1305,-0.000891061732,2025-11-18T09:04:31.538921
2,306,1306,-0.000891134666,2025-11-18T09:04:31.538921
2,307,1307,-0.000890982279,2025-11-18T09:04:31.538921
2,308,1308,-0.000891016912,2025-11-18T09:04:31.538921
2,309,1309,-0.000891017029,2025-11-18T09:04:31.538921
2,310,1310,-0.000891066389,2025-11-18T09:04:31.538921
2,311,1311,-0.000890903698,2025-11-18T09:04:31.538921
2,312,1312,-0.000891013711,2025-11-18T09:04:31.538921
2,313,1313,-0.000891162431,2025-11-18T09:04:31.538921
2,314,1314,-0.000891059462,2025-11-18T09:04:31.538921
2,315,1315,-0.000890826166,2025-11-18T09:04:31.538921
2,316,1316,-0.000890759576,2025-11-18T09:04:31.538921
2,317,1317,-0.00089096406,2025-11-18T09:04:31.538921
2,318,1318,-0.000890842115,2025-11-18T09:04:31.538921
2,319,1319,-0.000890784023,2025-11-18T09:04:31.538921
2,320,1320,-0.000890919356,2025-11-18T09:04:31.538921
2,321,1321,-0.000890839088,2025-11-18T09:04:31.538921
2,322,1322,-0.000891091069,2025-11-18T09:04:31.538921
2,323,1323,-0.000890924711,2025-11-18T09:04:31.538921
2,324,1324,-0.000890890485,2025-11-18T09:04:31.538921
2,325,1325,-0.000890878553,2025-11-18T09:04:31.538921
2,326,1326,-0.000890786177,2025-11-18T09:04:31.538921
2,327,1327,-0.000890707189,2025-11-18T09:04:31.538921
2,328,1328,-0.000890619878,2025-11-18T09:04:31.538921
2,329,1329,-0.000890826922,2025-11-18T09:04:31.538921
2,330,1330,-0.000890949217,2025-11-18T09:04:31.538921
2,331,1331,-0.000891028961,2025-11-18T09:04:31.538921
2,332,1332,-0.000890753988,2025-11-18T09:04:31.538921
2,333,1333,-0.000890564406,2025-11-18T09:04:31.538921
2,334,1334,-0.000890454859,2025-11-18T09:04:31.538921
2,335,1335,-0.000890597759,2025-11-18T09:04:31.538921
2,336,1336,-0.00089059124,2025-11-18T09:04:31.538921
2,337,1337,-0.000890403694,2025-11-18T09:04:31.538921
2,338,1338,-0.000890537106,2025-11-18T09:04:31.538921
2,339,1339,-0.000890436058,2025-11-18T09:04:31.538921
2,340,1340,-0.000890592928,2025-11-18T09:04:31.538921
2,341,1341,-0.00089089974,2025-11-18T09:04:31.538921
2,342,1342,-0.000890851719,2025-11-18T09:04:31.538921
2,343,1343,-0.00089095789,2025-11-18T09:04:31.538921
2,344,1344,-0.000890310446,2025-11-18T09:04:31.538921
2,345,1345,-0.000890622788,2025-11-18T09:04:31.538921
2,346,1346,-0.000890523951,2025-11-18T09:04:31.538921
2,347,1347,-0.000890539435,2025-11-18T09:04:31.538921
2,348,1348,-0.000890468305,2025-11-18T09:04:31.538921
2,349,1349,-0.000890544033,2025-11-18T09:04:31.538921
2,350,1350,-0.000890742579,2025-11-18T09:04:31.538921
2,351,1351,-0.000890756375,2025-11-18T09:04:31.538921
2,352,1352,-0.000890844443,2025-11-18T09:04:31.538921
2,353,1353,-0.000890698749,2025-11-18T09:04:31.538921
2,354,1354,-0.000890676514,2025-11-18T09:04:31.538921
2,355,1355,-0.00089074549,2025-11-18T09:04:31.538921
2,356,1356,-0.000890693801,2025-11-18T09:04:31.538921
2,357,1357,-0.000890651659,2025-11-18T09:04:31.538921
2,358,1358,-0.000890439376,2025-11-18T09:04:31.538921
2,359,1359,-0.000890500843,2025-11-18T09:04:31.538921
2,360,1360,-0.000890654569,2025-11-18T09:04:31.538921
2,361,1361,-0.000890654046,2025-11-18T09:04:31.538921
2,362,1362,-0.000890542985,2025-11-18T09:04:31.538921
2,363,1363,-0.000890735944,2025-11-18T09:04:31.538921
2,364,1364,-0.000890579423,2025-11-18T09:04:31.538921
2,365,1365,-0.000890649214,2025-11-18T09:04:31.538921
2,366,1366,-0.000890769471,2025-11-18T09:04:31.538921
2,367,1367,-0.000890628842,2025-11-18T09:04:31.538921
2,368,1368,-0.000890538853,2025-11-18T09:04:31.538921
2,369,1369,-0.000890615396,2025-11-18T09:04:31.538921
2,370,1370,-0.000890500203,2025-11-18T09:04:31.538921
2,371,1371,-0.000890662136,2025-11-18T09:04:31.538921
2,372,1372,-0.000890722905,2025-11-18T09:04:31.538921
2,373,1373,-0.000890653347,2025-11-18T09:04:31.538921
2,374,1374,-0.000890629598,2025-11-18T09:04:31.538921
2,375,1375,-0.000890741823,2025-11-18T09:04:31.538921
2,376,1376,-0.000890786526,2025-11-18T09:04:31.538921
2,377,1377,-0.000890851777,2025-11-18T09:04:31.538921
2,378,1378,-0.000890666386,2025-11-18T09:04:31.538921
2,379,1379,-0.000890716211,2025-11-18T09:04:31.538921
2,380,1380,-0.000890952884,2025-11-18T09:04:31.538921
2,381,1381,-0.000890967086,2025-11-18T09:04:31.538921
2,382,1382,-0.000890892057,2025-11-18T09:04:31.538921
2,383,1383,-0.000890895898,2025-11-18T09:04:31.538921
2,384,1384,-0.000890966155,2025-11-18T09:04:31.538921
2,385,1385,-0.000890917144,2025-11-18T09:04:31.538921
2,386,1386,-0.000890795199,2025-11-18T09:04:31.538921
2,387,1387,-0.000890666909,2025-11-18T09:04:31.538921
2,388,1388,-0.000890841183,2025-11-18T09:04:31.538921
2,389,1389,-0.000890874478,2025-11-18T09:04:31.538921
2,390,1390,-0.000890655268,2025-11-18T09:04:31.538921
2,391,1391,-0.00089066365,2025-11-18T09:04:31.538921
2,392,1392,-0.000890826166,2025-11-18T09:04:31.538921
2,393,1393,-0.000890789146,2025-11-18T09:04:31.538921
2,394,1394,-0.000890859751,2025-11-18T09:04:31.538921
2,395,1395,-0.000890986702,2025-11-18T09:04:31.538921
2,396,1396,-0.000890862371,2025-11-18T09:04:31.538921
2,397,1397,-0.000890951196,2025-11-18T09:04:31.538921
2,398,1398,-0.000890987459,2025-11-18T09:04:31.538921
2,399,1399,-0.000891019648,2025-11-18T09:04:31.538921
2,400,1400,-0.000891000207,2025-11-18T09:04:31.538921
2,401,1401,-0.000890891882,2025-11-18T09:04:31.538921
2,402,1402,-0.000891014584,2025-11-18T09:04:31.538921
2,403,1403,-0.000890884548,2025-11-18T09:04:31.538921
2,404,1404,-0.000890851195,2025-11-18T09:04:31.538921
2,405,1405,-0.00089086336,2025-11-18T09:04:31.538921
2,406,1406,-0.00089061557,2025-11-18T09:04:31.538921
2,407,1407,-0.000890823546,2025-11-18T09:04:31.538921
2,408,1408,-0.000890646479,2025-11-18T09:04:31.538921
2,409,1409,-0.000890812836,2025-11-18T09:04:31.538921
2,410,1410,-0.000890815281,2025-11-18T09:04:31.538921
2,411,1411,-0.000890643743,2025-11-18T09:04:31.538921
2,412,1412,-0.000890703289,2025-11-18T09:04:31.538921
2,413,1413,-0.000890676514,2025-11-18T09:04:31.538921
2,414,1414,-0.000890908762,2025-11-18T09:04:31.538921
2,415,1415,-0.000890827563,2025-11-18T09:04:31.538921
2,416,1416,-0.000890898169,2025-11-18T09:04:31.538921
2,417,1417,-0.000890775583,2025-11-18T09:04:31.538921
2,418,1418,-0.000891042815,2025-11-18T09:04:31.538921
2,419,1419,-0.000890936586,2025-11-18T09:04:31.538921
2,420,1420,-0.000891005096,2025-11-18T09:04:31.538921
2,421,1421,-0.000891109986,2025-11-18T09:04:31.538921
2,422,1422,-0.000890709634,2025-11-18T09:04:31.538921
2,423,1423,-0.000890979019,2025-11-18T09:04:31.538921
2,424,1424,-0.000890895724,2025-11-18T09:04:31.538921
2,425,1425,-0.00089101179,2025-11-18T09:04:31.538921
2,426,1426,-0.000891177158,2025-11-18T09:04:31.538921
2,427,1427,-0.000891025934,2025-11-18T09:04:31.538921
2,428,1428,-0.00089116377,2025-11-18T09:04:31.538921
2,429,1429,-0.000891219824,2025-11-18T09:04:31.538921
2,430,1430,-0.00089100236,2025-11-18T09:04:31.538921
2,431,1431,-0.000890642171,2025-11-18T09:04:31.538921
2,432,1432,-0.000890774128,2025-11-18T09:04:31.538921
2,433,1433,-0.000891006318,2025-11-18T09:04:31.538921
2,434,1434,-0.000890877505,2025-11-18T09:04:31.538921
2,435,1435,-0.000890669296,2025-11-18T09:04:31.538921
2,436,1436,-0.000890885654,2025-11-18T09:04:31.538921
2,437,1437,-0.000890904455,2025-11-18T09:04:31.538921
2,438,1438,-0.00089097215,2025-11-18T09:04:31.538921
2,439,1439,-0.000890735478,2025-11-18T09:04:31.538921
2,440,1440,-0.000890845141,2025-11-18T09:04:31.538921
2,441,1441,-0.000891077565,2025-11-18T09:04:31.538921
2,442,1442,-0.000891029427,2025-11-18T09:04:31.538921
2,443,1443,-0.000890860799,2025-11-18T09:04:31.538921
2,444,1444,-0.000891187053,2025-11-18T09:04:31.538921
2,445,1445,-0.000891074188,2025-11-18T09:04:31.538921
2,446,1446,-0.000891265808,2025-11-18T09:04:31.538921
2,447,1447,-0.000891190022,2025-11-18T09:04:31.538921
2,448,1448,-0.000891406263,2025-11-18T09:04:31.538921
2,449,1449,-0.000891253992,2025-11-18T09:04:31.538921
2,450,1450,-0.000891143106,2025-11-18T09:04:31.538921
2,451,1451,-0.00089127483,2025-11-18T09:04:31.538921
2,452,1452,-0.000891179079,2025-11-18T09:04:31.538921
2,453,1453,-0.000891226285,2025-11-18T09:04:31.538921
2,454,1454,-0.000891185831,2025-11-18T09:04:31.538921
2,455,1455,-0.000891079078,2025-11-18T09:04:31.538921
2,456,1456,-0.000891174655,2025-11-18T09:04:31.538921
2,457,1457,-0.000891216681,2025-11-18T09:04:31.538921
2,458,1458,-0.00089098839,2025-11-18T09:04:31.538921
2,459,1459,-0.000891067262,2025-11-18T09:04:31.538921
2,460,1460,-0.000891090312,2025-11-18T09:04:31.538921
2,461,1461,-0.000890914408,2025-11-18T09:04:31.538921
2,462,1462,-0.000891077565,2025-11-18T09:04:31.538921
2,463,1463,-0.000891081523,2025-11-18T09:04:31.538921
2,464,1464,-0.000891039904,2025-11-18T09:04:31.538921
2,465,1465,-0.000891108938,2025-11-18T09:04:31.538921
2,466,1466,-0.000891308824,2025-11-18T09:04:31.538921
2,467,1467,-0.000891207891,2025-11-18T09:04:31.538921
2,468,1468,-0.000891156145,2025-11-18T09:04:31.538921
2,469,1469,-0.000891069241,2025-11-18T09:04:31.538921
2,470,1470,-0.000891114468,2025-11-18T09:04:31.538921
2,471,1471,-0.000891164701,2025-11-18T09:04:31.538921
2,472,1472,-0.000891204981,2025-11-18T09:04:31.538921
2,473,1473,-0.000891248462,2025-11-18T09:04:31.538921
2,474,1474,-0.000891199219,2025-11-18T09:04:31.538921
2,475,1475,-0.000891239149,2025-11-18T09:04:31.538921
2,476,1476,-0.00089131284,2025-11-18T09:04:31.538921
2,477,1477,-0.000891243922,2025-11-18T09:04:31.538921
2,478,1478,-0.000891280651,2025-11-18T09:04:31.538921
2,479,1479,-0.000891131639,2025-11-18T09:04:31.538921
2,480,1480,-0.00089111505,2025-11-18T09:04:31.538921
2,481,1481,-0.000891144503,2025-11-18T09:04:31.538921
2,482,1482,-0.000891107541,2025-11-18T09:04:31.538921
2,483,1483,-0.000891023664,2025-11-18T09:04:31.538921
2,484,1484,-0.000891103001,2025-11-18T09:04:31.538921
2,485,1485,-0.000890930066,2025-11-18T09:04:31.538921
2,486,1486,-0.000890981929,2025-11-18T09:04:31.538921
2,487,1487,-0.000891195086,2025-11-18T09:04:31.538921
2,488,1488,-0.000891184899,2025-11-18T09:04:31.538921
2,489,1489,-0.000891102536,2025-11-18T09:04:31.538921
2,490,1490,-0.00089097995,2025-11-18T09:04:31.538921
2,491,1491,-0.000890998635,2025-11-18T09:04:31.538921
2,492,1492,-0.000891023606,2025-11-18T09:04:31.538921
2,493,1493,-0.000891005212,2025-11-18T09:04:31.538921
2,494,1494,-0.000891326635,2025-11-18T09:04:31.538921
2,495,1495,-0.000891050789,2025-11-18T09:04:31.538921
2,496,1496,-0.000890995434,2025-11-18T09:04:31.538921
2,497,1497,-0.000891297997,2025-11-18T09:04:31.538921
2,498,1498,-0.000891148636,2025-11-18T09:04:31.538921
2,499,1499,-0.000891003059,2025-11-18T09:04:31.538921
2,500,1500,-0.000890989496,2025-11-18T09:04:31.538921
2,501,1501,-0.000890987459,2025-11-18T09:04:31.538921
2,502,1502,-0.000890975643,2025-11-18T09:04:31.538921
2,503,1503,-0.000890939729,2025-11-18T09:04:31.538921
2,504,1504,-0.000890984083,2025-11-18T09:04:31.538921
2,505,1505,-0.000890997936,2025-11-18T09:04:31.538921
2,506,1506,-0.000890801195,2025-11-18T09:04:31.538921
2,507,1507,-0.000891022209,2025-11-18T09:04:31.538921
2,508,1508,-0.000890904921,2025-11-18T09:04:31.538921
2,509,1509,-0.000891019648,2025-11-18T09:04:31.538921
2,510,1510,-0.000891050149,2025-11-18T09:04:31.538921
2,511,1511,-0.000890953349,2025-11-18T09:04:31.538921
2,512,1512,-0.000890775059,2025-11-18T09:04:31.538921
2,513,1513,-0.000890795956,2025-11-18T09:04:31.538921
2,514,1514,-0.00089077145,2025-11-18T09:04:31.538921
2,515,1515,-0.000890936818,2025-11-18T09:04:31.538921
2,516,1516,-0.000890986237,2025-11-18T09:04:31.538921
2,517,1517,-0.000890983326,2025-11-18T09:04:31.538921
2,518,1518,-0.000890897412,2025-11-18T09:04:31.538921
2,519,1519,-0.000890686817,2025-11-18T09:04:31.538921
2,520,1520,-0.000890637806,2025-11-18T09:04:31.538921
2,521,1521,-0.000890787399,2025-11-18T09:04:31.538921
2,522,1522,-0.000890771916,2025-11-18T09:04:31.538921
2,523,1523,-0.000890748691,2025-11-18T09:04:31.538921
2,524,1524,-0.00089076854,2025-11-18T09:04:31.538921
2,525,1525,-0.000890852534,2025-11-18T09:04:31.538921
2,526,1526,-0.000890786468,2025-11-18T09:04:31.538921
2,527,1527,-0.000890671799,2025-11-18T09:04:31.538921
2,528,1528,-0.000890842231,2025-11-18T09:04:31.538921
2,529,1529,-0.000890843046,2025-11-18T09:04:31.538921
2,530,1530,-0.000890619063,2025-11-18T09:04:31.538921
2,531,1531,-0.000890625698,2025-11-18T09:04:31.538921
2,532,1532,-0.000890381808,2025-11-18T09:04:31.538921
2,533,1533,-0.000890472612,2025-11-18T09:04:31.538921
2,534,1534,-0.000890607712,2025-11-18T09:04:31.538921
2,535,1535,-0.000890734721,2025-11-18T09:04:31.538921
2,536,1536,-0.000890638097,2025-11-18T09:04:31.538921
2,537,1537,-0.000890820403,2025-11-18T09:04:31.538921
2,538,1538,-0.000890970288,2025-11-18T09:04:31.538921
2,539,1539,-0.000890633498,2025-11-18T09:04:31.538921
2,540,1540,-0.000890645605,2025-11-18T09:04:31.538921
2,541,1541,-0.000890521041,2025-11-18T09:04:31.538921
2,542,1542,-0.00089058018,2025-11-18T09:04:31.538921
2,543,1543,-0.000890514114,2025-11-18T09:04:31.538921
2,544,1544,-0.000890540366,2025-11-18T09:04:31.538921
2,545,1545,-0.000890564697,2025-11-18T09:04:31.538921
2,546,1546,-0.000890927563,2025-11-18T09:04:31.538921
2,547,1547,-0.00089049543,2025-11-18T09:04:31.538921
2,548,1548,-0.00089060649,2025-11-18T09:04:31.538921
2,549,1549,-0.000890782976,2025-11-18T09:04:31.538921
2,550,1550,-0.000890531751,2025-11-18T09:04:31.538921
2,551,1551,-0.000890586758,2025-11-18T09:04:31.538921
2,552,1552,-0.000890540482,2025-11-18T09:04:31.538921
2,553,1553,-0.000890460971,2025-11-18T09:04:31.538921
2,554,1554,-0.000890405208,2025-11-18T09:04:31.538921
2,555,1555,-0.000890833558,2025-11-18T09:04:31.538921
2,556,1556,-0.000890616036,2025-11-18T09:04:31.538921
2,557,1557,-0.000891013536,2025-11-18T09:04:31.538921
2,558,1558,-0.000890608702,2025-11-18T09:04:31.538921
2,559,1559,-0.000890443567,2025-11-18T09:04:31.538921
2,560,1560,-0.000890712544,2025-11-18T09:04:31.538921
2,561,1561,-0.000890930066,2025-11-18T09:04:31.538921
2,562,1562,-0.000890717143,2025-11-18T09:04:31.538921
2,563,1563,-0.000890731927,2025-11-18T09:04:31.538921
2,564,1564,-0.000890724011,2025-11-18T09:04:31.538921
2,565,1565,-0.000890778086,2025-11-18T09:04:31.538921
2,566,1566,-0.000890432216,2025-11-18T09:04:31.538921
2,567,1567,-0.000890576804,2025-11-18T09:04:31.538921
2,568,1568,-0.000891049508,2025-11-18T09:04:31.538921
2,569,1569,-0.000890968018,2025-11-18T09:04:31.538921
2,570,1570,-0.000890962488,2025-11-18T09:04:31.538921
2,571,1571,-0.00089101179,2025-11-18T09:04:31.538921
2,572,1572,-0.0008909069,2025-11-18T09:04:31.538921
2,573,1573,-0.000890591938,2025-11-18T09:04:31.538921
2,574,1574,-0.000890751252,2025-11-18T09:04:31.538921
2,575,1575,-0.000890865863,2025-11-18T09:04:31.538921
2,576,1576,-0.00089070684,2025-11-18T09:04:31.538921
2,577,1577,-0.000890679017,2025-11-18T09:04:31.538921
2,578,1578,-0.00089071592,2025-11-18T09:04:31.538921
2,579,1579,-0.000890521623,2025-11-18T09:04:31.538921
2,580,1580,-0.000890457769,2025-11-18T09:04:31.538921
2,581,1581,-0.000890576222,2025-11-18T09:04:31.538921
2,582,1582,-0.000890562834,2025-11-18T09:04:31.538921
2,583,1583,-0.000890511844,2025-11-18T09:04:31.538921
2,584,1584,-0.000890609226,2025-11-18T09:04:31.538921
2,585,1585,-0.000890372146,2025-11-18T09:04:31.538921
2,586,1586,-0.00089053373,2025-11-18T09:04:31.538921
2,587,1587,-0.000890543742,2025-11-18T09:04:31.538921
2,588,1588,-0.000890542287,2025-11-18T09:04:31.538921
2,589,1589,-0.000890684663,2025-11-18T09:04:31.538921
2,590,1590,-0.00089080102,2025-11-18T09:04:31.538921
2,591,1591,-0.000890553055,2025-11-18T09:04:31.538921
2,592,1592,-0.00089046586,2025-11-18T09:04:31.538921
2,593,1593,-0.000890629307,2025-11-18T09:04:31.538921
2,594,1594,-0.000890630588,2025-11-18T09:04:31.538921
2,595,1595,-0.000890723254,2025-11-18T09:04:31.538921
2,596,1596,-0.000890651659,2025-11-18T09:04:31.538921
2,597,1597,-0.00089082116,2025-11-18T09:04:31.538921
2,598,1598,-0.00089075556,2025-11-18T09:04:31.538921
2,599,1599,-0.000890724477,2025-11-18T09:04:31.538921
2,600,1600,-0.000890761497,2025-11-18T09:04:31.538921
2,601,1601,-0.000890843803,2025-11-18T09:04:31.538921
2,602,1602,-0.000890519062,2025-11-18T09:04:31.538921
2,603,1603,-0.000890991417,2025-11-18T09:04:31.538921
2,604,1604,-0.000891000148,2025-11-18T09:04:31.538921
2,605,1605,-0.000890935072,2025-11-18T09:04:31.538921
2,606,1606,-0.000890854396,2025-11-18T09:04:31.538921
2,607,1607,-0.000891140021,2025-11-18T09:04:31.538921
2,608,1608,-0.000891239033,2025-11-18T09:04:31.538921
2,609,1609,-0.000891000032,2025-11-18T09:04:31.538921
2,610,1610,-0.00089095917,2025-11-18T09:04:31.538921
2,611,1611,-0.000890902476,2025-11-18T09:04:31.538921
2,612,1612,-0.000891009694,2025-11-18T09:04:31.538921
2,613,1613,-0.000891350558,2025-11-18T09:04:31.538921
2,614,1614,-0.000891484087,2025-11-18T09:04:31.538921
2,615,1615,-0.00089122646,2025-11-18T09:04:31.538921
2,616,1616,-0.000891226402,2025-11-18T09:04:31.538921
2,617,1617,-0.000891253526,2025-11-18T09:04:31.538921
2,618,1618,-0.000891144387,2025-11-18T09:04:31.538921
2,619,1619,-0.000891296309,2025-11-18T09:04:31.538921
2,620,1620,-0.000891338277,2025-11-18T09:04:31.538921
2,621,1621,-0.00089120178,2025-11-18T09:04:31.538921
2,622,1622,-0.000891276402,2025-11-18T09:04:31.538921
2,623,1623,-0.000891262781,2025-11-18T09:04:31.538921
2,624,1624,-0.000891478441,2025-11-18T09:04:31.538921
2,625,1625,-0.000891642994,2025-11-18T09:04:31.538921
2,626,1626,-0.00089146354,2025-11-18T09:04:31.538921
2,627,1627,-0.000891481467,2025-11-18T09:04:31.538921
2,628,1628,-0.000891704054,2025-11-18T09:04:31.538921
2,629,1629,-0.000891784962,2025-11-18T09:04:31.538921
2,630,1630,-0.000891987176,2025-11-18T09:04:31.538921
2,631,1631,-0.000891855859,2025-11-18T09:04:31.538921
2,632,1632,-0.000891906616,2025-11-18T09:04:31.538921
2,633,1633,-0.000891935662,2025-11-18T09:04:31.538921
2,634,1634,-0.000891928793,2025-11-18T09:04:31.538921
2,635,1635,-0.000891978153,2025-11-18T09:04:31.538921
2,636,1636,-0.000891766278,2025-11-18T09:04:31.538921
2,637,1637,-0.000892041542,2025-11-18T09:04:31.538921
2,638,1638,-0.000891992473,2025-11-18T09:04:31.538921
2,639,1639,-0.000891917559,2025-11-18T09:04:31.538921
2,640,1640,-0.000891899049,2025-11-18T09:04:31.538921
2,641,1641,-0.000891961681,2025-11-18T09:04:31.538921
2,642,1642,-0.000891952833,2025-11-18T09:04:31.538921
2,643,1643,-0.000892033451,2025-11-18T09:04:31.538921
2,644,1644,-0.000892035139,2025-11-18T09:04:31.538921
2,645,1645,-0.000892250041,2025-11-18T09:04:31.538921
2,646,1646,-0.000892321055,2025-11-18T09:04:31.538921
2,647,1647,-0.000892447773,2025-11-18T09:04:31.538921
2,648,1648,-0.000892379495,2025-11-18T09:04:31.538921
2,649,1649,-0.000892361684,2025-11-18T09:04:31.538921
2,650,1650,-0.000892368436,2025-11-18T09:04:31.538921
2,651,1651,-0.000892431824,2025-11-18T09:04:31.538921
2,652,1652,-0.000892374198,2025-11-18T09:04:31.538921
2,653,1653,-0.000892170995,2025-11-18T09:04:31.538921
2,654,1654,-0.000892040785,2025-11-18T09:04:31.538921
2,655,1655,-0.000891922158,2025-11-18T09:04:31.538921
2,656,1656,-0.00089202082,2025-11-18T09:04:31.538921
2,657,1657,-0.000892028678,2025-11-18T09:04:31.538921
2,658,1658,-0.000892107549,2025-11-18T09:04:31.538921
2,659,1659,-0.000892176525,2025-11-18T09:04:31.538921
2,660,1660,-0.000891956209,2025-11-18T09:04:31.538921
2,661,1661,-0.000892101263,2025-11-18T09:04:31.538921
2,662,1662,-0.00089192955,2025-11-18T09:04:31.538921
2,663,1663,-0.000892170821,2025-11-18T09:04:31.538921
2,664,1664,-0.00089208706,2025-11-18T09:04:31.538921
2,665,1665,-0.000892140786,2025-11-18T09:04:31.538921
2,666,1666,-0.00089204841,2025-11-18T09:04:31.538921
2,667,1667,-0.000892024952,2025-11-18T09:04:31.538921
2,668,1668,-0.000891987874,2025-11-18T09:04:31.538921
2,669,1669,-0.000891935196,2025-11-18T09:04:31.538921
2,670,1670,-0.000891941948,2025-11-18T09:04:31.538921
2,671,1671,-0.000891903357,2025-11-18T09:04:31.538921
2,672,1672,-0.000891928677,2025-11-18T09:04:31.538921
2,673,1673,-0.000891953881,2025-11-18T09:04:31.538921
2,674,1674,-0.000891842704,2025-11-18T09:04:31.538921
2,675,1675,-0.000891800853,2025-11-18T09:04:31.538921
2,676,1676,-0.000892062962,2025-11-18T09:04:31.538921
2,677,1677,-0.000892004114,2025-11-18T09:04:31.538921
2,678,1678,-0.000891987641,2025-11-18T09:04:31.538921
2,679,1679,-0.000892092066,2025-11-18T09:04:31.538921
2,680,1680,-0.000892089214,2025-11-18T09:04:31.538921
2,681,1681,-0.000892132928,2025-11-18T09:04:31.538921
2,682,1682,-0.000892112846,2025-11-18T09:04:31.538921
2,683,1683,-0.000891941308,2025-11-18T09:04:31.538921
2,684,1684,-0.000892200274,2025-11-18T09:04:31.538921
2,685,1685,-0.000892135023,2025-11-18T09:04:31.538921
2,686,1686,-0.000891930249,2025-11-18T09:04:31.538921
2,687,1687,-0.000891999807,2025-11-18T09:04:31.538921
2,688,1688,-0.00089214259,2025-11-18T09:04:31.538921
2,689,1689,-0.000892229843,2025-11-18T09:04:31.538921
2,690,1690,-0.000892175827,2025-11-18T09:04:31.538921
2,691,1691,-0.000892255629,2025-11-18T09:04:31.538921
2,692,1692,-0.000892239215,2025-11-18T09:04:31.538921
2,693,1693,-0.000892230775,2025-11-18T09:04:31.538921
2,694,1694,-0.000892318843,2025-11-18T09:04:31.538921
2,695,1695,-0.00089224166,2025-11-18T09:04:31.538921
2,696,1696,-0.000892115291,2025-11-18T09:04:31.538921
2,697,1697,-0.000892213894,2025-11-18T09:04:31.538921
2,698,1698,-0.000892395153,2025-11-18T09:04:31.538921
2,699,1699,-0.000892361334,2025-11-18T09:04:31.538921
2,700,1700,-0.0008925664,2025-11-18T09:04:31.538921
2,701,1701,-0.00089229329,2025-11-18T09:04:31.538921
2,702,1702,-0.00089240598,2025-11-18T09:04:31.538921
2,703,1703,-0.00089227478,2025-11-18T09:04:31.538921
2,704,1704,-0.000892013602,2025-11-18T09:04:31.538921
2,705,1705,-0.00089172559,2025-11-18T09:04:31.538921
2,706,1706,-0.000891761155,2025-11-18T09:04:31.538921
2,707,1707,-0.000888031325,2025-11-18T09:04:31.538921
2,708,1708,-0.000886084861,2025-11-18T09:04:31.538921
2,709,1709,-0.000885934277,2025-11-18T09:04:31.538921
2,710,1710,-0.000884220818,2025-11-18T09:04:31.538921
2,711,1711,-0.000882731226,2025-11-18T09:04:31.538921
2,712,1712,-0.000882769178,2025-11-18T09:04:31.538921
2,713,1713,-0.000882809632,2025-11-18T09:04:31.538921
2,714,1714,-0.000882888678,2025-11-18T09:04:31.538921
2,715,1715,-0.000882854859,2025-11-18T09:04:31.538921
2,716,1716,-0.000882960681,2025-11-18T09:04:31.538921
2,717,1717,-0.000882830645,2025-11-18T09:04:31.538921
2,718,1718,-0.000881029176,2025-11-18T09:04:31.538921
2,719,1719,-0.000879193714,2025-11-18T09:04:31.538921
2,720,1720,-0.000879186321,2025-11-18T09:04:31.538921
2,721,1721,-0.000879269791,2025-11-18T09:04:31.538921
2,722,1722,-0.000879219092,2025-11-18T09:04:31.538921
2,723,1723,-0.000879174855,2025-11-18T09:04:31.538921
2,724,1724,-0.000879319326,2025-11-18T09:04:31.538921
2,725,1725,-0.000879327242,2025-11-18T09:04:31.538921
2,726,1726,-0.000879495579,2025-11-18T09:04:31.538921
2,727,1727,-0.000879854662,2025-11-18T09:04:31.538921
2,728,1728,-0.000880882493,2025-11-18T09:04:31.538921
2,729,1729,-0.000882518943,2025-11-18T09:04:31.538921
2,730,1730,-0.000894935161,2025-11-18T09:04:31.538921
2,731,1731,-0.000895221601,2025-11-18T09:04:31.538921
2,732,1732,-0.000895137491,2025-11-18T09:04:31.538921
2,733,1733,-0.000894972123,2025-11-18T09:04:31.538921
2,734,1734,-0.000893147836,2025-11-18T09:04:31.538921
2,735,1735,-0.000891915871,2025-11-18T09:04:31.538921
2,736,1736,-0.000891311385,2025-11-18T09:04:31.538921
2,737,1737,-0.000887437548,2025-11-18T09:04:31.538921
2,738,1738,-0.000885956338,2025-11-18T09:04:31.538921
2,739,1739,-0.000886491092,2025-11-18T09:04:31.538921
2,740,1740,-0.000886692956,2025-11-18T09:04:31.538921
2,741,1741,-0.000886415888,2025-11-18T09:04:31.538921
2,742,1742,-0.00088625669,2025-11-18T09:04:31.538921
2,743,1743,-0.000886398251,2025-11-18T09:04:31.538921
2,744,1744,-0.000886613794,2025-11-18T09:04:31.538921
2,745,1745,-0.00088665809,2025-11-18T09:04:31.538921
2,746,1746,-0.000886471476,2025-11-18T09:04:31.538921
2,747,1747,-0.000886602734,2025-11-18T09:04:31.538921
2,748,1748,-0.000886451685,2025-11-18T09:04:31.538921
2,749,1749,-0.000886491674,2025-11-18T09:04:31.538921
2,750,1750,-0.00088636775,2025-11-18T09:04:31.538921
2,751,1751,-0.000886373803,2025-11-18T09:04:31.538921
2,752,1752,-0.000886305409,2025-11-18T09:04:31.538921
2,753,1753,-0.000886342022,2025-11-18T09:04:31.538921
2,754,1754,-0.000886185676,2025-11-18T09:04:31.538921
2,755,1755,-0.000886056979,2025-11-18T09:04:31.538921
2,756,1756,-0.000886226713,2025-11-18T09:04:31.538921
2,757,1757,-0.000886063906,2025-11-18T09:04:31.538921
2,758,1758,-0.000886159425,2025-11-18T09:04:31.538921
2,759,1759,-0.000886131718,2025-11-18T09:04:31.538921
2,760,1760,-0.000886311521,2025-11-18T09:04:31.538921
2,761,1761,-0.000886067573,2025-11-18T09:04:31.538921
2,762,1762,-0.000886110414,2025-11-18T09:04:31.538921
2,763,1763,-0.000886131834,2025-11-18T09:04:31.538921
2,764,1764,-0.000886128516,2025-11-18T09:04:31.538921
2,765,1765,-0.000886170833,2025-11-18T09:04:31.538921
2,766,1766,-0.00088622322,2025-11-18T09:04:31.538921
2,767,1767,-0.000886292895,2025-11-18T09:04:31.538921
2,768,1768,-0.000886024383,2025-11-18T09:04:31.538921
2,769,1769,-0.000885997083,2025-11-18T09:04:31.538921
2,770,1770,-0.000886101566,2025-11-18T09:04:31.538921
2,771,1771,-0.000886043766,2025-11-18T09:04:31.538921
2,772,1772,-0.000885877874,2025-11-18T09:04:31.538921
2,773,1773,-0.000885861169,2025-11-18T09:04:31.538921
2,774,1774,-0.000885862624,2025-11-18T09:04:31.538921
2,775,1775,-0.000885892484,2025-11-18T09:04:31.538921
2,776,1776,-0.000886037189,2025-11-18T09:04:31.538921
2,777,1777,-0.000886087189,2025-11-18T09:04:31.538921
2,778,1778,-0.0008860706,2025-11-18T09:04:31.538921
2,779,1779,-0.000886244,2025-11-18T09:04:31.538921
2,780,1780,-0.000886083813,2025-11-18T09:04:31.538921
2,781,1781,-0.000886153022,2025-11-18T09:04:31.538921
2,782,1782,-0.00088622322,2025-11-18T09:04:31.538921
2,783,1783,-0.000886251858,2025-11-18T09:04:31.538921
2,784,1784,-0.000886192545,2025-11-18T09:04:31.538921
2,785,1785,-0.000886208785,2025-11-18T09:04:31.538921
2,786,1786,-0.000886183697,2025-11-18T09:04:31.538921
2,787,1787,-0.000886267574,2025-11-18T09:04:31.538921
2,788,1788,-0.000886386784,2025-11-18T09:04:31.538921
2,789,1789,-0.000886439287,2025-11-18T09:04:31.538921
2,790,1790,-0.000886410183,2025-11-18T09:04:31.538921
2,791,1791,-0.000886445573,2025-11-18T09:04:31.538921
2,792,1792,-0.000886370195,2025-11-18T09:04:31.538921
2,793,1793,-0.000886672583,2025-11-18T09:04:31.538921
2,794,1794,-0.000886475201,2025-11-18T09:04:31.538921
2,795,1795,-0.000886423105,2025-11-18T09:04:31.538921
2,796,1796,-0.000886573048,2025-11-18T09:04:31.538921
2,797,1797,-0.000886401161,2025-11-18T09:04:31.538921
2,798,1798,-0.000886447902,2025-11-18T09:04:31.538921
2,799,1799,-0.000886527879,2025-11-18T09:04:31.538921
2,800,1800,-0.000886490975,2025-11-18T09:04:31.538921
2,801,1801,-0.0008868695,2025-11-18T09:04:31.538921
2,802,1802,-0.000887219619,2025-11-18T09:04:31.538921
2,803,1803,-0.000887682195,2025-11-18T09:04:31.538921
2,804,1804,-0.000887347676,2025-11-18T09:04:31.538921
2,805,1805,-0.000887308153,2025-11-18T09:04:31.538921
2,806,1806,-0.000887218804,2025-11-18T09:04:31.538921
2,807,1807,-0.00088745437,2025-11-18T09:04:31.538921
2,808,1808,-0.000888548616,2025-11-18T09:04:31.538921
2,809,1809,-0.000895062461,2025-11-18T09:04:31.538921
2,810,1810,-0.000895138422,2025-11-18T09:04:31.538921
2,811,1811,-0.000895282719,2025-11-18T09:04:31.538921
2,812,1812,-0.000895160599,2025-11-18T09:04:31.538921
2,813,1813,-0.000895263918,2025-11-18T09:04:31.538921
2,814,1814,-0.000895362871,2025-11-18T09:04:31.538921
2,815,1815,-0.00089518394,2025-11-18T09:04:31.538921
2,816,1816,-0.000895303557,2025-11-18T09:04:31.538921
2,817,1817,-0.000895157922,2025-11-18T09:04:31.538921
2,818,1818,-0.000895245524,2025-11-18T09:04:31.538921
2,819,1819,-0.000895152392,2025-11-18T09:04:31.538921
2,820,1820,-0.000895073462,2025-11-18T09:04:31.538921
2,821,1821,-0.000895119563,2025-11-18T09:04:31.538921
2,822,1822,-0.00089507451,2025-11-18T09:04:31.538921
2,823,1823,-0.00089502643,2025-11-18T09:04:31.538921
2,824,1824,-0.000894848199,2025-11-18T09:04:31.538921
2,825,1825,-0.000894655182,2025-11-18T09:04:31.538921
2,826,1826,-0.000893997494,2025-11-18T09:04:31.538921
2,827,1827,-0.000893625721,2025-11-18T09:04:31.538921
2,828,1828,-0.000893659656,2025-11-18T09:04:31.538921
2,829,1829,-0.000893422635,2025-11-18T09:04:31.538921
2,830,1830,-0.000892999873,2025-11-18T09:04:31.538921
2,831,1831,-0.000893240619,2025-11-18T09:04:31.538921
2,832,1832,-0.000892541138,2025-11-18T09:04:31.538921
2,833,1833,-0.000892368494,2025-11-18T09:04:31.538921
2,834,1834,-0.000890450959,2025-11-18T09:04:31.538921
2,835,1835,-0.000889408402,2025-11-18T09:04:31.538921
2,836,1836,-0.000888176786,2025-11-18T09:04:31.538921
2,837,1837,-0.000885663728,2025-11-18T09:04:31.538921
2,838,1838,-0.000885654764,2025-11-18T09:04:31.538921
2,839,1839,-0.000885642191,2025-11-18T09:04:31.538921
2,840,1840,-0.000885714776,2025-11-18T09:04:31.538921
2,841,1841,-0.00088557566,2025-11-18T09:04:31.538921
2,842,1842,-0.000885890622,2025-11-18T09:04:31.538921
2,843,1843,-0.00088572537,2025-11-18T09:04:31.538921
2,844,1844,-0.000885927642,2025-11-18T09:04:31.538921
2,845,1845,-0.000887455302,2025-11-18T09:04:31.538921
2,846,1846,-0.000888463982,2025-11-18T09:04:31.538921
2,847,1847,-0.000888973474,2025-11-18T09:04:31.538921
2,848,1848,-0.000891822215,2025-11-18T09:04:31.538921
2,849,1849,-0.000885960762,2025-11-18T09:04:31.538921
2,850,1850,-0.000885683402,2025-11-18T09:04:31.538921
2,851,1851,-0.000885708199,2025-11-18T09:04:31.538921
2,852,1852,-0.000885754008,2025-11-18T09:04:31.538921
2,853,1853,-0.000885712041,2025-11-18T09:04:31.538921
2,854,1854,-0.000885700865,2025-11-18T09:04:31.538921
2,855,1855,-0.000885506626,2025-11-18T09:04:31.538921
2,856,1856,-0.000885539222,2025-11-18T09:04:31.538921
2,857,1857,-0.000885645567,2025-11-18T09:04:31.538921
2,858,1858,-0.000885606277,2025-11-18T09:04:31.538921
2,859,1859,-0.000885594228,2025-11-18T09:04:31.538921
2,860,1860,-0.000885690213,2025-11-18T09:04:31.538921
2,861,1861,-0.000885562039,2025-11-18T09:04:31.538921
2,862,1862,-0.000885652378,2025-11-18T09:04:31.538921
2,863,1863,-0.000885604007,2025-11-18T09:04:31.538921
2,864,1864,-0.000885711866,2025-11-18T09:04:31.538921
2,865,1865,-0.000885761517,2025-11-18T09:04:31.538921
2,866,1866,-0.000885697314,2025-11-18T09:04:31.538921
2,867,1867,-0.00088565069,2025-11-18T09:04:31.538921
2,868,1868,-0.000885741901,2025-11-18T09:04:31.538921
2,869,1869,-0.000885810179,2025-11-18T09:04:31.538921
2,870,1870,-0.000889447634,2025-11-18T09:04:31.538921
2,871,1871,-0.000894581433,2025-11-18T09:04:31.538921
2,872,1872,-0.000894378521,2025-11-18T09:04:31.538921
2,873,1873,-0.000894354248,2025-11-18T09:04:31.538921
2,874,1874,-0.000894428754,2025-11-18T09:04:31.538921
2,875,1875,-0.000894401455,2025-11-18T09:04:31.538921
2,876,1876,-0.000894529977,2025-11-18T09:04:31.538921
2,877,1877,-0.000894452969,2025-11-18T09:04:31.538921
2,878,1878,-0.000894031254,2025-11-18T09:04:31.538921
2,879,1879,-0.00089385081,2025-11-18T09:04:31.538921
2,880,1880,-0.000893874501,2025-11-18T09:04:31.538921
2,881,1881,-0.000893981428,2025-11-18T09:04:31.538921
2,882,1882,-0.000889487273,2025-11-18T09:04:31.538921
2,883,1883,-0.000889915623,2025-11-18T09:04:31.538921
2,884,1884,-0.000890727271,2025-11-18T09:04:31.538921
2,885,1885,-0.00089078868,2025-11-18T09:04:31.538921
2,886,1886,-0.000890666036,2025-11-18T09:04:31.538921
2,887,1887,-0.00089063571,2025-11-18T09:04:31.538921
2,888,1888,-0.000890524825,2025-11-18T09:04:31.538921
2,889,1889,-0.000890652416,2025-11-18T09:04:31.538921
2,890,1890,-0.000889708928,2025-11-18T09:04:31.538921
2,891,1891,-0.000889182614,2025-11-18T09:04:31.538921
2,892,1892,-0.000885360408,2025-11-18T09:04:31.538921
2,893,1893,-0.000884696724,2025-11-18T09:04:31.538921
2,894,1894,-0.000884766981,2025-11-18T09:04:31.538921
2,895,1895,-0.000884139619,2025-11-18T09:04:31.538921
2,896,1896,-0.00088379695,2025-11-18T09:04:31.538921
2,897,1897,-0.000883333501,2025-11-18T09:04:31.538921
2,898,1898,-0.000880630861,2025-11-18T09:04:31.538921
2,899,1899,-0.000879658327,2025-11-18T09:04:31.538921
2,900,1900,-0.000879111117,2025-11-18T09:04:31.538921
2,901,1901,-0.000879417173,2025-11-18T09:04:31.538921
2,902,1902,-0.000879493483,2025-11-18T09:04:31.538921
2,903,1903,-0.000879337836,2025-11-18T09:04:31.538921
2,904,1904,-0.00087945332,2025-11-18T09:04:31.538921
2,905,1905,-0.000879549887,2025-11-18T09:04:31.538921
2,906,1906,-0.000879560422,2025-11-18T09:04:31.538921
2,907,1907,-0.000879428407,2025-11-18T09:04:31.538921
2,908,1908,-0.000879444647,2025-11-18T09:04:31.538921
2,909,1909,-0.00087926886,2025-11-18T09:04:31.538921
2,910,1910,-0.00087923411,2025-11-18T09:04:31.538921
2,911,1911,-0.000879246043,2025-11-18T09:04:31.538921
2,912,1912,-0.000879238767,2025-11-18T09:04:31.538921
2,913,1913,-0.000878626189,2025-11-18T09:04:31.538921
2,914,1914,-0.0008788025,2025-11-18T09:04:31.538921
2,915,1915,-0.000878993945,2025-11-18T09:04:31.538921
2,916,1916,-0.000879072817,2025-11-18T09:04:31.538921
2,917,1917,-0.000878811173,2025-11-18T09:04:31.538921
2,918,1918,-0.000878454418,2025-11-18T09:04:31.538921
2,919,1919,-0.000878194812,2025-11-18T09:04:31.538921
2,920,1920,-0.000878055696,2025-11-18T09:04:31.538921
2,921,1921,-0.00087807764,2025-11-18T09:04:31.538921
2,922,1922,-0.000878021819,2025-11-18T09:04:31.538921
2,923,1923,-0.000877961167,2025-11-18T09:04:31.538921
2,924,1924,-0.000878073507,2025-11-18T09:04:31.538921
2,925,1925,-0.000877795333,2025-11-18T09:04:31.538921
2,926,1926,-0.000877995218,2025-11-18T09:04:31.538921
2,927,1927,-0.000877685495,2025-11-18T09:04:31.538921
2,928,1928,-0.000877571525,2025-11-18T09:04:31.538921
2,929,1929,-0.000877753482,2025-11-18T09:04:31.538921
2,930,1930,-0.000877780432,2025-11-18T09:04:31.538921
2,931,1931,-0.000877842656,2025-11-18T09:04:31.538921
2,932,1932,-0.000877842772,2025-11-18T09:04:31.538921
2,933,1933,-0.000877812621,2025-11-18T09:04:31.538921
2,934,1934,-0.000877707207,2025-11-18T09:04:31.538921
2,935,1935,-0.000877795333,2025-11-18T09:04:31.538921
2,936,1936,-0.00087762752,2025-11-18T09:04:31.538921
2,937,1937,-0.000877722108,2025-11-18T09:04:31.538921
2,938,1938,-0.000877715763,2025-11-18T09:04:31.538921
2,939,1939,-0.00087760057,2025-11-18T09:04:31.538921
2,940,1940,-0.000877606566,2025-11-18T09:04:31.538921
2,941,1941,-0.000877618091,2025-11-18T09:04:31.538921
2,942,1942,-0.000877789047,2025-11-18T09:04:31.538921
2,943,1943,-0.000877720187,2025-11-18T09:04:31.538921
2,944,1944,-0.000877794635,2025-11-18T09:04:31.538921
2,945,1945,-0.000877779966,2025-11-18T09:04:31.538921
2,946,1946,-0.000877715938,2025-11-18T09:04:31.538921
2,947,1947,-0.000877888291,2025-11-18T09:04:31.538921
2,948,1948,-0.000877823738,2025-11-18T09:04:31.538921
2,949,1949,-0.000877800222,2025-11-18T09:04:31.538921
2,950,1950,-0.000877724087,2025-11-18T09:04:31.538921
2,951,1951,-0.000877697253,2025-11-18T09:04:31.538921
2,952,1952,-0.000877751619,2025-11-18T09:04:31.538921
2,953,1953,-0.000877713318,2025-11-18T09:04:31.538921
2,954,1954,-0.000877671816,2025-11-18T09:04:31.538921
2,955,1955,-0.000877763319,2025-11-18T09:04:31.538921
2,956,1956,-0.00087767397,2025-11-18T09:04:31.538921
2,957,1957,-0.0008778607,2025-11-18T09:04:31.538921
2,958,1958,-0.000877857324,2025-11-18T09:04:31.538921
2,959,1959,-0.000877988932,2025-11-18T09:04:31.538921
2,960,1960,-0.000877854588,2025-11-18T09:04:31.538921
2,961,1961,-0.000877746148,2025-11-18T09:04:31.538921
2,962,1962,-0.000878193764,2025-11-18T09:04:31.538921
2,963,1963,-0.000877986138,2025-11-18T09:04:31.538921
2,964,1964,-0.000877854123,2025-11-18T09:04:31.538921
2,965,1965,-0.00087777496,2025-11-18T09:04:31.538921
2,966,1966,-0.00087784772,2025-11-18T09:04:31.538921
2,967,1967,-0.000877802376,2025-11-18T09:04:31.538921
2,968,1968,-0.000877542188,2025-11-18T09:04:31.538921
2,969,1969,-0.000877501675,2025-11-18T09:04:31.538921
2,970,1970,-0.000877555576,2025-11-18T09:04:31.538921
2,971,1971,-0.000877604121,2025-11-18T09:04:31.538921
2,972,1972,-0.000877662154,2025-11-18T09:04:31.538921
2,973,1973,-0.000877683458,2025-11-18T09:04:31.538921
2,974,1974,-0.000877730839,2025-11-18T09:04:31.538921
2,975,1975,-0.000877795333,2025-11-18T09:04:31.538921
2,976,1976,-0.000877742248,2025-11-18T09:04:31.538921
2,977,1977,-0.000877799931,2025-11-18T09:04:31.538921
2,978,1978,-0.000877753307,2025-11-18T09:04:31.538921
2,979,1979,-0.000877676007,2025-11-18T09:04:31.538921
2,980,1980,-0.000877765414,2025-11-18T09:04:31.538921
2,981,1981,-0.000877608079,2025-11-18T09:04:31.538921
2,982,1982,-0.000877664948,2025-11-18T09:04:31.538921
2,983,1983,-0.000877774029,2025-11-18T09:04:31.538921
2,984,1984,-0.000877716753,2025-11-18T09:04:31.538921
2,985,1985,-0.000877659418,2025-11-18T09:04:31.538921
2,986,1986,-0.000877736194,2025-11-18T09:04:31.538921
2,987,1987,-0.000877842598,2025-11-18T09:04:31.538921
2,988,1988,-0.000877700338,2025-11-18T09:04:31.538921
2,989,1989,-0.000877714424,2025-11-18T09:04:31.538921
2,990,1990,-0.000877776183,2025-11-18T09:04:31.538921
2,991,1991,-0.000877735088,2025-11-18T09:04:31.538921
2,992,1992,-0.000877743819,2025-11-18T09:04:31.538921
2,993,1993,-0.000877868325,2025-11-18T09:04:31.538921
2,994,1994,-0.000877860118,2025-11-18T09:04:31.538921
2,995,1995,-0.000877852144,2025-11-18T09:04:31.538921
2,996,1996,-0.000877785205,2025-11-18T09:04:31.538921
2,997,1997,-0.000877836078,2025-11-18T09:04:31.538921
2,998,1998,-0.000877893005,2025-11-18T09:04:31.538921
2,999,1999,-0.000877938407,2025-11-18T09:04:31.538921
2,1000,2000,-0.000877836835,2025-11-18T09:04:31.538921
