Block,Sample_In_Block,Global_Sample,Voltage_V,Timestamp
1,1,1,-0.000886489695,2025-11-18T09:05:16.184231
1,2,2,-0.00088651065,2025-11-18T09:05:16.184231
1,3,3,-0.000886603374,2025-11-18T09:05:16.184231
1,4,4,-0.000886426598,2025-11-18T09:05:16.184231
1,5,5,-0.000886488938,2025-11-18T09:05:16.184231
1,6,6,-0.000886485329,2025-11-18T09:05:16.184231
1,7,7,-0.000886269728,2025-11-18T09:05:16.184231
1,8,8,-0.000886219437,2025-11-18T09:05:16.184231
1,9,9,-0.00088600791,2025-11-18T09:05:16.184231
1,10,10,-0.000886356574,2025-11-18T09:05:16.184231
1,11,11,-0.000886438239,2025-11-18T09:05:16.184231
1,12,12,-0.000886612338,2025-11-18T09:05:16.184231
1,13,13,-0.000886591093,2025-11-18T09:05:16.184231
1,14,14,-0.000886758265,2025-11-18T09:05:16.184231
1,15,15,-0.000886492314,2025-11-18T09:05:16.184231
1,16,16,-0.000886587018,2025-11-18T09:05:16.184231
1,17,17,-0.000886510708,2025-11-18T09:05:16.184231
1,18,18,-0.000886453606,2025-11-18T09:05:16.184231
1,19,19,-0.000886451452,2025-11-18T09:05:16.184231
1,20,20,-0.000886571651,2025-11-18T09:05:16.184231
1,21,21,-0.00088635832,2025-11-18T09:05:16.184231
1,22,22,-0.000886308844,2025-11-18T09:05:16.184231
1,23,23,-0.000886545458,2025-11-18T09:05:16.184231
1,24,24,-0.000886476424,2025-11-18T09:05:16.184231
1,25,25,-0.000886545225,2025-11-18T09:05:16.184231
1,26,26,-0.000886665482,2025-11-18T09:05:16.184231
1,27,27,-0.00088660157,2025-11-18T09:05:16.184231
1,28,28,-0.000886583351,2025-11-18T09:05:16.184231
1,29,29,-0.000886601104,2025-11-18T09:05:16.184231
1,30,30,-0.000886596972,2025-11-18T09:05:16.184231
1,31,31,-0.000886597146,2025-11-18T09:05:16.184231
1,32,32,-0.000886564143,2025-11-18T09:05:16.184231
1,33,33,-0.000886689464,2025-11-18T09:05:16.184231
1,34,34,-0.000886716647,2025-11-18T09:05:16.184231
1,35,35,-0.000886643654,2025-11-18T09:05:16.184231
1,36,36,-0.000886632828,2025-11-18T09:05:16.184231
1,37,37,-0.000886639871,2025-11-18T09:05:16.184231
1,38,38,-0.000886730093,2025-11-18T09:05:16.184231
1,39,39,-0.000886672991,2025-11-18T09:05:16.184231
1,40,40,-0.000886695168,2025-11-18T09:05:16.184231
1,41,41,-0.000886538298,2025-11-18T09:05:16.184231
1,42,42,-0.000886478577,2025-11-18T09:05:16.184231
1,43,43,-0.000886572757,2025-11-18T09:05:16.184231
1,44,44,-0.000886571826,2025-11-18T09:05:16.184231
1,45,45,-0.000886526366,2025-11-18T09:05:16.184231
1,46,46,-0.000886549474,2025-11-18T09:05:16.184231
1,47,47,-0.000886560708,2025-11-18T09:05:16.184231
1,48,48,-0.00088653079,2025-11-18T09:05:16.184231
1,49,49,-0.000886453024,2025-11-18T09:05:16.184231
1,50,50,-0.000886409485,2025-11-18T09:05:16.184231
1,51,51,-0.000886102614,2025-11-18T09:05:16.184231
1,52,52,-0.000886198366,2025-11-18T09:05:16.184231
1,53,53,-0.000886112276,2025-11-18T09:05:16.184231
1,54,54,-0.000886142486,2025-11-18T09:05:16.184231
1,55,55,-0.00088617223,2025-11-18T09:05:16.184231
1,56,56,-0.000886044115,2025-11-18T09:05:16.184231
1,57,57,-0.000886061927,2025-11-18T09:05:16.184231
1,58,58,-0.000885935209,2025-11-18T09:05:16.184231
1,59,59,-0.000885885325,2025-11-18T09:05:16.184231
1,60,60,-0.000885852088,2025-11-18T09:05:16.184231
1,61,61,-0.000885965826,2025-11-18T09:05:16.184231
1,62,62,-0.000886021938,2025-11-18T09:05:16.184231
1,63,63,-0.000885922054,2025-11-18T09:05:16.184231
1,64,64,-0.000885909597,2025-11-18T09:05:16.184231
1,65,65,-0.000885291548,2025-11-18T09:05:16.184231
1,66,66,-0.000885353132,2025-11-18T09:05:16.184231
1,67,67,-0.000884963723,2025-11-18T09:05:16.184231
1,68,68,-0.00088431267,2025-11-18T09:05:16.184231
1,69,69,-0.000883972679,2025-11-18T09:05:16.184231
1,70,70,-0.00088366057,2025-11-18T09:05:16.184231
1,71,71,-0.000883743807,2025-11-18T09:05:16.184231
1,72,72,-0.000881310494,2025-11-18T09:05:16.184231
1,73,73,-0.000878779799,2025-11-18T09:05:16.184231
1,74,74,-0.000878471764,2025-11-18T09:05:16.184231
1,75,75,-0.000878534861,2025-11-18T09:05:16.184231
1,76,76,-0.000878309074,2025-11-18T09:05:16.184231
1,77,77,-0.000878156803,2025-11-18T09:05:16.184231
1,78,78,-0.000878258491,2025-11-18T09:05:16.184231
1,79,79,-0.000878285325,2025-11-18T09:05:16.184231
1,80,80,-0.000878293183,2025-11-18T09:05:16.184231
1,81,81,-0.000878168153,2025-11-18T09:05:16.184231
1,82,82,-0.000877996732,2025-11-18T09:05:16.184231
1,83,83,-0.000878221471,2025-11-18T09:05:16.184231
1,84,84,-0.000878184393,2025-11-18T09:05:16.184231
1,85,85,-0.00087795977,2025-11-18T09:05:16.184231
1,86,86,-0.000878015765,2025-11-18T09:05:16.184231
1,87,87,-0.00087791786,2025-11-18T09:05:16.184231
1,88,88,-0.000878141145,2025-11-18T09:05:16.184231
1,89,89,-0.000877940212,2025-11-18T09:05:16.184231
1,90,90,-0.000877847487,2025-11-18T09:05:16.184231
1,91,91,-0.000877703248,2025-11-18T09:05:16.184231
1,92,92,-0.000877927755,2025-11-18T09:05:16.184231
1,93,93,-0.000877781014,2025-11-18T09:05:16.184231
1,94,94,-0.000877849815,2025-11-18T09:05:16.184231
1,95,95,-0.000877916289,2025-11-18T09:05:16.184231
1,96,96,-0.000878092192,2025-11-18T09:05:16.184231
1,97,97,-0.000878275488,2025-11-18T09:05:16.184231
1,98,98,-0.000878106744,2025-11-18T09:05:16.184231
1,99,99,-0.000878029502,2025-11-18T09:05:16.184231
1,100,100,-0.000878306047,2025-11-18T09:05:16.184231
1,101,101,-0.000878220715,2025-11-18T09:05:16.184231
1,102,102,-0.000878231541,2025-11-18T09:05:16.184231
1,103,103,-0.000878085556,2025-11-18T09:05:16.184231
1,104,104,-0.000878311693,2025-11-18T09:05:16.184231
1,105,105,-0.00087838585,2025-11-18T09:05:16.184231
1,106,106,-0.000878566119,2025-11-18T09:05:16.184231
1,107,107,-0.000878436083,2025-11-18T09:05:16.184231
1,108,108,-0.00087839103,2025-11-18T09:05:16.184231
1,109,109,-0.000878178572,2025-11-18T09:05:16.184231
1,110,110,-0.000878307211,2025-11-18T09:05:16.184231
1,111,111,-0.000878228631,2025-11-18T09:05:16.184231
1,112,112,-0.000878319377,2025-11-18T09:05:16.184231
1,113,113,-0.00087813643,2025-11-18T09:05:16.184231
1,114,114,-0.000878024031,2025-11-18T09:05:16.184231
1,115,115,-0.000878071761,2025-11-18T09:05:16.184231
1,116,116,-0.000878298189,2025-11-18T09:05:16.184231
1,117,117,-0.000878427294,2025-11-18T09:05:16.184231
1,118,118,-0.00087831536,2025-11-18T09:05:16.184231
1,119,119,-0.000878250983,2025-11-18T09:05:16.184231
1,120,120,-0.000878245162,2025-11-18T09:05:16.184231
1,121,121,-0.000878269434,2025-11-18T09:05:16.184231
1,122,122,-0.000878189166,2025-11-18T09:05:16.184231
1,123,123,-0.000878136605,2025-11-18T09:05:16.184231
1,124,124,-0.00087828061,2025-11-18T09:05:16.184231
1,125,125,-0.000878303428,2025-11-18T09:05:16.184231
1,126,126,-0.00087842415,2025-11-18T09:05:16.184231
1,127,127,-0.000878316466,2025-11-18T09:05:16.184231
1,128,128,-0.000878285791,2025-11-18T09:05:16.184231
1,129,129,-0.000878224265,2025-11-18T09:05:16.184231
1,130,130,-0.000878107966,2025-11-18T09:05:16.184231
1,131,131,-0.0008780731,2025-11-18T09:05:16.184231
1,132,132,-0.000878214719,2025-11-18T09:05:16.184231
1,133,133,-0.000878132181,2025-11-18T09:05:16.184231
1,134,134,-0.000878112856,2025-11-18T09:05:16.184231
1,135,135,-0.000878238992,2025-11-18T09:05:16.184231
1,136,136,-0.00087822735,2025-11-18T09:05:16.184231
1,137,137,-0.00087822345,2025-11-18T09:05:16.184231
1,138,138,-0.000878095568,2025-11-18T09:05:16.184231
1,139,139,-0.000878074846,2025-11-18T09:05:16.184231
1,140,140,-0.000878269085,2025-11-18T09:05:16.184231
1,141,141,-0.000878238817,2025-11-18T09:05:16.184231
1,142,142,-0.00087827997,2025-11-18T09:05:16.184231
1,143,143,-0.000877925718,2025-11-18T09:05:16.184231
1,144,144,-0.000878203369,2025-11-18T09:05:16.184231
1,145,145,-0.000878233462,2025-11-18T09:05:16.184231
1,146,146,-0.000877988233,2025-11-18T09:05:16.184231
1,147,147,-0.000877999234,2025-11-18T09:05:16.184231
1,148,148,-0.00087817735,2025-11-18T09:05:16.184231
1,149,149,-0.000878046848,2025-11-18T09:05:16.184231
1,150,150,-0.000878235441,2025-11-18T09:05:16.184231
1,151,151,-0.00087812863,2025-11-18T09:05:16.184231
1,152,152,-0.000878149003,2025-11-18T09:05:16.184231
1,153,153,-0.000878353719,2025-11-18T09:05:16.184231
1,154,154,-0.000878302322,2025-11-18T09:05:16.184231
1,155,155,-0.000878332881,2025-11-18T09:05:16.184231
1,156,156,-0.000878498423,2025-11-18T09:05:16.184231
1,157,157,-0.000878507969,2025-11-18T09:05:16.184231
1,158,158,-0.000878444232,2025-11-18T09:05:16.184231
1,159,159,-0.000878418155,2025-11-18T09:05:16.184231
1,160,160,-0.00087852939,2025-11-18T09:05:16.184231
1,161,161,-0.000878246908,2025-11-18T09:05:16.184231
1,162,162,-0.000878415419,2025-11-18T09:05:16.184231
1,163,163,-0.000878275255,2025-11-18T09:05:16.184231
1,164,164,-0.000878280901,2025-11-18T09:05:16.184231
1,165,165,-0.000878542894,2025-11-18T09:05:16.184231
1,166,166,-0.000878609949,2025-11-18T09:05:16.184231
1,167,167,-0.00087843684,2025-11-18T09:05:16.184231
1,168,168,-0.0008784284,2025-11-18T09:05:16.184231
1,169,169,-0.000878192426,2025-11-18T09:05:16.184231
1,170,170,-0.000878547143,2025-11-18T09:05:16.184231
1,171,171,-0.000878533988,2025-11-18T09:05:16.184231
1,172,172,-0.000878521881,2025-11-18T09:05:16.184231
1,173,173,-0.000878447608,2025-11-18T09:05:16.184231
1,174,174,-0.000878418504,2025-11-18T09:05:16.184231
1,175,175,-0.000878438702,2025-11-18T09:05:16.184231
1,176,176,-0.00087840826,2025-11-18T09:05:16.184231
1,177,177,-0.000878325023,2025-11-18T09:05:16.184231
1,178,178,-0.000878179562,2025-11-18T09:05:16.184231
1,179,179,-0.000878265011,2025-11-18T09:05:16.184231
1,180,180,-0.000878283695,2025-11-18T09:05:16.184231
1,181,181,-0.000878346618,2025-11-18T09:05:16.184231
1,182,182,-0.000878107966,2025-11-18T09:05:16.184231
1,183,183,-0.00087829394,2025-11-18T09:05:16.184231
1,184,184,-0.000878222286,2025-11-18T09:05:16.184231
1,185,185,-0.000878199934,2025-11-18T09:05:16.184231
1,186,186,-0.000878251157,2025-11-18T09:05:16.184231
1,187,187,-0.000878114835,2025-11-18T09:05:16.184231
1,188,188,-0.000878218561,2025-11-18T09:05:16.184231
1,189,189,-0.000878116406,2025-11-18T09:05:16.184231
1,190,190,-0.000877971178,2025-11-18T09:05:16.184231
1,191,191,-0.000878406804,2025-11-18T09:05:16.184231
1,192,192,-0.000878340681,2025-11-18T09:05:16.184231
1,193,193,-0.000878108607,2025-11-18T09:05:16.184231
1,194,194,-0.000878110236,2025-11-18T09:05:16.184231
1,195,195,-0.000878186372,2025-11-18T09:05:16.184231
1,196,196,-0.000878155813,2025-11-18T09:05:16.184231
1,197,197,-0.000878304243,2025-11-18T09:05:16.184231
1,198,198,-0.000878408958,2025-11-18T09:05:16.184231
1,199,199,-0.000878437887,2025-11-18T09:05:16.184231
1,200,200,-0.000878332066,2025-11-18T09:05:16.184231
1,201,201,-0.000878461345,2025-11-18T09:05:16.184231
1,202,202,-0.000878395047,2025-11-18T09:05:16.184231
1,203,203,-0.000878396385,2025-11-18T09:05:16.184231
1,204,204,-0.000878392776,2025-11-18T09:05:16.184231
1,205,205,-0.00087853003,2025-11-18T09:05:16.184231
1,206,206,-0.000878601684,2025-11-18T09:05:16.184231
1,207,207,-0.000878502149,2025-11-18T09:05:16.184231
1,208,208,-0.000878454768,2025-11-18T09:05:16.184231
1,209,209,-0.000878532184,2025-11-18T09:05:16.184231
1,210,210,-0.000878409133,2025-11-18T09:05:16.184231
1,211,211,-0.000878526596,2025-11-18T09:05:16.184231
1,212,212,-0.000878489518,2025-11-18T09:05:16.184231
1,213,213,-0.000878409598,2025-11-18T09:05:16.184231
1,214,214,-0.00087847741,2025-11-18T09:05:16.184231
1,215,215,-0.000878408842,2025-11-18T09:05:16.184231
1,216,216,-0.000878523103,2025-11-18T09:05:16.184231
1,217,217,-0.000878609193,2025-11-18T09:05:16.184231
1,218,218,-0.00087848847,2025-11-18T09:05:16.184231
1,219,219,-0.000878400518,2025-11-18T09:05:16.184231
1,220,220,-0.000878415885,2025-11-18T09:05:16.184231
1,221,221,-0.000878315884,2025-11-18T09:05:16.184231
1,222,222,-0.000878243532,2025-11-18T09:05:16.184231
1,223,223,-0.000878324848,2025-11-18T09:05:16.184231
1,224,224,-0.000878287362,2025-11-18T09:05:16.184231
1,225,225,-0.000878113612,2025-11-18T09:05:16.184231
1,226,226,-0.000877579965,2025-11-18T09:05:16.184231
1,227,227,-0.000877705693,2025-11-18T09:05:16.184231
1,228,228,-0.000877673854,2025-11-18T09:05:16.184231
1,229,229,-0.00087783928,2025-11-18T09:05:16.184231
1,230,230,-0.000877901155,2025-11-18T09:05:16.184231
1,231,231,-0.000877897662,2025-11-18T09:05:16.184231
1,232,232,-0.000877990794,2025-11-18T09:05:16.184231
1,233,233,-0.000877878395,2025-11-18T09:05:16.184231
1,234,234,-0.000878105114,2025-11-18T09:05:16.184231
1,235,235,-0.00087806367,2025-11-18T09:05:16.184231
1,236,236,-0.000878288235,2025-11-18T09:05:16.184231
1,237,237,-0.000877928745,2025-11-18T09:05:16.184231
1,238,238,-0.000878196267,2025-11-18T09:05:16.184231
1,239,239,-0.000878133752,2025-11-18T09:05:16.184231
1,240,240,-0.000877851562,2025-11-18T09:05:16.184231
1,241,241,-0.000877979677,2025-11-18T09:05:16.184231
1,242,242,-0.000878037768,2025-11-18T09:05:16.184231
1,243,243,-0.000878005055,2025-11-18T09:05:16.184231
1,244,244,-0.000878193532,2025-11-18T09:05:16.184231
1,245,245,-0.000878309365,2025-11-18T09:05:16.184231
1,246,246,-0.000878130376,2025-11-18T09:05:16.184231
1,247,247,-0.000878044927,2025-11-18T09:05:16.184231
1,248,248,-0.000878095917,2025-11-18T09:05:16.184231
1,249,249,-0.000878231949,2025-11-18T09:05:16.184231
1,250,250,-0.000878477352,2025-11-18T09:05:16.184231
1,251,251,-0.000878361985,2025-11-18T09:05:16.184231
1,252,252,-0.000878479506,2025-11-18T09:05:16.184231
1,253,253,-0.000878465711,2025-11-18T09:05:16.184231
1,254,254,-0.000878217688,2025-11-18T09:05:16.184231
1,255,255,-0.000878330261,2025-11-18T09:05:16.184231
1,256,256,-0.000878252671,2025-11-18T09:05:16.184231
1,257,257,-0.000878109713,2025-11-18T09:05:16.184231
1,258,258,-0.000878218037,2025-11-18T09:05:16.184231
1,259,259,-0.000878338993,2025-11-18T09:05:16.184231
1,260,260,-0.000878326944,2025-11-18T09:05:16.184231
1,261,261,-0.000878347316,2025-11-18T09:05:16.184231
1,262,262,-0.000878190738,2025-11-18T09:05:16.184231
1,263,263,-0.00087811955,2025-11-18T09:05:16.184231
1,264,264,-0.000878305931,2025-11-18T09:05:16.184231
1,265,265,-0.000878401508,2025-11-18T09:05:16.184231
1,266,266,-0.000878414895,2025-11-18T09:05:16.184231
1,267,267,-0.000878390797,2025-11-18T09:05:16.184231
1,268,268,-0.000878549006,2025-11-18T09:05:16.184231
1,269,269,-0.000878415186,2025-11-18T09:05:16.184231
1,270,270,-0.000878303777,2025-11-18T09:05:16.184231
1,271,271,-0.000878487015,2025-11-18T09:05:16.184231
1,272,272,-0.000878401973,2025-11-18T09:05:16.184231
1,273,273,-0.000878221588,2025-11-18T09:05:16.184231
1,274,274,-0.000878294638,2025-11-18T09:05:16.184231
1,275,275,-0.000878244987,2025-11-18T09:05:16.184231
1,276,276,-0.000878409191,2025-11-18T09:05:16.184231
1,277,277,-0.000878435093,2025-11-18T09:05:16.184231
1,278,278,-0.000878382823,2025-11-18T09:05:16.184231
1,279,279,-0.000878287886,2025-11-18T09:05:16.184231
1,280,280,-0.000878353137,2025-11-18T09:05:16.184231
1,281,281,-0.000878411345,2025-11-18T09:05:16.184231
1,282,282,-0.00087851932,2025-11-18T09:05:16.184231
1,283,283,-0.0008783355,2025-11-18T09:05:16.184231
1,284,284,-0.000878330494,2025-11-18T09:05:16.184231
1,285,285,-0.000878309656,2025-11-18T09:05:16.184231
1,286,286,-0.000878330436,2025-11-18T09:05:16.184231
1,287,287,-0.000878458668,2025-11-18T09:05:16.184231
1,288,288,-0.000878565013,2025-11-18T09:05:16.184231
1,289,289,-0.000878767983,2025-11-18T09:05:16.184231
1,290,290,-0.000878769496,2025-11-18T09:05:16.184231
1,291,291,-0.000878638937,2025-11-18T09:05:16.184231
1,292,292,-0.00087870605,2025-11-18T09:05:16.184231
1,293,293,-0.000878593185,2025-11-18T09:05:16.184231
1,294,294,-0.000878616119,2025-11-18T09:05:16.184231
1,295,295,-0.000878622755,2025-11-18T09:05:16.184231
1,296,296,-0.000878696679,2025-11-18T09:05:16.184231
1,297,297,-0.00087856315,2025-11-18T09:05:16.184231
1,298,298,-0.000878480845,2025-11-18T09:05:16.184231
1,299,299,-0.000878574675,2025-11-18T09:05:16.184231
1,300,300,-0.000878444698,2025-11-18T09:05:16.184231
1,301,301,-0.000878539402,2025-11-18T09:05:16.184231
1,302,302,-0.000878447783,2025-11-18T09:05:16.184231
1,303,303,-0.000878365652,2025-11-18T09:05:16.184231
1,304,304,-0.000878350634,2025-11-18T09:05:16.184231
1,305,305,-0.000878644525,2025-11-18T09:05:16.184231
1,306,306,-0.000878671882,2025-11-18T09:05:16.184231
1,307,307,-0.00087876839,2025-11-18T09:05:16.184231
1,308,308,-0.00087875413,2025-11-18T09:05:16.184231
1,309,309,-0.000878610298,2025-11-18T09:05:16.184231
1,310,310,-0.00087861967,2025-11-18T09:05:16.184231
1,311,311,-0.000878640392,2025-11-18T09:05:16.184231
1,312,312,-0.000878676015,2025-11-18T09:05:16.184231
1,313,313,-0.000878791674,2025-11-18T09:05:16.184231
1,314,314,-0.00087865442,2025-11-18T09:05:16.184231
1,315,315,-0.00087858102,2025-11-18T09:05:16.184231
1,316,316,-0.00087857322,2025-11-18T09:05:16.184231
1,317,317,-0.000878544931,2025-11-18T09:05:16.184231
1,318,318,-0.00087853067,2025-11-18T09:05:16.184231
1,319,319,-0.000878642022,2025-11-18T09:05:16.184231
1,320,320,-0.000878797669,2025-11-18T09:05:16.184231
1,321,321,-0.000878769205,2025-11-18T09:05:16.184231
1,322,322,-0.000878763385,2025-11-18T09:05:16.184231
1,323,323,-0.000878982886,2025-11-18T09:05:16.184231
1,324,324,-0.000878831488,2025-11-18T09:05:16.184231
1,325,325,-0.000878870079,2025-11-18T09:05:16.184231
1,326,326,-0.00087882782,2025-11-18T09:05:16.184231
1,327,327,-0.000878779275,2025-11-18T09:05:16.184231
1,328,328,-0.000878834864,2025-11-18T09:05:16.184231
1,329,329,-0.000878766004,2025-11-18T09:05:16.184231
1,330,330,-0.000878785271,2025-11-18T09:05:16.184231
1,331,331,-0.000878788589,2025-11-18T09:05:16.184231
1,332,332,-0.000878740218,2025-11-18T09:05:16.184231
1,333,333,-0.000878744467,2025-11-18T09:05:16.184231
1,334,334,-0.000878886843,2025-11-18T09:05:16.184231
1,335,335,-0.000878883874,2025-11-18T09:05:16.184231
1,336,336,-0.000878749066,2025-11-18T09:05:16.184231
1,337,337,-0.000878474151,2025-11-18T09:05:16.184231
1,338,338,-0.000878549646,2025-11-18T09:05:16.184231
1,339,339,-0.000878668273,2025-11-18T09:05:16.184231
1,340,340,-0.0008786252,2025-11-18T09:05:16.184231
1,341,341,-0.000878629274,2025-11-18T09:05:16.184231
1,342,342,-0.000878391088,2025-11-18T09:05:16.184231
1,343,343,-0.000878742779,2025-11-18T09:05:16.184231
1,344,344,-0.000878813152,2025-11-18T09:05:16.184231
1,345,345,-0.000878747086,2025-11-18T09:05:16.184231
1,346,346,-0.000878729159,2025-11-18T09:05:16.184231
1,347,347,-0.000878703955,2025-11-18T09:05:16.184231
1,348,348,-0.000878813618,2025-11-18T09:05:16.184231
1,349,349,-0.000878726597,2025-11-18T09:05:16.184231
1,350,350,-0.000878730905,2025-11-18T09:05:16.184231
1,351,351,-0.000878848077,2025-11-18T09:05:16.184231
1,352,352,-0.000878864491,2025-11-18T09:05:16.184231
1,353,353,-0.000879216589,2025-11-18T09:05:16.184231
1,354,354,-0.0008793585,2025-11-18T09:05:16.184231
1,355,355,-0.00087909057,2025-11-18T09:05:16.184231
1,356,356,-0.000879330327,2025-11-18T09:05:16.184231
1,357,357,-0.000879019149,2025-11-18T09:05:16.184231
1,358,358,-0.000879123806,2025-11-18T09:05:16.184231
1,359,359,-0.000879136961,2025-11-18T09:05:16.184231
1,360,360,-0.000879278464,2025-11-18T09:05:16.184231
1,361,361,-0.0008790305,2025-11-18T09:05:16.184231
1,362,362,-0.000879070663,2025-11-18T09:05:16.184231
1,363,363,-0.000879054714,2025-11-18T09:05:16.184231
1,364,364,-0.000879061874,2025-11-18T09:05:16.184231
1,365,365,-0.000879226427,2025-11-18T09:05:16.184231
1,366,366,-0.000879244646,2025-11-18T09:05:16.184231
1,367,367,-0.000878994993,2025-11-18T09:05:16.184231
1,368,368,-0.000878905993,2025-11-18T09:05:16.184231
1,369,369,-0.000878891849,2025-11-18T09:05:16.184231
1,370,370,-0.00087895256,2025-11-18T09:05:16.184231
1,371,371,-0.000878865539,2025-11-18T09:05:16.184231
1,372,372,-0.000878890685,2025-11-18T09:05:16.184231
1,373,373,-0.000878972874,2025-11-18T09:05:16.184231
1,374,374,-0.000878776714,2025-11-18T09:05:16.184231
1,375,375,-0.000878935854,2025-11-18T09:05:16.184231
1,376,376,-0.000878706981,2025-11-18T09:05:16.184231
1,377,377,-0.000878727179,2025-11-18T09:05:16.184231
1,378,378,-0.000878539227,2025-11-18T09:05:16.184231
1,379,379,-0.000878532242,2025-11-18T09:05:16.184231
1,380,380,-0.000878692429,2025-11-18T09:05:16.184231
1,381,381,-0.000878700695,2025-11-18T09:05:16.184231
1,382,382,-0.000878829683,2025-11-18T09:05:16.184231
1,383,383,-0.000878731138,2025-11-18T09:05:16.184231
1,384,384,-0.000878809776,2025-11-18T09:05:16.184231
1,385,385,-0.000878676655,2025-11-18T09:05:16.184231
1,386,386,-0.000878770835,2025-11-18T09:05:16.184231
1,387,387,-0.000878454535,2025-11-18T09:05:16.184231
1,388,388,-0.000878367107,2025-11-18T09:05:16.184231
1,389,389,-0.000878535676,2025-11-18T09:05:16.184231
1,390,390,-0.000878384395,2025-11-18T09:05:16.184231
1,391,391,-0.000878516584,2025-11-18T09:05:16.184231
1,392,392,-0.000878881022,2025-11-18T09:05:16.184231
1,393,393,-0.000878932012,2025-11-18T09:05:16.184231
1,394,394,-0.000878790335,2025-11-18T09:05:16.184231
1,395,395,-0.000879003549,2025-11-18T09:05:16.184231
1,396,396,-0.000878599123,2025-11-18T09:05:16.184231
1,397,397,-0.000878873979,2025-11-18T09:05:16.184231
1,398,398,-0.000878672348,2025-11-18T09:05:16.184231
1,399,399,-0.000878876366,2025-11-18T09:05:16.184231
1,400,400,-0.000878848193,2025-11-18T09:05:16.184231
1,401,401,-0.00087889767,2025-11-18T09:05:16.184231
1,402,402,-0.000878962688,2025-11-18T09:05:16.184231
1,403,403,-0.000878994818,2025-11-18T09:05:16.184231
1,404,404,-0.000878913735,2025-11-18T09:05:16.184231
1,405,405,-0.000878894643,2025-11-18T09:05:16.184231
1,406,406,-0.000878920953,2025-11-18T09:05:16.184231
1,407,407,-0.00087893015,2025-11-18T09:05:16.184231
1,408,408,-0.000878761522,2025-11-18T09:05:16.184231
1,409,409,-0.00087868201,2025-11-18T09:05:16.184231
1,410,410,-0.000878830556,2025-11-18T09:05:16.184231
1,411,411,-0.000878793187,2025-11-18T09:05:16.184231
1,412,412,-0.000878735037,2025-11-18T09:05:16.184231
1,413,413,-0.000878886494,2025-11-18T09:05:16.184231
1,414,414,-0.00087878498,2025-11-18T09:05:16.184231
1,415,415,-0.000879131432,2025-11-18T09:05:16.184231
1,416,416,-0.000879178463,2025-11-18T09:05:16.184231
1,417,417,-0.000878952036,2025-11-18T09:05:16.184231
1,418,418,-0.000879034458,2025-11-18T09:05:16.184231
1,419,419,-0.000879120721,2025-11-18T09:05:16.184231
1,420,420,-0.000878955412,2025-11-18T09:05:16.184231
1,421,421,-0.000878875667,2025-11-18T09:05:16.184231
1,422,422,-0.000878863036,2025-11-18T09:05:16.184231
1,423,423,-0.000878911523,2025-11-18T09:05:16.184231
1,424,424,-0.000878978753,2025-11-18T09:05:16.184231
1,425,425,-0.000878853606,2025-11-18T09:05:16.184231
1,426,426,-0.000878903316,2025-11-18T09:05:16.184231
1,427,427,-0.000878661463,2025-11-18T09:05:16.184231
1,428,428,-0.000878797785,2025-11-18T09:05:16.184231
1,429,429,-0.000878802733,2025-11-18T09:05:16.184231
1,430,430,-0.000878896913,2025-11-18T09:05:16.184231
1,431,431,-0.000879028171,2025-11-18T09:05:16.184231
1,432,432,-0.000878920371,2025-11-18T09:05:16.184231
1,433,433,-0.000878924503,2025-11-18T09:05:16.184231
1,434,434,-0.000878704362,2025-11-18T09:05:16.184231
1,435,435,-0.000878891267,2025-11-18T09:05:16.184231
1,436,436,-0.000878871534,2025-11-18T09:05:16.184231
1,437,437,-0.000878570484,2025-11-18T09:05:16.184231
1,438,438,-0.000878764723,2025-11-18T09:05:16.184231
1,439,439,-0.000878562801,2025-11-18T09:05:16.184231
1,440,440,-0.000878696271,2025-11-18T09:05:16.184231
1,441,441,-0.000878683058,2025-11-18T09:05:16.184231
1,442,442,-0.000878837076,2025-11-18T09:05:16.184231
1,443,443,-0.000878884224,2025-11-18T09:05:16.184231
1,444,444,-0.000879071245,2025-11-18T09:05:16.184231
1,445,445,-0.000879037426,2025-11-18T09:05:16.184231
1,446,446,-0.000878875958,2025-11-18T09:05:16.184231
1,447,447,-0.000878939346,2025-11-18T09:05:16.184231
1,448,448,-0.000878893071,2025-11-18T09:05:16.184231
1,449,449,-0.000879126077,2025-11-18T09:05:16.184231
1,450,450,-0.000878997554,2025-11-18T09:05:16.184231
1,451,451,-0.000879027124,2025-11-18T09:05:16.184231
1,452,452,-0.000879047671,2025-11-18T09:05:16.184231
1,453,453,-0.000878892489,2025-11-18T09:05:16.184231
1,454,454,-0.000878952501,2025-11-18T09:05:16.184231
1,455,455,-0.000878900173,2025-11-18T09:05:16.184231
1,456,456,-0.000878966762,2025-11-18T09:05:16.184231
1,457,457,-0.000878936727,2025-11-18T09:05:16.184231
1,458,458,-0.000879076309,2025-11-18T09:05:16.184231
1,459,459,-0.000879023747,2025-11-18T09:05:16.184231
1,460,460,-0.000879007799,2025-11-18T09:05:16.184231
1,461,461,-0.000878945167,2025-11-18T09:05:16.184231
1,462,462,-0.000878864724,2025-11-18T09:05:16.184231
1,463,463,-0.000879001745,2025-11-18T09:05:16.184231
1,464,464,-0.000878681545,2025-11-18T09:05:16.184231
1,465,465,-0.000878984865,2025-11-18T09:05:16.184231
1,466,466,-0.00087876874,2025-11-18T09:05:16.184231
1,467,467,-0.000878870079,2025-11-18T09:05:16.184231
1,468,468,-0.000878813269,2025-11-18T09:05:16.184231
1,469,469,-0.000878880557,2025-11-18T09:05:16.184231
1,470,470,-0.000878904887,2025-11-18T09:05:16.184231
1,471,471,-0.000878842081,2025-11-18T09:05:16.184231
1,472,472,-0.000878955877,2025-11-18T09:05:16.184231
1,473,473,-0.000878905062,2025-11-18T09:05:16.184231
1,474,474,-0.000879123341,2025-11-18T09:05:16.184231
1,475,475,-0.000878916995,2025-11-18T09:05:16.184231
1,476,476,-0.000878912745,2025-11-18T09:05:16.184231
1,477,477,-0.000878941791,2025-11-18T09:05:16.184231
1,478,478,-0.000879130093,2025-11-18T09:05:16.184231
1,479,479,-0.000878983759,2025-11-18T09:05:16.184231
1,480,480,-0.000878828926,2025-11-18T09:05:16.184231
1,481,481,-0.000878850987,2025-11-18T09:05:16.184231
1,482,482,-0.000878818333,2025-11-18T09:05:16.184231
1,483,483,-0.000879110477,2025-11-18T09:05:16.184231
1,484,484,-0.000879218801,2025-11-18T09:05:16.184231
1,485,485,-0.000878938182,2025-11-18T09:05:16.184231
1,486,486,-0.000878852035,2025-11-18T09:05:16.184231
1,487,487,-0.000878909369,2025-11-18T09:05:16.184231
1,488,488,-0.000878932187,2025-11-18T09:05:16.184231
1,489,489,-0.000878814491,2025-11-18T09:05:16.184231
1,490,490,-0.000879112281,2025-11-18T09:05:16.184231
1,491,491,-0.000879030092,2025-11-18T09:05:16.184231
1,492,492,-0.000878846796,2025-11-18T09:05:16.184231
1,493,493,-0.000878768099,2025-11-18T09:05:16.184231
1,494,494,-0.000878923106,2025-11-18T09:05:16.184231
1,495,495,-0.000879034341,2025-11-18T09:05:16.184231
1,496,496,-0.00087885186,2025-11-18T09:05:16.184231
1,497,497,-0.000878758321,2025-11-18T09:05:16.184231
1,498,498,-0.000878737191,2025-11-18T09:05:16.184231
1,499,499,-0.000878727005,2025-11-18T09:05:16.184231
1,500,500,-0.000878660299,2025-11-18T09:05:16.184231
1,501,501,-0.000878732826,2025-11-18T09:05:16.184231
1,502,502,-0.000878756341,2025-11-18T09:05:16.184231
1,503,503,-0.000878727994,2025-11-18T09:05:16.184231
1,504,504,-0.000878691324,2025-11-18T09:05:16.184231
1,505,505,-0.000878617109,2025-11-18T09:05:16.184231
1,506,506,-0.000878746155,2025-11-18T09:05:16.184231
1,507,507,-0.000878867984,2025-11-18T09:05:16.184231
1,508,508,-0.000878893362,2025-11-18T09:05:16.184231
1,509,509,-0.000878891267,2025-11-18T09:05:16.184231
1,510,510,-0.000878697144,2025-11-18T09:05:16.184231
1,511,511,-0.00087874371,2025-11-18T09:05:16.184231
1,512,512,-0.000878719496,2025-11-18T09:05:16.184231
1,513,513,-0.000878834747,2025-11-18T09:05:16.184231
1,514,514,-0.000878723047,2025-11-18T09:05:16.184231
1,515,515,-0.00087879569,2025-11-18T09:05:16.184231
1,516,516,-0.000878684746,2025-11-18T09:05:16.184231
1,517,517,-0.000878604478,2025-11-18T09:05:16.184231
1,518,518,-0.000878600869,2025-11-18T09:05:16.184231
1,519,519,-0.000878629623,2025-11-18T09:05:16.184231
1,520,520,-0.000878492835,2025-11-18T09:05:16.184231
1,521,521,-0.000878599763,2025-11-18T09:05:16.184231
1,522,522,-0.000878688588,2025-11-18T09:05:16.184231
1,523,523,-0.000878647551,2025-11-18T09:05:16.184231
1,524,524,-0.000878637714,2025-11-18T09:05:16.184231
1,525,525,-0.000878695689,2025-11-18T09:05:16.184231
1,526,526,-0.000879033526,2025-11-18T09:05:16.184231
1,527,527,-0.000879130733,2025-11-18T09:05:16.184231
1,528,528,-0.000878641556,2025-11-18T09:05:16.184231
1,529,529,-0.000878983351,2025-11-18T09:05:16.184231
1,530,530,-0.000879068218,2025-11-18T09:05:16.184231
1,531,531,-0.000878884864,2025-11-18T09:05:16.184231
1,532,532,-0.000878939696,2025-11-18T09:05:16.184231
1,533,533,-0.000878912513,2025-11-18T09:05:16.184231
1,534,534,-0.000878746155,2025-11-18T09:05:16.184231
1,535,535,-0.000878658727,2025-11-18T09:05:16.184231
1,536,536,-0.000878737599,2025-11-18T09:05:16.184231
1,537,537,-0.000878801452,2025-11-18T09:05:16.184231
1,538,538,-0.000878765305,2025-11-18T09:05:16.184231
1,539,539,-0.000878919265,2025-11-18T09:05:16.184231
1,540,540,-0.00087887491,2025-11-18T09:05:16.184231
1,541,541,-0.000878666411,2025-11-18T09:05:16.184231
1,542,542,-0.000878815015,2025-11-18T09:05:16.184231
1,543,543,-0.000878959312,2025-11-18T09:05:16.184231
1,544,544,-0.00087878725,2025-11-18T09:05:16.184231
1,545,545,-0.000878887891,2025-11-18T09:05:16.184231
1,546,546,-0.000879137893,2025-11-18T09:05:16.184231
1,547,547,-0.000878926599,2025-11-18T09:05:16.184231
1,548,548,-0.000879109371,2025-11-18T09:05:16.184231
1,549,549,-0.000879175553,2025-11-18T09:05:16.184231
1,550,550,-0.000879087194,2025-11-18T09:05:16.184231
1,551,551,-0.000878965831,2025-11-18T09:05:16.184231
1,552,552,-0.000879247731,2025-11-18T09:05:16.184231
1,553,553,-0.000879215542,2025-11-18T09:05:16.184231
1,554,554,-0.000879297207,2025-11-18T09:05:16.184231
1,555,555,-0.000879197497,2025-11-18T09:05:16.184231
1,556,556,-0.000879225088,2025-11-18T09:05:16.184231
1,557,557,-0.000879133876,2025-11-18T09:05:16.184231
1,558,558,-0.000878984748,2025-11-18T09:05:16.184231
1,559,559,-0.000879086612,2025-11-18T09:05:16.184231
1,560,560,-0.000879173865,2025-11-18T09:05:16.184231
1,561,561,-0.000879235158,2025-11-18T09:05:16.184231
1,562,562,-0.000879007799,2025-11-18T09:05:16.184231
1,563,563,-0.000879081955,2025-11-18T09:05:16.184231
1,564,564,-0.000879067752,2025-11-18T09:05:16.184231
1,565,565,-0.00087909057,2025-11-18T09:05:16.184231
1,566,566,-0.000878983817,2025-11-18T09:05:16.184231
1,567,567,-0.000879006576,2025-11-18T09:05:16.184231
1,568,568,-0.000878999242,2025-11-18T09:05:16.184231
1,569,569,-0.000879052677,2025-11-18T09:05:16.184231
1,570,570,-0.000878998951,2025-11-18T09:05:16.184231
1,571,571,-0.00087887881,2025-11-18T09:05:16.184231
1,572,572,-0.000879135157,2025-11-18T09:05:16.184231
1,573,573,-0.000878912745,2025-11-18T09:05:16.184231
1,574,574,-0.000878987251,2025-11-18T09:05:16.184231
1,575,575,-0.000879023864,2025-11-18T09:05:16.184231
1,576,576,-0.000879057392,2025-11-18T09:05:16.184231
1,577,577,-0.000878946622,2025-11-18T09:05:16.184231
1,578,578,-0.000878857506,2025-11-18T09:05:16.184231
1,579,579,-0.000878804945,2025-11-18T09:05:16.184231
1,580,580,-0.000878699356,2025-11-18T09:05:16.184231
1,581,581,-0.000878735096,2025-11-18T09:05:16.184231
1,582,582,-0.000878595979,2025-11-18T09:05:16.184231
1,583,583,-0.000878711638,2025-11-18T09:05:16.184231
1,584,584,-0.000878796388,2025-11-18T09:05:16.184231
1,585,585,-0.000878951628,2025-11-18T09:05:16.184231
1,586,586,-0.000878692022,2025-11-18T09:05:16.184231
1,587,587,-0.000878694292,2025-11-18T09:05:16.184231
1,588,588,-0.000878902152,2025-11-18T09:05:16.184231
1,589,589,-0.00087890512,2025-11-18T09:05:16.184231
1,590,590,-0.000878959777,2025-11-18T09:05:16.184231
1,591,591,-0.000879111583,2025-11-18T09:05:16.184231
1,592,592,-0.000879001046,2025-11-18T09:05:16.184231
1,593,593,-0.000879002036,2025-11-18T09:05:16.184231
1,594,594,-0.000878914433,2025-11-18T09:05:16.184231
1,595,595,-0.000879069324,2025-11-18T09:05:16.184231
1,596,596,-0.000878917984,2025-11-18T09:05:16.184231
1,597,597,-0.000878931721,2025-11-18T09:05:16.184231
1,598,598,-0.000879074679,2025-11-18T09:05:16.184231
1,599,599,-0.000879122002,2025-11-18T09:05:16.184231
1,600,600,-0.000879043713,2025-11-18T09:05:16.184231
1,601,601,-0.000879103899,2025-11-18T09:05:16.184231
1,602,602,-0.000879244587,2025-11-18T09:05:16.184231
1,603,603,-0.000879235682,2025-11-18T09:05:16.184231
1,604,604,-0.000879225379,2025-11-18T09:05:16.184231
1,605,605,-0.000879146333,2025-11-18T09:05:16.184231
1,606,606,-0.000879076716,2025-11-18T09:05:16.184231
1,607,607,-0.000878949183,2025-11-18T09:05:16.184231
1,608,608,-0.000879160885,2025-11-18T09:05:16.184231
1,609,609,-0.000879248895,2025-11-18T09:05:16.184231
1,610,610,-0.000879180384,2025-11-18T09:05:16.184231
1,611,611,-0.000879177649,2025-11-18T09:05:16.184231
1,612,612,-0.000879156927,2025-11-18T09:05:16.184231
1,613,613,-0.000879150466,2025-11-18T09:05:16.184231
1,614,614,-0.000879308732,2025-11-18T09:05:16.184231
1,615,615,-0.000879283586,2025-11-18T09:05:16.184231
1,616,616,-0.000879312399,2025-11-18T09:05:16.184231
1,617,617,-0.000879246217,2025-11-18T09:05:16.184231
1,618,618,-0.000879143131,2025-11-18T09:05:16.184231
1,619,619,-0.000879091385,2025-11-18T09:05:16.184231
1,620,620,-0.000879167811,2025-11-18T09:05:16.184231
1,621,621,-0.00087909965,2025-11-18T09:05:16.184231
1,622,622,-0.000879090919,2025-11-18T09:05:16.184231
1,623,623,-0.000879182654,2025-11-18T09:05:16.184231
1,624,624,-0.000879244122,2025-11-18T09:05:16.184231
1,625,625,-0.000879203842,2025-11-18T09:05:16.184231
1,626,626,-0.000879156286,2025-11-18T09:05:16.184231
1,627,627,-0.000879310129,2025-11-18T09:05:16.184231
1,628,628,-0.000879244238,2025-11-18T09:05:16.184231
1,629,629,-0.000879130442,2025-11-18T09:05:16.184231
1,630,630,-0.000879028113,2025-11-18T09:05:16.184231
1,631,631,-0.000879280443,2025-11-18T09:05:16.184231
1,632,632,-0.000880590872,2025-11-18T09:05:16.184231
1,633,633,-0.000880545412,2025-11-18T09:05:16.184231
1,634,634,-0.000880604085,2025-11-18T09:05:16.184231
1,635,635,-0.000880755076,2025-11-18T09:05:16.184231
1,636,636,-0.000880742387,2025-11-18T09:05:16.184231
1,637,637,-0.000880908221,2025-11-18T09:05:16.184231
1,638,638,-0.000880409555,2025-11-18T09:05:16.184231
1,639,639,-0.000879677769,2025-11-18T09:05:16.184231
1,640,640,-0.000879860075,2025-11-18T09:05:16.184231
1,641,641,-0.000879825733,2025-11-18T09:05:16.184231
1,642,642,-0.000879670144,2025-11-18T09:05:16.184231
1,643,643,-0.000879813218,2025-11-18T09:05:16.184231
1,644,644,-0.00088012428,2025-11-18T09:05:16.184231
1,645,645,-0.000880015548,2025-11-18T09:05:16.184231
1,646,646,-0.000879812578,2025-11-18T09:05:16.184231
1,647,647,-0.000879766012,2025-11-18T09:05:16.184231
1,648,648,-0.00087997649,2025-11-18T09:05:16.184231
1,649,649,-0.000884699635,2025-11-18T09:05:16.184231
1,650,650,-0.00088673894,2025-11-18T09:05:16.184231
1,651,651,-0.000884113833,2025-11-18T09:05:16.184231
1,652,652,-0.000878885621,2025-11-18T09:05:16.184231
1,653,653,-0.000878984283,2025-11-18T09:05:16.184231
1,654,654,-0.000879519386,2025-11-18T09:05:16.184231
1,655,655,-0.000879447034,2025-11-18T09:05:16.184231
1,656,656,-0.000879704835,2025-11-18T09:05:16.184231
1,657,657,-0.000879567349,2025-11-18T09:05:16.184231
1,658,658,-0.000879434344,2025-11-18T09:05:16.184231
1,659,659,-0.000879308267,2025-11-18T09:05:16.184231
1,660,660,-0.000879305705,2025-11-18T09:05:16.184231
1,661,661,-0.000880545238,2025-11-18T09:05:16.184231
1,662,662,-0.000879032595,2025-11-18T09:05:16.184231
1,663,663,-0.000879475555,2025-11-18T09:05:16.184231
1,664,664,-0.000879632716,2025-11-18T09:05:16.184231
1,665,665,-0.000879785278,2025-11-18T09:05:16.184231
1,666,666,-0.000883499626,2025-11-18T09:05:16.184231
1,667,667,-0.000884013425,2025-11-18T09:05:16.184231
1,668,668,-0.000888134294,2025-11-18T09:05:16.184231
1,669,669,-0.000885798886,2025-11-18T09:05:16.184231
1,670,670,-0.00088611443,2025-11-18T09:05:16.184231
1,671,671,-0.000880280102,2025-11-18T09:05:16.184231
1,672,672,-0.000878918741,2025-11-18T09:05:16.184231
1,673,673,-0.000878917984,2025-11-18T09:05:16.184231
1,674,674,-0.000878846098,2025-11-18T09:05:16.184231
1,675,675,-0.000878909893,2025-11-18T09:05:16.184231
1,676,676,-0.00087896717,2025-11-18T09:05:16.184231
1,677,677,-0.000878937426,2025-11-18T09:05:16.184231
1,678,678,-0.00087897724,2025-11-18T09:05:16.184231
1,679,679,-0.000879530969,2025-11-18T09:05:16.184231
1,680,680,-0.000879741332,2025-11-18T09:05:16.184231
1,681,681,-0.000879839994,2025-11-18T09:05:16.184231
1,682,682,-0.000880014267,2025-11-18T09:05:16.184231
1,683,683,-0.00087977614,2025-11-18T09:05:16.184231
1,684,684,-0.000881978485,2025-11-18T09:05:16.184231
1,685,685,-0.000881816726,2025-11-18T09:05:16.184231
1,686,686,-0.000879626895,2025-11-18T09:05:16.184231
1,687,687,-0.000879315368,2025-11-18T09:05:16.184231
1,688,688,-0.000878945982,2025-11-18T09:05:16.184231
1,689,689,-0.000878915656,2025-11-18T09:05:16.184231
1,690,690,-0.000878840452,2025-11-18T09:05:16.184231
1,691,691,-0.00087885285,2025-11-18T09:05:16.184231
1,692,692,-0.000878721592,2025-11-18T09:05:16.184231
1,693,693,-0.00087873917,2025-11-18T09:05:16.184231
1,694,694,-0.000878717633,2025-11-18T09:05:16.184231
1,695,695,-0.000878933758,2025-11-18T09:05:16.184231
1,696,696,-0.000878996448,2025-11-18T09:05:16.184231
1,697,697,-0.000879254075,2025-11-18T09:05:16.184231
1,698,698,-0.000884070352,2025-11-18T09:05:16.184231
1,699,699,-0.000885180779,2025-11-18T09:05:16.184231
1,700,700,-0.000879940809,2025-11-18T09:05:16.184231
1,701,701,-0.000878825492,2025-11-18T09:05:16.184231
1,702,702,-0.000878799241,2025-11-18T09:05:16.184231
1,703,703,-0.000878679507,2025-11-18T09:05:16.184231
1,704,704,-0.000878598715,2025-11-18T09:05:16.184231
1,705,705,-0.000878524326,2025-11-18T09:05:16.184231
1,706,706,-0.000878468039,2025-11-18T09:05:16.184231
1,707,707,-0.000878565071,2025-11-18T09:05:16.184231
1,708,708,-0.000878692837,2025-11-18T09:05:16.184231
1,709,709,-0.000878583698,2025-11-18T09:05:16.184231
1,710,710,-0.000878528691,2025-11-18T09:05:16.184231
1,711,711,-0.000878600403,2025-11-18T09:05:16.184231
1,712,712,-0.000878394232,2025-11-18T09:05:16.184231
1,713,713,-0.00087863754,2025-11-18T09:05:16.184231
1,714,714,-0.000878725608,2025-11-18T09:05:16.184231
1,715,715,-0.000878800172,2025-11-18T09:05:16.184231
1,716,716,-0.000878566119,2025-11-18T09:05:16.184231
1,717,717,-0.000878740625,2025-11-18T09:05:16.184231
1,718,718,-0.000879109313,2025-11-18T09:05:16.184231
1,719,719,-0.000879087659,2025-11-18T09:05:16.184231
1,720,720,-0.00087910227,2025-11-18T09:05:16.184231
1,721,721,-0.000879333296,2025-11-18T09:05:16.184231
1,722,722,-0.000879270432,2025-11-18T09:05:16.184231
1,723,723,-0.000879556289,2025-11-18T09:05:16.184231
1,724,724,-0.000879602099,2025-11-18T09:05:16.184231
1,725,725,-0.000879197963,2025-11-18T09:05:16.184231
1,726,726,-0.000879890867,2025-11-18T09:05:16.184231
1,727,727,-0.000880198611,2025-11-18T09:05:16.184231
1,728,728,-0.000886129157,2025-11-18T09:05:16.184231
1,729,729,-0.00088562438,2025-11-18T09:05:16.184231
1,730,730,-0.000885337765,2025-11-18T09:05:16.184231
1,731,731,-0.000885767803,2025-11-18T09:05:16.184231
1,732,732,-0.000885706627,2025-11-18T09:05:16.184231
1,733,733,-0.000885517976,2025-11-18T09:05:16.184231
1,734,734,-0.000885607209,2025-11-18T09:05:16.184231
1,735,735,-0.000885268847,2025-11-18T09:05:16.184231
1,736,736,-0.000884500623,2025-11-18T09:05:16.184231
1,737,737,-0.000879396218,2025-11-18T09:05:16.184231
1,738,738,-0.00087930978,2025-11-18T09:05:16.184231
1,739,739,-0.000879032828,2025-11-18T09:05:16.184231
1,740,740,-0.000878783175,2025-11-18T09:05:16.184231
1,741,741,-0.000878834805,2025-11-18T09:05:16.184231
1,742,742,-0.000878959021,2025-11-18T09:05:16.184231
1,743,743,-0.000879283354,2025-11-18T09:05:16.184231
1,744,744,-0.0008796631,2025-11-18T09:05:16.184231
1,745,745,-0.000880180043,2025-11-18T09:05:16.184231
1,746,746,-0.000879233237,2025-11-18T09:05:16.184231
1,747,747,-0.000879756466,2025-11-18T09:05:16.184231
1,748,748,-0.000879987957,2025-11-18T09:05:16.184231
1,749,749,-0.000879899074,2025-11-18T09:05:16.184231
1,750,750,-0.000879787316,2025-11-18T09:05:16.184231
1,751,751,-0.00087977614,2025-11-18T09:05:16.184231
1,752,752,-0.000880087551,2025-11-18T09:05:16.184231
1,753,753,-0.000880795763,2025-11-18T09:05:16.184231
1,754,754,-0.000879268452,2025-11-18T09:05:16.184231
1,755,755,-0.000879297556,2025-11-18T09:05:16.184231
1,756,756,-0.000879158731,2025-11-18T09:05:16.184231
1,757,757,-0.000879105122,2025-11-18T09:05:16.184231
1,758,758,-0.000878966413,2025-11-18T09:05:16.184231
1,759,759,-0.00087903015,2025-11-18T09:05:16.184231
1,760,760,-0.000879358383,2025-11-18T09:05:16.184231
1,761,761,-0.000882218999,2025-11-18T09:05:16.184231
1,762,762,-0.000881801883,2025-11-18T09:05:16.184231
1,763,763,-0.000881549553,2025-11-18T09:05:16.184231
1,764,764,-0.000881572894,2025-11-18T09:05:16.184231
1,765,765,-0.000881389656,2025-11-18T09:05:16.184231
1,766,766,-0.000881028943,2025-11-18T09:05:16.184231
1,767,767,-0.000879420898,2025-11-18T09:05:16.184231
1,768,768,-0.000879354251,2025-11-18T09:05:16.184231
1,769,769,-0.000879277824,2025-11-18T09:05:16.184231
1,770,770,-0.00087914319,2025-11-18T09:05:16.184231
1,771,771,-0.00087900809,2025-11-18T09:05:16.184231
1,772,772,-0.000878903083,2025-11-18T09:05:16.184231
1,773,773,-0.000879179453,2025-11-18T09:05:16.184231
1,774,774,-0.00087890285,2025-11-18T09:05:16.184231
1,775,775,-0.000878686201,2025-11-18T09:05:16.184231
1,776,776,-0.000878860184,2025-11-18T09:05:16.184231
1,777,777,-0.000882096122,2025-11-18T09:05:16.184231
1,778,778,-0.000881186977,2025-11-18T09:05:16.184231
1,779,779,-0.000881281564,2025-11-18T09:05:16.184231
1,780,780,-0.000880898849,2025-11-18T09:05:16.184231
1,781,781,-0.000880977953,2025-11-18T09:05:16.184231
1,782,782,-0.000880815205,2025-11-18T09:05:16.184231
1,783,783,-0.000880852807,2025-11-18T09:05:16.184231
1,784,784,-0.000880873587,2025-11-18T09:05:16.184231
1,785,785,-0.000880920619,2025-11-18T09:05:16.184231
1,786,786,-0.000880977197,2025-11-18T09:05:16.184231
1,787,787,-0.000881821848,2025-11-18T09:05:16.184231
1,788,788,-0.000881964922,2025-11-18T09:05:16.184231
1,789,789,-0.000881796411,2025-11-18T09:05:16.184231
1,790,790,-0.000881899497,2025-11-18T09:05:16.184231
1,791,791,-0.00088186853,2025-11-18T09:05:16.184231
1,792,792,-0.000881627725,2025-11-18T09:05:16.184231
1,793,793,-0.000881247688,2025-11-18T09:05:16.184231
1,794,794,-0.000880265259,2025-11-18T09:05:16.184231
1,795,795,-0.000879827304,2025-11-18T09:05:16.184231
1,796,796,-0.00087974657,2025-11-18T09:05:16.184231
1,797,797,-0.000879911822,2025-11-18T09:05:16.184231
1,798,798,-0.0008797982,2025-11-18T09:05:16.184231
1,799,799,-0.000879430561,2025-11-18T09:05:16.184231
1,800,800,-0.000879266124,2025-11-18T09:05:16.184231
1,801,801,-0.000879282364,2025-11-18T09:05:16.184231
1,802,802,-0.000879411643,2025-11-18T09:05:16.184231
1,803,803,-0.000879262166,2025-11-18T09:05:16.184231
1,804,804,-0.000879339117,2025-11-18T09:05:16.184231
1,805,805,-0.000879247207,2025-11-18T09:05:16.184231
1,806,806,-0.000879378581,2025-11-18T09:05:16.184231
1,807,807,-0.000879505416,2025-11-18T09:05:16.184231
1,808,808,-0.000879845814,2025-11-18T09:05:16.184231
1,809,809,-0.000879725383,2025-11-18T09:05:16.184231
1,810,810,-0.000879616534,2025-11-18T09:05:16.184231
1,811,811,-0.000880042032,2025-11-18T09:05:16.184231
1,812,812,-0.000879903731,2025-11-18T09:05:16.184231
1,813,813,-0.000879801576,2025-11-18T09:05:16.184231
1,814,814,-0.000880211591,2025-11-18T09:05:16.184231
1,815,815,-0.000880301406,2025-11-18T09:05:16.184231
1,816,816,-0.00088025938,2025-11-18T09:05:16.184231
1,817,817,-0.000880221719,2025-11-18T09:05:16.184231
1,818,818,-0.000880260602,2025-11-18T09:05:16.184231
1,819,819,-0.000880162231,2025-11-18T09:05:16.184231
1,820,820,-0.000880384352,2025-11-18T09:05:16.184231
1,821,821,-0.000880179868,2025-11-18T09:05:16.184231
1,822,822,-0.00088024931,2025-11-18T09:05:16.184231
1,823,823,-0.000880622596,2025-11-18T09:05:16.184231
1,824,824,-0.000880546169,2025-11-18T09:05:16.184231
1,825,825,-0.000883818371,2025-11-18T09:05:16.184231
1,826,826,-0.000883981061,2025-11-18T09:05:16.184231
1,827,827,-0.000883663014,2025-11-18T09:05:16.184231
1,828,828,-0.000884391483,2025-11-18T09:05:16.184231
1,829,829,-0.000884695386,2025-11-18T09:05:16.184231
1,830,830,-0.000884727807,2025-11-18T09:05:16.184231
1,831,831,-0.000884363427,2025-11-18T09:05:16.184231
1,832,832,-0.000884372158,2025-11-18T09:05:16.184231
1,833,833,-0.000884499575,2025-11-18T09:05:16.184231
1,834,834,-0.000884301029,2025-11-18T09:05:16.184231
1,835,835,-0.00088436203,2025-11-18T09:05:16.184231
1,836,836,-0.000885241024,2025-11-18T09:05:16.184231
1,837,837,-0.000885591318,2025-11-18T09:05:16.184231
1,838,838,-0.000885049172,2025-11-18T09:05:16.184231
1,839,839,-0.000884450681,2025-11-18T09:05:16.184231
1,840,840,-0.000883340137,2025-11-18T09:05:16.184231
1,841,841,-0.000884203473,2025-11-18T09:05:16.184231
1,842,842,-0.000884273205,2025-11-18T09:05:16.184231
1,843,843,-0.000884032808,2025-11-18T09:05:16.184231
1,844,844,-0.000883959583,2025-11-18T09:05:16.184231
1,845,845,-0.000884010281,2025-11-18T09:05:16.184231
1,846,846,-0.000883760454,2025-11-18T09:05:16.184231
1,847,847,-0.000883710221,2025-11-18T09:05:16.184231
1,848,848,-0.000884073611,2025-11-18T09:05:16.184231
1,849,849,-0.000884359236,2025-11-18T09:05:16.184231
1,850,850,-0.000884488283,2025-11-18T09:05:16.184231
1,851,851,-0.000884384731,2025-11-18T09:05:16.184231
1,852,852,-0.000884479552,2025-11-18T09:05:16.184231
1,853,853,-0.000884401262,2025-11-18T09:05:16.184231
1,854,854,-0.000884520763,2025-11-18T09:05:16.184231
1,855,855,-0.000882929482,2025-11-18T09:05:16.184231
1,856,856,-0.000882934196,2025-11-18T09:05:16.184231
1,857,857,-0.000888186332,2025-11-18T09:05:16.184231
1,858,858,-0.000889352522,2025-11-18T09:05:16.184231
1,859,859,-0.00088953023,2025-11-18T09:05:16.184231
1,860,860,-0.000889719871,2025-11-18T09:05:16.184231
1,861,861,-0.000889748509,2025-11-18T09:05:16.184231
1,862,862,-0.000889662827,2025-11-18T09:05:16.184231
1,863,863,-0.000889778195,2025-11-18T09:05:16.184231
1,864,864,-0.000889742223,2025-11-18T09:05:16.184231
1,865,865,-0.000889938441,2025-11-18T09:05:16.184231
1,866,866,-0.000889737799,2025-11-18T09:05:16.184231
1,867,867,-0.000889676157,2025-11-18T09:05:16.184231
1,868,868,-0.000889800081,2025-11-18T09:05:16.184231
1,869,869,-0.000889742979,2025-11-18T09:05:16.184231
1,870,870,-0.000889719231,2025-11-18T09:05:16.184231
1,871,871,-0.000889753398,2025-11-18T09:05:16.184231
1,872,872,-0.000889645249,2025-11-18T09:05:16.184231
1,873,873,-0.0008895325,2025-11-18T09:05:16.184231
1,874,874,-0.000889754039,2025-11-18T09:05:16.184231
1,875,875,-0.000889902876,2025-11-18T09:05:16.184231
1,876,876,-0.000889798451,2025-11-18T09:05:16.184231
1,877,877,-0.000889878254,2025-11-18T09:05:16.184231
1,878,878,-0.00088996184,2025-11-18T09:05:16.184231
1,879,879,-0.000889956194,2025-11-18T09:05:16.184231
1,880,880,-0.000889747869,2025-11-18T09:05:16.184231
1,881,881,-0.000889732094,2025-11-18T09:05:16.184231
1,882,882,-0.000889732909,2025-11-18T09:05:16.184231
1,883,883,-0.000889759568,2025-11-18T09:05:16.184231
1,884,884,-0.000889755086,2025-11-18T09:05:16.184231
1,885,885,-0.000889724935,2025-11-18T09:05:16.184231
1,886,886,-0.000889891525,2025-11-18T09:05:16.184231
1,887,887,-0.000889726274,2025-11-18T09:05:16.184231
1,888,888,-0.000889848568,2025-11-18T09:05:16.184231
1,889,889,-0.000889836112,2025-11-18T09:05:16.184231
1,890,890,-0.000889876682,2025-11-18T09:05:16.184231
1,891,891,-0.000890036521,2025-11-18T09:05:16.184231
1,892,892,-0.000889911956,2025-11-18T09:05:16.184231
1,893,893,-0.000889753224,2025-11-18T09:05:16.184231
1,894,894,-0.000889874238,2025-11-18T09:05:16.184231
1,895,895,-0.000889803457,2025-11-18T09:05:16.184231
1,896,896,-0.000889869523,2025-11-18T09:05:16.184231
1,897,897,-0.000889910385,2025-11-18T09:05:16.184231
1,898,898,-0.000889894145,2025-11-18T09:05:16.184231
1,899,899,-0.000890024355,2025-11-18T09:05:16.184231
1,900,900,-0.000890246185,2025-11-18T09:05:16.184231
1,901,901,-0.000890108756,2025-11-18T09:05:16.184231
1,902,902,-0.000890056835,2025-11-18T09:05:16.184231
1,903,903,-0.000890053343,2025-11-18T09:05:16.184231
1,904,904,-0.00089028757,2025-11-18T09:05:16.184231
1,905,905,-0.000890188734,2025-11-18T09:05:16.184231
1,906,906,-0.000889970571,2025-11-18T09:05:16.184231
1,907,907,-0.000889916205,2025-11-18T09:05:16.184231
1,908,908,-0.000890052993,2025-11-18T09:05:16.184231
1,909,909,-0.000889998162,2025-11-18T09:05:16.184231
1,910,910,-0.00088993035,2025-11-18T09:05:16.184231
1,911,911,-0.000890047813,2025-11-18T09:05:16.184231
1,912,912,-0.000890065275,2025-11-18T09:05:16.184231
1,913,913,-0.000890060968,2025-11-18T09:05:16.184231
1,914,914,-0.000890081631,2025-11-18T09:05:16.184231
1,915,915,-0.00089000503,2025-11-18T09:05:16.184231
1,916,916,-0.000890024413,2025-11-18T09:05:16.184231
1,917,917,-0.000890031282,2025-11-18T09:05:16.184231
1,918,918,-0.000889989256,2025-11-18T09:05:16.184231
1,919,919,-0.000890038616,2025-11-18T09:05:16.184231
1,920,920,-0.000889898161,2025-11-18T09:05:16.184231
1,921,921,-0.000889817136,2025-11-18T09:05:16.184231
1,922,922,-0.000889872375,2025-11-18T09:05:16.184231
1,923,923,-0.000889952876,2025-11-18T09:05:16.184231
1,924,924,-0.00088991085,2025-11-18T09:05:16.184231
1,925,925,-0.000890129012,2025-11-18T09:05:16.184231
1,926,926,-0.000889985356,2025-11-18T09:05:16.184231
1,927,927,-0.000889928778,2025-11-18T09:05:16.184231
1,928,928,-0.000889754795,2025-11-18T09:05:16.184231
1,929,929,-0.000889934948,2025-11-18T09:05:16.184231
1,930,930,-0.000889829418,2025-11-18T09:05:16.184231
1,931,931,-0.000889916962,2025-11-18T09:05:16.184231
1,932,932,-0.000889716204,2025-11-18T09:05:16.184231
1,933,933,-0.000889758171,2025-11-18T09:05:16.184231
1,934,934,-0.000889699615,2025-11-18T09:05:16.184231
1,935,935,-0.000889696588,2025-11-18T09:05:16.184231
1,936,936,-0.000890017196,2025-11-18T09:05:16.184231
1,937,937,-0.000889966962,2025-11-18T09:05:16.184231
1,938,938,-0.000889956834,2025-11-18T09:05:16.184231
1,939,939,-0.000889809336,2025-11-18T09:05:16.184231
1,940,940,-0.000889846996,2025-11-18T09:05:16.184231
1,941,941,-0.000890053634,2025-11-18T09:05:16.184231
1,942,942,-0.000890144321,2025-11-18T09:05:16.184231
1,943,943,-0.000889999908,2025-11-18T09:05:16.184231
1,944,944,-0.000890088093,2025-11-18T09:05:16.184231
1,945,945,-0.000889817252,2025-11-18T09:05:16.184231
1,946,946,-0.000889859511,2025-11-18T09:05:16.184231
1,947,947,-0.000889945775,2025-11-18T09:05:16.184231
1,948,948,-0.000889848335,2025-11-18T09:05:16.184231
1,949,949,-0.000889913819,2025-11-18T09:05:16.184231
1,950,950,-0.000889896589,2025-11-18T09:05:16.184231
1,951,951,-0.000889921444,2025-11-18T09:05:16.184231
1,952,952,-0.000889749906,2025-11-18T09:05:16.184231
1,953,953,-0.00088979752,2025-11-18T09:05:16.184231
1,954,954,-0.000889876682,2025-11-18T09:05:16.184231
1,955,955,-0.000889680639,2025-11-18T09:05:16.184231
1,956,956,-0.000889643386,2025-11-18T09:05:16.184231
1,957,957,-0.000889713293,2025-11-18T09:05:16.184231
1,958,958,-0.000889679591,2025-11-18T09:05:16.184231
1,959,959,-0.000889589835,2025-11-18T09:05:16.184231
1,960,960,-0.000889614166,2025-11-18T09:05:16.184231
1,961,961,-0.000889572838,2025-11-18T09:05:16.184231
1,962,962,-0.000889634538,2025-11-18T09:05:16.184231
1,963,963,-0.000889832619,2025-11-18T09:05:16.184231
1,964,964,-0.000889625924,2025-11-18T09:05:16.184231
1,965,965,-0.000889778486,2025-11-18T09:05:16.184231
1,966,966,-0.000889847171,2025-11-18T09:05:16.184231
1,967,967,-0.000889860908,2025-11-18T09:05:16.184231
1,968,968,-0.000889629183,2025-11-18T09:05:16.184231
1,969,969,-0.000889680755,2025-11-18T09:05:16.184231
1,970,970,-0.00088973192,2025-11-18T09:05:16.184231
1,971,971,-0.000889835995,2025-11-18T09:05:16.184231
1,972,972,-0.000889514922,2025-11-18T09:05:16.184231
1,973,973,-0.000889540009,2025-11-18T09:05:16.184231
1,974,974,-0.000889452989,2025-11-18T09:05:16.184231
1,975,975,-0.000889518065,2025-11-18T09:05:16.184231
1,976,976,-0.000889525574,2025-11-18T09:05:16.184231
1,977,977,-0.000889690709,2025-11-18T09:05:16.184231
1,978,978,-0.000889640185,2025-11-18T09:05:16.184231
1,979,979,-0.000889648741,2025-11-18T09:05:16.184231
1,980,980,-0.000889658869,2025-11-18T09:05:16.184231
1,981,981,-0.000889617484,2025-11-18T09:05:16.184231
1,982,982,-0.000889617367,2025-11-18T09:05:16.184231
1,983,983,-0.000889567309,2025-11-18T09:05:16.184231
1,984,984,-0.000889765622,2025-11-18T09:05:16.184231
1,985,985,-0.000889787508,2025-11-18T09:05:16.184231
1,986,986,-0.000889576331,2025-11-18T09:05:16.184231
1,987,987,-0.000889474293,2025-11-18T09:05:16.184231
1,988,988,-0.000889747228,2025-11-18T09:05:16.184231
1,989,989,-0.000889630231,2025-11-18T09:05:16.184231
1,990,990,-0.000889602466,2025-11-18T09:05:16.184231
1,991,991,-0.000889516377,2025-11-18T09:05:16.184231
1,992,992,-0.000889569695,2025-11-18T09:05:16.184231
1,993,993,-0.000889473827,2025-11-18T09:05:16.184231
1,994,994,-0.000889659451,2025-11-18T09:05:16.184231
1,995,995,-0.000889596412,2025-11-18T09:05:16.184231
1,996,996,-0.000889382674,2025-11-18T09:05:16.184231
1,997,997,-0.000889797986,2025-11-18T09:05:16.184231
1,998,998,-0.000889774528,2025-11-18T09:05:16.184231
1,999,999,-0.000889838731,2025-11-18T09:05:16.184231
1,1000,1000,-0.000889807124,2025-11-18T09:05:16.184231
2,1,1001,-0.000889716204,2025-11-18T09:05:34.955613
2,2,1002,-0.000889619346,2025-11-18T09:05:34.955613
2,3,1003,-0.000889649963,2025-11-18T09:05:34.955613
2,4,1004,-0.000889565446,2025-11-18T09:05:34.955613
2,5,1005,-0.000889753573,2025-11-18T09:05:34.955613
2,6,1006,-0.000889785238,2025-11-18T09:05:34.955613
2,7,1007,-0.000889563874,2025-11-18T09:05:34.955613
2,8,1008,-0.000889719522,2025-11-18T09:05:34.955613
2,9,1009,-0.000889654853,2025-11-18T09:05:34.955613
2,10,1010,-0.000889848859,2025-11-18T09:05:34.955613
2,11,1011,-0.000889741291,2025-11-18T09:05:34.955613
2,12,1012,-0.000889595306,2025-11-18T09:05:34.955613
2,13,1013,-0.00088971341,2025-11-18T09:05:34.955613
2,14,1014,-0.000889713584,2025-11-18T09:05:34.955613
2,15,1015,-0.000889685994,2025-11-18T09:05:34.955613
2,16,1016,-0.000889577495,2025-11-18T09:05:34.955613
2,17,1017,-0.000889751885,2025-11-18T09:05:34.955613
2,18,1018,-0.000889727962,2025-11-18T09:05:34.955613
2,19,1019,-0.000889684131,2025-11-18T09:05:34.955613
2,20,1020,-0.000889732269,2025-11-18T09:05:34.955613
2,21,1021,-0.000889762013,2025-11-18T09:05:34.955613
2,22,1022,-0.000889910385,2025-11-18T09:05:34.955613
2,23,1023,-0.000890092051,2025-11-18T09:05:34.955613
2,24,1024,-0.000890061026,2025-11-18T09:05:34.955613
2,25,1025,-0.000889933959,2025-11-18T09:05:34.955613
2,26,1026,-0.000889745308,2025-11-18T09:05:34.955613
2,27,1027,-0.0008897488,2025-11-18T09:05:34.955613
2,28,1028,-0.000889860326,2025-11-18T09:05:34.955613
2,29,1029,-0.000889628659,2025-11-18T09:05:34.955613
2,30,1030,-0.000889788207,2025-11-18T09:05:34.955613
2,31,1031,-0.000889704038,2025-11-18T09:05:34.955613
2,32,1032,-0.000889780523,2025-11-18T09:05:34.955613
2,33,1033,-0.000889829068,2025-11-18T09:05:34.955613
2,34,1034,-0.000889732735,2025-11-18T09:05:34.955613
2,35,1035,-0.00088971277,2025-11-18T09:05:34.955613
2,36,1036,-0.000889678194,2025-11-18T09:05:34.955613
2,37,1037,-0.000889891234,2025-11-18T09:05:34.955613
2,38,1038,-0.000889867369,2025-11-18T09:05:34.955613
2,39,1039,-0.000889886345,2025-11-18T09:05:34.955613
2,40,1040,-0.000889763236,2025-11-18T09:05:34.955613
2,41,1041,-0.000889821443,2025-11-18T09:05:34.955613
2,42,1042,-0.000889758754,2025-11-18T09:05:34.955613
2,43,1043,-0.000889747112,2025-11-18T09:05:34.955613
2,44,1044,-0.000889816961,2025-11-18T09:05:34.955613
2,45,1045,-0.000889765215,2025-11-18T09:05:34.955613
2,46,1046,-0.000889730756,2025-11-18T09:05:34.955613
2,47,1047,-0.000889769056,2025-11-18T09:05:34.955613
2,48,1048,-0.000889883725,2025-11-18T09:05:34.955613
2,49,1049,-0.000889675575,2025-11-18T09:05:34.955613
2,50,1050,-0.000889658695,2025-11-18T09:05:34.955613
2,51,1051,-0.000889797986,2025-11-18T09:05:34.955613
2,52,1052,-0.000889860617,2025-11-18T09:05:34.955613
2,53,1053,-0.00088953512,2025-11-18T09:05:34.955613
2,54,1054,-0.000889806658,2025-11-18T09:05:34.955613
2,55,1055,-0.000889653223,2025-11-18T09:05:34.955613
2,56,1056,-0.000889844726,2025-11-18T09:05:34.955613
2,57,1057,-0.000889811897,2025-11-18T09:05:34.955613
2,58,1058,-0.000889755086,2025-11-18T09:05:34.955613
2,59,1059,-0.000889573362,2025-11-18T09:05:34.955613
2,60,1060,-0.000889560265,2025-11-18T09:05:34.955613
2,61,1061,-0.000889656017,2025-11-18T09:05:34.955613
2,62,1062,-0.000889668881,2025-11-18T09:05:34.955613
2,63,1063,-0.000889574817,2025-11-18T09:05:34.955613
2,64,1064,-0.00088959682,2025-11-18T09:05:34.955613
2,65,1065,-0.000889712944,2025-11-18T09:05:34.955613
2,66,1066,-0.000889700662,2025-11-18T09:05:34.955613
2,67,1067,-0.000889577553,2025-11-18T09:05:34.955613
2,68,1068,-0.000889303511,2025-11-18T09:05:34.955613
2,69,1069,-0.000889419112,2025-11-18T09:05:34.955613
2,70,1070,-0.000889346876,2025-11-18T09:05:34.955613
2,71,1071,-0.000889490824,2025-11-18T09:05:34.955613
2,72,1072,-0.000889725983,2025-11-18T09:05:34.955613
2,73,1073,-0.000889706716,2025-11-18T09:05:34.955613
2,74,1074,-0.000889546761,2025-11-18T09:05:34.955613
2,75,1075,-0.000889411487,2025-11-18T09:05:34.955613
2,76,1076,-0.000889752584,2025-11-18T09:05:34.955613
2,77,1077,-0.000889607297,2025-11-18T09:05:34.955613
2,78,1078,-0.000889647868,2025-11-18T09:05:34.955613
2,79,1079,-0.000889612303,2025-11-18T09:05:34.955613
2,80,1080,-0.000889604387,2025-11-18T09:05:34.955613
2,81,1081,-0.000889779941,2025-11-18T09:05:34.955613
2,82,1082,-0.00088994269,2025-11-18T09:05:34.955613
2,83,1083,-0.000889535411,2025-11-18T09:05:34.955613
2,84,1084,-0.000889780814,2025-11-18T09:05:34.955613
2,85,1085,-0.000889777555,2025-11-18T09:05:34.955613
2,86,1086,-0.000889895251,2025-11-18T09:05:34.955613
2,87,1087,-0.000889801944,2025-11-18T09:05:34.955613
2,88,1088,-0.000889863527,2025-11-18T09:05:34.955613
2,89,1089,-0.000889678136,2025-11-18T09:05:34.955613
2,90,1090,-0.000889586575,2025-11-18T09:05:34.955613
2,91,1091,-0.000889657065,2025-11-18T09:05:34.955613
2,92,1092,-0.000889715098,2025-11-18T09:05:34.955613
2,93,1093,-0.000889634189,2025-11-18T09:05:34.955613
2,94,1094,-0.000889786286,2025-11-18T09:05:34.955613
2,95,1095,-0.000889780232,2025-11-18T09:05:34.955613
2,96,1096,-0.000889782793,2025-11-18T09:05:34.955613
2,97,1097,-0.000890000141,2025-11-18T09:05:34.955613
2,98,1098,-0.000890119059,2025-11-18T09:05:34.955613
2,99,1099,-0.000889919465,2025-11-18T09:05:34.955613
2,100,1100,-0.000890120456,2025-11-18T09:05:34.955613
2,101,1101,-0.000890364462,2025-11-18T09:05:34.955613
2,102,1102,-0.000890344206,2025-11-18T09:05:34.955613
2,103,1103,-0.000890265975,2025-11-18T09:05:34.955613
2,104,1104,-0.000890375056,2025-11-18T09:05:34.955613
2,105,1105,-0.000890338444,2025-11-18T09:05:34.955613
2,106,1106,-0.000890349445,2025-11-18T09:05:34.955613
2,107,1107,-0.000890183844,2025-11-18T09:05:34.955613
2,108,1108,-0.000890367024,2025-11-18T09:05:34.955613
2,109,1109,-0.000890069874,2025-11-18T09:05:34.955613
2,110,1110,-0.000889884715,2025-11-18T09:05:34.955613
2,111,1111,-0.000889852235,2025-11-18T09:05:34.955613
2,112,1112,-0.0008897644,2025-11-18T09:05:34.955613
2,113,1113,-0.000889740069,2025-11-18T09:05:34.955613
2,114,1114,-0.000889865332,2025-11-18T09:05:34.955613
2,115,1115,-0.000889968941,2025-11-18T09:05:34.955613
2,116,1116,-0.000890175695,2025-11-18T09:05:34.955613
2,117,1117,-0.000889937044,2025-11-18T09:05:34.955613
2,118,1118,-0.000889974879,2025-11-18T09:05:34.955613
2,119,1119,-0.000890219816,2025-11-18T09:05:34.955613
2,120,1120,-0.000890065392,2025-11-18T09:05:34.955613
2,121,1121,-0.000890119234,2025-11-18T09:05:34.955613
2,122,1122,-0.000890045834,2025-11-18T09:05:34.955613
2,123,1123,-0.000890073366,2025-11-18T09:05:34.955613
2,124,1124,-0.000890067312,2025-11-18T09:05:34.955613
2,125,1125,-0.000890243798,2025-11-18T09:05:34.955613
2,126,1126,-0.000890287104,2025-11-18T09:05:34.955613
2,127,1127,-0.000890220457,2025-11-18T09:05:34.955613
2,128,1128,-0.000890154333,2025-11-18T09:05:34.955613
2,129,1129,-0.000890391238,2025-11-18T09:05:34.955613
2,130,1130,-0.000890454044,2025-11-18T09:05:34.955613
2,131,1131,-0.000890261668,2025-11-18T09:05:34.955613
2,132,1132,-0.00089027395,2025-11-18T09:05:34.955613
2,133,1133,-0.000890260038,2025-11-18T09:05:34.955613
2,134,1134,-0.00089026062,2025-11-18T09:05:34.955613
2,135,1135,-0.000890528492,2025-11-18T09:05:34.955613
2,136,1136,-0.000890297233,2025-11-18T09:05:34.955613
2,137,1137,-0.000890512892,2025-11-18T09:05:34.955613
2,138,1138,-0.000890433264,2025-11-18T09:05:34.955613
2,139,1139,-0.000890336174,2025-11-18T09:05:34.955613
2,140,1140,-0.00089045288,2025-11-18T09:05:34.955613
2,141,1141,-0.000890397408,2025-11-18T09:05:34.955613
2,142,1142,-0.000890480761,2025-11-18T09:05:34.955613
2,143,1143,-0.00089040352,2025-11-18T09:05:34.955613
2,144,1144,-0.000890427385,2025-11-18T09:05:34.955613
2,145,1145,-0.000890343333,2025-11-18T09:05:34.955613
2,146,1146,-0.000890300609,2025-11-18T09:05:34.955613
2,147,1147,-0.000890244729,2025-11-18T09:05:34.955613
2,148,1148,-0.000890170224,2025-11-18T09:05:34.955613
2,149,1149,-0.000890060269,2025-11-18T09:05:34.955613
2,150,1150,-0.000890288501,2025-11-18T09:05:34.955613
2,151,1151,-0.000890307535,2025-11-18T09:05:34.955613
2,152,1152,-0.00089038664,2025-11-18T09:05:34.955613
2,153,1153,-0.000890276103,2025-11-18T09:05:34.955613
2,154,1154,-0.000890380586,2025-11-18T09:05:34.955613
2,155,1155,-0.000890363822,2025-11-18T09:05:34.955613
2,156,1156,-0.000890329421,2025-11-18T09:05:34.955613
2,157,1157,-0.000890162598,2025-11-18T09:05:34.955613
2,158,1158,-0.000890071154,2025-11-18T09:05:34.955613
2,159,1159,-0.000890316849,2025-11-18T09:05:34.955613
2,160,1160,-0.000890051946,2025-11-18T09:05:34.955613
2,161,1161,-0.000890227791,2025-11-18T09:05:34.955613
2,162,1162,-0.000890191178,2025-11-18T09:05:34.955613
2,163,1163,-0.000889983202,2025-11-18T09:05:34.955613
2,164,1164,-0.000890134193,2025-11-18T09:05:34.955613
2,165,1165,-0.000890284369,2025-11-18T09:05:34.955613
2,166,1166,-0.000890447234,2025-11-18T09:05:34.955613
2,167,1167,-0.000890199036,2025-11-18T09:05:34.955613
2,168,1168,-0.000890269468,2025-11-18T09:05:34.955613
2,169,1169,-0.000890480936,2025-11-18T09:05:34.955613
2,170,1170,-0.000890223367,2025-11-18T09:05:34.955613
2,171,1171,-0.000890104332,2025-11-18T09:05:34.955613
2,172,1172,-0.000890211027,2025-11-18T09:05:34.955613
2,173,1173,-0.000890326045,2025-11-18T09:05:34.955613
2,174,1174,-0.000890220457,2025-11-18T09:05:34.955613
2,175,1175,-0.00089045841,2025-11-18T09:05:34.955613
2,176,1176,-0.000890341296,2025-11-18T09:05:34.955613
2,177,1177,-0.000890206894,2025-11-18T09:05:34.955613
2,178,1178,-0.000890495255,2025-11-18T09:05:34.955613
2,179,1179,-0.000890027615,2025-11-18T09:05:34.955613
2,180,1180,-0.000889889721,2025-11-18T09:05:34.955613
2,181,1181,-0.000890224357,2025-11-18T09:05:34.955613
2,182,1182,-0.000890183669,2025-11-18T09:05:34.955613
2,183,1183,-0.000890457769,2025-11-18T09:05:34.955613
2,184,1184,-0.000890233495,2025-11-18T09:05:34.955613
2,185,1185,-0.000890197989,2025-11-18T09:05:34.955613
2,186,1186,-0.000890282855,2025-11-18T09:05:34.955613
2,187,1187,-0.000890161027,2025-11-18T09:05:34.955613
2,188,1188,-0.000890402588,2025-11-18T09:05:34.955613
2,189,1189,-0.000890309631,2025-11-18T09:05:34.955613
2,190,1190,-0.000890413357,2025-11-18T09:05:34.955613
2,191,1191,-0.000890448398,2025-11-18T09:05:34.955613
2,192,1192,-0.000890192866,2025-11-18T09:05:34.955613
2,193,1193,-0.000890131515,2025-11-18T09:05:34.955613
2,194,1194,-0.000889913702,2025-11-18T09:05:34.955613
2,195,1195,-0.000889523071,2025-11-18T09:05:34.955613
2,196,1196,-0.000889638729,2025-11-18T09:05:34.955613
2,197,1197,-0.000889836926,2025-11-18T09:05:34.955613
2,198,1198,-0.000890017079,2025-11-18T09:05:34.955613
2,199,1199,-0.000889671733,2025-11-18T09:05:34.955613
2,200,1200,-0.000889439368,2025-11-18T09:05:34.955613
2,201,1201,-0.000889461778,2025-11-18T09:05:34.955613
2,202,1202,-0.000889943679,2025-11-18T09:05:34.955613
2,203,1203,-0.000889993621,2025-11-18T09:05:34.955613
2,204,1204,-0.000890113587,2025-11-18T09:05:34.955613
2,205,1205,-0.000889932387,2025-11-18T09:05:34.955613
2,206,1206,-0.000889856659,2025-11-18T09:05:34.955613
2,207,1207,-0.000889916555,2025-11-18T09:05:34.955613
2,208,1208,-0.000889996357,2025-11-18T09:05:34.955613
2,209,1209,-0.000889879302,2025-11-18T09:05:34.955613
2,210,1210,-0.000890001305,2025-11-18T09:05:34.955613
2,211,1211,-0.000889874761,2025-11-18T09:05:34.955613
2,212,1212,-0.000889864051,2025-11-18T09:05:34.955613
2,213,1213,-0.00088962278,2025-11-18T09:05:34.955613
2,214,1214,-0.000889857416,2025-11-18T09:05:34.955613
2,215,1215,-0.000889969,2025-11-18T09:05:34.955613
2,216,1216,-0.000889776856,2025-11-18T09:05:34.955613
2,217,1217,-0.000889691349,2025-11-18T09:05:34.955613
2,218,1218,-0.000889598682,2025-11-18T09:05:34.955613
2,219,1219,-0.000889703806,2025-11-18T09:05:34.955613
2,220,1220,-0.000889536691,2025-11-18T09:05:34.955613
2,221,1221,-0.000889762304,2025-11-18T09:05:34.955613
2,222,1222,-0.000889784714,2025-11-18T09:05:34.955613
2,223,1223,-0.000889869232,2025-11-18T09:05:34.955613
2,224,1224,-0.000890059047,2025-11-18T09:05:34.955613
2,225,1225,-0.000889962539,2025-11-18T09:05:34.955613
2,226,1226,-0.00088983518,2025-11-18T09:05:34.955613
2,227,1227,-0.000889721151,2025-11-18T09:05:34.955613
2,228,1228,-0.000889611896,2025-11-18T09:05:34.955613
2,229,1229,-0.00088970398,2025-11-18T09:05:34.955613
2,230,1230,-0.000889804738,2025-11-18T09:05:34.955613
2,231,1231,-0.00088991149,2025-11-18T09:05:34.955613
2,232,1232,-0.000889969989,2025-11-18T09:05:34.955613
2,233,1233,-0.000889926683,2025-11-18T09:05:34.955613
2,234,1234,-0.000889960385,2025-11-18T09:05:34.955613
2,235,1235,-0.000889991119,2025-11-18T09:05:34.955613
2,236,1236,-0.000889915332,2025-11-18T09:05:34.955613
2,237,1237,-0.000890023016,2025-11-18T09:05:34.955613
2,238,1238,-0.000889888266,2025-11-18T09:05:34.955613
2,239,1239,-0.000889919523,2025-11-18T09:05:34.955613
2,240,1240,-0.000889946415,2025-11-18T09:05:34.955613
2,241,1241,-0.000890212832,2025-11-18T09:05:34.955613
2,242,1242,-0.000890057766,2025-11-18T09:05:34.955613
2,243,1243,-0.000889999151,2025-11-18T09:05:34.955613
2,244,1244,-0.000889979244,2025-11-18T09:05:34.955613
2,245,1245,-0.000889975111,2025-11-18T09:05:34.955613
2,246,1246,-0.000889910734,2025-11-18T09:05:34.955613
2,247,1247,-0.000890050432,2025-11-18T09:05:34.955613
2,248,1248,-0.000889982853,2025-11-18T09:05:34.955613
2,249,1249,-0.000889927556,2025-11-18T09:05:34.955613
2,250,1250,-0.000889918534,2025-11-18T09:05:34.955613
2,251,1251,-0.000890035473,2025-11-18T09:05:34.955613
2,252,1252,-0.000889713468,2025-11-18T09:05:34.955613
2,253,1253,-0.000889836112,2025-11-18T09:05:34.955613
2,254,1254,-0.000889764924,2025-11-18T09:05:34.955613
2,255,1255,-0.000889742106,2025-11-18T09:05:34.955613
2,256,1256,-0.000889829825,2025-11-18T09:05:34.955613
2,257,1257,-0.000889772607,2025-11-18T09:05:34.955613
2,258,1258,-0.000889678078,2025-11-18T09:05:34.955613
2,259,1259,-0.000889570335,2025-11-18T09:05:34.955613
2,260,1260,-0.000889650604,2025-11-18T09:05:34.955613
2,261,1261,-0.000889705785,2025-11-18T09:05:34.955613
2,262,1262,-0.000889739487,2025-11-18T09:05:34.955613
2,263,1263,-0.000889697344,2025-11-18T09:05:34.955613
2,264,1264,-0.000889862829,2025-11-18T09:05:34.955613
2,265,1265,-0.000889926101,2025-11-18T09:05:34.955613
2,266,1266,-0.000889880408,2025-11-18T09:05:34.955613
2,267,1267,-0.000889707938,2025-11-18T09:05:34.955613
2,268,1268,-0.000889708579,2025-11-18T09:05:34.955613
2,269,1269,-0.000889764574,2025-11-18T09:05:34.955613
2,270,1270,-0.000889812537,2025-11-18T09:05:34.955613
2,271,1271,-0.000889846414,2025-11-18T09:05:34.955613
2,272,1272,-0.000889838556,2025-11-18T09:05:34.955613
2,273,1273,-0.000889879011,2025-11-18T09:05:34.955613
2,274,1274,-0.000889773305,2025-11-18T09:05:34.955613
2,275,1275,-0.000889764283,2025-11-18T09:05:34.955613
2,276,1276,-0.000889784947,2025-11-18T09:05:34.955613
2,277,1277,-0.000889703747,2025-11-18T09:05:34.955613
2,278,1278,-0.000889789429,2025-11-18T09:05:34.955613
2,279,1279,-0.000889497634,2025-11-18T09:05:34.955613
2,280,1280,-0.00088960235,2025-11-18T09:05:34.955613
2,281,1281,-0.000889674876,2025-11-18T09:05:34.955613
2,282,1282,-0.000889625051,2025-11-18T09:05:34.955613
2,283,1283,-0.000889835646,2025-11-18T09:05:34.955613
2,284,1284,-0.000889826449,2025-11-18T09:05:34.955613
2,285,1285,-0.000889666262,2025-11-18T09:05:34.955613
2,286,1286,-0.000890165159,2025-11-18T09:05:34.955613
2,287,1287,-0.000890262308,2025-11-18T09:05:34.955613
2,288,1288,-0.000890100665,2025-11-18T09:05:34.955613
2,289,1289,-0.000890122901,2025-11-18T09:05:34.955613
2,290,1290,-0.000890226277,2025-11-18T09:05:34.955613
2,291,1291,-0.000890005379,2025-11-18T09:05:34.955613
2,292,1292,-0.00089014956,2025-11-18T09:05:34.955613
2,293,1293,-0.000890252995,2025-11-18T09:05:34.955613
2,294,1294,-0.000889958406,2025-11-18T09:05:34.955613
2,295,1295,-0.00089022034,2025-11-18T09:05:34.955613
2,296,1296,-0.000890337396,2025-11-18T09:05:34.955613
2,297,1297,-0.000890199618,2025-11-18T09:05:34.955613
2,298,1298,-0.00089016644,2025-11-18T09:05:34.955613
2,299,1299,-0.000890281633,2025-11-18T09:05:34.955613
2,300,1300,-0.000890175404,2025-11-18T09:05:34.955613
2,301,1301,-0.000889984541,2025-11-18T09:05:34.955613
2,302,1302,-0.000890150782,2025-11-18T09:05:34.955613
2,303,1303,-0.000890328956,2025-11-18T09:05:34.955613
2,304,1304,-0.000890165625,2025-11-18T09:05:34.955613
2,305,1305,-0.000890113878,2025-11-18T09:05:34.955613
2,306,1306,-0.000890368886,2025-11-18T09:05:34.955613
2,307,1307,-0.000890299677,2025-11-18T09:05:34.955613
2,308,1308,-0.000890364928,2025-11-18T09:05:34.955613
2,309,1309,-0.000890124938,2025-11-18T09:05:34.955613
2,310,1310,-0.000890362774,2025-11-18T09:05:34.955613
2,311,1311,-0.000889869232,2025-11-18T09:05:34.955613
2,312,1312,-0.000890060444,2025-11-18T09:05:34.955613
2,313,1313,-0.000890287104,2025-11-18T09:05:34.955613
2,314,1314,-0.000890159339,2025-11-18T09:05:34.955613
2,315,1315,-0.000890368886,2025-11-18T09:05:34.955613
2,316,1316,-0.00089047919,2025-11-18T09:05:34.955613
2,317,1317,-0.000890432624,2025-11-18T09:05:34.955613
2,318,1318,-0.000890269642,2025-11-18T09:05:34.955613
2,319,1319,-0.00089048472,2025-11-18T09:05:34.955613
2,320,1320,-0.000890541588,2025-11-18T09:05:34.955613
2,321,1321,-0.000890547875,2025-11-18T09:05:34.955613
2,322,1322,-0.000890545663,2025-11-18T09:05:34.955613
2,323,1323,-0.000890630122,2025-11-18T09:05:34.955613
2,324,1324,-0.000890470051,2025-11-18T09:05:34.955613
2,325,1325,-0.000890522554,2025-11-18T09:05:34.955613
2,326,1326,-0.000890421913,2025-11-18T09:05:34.955613
2,327,1327,-0.000890485476,2025-11-18T09:05:34.955613
2,328,1328,-0.000890323077,2025-11-18T09:05:34.955613
2,329,1329,-0.000890307826,2025-11-18T09:05:34.955613
2,330,1330,-0.00089032913,2025-11-18T09:05:34.955613
2,331,1331,-0.000890343799,2025-11-18T09:05:34.955613
2,332,1332,-0.000890352937,2025-11-18T09:05:34.955613
2,333,1333,-0.000890324998,2025-11-18T09:05:34.955613
2,334,1334,-0.000890442403,2025-11-18T09:05:34.955613
2,335,1335,-0.000890252005,2025-11-18T09:05:34.955613
2,336,1336,-0.000890136114,2025-11-18T09:05:34.955613
2,337,1337,-0.000890120456,2025-11-18T09:05:34.955613
2,338,1338,-0.000890237977,2025-11-18T09:05:34.955613
2,339,1339,-0.000890567782,2025-11-18T09:05:34.955613
2,340,1340,-0.000890407827,2025-11-18T09:05:34.955613
2,341,1341,-0.000890605151,2025-11-18T09:05:34.955613
2,342,1342,-0.000890554103,2025-11-18T09:05:34.955613
2,343,1343,-0.000890452356,2025-11-18T09:05:34.955613
2,344,1344,-0.000890303927,2025-11-18T09:05:34.955613
2,345,1345,-0.000890150782,2025-11-18T09:05:34.955613
2,346,1346,-0.000890274066,2025-11-18T09:05:34.955613
2,347,1347,-0.000890140538,2025-11-18T09:05:34.955613
2,348,1348,-0.000890315917,2025-11-18T09:05:34.955613
2,349,1349,-0.000890311435,2025-11-18T09:05:34.955613
2,350,1350,-0.00089035253,2025-11-18T09:05:34.955613
2,351,1351,-0.000890223658,2025-11-18T09:05:34.955613
2,352,1352,-0.00089020637,2025-11-18T09:05:34.955613
2,353,1353,-0.000890169816,2025-11-18T09:05:34.955613
2,354,1354,-0.000890178023,2025-11-18T09:05:34.955613
2,355,1355,-0.000890207185,2025-11-18T09:05:34.955613
2,356,1356,-0.000890298455,2025-11-18T09:05:34.955613
2,357,1357,-0.000890468945,2025-11-18T09:05:34.955613
2,358,1358,-0.000890284485,2025-11-18T09:05:34.955613
2,359,1359,-0.000890089664,2025-11-18T09:05:34.955613
2,360,1360,-0.000890120165,2025-11-18T09:05:34.955613
2,361,1361,-0.00089027395,2025-11-18T09:05:34.955613
2,362,1362,-0.000890179537,2025-11-18T09:05:34.955613
2,363,1363,-0.000890503288,2025-11-18T09:05:34.955613
2,364,1364,-0.000890140654,2025-11-18T09:05:34.955613
2,365,1365,-0.000890242692,2025-11-18T09:05:34.955613
2,366,1366,-0.00089020963,2025-11-18T09:05:34.955613
2,367,1367,-0.000890143564,2025-11-18T09:05:34.955613
2,368,1368,-0.0008901424,2025-11-18T09:05:34.955613
2,369,1369,-0.000889963004,2025-11-18T09:05:34.955613
2,370,1370,-0.000890144321,2025-11-18T09:05:34.955613
2,371,1371,-0.00089031289,2025-11-18T09:05:34.955613
2,372,1372,-0.00089017942,2025-11-18T09:05:34.955613
2,373,1373,-0.000890257128,2025-11-18T09:05:34.955613
2,374,1374,-0.000890245893,2025-11-18T09:05:34.955613
2,375,1375,-0.000890027906,2025-11-18T09:05:34.955613
2,376,1376,-0.000890053808,2025-11-18T09:05:34.955613
2,377,1377,-0.00089011219,2025-11-18T09:05:34.955613
2,378,1378,-0.000889999733,2025-11-18T09:05:34.955613
2,379,1379,-0.000890029594,2025-11-18T09:05:34.955613
2,380,1380,-0.00088981667,2025-11-18T09:05:34.955613
2,381,1381,-0.000889935705,2025-11-18T09:05:34.955613
2,382,1382,-0.000889891642,2025-11-18T09:05:34.955613
2,383,1383,-0.000889882852,2025-11-18T09:05:34.955613
2,384,1384,-0.000889754679,2025-11-18T09:05:34.955613
2,385,1385,-0.000889743969,2025-11-18T09:05:34.955613
2,386,1386,-0.000889877497,2025-11-18T09:05:34.955613
2,387,1387,-0.00089001219,2025-11-18T09:05:34.955613
2,388,1388,-0.000890006951,2025-11-18T09:05:34.955613
2,389,1389,-0.000889878545,2025-11-18T09:05:34.955613
2,390,1390,-0.000889981398,2025-11-18T09:05:34.955613
2,391,1391,-0.000889799266,2025-11-18T09:05:34.955613
2,392,1392,-0.000889644783,2025-11-18T09:05:34.955613
2,393,1393,-0.000889929884,2025-11-18T09:05:34.955613
2,394,1394,-0.000889785413,2025-11-18T09:05:34.955613
2,395,1395,-0.000889871211,2025-11-18T09:05:34.955613
2,396,1396,-0.000889704097,2025-11-18T09:05:34.955613
2,397,1397,-0.000889732153,2025-11-18T09:05:34.955613
2,398,1398,-0.000889862305,2025-11-18T09:05:34.955613
2,399,1399,-0.000889634422,2025-11-18T09:05:34.955613
2,400,1400,-0.000889844901,2025-11-18T09:05:34.955613
2,401,1401,-0.000889800314,2025-11-18T09:05:34.955613
2,402,1402,-0.00088992482,2025-11-18T09:05:34.955613
2,403,1403,-0.000889855436,2025-11-18T09:05:34.955613
2,404,1404,-0.000889820046,2025-11-18T09:05:34.955613
2,405,1405,-0.000889681454,2025-11-18T09:05:34.955613
2,406,1406,-0.000890100549,2025-11-18T09:05:34.955613
2,407,1407,-0.000890060677,2025-11-18T09:05:34.955613
2,408,1408,-0.000890073075,2025-11-18T09:05:34.955613
2,409,1409,-0.000890204042,2025-11-18T09:05:34.955613
2,410,1410,-0.00089022878,2025-11-18T09:05:34.955613
2,411,1411,-0.000890084891,2025-11-18T09:05:34.955613
2,412,1412,-0.000890173774,2025-11-18T09:05:34.955613
2,413,1413,-0.00089004758,2025-11-18T09:05:34.955613
2,414,1414,-0.000890044786,2025-11-18T09:05:34.955613
2,415,1415,-0.000890205788,2025-11-18T09:05:34.955613
2,416,1416,-0.000890016148,2025-11-18T09:05:34.955613
2,417,1417,-0.000890324939,2025-11-18T09:05:34.955613
2,418,1418,-0.000890121096,2025-11-18T09:05:34.955613
2,419,1419,-0.000890054099,2025-11-18T09:05:34.955613
2,420,1420,-0.000890161551,2025-11-18T09:05:34.955613
2,421,1421,-0.000890131748,2025-11-18T09:05:34.955613
2,422,1422,-0.000889925868,2025-11-18T09:05:34.955613
2,423,1423,-0.000890068477,2025-11-18T09:05:34.955613
2,424,1424,-0.000890174065,2025-11-18T09:05:34.955613
2,425,1425,-0.000890104216,2025-11-18T09:05:34.955613
2,426,1426,-0.000890093797,2025-11-18T09:05:34.955613
2,427,1427,-0.000890004972,2025-11-18T09:05:34.955613
2,428,1428,-0.00089003233,2025-11-18T09:05:34.955613
2,429,1429,-0.000889867835,2025-11-18T09:05:34.955613
2,430,1430,-0.000889755552,2025-11-18T09:05:34.955613
2,431,1431,-0.000889719987,2025-11-18T09:05:34.955613
2,432,1432,-0.000889744667,2025-11-18T09:05:34.955613
2,433,1433,-0.000889680813,2025-11-18T09:05:34.955613
2,434,1434,-0.000889690942,2025-11-18T09:05:34.955613
2,435,1435,-0.000889594724,2025-11-18T09:05:34.955613
2,436,1436,-0.000889670744,2025-11-18T09:05:34.955613
2,437,1437,-0.000889688788,2025-11-18T09:05:34.955613
2,438,1438,-0.000889651884,2025-11-18T09:05:34.955613
2,439,1439,-0.000889679708,2025-11-18T09:05:34.955613
2,440,1440,-0.000889629474,2025-11-18T09:05:34.955613
2,441,1441,-0.000889828486,2025-11-18T09:05:34.955613
2,442,1442,-0.000889867718,2025-11-18T09:05:34.955613
2,443,1443,-0.000889735529,2025-11-18T09:05:34.955613
2,444,1444,-0.000889884133,2025-11-18T09:05:34.955613
2,445,1445,-0.000889719231,2025-11-18T09:05:34.955613
2,446,1446,-0.0008898839,2025-11-18T09:05:34.955613
2,447,1447,-0.000889797869,2025-11-18T09:05:34.955613
2,448,1448,-0.000889913528,2025-11-18T09:05:34.955613
2,449,1449,-0.00088999886,2025-11-18T09:05:34.955613
2,450,1450,-0.000889818067,2025-11-18T09:05:34.955613
2,451,1451,-0.000889716087,2025-11-18T09:05:34.955613
2,452,1452,-0.000889864459,2025-11-18T09:05:34.955613
2,453,1453,-0.000889590301,2025-11-18T09:05:34.955613
2,454,1454,-0.000889617134,2025-11-18T09:05:34.955613
2,455,1455,-0.000889732618,2025-11-18T09:05:34.955613
2,456,1456,-0.000889646704,2025-11-18T09:05:34.955613
2,457,1457,-0.000889689254,2025-11-18T09:05:34.955613
2,458,1458,-0.000889534712,2025-11-18T09:05:34.955613
2,459,1459,-0.000889484479,2025-11-18T09:05:34.955613
2,460,1460,-0.000889634829,2025-11-18T09:05:34.955613
2,461,1461,-0.000889651244,2025-11-18T09:05:34.955613
2,462,1462,-0.000889547809,2025-11-18T09:05:34.955613
2,463,1463,-0.000889806135,2025-11-18T09:05:34.955613
2,464,1464,-0.000889765855,2025-11-18T09:05:34.955613
2,465,1465,-0.000889651593,2025-11-18T09:05:34.955613
2,466,1466,-0.000889585411,2025-11-18T09:05:34.955613
2,467,1467,-0.000889769697,2025-11-18T09:05:34.955613
2,468,1468,-0.000889690476,2025-11-18T09:05:34.955613
2,469,1469,-0.000889809161,2025-11-18T09:05:34.955613
2,470,1470,-0.000889721733,2025-11-18T09:05:34.955613
2,471,1471,-0.000889717717,2025-11-18T09:05:34.955613
2,472,1472,-0.000889828603,2025-11-18T09:05:34.955613
2,473,1473,-0.000889727205,2025-11-18T09:05:34.955613
2,474,1474,-0.00088997127,2025-11-18T09:05:34.955613
2,475,1475,-0.000889985938,2025-11-18T09:05:34.955613
2,476,1476,-0.000889782502,2025-11-18T09:05:34.955613
2,477,1477,-0.000889802933,2025-11-18T09:05:34.955613
2,478,1478,-0.000889642687,2025-11-18T09:05:34.955613
2,479,1479,-0.000889696413,2025-11-18T09:05:34.955613
2,480,1480,-0.000889811664,2025-11-18T09:05:34.955613
2,481,1481,-0.000889836461,2025-11-18T09:05:34.955613
2,482,1482,-0.000889632443,2025-11-18T09:05:34.955613
2,483,1483,-0.000889814109,2025-11-18T09:05:34.955613
2,484,1484,-0.000889763818,2025-11-18T09:05:34.955613
2,485,1485,-0.000889925926,2025-11-18T09:05:34.955613
2,486,1486,-0.000889784831,2025-11-18T09:05:34.955613
2,487,1487,-0.000889871094,2025-11-18T09:05:34.955613
2,488,1488,-0.00088985532,2025-11-18T09:05:34.955613
2,489,1489,-0.000889731105,2025-11-18T09:05:34.955613
2,490,1490,-0.000889731512,2025-11-18T09:05:34.955613
2,491,1491,-0.000889754155,2025-11-18T09:05:34.955613
2,492,1492,-0.000889728136,2025-11-18T09:05:34.955613
2,493,1493,-0.000889639137,2025-11-18T09:05:34.955613
2,494,1494,-0.000889661256,2025-11-18T09:05:34.955613
2,495,1495,-0.000889689545,2025-11-18T09:05:34.955613
2,496,1496,-0.000889980117,2025-11-18T09:05:34.955613
2,497,1497,-0.000890007591,2025-11-18T09:05:34.955613
2,498,1498,-0.000889941118,2025-11-18T09:05:34.955613
2,499,1499,-0.000890053517,2025-11-18T09:05:34.955613
2,500,1500,-0.000889816554,2025-11-18T09:05:34.955613
2,501,1501,-0.000889981223,2025-11-18T09:05:34.955613
2,502,1502,-0.000889936636,2025-11-18T09:05:34.955613
2,503,1503,-0.000890113704,2025-11-18T09:05:34.955613
2,504,1504,-0.000889952876,2025-11-18T09:05:34.955613
2,505,1505,-0.000889799557,2025-11-18T09:05:34.955613
2,506,1506,-0.000889945018,2025-11-18T09:05:34.955613
2,507,1507,-0.000889915041,2025-11-18T09:05:34.955613
2,508,1508,-0.000889836577,2025-11-18T09:05:34.955613
2,509,1509,-0.00088992028,2025-11-18T09:05:34.955613
2,510,1510,-0.000889909628,2025-11-18T09:05:34.955613
2,511,1511,-0.000890000083,2025-11-18T09:05:34.955613
2,512,1512,-0.000890327384,2025-11-18T09:05:34.955613
2,513,1513,-0.000890008814,2025-11-18T09:05:34.955613
2,514,1514,-0.000890146358,2025-11-18T09:05:34.955613
2,515,1515,-0.000890330935,2025-11-18T09:05:34.955613
2,516,1516,-0.000890270865,2025-11-18T09:05:34.955613
2,517,1517,-0.000890205148,2025-11-18T09:05:34.955613
2,518,1518,-0.000890413939,2025-11-18T09:05:34.955613
2,519,1519,-0.000890266441,2025-11-18T09:05:34.955613
2,520,1520,-0.000890590134,2025-11-18T09:05:34.955613
2,521,1521,-0.000889954855,2025-11-18T09:05:34.955613
2,522,1522,-0.000889834424,2025-11-18T09:05:34.955613
2,523,1523,-0.000889879825,2025-11-18T09:05:34.955613
2,524,1524,-0.000889882736,2025-11-18T09:05:34.955613
2,525,1525,-0.000890023191,2025-11-18T09:05:34.955613
2,526,1526,-0.000889923481,2025-11-18T09:05:34.955613
2,527,1527,-0.000889890536,2025-11-18T09:05:34.955613
2,528,1528,-0.000890015391,2025-11-18T09:05:34.955613
2,529,1529,-0.000890059047,2025-11-18T09:05:34.955613
2,530,1530,-0.000889858172,2025-11-18T09:05:34.955613
2,531,1531,-0.000889954564,2025-11-18T09:05:34.955613
2,532,1532,-0.000889883027,2025-11-18T09:05:34.955613
2,533,1533,-0.000889864517,2025-11-18T09:05:34.955613
2,534,1534,-0.000889914284,2025-11-18T09:05:34.955613
2,535,1535,-0.000889923423,2025-11-18T09:05:34.955613
2,536,1536,-0.000889721268,2025-11-18T09:05:34.955613
2,537,1537,-0.000889777904,2025-11-18T09:05:34.955613
2,538,1538,-0.000889973423,2025-11-18T09:05:34.955613
2,539,1539,-0.000889935065,2025-11-18T09:05:34.955613
2,540,1540,-0.000890138209,2025-11-18T09:05:34.955613
2,541,1541,-0.000890111899,2025-11-18T09:05:34.955613
2,542,1542,-0.000890129827,2025-11-18T09:05:34.955613
2,543,1543,-0.000890140479,2025-11-18T09:05:34.955613
2,544,1544,-0.000890065566,2025-11-18T09:05:34.955613
2,545,1545,-0.000890040013,2025-11-18T09:05:34.955613
2,546,1546,-0.000890077848,2025-11-18T09:05:34.955613
2,547,1547,-0.000890027615,2025-11-18T09:05:34.955613
2,548,1548,-0.000889900373,2025-11-18T09:05:34.955613
2,549,1549,-0.000889839488,2025-11-18T09:05:34.955613
2,550,1550,-0.0008900151,2025-11-18T09:05:34.955613
2,551,1551,-0.000889968185,2025-11-18T09:05:34.955613
2,552,1552,-0.000889737682,2025-11-18T09:05:34.955613
2,553,1553,-0.000889757589,2025-11-18T09:05:34.955613
2,554,1554,-0.000889781338,2025-11-18T09:05:34.955613
2,555,1555,-0.00088979199,2025-11-18T09:05:34.955613
2,556,1556,-0.00088975171,2025-11-18T09:05:34.955613
2,557,1557,-0.000889742397,2025-11-18T09:05:34.955613
2,558,1558,-0.000889776973,2025-11-18T09:05:34.955613
2,559,1559,-0.000889761664,2025-11-18T09:05:34.955613
2,560,1560,-0.000889758521,2025-11-18T09:05:34.955613
2,561,1561,-0.000889689894,2025-11-18T09:05:34.955613
2,562,1562,-0.000889838731,2025-11-18T09:05:34.955613
2,563,1563,-0.000889957591,2025-11-18T09:05:34.955613
2,564,1564,-0.000889964168,2025-11-18T09:05:34.955613
2,565,1565,-0.000889943097,2025-11-18T09:05:34.955613
2,566,1566,-0.000890173309,2025-11-18T09:05:34.955613
2,567,1567,-0.000890117255,2025-11-18T09:05:34.955613
2,568,1568,-0.000889934599,2025-11-18T09:05:34.955613
2,569,1569,-0.000889988208,2025-11-18T09:05:34.955613
2,570,1570,-0.000889859162,2025-11-18T09:05:34.955613
2,571,1571,-0.000890006369,2025-11-18T09:05:34.955613
2,572,1572,-0.000889919057,2025-11-18T09:05:34.955613
2,573,1573,-0.000890470633,2025-11-18T09:05:34.955613
2,574,1574,-0.000890363124,2025-11-18T09:05:34.955613
2,575,1575,-0.000890592986,2025-11-18T09:05:34.955613
2,576,1576,-0.000890416675,2025-11-18T09:05:34.955613
2,577,1577,-0.000890400668,2025-11-18T09:05:34.955613
2,578,1578,-0.000890378083,2025-11-18T09:05:34.955613
2,579,1579,-0.000890413182,2025-11-18T09:05:34.955613
2,580,1580,-0.000890459632,2025-11-18T09:05:34.955613
2,581,1581,-0.000890301191,2025-11-18T09:05:34.955613
2,582,1582,-0.000890441238,2025-11-18T09:05:34.955613
2,583,1583,-0.000890490075,2025-11-18T09:05:34.955613
2,584,1584,-0.000890355266,2025-11-18T09:05:34.955613
2,585,1585,-0.000890443974,2025-11-18T09:05:34.955613
2,586,1586,-0.00089031778,2025-11-18T09:05:34.955613
2,587,1587,-0.000890426337,2025-11-18T09:05:34.955613
2,588,1588,-0.000890437804,2025-11-18T09:05:34.955613
2,589,1589,-0.000890352996,2025-11-18T09:05:34.955613
2,590,1590,-0.000890422379,2025-11-18T09:05:34.955613
2,591,1591,-0.000890385883,2025-11-18T09:05:34.955613
2,592,1592,-0.000890480936,2025-11-18T09:05:34.955613
2,593,1593,-0.00089043664,2025-11-18T09:05:34.955613
2,594,1594,-0.000890598108,2025-11-18T09:05:34.955613
2,595,1595,-0.000890541414,2025-11-18T09:05:34.955613
2,596,1596,-0.000890468945,2025-11-18T09:05:34.955613
2,597,1597,-0.000890623545,2025-11-18T09:05:34.955613
2,598,1598,-0.000890568655,2025-11-18T09:05:34.955613
2,599,1599,-0.000890641997,2025-11-18T09:05:34.955613
2,600,1600,-0.000890545255,2025-11-18T09:05:34.955613
2,601,1601,-0.000890482566,2025-11-18T09:05:34.955613
2,602,1602,-0.000890310737,2025-11-18T09:05:34.955613
2,603,1603,-0.000890377152,2025-11-18T09:05:34.955613
2,604,1604,-0.000890192633,2025-11-18T09:05:34.955613
2,605,1605,-0.000890401541,2025-11-18T09:05:34.955613
2,606,1606,-0.000890355324,2025-11-18T09:05:34.955613
2,607,1607,-0.000890447932,2025-11-18T09:05:34.955613
2,608,1608,-0.000890491763,2025-11-18T09:05:34.955613
2,609,1609,-0.000890551018,2025-11-18T09:05:34.955613
2,610,1610,-0.000890551949,2025-11-18T09:05:34.955613
2,611,1611,-0.000890544964,2025-11-18T09:05:34.955613
2,612,1612,-0.000890665454,2025-11-18T09:05:34.955613
2,613,1613,-0.000890595896,2025-11-18T09:05:34.955613
2,614,1614,-0.00089051749,2025-11-18T09:05:34.955613
2,615,1615,-0.000890683208,2025-11-18T09:05:34.955613
2,616,1616,-0.000890565628,2025-11-18T09:05:34.955613
2,617,1617,-0.000890760333,2025-11-18T09:05:34.955613
2,618,1618,-0.000890654104,2025-11-18T09:05:34.955613
2,619,1619,-0.000890583789,2025-11-18T09:05:34.955613
2,620,1620,-0.000890623312,2025-11-18T09:05:34.955613
2,621,1621,-0.000890694616,2025-11-18T09:05:34.955613
2,622,1622,-0.000890562427,2025-11-18T09:05:34.955613
2,623,1623,-0.000890645256,2025-11-18T09:05:34.955613
2,624,1624,-0.000890451658,2025-11-18T09:05:34.955613
2,625,1625,-0.000890306429,2025-11-18T09:05:34.955613
2,626,1626,-0.000890457944,2025-11-18T09:05:34.955613
2,627,1627,-0.000890450435,2025-11-18T09:05:34.955613
2,628,1628,-0.000890565745,2025-11-18T09:05:34.955613
2,629,1629,-0.000890470924,2025-11-18T09:05:34.955613
2,630,1630,-0.000890622904,2025-11-18T09:05:34.955613
2,631,1631,-0.000890536466,2025-11-18T09:05:34.955613
2,632,1632,-0.000890590832,2025-11-18T09:05:34.955613
2,633,1633,-0.000890670693,2025-11-18T09:05:34.955613
2,634,1634,-0.000890633615,2025-11-18T09:05:34.955613
2,635,1635,-0.00089061202,2025-11-18T09:05:34.955613
2,636,1636,-0.000890532101,2025-11-18T09:05:34.955613
2,637,1637,-0.000890738272,2025-11-18T09:05:34.955613
2,638,1638,-0.000890567142,2025-11-18T09:05:34.955613
2,639,1639,-0.000890649505,2025-11-18T09:05:34.955613
2,640,1640,-0.000890682451,2025-11-18T09:05:34.955613
2,641,1641,-0.00089058245,2025-11-18T09:05:34.955613
2,642,1642,-0.000890475988,2025-11-18T09:05:34.955613
2,643,1643,-0.000890368595,2025-11-18T09:05:34.955613
2,644,1644,-0.000890512776,2025-11-18T09:05:34.955613
2,645,1645,-0.000890535244,2025-11-18T09:05:34.955613
2,646,1646,-0.000890337221,2025-11-18T09:05:34.955613
2,647,1647,-0.000890253402,2025-11-18T09:05:34.955613
2,648,1648,-0.00089032913,2025-11-18T09:05:34.955613
2,649,1649,-0.000890450668,2025-11-18T09:05:34.955613
2,650,1650,-0.00089047692,2025-11-18T09:05:34.955613
2,651,1651,-0.000890348688,2025-11-18T09:05:34.955613
2,652,1652,-0.00089049089,2025-11-18T09:05:34.955613
2,653,1653,-0.000890503113,2025-11-18T09:05:34.955613
2,654,1654,-0.000890633789,2025-11-18T09:05:34.955613
2,655,1655,-0.000890576338,2025-11-18T09:05:34.955613
2,656,1656,-0.00089050905,2025-11-18T09:05:34.955613
2,657,1657,-0.000890590075,2025-11-18T09:05:34.955613
2,658,1658,-0.000890570809,2025-11-18T09:05:34.955613
2,659,1659,-0.000890615221,2025-11-18T09:05:34.955613
2,660,1660,-0.000890534487,2025-11-18T09:05:34.955613
2,661,1661,-0.000890644965,2025-11-18T09:05:34.955613
2,662,1662,-0.000890620634,2025-11-18T09:05:34.955613
2,663,1663,-0.000890543509,2025-11-18T09:05:34.955613
2,664,1664,-0.000890520226,2025-11-18T09:05:34.955613
2,665,1665,-0.000890500028,2025-11-18T09:05:34.955613
2,666,1666,-0.000890663359,2025-11-18T09:05:34.955613
2,667,1667,-0.000890647992,2025-11-18T09:05:34.955613
2,668,1668,-0.000890533556,2025-11-18T09:05:34.955613
2,669,1669,-0.00089073088,2025-11-18T09:05:34.955613
2,670,1670,-0.000890601426,2025-11-18T09:05:34.955613
2,671,1671,-0.000890618714,2025-11-18T09:05:34.955613
2,672,1672,-0.000890656898,2025-11-18T09:05:34.955613
2,673,1673,-0.000890462193,2025-11-18T09:05:34.955613
2,674,1674,-0.00089047983,2025-11-18T09:05:34.955613
2,675,1675,-0.000890405033,2025-11-18T09:05:34.955613
2,676,1676,-0.000890433264,2025-11-18T09:05:34.955613
2,677,1677,-0.000890527735,2025-11-18T09:05:34.955613
2,678,1678,-0.000890363065,2025-11-18T09:05:34.955613
2,679,1679,-0.000890549563,2025-11-18T09:05:34.955613
2,680,1680,-0.000890387338,2025-11-18T09:05:34.955613
2,681,1681,-0.000890476279,2025-11-18T09:05:34.955613
2,682,1682,-0.000890358758,2025-11-18T09:05:34.955613
2,683,1683,-0.000890190131,2025-11-18T09:05:34.955613
2,684,1684,-0.000890375929,2025-11-18T09:05:34.955613
2,685,1685,-0.000890299037,2025-11-18T09:05:34.955613
2,686,1686,-0.000890321447,2025-11-18T09:05:34.955613
2,687,1687,-0.000890382681,2025-11-18T09:05:34.955613
2,688,1688,-0.000890402647,2025-11-18T09:05:34.955613
2,689,1689,-0.000890187511,2025-11-18T09:05:34.955613
2,690,1690,-0.000890180061,2025-11-18T09:05:34.955613
2,691,1691,-0.000890304858,2025-11-18T09:05:34.955613
2,692,1692,-0.000890155672,2025-11-18T09:05:34.955613
2,693,1693,-0.000890259514,2025-11-18T09:05:34.955613
2,694,1694,-0.000890381576,2025-11-18T09:05:34.955613
2,695,1695,-0.000890258408,2025-11-18T09:05:34.955613
2,696,1696,-0.000890210387,2025-11-18T09:05:34.955613
2,697,1697,-0.000890187046,2025-11-18T09:05:34.955613
2,698,1698,-0.000890113704,2025-11-18T09:05:34.955613
2,699,1699,-0.000890194438,2025-11-18T09:05:34.955613
2,700,1700,-0.000890232739,2025-11-18T09:05:34.955613
2,701,1701,-0.000890188734,2025-11-18T09:05:34.955613
2,702,1702,-0.000890125462,2025-11-18T09:05:34.955613
2,703,1703,-0.000890143855,2025-11-18T09:05:34.955613
2,704,1704,-0.000890141876,2025-11-18T09:05:34.955613
2,705,1705,-0.000890234892,2025-11-18T09:05:34.955613
2,706,1706,-0.000890157476,2025-11-18T09:05:34.955613
2,707,1707,-0.000890286639,2025-11-18T09:05:34.955613
2,708,1708,-0.000890103867,2025-11-18T09:05:34.955613
2,709,1709,-0.000890131806,2025-11-18T09:05:34.955613
2,710,1710,-0.000890190422,2025-11-18T09:05:34.955613
2,711,1711,-0.000890210387,2025-11-18T09:05:34.955613
2,712,1712,-0.000890063762,2025-11-18T09:05:34.955613
2,713,1713,-0.000890190422,2025-11-18T09:05:34.955613
2,714,1714,-0.000890193216,2025-11-18T09:05:34.955613
2,715,1715,-0.00089015701,2025-11-18T09:05:34.955613
2,716,1716,-0.000890075054,2025-11-18T09:05:34.955613
2,717,1717,-0.000890278955,2025-11-18T09:05:34.955613
2,718,1718,-0.000890215276,2025-11-18T09:05:34.955613
2,719,1719,-0.000890088558,2025-11-18T09:05:34.955613
2,720,1720,-0.000890194263,2025-11-18T09:05:34.955613
2,721,1721,-0.000890125636,2025-11-18T09:05:34.955613
2,722,1722,-0.000890229537,2025-11-18T09:05:34.955613
2,723,1723,-0.000890115799,2025-11-18T09:05:34.955613
2,724,1724,-0.000890194263,2025-11-18T09:05:34.955613
2,725,1725,-0.000890298862,2025-11-18T09:05:34.955613
2,726,1726,-0.000890225172,2025-11-18T09:05:34.955613
2,727,1727,-0.000890132389,2025-11-18T09:05:34.955613
2,728,1728,-0.000890250958,2025-11-18T09:05:34.955613
2,729,1729,-0.000890298571,2025-11-18T09:05:34.955613
2,730,1730,-0.000890108291,2025-11-18T09:05:34.955613
2,731,1731,-0.000890125171,2025-11-18T09:05:34.955613
2,732,1732,-0.000890180352,2025-11-18T09:05:34.955613
2,733,1733,-0.000890077964,2025-11-18T09:05:34.955613
2,734,1734,-0.000890280061,2025-11-18T09:05:34.955613
2,735,1735,-0.000890374882,2025-11-18T09:05:34.955613
2,736,1736,-0.000890387629,2025-11-18T09:05:34.955613
2,737,1737,-0.000890394148,2025-11-18T09:05:34.955613
2,738,1738,-0.00089037884,2025-11-18T09:05:34.955613
2,739,1739,-0.000890328898,2025-11-18T09:05:34.955613
2,740,1740,-0.000889956194,2025-11-18T09:05:34.955613
2,741,1741,-0.000889947987,2025-11-18T09:05:34.955613
2,742,1742,-0.000890055147,2025-11-18T09:05:34.955613
2,743,1743,-0.000889744958,2025-11-18T09:05:34.955613
2,744,1744,-0.000889934133,2025-11-18T09:05:34.955613
2,745,1745,-0.000889920978,2025-11-18T09:05:34.955613
2,746,1746,-0.000889878429,2025-11-18T09:05:34.955613
2,747,1747,-0.000890014111,2025-11-18T09:05:34.955613
2,748,1748,-0.000890122435,2025-11-18T09:05:34.955613
2,749,1749,-0.000889920978,2025-11-18T09:05:34.955613
2,750,1750,-0.00088999269,2025-11-18T09:05:34.955613
2,751,1751,-0.00089009176,2025-11-18T09:05:34.955613
2,752,1752,-0.000890102935,2025-11-18T09:05:34.955613
2,753,1753,-0.000890023482,2025-11-18T09:05:34.955613
2,754,1754,-0.000890203809,2025-11-18T09:05:34.955613
2,755,1755,-0.000890047987,2025-11-18T09:05:34.955613
2,756,1756,-0.000890122551,2025-11-18T09:05:34.955613
2,757,1757,-0.000890194729,2025-11-18T09:05:34.955613
2,758,1758,-0.000889940303,2025-11-18T09:05:34.955613
2,759,1759,-0.00088996574,2025-11-18T09:05:34.955613
2,760,1760,-0.000889983144,2025-11-18T09:05:34.955613
2,761,1761,-0.00088983291,2025-11-18T09:05:34.955613
2,762,1762,-0.000889831804,2025-11-18T09:05:34.955613
2,763,1763,-0.000889971503,2025-11-18T09:05:34.955613
2,764,1764,-0.000889942573,2025-11-18T09:05:34.955613
2,765,1765,-0.000890023889,2025-11-18T09:05:34.955613
2,766,1766,-0.000889734074,2025-11-18T09:05:34.955613
2,767,1767,-0.000889971095,2025-11-18T09:05:34.955613
2,768,1768,-0.000889800605,2025-11-18T09:05:34.955613
2,769,1769,-0.000889530987,2025-11-18T09:05:34.955613
2,770,1770,-0.000889533606,2025-11-18T09:05:34.955613
2,771,1771,-0.000889570626,2025-11-18T09:05:34.955613
2,772,1772,-0.000889394956,2025-11-18T09:05:34.955613
2,773,1773,-0.000889577553,2025-11-18T09:05:34.955613
2,774,1774,-0.000889473827,2025-11-18T09:05:34.955613
2,775,1775,-0.00088959292,2025-11-18T09:05:34.955613
2,776,1776,-0.000889696588,2025-11-18T09:05:34.955613
2,777,1777,-0.000889688148,2025-11-18T09:05:34.955613
2,778,1778,-0.000889763818,2025-11-18T09:05:34.955613
2,779,1779,-0.000889565795,2025-11-18T09:05:34.955613
2,780,1780,-0.000889484595,2025-11-18T09:05:34.955613
2,781,1781,-0.000889577437,2025-11-18T09:05:34.955613
2,782,1782,-0.000889697636,2025-11-18T09:05:34.955613
2,783,1783,-0.000889617658,2025-11-18T09:05:34.955613
2,784,1784,-0.000889604794,2025-11-18T09:05:34.955613
2,785,1785,-0.000889619812,2025-11-18T09:05:34.955613
2,786,1786,-0.000889658113,2025-11-18T09:05:34.955613
2,787,1787,-0.000889510614,2025-11-18T09:05:34.955613
2,788,1788,-0.000889549497,2025-11-18T09:05:34.955613
2,789,1789,-0.000889423128,2025-11-18T09:05:34.955613
2,790,1790,-0.000889522838,2025-11-18T09:05:34.955613
2,791,1791,-0.000889241055,2025-11-18T09:05:34.955613
2,792,1792,-0.000889351882,2025-11-18T09:05:34.955613
2,793,1793,-0.000889260496,2025-11-18T09:05:34.955613
2,794,1794,-0.000889044604,2025-11-18T09:05:34.955613
2,795,1795,-0.000889044953,2025-11-18T09:05:34.955613
2,796,1796,-0.00088904245,2025-11-18T09:05:34.955613
2,797,1797,-0.000888878246,2025-11-18T09:05:34.955613
2,798,1798,-0.000888669223,2025-11-18T09:05:34.955613
2,799,1799,-0.000888382608,2025-11-18T09:05:34.955613
2,800,1800,-0.000888734473,2025-11-18T09:05:34.955613
2,801,1801,-0.000888604728,2025-11-18T09:05:34.955613
2,802,1802,-0.000888705952,2025-11-18T09:05:34.955613
2,803,1803,-0.000888869864,2025-11-18T09:05:34.955613
2,804,1804,-0.000888744369,2025-11-18T09:05:34.955613
2,805,1805,-0.000888813287,2025-11-18T09:05:34.955613
2,806,1806,-0.000888776092,2025-11-18T09:05:34.955613
2,807,1807,-0.000888893089,2025-11-18T09:05:34.955613
2,808,1808,-0.000888903508,2025-11-18T09:05:34.955613
2,809,1809,-0.000888607173,2025-11-18T09:05:34.955613
2,810,1810,-0.000888698734,2025-11-18T09:05:34.955613
2,811,1811,-0.0008886563,2025-11-18T09:05:34.955613
2,812,1812,-0.000888726324,2025-11-18T09:05:34.955613
2,813,1813,-0.000888786045,2025-11-18T09:05:34.955613
2,814,1814,-0.000889071903,2025-11-18T09:05:34.955613
2,815,1815,-0.000888734241,2025-11-18T09:05:34.955613
2,816,1816,-0.000888513401,2025-11-18T09:05:34.955613
2,817,1817,-0.000888364505,2025-11-18T09:05:34.955613
2,818,1818,-0.000888657581,2025-11-18T09:05:34.955613
2,819,1819,-0.000888426671,2025-11-18T09:05:34.955613
2,820,1820,-0.000888737326,2025-11-18T09:05:34.955613
2,821,1821,-0.000888747163,2025-11-18T09:05:34.955613
2,822,1822,-0.000888664915,2025-11-18T09:05:34.955613
2,823,1823,-0.000888499256,2025-11-18T09:05:34.955613
2,824,1824,-0.000888762937,2025-11-18T09:05:34.955613
2,825,1825,-0.000888704147,2025-11-18T09:05:34.955613
2,826,1826,-0.000888618757,2025-11-18T09:05:34.955613
2,827,1827,-0.000888742099,2025-11-18T09:05:34.955613
2,828,1828,-0.000888864684,2025-11-18T09:05:34.955613
2,829,1829,-0.0008888265,2025-11-18T09:05:34.955613
2,830,1830,-0.000888819282,2025-11-18T09:05:34.955613
2,831,1831,-0.000888845068,2025-11-18T09:05:34.955613
2,832,1832,-0.000888673006,2025-11-18T09:05:34.955613
2,833,1833,-0.000888995127,2025-11-18T09:05:34.955613
2,834,1834,-0.000888948736,2025-11-18T09:05:34.955613
2,835,1835,-0.00088904926,2025-11-18T09:05:34.955613
2,836,1836,-0.000889103102,2025-11-18T09:05:34.955613
2,837,1837,-0.000889051822,2025-11-18T09:05:34.955613
2,838,1838,-0.000888960086,2025-11-18T09:05:34.955613
2,839,1839,-0.000889027898,2025-11-18T09:05:34.955613
2,840,1840,-0.000889003858,2025-11-18T09:05:34.955613
2,841,1841,-0.000889165035,2025-11-18T09:05:34.955613
2,842,1842,-0.000889001588,2025-11-18T09:05:34.955613
2,843,1843,-0.000889155257,2025-11-18T09:05:34.955613
2,844,1844,-0.000889107177,2025-11-18T09:05:34.955613
2,845,1845,-0.000889027665,2025-11-18T09:05:34.955613
2,846,1846,-0.000888998387,2025-11-18T09:05:34.955613
2,847,1847,-0.000889050133,2025-11-18T09:05:34.955613
2,848,1848,-0.000888827547,2025-11-18T09:05:34.955613
2,849,1849,-0.000888915674,2025-11-18T09:05:34.955613
2,850,1850,-0.000889008457,2025-11-18T09:05:34.955613
2,851,1851,-0.000889014336,2025-11-18T09:05:34.955613
2,852,1852,-0.000889034534,2025-11-18T09:05:34.955613
2,853,1853,-0.000889078597,2025-11-18T09:05:34.955613
2,854,1854,-0.000888986454,2025-11-18T09:05:34.955613
2,855,1855,-0.000888809154,2025-11-18T09:05:34.955613
2,856,1856,-0.000888916896,2025-11-18T09:05:34.955613
2,857,1857,-0.000889001588,2025-11-18T09:05:34.955613
2,858,1858,-0.000889384071,2025-11-18T09:05:34.955613
2,859,1859,-0.0008891467,2025-11-18T09:05:34.955613
2,860,1860,-0.000889289251,2025-11-18T09:05:34.955613
2,861,1861,-0.000889214861,2025-11-18T09:05:34.955613
2,862,1862,-0.000889293383,2025-11-18T09:05:34.955613
2,863,1863,-0.000889364629,2025-11-18T09:05:34.955613
2,864,1864,-0.000889411778,2025-11-18T09:05:34.955613
2,865,1865,-0.000889247923,2025-11-18T09:05:34.955613
2,866,1866,-0.000889559509,2025-11-18T09:05:34.955613
2,867,1867,-0.000889254675,2025-11-18T09:05:34.955613
2,868,1868,-0.000889440125,2025-11-18T09:05:34.955613
2,869,1869,-0.000889241753,2025-11-18T09:05:34.955613
2,870,1870,-0.00088920712,2025-11-18T09:05:34.955613
2,871,1871,-0.000889215443,2025-11-18T09:05:34.955613
2,872,1872,-0.000889358809,2025-11-18T09:05:34.955613
2,873,1873,-0.000889304734,2025-11-18T09:05:34.955613
2,874,1874,-0.000889133953,2025-11-18T09:05:34.955613
2,875,1875,-0.000889230403,2025-11-18T09:05:34.955613
2,876,1876,-0.000889302114,2025-11-18T09:05:34.955613
2,877,1877,-0.00088921847,2025-11-18T09:05:34.955613
2,878,1878,-0.00088918308,2025-11-18T09:05:34.955613
2,879,1879,-0.000889239483,2025-11-18T09:05:34.955613
2,880,1880,-0.00088919216,2025-11-18T09:05:34.955613
2,881,1881,-0.000889213639,2025-11-18T09:05:34.955613
2,882,1882,-0.000889376096,2025-11-18T09:05:34.955613
2,883,1883,-0.000889258808,2025-11-18T09:05:34.955613
2,884,1884,-0.000889365735,2025-11-18T09:05:34.955613
2,885,1885,-0.000889433547,2025-11-18T09:05:34.955613
2,886,1886,-0.000889135175,2025-11-18T09:05:34.955613
2,887,1887,-0.00088915386,2025-11-18T09:05:34.955613
2,888,1888,-0.000889204442,2025-11-18T09:05:34.955613
2,889,1889,-0.00088929187,2025-11-18T09:05:34.955613
2,890,1890,-0.000889336632,2025-11-18T09:05:34.955613
2,891,1891,-0.000889260962,2025-11-18T09:05:34.955613
2,892,1892,-0.000889231683,2025-11-18T09:05:34.955613
2,893,1893,-0.000889155373,2025-11-18T09:05:34.955613
2,894,1894,-0.000889250368,2025-11-18T09:05:34.955613
2,895,1895,-0.000889205606,2025-11-18T09:05:34.955613
2,896,1896,-0.000889372895,2025-11-18T09:05:34.955613
2,897,1897,-0.000889359856,2025-11-18T09:05:34.955613
2,898,1898,-0.000889280578,2025-11-18T09:05:34.955613
2,899,1899,-0.0008893669,2025-11-18T09:05:34.955613
2,900,1900,-0.000889292918,2025-11-18T09:05:34.955613
2,901,1901,-0.00088942988,2025-11-18T09:05:34.955613
2,902,1902,-0.000889591523,2025-11-18T09:05:34.955613
2,903,1903,-0.000889314105,2025-11-18T09:05:34.955613
2,904,1904,-0.00088941981,2025-11-18T09:05:34.955613
2,905,1905,-0.00088934414,2025-11-18T09:05:34.955613
2,906,1906,-0.00088917528,2025-11-18T09:05:34.955613
2,907,1907,-0.000889157177,2025-11-18T09:05:34.955613
2,908,1908,-0.000889041868,2025-11-18T09:05:34.955613
2,909,1909,-0.000889096758,2025-11-18T09:05:34.955613
2,910,1910,-0.000889096234,2025-11-18T09:05:34.955613
2,911,1911,-0.000889157352,2025-11-18T09:05:34.955613
2,912,1912,-0.000889184768,2025-11-18T09:05:34.955613
2,913,1913,-0.000889127317,2025-11-18T09:05:34.955613
2,914,1914,-0.000889141112,2025-11-18T09:05:34.955613
2,915,1915,-0.000888910028,2025-11-18T09:05:34.955613
2,916,1916,-0.000889047689,2025-11-18T09:05:34.955613
2,917,1917,-0.00088890508,2025-11-18T09:05:34.955613
2,918,1918,-0.000888881622,2025-11-18T09:05:34.955613
2,919,1919,-0.000888971902,2025-11-18T09:05:34.955613
2,920,1920,-0.000889033486,2025-11-18T09:05:34.955613
2,921,1921,-0.000888993497,2025-11-18T09:05:34.955613
2,922,1922,-0.000888968701,2025-11-18T09:05:34.955613
2,923,1923,-0.000889088318,2025-11-18T09:05:34.955613
2,924,1924,-0.000889055081,2025-11-18T09:05:34.955613
2,925,1925,-0.000889105314,2025-11-18T09:05:34.955613
2,926,1926,-0.000888943031,2025-11-18T09:05:34.955613
2,927,1927,-0.000888997572,2025-11-18T09:05:34.955613
2,928,1928,-0.000888749025,2025-11-18T09:05:34.955613
2,929,1929,-0.000888758804,2025-11-18T09:05:34.955613
2,930,1930,-0.000888608803,2025-11-18T09:05:34.955613
2,931,1931,-0.000888175796,2025-11-18T09:05:34.955613
2,932,1932,-0.000887718109,2025-11-18T09:05:34.955613
2,933,1933,-0.000888151465,2025-11-18T09:05:34.955613
2,934,1934,-0.000888103677,2025-11-18T09:05:34.955613
2,935,1935,-0.000888080685,2025-11-18T09:05:34.955613
2,936,1936,-0.00088804576,2025-11-18T09:05:34.955613
2,937,1937,-0.000888125796,2025-11-18T09:05:34.955613
2,938,1938,-0.000887899892,2025-11-18T09:05:34.955613
2,939,1939,-0.000888005015,2025-11-18T09:05:34.955613
2,940,1940,-0.000887983187,2025-11-18T09:05:34.955613
2,941,1941,-0.000888095702,2025-11-18T09:05:34.955613
2,942,1942,-0.000888013222,2025-11-18T09:05:34.955613
2,943,1943,-0.00088803214,2025-11-18T09:05:34.955613
2,944,1944,-0.000888188311,2025-11-18T09:05:34.955613
2,945,1945,-0.000887974631,2025-11-18T09:05:34.955613
2,946,1946,-0.000887889764,2025-11-18T09:05:34.955613
2,947,1947,-0.000887901755,2025-11-18T09:05:34.955613
2,948,1948,-0.000887821952,2025-11-18T09:05:34.955613
2,949,1949,-0.000888036214,2025-11-18T09:05:34.955613
2,950,1950,-0.000887908972,2025-11-18T09:05:34.955613
2,951,1951,-0.000887953035,2025-11-18T09:05:34.955613
2,952,1952,-0.000887853035,2025-11-18T09:05:34.955613
2,953,1953,-0.000887959497,2025-11-18T09:05:34.955613
2,954,1954,-0.000887776142,2025-11-18T09:05:34.955613
2,955,1955,-0.000887956761,2025-11-18T09:05:34.955613
2,956,1956,-0.000888004782,2025-11-18T09:05:34.955613
2,957,1957,-0.000887665839,2025-11-18T09:05:34.955613
2,958,1958,-0.000887703499,2025-11-18T09:05:34.955613
2,959,1959,-0.000887685164,2025-11-18T09:05:34.955613
2,960,1960,-0.000887722475,2025-11-18T09:05:34.955613
2,961,1961,-0.00088761514,2025-11-18T09:05:34.955613
2,962,1962,-0.000887747504,2025-11-18T09:05:34.955613
2,963,1963,-0.00088780903,2025-11-18T09:05:34.955613
2,964,1964,-0.000887843954,2025-11-18T09:05:34.955613
2,965,1965,-0.000887669622,2025-11-18T09:05:34.955613
2,966,1966,-0.000887826259,2025-11-18T09:05:34.955613
2,967,1967,-0.000887623522,2025-11-18T09:05:34.955613
2,968,1968,-0.000887647329,2025-11-18T09:05:34.955613
2,969,1969,-0.000887760019,2025-11-18T09:05:34.955613
2,970,1970,-0.000887858099,2025-11-18T09:05:34.955613
2,971,1971,-0.000887700472,2025-11-18T09:05:34.955613
2,972,1972,-0.000887540343,2025-11-18T09:05:34.955613
2,973,1973,-0.00088769634,2025-11-18T09:05:34.955613
2,974,1974,-0.000887545698,2025-11-18T09:05:34.955613
2,975,1975,-0.000887494534,2025-11-18T09:05:34.955613
2,976,1976,-0.000887527537,2025-11-18T09:05:34.955613
2,977,1977,-0.000887862639,2025-11-18T09:05:34.955613
2,978,1978,-0.000887573289,2025-11-18T09:05:34.955613
2,979,1979,-0.000887653848,2025-11-18T09:05:34.955613
2,980,1980,-0.000887623056,2025-11-18T09:05:34.955613
2,981,1981,-0.000887485512,2025-11-18T09:05:34.955613
2,982,1982,-0.000887556758,2025-11-18T09:05:34.955613
2,983,1983,-0.00088739657,2025-11-18T09:05:34.955613
2,984,1984,-0.00088732317,2025-11-18T09:05:34.955613
2,985,1985,-0.000887343427,2025-11-18T09:05:34.955613
2,986,1986,-0.000887159374,2025-11-18T09:05:34.955613
2,987,1987,-0.000887381378,2025-11-18T09:05:34.955613
2,988,1988,-0.000887332542,2025-11-18T09:05:34.955613
2,989,1989,-0.000887147034,2025-11-18T09:05:34.955613
2,990,1990,-0.000887443544,2025-11-18T09:05:34.955613
2,991,1991,-0.000887391623,2025-11-18T09:05:34.955613
2,992,1992,-0.000887303205,2025-11-18T09:05:34.955613
2,993,1993,-0.000887107977,2025-11-18T09:05:34.955613
2,994,1994,-0.000887149304,2025-11-18T09:05:34.955613
2,995,1995,-0.000886995636,2025-11-18T09:05:34.955613
2,996,1996,-0.000886737718,2025-11-18T09:05:34.955613
2,997,1997,-0.000886642024,2025-11-18T09:05:34.955613
2,998,1998,-0.000886496913,2025-11-18T09:05:34.955613
2,999,1999,-0.000887159898,2025-11-18T09:05:34.955613
2,1000,2000,-0.000886912399,2025-11-18T09:05:34.955613
