Timestamp,Sample,Ciclo,Fase,TIVA Voltage (V),KEITHLEY Voltage (V),TIVA Temp (C),Alicat Presion (kPA),Alicat Setpoint (kPA),Setpoint Enviado (kPA)
09:50:48,1,1,subida,-1.713416,-1.712174,5.728052,0.0,0.001,0.0
09:50:48,2,1,subida,-1.713416,-1.712165,5.728693,0.0,0.001,0.0
09:50:48,3,1,subida,-1.713415,-1.712174,5.728693,0.0,0.001,0.0
09:50:48,4,1,subida,-1.713415,-1.712168,5.727228,0.0,0.001,0.0
09:50:48,5,1,subida,-1.713414,-1.712177,5.727228,0.0,0.001,0.0
09:50:48,6,1,subida,-1.713418,-1.712155,5.726709,0.0,0.001,0.0
09:50:48,7,1,subida,-1.713419,-1.712170,5.726709,0.0,0.001,0.0
09:50:48,8,1,subida,-1.713415,-1.712180,5.727869,0.0,0.001,0.0
09:50:48,9,1,subida,-1.713414,-1.712153,5.727869,0.0,0.001,0.0
09:50:48,10,1,subida,-1.713417,-1.712200,5.726678,0.0,0.001,0.0
09:50:48,11,1,subida,-1.713417,-1.712176,5.726678,0.0,0.001,0.0
09:50:48,12,1,subida,-1.713419,-1.712176,5.729242,0.0,0.001,0.0
09:50:48,13,1,subida,-1.713422,-1.712152,5.727930,0.001,0.0,0.0
09:50:48,14,1,subida,-1.713420,-1.712174,5.727930,0.0,0.001,0.0
09:50:48,15,1,subida,-1.713419,-1.712164,5.727472,0.001,0.0,0.0
09:50:48,16,1,subida,-1.713420,-1.712157,5.727472,0.0,0.001,0.0
09:50:48,17,1,subida,-1.713420,-1.712160,5.728754,0.001,0.0,0.0
09:50:48,18,1,subida,-1.713419,-1.712175,5.728754,0.0,0.001,0.0
09:50:49,19,1,subida,-1.713417,-1.712160,5.729181,0.0,0.001,0.0
09:50:49,20,1,subida,-1.713419,-1.712178,5.729181,0.001,0.0,0.0
09:50:49,23,1,subida,-1.713423,-1.712180,5.729486,0.0,0.001,0.0
09:50:49,24,1,subida,-1.713424,-1.712187,5.726617,0.0,0.001,0.0
09:50:49,25,1,subida,-1.713420,-1.712200,5.726617,0.0,0.001,0.0
09:50:49,26,1,subida,-1.713424,-1.712187,5.727411,0.0,0.001,0.0
09:50:49,27,1,subida,-1.713426,-1.712184,5.727411,0.0,0.001,0.0
09:50:49,28,1,subida,-1.713422,-1.712184,5.729181,0.0,0.001,0.0
09:50:49,29,1,subida,-1.713423,-1.712216,5.729181,0.0,0.001,0.0
09:50:49,30,1,subida,-1.713421,-1.712197,5.727075,0.0,0.001,0.0
09:50:49,31,1,subida,-1.713418,-1.712191,5.727075,0.0,0.001,0.0
09:50:49,32,1,subida,-1.713418,-1.712193,5.727472,0.0,0.001,0.0
09:50:50,33,1,subida,-1.713420,-1.712208,5.727472,0.0,0.001,0.0
09:50:50,34,1,subida,-1.713420,-1.712193,5.728326,0.0,0.001,0.0
09:50:50,35,1,subida,-1.713417,-1.712200,5.728326,0.0,0.001,0.0
09:50:50,36,1,subida,-1.713418,-1.712216,5.727045,0.0,0.001,0.0
09:50:50,37,1,subida,-1.713419,-1.712218,5.727350,0.0,0.001,0.0
09:50:50,38,1,subida,-1.713420,-1.712220,5.727350,0.0,0.001,0.0
09:50:50,39,1,subida,-1.713423,-1.712193,5.727106,0.0,0.001,0.0
09:50:50,40,1,subida,-1.713420,-1.712222,5.727106,0.0,0.001,0.0
09:50:50,41,1,subida,-1.713420,-1.712199,5.730707,0.0,0.001,0.0
09:50:50,42,1,subida,-1.713424,-1.712207,5.730707,0.0,0.001,0.0
09:50:50,43,1,subida,-1.713427,-1.712217,5.729608,0.0,0.001,0.0
09:50:50,44,1,subida,-1.713429,-1.712237,5.729608,0.0,0.001,0.0
09:50:50,45,1,subida,-1.713429,-1.712231,5.727960,0.0,0.001,0.0
09:50:50,46,1,subida,-1.713433,-1.712215,5.727960,0.0,0.001,0.0
09:50:50,47,1,subida,-1.713434,-1.712222,5.728723,0.0,0.001,0.0
09:50:51,48,1,subida,-1.713434,-1.712216,5.728723,0.0,0.001,0.0
09:50:51,49,1,subida,-1.713440,-1.712221,5.726678,0.0,0.001,0.0
09:50:51,50,1,subida,-1.713443,-1.712202,5.726678,0.0,0.001,0.0
09:50:51,51,1,subida,-1.713444,-1.712212,5.727441,0.0,0.001,0.0
09:50:51,52,1,subida,-1.713446,-1.712215,5.727441,0.0,0.001,0.0
09:50:51,53,1,subida,-1.713448,-1.712214,5.728326,0.0,0.001,0.0
09:50:51,54,1,subida,-1.713455,-1.712215,5.728326,0.0,0.001,0.0
09:50:51,55,1,subida,-1.713458,-1.712214,5.728174,0.0,0.001,0.0
09:50:51,56,1,subida,-1.713457,-1.712214,5.728174,0.0,0.001,0.0
09:50:51,57,1,subida,-1.713456,-1.712216,5.727930,0.0,0.001,0.0
09:50:51,58,1,subida,-1.713456,-1.712208,5.727930,0.0,0.001,0.0
09:50:51,59,1,subida,-1.713456,-1.712225,5.727624,0.0,0.001,0.0
09:50:51,60,1,subida,-1.713455,-1.712214,5.726800,0.0,0.001,0.0
09:50:51,61,1,subida,-1.713458,-1.712219,5.726800,0.0,0.001,0.0
09:50:51,62,1,subida,-1.713461,-1.712207,5.725946,0.0,0.001,0.0
09:50:51,63,1,subida,-1.713462,-1.712211,5.725946,0.0,0.001,0.0
09:50:52,64,1,subida,-1.713464,-1.712223,5.728754,0.001,0.0,0.0
09:50:52,65,1,subida,-1.713467,-1.712204,5.728754,0.001,0.0,0.0
09:50:52,66,1,subida,-1.713466,-1.712213,5.728052,0.0,0.001,0.0
09:50:52,67,1,subida,-1.713461,-1.712217,5.728052,0.0,0.001,0.0
09:50:52,68,1,subida,-1.713460,-1.712221,5.729486,0.0,0.001,0.0
09:50:52,69,1,subida,-1.713459,-1.712220,5.729486,0.001,0.0,0.0
09:50:52,70,1,subida,-1.713458,-1.712211,5.728357,0.0,0.001,0.0
09:50:52,71,1,subida,-1.713461,-1.712234,5.728357,0.0,0.001,0.0
09:50:52,72,1,subida,-1.713460,-1.712216,5.727350,0.0,0.001,0.0
09:50:52,73,1,subida,-1.713456,-1.712215,5.727350,0.0,0.001,0.0
09:50:52,74,1,subida,-1.713455,-1.712218,5.726404,0.0,0.001,0.0
09:50:52,75,1,subida,-1.713456,-1.712194,5.726404,0.0,0.001,0.0
09:50:52,76,1,subida,-1.713458,-1.712203,5.728357,0.0,0.002,0.0
09:50:52,77,1,subida,-1.713458,-1.712206,5.728357,0.0,0.001,0.0
09:50:52,78,1,subida,-1.713457,-1.712230,5.728387,0.0,0.002,0.0
09:50:52,79,1,subida,-1.713454,-1.712226,5.728387,0.0,0.001,0.0
09:50:53,80,1,subida,-1.713456,-1.712216,5.727869,0.0,0.001,0.0
09:50:53,81,1,subida,-1.713458,-1.712203,5.726678,0.0,0.001,0.0
09:50:53,82,1,subida,-1.713459,-1.712210,5.726678,0.0,0.001,0.0
09:50:53,83,1,subida,-1.713457,-1.712186,5.727563,0.0,0.001,0.0
09:50:53,84,1,subida,-1.713456,-1.712199,5.727563,0.0,0.001,0.0
09:50:53,85,1,subida,-1.713456,-1.712194,5.728754,0.0,0.001,0.0
09:50:53,86,1,subida,-1.713455,-1.712196,5.728754,0.0,0.001,0.0
09:50:53,87,1,subida,-1.713456,-1.712220,5.729150,0.0,0.001,0.0
09:50:53,88,1,subida,-1.713454,-1.712216,5.729150,0.0,0.001,0.0
09:50:53,89,1,subida,-1.713451,-1.712203,5.728876,0.0,0.001,0.0
09:50:53,90,1,subida,-1.713452,-1.712188,5.728876,0.0,0.001,0.0
09:50:53,91,1,subida,-1.713453,-1.712198,5.728967,0.0,0.001,0.0
09:50:53,92,1,subida,-1.713456,-1.712198,5.728967,0.0,0.001,0.0
09:50:53,93,1,subida,-1.713458,-1.712196,5.727014,0.0,0.001,0.0
09:50:53,94,1,subida,-1.713455,-1.712191,5.727014,0.0,0.001,0.0
09:50:53,95,1,subida,-1.713454,-1.712171,5.727045,0.0,0.001,0.0
09:50:53,96,1,subida,-1.713454,-1.712221,5.727045,0.0,0.001,0.0
09:50:53,97,1,subida,-1.713455,-1.712178,5.727319,0.0,0.001,0.0
09:50:53,98,1,subida,-1.713456,-1.712205,5.727319,0.0,0.001,0.0
09:50:53,99,1,subida,-1.713456,-1.712190,5.728113,0.0,0.001,0.0
09:50:53,100,1,subida,-1.713457,-1.712210,5.728113,0.0,0.001,0.0
09:50:54,101,1,subida,-1.713457,-1.712179,5.728082,0.0,0.001,0.0
09:50:54,102,1,subida,-1.713459,-1.712204,5.728082,0.0,0.001,0.0
09:50:54,103,1,subida,-1.713459,-1.712200,5.727777,0.0,0.001,0.0
09:50:54,104,1,subida,-1.713458,-1.712188,5.728723,0.0,0.001,0.0
09:50:54,105,1,subida,-1.713459,-1.712207,5.728723,0.0,0.001,0.0
09:50:54,106,1,subida,-1.713461,-1.712188,5.728387,0.0,0.001,0.0
09:50:54,107,1,subida,-1.713457,-1.712180,5.728387,0.0,0.001,0.0
09:50:54,108,1,subida,-1.713452,-1.712192,5.726678,0.0,0.001,0.0
09:50:54,109,1,subida,-1.713450,-1.712194,5.726678,0.0,0.001,0.0
09:50:54,110,1,subida,-1.713452,-1.712186,5.727045,0.0,0.001,0.0
09:50:54,111,1,subida,-1.713453,-1.712189,5.727045,0.0,0.001,0.0
09:50:54,112,1,subida,-1.713454,-1.712175,5.728693,0.001,0.0,0.0
09:50:54,113,1,subida,-1.713452,-1.712186,5.728693,0.0,0.001,0.0
09:50:55,114,1,subida,-1.713453,-1.712178,5.727930,0.001,0.0,0.0
09:50:55,115,1,subida,-1.713453,-1.712168,5.727930,0.0,0.001,0.0
09:50:55,116,1,subida,-1.713452,-1.712192,5.728113,0.0,0.001,0.0
09:50:55,117,1,subida,-1.713449,-1.712188,5.728113,0.0,0.001,0.0
09:50:55,118,1,subida,-1.713444,-1.712173,5.726923,0.0,0.001,0.0
09:50:55,119,1,subida,-1.713444,-1.712178,5.726923,0.0,0.001,0.0
09:50:55,120,1,subida,-1.713446,-1.712182,5.725915,0.0,0.001,0.0
09:50:55,121,1,subida,-1.713447,-1.712187,5.725915,0.0,0.001,0.0
09:50:55,122,1,subida,-1.713445,-1.712201,5.725488,0.0,0.001,0.0
09:50:55,123,1,subida,-1.713443,-1.712199,5.725488,0.001,0.0,0.0
09:50:55,124,1,subida,-1.713443,-1.712195,5.727014,0.0,0.001,0.0
09:50:55,125,1,subida,-1.713440,-1.712207,5.727014,0.0,0.001,0.0
09:50:55,126,1,subida,-1.713438,-1.712211,5.727258,0.0,0.001,0.0
09:50:55,127,1,subida,-1.713434,-1.712192,5.728326,0.0,0.001,0.0
09:50:55,128,1,subida,-1.713434,-1.712188,5.728326,0.0,0.001,0.0
09:50:56,129,1,subida,-1.713435,-1.712196,5.727869,0.0,0.001,0.0
09:50:56,130,1,subida,-1.713433,-1.712205,5.727869,0.0,0.001,0.0
09:50:56,131,1,subida,-1.713433,-1.712206,5.727716,0.0,0.001,0.0
09:50:56,132,1,subida,-1.713432,-1.712186,5.727716,0.0,0.001,0.0
09:50:56,133,1,subida,-1.713432,-1.712209,5.728296,0.0,0.001,0.0
09:50:56,134,1,subida,-1.713431,-1.712213,5.728296,0.0,0.001,0.0
09:50:56,135,1,subida,-1.713428,-1.712193,5.728876,0.0,0.001,0.0
09:50:56,136,1,subida,-1.713426,-1.712183,5.728876,0.0,0.001,0.0
09:50:56,137,1,subida,-1.713425,-1.712187,5.727716,0.0,0.001,0.0
09:50:56,138,1,subida,-1.713427,-1.712212,5.727716,0.0,0.001,0.0
09:50:56,139,1,subida,-1.713429,-1.712208,5.728479,0.0,0.001,0.0
09:50:56,140,1,subida,-1.713427,-1.712192,5.728479,0.0,0.001,0.0
09:50:56,141,1,subida,-1.713428,-1.712206,5.727655,0.0,0.001,0.0
09:50:56,142,1,subida,-1.713430,-1.712184,5.727655,0.0,0.001,0.0
09:50:56,143,1,subida,-1.713431,-1.712202,5.727838,0.0,0.001,0.0
09:50:57,144,1,subida,-1.713431,-1.712200,5.727838,0.0,0.001,0.0
09:50:57,147,1,subida,-1.713425,-1.712191,5.728082,0.0,0.001,0.0
09:50:57,148,1,subida,-1.713423,-1.712195,5.726892,0.0,0.001,0.0
09:50:57,149,1,subida,-1.713425,-1.712202,5.726892,0.0,0.001,0.0
09:50:57,150,1,subida,-1.713427,-1.712192,5.728174,0.0,0.001,0.0
09:50:57,151,1,subida,-1.713426,-1.712190,5.728021,0.0,0.001,0.0
09:50:57,152,1,subida,-1.713425,-1.712223,5.728021,0.0,0.001,0.0
09:50:57,153,1,subida,-1.713424,-1.712208,5.727472,0.0,0.001,0.0
09:50:57,154,1,subida,-1.713424,-1.712193,5.727472,0.0,0.001,0.0
09:50:57,155,1,subida,-1.713423,-1.712203,5.727746,0.001,0.0,0.0
09:50:57,156,1,subida,-1.713421,-1.712200,5.727746,0.001,0.0,0.0
09:50:57,157,1,subida,-1.713418,-1.712187,5.728204,0.0,0.001,0.0
09:50:57,158,1,subida,-1.713418,-1.712193,5.728204,0.0,0.001,0.0
09:50:57,159,1,subida,-1.713421,-1.712179,5.728082,0.0,0.001,0.0
09:50:58,160,1,subida,-1.713421,-1.712209,5.728082,0.001,0.0,0.0
09:50:58,161,1,subida,-1.713423,-1.712209,5.728387,0.0,0.001,0.0
09:50:58,162,1,subida,-1.713426,-1.712172,5.728387,0.0,0.001,0.0
09:50:58,163,1,subida,-1.713425,-1.712217,5.727655,0.001,0.0,0.0
09:50:58,164,1,subida,-1.713426,-1.712179,5.727655,0.0,0.001,0.0
09:50:58,165,1,subida,-1.713429,-1.712205,5.727258,0.001,0.0,0.0
09:50:58,166,1,subida,-1.713428,-1.712183,5.727258,0.0,0.001,0.0
09:50:58,167,1,subida,-1.713424,-1.712206,5.727136,0.0,0.001,0.0
09:50:58,168,1,subida,-1.713428,-1.712188,5.727136,0.0,0.001,0.0
09:50:58,169,1,subida,-1.713434,-1.712182,5.727716,0.0,0.001,0.0
09:50:58,170,1,subida,-1.713436,-1.712211,5.727716,0.0,0.001,0.0
09:50:58,171,1,subida,-1.713439,-1.712194,5.728235,0.0,0.001,0.0
09:50:58,172,1,subida,-1.713437,-1.712192,5.727289,0.0,0.001,0.0
09:50:58,173,1,subida,-1.713435,-1.712208,5.727289,0.0,0.001,0.0
09:50:58,174,1,subida,-1.713439,-1.712216,5.727808,0.0,0.001,0.0
09:50:59,175,1,subida,-1.713444,-1.712195,5.727808,0.0,0.001,0.0
09:50:59,176,1,subida,-1.713445,-1.712192,5.726617,0.0,0.001,0.0
09:50:59,177,1,subida,-1.713447,-1.712204,5.726617,0.0,0.001,0.0
09:50:59,178,1,subida,-1.713449,-1.712195,5.728387,0.0,0.001,0.0
09:50:59,179,1,subida,-1.713446,-1.712186,5.728387,0.0,0.001,0.0
09:50:59,180,1,subida,-1.713449,-1.712182,5.727472,0.0,0.001,0.0
09:50:59,181,1,subida,-1.713451,-1.712200,5.727472,0.0,0.001,0.0
09:50:59,182,1,subida,-1.713451,-1.712193,5.729455,0.0,0.001,0.0
09:50:59,183,1,subida,-1.713450,-1.712202,5.729455,0.0,0.001,0.0
09:50:59,184,1,subida,-1.713449,-1.712192,5.727136,0.0,0.001,0.0
09:50:59,185,1,subida,-1.713448,-1.712209,5.727136,0.0,0.001,0.0
09:50:59,186,1,subida,-1.713447,-1.712211,5.727563,0.0,0.001,0.0
09:50:59,187,1,subida,-1.713449,-1.712198,5.727563,0.0,0.001,0.0
09:50:59,188,1,subida,-1.713449,-1.712215,5.728052,0.0,0.001,0.0
09:50:59,189,1,subida,-1.713449,-1.712191,5.728052,0.0,0.001,0.0
09:50:59,190,1,subida,-1.713452,-1.712210,5.726953,0.0,0.001,0.0
09:50:59,191,1,subida,-1.713454,-1.712217,5.726953,0.0,0.001,0.0
09:50:59,192,1,subida,-1.713453,-1.712192,5.728754,0.001,0.0,0.0
09:51:00,193,1,subida,-1.713454,-1.712223,5.728754,0.0,0.001,0.0
09:51:00,194,1,subida,-1.713456,-1.712207,5.728021,0.0,0.001,0.0
09:51:00,195,1,subida,-1.713455,-1.712222,5.727136,0.0,0.001,0.0
09:51:00,196,1,subida,-1.713450,-1.712182,5.727136,0.001,0.0,0.0
09:51:00,197,1,subida,-1.713451,-1.712202,5.727685,0.0,0.001,0.0
09:51:00,198,1,subida,-1.713460,-1.712196,5.727685,0.0,0.001,0.0
09:51:00,199,1,subida,-1.713461,-1.712210,5.728296,0.0,0.001,0.0
09:51:00,200,1,subida,-1.713458,-1.712203,5.728296,0.0,0.001,0.0
09:51:00,201,1,subida,-1.713461,-1.712212,5.727899,0.0,0.001,0.0
09:51:00,202,1,subida,-1.713460,-1.712190,5.727899,0.0,0.001,0.0
09:51:00,203,1,subida,-1.713450,-1.712199,5.727746,0.0,0.001,0.0
09:51:00,204,1,subida,-1.713442,-1.712197,5.727746,0.0,0.001,0.0
09:51:00,205,1,subida,-1.713439,-1.712204,5.729272,0.0,0.001,0.0
09:51:00,206,1,subida,-1.713443,-1.712195,5.729272,0.0,0.001,0.0
09:51:01,207,1,subida,-1.713444,-1.712214,5.728815,0.0,0.001,0.0
09:51:01,208,1,subida,-1.713445,-1.712200,5.728815,0.0,0.001,0.0
09:51:01,209,1,subida,-1.713444,-1.712198,5.729425,0.0,0.001,0.0
09:51:01,210,1,subida,-1.713444,-1.712182,5.729425,0.0,0.001,0.0
09:51:01,211,1,subida,-1.713445,-1.712191,5.727624,0.0,0.001,0.0
09:51:01,212,1,subida,-1.713444,-1.712192,5.727624,0.0,0.001,0.0
09:51:01,213,1,subida,-1.713445,-1.712185,5.727563,0.0,0.001,0.0
09:51:01,214,1,subida,-1.713444,-1.712190,5.727563,0.0,0.001,0.0
09:51:01,215,1,subida,-1.713441,-1.712187,5.727380,0.0,0.001,0.0
09:51:01,216,1,subida,-1.713444,-1.712182,5.727380,0.0,0.001,0.0
09:51:01,217,1,subida,-1.713446,-1.712188,5.728174,0.0,0.001,0.0
09:51:01,218,1,subida,-1.713444,-1.712191,5.727930,0.0,0.001,0.0
09:51:01,219,1,subida,-1.713442,-1.712187,5.727930,0.0,0.001,0.0
09:51:01,220,1,subida,-1.713443,-1.712180,5.727991,0.0,0.001,0.0
09:51:01,221,1,subida,-1.713447,-1.712175,5.727991,0.0,0.001,0.0
09:51:01,222,1,subida,-1.713446,-1.712183,5.728601,0.0,0.001,0.0
09:51:01,223,1,subida,-1.713443,-1.712171,5.728601,0.0,0.001,0.0
09:51:01,224,1,subida,-1.713439,-1.712173,5.729211,0.0,0.001,0.0
09:51:02,225,1,subida,-1.713439,-1.712185,5.729211,0.0,0.001,0.0
09:51:02,226,1,subida,-1.713441,-1.712194,5.729608,0.0,0.001,0.0
09:51:02,227,1,subida,-1.713440,-1.712199,5.729608,0.0,0.001,0.0
09:51:02,228,1,subida,-1.713440,-1.712172,5.727319,0.0,0.001,0.0
09:51:02,229,1,subida,-1.713440,-1.712181,5.727319,0.0,0.001,0.0
09:51:02,230,1,subida,-1.713439,-1.712199,5.728326,0.0,0.001,0.0
09:51:02,231,1,subida,-1.713441,-1.712192,5.728326,0.0,0.001,0.0
09:51:02,232,1,subida,-1.713441,-1.712178,5.727991,0.0,0.001,0.0
09:51:02,233,1,subida,-1.713438,-1.712165,5.727991,0.0,0.001,0.0
09:51:02,234,1,subida,-1.713436,-1.712194,5.728631,0.0,0.001,0.0
09:51:02,235,1,subida,-1.713440,-1.712188,5.728631,0.001,0.0,0.0
09:51:02,236,1,subida,-1.713441,-1.712193,5.729242,0.0,0.001,0.0
09:51:02,237,1,subida,-1.713439,-1.712196,5.729242,0.0,0.001,0.0
09:51:02,238,1,subida,-1.713441,-1.712191,5.728662,0.0,0.001,0.0
09:51:02,239,1,subida,-1.713444,-1.712194,5.728662,0.001,0.0,0.0
09:51:03,240,1,subida,-1.713445,-1.712193,5.729272,0.0,0.001,0.0
09:51:03,241,1,subida,-1.713448,-1.712211,5.728296,0.001,0.0,0.0
09:51:03,242,1,subida,-1.713446,-1.712199,5.728296,0.0,0.001,0.0
09:51:03,243,1,subida,-1.713443,-1.712204,5.728815,0.0,0.001,0.0
09:51:03,244,1,subida,-1.713442,-1.712184,5.728815,0.0,0.001,0.0
09:51:03,245,1,subida,-1.713443,-1.712195,5.727930,0.0,0.001,0.0
09:51:03,246,1,subida,-1.713446,-1.712174,5.727930,0.001,0.0,0.0
09:51:03,247,1,subida,-1.713448,-1.712185,5.728601,0.0,0.001,0.0
09:51:03,248,1,subida,-1.713446,-1.712202,5.728601,0.0,0.001,0.0
09:51:03,249,1,subida,-1.713449,-1.712203,5.728784,0.0,0.001,0.0
09:51:03,250,1,subida,-1.713449,-1.712222,5.728784,0.002,0.0,0.0
09:51:03,251,1,subida,-1.713449,-1.712201,5.728631,0.0,0.001,0.0
09:51:03,252,1,subida,-1.713447,-1.712179,5.728631,0.0,0.001,0.0
09:51:03,253,1,subida,-1.713442,-1.712190,5.728052,0.0,0.001,0.0
09:51:03,254,1,subida,-1.713444,-1.712203,5.728052,0.0,0.001,0.0
09:51:03,255,1,subida,-1.713451,-1.712189,5.727045,0.0,0.001,0.0
09:51:03,256,1,subida,-1.713454,-1.712211,5.727045,0.0,0.001,0.0
09:51:03,257,1,subida,-1.713453,-1.712202,5.727930,0.0,0.001,0.0
09:51:04,258,1,subida,-1.713452,-1.712186,5.727930,0.0,0.001,0.0
09:51:04,259,1,subida,-1.713454,-1.712192,5.727045,0.0,0.001,0.0
09:51:04,260,1,subida,-1.713453,-1.712193,5.727045,0.0,0.001,0.0
09:51:04,261,1,subida,-1.713452,-1.712190,5.727472,0.0,0.001,0.0
09:51:04,262,1,subida,-1.713447,-1.712186,5.727472,0.0,0.001,0.0
09:51:04,263,1,subida,-1.713443,-1.712196,5.726648,0.0,0.001,0.0
09:51:04,264,1,subida,-1.713445,-1.712218,5.727838,0.0,0.001,0.0
09:51:04,265,1,subida,-1.713448,-1.712195,5.727838,0.0,0.001,0.0
09:51:04,266,1,subida,-1.713446,-1.712201,5.728052,0.0,0.001,0.0
09:51:04,267,1,subida,-1.713444,-1.712225,5.728052,0.0,0.001,0.0
09:51:04,268,1,subida,-1.713443,-1.712224,5.728967,0.0,0.001,0.0
09:51:04,269,1,subida,-1.713441,-1.712201,5.728967,0.0,0.001,0.0
09:51:04,272,1,subida,-1.713441,-1.712207,5.727167,0.0,0.001,0.0
09:51:05,273,1,subida,-1.713439,-1.712201,5.727808,0.0,0.001,0.0
09:51:05,274,1,subida,-1.713438,-1.712197,5.727808,0.0,0.001,0.0
09:51:05,275,1,subida,-1.713439,-1.712206,5.728082,0.0,0.001,0.0
09:51:05,276,1,subida,-1.713438,-1.712225,5.728082,0.0,0.001,0.0
09:51:05,277,1,subida,-1.713439,-1.712224,5.728754,0.0,0.001,0.0
09:51:05,278,1,subida,-1.713439,-1.712205,5.728754,0.0,0.001,0.0
09:51:05,279,1,subida,-1.713438,-1.712203,5.729028,0.0,0.001,0.0
09:51:05,280,1,subida,-1.713441,-1.712192,5.729028,0.0,0.001,0.0
09:51:05,281,1,subida,-1.713439,-1.712215,5.726984,0.0,0.001,0.0
09:51:05,282,1,subida,-1.713432,-1.712209,5.726984,0.0,0.001,0.0
09:51:05,283,1,subida,-1.713430,-1.712211,5.728326,0.0,0.001,0.0
09:51:05,284,1,subida,-1.713433,-1.712218,5.728326,0.0,0.001,0.0
09:51:05,285,1,subida,-1.713435,-1.712210,5.728509,0.0,0.001,0.0
09:51:05,286,1,subida,-1.713433,-1.712198,5.728662,0.0,0.001,0.0
09:51:05,287,1,subida,-1.713432,-1.712197,5.728662,0.0,0.001,0.0
09:51:05,288,1,subida,-1.713433,-1.712215,5.729089,0.0,0.001,0.0
09:51:05,289,1,subida,-1.713437,-1.712204,5.729089,0.0,0.001,0.0
09:51:05,290,1,subida,-1.713441,-1.712209,5.728479,0.0,0.001,0.0
09:51:05,291,1,subida,-1.713444,-1.712234,5.728479,0.0,0.001,0.0
09:51:06,292,1,subida,-1.713440,-1.712220,5.728113,0.0,0.001,0.0
09:51:06,293,1,subida,-1.713436,-1.712205,5.728113,0.0,0.001,0.0
09:51:06,296,1,subida,-1.713447,-1.712194,5.727594,0.0,0.001,0.0
09:51:06,297,1,subida,-1.713451,-1.712191,5.727350,0.0,0.001,0.0
09:51:06,298,1,subida,-1.713449,-1.712184,5.727350,0.0,0.001,0.0
09:51:06,299,1,subida,-1.713447,-1.712192,5.726892,0.0,0.001,0.0
09:51:06,300,1,subida,-1.713449,-1.712222,5.726892,0.001,0.0,0.0
09:51:06,301,1,subida,-1.713450,-1.712209,5.726953,0.0,0.001,0.0
09:51:06,302,1,subida,-1.713448,-1.712203,5.726953,0.0,0.001,0.0
09:51:06,303,1,subida,-1.713445,-1.712213,5.728448,0.0,0.001,0.0
09:51:06,304,1,subida,-1.713443,-1.712202,5.728448,0.0,0.001,0.0
09:51:06,305,1,subida,-1.713444,-1.712210,5.727136,0.0,0.001,0.0
09:51:07,306,1,subida,-1.713443,-1.712234,5.727136,0.0,0.001,0.0
09:51:07,307,1,subida,-1.713445,-1.712211,5.729639,0.0,0.001,0.0
09:51:07,308,1,subida,-1.713446,-1.712223,5.729639,0.0,0.001,0.0
09:51:07,309,1,subida,-1.713443,-1.712228,5.728967,0.0,0.001,0.0
09:51:07,310,1,subida,-1.713444,-1.712224,5.728998,0.0,0.001,0.0
09:51:07,311,1,subida,-1.713444,-1.712214,5.728998,0.0,0.001,0.0
09:51:07,314,1,subida,-1.713437,-1.712214,5.728326,0.0,0.001,0.0
09:51:07,315,1,subida,-1.713436,-1.712203,5.728448,0.0,0.001,0.0
09:51:07,316,1,subida,-1.713437,-1.712207,5.728448,0.0,0.001,0.0
09:51:07,317,1,subida,-1.713436,-1.712223,5.727624,0.0,0.001,0.0
09:51:07,318,1,subida,-1.713435,-1.712208,5.727624,0.0,0.001,0.0
09:51:07,319,1,subida,-1.713436,-1.712205,5.728174,0.0,0.001,0.0
09:51:07,320,1,subida,-1.713441,-1.712225,5.728174,0.0,0.001,0.0
09:51:07,323,1,subida,-1.713441,-1.712196,5.728357,0.0,0.001,0.0
09:51:08,324,1,subida,-1.713441,-1.712212,5.727197,0.0,0.001,0.0
09:51:08,325,1,subida,-1.713438,-1.712214,5.727197,0.0,0.001,0.0
09:51:08,326,1,subida,-1.709945,-1.708703,5.726099,3.5,3.5,3.5
09:51:39,327,1,subida,-1.709945,-1.708742,5.727197,3.5,3.5,3.5
09:51:39,328,1,subida,-1.709946,-1.708724,5.727197,3.5,3.5,3.5
09:51:39,329,1,subida,-1.709946,-1.708718,5.727167,3.5,3.5,3.5
09:51:39,330,1,subida,-1.709945,-1.708730,5.727167,3.5,3.5,3.5
09:51:39,331,1,subida,-1.709945,-1.708719,5.726770,3.5,3.5,3.5
09:51:39,332,1,subida,-1.709943,-1.708716,5.726770,3.5,3.5,3.5
09:51:39,333,1,subida,-1.709945,-1.708735,5.727746,3.5,3.5,3.5
09:51:39,334,1,subida,-1.709948,-1.708731,5.727746,3.5,3.5,3.5
09:51:39,335,1,subida,-1.709947,-1.708725,5.727655,3.5,3.5,3.5
09:51:39,336,1,subida,-1.709947,-1.708730,5.727655,3.5,3.5,3.5
09:51:39,337,1,subida,-1.709947,-1.708727,5.727838,3.5,3.5,3.5
09:51:39,338,1,subida,-1.709951,-1.708726,5.727838,3.5,3.5,3.5
09:51:39,339,1,subida,-1.709952,-1.708724,5.728479,3.5,3.5,3.5
09:51:40,340,1,subida,-1.709947,-1.708739,5.726160,3.5,3.5,3.5
09:51:40,341,1,subida,-1.709942,-1.708728,5.726160,3.5,3.5,3.5
09:51:40,342,1,subida,-1.709944,-1.708722,5.727930,3.5,3.5,3.5
09:51:40,343,1,subida,-1.709947,-1.708720,5.727930,3.5,3.5,3.5
09:51:40,344,1,subida,-1.709946,-1.708716,5.727869,3.5,3.5,3.5
09:51:40,345,1,subida,-1.709946,-1.708743,5.727869,3.5,3.5,3.5
09:51:40,346,1,subida,-1.709945,-1.708718,5.725854,3.5,3.5,3.5
09:51:40,347,1,subida,-1.709942,-1.708738,5.725854,3.5,3.5,3.5
09:51:40,348,1,subida,-1.709942,-1.708760,5.727960,3.5,3.5,3.5
09:51:40,349,1,subida,-1.709944,-1.708736,5.727960,3.5,3.5,3.5
09:51:40,350,1,subida,-1.709942,-1.708725,5.727746,3.5,3.5,3.5
09:51:40,351,1,subida,-1.709937,-1.708741,5.727746,3.5,3.5,3.5
09:51:40,352,1,subida,-1.709938,-1.708723,5.728326,3.5,3.5,3.5
09:51:40,353,1,subida,-1.709943,-1.708730,5.728326,3.5,3.5,3.5
09:51:40,354,1,subida,-1.709943,-1.708722,5.727350,3.5,3.5,3.5
09:51:40,355,1,subida,-1.709943,-1.708730,5.727350,3.5,3.5,3.5
09:51:40,356,1,subida,-1.709944,-1.708725,5.726739,3.5,3.5,3.5
09:51:41,357,1,subida,-1.709946,-1.708726,5.726739,3.5,3.5,3.5
09:51:41,358,1,subida,-1.709950,-1.708739,5.727746,3.5,3.5,3.5
09:51:41,359,1,subida,-1.709949,-1.708738,5.727746,3.5,3.501,3.5
09:51:41,360,1,subida,-1.709946,-1.708742,5.727289,3.5,3.5,3.5
09:51:41,361,1,subida,-1.709948,-1.708742,5.727289,3.5,3.5,3.5
09:51:41,362,1,subida,-1.709952,-1.708760,5.726404,3.5,3.5,3.5
09:51:41,363,1,subida,-1.709956,-1.708733,5.727746,3.5,3.5,3.5
09:51:41,364,1,subida,-1.709954,-1.708742,5.727746,3.5,3.5,3.5
09:51:41,365,1,subida,-1.709949,-1.708727,5.727624,3.5,3.5,3.5
09:51:41,366,1,subida,-1.709951,-1.708728,5.727624,3.5,3.5,3.5
09:51:41,367,1,subida,-1.709954,-1.708745,5.727350,3.5,3.5,3.5
09:51:41,368,1,subida,-1.709956,-1.708727,5.727350,3.5,3.5,3.5
09:51:41,369,1,subida,-1.709956,-1.708753,5.725854,3.5,3.5,3.5
09:51:41,370,1,subida,-1.709953,-1.708745,5.725854,3.5,3.5,3.5
09:51:41,371,1,subida,-1.709955,-1.708716,5.726343,3.5,3.5,3.5
09:51:41,372,1,subida,-1.709956,-1.708727,5.726343,3.5,3.5,3.5
09:51:41,373,1,subida,-1.709959,-1.708742,5.727014,3.5,3.5,3.5
09:51:41,374,1,subida,-1.709961,-1.708723,5.727014,3.5,3.5,3.5
09:51:42,375,1,subida,-1.709961,-1.708732,5.726984,3.5,3.5,3.5
09:51:42,376,1,subida,-1.709964,-1.708739,5.726984,3.5,3.501,3.5
09:51:42,377,1,subida,-1.709967,-1.708738,5.728479,3.5,3.5,3.5
09:51:42,378,1,subida,-1.709971,-1.708733,5.728479,3.5,3.5,3.5
09:51:42,379,1,subida,-1.709973,-1.708743,5.726861,3.5,3.5,3.5
09:51:42,380,1,subida,-1.709969,-1.708735,5.726861,3.5,3.5,3.5
09:51:42,381,1,subida,-1.709966,-1.708740,5.726953,3.5,3.5,3.5
09:51:42,382,1,subida,-1.709971,-1.708760,5.726953,3.5,3.5,3.5
09:51:42,383,1,subida,-1.709977,-1.708738,5.727991,3.5,3.5,3.5
09:51:42,384,1,subida,-1.709980,-1.708738,5.727655,3.5,3.5,3.5
09:51:42,385,1,subida,-1.709978,-1.708754,5.727655,3.5,3.5,3.5
09:51:42,386,1,subida,-1.709976,-1.708747,5.727746,3.5,3.5,3.5
09:51:42,387,1,subida,-1.709975,-1.708751,5.727746,3.5,3.5,3.5
09:51:42,388,1,subida,-1.709974,-1.708739,5.727014,3.5,3.5,3.5
09:51:42,389,1,subida,-1.709972,-1.708740,5.727014,3.5,3.5,3.5
09:51:42,390,1,subida,-1.709971,-1.708770,5.726984,3.5,3.5,3.5
09:51:42,391,1,subida,-1.709974,-1.708741,5.726984,3.5,3.5,3.5
09:51:43,392,1,subida,-1.709974,-1.708765,5.728113,3.5,3.5,3.5
09:51:43,393,1,subida,-1.709974,-1.708758,5.728113,3.5,3.5,3.5
09:51:43,394,1,subida,-1.709974,-1.708744,5.726190,3.5,3.5,3.5
09:51:43,395,1,subida,-1.709971,-1.708752,5.726190,3.5,3.5,3.5
09:51:43,396,1,subida,-1.709974,-1.708757,5.728113,3.5,3.5,3.5
09:51:43,397,1,subida,-1.709975,-1.708766,5.728113,3.5,3.5,3.5
09:51:43,398,1,subida,-1.709972,-1.708758,5.727472,3.5,3.5,3.5
09:51:43,399,1,subida,-1.709970,-1.708748,5.727472,3.5,3.5,3.5
09:51:43,400,1,subida,-1.709974,-1.708768,5.727869,3.5,3.5,3.5
09:51:43,401,1,subida,-1.709974,-1.708745,5.727869,3.5,3.5,3.5
09:51:43,402,1,subida,-1.709970,-1.708740,5.727197,3.5,3.5,3.5
09:51:43,403,1,subida,-1.709972,-1.708741,5.727197,3.5,3.5,3.5
09:51:43,404,1,subida,-1.709974,-1.708723,5.726739,3.5,3.5,3.5
09:51:43,405,1,subida,-1.709975,-1.708743,5.726739,3.5,3.5,3.5
09:51:43,406,1,subida,-1.709976,-1.708751,5.728601,3.5,3.5,3.5
09:51:43,407,1,subida,-1.709976,-1.708732,5.727045,3.5,3.5,3.5
09:51:44,408,1,subida,-1.709972,-1.708743,5.727045,3.5,3.5,3.5
09:51:44,411,1,subida,-1.709974,-1.708725,5.727472,3.5,3.5,3.5
09:51:44,412,1,subida,-1.709975,-1.708732,5.727228,3.5,3.5,3.5
09:51:44,413,1,subida,-1.709974,-1.708726,5.727228,3.5,3.5,3.5
09:51:44,414,1,subida,-1.709975,-1.708749,5.727167,3.5,3.5,3.5
09:51:44,415,1,subida,-1.709979,-1.708745,5.727167,3.5,3.5,3.5
09:51:44,416,1,subida,-1.709979,-1.708764,5.727045,3.5,3.5,3.5
09:51:44,417,1,subida,-1.709978,-1.708738,5.727045,3.5,3.5,3.5
09:51:44,418,1,subida,-1.709975,-1.708745,5.726465,3.5,3.5,3.5
09:51:44,419,1,subida,-1.709970,-1.708753,5.726465,3.5,3.5,3.5
09:51:44,420,1,subida,-1.709972,-1.708749,5.727502,3.5,3.5,3.5
09:51:44,421,1,subida,-1.709976,-1.708741,5.727502,3.5,3.5,3.5
09:51:44,422,1,subida,-1.709975,-1.708752,5.727258,3.5,3.5,3.5
09:51:44,423,1,subida,-1.709975,-1.708755,5.727258,3.5,3.5,3.5
09:51:44,424,1,subida,-1.709976,-1.708742,5.727716,3.5,3.5,3.5
09:51:44,425,1,subida,-1.709978,-1.708777,5.727716,3.5,3.5,3.5
09:51:44,426,1,subida,-1.709979,-1.708742,5.727991,3.5,3.5,3.5
09:51:45,427,1,subida,-1.709978,-1.708760,5.727991,3.5,3.5,3.5
09:51:45,428,1,subida,-1.709975,-1.708754,5.728418,3.5,3.5,3.5
09:51:45,429,1,subida,-1.709970,-1.708726,5.728418,3.5,3.5,3.5
09:51:45,430,1,subida,-1.709973,-1.708759,5.728693,3.5,3.5,3.5
09:51:45,431,1,subida,-1.709977,-1.708750,5.727960,3.5,3.5,3.5
09:51:45,432,1,subida,-1.709978,-1.708771,5.727960,3.5,3.5,3.5
09:51:45,433,1,subida,-1.709978,-1.708755,5.728418,3.5,3.5,3.5
09:51:45,434,1,subida,-1.709977,-1.708726,5.728418,3.5,3.5,3.5
09:51:45,435,1,subida,-1.709975,-1.708749,5.727838,3.5,3.5,3.5
09:51:45,436,1,subida,-1.709978,-1.708731,5.727838,3.5,3.5,3.5
09:51:45,437,1,subida,-1.709978,-1.708756,5.728021,3.5,3.5,3.5
09:51:45,438,1,subida,-1.709975,-1.708745,5.728021,3.5,3.5,3.5
09:51:45,439,1,subida,-1.709975,-1.708724,5.728723,3.5,3.5,3.5
09:51:45,440,1,subida,-1.709979,-1.708743,5.728723,3.5,3.5,3.5
09:51:45,441,1,subida,-1.709981,-1.708728,5.728296,3.5,3.5,3.5
09:51:45,442,1,subida,-1.709982,-1.708748,5.728296,3.5,3.5,3.5
09:51:46,443,1,subida,-1.709983,-1.708735,5.727930,3.5,3.5,3.5
09:51:46,444,1,subida,-1.709987,-1.708750,5.727930,3.5,3.5,3.5
09:51:46,445,1,subida,-1.709988,-1.708731,5.727472,3.5,3.5,3.5
09:51:46,446,1,subida,-1.709986,-1.708742,5.727472,3.5,3.5,3.5
09:51:46,447,1,subida,-1.709984,-1.708763,5.728357,3.5,3.5,3.5
09:51:46,448,1,subida,-1.709983,-1.708745,5.728357,3.5,3.5,3.5
09:51:46,449,1,subida,-1.709985,-1.708741,5.729852,3.5,3.5,3.5
09:51:46,450,1,subida,-1.709988,-1.708763,5.729852,3.5,3.5,3.5
09:51:46,451,1,subida,-1.709989,-1.708746,5.727380,3.5,3.5,3.5
09:51:46,452,1,subida,-1.709989,-1.708746,5.727380,3.5,3.5,3.5
09:51:46,453,1,subida,-1.709988,-1.708762,5.727106,3.5,3.5,3.5
09:51:46,454,1,subida,-1.709987,-1.708749,5.728113,3.5,3.5,3.5
09:51:46,455,1,subida,-1.709985,-1.708753,5.728113,3.5,3.5,3.5
09:51:46,456,1,subida,-1.709987,-1.708731,5.727869,3.5,3.5,3.5
09:51:47,457,1,subida,-1.709986,-1.708743,5.727869,3.5,3.5,3.5
09:51:47,458,1,subida,-1.709981,-1.708758,5.728143,3.5,3.5,3.5
09:51:47,459,1,subida,-1.709983,-1.708761,5.728143,3.5,3.5,3.5
09:51:47,460,1,subida,-1.709985,-1.708747,5.728235,3.5,3.5,3.5
09:51:47,461,1,subida,-1.709983,-1.708732,5.728235,3.5,3.5,3.5
09:51:47,462,1,subida,-1.709985,-1.708742,5.727838,3.5,3.5,3.5
09:51:47,463,1,subida,-1.709982,-1.708755,5.727838,3.5,3.5,3.5
09:51:47,464,1,subida,-1.709980,-1.708734,5.728387,3.5,3.5,3.5
09:51:47,465,1,subida,-1.709981,-1.708754,5.728387,3.5,3.5,3.5
09:51:47,466,1,subida,-1.709981,-1.708748,5.727411,3.5,3.5,3.5
09:51:47,467,1,subida,-1.709978,-1.708757,5.727411,3.5,3.5,3.5
09:51:47,468,1,subida,-1.709979,-1.708741,5.727319,3.5,3.5,3.5
09:51:47,469,1,subida,-1.709980,-1.708737,5.727319,3.5,3.5,3.5
09:51:47,470,1,subida,-1.709978,-1.708750,5.727228,3.5,3.5,3.5
09:51:48,471,1,subida,-1.709979,-1.708759,5.727228,3.5,3.5,3.5
09:51:48,472,1,subida,-1.709978,-1.708749,5.729181,3.5,3.5,3.5
09:51:48,473,1,subida,-1.709973,-1.708749,5.729181,3.5,3.5,3.5
09:51:48,474,1,subida,-1.709975,-1.708747,5.726831,3.5,3.5,3.5
09:51:48,475,1,subida,-1.709977,-1.708742,5.726831,3.5,3.5,3.5
09:51:48,476,1,subida,-1.709976,-1.708767,5.727899,3.5,3.5,3.5
09:51:48,477,1,subida,-1.709972,-1.708733,5.727472,3.5,3.5,3.5
09:51:48,478,1,subida,-1.709973,-1.708756,5.727472,3.5,3.5,3.5
09:51:48,479,1,subida,-1.709977,-1.708754,5.727411,3.5,3.5,3.5
09:51:48,480,1,subida,-1.709978,-1.708756,5.727411,3.5,3.5,3.5
09:51:48,481,1,subida,-1.709981,-1.708771,5.727930,3.5,3.5,3.5
09:51:48,482,1,subida,-1.709982,-1.708769,5.727930,3.5,3.5,3.5
09:51:48,483,1,subida,-1.709983,-1.708748,5.728113,3.5,3.5,3.5
09:51:48,484,1,subida,-1.709985,-1.708782,5.728113,3.5,3.5,3.5
09:51:48,485,1,subida,-1.709985,-1.708786,5.729700,3.5,3.5,3.5
09:51:48,486,1,subida,-1.709983,-1.708772,5.729700,3.5,3.5,3.5
09:51:48,487,1,subida,-1.709981,-1.708774,5.727838,3.5,3.5,3.5
09:51:48,488,1,subida,-1.709982,-1.708768,5.727838,3.5,3.501,3.5
09:51:48,489,1,subida,-1.709983,-1.708757,5.727685,3.5,3.5,3.5
09:51:48,490,1,subida,-1.709983,-1.708764,5.727685,3.5,3.5,3.5
09:51:48,491,1,subida,-1.709983,-1.708771,5.727655,3.5,3.5,3.5
09:51:49,492,1,subida,-1.709982,-1.708749,5.727655,3.5,3.5,3.5
09:51:49,493,1,subida,-1.709982,-1.708757,5.727136,3.5,3.5,3.5
09:51:49,494,1,subida,-1.709983,-1.708751,5.727136,3.5,3.5,3.5
09:51:49,495,1,subida,-1.709981,-1.708735,5.728235,3.5,3.5,3.5
09:51:49,496,1,subida,-1.709978,-1.708745,5.728235,3.5,3.5,3.5
09:51:49,497,1,subida,-1.709978,-1.708771,5.729089,3.5,3.5,3.5
09:51:49,498,1,subida,-1.709980,-1.708748,5.727930,3.5,3.5,3.5
09:51:49,499,1,subida,-1.709984,-1.708747,5.727930,3.5,3.5,3.5
09:51:49,500,1,subida,-1.709986,-1.708754,5.728204,3.5,3.5,3.5
09:51:49,501,1,subida,-1.709986,-1.708746,5.728204,3.5,3.5,3.5
09:51:49,502,1,subida,-1.709986,-1.708748,5.726434,3.5,3.5,3.5
09:51:49,503,1,subida,-1.709987,-1.708754,5.726434,3.5,3.5,3.5
09:51:49,504,1,subida,-1.709989,-1.708754,5.727777,3.5,3.5,3.5
09:51:49,505,1,subida,-1.709988,-1.708762,5.727777,3.5,3.5,3.5
09:51:49,506,1,subida,-1.709986,-1.708756,5.728326,3.5,3.5,3.5
09:51:50,507,1,subida,-1.709987,-1.708752,5.728326,3.5,3.5,3.5
09:51:50,508,1,subida,-1.709987,-1.708755,5.727991,3.5,3.5,3.5
09:51:50,509,1,subida,-1.709990,-1.708752,5.727991,3.5,3.5,3.5
09:51:50,510,1,subida,-1.709992,-1.708777,5.728296,3.5,3.5,3.5
09:51:50,511,1,subida,-1.709993,-1.708762,5.728296,3.5,3.5,3.5
09:51:50,512,1,subida,-1.709994,-1.708742,5.728265,3.5,3.501,3.5
09:51:50,513,1,subida,-1.709992,-1.708747,5.728265,3.5,3.501,3.5
09:51:50,514,1,subida,-1.709993,-1.708757,5.729608,3.5,3.501,3.5
09:51:50,515,1,subida,-1.709993,-1.708759,5.729608,3.5,3.5,3.5
09:51:50,516,1,subida,-1.709991,-1.708751,5.729913,3.5,3.501,3.5
09:51:50,517,1,subida,-1.709995,-1.708738,5.729913,3.5,3.5,3.5
09:51:50,518,1,subida,-1.709995,-1.708731,5.727014,3.5,3.5,3.5
09:51:50,519,1,subida,-1.709994,-1.708734,5.727014,3.5,3.5,3.5
09:51:51,520,1,subida,-1.709994,-1.708745,5.728204,3.5,3.5,3.5
09:51:51,521,1,subida,-1.709991,-1.708745,5.728754,3.5,3.5,3.5
09:51:51,522,1,subida,-1.709993,-1.708753,5.728754,3.5,3.5,3.5
09:51:51,523,1,subida,-1.709996,-1.708747,5.728052,3.5,3.5,3.5
09:51:51,524,1,subida,-1.709991,-1.708760,5.728052,3.5,3.5,3.5
09:51:51,525,1,subida,-1.709989,-1.708752,5.728021,3.5,3.5,3.5
09:51:51,526,1,subida,-1.709990,-1.708739,5.728021,3.5,3.5,3.5
09:51:51,527,1,subida,-1.709990,-1.708758,5.729089,3.5,3.5,3.5
09:51:51,528,1,subida,-1.709990,-1.708762,5.729089,3.5,3.5,3.5
09:51:51,529,1,subida,-1.709988,-1.708765,5.729242,3.5,3.5,3.5
09:51:51,530,1,subida,-1.709987,-1.708737,5.729242,3.5,3.5,3.5
09:51:51,531,1,subida,-1.709988,-1.708766,5.728052,3.5,3.5,3.5
09:51:51,532,1,subida,-1.709989,-1.708757,5.728052,3.5,3.5,3.5
09:51:51,533,1,subida,-1.709990,-1.708764,5.728601,3.5,3.5,3.5
09:51:51,534,1,subida,-1.709991,-1.708767,5.728601,3.5,3.5,3.5
09:51:52,535,1,subida,-1.709988,-1.708751,5.728296,3.5,3.5,3.5
09:51:52,536,1,subida,-1.709988,-1.708757,5.728296,3.5,3.5,3.5
09:51:52,537,1,subida,-1.709992,-1.708764,5.727808,3.5,3.5,3.5
09:51:52,538,1,subida,-1.709991,-1.708792,5.727808,3.5,3.5,3.5
09:51:52,539,1,subida,-1.709990,-1.708776,5.727502,3.5,3.5,3.5
09:51:52,540,1,subida,-1.709989,-1.708773,5.727502,3.5,3.5,3.5
09:51:52,541,1,subida,-1.709990,-1.708759,5.727014,3.5,3.5,3.5
09:51:52,542,1,subida,-1.709991,-1.708778,5.727014,3.5,3.5,3.5
09:51:52,543,1,subida,-1.709988,-1.708769,5.728113,3.5,3.5,3.5
09:51:52,544,1,subida,-1.709985,-1.708778,5.728754,3.5,3.5,3.5
09:51:52,545,1,subida,-1.709989,-1.708774,5.728754,3.5,3.5,3.5
09:51:52,546,1,subida,-1.709992,-1.708781,5.726404,3.5,3.5,3.5
09:51:52,547,1,subida,-1.709991,-1.708777,5.726404,3.5,3.5,3.5
09:51:52,548,1,subida,-1.709991,-1.708795,5.728723,3.5,3.5,3.5
09:51:52,549,1,subida,-1.709993,-1.708780,5.728723,3.5,3.5,3.5
09:51:53,550,1,subida,-1.709994,-1.708785,5.729913,3.5,3.5,3.5
09:51:53,551,1,subida,-1.709992,-1.708772,5.729913,3.5,3.5,3.5
09:51:53,552,1,subida,-1.709994,-1.708783,5.729944,3.5,3.5,3.5
09:51:53,553,1,subida,-1.709995,-1.708776,5.729944,3.5,3.5,3.5
09:51:53,554,1,subida,-1.709992,-1.708770,5.727014,3.5,3.5,3.5
09:51:53,555,1,subida,-1.709995,-1.708790,5.727014,3.5,3.5,3.5
09:51:53,556,1,subida,-1.709999,-1.708777,5.728784,3.5,3.5,3.5
09:51:53,557,1,subida,-1.710001,-1.708787,5.728784,3.5,3.5,3.5
09:51:53,558,1,subida,-1.710004,-1.708777,5.729761,3.5,3.5,3.5
09:51:53,559,1,subida,-1.710006,-1.708781,5.729761,3.5,3.5,3.5
09:51:53,560,1,subida,-1.710005,-1.708783,5.728021,3.5,3.5,3.5
09:51:53,561,1,subida,-1.710003,-1.708772,5.728021,3.5,3.501,3.5
09:51:53,562,1,subida,-1.710001,-1.708779,5.729150,3.5,3.5,3.5
09:51:53,563,1,subida,-1.710000,-1.708765,5.729150,3.5,3.5,3.5
09:51:53,564,1,subida,-1.710001,-1.708781,5.727899,3.5,3.5,3.5
09:51:53,565,1,subida,-1.710001,-1.708768,5.727899,3.501,3.5,3.5
09:51:53,566,1,subida,-1.709999,-1.708783,5.728967,3.5,3.5,3.5
09:51:53,567,1,subida,-1.709998,-1.708774,5.729120,3.5,3.5,3.5
09:51:53,568,1,subida,-1.709999,-1.708777,5.729120,3.5,3.5,3.5
09:51:54,569,1,subida,-1.709997,-1.708763,5.728998,3.5,3.5,3.5
09:51:54,570,1,subida,-1.709996,-1.708770,5.728998,3.5,3.5,3.5
09:51:54,573,1,subida,-1.709994,-1.708778,5.728967,3.5,3.5,3.5
09:51:54,574,1,subida,-1.709994,-1.708777,5.730402,3.5,3.5,3.5
09:51:54,575,1,subida,-1.709998,-1.708788,5.730402,3.5,3.501,3.5
09:51:54,576,1,subida,-1.710001,-1.708776,5.729211,3.5,3.5,3.5
09:51:54,577,1,subida,-1.710002,-1.708774,5.729211,3.5,3.501,3.5
09:51:54,578,1,subida,-1.710000,-1.708788,5.728662,3.5,3.5,3.5
09:51:54,579,1,subida,-1.709999,-1.708763,5.728662,3.5,3.5,3.5
09:51:54,580,1,subida,-1.710002,-1.708801,5.726770,3.5,3.5,3.5
09:51:54,581,1,subida,-1.710004,-1.708786,5.726770,3.5,3.5,3.5
09:51:54,582,1,subida,-1.710004,-1.708805,5.730279,3.5,3.5,3.5
09:51:54,583,1,subida,-1.710003,-1.708796,5.730279,3.5,3.5,3.5
09:51:54,584,1,subida,-1.710004,-1.708776,5.727289,3.5,3.5,3.5
09:51:55,585,1,subida,-1.710004,-1.708787,5.727289,3.5,3.5,3.5
09:51:55,586,1,subida,-1.710001,-1.708762,5.728967,3.5,3.5,3.5
09:51:55,587,1,subida,-1.710000,-1.708778,5.728967,3.5,3.5,3.5
09:51:55,588,1,subida,-1.710002,-1.708799,5.729303,3.5,3.5,3.5
09:51:55,589,1,subida,-1.710004,-1.708801,5.729700,3.5,3.5,3.5
09:51:55,590,1,subida,-1.710000,-1.708773,5.729700,3.5,3.5,3.5
09:51:55,591,1,subida,-1.709996,-1.708810,5.729059,3.5,3.5,3.5
09:51:55,592,1,subida,-1.709995,-1.708780,5.729059,3.5,3.5,3.5
09:51:55,593,1,subida,-1.709993,-1.708783,5.728662,3.5,3.5,3.5
09:51:55,594,1,subida,-1.709994,-1.708757,5.728662,3.5,3.5,3.5
09:51:55,595,1,subida,-1.709995,-1.708779,5.728967,3.5,3.5,3.5
09:51:55,596,1,subida,-1.709993,-1.708784,5.728967,3.5,3.5,3.5
09:51:55,597,1,subida,-1.709994,-1.708777,5.728937,3.5,3.5,3.5
09:51:55,598,1,subida,-1.709997,-1.708772,5.728937,3.5,3.5,3.5
09:51:55,601,1,subida,-1.709998,-1.708789,5.726831,3.5,3.5,3.5
09:51:55,602,1,subida,-1.709994,-1.708786,5.728540,3.5,3.5,3.5
09:51:56,603,1,subida,-1.709991,-1.708779,5.728540,3.5,3.5,3.5
09:51:56,604,1,subida,-1.709991,-1.708787,5.728357,3.5,3.5,3.5
09:51:56,605,1,subida,-1.709997,-1.708771,5.728357,3.5,3.5,3.5
09:51:56,606,1,subida,-1.709999,-1.708780,5.729455,3.5,3.5,3.5
09:51:56,607,1,subida,-1.709997,-1.708774,5.729455,3.5,3.5,3.5
09:51:56,608,1,subida,-1.709994,-1.708779,5.728235,3.5,3.5,3.5
09:51:56,609,1,subida,-1.709994,-1.708758,5.728235,3.5,3.5,3.5
09:51:56,610,1,subida,-1.709994,-1.708788,5.730005,3.5,3.5,3.5
09:51:56,613,1,subida,-1.709994,-1.708792,5.729455,3.5,3.5,3.5
09:51:56,614,1,subida,-1.709992,-1.708771,5.727289,3.5,3.5,3.5
09:51:56,615,1,subida,-1.709993,-1.708786,5.727289,3.5,3.5,3.5
09:51:56,616,1,subida,-1.709995,-1.708764,5.729791,3.5,3.5,3.5
09:51:56,617,1,subida,-1.709992,-1.708777,5.729791,3.5,3.5,3.5
09:51:56,618,1,subida,-1.709992,-1.708778,5.728448,3.5,3.5,3.5
09:51:57,619,1,subida,-1.709996,-1.708783,5.728448,3.5,3.5,3.5
09:51:57,620,1,subida,-1.709999,-1.708766,5.729394,3.5,3.5,3.5
09:51:57,621,1,subida,-1.710005,-1.708765,5.729394,3.5,3.5,3.5
09:51:57,622,1,subida,-1.710010,-1.708759,5.728357,3.5,3.5,3.5
09:51:57,623,1,subida,-1.710006,-1.708775,5.728357,3.5,3.5,3.5
09:51:57,624,1,subida,-1.710000,-1.708788,5.728448,3.5,3.5,3.5
09:51:57,625,1,subida,-1.710005,-1.708766,5.728448,3.5,3.501,3.5
09:51:57,626,1,subida,-1.710013,-1.708757,5.729211,3.5,3.5,3.5
09:51:57,627,1,subida,-1.710015,-1.708765,5.729211,3.5,3.5,3.5
09:51:57,628,1,subida,-1.710013,-1.708752,5.729455,3.5,3.5,3.5
09:51:57,629,1,subida,-1.710014,-1.708767,5.729455,3.5,3.5,3.5
09:51:57,630,1,subida,-1.710014,-1.708777,5.728387,3.5,3.5,3.5
09:51:57,631,1,subida,-1.710015,-1.708769,5.728387,3.5,3.5,3.5
09:51:57,632,1,subida,-1.710017,-1.708758,5.727869,3.5,3.5,3.5
09:51:57,633,1,subida,-1.710014,-1.708766,5.727869,3.5,3.5,3.5
09:51:57,634,1,subida,-1.710012,-1.708796,5.730005,3.5,3.5,3.5
09:51:57,635,1,subida,-1.710012,-1.708776,5.730005,3.5,3.5,3.5
09:51:57,636,1,subida,-1.710014,-1.708779,5.728906,3.5,3.5,3.5
09:51:58,637,1,subida,-1.710014,-1.708783,5.728113,3.5,3.5,3.5
09:51:58,638,1,subida,-1.710014,-1.708788,5.728113,3.5,3.5,3.5
09:51:58,639,1,subida,-1.710017,-1.708785,5.729913,3.5,3.5,3.5
09:51:58,640,1,subida,-1.710019,-1.708778,5.729913,3.5,3.5,3.5
09:51:58,641,1,subida,-1.710021,-1.708786,5.729700,3.5,3.5,3.5
09:51:58,642,1,subida,-1.710021,-1.708780,5.729700,3.5,3.5,3.5
09:51:58,643,1,subida,-1.710013,-1.708775,5.729517,3.5,3.5,3.5
09:51:58,644,1,subida,-1.710010,-1.708774,5.729517,3.5,3.5,3.5
09:51:58,645,1,subida,-1.710012,-1.708758,5.728235,3.5,3.5,3.5
09:51:58,646,1,subida,-1.710014,-1.708766,5.728235,3.5,3.5,3.5
09:51:58,647,1,subida,-1.710018,-1.708774,5.728113,3.5,3.5,3.5
09:51:58,648,1,subida,-1.710016,-1.708781,5.728113,3.5,3.5,3.5
09:51:58,649,1,subida,-1.710017,-1.708783,5.729120,3.5,3.5,3.5
09:51:58,650,1,subida,-1.710024,-1.708788,5.729120,3.5,3.5,3.5
09:51:58,651,1,subida,-1.710024,-1.708747,5.729761,3.5,3.5,3.5
09:51:58,652,1,subida,-1.710019,-1.708786,5.729761,3.5,3.5,3.5
09:51:59,653,1,subida,-1.710015,-1.708784,5.730127,3.5,3.5,3.5
09:51:59,654,1,subida,-1.710016,-1.708757,5.730127,3.5,3.5,3.5
09:51:59,655,1,subida,-1.710019,-1.708774,5.728754,3.5,3.5,3.5
09:51:59,656,1,subida,-1.710018,-1.708775,5.728754,3.5,3.5,3.5
09:51:59,657,1,subida,-1.710018,-1.708776,5.729242,3.5,3.5,3.5
09:52:30,659,1,subida,-1.707200,-1.705976,5.733575,6.5,6.455,6.5
09:52:30,660,1,subida,-1.707196,-1.705977,5.733575,6.5,6.451,6.5
09:52:30,661,1,subida,-1.707193,-1.705978,5.734369,6.5,6.447,6.5
09:52:30,662,1,subida,-1.707196,-1.705981,5.734369,6.445,6.5,6.5
09:52:30,663,1,subida,-1.707197,-1.705971,5.733697,6.5,6.441,6.5
09:52:30,664,1,subida,-1.707201,-1.705978,5.733697,6.5,6.44,6.5
09:52:30,665,1,subida,-1.707204,-1.706014,5.733972,6.5,6.438,6.5
09:52:31,666,1,subida,-1.707202,-1.705989,5.733148,6.5,6.436,6.5
09:52:31,667,1,subida,-1.707204,-1.705999,5.733148,6.5,6.432,6.5
09:52:31,668,1,subida,-1.707206,-1.706011,5.733057,6.5,6.43,6.5
09:52:31,669,1,subida,-1.707205,-1.706002,5.733057,6.5,6.428,6.5
09:52:31,670,1,subida,-1.707205,-1.705994,5.734369,6.5,6.426,6.5
09:52:31,671,1,subida,-1.707204,-1.705998,5.734369,6.5,6.424,6.5
09:52:31,672,1,subida,-1.707205,-1.705990,5.733392,6.5,6.422,6.5
09:52:31,673,1,subida,-1.707208,-1.706017,5.733392,6.5,6.421,6.5
09:52:31,674,1,subida,-1.707211,-1.706016,5.734704,6.5,6.419,6.5
09:52:31,675,1,subida,-1.707213,-1.706015,5.734704,6.5,6.418,6.5
09:52:31,676,1,subida,-1.707211,-1.706018,5.734460,6.5,6.416,6.5
09:52:31,677,1,subida,-1.707212,-1.706023,5.734460,6.5,6.414,6.5
09:52:31,678,1,subida,-1.707215,-1.706028,5.735437,6.5,6.412,6.5
09:52:31,679,1,subida,-1.707215,-1.706020,5.735437,6.5,6.408,6.5
09:52:31,680,1,subida,-1.707212,-1.706038,5.733392,6.5,6.407,6.5
09:52:31,681,1,subida,-1.707213,-1.706044,5.733392,6.5,6.404,6.5
09:52:31,682,1,subida,-1.707218,-1.706031,5.733484,6.5,6.405,6.5
09:52:31,683,1,subida,-1.707221,-1.706023,5.733484,6.5,6.504,6.5
09:52:31,684,1,subida,-1.707224,-1.706042,5.734643,6.5,6.477,6.5
09:52:31,685,1,subida,-1.707225,-1.706019,5.734643,6.5,6.476,6.5
09:52:31,686,1,subida,-1.707226,-1.706040,5.734125,6.5,6.472,6.5
09:52:31,687,1,subida,-1.707228,-1.705995,5.733728,6.5,6.47,6.5
09:52:31,688,1,subida,-1.707229,-1.706028,5.733728,6.5,6.465,6.5
09:52:32,689,1,subida,-1.707224,-1.706005,5.734918,6.5,6.461,6.5
09:52:32,690,1,subida,-1.707217,-1.706022,5.734918,6.5,6.459,6.5
09:52:32,691,1,subida,-1.707216,-1.706007,5.734888,6.5,6.457,6.5
09:52:32,692,1,subida,-1.707216,-1.705998,5.734888,6.5,6.455,6.5
09:52:32,693,1,subida,-1.707214,-1.706011,5.735284,6.5,6.453,6.5
09:52:32,694,1,subida,-1.707211,-1.706022,5.735284,6.5,6.451,6.5
09:52:32,695,1,subida,-1.707216,-1.706015,5.733758,6.5,6.448,6.5
09:52:32,696,1,subida,-1.707215,-1.706005,5.733758,6.5,6.445,6.5
09:52:32,697,1,subida,-1.707203,-1.706009,5.732934,6.5,6.441,6.5
09:52:32,698,1,subida,-1.707201,-1.706016,5.732934,6.5,6.44,6.5
09:52:32,699,1,subida,-1.707201,-1.706009,5.734430,6.5,6.437,6.5
09:52:32,700,1,subida,-1.707201,-1.706023,5.734430,6.5,6.437,6.5
09:52:32,701,1,subida,-1.707208,-1.706024,5.734735,6.5,6.435,6.5
09:52:32,702,1,subida,-1.707210,-1.706027,5.734735,6.5,6.432,6.5
09:52:32,703,1,subida,-1.707209,-1.706029,5.733392,6.5,6.428,6.5
09:52:32,704,1,subida,-1.707211,-1.706029,5.733392,6.5,6.426,6.5
09:52:32,705,1,subida,-1.707214,-1.706020,5.733911,6.5,6.423,6.5
09:52:32,706,1,subida,-1.707215,-1.706030,5.733911,6.5,6.42,6.5
09:52:32,707,1,subida,-1.707215,-1.706030,5.733484,6.5,6.436,6.5
09:52:32,708,1,subida,-1.707213,-1.706018,5.733484,6.814,6.5,6.5
09:52:32,709,1,subida,-1.707210,-1.706022,5.734003,6.5,6.538,6.5
09:52:32,710,1,subida,-1.707213,-1.705997,5.734064,6.514,6.5,6.5
09:52:32,711,1,subida,-1.707215,-1.706009,5.734064,6.5,6.511,6.5
09:52:33,712,1,subida,-1.707219,-1.705995,5.734277,6.5,6.507,6.5
09:52:33,713,1,subida,-1.707221,-1.705993,5.734277,6.5,6.505,6.5
09:52:33,714,1,subida,-1.707225,-1.705977,5.734216,6.5,6.502,6.5
09:52:33,715,1,subida,-1.707229,-1.705994,5.734216,6.5,6.5,6.5
09:52:33,716,1,subida,-1.707228,-1.706016,5.734888,6.5,6.495,6.5
09:52:33,717,1,subida,-1.707229,-1.705988,5.734888,6.493,6.5,6.5
09:52:33,718,1,subida,-1.707229,-1.705993,5.734186,6.5,6.49,6.5
09:52:33,719,1,subida,-1.707231,-1.706020,5.734186,6.5,6.488,6.5
09:52:33,720,1,subida,-1.707237,-1.706001,5.734216,6.5,6.486,6.5
09:52:33,721,1,subida,-1.707236,-1.705999,5.734216,6.5,6.484,6.5
09:52:33,722,1,subida,-1.707235,-1.706000,5.734491,6.5,6.482,6.5
09:52:33,723,1,subida,-1.707238,-1.705983,5.734491,6.5,6.479,6.5
09:52:33,724,1,subida,-1.707242,-1.705992,5.732690,6.5,6.475,6.5
09:52:33,725,1,subida,-1.707245,-1.706000,5.732690,6.5,6.474,6.5
09:52:33,726,1,subida,-1.707246,-1.706006,5.734216,6.5,6.47,6.5
09:52:33,727,1,subida,-1.707247,-1.705994,5.734216,6.469,6.5,6.5
09:52:33,728,1,subida,-1.707245,-1.705979,5.733819,6.5,6.466,6.5
09:52:33,729,1,subida,-1.707243,-1.705980,5.733819,6.464,6.5,6.5
09:52:33,730,1,subida,-1.707242,-1.705980,5.735040,6.5,6.462,6.5
09:52:33,731,1,subida,-1.707242,-1.706009,5.735040,6.5,6.459,6.5
09:52:33,732,1,subida,-1.707241,-1.705980,5.734766,6.5,6.455,6.5
09:52:33,733,1,subida,-1.707240,-1.705990,5.733545,6.5,6.451,6.5
09:52:34,734,1,subida,-1.707238,-1.705984,5.733545,6.5,6.449,6.5
09:52:34,735,1,subida,-1.707233,-1.706025,5.733270,6.5,6.447,6.5
09:52:34,736,1,subida,-1.707229,-1.705998,5.733270,6.5,6.446,6.5
09:52:34,737,1,subida,-1.707225,-1.705996,5.734338,6.5,6.444,6.5
09:52:34,738,1,subida,-1.707222,-1.706005,5.734338,6.5,6.442,6.5
09:52:34,739,1,subida,-1.707221,-1.706000,5.734796,6.5,6.439,6.5
09:52:34,740,1,subida,-1.707221,-1.706026,5.734796,6.5,6.434,6.5
09:52:34,741,1,subida,-1.707222,-1.706009,5.734674,6.5,6.431,6.5
09:52:34,742,1,subida,-1.707222,-1.706002,5.734674,6.5,6.427,6.5
09:52:34,743,1,subida,-1.707223,-1.705999,5.734338,6.5,6.424,6.5
09:52:34,744,1,subida,-1.707223,-1.706013,5.734338,6.5,6.42,6.5
09:52:34,745,1,subida,-1.707221,-1.706013,5.734918,6.5,6.419,6.5
09:52:34,746,1,subida,-1.707222,-1.706039,5.734918,6.5,6.415,6.5
09:52:34,747,1,subida,-1.707220,-1.706015,5.733514,6.5,6.413,6.5
09:52:34,748,1,subida,-1.707221,-1.706029,5.733514,6.5,6.411,6.5
09:52:34,749,1,subida,-1.707225,-1.706023,5.732782,6.5,6.408,6.5
09:52:34,750,1,subida,-1.707227,-1.706049,5.732782,6.5,6.407,6.5
09:52:34,751,1,subida,-1.707228,-1.706019,5.734766,6.5,6.405,6.5
09:52:34,752,1,subida,-1.707233,-1.706028,5.734766,6.5,6.405,6.5
09:52:35,755,1,subida,-1.707236,-1.706012,5.734766,6.5,6.615,6.5
09:52:35,756,1,subida,-1.707239,-1.706032,5.733789,6.5,6.479,6.5
09:52:35,757,1,subida,-1.707241,-1.706036,5.734735,6.5,6.476,6.5
09:52:35,758,1,subida,-1.707242,-1.706051,5.734735,6.5,6.474,6.5
09:52:35,759,1,subida,-1.707248,-1.706030,5.734033,6.5,6.47,6.5
09:52:35,760,1,subida,-1.707255,-1.706051,5.734033,6.5,6.467,6.5
09:52:35,761,1,subida,-1.707258,-1.706041,5.735162,6.5,6.463,6.5
09:52:35,762,1,subida,-1.707259,-1.706028,5.735162,6.5,6.46,6.5
09:52:35,763,1,subida,-1.707260,-1.706022,5.734460,6.5,6.456,6.5
09:52:35,764,1,subida,-1.707264,-1.706034,5.734460,6.5,6.455,6.5
09:52:35,765,1,subida,-1.707265,-1.706034,5.734979,6.453,6.5,6.5
09:52:35,766,1,subida,-1.707265,-1.706039,5.734979,6.5,6.451,6.5
09:52:35,767,1,subida,-1.707261,-1.706044,5.735406,6.5,6.449,6.5
09:52:35,768,1,subida,-1.707258,-1.706030,5.735406,6.5,6.446,6.5
09:52:35,769,1,subida,-1.707260,-1.706038,5.735071,6.5,6.442,6.5
09:52:35,770,1,subida,-1.707258,-1.706035,5.735071,6.5,6.44,6.5
09:52:35,771,1,subida,-1.707255,-1.706033,5.735651,6.5,6.436,6.5
09:52:35,772,1,subida,-1.707255,-1.706034,5.735651,6.5,6.435,6.5
09:52:35,773,1,subida,-1.707255,-1.706036,5.734460,6.5,6.433,6.5
09:52:35,774,1,subida,-1.707255,-1.706033,5.734460,6.432,6.5,6.5
09:52:35,775,1,subida,-1.707255,-1.706045,5.735284,6.5,6.43,6.5
09:52:36,776,1,subida,-1.707258,-1.706033,5.735284,6.5,6.425,6.5
09:52:36,777,1,subida,-1.707256,-1.706041,5.734491,6.423,6.5,6.5
09:52:36,778,1,subida,-1.707254,-1.706036,5.734491,6.5,6.42,6.5
09:52:36,779,1,subida,-1.707257,-1.706040,5.734521,6.5,6.417,6.5
09:52:36,780,1,subida,-1.707258,-1.706048,5.734430,6.5,6.415,6.5
09:52:36,781,1,subida,-1.707257,-1.706080,5.734430,6.5,6.412,6.5
09:52:36,782,1,subida,-1.707257,-1.706043,5.735315,6.5,6.411,6.5
09:52:36,785,1,subida,-1.707260,-1.706045,5.734979,6.5,6.404,6.5
09:52:36,786,1,subida,-1.707259,-1.706055,5.734979,6.5,6.406,6.5
09:52:36,787,1,subida,-1.707263,-1.706037,5.733697,6.5,6.466,6.5
09:52:36,788,1,subida,-1.707263,-1.706055,5.733697,6.5,6.446,6.5
09:52:36,789,1,subida,-1.707258,-1.706054,5.734766,6.5,6.496,6.5
09:52:36,790,1,subida,-1.707255,-1.706038,5.734766,6.5,6.494,6.5
09:52:36,791,1,subida,-1.707248,-1.706054,5.733911,6.5,6.492,6.5
09:52:36,792,1,subida,-1.707243,-1.706047,5.733911,6.5,6.489,6.5
09:52:36,793,1,subida,-1.707240,-1.706044,5.735254,6.5,6.487,6.5
09:52:36,794,1,subida,-1.707237,-1.706035,5.735254,6.5,6.482,6.5
09:52:36,795,1,subida,-1.707234,-1.706022,5.734949,6.5,6.479,6.5
09:52:37,796,1,subida,-1.707232,-1.706034,5.734949,6.5,6.473,6.5
09:52:37,797,1,subida,-1.707229,-1.706032,5.735651,6.5,6.469,6.5
09:52:37,798,1,subida,-1.707227,-1.706037,5.735651,6.5,6.468,6.5
09:52:37,799,1,subida,-1.707227,-1.706030,5.733758,6.5,6.463,6.5
09:52:37,800,1,subida,-1.707227,-1.706028,5.733758,6.5,6.461,6.5
09:52:37,801,1,subida,-1.707230,-1.706023,5.734552,6.5,6.459,6.5
09:52:37,802,1,subida,-1.707230,-1.706042,5.733484,6.5,6.454,6.5
09:52:37,803,1,subida,-1.707231,-1.706039,5.733484,6.5,6.452,6.5
09:52:37,804,1,subida,-1.707230,-1.706036,5.734460,6.5,6.45,6.5
09:52:37,805,1,subida,-1.707228,-1.706015,5.734460,6.5,6.448,6.5
09:52:37,806,1,subida,-1.707230,-1.706026,5.734064,6.5,6.446,6.5
09:52:37,807,1,subida,-1.707232,-1.706016,5.734064,6.5,6.445,6.5
09:52:37,808,1,subida,-1.707232,-1.706069,5.734033,6.5,6.443,6.5
09:52:37,809,1,subida,-1.707235,-1.706058,5.734033,6.5,6.441,6.5
09:52:37,810,1,subida,-1.707236,-1.706031,5.734247,6.5,6.439,6.5
09:52:37,811,1,subida,-1.707239,-1.706032,5.734247,6.5,6.437,6.5
09:52:37,812,1,subida,-1.707242,-1.706043,5.733209,6.5,6.436,6.5
09:52:37,813,1,subida,-1.707242,-1.706064,5.733209,6.5,6.434,6.5
09:52:37,814,1,subida,-1.707241,-1.706062,5.734430,6.5,6.432,6.5
09:52:37,815,1,subida,-1.707246,-1.706038,5.734430,6.5,6.428,6.5
09:52:37,816,1,subida,-1.707246,-1.706062,5.734735,6.5,6.427,6.5
09:52:37,817,1,subida,-1.707244,-1.706048,5.734735,6.5,6.425,6.5
09:52:37,818,1,subida,-1.707250,-1.706053,5.733484,6.5,6.424,6.5
09:52:37,819,1,subida,-1.707261,-1.706059,5.733484,6.5,6.421,6.5
09:52:38,820,1,subida,-1.707268,-1.706061,5.733453,6.5,6.42,6.5
09:52:38,821,1,subida,-1.707267,-1.706063,5.733453,6.5,6.416,6.5
09:52:38,822,1,subida,-1.707268,-1.706079,5.733331,6.5,6.414,6.5
09:52:38,823,1,subida,-1.707276,-1.706053,5.733331,6.5,6.411,6.5
09:52:38,824,1,subida,-1.707280,-1.706070,5.734918,6.5,6.409,6.5
09:52:38,825,1,subida,-1.707283,-1.706060,5.734918,6.5,6.407,6.5
09:52:38,826,1,subida,-1.707283,-1.706070,5.734918,6.405,6.5,6.5
09:52:38,827,1,subida,-1.707286,-1.706082,5.732690,6.5,6.406,6.5
09:52:38,828,1,subida,-1.707291,-1.706071,5.732690,6.5,6.43,6.5
09:52:38,829,1,subida,-1.707291,-1.706077,5.732599,6.5,6.437,6.5
09:52:38,830,1,subida,-1.707291,-1.706062,5.732599,6.436,6.5,6.5
09:52:38,831,1,subida,-1.707291,-1.706080,5.734460,6.5,6.405,6.5
09:52:38,832,1,subida,-1.707289,-1.706088,5.734460,6.5,6.48,6.5
09:52:38,833,1,subida,-1.707287,-1.706093,5.734704,6.5,6.496,6.5
09:52:38,834,1,subida,-1.707287,-1.706061,5.734704,6.5,6.492,6.5
09:52:38,835,1,subida,-1.707282,-1.706064,5.735467,6.49,6.5,6.5
09:52:38,836,1,subida,-1.707277,-1.706078,5.735467,6.5,6.487,6.5
09:52:38,837,1,subida,-1.707278,-1.706070,5.736017,6.5,6.485,6.5
09:52:38,838,1,subida,-1.707279,-1.706048,5.736017,6.5,6.482,6.5
09:52:38,839,1,subida,-1.707278,-1.706066,5.733942,6.5,6.48,6.5
09:52:38,840,1,subida,-1.707274,-1.706050,5.733942,6.5,6.478,6.5
09:52:38,841,1,subida,-1.707271,-1.706051,5.735590,6.5,6.477,6.5
09:52:38,842,1,subida,-1.707273,-1.706041,5.735590,6.474,6.5,6.5
09:52:39,843,1,subida,-1.707274,-1.706042,5.736413,6.47,6.5,6.5
09:52:39,844,1,subida,-1.707273,-1.706050,5.736413,6.5,6.468,6.5
09:52:39,845,1,subida,-1.707275,-1.706044,5.735498,6.5,6.463,6.5
09:52:39,846,1,subida,-1.707275,-1.706050,5.735498,6.5,6.461,6.5
09:52:39,847,1,subida,-1.707274,-1.706033,5.732660,6.5,6.458,6.5
09:52:39,848,1,subida,-1.707275,-1.706022,5.733057,6.5,6.457,6.5
09:52:39,849,1,subida,-1.707277,-1.706049,5.733057,6.5,6.455,6.5
09:52:39,850,1,subida,-1.707281,-1.706054,5.736017,6.5,6.454,6.5
09:52:39,851,1,subida,-1.707283,-1.706061,5.736017,6.5,6.444,6.5
09:52:39,852,1,subida,-1.707283,-1.706081,5.733636,6.5,6.443,6.5
09:52:39,853,1,subida,-1.707285,-1.706041,5.733636,6.5,6.441,6.5
09:52:39,854,1,subida,-1.707285,-1.706049,5.735315,6.5,6.438,6.5
09:52:39,855,1,subida,-1.707286,-1.706061,5.735315,6.5,6.436,6.5
09:52:39,856,1,subida,-1.707289,-1.706046,5.734094,6.5,6.434,6.5
09:52:39,857,1,subida,-1.707294,-1.706052,5.734094,6.5,6.432,6.5
09:52:39,858,1,subida,-1.707298,-1.706077,5.733911,6.5,6.429,6.5
09:52:39,859,1,subida,-1.707298,-1.706073,5.733911,6.5,6.428,6.5
09:52:39,860,1,subida,-1.707294,-1.706059,5.735773,6.5,6.426,6.5
09:52:39,861,1,subida,-1.707291,-1.706045,5.735773,6.5,6.424,6.5
09:52:39,862,1,subida,-1.707286,-1.706079,5.734155,6.5,6.422,6.5
09:52:39,863,1,subida,-1.707282,-1.706092,5.734155,6.5,6.421,6.5
09:52:39,864,1,subida,-1.707276,-1.706062,5.734735,6.5,6.419,6.5
09:52:39,865,1,subida,-1.707272,-1.706055,5.734735,6.5,6.418,6.5
09:52:40,866,1,subida,-1.707272,-1.706071,5.735315,6.5,6.415,6.5
09:52:40,867,1,subida,-1.707274,-1.706056,5.735315,6.5,6.413,6.5
09:52:40,868,1,subida,-1.707277,-1.706080,5.734094,6.5,6.409,6.5
09:52:40,869,1,subida,-1.707279,-1.706076,5.734094,6.5,6.407,6.5
09:52:40,870,1,subida,-1.707281,-1.706075,5.735101,6.5,6.406,6.5
09:52:40,871,1,subida,-1.707279,-1.706095,5.734125,6.5,6.404,6.5
09:52:40,872,1,subida,-1.707275,-1.706103,5.734125,6.5,6.439,6.5
09:52:40,873,1,subida,-1.707273,-1.706086,5.735345,6.5,6.491,6.5
09:52:40,874,1,subida,-1.707268,-1.706067,5.735345,6.5,6.485,6.5
09:52:40,875,1,subida,-1.707267,-1.706075,5.736536,6.5,6.483,6.5
09:52:40,876,1,subida,-1.707273,-1.706086,5.736536,6.5,6.474,6.5
09:52:40,877,1,subida,-1.707276,-1.706058,5.734003,6.5,6.473,6.5
09:52:40,878,1,subida,-1.707276,-1.706062,5.734003,6.5,6.47,6.5
09:52:40,879,1,subida,-1.707277,-1.706089,5.735193,6.5,6.468,6.5
09:52:40,880,1,subida,-1.707278,-1.706072,5.735193,6.5,6.466,6.5
09:52:40,881,1,subida,-1.707279,-1.706072,5.735803,6.5,6.463,6.5
09:52:40,882,1,subida,-1.707281,-1.706086,5.735803,6.5,6.459,6.5
09:52:40,883,1,subida,-1.707285,-1.706083,5.735559,6.5,6.458,6.5
09:52:40,884,1,subida,-1.707284,-1.706089,5.735559,6.5,6.452,6.5
09:52:41,885,1,subida,-1.707287,-1.706073,5.736017,6.5,6.446,6.5
09:52:41,886,1,subida,-1.707292,-1.706094,5.736017,6.443,6.5,6.5
09:52:41,887,1,subida,-1.707292,-1.706068,5.736047,6.5,6.441,6.5
09:52:41,888,1,subida,-1.707295,-1.706080,5.736047,6.5,6.439,6.5
09:52:41,889,1,subida,-1.707300,-1.706071,5.735834,6.5,6.437,6.5
09:52:41,890,1,subida,-1.707303,-1.706061,5.735834,6.5,6.436,6.5
09:52:41,891,1,subida,-1.707303,-1.706075,5.736108,6.5,6.432,6.5
09:52:41,892,1,subida,-1.707303,-1.706112,5.736108,6.43,6.5,6.5
09:52:41,893,1,subida,-1.707304,-1.706074,5.734979,6.5,6.425,6.5
09:52:41,894,1,subida,-1.707306,-1.706079,5.736688,6.422,6.5,6.5
09:52:41,895,1,subida,-1.707308,-1.706081,5.736688,6.5,6.442,6.5
09:52:41,896,1,subida,-1.707310,-1.706077,5.735284,6.5,6.771,6.5
09:52:41,897,1,subida,-1.707308,-1.706072,5.735284,6.5,6.424,6.5
09:52:41,898,1,subida,-1.707305,-1.706057,5.734704,6.5,6.494,6.5
09:52:41,899,1,subida,-1.707300,-1.706068,5.734704,6.5,6.489,6.5
09:52:41,900,1,subida,-1.707295,-1.706051,5.735925,6.487,6.5,6.5
09:52:41,901,1,subida,-1.707291,-1.706063,5.735925,6.5,6.484,6.5
09:52:41,902,1,subida,-1.707289,-1.706051,5.735620,6.5,6.483,6.5
09:52:41,903,1,subida,-1.707284,-1.706040,5.735620,6.5,6.481,6.5
09:52:42,904,1,subida,-1.707280,-1.706055,5.736688,6.5,6.477,6.5
09:52:42,905,1,subida,-1.707280,-1.706049,5.736688,6.5,6.475,6.5
09:52:42,906,1,subida,-1.707280,-1.706049,5.735681,6.5,6.473,6.5
09:52:42,907,1,subida,-1.707281,-1.706044,5.735681,6.5,6.47,6.5
09:52:42,908,1,subida,-1.707283,-1.706045,5.734827,6.5,6.468,6.5
09:52:42,909,1,subida,-1.707283,-1.706036,5.734827,6.5,6.465,6.5
09:52:42,910,1,subida,-1.707282,-1.706059,5.735712,6.5,6.463,6.5
09:52:42,911,1,subida,-1.707281,-1.706061,5.735712,6.5,6.46,6.5
09:52:42,912,1,subida,-1.707281,-1.706062,5.734735,6.5,6.459,6.5
09:52:42,913,1,subida,-1.707282,-1.706068,5.734735,6.5,6.456,6.5
09:52:42,914,1,subida,-1.707285,-1.706060,5.735590,6.5,6.455,6.5
09:52:42,915,1,subida,-1.707289,-1.706052,5.735406,6.5,6.453,6.5
09:52:42,916,1,subida,-1.707290,-1.706042,5.735406,6.5,6.452,6.5
09:52:42,917,1,subida,-1.707292,-1.706055,5.733362,6.5,6.446,6.5
09:52:42,918,1,subida,-1.707294,-1.706064,5.733362,6.5,6.441,6.5
09:52:42,919,1,subida,-1.707295,-1.706058,5.736810,6.5,6.438,6.5
09:52:42,920,1,subida,-1.707295,-1.706057,5.736810,6.5,6.437,6.5
09:52:42,921,1,subida,-1.707295,-1.706047,5.735803,6.5,6.435,6.5
09:52:42,922,1,subida,-1.707294,-1.706061,5.735803,6.5,6.433,6.5
09:52:42,923,1,subida,-1.707296,-1.706060,5.734735,6.5,6.431,6.5
09:52:42,924,1,subida,-1.707300,-1.706061,5.734735,6.5,6.43,6.5
09:52:42,925,1,subida,-1.707302,-1.706056,5.735895,6.5,6.426,6.5
09:52:42,926,1,subida,-1.707304,-1.706054,5.735895,6.5,6.423,6.5
09:52:43,927,1,subida,-1.707309,-1.706071,5.736658,6.5,6.422,6.5
09:52:43,928,1,subida,-1.707320,-1.706047,5.736658,6.5,6.42,6.5
09:52:43,929,1,subida,-1.707324,-1.706079,5.734643,6.5,6.418,6.5
09:52:43,930,1,subida,-1.707317,-1.706078,5.734643,6.5,6.416,6.5
09:52:43,931,1,subida,-1.707313,-1.706075,5.734674,6.5,6.415,6.5
09:52:43,932,1,subida,-1.707309,-1.706081,5.734674,6.5,6.413,6.5
09:52:43,933,1,subida,-1.707307,-1.706079,5.735101,6.5,6.412,6.5
09:52:43,934,1,subida,-1.707308,-1.706063,5.735101,6.5,6.409,6.5
09:52:43,935,1,subida,-1.707313,-1.706080,5.734979,6.5,6.409,6.5
09:52:43,936,1,subida,-1.707319,-1.706084,5.734979,6.5,6.405,6.5
09:52:43,937,1,subida,-1.707319,-1.706088,5.734704,6.5,6.414,6.5
09:52:43,938,1,subida,-1.707314,-1.706086,5.735223,6.5,6.437,6.5
09:52:43,939,1,subida,-1.707312,-1.706042,5.735223,6.5,6.439,6.5
09:52:43,940,1,subida,-1.707316,-1.706056,5.735803,6.5,6.514,6.5
09:52:43,941,1,subida,-1.707312,-1.706054,5.735803,6.5,6.491,6.5
09:52:43,942,1,subida,-1.707308,-1.706062,5.737390,6.5,6.48,6.5
09:52:43,943,1,subida,-1.707310,-1.706068,5.737390,6.478,6.5,6.5
09:52:43,944,1,subida,-1.707312,-1.706055,5.734735,6.5,6.473,6.5
09:52:43,945,1,subida,-1.707315,-1.706063,5.734735,6.5,6.469,6.5
09:52:43,946,1,subida,-1.707317,-1.706078,5.735803,6.468,6.5,6.5
09:52:43,947,1,subida,-1.707319,-1.706044,5.735803,6.5,6.463,6.5
09:52:43,948,1,subida,-1.707322,-1.706046,5.735681,6.5,6.461,6.5
09:52:44,949,1,subida,-1.707324,-1.706057,5.735681,6.5,6.46,6.5
09:52:44,950,1,subida,-1.707323,-1.706069,5.735284,6.458,6.5,6.5
09:52:44,951,1,subida,-1.707322,-1.706060,5.735284,6.5,6.456,6.5
09:52:44,952,1,subida,-1.707321,-1.706041,5.736047,6.5,6.452,6.5
09:52:44,953,1,subida,-1.707326,-1.706037,5.736047,6.449,6.5,6.5
09:52:44,954,1,subida,-1.707331,-1.706078,5.734888,6.5,6.447,6.5
09:52:44,955,1,subida,-1.707330,-1.706048,5.734888,6.445,6.5,6.5
09:52:44,956,1,subida,-1.707325,-1.706059,5.734796,6.5,6.441,6.5
09:52:44,957,1,subida,-1.707315,-1.706058,5.734796,6.44,6.5,6.5
09:52:44,958,1,subida,-1.707305,-1.706070,5.735986,6.5,6.438,6.5
09:52:44,959,1,subida,-1.707303,-1.706046,5.735986,6.436,6.5,6.5
09:52:44,960,1,subida,-1.707299,-1.706058,5.735284,6.5,6.432,6.5
09:52:44,961,1,subida,-1.707294,-1.706063,5.735559,6.5,6.43,6.5
09:52:44,962,1,subida,-1.707295,-1.706049,5.735559,6.5,6.428,6.5
09:52:44,963,1,subida,-1.707295,-1.706060,5.735956,6.5,6.427,6.5
09:52:44,964,1,subida,-1.707292,-1.706084,5.735956,6.5,6.425,6.5
09:52:44,965,1,subida,-1.707291,-1.706049,5.735193,6.423,6.5,6.5
09:52:44,966,1,subida,-1.707289,-1.706074,5.735193,6.5,6.42,6.5
09:52:44,967,1,subida,-1.707292,-1.706071,5.736475,6.5,6.441,6.5
09:52:44,968,1,subida,-1.707293,-1.706083,5.736475,6.5,6.43,6.5
09:52:44,969,1,subida,-1.707289,-1.706056,5.735437,6.5,6.496,6.5
09:52:44,970,1,subida,-1.707286,-1.706048,5.735437,6.5,6.493,6.5
09:52:44,971,1,subida,-1.707283,-1.706063,5.735590,6.5,6.491,6.5
09:52:45,972,1,subida,-1.707286,-1.706039,5.735590,6.5,6.489,6.5
09:52:45,973,1,subida,-1.707290,-1.706043,5.734704,6.5,6.486,6.5
09:52:45,974,1,subida,-1.707291,-1.706058,5.734704,6.5,6.482,6.5
09:52:45,975,1,subida,-1.707292,-1.706043,5.735986,6.5,6.481,6.5
09:52:45,976,1,subida,-1.707294,-1.706050,5.735986,6.5,6.478,6.5
09:52:45,977,1,subida,-1.707294,-1.706061,5.735742,6.5,6.476,6.5
09:52:45,978,1,subida,-1.707294,-1.706055,5.735742,6.5,6.473,6.5
09:52:45,979,1,subida,-1.707295,-1.706066,5.734674,6.5,6.47,6.5
09:52:45,980,1,subida,-1.707294,-1.706061,5.734674,6.5,6.468,6.5
09:52:45,981,1,subida,-1.707295,-1.706060,5.733972,6.5,6.467,6.5
09:52:45,982,1,subida,-1.707299,-1.706034,5.733972,6.5,6.464,6.5
09:52:45,983,1,subida,-1.707302,-1.706047,5.734216,6.5,6.462,6.5
09:52:45,984,1,subida,-1.707304,-1.706065,5.735101,6.5,6.46,6.5
09:52:45,985,1,subida,-1.707306,-1.706051,5.735101,6.5,6.457,6.5
09:52:45,986,1,subida,-1.707310,-1.706065,5.734766,6.5,6.454,6.5
09:52:45,987,1,subida,-1.707312,-1.706076,5.734766,6.5,6.45,6.5
09:52:45,988,1,subida,-1.707315,-1.706059,5.735406,6.5,6.446,6.5
09:52:45,989,1,subida,-1.707315,-1.706070,5.735406,6.5,6.444,6.5
09:52:45,990,1,subida,-1.707313,-1.706077,5.735162,6.5,6.443,6.5
09:52:45,991,1,subida,-1.707315,-1.706082,5.735162,6.5,6.441,6.5
09:52:45,992,1,subida,-1.707319,-1.706081,5.737054,6.5,6.44,6.5
09:52:45,993,1,subida,-1.707317,-1.706070,5.737054,6.5,6.438,6.5
09:52:45,994,1,subida,-1.707313,-1.706085,5.735071,6.5,6.436,6.5
09:52:45,995,1,subida,-1.707312,-1.706073,5.735071,6.5,6.433,6.5
09:52:46,996,1,subida,-1.707310,-1.706077,5.734674,6.5,6.428,6.5
09:52:46,997,1,subida,-1.707308,-1.706071,5.734674,6.5,6.425,6.5
09:52:46,998,1,subida,-1.707305,-1.706081,5.735437,6.5,6.423,6.5
09:52:46,999,1,subida,-1.707301,-1.706077,5.735437,6.5,6.422,6.5
09:52:46,1000,1,subida,-1.707299,-1.706079,5.735712,6.5,6.419,6.5
09:52:46,1003,1,subida,-1.707298,-1.706111,5.735864,6.5,6.408,6.5
09:52:46,1004,1,subida,-1.707296,-1.706106,5.735864,6.5,6.41,6.5
09:52:46,1005,1,subida,-1.707296,-1.706123,5.736566,6.5,6.426,6.5
09:52:46,1006,1,subida,-1.707295,-1.706095,5.736352,6.5,6.436,6.5
09:52:46,1007,1,subida,-1.707295,-1.706113,5.736352,6.427,6.5,6.5
09:52:46,1008,1,subida,-1.707296,-1.706084,5.735742,6.5,6.472,6.5
09:52:46,1009,1,subida,-1.707296,-1.706097,5.735742,6.476,6.5,6.5
09:52:46,1010,1,subida,-1.707296,-1.706094,5.735742,6.5,6.474,6.5
09:52:46,1011,1,subida,-1.707299,-1.706105,5.735742,6.471,6.5,6.5
09:52:47,1012,1,subida,-1.707303,-1.706102,5.737421,6.5,6.462,6.5
09:52:47,1013,1,subida,-1.707305,-1.706114,5.737421,6.5,6.458,6.5
09:52:47,1014,1,subida,-1.707305,-1.706118,5.734704,6.456,6.5,6.5
09:52:47,1015,1,subida,-1.707307,-1.706115,5.734704,6.5,6.452,6.5
09:52:47,1016,1,subida,-1.707309,-1.706101,5.735345,6.5,6.45,6.5
09:52:47,1017,1,subida,-1.707311,-1.706105,5.735345,6.5,6.445,6.5
09:52:47,1018,1,subida,-1.707310,-1.706126,5.737970,6.5,6.44,6.5
09:52:47,1019,1,subida,-1.707303,-1.706104,5.737970,6.5,6.436,6.5
09:52:47,1024,1,subida,-1.707297,-1.706097,5.736261,6.5,6.423,6.5
09:52:47,1025,1,subida,-1.707292,-1.706108,5.736261,6.5,6.422,6.5
09:52:47,1026,1,subida,-1.707292,-1.706106,5.737176,6.5,6.421,6.5
09:52:47,1027,1,subida,-1.707294,-1.706104,5.737176,6.5,6.419,6.5
09:52:47,1028,1,subida,-1.707294,-1.706108,5.736108,6.5,6.428,6.5
09:52:47,1029,1,subida,-1.707292,-1.706103,5.736108,6.5,6.521,6.5
09:52:47,1030,1,subida,-1.707291,-1.706108,5.735742,6.5,6.499,6.5
09:52:47,1031,1,subida,-1.707291,-1.706100,5.734888,6.5,6.499,6.5
09:52:47,1032,1,subida,-1.707296,-1.706093,5.734888,6.5,6.495,6.5
09:52:48,1033,1,subida,-1.707304,-1.706093,5.735986,6.5,6.494,6.5
09:52:48,1034,1,subida,-1.707305,-1.706109,5.735986,6.5,6.491,6.5
09:52:48,1035,1,subida,-1.707304,-1.706098,5.735406,6.5,6.488,6.5
09:52:48,1036,1,subida,-1.707303,-1.706083,5.735406,6.5,6.485,6.5
09:52:48,1037,1,subida,-1.707304,-1.706091,5.736230,6.5,6.482,6.5
09:52:48,1038,1,subida,-1.707306,-1.706082,5.736230,6.5,6.48,6.5
09:52:48,1039,1,subida,-1.707308,-1.706085,5.734155,6.5,6.477,6.5
09:52:48,1040,1,subida,-1.707307,-1.706086,5.734155,6.5,6.474,6.5
09:52:48,1041,1,subida,-1.707308,-1.706096,5.735742,6.5,6.471,6.5
09:52:48,1042,1,subida,-1.707313,-1.706080,5.735742,6.5,6.468,6.5
09:52:48,1043,1,subida,-1.707317,-1.706074,5.736597,6.5,6.464,6.5
09:52:48,1044,1,subida,-1.707320,-1.706078,5.736597,6.5,6.461,6.5
09:52:48,1045,1,subida,-1.707324,-1.706081,5.735071,6.5,6.458,6.5
09:52:48,1046,1,subida,-1.707328,-1.706073,5.735071,6.5,6.457,6.5
09:52:48,1047,1,subida,-1.707331,-1.706075,5.735162,6.5,6.454,6.5
09:52:48,1048,1,subida,-1.707331,-1.706063,5.735162,6.5,6.452,6.5
09:52:48,1049,1,subida,-1.707334,-1.706066,5.735956,6.5,6.45,6.5
09:52:48,1050,1,subida,-1.707335,-1.706077,5.735956,6.5,6.448,6.5
09:52:48,1051,1,subida,-1.707336,-1.706083,5.735040,6.5,6.445,6.5
09:52:48,1052,1,subida,-1.707343,-1.706082,5.735040,6.5,6.443,6.5
09:52:48,1053,1,subida,-1.707348,-1.706079,5.735406,6.5,6.441,6.5
09:52:48,1054,1,subida,-1.707348,-1.706100,5.736261,6.5,6.439,6.5
09:52:48,1055,1,subida,-1.707352,-1.706088,5.736261,6.5,6.436,6.5
09:52:49,1056,1,subida,-1.707361,-1.706085,5.734582,6.5,6.435,6.5
09:52:49,1057,1,subida,-1.707363,-1.706090,5.734582,6.5,6.432,6.5
09:52:49,1058,1,subida,-1.707358,-1.706074,5.735925,6.5,6.431,6.5
09:52:49,1059,1,subida,-1.707352,-1.706096,5.735925,6.429,6.5,6.5
09:52:49,1060,1,subida,-1.707351,-1.706077,5.733758,6.5,6.427,6.5
09:52:49,1061,1,subida,-1.707354,-1.706109,5.733758,6.5,6.425,6.5
09:52:49,1062,1,subida,-1.707353,-1.706095,5.736200,6.5,6.421,6.5
09:52:49,1063,1,subida,-1.707353,-1.706089,5.736200,6.5,6.42,6.5
09:52:49,1064,1,subida,-1.707353,-1.706098,5.736200,6.5,6.418,6.5
09:52:49,1065,1,subida,-1.707354,-1.706106,5.736200,6.5,6.416,6.5
09:52:49,1066,1,subida,-1.707353,-1.706104,5.734918,6.5,6.413,6.5
09:52:49,1067,1,subida,-1.707352,-1.706082,5.734918,6.5,6.41,6.5
09:52:49,1068,1,subida,-1.707353,-1.706098,5.734399,6.5,6.409,6.5
09:52:49,1069,1,subida,-1.707349,-1.706100,5.734399,6.5,6.407,6.5
09:52:49,1070,1,subida,-1.707349,-1.706110,5.733728,6.404,6.5,6.5
09:52:49,1071,1,subida,-1.707355,-1.706119,5.733728,6.5,6.411,6.5
09:52:49,1072,1,subida,-1.707357,-1.706116,5.735651,6.5,6.471,6.5
09:52:49,1073,1,subida,-1.707360,-1.706112,5.735651,6.5,6.464,6.5
09:52:49,1074,1,subida,-1.707364,-1.706101,5.735040,6.5,6.462,6.5
09:52:49,1075,1,subida,-1.707359,-1.706112,5.735040,6.46,6.5,6.5
09:52:49,1076,1,subida,-1.707353,-1.706095,5.735101,6.5,6.458,6.5
09:52:49,1077,1,subida,-1.707351,-1.706121,5.736230,6.5,6.456,6.5
09:52:49,1078,1,subida,-1.707350,-1.706095,5.736230,6.5,6.454,6.5
09:52:50,1079,1,subida,-1.707344,-1.706094,5.737176,6.45,6.5,6.5
09:52:50,1080,1,subida,-1.707340,-1.706100,5.737176,6.5,6.448,6.5
09:52:50,1081,1,subida,-1.707340,-1.706111,5.735467,6.5,6.445,6.5
09:52:50,1082,1,subida,-1.707335,-1.706101,5.735467,6.5,6.441,6.5
09:52:50,1085,1,subida,-1.707328,-1.706130,5.734888,6.5,6.434,6.5
09:52:50,1086,1,subida,-1.707324,-1.706112,5.735681,6.5,6.432,6.5
09:52:50,1087,1,subida,-1.707323,-1.706124,5.735681,6.5,6.429,6.5
09:52:50,1088,1,subida,-1.707322,-1.706087,5.735773,6.5,6.427,6.5
09:52:50,1089,1,subida,-1.707317,-1.706105,5.735773,6.5,6.425,6.5
09:52:50,1090,1,subida,-1.707312,-1.706112,5.734399,6.5,6.423,6.5
09:52:50,1091,1,subida,-1.707314,-1.706108,5.734399,6.5,6.422,6.5
09:52:50,1092,1,subida,-1.706993,-1.705778,5.740045,6.8,6.764,6.8
09:53:51,1093,1,subida,-1.706998,-1.705769,5.740045,6.8,6.702,6.8
09:53:52,1096,1,subida,-1.707002,-1.705785,5.741663,6.8,6.785,6.8
09:53:52,1097,1,subida,-1.706998,-1.705771,5.742059,6.8,6.796,6.8
09:53:52,1098,1,subida,-1.706995,-1.705758,5.742059,6.8,6.794,6.8
09:53:52,1099,1,subida,-1.706996,-1.705744,5.740503,6.8,6.79,6.8
09:53:52,1100,1,subida,-1.706993,-1.705757,5.740503,6.8,6.787,6.8
09:53:52,1101,1,subida,-1.706991,-1.705727,5.740686,6.8,6.781,6.8
09:53:52,1102,1,subida,-1.706988,-1.705745,5.740686,6.8,6.778,6.8
09:53:52,1103,1,subida,-1.706983,-1.705740,5.740808,6.8,6.776,6.8
09:53:52,1104,1,subida,-1.706983,-1.705756,5.740808,6.8,6.773,6.8
09:53:52,1105,1,subida,-1.706984,-1.705752,5.740655,6.8,6.77,6.8
09:53:52,1106,1,subida,-1.706979,-1.705746,5.740533,6.8,6.766,6.8
09:53:52,1107,1,subida,-1.706973,-1.705730,5.740533,6.8,6.763,6.8
09:53:52,1108,1,subida,-1.706974,-1.705740,5.740533,6.8,6.76,6.8
09:53:52,1109,1,subida,-1.706975,-1.705748,5.740533,6.8,6.757,6.8
09:53:52,1110,1,subida,-1.706976,-1.705746,5.741968,6.8,6.752,6.8
09:53:52,1111,1,subida,-1.706980,-1.705753,5.741968,6.8,6.749,6.8
09:53:52,1112,1,subida,-1.706982,-1.705739,5.740411,6.8,6.746,6.8
09:53:52,1113,1,subida,-1.706984,-1.705733,5.740411,6.8,6.744,6.8
09:53:53,1114,1,subida,-1.706986,-1.705744,5.741174,6.8,6.738,6.8
09:53:53,1115,1,subida,-1.706985,-1.705765,5.741174,6.8,6.733,6.8
09:53:53,1116,1,subida,-1.706979,-1.705738,5.739984,6.731,6.8,6.8
09:53:53,1117,1,subida,-1.706975,-1.705773,5.739984,6.8,6.729,6.8
09:53:53,1118,1,subida,-1.706979,-1.705742,5.741846,6.727,6.8,6.8
09:53:53,1119,1,subida,-1.706982,-1.705753,5.741846,6.8,6.725,6.8
09:53:53,1120,1,subida,-1.706988,-1.705746,5.740900,6.8,6.724,6.8
09:53:53,1121,1,subida,-1.706990,-1.705758,5.740900,6.8,6.716,6.8
09:53:53,1122,1,subida,-1.706987,-1.705787,5.741876,6.8,6.713,6.8
09:53:53,1123,1,subida,-1.706989,-1.705769,5.741876,6.8,6.712,6.8
09:53:53,1124,1,subida,-1.706991,-1.705765,5.742151,6.8,6.709,6.8
09:53:53,1125,1,subida,-1.706991,-1.705767,5.742151,6.8,6.705,6.8
09:53:53,1126,1,subida,-1.706994,-1.705764,5.741327,6.8,6.705,6.8
09:53:53,1127,1,subida,-1.707000,-1.705804,5.741327,6.8,6.729,6.8
09:53:53,1128,1,subida,-1.707002,-1.705787,5.740533,6.8,6.866,6.8
09:53:53,1129,1,subida,-1.707003,-1.705765,5.741357,6.8,6.783,6.8
09:53:54,1132,1,subida,-1.707011,-1.705766,5.740777,6.8,6.765,6.8
09:53:54,1133,1,subida,-1.707014,-1.705754,5.740777,6.8,6.762,6.8
09:53:54,1134,1,subida,-1.707006,-1.705747,5.741205,6.8,6.758,6.8
09:53:54,1135,1,subida,-1.707001,-1.705738,5.741205,6.8,6.754,6.8
09:53:54,1136,1,subida,-1.706997,-1.705741,5.740930,6.8,6.748,6.8
09:53:54,1137,1,subida,-1.706995,-1.705753,5.740930,6.8,6.745,6.8
09:53:54,1138,1,subida,-1.706996,-1.705761,5.740442,6.8,6.744,6.8
09:53:54,1139,1,subida,-1.706994,-1.705761,5.740442,6.8,6.742,6.8
09:53:54,1140,1,subida,-1.706993,-1.705741,5.740564,6.8,6.739,6.8
09:53:54,1141,1,subida,-1.706993,-1.705759,5.740564,6.8,6.736,6.8
09:53:54,1142,1,subida,-1.706993,-1.705740,5.741449,6.8,6.733,6.8
09:53:54,1143,1,subida,-1.706993,-1.705763,5.741449,6.8,6.73,6.8
09:53:54,1144,1,subida,-1.706993,-1.705769,5.739587,6.8,6.724,6.8
09:53:54,1145,1,subida,-1.706993,-1.705762,5.739587,6.8,6.721,6.8
09:53:54,1146,1,subida,-1.706991,-1.705754,5.741785,6.8,6.717,6.8
09:53:54,1147,1,subida,-1.706994,-1.705763,5.741785,6.8,6.73,6.8
09:53:54,1148,1,subida,-1.706999,-1.705755,5.740625,6.8,6.33,6.8
09:53:55,1149,1,subida,-1.707003,-1.705747,5.740625,6.8,6.801,6.8
09:53:55,1150,1,subida,-1.707003,-1.705747,5.742486,6.8,6.797,6.8
09:53:55,1151,1,subida,-1.707007,-1.705742,5.739160,6.8,6.791,6.8
09:53:55,1152,1,subida,-1.707015,-1.705748,5.739160,6.8,6.788,6.8
09:53:55,1153,1,subida,-1.707016,-1.705741,5.739648,6.8,6.787,6.8
09:53:55,1154,1,subida,-1.707013,-1.705756,5.739648,6.8,6.784,6.8
09:53:55,1155,1,subida,-1.707006,-1.705743,5.741205,6.8,6.781,6.8
09:53:55,1156,1,subida,-1.706999,-1.705748,5.741205,6.8,6.778,6.8
09:53:55,1157,1,subida,-1.707000,-1.705740,5.743097,6.8,6.773,6.8
09:53:55,1158,1,subida,-1.706999,-1.705742,5.743097,6.8,6.772,6.8
09:53:55,1159,1,subida,-1.706998,-1.705741,5.740961,6.8,6.768,6.8
09:53:55,1160,1,subida,-1.707000,-1.705739,5.740961,6.8,6.765,6.8
09:53:55,1161,1,subida,-1.706998,-1.705744,5.740777,6.8,6.762,6.8
09:53:55,1162,1,subida,-1.706997,-1.705743,5.740777,6.8,6.76,6.8
09:53:55,1163,1,subida,-1.706994,-1.705766,5.742334,6.8,6.758,6.8
09:53:55,1164,1,subida,-1.706990,-1.705741,5.742334,6.8,6.75,6.8
09:53:55,1165,1,subida,-1.706984,-1.705715,5.741968,6.749,6.8,6.8
09:53:55,1166,1,subida,-1.706984,-1.705730,5.741968,6.8,6.746,6.8
09:53:55,1167,1,subida,-1.706990,-1.705738,5.740411,6.8,6.743,6.8
09:53:56,1168,1,subida,-1.706990,-1.705738,5.740411,6.8,6.741,6.8
09:53:56,1169,1,subida,-1.706985,-1.705743,5.741571,6.74,6.8,6.8
09:53:56,1170,1,subida,-1.706982,-1.705736,5.741571,6.8,6.738,6.8
09:53:56,1171,1,subida,-1.706981,-1.705755,5.741022,6.8,6.732,6.8
09:53:56,1172,1,subida,-1.706980,-1.705746,5.741022,6.8,6.724,6.8
09:53:56,1173,1,subida,-1.706983,-1.705745,5.741754,6.8,6.721,6.8
09:53:56,1174,1,subida,-1.706980,-1.705751,5.742151,6.8,6.719,6.8
09:53:56,1175,1,subida,-1.706976,-1.705753,5.742151,6.718,6.8,6.8
09:53:56,1176,1,subida,-1.706979,-1.705759,5.740015,6.8,6.716,6.8
09:53:56,1177,1,subida,-1.706985,-1.705737,5.740015,6.8,6.714,6.8
09:53:56,1178,1,subida,-1.706986,-1.705748,5.739496,6.8,6.712,6.8
09:53:56,1179,1,subida,-1.706988,-1.705764,5.739496,6.8,6.703,6.8
09:53:56,1180,1,subida,-1.706990,-1.705758,5.742029,6.8,6.887,6.8
09:53:56,1181,1,subida,-1.706989,-1.705767,5.742029,6.8,6.803,6.8
09:53:56,1182,1,subida,-1.706989,-1.705763,5.740350,6.8,6.787,6.8
09:53:56,1183,1,subida,-1.706993,-1.705728,5.740350,6.8,6.782,6.8
09:53:57,1184,1,subida,-1.706993,-1.705728,5.740320,6.8,6.77,6.8
09:53:57,1185,1,subida,-1.706989,-1.705738,5.740320,6.8,6.767,6.8
09:53:57,1186,1,subida,-1.706990,-1.705721,5.741815,6.8,6.764,6.8
09:53:57,1187,1,subida,-1.706992,-1.705741,5.741815,6.8,6.762,6.8
09:53:57,1188,1,subida,-1.706996,-1.705748,5.740533,6.8,6.76,6.8
09:53:57,1189,1,subida,-1.706997,-1.705728,5.740533,6.8,6.757,6.8
09:53:57,1190,1,subida,-1.706995,-1.705746,5.740930,6.8,6.752,6.8
09:53:57,1191,1,subida,-1.706991,-1.705738,5.740930,6.8,6.75,6.8
09:53:57,1192,1,subida,-1.706986,-1.705743,5.741174,6.8,6.748,6.8
09:53:57,1193,1,subida,-1.706987,-1.705737,5.741174,6.8,6.745,6.8
09:53:57,1194,1,subida,-1.706984,-1.705731,5.740777,6.8,6.743,6.8
09:53:57,1195,1,subida,-1.706977,-1.705744,5.740777,6.8,6.74,6.8
09:53:57,1196,1,subida,-1.706977,-1.705721,5.740716,6.8,6.738,6.8
09:53:57,1197,1,subida,-1.706976,-1.705743,5.739954,6.8,6.735,6.8
09:53:57,1198,1,subida,-1.706973,-1.705753,5.739954,6.8,6.73,6.8
09:53:57,1199,1,subida,-1.706974,-1.705753,5.739557,6.8,6.725,6.8
09:53:57,1200,1,subida,-1.706975,-1.705746,5.739557,6.8,6.724,6.8
09:53:57,1201,1,subida,-1.706977,-1.705737,5.740777,6.8,6.722,6.8
09:53:57,1202,1,subida,-1.706978,-1.705738,5.740777,6.8,6.719,6.8
09:53:58,1203,1,subida,-1.706977,-1.705746,5.740320,6.8,6.716,6.8
09:53:58,1204,1,subida,-1.706978,-1.705768,5.740320,6.8,6.715,6.8
09:53:58,1205,1,subida,-1.706980,-1.705752,5.740961,6.8,6.713,6.8
09:53:58,1206,1,subida,-1.706985,-1.705758,5.740961,6.8,6.712,6.8
09:53:58,1207,1,subida,-1.706988,-1.705764,5.740930,6.8,6.709,6.8
09:53:58,1208,1,subida,-1.706988,-1.705764,5.740930,6.8,6.706,6.8
09:53:58,1209,1,subida,-1.706993,-1.705759,5.740106,6.8,6.705,6.8
09:53:58,1210,1,subida,-1.706995,-1.705751,5.740106,6.8,6.703,6.8
09:53:58,1211,1,subida,-1.706995,-1.705769,5.739984,6.8,6.713,6.8
09:53:58,1212,1,subida,-1.707000,-1.705772,5.739984,6.8,6.874,6.8
09:53:58,1213,1,subida,-1.707001,-1.705778,5.740106,6.8,6.784,6.8
09:53:58,1214,1,subida,-1.707000,-1.705749,5.740106,6.8,6.776,6.8
09:53:58,1215,1,subida,-1.707005,-1.705773,5.740198,6.8,6.773,6.8
09:53:58,1216,1,subida,-1.707006,-1.705750,5.740198,6.8,6.769,6.8
09:53:58,1217,1,subida,-1.707002,-1.705738,5.740930,6.8,6.761,6.8
09:53:58,1218,1,subida,-1.707006,-1.705745,5.740930,6.8,6.759,6.8
09:53:58,1219,1,subida,-1.707011,-1.705755,5.740930,6.8,6.757,6.8
09:53:58,1220,1,subida,-1.707009,-1.705764,5.741540,6.8,6.754,6.8
09:53:58,1221,1,subida,-1.707005,-1.705768,5.741540,6.8,6.752,6.8
09:53:58,1222,1,subida,-1.707000,-1.705742,5.740869,6.8,6.749,6.8
09:53:58,1223,1,subida,-1.706996,-1.705733,5.740869,6.8,6.747,6.8
09:53:58,1224,1,subida,-1.706996,-1.705745,5.742364,6.8,6.744,6.8
09:53:59,1225,1,subida,-1.706995,-1.705760,5.742364,6.8,6.741,6.8
09:53:59,1226,1,subida,-1.706995,-1.705751,5.740808,6.8,6.735,6.8
09:53:59,1227,1,subida,-1.706995,-1.705755,5.740808,6.8,6.73,6.8
09:53:59,1228,1,subida,-1.706994,-1.705753,5.741052,6.727,6.8,6.8
09:53:59,1229,1,subida,-1.706992,-1.705764,5.741052,6.8,6.723,6.8
09:53:59,1230,1,subida,-1.706993,-1.705769,5.740900,6.8,6.847,6.8
09:53:59,1231,1,subida,-1.706991,-1.705742,5.740900,6.8,6.793,6.8
09:53:59,1232,1,subida,-1.706985,-1.705739,5.741571,6.8,6.81,6.8
09:53:59,1233,1,subida,-1.706981,-1.705749,5.741571,6.8,6.808,6.8
09:53:59,1234,1,subida,-1.706985,-1.705750,5.739831,6.8,6.805,6.8
09:53:59,1235,1,subida,-1.706987,-1.705744,5.739831,6.804,6.8,6.8
09:53:59,1236,1,subida,-1.706986,-1.705729,5.741052,6.8,6.798,6.8
09:53:59,1237,1,subida,-1.706987,-1.705731,5.741052,6.8,6.793,6.8
09:53:59,1238,1,subida,-1.706991,-1.705722,5.741266,6.8,6.789,6.8
09:53:59,1239,1,subida,-1.706995,-1.705746,5.741266,6.8,6.784,6.8
09:53:59,1240,1,subida,-1.706994,-1.705725,5.739862,6.782,6.8,6.8
09:54:00,1241,1,subida,-1.706992,-1.705725,5.739862,6.8,6.78,6.8
09:54:00,1242,1,subida,-1.706989,-1.705718,5.741754,6.8,6.776,6.8
09:54:00,1243,1,subida,-1.706985,-1.705716,5.741601,6.8,6.773,6.8
09:54:00,1244,1,subida,-1.706982,-1.705719,5.741601,6.8,6.766,6.8
09:54:00,1245,1,subida,-1.706978,-1.705734,5.741601,6.8,6.763,6.8
09:54:00,1246,1,subida,-1.706973,-1.705723,5.741601,6.8,6.76,6.8
09:54:00,1247,1,subida,-1.706970,-1.705714,5.742273,6.8,6.758,6.8
09:54:00,1248,1,subida,-1.706968,-1.705714,5.742273,6.8,6.756,6.8
09:54:00,1249,1,subida,-1.706966,-1.705723,5.740930,6.8,6.754,6.8
09:54:00,1250,1,subida,-1.706970,-1.705716,5.740930,6.8,6.75,6.8
09:54:00,1251,1,subida,-1.706967,-1.705728,5.740472,6.8,6.746,6.8
09:54:00,1252,1,subida,-1.706960,-1.705751,5.740472,6.8,6.741,6.8
09:54:00,1253,1,subida,-1.706961,-1.705721,5.740381,6.8,6.737,6.8
09:54:00,1254,1,subida,-1.706964,-1.705739,5.740381,6.8,6.735,6.8
09:54:00,1255,1,subida,-1.706964,-1.705755,5.739984,6.8,6.731,6.8
09:54:00,1256,1,subida,-1.706964,-1.705743,5.739984,6.8,6.726,6.8
09:54:01,1257,1,subida,-1.706964,-1.705737,5.740839,6.8,6.722,6.8
09:54:01,1258,1,subida,-1.706967,-1.705722,5.740839,6.8,6.719,6.8
09:54:01,1259,1,subida,-1.706970,-1.705760,5.740442,6.8,6.717,6.8
09:54:01,1260,1,subida,-1.706969,-1.705755,5.740442,6.8,6.715,6.8
09:54:01,1261,1,subida,-1.706966,-1.705773,5.741022,6.8,6.714,6.8
09:54:01,1262,1,subida,-1.706964,-1.705770,5.741022,6.712,6.8,6.8
09:54:01,1263,1,subida,-1.706967,-1.705760,5.742364,6.8,6.71,6.8
09:54:01,1264,1,subida,-1.706967,-1.705767,5.740564,6.708,6.8,6.8
09:54:01,1265,1,subida,-1.706976,-1.705765,5.740564,6.8,6.703,6.8
09:54:01,1266,1,subida,-1.706986,-1.705759,5.739954,6.8,6.721,6.8
09:54:01,1267,1,subida,-1.706987,-1.705769,5.739954,6.8,6.735,6.8
09:54:01,1268,1,subida,-1.706989,-1.705789,5.739557,6.8,6.778,6.8
09:54:01,1269,1,subida,-1.706988,-1.705768,5.739557,6.8,6.781,6.8
09:54:01,1270,1,subida,-1.706992,-1.705766,5.740991,6.8,6.779,6.8
09:54:01,1271,1,subida,-1.707000,-1.705748,5.740991,6.8,6.773,6.8
09:54:01,1272,1,subida,-1.707004,-1.705772,5.741663,6.8,6.767,6.8
09:54:01,1273,1,subida,-1.707008,-1.705759,5.741663,6.8,6.764,6.8
09:54:01,1274,1,subida,-1.707010,-1.705752,5.743494,6.8,6.758,6.8
09:54:02,1275,1,subida,-1.707013,-1.705771,5.743494,6.8,6.755,6.8
09:54:02,1276,1,subida,-1.707017,-1.705747,5.739740,6.8,6.751,6.8
09:54:02,1277,1,subida,-1.707021,-1.705762,5.739740,6.8,6.746,6.8
09:54:02,1278,1,subida,-1.707020,-1.705760,5.740289,6.8,6.743,6.8
09:54:02,1279,1,subida,-1.707017,-1.705748,5.740289,6.8,6.738,6.8
09:54:02,1280,1,subida,-1.707015,-1.705751,5.741327,6.8,6.735,6.8
09:54:02,1281,1,subida,-1.707015,-1.705759,5.741327,6.8,6.733,6.8
09:54:02,1282,1,subida,-1.707015,-1.705750,5.742456,6.8,6.729,6.8
09:54:02,1283,1,subida,-1.707010,-1.705741,5.742456,6.8,6.727,6.8
09:54:02,1284,1,subida,-1.707007,-1.705761,5.739374,6.8,6.725,6.8
09:54:02,1285,1,subida,-1.707010,-1.705739,5.739374,6.8,6.722,6.8
09:54:02,1286,1,subida,-1.707009,-1.705767,5.740289,6.8,6.72,6.8
09:54:02,1287,1,subida,-1.707007,-1.705756,5.739770,6.8,6.725,6.8
09:54:02,1288,1,subida,-1.707002,-1.705745,5.739770,6.8,6.673,6.8
09:54:02,1289,1,subida,-1.706995,-1.705767,5.740961,6.8,6.809,6.8
09:54:02,1290,1,subida,-1.706995,-1.705750,5.740961,6.8,6.806,6.8
09:54:02,1291,1,subida,-1.706992,-1.705743,5.740472,6.8,6.8,6.8
09:54:02,1292,1,subida,-1.706990,-1.705718,5.740472,6.8,6.794,6.8
09:54:03,1293,1,subida,-1.706990,-1.705754,5.741693,6.8,6.79,6.8
09:54:03,1294,1,subida,-1.706990,-1.705721,5.741693,6.8,6.789,6.8
09:54:03,1295,1,subida,-1.706995,-1.705733,5.740869,6.8,6.785,6.8
09:54:03,1296,1,subida,-1.706995,-1.705746,5.740869,6.782,6.8,6.8
09:54:03,1297,1,subida,-1.706995,-1.705727,5.741022,6.8,6.78,6.8
09:54:03,1298,1,subida,-1.706995,-1.705739,5.741022,6.8,6.776,6.8
09:54:03,1299,1,subida,-1.706993,-1.705725,5.741571,6.8,6.774,6.8
09:54:03,1300,1,subida,-1.706993,-1.705740,5.741571,6.8,6.77,6.8
09:54:03,1301,1,subida,-1.706994,-1.705734,5.740991,6.8,6.765,6.8
09:54:03,1302,1,subida,-1.706995,-1.705738,5.740991,6.8,6.763,6.8
09:54:03,1303,1,subida,-1.706996,-1.705741,5.740900,6.8,6.761,6.8
09:54:03,1304,1,subida,-1.706993,-1.705756,5.740900,6.8,6.757,6.8
09:54:03,1305,1,subida,-1.706989,-1.705723,5.740045,6.8,6.756,6.8
09:54:03,1306,1,subida,-1.706985,-1.705745,5.740045,6.8,6.752,6.8
09:54:03,1307,1,subida,-1.706981,-1.705739,5.741663,6.8,6.746,6.8
09:54:03,1308,1,subida,-1.706978,-1.705735,5.741663,6.8,6.743,6.8
09:54:03,1309,1,subida,-1.706973,-1.705758,5.741907,6.8,6.738,6.8
09:54:03,1310,1,subida,-1.706972,-1.705720,5.740228,6.8,6.737,6.8
09:54:03,1311,1,subida,-1.706974,-1.705757,5.740228,6.8,6.735,6.8
09:54:04,1312,1,subida,-1.706972,-1.705760,5.740716,6.8,6.733,6.8
09:54:04,1313,1,subida,-1.706968,-1.705745,5.740716,6.8,6.729,6.8
09:54:04,1314,1,subida,-1.706967,-1.705764,5.739496,6.8,6.726,6.8
09:54:04,1315,1,subida,-1.706967,-1.705768,5.739496,6.8,6.722,6.8
09:54:04,1316,1,subida,-1.706970,-1.705752,5.740930,6.8,6.721,6.8
09:54:04,1317,1,subida,-1.706972,-1.705763,5.740930,6.8,6.718,6.8
09:54:04,1318,1,subida,-1.706971,-1.705761,5.741083,6.8,6.714,6.8
09:54:04,1319,1,subida,-1.706971,-1.705750,5.741083,6.713,6.8,6.8
09:54:04,1320,1,subida,-1.706970,-1.705748,5.740350,6.8,6.71,6.8
09:54:04,1321,1,subida,-1.706974,-1.705764,5.740350,6.8,6.708,6.8
09:54:04,1322,1,subida,-1.706976,-1.705773,5.739954,6.8,6.704,6.8
09:54:04,1323,1,subida,-1.706977,-1.705789,5.739954,6.8,6.705,6.8
09:54:04,1324,1,subida,-1.706980,-1.705763,5.741022,6.8,6.823,6.8
09:54:04,1325,1,subida,-1.706982,-1.705769,5.741022,6.8,6.773,6.8
09:54:04,1326,1,subida,-1.706985,-1.705771,5.741022,6.8,6.775,6.8
09:54:04,1327,1,subida,-1.706986,-1.705762,5.741022,6.8,6.771,6.8
09:54:04,1328,1,subida,-1.706986,-1.705753,5.740900,6.8,6.766,6.8
09:54:04,1329,1,subida,-1.706985,-1.705772,5.740900,6.8,6.762,6.8
09:54:04,1330,1,subida,-1.706990,-1.705770,5.742914,6.8,6.76,6.8
09:54:04,1331,1,subida,-1.706996,-1.705761,5.742914,6.8,6.757,6.8
09:54:05,1332,1,subida,-1.706998,-1.705769,5.742059,6.8,6.755,6.8
09:54:05,1333,1,subida,-1.706998,-1.705760,5.740167,6.8,6.751,6.8
09:54:05,1334,1,subida,-1.706999,-1.705750,5.740167,6.8,6.75,6.8
09:54:05,1335,1,subida,-1.707003,-1.705762,5.740564,6.8,6.748,6.8
09:54:05,1336,1,subida,-1.707007,-1.705770,5.740564,6.8,6.745,6.8
09:54:05,1337,1,subida,-1.707010,-1.705752,5.741113,6.8,6.742,6.8
09:54:05,1338,1,subida,-1.707007,-1.705746,5.741113,6.8,6.736,6.8
09:54:05,1339,1,subida,-1.707007,-1.705757,5.739496,6.8,6.734,6.8
09:54:05,1340,1,subida,-1.707011,-1.705757,5.739496,6.733,6.8,6.8
09:54:05,1341,1,subida,-1.707013,-1.705756,5.741144,6.8,6.729,6.8
09:54:05,1342,1,subida,-1.707013,-1.705750,5.741144,6.8,6.727,6.8
09:54:05,1343,1,subida,-1.707008,-1.705774,5.740655,6.8,6.725,6.8
09:54:05,1344,1,subida,-1.707005,-1.705778,5.740655,6.8,6.724,6.8
09:54:05,1345,1,subida,-1.707004,-1.705757,5.741205,6.8,6.721,6.8
09:54:05,1346,1,subida,-1.707003,-1.705762,5.741205,6.8,6.719,6.8
09:54:05,1347,1,subida,-1.707000,-1.705759,5.740015,6.8,6.725,6.8
09:54:05,1348,1,subida,-1.706996,-1.705750,5.740015,6.8,6.693,6.8
09:54:05,1349,1,subida,-1.706995,-1.705747,5.740015,6.8,6.814,6.8
09:54:05,1350,1,subida,-1.706995,-1.705742,5.740015,6.8,6.811,6.8
09:54:05,1351,1,subida,-1.706997,-1.705739,5.740716,6.8,6.805,6.8
09:54:05,1352,1,subida,-1.706998,-1.705759,5.740716,6.8,6.802,6.8
09:54:06,1353,1,subida,-1.706998,-1.705736,5.741418,6.8,6.8,6.8
09:54:06,1354,1,subida,-1.706998,-1.705722,5.739038,6.8,6.796,6.8
09:54:06,1355,1,subida,-1.707001,-1.705732,5.739038,6.8,6.793,6.8
09:54:06,1356,1,subida,-1.707006,-1.705730,5.740991,6.8,6.791,6.8
09:54:06,1357,1,subida,-1.707006,-1.705725,5.740991,6.8,6.789,6.8
09:54:06,1358,1,subida,-1.707004,-1.705739,5.740991,6.8,6.786,6.8
09:54:06,1359,1,subida,-1.707005,-1.705718,5.740991,6.8,6.783,6.8
09:54:06,1360,1,subida,-1.707004,-1.705728,5.740655,6.8,6.781,6.8
09:54:06,1361,1,subida,-1.707004,-1.705732,5.740655,6.8,6.778,6.8
09:54:06,1362,1,subida,-1.707003,-1.705732,5.741144,6.8,6.776,6.8
09:54:06,1363,1,subida,-1.706999,-1.705727,5.741144,6.8,6.772,6.8
09:54:06,1364,1,subida,-1.706994,-1.705711,5.740442,6.8,6.77,6.8
09:54:06,1365,1,subida,-1.706990,-1.705734,5.740442,6.8,6.767,6.8
09:54:06,1366,1,subida,-1.706985,-1.705733,5.741205,6.8,6.765,6.8
09:54:06,1367,1,subida,-1.706979,-1.705726,5.741205,6.8,6.762,6.8
09:54:06,1368,1,subida,-1.706974,-1.705723,5.741205,6.8,6.759,6.8
09:54:06,1369,1,subida,-1.706973,-1.705719,5.741205,6.8,6.757,6.8
09:54:06,1370,1,subida,-1.706971,-1.705725,5.741144,6.8,6.754,6.8
09:54:06,1371,1,subida,-1.706969,-1.705726,5.741144,6.8,6.753,6.8
09:54:06,1372,1,subida,-1.706968,-1.705726,5.738977,6.8,6.748,6.8
09:54:06,1373,1,subida,-1.706966,-1.705721,5.738977,6.8,6.743,6.8
09:54:07,1374,1,subida,-1.706965,-1.705741,5.740930,6.8,6.74,6.8
09:54:07,1375,1,subida,-1.706969,-1.705728,5.740930,6.8,6.738,6.8
09:54:07,1376,1,subida,-1.706967,-1.705740,5.741571,6.8,6.735,6.8
09:54:07,1377,1,subida,-1.706962,-1.705740,5.739831,6.8,6.733,6.8
09:54:07,1378,1,subida,-1.706964,-1.705751,5.739831,6.8,6.731,6.8
09:54:07,1379,1,subida,-1.706964,-1.705759,5.741113,6.8,6.729,6.8
09:54:07,1380,1,subida,-1.706963,-1.705742,5.741113,6.8,6.727,6.8
09:54:07,1381,1,subida,-1.706963,-1.705744,5.740350,6.8,6.724,6.8
09:54:07,1382,1,subida,-1.706967,-1.705751,5.740350,6.8,6.723,6.8
09:54:07,1383,1,subida,-1.706968,-1.705754,5.740839,6.8,6.719,6.8
09:54:07,1384,1,subida,-1.706970,-1.705744,5.740839,6.8,6.716,6.8
09:54:07,1385,1,subida,-1.706976,-1.705742,5.740686,6.8,6.714,6.8
09:54:07,1386,1,subida,-1.706978,-1.705758,5.740686,6.8,6.711,6.8
09:54:07,1387,1,subida,-1.706977,-1.705737,5.741785,6.8,6.709,6.8
09:54:07,1388,1,subida,-1.706978,-1.705772,5.741785,6.8,6.706,6.8
09:54:07,1391,1,subida,-1.706992,-1.705772,5.740839,6.737,6.8,6.8
09:54:07,1392,1,subida,-1.706997,-1.705772,5.742273,6.8,6.759,6.8
09:54:07,1393,1,subida,-1.706998,-1.705747,5.742273,6.621,6.8,6.8
09:54:07,1394,1,subida,-1.706999,-1.705751,5.740228,6.8,6.816,6.8
09:54:08,1395,1,subida,-1.707001,-1.705727,5.740228,6.8,6.804,6.8
09:54:08,1396,1,subida,-1.707004,-1.705734,5.739740,6.8,6.8,6.8
09:54:08,1397,1,subida,-1.707004,-1.705754,5.739740,6.8,6.797,6.8
09:54:08,1398,1,subida,-1.707007,-1.705722,5.741449,6.8,6.794,6.8
09:54:08,1399,1,subida,-1.707015,-1.705709,5.741449,6.8,6.792,6.8
09:54:08,1400,1,subida,-1.707020,-1.705727,5.739862,6.8,6.789,6.8
09:54:08,1401,1,subida,-1.707020,-1.705719,5.739770,6.8,6.785,6.8
09:54:08,1402,1,subida,-1.707018,-1.705729,5.739770,6.8,6.782,6.8
09:54:08,1403,1,subida,-1.707014,-1.705707,5.740167,6.8,6.774,6.8
09:54:08,1404,1,subida,-1.707010,-1.705709,5.740167,6.8,6.772,6.8
09:54:08,1405,1,subida,-1.707004,-1.705701,5.741754,6.8,6.771,6.8
09:54:08,1406,1,subida,-1.706995,-1.705729,5.741754,6.8,6.768,6.8
09:54:08,1407,1,subida,-1.706988,-1.705699,5.740411,6.8,6.764,6.8
09:54:08,1408,1,subida,-1.706982,-1.705712,5.740411,6.8,6.761,6.8
09:54:08,1409,1,subida,-1.706973,-1.705711,5.741144,6.8,6.755,6.8
09:54:08,1410,1,subida,-1.706966,-1.705714,5.741144,6.8,6.752,6.8
09:54:09,1411,1,subida,-1.706961,-1.705705,5.740289,6.8,6.749,6.8
09:54:09,1412,1,subida,-1.706956,-1.705706,5.740289,6.8,6.748,6.8
09:54:09,1413,1,subida,-1.706954,-1.705712,5.741296,6.8,6.745,6.8
09:54:09,1414,1,subida,-1.706956,-1.705694,5.741296,6.8,6.742,6.8
09:54:09,1417,1,subida,-1.706955,-1.705709,5.740320,6.8,6.73,6.8
09:54:09,1418,1,subida,-1.706948,-1.705714,5.741052,6.8,6.727,6.8
09:54:09,1419,1,subida,-1.706947,-1.705719,5.741052,6.8,6.725,6.8
09:54:09,1420,1,subida,-1.706947,-1.705697,5.740289,6.8,6.723,6.8
09:54:09,1421,1,subida,-1.706947,-1.705728,5.740289,6.8,6.722,6.8
09:54:09,1422,1,subida,-1.706948,-1.705714,5.740259,6.8,6.715,6.8
09:54:09,1423,1,subida,-1.706948,-1.705744,5.740259,6.8,6.712,6.8
09:54:09,1424,1,subida,-1.706946,-1.705719,5.739618,6.8,6.711,6.8
09:54:09,1425,1,subida,-1.706944,-1.705733,5.740991,6.8,6.71,6.8
09:54:09,1426,1,subida,-1.706942,-1.705735,5.740991,6.8,6.707,6.8
09:54:09,1427,1,subida,-1.706942,-1.705725,5.740991,6.8,6.705,6.8
09:54:09,1428,1,subida,-1.706947,-1.705728,5.740991,6.8,6.703,6.8
09:54:09,1429,1,subida,-1.706948,-1.705743,5.740686,6.8,6.706,6.8
09:54:09,1430,1,subida,-1.706950,-1.705726,5.740686,6.8,6.724,6.8
09:54:10,1431,1,subida,-1.706950,-1.705734,5.739557,6.8,6.761,6.8
09:54:10,1432,1,subida,-1.706949,-1.705723,5.739557,6.8,6.754,6.8
09:54:10,1433,1,subida,-1.706952,-1.705721,5.740655,6.8,6.751,6.8
09:54:10,1434,1,subida,-1.706954,-1.705733,5.740655,6.8,6.749,6.8
09:54:10,1435,1,subida,-1.706959,-1.705724,5.740228,6.747,6.8,6.8
09:54:10,1436,1,subida,-1.706959,-1.705732,5.740228,6.8,6.744,6.8
09:54:10,1437,1,subida,-1.706958,-1.705752,5.741205,6.742,6.8,6.8
09:54:10,1438,1,subida,-1.706965,-1.705738,5.741205,6.8,6.74,6.8
09:54:10,1439,1,subida,-1.706968,-1.705716,5.740808,6.8,6.735,6.8
09:54:10,1442,1,subida,-1.706975,-1.705729,5.741296,6.8,6.73,6.8
09:54:10,1443,1,subida,-1.706975,-1.705720,5.741296,6.8,6.726,6.8
09:54:10,1444,1,subida,-1.706976,-1.705727,5.740259,6.724,6.8,6.8
09:54:10,1445,1,subida,-1.706978,-1.705732,5.740259,6.8,6.683,6.8
09:54:11,1446,1,subida,-1.706979,-1.705711,5.740198,6.8,6.805,6.8
09:54:11,1447,1,subida,-1.706975,-1.705719,5.740198,6.8,6.792,6.8
09:54:11,1448,1,subida,-1.706979,-1.705725,5.741327,6.8,6.789,6.8
09:54:11,1449,1,subida,-1.706984,-1.705709,5.740320,6.8,6.786,6.8
09:54:11,1450,1,subida,-1.706977,-1.705729,5.740320,6.8,6.774,6.8
09:54:11,1451,1,subida,-1.706972,-1.705715,5.741357,6.8,6.773,6.8
09:54:11,1454,1,subida,-1.706972,-1.705711,5.739892,6.8,6.764,6.8
09:54:11,1455,1,subida,-1.706974,-1.705707,5.739892,6.8,6.762,6.8
09:54:11,1456,1,subida,-1.706972,-1.705707,5.739709,6.8,6.75,6.8
09:54:11,1457,1,subida,-1.706972,-1.705700,5.739709,6.8,6.748,6.8
09:54:11,1458,1,subida,-1.707195,-1.705962,5.737329,6.5,6.441,6.5
09:54:43,1459,1,bajada,-1.707195,-1.705950,5.737909,6.5,6.47,6.5
09:54:43,1460,1,bajada,-1.707190,-1.705944,5.737939,6.5,6.464,6.5
09:54:43,1461,1,bajada,-1.707190,-1.705946,5.737939,6.5,6.455,6.5
09:54:43,1462,1,bajada,-1.707190,-1.705924,5.737207,6.5,6.453,6.5
09:54:43,1463,1,bajada,-1.707188,-1.705941,5.737207,6.5,6.451,6.5
09:54:43,1464,1,bajada,-1.707187,-1.705955,5.738306,6.5,6.445,6.5
09:54:43,1465,1,bajada,-1.707189,-1.705953,5.738306,6.5,6.442,6.5
09:54:43,1466,1,bajada,-1.707192,-1.705945,5.736719,6.5,6.44,6.5
09:54:43,1467,1,bajada,-1.707193,-1.705944,5.736719,6.5,6.438,6.5
09:54:43,1468,1,bajada,-1.707192,-1.705945,5.738580,6.5,6.436,6.5
09:54:43,1469,1,bajada,-1.707190,-1.705941,5.738580,6.5,6.433,6.5
09:54:43,1470,1,bajada,-1.707186,-1.705952,5.738702,6.5,6.431,6.5
09:54:43,1473,1,bajada,-1.707190,-1.705952,5.738000,6.5,6.424,6.5
09:54:44,1474,1,bajada,-1.707196,-1.705966,5.738000,6.5,6.417,6.5
09:54:44,1475,1,bajada,-1.707196,-1.705989,5.739038,6.5,6.416,6.5
09:54:44,1476,1,bajada,-1.707193,-1.705947,5.739038,6.5,6.411,6.5
09:54:44,1477,1,bajada,-1.707195,-1.705968,5.738580,6.5,6.407,6.5
09:54:44,1478,1,bajada,-1.707200,-1.705975,5.738580,6.5,6.404,6.5
09:54:44,1479,1,bajada,-1.707202,-1.705967,5.736505,6.5,6.405,6.5
09:54:44,1480,1,bajada,-1.707202,-1.705958,5.736505,6.5,6.512,6.5
09:54:44,1481,1,bajada,-1.707201,-1.705925,5.738489,6.5,6.513,6.5
09:54:44,1482,1,bajada,-1.707203,-1.705935,5.736322,6.5,6.507,6.5
09:54:44,1483,1,bajada,-1.707210,-1.705952,5.736322,6.5,6.505,6.5
09:54:44,1484,1,bajada,-1.707218,-1.705967,5.737421,6.5,6.502,6.5
09:54:44,1485,1,bajada,-1.707222,-1.705930,5.737421,6.5,6.499,6.5
09:54:44,1486,1,bajada,-1.707215,-1.705939,5.738031,6.5,6.496,6.5
09:54:44,1487,1,bajada,-1.707207,-1.705918,5.738031,6.5,6.494,6.5
09:54:44,1488,1,bajada,-1.707210,-1.705920,5.738275,6.5,6.49,6.5
09:54:44,1489,1,bajada,-1.707209,-1.705928,5.738275,6.5,6.489,6.5
09:54:44,1490,1,bajada,-1.707199,-1.705945,5.737573,6.5,6.485,6.5
09:54:44,1491,1,bajada,-1.707191,-1.705901,5.737573,6.5,6.483,6.5
09:54:44,1492,1,bajada,-1.707188,-1.705956,5.738000,6.5,6.481,6.5
09:54:45,1495,1,bajada,-1.707183,-1.705936,5.740228,6.5,6.472,6.5
09:54:45,1496,1,bajada,-1.707183,-1.705929,5.740228,6.5,6.469,6.5
09:54:45,1497,1,bajada,-1.707183,-1.705931,5.736993,6.5,6.465,6.5
09:54:45,1498,1,bajada,-1.707182,-1.705945,5.736993,6.5,6.462,6.5
09:54:45,1499,1,bajada,-1.707181,-1.705934,5.738031,6.5,6.459,6.5
09:54:45,1500,1,bajada,-1.707178,-1.705930,5.738031,6.5,6.457,6.5
09:54:45,1501,1,bajada,-1.707177,-1.705943,5.738702,6.5,6.455,6.5
09:54:45,1502,1,bajada,-1.707175,-1.705933,5.738702,6.5,6.451,6.5
09:54:45,1503,1,bajada,-1.707176,-1.705932,5.737298,6.45,6.5,6.5
09:54:45,1504,1,bajada,-1.707177,-1.705945,5.737298,6.5,6.447,6.5
09:54:45,1505,1,bajada,-1.707177,-1.705932,5.737604,6.5,6.442,6.5
09:54:45,1506,1,bajada,-1.707179,-1.705925,5.738885,6.5,6.438,6.5
09:54:45,1507,1,bajada,-1.707179,-1.705945,5.738885,6.436,6.5,6.5
09:54:45,1508,1,bajada,-1.707179,-1.705937,5.736932,6.5,6.434,6.5
09:54:45,1509,1,bajada,-1.707176,-1.705953,5.736932,6.432,6.5,6.5
09:54:46,1510,1,bajada,-1.707173,-1.705945,5.737543,6.5,6.421,6.5
09:54:46,1511,1,bajada,-1.707173,-1.705954,5.737543,6.42,6.5,6.5
09:54:46,1512,1,bajada,-1.707175,-1.705963,5.738275,6.5,6.417,6.5
09:54:46,1513,1,bajada,-1.707177,-1.705942,5.738275,6.416,6.5,6.5
09:54:46,1514,1,bajada,-1.707178,-1.705958,5.737360,6.5,6.412,6.5
09:54:46,1515,1,bajada,-1.707179,-1.705964,5.737360,6.5,6.409,6.5
09:54:46,1516,1,bajada,-1.707181,-1.705957,5.738122,6.5,6.406,6.5
09:54:46,1517,1,bajada,-1.707184,-1.705969,5.738122,6.5,6.405,6.5
09:54:46,1518,1,bajada,-1.707187,-1.705959,5.737970,6.5,6.412,6.5
09:54:46,1519,1,bajada,-1.707188,-1.705975,5.737970,6.5,6.446,6.5
09:54:46,1520,1,bajada,-1.707185,-1.705953,5.739252,6.5,6.487,6.5
09:54:46,1521,1,bajada,-1.707190,-1.705964,5.739252,6.5,6.474,6.5
09:54:46,1522,1,bajada,-1.707195,-1.705962,5.738794,6.5,6.472,6.5
09:54:46,1523,1,bajada,-1.707195,-1.705964,5.738794,6.5,6.47,6.5
09:54:46,1524,1,bajada,-1.707197,-1.705943,5.737634,6.5,6.462,6.5
09:54:46,1525,1,bajada,-1.707199,-1.705967,5.737634,6.5,6.454,6.5
09:54:46,1526,1,bajada,-1.707203,-1.705958,5.738580,6.5,6.453,6.5
09:54:46,1527,1,bajada,-1.707206,-1.705942,5.738580,6.5,6.451,6.5
09:54:47,1528,1,bajada,-1.707203,-1.705957,5.737604,6.5,6.447,6.5
09:54:47,1529,1,bajada,-1.707200,-1.705941,5.736902,6.5,6.445,6.5
09:54:47,1532,1,bajada,-1.707193,-1.705927,5.737360,6.5,6.428,6.5
09:54:47,1533,1,bajada,-1.707190,-1.705939,5.737360,6.5,6.426,6.5
09:54:47,1534,1,bajada,-1.707190,-1.705945,5.737665,6.5,6.424,6.5
09:54:47,1535,1,bajada,-1.707190,-1.705958,5.737665,6.5,6.422,6.5
09:54:47,1536,1,bajada,-1.707188,-1.705932,5.737878,6.5,6.491,6.5
09:54:47,1537,1,bajada,-1.707190,-1.705950,5.737878,6.5,6.486,6.5
09:54:47,1538,1,bajada,-1.707188,-1.705936,5.738855,6.5,6.483,6.5
09:54:47,1539,1,bajada,-1.707186,-1.705944,5.738855,6.5,6.479,6.5
09:54:47,1540,1,bajada,-1.707184,-1.705937,5.738031,6.5,6.476,6.5
09:54:47,1541,1,bajada,-1.707182,-1.705934,5.738031,6.5,6.474,6.5
09:54:48,1542,1,bajada,-1.707183,-1.705929,5.737421,6.5,6.464,6.5
09:54:48,1543,1,bajada,-1.707185,-1.705927,5.737421,6.5,6.462,6.5
09:54:48,1544,1,bajada,-1.707188,-1.705918,5.737939,6.5,6.457,6.5
09:54:48,1545,1,bajada,-1.707188,-1.705916,5.737939,6.5,6.455,6.5
09:54:48,1546,1,bajada,-1.707188,-1.705906,5.737604,6.5,6.453,6.5
09:54:48,1547,1,bajada,-1.707190,-1.705933,5.737604,6.5,6.451,6.5
09:54:48,1548,1,bajada,-1.707190,-1.705931,5.738489,6.5,6.448,6.5
09:54:48,1549,1,bajada,-1.707190,-1.705927,5.738489,6.5,6.444,6.5
09:54:48,1550,1,bajada,-1.707190,-1.705915,5.738122,6.5,6.441,6.5
09:54:48,1551,1,bajada,-1.707191,-1.705928,5.738122,6.5,6.438,6.5
09:54:48,1552,1,bajada,-1.707190,-1.705944,5.738000,6.436,6.5,6.5
09:54:48,1553,1,bajada,-1.707186,-1.705953,5.737512,6.5,6.433,6.5
09:54:48,1554,1,bajada,-1.707181,-1.705937,5.737512,6.5,6.431,6.5
09:54:48,1555,1,bajada,-1.707177,-1.705924,5.737787,6.5,6.422,6.5
09:54:48,1556,1,bajada,-1.707173,-1.705945,5.737787,6.5,6.418,6.5
09:54:49,1557,1,bajada,-1.707171,-1.705943,5.738336,6.5,6.415,6.5
09:54:49,1558,1,bajada,-1.707167,-1.705945,5.738336,6.5,6.411,6.5
09:54:49,1559,1,bajada,-1.707165,-1.705947,5.736993,6.5,6.408,6.5
09:54:49,1560,1,bajada,-1.707168,-1.705951,5.736993,6.5,6.405,6.5
09:54:49,1561,1,bajada,-1.707171,-1.705948,5.738550,6.5,6.404,6.5
09:54:49,1562,1,bajada,-1.707172,-1.705945,5.738550,6.5,7.32,6.5
09:54:49,1563,1,bajada,-1.707181,-1.705951,5.736963,6.533,6.5,6.5
09:54:49,1564,1,bajada,-1.707183,-1.705941,5.736963,6.5,6.495,6.5
09:54:49,1565,1,bajada,-1.707175,-1.705948,5.737695,6.5,6.493,6.5
09:54:49,1566,1,bajada,-1.707174,-1.705959,5.737695,6.5,6.49,6.5
09:54:49,1567,1,bajada,-1.707177,-1.705938,5.737726,6.5,6.488,6.5
09:54:49,1568,1,bajada,-1.707179,-1.705929,5.737726,6.5,6.486,6.5
09:54:49,1569,1,bajada,-1.707178,-1.705935,5.737298,6.484,6.5,6.5
09:54:49,1570,1,bajada,-1.707180,-1.705919,5.737298,6.5,6.481,6.5
09:54:49,1571,1,bajada,-1.707181,-1.705929,5.738946,6.5,6.479,6.5
09:54:49,1572,1,bajada,-1.707182,-1.705924,5.738946,6.5,6.476,6.5
09:54:49,1573,1,bajada,-1.707186,-1.705926,5.737390,6.5,6.473,6.5
09:54:49,1574,1,bajada,-1.707184,-1.705916,5.737421,6.5,6.47,6.5
09:54:49,1575,1,bajada,-1.707182,-1.705953,5.737421,6.5,6.467,6.5
09:54:49,1576,1,bajada,-1.707184,-1.705930,5.737787,6.5,6.465,6.5
09:54:49,1577,1,bajada,-1.707184,-1.705920,5.737787,6.5,6.462,6.5
09:54:50,1578,1,bajada,-1.707185,-1.705927,5.736139,6.5,6.455,6.5
09:54:50,1579,1,bajada,-1.707189,-1.705927,5.736139,6.5,6.453,6.5
09:54:50,1580,1,bajada,-1.707195,-1.705914,5.737695,6.5,6.446,6.5
09:54:50,1581,1,bajada,-1.707196,-1.705948,5.737695,6.5,6.444,6.5
09:54:50,1582,1,bajada,-1.707190,-1.705943,5.737268,6.5,6.441,6.5
09:54:50,1583,1,bajada,-1.707190,-1.705957,5.737268,6.5,6.435,6.5
09:54:50,1584,1,bajada,-1.707187,-1.705942,5.738611,6.5,6.432,6.5
09:54:50,1585,1,bajada,-1.707182,-1.705948,5.738611,6.5,6.428,6.5
09:54:50,1586,1,bajada,-1.707180,-1.705961,5.738550,6.5,6.425,6.5
09:54:50,1587,1,bajada,-1.707178,-1.705939,5.738550,6.5,6.423,6.5
09:54:50,1588,1,bajada,-1.707178,-1.705938,5.739465,6.5,6.421,6.5
09:54:50,1589,1,bajada,-1.707174,-1.705957,5.739465,6.5,6.418,6.5
09:54:50,1590,1,bajada,-1.707171,-1.705951,5.738611,6.5,6.415,6.5
09:54:50,1591,1,bajada,-1.707171,-1.705974,5.738611,6.5,6.41,6.5
09:54:50,1592,1,bajada,-1.707172,-1.705963,5.737512,6.5,6.408,6.5
09:54:50,1593,1,bajada,-1.707172,-1.705968,5.737512,6.5,6.405,6.5
09:54:51,1594,1,bajada,-1.707171,-1.705963,5.736291,6.5,6.407,6.5
09:54:51,1595,1,bajada,-1.707171,-1.705972,5.736291,6.5,6.436,6.5
09:54:51,1596,1,bajada,-1.707170,-1.705980,5.738245,6.5,6.503,6.5
09:54:51,1597,1,bajada,-1.707168,-1.705961,5.738397,6.5,6.505,6.5
09:54:51,1598,1,bajada,-1.707171,-1.705967,5.738397,6.5,6.505,6.5
09:54:51,1599,1,bajada,-1.707177,-1.705955,5.736688,6.5,6.502,6.5
09:54:51,1600,1,bajada,-1.707180,-1.705964,5.736688,6.5,6.499,6.5
09:54:51,1601,1,bajada,-1.707178,-1.705958,5.738367,6.5,6.495,6.5
09:54:51,1602,1,bajada,-1.707175,-1.705958,5.738367,6.5,6.492,6.5
09:54:51,1603,1,bajada,-1.707181,-1.705941,5.735712,6.5,6.49,6.5
09:54:51,1604,1,bajada,-1.707186,-1.705964,5.735712,6.5,6.484,6.5
09:54:51,1605,1,bajada,-1.707193,-1.705940,5.737756,6.5,6.48,6.5
09:54:51,1606,1,bajada,-1.707198,-1.705948,5.737756,6.5,6.477,6.5
09:54:51,1607,1,bajada,-1.707195,-1.705959,5.738245,6.5,6.476,6.5
09:54:51,1608,1,bajada,-1.707196,-1.705955,5.738245,6.5,6.473,6.5
09:54:51,1609,1,bajada,-1.707207,-1.705947,5.736871,6.5,6.47,6.5
09:54:51,1610,1,bajada,-1.707209,-1.705927,5.736871,6.5,6.467,6.5
09:54:51,1611,1,bajada,-1.707210,-1.705941,5.737848,6.5,6.461,6.5
09:54:52,1612,1,bajada,-1.707214,-1.705929,5.737848,6.5,6.457,6.5
09:54:52,1613,1,bajada,-1.707214,-1.705953,5.736932,6.454,6.5,6.5
09:54:52,1614,1,bajada,-1.707215,-1.705943,5.736932,6.5,6.452,6.5
09:54:52,1615,1,bajada,-1.707219,-1.705923,5.738916,6.5,6.449,6.5
09:54:52,1616,1,bajada,-1.707220,-1.705934,5.738916,6.5,6.446,6.5
09:54:52,1617,1,bajada,-1.707217,-1.705942,5.736230,6.5,6.445,6.5
09:54:52,1618,1,bajada,-1.707217,-1.705927,5.736230,6.5,6.441,6.5
09:54:52,1619,1,bajada,-1.707215,-1.705931,5.737390,6.5,6.438,6.5
09:54:52,1620,1,bajada,-1.707212,-1.705932,5.737573,6.5,6.436,6.5
09:54:52,1621,1,bajada,-1.707209,-1.705926,5.737573,6.5,6.432,6.5
09:54:52,1622,1,bajada,-1.707203,-1.705940,5.737817,6.429,6.5,6.5
09:54:52,1623,1,bajada,-1.707199,-1.705946,5.737817,6.5,6.425,6.5
09:54:52,1624,1,bajada,-1.707198,-1.705945,5.737939,6.5,6.421,6.5
09:54:52,1625,1,bajada,-1.707198,-1.705963,5.737939,6.5,6.417,6.5
09:54:52,1626,1,bajada,-1.707191,-1.705964,5.738916,6.5,6.414,6.5
09:54:52,1627,1,bajada,-1.707182,-1.705970,5.738916,6.5,6.411,6.5
09:54:52,1628,1,bajada,-1.707181,-1.705957,5.737970,6.5,6.409,6.5
09:54:52,1629,1,bajada,-1.707184,-1.705942,5.737970,6.5,6.407,6.5
09:54:53,1630,1,bajada,-1.707187,-1.705961,5.736413,6.5,6.406,6.5
09:54:53,1631,1,bajada,-1.707187,-1.705975,5.736413,6.5,6.432,6.5
09:54:53,1632,1,bajada,-1.707183,-1.705940,5.736993,6.5,6.482,6.5
09:54:53,1633,1,bajada,-1.707179,-1.705968,5.736993,6.5,6.508,6.5
09:54:53,1634,1,bajada,-1.707177,-1.705936,5.736261,6.5,6.502,6.5
09:54:53,1635,1,bajada,-1.707179,-1.705927,5.736261,6.5,6.499,6.5
09:54:53,1636,1,bajada,-1.707176,-1.705929,5.738641,6.5,6.491,6.5
09:54:53,1637,1,bajada,-1.707171,-1.705923,5.738641,6.5,6.483,6.5
09:54:53,1638,1,bajada,-1.707175,-1.705903,5.738733,6.5,6.481,6.5
09:54:53,1639,1,bajada,-1.707180,-1.705906,5.738733,6.5,6.477,6.5
09:54:53,1640,1,bajada,-1.707179,-1.705910,5.737207,6.5,6.475,6.5
09:54:53,1641,1,bajada,-1.707178,-1.705926,5.737207,6.5,6.472,6.5
09:54:53,1642,1,bajada,-1.707178,-1.705903,5.737085,6.5,6.465,6.5
09:54:54,1643,1,bajada,-1.707179,-1.705912,5.738550,6.5,6.463,6.5
09:54:54,1644,1,bajada,-1.707180,-1.705910,5.738550,6.5,6.456,6.5
09:54:54,1645,1,bajada,-1.707178,-1.705905,5.738550,6.5,6.454,6.5
09:54:54,1646,1,bajada,-1.707176,-1.705910,5.738550,6.5,6.45,6.5
09:54:54,1647,1,bajada,-1.707180,-1.705924,5.737298,6.5,6.448,6.5
09:54:54,1648,1,bajada,-1.707187,-1.705915,5.737298,6.5,6.443,6.5
09:54:54,1649,1,bajada,-1.707191,-1.705913,5.737421,6.5,6.441,6.5
09:54:54,1650,1,bajada,-1.707192,-1.705938,5.737421,6.5,6.439,6.5
09:54:54,1651,1,bajada,-1.707192,-1.705923,5.736902,6.5,6.435,6.5
09:54:54,1652,1,bajada,-1.707191,-1.705925,5.736902,6.5,6.433,6.5
09:54:54,1653,1,bajada,-1.707192,-1.705929,5.737817,6.5,6.429,6.5
09:54:54,1654,1,bajada,-1.707193,-1.705937,5.737817,6.5,6.426,6.5
09:54:54,1655,1,bajada,-1.707193,-1.705922,5.736719,6.5,6.425,6.5
09:54:54,1656,1,bajada,-1.707192,-1.705918,5.736719,6.423,6.5,6.5
09:54:54,1657,1,bajada,-1.707191,-1.705926,5.736139,6.5,6.42,6.5
09:54:54,1658,1,bajada,-1.707187,-1.705934,5.736139,6.5,6.417,6.5
09:54:54,1659,1,bajada,-1.707182,-1.705947,5.736383,6.5,6.415,6.5
09:54:54,1660,1,bajada,-1.707178,-1.705948,5.736383,6.5,6.412,6.5
09:54:55,1661,1,bajada,-1.707171,-1.705936,5.737817,6.5,6.409,6.5
09:54:55,1662,1,bajada,-1.707164,-1.705930,5.737817,6.5,6.41,6.5
09:54:55,1663,1,bajada,-1.707161,-1.705929,5.737939,6.5,6.426,6.5
09:54:55,1664,1,bajada,-1.707160,-1.705938,5.737939,6.5,6.434,6.5
09:54:55,1665,1,bajada,-1.707153,-1.705949,5.737848,6.5,6.527,6.5
09:54:55,1666,1,bajada,-1.707150,-1.705927,5.736963,6.503,6.5,6.5
09:54:55,1667,1,bajada,-1.707151,-1.705943,5.736963,6.5,6.5,6.5
09:54:55,1668,1,bajada,-1.707150,-1.705937,5.736658,6.498,6.5,6.5
09:54:55,1669,1,bajada,-1.707149,-1.705946,5.736658,6.5,6.495,6.5
09:54:55,1670,1,bajada,-1.707147,-1.705920,5.736017,6.5,6.491,6.5
09:54:55,1671,1,bajada,-1.707147,-1.705924,5.736017,6.5,6.488,6.5
09:54:55,1672,1,bajada,-1.707146,-1.705928,5.738306,6.5,6.481,6.5
09:54:55,1673,1,bajada,-1.707146,-1.705922,5.738306,6.5,6.478,6.5
09:54:55,1674,1,bajada,-1.707145,-1.705917,5.737390,6.5,6.475,6.5
09:54:55,1675,1,bajada,-1.707144,-1.705890,5.737390,6.5,6.473,6.5
09:54:55,1676,1,bajada,-1.707148,-1.705908,5.737207,6.5,6.467,6.5
09:54:55,1677,1,bajada,-1.707149,-1.705906,5.737207,6.5,6.462,6.5
09:54:56,1678,1,bajada,-1.707150,-1.705917,5.736536,6.5,6.461,6.5
09:54:56,1679,1,bajada,-1.707154,-1.705904,5.736536,6.5,6.455,6.5
09:54:56,1680,1,bajada,-1.707153,-1.705926,5.738641,6.5,6.454,6.5
09:54:56,1681,1,bajada,-1.707156,-1.705931,5.738641,6.5,6.452,6.5
09:54:56,1682,1,bajada,-1.707158,-1.705917,5.737970,6.5,6.448,6.5
09:54:56,1683,1,bajada,-1.707156,-1.705922,5.737970,6.5,6.446,6.5
09:54:56,1684,1,bajada,-1.707157,-1.705928,5.737176,6.5,6.441,6.5
09:54:56,1685,1,bajada,-1.707165,-1.705910,5.737176,6.5,6.438,6.5
09:54:56,1686,1,bajada,-1.707167,-1.705902,5.735620,6.5,6.435,6.5
09:54:56,1687,1,bajada,-1.707163,-1.705929,5.738458,6.5,6.433,6.5
09:54:56,1688,1,bajada,-1.707165,-1.705918,5.738458,6.5,6.43,6.5
09:54:56,1689,1,bajada,-1.707168,-1.705927,5.736658,6.5,6.427,6.5
09:54:56,1690,1,bajada,-1.707170,-1.705918,5.736658,6.5,6.426,6.5
09:54:56,1691,1,bajada,-1.707173,-1.705930,5.736536,6.5,6.421,6.5
09:54:56,1692,1,bajada,-1.707174,-1.705929,5.736536,6.5,6.417,6.5
09:54:56,1693,1,bajada,-1.707174,-1.705911,5.735834,6.5,6.415,6.5
09:54:56,1694,1,bajada,-1.707174,-1.705926,5.735834,6.5,6.412,6.5
09:54:56,1695,1,bajada,-1.707180,-1.705934,5.737604,6.5,6.41,6.5
09:54:56,1696,1,bajada,-1.707181,-1.705943,5.737604,6.5,6.409,6.5
09:54:57,1697,1,bajada,-1.707176,-1.705951,5.737054,6.5,6.407,6.5
09:54:57,1698,1,bajada,-1.707172,-1.705952,5.737054,6.5,6.825,6.5
09:54:57,1699,1,bajada,-1.707166,-1.705932,5.736627,6.5,6.492,6.5
09:54:57,1700,1,bajada,-1.707163,-1.705926,5.736627,6.5,6.5,6.5
09:54:57,1701,1,bajada,-1.707160,-1.705925,5.736047,6.5,6.498,6.5
09:54:57,1704,1,bajada,-1.707152,-1.705909,5.737939,6.5,6.48,6.5
09:54:57,1705,1,bajada,-1.707147,-1.705928,5.737939,6.5,6.477,6.5
09:54:57,1706,1,bajada,-1.707148,-1.705898,5.738214,6.5,6.475,6.5
09:54:57,1707,1,bajada,-1.707148,-1.705924,5.738214,6.5,6.471,6.5
09:54:57,1708,1,bajada,-1.707149,-1.705918,5.737787,6.5,6.47,6.5
09:54:57,1709,1,bajada,-1.707147,-1.705903,5.737787,6.5,6.465,6.5
09:54:57,1710,1,bajada,-1.707147,-1.705900,5.737329,6.5,6.459,6.5
09:54:58,1711,1,bajada,-1.707149,-1.705900,5.737298,6.5,6.455,6.5
09:54:58,1712,1,bajada,-1.707150,-1.705898,5.737298,6.5,6.452,6.5
09:54:58,1713,1,bajada,-1.707152,-1.705905,5.736963,6.449,6.5,6.5
09:54:58,1714,1,bajada,-1.707146,-1.705896,5.736963,6.5,6.447,6.5
09:54:58,1715,1,bajada,-1.707144,-1.705889,5.736291,6.5,6.443,6.5
09:54:58,1716,1,bajada,-1.707150,-1.705905,5.736291,6.5,6.438,6.5
09:54:58,1717,1,bajada,-1.707150,-1.705899,5.737512,6.437,6.5,6.5
09:54:58,1718,1,bajada,-1.707150,-1.705937,5.737512,6.5,6.434,6.5
09:54:58,1719,1,bajada,-1.707151,-1.705925,5.736139,6.432,6.5,6.5
09:54:58,1720,1,bajada,-1.707151,-1.705918,5.736139,6.5,6.429,6.5
09:54:58,1721,1,bajada,-1.707151,-1.705923,5.737939,6.5,6.427,6.5
09:54:58,1722,1,bajada,-1.707155,-1.705925,5.737939,6.424,6.5,6.5
09:54:58,1723,1,bajada,-1.707157,-1.705928,5.736139,6.5,6.419,6.5
09:54:58,1724,1,bajada,-1.707159,-1.705930,5.736139,6.5,6.416,6.5
09:54:58,1725,1,bajada,-1.707165,-1.705936,5.737115,6.5,6.414,6.5
09:54:58,1726,1,bajada,-1.707171,-1.705942,5.737115,6.5,6.41,6.5
09:54:58,1727,1,bajada,-1.707172,-1.705927,5.736932,6.5,6.408,6.5
09:54:58,1728,1,bajada,-1.707175,-1.705936,5.736932,6.5,6.406,6.5
09:54:59,1729,1,bajada,-1.707182,-1.705918,5.738550,6.5,6.775,6.5
09:54:59,1730,1,bajada,-1.707185,-1.705942,5.738550,6.5,6.445,6.5
09:54:59,1731,1,bajada,-1.707185,-1.705927,5.738000,6.5,6.496,6.5
09:54:59,1732,1,bajada,-1.707187,-1.705954,5.738000,6.5,6.494,6.5
09:54:59,1733,1,bajada,-1.707185,-1.705921,5.737360,6.5,6.491,6.5
09:54:59,1734,1,bajada,-1.707184,-1.705916,5.737634,6.5,6.487,6.5
09:54:59,1735,1,bajada,-1.707183,-1.705927,5.737634,6.5,6.482,6.5
09:54:59,1736,1,bajada,-1.707182,-1.705925,5.736383,6.5,6.48,6.5
09:54:59,1737,1,bajada,-1.707178,-1.705926,5.736383,6.5,6.475,6.5
09:54:59,1738,1,bajada,-1.707171,-1.705923,5.737421,6.5,6.47,6.5
09:54:59,1739,1,bajada,-1.707167,-1.705910,5.737421,6.5,6.468,6.5
09:54:59,1740,1,bajada,-1.707165,-1.705923,5.736108,6.5,6.464,6.5
09:54:59,1741,1,bajada,-1.707165,-1.705907,5.736108,6.5,6.463,6.5
09:54:59,1742,1,bajada,-1.707164,-1.705903,5.737421,6.5,6.46,6.5
09:54:59,1743,1,bajada,-1.707156,-1.705895,5.737421,6.5,6.458,6.5
09:54:59,1744,1,bajada,-1.707153,-1.705912,5.738519,6.5,6.454,6.5
09:54:59,1745,1,bajada,-1.707155,-1.705905,5.738519,6.5,6.452,6.5
09:54:59,1746,1,bajada,-1.707150,-1.705903,5.738031,6.5,6.45,6.5
09:54:59,1747,1,bajada,-1.707146,-1.705919,5.738031,6.5,6.446,6.5
09:55:00,1748,1,bajada,-1.707145,-1.705917,5.738122,6.5,6.445,6.5
09:55:00,1749,1,bajada,-1.707145,-1.705911,5.738122,6.5,6.442,6.5
09:55:00,1750,1,bajada,-1.707144,-1.705923,5.737298,6.5,6.439,6.5
09:55:00,1751,1,bajada,-1.707140,-1.705904,5.737298,6.5,6.437,6.5
09:55:00,1752,1,bajada,-1.707142,-1.705904,5.738000,6.5,6.436,6.5
09:55:00,1753,1,bajada,-1.707146,-1.705916,5.738000,6.5,6.432,6.5
09:55:00,1754,1,bajada,-1.707148,-1.705922,5.737176,6.5,6.428,6.5
09:55:00,1755,1,bajada,-1.707151,-1.705920,5.737176,6.5,6.426,6.5
09:55:00,1756,1,bajada,-1.707153,-1.705927,5.736536,6.5,6.424,6.5
09:55:00,1757,1,bajada,-1.707156,-1.705946,5.736932,6.5,6.421,6.5
09:55:00,1758,1,bajada,-1.707156,-1.705921,5.736932,6.5,6.418,6.5
09:55:00,1759,1,bajada,-1.707158,-1.705917,5.735284,6.5,6.416,6.5
09:55:00,1760,1,bajada,-1.707161,-1.705923,5.735284,6.5,6.408,6.5
09:55:00,1761,1,bajada,-1.707164,-1.705940,5.735467,6.5,6.406,6.5
09:55:00,1762,1,bajada,-1.707164,-1.705930,5.735467,6.5,6.407,6.5
09:55:00,1763,1,bajada,-1.707164,-1.705951,5.737085,6.5,6.417,6.5
09:55:00,1764,1,bajada,-1.707169,-1.705946,5.737085,6.5,6.438,6.5
09:55:00,1765,1,bajada,-1.707173,-1.705932,5.737451,6.5,6.442,6.5
09:55:01,1766,1,bajada,-1.707177,-1.705942,5.737451,6.5,6.456,6.5
09:55:01,1767,1,bajada,-1.707181,-1.705949,5.736810,6.5,6.503,6.5
09:55:01,1768,1,bajada,-1.707181,-1.705930,5.736810,6.5,6.509,6.5
09:55:01,1769,1,bajada,-1.707184,-1.705920,5.736597,6.5,6.508,6.5
09:55:01,1770,1,bajada,-1.707184,-1.705932,5.736597,6.5,6.504,6.5
09:55:01,1771,1,bajada,-1.707178,-1.705926,5.737634,6.499,6.5,6.5
09:55:01,1772,1,bajada,-1.707174,-1.705896,5.737634,6.5,6.493,6.5
09:55:01,1773,1,bajada,-1.707173,-1.705899,5.736627,6.5,6.49,6.5
09:55:01,1774,1,bajada,-1.707171,-1.705901,5.736627,6.5,6.486,6.5
09:55:01,1775,1,bajada,-1.707168,-1.705922,5.737726,6.5,6.484,6.5
09:55:01,1776,1,bajada,-1.707165,-1.705926,5.737726,6.5,6.481,6.5
09:55:01,1777,1,bajada,-1.707162,-1.705927,5.737268,6.479,6.5,6.5
09:55:01,1778,1,bajada,-1.707160,-1.705915,5.737268,6.5,6.477,6.5
09:55:01,1779,1,bajada,-1.707156,-1.705921,5.736475,6.5,6.473,6.5
09:55:02,1782,1,bajada,-1.707156,-1.705905,5.736841,6.5,6.457,6.5
09:55:02,1783,1,bajada,-1.707153,-1.705908,5.737115,6.5,6.454,6.5
09:55:02,1784,1,bajada,-1.707155,-1.705893,5.737115,6.5,6.449,6.5
09:55:02,1785,1,bajada,-1.707156,-1.705892,5.738183,6.5,6.446,6.5
09:55:02,1786,1,bajada,-1.707156,-1.705892,5.738183,6.5,6.443,6.5
09:55:02,1787,1,bajada,-1.707156,-1.705902,5.736658,6.5,6.44,6.5
09:55:02,1788,1,bajada,-1.707158,-1.705895,5.736658,6.5,6.439,6.5
09:55:02,1789,1,bajada,-1.707161,-1.705897,5.737390,6.5,6.437,6.5
09:55:02,1790,1,bajada,-1.707159,-1.705906,5.737390,6.5,6.435,6.5
09:55:02,1791,1,bajada,-1.707157,-1.705910,5.736902,6.5,6.434,6.5
09:55:02,1792,1,bajada,-1.707159,-1.705907,5.736902,6.5,6.43,6.5
09:55:02,1793,1,bajada,-1.707158,-1.705907,5.738916,6.5,6.428,6.5
09:55:02,1794,1,bajada,-1.707163,-1.705925,5.738916,6.5,6.424,6.5
09:55:02,1795,1,bajada,-1.707169,-1.705934,5.737176,6.5,6.422,6.5
09:55:02,1796,1,bajada,-1.707168,-1.705925,5.737176,6.5,6.419,6.5
09:55:02,1797,1,bajada,-1.707170,-1.705913,5.736505,6.5,6.416,6.5
09:55:02,1798,1,bajada,-1.707171,-1.705927,5.736505,6.5,6.414,6.5
09:55:02,1799,1,bajada,-1.707172,-1.705939,5.735803,6.5,6.412,6.5
09:55:03,1800,1,bajada,-1.707172,-1.705950,5.735803,6.5,6.407,6.5
09:55:03,1801,1,bajada,-1.709899,-1.708644,5.740076,3.441,3.5,3.5
09:55:54,1802,1,bajada,-1.709901,-1.708650,5.740076,3.5,3.5,3.5
09:55:54,1803,1,bajada,-1.709905,-1.708651,5.740777,3.5,3.5,3.5
09:55:54,1804,1,bajada,-1.709908,-1.708627,5.740777,3.5,3.5,3.5
09:55:54,1805,1,bajada,-1.709906,-1.708632,5.738519,3.5,3.5,3.5
09:55:54,1806,1,bajada,-1.709902,-1.708657,5.738519,3.5,3.5,3.5
09:55:54,1807,1,bajada,-1.709901,-1.708657,5.739435,3.5,3.5,3.5
09:55:54,1808,1,bajada,-1.709900,-1.708661,5.739435,3.5,3.5,3.5
09:55:54,1809,1,bajada,-1.709899,-1.708653,5.737878,3.5,3.5,3.5
09:55:55,1810,1,bajada,-1.709896,-1.708676,5.738794,3.5,3.5,3.5
09:55:55,1811,1,bajada,-1.709896,-1.708648,5.738794,3.5,3.5,3.5
09:55:55,1812,1,bajada,-1.709899,-1.708631,5.739404,3.5,3.5,3.5
09:55:55,1813,1,bajada,-1.709902,-1.708672,5.739404,3.5,3.5,3.5
09:55:55,1814,1,bajada,-1.709902,-1.708663,5.738306,3.5,3.5,3.5
09:55:55,1815,1,bajada,-1.709902,-1.708649,5.738306,3.5,3.5,3.5
09:55:55,1816,1,bajada,-1.709902,-1.708657,5.739740,3.5,3.5,3.5
09:55:55,1817,1,bajada,-1.709900,-1.708660,5.739740,3.5,3.5,3.5
09:55:55,1818,1,bajada,-1.709899,-1.708636,5.739679,3.5,3.5,3.5
09:55:55,1819,1,bajada,-1.709898,-1.708664,5.739679,3.5,3.5,3.5
09:55:55,1820,1,bajada,-1.709896,-1.708652,5.739862,3.5,3.5,3.5
09:55:55,1821,1,bajada,-1.709897,-1.708641,5.739862,3.5,3.5,3.5
09:55:55,1822,1,bajada,-1.709899,-1.708643,5.738763,3.5,3.5,3.5
09:55:55,1823,1,bajada,-1.709897,-1.708649,5.738763,3.5,3.5,3.5
09:55:55,1824,1,bajada,-1.709895,-1.708637,5.738489,3.5,3.5,3.5
09:55:55,1825,1,bajada,-1.709893,-1.708625,5.738489,3.5,3.5,3.5
09:55:55,1826,1,bajada,-1.709894,-1.708634,5.737604,3.5,3.501,3.5
09:55:56,1827,1,bajada,-1.709895,-1.708647,5.737604,3.5,3.5,3.5
09:55:56,1828,1,bajada,-1.709889,-1.708635,5.739099,3.5,3.5,3.5
09:55:56,1829,1,bajada,-1.709886,-1.708637,5.739099,3.5,3.5,3.5
09:55:56,1830,1,bajada,-1.709888,-1.708651,5.739618,3.5,3.5,3.5
09:55:56,1831,1,bajada,-1.709889,-1.708634,5.739618,3.5,3.5,3.5
09:55:56,1832,1,bajada,-1.709887,-1.708653,5.738916,3.5,3.5,3.5
09:55:56,1833,1,bajada,-1.709886,-1.708639,5.738702,3.5,3.5,3.5
09:55:56,1834,1,bajada,-1.709887,-1.708648,5.738702,3.5,3.5,3.5
09:55:56,1835,1,bajada,-1.709888,-1.708633,5.739465,3.5,3.5,3.5
09:55:56,1836,1,bajada,-1.709887,-1.708663,5.739465,3.5,3.5,3.5
09:55:56,1837,1,bajada,-1.709886,-1.708628,5.737909,3.5,3.5,3.5
09:55:56,1838,1,bajada,-1.709886,-1.708640,5.737909,3.5,3.5,3.5
09:55:56,1839,1,bajada,-1.709884,-1.708660,5.739770,3.5,3.5,3.5
09:55:56,1840,1,bajada,-1.709885,-1.708639,5.739770,3.5,3.5,3.5
09:55:56,1841,1,bajada,-1.709886,-1.708648,5.739038,3.5,3.5,3.5
09:55:56,1842,1,bajada,-1.709886,-1.708635,5.739038,3.5,3.5,3.5
09:55:57,1843,1,bajada,-1.709886,-1.708639,5.739038,3.5,3.5,3.5
09:55:57,1844,1,bajada,-1.709886,-1.708625,5.739038,3.5,3.5,3.5
09:55:57,1845,1,bajada,-1.709886,-1.708643,5.739496,3.5,3.5,3.5
09:55:57,1846,1,bajada,-1.709887,-1.708623,5.739496,3.5,3.5,3.5
09:55:57,1847,1,bajada,-1.709887,-1.708640,5.739435,3.5,3.5,3.5
09:55:57,1848,1,bajada,-1.709885,-1.708659,5.739435,3.5,3.5,3.5
09:55:57,1849,1,bajada,-1.709885,-1.708641,5.738916,3.5,3.5,3.5
09:55:57,1850,1,bajada,-1.709889,-1.708630,5.738916,3.5,3.5,3.5
09:55:57,1851,1,bajada,-1.709890,-1.708637,5.739496,3.5,3.5,3.5
09:55:57,1852,1,bajada,-1.709890,-1.708655,5.739496,3.5,3.5,3.5
09:55:57,1853,1,bajada,-1.709890,-1.708640,5.738733,3.5,3.5,3.5
09:55:57,1854,1,bajada,-1.709892,-1.708622,5.738733,3.5,3.5,3.5
09:55:57,1855,1,bajada,-1.709894,-1.708642,5.739496,3.5,3.5,3.5
09:55:57,1856,1,bajada,-1.709893,-1.708625,5.738183,3.5,3.5,3.5
09:55:57,1857,1,bajada,-1.709889,-1.708654,5.738183,3.5,3.5,3.5
09:55:57,1858,1,bajada,-1.709886,-1.708652,5.739496,3.5,3.5,3.5
09:55:58,1859,1,bajada,-1.709888,-1.708648,5.739496,3.5,3.5,3.5
09:55:58,1860,1,bajada,-1.709890,-1.708645,5.739221,3.5,3.501,3.5
09:55:58,1861,1,bajada,-1.709889,-1.708637,5.739221,3.5,3.501,3.5
09:55:58,1862,1,bajada,-1.709886,-1.708647,5.739282,3.5,3.5,3.5
09:55:58,1863,1,bajada,-1.709885,-1.708643,5.739282,3.5,3.501,3.5
09:55:58,1864,1,bajada,-1.709883,-1.708621,5.738550,3.5,3.5,3.5
09:55:58,1865,1,bajada,-1.709884,-1.708641,5.738550,3.5,3.5,3.5
09:55:58,1866,1,bajada,-1.709885,-1.708640,5.738946,3.5,3.5,3.5
09:55:58,1867,1,bajada,-1.709882,-1.708638,5.738946,3.5,3.5,3.5
09:55:58,1868,1,bajada,-1.709880,-1.708654,5.738672,3.5,3.5,3.5
09:55:58,1869,1,bajada,-1.709884,-1.708634,5.738672,3.5,3.5,3.5
09:55:58,1870,1,bajada,-1.709888,-1.708632,5.738946,3.5,3.5,3.5
09:55:58,1871,1,bajada,-1.709886,-1.708647,5.738946,3.5,3.5,3.5
09:55:58,1872,1,bajada,-1.709884,-1.708661,5.739282,3.5,3.5,3.5
09:55:59,1873,1,bajada,-1.709887,-1.708643,5.739282,3.5,3.5,3.5
09:55:59,1874,1,bajada,-1.709893,-1.708646,5.739770,3.5,3.5,3.5
09:55:59,1875,1,bajada,-1.709891,-1.708644,5.739770,3.5,3.5,3.5
09:55:59,1876,1,bajada,-1.709885,-1.708627,5.739282,3.5,3.5,3.5
09:55:59,1877,1,bajada,-1.709882,-1.708636,5.739282,3.5,3.5,3.5
09:55:59,1878,1,bajada,-1.709888,-1.708634,5.739557,3.5,3.5,3.5
09:55:59,1879,1,bajada,-1.709894,-1.708624,5.740106,3.5,3.5,3.5
09:55:59,1880,1,bajada,-1.709897,-1.708655,5.740106,3.5,3.5,3.5
09:55:59,1881,1,bajada,-1.709901,-1.708644,5.740655,3.5,3.5,3.5
09:55:59,1882,1,bajada,-1.709900,-1.708654,5.740655,3.5,3.5,3.5
09:55:59,1883,1,bajada,-1.709896,-1.708634,5.740655,3.5,3.5,3.5
09:55:59,1884,1,bajada,-1.709893,-1.708656,5.740655,3.5,3.5,3.5
09:55:59,1885,1,bajada,-1.709894,-1.708649,5.739191,3.5,3.5,3.5
09:55:59,1886,1,bajada,-1.709895,-1.708632,5.739191,3.5,3.5,3.5
09:55:59,1887,1,bajada,-1.709894,-1.708643,5.739465,3.5,3.5,3.5
09:55:59,1888,1,bajada,-1.709891,-1.708641,5.739465,3.5,3.5,3.5
09:55:59,1889,1,bajada,-1.709890,-1.708643,5.740930,3.5,3.5,3.5
09:56:00,1890,1,bajada,-1.709894,-1.708642,5.740930,3.5,3.5,3.5
09:56:00,1891,1,bajada,-1.709896,-1.708640,5.740015,3.5,3.5,3.5
09:56:00,1892,1,bajada,-1.709894,-1.708654,5.740015,3.5,3.5,3.5
09:56:00,1893,1,bajada,-1.709895,-1.708647,5.738519,3.5,3.5,3.5
09:56:00,1894,1,bajada,-1.709897,-1.708651,5.738519,3.5,3.5,3.5
09:56:00,1895,1,bajada,-1.709897,-1.708661,5.739862,3.5,3.5,3.5
09:56:00,1896,1,bajada,-1.709899,-1.708631,5.739862,3.5,3.5,3.5
09:56:00,1897,1,bajada,-1.709901,-1.708633,5.738458,3.5,3.5,3.5
09:56:00,1898,1,bajada,-1.709899,-1.708637,5.738458,3.5,3.5,3.5
09:56:00,1899,1,bajada,-1.709898,-1.708648,5.739526,3.5,3.5,3.5
09:56:00,1900,1,bajada,-1.709897,-1.708644,5.739831,3.5,3.5,3.5
09:56:00,1901,1,bajada,-1.709901,-1.708647,5.739831,3.5,3.5,3.5
09:56:00,1902,1,bajada,-1.709902,-1.708662,5.739526,3.5,3.5,3.5
09:56:00,1903,1,bajada,-1.709901,-1.708655,5.739526,3.5,3.5,3.5
09:56:00,1904,1,bajada,-1.709899,-1.708644,5.738794,3.5,3.5,3.5
09:56:00,1905,1,bajada,-1.709895,-1.708635,5.738794,3.5,3.5,3.5
09:56:00,1906,1,bajada,-1.709894,-1.708640,5.738702,3.5,3.5,3.5
09:56:01,1907,1,bajada,-1.709896,-1.708642,5.738702,3.5,3.5,3.5
09:56:01,1908,1,bajada,-1.709896,-1.708648,5.739557,3.5,3.5,3.5
09:56:01,1909,1,bajada,-1.709893,-1.708642,5.739557,3.5,3.5,3.5
09:56:01,1910,1,bajada,-1.709892,-1.708647,5.738611,3.5,3.5,3.5
09:56:01,1911,1,bajada,-1.709894,-1.708627,5.738611,3.5,3.5,3.5
09:56:01,1912,1,bajada,-1.709895,-1.708636,5.739557,3.5,3.5,3.5
09:56:01,1913,1,bajada,-1.709890,-1.708643,5.739557,3.5,3.5,3.5
09:56:01,1914,1,bajada,-1.709887,-1.708637,5.739801,3.5,3.5,3.5
09:56:01,1915,1,bajada,-1.709889,-1.708651,5.739801,3.5,3.5,3.5
09:56:01,1916,1,bajada,-1.709891,-1.708638,5.740747,3.5,3.5,3.5
09:56:01,1917,1,bajada,-1.709893,-1.708643,5.740747,3.5,3.5,3.5
09:56:01,1918,1,bajada,-1.709894,-1.708652,5.739923,3.5,3.5,3.5
09:56:01,1919,1,bajada,-1.709892,-1.708612,5.739923,3.5,3.5,3.5
09:56:01,1920,1,bajada,-1.709888,-1.708665,5.738702,3.5,3.5,3.5
09:56:01,1921,1,bajada,-1.709887,-1.708643,5.738702,3.5,3.5,3.5
09:56:01,1922,1,bajada,-1.709886,-1.708640,5.739313,3.5,3.5,3.5
09:56:02,1923,1,bajada,-1.709885,-1.708654,5.739099,3.5,3.5,3.5
09:56:02,1924,1,bajada,-1.709883,-1.708634,5.739099,3.5,3.5,3.5
09:56:02,1925,1,bajada,-1.709883,-1.708623,5.738641,3.5,3.5,3.5
09:56:02,1926,1,bajada,-1.709886,-1.708654,5.738641,3.5,3.5,3.5
09:56:02,1927,1,bajada,-1.709885,-1.708642,5.739252,3.5,3.5,3.5
09:56:02,1928,1,bajada,-1.709884,-1.708642,5.739252,3.5,3.5,3.5
09:56:02,1929,1,bajada,-1.709884,-1.708644,5.739130,3.5,3.5,3.5
09:56:02,1930,1,bajada,-1.709882,-1.708639,5.739130,3.5,3.5,3.5
09:56:02,1931,1,bajada,-1.709881,-1.708641,5.740106,3.5,3.5,3.5
09:56:02,1932,1,bajada,-1.709881,-1.708648,5.740106,3.5,3.5,3.5
09:56:02,1933,1,bajada,-1.709881,-1.708638,5.739618,3.5,3.5,3.5
09:56:02,1934,1,bajada,-1.709878,-1.708635,5.739618,3.5,3.5,3.5
09:56:02,1935,1,bajada,-1.709876,-1.708621,5.740625,3.5,3.5,3.5
09:56:02,1936,1,bajada,-1.709878,-1.708628,5.740625,3.5,3.5,3.5
09:56:02,1937,1,bajada,-1.709880,-1.708621,5.738397,3.5,3.5,3.5
09:56:03,1938,1,bajada,-1.709880,-1.708623,5.738397,3.5,3.5,3.5
09:56:03,1939,1,bajada,-1.709882,-1.708628,5.740320,3.5,3.5,3.5
09:56:03,1940,1,bajada,-1.709883,-1.708613,5.740320,3.5,3.5,3.5
09:56:03,1941,1,bajada,-1.709884,-1.708642,5.737939,3.5,3.5,3.5
09:56:03,1942,1,bajada,-1.709885,-1.708647,5.737939,3.5,3.5,3.5
09:56:03,1943,1,bajada,-1.709886,-1.708624,5.740106,3.5,3.5,3.5
09:56:03,1944,1,bajada,-1.709887,-1.708637,5.740106,3.5,3.5,3.5
09:56:03,1945,1,bajada,-1.709887,-1.708601,5.739343,3.5,3.5,3.5
09:56:03,1946,1,bajada,-1.709886,-1.708625,5.739648,3.5,3.5,3.5
09:56:03,1947,1,bajada,-1.709886,-1.708627,5.739648,3.5,3.5,3.5
09:56:03,1948,1,bajada,-1.709888,-1.708628,5.739740,3.5,3.5,3.5
09:56:03,1949,1,bajada,-1.709891,-1.708631,5.739740,3.5,3.5,3.5
09:56:03,1950,1,bajada,-1.709890,-1.708624,5.739709,3.5,3.5,3.5
09:56:04,1951,1,bajada,-1.709886,-1.708621,5.739709,3.5,3.5,3.5
09:56:04,1952,1,bajada,-1.709887,-1.708621,5.739221,3.5,3.5,3.5
09:56:04,1953,1,bajada,-1.709886,-1.708616,5.739221,3.5,3.5,3.5
09:56:04,1954,1,bajada,-1.709883,-1.708617,5.739557,3.5,3.5,3.5
09:56:04,1955,1,bajada,-1.709883,-1.708610,5.739557,3.5,3.501,3.5
09:56:04,1956,1,bajada,-1.709883,-1.708636,5.739435,3.5,3.5,3.5
09:56:04,1957,1,bajada,-1.709882,-1.708626,5.739435,3.5,3.5,3.5
09:56:04,1958,1,bajada,-1.709882,-1.708627,5.739038,3.5,3.5,3.5
09:56:04,1959,1,bajada,-1.709881,-1.708614,5.739038,3.5,3.5,3.5
09:56:04,1960,1,bajada,-1.709879,-1.708637,5.739740,3.5,3.5,3.5
09:56:04,1961,1,bajada,-1.709877,-1.708630,5.739740,3.5,3.5,3.5
09:56:04,1962,1,bajada,-1.709877,-1.708631,5.740381,3.5,3.5,3.5
09:56:04,1963,1,bajada,-1.709876,-1.708651,5.740381,3.5,3.5,3.5
09:56:04,1964,1,bajada,-1.709875,-1.708645,5.739007,3.5,3.5,3.5
09:56:04,1965,1,bajada,-1.709876,-1.708633,5.739007,3.5,3.5,3.5
09:56:05,1966,1,bajada,-1.709875,-1.708654,5.741876,3.5,3.5,3.5
09:56:05,1967,1,bajada,-1.709877,-1.708626,5.741876,3.5,3.5,3.5
09:56:05,1968,1,bajada,-1.709877,-1.708623,5.741327,3.5,3.5,3.5
09:56:05,1969,1,bajada,-1.709875,-1.708642,5.739221,3.5,3.5,3.5
09:56:05,1970,1,bajada,-1.709875,-1.708629,5.739221,3.5,3.5,3.5
09:56:05,1971,1,bajada,-1.709875,-1.708612,5.738336,3.5,3.5,3.5
09:56:05,1972,1,bajada,-1.709874,-1.708626,5.738336,3.5,3.5,3.5
09:56:05,1973,1,bajada,-1.709871,-1.708639,5.739740,3.5,3.5,3.5
09:56:05,1974,1,bajada,-1.709871,-1.708637,5.739740,3.5,3.5,3.5
09:56:05,1975,1,bajada,-1.709875,-1.708629,5.740564,3.5,3.5,3.5
09:56:05,1976,1,bajada,-1.709877,-1.708640,5.740564,3.5,3.5,3.5
09:56:05,1977,1,bajada,-1.709878,-1.708637,5.739679,3.5,3.5,3.5
09:56:05,1978,1,bajada,-1.709878,-1.708633,5.739679,3.5,3.5,3.5
09:56:05,1979,1,bajada,-1.709875,-1.708627,5.740900,3.5,3.5,3.5
09:56:06,1982,1,bajada,-1.709868,-1.708628,5.740411,3.5,3.5,3.5
09:56:06,1983,1,bajada,-1.709865,-1.708633,5.740411,3.5,3.5,3.5
09:56:06,1984,1,bajada,-1.709862,-1.708634,5.740716,3.5,3.5,3.5
09:56:06,1985,1,bajada,-1.709866,-1.708641,5.740716,3.5,3.5,3.5
09:56:06,1986,1,bajada,-1.709868,-1.708620,5.739587,3.5,3.5,3.5
09:56:06,1987,1,bajada,-1.709865,-1.708604,5.739587,3.5,3.5,3.5
09:56:06,1988,1,bajada,-1.709865,-1.708633,5.739892,3.5,3.5,3.5
09:56:06,1989,1,bajada,-1.709867,-1.708613,5.739892,3.5,3.5,3.5
09:56:06,1990,1,bajada,-1.709868,-1.708632,5.739679,3.5,3.5,3.5
09:56:06,1991,1,bajada,-1.709870,-1.708631,5.739679,3.5,3.5,3.5
09:56:06,1992,1,bajada,-1.709871,-1.708626,5.739557,3.5,3.5,3.5
09:56:06,1993,1,bajada,-1.709869,-1.708629,5.739984,3.5,3.5,3.5
09:56:06,1994,1,bajada,-1.709869,-1.708639,5.739984,3.5,3.5,3.5
09:56:06,1995,1,bajada,-1.709873,-1.708630,5.740167,3.5,3.5,3.5
09:56:06,1996,1,bajada,-1.709877,-1.708635,5.740167,3.5,3.5,3.5
09:56:07,1997,1,bajada,-1.709874,-1.708629,5.739221,3.5,3.5,3.5
09:56:07,1998,1,bajada,-1.709874,-1.708614,5.739221,3.5,3.5,3.5
09:56:07,1999,1,bajada,-1.709877,-1.708612,5.740961,3.5,3.5,3.5
09:56:07,2000,1,bajada,-1.709876,-1.708617,5.740961,3.5,3.5,3.5
09:56:07,2001,1,bajada,-1.709877,-1.708625,5.741113,3.5,3.5,3.5
09:56:07,2002,1,bajada,-1.709875,-1.708605,5.741113,3.5,3.5,3.5
09:56:07,2003,1,bajada,-1.709875,-1.708611,5.739831,3.5,3.5,3.5
09:56:07,2004,1,bajada,-1.709880,-1.708613,5.739831,3.5,3.5,3.5
09:56:07,2005,1,bajada,-1.709881,-1.708612,5.740381,3.5,3.5,3.5
09:56:07,2006,1,bajada,-1.709880,-1.708609,5.740381,3.5,3.5,3.5
09:56:07,2007,1,bajada,-1.709881,-1.708632,5.740533,3.5,3.5,3.5
09:56:07,2008,1,bajada,-1.709880,-1.708610,5.740533,3.5,3.5,3.5
09:56:07,2009,1,bajada,-1.709880,-1.708608,5.740594,3.5,3.5,3.5
09:56:07,2010,1,bajada,-1.709879,-1.708622,5.740594,3.5,3.5,3.5
09:56:07,2011,1,bajada,-1.709880,-1.708623,5.740655,3.5,3.5,3.5
09:56:07,2012,1,bajada,-1.709877,-1.708622,5.740655,3.5,3.5,3.5
09:56:07,2013,1,bajada,-1.709873,-1.708593,5.738489,3.5,3.5,3.5
09:56:07,2014,1,bajada,-1.709875,-1.708613,5.739984,3.5,3.5,3.5
09:56:08,2015,1,bajada,-1.709878,-1.708609,5.739984,3.5,3.5,3.5
09:56:08,2016,1,bajada,-1.709879,-1.708622,5.738306,3.5,3.5,3.5
09:56:08,2017,1,bajada,-1.709883,-1.708622,5.738306,3.5,3.5,3.5
09:56:08,2018,1,bajada,-1.709885,-1.708598,5.739770,3.5,3.5,3.5
09:56:08,2019,1,bajada,-1.709881,-1.708628,5.739770,3.5,3.5,3.5
09:56:08,2020,1,bajada,-1.709880,-1.708631,5.739801,3.5,3.5,3.5
09:56:08,2021,1,bajada,-1.709881,-1.708627,5.739801,3.5,3.5,3.5
09:56:08,2022,1,bajada,-1.709880,-1.708634,5.740350,3.5,3.5,3.5
09:56:08,2023,1,bajada,-1.709879,-1.708642,5.740350,3.5,3.5,3.5
09:56:08,2024,1,bajada,-1.709882,-1.708610,5.739709,3.5,3.5,3.5
09:56:08,2025,1,bajada,-1.709880,-1.708611,5.739709,3.5,3.5,3.5
09:56:08,2026,1,bajada,-1.709877,-1.708614,5.738458,3.5,3.5,3.5
09:56:08,2027,1,bajada,-1.709879,-1.708641,5.738458,3.5,3.5,3.5
09:56:08,2028,1,bajada,-1.709879,-1.708624,5.739191,3.5,3.5,3.5
09:56:08,2029,1,bajada,-1.709880,-1.708632,5.739191,3.5,3.5,3.5
09:56:08,2030,1,bajada,-1.709879,-1.708615,5.738214,3.5,3.5,3.5
09:56:08,2031,1,bajada,-1.709875,-1.708622,5.738214,3.5,3.5,3.5
09:56:09,2032,1,bajada,-1.709872,-1.708614,5.739069,3.5,3.5,3.5
09:56:09,2033,1,bajada,-1.709872,-1.708602,5.739069,3.5,3.5,3.5
09:56:09,2034,1,bajada,-1.709875,-1.708603,5.739648,3.5,3.5,3.5
09:56:09,2035,1,bajada,-1.709876,-1.708624,5.739648,3.5,3.5,3.5
09:56:09,2036,1,bajada,-1.709876,-1.708608,5.739435,3.5,3.5,3.5
09:56:09,2037,1,bajada,-1.709878,-1.708614,5.740198,3.5,3.5,3.5
09:56:09,2038,1,bajada,-1.709879,-1.708619,5.740198,3.5,3.5,3.5
09:56:09,2039,1,bajada,-1.709874,-1.708623,5.739618,3.5,3.5,3.5
09:56:09,2040,1,bajada,-1.709869,-1.708609,5.739618,3.5,3.5,3.5
09:56:09,2041,1,bajada,-1.709865,-1.708610,5.741052,3.5,3.5,3.5
09:56:09,2042,1,bajada,-1.709861,-1.708641,5.741052,3.5,3.5,3.5
09:56:09,2043,1,bajada,-1.709860,-1.708598,5.739892,3.5,3.5,3.5
09:56:09,2044,1,bajada,-1.709862,-1.708632,5.739892,3.5,3.5,3.5
09:56:09,2045,1,bajada,-1.709861,-1.708597,5.740259,3.5,3.5,3.5
09:56:09,2046,1,bajada,-1.709859,-1.708635,5.740259,3.5,3.5,3.5
09:56:09,2047,1,bajada,-1.709859,-1.708596,5.739587,3.5,3.5,3.5
09:56:09,2048,1,bajada,-1.709859,-1.708619,5.739587,3.5,3.5,3.5
09:56:10,2049,1,bajada,-1.709857,-1.708607,5.740076,3.5,3.5,3.5
09:56:10,2050,1,bajada,-1.709858,-1.708611,5.740076,3.5,3.5,3.5
09:56:10,2051,1,bajada,-1.709857,-1.708608,5.739252,3.5,3.5,3.5
09:56:10,2052,1,bajada,-1.709858,-1.708614,5.739252,3.5,3.5,3.5
09:56:10,2053,1,bajada,-1.709859,-1.708614,5.739130,3.5,3.5,3.5
09:56:10,2054,1,bajada,-1.709858,-1.708603,5.739130,3.5,3.5,3.5
09:56:10,2055,1,bajada,-1.709858,-1.708606,5.740808,3.5,3.5,3.5
09:56:10,2056,1,bajada,-1.709861,-1.708608,5.740808,3.5,3.5,3.5
09:56:10,2057,1,bajada,-1.709865,-1.708606,5.738611,3.5,3.5,3.5
09:56:10,2058,1,bajada,-1.709866,-1.708594,5.738611,3.5,3.5,3.5
09:56:10,2059,1,bajada,-1.709868,-1.708605,5.738336,3.5,3.5,3.5
09:56:10,2060,1,bajada,-1.709865,-1.708580,5.739862,3.5,3.5,3.5
09:56:10,2061,1,bajada,-1.709861,-1.708595,5.739862,3.5,3.5,3.5
09:56:10,2062,1,bajada,-1.709864,-1.708606,5.741144,3.5,3.5,3.5
09:56:10,2063,1,bajada,-1.709866,-1.708602,5.741144,3.5,3.5,3.5
09:56:10,2064,1,bajada,-1.709865,-1.708607,5.739465,3.5,3.5,3.5
09:56:10,2065,1,bajada,-1.709865,-1.708625,5.739465,3.5,3.5,3.5
09:56:10,2066,1,bajada,-1.709864,-1.708616,5.738916,3.5,3.5,3.5
09:56:11,2067,1,bajada,-1.709865,-1.708627,5.738916,3.5,3.5,3.5
09:56:11,2068,1,bajada,-1.709866,-1.708608,5.738367,3.5,3.5,3.5
09:56:11,2069,1,bajada,-1.709865,-1.708631,5.738367,3.5,3.501,3.5
09:56:11,2070,1,bajada,-1.709864,-1.708625,5.741174,3.5,3.501,3.5
09:56:11,2071,1,bajada,-1.709864,-1.708600,5.741174,3.5,3.501,3.5
09:56:11,2072,1,bajada,-1.709866,-1.708598,5.739435,3.5,3.5,3.5
09:56:11,2073,1,bajada,-1.709870,-1.708635,5.739435,3.5,3.5,3.5
09:56:11,2074,1,bajada,-1.709874,-1.708622,5.738824,3.5,3.5,3.5
09:56:11,2075,1,bajada,-1.709877,-1.708609,5.738824,3.5,3.5,3.5
09:56:11,2076,1,bajada,-1.709874,-1.708630,5.739221,3.5,3.5,3.5
09:56:11,2077,1,bajada,-1.709868,-1.708616,5.739221,3.5,3.5,3.5
09:56:11,2078,1,bajada,-1.709871,-1.708618,5.740686,3.5,3.5,3.5
09:56:11,2081,1,bajada,-1.709869,-1.708640,5.742151,3.5,3.5,3.5
09:56:12,2082,1,bajada,-1.709871,-1.708635,5.742151,3.5,3.5,3.5
09:56:12,2083,1,bajada,-1.709872,-1.708627,5.739587,3.5,3.5,3.5
09:56:12,2084,1,bajada,-1.709871,-1.708613,5.740442,3.5,3.5,3.5
09:56:12,2085,1,bajada,-1.709869,-1.708621,5.740442,3.5,3.5,3.5
09:56:12,2088,1,bajada,-1.709871,-1.708634,5.738733,3.5,3.5,3.5
09:56:12,2089,1,bajada,-1.709870,-1.708639,5.739831,3.5,3.5,3.5
09:56:12,2090,1,bajada,-1.709869,-1.708639,5.739831,3.5,3.5,3.5
09:56:12,2091,1,bajada,-1.709864,-1.708631,5.739679,3.5,3.5,3.5
09:56:12,2092,1,bajada,-1.709862,-1.708631,5.739679,3.5,3.5,3.5
09:56:12,2093,1,bajada,-1.709864,-1.708626,5.741663,3.5,3.5,3.5
09:56:12,2094,1,bajada,-1.709866,-1.708639,5.741663,3.5,3.5,3.5
09:56:12,2095,1,bajada,-1.709865,-1.708625,5.739648,3.5,3.5,3.5
09:56:12,2096,1,bajada,-1.709862,-1.708645,5.739648,3.5,3.5,3.5
09:56:13,2097,1,bajada,-1.709861,-1.708649,5.739923,3.5,3.5,3.5
09:56:13,2098,1,bajada,-1.709860,-1.708650,5.739923,3.5,3.5,3.5
09:56:13,2099,1,bajada,-1.709857,-1.708635,5.739465,3.5,3.5,3.5
09:56:13,2100,1,bajada,-1.709855,-1.708654,5.739465,3.5,3.5,3.5
09:56:13,2101,1,bajada,-1.709856,-1.708642,5.739984,3.5,3.5,3.5
09:56:13,2102,1,bajada,-1.709859,-1.708639,5.739984,3.5,3.5,3.5
09:56:13,2103,1,bajada,-1.709859,-1.708640,5.739587,3.5,3.5,3.5
09:56:13,2104,1,bajada,-1.709859,-1.708648,5.739587,3.5,3.5,3.5
09:56:13,2105,1,bajada,-1.709859,-1.708637,5.738672,3.5,3.5,3.5
09:56:13,2106,1,bajada,-1.709858,-1.708632,5.740381,3.5,3.5,3.5
09:56:13,2107,1,bajada,-1.709857,-1.708637,5.740381,3.5,3.5,3.5
09:56:13,2108,1,bajada,-1.709864,-1.708630,5.738916,3.5,3.5,3.5
09:56:13,2109,1,bajada,-1.709867,-1.708633,5.738916,3.5,3.5,3.5
09:56:13,2110,1,bajada,-1.709858,-1.708629,5.740655,3.5,3.5,3.5
09:56:13,2111,1,bajada,-1.709851,-1.708623,5.740655,3.5,3.5,3.5
09:56:13,2112,1,bajada,-1.709852,-1.708610,5.740015,3.5,3.5,3.5
09:56:13,2113,1,bajada,-1.709853,-1.708631,5.740015,3.5,3.5,3.5
09:56:13,2114,1,bajada,-1.709853,-1.708625,5.740015,3.5,3.5,3.5
09:56:14,2115,1,bajada,-1.709853,-1.708618,5.740015,3.5,3.5,3.5
09:56:14,2116,1,bajada,-1.709852,-1.708629,5.741846,3.5,3.5,3.5
09:56:14,2117,1,bajada,-1.709851,-1.708620,5.741846,3.5,3.5,3.5
09:56:14,2118,1,bajada,-1.709851,-1.708621,5.740411,3.5,3.5,3.5
09:56:14,2119,1,bajada,-1.709855,-1.708601,5.740411,3.5,3.5,3.5
09:56:14,2120,1,bajada,-1.709855,-1.708620,5.740411,3.5,3.5,3.5
09:56:14,2121,1,bajada,-1.713154,-1.711913,5.735498,0.0,0.002,0.0
09:57:25,2122,1,bajada,-1.713157,-1.711914,5.735620,0.0,0.001,0.0
09:57:25,2123,1,bajada,-1.713159,-1.711924,5.735620,0.0,0.001,0.0
09:57:25,2124,1,bajada,-1.713155,-1.711918,5.736841,0.0,0.001,0.0
09:57:25,2125,1,bajada,-1.713154,-1.711933,5.736841,0.0,0.001,0.0
09:57:25,2126,1,bajada,-1.713154,-1.711909,5.735925,0.0,0.001,0.0
09:57:25,2127,1,bajada,-1.713154,-1.711909,5.735925,0.0,0.001,0.0
09:57:25,2128,1,bajada,-1.713158,-1.711911,5.735101,0.0,0.001,0.0
09:57:26,2129,1,bajada,-1.713154,-1.711928,5.735101,0.0,0.001,0.0
09:57:26,2130,1,bajada,-1.713149,-1.711923,5.735284,0.0,0.001,0.0
09:57:26,2131,1,bajada,-1.713150,-1.711897,5.735284,0.0,0.001,0.0
09:57:26,2132,1,bajada,-1.713152,-1.711913,5.735528,0.0,0.001,0.0
09:57:26,2133,1,bajada,-1.713155,-1.711926,5.735528,0.0,0.002,0.0
09:57:26,2134,1,bajada,-1.713154,-1.711910,5.734918,0.0,0.002,0.0
09:57:26,2135,1,bajada,-1.713152,-1.711908,5.734918,0.0,0.001,0.0
09:57:26,2136,1,bajada,-1.713152,-1.711890,5.737085,0.0,0.001,0.0
09:57:26,2137,1,bajada,-1.713155,-1.711912,5.737085,0.0,0.002,0.0
09:57:26,2138,1,bajada,-1.713160,-1.711913,5.736627,0.0,0.001,0.0
09:57:26,2139,1,bajada,-1.713158,-1.711914,5.736627,0.0,0.001,0.0
09:57:26,2140,1,bajada,-1.713156,-1.711902,5.734094,0.0,0.001,0.0
09:57:26,2141,1,bajada,-1.713158,-1.711919,5.734766,0.0,0.001,0.0
09:57:26,2142,1,bajada,-1.713158,-1.711925,5.734766,0.0,0.001,0.0
09:57:26,2143,1,bajada,-1.713160,-1.711916,5.736078,0.0,0.002,0.0
09:57:26,2144,1,bajada,-1.713161,-1.711931,5.736078,0.0,0.001,0.0
09:57:26,2145,1,bajada,-1.713163,-1.711919,5.735742,0.0,0.002,0.0
09:57:27,2146,1,bajada,-1.713161,-1.711950,5.735742,0.0,0.001,0.0
09:57:27,2147,1,bajada,-1.713158,-1.711920,5.735559,0.0,0.001,0.0
09:57:27,2148,1,bajada,-1.713155,-1.711932,5.735559,0.0,0.001,0.0
09:57:27,2149,1,bajada,-1.713155,-1.711928,5.736017,0.0,0.001,0.0
09:57:27,2150,1,bajada,-1.713157,-1.711937,5.736017,0.0,0.001,0.0
09:57:27,2151,1,bajada,-1.713158,-1.711926,5.735376,0.0,0.001,0.0
09:57:27,2152,1,bajada,-1.713161,-1.711906,5.735376,0.0,0.001,0.0
09:57:27,2153,1,bajada,-1.713163,-1.711937,5.735071,0.001,0.0,0.0
09:57:27,2154,1,bajada,-1.713162,-1.711958,5.735071,0.0,0.002,0.0
09:57:27,2155,1,bajada,-1.713163,-1.711928,5.735284,0.001,0.0,0.0
09:57:27,2156,1,bajada,-1.713169,-1.711938,5.735284,0.0,0.001,0.0
09:57:27,2157,1,bajada,-1.713177,-1.711922,5.735651,0.0,0.002,0.0
09:57:27,2158,1,bajada,-1.713177,-1.711943,5.735651,0.0,0.001,0.0
09:57:27,2159,1,bajada,-1.713171,-1.711935,5.734979,0.0,0.002,0.0
09:57:27,2160,1,bajada,-1.713173,-1.711944,5.734979,0.001,0.0,0.0
09:57:27,2161,1,bajada,-1.713176,-1.711937,5.734888,0.0,0.001,0.0
09:57:28,2162,1,bajada,-1.713183,-1.711949,5.734888,0.0,0.001,0.0
09:57:28,2163,1,bajada,-1.713187,-1.711954,5.736413,0.0,0.001,0.0
09:57:28,2164,1,bajada,-1.713187,-1.711941,5.736871,0.0,0.001,0.0
09:57:28,2165,1,bajada,-1.713188,-1.711935,5.736871,0.0,0.001,0.0
09:57:28,2166,1,bajada,-1.713188,-1.711934,5.736413,0.0,0.001,0.0
09:57:28,2167,1,bajada,-1.713187,-1.711942,5.736413,0.0,0.001,0.0
09:57:28,2168,1,bajada,-1.713185,-1.711938,5.735803,0.0,0.002,0.0
09:57:28,2169,1,bajada,-1.713187,-1.711961,5.735803,0.0,0.001,0.0
09:57:28,2170,1,bajada,-1.713191,-1.711940,5.736230,0.0,0.001,0.0
09:57:28,2171,1,bajada,-1.713193,-1.711973,5.736230,0.0,0.001,0.0
09:57:28,2172,1,bajada,-1.713190,-1.711937,5.735162,0.0,0.001,0.0
09:57:28,2173,1,bajada,-1.713189,-1.711938,5.735162,0.0,0.002,0.0
09:57:28,2174,1,bajada,-1.713191,-1.711920,5.734277,0.0,0.001,0.0
09:57:28,2175,1,bajada,-1.713191,-1.711937,5.734277,0.0,0.001,0.0
09:57:28,2176,1,bajada,-1.713192,-1.711962,5.734979,0.0,0.001,0.0
09:57:29,2177,1,bajada,-1.713191,-1.711959,5.734979,0.0,0.001,0.0
09:57:29,2178,1,bajada,-1.713188,-1.711932,5.736413,0.0,0.001,0.0
09:57:29,2179,1,bajada,-1.713192,-1.711945,5.736413,0.0,0.002,0.0
09:57:29,2180,1,bajada,-1.713193,-1.711935,5.735406,0.0,0.001,0.0
09:57:29,2181,1,bajada,-1.713189,-1.711933,5.735406,0.0,0.001,0.0
09:57:29,2182,1,bajada,-1.713188,-1.711925,5.737298,0.0,0.001,0.0
09:57:29,2183,1,bajada,-1.713188,-1.711950,5.737298,0.0,0.002,0.0
09:57:29,2184,1,bajada,-1.713190,-1.711927,5.734796,0.0,0.001,0.0
09:57:29,2185,1,bajada,-1.713187,-1.711912,5.734796,0.0,0.001,0.0
09:57:29,2186,1,bajada,-1.713184,-1.711932,5.735864,0.0,0.002,0.0
09:57:29,2187,1,bajada,-1.713180,-1.711942,5.735742,0.0,0.001,0.0
09:57:29,2188,1,bajada,-1.713175,-1.711928,5.735742,0.0,0.001,0.0
09:57:29,2189,1,bajada,-1.713178,-1.711917,5.736505,0.0,0.001,0.0
09:57:29,2190,1,bajada,-1.713181,-1.711905,5.736505,0.0,0.001,0.0
09:57:29,2191,1,bajada,-1.713177,-1.711922,5.735925,0.0,0.001,0.0
09:57:29,2192,1,bajada,-1.713175,-1.711936,5.735925,0.0,0.001,0.0
09:57:29,2193,1,bajada,-1.713176,-1.711942,5.735864,0.0,0.001,0.0
09:57:29,2194,1,bajada,-1.713176,-1.711926,5.735864,0.0,0.001,0.0
09:57:30,2195,1,bajada,-1.713176,-1.711930,5.736932,0.0,0.001,0.0
09:57:30,2196,1,bajada,-1.713176,-1.711921,5.736932,0.0,0.001,0.0
09:57:30,2197,1,bajada,-1.713174,-1.711914,5.733728,0.0,0.001,0.0
09:57:30,2198,1,bajada,-1.713172,-1.711939,5.733728,0.0,0.002,0.0
09:57:30,2199,1,bajada,-1.713175,-1.711948,5.736352,0.0,0.001,0.0
09:57:30,2200,1,bajada,-1.713179,-1.711921,5.736352,0.0,0.002,0.0
09:57:30,2201,1,bajada,-1.713178,-1.711929,5.735742,0.0,0.001,0.0
09:57:30,2202,1,bajada,-1.713177,-1.711925,5.735742,0.0,0.002,0.0
09:57:30,2203,1,bajada,-1.713176,-1.711938,5.735651,0.002,0.0,0.0
09:57:30,2204,1,bajada,-1.713176,-1.711934,5.735651,0.0,0.001,0.0
09:57:30,2205,1,bajada,-1.713179,-1.711927,5.736627,0.0,0.002,0.0
09:57:30,2206,1,bajada,-1.713177,-1.711927,5.736627,0.002,0.0,0.0
09:57:30,2207,1,bajada,-1.713176,-1.711911,5.736139,0.0,0.001,0.0
09:57:30,2208,1,bajada,-1.713178,-1.711939,5.736139,0.002,0.0,0.0
09:57:30,2209,1,bajada,-1.713181,-1.711959,5.737573,0.0,0.001,0.0
09:57:31,2210,1,bajada,-1.713179,-1.711942,5.735467,0.001,0.0,0.0
09:57:31,2211,1,bajada,-1.713179,-1.711937,5.735467,0.0,0.001,0.0
09:57:31,2212,1,bajada,-1.713179,-1.711933,5.735712,0.0,0.001,0.0
09:57:31,2213,1,bajada,-1.713177,-1.711933,5.735712,0.0,0.002,0.0
09:57:31,2214,1,bajada,-1.713175,-1.711936,5.734796,0.002,0.0,0.0
09:57:31,2215,1,bajada,-1.713176,-1.711919,5.734796,0.0,0.001,0.0
09:57:31,2216,1,bajada,-1.713176,-1.711925,5.735651,0.0,0.001,0.0
09:57:31,2217,1,bajada,-1.713174,-1.711948,5.735651,0.0,0.002,0.0
09:57:31,2218,1,bajada,-1.713175,-1.711934,5.735559,0.0,0.002,0.0
09:57:31,2219,1,bajada,-1.713176,-1.711954,5.735559,0.0,0.001,0.0
09:57:31,2220,1,bajada,-1.713178,-1.711915,5.735345,0.0,0.002,0.0
09:57:31,2221,1,bajada,-1.713178,-1.711941,5.735345,0.0,0.002,0.0
09:57:31,2222,1,bajada,-1.713176,-1.711940,5.736444,0.0,0.001,0.0
09:57:31,2223,1,bajada,-1.713177,-1.711922,5.736444,0.0,0.002,0.0
09:57:31,2224,1,bajada,-1.713179,-1.711917,5.735498,0.0,0.002,0.0
09:57:31,2225,1,bajada,-1.713177,-1.711918,5.735498,0.0,0.001,0.0
09:57:31,2226,1,bajada,-1.713173,-1.711930,5.735590,0.0,0.002,0.0
09:57:31,2227,1,bajada,-1.713174,-1.711945,5.735590,0.0,0.001,0.0
09:57:31,2228,1,bajada,-1.713177,-1.711925,5.737085,0.0,0.002,0.0
09:57:32,2229,1,bajada,-1.713181,-1.711923,5.737085,0.0,0.001,0.0
09:57:32,2230,1,bajada,-1.713182,-1.711943,5.734949,0.0,0.001,0.0
09:57:32,2231,1,bajada,-1.713179,-1.711907,5.734949,0.0,0.001,0.0
09:57:32,2232,1,bajada,-1.713177,-1.711920,5.735559,0.0,0.001,0.0
09:57:32,2233,1,bajada,-1.713179,-1.711936,5.734582,0.0,0.001,0.0
09:57:32,2234,1,bajada,-1.713184,-1.711923,5.734582,0.0,0.001,0.0
09:57:32,2235,1,bajada,-1.713184,-1.711912,5.734369,0.0,0.001,0.0
09:57:32,2236,1,bajada,-1.713179,-1.711900,5.734369,0.0,0.001,0.0
09:57:32,2237,1,bajada,-1.713180,-1.711918,5.735834,0.0,0.002,0.0
09:57:32,2238,1,bajada,-1.713182,-1.711925,5.735834,0.0,0.001,0.0
09:57:32,2239,1,bajada,-1.713180,-1.711924,5.735467,0.0,0.002,0.0
09:57:32,2240,1,bajada,-1.713182,-1.711901,5.735467,0.0,0.001,0.0
09:57:32,2241,1,bajada,-1.713180,-1.711920,5.735559,0.0,0.002,0.0
09:57:32,2242,1,bajada,-1.713177,-1.711889,5.735559,0.0,0.001,0.0
09:57:32,2243,1,bajada,-1.713175,-1.711924,5.735712,0.0,0.002,0.0
09:57:33,2244,1,bajada,-1.713173,-1.711918,5.735712,0.0,0.002,0.0
09:57:33,2245,1,bajada,-1.713173,-1.711917,5.735223,0.0,0.001,0.0
09:57:33,2246,1,bajada,-1.713172,-1.711947,5.735223,0.0,0.001,0.0
09:57:33,2247,1,bajada,-1.713176,-1.711928,5.735925,0.0,0.001,0.0
09:57:33,2248,1,bajada,-1.713177,-1.711907,5.735925,0.0,0.001,0.0
09:57:33,2249,1,bajada,-1.713176,-1.711926,5.735193,0.0,0.001,0.0
09:57:33,2250,1,bajada,-1.713178,-1.711905,5.735193,0.0,0.001,0.0
09:57:33,2251,1,bajada,-1.713177,-1.711923,5.735895,0.0,0.001,0.0
09:57:33,2252,1,bajada,-1.713176,-1.711902,5.735895,0.0,0.001,0.0
09:57:33,2253,1,bajada,-1.713174,-1.711910,5.735834,0.0,0.001,0.0
09:57:33,2254,1,bajada,-1.713171,-1.711924,5.734552,0.002,0.0,0.0
09:57:33,2255,1,bajada,-1.713170,-1.711903,5.734552,0.0,0.001,0.0
09:57:33,2256,1,bajada,-1.713169,-1.711924,5.736505,0.0,0.001,0.0
09:57:33,2257,1,bajada,-1.713169,-1.711920,5.736505,0.0,0.002,0.0
09:57:33,2258,1,bajada,-1.713169,-1.711915,5.734613,0.0,0.001,0.0
09:57:33,2259,1,bajada,-1.713168,-1.711906,5.734613,0.0,0.001,0.0
09:57:33,2260,1,bajada,-1.713169,-1.711901,5.734643,0.0,0.001,0.0
09:57:34,2261,1,bajada,-1.713168,-1.711903,5.734643,0.0,0.001,0.0
09:57:34,2262,1,bajada,-1.713167,-1.711920,5.735071,0.001,0.0,0.0
09:57:34,2263,1,bajada,-1.713168,-1.711914,5.735071,0.0,0.001,0.0
09:57:34,2264,1,bajada,-1.713167,-1.711903,5.734674,0.0,0.001,0.0
09:57:34,2265,1,bajada,-1.713167,-1.711924,5.734674,0.0,0.001,0.0
09:57:34,2266,1,bajada,-1.713168,-1.711915,5.735467,0.0,0.001,0.0
09:57:34,2267,1,bajada,-1.713167,-1.711913,5.735467,0.0,0.002,0.0
09:57:34,2268,1,bajada,-1.713168,-1.711906,5.736230,0.0,0.001,0.0
09:57:34,2269,1,bajada,-1.713165,-1.711908,5.736230,0.0,0.001,0.0
09:57:34,2270,1,bajada,-1.713162,-1.711907,5.736139,0.0,0.001,0.0
09:57:34,2271,1,bajada,-1.713163,-1.711902,5.736139,0.0,0.001,0.0
09:57:34,2272,1,bajada,-1.713164,-1.711914,5.734796,0.0,0.001,0.0
09:57:34,2273,1,bajada,-1.713163,-1.711902,5.734796,0.0,0.001,0.0
09:57:34,2274,1,bajada,-1.713159,-1.711904,5.734827,0.0,0.001,0.0
09:57:35,2275,1,bajada,-1.713160,-1.711901,5.734827,0.0,0.001,0.0
09:57:35,2276,1,bajada,-1.713166,-1.711898,5.735193,0.0,0.001,0.0
09:57:35,2277,1,bajada,-1.713167,-1.711902,5.734766,0.0,0.001,0.0
09:57:35,2278,1,bajada,-1.713170,-1.711892,5.734766,0.0,0.001,0.0
09:57:35,2279,1,bajada,-1.713172,-1.711894,5.735345,0.0,0.001,0.0
09:57:35,2280,1,bajada,-1.713168,-1.711868,5.735345,0.0,0.002,0.0
09:57:35,2281,1,bajada,-1.713171,-1.711890,5.734827,0.0,0.001,0.0
09:57:35,2282,1,bajada,-1.713176,-1.711905,5.734827,0.0,0.002,0.0
09:57:35,2283,1,bajada,-1.713174,-1.711901,5.736017,0.0,0.001,0.0
09:57:35,2284,1,bajada,-1.713171,-1.711895,5.736017,0.0,0.002,0.0
09:57:35,2285,1,bajada,-1.713173,-1.711893,5.736108,0.0,0.002,0.0
09:57:35,2286,1,bajada,-1.713172,-1.711900,5.736108,0.0,0.001,0.0
09:57:35,2287,1,bajada,-1.713171,-1.711900,5.733728,0.0,0.001,0.0
09:57:35,2288,1,bajada,-1.713171,-1.711896,5.733728,0.0,0.001,0.0
09:57:35,2289,1,bajada,-1.713171,-1.711882,5.734918,0.0,0.002,0.0
09:57:35,2290,1,bajada,-1.713171,-1.711887,5.734918,0.0,0.002,0.0
09:57:35,2291,1,bajada,-1.713173,-1.711882,5.734827,0.0,0.001,0.0
09:57:35,2292,1,bajada,-1.713171,-1.711892,5.734827,0.0,0.002,0.0
09:57:36,2293,1,bajada,-1.713169,-1.711896,5.734216,0.0,0.001,0.0
09:57:36,2294,1,bajada,-1.713170,-1.711883,5.734216,0.0,0.001,0.0
09:57:36,2295,1,bajada,-1.713169,-1.711850,5.735071,0.0,0.001,0.0
09:57:36,2296,1,bajada,-1.713170,-1.711875,5.735071,0.0,0.001,0.0
09:57:36,2297,1,bajada,-1.713174,-1.711872,5.735193,0.0,0.002,0.0
09:57:36,2298,1,bajada,-1.713175,-1.711879,5.735193,0.0,0.001,0.0
09:57:36,2299,1,bajada,-1.713170,-1.711891,5.735345,0.0,0.001,0.0
09:57:36,2300,1,bajada,-1.713165,-1.711868,5.735315,0.0,0.001,0.0
09:57:36,2301,1,bajada,-1.713159,-1.711895,5.735315,0.0,0.002,0.0
09:57:36,2302,1,bajada,-1.713154,-1.711871,5.735284,0.0,0.001,0.0
09:57:36,2303,1,bajada,-1.713151,-1.711877,5.735284,0.0,0.001,0.0
09:57:36,2304,1,bajada,-1.713149,-1.711888,5.735528,0.0,0.001,0.0
09:57:36,2305,1,bajada,-1.713150,-1.711877,5.735528,0.0,0.001,0.0
09:57:36,2306,1,bajada,-1.713151,-1.711875,5.734979,0.0,0.001,0.0
09:57:36,2307,1,bajada,-1.713149,-1.711883,5.734979,0.0,0.001,0.0
09:57:37,2308,1,bajada,-1.713145,-1.711883,5.735223,0.001,0.0,0.0
09:57:37,2309,1,bajada,-1.713143,-1.711882,5.735223,0.0,0.001,0.0
09:57:37,2310,1,bajada,-1.713145,-1.711887,5.734888,0.0,0.001,0.0
09:57:37,2311,1,bajada,-1.713148,-1.711876,5.734888,0.0,0.001,0.0
09:57:37,2312,1,bajada,-1.713142,-1.711887,5.734735,0.001,0.0,0.0
09:57:37,2313,1,bajada,-1.713138,-1.711893,5.734735,0.0,0.001,0.0
09:57:37,2314,1,bajada,-1.713140,-1.711894,5.735864,0.0,0.001,0.0
09:57:37,2315,1,bajada,-1.713141,-1.711877,5.735864,0.0,0.002,0.0
09:57:37,2316,1,bajada,-1.713142,-1.711871,5.734277,0.0,0.001,0.0
09:57:37,2317,1,bajada,-1.713143,-1.711883,5.734277,0.0,0.001,0.0
09:57:37,2318,1,bajada,-1.713140,-1.711873,5.734277,0.0,0.001,0.0
09:57:37,2319,1,bajada,-1.713141,-1.711893,5.734277,0.0,0.002,0.0
09:57:37,2320,1,bajada,-1.713145,-1.711900,5.734949,0.0,0.001,0.0
09:57:37,2321,1,bajada,-1.713143,-1.711881,5.734949,0.0,0.002,0.0
09:57:38,2322,1,bajada,-1.713139,-1.711891,5.734735,0.0,0.001,0.0
09:57:38,2323,1,bajada,-1.713140,-1.711886,5.734064,0.0,0.001,0.0
09:57:38,2324,1,bajada,-1.713142,-1.711893,5.734064,0.0,0.001,0.0
09:57:38,2325,1,bajada,-1.713142,-1.711887,5.733728,0.0,0.001,0.0
09:57:38,2326,1,bajada,-1.713142,-1.711898,5.733728,0.0,0.001,0.0
09:57:38,2327,1,bajada,-1.713143,-1.711898,5.735742,0.0,0.001,0.0
09:57:38,2328,1,bajada,-1.713141,-1.711895,5.735742,0.0,0.001,0.0
09:57:38,2329,1,bajada,-1.713140,-1.711883,5.734827,0.0,0.001,0.0
09:57:38,2330,1,bajada,-1.713143,-1.711888,5.734827,0.0,0.001,0.0
09:57:38,2331,1,bajada,-1.713143,-1.711905,5.735193,0.0,0.002,0.0
09:57:38,2332,1,bajada,-1.713145,-1.711890,5.735193,0.0,0.001,0.0
09:57:38,2333,1,bajada,-1.713147,-1.711897,5.735834,0.0,0.001,0.0
09:57:38,2334,1,bajada,-1.713141,-1.711904,5.735834,0.0,0.001,0.0
09:57:38,2335,1,bajada,-1.713135,-1.711891,5.735345,0.0,0.001,0.0
09:57:38,2336,1,bajada,-1.713136,-1.711887,5.735345,0.0,0.001,0.0
09:57:38,2337,1,bajada,-1.713142,-1.711880,5.734064,0.0,0.001,0.0
09:57:38,2338,1,bajada,-1.713142,-1.711892,5.734064,0.0,0.002,0.0
09:57:38,2339,1,bajada,-1.713139,-1.711894,5.734888,0.0,0.001,0.0
09:57:39,2340,1,bajada,-1.713141,-1.711881,5.734888,0.0,0.002,0.0
09:57:39,2341,1,bajada,-1.713140,-1.711881,5.733819,0.0,0.001,0.0
09:57:39,2342,1,bajada,-1.713142,-1.711888,5.733819,0.0,0.001,0.0
09:57:39,2343,1,bajada,-1.713141,-1.711878,5.733484,0.0,0.001,0.0
09:57:39,2344,1,bajada,-1.713135,-1.711888,5.733972,0.0,0.001,0.0
09:57:39,2345,1,bajada,-1.713140,-1.711884,5.733972,0.0,0.001,0.0
09:57:39,2346,1,bajada,-1.713142,-1.711891,5.735132,0.0,0.001,0.0
09:57:39,2347,1,bajada,-1.713138,-1.711857,5.735132,0.0,0.001,0.0
09:57:39,2348,1,bajada,-1.713137,-1.711894,5.734003,0.0,0.001,0.0
09:57:39,2349,1,bajada,-1.713143,-1.711895,5.734003,0.0,0.001,0.0
09:57:39,2350,1,bajada,-1.713148,-1.711887,5.733118,0.0,0.001,0.0
09:57:39,2351,1,bajada,-1.713141,-1.711888,5.733118,0.0,0.001,0.0
09:57:39,2352,1,bajada,-1.713137,-1.711889,5.734857,0.0,0.001,0.0
09:57:39,2353,1,bajada,-1.713137,-1.711884,5.734857,0.0,0.001,0.0
09:57:39,2354,1,bajada,-1.713138,-1.711870,5.735742,0.0,0.001,0.0
09:57:39,2355,1,bajada,-1.713140,-1.711888,5.735742,0.0,0.001,0.0
09:57:39,2356,1,bajada,-1.713143,-1.711894,5.734766,0.0,0.001,0.0
09:57:40,2357,1,bajada,-1.713144,-1.711909,5.734766,0.001,0.0,0.0
09:57:40,2358,1,bajada,-1.713146,-1.711881,5.734064,0.001,0.0,0.0
09:57:40,2359,1,bajada,-1.713146,-1.711889,5.734064,0.0,0.001,0.0
09:57:40,2360,1,bajada,-1.713144,-1.711892,5.734552,0.001,0.0,0.0
09:57:40,2361,1,bajada,-1.713144,-1.711892,5.734552,0.0,0.001,0.0
09:57:40,2362,1,bajada,-1.713145,-1.711891,5.735406,0.0,0.001,0.0
09:57:40,2363,1,bajada,-1.713144,-1.711866,5.735406,0.0,0.001,0.0
09:57:40,2364,1,bajada,-1.713148,-1.711897,5.735101,0.0,0.001,0.0
09:57:40,2365,1,bajada,-1.713150,-1.711894,5.735101,0.0,0.001,0.0
09:57:40,2366,1,bajada,-1.713147,-1.711921,5.734338,0.0,0.001,0.0
09:57:41,2367,1,bajada,-1.713146,-1.711917,5.735010,0.0,0.001,0.0
09:57:41,2368,1,bajada,-1.713145,-1.711879,5.735010,0.0,0.001,0.0
09:57:41,2369,1,bajada,-1.713146,-1.711896,5.735406,0.0,0.001,0.0
09:57:41,2370,1,bajada,-1.713150,-1.711906,5.735406,0.0,0.001,0.0
09:57:41,2371,1,bajada,-1.713147,-1.711904,5.734338,0.0,0.001,0.0
09:57:41,2372,1,bajada,-1.713144,-1.711900,5.734338,0.0,0.001,0.0
09:57:41,2373,1,bajada,-1.713143,-1.711918,5.734399,0.0,0.001,0.0
09:57:41,2374,1,bajada,-1.713142,-1.711876,5.734399,0.0,0.001,0.0
09:57:41,2375,1,bajada,-1.713144,-1.711905,5.735132,0.0,0.001,0.0
09:57:41,2376,1,bajada,-1.713145,-1.711890,5.735132,0.0,0.001,0.0
09:57:41,2377,1,bajada,-1.713144,-1.711894,5.735315,0.0,0.001,0.0
09:57:41,2378,1,bajada,-1.713142,-1.711871,5.735315,0.0,0.001,0.0
09:57:41,2379,1,bajada,-1.713143,-1.711907,5.734796,0.0,0.001,0.0
09:57:41,2380,1,bajada,-1.713145,-1.711892,5.734796,0.0,0.001,0.0
09:57:41,2381,1,bajada,-1.713147,-1.711915,5.734308,0.0,0.001,0.0
09:57:41,2382,1,bajada,-1.713146,-1.711896,5.734308,0.0,0.002,0.0
09:57:41,2383,1,bajada,-1.713143,-1.711891,5.735132,0.0,0.001,0.0
09:57:41,2384,1,bajada,-1.713142,-1.711886,5.735132,0.0,0.001,0.0
09:57:41,2385,1,bajada,-1.713143,-1.711897,5.734399,0.0,0.001,0.0
09:57:42,2386,1,bajada,-1.713144,-1.711867,5.734399,0.0,0.001,0.0
09:57:42,2387,1,bajada,-1.713148,-1.711880,5.735315,0.0,0.001,0.0
09:57:42,2388,1,bajada,-1.713148,-1.711891,5.735315,0.0,0.001,0.0
09:57:42,2389,1,bajada,-1.713142,-1.711897,5.735223,0.0,0.001,0.0
09:57:42,2390,1,bajada,-1.713138,-1.711892,5.734704,0.0,0.001,0.0
09:57:42,2391,1,bajada,-1.713140,-1.711889,5.734704,0.0,0.001,0.0
09:57:42,2392,1,bajada,-1.713141,-1.711894,5.733392,0.0,0.001,0.0
09:57:42,2393,1,bajada,-1.713145,-1.711871,5.733392,0.0,0.001,0.0
09:57:42,2394,1,bajada,-1.713143,-1.711888,5.733362,0.0,0.001,0.0
09:57:42,2395,1,bajada,-1.713143,-1.711874,5.733362,0.0,0.001,0.0
09:57:42,2396,1,bajada,-1.713145,-1.711901,5.734399,0.0,0.001,0.0
09:57:42,2397,1,bajada,-1.713144,-1.711894,5.734399,0.0,0.001,0.0
09:57:42,2398,1,bajada,-1.713148,-1.711902,5.733453,0.0,0.001,0.0
09:57:42,2399,1,bajada,-1.713151,-1.711901,5.733453,0.0,0.002,0.0
09:57:43,2400,1,bajada,-1.713150,-1.711890,5.735773,0.0,0.001,0.0
09:57:43,2401,1,bajada,-1.713152,-1.711897,5.735773,0.0,0.001,0.0
09:57:43,2402,1,bajada,-1.713154,-1.711892,5.734766,0.0,0.001,0.0
09:57:43,2403,1,bajada,-1.713152,-1.711909,5.734766,0.0,0.001,0.0
09:57:43,2404,1,bajada,-1.713151,-1.711903,5.734613,0.0,0.001,0.0
09:57:43,2405,1,bajada,-1.713152,-1.711896,5.734613,0.0,0.001,0.0
09:57:43,2406,1,bajada,-1.713155,-1.711919,5.735498,0.0,0.002,0.0
09:57:43,2407,1,bajada,-1.713157,-1.711900,5.735498,0.0,0.001,0.0
09:57:43,2408,1,bajada,-1.713158,-1.711901,5.735101,0.002,0.0,0.0
09:57:43,2409,1,bajada,-1.713156,-1.711899,5.735101,0.0,0.001,0.0
09:57:43,2410,1,bajada,-1.713154,-1.711917,5.735986,0.0,0.001,0.0
09:57:43,2411,1,bajada,-1.713157,-1.711899,5.735986,0.0,0.001,0.0
09:57:43,2412,1,bajada,-1.713162,-1.711896,5.733301,0.0,0.001,0.0
09:57:43,2413,1,bajada,-1.713159,-1.711906,5.734369,0.0,0.001,0.0
09:57:43,2414,1,bajada,-1.713157,-1.711894,5.734369,0.0,0.001,0.0
09:57:44,2415,1,bajada,-1.713160,-1.711911,5.734582,0.0,0.002,0.0
09:57:44,2416,1,bajada,-1.713158,-1.711916,5.734582,0.0,0.001,0.0
09:57:44,2417,1,bajada,-1.713154,-1.711892,5.736566,0.0,0.001,0.0
09:57:44,2418,1,bajada,-1.713149,-1.711895,5.736566,0.0,0.001,0.0
09:57:44,2419,1,bajada,-1.713149,-1.711915,5.735742,0.0,0.001,0.0
09:57:44,2420,1,bajada,-1.713154,-1.711917,5.735742,0.0,0.002,0.0
09:57:44,2421,1,bajada,-1.713154,-1.711906,5.733972,0.0,0.001,0.0
09:57:44,2422,1,bajada,-1.713151,-1.711883,5.733972,0.0,0.002,0.0
09:57:44,2423,1,bajada,-1.713151,-1.711902,5.736810,0.0,0.001,0.0
09:57:44,2424,1,bajada,-1.713156,-1.711906,5.736810,0.0,0.001,0.0
09:57:44,2425,1,bajada,-1.713155,-1.711913,5.732507,0.0,0.001,0.0
09:57:44,2426,1,bajada,-1.713152,-1.711896,5.732507,0.0,0.001,0.0
09:57:44,2427,1,bajada,-1.713149,-1.711870,5.734918,0.0,0.002,0.0
09:57:44,2428,1,bajada,-1.713151,-1.711893,5.734918,0.0,0.001,0.0
09:57:44,2429,1,bajada,-1.713153,-1.711909,5.735406,0.0,0.001,0.0
09:57:45,2430,1,bajada,-1.713147,-1.711893,5.735406,0.0,0.001,0.0
09:57:45,2431,1,bajada,-1.713145,-1.711903,5.734369,0.0,0.001,0.0
09:57:45,2432,1,bajada,-1.713145,-1.711911,5.734369,0.0,0.001,0.0
09:57:45,2433,1,bajada,-1.713143,-1.711897,5.734460,0.0,0.001,0.0
09:57:45,2434,1,bajada,-1.713142,-1.711897,5.734460,0.0,0.001,0.0
09:57:45,2435,1,bajada,-1.713143,-1.711921,5.735467,0.0,0.001,0.0
