Timestamp,Sample,Ciclo,Fase,TIVA Voltage (V),KEITHLEY Voltage (V),TIVA Temp (C),Alicat Presion (kPA),Alicat Setpoint (kPA),Setpoint Enviado (kPA)
11:47:10,1,1,subida,-1.738517,-1.737243,15.625696,0.0,0.0,0.0
11:47:10,2,1,subida,-1.738515,-1.737240,15.626154,0.0,-0.0,0.0
11:47:10,3,1,subida,-1.738514,-1.737263,15.626154,0.0,-0.0,0.0
11:47:10,4,1,subida,-1.738512,-1.737249,15.627161,0.0,-0.001,0.0
11:47:10,5,1,subida,-1.738512,-1.737257,15.627161,0.0,-0.001,0.0
11:47:10,6,1,subida,-1.738512,-1.737228,15.627436,0.0,-0.001,0.0
11:47:10,7,1,subida,-1.738509,-1.737226,15.627436,0.0,-0.0,0.0
11:47:11,8,1,subida,-1.738507,-1.737251,15.628717,0.0,-0.001,0.0
11:47:11,9,1,subida,-1.738508,-1.737252,15.628717,0.0,-0.0,0.0
11:47:11,10,1,subida,-1.738511,-1.737252,15.625971,0.0,-0.001,0.0
11:47:11,11,1,subida,-1.738513,-1.737245,15.625971,0.0,0.0,0.0
11:47:11,12,1,subida,-1.738515,-1.737250,15.627954,0.0,-0.0,0.0
11:47:11,13,1,subida,-1.738517,-1.737269,15.627954,0.0,0.0,0.0
11:47:11,14,1,subida,-1.738519,-1.737237,15.628260,0.0,0.0,0.0
11:47:11,15,1,subida,-1.738520,-1.737242,15.628260,0.0,-0.001,0.0
11:47:11,16,1,subida,-1.738517,-1.737234,15.626642,0.0,-0.0,0.0
11:47:11,17,1,subida,-1.738516,-1.737242,15.627924,0.0,-0.0,0.0
11:47:11,18,1,subida,-1.738518,-1.737239,15.627924,0.0,-0.0,0.0
11:47:11,19,1,subida,-1.738521,-1.737236,15.627283,0.0,-0.001,0.0
11:47:11,20,1,subida,-1.738526,-1.737251,15.627283,0.0,0.0,0.0
11:47:11,21,1,subida,-1.738533,-1.737239,15.626764,0.0,-0.0,0.0
11:47:11,22,1,subida,-1.738528,-1.737239,15.626764,0.0,-0.0,0.0
11:47:11,23,1,subida,-1.738522,-1.737220,15.627069,0.0,0.0,0.0
11:47:11,24,1,subida,-1.738523,-1.737228,15.627069,0.0,-0.0,0.0
11:47:11,25,1,subida,-1.738525,-1.737235,15.627405,0.0,0.0,0.0
11:47:11,26,1,subida,-1.738526,-1.737244,15.627405,0.0,-0.001,0.0
11:47:11,27,1,subida,-1.738525,-1.737234,15.627924,0.0,-0.0,0.0
11:47:11,28,1,subida,-1.738523,-1.737248,15.627924,0.0,-0.0,0.0
11:47:12,29,1,subida,-1.738521,-1.737252,15.627008,0.0,-0.0,0.0
11:47:12,30,1,subida,-1.738523,-1.737239,15.627008,0.0,0.0,0.0
11:47:12,31,1,subida,-1.738524,-1.737236,15.626917,0.0,-0.0,0.0
11:47:12,32,1,subida,-1.738523,-1.737231,15.626917,0.0,-0.001,0.0
11:47:12,33,1,subida,-1.738521,-1.737236,15.626734,0.0,-0.001,0.0
11:47:12,34,1,subida,-1.738518,-1.737217,15.626734,-0.0,0.0,0.0
11:47:12,35,1,subida,-1.738516,-1.737257,15.626459,0.0,0.0,0.0
11:47:12,36,1,subida,-1.738514,-1.737221,15.626459,0.0,-0.0,0.0
11:47:12,37,1,subida,-1.738514,-1.737209,15.626245,0.0,0.0,0.0
11:47:12,38,1,subida,-1.738514,-1.737218,15.626245,-0.001,0.0,0.0
11:47:12,39,1,subida,-1.738513,-1.737214,15.626032,0.0,0.0,0.0
11:47:12,40,1,subida,-1.738513,-1.737219,15.627131,-0.001,0.0,0.0
11:47:12,41,1,subida,-1.738514,-1.737242,15.627131,0.0,0.0,0.0
11:47:12,42,1,subida,-1.738512,-1.737229,15.627710,0.0,-0.001,0.0
11:47:12,43,1,subida,-1.738510,-1.737234,15.627710,0.0,0.0,0.0
11:47:12,44,1,subida,-1.738511,-1.737237,15.626337,0.0,-0.001,0.0
11:47:12,45,1,subida,-1.738509,-1.737217,15.626337,0.0,0.0,0.0
11:47:12,46,1,subida,-1.738507,-1.737230,15.628260,0.0,-0.001,0.0
11:47:12,47,1,subida,-1.738508,-1.737219,15.628260,0.0,-0.0,0.0
11:47:12,48,1,subida,-1.738508,-1.737226,15.626001,0.0,-0.001,0.0
11:47:12,49,1,subida,-1.738509,-1.737233,15.626001,0.0,-0.0,0.0
11:47:13,50,1,subida,-1.738511,-1.737226,15.625879,0.0,-0.0,0.0
11:47:13,51,1,subida,-1.738512,-1.737236,15.625879,0.0,-0.0,0.0
11:47:13,52,1,subida,-1.738513,-1.737231,15.628077,0.0,-0.001,0.0
11:47:13,53,1,subida,-1.738511,-1.737227,15.628077,0.0,-0.0,0.0
11:47:13,54,1,subida,-1.738508,-1.737229,15.627771,0.0,-0.001,0.0
11:47:13,57,1,subida,-1.738523,-1.737224,15.627161,0.0,-0.001,0.0
11:47:13,58,1,subida,-1.738525,-1.737217,15.627161,0.0,-0.001,0.0
11:47:13,59,1,subida,-1.738521,-1.737249,15.627924,0.0,-0.001,0.0
11:47:13,60,1,subida,-1.738519,-1.737224,15.627924,0.0,0.0,0.0
11:47:13,61,1,subida,-1.738523,-1.737224,15.626764,0.0,0.0,0.0
11:47:13,62,1,subida,-1.738529,-1.737232,15.626764,0.0,-0.0,0.0
11:47:13,63,1,subida,-1.738529,-1.737225,15.626917,0.0,0.0,0.0
11:47:13,64,1,subida,-1.738527,-1.737231,15.626368,0.0,-0.001,0.0
11:47:13,65,1,subida,-1.738522,-1.737236,15.626368,0.0,-0.0,0.0
11:47:13,66,1,subida,-1.738520,-1.737230,15.627741,0.0,-0.001,0.0
11:47:13,67,1,subida,-1.738525,-1.737221,15.627741,0.0,0.0,0.0
11:47:14,72,1,subida,-1.738521,-1.737234,15.627436,0.0,-0.0,0.0
11:47:14,73,1,subida,-1.738524,-1.737232,15.627436,0.0,-0.001,0.0
11:47:14,74,1,subida,-1.738525,-1.737232,15.627192,0.0,-0.001,0.0
11:47:14,75,1,subida,-1.738521,-1.737238,15.627192,0.0,-0.0,0.0
11:47:14,76,1,subida,-1.738522,-1.737232,15.628443,0.0,-0.001,0.0
11:47:14,77,1,subida,-1.738526,-1.737239,15.628443,0.0,-0.0,0.0
11:47:14,78,1,subida,-1.738524,-1.737247,15.629053,0.0,-0.001,0.0
11:47:14,79,1,subida,-1.738523,-1.737222,15.629053,0.0,0.0,0.0
11:47:14,80,1,subida,-1.738522,-1.737234,15.627985,0.0,-0.0,0.0
11:47:14,81,1,subida,-1.738522,-1.737227,15.627985,0.0,-0.0,0.0
11:47:14,82,1,subida,-1.738522,-1.737208,15.626947,0.0,-0.001,0.0
11:47:14,83,1,subida,-1.738521,-1.737222,15.626947,0.0,0.0,0.0
11:47:14,84,1,subida,-1.738520,-1.737232,15.626612,0.0,-0.0,0.0
11:47:15,85,1,subida,-1.738514,-1.737235,15.626612,0.0,-0.001,0.0
11:47:15,86,1,subida,-1.738510,-1.737251,15.627192,0.0,0.0,0.0
11:47:15,87,1,subida,-1.738508,-1.737222,15.627192,0.0,-0.001,0.0
11:47:15,88,1,subida,-1.738508,-1.737217,15.628077,0.0,-0.0,0.0
11:47:15,89,1,subida,-1.738511,-1.737220,15.627405,0.0,-0.001,0.0
11:47:15,90,1,subida,-1.738510,-1.737221,15.627405,0.0,-0.0,0.0
11:47:15,91,1,subida,-1.738510,-1.737210,15.628412,0.0,0.0,0.0
11:47:15,92,1,subida,-1.738515,-1.737231,15.628412,0.0,-0.0,0.0
11:47:15,93,1,subida,-1.738514,-1.737244,15.627192,0.0,-0.001,0.0
11:47:15,94,1,subida,-1.738511,-1.737244,15.627192,0.0,-0.0,0.0
11:47:15,95,1,subida,-1.738510,-1.737236,15.627039,0.0,0.0,0.0
11:47:15,96,1,subida,-1.738509,-1.737241,15.627039,0.0,-0.001,0.0
11:47:15,97,1,subida,-1.738508,-1.737226,15.628138,0.0,-0.0,0.0
11:47:15,98,1,subida,-1.738510,-1.737235,15.628138,0.0,-0.001,0.0
11:47:15,99,1,subida,-1.738511,-1.737217,15.627069,0.0,-0.0,0.0
11:47:15,100,1,subida,-1.738510,-1.737224,15.627069,0.0,-0.0,0.0
11:47:15,101,1,subida,-1.738511,-1.737221,15.627069,0.0,-0.0,0.0
11:47:15,102,1,subida,-1.738512,-1.737241,15.627069,0.0,0.0,0.0
11:47:16,103,1,subida,-1.738511,-1.737227,15.628473,0.0,-0.0,0.0
11:47:16,104,1,subida,-1.738512,-1.737241,15.628473,0.0,0.0,0.0
11:47:16,105,1,subida,-1.738511,-1.737234,15.628016,0.0,-0.0,0.0
11:47:16,106,1,subida,-1.738508,-1.737239,15.628016,0.0,-0.0,0.0
11:47:16,107,1,subida,-1.738511,-1.737228,15.627192,0.0,-0.0,0.0
11:47:16,108,1,subida,-1.738512,-1.737234,15.627192,0.0,-0.001,0.0
11:47:16,111,1,subida,-1.738511,-1.737234,15.628443,-0.001,0.0,0.0
11:47:16,112,1,subida,-1.738510,-1.737242,15.628443,0.0,-0.0,0.0
11:47:16,113,1,subida,-1.738510,-1.737231,15.628504,0.0,-0.0,0.0
11:47:16,114,1,subida,-1.738513,-1.737228,15.628504,0.0,0.0,0.0
11:47:16,119,1,subida,-1.738509,-1.737225,15.628107,0.0,-0.0,0.0
11:47:16,120,1,subida,-1.738512,-1.737213,15.628107,0.0,-0.0,0.0
11:47:16,121,1,subida,-1.738514,-1.737237,15.627802,0.0,-0.0,0.0
11:47:16,122,1,subida,-1.738513,-1.737234,15.627802,0.0,-0.001,0.0
11:47:17,123,1,subida,-1.738514,-1.737239,15.628290,0.0,-0.001,0.0
11:47:17,124,1,subida,-1.738514,-1.737226,15.628290,0.0,0.0,0.0
11:47:17,125,1,subida,-1.738514,-1.737248,15.627283,0.0,0.0,0.0
11:47:17,126,1,subida,-1.738514,-1.737254,15.627283,0.0,0.0,0.0
11:47:17,127,1,subida,-1.738512,-1.737225,15.627924,0.0,-0.001,0.0
11:47:17,128,1,subida,-1.738512,-1.737233,15.627924,0.0,0.0,0.0
11:47:17,133,1,subida,-1.738514,-1.737230,15.627222,0.0,0.0,0.0
11:47:17,134,1,subida,-1.738515,-1.737263,15.627222,0.0,-0.001,0.0
11:47:18,139,1,subida,-1.738513,-1.737239,15.627283,0.0,0.0,0.0
11:47:18,144,1,subida,-1.738513,-1.737231,15.628412,0.0,-0.001,0.0
11:47:18,145,1,subida,-1.738512,-1.737234,15.628412,0.0,-0.0,0.0
11:47:18,146,1,subida,-1.738513,-1.737225,15.628168,0.0,0.0,0.0
11:47:18,147,1,subida,-1.738514,-1.737250,15.628168,0.0,-0.0,0.0
11:47:18,148,1,subida,-1.738517,-1.737224,15.627710,0.0,-0.0,0.0
11:47:18,149,1,subida,-1.738517,-1.737237,15.627710,0.0,-0.0,0.0
11:47:18,150,1,subida,-1.738515,-1.737245,15.627771,0.0,0.0,0.0
11:47:18,151,1,subida,-1.738512,-1.737229,15.627771,0.0,0.0,0.0
11:47:19,158,1,subida,-1.738516,-1.737253,15.628107,0.0,-0.001,0.0
11:47:19,159,1,subida,-1.738516,-1.737264,15.627771,0.0,0.0,0.0
11:47:19,160,1,subida,-1.738518,-1.737258,15.627771,0.0,0.0,0.0
11:47:19,161,1,subida,-1.738519,-1.737252,15.626886,-0.0,0.0,0.0
11:47:19,162,1,subida,-1.738517,-1.737241,15.626886,0.0,-0.0,0.0
11:47:19,163,1,subida,-1.738523,-1.737239,15.628443,0.0,-0.001,0.0
11:47:19,164,1,subida,-1.738528,-1.737267,15.628443,0.0,0.0,0.0
11:47:19,165,1,subida,-1.738526,-1.737256,15.629358,0.0,-0.0,0.0
11:47:19,166,1,subida,-1.738523,-1.737259,15.629358,0.0,-0.0,0.0
11:47:19,167,1,subida,-1.738523,-1.737250,15.628077,0.0,0.0,0.0
11:47:19,168,1,subida,-1.738525,-1.737270,15.628077,0.0,-0.0,0.0
11:47:19,169,1,subida,-1.738525,-1.737259,15.628077,0.0,-0.0,0.0
11:47:19,170,1,subida,-1.738527,-1.737253,15.628290,0.0,-0.0,0.0
11:47:19,171,1,subida,-1.738526,-1.737263,15.628290,0.0,-0.001,0.0
11:47:19,172,1,subida,-1.738523,-1.737257,15.628656,0.0,0.0,0.0
11:47:19,173,1,subida,-1.738527,-1.737259,15.628656,0.0,0.0,0.0
11:47:19,174,1,subida,-1.738530,-1.737250,15.627741,0.0,-0.001,0.0
11:47:20,175,1,subida,-1.738526,-1.737263,15.627741,0.0,0.0,0.0
11:47:20,176,1,subida,-1.738526,-1.737273,15.628199,0.0,-0.0,0.0
11:47:20,177,1,subida,-1.738530,-1.737260,15.628199,0.0,0.0,0.0
11:47:20,178,1,subida,-1.738530,-1.737276,15.628870,0.0,-0.0,0.0
11:47:20,179,1,subida,-1.738531,-1.737247,15.628870,0.0,0.0,0.0
11:47:20,180,1,subida,-1.738531,-1.737249,15.628107,0.0,-0.001,0.0
11:47:20,181,1,subida,-1.738532,-1.737280,15.628107,0.0,0.0,0.0
11:47:20,182,1,subida,-1.738531,-1.737263,15.627100,0.0,-0.001,0.0
11:47:20,183,1,subida,-1.738533,-1.737299,15.627100,0.0,0.0,0.0
11:47:20,184,1,subida,-1.738531,-1.737256,15.629236,0.0,-0.001,0.0
11:47:20,185,1,subida,-1.738524,-1.737262,15.629236,0.0,0.0,0.0
11:47:20,186,1,subida,-1.738523,-1.737252,15.628687,0.0,0.0,0.0
11:47:20,187,1,subida,-1.738525,-1.737255,15.628687,0.0,0.0,0.0
11:47:20,192,1,subida,-1.738533,-1.737273,15.628504,0.0,-0.0,0.0
11:47:20,193,1,subida,-1.738535,-1.737244,15.627436,0.0,-0.0,0.0
11:47:20,194,1,subida,-1.738533,-1.737253,15.627436,0.0,-0.0,0.0
11:47:20,195,1,subida,-1.738533,-1.737259,15.627192,0.0,0.0,0.0
11:47:21,196,1,subida,-1.738536,-1.737265,15.627192,0.0,-0.001,0.0
11:47:21,197,1,subida,-1.738535,-1.737275,15.628046,0.0,-0.0,0.0
11:47:21,198,1,subida,-1.738534,-1.737270,15.628046,0.0,0.0,0.0
11:47:21,203,1,subida,-1.738537,-1.737273,15.628504,0.0,-0.0,0.0
11:47:21,204,1,subida,-1.738539,-1.737265,15.628504,0.0,-0.0,0.0
11:47:21,205,1,subida,-1.738546,-1.737264,15.626764,0.0,-0.0,0.0
11:47:21,206,1,subida,-1.738549,-1.737259,15.626764,0.0,-0.0,0.0
11:47:21,211,1,subida,-1.738543,-1.737259,15.628565,-0.0,0.0,0.0
11:47:21,212,1,subida,-1.738542,-1.737264,15.628565,-0.0,0.0,0.0
11:47:21,213,1,subida,-1.738541,-1.737256,15.628626,0.0,0.0,0.0
11:47:21,214,1,subida,-1.738541,-1.737251,15.628626,0.0,-0.0,0.0
11:47:22,215,1,subida,-1.738544,-1.737269,15.629816,-0.001,0.0,0.0
11:47:22,216,1,subida,-1.738542,-1.737255,15.629816,0.0,-0.0,0.0
11:47:22,217,1,subida,-1.738542,-1.737282,15.627405,0.0,-0.0,0.0
11:47:22,218,1,subida,-1.738544,-1.737267,15.627405,0.0,0.0,0.0
11:47:22,219,1,subida,-1.738539,-1.737250,15.627161,-0.0,0.0,0.0
11:47:22,220,1,subida,-1.738534,-1.737270,15.627436,0.0,-0.001,0.0
11:47:22,221,1,subida,-1.738536,-1.737267,15.627436,0.0,-0.001,0.0
11:47:22,222,1,subida,-1.738538,-1.737260,15.628595,0.0,-0.0,0.0
11:47:22,223,1,subida,-1.738536,-1.737262,15.628595,0.0,0.0,0.0
11:47:22,224,1,subida,-1.738536,-1.737271,15.629297,0.0,0.0,0.0
11:47:22,225,1,subida,-1.738538,-1.737248,15.629297,0.0,-0.0,0.0
11:47:22,226,1,subida,-1.738538,-1.737254,15.628016,0.0,0.0,0.0
11:47:22,227,1,subida,-1.738538,-1.737254,15.628016,0.0,-0.0,0.0
11:47:22,228,1,subida,-1.738539,-1.737272,15.627375,0.0,0.0,0.0
11:47:22,229,1,subida,-1.738539,-1.737272,15.627375,0.0,0.0,0.0
11:47:23,234,1,subida,-1.738539,-1.737271,15.627039,0.0,-0.0,0.0
11:47:23,235,1,subida,-1.738538,-1.737244,15.627039,0.0,-0.0,0.0
11:47:23,236,1,subida,-1.738538,-1.737248,15.628626,0.0,-0.001,0.0
11:47:23,237,1,subida,-1.738538,-1.737246,15.628626,0.0,-0.0,0.0
11:47:23,238,1,subida,-1.738537,-1.737252,15.627100,0.0,-0.0,0.0
11:47:23,239,1,subida,-1.738536,-1.737258,15.627100,0.0,0.0,0.0
11:47:23,240,1,subida,-1.738535,-1.737274,15.628290,0.0,-0.001,0.0
11:47:23,241,1,subida,-1.738535,-1.737250,15.628290,0.0,-0.001,0.0
11:47:23,242,1,subida,-1.738535,-1.737265,15.626947,0.0,-0.001,0.0
11:47:23,243,1,subida,-1.738538,-1.737226,15.626703,0.0,-0.0,0.0
11:47:23,244,1,subida,-1.738540,-1.737246,15.626703,0.0,-0.0,0.0
11:47:23,245,1,subida,-1.738539,-1.737262,15.627314,0.0,-0.0,0.0
11:47:23,246,1,subida,-1.738540,-1.737252,15.627314,0.0,-0.0,0.0
11:47:23,249,1,subida,-1.738538,-1.737245,15.628138,0.0,0.0,0.0
11:47:23,250,1,subida,-1.738535,-1.737242,15.627954,0.0,-0.001,0.0
11:47:24,251,1,subida,-1.738535,-1.737245,15.627954,0.0,-0.001,0.0
11:47:24,252,1,subida,-1.738534,-1.737235,15.626062,0.0,0.0,0.0
11:47:24,253,1,subida,-1.738536,-1.737258,15.626062,0.0,0.0,0.0
11:47:24,254,1,subida,-1.738537,-1.737263,15.626581,0.0,-0.0,0.0
11:47:24,255,1,subida,-1.738535,-1.737247,15.626581,0.0,0.0,0.0
11:47:24,260,1,subida,-1.738533,-1.737236,15.628443,0.0,-0.001,0.0
11:47:24,261,1,subida,-1.738534,-1.737251,15.628443,0.0,0.0,0.0
11:47:24,262,1,subida,-1.738534,-1.737259,15.626978,0.0,-0.001,0.0
11:47:24,263,1,subida,-1.738534,-1.737253,15.626978,0.0,0.0,0.0
11:47:24,264,1,subida,-1.738535,-1.737250,15.628229,0.0,-0.0,0.0
11:47:24,265,1,subida,-1.738541,-1.737248,15.628229,0.0,0.0,0.0
11:47:25,272,1,subida,-1.738550,-1.737277,15.627405,-0.001,0.0,0.0
11:47:25,273,1,subida,-1.738548,-1.737263,15.627405,0.0,0.0,0.0
11:47:25,274,1,subida,-1.738546,-1.737272,15.628473,0.0,0.0,0.0
11:47:25,275,1,subida,-1.738546,-1.737271,15.628473,0.0,-0.001,0.0
11:47:25,276,1,subida,-1.738543,-1.737258,15.626642,-0.0,0.0,0.0
11:47:25,277,1,subida,-1.738542,-1.737271,15.626642,0.0,-0.001,0.0
11:47:25,278,1,subida,-1.738545,-1.737268,15.627802,-0.001,0.0,0.0
11:47:25,279,1,subida,-1.738545,-1.737275,15.627802,0.0,-0.0,0.0
11:47:25,280,1,subida,-1.738545,-1.737275,15.627832,0.0,-0.001,0.0
11:47:25,281,1,subida,-1.738545,-1.737271,15.627832,0.0,0.0,0.0
11:47:25,282,1,subida,-1.738546,-1.737271,15.628839,0.0,0.0,0.0
11:47:25,283,1,subida,-1.738546,-1.737282,15.628839,-0.001,0.0,0.0
11:47:25,284,1,subida,-1.738544,-1.737264,15.629175,0.0,-0.0,0.0
11:47:25,285,1,subida,-1.738541,-1.737262,15.629175,-0.0,0.0,0.0
11:47:25,286,1,subida,-1.738540,-1.737265,15.627832,0.0,-0.0,0.0
11:47:25,287,1,subida,-1.738540,-1.737288,15.627832,0.0,-0.0,0.0
11:47:26,288,1,subida,-1.738540,-1.737256,15.628870,0.0,-0.001,0.0
11:47:26,289,1,subida,-1.738540,-1.737283,15.628870,0.0,-0.0,0.0
11:47:26,290,1,subida,-1.738540,-1.737286,15.627008,0.0,-0.001,0.0
11:47:26,291,1,subida,-1.738539,-1.737265,15.627008,0.0,-0.0,0.0
11:47:26,292,1,subida,-1.738539,-1.737276,15.628901,0.0,-0.0,0.0
11:47:26,293,1,subida,-1.738541,-1.737288,15.628901,0.0,-0.0,0.0
11:47:26,294,1,subida,-1.738543,-1.737278,15.629145,0.0,-0.0,0.0
11:47:26,295,1,subida,-1.738538,-1.737267,15.627985,0.0,0.0,0.0
11:47:26,296,1,subida,-1.738534,-1.737249,15.627985,0.0,-0.0,0.0
11:47:26,301,1,subida,-1.738535,-1.737267,15.628107,0.0,-0.001,0.0
11:47:26,302,1,subida,-1.738536,-1.737265,15.628107,0.0,-0.0,0.0
11:47:27,307,1,subida,-1.738535,-1.737259,15.628565,0.0,0.0,0.0
11:47:27,308,1,subida,-1.738542,-1.737278,15.628565,0.0,0.0,0.0
11:47:27,309,1,subida,-1.738542,-1.737272,15.628016,0.0,-0.0,0.0
11:47:27,310,1,subida,-1.738533,-1.737270,15.628016,0.0,-0.0,0.0
11:47:27,311,1,subida,-1.738530,-1.737254,15.630152,0.0,-0.0,0.0
11:47:27,312,1,subida,-1.738532,-1.737271,15.630152,0.0,0.0,0.0
11:47:27,313,1,subida,-1.738536,-1.737270,15.628229,0.0,0.0,0.0
11:47:27,314,1,subida,-1.738538,-1.737262,15.628229,0.0,-0.001,0.0
11:47:27,315,1,subida,-1.738537,-1.737253,15.627954,0.0,0.0,0.0
11:47:27,316,1,subida,-1.738535,-1.737278,15.627954,0.0,0.0,0.0
11:47:27,317,1,subida,-1.738536,-1.737248,15.628931,0.0,-0.0,0.0
11:47:27,318,1,subida,-1.738536,-1.737263,15.628931,0.0,0.0,0.0
11:47:27,319,1,subida,-1.738535,-1.737261,15.629694,0.0,-0.0,0.0
11:47:27,320,1,subida,-1.738537,-1.737260,15.629694,0.0,0.0,0.0
11:47:27,321,1,subida,-1.738539,-1.737285,15.628992,0.0,0.0,0.0
11:47:27,322,1,subida,-1.738536,-1.737282,15.627741,0.0,0.0,0.0
11:47:28,323,1,subida,-1.738535,-1.737292,15.627741,0.0,-0.0,0.0
11:47:28,328,1,subida,-1.738536,-1.737267,15.629084,-0.0,0.0,0.0
11:47:28,329,1,subida,-1.738541,-1.737258,15.629084,0.0,-0.0,0.0
11:47:28,330,1,subida,-1.738544,-1.737286,15.628656,0.0,-0.0,0.0
11:47:28,331,1,subida,-1.738544,-1.737299,15.628656,0.0,-0.001,0.0
11:47:28,332,1,subida,-1.738544,-1.737270,15.631342,0.0,-0.001,0.0
11:47:28,333,1,subida,-1.738546,-1.737279,15.631342,0.0,-0.0,0.0
11:47:28,334,1,subida,-1.738554,-1.737279,15.627832,0.0,-0.001,0.0
11:47:28,335,1,subida,-1.738559,-1.737300,15.627832,0.0,-0.001,0.0
11:47:28,336,1,subida,-1.738558,-1.737293,15.626581,0.0,0.0,0.0
11:47:28,337,1,subida,-1.738553,-1.737274,15.626581,0.0,0.0,0.0
11:47:28,338,1,subida,-1.738553,-1.737289,15.628626,-0.0,0.0,0.0
11:47:28,339,1,subida,-1.738554,-1.737290,15.628626,0.0,-0.001,0.0
11:47:28,340,1,subida,-1.738551,-1.737294,15.627985,-0.001,0.0,0.0
11:47:29,341,1,subida,-1.738551,-1.737286,15.627985,0.0,-0.0,0.0
11:47:29,342,1,subida,-1.738554,-1.737278,15.628962,0.0,0.0,0.0
11:47:29,343,1,subida,-1.738556,-1.737277,15.628962,0.0,-0.0,0.0
11:47:29,346,1,subida,-1.738559,-1.737304,15.628046,0.0,-0.001,0.0
11:47:29,347,1,subida,-1.738558,-1.737262,15.628046,0.0,-0.0,0.0
11:47:29,348,1,subida,-1.738556,-1.737275,15.628809,0.0,-0.0,0.0
11:47:29,349,1,subida,-1.738558,-1.737278,15.628809,0.0,-0.0,0.0
11:47:29,350,1,subida,-1.738556,-1.737268,15.628565,0.0,-0.001,0.0
11:47:29,351,1,subida,-1.738558,-1.737302,15.628565,0.0,-0.0,0.0
11:47:29,358,1,subida,-1.738559,-1.737310,15.629816,0.0,-0.001,0.0
11:47:29,359,1,subida,-1.738558,-1.737274,15.628565,0.0,0.0,0.0
11:47:30,360,1,subida,-1.738557,-1.737286,15.628565,0.0,-0.001,0.0
11:47:30,361,1,subida,-1.738557,-1.737291,15.628962,0.0,-0.001,0.0
11:47:30,362,1,subida,-1.738553,-1.737276,15.628962,0.0,-0.0,0.0
11:47:30,363,1,subida,-1.738547,-1.737297,15.628321,0.0,-0.001,0.0
11:47:30,364,1,subida,-1.738545,-1.737295,15.628321,0.0,-0.001,0.0
11:47:30,365,1,subida,-1.738550,-1.737271,15.629480,0.0,-0.001,0.0
11:47:30,366,1,subida,-1.738551,-1.737283,15.629480,0.0,-0.001,0.0
11:47:30,367,1,subida,-1.738547,-1.737298,15.629572,0.0,-0.001,0.0
11:47:30,368,1,subida,-1.738547,-1.737293,15.629572,0.0,-0.001,0.0
11:47:30,369,1,subida,-1.738549,-1.737289,15.628565,0.0,-0.001,0.0
11:47:30,370,1,subida,-1.738549,-1.737299,15.628565,0.0,-0.0,0.0
11:47:30,371,1,subida,-1.738549,-1.737304,15.628412,0.0,-0.001,0.0
11:47:30,372,1,subida,-1.735535,-1.734242,15.637415,3.5,3.5,3.5
11:49:24,373,1,subida,-1.735538,-1.734238,15.637171,3.5,3.5,3.5
11:49:24,374,1,subida,-1.735541,-1.734249,15.637171,3.5,3.5,3.5
11:49:24,375,1,subida,-1.735542,-1.734256,15.637751,3.5,3.5,3.5
11:49:24,376,1,subida,-1.735540,-1.734266,15.637751,3.5,3.5,3.5
11:49:24,377,1,subida,-1.735539,-1.734259,15.636316,3.5,3.5,3.5
11:49:24,378,1,subida,-1.735542,-1.734248,15.636316,3.5,3.5,3.5
11:49:24,379,1,subida,-1.735543,-1.734251,15.636530,3.5,3.5,3.5
11:49:24,380,1,subida,-1.735540,-1.734245,15.635187,3.5,3.5,3.5
11:49:24,381,1,subida,-1.735535,-1.734246,15.635187,3.5,3.501,3.5
11:49:24,382,1,subida,-1.735534,-1.734238,15.637415,3.5,3.5,3.5
11:49:24,383,1,subida,-1.735534,-1.734251,15.637415,3.5,3.5,3.5
11:49:24,384,1,subida,-1.735532,-1.734253,15.636194,3.5,3.5,3.5
11:49:24,385,1,subida,-1.735531,-1.734245,15.636194,3.5,3.5,3.5
11:49:25,386,1,subida,-1.735532,-1.734255,15.638514,3.5,3.5,3.5
11:49:25,387,1,subida,-1.735530,-1.734254,15.638514,3.5,3.5,3.5
11:49:25,388,1,subida,-1.735531,-1.734245,15.637537,3.5,3.5,3.5
11:49:25,389,1,subida,-1.735532,-1.734256,15.637537,3.5,3.5,3.5
11:49:25,390,1,subida,-1.735527,-1.734250,15.637629,3.5,3.5,3.5
11:49:25,391,1,subida,-1.735525,-1.734236,15.637629,3.5,3.5,3.5
11:49:25,392,1,subida,-1.735529,-1.734248,15.637873,3.5,3.5,3.5
11:49:25,393,1,subida,-1.735533,-1.734245,15.637873,3.5,3.5,3.5
11:49:25,394,1,subida,-1.735532,-1.734261,15.637873,3.5,3.5,3.5
11:49:25,395,1,subida,-1.735532,-1.734254,15.637873,3.5,3.501,3.5
11:49:25,396,1,subida,-1.735535,-1.734234,15.638636,3.5,3.5,3.5
11:49:25,397,1,subida,-1.735534,-1.734245,15.638636,3.5,3.5,3.5
11:49:25,398,1,subida,-1.735534,-1.734242,15.637659,3.5,3.5,3.5
11:49:25,399,1,subida,-1.735534,-1.734250,15.637659,3.5,3.5,3.5
11:49:25,400,1,subida,-1.735533,-1.734250,15.636652,3.5,3.5,3.5
11:49:25,401,1,subida,-1.735534,-1.734255,15.639399,3.5,3.5,3.5
11:49:25,402,1,subida,-1.735534,-1.734272,15.639399,3.5,3.5,3.5
11:49:25,403,1,subida,-1.735532,-1.734235,15.636530,3.5,3.5,3.5
11:49:25,404,1,subida,-1.735532,-1.734255,15.636530,3.5,3.5,3.5
11:49:26,405,1,subida,-1.735530,-1.734257,15.637506,3.5,3.5,3.5
11:49:26,406,1,subida,-1.735528,-1.734255,15.637506,3.5,3.5,3.5
11:49:26,407,1,subida,-1.735527,-1.734259,15.637934,3.5,3.5,3.5
11:49:26,408,1,subida,-1.735526,-1.734234,15.637934,3.5,3.5,3.5
11:49:26,409,1,subida,-1.735527,-1.734252,15.635767,3.5,3.5,3.5
11:49:26,410,1,subida,-1.735523,-1.734242,15.635767,3.5,3.501,3.5
11:49:26,411,1,subida,-1.735520,-1.734279,15.637934,3.5,3.5,3.5
11:49:26,412,1,subida,-1.735523,-1.734240,15.637934,3.5,3.501,3.5
11:49:26,415,1,subida,-1.735524,-1.734219,15.637720,3.5,3.5,3.5
11:49:26,416,1,subida,-1.735528,-1.734253,15.638208,3.5,3.5,3.5
11:49:26,417,1,subida,-1.735531,-1.734244,15.638208,3.5,3.5,3.5
11:49:26,418,1,subida,-1.735533,-1.734233,15.637781,3.5,3.5,3.5
11:49:26,419,1,subida,-1.735533,-1.734212,15.637781,3.5,3.5,3.5
11:49:27,420,1,subida,-1.735524,-1.734235,15.638605,3.5,3.5,3.5
11:49:27,421,1,subida,-1.735516,-1.734236,15.638605,3.5,3.5,3.5
11:49:27,422,1,subida,-1.735515,-1.734241,15.638758,3.5,3.5,3.5
11:49:27,423,1,subida,-1.735517,-1.734240,15.638758,3.5,3.5,3.5
11:49:27,424,1,subida,-1.735518,-1.734234,15.638025,3.5,3.5,3.5
11:49:27,425,1,subida,-1.735518,-1.734226,15.637354,3.5,3.5,3.5
11:49:27,426,1,subida,-1.735516,-1.734231,15.637354,3.5,3.5,3.5
11:49:27,427,1,subida,-1.735515,-1.734212,15.636957,3.5,3.5,3.5
11:49:27,428,1,subida,-1.735514,-1.734249,15.636957,3.5,3.5,3.5
11:49:27,429,1,subida,-1.735515,-1.734220,15.635798,3.5,3.5,3.5
11:49:27,430,1,subida,-1.735514,-1.734220,15.635798,3.5,3.5,3.5
11:49:27,431,1,subida,-1.735513,-1.734224,15.636957,3.5,3.501,3.5
11:49:27,432,1,subida,-1.735512,-1.734238,15.636957,3.5,3.5,3.5
11:49:27,433,1,subida,-1.735510,-1.734212,15.637506,3.5,3.5,3.5
11:49:27,434,1,subida,-1.735508,-1.734233,15.637506,3.5,3.5,3.5
11:49:28,435,1,subida,-1.735510,-1.734224,15.636927,3.5,3.5,3.5
11:49:28,436,1,subida,-1.735510,-1.734202,15.636927,3.5,3.5,3.5
11:49:28,437,1,subida,-1.735510,-1.734204,15.636438,3.5,3.5,3.5
11:49:28,438,1,subida,-1.735510,-1.734222,15.636438,3.5,3.5,3.5
11:49:28,439,1,subida,-1.735508,-1.734199,15.636866,3.5,3.5,3.5
11:49:28,440,1,subida,-1.735507,-1.734209,15.636866,3.5,3.5,3.5
11:49:28,441,1,subida,-1.735507,-1.734230,15.636499,3.5,3.5,3.5
11:49:28,442,1,subida,-1.735508,-1.734213,15.636499,3.5,3.5,3.5
11:49:28,443,1,subida,-1.735508,-1.734202,15.637415,3.5,3.5,3.5
11:49:28,444,1,subida,-1.735507,-1.734212,15.637415,3.5,3.5,3.5
11:49:28,445,1,subida,-1.735508,-1.734224,15.636194,3.5,3.5,3.5
11:49:28,446,1,subida,-1.735510,-1.734215,15.636194,3.5,3.5,3.5
11:49:28,447,1,subida,-1.735507,-1.734227,15.637598,3.5,3.5,3.5
11:49:29,448,1,subida,-1.735506,-1.734203,15.636316,3.5,3.5,3.5
11:49:29,449,1,subida,-1.735504,-1.734207,15.636316,3.5,3.5,3.5
11:49:29,450,1,subida,-1.735501,-1.734227,15.635706,3.5,3.501,3.5
11:49:29,451,1,subida,-1.735503,-1.734220,15.635706,3.5,3.5,3.5
11:49:29,452,1,subida,-1.735502,-1.734224,15.637018,3.5,3.5,3.5
11:49:29,453,1,subida,-1.735501,-1.734214,15.637018,3.5,3.5,3.5
11:49:29,454,1,subida,-1.735499,-1.734206,15.636713,3.5,3.5,3.5
11:49:29,455,1,subida,-1.735501,-1.734222,15.636713,3.5,3.5,3.5
11:49:29,458,1,subida,-1.735507,-1.734228,15.638117,3.5,3.5,3.5
11:49:29,459,1,subida,-1.735508,-1.734215,15.638758,3.5,3.5,3.5
11:49:29,460,1,subida,-1.735507,-1.734210,15.638758,3.5,3.501,3.5
11:49:29,463,1,subida,-1.735503,-1.734229,15.637018,3.5,3.5,3.5
11:49:30,464,1,subida,-1.735504,-1.734200,15.636713,3.5,3.5,3.5
11:49:30,465,1,subida,-1.735504,-1.734203,15.636713,3.5,3.5,3.5
11:49:30,466,1,subida,-1.735500,-1.734209,15.639246,3.5,3.5,3.5
11:49:30,467,1,subida,-1.735500,-1.734211,15.639246,3.5,3.501,3.5
11:49:30,468,1,subida,-1.735503,-1.734189,15.637964,3.5,3.5,3.5
11:49:30,471,1,subida,-1.735504,-1.734205,15.637964,3.5,3.5,3.5
11:49:30,472,1,subida,-1.735501,-1.734193,15.637964,3.5,3.5,3.5
11:49:30,473,1,subida,-1.735503,-1.734206,15.637079,3.5,3.5,3.5
11:49:30,474,1,subida,-1.735504,-1.734205,15.637537,3.5,3.5,3.5
11:49:30,475,1,subida,-1.735501,-1.734207,15.637537,3.5,3.5,3.5
11:49:30,476,1,subida,-1.735501,-1.734196,15.638086,3.5,3.5,3.5
11:49:30,477,1,subida,-1.735499,-1.734211,15.638086,3.5,3.5,3.5
11:49:30,478,1,subida,-1.735496,-1.734223,15.638208,3.5,3.5,3.5
11:49:30,479,1,subida,-1.735498,-1.734200,15.638208,3.5,3.5,3.5
11:49:30,480,1,subida,-1.735499,-1.734223,15.637690,3.5,3.5,3.5
11:49:31,481,1,subida,-1.735492,-1.734211,15.637690,3.5,3.5,3.5
11:49:31,482,1,subida,-1.735492,-1.734218,15.638880,3.5,3.501,3.5
11:49:31,483,1,subida,-1.735498,-1.734206,15.638880,3.5,3.5,3.5
11:49:31,484,1,subida,-1.735500,-1.734223,15.639063,3.5,3.5,3.5
11:49:31,485,1,subida,-1.735499,-1.734215,15.639063,3.5,3.5,3.5
11:49:31,486,1,subida,-1.735496,-1.734227,15.637812,3.5,3.5,3.5
11:49:31,487,1,subida,-1.735495,-1.734219,15.637812,3.5,3.5,3.5
11:49:31,488,1,subida,-1.735495,-1.734225,15.638269,3.5,3.5,3.5
11:49:31,489,1,subida,-1.735499,-1.734223,15.638269,3.5,3.5,3.5
11:49:31,490,1,subida,-1.735505,-1.734229,15.639643,3.5,3.5,3.5
11:49:31,491,1,subida,-1.735506,-1.734240,15.639643,3.5,3.5,3.5
11:49:31,492,1,subida,-1.735504,-1.734230,15.638361,3.5,3.5,3.5
11:49:31,493,1,subida,-1.735501,-1.734227,15.638361,3.5,3.5,3.5
11:49:31,494,1,subida,-1.735505,-1.734212,15.636683,3.5,3.5,3.5
11:49:31,495,1,subida,-1.735511,-1.734217,15.637537,3.5,3.5,3.5
11:49:31,496,1,subida,-1.735510,-1.734224,15.637537,3.5,3.5,3.5
11:49:31,497,1,subida,-1.735510,-1.734211,15.637598,3.5,3.5,3.5
11:49:31,498,1,subida,-1.735513,-1.734223,15.637598,3.501,3.5,3.5
11:49:31,499,1,subida,-1.735512,-1.734218,15.637049,3.5,3.5,3.5
11:49:32,500,1,subida,-1.735510,-1.734219,15.637049,3.5,3.5,3.5
11:49:32,501,1,subida,-1.735511,-1.734217,15.638636,3.5,3.5,3.5
11:49:32,502,1,subida,-1.735512,-1.734208,15.638636,3.5,3.5,3.5
11:49:32,503,1,subida,-1.735512,-1.734217,15.639948,3.5,3.5,3.5
11:49:32,504,1,subida,-1.735515,-1.734211,15.639948,3.5,3.5,3.5
11:49:32,505,1,subida,-1.735512,-1.734210,15.639521,3.5,3.5,3.5
11:49:32,506,1,subida,-1.735511,-1.734225,15.639521,3.5,3.5,3.5
11:49:32,507,1,subida,-1.735513,-1.734214,15.635920,3.5,3.5,3.5
11:49:32,508,1,subida,-1.735512,-1.734213,15.635920,3.5,3.5,3.5
11:49:32,509,1,subida,-1.735514,-1.734238,15.636499,3.5,3.5,3.5
11:49:32,510,1,subida,-1.735514,-1.734218,15.636499,3.5,3.5,3.5
11:49:32,511,1,subida,-1.735513,-1.734212,15.636194,3.5,3.5,3.5
11:49:32,512,1,subida,-1.735511,-1.734200,15.636194,3.5,3.5,3.5
11:49:32,513,1,subida,-1.735508,-1.734238,15.639063,3.5,3.5,3.5
11:49:33,514,1,subida,-1.735508,-1.734221,15.639063,3.5,3.5,3.5
11:49:33,515,1,subida,-1.735509,-1.734205,15.637018,3.5,3.5,3.5
11:49:33,516,1,subida,-1.735509,-1.734212,15.637018,3.5,3.5,3.5
11:49:33,517,1,subida,-1.735508,-1.734234,15.637140,3.5,3.5,3.5
11:49:33,518,1,subida,-1.735508,-1.734235,15.636774,3.5,3.5,3.5
11:49:33,519,1,subida,-1.735505,-1.734231,15.636774,3.5,3.5,3.5
11:49:33,520,1,subida,-1.735504,-1.734218,15.638330,3.5,3.5,3.5
11:49:33,521,1,subida,-1.735505,-1.734218,15.638330,3.5,3.5,3.5
11:49:33,522,1,subida,-1.735504,-1.734219,15.639185,3.5,3.5,3.5
11:49:33,523,1,subida,-1.735505,-1.734200,15.639185,3.5,3.5,3.5
11:49:33,524,1,subida,-1.735504,-1.734201,15.638178,3.5,3.5,3.5
11:49:33,525,1,subida,-1.735506,-1.734202,15.638178,3.5,3.5,3.5
11:49:33,526,1,subida,-1.735504,-1.734219,15.639429,3.5,3.5,3.5
11:49:33,527,1,subida,-1.735503,-1.734205,15.639429,3.5,3.5,3.5
11:49:34,528,1,subida,-1.735504,-1.734195,15.639093,3.5,3.5,3.5
11:49:34,529,1,subida,-1.735505,-1.734203,15.639093,3.5,3.5,3.5
11:49:34,530,1,subida,-1.735506,-1.734208,15.637995,3.5,3.5,3.5
11:49:34,533,1,subida,-1.735503,-1.734184,15.639368,3.5,3.5,3.5
11:49:34,534,1,subida,-1.735502,-1.734209,15.639368,3.5,3.5,3.5
11:49:34,535,1,subida,-1.735502,-1.734217,15.638575,3.5,3.5,3.5
11:49:34,536,1,subida,-1.735504,-1.734208,15.638575,3.5,3.5,3.5
11:49:34,537,1,subida,-1.735506,-1.734185,15.639795,3.5,3.5,3.5
11:49:34,538,1,subida,-1.735507,-1.734200,15.639795,3.5,3.5,3.5
11:49:34,539,1,subida,-1.735505,-1.734205,15.637598,3.5,3.5,3.5
11:49:34,540,1,subida,-1.735501,-1.734213,15.637598,3.5,3.5,3.5
11:49:34,541,1,subida,-1.735506,-1.734211,15.638880,3.5,3.5,3.5
11:49:34,542,1,subida,-1.735510,-1.734183,15.636744,3.5,3.5,3.5
11:49:34,543,1,subida,-1.735510,-1.734192,15.636744,3.5,3.5,3.5
11:49:35,544,1,subida,-1.735512,-1.734193,15.636194,3.5,3.5,3.5
11:49:35,545,1,subida,-1.735510,-1.734207,15.636194,3.5,3.5,3.5
11:49:35,546,1,subida,-1.735508,-1.734204,15.637049,3.5,3.5,3.5
11:49:35,547,1,subida,-1.735506,-1.734208,15.637049,3.5,3.5,3.5
11:49:35,548,1,subida,-1.735506,-1.734198,15.637812,3.5,3.5,3.5
11:49:35,549,1,subida,-1.735505,-1.734209,15.637812,3.5,3.5,3.5
11:49:35,550,1,subida,-1.735504,-1.734193,15.637201,3.5,3.5,3.5
11:49:35,551,1,subida,-1.735504,-1.734208,15.637201,3.5,3.5,3.5
11:49:35,552,1,subida,-1.735502,-1.734208,15.638391,3.5,3.5,3.5
11:49:35,553,1,subida,-1.735501,-1.734213,15.638391,3.5,3.5,3.5
11:49:35,554,1,subida,-1.735500,-1.734227,15.636866,3.5,3.5,3.5
11:49:35,555,1,subida,-1.735498,-1.734202,15.636866,3.5,3.5,3.5
11:49:35,556,1,subida,-1.735500,-1.734233,15.637140,3.5,3.5,3.5
11:49:35,557,1,subida,-1.735501,-1.734204,15.637140,3.5,3.5,3.5
11:49:35,558,1,subida,-1.735502,-1.734184,15.637354,3.5,3.5,3.5
11:49:36,559,1,subida,-1.735500,-1.734215,15.637354,3.5,3.5,3.5
11:49:36,560,1,subida,-1.735496,-1.734213,15.639154,3.5,3.501,3.5
11:49:36,561,1,subida,-1.735495,-1.734205,15.639154,3.5,3.5,3.5
11:49:36,562,1,subida,-1.735494,-1.734214,15.639734,3.5,3.5,3.5
11:49:36,563,1,subida,-1.735494,-1.734208,15.639734,3.5,3.5,3.5
11:49:36,564,1,subida,-1.735494,-1.734235,15.636591,3.5,3.5,3.5
11:49:36,565,1,subida,-1.735494,-1.734195,15.640039,3.5,3.5,3.5
11:49:36,566,1,subida,-1.735493,-1.734219,15.640039,3.5,3.5,3.5
11:49:36,567,1,subida,-1.735495,-1.734216,15.638636,3.5,3.5,3.5
11:49:36,568,1,subida,-1.735498,-1.734187,15.638636,3.5,3.5,3.5
11:49:36,569,1,subida,-1.735496,-1.734223,15.637140,3.5,3.501,3.5
11:49:36,570,1,subida,-1.735491,-1.734223,15.637140,3.5,3.5,3.5
11:49:36,571,1,subida,-1.735488,-1.734213,15.638697,3.5,3.501,3.5
11:49:36,572,1,subida,-1.735487,-1.734196,15.638697,3.5,3.5,3.5
11:49:36,573,1,subida,-1.735486,-1.734205,15.637995,3.5,3.5,3.5
11:49:37,574,1,subida,-1.735487,-1.734207,15.637995,3.5,3.5,3.5
11:49:37,575,1,subida,-1.735488,-1.734232,15.639124,3.5,3.5,3.5
11:49:37,576,1,subida,-1.735487,-1.734205,15.639124,3.5,3.5,3.5
11:49:37,577,1,subida,-1.735486,-1.734208,15.637201,3.5,3.5,3.5
11:49:37,578,1,subida,-1.735482,-1.734203,15.637201,3.5,3.5,3.5
11:49:37,579,1,subida,-1.735482,-1.734217,15.638910,3.5,3.5,3.5
11:49:37,580,1,subida,-1.735485,-1.734215,15.638910,3.5,3.5,3.5
11:49:37,581,1,subida,-1.735485,-1.734214,15.638910,3.5,3.5,3.5
11:49:37,582,1,subida,-1.735487,-1.734211,15.638910,3.5,3.5,3.5
11:49:37,583,1,subida,-1.735488,-1.734216,15.638758,3.5,3.5,3.5
11:49:37,584,1,subida,-1.735484,-1.734220,15.638758,3.5,3.5,3.5
11:49:37,585,1,subida,-1.735484,-1.734214,15.639093,3.5,3.5,3.5
11:49:37,586,1,subida,-1.735485,-1.734208,15.639093,3.5,3.5,3.5
11:49:37,587,1,subida,-1.735485,-1.734203,15.638758,3.5,3.5,3.5
11:49:37,588,1,subida,-1.735485,-1.734206,15.640467,3.5,3.5,3.5
11:49:37,589,1,subida,-1.735484,-1.734199,15.640467,3.5,3.5,3.5
11:49:37,590,1,subida,-1.735486,-1.734221,15.638910,3.5,3.5,3.5
11:49:37,591,1,subida,-1.735489,-1.734218,15.638910,3.5,3.5,3.5
11:49:38,592,1,subida,-1.735492,-1.734204,15.638636,3.5,3.5,3.5
11:49:38,593,1,subida,-1.735491,-1.734201,15.638636,3.5,3.5,3.5
11:49:38,594,1,subida,-1.735488,-1.734209,15.637751,3.5,3.5,3.5
11:49:38,595,1,subida,-1.735490,-1.734237,15.637751,3.5,3.5,3.5
11:49:38,596,1,subida,-1.735491,-1.734200,15.639429,3.5,3.5,3.5
11:49:38,597,1,subida,-1.735490,-1.734186,15.639429,3.5,3.5,3.5
11:49:38,598,1,subida,-1.735491,-1.734206,15.639826,3.5,3.5,3.5
11:49:38,599,1,subida,-1.735493,-1.734207,15.639826,3.5,3.5,3.5
11:49:38,600,1,subida,-1.735494,-1.734207,15.638086,3.5,3.5,3.5
11:49:38,601,1,subida,-1.735495,-1.734220,15.638086,3.5,3.5,3.5
11:49:38,602,1,subida,-1.735496,-1.734221,15.639521,3.5,3.5,3.5
11:49:38,603,1,subida,-1.735496,-1.734229,15.639521,3.5,3.5,3.5
11:49:38,604,1,subida,-1.735495,-1.734204,15.639154,3.5,3.5,3.5
11:49:38,605,1,subida,-1.735495,-1.734206,15.639154,3.5,3.5,3.5
11:49:38,606,1,subida,-1.735493,-1.734206,15.639185,3.5,3.5,3.5
11:49:38,607,1,subida,-1.735492,-1.734210,15.639185,3.5,3.5,3.5
11:49:38,608,1,subida,-1.735492,-1.734225,15.638330,3.5,3.5,3.5
11:49:39,609,1,subida,-1.735496,-1.734212,15.637445,3.5,3.5,3.5
11:49:39,610,1,subida,-1.735500,-1.734200,15.637445,3.5,3.5,3.5
11:49:39,611,1,subida,-1.735502,-1.734217,15.639826,3.5,3.5,3.5
11:49:39,612,1,subida,-1.735502,-1.734226,15.639826,3.5,3.5,3.5
11:49:39,613,1,subida,-1.735503,-1.734218,15.639429,3.5,3.5,3.5
11:49:39,614,1,subida,-1.735505,-1.734215,15.639429,3.5,3.5,3.5
11:49:39,615,1,subida,-1.735510,-1.734228,15.637018,3.5,3.5,3.5
11:49:39,616,1,subida,-1.735510,-1.734222,15.637018,3.5,3.5,3.5
11:49:39,617,1,subida,-1.735507,-1.734212,15.637293,3.5,3.5,3.5
11:49:39,618,1,subida,-1.735507,-1.734218,15.637293,3.5,3.5,3.5
11:49:39,621,1,subida,-1.735508,-1.734228,15.635889,3.5,3.5,3.5
11:49:39,622,1,subida,-1.735511,-1.734232,15.640558,3.5,3.5,3.5
11:49:39,623,1,subida,-1.735510,-1.734229,15.640558,3.5,3.5,3.5
11:49:39,624,1,subida,-1.735510,-1.734229,15.637781,3.5,3.5,3.5
11:49:39,625,1,subida,-1.735510,-1.734224,15.637781,3.5,3.5,3.5
11:49:39,626,1,subida,-1.735510,-1.734226,15.639765,3.5,3.5,3.5
11:49:40,627,1,subida,-1.735507,-1.734226,15.639765,3.5,3.5,3.5
11:49:40,628,1,subida,-1.735507,-1.734205,15.638605,3.5,3.5,3.5
11:49:40,629,1,subida,-1.735507,-1.734216,15.638605,3.5,3.5,3.5
11:49:40,630,1,subida,-1.735512,-1.734206,15.638697,3.5,3.5,3.5
11:49:40,631,1,subida,-1.735513,-1.734200,15.638697,3.5,3.501,3.5
11:49:40,632,1,subida,-1.735510,-1.734228,15.639460,3.5,3.5,3.5
11:49:40,633,1,subida,-1.735508,-1.734197,15.635431,3.5,3.5,3.5
11:49:40,634,1,subida,-1.735503,-1.734210,15.635431,3.5,3.5,3.5
11:49:40,635,1,subida,-1.735500,-1.734208,15.638422,3.5,3.5,3.5
11:49:40,636,1,subida,-1.735499,-1.734214,15.638422,3.5,3.5,3.5
11:49:40,637,1,subida,-1.735497,-1.734236,15.639246,3.5,3.5,3.5
11:49:41,638,1,subida,-1.735495,-1.734198,15.639246,3.5,3.5,3.5
11:49:41,639,1,subida,-1.735497,-1.734203,15.637751,3.5,3.5,3.5
11:49:41,640,1,subida,-1.735498,-1.734216,15.637751,3.5,3.5,3.5
11:49:41,641,1,subida,-1.735496,-1.734231,15.639856,3.5,3.5,3.5
11:49:41,642,1,subida,-1.735495,-1.734225,15.639856,3.5,3.5,3.5
11:49:41,643,1,subida,-1.735494,-1.734222,15.638575,3.5,3.5,3.5
11:49:41,644,1,subida,-1.735497,-1.734211,15.638575,3.5,3.5,3.5
11:49:41,645,1,subida,-1.735500,-1.734209,15.639277,3.5,3.501,3.5
11:49:41,646,1,subida,-1.735495,-1.734229,15.639277,3.5,3.501,3.5
11:49:41,647,1,subida,-1.735494,-1.734210,15.639154,3.5,3.501,3.5
11:49:41,648,1,subida,-1.735495,-1.734215,15.639154,3.5,3.5,3.5
11:49:41,649,1,subida,-1.735497,-1.734205,15.639032,3.5,3.5,3.5
11:49:41,650,1,subida,-1.735498,-1.734226,15.639032,3.5,3.5,3.5
11:49:41,651,1,subida,-1.735495,-1.734209,15.637995,3.5,3.5,3.5
11:49:41,652,1,subida,-1.735496,-1.734226,15.637995,3.5,3.5,3.5
11:49:41,653,1,subida,-1.735497,-1.734227,15.638636,3.5,3.5,3.5
11:49:41,654,1,subida,-1.735498,-1.734233,15.638636,3.5,3.5,3.5
11:49:42,655,1,subida,-1.735495,-1.734230,15.638025,3.5,3.5,3.5
11:49:42,656,1,subida,-1.735490,-1.734228,15.638758,3.5,3.5,3.5
11:49:42,657,1,subida,-1.735491,-1.734223,15.638758,3.5,3.5,3.5
11:49:42,658,1,subida,-1.735493,-1.734236,15.639887,3.5,3.5,3.5
11:49:42,659,1,subida,-1.735494,-1.734220,15.639887,3.5,3.5,3.5
11:49:42,660,1,subida,-1.735491,-1.734214,15.638758,3.5,3.5,3.5
11:49:42,661,1,subida,-1.735492,-1.734232,15.638758,3.5,3.5,3.5
11:49:42,662,1,subida,-1.735493,-1.734217,15.639795,3.5,3.5,3.5
11:49:42,663,1,subida,-1.735492,-1.734222,15.639795,3.5,3.5,3.5
11:49:42,664,1,subida,-1.735495,-1.734222,15.638941,3.5,3.5,3.5
11:49:42,665,1,subida,-1.735502,-1.734232,15.638941,3.5,3.5,3.5
11:49:42,666,1,subida,-1.735508,-1.734271,15.636408,3.5,3.5,3.5
11:49:42,667,1,subida,-1.735499,-1.734242,15.636408,3.5,3.5,3.5
11:49:42,668,1,subida,-1.735494,-1.734229,15.638361,3.5,3.5,3.5
11:49:43,671,1,subida,-1.735495,-1.734231,15.637110,3.5,3.5,3.5
11:49:43,672,1,subida,-1.735497,-1.734256,15.637110,3.5,3.5,3.5
11:49:43,673,1,subida,-1.735499,-1.734237,15.637629,3.5,3.5,3.5
11:49:43,674,1,subida,-1.735497,-1.734239,15.637629,3.5,3.5,3.5
11:49:43,675,1,subida,-1.735494,-1.734251,15.640406,3.5,3.5,3.5
11:49:43,676,1,subida,-1.735495,-1.734256,15.640406,3.5,3.5,3.5
11:49:43,677,1,subida,-1.735497,-1.734258,15.638849,3.5,3.5,3.5
11:49:43,678,1,subida,-1.735498,-1.734264,15.638849,3.5,3.5,3.5
11:49:43,679,1,subida,-1.735498,-1.734257,15.639704,3.5,3.5,3.5
11:49:43,680,1,subida,-1.735498,-1.734244,15.641108,3.5,3.5,3.5
11:49:43,681,1,subida,-1.735502,-1.734251,15.641108,3.5,3.5,3.5
11:49:43,682,1,subida,-1.735503,-1.734232,15.640802,3.5,3.5,3.5
11:49:43,683,1,subida,-1.735500,-1.734242,15.640802,3.5,3.5,3.5
11:49:43,684,1,subida,-1.735501,-1.734239,15.638910,3.5,3.5,3.5
11:49:43,685,1,subida,-1.735505,-1.734240,15.638910,3.5,3.5,3.5
11:49:44,686,1,subida,-1.735501,-1.734248,15.638147,3.5,3.5,3.5
11:49:44,687,1,subida,-1.735498,-1.734228,15.638147,3.5,3.5,3.5
11:49:44,688,1,subida,-1.735498,-1.734222,15.640162,3.5,3.5,3.5
11:49:44,689,1,subida,-1.735499,-1.734226,15.640162,3.5,3.5,3.5
11:51:00,691,1,subida,-1.731706,-1.730415,15.632837,6.5,6.427,6.5
11:51:00,692,1,subida,-1.731704,-1.730416,15.632837,6.5,6.426,6.5
11:51:00,693,1,subida,-1.731706,-1.730403,15.633142,6.5,6.424,6.5
11:51:01,694,1,subida,-1.731706,-1.730436,15.633142,6.5,6.449,6.5
11:51:01,695,1,subida,-1.731705,-1.730419,15.632837,6.5,6.361,6.5
11:51:01,696,1,subida,-1.731703,-1.730414,15.632837,6.5,6.452,6.5
11:51:01,697,1,subida,-1.731702,-1.730420,15.632135,6.5,6.495,6.5
11:51:01,698,1,subida,-1.731706,-1.730435,15.632135,6.5,6.49,6.5
11:51:01,699,1,subida,-1.731710,-1.730420,15.632105,6.5,6.489,6.5
11:51:01,700,1,subida,-1.731710,-1.730393,15.631800,6.5,6.486,6.5
11:51:01,701,1,subida,-1.731706,-1.730413,15.631800,6.485,6.5,6.5
11:51:01,702,1,subida,-1.731705,-1.730401,15.632563,6.5,6.48,6.5
11:51:01,703,1,subida,-1.731702,-1.730386,15.632563,6.5,6.478,6.5
11:51:01,704,1,subida,-1.731699,-1.730390,15.632105,6.5,6.476,6.5
11:51:01,705,1,subida,-1.731697,-1.730393,15.632105,6.5,6.469,6.5
11:51:01,706,1,subida,-1.731690,-1.730397,15.633295,6.5,6.468,6.5
11:51:01,707,1,subida,-1.731686,-1.730381,15.633295,6.5,6.465,6.5
11:51:01,708,1,subida,-1.731686,-1.730381,15.632776,6.5,6.463,6.5
11:51:02,709,1,subida,-1.731684,-1.730407,15.632776,6.5,6.461,6.5
11:51:02,710,1,subida,-1.731681,-1.730408,15.631983,6.5,6.458,6.5
11:51:02,711,1,subida,-1.731677,-1.730418,15.631983,6.5,6.456,6.5
11:51:02,712,1,subida,-1.731677,-1.730397,15.632349,6.5,6.453,6.5
11:51:02,713,1,subida,-1.731676,-1.730415,15.632349,6.5,6.451,6.5
11:51:02,714,1,subida,-1.731677,-1.730411,15.632380,6.5,6.439,6.5
11:51:02,715,1,subida,-1.731672,-1.730399,15.632380,6.5,6.437,6.5
11:51:02,716,1,subida,-1.731668,-1.730418,15.631983,6.5,6.435,6.5
11:51:02,717,1,subida,-1.731670,-1.730419,15.631983,6.5,6.433,6.5
11:51:02,718,1,subida,-1.731668,-1.730422,15.631739,6.5,6.427,6.5
11:51:02,719,1,subida,-1.731670,-1.730408,15.631739,6.5,6.425,6.5
11:51:02,720,1,subida,-1.731674,-1.730425,15.632563,6.5,6.424,6.5
11:51:03,721,1,subida,-1.731674,-1.730423,15.632563,6.5,6.421,6.5
11:51:03,722,1,subida,-1.731673,-1.730403,15.633295,6.5,6.419,6.5
11:51:03,723,1,subida,-1.731674,-1.730435,15.631800,6.5,6.418,6.5
11:51:03,724,1,subida,-1.731675,-1.730401,15.631800,6.5,6.417,6.5
11:51:03,725,1,subida,-1.731675,-1.730420,15.632318,6.5,6.415,6.5
11:51:03,726,1,subida,-1.731674,-1.730406,15.632318,6.5,6.422,6.5
11:51:03,727,1,subida,-1.731682,-1.730414,15.633295,6.5,6.562,6.5
11:51:03,728,1,subida,-1.731689,-1.730420,15.633295,6.5,6.484,6.5
11:51:03,729,1,subida,-1.731691,-1.730398,15.631372,6.5,6.481,6.5
11:51:03,730,1,subida,-1.731688,-1.730412,15.631372,6.5,6.478,6.5
11:51:03,731,1,subida,-1.731686,-1.730379,15.632776,6.5,6.477,6.5
11:51:03,732,1,subida,-1.731691,-1.730395,15.632776,6.5,6.475,6.5
11:51:03,733,1,subida,-1.731689,-1.730401,15.632837,6.5,6.472,6.5
11:51:03,734,1,subida,-1.731688,-1.730386,15.632837,6.5,6.466,6.5
11:51:03,735,1,subida,-1.731688,-1.730389,15.633081,6.5,6.464,6.5
11:51:04,736,1,subida,-1.731688,-1.730391,15.633081,6.5,6.462,6.5
11:51:04,737,1,subida,-1.731689,-1.730385,15.631250,6.5,6.46,6.5
11:51:04,738,1,subida,-1.731687,-1.730386,15.631250,6.5,6.457,6.5
11:51:04,739,1,subida,-1.731686,-1.730366,15.630487,6.5,6.455,6.5
11:51:04,740,1,subida,-1.731687,-1.730349,15.630487,6.45,6.5,6.5
11:51:04,741,1,subida,-1.731691,-1.730382,15.631800,6.5,6.448,6.5
11:51:04,742,1,subida,-1.731691,-1.730369,15.631800,6.443,6.5,6.5
11:51:04,743,1,subida,-1.731691,-1.730372,15.632563,6.5,6.442,6.5
11:51:04,744,1,subida,-1.731685,-1.730358,15.632807,6.5,6.437,6.5
11:51:04,745,1,subida,-1.731680,-1.730386,15.632807,6.5,6.435,6.5
11:51:04,746,1,subida,-1.731677,-1.730382,15.632807,6.5,6.43,6.5
11:51:04,747,1,subida,-1.731671,-1.730397,15.632807,6.428,6.5,6.5
11:51:04,748,1,subida,-1.731670,-1.730375,15.632502,6.5,6.426,6.5
11:51:04,749,1,subida,-1.731668,-1.730388,15.632502,6.425,6.5,6.5
11:51:05,750,1,subida,-1.731665,-1.730389,15.631861,6.5,6.424,6.5
11:51:05,751,1,subida,-1.731666,-1.730374,15.631861,6.5,6.419,6.5
11:51:05,752,1,subida,-1.731666,-1.730374,15.630701,6.5,6.418,6.5
11:51:05,753,1,subida,-1.731660,-1.730386,15.630701,6.5,6.415,6.5
11:51:05,754,1,subida,-1.731656,-1.730380,15.631525,6.5,6.429,6.5
11:51:05,755,1,subida,-1.731658,-1.730359,15.631525,6.5,6.497,6.5
11:51:05,756,1,subida,-1.731655,-1.730382,15.632044,6.5,6.492,6.5
11:51:05,757,1,subida,-1.731650,-1.730369,15.632044,6.5,6.487,6.5
11:51:05,758,1,subida,-1.731649,-1.730368,15.631403,6.5,6.483,6.5
11:51:05,759,1,subida,-1.731649,-1.730354,15.631403,6.5,6.482,6.5
11:51:05,760,1,subida,-1.731650,-1.730352,15.631983,6.473,6.5,6.5
11:51:05,761,1,subida,-1.731648,-1.730363,15.631983,6.5,6.471,6.5
11:51:06,762,1,subida,-1.731645,-1.730355,15.631250,6.5,6.469,6.5
11:51:06,763,1,subida,-1.731641,-1.730345,15.631250,6.5,6.467,6.5
11:51:06,764,1,subida,-1.731644,-1.730357,15.631128,6.5,6.465,6.5
11:51:06,765,1,subida,-1.731652,-1.730349,15.631128,6.5,6.462,6.5
11:51:06,766,1,subida,-1.731656,-1.730348,15.631952,6.5,6.46,6.5
11:51:06,767,1,subida,-1.731652,-1.730331,15.631281,6.5,6.456,6.5
11:51:06,768,1,subida,-1.731648,-1.730323,15.631281,6.5,6.454,6.5
11:51:06,769,1,subida,-1.731654,-1.730335,15.631678,6.5,6.432,6.5
11:51:07,770,1,subida,-1.731662,-1.730363,15.631678,6.5,6.428,6.5
11:51:07,771,1,subida,-1.731665,-1.730363,15.631708,6.5,6.422,6.5
11:51:07,772,1,subida,-1.731667,-1.730381,15.631708,6.5,6.42,6.5
11:51:07,773,1,subida,-1.731666,-1.730359,15.633204,6.5,6.419,6.5
11:51:07,774,1,subida,-1.731665,-1.730373,15.633204,6.5,6.447,6.5
11:51:07,775,1,subida,-1.731666,-1.730383,15.633265,6.5,6.493,6.5
11:51:07,776,1,subida,-1.731667,-1.730375,15.633265,6.491,6.5,6.5
11:51:07,777,1,subida,-1.731667,-1.730352,15.631647,6.5,6.487,6.5
11:51:07,778,1,subida,-1.731666,-1.730349,15.631647,6.5,6.484,6.5
11:51:07,779,1,subida,-1.731666,-1.730340,15.631830,6.5,6.48,6.5
11:51:07,780,1,subida,-1.731667,-1.730342,15.631830,6.5,6.475,6.5
11:51:07,781,1,subida,-1.731667,-1.730356,15.630304,6.5,6.473,6.5
11:51:07,782,1,subida,-1.731664,-1.730344,15.630304,6.5,6.471,6.5
11:51:07,783,1,subida,-1.731661,-1.730334,15.631647,6.5,6.469,6.5
11:51:08,784,1,subida,-1.731658,-1.730334,15.631647,6.5,6.466,6.5
11:51:08,785,1,subida,-1.731654,-1.730323,15.630732,6.5,6.464,6.5
11:51:08,786,1,subida,-1.731652,-1.730322,15.630732,6.5,6.462,6.5
11:51:08,787,1,subida,-1.731649,-1.730351,15.631739,6.5,6.461,6.5
11:51:08,788,1,subida,-1.731647,-1.730358,15.631739,6.5,6.459,6.5
11:51:08,789,1,subida,-1.731642,-1.730321,15.632227,6.5,6.457,6.5
11:51:08,790,1,subida,-1.731638,-1.730332,15.632776,6.5,6.455,6.5
11:51:08,791,1,subida,-1.731638,-1.730307,15.632776,6.5,6.453,6.5
11:51:08,792,1,subida,-1.731635,-1.730324,15.633417,6.5,6.451,6.5
11:51:08,793,1,subida,-1.731630,-1.730353,15.633417,6.5,6.449,6.5
11:51:08,794,1,subida,-1.731628,-1.730330,15.631922,6.5,6.446,6.5
11:51:08,795,1,subida,-1.731626,-1.730329,15.631922,6.5,6.444,6.5
11:51:08,796,1,subida,-1.731629,-1.730315,15.631433,6.5,6.444,6.5
11:51:08,797,1,subida,-1.731629,-1.730334,15.631433,6.5,6.44,6.5
11:51:08,798,1,subida,-1.731624,-1.730340,15.632227,6.5,6.438,6.5
11:51:08,799,1,subida,-1.731626,-1.730340,15.632227,6.5,6.436,6.5
11:51:08,800,1,subida,-1.731630,-1.730339,15.632563,6.5,6.432,6.5
11:51:08,801,1,subida,-1.731627,-1.730338,15.632563,6.5,6.429,6.5
11:51:09,802,1,subida,-1.731627,-1.730344,15.632807,6.5,6.424,6.5
11:51:09,803,1,subida,-1.731627,-1.730335,15.632807,6.5,6.422,6.5
11:51:09,804,1,subida,-1.731628,-1.730339,15.631525,6.5,6.42,6.5
11:51:09,805,1,subida,-1.731631,-1.730351,15.631525,6.5,6.419,6.5
11:51:09,806,1,subida,-1.731630,-1.730353,15.631891,6.5,6.418,6.5
11:51:09,807,1,subida,-1.731630,-1.730343,15.631891,6.5,6.415,6.5
11:51:09,808,1,subida,-1.731628,-1.730344,15.632715,6.5,6.495,6.5
11:51:09,809,1,subida,-1.731630,-1.730348,15.632715,6.5,6.495,6.5
11:51:09,810,1,subida,-1.731632,-1.730323,15.631922,6.5,6.491,6.5
11:51:09,811,1,subida,-1.731631,-1.730312,15.631922,6.5,6.486,6.5
11:51:09,812,1,subida,-1.731630,-1.730335,15.632715,6.5,6.481,6.5
11:51:09,813,1,subida,-1.731632,-1.730305,15.632349,6.5,6.475,6.5
11:51:10,816,1,subida,-1.731638,-1.730303,15.632196,6.5,6.459,6.5
11:51:10,817,1,subida,-1.731644,-1.730300,15.632196,6.5,6.457,6.5
11:51:10,818,1,subida,-1.731644,-1.730304,15.632318,6.5,6.454,6.5
11:51:10,819,1,subida,-1.731646,-1.730316,15.632318,6.5,6.453,6.5
11:51:10,820,1,subida,-1.731648,-1.730309,15.633265,6.5,6.449,6.5
11:51:10,821,1,subida,-1.731649,-1.730295,15.633265,6.448,6.5,6.5
11:51:10,822,1,subida,-1.731648,-1.730299,15.633020,6.5,6.447,6.5
11:51:10,823,1,subida,-1.731645,-1.730316,15.633020,6.5,6.444,6.5
11:51:10,824,1,subida,-1.731645,-1.730319,15.631952,6.442,6.5,6.5
11:51:10,825,1,subida,-1.731640,-1.730291,15.631952,6.5,6.439,6.5
11:51:10,826,1,subida,-1.731636,-1.730321,15.631952,6.5,6.438,6.5
11:51:10,827,1,subida,-1.731633,-1.730295,15.631952,6.5,6.436,6.5
11:51:10,828,1,subida,-1.731630,-1.730316,15.632013,6.5,6.434,6.5
11:51:10,829,1,subida,-1.731628,-1.730309,15.632013,6.433,6.5,6.5
11:51:10,830,1,subida,-1.731623,-1.730311,15.631769,6.5,6.431,6.5
11:51:11,831,1,subida,-1.731621,-1.730316,15.631769,6.5,6.429,6.5
11:51:11,832,1,subida,-1.731620,-1.730334,15.632593,6.5,6.423,6.5
11:51:11,833,1,subida,-1.731618,-1.730327,15.632593,6.5,6.42,6.5
11:51:11,834,1,subida,-1.731616,-1.730327,15.631830,6.5,6.419,6.5
11:51:11,835,1,subida,-1.731613,-1.730362,15.631983,6.415,6.5,6.5
11:51:11,836,1,subida,-1.731614,-1.730332,15.631983,6.5,6.439,6.5
11:51:11,837,1,subida,-1.731613,-1.730323,15.632349,6.5,6.639,6.5
11:51:11,838,1,subida,-1.731611,-1.730319,15.632349,6.5,6.492,6.5
11:51:11,839,1,subida,-1.731609,-1.730319,15.632990,6.5,6.488,6.5
11:51:11,840,1,subida,-1.731608,-1.730312,15.632990,6.5,6.486,6.5
11:51:11,841,1,subida,-1.731607,-1.730306,15.631830,6.5,6.479,6.5
11:51:11,842,1,subida,-1.731607,-1.730314,15.631830,6.5,6.477,6.5
11:51:11,843,1,subida,-1.731611,-1.730309,15.632318,6.5,6.474,6.5
11:51:11,844,1,subida,-1.731609,-1.730317,15.632318,6.5,6.472,6.5
11:51:12,845,1,subida,-1.731604,-1.730307,15.632471,6.5,6.469,6.5
11:51:12,846,1,subida,-1.731602,-1.730296,15.632471,6.5,6.46,6.5
11:51:12,847,1,subida,-1.731602,-1.730296,15.631739,6.5,6.458,6.5
11:51:12,848,1,subida,-1.731611,-1.730285,15.631739,6.5,6.456,6.5
11:51:12,849,1,subida,-1.731618,-1.730305,15.632318,6.5,6.453,6.5
11:51:12,852,1,subida,-1.731605,-1.730299,15.631952,6.5,6.439,6.5
11:51:12,853,1,subida,-1.731604,-1.730272,15.631952,6.5,6.438,6.5
11:51:12,854,1,subida,-1.731607,-1.730303,15.631037,6.5,6.435,6.5
11:51:12,855,1,subida,-1.731612,-1.730293,15.631037,6.5,6.432,6.5
11:51:13,856,1,subida,-1.731612,-1.730291,15.631281,6.5,6.427,6.5
11:51:13,857,1,subida,-1.731612,-1.730272,15.631281,6.5,6.425,6.5
11:51:13,858,1,subida,-1.731614,-1.730291,15.633204,6.5,6.423,6.5
11:51:13,859,1,subida,-1.731616,-1.730299,15.632196,6.5,6.421,6.5
11:51:13,860,1,subida,-1.731619,-1.730279,15.632196,6.5,6.419,6.5
11:51:13,861,1,subida,-1.731618,-1.730291,15.630304,6.5,6.417,6.5
11:51:13,862,1,subida,-1.731618,-1.730287,15.630304,6.5,6.421,6.5
11:51:13,863,1,subida,-1.731619,-1.730290,15.631495,6.5,6.438,6.5
11:51:13,864,1,subida,-1.731615,-1.730276,15.631495,6.5,6.495,6.5
11:51:13,865,1,subida,-1.731607,-1.730271,15.631586,6.491,6.5,6.5
11:51:13,866,1,subida,-1.731601,-1.730265,15.631586,6.5,6.488,6.5
11:51:13,869,1,subida,-1.731596,-1.730266,15.632135,6.5,6.482,6.5
11:51:13,870,1,subida,-1.731597,-1.730263,15.632013,6.5,6.479,6.5
11:51:14,871,1,subida,-1.731597,-1.730246,15.632013,6.476,6.5,6.5
11:51:14,872,1,subida,-1.731590,-1.730237,15.631586,6.5,6.46,6.5
11:51:14,873,1,subida,-1.731586,-1.730254,15.631586,6.5,6.457,6.5
11:51:14,874,1,subida,-1.731585,-1.730232,15.634211,6.456,6.5,6.5
11:51:14,875,1,subida,-1.731583,-1.730233,15.634211,6.5,6.451,6.5
11:51:14,876,1,subida,-1.731582,-1.730254,15.632685,6.5,6.449,6.5
11:51:14,877,1,subida,-1.731581,-1.730245,15.632685,6.5,6.444,6.5
11:51:14,878,1,subida,-1.731583,-1.730256,15.634058,6.5,6.443,6.5
11:51:14,879,1,subida,-1.731585,-1.730249,15.634058,6.5,6.44,6.5
11:51:15,880,1,subida,-1.731584,-1.730238,15.633081,6.5,6.435,6.5
11:51:15,881,1,subida,-1.731583,-1.730238,15.633081,6.5,6.434,6.5
11:51:15,882,1,subida,-1.731582,-1.730229,15.632746,6.5,6.432,6.5
11:51:15,883,1,subida,-1.731583,-1.730249,15.633051,6.5,6.43,6.5
11:51:15,884,1,subida,-1.731583,-1.730250,15.633051,6.5,6.427,6.5
11:51:15,885,1,subida,-1.731584,-1.730249,15.631739,6.5,6.425,6.5
11:51:15,886,1,subida,-1.731584,-1.730263,15.631739,6.5,6.423,6.5
11:51:15,887,1,subida,-1.731582,-1.730254,15.632410,6.5,6.419,6.5
11:51:15,888,1,subida,-1.731584,-1.730245,15.632410,6.5,6.415,6.5
11:51:15,889,1,subida,-1.731586,-1.730263,15.632807,6.5,6.434,6.5
11:51:15,890,1,subida,-1.731585,-1.730255,15.632807,6.5,6.343,6.5
11:51:15,891,1,subida,-1.731587,-1.730265,15.632807,6.5,6.491,6.5
11:51:15,892,1,subida,-1.731590,-1.730251,15.632807,6.5,6.485,6.5
11:51:15,893,1,subida,-1.731598,-1.730238,15.633478,6.5,6.483,6.5
11:51:15,894,1,subida,-1.731604,-1.730240,15.633478,6.5,6.481,6.5
11:51:15,895,1,subida,-1.731607,-1.730259,15.633112,6.5,6.478,6.5
11:51:16,896,1,subida,-1.731609,-1.730247,15.633112,6.5,6.474,6.5
11:51:16,897,1,subida,-1.731608,-1.730245,15.633387,6.5,6.47,6.5
11:51:16,898,1,subida,-1.731612,-1.730240,15.633387,6.5,6.465,6.5
11:51:16,899,1,subida,-1.731614,-1.730241,15.631739,6.5,6.462,6.5
11:51:16,900,1,subida,-1.731616,-1.730228,15.631739,6.5,6.46,6.5
11:51:16,901,1,subida,-1.731620,-1.730225,15.632532,6.5,6.457,6.5
11:51:16,902,1,subida,-1.731617,-1.730220,15.632532,6.5,6.455,6.5
11:51:16,903,1,subida,-1.731615,-1.730237,15.634150,6.5,6.447,6.5
11:51:16,904,1,subida,-1.731615,-1.730231,15.634150,6.5,6.444,6.5
11:51:17,905,1,subida,-1.731609,-1.730224,15.631495,6.5,6.432,6.5
11:51:17,906,1,subida,-1.731601,-1.730237,15.632990,6.5,6.429,6.5
11:51:17,907,1,subida,-1.731598,-1.730232,15.632990,6.5,6.426,6.5
11:51:17,908,1,subida,-1.731595,-1.730235,15.632868,6.424,6.5,6.5
11:51:17,909,1,subida,-1.731593,-1.730238,15.632868,6.5,6.423,6.5
11:51:17,910,1,subida,-1.731592,-1.730233,15.632563,6.5,6.419,6.5
11:51:17,911,1,subida,-1.731587,-1.730242,15.632563,6.5,6.417,6.5
11:51:17,912,1,subida,-1.731587,-1.730246,15.632837,6.5,6.415,6.5
11:51:17,913,1,subida,-1.731586,-1.730274,15.632837,6.5,6.419,6.5
11:51:17,914,1,subida,-1.731585,-1.730225,15.634516,6.778,6.5,6.5
11:51:17,915,1,subida,-1.731583,-1.730222,15.634516,6.5,6.496,6.5
11:51:17,916,1,subida,-1.731582,-1.730221,15.633020,6.5,6.493,6.5
11:51:17,917,1,subida,-1.731579,-1.730205,15.633020,6.49,6.5,6.5
11:51:17,918,1,subida,-1.731576,-1.730224,15.631525,6.5,6.488,6.5
11:51:17,919,1,subida,-1.731575,-1.730210,15.631525,6.5,6.485,6.5
11:51:18,920,1,subida,-1.731568,-1.730216,15.633570,6.5,6.482,6.5
11:51:18,921,1,subida,-1.731565,-1.730208,15.633570,6.5,6.478,6.5
11:51:18,922,1,subida,-1.731571,-1.730214,15.633570,6.5,6.473,6.5
11:51:18,923,1,subida,-1.731571,-1.730208,15.633570,6.5,6.471,6.5
11:51:18,924,1,subida,-1.731573,-1.730188,15.632135,6.5,6.459,6.5
11:51:18,925,1,subida,-1.731573,-1.730197,15.632135,6.5,6.457,6.5
11:51:18,926,1,subida,-1.731570,-1.730184,15.633020,6.5,6.454,6.5
11:51:18,927,1,subida,-1.731566,-1.730209,15.633020,6.5,6.449,6.5
11:51:18,928,1,subida,-1.731566,-1.730200,15.634150,6.5,6.447,6.5
11:51:18,929,1,subida,-1.731568,-1.730197,15.632776,6.5,6.445,6.5
11:51:19,930,1,subida,-1.731565,-1.730186,15.632776,6.5,6.44,6.5
11:51:19,931,1,subida,-1.731567,-1.730189,15.631952,6.5,6.438,6.5
11:51:19,932,1,subida,-1.731573,-1.730194,15.631952,6.5,6.436,6.5
11:51:19,933,1,subida,-1.731570,-1.730201,15.631556,6.5,6.435,6.5
11:51:19,934,1,subida,-1.731571,-1.730194,15.631556,6.5,6.428,6.5
11:51:19,935,1,subida,-1.731571,-1.730196,15.633448,6.5,6.426,6.5
11:51:19,936,1,subida,-1.731571,-1.730227,15.633448,6.5,6.419,6.5
11:51:19,937,1,subida,-1.731575,-1.730223,15.632959,6.5,6.321,6.5
11:51:19,938,1,subida,-1.731576,-1.730214,15.632959,6.5,6.545,6.5
11:51:19,941,1,subida,-1.731570,-1.730185,15.632837,6.5,6.494,6.5
11:51:20,942,1,subida,-1.731568,-1.730190,15.633631,6.5,6.492,6.5
11:51:20,943,1,subida,-1.731563,-1.730173,15.633631,6.5,6.488,6.5
11:51:20,944,1,subida,-1.731561,-1.730156,15.633722,6.486,6.5,6.5
11:51:20,945,1,subida,-1.731558,-1.730145,15.633722,6.475,6.5,6.5
11:52:37,947,1,subida,-1.730514,-1.729235,15.646448,6.8,6.72,6.8
11:52:37,948,1,subida,-1.730513,-1.729236,15.646448,6.8,6.717,6.8
11:52:37,949,1,subida,-1.730515,-1.729235,15.646296,6.8,6.716,6.8
11:52:37,950,1,subida,-1.730517,-1.729252,15.646296,6.8,6.719,6.8
11:52:37,951,1,subida,-1.730521,-1.729254,15.645044,6.8,6.754,6.8
11:52:37,952,1,subida,-1.730521,-1.729238,15.645044,6.8,7.014,6.8
11:52:37,953,1,subida,-1.730516,-1.729241,15.646296,6.8,6.769,6.8
11:52:37,954,1,subida,-1.730515,-1.729215,15.646296,6.8,6.782,6.8
11:52:37,955,1,subida,-1.730513,-1.729220,15.646296,6.8,6.779,6.8
11:52:37,956,1,subida,-1.730508,-1.729224,15.645899,6.8,6.776,6.8
11:52:37,957,1,subida,-1.730501,-1.729204,15.645899,6.8,6.774,6.8
11:52:37,958,1,subida,-1.730498,-1.729245,15.644770,6.8,6.772,6.8
11:52:37,959,1,subida,-1.730497,-1.729233,15.644770,6.8,6.77,6.8
11:52:37,960,1,subida,-1.730494,-1.729230,15.646753,6.8,6.768,6.8
11:52:37,961,1,subida,-1.730495,-1.729221,15.646753,6.8,6.765,6.8
11:52:38,962,1,subida,-1.730495,-1.729204,15.645166,6.8,6.758,6.8
11:52:38,963,1,subida,-1.730492,-1.729215,15.645166,6.8,6.756,6.8
11:52:38,964,1,subida,-1.730494,-1.729208,15.645868,6.8,6.751,6.8
11:52:38,965,1,subida,-1.730496,-1.729200,15.645868,6.8,6.749,6.8
11:52:38,966,1,subida,-1.730493,-1.729224,15.644983,6.8,6.745,6.8
11:52:38,967,1,subida,-1.730489,-1.729221,15.644983,6.8,6.74,6.8
11:52:38,968,1,subida,-1.730489,-1.729214,15.646509,6.8,6.738,6.8
11:52:38,969,1,subida,-1.730492,-1.729229,15.646509,6.8,6.735,6.8
11:52:38,970,1,subida,-1.730496,-1.729230,15.646570,6.733,6.8,6.8
11:52:38,971,1,subida,-1.730495,-1.729218,15.646570,6.8,6.731,6.8
11:52:38,972,1,subida,-1.730493,-1.729214,15.645563,6.73,6.8,6.8
11:52:38,973,1,subida,-1.730494,-1.729209,15.645563,6.8,6.728,6.8
11:52:38,974,1,subida,-1.730497,-1.729213,15.646662,6.726,6.8,6.8
11:52:38,975,1,subida,-1.730498,-1.729213,15.646662,6.8,6.724,6.8
11:52:38,976,1,subida,-1.730496,-1.729232,15.645624,6.8,6.721,6.8
11:52:38,977,1,subida,-1.730496,-1.729200,15.645624,6.72,6.8,6.8
11:52:39,978,1,subida,-1.730496,-1.729240,15.644892,6.8,6.718,6.8
11:52:39,979,1,subida,-1.730496,-1.729235,15.645899,6.8,6.716,6.8
11:52:39,980,1,subida,-1.730502,-1.729231,15.645899,6.8,6.715,6.8
11:52:39,981,1,subida,-1.730503,-1.729217,15.645929,6.8,6.712,6.8
11:52:39,982,1,subida,-1.730503,-1.729218,15.645929,6.72,6.8,6.8
11:52:39,983,1,subida,-1.730504,-1.729206,15.646296,6.8,6.611,6.8
11:52:39,984,1,subida,-1.730506,-1.729220,15.646296,6.8,6.802,6.8
11:52:39,985,1,subida,-1.730510,-1.729214,15.647760,6.8,6.798,6.8
11:52:39,986,1,subida,-1.730511,-1.729202,15.647760,6.791,6.8,6.8
11:52:39,987,1,subida,-1.730509,-1.729190,15.645899,6.8,6.789,6.8
11:52:39,988,1,subida,-1.730510,-1.729201,15.645899,6.8,6.787,6.8
11:52:39,989,1,subida,-1.730509,-1.729189,15.647242,6.8,6.786,6.8
11:52:39,990,1,subida,-1.730506,-1.729191,15.647242,6.8,6.782,6.8
11:52:39,991,1,subida,-1.730500,-1.729180,15.646784,6.8,6.78,6.8
11:52:39,992,1,subida,-1.730493,-1.729171,15.646784,6.8,6.778,6.8
11:52:39,993,1,subida,-1.730490,-1.729179,15.646509,6.8,6.775,6.8
11:52:39,994,1,subida,-1.730487,-1.729167,15.646509,6.8,6.77,6.8
11:52:40,995,1,subida,-1.730483,-1.729185,15.645227,6.8,6.77,6.8
11:52:40,996,1,subida,-1.730481,-1.729177,15.645227,6.8,6.768,6.8
11:52:40,997,1,subida,-1.730481,-1.729182,15.645868,6.8,6.765,6.8
11:52:40,998,1,subida,-1.730477,-1.729179,15.645868,6.8,6.763,6.8
11:52:40,999,1,subida,-1.730475,-1.729180,15.646601,6.8,6.759,6.8
11:52:40,1000,1,subida,-1.730475,-1.729168,15.646601,6.8,6.757,6.8
11:52:40,1001,1,subida,-1.730472,-1.729182,15.646662,6.8,6.754,6.8
11:52:40,1002,1,subida,-1.730471,-1.729172,15.645960,6.8,6.752,6.8
11:52:40,1003,1,subida,-1.730472,-1.729177,15.645960,6.8,6.748,6.8
11:52:40,1004,1,subida,-1.730475,-1.729192,15.646418,6.8,6.747,6.8
11:52:40,1005,1,subida,-1.730476,-1.729179,15.646418,6.8,6.745,6.8
11:52:40,1006,1,subida,-1.730474,-1.729203,15.645868,6.8,6.742,6.8
11:52:40,1007,1,subida,-1.730472,-1.729189,15.645868,6.8,6.74,6.8
11:52:40,1008,1,subida,-1.730472,-1.729190,15.647028,6.8,6.738,6.8
11:52:40,1009,1,subida,-1.730474,-1.729178,15.647028,6.8,6.737,6.8
11:52:40,1010,1,subida,-1.730474,-1.729184,15.647211,6.8,6.734,6.8
11:52:40,1011,1,subida,-1.730475,-1.729195,15.647211,6.8,6.734,6.8
11:52:40,1012,1,subida,-1.730475,-1.729190,15.645899,6.8,6.731,6.8
11:52:40,1013,1,subida,-1.730477,-1.729211,15.645899,6.8,6.728,6.8
11:52:41,1014,1,subida,-1.730480,-1.729184,15.645685,6.8,6.725,6.8
11:52:41,1015,1,subida,-1.730482,-1.729206,15.645685,6.8,6.723,6.8
11:52:41,1016,1,subida,-1.730483,-1.729214,15.646173,6.8,6.721,6.8
11:52:41,1017,1,subida,-1.730486,-1.729210,15.646173,6.8,6.718,6.8
11:52:41,1018,1,subida,-1.730490,-1.729227,15.645502,6.8,6.713,6.8
11:52:41,1019,1,subida,-1.730490,-1.729227,15.645502,6.8,6.823,6.8
11:52:41,1020,1,subida,-1.730491,-1.729194,15.645990,6.8,6.796,6.8
11:52:41,1021,1,subida,-1.730494,-1.729206,15.645990,6.8,6.792,6.8
11:52:41,1022,1,subida,-1.730496,-1.729213,15.646723,6.8,6.789,6.8
11:52:41,1023,1,subida,-1.730498,-1.729197,15.645533,6.8,6.786,6.8
11:52:41,1024,1,subida,-1.730499,-1.729188,15.645533,6.8,6.783,6.8
11:52:41,1025,1,subida,-1.730501,-1.729185,15.644556,6.8,6.78,6.8
11:52:41,1026,1,subida,-1.730502,-1.729210,15.644556,6.8,6.779,6.8
11:52:41,1027,1,subida,-1.730502,-1.729181,15.646173,6.8,6.775,6.8
11:52:41,1028,1,subida,-1.730505,-1.729177,15.646173,6.77,6.8,6.8
11:52:42,1029,1,subida,-1.730506,-1.729188,15.646509,6.8,6.766,6.8
11:52:42,1030,1,subida,-1.730507,-1.729175,15.646509,6.8,6.764,6.8
11:52:42,1031,1,subida,-1.730506,-1.729186,15.646479,6.762,6.8,6.8
11:52:42,1032,1,subida,-1.730502,-1.729190,15.646479,6.8,6.758,6.8
11:52:42,1033,1,subida,-1.730494,-1.729194,15.646082,6.8,6.755,6.8
11:52:42,1034,1,subida,-1.730486,-1.729187,15.646082,6.752,6.8,6.8
11:52:42,1035,1,subida,-1.730481,-1.729195,15.646814,6.748,6.8,6.8
11:52:42,1036,1,subida,-1.730480,-1.729194,15.646814,6.8,6.746,6.8
11:52:42,1037,1,subida,-1.730480,-1.729165,15.646112,6.8,6.743,6.8
11:52:42,1038,1,subida,-1.730477,-1.729204,15.646112,6.741,6.8,6.8
11:52:42,1039,1,subida,-1.730475,-1.729196,15.647150,6.8,6.739,6.8
11:52:42,1040,1,subida,-1.730471,-1.729176,15.647150,6.734,6.8,6.8
11:52:42,1041,1,subida,-1.730470,-1.729192,15.645411,6.8,6.729,6.8
11:52:42,1042,1,subida,-1.730468,-1.729213,15.645411,6.8,6.727,6.8
11:52:42,1043,1,subida,-1.730461,-1.729217,15.646540,6.8,6.725,6.8
11:52:43,1044,1,subida,-1.730459,-1.729186,15.646540,6.8,6.724,6.8
11:52:43,1045,1,subida,-1.730463,-1.729172,15.646021,6.8,6.722,6.8
11:52:43,1046,1,subida,-1.730466,-1.729187,15.646479,6.8,6.718,6.8
11:52:43,1047,1,subida,-1.730467,-1.729211,15.646479,6.8,6.716,6.8
11:52:43,1048,1,subida,-1.730470,-1.729205,15.645868,6.8,6.714,6.8
11:52:43,1051,1,subida,-1.730469,-1.729211,15.647455,6.8,6.81,6.8
11:52:43,1052,1,subida,-1.730474,-1.729189,15.647455,6.8,6.794,6.8
11:52:43,1053,1,subida,-1.730477,-1.729180,15.645624,6.8,6.791,6.8
11:52:43,1054,1,subida,-1.730476,-1.729182,15.645624,6.8,6.788,6.8
11:52:43,1055,1,subida,-1.730474,-1.729195,15.647730,6.8,6.786,6.8
11:52:43,1056,1,subida,-1.730476,-1.729179,15.647730,6.8,6.785,6.8
11:52:43,1057,1,subida,-1.730477,-1.729184,15.648767,6.8,6.778,6.8
11:52:43,1058,1,subida,-1.730475,-1.729183,15.648767,6.8,6.776,6.8
11:52:43,1059,1,subida,-1.730478,-1.729170,15.646997,6.8,6.773,6.8
11:52:43,1060,1,subida,-1.730481,-1.729173,15.646997,6.8,6.769,6.8
11:52:44,1061,1,subida,-1.730479,-1.729185,15.644434,6.8,6.767,6.8
11:52:44,1062,1,subida,-1.730479,-1.729163,15.644434,6.8,6.765,6.8
11:52:44,1063,1,subida,-1.730480,-1.729186,15.646021,6.8,6.762,6.8
11:52:44,1064,1,subida,-1.730478,-1.729156,15.646021,6.8,6.759,6.8
11:52:44,1065,1,subida,-1.730478,-1.729177,15.646509,6.8,6.757,6.8
11:52:44,1066,1,subida,-1.730482,-1.729176,15.646509,6.8,6.755,6.8
11:52:44,1067,1,subida,-1.730483,-1.729166,15.647028,6.8,6.752,6.8
11:52:44,1068,1,subida,-1.730482,-1.729180,15.647028,6.8,6.75,6.8
11:52:44,1069,1,subida,-1.730484,-1.729171,15.647028,6.8,6.749,6.8
11:52:44,1070,1,subida,-1.730481,-1.729161,15.647516,6.8,6.746,6.8
11:52:44,1071,1,subida,-1.730476,-1.729167,15.647516,6.8,6.744,6.8
11:52:44,1072,1,subida,-1.730473,-1.729168,15.646448,6.8,6.742,6.8
11:52:44,1073,1,subida,-1.730469,-1.729173,15.646448,6.8,6.741,6.8
11:52:44,1074,1,subida,-1.730463,-1.729178,15.646448,6.8,6.739,6.8
11:52:44,1075,1,subida,-1.730459,-1.729170,15.646448,6.8,6.735,6.8
11:52:44,1076,1,subida,-1.730459,-1.729177,15.645655,6.8,6.733,6.8
11:52:44,1077,1,subida,-1.730457,-1.729172,15.645655,6.8,6.731,6.8
11:52:44,1078,1,subida,-1.730459,-1.729177,15.646265,6.8,6.729,6.8
11:52:44,1079,1,subida,-1.730459,-1.729159,15.646265,6.8,6.728,6.8
11:52:44,1080,1,subida,-1.730456,-1.729167,15.646509,6.8,6.726,6.8
11:52:45,1081,1,subida,-1.730455,-1.729172,15.646509,6.8,6.723,6.8
11:52:45,1082,1,subida,-1.730455,-1.729158,15.646479,6.8,6.721,6.8
11:52:45,1083,1,subida,-1.730453,-1.729182,15.646479,6.8,6.72,6.8
11:52:45,1084,1,subida,-1.730452,-1.729165,15.647058,6.8,6.718,6.8
11:52:45,1085,1,subida,-1.730453,-1.729184,15.647058,6.717,6.8,6.8
11:52:45,1086,1,subida,-1.730453,-1.729170,15.646357,6.714,6.8,6.8
11:52:45,1087,1,subida,-1.730453,-1.729172,15.646357,6.8,6.717,6.8
11:52:45,1088,1,subida,-1.730456,-1.729187,15.645472,6.8,6.74,6.8
11:52:45,1089,1,subida,-1.730462,-1.729162,15.645472,6.8,6.771,6.8
11:52:45,1090,1,subida,-1.730463,-1.729185,15.646692,6.8,6.802,6.8
11:52:45,1091,1,subida,-1.730458,-1.729179,15.646692,6.8,6.795,6.8
11:52:45,1092,1,subida,-1.730452,-1.729166,15.647547,6.8,6.792,6.8
11:52:45,1093,1,subida,-1.730452,-1.729147,15.646173,6.789,6.8,6.8
11:52:45,1094,1,subida,-1.730452,-1.729169,15.646173,6.8,6.786,6.8
11:52:45,1095,1,subida,-1.730453,-1.729148,15.647852,6.785,6.8,6.8
11:52:45,1096,1,subida,-1.730455,-1.729148,15.647852,6.8,6.782,6.8
11:52:45,1097,1,subida,-1.730456,-1.729146,15.646173,6.8,6.779,6.8
11:52:45,1098,1,subida,-1.730459,-1.729137,15.646173,6.8,6.778,6.8
11:52:46,1099,1,subida,-1.730460,-1.729142,15.646570,6.8,6.776,6.8
11:52:46,1100,1,subida,-1.730456,-1.729151,15.646570,6.8,6.773,6.8
11:52:46,1101,1,subida,-1.730455,-1.729160,15.647577,6.8,6.77,6.8
11:52:46,1102,1,subida,-1.730455,-1.729138,15.647577,6.8,6.769,6.8
11:52:46,1103,1,subida,-1.730456,-1.729159,15.646601,6.8,6.767,6.8
11:52:46,1104,1,subida,-1.730458,-1.729142,15.646601,6.8,6.764,6.8
11:52:46,1105,1,subida,-1.730457,-1.729145,15.647150,6.8,6.761,6.8
11:52:46,1106,1,subida,-1.730461,-1.729160,15.647150,6.8,6.757,6.8
11:52:46,1107,1,subida,-1.730463,-1.729133,15.647028,6.8,6.755,6.8
11:52:46,1108,1,subida,-1.730460,-1.729141,15.647028,6.8,6.754,6.8
11:52:46,1109,1,subida,-1.730458,-1.729147,15.646509,6.8,6.752,6.8
11:52:46,1110,1,subida,-1.730454,-1.729153,15.646509,6.8,6.75,6.8
11:52:46,1111,1,subida,-1.730451,-1.729139,15.646692,6.8,6.747,6.8
11:52:46,1112,1,subida,-1.730444,-1.729137,15.646692,6.8,6.745,6.8
11:52:46,1113,1,subida,-1.730439,-1.729140,15.647547,6.8,6.743,6.8
11:52:46,1114,1,subida,-1.730440,-1.729131,15.646509,6.8,6.741,6.8
11:52:46,1115,1,subida,-1.730439,-1.729143,15.646509,6.8,6.739,6.8
11:52:46,1116,1,subida,-1.730435,-1.729151,15.645990,6.8,6.737,6.8
11:52:46,1117,1,subida,-1.730432,-1.729141,15.645990,6.8,6.734,6.8
11:52:47,1118,1,subida,-1.730432,-1.729140,15.647943,6.8,6.732,6.8
11:52:47,1119,1,subida,-1.730432,-1.729133,15.647943,6.8,6.729,6.8
11:52:47,1120,1,subida,-1.730431,-1.729146,15.648005,6.8,6.727,6.8
11:52:47,1121,1,subida,-1.730429,-1.729139,15.648005,6.8,6.725,6.8
11:52:47,1122,1,subida,-1.730428,-1.729139,15.647730,6.8,6.724,6.8
11:52:47,1123,1,subida,-1.730426,-1.729138,15.647730,6.8,6.722,6.8
11:52:47,1126,1,subida,-1.730431,-1.729153,15.647730,6.8,6.717,6.8
11:52:47,1127,1,subida,-1.730429,-1.729181,15.645258,6.8,6.715,6.8
11:52:47,1128,1,subida,-1.730430,-1.729149,15.645258,6.8,6.73,6.8
11:52:47,1129,1,subida,-1.730431,-1.729161,15.645838,6.8,6.743,6.8
11:52:47,1130,1,subida,-1.730432,-1.729154,15.645838,6.8,6.747,6.8
11:52:47,1133,1,subida,-1.730425,-1.729147,15.646784,6.8,6.787,6.8
11:52:47,1134,1,subida,-1.730426,-1.729148,15.647028,6.8,6.783,6.8
11:52:47,1135,1,subida,-1.730426,-1.729150,15.647028,6.8,6.779,6.8
11:52:48,1136,1,subida,-1.730427,-1.729132,15.647120,6.8,6.777,6.8
11:52:48,1137,1,subida,-1.730428,-1.729118,15.647120,6.8,6.773,6.8
11:52:48,1138,1,subida,-1.730426,-1.729159,15.645929,6.8,6.77,6.8
11:52:48,1139,1,subida,-1.730427,-1.729142,15.646418,6.768,6.8,6.8
11:52:48,1140,1,subida,-1.730427,-1.729126,15.646418,6.8,6.764,6.8
11:52:48,1141,1,subida,-1.730430,-1.729152,15.647577,6.8,6.762,6.8
11:52:48,1142,1,subida,-1.730431,-1.729133,15.647577,6.8,6.758,6.8
11:52:48,1143,1,subida,-1.730428,-1.729131,15.648096,6.8,6.754,6.8
11:52:48,1144,1,subida,-1.730433,-1.729128,15.648096,6.8,6.753,6.8
11:52:48,1145,1,subida,-1.730434,-1.729140,15.647058,6.8,6.751,6.8
11:52:48,1146,1,subida,-1.730437,-1.729137,15.647058,6.8,6.744,6.8
11:52:48,1147,1,subida,-1.730440,-1.729154,15.646601,6.8,6.74,6.8
11:52:48,1148,1,subida,-1.730440,-1.729143,15.646601,6.8,6.739,6.8
11:52:48,1149,1,subida,-1.730441,-1.729146,15.646509,6.737,6.8,6.8
11:52:48,1150,1,subida,-1.730442,-1.729136,15.646509,6.8,6.734,6.8
11:52:48,1151,1,subida,-1.730446,-1.729164,15.647303,6.733,6.8,6.8
11:52:49,1152,1,subida,-1.730444,-1.729151,15.647303,6.73,6.8,6.8
11:52:49,1153,1,subida,-1.730442,-1.729133,15.647211,6.8,6.73,6.8
11:52:49,1154,1,subida,-1.730444,-1.729131,15.647211,6.8,7.397,6.8
11:52:49,1155,1,subida,-1.730443,-1.729131,15.647791,6.8,6.808,6.8
11:52:49,1156,1,subida,-1.730441,-1.729123,15.647791,6.805,6.8,6.8
11:52:49,1157,1,subida,-1.730440,-1.729120,15.644831,6.8,6.803,6.8
11:52:49,1158,1,subida,-1.730440,-1.729105,15.644831,6.801,6.8,6.8
11:52:49,1159,1,subida,-1.730436,-1.729120,15.646021,6.8,6.797,6.8
11:52:49,1160,1,subida,-1.730431,-1.729119,15.646021,6.8,6.796,6.8
11:52:49,1161,1,subida,-1.730430,-1.729113,15.648920,6.8,6.793,6.8
11:52:49,1162,1,subida,-1.730431,-1.729129,15.645380,6.8,6.792,6.8
11:52:49,1163,1,subida,-1.730431,-1.729100,15.645380,6.8,6.79,6.8
11:52:49,1164,1,subida,-1.730433,-1.729110,15.646296,6.8,6.786,6.8
11:52:49,1165,1,subida,-1.730430,-1.729092,15.646296,6.8,6.785,6.8
11:52:49,1166,1,subida,-1.730429,-1.729104,15.647486,6.8,6.782,6.8
11:52:49,1167,1,subida,-1.730430,-1.729097,15.647486,6.8,6.779,6.8
11:52:49,1168,1,subida,-1.730428,-1.729106,15.647181,6.8,6.777,6.8
11:52:49,1169,1,subida,-1.730427,-1.729099,15.647181,6.8,6.774,6.8
11:52:49,1170,1,subida,-1.730429,-1.729102,15.647821,6.8,6.773,6.8
11:52:50,1171,1,subida,-1.730429,-1.729116,15.647821,6.8,6.77,6.8
11:52:50,1172,1,subida,-1.730429,-1.729104,15.646448,6.8,6.768,6.8
11:52:50,1173,1,subida,-1.730430,-1.729100,15.646448,6.8,6.766,6.8
11:52:50,1174,1,subida,-1.730431,-1.729089,15.646723,6.8,6.764,6.8
11:52:50,1175,1,subida,-1.730434,-1.729106,15.646723,6.8,6.76,6.8
11:52:50,1176,1,subida,-1.730435,-1.729119,15.646021,6.8,6.759,6.8
11:52:50,1177,1,subida,-1.730436,-1.729097,15.646021,6.8,6.754,6.8
11:52:50,1178,1,subida,-1.730435,-1.729095,15.646509,6.8,6.751,6.8
11:52:50,1179,1,subida,-1.730434,-1.729114,15.646509,6.8,6.75,6.8
11:52:50,1180,1,subida,-1.730437,-1.729114,15.646326,6.8,6.747,6.8
11:52:50,1181,1,subida,-1.730435,-1.729114,15.646326,6.8,6.742,6.8
11:52:50,1182,1,subida,-1.730433,-1.729117,15.648005,6.8,6.738,6.8
11:52:50,1183,1,subida,-1.730432,-1.729116,15.648005,6.8,6.737,6.8
11:52:50,1184,1,subida,-1.730423,-1.729120,15.647211,6.8,6.735,6.8
11:52:50,1185,1,subida,-1.730417,-1.729120,15.648829,6.8,6.733,6.8
11:52:50,1186,1,subida,-1.730414,-1.729109,15.648829,6.8,6.731,6.8
11:52:51,1187,1,subida,-1.730410,-1.729126,15.648005,6.8,6.727,6.8
11:52:51,1188,1,subida,-1.730407,-1.729136,15.648005,6.8,6.724,6.8
11:52:51,1189,1,subida,-1.730403,-1.729151,15.647303,6.8,6.72,6.8
11:52:51,1190,1,subida,-1.730404,-1.729132,15.647303,6.8,6.718,6.8
11:52:51,1191,1,subida,-1.730401,-1.729115,15.648401,6.8,6.716,6.8
11:52:51,1192,1,subida,-1.730399,-1.729143,15.648401,6.8,6.91,6.8
11:52:51,1193,1,subida,-1.730398,-1.729133,15.646326,6.8,6.769,6.8
11:52:51,1194,1,subida,-1.730394,-1.729141,15.646326,6.8,6.772,6.8
11:52:51,1195,1,subida,-1.730394,-1.729141,15.647486,6.8,6.769,6.8
11:52:51,1196,1,subida,-1.730394,-1.729115,15.647486,6.8,6.764,6.8
11:52:51,1197,1,subida,-1.730395,-1.729149,15.646265,6.8,6.762,6.8
11:52:51,1198,1,subida,-1.730393,-1.729144,15.646265,6.8,6.759,6.8
11:52:51,1199,1,subida,-1.730392,-1.729132,15.648096,6.8,6.756,6.8
11:52:51,1200,1,subida,-1.730390,-1.729133,15.648096,6.8,6.752,6.8
11:52:51,1201,1,subida,-1.730389,-1.729129,15.645990,6.8,6.752,6.8
11:52:52,1202,1,subida,-1.730394,-1.729139,15.645990,6.8,6.749,6.8
11:52:52,1203,1,subida,-1.730393,-1.729115,15.646235,6.746,6.8,6.8
11:52:52,1204,1,subida,-1.730394,-1.729123,15.646235,6.8,6.744,6.8
11:52:52,1205,1,subida,-1.730399,-1.729134,15.646051,6.8,6.737,6.8
11:52:52,1206,1,subida,-1.730401,-1.729123,15.646051,6.8,6.737,6.8
11:52:52,1207,1,subida,-1.730401,-1.729133,15.646082,6.8,6.735,6.8
11:52:52,1208,1,subida,-1.730403,-1.729107,15.648188,6.8,6.733,6.8
11:52:52,1209,1,subida,-1.730406,-1.729132,15.648188,6.8,6.731,6.8
11:52:52,1210,1,subida,-1.730406,-1.729134,15.647333,6.729,6.8,6.8
11:52:52,1211,1,subida,-1.730404,-1.729112,15.647333,6.8,6.727,6.8
11:52:52,1212,1,subida,-1.730406,-1.729138,15.648462,6.8,6.726,6.8
11:52:52,1213,1,subida,-1.730411,-1.729142,15.648462,6.8,6.927,6.8
11:52:52,1214,1,subida,-1.730413,-1.729118,15.646967,6.8,6.8,6.8
11:52:52,1215,1,subida,-1.730417,-1.729121,15.646967,6.8,6.789,6.8
11:52:52,1216,1,subida,-1.730418,-1.729109,15.647730,6.8,6.788,6.8
11:52:52,1217,1,subida,-1.730419,-1.729130,15.647730,6.8,6.786,6.8
11:52:52,1218,1,subida,-1.730425,-1.729111,15.646967,6.8,6.784,6.8
11:52:52,1219,1,subida,-1.730425,-1.729117,15.646967,6.8,6.782,6.8
11:52:52,1220,1,subida,-1.730423,-1.729100,15.646296,6.8,6.779,6.8
11:52:53,1221,1,subida,-1.730426,-1.729093,15.646296,6.8,6.773,6.8
11:52:53,1222,1,subida,-1.730428,-1.729106,15.647852,6.8,6.772,6.8
11:52:53,1223,1,subida,-1.730431,-1.729109,15.647852,6.8,6.77,6.8
11:52:53,1224,1,subida,-1.730432,-1.729109,15.646845,6.8,6.769,6.8
11:52:53,1225,1,subida,-1.730431,-1.729103,15.646845,6.8,6.765,6.8
11:52:53,1226,1,subida,-1.730435,-1.729092,15.646021,6.8,6.763,6.8
11:52:53,1227,1,subida,-1.730438,-1.729092,15.646021,6.8,6.76,6.8
11:52:53,1228,1,subida,-1.730435,-1.729105,15.646814,6.8,6.757,6.8
11:52:53,1229,1,subida,-1.730431,-1.729091,15.648066,6.8,6.754,6.8
11:52:53,1230,1,subida,-1.730431,-1.729101,15.648066,6.8,6.752,6.8
11:52:53,1231,1,subida,-1.730432,-1.729090,15.648157,6.8,6.749,6.8
11:52:53,1232,1,subida,-1.730427,-1.729110,15.648157,6.8,6.746,6.8
11:52:53,1233,1,subida,-1.730425,-1.729119,15.646173,6.8,6.745,6.8
11:52:53,1234,1,subida,-1.730425,-1.729112,15.646173,6.8,6.742,6.8
11:52:53,1235,1,subida,-1.730425,-1.729090,15.647577,6.8,6.74,6.8
11:52:53,1236,1,subida,-1.730424,-1.729103,15.647577,6.8,6.739,6.8
11:52:53,1237,1,subida,-1.730422,-1.729112,15.648829,6.8,6.737,6.8
11:52:53,1238,1,subida,-1.730422,-1.729088,15.648829,6.8,6.735,6.8
11:52:54,1239,1,subida,-1.730422,-1.729110,15.647821,6.8,6.733,6.8
11:52:54,1240,1,subida,-1.730421,-1.729110,15.647821,6.8,6.732,6.8
11:52:54,1241,1,subida,-1.730421,-1.729105,15.648493,6.8,6.73,6.8
11:52:54,1242,1,subida,-1.730420,-1.729122,15.648493,6.8,6.729,6.8
11:52:54,1243,1,subida,-1.730422,-1.729126,15.647333,6.8,6.725,6.8
11:52:54,1244,1,subida,-1.730422,-1.729131,15.647333,6.8,6.723,6.8
11:52:54,1245,1,subida,-1.730422,-1.729132,15.648005,6.8,6.721,6.8
11:52:54,1246,1,subida,-1.730426,-1.729123,15.648005,6.8,6.718,6.8
11:52:54,1247,1,subida,-1.730425,-1.729129,15.648584,6.8,6.715,6.8
11:52:54,1248,1,subida,-1.730420,-1.729129,15.648584,6.8,6.713,6.8
11:52:54,1249,1,subida,-1.730417,-1.729127,15.646631,6.8,6.722,6.8
11:52:54,1250,1,subida,-1.730415,-1.729116,15.646631,6.8,6.736,6.8
11:52:54,1251,1,subida,-1.730410,-1.729127,15.648066,6.8,6.611,6.8
11:52:54,1252,1,subida,-1.730404,-1.729112,15.646906,6.8,6.831,6.8
11:52:54,1253,1,subida,-1.730403,-1.729106,15.646906,6.8,6.79,6.8
11:52:54,1254,1,subida,-1.730400,-1.729112,15.646906,6.8,6.783,6.8
11:52:54,1255,1,subida,-1.730396,-1.729095,15.646906,6.781,6.8,6.8
11:52:54,1256,1,subida,-1.730397,-1.729109,15.647486,6.8,6.779,6.8
11:52:55,1257,1,subida,-1.730399,-1.729111,15.647486,6.8,6.776,6.8
11:52:55,1258,1,subida,-1.730396,-1.729111,15.648584,6.774,6.8,6.8
11:52:55,1259,1,subida,-1.730392,-1.729115,15.648584,6.77,6.8,6.8
11:52:55,1260,1,subida,-1.730389,-1.729075,15.649652,6.8,6.767,6.8
11:52:55,1261,1,subida,-1.730390,-1.729092,15.649652,6.8,6.764,6.8
11:52:55,1262,1,subida,-1.730392,-1.729081,15.646387,6.762,6.8,6.8
11:52:55,1263,1,subida,-1.730391,-1.729087,15.646387,6.759,6.8,6.8
11:52:55,1264,1,subida,-1.730392,-1.729073,15.648279,6.8,6.754,6.8
11:52:55,1265,1,subida,-1.730394,-1.729076,15.648279,6.8,6.754,6.8
11:52:55,1266,1,subida,-1.730395,-1.729084,15.647608,6.8,6.75,6.8
11:52:55,1267,1,subida,-1.730396,-1.729076,15.647608,6.8,6.749,6.8
11:52:55,1268,1,subida,-1.730398,-1.729084,15.645563,6.8,6.746,6.8
11:52:55,1269,1,subida,-1.730400,-1.729089,15.645563,6.744,6.8,6.8
11:52:55,1270,1,subida,-1.730400,-1.729072,15.647638,6.8,6.743,6.8
11:52:55,1271,1,subida,-1.730399,-1.729069,15.647638,6.8,6.739,6.8
11:52:55,1272,1,subida,-1.730400,-1.729067,15.647242,6.8,6.738,6.8
11:52:55,1273,1,subida,-1.730402,-1.729082,15.647242,6.8,6.736,6.8
11:52:55,1274,1,subida,-1.730402,-1.729072,15.647791,6.8,6.734,6.8
11:52:56,1275,1,subida,-1.730403,-1.729079,15.647760,6.8,6.73,6.8
11:52:56,1276,1,subida,-1.730406,-1.729097,15.647760,6.8,6.729,6.8
11:52:56,1277,1,subida,-1.730405,-1.729085,15.647181,6.8,6.726,6.8
11:52:56,1278,1,subida,-1.730406,-1.729071,15.647181,6.8,6.725,6.8
11:52:56,1279,1,subida,-1.730412,-1.729067,15.646448,6.8,6.723,6.8
11:52:56,1280,1,subida,-1.730417,-1.729090,15.646448,6.8,6.721,6.8
11:52:56,1281,1,subida,-1.730423,-1.729081,15.646723,6.8,6.718,6.8
11:52:56,1282,1,subida,-1.730429,-1.729103,15.646723,6.8,6.716,6.8
11:52:56,1283,1,subida,-1.730434,-1.729085,15.647577,6.8,6.715,6.8
11:52:56,1284,1,subida,-1.730431,-1.729090,15.647577,6.8,6.713,6.8
11:52:56,1285,1,subida,-1.730428,-1.729100,15.647364,6.8,6.721,6.8
11:52:56,1286,1,subida,-1.730430,-1.729084,15.647364,6.8,6.741,6.8
11:52:56,1287,1,subida,-1.730431,-1.729076,15.647821,6.8,6.754,6.8
11:52:56,1288,1,subida,-1.730429,-1.729070,15.647821,6.8,6.764,6.8
11:52:56,1289,1,subida,-1.730424,-1.729085,15.647791,6.8,6.739,6.8
11:52:56,1290,1,subida,-1.730418,-1.729079,15.647791,6.8,6.794,6.8
11:52:56,1291,1,subida,-1.730411,-1.729086,15.646265,6.8,6.793,6.8
11:52:56,1292,1,subida,-1.730406,-1.729071,15.646265,6.8,6.79,6.8
11:52:56,1293,1,subida,-1.730403,-1.729073,15.648310,6.8,6.789,6.8
11:52:57,1294,1,subida,-1.730402,-1.729070,15.648310,6.8,6.786,6.8
11:52:57,1295,1,subida,-1.730490,-1.729152,15.646509,6.5,6.456,6.5
11:53:33,1296,1,bajada,-1.730491,-1.729150,15.646509,6.5,6.465,6.5
11:53:33,1297,1,bajada,-1.730487,-1.729149,15.649042,6.5,6.462,6.5
11:53:33,1298,1,bajada,-1.730484,-1.729151,15.647638,6.46,6.5,6.5
11:53:33,1299,1,bajada,-1.730489,-1.729164,15.647638,6.5,6.458,6.5
11:53:33,1300,1,bajada,-1.730492,-1.729153,15.649042,6.456,6.5,6.5
11:53:33,1301,1,bajada,-1.730496,-1.729145,15.649042,6.5,6.454,6.5
11:53:33,1302,1,bajada,-1.730497,-1.729143,15.648035,6.5,6.451,6.5
11:53:33,1303,1,bajada,-1.730493,-1.729148,15.648035,6.5,6.448,6.5
11:53:33,1304,1,bajada,-1.730491,-1.729165,15.650751,6.5,6.448,6.5
11:53:33,1305,1,bajada,-1.730495,-1.729162,15.650751,6.5,6.444,6.5
11:53:33,1306,1,bajada,-1.730497,-1.729176,15.647699,6.442,6.5,6.5
11:53:33,1307,1,bajada,-1.730500,-1.729165,15.647699,6.5,6.441,6.5
11:53:33,1308,1,bajada,-1.730501,-1.729173,15.649012,6.5,6.437,6.5
11:53:34,1309,1,bajada,-1.730503,-1.729167,15.649012,6.436,6.5,6.5
11:53:34,1310,1,bajada,-1.730508,-1.729185,15.647638,6.433,6.5,6.5
11:53:34,1311,1,bajada,-1.730508,-1.729179,15.647638,6.5,6.428,6.5
11:53:34,1312,1,bajada,-1.730506,-1.729182,15.646784,6.5,6.426,6.5
11:53:34,1313,1,bajada,-1.730505,-1.729169,15.646784,6.5,6.425,6.5
11:53:34,1314,1,bajada,-1.730506,-1.729171,15.646143,6.5,6.422,6.5
11:53:34,1315,1,bajada,-1.730506,-1.729186,15.646143,6.5,6.421,6.5
11:53:34,1316,1,bajada,-1.730509,-1.729191,15.648188,6.5,6.419,6.5
11:53:34,1317,1,bajada,-1.730513,-1.729189,15.648188,6.5,6.416,6.5
11:53:34,1318,1,bajada,-1.730515,-1.729197,15.645258,6.5,6.415,6.5
11:53:34,1319,1,bajada,-1.730515,-1.729187,15.645258,6.5,6.494,6.5
11:53:34,1320,1,bajada,-1.730515,-1.729180,15.647364,6.5,6.508,6.5
11:53:34,1321,1,bajada,-1.730512,-1.729187,15.647577,6.5,6.505,6.5
11:53:34,1322,1,bajada,-1.730510,-1.729138,15.647577,6.5,6.502,6.5
11:53:34,1323,1,bajada,-1.730507,-1.729167,15.649439,6.5,6.499,6.5
11:53:34,1324,1,bajada,-1.730505,-1.729165,15.649439,6.5,6.497,6.5
11:53:35,1325,1,bajada,-1.730503,-1.729180,15.642481,6.5,6.487,6.5
11:53:35,1326,1,bajada,-1.730504,-1.729158,15.642481,6.5,6.485,6.5
11:53:35,1327,1,bajada,-1.730506,-1.729162,15.647577,6.5,6.484,6.5
11:53:35,1328,1,bajada,-1.730500,-1.729140,15.647577,6.5,6.482,6.5
11:53:35,1329,1,bajada,-1.730494,-1.729147,15.647333,6.5,6.478,6.5
11:53:35,1330,1,bajada,-1.730492,-1.729140,15.647333,6.5,6.473,6.5
11:53:35,1331,1,bajada,-1.730490,-1.729157,15.647486,6.5,6.471,6.5
11:53:35,1332,1,bajada,-1.730490,-1.729133,15.647486,6.5,6.468,6.5
11:53:35,1333,1,bajada,-1.730491,-1.729163,15.646936,6.5,6.467,6.5
11:53:35,1334,1,bajada,-1.730489,-1.729160,15.646936,6.5,6.465,6.5
11:53:35,1335,1,bajada,-1.730489,-1.729154,15.646570,6.5,6.463,6.5
11:53:35,1336,1,bajada,-1.730486,-1.729145,15.646570,6.5,6.458,6.5
11:53:35,1337,1,bajada,-1.730485,-1.729144,15.648645,6.5,6.455,6.5
11:53:35,1338,1,bajada,-1.730484,-1.729166,15.648645,6.5,6.454,6.5
11:53:36,1339,1,bajada,-1.730480,-1.729162,15.647242,6.5,6.45,6.5
11:53:36,1340,1,bajada,-1.730488,-1.729152,15.647242,6.5,6.448,6.5
11:53:36,1341,1,bajada,-1.730490,-1.729153,15.647974,6.5,6.447,6.5
11:53:36,1342,1,bajada,-1.730483,-1.729152,15.649195,6.5,6.444,6.5
11:53:36,1343,1,bajada,-1.730486,-1.729162,15.649195,6.5,6.441,6.5
11:53:36,1344,1,bajada,-1.730488,-1.729156,15.646296,6.5,6.437,6.5
11:53:36,1345,1,bajada,-1.730487,-1.729165,15.646296,6.5,6.435,6.5
11:53:36,1346,1,bajada,-1.730485,-1.729181,15.647333,6.5,6.434,6.5
11:53:36,1347,1,bajada,-1.730489,-1.729157,15.647333,6.5,6.432,6.5
11:53:36,1348,1,bajada,-1.730490,-1.729161,15.647638,6.43,6.5,6.5
11:53:36,1349,1,bajada,-1.730490,-1.729162,15.647638,6.5,6.428,6.5
11:53:36,1350,1,bajada,-1.730492,-1.729153,15.646601,6.5,6.426,6.5
11:53:36,1351,1,bajada,-1.730493,-1.729177,15.646601,6.5,6.422,6.5
11:53:36,1352,1,bajada,-1.730494,-1.729178,15.648249,6.5,6.42,6.5
11:53:36,1353,1,bajada,-1.730494,-1.729158,15.648249,6.5,6.419,6.5
11:53:36,1354,1,bajada,-1.730493,-1.729168,15.650934,6.5,6.417,6.5
11:53:36,1355,1,bajada,-1.730492,-1.729185,15.650934,6.5,6.415,6.5
11:53:36,1356,1,bajada,-1.730493,-1.729165,15.645472,6.5,6.418,6.5
11:53:37,1357,1,bajada,-1.730495,-1.729172,15.645472,6.5,6.514,6.5
11:53:37,1358,1,bajada,-1.730496,-1.729158,15.648249,6.48,6.5,6.5
11:53:37,1361,1,bajada,-1.730490,-1.729164,15.647089,6.5,6.473,6.5
11:53:37,1362,1,bajada,-1.730485,-1.729165,15.647089,6.5,6.469,6.5
11:53:37,1363,1,bajada,-1.730482,-1.729159,15.646051,6.5,6.468,6.5
11:53:37,1364,1,bajada,-1.730475,-1.729152,15.646051,6.5,6.466,6.5
11:53:37,1365,1,bajada,-1.730471,-1.729144,15.645990,6.5,6.462,6.5
11:53:37,1368,1,bajada,-1.730467,-1.729148,15.647425,6.5,6.456,6.5
11:53:37,1369,1,bajada,-1.730463,-1.729146,15.649164,6.5,6.454,6.5
11:53:37,1370,1,bajada,-1.730458,-1.729145,15.649164,6.5,6.453,6.5
11:53:37,1371,1,bajada,-1.730455,-1.729172,15.647425,6.5,6.451,6.5
11:53:37,1372,1,bajada,-1.730455,-1.729158,15.647425,6.5,6.447,6.5
11:53:37,1373,1,bajada,-1.730452,-1.729150,15.645746,6.5,6.446,6.5
11:53:37,1374,1,bajada,-1.730451,-1.729146,15.645746,6.5,6.444,6.5
11:53:37,1375,1,bajada,-1.730451,-1.729164,15.648554,6.5,6.442,6.5
11:53:37,1376,1,bajada,-1.730450,-1.729166,15.648554,6.5,6.441,6.5
11:53:37,1377,1,bajada,-1.730449,-1.729172,15.648157,6.5,6.438,6.5
11:53:38,1378,1,bajada,-1.730450,-1.729157,15.648157,6.5,6.438,6.5
11:53:38,1379,1,bajada,-1.730448,-1.729138,15.646845,6.5,6.435,6.5
11:53:38,1380,1,bajada,-1.730449,-1.729145,15.646845,6.5,6.433,6.5
11:53:38,1381,1,bajada,-1.730447,-1.729156,15.646631,6.5,6.431,6.5
11:53:38,1382,1,bajada,-1.730446,-1.729170,15.646631,6.5,6.428,6.5
11:53:38,1383,1,bajada,-1.730451,-1.729156,15.648493,6.5,6.436,6.5
11:53:38,1384,1,bajada,-1.730454,-1.729151,15.648493,6.5,6.766,6.5
11:53:38,1385,1,bajada,-1.730455,-1.729169,15.645288,6.5,6.541,6.5
11:53:38,1386,1,bajada,-1.730453,-1.729164,15.645288,6.5,6.517,6.5
11:53:38,1387,1,bajada,-1.730454,-1.729142,15.647211,6.5,6.514,6.5
11:53:38,1388,1,bajada,-1.730457,-1.729136,15.647211,6.5,6.507,6.5
11:53:38,1389,1,bajada,-1.730458,-1.729129,15.646448,6.5,6.503,6.5
11:53:38,1390,1,bajada,-1.730458,-1.729127,15.648310,6.5,6.499,6.5
11:53:38,1391,1,bajada,-1.730457,-1.729135,15.648310,6.5,6.497,6.5
11:53:38,1392,1,bajada,-1.730459,-1.729131,15.647181,6.5,6.495,6.5
11:53:38,1393,1,bajada,-1.730462,-1.729117,15.647181,6.5,6.492,6.5
11:53:38,1394,1,bajada,-1.730462,-1.729118,15.647425,6.5,6.486,6.5
11:53:39,1395,1,bajada,-1.730461,-1.729122,15.647425,6.5,6.484,6.5
11:53:39,1396,1,bajada,-1.730460,-1.729115,15.647913,6.5,6.482,6.5
11:53:39,1397,1,bajada,-1.730459,-1.729137,15.647913,6.5,6.48,6.5
11:53:39,1398,1,bajada,-1.730462,-1.729131,15.647852,6.5,6.477,6.5
11:53:39,1399,1,bajada,-1.730464,-1.729144,15.647852,6.5,6.475,6.5
11:53:39,1400,1,bajada,-1.730465,-1.729138,15.646723,6.5,6.472,6.5
11:53:39,1401,1,bajada,-1.730465,-1.729103,15.646723,6.5,6.468,6.5
11:53:39,1402,1,bajada,-1.730467,-1.729127,15.645655,6.5,6.466,6.5
11:53:39,1403,1,bajada,-1.730469,-1.729122,15.645655,6.5,6.465,6.5
11:53:39,1404,1,bajada,-1.730472,-1.729091,15.646204,6.5,6.462,6.5
11:53:39,1405,1,bajada,-1.730473,-1.729127,15.646204,6.5,6.46,6.5
11:53:39,1406,1,bajada,-1.730475,-1.729144,15.647516,6.5,6.457,6.5
11:53:39,1407,1,bajada,-1.730477,-1.729139,15.647516,6.5,6.453,6.5
11:53:39,1408,1,bajada,-1.730477,-1.729139,15.648157,6.451,6.5,6.5
11:53:39,1409,1,bajada,-1.730473,-1.729151,15.648157,6.5,6.448,6.5
11:53:39,1410,1,bajada,-1.730472,-1.729143,15.646387,6.5,6.445,6.5
11:53:40,1411,1,bajada,-1.730469,-1.729143,15.646387,6.5,6.443,6.5
11:53:40,1412,1,bajada,-1.730466,-1.729150,15.645075,6.441,6.5,6.5
11:53:40,1413,1,bajada,-1.730464,-1.729134,15.646814,6.5,6.439,6.5
11:53:40,1414,1,bajada,-1.730459,-1.729184,15.646814,6.435,6.5,6.5
11:53:40,1415,1,bajada,-1.730453,-1.729171,15.647028,6.5,6.433,6.5
11:53:40,1416,1,bajada,-1.730451,-1.729177,15.647028,6.5,6.431,6.5
11:53:40,1417,1,bajada,-1.730448,-1.729147,15.647791,6.5,6.43,6.5
11:53:40,1418,1,bajada,-1.730446,-1.729185,15.647791,6.5,6.428,6.5
11:53:40,1419,1,bajada,-1.730448,-1.729184,15.649408,6.5,6.426,6.5
11:53:40,1420,1,bajada,-1.730446,-1.729179,15.649408,6.5,6.421,6.5
11:53:40,1421,1,bajada,-1.730449,-1.729202,15.648279,6.419,6.5,6.5
11:53:40,1422,1,bajada,-1.730448,-1.729150,15.648279,6.5,6.418,6.5
11:53:40,1423,1,bajada,-1.730444,-1.729187,15.646967,6.5,6.416,6.5
11:53:40,1424,1,bajada,-1.730446,-1.729200,15.646967,6.5,6.415,6.5
11:53:40,1425,1,bajada,-1.730451,-1.729159,15.647486,6.5,6.414,6.5
11:53:40,1426,1,bajada,-1.730455,-1.729206,15.647486,6.5,6.426,6.5
11:53:40,1427,1,bajada,-1.730458,-1.729193,15.647608,6.5,6.738,6.5
11:53:40,1428,1,bajada,-1.730456,-1.729184,15.647608,6.5,6.507,6.5
11:53:41,1429,1,bajada,-1.730454,-1.729151,15.646021,6.5,6.505,6.5
11:53:41,1430,1,bajada,-1.730456,-1.729138,15.646021,6.5,6.502,6.5
11:53:41,1431,1,bajada,-1.730462,-1.729145,15.647669,6.5,6.499,6.5
11:53:41,1432,1,bajada,-1.730466,-1.729160,15.647669,6.5,6.497,6.5
11:53:41,1433,1,bajada,-1.730467,-1.729165,15.648096,6.5,6.495,6.5
11:53:41,1434,1,bajada,-1.730471,-1.729145,15.648096,6.5,6.493,6.5
11:53:41,1435,1,bajada,-1.730474,-1.729140,15.648767,6.5,6.491,6.5
11:53:41,1436,1,bajada,-1.730474,-1.729141,15.646357,6.5,6.485,6.5
11:53:41,1437,1,bajada,-1.730473,-1.729145,15.646357,6.5,6.483,6.5
11:53:41,1438,1,bajada,-1.730473,-1.729158,15.646631,6.5,6.481,6.5
11:53:41,1439,1,bajada,-1.730475,-1.729152,15.646631,6.5,6.479,6.5
11:53:41,1440,1,bajada,-1.730479,-1.729140,15.648249,6.5,6.477,6.5
11:53:41,1441,1,bajada,-1.730480,-1.729126,15.648249,6.5,6.475,6.5
11:53:41,1442,1,bajada,-1.730481,-1.729152,15.647089,6.5,6.472,6.5
11:53:41,1443,1,bajada,-1.730485,-1.729168,15.647089,6.5,6.471,6.5
11:53:41,1444,1,bajada,-1.730484,-1.729129,15.647699,6.5,6.467,6.5
11:53:41,1445,1,bajada,-1.730481,-1.729123,15.647699,6.5,6.465,6.5
11:53:41,1446,1,bajada,-1.730482,-1.729140,15.646723,6.5,6.462,6.5
11:53:41,1447,1,bajada,-1.730482,-1.729160,15.646723,6.5,6.46,6.5
11:53:42,1448,1,bajada,-1.730479,-1.729148,15.646540,6.5,6.458,6.5
11:53:42,1449,1,bajada,-1.730472,-1.729161,15.646540,6.5,6.455,6.5
11:53:42,1450,1,bajada,-1.730466,-1.729176,15.648127,6.5,6.452,6.5
11:53:42,1451,1,bajada,-1.730462,-1.729158,15.648127,6.5,6.45,6.5
11:53:42,1452,1,bajada,-1.730458,-1.729160,15.645929,6.5,6.448,6.5
11:53:42,1453,1,bajada,-1.730453,-1.729129,15.645929,6.5,6.447,6.5
11:53:42,1454,1,bajada,-1.730451,-1.729155,15.648432,6.5,6.445,6.5
11:53:42,1455,1,bajada,-1.730450,-1.729157,15.648432,6.5,6.443,6.5
11:53:42,1456,1,bajada,-1.730446,-1.729167,15.648767,6.5,6.441,6.5
11:53:42,1457,1,bajada,-1.730444,-1.729133,15.648066,6.5,6.438,6.5
11:53:42,1458,1,bajada,-1.730440,-1.729140,15.648066,6.5,6.436,6.5
11:53:42,1459,1,bajada,-1.730437,-1.729165,15.647364,6.5,6.435,6.5
11:53:42,1460,1,bajada,-1.730438,-1.729163,15.647364,6.5,6.433,6.5
11:53:42,1461,1,bajada,-1.730437,-1.729181,15.647181,6.43,6.5,6.5
11:53:42,1462,1,bajada,-1.730434,-1.729153,15.647181,6.5,6.429,6.5
11:53:42,1463,1,bajada,-1.730435,-1.729142,15.647913,6.427,6.5,6.5
11:53:42,1464,1,bajada,-1.730436,-1.729180,15.647913,6.424,6.5,6.5
11:53:42,1465,1,bajada,-1.730439,-1.729172,15.648523,6.421,6.5,6.5
11:53:43,1466,1,bajada,-1.730441,-1.729152,15.648523,6.5,6.419,6.5
11:53:43,1467,1,bajada,-1.730440,-1.729164,15.647120,6.5,6.418,6.5
11:53:43,1468,1,bajada,-1.730439,-1.729166,15.647120,6.5,6.415,6.5
11:53:43,1469,1,bajada,-1.730439,-1.729164,15.648981,6.5,6.415,6.5
11:53:43,1470,1,bajada,-1.730440,-1.729185,15.648981,6.5,6.427,6.5
11:53:43,1471,1,bajada,-1.730442,-1.729169,15.647089,6.5,6.443,6.5
11:53:43,1472,1,bajada,-1.730444,-1.729190,15.647089,6.491,6.5,6.5
11:53:43,1473,1,bajada,-1.730446,-1.729180,15.648951,6.494,6.5,6.5
11:53:43,1474,1,bajada,-1.730446,-1.729157,15.648951,6.5,6.491,6.5
11:53:43,1475,1,bajada,-1.730445,-1.729142,15.648096,6.5,6.488,6.5
11:53:43,1476,1,bajada,-1.730445,-1.729157,15.648096,6.486,6.5,6.5
11:53:43,1477,1,bajada,-1.730443,-1.729146,15.647821,6.5,6.481,6.5
11:53:43,1478,1,bajada,-1.730444,-1.729154,15.647821,6.5,6.478,6.5
11:53:43,1479,1,bajada,-1.730444,-1.729145,15.646570,6.5,6.475,6.5
11:53:43,1480,1,bajada,-1.730445,-1.729153,15.647791,6.5,6.473,6.5
11:53:43,1481,1,bajada,-1.730447,-1.729155,15.647791,6.5,6.471,6.5
11:53:43,1482,1,bajada,-1.730447,-1.729129,15.647150,6.5,6.47,6.5
11:53:43,1483,1,bajada,-1.730448,-1.729140,15.647150,6.5,6.468,6.5
11:53:43,1484,1,bajada,-1.730448,-1.729150,15.648645,6.5,6.465,6.5
11:53:44,1485,1,bajada,-1.730453,-1.729144,15.648645,6.5,6.464,6.5
11:53:44,1486,1,bajada,-1.730453,-1.729147,15.647730,6.5,6.462,6.5
11:53:44,1487,1,bajada,-1.730449,-1.729141,15.647730,6.5,6.459,6.5
11:53:44,1488,1,bajada,-1.730448,-1.729146,15.646570,6.5,6.457,6.5
11:53:44,1489,1,bajada,-1.730448,-1.729122,15.646570,6.5,6.451,6.5
11:53:44,1490,1,bajada,-1.730452,-1.729143,15.647058,6.5,6.448,6.5
11:53:44,1491,1,bajada,-1.730453,-1.729150,15.647058,6.5,6.441,6.5
11:53:44,1492,1,bajada,-1.730457,-1.729151,15.647211,6.5,6.439,6.5
11:53:44,1493,1,bajada,-1.730459,-1.729147,15.647211,6.5,6.437,6.5
11:53:44,1494,1,bajada,-1.730454,-1.729147,15.648310,6.5,6.435,6.5
11:53:44,1495,1,bajada,-1.730450,-1.729149,15.648310,6.5,6.432,6.5
11:53:44,1496,1,bajada,-1.730447,-1.729128,15.648951,6.5,6.43,6.5
11:53:44,1497,1,bajada,-1.730448,-1.729149,15.648951,6.5,6.428,6.5
11:53:44,1498,1,bajada,-1.730450,-1.729154,15.646387,6.5,6.427,6.5
11:53:44,1499,1,bajada,-1.730444,-1.729142,15.646387,6.5,6.426,6.5
11:53:45,1500,1,bajada,-1.730437,-1.729138,15.647242,6.5,6.425,6.5
11:53:45,1501,1,bajada,-1.730438,-1.729150,15.647242,6.5,6.423,6.5
11:53:45,1502,1,bajada,-1.730443,-1.729166,15.648462,6.5,6.421,6.5
11:53:45,1503,1,bajada,-1.730446,-1.729164,15.646723,6.5,6.419,6.5
11:53:45,1504,1,bajada,-1.730445,-1.729170,15.646723,6.5,6.415,6.5
11:53:45,1505,1,bajada,-1.730444,-1.729166,15.647058,6.5,6.418,6.5
11:53:45,1506,1,bajada,-1.730441,-1.729147,15.647058,6.5,6.435,6.5
11:53:45,1507,1,bajada,-1.730442,-1.729149,15.645899,6.5,6.456,6.5
11:53:45,1508,1,bajada,-1.730446,-1.729158,15.645899,6.5,6.463,6.5
11:53:45,1509,1,bajada,-1.730443,-1.729164,15.649103,6.5,6.474,6.5
11:53:45,1510,1,bajada,-1.730442,-1.729161,15.649103,6.5,7.418,6.5
11:53:45,1511,1,bajada,-1.730444,-1.729150,15.645960,6.5,6.5,6.5
11:53:45,1512,1,bajada,-1.730445,-1.729134,15.645960,6.5,6.489,6.5
11:53:45,1513,1,bajada,-1.730446,-1.729120,15.647242,6.5,6.487,6.5
11:53:45,1516,1,bajada,-1.730447,-1.729145,15.648218,6.5,6.482,6.5
11:53:45,1517,1,bajada,-1.730449,-1.729134,15.648218,6.48,6.5,6.5
11:53:46,1518,1,bajada,-1.730447,-1.729111,15.646479,6.5,6.471,6.5
11:53:46,1519,1,bajada,-1.730443,-1.729117,15.646479,6.5,6.47,6.5
11:53:46,1520,1,bajada,-1.730440,-1.729132,15.648676,6.465,6.5,6.5
11:53:46,1521,1,bajada,-1.730435,-1.729115,15.648676,6.5,6.463,6.5
11:53:46,1522,1,bajada,-1.730433,-1.729140,15.647364,6.5,6.46,6.5
11:53:46,1523,1,bajada,-1.730431,-1.729122,15.647364,6.5,6.458,6.5
11:53:46,1524,1,bajada,-1.730429,-1.729116,15.646326,6.5,6.456,6.5
11:53:46,1525,1,bajada,-1.730427,-1.729101,15.646326,6.5,6.455,6.5
11:53:46,1526,1,bajada,-1.730422,-1.729132,15.647211,6.5,6.452,6.5
11:53:46,1527,1,bajada,-1.730419,-1.729144,15.648920,6.5,6.45,6.5
11:53:46,1528,1,bajada,-1.730417,-1.729113,15.648920,6.5,6.447,6.5
11:53:46,1529,1,bajada,-1.730415,-1.729127,15.646845,6.5,6.445,6.5
11:53:46,1530,1,bajada,-1.730415,-1.729128,15.646845,6.5,6.441,6.5
11:53:46,1531,1,bajada,-1.730414,-1.729127,15.648157,6.439,6.5,6.5
11:53:46,1532,1,bajada,-1.730413,-1.729117,15.648157,6.5,6.437,6.5
11:53:47,1533,1,bajada,-1.730413,-1.729139,15.647181,6.5,6.435,6.5
11:53:47,1534,1,bajada,-1.730415,-1.729124,15.647181,6.5,6.433,6.5
11:53:47,1535,1,bajada,-1.730415,-1.729130,15.646936,6.5,6.431,6.5
11:53:47,1536,1,bajada,-1.730411,-1.729140,15.646936,6.5,6.428,6.5
11:53:47,1537,1,bajada,-1.730410,-1.729137,15.646997,6.5,6.427,6.5
11:53:47,1538,1,bajada,-1.730412,-1.729131,15.646997,6.5,6.424,6.5
11:53:47,1539,1,bajada,-1.730414,-1.729126,15.649866,6.5,6.417,6.5
11:53:47,1540,1,bajada,-1.730417,-1.729142,15.649866,6.5,6.415,6.5
11:53:47,1541,1,bajada,-1.730419,-1.729118,15.648737,6.5,6.416,6.5
11:53:47,1542,1,bajada,-1.730421,-1.729142,15.648737,6.5,6.441,6.5
11:53:47,1543,1,bajada,-1.730426,-1.729168,15.647455,6.5,6.448,6.5
11:53:47,1544,1,bajada,-1.730428,-1.729143,15.647455,6.5,6.455,6.5
11:53:47,1545,1,bajada,-1.730427,-1.729143,15.646967,6.5,6.46,6.5
11:53:47,1546,1,bajada,-1.730426,-1.729150,15.646967,6.5,6.459,6.5
11:53:47,1547,1,bajada,-1.730431,-1.729144,15.648066,6.5,6.456,6.5
11:53:47,1548,1,bajada,-1.730437,-1.729146,15.648066,6.5,6.467,6.5
11:53:47,1549,1,bajada,-1.730436,-1.729127,15.647242,6.5,6.501,6.5
11:53:47,1550,1,bajada,-1.730435,-1.729130,15.648188,6.5,6.498,6.5
11:53:47,1551,1,bajada,-1.730436,-1.729117,15.648188,6.5,6.498,6.5
11:53:48,1552,1,bajada,-1.730439,-1.729101,15.647516,6.5,6.491,6.5
11:53:48,1553,1,bajada,-1.730437,-1.729098,15.647516,6.5,6.486,6.5
11:53:48,1554,1,bajada,-1.730439,-1.729106,15.648218,6.5,6.483,6.5
11:53:48,1555,1,bajada,-1.730440,-1.729084,15.648218,6.5,6.481,6.5
11:53:48,1556,1,bajada,-1.730442,-1.729068,15.647943,6.5,6.479,6.5
11:53:48,1557,1,bajada,-1.730446,-1.729090,15.647943,6.5,6.47,6.5
11:53:48,1558,1,bajada,-1.730447,-1.729086,15.647058,6.5,6.468,6.5
11:53:48,1559,1,bajada,-1.730449,-1.729106,15.647058,6.5,6.466,6.5
11:53:48,1560,1,bajada,-1.730450,-1.729093,15.649317,6.5,6.464,6.5
11:53:48,1561,1,bajada,-1.730450,-1.729102,15.649317,6.5,6.461,6.5
11:53:48,1562,1,bajada,-1.730456,-1.729094,15.646479,6.5,6.457,6.5
11:53:48,1563,1,bajada,-1.730460,-1.729089,15.646479,6.5,6.455,6.5
11:53:48,1564,1,bajada,-1.730461,-1.729095,15.646845,6.5,6.453,6.5
11:53:49,1565,1,bajada,-1.730459,-1.729099,15.646845,6.5,6.452,6.5
11:53:49,1566,1,bajada,-1.730462,-1.729097,15.645563,6.5,6.45,6.5
11:53:49,1567,1,bajada,-1.730464,-1.729101,15.645563,6.5,6.448,6.5
11:53:49,1568,1,bajada,-1.730456,-1.729086,15.648462,6.447,6.5,6.5
11:53:49,1569,1,bajada,-1.730448,-1.729082,15.648462,6.5,6.445,6.5
11:53:49,1570,1,bajada,-1.730441,-1.729092,15.647211,6.5,6.442,6.5
11:53:49,1571,1,bajada,-1.730434,-1.729108,15.646814,6.5,6.44,6.5
11:53:49,1572,1,bajada,-1.730429,-1.729095,15.646814,6.5,6.439,6.5
11:53:49,1573,1,bajada,-1.730426,-1.729093,15.648096,6.5,6.436,6.5
11:53:49,1574,1,bajada,-1.730422,-1.729107,15.648096,6.434,6.5,6.5
11:53:49,1575,1,bajada,-1.730419,-1.729094,15.645899,6.5,6.433,6.5
11:53:49,1576,1,bajada,-1.730419,-1.729110,15.645899,6.5,6.43,6.5
11:53:49,1577,1,bajada,-1.730421,-1.729106,15.648432,6.879,6.5,6.5
11:53:49,1578,1,bajada,-1.730424,-1.729106,15.648432,6.5,6.49,6.5
11:53:49,1579,1,bajada,-1.730423,-1.729094,15.648249,6.5,6.496,6.5
11:53:49,1580,1,bajada,-1.730419,-1.729113,15.648249,6.5,6.493,6.5
11:53:49,1581,1,bajada,-1.730415,-1.729096,15.647333,6.491,6.5,6.5
11:53:49,1582,1,bajada,-1.730414,-1.729084,15.647333,6.5,6.487,6.5
11:53:49,1583,1,bajada,-1.730412,-1.729095,15.647058,6.5,6.485,6.5
11:53:50,1584,1,bajada,-1.730410,-1.729068,15.647058,6.5,6.477,6.5
11:53:50,1585,1,bajada,-1.730408,-1.729083,15.646051,6.475,6.5,6.5
11:53:50,1586,1,bajada,-1.730409,-1.729068,15.646051,6.5,6.473,6.5
11:53:50,1587,1,bajada,-1.730408,-1.729074,15.647943,6.5,6.47,6.5
11:53:50,1588,1,bajada,-1.730409,-1.729088,15.647943,6.5,6.468,6.5
11:53:50,1589,1,bajada,-1.730410,-1.729075,15.648920,6.5,6.462,6.5
11:53:50,1590,1,bajada,-1.730412,-1.729083,15.648920,6.5,6.459,6.5
11:53:50,1591,1,bajada,-1.730415,-1.729072,15.648096,6.5,6.457,6.5
11:53:50,1592,1,bajada,-1.730416,-1.729077,15.648096,6.5,6.455,6.5
11:53:50,1593,1,bajada,-1.730416,-1.729086,15.647974,6.5,6.452,6.5
11:53:50,1594,1,bajada,-1.730413,-1.729084,15.649652,6.5,6.448,6.5
11:53:50,1595,1,bajada,-1.730416,-1.729087,15.649652,6.5,6.444,6.5
11:53:50,1596,1,bajada,-1.730417,-1.729090,15.647242,6.5,6.442,6.5
11:53:50,1597,1,bajada,-1.730417,-1.729093,15.647242,6.5,6.44,6.5
11:53:51,1598,1,bajada,-1.730419,-1.729091,15.647211,6.5,6.438,6.5
11:53:51,1599,1,bajada,-1.730420,-1.729102,15.647211,6.5,6.435,6.5
11:53:51,1600,1,bajada,-1.730419,-1.729094,15.647638,6.5,6.432,6.5
11:53:51,1601,1,bajada,-1.730419,-1.729096,15.647638,6.5,6.43,6.5
11:53:51,1602,1,bajada,-1.730419,-1.729108,15.647333,6.5,6.429,6.5
11:53:51,1603,1,bajada,-1.730420,-1.729093,15.647333,6.5,6.427,6.5
11:53:51,1604,1,bajada,-1.730420,-1.729108,15.648493,6.5,6.425,6.5
11:53:51,1605,1,bajada,-1.730423,-1.729123,15.648493,6.5,6.421,6.5
11:53:51,1606,1,bajada,-1.730425,-1.729097,15.649439,6.5,6.42,6.5
11:53:51,1607,1,bajada,-1.730425,-1.729134,15.649439,6.5,6.417,6.5
11:53:51,1608,1,bajada,-1.730429,-1.729108,15.647943,6.5,6.414,6.5
11:53:51,1609,1,bajada,-1.730431,-1.729136,15.647943,6.5,6.539,6.5
11:53:51,1610,1,bajada,-1.730432,-1.729095,15.647150,6.5,6.498,6.5
11:53:51,1611,1,bajada,-1.730434,-1.729108,15.647150,6.5,6.495,6.5
11:53:51,1612,1,bajada,-1.730433,-1.729080,15.647852,6.5,6.489,6.5
11:53:52,1613,1,bajada,-1.730429,-1.729095,15.647852,6.5,6.487,6.5
11:53:52,1614,1,bajada,-1.730428,-1.729077,15.648798,6.5,6.483,6.5
11:53:52,1615,1,bajada,-1.730427,-1.729092,15.648798,6.5,6.482,6.5
11:53:52,1616,1,bajada,-1.730421,-1.729083,15.648310,6.5,6.48,6.5
11:53:52,1617,1,bajada,-1.730422,-1.729072,15.649286,6.5,6.478,6.5
11:53:52,1618,1,bajada,-1.730425,-1.729091,15.649286,6.5,6.475,6.5
11:53:52,1619,1,bajada,-1.730418,-1.729088,15.647974,6.5,6.475,6.5
11:53:52,1620,1,bajada,-1.730413,-1.729079,15.647974,6.5,6.471,6.5
11:53:52,1621,1,bajada,-1.730412,-1.729090,15.648310,6.469,6.5,6.5
11:53:52,1622,1,bajada,-1.730411,-1.729097,15.648310,6.5,6.467,6.5
11:53:52,1623,1,bajada,-1.730409,-1.729078,15.647486,6.5,6.464,6.5
11:53:52,1624,1,bajada,-1.730405,-1.729084,15.647486,6.462,6.5,6.5
11:53:52,1625,1,bajada,-1.730406,-1.729108,15.647364,6.459,6.5,6.5
11:53:52,1626,1,bajada,-1.730406,-1.729083,15.647364,6.455,6.5,6.5
11:53:52,1627,1,bajada,-1.730406,-1.729081,15.648127,6.5,6.453,6.5
11:53:52,1628,1,bajada,-1.730407,-1.729102,15.648127,6.5,6.45,6.5
11:53:52,1629,1,bajada,-1.730408,-1.729106,15.646845,6.5,6.448,6.5
11:53:52,1630,1,bajada,-1.730414,-1.729107,15.646845,6.5,6.446,6.5
11:53:53,1631,1,bajada,-1.730417,-1.729074,15.648737,6.5,6.443,6.5
11:53:53,1632,1,bajada,-1.730410,-1.729078,15.648737,6.5,6.44,6.5
11:53:53,1633,1,bajada,-1.730406,-1.729089,15.646326,6.436,6.5,6.5
11:53:53,1634,1,bajada,-1.730407,-1.729099,15.646326,6.5,6.435,6.5
11:53:53,1635,1,bajada,-1.733337,-1.732068,15.650293,3.5,3.458,3.5
11:54:24,1636,1,bajada,-1.733337,-1.732063,15.650293,3.5,3.5,3.5
11:54:24,1637,1,bajada,-1.733341,-1.732069,15.649561,3.5,3.5,3.5
11:54:24,1638,1,bajada,-1.733343,-1.732068,15.649561,3.5,3.5,3.5
11:54:24,1639,1,bajada,-1.733342,-1.732074,15.648096,3.5,3.5,3.5
11:54:24,1640,1,bajada,-1.733340,-1.732079,15.648096,3.5,3.5,3.5
11:54:24,1641,1,bajada,-1.733338,-1.732077,15.649927,3.5,3.5,3.5
11:54:24,1642,1,bajada,-1.733341,-1.732059,15.649927,3.5,3.5,3.5
11:54:24,1643,1,bajada,-1.733343,-1.732066,15.648462,3.5,3.5,3.5
11:54:24,1644,1,bajada,-1.733345,-1.732082,15.648462,3.5,3.5,3.5
11:54:25,1645,1,bajada,-1.733346,-1.732083,15.647638,3.5,3.5,3.5
11:54:25,1646,1,bajada,-1.733348,-1.732083,15.648371,3.5,3.5,3.5
11:54:25,1647,1,bajada,-1.733348,-1.732072,15.648371,3.5,3.5,3.5
11:54:25,1648,1,bajada,-1.733345,-1.732085,15.647852,3.5,3.5,3.5
11:54:25,1649,1,bajada,-1.733346,-1.732056,15.647852,3.5,3.5,3.5
11:54:25,1650,1,bajada,-1.733348,-1.732060,15.648340,3.5,3.5,3.5
11:54:25,1651,1,bajada,-1.733348,-1.732085,15.648340,3.5,3.5,3.5
11:54:25,1652,1,bajada,-1.733347,-1.732052,15.648951,3.5,3.5,3.5
11:54:25,1653,1,bajada,-1.733344,-1.732077,15.648951,3.5,3.5,3.5
11:54:25,1654,1,bajada,-1.733342,-1.732071,15.648096,3.5,3.5,3.5
11:54:25,1655,1,bajada,-1.733345,-1.732090,15.648096,3.5,3.5,3.5
11:54:25,1656,1,bajada,-1.733347,-1.732074,15.647943,3.5,3.5,3.5
11:54:25,1657,1,bajada,-1.733346,-1.732059,15.647943,3.5,3.5,3.5
11:54:26,1658,1,bajada,-1.733345,-1.732045,15.648706,3.5,3.5,3.5
11:54:26,1659,1,bajada,-1.733346,-1.732055,15.648706,3.5,3.5,3.5
11:54:26,1660,1,bajada,-1.733343,-1.732050,15.648279,3.5,3.501,3.5
11:54:26,1661,1,bajada,-1.733343,-1.732074,15.648279,3.5,3.5,3.5
11:54:26,1662,1,bajada,-1.733350,-1.732056,15.647242,3.5,3.5,3.5
11:54:26,1663,1,bajada,-1.733353,-1.732074,15.647242,3.5,3.5,3.5
11:54:26,1664,1,bajada,-1.733351,-1.732063,15.647852,3.5,3.5,3.5
11:54:26,1665,1,bajada,-1.733350,-1.732053,15.647852,3.5,3.5,3.5
11:54:26,1666,1,bajada,-1.733352,-1.732066,15.647516,3.5,3.5,3.5
11:54:26,1667,1,bajada,-1.733354,-1.732057,15.647638,3.5,3.5,3.5
11:54:26,1668,1,bajada,-1.733351,-1.732070,15.647638,3.5,3.5,3.5
11:54:26,1669,1,bajada,-1.733346,-1.732070,15.649225,3.5,3.5,3.5
11:54:27,1670,1,bajada,-1.733344,-1.732069,15.649225,3.5,3.5,3.5
11:54:27,1671,1,bajada,-1.733344,-1.732068,15.649652,3.5,3.5,3.5
11:54:27,1672,1,bajada,-1.733345,-1.732088,15.649652,3.5,3.5,3.5
11:54:27,1673,1,bajada,-1.733344,-1.732087,15.647547,3.5,3.5,3.5
11:54:27,1674,1,bajada,-1.733344,-1.732087,15.647547,3.5,3.5,3.5
11:54:27,1675,1,bajada,-1.733342,-1.732072,15.648401,3.5,3.5,3.5
11:54:27,1676,1,bajada,-1.733341,-1.732079,15.648401,3.5,3.5,3.5
11:54:27,1677,1,bajada,-1.733343,-1.732074,15.648127,3.5,3.5,3.5
11:54:27,1678,1,bajada,-1.733346,-1.732049,15.648127,3.5,3.5,3.5
11:54:27,1679,1,bajada,-1.733345,-1.732066,15.647974,3.5,3.5,3.5
11:54:27,1680,1,bajada,-1.733344,-1.732075,15.647974,3.5,3.5,3.5
11:54:27,1681,1,bajada,-1.733342,-1.732080,15.648249,3.5,3.5,3.5
11:54:27,1682,1,bajada,-1.733343,-1.732075,15.648249,3.5,3.5,3.5
11:54:27,1683,1,bajada,-1.733344,-1.732089,15.648340,3.5,3.5,3.5
11:54:27,1684,1,bajada,-1.733345,-1.732072,15.648340,3.5,3.5,3.5
11:54:27,1685,1,bajada,-1.733344,-1.732067,15.648554,3.5,3.5,3.5
11:54:28,1686,1,bajada,-1.733343,-1.732075,15.648554,3.5,3.5,3.5
11:54:28,1687,1,bajada,-1.733344,-1.732081,15.648432,3.5,3.5,3.5
11:54:28,1688,1,bajada,-1.733342,-1.732098,15.648432,3.5,3.5,3.5
11:54:28,1689,1,bajada,-1.733339,-1.732096,15.647608,3.5,3.5,3.5
11:54:28,1690,1,bajada,-1.733339,-1.732072,15.648584,3.5,3.5,3.5
11:54:28,1691,1,bajada,-1.733338,-1.732100,15.648584,3.5,3.5,3.5
11:54:28,1692,1,bajada,-1.733339,-1.732084,15.647791,3.5,3.5,3.5
11:54:28,1693,1,bajada,-1.733340,-1.732094,15.647791,3.5,3.5,3.5
11:54:28,1694,1,bajada,-1.733341,-1.732070,15.648310,3.5,3.5,3.5
11:54:28,1695,1,bajada,-1.733341,-1.732079,15.648310,3.5,3.5,3.5
11:54:28,1696,1,bajada,-1.733338,-1.732103,15.647913,3.5,3.5,3.5
11:54:28,1697,1,bajada,-1.733339,-1.732077,15.647913,3.5,3.5,3.5
11:54:28,1698,1,bajada,-1.733339,-1.732073,15.648127,3.5,3.5,3.5
11:54:28,1699,1,bajada,-1.733340,-1.732083,15.648127,3.5,3.5,3.5
11:54:28,1700,1,bajada,-1.733346,-1.732083,15.647913,3.5,3.5,3.5
11:54:28,1701,1,bajada,-1.733348,-1.732092,15.647913,3.5,3.5,3.5
11:54:28,1702,1,bajada,-1.733348,-1.732059,15.646509,3.5,3.5,3.5
11:54:28,1703,1,bajada,-1.733347,-1.732082,15.646509,3.5,3.5,3.5
11:54:28,1704,1,bajada,-1.733346,-1.732089,15.648493,3.5,3.5,3.5
11:54:28,1705,1,bajada,-1.733346,-1.732107,15.648493,3.5,3.5,3.5
11:54:28,1706,1,bajada,-1.733347,-1.732086,15.648279,3.5,3.5,3.5
11:54:29,1707,1,bajada,-1.733348,-1.732080,15.648279,3.5,3.5,3.5
11:54:29,1708,1,bajada,-1.733348,-1.732081,15.648767,3.5,3.5,3.5
11:54:29,1709,1,bajada,-1.733346,-1.732086,15.648767,3.5,3.5,3.5
11:54:29,1710,1,bajada,-1.733345,-1.732089,15.648035,3.5,3.5,3.5
11:54:29,1711,1,bajada,-1.733346,-1.732087,15.648035,3.5,3.5,3.5
11:54:29,1712,1,bajada,-1.733348,-1.732081,15.648890,3.5,3.5,3.5
11:54:29,1713,1,bajada,-1.733349,-1.732071,15.647852,3.5,3.5,3.5
11:54:29,1714,1,bajada,-1.733348,-1.732074,15.647852,3.5,3.5,3.5
11:54:29,1715,1,bajada,-1.733349,-1.732078,15.648462,3.5,3.5,3.5
11:54:29,1716,1,bajada,-1.733349,-1.732088,15.648462,3.5,3.5,3.5
11:54:29,1717,1,bajada,-1.733346,-1.732080,15.648066,3.5,3.5,3.5
11:54:29,1718,1,bajada,-1.733347,-1.732092,15.648066,3.5,3.5,3.5
11:54:29,1719,1,bajada,-1.733348,-1.732092,15.648127,3.5,3.5,3.5
11:54:29,1720,1,bajada,-1.733348,-1.732091,15.648127,3.5,3.5,3.5
11:54:29,1721,1,bajada,-1.733349,-1.732097,15.648645,3.5,3.5,3.5
11:54:29,1722,1,bajada,-1.733349,-1.732099,15.648645,3.5,3.5,3.5
11:54:29,1723,1,bajada,-1.733348,-1.732105,15.648706,3.5,3.5,3.5
11:54:29,1724,1,bajada,-1.733355,-1.732079,15.648706,3.5,3.5,3.5
11:54:29,1725,1,bajada,-1.733354,-1.732103,15.648951,3.5,3.5,3.5
11:54:30,1726,1,bajada,-1.733348,-1.732082,15.648951,3.5,3.5,3.5
11:54:30,1727,1,bajada,-1.733346,-1.732090,15.646814,3.5,3.501,3.5
11:54:30,1728,1,bajada,-1.733347,-1.732098,15.646814,3.5,3.5,3.5
11:54:30,1729,1,bajada,-1.733350,-1.732087,15.647821,3.5,3.5,3.5
11:54:30,1730,1,bajada,-1.733350,-1.732101,15.647821,3.5,3.5,3.5
11:54:30,1731,1,bajada,-1.733351,-1.732073,15.649225,3.5,3.5,3.5
11:54:30,1732,1,bajada,-1.733348,-1.732093,15.649225,3.5,3.5,3.5
11:54:30,1733,1,bajada,-1.733348,-1.732095,15.648401,3.5,3.5,3.5
11:54:30,1734,1,bajada,-1.733351,-1.732095,15.648401,3.5,3.5,3.5
11:54:30,1735,1,bajada,-1.733350,-1.732095,15.647699,3.5,3.5,3.5
11:54:30,1736,1,bajada,-1.733348,-1.732085,15.648676,3.5,3.5,3.5
11:54:30,1737,1,bajada,-1.733346,-1.732099,15.648676,3.5,3.5,3.5
11:54:30,1738,1,bajada,-1.733344,-1.732082,15.650049,3.5,3.5,3.5
11:54:30,1739,1,bajada,-1.733346,-1.732098,15.650049,3.5,3.5,3.5
11:54:30,1740,1,bajada,-1.733347,-1.732098,15.647699,3.5,3.5,3.5
11:54:30,1741,1,bajada,-1.733347,-1.732096,15.647699,3.5,3.5,3.5
11:54:30,1742,1,bajada,-1.733347,-1.732097,15.648066,3.5,3.5,3.5
11:54:30,1743,1,bajada,-1.733348,-1.732094,15.648066,3.5,3.5,3.5
11:54:31,1744,1,bajada,-1.733348,-1.732092,15.649103,3.5,3.5,3.5
11:54:31,1745,1,bajada,-1.733350,-1.732090,15.649103,3.5,3.5,3.5
11:54:31,1746,1,bajada,-1.733348,-1.732088,15.646875,3.5,3.5,3.5
11:54:31,1747,1,bajada,-1.733345,-1.732082,15.646875,3.5,3.5,3.5
11:54:31,1748,1,bajada,-1.733347,-1.732099,15.650232,3.5,3.5,3.5
11:54:31,1749,1,bajada,-1.733350,-1.732106,15.650232,3.5,3.5,3.5
11:54:31,1750,1,bajada,-1.733349,-1.732109,15.648859,3.5,3.5,3.5
11:54:31,1751,1,bajada,-1.733350,-1.732096,15.648859,3.5,3.5,3.5
11:54:31,1752,1,bajada,-1.733352,-1.732108,15.648493,3.5,3.5,3.5
11:54:31,1753,1,bajada,-1.733351,-1.732115,15.648493,3.5,3.5,3.5
11:54:31,1754,1,bajada,-1.733353,-1.732106,15.648706,3.5,3.5,3.5
11:54:31,1755,1,bajada,-1.733354,-1.732121,15.648706,3.5,3.5,3.5
11:54:32,1756,1,bajada,-1.733352,-1.732116,15.648920,3.5,3.5,3.5
11:54:32,1757,1,bajada,-1.733350,-1.732095,15.649683,3.5,3.5,3.5
11:54:32,1758,1,bajada,-1.733349,-1.732100,15.649683,3.5,3.5,3.5
11:54:32,1759,1,bajada,-1.733356,-1.732097,15.648462,3.5,3.5,3.5
11:54:32,1760,1,bajada,-1.733361,-1.732106,15.648462,3.5,3.5,3.5
11:54:32,1761,1,bajada,-1.733357,-1.732104,15.647669,3.5,3.5,3.5
11:54:32,1762,1,bajada,-1.733355,-1.732109,15.647669,3.5,3.5,3.5
11:54:32,1763,1,bajada,-1.733352,-1.732122,15.648798,3.5,3.5,3.5
11:54:32,1764,1,bajada,-1.733353,-1.732112,15.648798,3.5,3.5,3.5
11:54:32,1765,1,bajada,-1.733356,-1.732102,15.650537,3.5,3.5,3.5
11:54:32,1766,1,bajada,-1.733357,-1.732097,15.650537,3.5,3.5,3.5
11:54:32,1767,1,bajada,-1.733358,-1.732103,15.647852,3.5,3.5,3.5
11:54:32,1768,1,bajada,-1.733361,-1.732086,15.647852,3.5,3.5,3.5
11:54:32,1769,1,bajada,-1.733366,-1.732114,15.648127,3.5,3.5,3.5
11:54:32,1770,1,bajada,-1.733366,-1.732111,15.648127,3.5,3.5,3.5
11:54:33,1771,1,bajada,-1.733362,-1.732099,15.647791,3.5,3.5,3.5
11:54:33,1772,1,bajada,-1.733362,-1.732089,15.647791,3.5,3.5,3.5
11:54:33,1773,1,bajada,-1.733366,-1.732112,15.648890,3.5,3.5,3.5
11:54:33,1774,1,bajada,-1.733368,-1.732107,15.648890,3.5,3.5,3.5
11:54:33,1775,1,bajada,-1.733364,-1.732112,15.648829,3.5,3.5,3.5
11:54:33,1776,1,bajada,-1.733363,-1.732121,15.648829,3.5,3.5,3.5
11:54:33,1777,1,bajada,-1.733364,-1.732123,15.647699,3.5,3.5,3.5
11:54:33,1778,1,bajada,-1.733364,-1.732105,15.647699,3.5,3.5,3.5
11:54:33,1779,1,bajada,-1.733364,-1.732104,15.648249,3.5,3.5,3.5
11:54:33,1780,1,bajada,-1.733363,-1.732093,15.648401,3.5,3.5,3.5
11:54:33,1781,1,bajada,-1.733363,-1.732115,15.648401,3.5,3.5,3.5
11:54:33,1782,1,bajada,-1.733366,-1.732091,15.649286,3.5,3.5,3.5
11:54:33,1783,1,bajada,-1.733366,-1.732113,15.649286,3.5,3.5,3.5
11:54:34,1784,1,bajada,-1.733367,-1.732115,15.648706,3.5,3.5,3.5
11:54:34,1785,1,bajada,-1.733366,-1.732092,15.648706,3.5,3.5,3.5
11:54:34,1786,1,bajada,-1.733366,-1.732098,15.648005,3.5,3.5,3.5
11:54:34,1787,1,bajada,-1.733368,-1.732095,15.648005,3.5,3.5,3.5
11:54:34,1788,1,bajada,-1.733367,-1.732103,15.649317,3.5,3.5,3.5
11:54:34,1789,1,bajada,-1.733368,-1.732117,15.649317,3.5,3.5,3.5
11:54:34,1790,1,bajada,-1.733367,-1.732104,15.647364,3.5,3.5,3.5
11:54:34,1791,1,bajada,-1.733366,-1.732110,15.647364,3.5,3.5,3.5
11:54:34,1792,1,bajada,-1.733364,-1.732097,15.648218,3.5,3.5,3.5
11:54:34,1793,1,bajada,-1.733363,-1.732084,15.648218,3.5,3.5,3.5
11:54:34,1794,1,bajada,-1.733361,-1.732114,15.648157,3.5,3.5,3.5
11:54:34,1795,1,bajada,-1.733358,-1.732095,15.648157,3.5,3.5,3.5
11:54:34,1796,1,bajada,-1.733359,-1.732092,15.648951,3.5,3.5,3.5
11:54:34,1797,1,bajada,-1.733363,-1.732100,15.648951,3.5,3.5,3.5
11:54:34,1798,1,bajada,-1.733361,-1.732080,15.648005,3.5,3.5,3.5
11:54:34,1799,1,bajada,-1.733360,-1.732084,15.648005,3.5,3.5,3.5
11:54:34,1800,1,bajada,-1.733362,-1.732104,15.648462,3.5,3.5,3.5
11:54:35,1801,1,bajada,-1.733363,-1.732109,15.648462,3.5,3.5,3.5
11:54:35,1802,1,bajada,-1.733363,-1.732073,15.648035,3.5,3.5,3.5
11:54:35,1803,1,bajada,-1.733363,-1.732077,15.647913,3.5,3.5,3.5
11:54:35,1804,1,bajada,-1.733361,-1.732088,15.647913,3.5,3.5,3.5
11:54:35,1805,1,bajada,-1.733362,-1.732100,15.647547,3.5,3.5,3.5
11:54:35,1806,1,bajada,-1.733363,-1.732067,15.647547,3.5,3.5,3.5
11:54:35,1807,1,bajada,-1.733360,-1.732085,15.648981,3.5,3.5,3.5
11:54:35,1808,1,bajada,-1.733360,-1.732092,15.648981,3.5,3.501,3.5
11:54:35,1809,1,bajada,-1.733362,-1.732101,15.648310,3.5,3.5,3.5
11:54:35,1810,1,bajada,-1.733361,-1.732096,15.648310,3.5,3.5,3.5
11:54:35,1811,1,bajada,-1.733361,-1.732080,15.647730,3.5,3.501,3.5
11:54:35,1812,1,bajada,-1.733363,-1.732090,15.647730,3.5,3.5,3.5
11:54:35,1813,1,bajada,-1.733363,-1.732086,15.648767,3.5,3.5,3.5
11:54:35,1814,1,bajada,-1.733366,-1.732088,15.648767,3.5,3.5,3.5
11:54:35,1815,1,bajada,-1.733364,-1.732097,15.649286,3.5,3.5,3.5
11:54:35,1816,1,bajada,-1.733362,-1.732090,15.649286,3.5,3.5,3.5
11:54:36,1817,1,bajada,-1.733365,-1.732087,15.647913,3.5,3.5,3.5
11:54:36,1818,1,bajada,-1.733363,-1.732114,15.647913,3.5,3.5,3.5
11:54:36,1819,1,bajada,-1.733362,-1.732086,15.648920,3.5,3.5,3.5
11:54:36,1820,1,bajada,-1.733364,-1.732108,15.648920,3.5,3.5,3.5
11:54:36,1821,1,bajada,-1.733363,-1.732111,15.648218,3.5,3.5,3.5
11:54:36,1822,1,bajada,-1.733360,-1.732128,15.648218,3.5,3.5,3.5
11:54:36,1823,1,bajada,-1.733359,-1.732098,15.648798,3.5,3.5,3.5
11:54:36,1824,1,bajada,-1.733361,-1.732111,15.648798,3.5,3.5,3.5
11:54:36,1825,1,bajada,-1.733363,-1.732126,15.648645,3.5,3.5,3.5
11:54:36,1826,1,bajada,-1.733362,-1.732106,15.649378,3.5,3.5,3.5
11:54:36,1827,1,bajada,-1.733363,-1.732115,15.649378,3.5,3.501,3.5
11:54:37,1828,1,bajada,-1.733364,-1.732102,15.648127,3.5,3.5,3.5
11:54:37,1829,1,bajada,-1.733363,-1.732105,15.648127,3.5,3.5,3.5
11:54:37,1830,1,bajada,-1.733365,-1.732110,15.646906,3.5,3.5,3.5
11:54:37,1831,1,bajada,-1.733366,-1.732119,15.646906,3.5,3.5,3.5
11:54:37,1832,1,bajada,-1.733366,-1.732129,15.649683,3.5,3.5,3.5
11:54:37,1833,1,bajada,-1.733366,-1.732124,15.649683,3.5,3.5,3.5
11:54:37,1834,1,bajada,-1.733365,-1.732137,15.648584,3.5,3.5,3.5
11:54:37,1835,1,bajada,-1.733369,-1.732115,15.648584,3.5,3.5,3.5
11:54:37,1836,1,bajada,-1.733371,-1.732111,15.647974,3.5,3.5,3.5
11:54:37,1837,1,bajada,-1.733369,-1.732110,15.647974,3.5,3.5,3.5
11:54:37,1838,1,bajada,-1.733369,-1.732115,15.648188,3.5,3.5,3.5
11:54:37,1839,1,bajada,-1.733369,-1.732097,15.648188,3.5,3.5,3.5
11:54:37,1840,1,bajada,-1.733373,-1.732099,15.648462,3.5,3.5,3.5
11:54:37,1841,1,bajada,-1.733377,-1.732111,15.648462,3.5,3.5,3.5
11:54:37,1842,1,bajada,-1.733375,-1.732097,15.647760,3.5,3.5,3.5
11:54:37,1843,1,bajada,-1.733377,-1.732104,15.647760,3.5,3.5,3.5
11:54:37,1844,1,bajada,-1.733377,-1.732107,15.647730,3.5,3.5,3.5
11:54:38,1845,1,bajada,-1.733374,-1.732093,15.647730,3.5,3.5,3.5
11:54:38,1846,1,bajada,-1.733374,-1.732096,15.649683,3.5,3.5,3.5
11:54:38,1847,1,bajada,-1.733372,-1.732094,15.649683,3.5,3.5,3.5
11:54:38,1848,1,bajada,-1.733374,-1.732119,15.649469,3.5,3.5,3.5
11:54:38,1849,1,bajada,-1.733376,-1.732097,15.649652,3.5,3.5,3.5
11:54:38,1850,1,bajada,-1.733373,-1.732092,15.649652,3.5,3.5,3.5
11:54:38,1851,1,bajada,-1.733374,-1.732092,15.648279,3.5,3.5,3.5
11:54:38,1852,1,bajada,-1.733375,-1.732097,15.648279,3.5,3.5,3.5
11:54:38,1853,1,bajada,-1.733377,-1.732110,15.648066,3.5,3.5,3.5
11:54:38,1854,1,bajada,-1.733378,-1.732117,15.648066,3.5,3.5,3.5
11:54:38,1855,1,bajada,-1.733379,-1.732111,15.647730,3.5,3.5,3.5
11:54:38,1856,1,bajada,-1.733378,-1.732105,15.647730,3.5,3.5,3.5
11:54:38,1857,1,bajada,-1.733378,-1.732088,15.648890,3.5,3.5,3.5
11:54:38,1858,1,bajada,-1.733379,-1.732107,15.648890,3.5,3.5,3.5
11:54:38,1859,1,bajada,-1.733377,-1.732087,15.649805,3.5,3.5,3.5
11:54:38,1860,1,bajada,-1.733377,-1.732097,15.649805,3.5,3.5,3.5
11:54:38,1861,1,bajada,-1.733378,-1.732105,15.648462,3.5,3.5,3.5
11:54:38,1862,1,bajada,-1.733377,-1.732096,15.648462,3.5,3.5,3.5
11:54:39,1863,1,bajada,-1.733379,-1.732080,15.649775,3.5,3.5,3.5
11:54:39,1864,1,bajada,-1.733381,-1.732110,15.649775,3.5,3.5,3.5
11:54:39,1865,1,bajada,-1.733387,-1.732123,15.647425,3.5,3.5,3.5
11:54:39,1866,1,bajada,-1.733389,-1.732099,15.647425,3.5,3.5,3.5
11:54:39,1867,1,bajada,-1.733385,-1.732088,15.647242,3.5,3.5,3.5
11:54:39,1868,1,bajada,-1.733384,-1.732088,15.647242,3.5,3.5,3.5
11:54:39,1869,1,bajada,-1.733385,-1.732086,15.647333,3.5,3.5,3.5
11:54:39,1870,1,bajada,-1.733386,-1.732083,15.647577,3.5,3.5,3.5
11:54:39,1871,1,bajada,-1.733385,-1.732086,15.647577,3.5,3.5,3.5
11:54:39,1872,1,bajada,-1.733382,-1.732085,15.647882,3.5,3.5,3.5
11:54:40,1873,1,bajada,-1.733381,-1.732099,15.647882,3.5,3.5,3.5
11:54:40,1874,1,bajada,-1.733381,-1.732087,15.648615,3.5,3.5,3.5
11:54:40,1875,1,bajada,-1.733382,-1.732103,15.648615,3.5,3.5,3.5
11:54:40,1876,1,bajada,-1.733392,-1.732119,15.649103,3.5,3.5,3.5
11:54:40,1877,1,bajada,-1.733399,-1.732093,15.649103,3.5,3.5,3.5
11:54:40,1878,1,bajada,-1.733390,-1.732083,15.647821,3.5,3.5,3.5
11:54:40,1879,1,bajada,-1.733384,-1.732109,15.647821,3.5,3.5,3.5
11:54:40,1880,1,bajada,-1.733384,-1.732089,15.648188,3.5,3.5,3.5
11:54:40,1881,1,bajada,-1.733384,-1.732082,15.648188,3.5,3.5,3.5
11:54:40,1882,1,bajada,-1.733382,-1.732074,15.647364,3.5,3.5,3.5
11:54:40,1883,1,bajada,-1.733382,-1.732084,15.647364,3.501,3.5,3.5
11:54:41,1884,1,bajada,-1.733384,-1.732064,15.648066,3.5,3.501,3.5
11:54:41,1885,1,bajada,-1.733385,-1.732066,15.648066,3.5,3.5,3.5
11:54:41,1886,1,bajada,-1.733385,-1.732090,15.648066,3.5,3.5,3.5
11:54:41,1887,1,bajada,-1.733385,-1.732091,15.648066,3.5,3.5,3.5
11:54:41,1888,1,bajada,-1.733386,-1.732094,15.647852,3.5,3.5,3.5
11:54:41,1889,1,bajada,-1.733389,-1.732100,15.647852,3.5,3.5,3.5
11:54:41,1890,1,bajada,-1.733390,-1.732121,15.648676,3.5,3.5,3.5
11:54:41,1891,1,bajada,-1.733392,-1.732119,15.648676,3.5,3.5,3.5
11:54:41,1892,1,bajada,-1.733392,-1.732113,15.648645,3.5,3.5,3.5
11:54:41,1893,1,bajada,-1.733389,-1.732093,15.649164,3.5,3.5,3.5
11:54:42,1894,1,bajada,-1.733389,-1.732110,15.649164,3.5,3.5,3.5
11:54:42,1895,1,bajada,-1.733393,-1.732119,15.647577,3.5,3.5,3.5
11:54:42,1896,1,bajada,-1.733394,-1.732108,15.647577,3.5,3.5,3.5
11:54:42,1897,1,bajada,-1.733390,-1.732109,15.649561,3.5,3.5,3.5
11:54:42,1898,1,bajada,-1.733390,-1.732126,15.649561,3.5,3.501,3.5
11:54:42,1899,1,bajada,-1.733391,-1.732120,15.649439,3.5,3.5,3.5
11:54:42,1900,1,bajada,-1.733385,-1.732104,15.649439,3.5,3.5,3.5
11:54:42,1901,1,bajada,-1.733386,-1.732114,15.648310,3.5,3.5,3.5
11:54:42,1902,1,bajada,-1.733390,-1.732116,15.648310,3.5,3.5,3.5
11:54:42,1903,1,bajada,-1.733391,-1.732108,15.650354,3.5,3.5,3.5
11:54:42,1904,1,bajada,-1.733391,-1.732114,15.650354,3.5,3.5,3.5
11:54:42,1905,1,bajada,-1.733390,-1.732126,15.649012,3.5,3.5,3.5
11:54:42,1906,1,bajada,-1.733387,-1.732125,15.649012,3.5,3.5,3.5
11:54:43,1907,1,bajada,-1.733389,-1.732137,15.649439,3.5,3.5,3.5
11:54:43,1908,1,bajada,-1.733390,-1.732129,15.649439,3.5,3.5,3.5
11:54:43,1909,1,bajada,-1.733388,-1.732131,15.647669,3.5,3.5,3.5
11:54:43,1910,1,bajada,-1.733386,-1.732132,15.647669,3.5,3.5,3.5
11:54:43,1911,1,bajada,-1.733388,-1.732131,15.648767,3.5,3.5,3.5
11:54:43,1912,1,bajada,-1.733389,-1.732151,15.648767,3.5,3.5,3.5
11:54:43,1913,1,bajada,-1.733386,-1.732123,15.648432,3.5,3.5,3.5
11:54:43,1914,1,bajada,-1.733384,-1.732118,15.648432,3.5,3.5,3.5
11:54:43,1915,1,bajada,-1.733382,-1.732114,15.648981,3.5,3.5,3.5
11:54:43,1916,1,bajada,-1.733384,-1.732136,15.647547,3.5,3.5,3.5
11:54:43,1917,1,bajada,-1.733388,-1.732137,15.647547,3.5,3.5,3.5
11:54:43,1918,1,bajada,-1.733388,-1.732139,15.649073,3.5,3.5,3.5
11:54:43,1919,1,bajada,-1.733389,-1.732146,15.649073,3.5,3.5,3.5
11:54:43,1920,1,bajada,-1.733390,-1.732121,15.648157,3.5,3.5,3.5
11:54:43,1921,1,bajada,-1.733389,-1.732151,15.648157,3.5,3.5,3.5
11:54:43,1922,1,bajada,-1.733391,-1.732143,15.647913,3.5,3.5,3.5
11:54:43,1923,1,bajada,-1.733393,-1.732159,15.647913,3.5,3.5,3.5
11:54:43,1924,1,bajada,-1.733394,-1.732141,15.648310,3.5,3.5,3.5
11:54:43,1925,1,bajada,-1.733395,-1.732149,15.648310,3.5,3.5,3.5
11:54:44,1926,1,bajada,-1.733397,-1.732138,15.646387,3.5,3.5,3.5
11:54:44,1927,1,bajada,-1.733399,-1.732149,15.646387,3.5,3.5,3.5
11:54:44,1928,1,bajada,-1.733398,-1.732168,15.647669,3.5,3.5,3.5
11:54:44,1929,1,bajada,-1.733397,-1.732129,15.647669,3.5,3.5,3.5
11:54:44,1930,1,bajada,-1.733397,-1.732159,15.648340,3.5,3.5,3.5
11:54:44,1931,1,bajada,-1.733398,-1.732151,15.648340,3.5,3.5,3.5
11:54:44,1932,1,bajada,-1.733400,-1.732135,15.648645,3.5,3.5,3.5
11:54:44,1933,1,bajada,-1.733404,-1.732139,15.648645,3.5,3.5,3.5
11:54:44,1934,1,bajada,-1.733402,-1.732134,15.648829,3.5,3.5,3.5
11:54:44,1935,1,bajada,-1.733398,-1.732143,15.648829,3.5,3.5,3.5
11:55:55,1937,1,bajada,-1.737175,-1.735893,15.654596,0.0,-0.0,0.0
11:55:55,1938,1,bajada,-1.737174,-1.735910,15.654261,0.0,0.0,0.0
11:55:56,1939,1,bajada,-1.737174,-1.735902,15.654261,0.0,0.0,0.0
11:55:56,1940,1,bajada,-1.737179,-1.735907,15.653376,0.0,0.0,0.0
11:55:56,1941,1,bajada,-1.737181,-1.735893,15.653376,0.0,0.0,0.0
11:55:56,1942,1,bajada,-1.737178,-1.735889,15.654535,0.0,0.0,0.0
11:55:56,1943,1,bajada,-1.737177,-1.735906,15.654535,0.0,0.0,0.0
11:55:56,1944,1,bajada,-1.737177,-1.735898,15.654139,0.0,0.0,0.0
11:55:56,1945,1,bajada,-1.737179,-1.735898,15.654139,0.0,0.0,0.0
11:55:56,1946,1,bajada,-1.737179,-1.735893,15.653193,0.0,0.0,0.0
11:55:56,1947,1,bajada,-1.737176,-1.735908,15.652246,0.0,0.0,0.0
11:55:56,1948,1,bajada,-1.737174,-1.735899,15.652246,0.0,0.0,0.0
11:55:56,1949,1,bajada,-1.737176,-1.735903,15.652521,0.0,0.0,0.0
11:55:56,1950,1,bajada,-1.737176,-1.735878,15.652521,0.0,0.0,0.0
11:55:56,1951,1,bajada,-1.737174,-1.735909,15.654108,0.0,0.0,0.0
11:55:56,1952,1,bajada,-1.737175,-1.735890,15.654108,0.0,0.0,0.0
11:55:56,1953,1,bajada,-1.737176,-1.735894,15.652796,0.0,0.0,0.0
11:55:57,1954,1,bajada,-1.737176,-1.735907,15.652796,0.0,0.0,0.0
11:55:57,1955,1,bajada,-1.737177,-1.735907,15.653772,0.0,0.0,0.0
11:55:57,1956,1,bajada,-1.737177,-1.735913,15.653772,0.0,0.0,0.0
11:55:57,1957,1,bajada,-1.737175,-1.735890,15.653406,0.0,0.0,0.0
11:55:57,1958,1,bajada,-1.737174,-1.735901,15.653406,0.0,0.0,0.0
11:55:57,1959,1,bajada,-1.737174,-1.735890,15.652887,0.0,0.001,0.0
11:55:57,1960,1,bajada,-1.737174,-1.735889,15.652887,0.0,0.0,0.0
11:55:57,1961,1,bajada,-1.737174,-1.735893,15.653193,0.0,0.0,0.0
11:55:57,1962,1,bajada,-1.737176,-1.735892,15.653193,0.0,0.0,0.0
11:55:57,1963,1,bajada,-1.737176,-1.735895,15.653864,0.0,0.0,0.0
11:55:57,1964,1,bajada,-1.737182,-1.735885,15.653864,0.0,0.0,0.0
11:55:57,1965,1,bajada,-1.737183,-1.735879,15.652796,0.0,0.0,0.0
11:55:57,1966,1,bajada,-1.737178,-1.735883,15.652796,0.0,0.0,0.0
11:55:57,1967,1,bajada,-1.737178,-1.735893,15.653040,0.0,0.0,0.0
11:55:57,1968,1,bajada,-1.737179,-1.735890,15.653040,0.0,0.001,0.0
11:55:58,1969,1,bajada,-1.737178,-1.735914,15.654993,0.0,0.0,0.0
11:55:58,1970,1,bajada,-1.737179,-1.735912,15.652399,0.0,0.0,0.0
11:55:58,1971,1,bajada,-1.737180,-1.735904,15.652399,0.0,0.0,0.0
11:55:58,1972,1,bajada,-1.737176,-1.735890,15.652399,0.0,0.0,0.0
11:55:58,1973,1,bajada,-1.737175,-1.735896,15.652399,0.0,0.0,0.0
11:55:58,1974,1,bajada,-1.737180,-1.735895,15.653955,0.0,0.0,0.0
11:55:58,1975,1,bajada,-1.737183,-1.735910,15.653955,0.0,0.0,0.0
11:55:58,1976,1,bajada,-1.737186,-1.735910,15.652430,0.0,0.001,0.0
11:55:58,1977,1,bajada,-1.737185,-1.735884,15.652430,0.0,0.0,0.0
11:55:58,1978,1,bajada,-1.737183,-1.735900,15.653009,0.0,0.0,0.0
11:55:58,1979,1,bajada,-1.737180,-1.735909,15.653009,0.0,0.0,0.0
11:55:58,1980,1,bajada,-1.737180,-1.735891,15.653589,0.0,0.0,0.0
11:55:58,1981,1,bajada,-1.737181,-1.735890,15.653589,0.0,0.0,0.0
11:55:58,1982,1,bajada,-1.737182,-1.735917,15.653376,0.0,0.0,0.0
11:55:59,1983,1,bajada,-1.737181,-1.735902,15.653376,0.0,0.0,0.0
11:55:59,1984,1,bajada,-1.737181,-1.735910,15.653009,0.0,0.0,0.0
11:55:59,1985,1,bajada,-1.737183,-1.735904,15.653009,0.0,0.0,0.0
11:56:00,1988,1,bajada,-1.737183,-1.735932,15.653986,0.0,0.0,0.0
11:56:00,1989,1,bajada,-1.737183,-1.735934,15.653284,0.0,0.0,0.0
11:56:00,1990,1,bajada,-1.737183,-1.735913,15.653284,0.0,-0.0,0.0
11:56:00,1991,1,bajada,-1.737179,-1.735899,15.653254,0.0,0.0,0.0
11:56:00,1992,1,bajada,-1.737180,-1.735910,15.653254,0.0,0.0,0.0
11:56:00,1993,1,bajada,-1.737186,-1.735917,15.653589,0.0,0.0,0.0
11:56:00,1994,1,bajada,-1.737192,-1.735932,15.654535,0.0,0.0,0.0
11:56:00,1995,1,bajada,-1.737187,-1.735916,15.654535,0.0,0.0,0.0
11:56:00,1996,1,bajada,-1.737182,-1.735913,15.654932,0.0,-0.0,0.0
11:56:00,1997,1,bajada,-1.737180,-1.735899,15.654932,0.0,-0.001,0.0
11:56:00,1998,1,bajada,-1.737180,-1.735920,15.653193,0.0,0.0,0.0
11:56:00,1999,1,bajada,-1.737183,-1.735924,15.653193,0.0,-0.0,0.0
11:56:00,2000,1,bajada,-1.737189,-1.735903,15.654200,0.0,0.0,0.0
11:56:00,2001,1,bajada,-1.737194,-1.735915,15.654200,0.001,0.0,0.0
11:56:00,2002,1,bajada,-1.737196,-1.735933,15.652735,0.0,0.0,0.0
11:56:00,2003,1,bajada,-1.737192,-1.735916,15.652735,0.0,0.0,0.0
11:56:00,2004,1,bajada,-1.737188,-1.735912,15.654505,0.0,0.001,0.0
11:56:01,2005,1,bajada,-1.737189,-1.735929,15.654505,0.0,-0.0,0.0
11:56:01,2006,1,bajada,-1.737191,-1.735917,15.652765,0.0,0.0,0.0
11:56:01,2007,1,bajada,-1.737194,-1.735919,15.652765,0.0,0.0,0.0
11:56:01,2008,1,bajada,-1.737195,-1.735913,15.653376,0.0,0.0,0.0
11:56:01,2009,1,bajada,-1.737192,-1.735910,15.653376,0.0,0.0,0.0
11:56:01,2010,1,bajada,-1.737188,-1.735921,15.650080,0.0,0.0,0.0
11:56:01,2011,1,bajada,-1.737189,-1.735928,15.650080,0.0,0.0,0.0
11:56:01,2012,1,bajada,-1.737194,-1.735940,15.652277,0.0,0.0,0.0
11:56:01,2013,1,bajada,-1.737196,-1.735907,15.652277,0.0,0.0,0.0
11:56:01,2014,1,bajada,-1.737198,-1.735942,15.652796,0.0,0.0,0.0
11:56:01,2015,1,bajada,-1.737200,-1.735917,15.652796,0.0,0.0,0.0
11:56:01,2016,1,bajada,-1.737198,-1.735921,15.651972,0.0,0.0,0.0
11:56:01,2017,1,bajada,-1.737198,-1.735921,15.652948,0.0,-0.0,0.0
11:56:02,2018,1,bajada,-1.737202,-1.735912,15.652948,0.0,0.0,0.0
11:56:02,2019,1,bajada,-1.737200,-1.735929,15.653986,0.0,0.0,0.0
11:56:02,2020,1,bajada,-1.737197,-1.735914,15.653986,0.0,0.0,0.0
11:56:02,2021,1,bajada,-1.737195,-1.735925,15.653162,0.0,-0.0,0.0
11:56:02,2022,1,bajada,-1.737196,-1.735949,15.653162,0.0,0.0,0.0
11:56:02,2023,1,bajada,-1.737202,-1.735929,15.652674,0.0,0.0,0.0
11:56:02,2024,1,bajada,-1.737203,-1.735920,15.652674,0.0,0.0,0.0
11:56:02,2025,1,bajada,-1.737202,-1.735925,15.653925,0.0,-0.0,0.0
11:56:02,2026,1,bajada,-1.737200,-1.735945,15.653925,0.0,0.0,0.0
11:56:02,2027,1,bajada,-1.737198,-1.735924,15.654413,0.0,0.0,0.0
11:56:02,2028,1,bajada,-1.737197,-1.735952,15.654413,0.0,-0.0,0.0
11:56:02,2029,1,bajada,-1.737197,-1.735954,15.654200,0.0,-0.0,0.0
11:56:02,2030,1,bajada,-1.737196,-1.735915,15.654200,0.0,0.0,0.0
11:56:02,2031,1,bajada,-1.737195,-1.735925,15.654291,0.0,0.0,0.0
11:56:03,2032,1,bajada,-1.737194,-1.735917,15.654291,0.0,-0.0,0.0
11:56:03,2033,1,bajada,-1.737196,-1.735964,15.655024,0.0,0.0,0.0
11:56:03,2034,1,bajada,-1.737198,-1.735928,15.655024,0.0,-0.0,0.0
11:56:03,2035,1,bajada,-1.737198,-1.735950,15.654261,0.0,0.0,0.0
11:56:03,2036,1,bajada,-1.737201,-1.735909,15.654261,0.0,0.0,0.0
11:56:03,2037,1,bajada,-1.737202,-1.735948,15.653223,0.0,0.0,0.0
11:56:03,2038,1,bajada,-1.737201,-1.735930,15.652277,0.0,0.0,0.0
11:56:03,2039,1,bajada,-1.737201,-1.735929,15.652277,0.0,0.0,0.0
11:56:03,2040,1,bajada,-1.737200,-1.735936,15.652521,0.0,0.0,0.0
11:56:03,2041,1,bajada,-1.737200,-1.735946,15.652521,0.0,-0.0,0.0
11:56:03,2042,1,bajada,-1.737199,-1.735921,15.653223,0.0,-0.0,0.0
11:56:03,2043,1,bajada,-1.737197,-1.735912,15.653223,0.0,0.0,0.0
11:56:03,2044,1,bajada,-1.737197,-1.735925,15.654657,0.0,0.0,0.0
11:56:03,2045,1,bajada,-1.737198,-1.735931,15.654657,0.0,-0.0,0.0
11:56:03,2046,1,bajada,-1.737197,-1.735925,15.654718,0.0,0.0,0.0
11:56:04,2047,1,bajada,-1.737197,-1.735970,15.654718,0.0,0.0,0.0
11:56:04,2048,1,bajada,-1.737199,-1.735949,15.653650,0.0,-0.0,0.0
11:56:04,2049,1,bajada,-1.737200,-1.735945,15.653650,0.0,-0.0,0.0
11:56:04,2050,1,bajada,-1.737195,-1.735930,15.654047,0.0,0.0,0.0
11:56:04,2051,1,bajada,-1.737195,-1.735976,15.654047,0.0,0.0,0.0
11:56:04,2052,1,bajada,-1.737198,-1.735965,15.653223,0.0,0.001,0.0
11:56:04,2053,1,bajada,-1.737198,-1.735956,15.653223,0.0,0.0,0.0
11:56:04,2054,1,bajada,-1.737197,-1.735941,15.654474,0.0,0.0,0.0
11:56:04,2055,1,bajada,-1.737195,-1.735956,15.654474,0.0,0.0,0.0
11:56:04,2056,1,bajada,-1.737199,-1.735951,15.654352,0.0,0.0,0.0
11:56:04,2057,1,bajada,-1.737199,-1.735942,15.654352,0.0,0.0,0.0
11:56:04,2058,1,bajada,-1.737206,-1.735938,15.652857,0.0,0.0,0.0
11:56:04,2059,1,bajada,-1.737211,-1.735940,15.652857,0.0,0.0,0.0
11:56:04,2060,1,bajada,-1.737212,-1.735950,15.654016,0.0,-0.0,0.0
11:56:04,2061,1,bajada,-1.737214,-1.735944,15.653528,0.0,0.0,0.0
11:56:05,2062,1,bajada,-1.737215,-1.735952,15.653528,0.0,0.001,0.0
11:56:05,2063,1,bajada,-1.737214,-1.735957,15.653772,0.0,0.0,0.0
11:56:05,2064,1,bajada,-1.737208,-1.735944,15.653772,0.0,0.0,0.0
11:56:05,2065,1,bajada,-1.737209,-1.735954,15.654413,0.0,0.001,0.0
11:56:05,2066,1,bajada,-1.737215,-1.735945,15.654413,0.0,0.0,0.0
11:56:05,2067,1,bajada,-1.737219,-1.735954,15.654078,0.0,-0.0,0.0
11:56:05,2068,1,bajada,-1.737215,-1.735966,15.654078,0.0,0.0,0.0
11:56:05,2069,1,bajada,-1.737212,-1.735961,15.653315,0.0,0.0,0.0
11:56:05,2070,1,bajada,-1.737213,-1.735963,15.653315,0.0,0.0,0.0
11:56:05,2071,1,bajada,-1.737212,-1.735980,15.654352,0.0,0.0,0.0
11:56:05,2072,1,bajada,-1.737212,-1.735959,15.654352,0.0,0.0,0.0
11:56:05,2073,1,bajada,-1.737212,-1.735985,15.654261,0.0,0.0,0.0
11:56:05,2074,1,bajada,-1.737211,-1.735971,15.654261,0.0,-0.0,0.0
11:56:06,2075,1,bajada,-1.737210,-1.735954,15.652918,0.0,0.0,0.0
11:56:06,2076,1,bajada,-1.737210,-1.735980,15.652918,0.0,0.0,0.0
11:56:06,2077,1,bajada,-1.737211,-1.735958,15.652918,0.0,0.0,0.0
11:56:06,2078,1,bajada,-1.737210,-1.735957,15.652918,0.0,-0.0,0.0
11:56:06,2079,1,bajada,-1.737208,-1.735968,15.653955,0.0,0.001,0.0
11:56:06,2080,1,bajada,-1.737209,-1.735967,15.653955,0.0,0.0,0.0
11:56:06,2081,1,bajada,-1.737211,-1.735990,15.653589,0.0,0.0,0.0
11:56:06,2082,1,bajada,-1.737210,-1.735972,15.653589,0.0,0.0,0.0
11:56:06,2083,1,bajada,-1.737209,-1.735961,15.653620,0.0,-0.0,0.0
11:56:06,2084,1,bajada,-1.737210,-1.735983,15.653894,0.0,0.0,0.0
11:56:06,2085,1,bajada,-1.737209,-1.735972,15.653894,0.0,0.0,0.0
11:56:06,2086,1,bajada,-1.737206,-1.735967,15.654016,0.0,-0.0,0.0
11:56:06,2087,1,bajada,-1.737204,-1.735967,15.654016,0.0,-0.0,0.0
11:56:07,2088,1,bajada,-1.737206,-1.735958,15.654566,0.0,-0.0,0.0
11:56:07,2089,1,bajada,-1.737209,-1.735961,15.654566,0.0,0.0,0.0
11:56:07,2090,1,bajada,-1.737211,-1.735962,15.653223,0.0,-0.0,0.0
11:56:07,2091,1,bajada,-1.737211,-1.735973,15.653223,0.0,0.0,0.0
11:56:07,2092,1,bajada,-1.737209,-1.735948,15.654016,0.0,0.0,0.0
11:56:07,2093,1,bajada,-1.737209,-1.735970,15.654016,0.0,0.0,0.0
11:56:07,2094,1,bajada,-1.737214,-1.735976,15.654200,0.0,0.0,0.0
11:56:07,2095,1,bajada,-1.737215,-1.735973,15.654200,0.0,0.001,0.0
11:56:07,2096,1,bajada,-1.737212,-1.735967,15.653681,0.0,0.0,0.0
11:56:07,2097,1,bajada,-1.737211,-1.735959,15.653681,0.0,0.0,0.0
11:56:07,2098,1,bajada,-1.737211,-1.735952,15.653833,0.0,-0.0,0.0
11:56:07,2099,1,bajada,-1.737214,-1.735946,15.653833,0.0,0.0,0.0
11:56:07,2100,1,bajada,-1.737216,-1.735970,15.655603,0.0,0.0,0.0
11:56:07,2101,1,bajada,-1.737217,-1.735965,15.655603,0.0,0.0,0.0
11:56:07,2102,1,bajada,-1.737217,-1.735973,15.653467,0.0,0.0,0.0
11:56:07,2103,1,bajada,-1.737218,-1.735978,15.653467,0.0,0.0,0.0
11:56:08,2104,1,bajada,-1.737222,-1.735950,15.654108,0.0,0.0,0.0
11:56:08,2105,1,bajada,-1.737220,-1.735958,15.654108,0.0,0.0,0.0
11:56:08,2106,1,bajada,-1.737218,-1.735964,15.656000,0.0,0.0,0.0
11:56:08,2107,1,bajada,-1.737220,-1.735963,15.654383,0.0,-0.0,0.0
11:56:08,2108,1,bajada,-1.737218,-1.735960,15.654383,0.0,0.0,0.0
11:56:08,2109,1,bajada,-1.737220,-1.735963,15.654078,0.0,0.0,0.0
11:56:08,2110,1,bajada,-1.737223,-1.735971,15.654078,0.0,-0.0,0.0
11:56:08,2111,1,bajada,-1.737221,-1.735955,15.654200,0.0,0.0,0.0
11:56:08,2112,1,bajada,-1.737221,-1.735964,15.654200,0.0,0.0,0.0
11:56:08,2113,1,bajada,-1.737222,-1.735961,15.654840,0.0,0.0,0.0
11:56:08,2114,1,bajada,-1.737224,-1.735961,15.654840,0.0,-0.0,0.0
11:56:08,2115,1,bajada,-1.737220,-1.735971,15.653620,0.0,0.0,0.0
11:56:08,2116,1,bajada,-1.737218,-1.735966,15.653620,0.0,-0.001,0.0
11:56:08,2117,1,bajada,-1.737222,-1.735947,15.653894,0.0,-0.001,0.0
11:56:08,2118,1,bajada,-1.737223,-1.735958,15.653894,0.0,0.0,0.0
11:56:08,2119,1,bajada,-1.737223,-1.735945,15.654108,0.0,0.0,0.0
11:56:08,2120,1,bajada,-1.737224,-1.735947,15.654108,0.0,0.0,0.0
11:56:08,2121,1,bajada,-1.737230,-1.735957,15.652918,0.0,0.0,0.0
11:56:09,2122,1,bajada,-1.737235,-1.735959,15.652918,0.0,0.0,0.0
11:56:09,2123,1,bajada,-1.737237,-1.735958,15.654932,0.0,0.001,0.0
11:56:09,2124,1,bajada,-1.737235,-1.735945,15.654932,0.0,-0.0,0.0
11:56:09,2125,1,bajada,-1.737234,-1.735957,15.653254,0.0,0.0,0.0
11:56:09,2126,1,bajada,-1.737238,-1.735943,15.653254,0.0,0.0,0.0
11:56:09,2127,1,bajada,-1.737244,-1.735970,15.653833,0.0,0.0,0.0
11:56:09,2128,1,bajada,-1.737244,-1.735955,15.653833,0.0,-0.0,0.0
11:56:09,2129,1,bajada,-1.737241,-1.735948,15.653101,0.0,-0.0,0.0
11:56:09,2130,1,bajada,-1.737241,-1.735961,15.657038,0.0,0.0,0.0
11:56:09,2131,1,bajada,-1.737245,-1.735959,15.657038,0.0,0.0,0.0
11:56:09,2132,1,bajada,-1.737248,-1.735952,15.654657,0.0,0.0,0.0
11:56:09,2133,1,bajada,-1.737247,-1.735953,15.654657,0.0,0.001,0.0
11:56:09,2134,1,bajada,-1.737246,-1.735960,15.655115,0.0,0.0,0.0
11:56:09,2135,1,bajada,-1.737250,-1.735951,15.655115,0.0,0.0,0.0
11:56:09,2136,1,bajada,-1.737253,-1.735976,15.655420,0.0,0.0,0.0
11:56:09,2137,1,bajada,-1.737253,-1.735932,15.655420,0.0,0.0,0.0
11:56:10,2138,1,bajada,-1.737254,-1.735980,15.655207,0.0,0.0,0.0
11:56:10,2139,1,bajada,-1.737255,-1.735959,15.655207,0.0,-0.0,0.0
11:56:10,2140,1,bajada,-1.737254,-1.735962,15.654840,0.0,0.0,0.0
11:56:10,2141,1,bajada,-1.737254,-1.735959,15.654840,0.0,0.0,0.0
11:56:10,2142,1,bajada,-1.737254,-1.735963,15.654566,0.0,-0.0,0.0
11:56:10,2143,1,bajada,-1.737253,-1.735978,15.654566,0.0,-0.0,0.0
11:56:10,2144,1,bajada,-1.737250,-1.735962,15.654291,-0.0,0.0,0.0
11:56:10,2145,1,bajada,-1.737249,-1.735970,15.654291,0.0,0.0,0.0
11:56:10,2146,1,bajada,-1.737247,-1.735993,15.654078,0.0,-0.0,0.0
11:56:10,2147,1,bajada,-1.737245,-1.735964,15.654078,0.0,0.0,0.0
11:56:10,2148,1,bajada,-1.737242,-1.735961,15.655481,0.0,0.0,0.0
11:56:10,2149,1,bajada,-1.737240,-1.735946,15.655481,0.0,0.001,0.0
11:56:10,2150,1,bajada,-1.737242,-1.735971,15.655146,-0.0,0.0,0.0
11:56:10,2151,1,bajada,-1.737240,-1.735960,15.654505,0.0,0.0,0.0
11:56:10,2152,1,bajada,-1.737236,-1.735963,15.654505,0.0,0.0,0.0
11:56:11,2153,1,bajada,-1.737236,-1.735963,15.653559,0.0,0.0,0.0
11:56:11,2154,1,bajada,-1.737237,-1.735965,15.653559,0.0,0.0,0.0
11:56:11,2155,1,bajada,-1.737237,-1.735960,15.653650,0.0,0.0,0.0
11:56:11,2156,1,bajada,-1.737234,-1.735989,15.653650,0.0,0.0,0.0
11:56:11,2157,1,bajada,-1.737232,-1.735963,15.653711,0.0,0.0,0.0
11:56:11,2158,1,bajada,-1.737232,-1.735965,15.653711,0.0,0.0,0.0
11:56:11,2159,1,bajada,-1.737233,-1.735978,15.654322,0.0,0.0,0.0
11:56:11,2160,1,bajada,-1.737236,-1.735985,15.654322,0.0,0.001,0.0
11:56:11,2161,1,bajada,-1.737235,-1.735992,15.654352,0.0,0.0,0.0
11:56:11,2162,1,bajada,-1.737234,-1.735958,15.654352,0.0,0.0,0.0
11:56:11,2163,1,bajada,-1.737231,-1.735972,15.653315,0.0,0.0,0.0
11:56:11,2164,1,bajada,-1.737231,-1.735959,15.653315,0.0,0.0,0.0
11:56:11,2165,1,bajada,-1.737234,-1.735964,15.653528,0.0,0.0,0.0
11:56:11,2166,1,bajada,-1.737234,-1.735962,15.653528,0.0,0.0,0.0
11:56:11,2167,1,bajada,-1.737233,-1.735977,15.654291,0.0,0.0,0.0
11:56:11,2168,1,bajada,-1.737232,-1.735968,15.654291,0.0,0.0,0.0
11:56:12,2169,1,bajada,-1.737231,-1.735973,15.654200,0.0,0.0,0.0
11:56:12,2170,1,bajada,-1.737233,-1.735971,15.654200,0.0,0.0,0.0
11:56:12,2171,1,bajada,-1.737234,-1.735971,15.654627,0.0,0.0,0.0
11:56:12,2172,1,bajada,-1.737234,-1.735979,15.654627,0.0,0.0,0.0
11:56:12,2173,1,bajada,-1.737234,-1.735960,15.655725,0.0,0.0,0.0
11:56:12,2174,1,bajada,-1.737233,-1.735985,15.655146,0.0,0.0,0.0
11:56:12,2175,1,bajada,-1.737233,-1.735975,15.655146,0.0,0.0,0.0
11:56:12,2176,1,bajada,-1.737233,-1.736001,15.654963,0.0,0.0,0.0
11:56:12,2177,1,bajada,-1.737233,-1.735975,15.654963,0.0,-0.0,0.0
11:56:12,2178,1,bajada,-1.737234,-1.735965,15.654627,0.0,0.0,0.0
11:56:12,2179,1,bajada,-1.737232,-1.735982,15.654627,0.0,0.0,0.0
11:56:12,2180,1,bajada,-1.737232,-1.735983,15.654505,0.0,0.0,0.0
11:56:12,2181,1,bajada,-1.737233,-1.735991,15.654505,0.0,0.0,0.0
11:56:13,2182,1,bajada,-1.737231,-1.735979,15.654139,0.0,0.0,0.0
11:56:13,2183,1,bajada,-1.737229,-1.735977,15.654139,0.0,0.0,0.0
11:56:13,2184,1,bajada,-1.737229,-1.735991,15.655237,0.0,-0.0,0.0
11:56:13,2185,1,bajada,-1.737229,-1.735981,15.655237,0.0,-0.0,0.0
11:56:13,2186,1,bajada,-1.737231,-1.735956,15.653650,0.0,-0.0,0.0
11:56:13,2187,1,bajada,-1.737229,-1.735965,15.653650,0.0,0.0,0.0
11:56:13,2188,1,bajada,-1.737226,-1.735960,15.655725,0.0,0.0,0.0
11:56:13,2189,1,bajada,-1.737226,-1.735962,15.655725,0.0,0.0,0.0
11:56:13,2190,1,bajada,-1.737223,-1.735981,15.654779,0.0,0.0,0.0
11:56:13,2191,1,bajada,-1.737224,-1.735985,15.654779,0.0,0.0,0.0
11:56:13,2192,1,bajada,-1.737226,-1.735963,15.654688,0.0,0.0,0.0
11:56:13,2193,1,bajada,-1.737225,-1.735978,15.654688,0.0,0.0,0.0
11:56:13,2194,1,bajada,-1.737224,-1.735966,15.654261,0.0,0.0,0.0
11:56:13,2195,1,bajada,-1.737221,-1.735976,15.654261,0.0,0.0,0.0
11:56:13,2196,1,bajada,-1.737222,-1.735973,15.654169,0.0,0.0,0.0
11:56:13,2197,1,bajada,-1.737224,-1.735988,15.655542,0.0,-0.0,0.0
11:56:14,2198,1,bajada,-1.737228,-1.735988,15.655542,0.0,0.0,0.0
11:56:14,2199,1,bajada,-1.737236,-1.735974,15.654902,0.0,-0.0,0.0
11:56:14,2200,1,bajada,-1.737237,-1.735975,15.654902,0.0,0.0,0.0
11:56:14,2201,1,bajada,-1.737230,-1.735981,15.655237,0.0,0.0,0.0
11:56:14,2202,1,bajada,-1.737227,-1.735979,15.655237,0.0,0.0,0.0
11:56:14,2203,1,bajada,-1.737230,-1.736003,15.656214,0.0,0.0,0.0
11:56:14,2204,1,bajada,-1.737232,-1.735961,15.656214,0.0,0.0,0.0
11:56:14,2205,1,bajada,-1.737233,-1.735965,15.653986,0.0,0.0,0.0
11:56:14,2206,1,bajada,-1.737234,-1.735976,15.653986,0.0,0.0,0.0
11:56:14,2207,1,bajada,-1.737233,-1.735988,15.654139,0.0,0.0,0.0
11:56:14,2208,1,bajada,-1.737232,-1.735982,15.654139,-0.0,0.0,0.0
11:56:14,2209,1,bajada,-1.737233,-1.735972,15.653711,0.0,0.0,0.0
11:56:14,2210,1,bajada,-1.737235,-1.736009,15.653711,0.0,0.0,0.0
11:56:14,2211,1,bajada,-1.737236,-1.735985,15.654810,0.0,-0.0,0.0
11:56:14,2212,1,bajada,-1.737235,-1.735977,15.654810,0.0,-0.0,0.0
11:56:15,2213,1,bajada,-1.737236,-1.735987,15.654444,0.0,0.0,0.0
11:56:15,2214,1,bajada,-1.737234,-1.735987,15.654444,0.0,-0.0,0.0
11:56:15,2215,1,bajada,-1.737232,-1.735980,15.654383,0.0,-0.0,0.0
11:56:15,2216,1,bajada,-1.737236,-1.735982,15.654383,0.0,0.0,0.0
11:56:15,2217,1,bajada,-1.737238,-1.735975,15.654352,0.0,-0.0,0.0
11:56:15,2218,1,bajada,-1.737237,-1.735992,15.654352,0.0,0.001,0.0
11:56:15,2219,1,bajada,-1.737239,-1.735983,15.655054,0.0,-0.0,0.0
11:56:15,2220,1,bajada,-1.737244,-1.735984,15.655237,0.0,0.001,0.0
11:56:15,2221,1,bajada,-1.737242,-1.735996,15.655237,0.0,-0.0,0.0
11:56:15,2222,1,bajada,-1.737241,-1.735997,15.654902,0.0,0.0,0.0
11:56:15,2223,1,bajada,-1.737242,-1.735990,15.654902,0.0,0.0,0.0
11:56:15,2224,1,bajada,-1.737241,-1.735971,15.654871,0.0,0.0,0.0
11:56:15,2225,1,bajada,-1.737242,-1.735988,15.654871,0.0,0.0,0.0
